mono_ns,camera_ts_ns,v4l2_timestamp_ns,camera_dequeue_ns,v4l2_flags,v4l2_to_dequeue_ms,flow_send_ns,frame_pipeline_latency_ms,camera_queue_dropped,camera_queue_dropped_total,frame,guide_leg,guide_stage,valid,invalid_reason,bridge_pending,dt_s,features,tracked,inliers,inlier_ratio,t_features_ms,t_lk_ms,t_ransac_ms,t_post_ms,du_px,dv_px,du_norm,dv_norm,yaw_rate_cam_z,scale_rate,lk_height_scale,flow_cam_x,flow_cam_y,flow_body_x,flow_body_y,lever_valid,lever_production_applied,lever_flow_body_x,lever_flow_body_y,lever_pred_flow_x,lever_pred_flow_y,ab_fb_enabled,ab_fb_max_px,ab_fb_checked,ab_fb_pass,ab_fb_ratio,ab_fb_inliers,ab_fb_valid,ab_fb_flow_body_x,ab_fb_flow_body_y,ab_fb_t_ms,ab_robust_valid,ab_robust_flow_body_x,ab_robust_flow_body_y,ab_robust_sigma,ab_robust_mean_weight,ab_robust_downweighted,ab_robust_iters,ab_obs_valid,ab_obs_flow_body_x,ab_obs_flow_body_y,ab_obs_median_ratio,ab_obs_mean_weight,ab_obs_downweighted,quality,luna_m,luna_age_ms,range_to_fc_m,flow_send_x,flow_send_y,flow_sent,stabilised_publish_mode,stabilised_publish_ready,stabilised_publish_source,range_sent,fc_armed,ekf_local_valid,ekf_x_ned,ekf_y_ned,ekf_z_ned,ekf_vx_ned,ekf_vy_ned,ekf_vz_ned,ekf_age_ms,ekf_count,ekf_status_valid,ekf_flags,ekf_status_age_ms,ekf_status_count,ekf_vel_var,ekf_pos_h_var,ekf_pos_v_var,ekf_compass_var,ekf_terrain_var,return_event,rc_zero_seq,worked5_valid,worked5_points,worked5_hcam_m,worked5_du_norm,worked5_dv_norm,worked5_dx_m,worked5_dy_m,worked5_dN_m,worked5_dE_m,worked5_acc_n_m,worked5_acc_e_m,fc_roll,fc_pitch,fc_yaw,fc_gyro_x,fc_gyro_y,fc_gyro_z,fc_gyro_age_ms,fc_gyro_samples,ctrl_target_valid,ctrl_target_x,ctrl_target_y,ctrl_target_vx,ctrl_target_vy,ctrl_target_age_ms,att_target_valid,att_target_roll,att_target_pitch,att_target_yaw,att_target_thrust,att_target_age_ms,outputs_valid,out1,out2,out3,out4,out5,out6,out7,out8,outputs_age_ms,c0_n,c0_bx,c0_by,c1_n,c1_bx,c1_by,c2_n,c2_bx,c2_by,c3_n,c3_bx,c3_by,c4_n,c4_bx,c4_by,c5_n,c5_bx,c5_by,c6_n,c6_bx,c6_by,c7_n,c7_bx,c7_by,c8_n,c8_bx,c8_by
5489455906602,5489447601000,5489447601000,5489455896287,73729,8.29529,5489467121612,19.5206,1,25992,101610,0,0,1,0,0,0.019996,334,328,328,1,2.35067,3.34464,0.413096,0.224706,-0.0332336,0.0149841,-6.33264e-05,2.92331e-05,0.000560943,0.00403034,1,0.00146195,0.00316695,-0.00316695,0.00146195,1,1,-0.00291136,0.000973201,-0.000255597,0.000488747,0,0,0,0,0,0,0,0,0,0,0,0,0,0,0,0,0,0,0,0,0,0,0,255,0.22,8.84781,0.22,-0.0036745,0.00126177,1,1,1,1,1,1,1,-0.596482,-3.11883,0.124903,-0.000759388,-0.00167306,0.0251196,11.8795,25380,1,367,165.793,6345,0,0.000884653,0.0122773,0.015335,0,0,0,1,328,0.225,-5.37497e-05,2.47314e-05,5.56456e-06,1.20937e-05,7.74823e-06,1.08208e-05,0.0118669,0.176215,0.0163873,-0.0205956,-0.190488,-0.00207902,0.00219936,-0.000743069,11.6661,2,0,0,0,0,0,-1,1,-9.0462e-07,-3.41779e-06,-0.190092,0,12.0912,1,1010,1010,1010,1010,0,0,0,0,22.1831,56,-0.00353153,0.000343339,40,0.00336505,0.00718764,56,-0.00047464,0.000170728,1,0,0,2,0,0,5,-0.00146861,0.000190111,56,-0.00245564,0.000796276,56,-0.00287893,0.000928954,56,-0.00551327,0.00110242
5489467661227,5489459563000,5489459563000,5489467644838,73729,8.08184,5489478796699,19.2337,0,25992,101611,0,0,1,0,0,0.011962,332,327,325,0.993884,2.34211,3.4138,0.472115,0.22215,-0.0400696,-0.0702362,-5.86879e-05,-0.000116244,0.00286916,-0.00122165,1,-0.00971775,0.0049062,-0.0049062,-0.00971775,1,1,-0.00576257,-0.00951921,0.00085637,-0.000198542,0,0,0,0,0,0,0,0,0,0,0,0,0,0,0,0,0,0,0,0,0,0,0,255,0.22,0.319262,0.22,-0.00162128,-0.010384,1,1,1,1,0,1,1,-0.596482,-3.11883,0.124903,-0.000759388,-0.00167306,0.0251196,23.5577,25380,1,367,177.471,6345,0,0.000884653,0.0122773,0.015335,0,0,0,1,325,0.225,-4.97688e-05,-9.85852e-05,-2.21817e-05,1.1198e-05,-1.96588e-05,1.51946e-05,0.0118473,0.17623,0.0163632,-0.020633,-0.190539,-0.00263032,-0.00089344,-0.00518719,11.4908,1,0,0,0,0,0,-1,1,-9.0462e-07,-3.41779e-06,-0.190092,0,23.7763,1,1010,1010,1010,1010,0,0,0,0,33.8683,56,-0.00255098,-0.0121742,38,-0.0192149,-0.00873008,56,-0.0025334,-0.0106602,1,0,0,2,0,0,4,0.00473038,-0.00643446,56,-0.00698053,-0.00798727,56,-0.00774536,-0.0115556,56,-0.0044718,-0.0120221
5489479317184,5489467595000,5489467595000,5489479301962,73729,11.707,5489489321573,21.7266,0,25992,101612,0,0,1,0,0,0.008032,333,327,325,0.993884,2.32541,3.81479,0.47954,0.222649,0.054245,-0.0315552,7.17576e-05,-6.81697e-05,-0.00164484,-0.00240353,1,-0.00848726,-0.00893396,0.00893396,-0.00848726,1,1,0.00709782,-0.0084058,0.00183614,-8.14655e-05,0,0,0,0,0,0,0,0,0,0,0,0,0,0,0,0,0,0,0,0,0,0,0,255,0.22,1.84066,0.22,0.0113642,-0.00988208,1,1,1,1,0,1,1,-0.596482,-3.11883,0.124903,-0.000759388,-0.00167306,0.0251196,34.0907,25380,1,367,188.004,6345,0,0.000884653,0.0122773,0.015335,0,0,0,1,325,0.225,6.09514e-05,-5.77741e-05,-1.29992e-05,-1.37141e-05,-1.53538e-05,-1.10032e-05,0.0118319,0.176219,0.0164298,-0.0206134,-0.190562,0.00202415,-0.000366595,-0.00499079,10.3423,1,0,0,0,0,0,-1,1,-9.0462e-07,-3.41779e-06,-0.190092,0,34.3079,1,1010,1010,1010,1010,0,0,0,0,44.3999,56,0.0186522,-0.00692112,38,-0.0111763,-0.0113097,56,0.0103712,-0.000645984,1,0,0,3,-0.0113609,-0.0481626,3,0.00774748,-0.0316664,56,0.0111812,-0.014143,56,0.0134909,-0.00836263,56,0.0101828,-0.00437678
5489489843540,5489479557000,5489479557000,5489489830096,73729,10.2731,5489500891715,21.3347,0,25992,101613,0,0,1,0,0,0.011962,331,329,327,0.993921,2.42085,3.99658,0.458485,0.223723,0.0507507,-0.0205078,0.000123648,-4.06464e-05,0.0120405,5.45957e-05,1,-0.00339796,-0.0103367,0.0103367,-0.00339796,1,1,0.00981615,-0.00316788,0.000520579,-0.000230079,0,0,0,0,0,0,0,0,0,0,0,0,0,0,0,0,0,0,0,0,0,0,0,255,0.22,2.18974,0.22,0.00829852,-0.00248836,1,1,1,1,0,1,1,-0.596412,-3.11887,0.124815,0.000935893,-0.00222757,0.0251078,1.28034,25381,1,367,199.562,6345,0,0.000884653,0.0122773,0.015335,0,0,0,1,327,0.225,0.00010479,-3.44561e-05,-7.75261e-06,-2.35778e-05,-1.20683e-05,-2.16812e-05,0.0118199,0.176198,0.0164012,-0.0206278,-0.19057,-0.00108901,-0.00103536,-0.0027453,1.10256,2,0,0,0,0,0,-1,1,-9.0462e-07,-3.41779e-06,-0.190208,0,1.49933,1,1010,1010,1010,1010,0,0,0,0,1.50345,56,0.00697829,-0.00180624,39,0.0257447,-0.00777614,56,0.00573324,-0.00475481,1,0,0,3,0.0111731,0.0143736,4,0.000777155,-0.00432049,56,0.00861199,-0.0025048,56,0.0109579,-0.00222003,56,0.011681,-0.00740336
5489501404663,5489487582000,5489487582000,5489501389385,73729,13.8074,5489511341959,23.76,0,25992,101614,0,0,1,0,0,0.008025,334,326,322,0.98773,2.38381,3.59386,0.441596,0.222391,-0.0274658,0.0118637,-4.15086e-05,2.76881e-05,0.0063426,-0.00525633,1,0.00345023,0.00517241,-0.00517241,0.00345023,1,1,-0.00542748,0.00356912,0.000255071,-0.000118892,0,0,0,0,0,0,0,0,0,0,0,0,0,0,0,0,0,0,0,0,0,0,0,255,0.22,3.62962,0.22,-0.00630104,0.0027405,1,1,1,1,0,1,1,-0.596412,-3.11887,0.124815,0.000935893,-0.00222757,0.0251078,11.7823,25381,1,367,10.4789,6346,0,0.000884653,0.0121221,0.0150437,0,0,0,1,322,0.225,-3.51901e-05,2.35091e-05,5.28954e-06,7.91778e-06,6.68962e-06,6.77217e-06,0.0118266,0.176205,0.0164012,-0.0206278,-0.19057,-0.000685599,-0.000535013,-0.00146673,11.5456,0,0,0,0,0,0,-1,1,-9.0462e-07,-3.41779e-06,-0.190208,0,12.0146,1,1010,1010,1010,1010,0,0,0,0,12.0188,56,-0.00491055,0.00545619,38,-0.00531531,0.00369528,56,-0.00845164,-0.00344546,0,0,0,2,0,0,4,0.00652743,-0.0040575,54,-0.00305836,0.00170836,56,-0.00512028,0.00408692,56,-0.00524033,0.00769871
5489512025872,5489499551000,5489499551000,5489511986557,73729,12.4356,5489523995739,24.4447,0,25992,101615,0,0,1,0,0,0.011969,332,330,330,1,2.38241,3.92383,0.492874,0.31828,0.0392914,0.0793381,6.00207e-05,0.000150307,-0.00399266,-0.00129791,1,0.0125581,-0.00501468,0.00501468,0.0125581,1,1,0.0057227,0.012468,-0.000708019,9.00596e-05,0,0,0,0,0,0,0,0,0,0,0,0,0,0,0,0,0,0,0,0,0,0,0,255,0.22,4.09281,0.22,0.0065569,0.0120102,1,1,1,1,1,1,1,-0.596412,-3.11887,0.124815,0.000935893,-0.00222757,0.0251078,24.4073,25381,1,367,23.1037,6346,0,0.000884653,0.0121221,0.0150437,0,0,0,1,330,0.225,5.09612e-05,0.00012747,2.86808e-05,-1.14663e-05,2.59886e-05,-1.66881e-05,0.0118525,0.176188,0.0163627,-0.020648,-0.190519,-0.000324759,0.000405268,0.00228906,12.3948,1,0,0,0,0,0,-1,1,-9.0462e-07,-3.41779e-06,-0.190208,0,26.173,1,1010,1010,1010,1010,0,0,0,0,26.1771,56,0.00850205,0.0109623,43,-0.00357619,0.0056429,56,0.00787421,0.0133609,2,0,0,2,0,0,3,-0.00146311,0.0152726,56,0.00246742,0.0148147,56,0.00630933,0.0132737,56,0.00498838,0.0140124
5489526162940,5489515597000,5489515597000,5489526155921,73729,10.5589,5489537872545,22.2755,1,25993,101616,0,0,1,0,0,0.016046,336,335,334,0.997015,2.42167,3.56567,0.44241,0.232112,-0.0217438,0.0767822,-9.43034e-05,0.000107248,-0.0137375,0.00880988,1,0.0066838,0.00587707,-0.00587707,0.0066838,1,1,-0.00419494,0.00703425,-0.00168213,-0.000350456,0,0,0,0,0,0,0,0,0,0,0,0,0,0,0,0,0,0,0,0,0,0,0,255,0.22,8.09512,0.22,-0.00212178,0.00730764,1,1,1,1,0,1,1,-0.596412,-3.11887,0.124815,0.000935893,-0.00222757,0.0251078,38.2648,25381,1,367,36.9613,6346,0,0.000884653,0.0121221,0.0150437,0,0,0,1,334,0.225,-7.99509e-05,9.08925e-05,2.04508e-05,1.7989e-05,2.34758e-05,1.37918e-05,0.011876,0.176202,0.01637,-0.0206628,-0.190458,-0.00155265,-0.00157705,0.00481354,13.6448,1,0,0,0,0,0,-1,1,-9.0462e-07,-3.41779e-06,-0.190208,0,38.4834,1,1010,1010,1010,1010,0,0,0,0,38.4875,56,-0.00528522,0.00580633,46,-0.0129098,0.00355672,56,-0.00673927,0.012404,1,0,0,3,-0.00159548,0.0095027,4,-0.00787329,-0.0141954,56,-0.00115137,0.00591312,56,-0.0047487,0.00620868,56,-0.00858383,0.0103883
5489538360494,5489527578000,5489527578000,5489538346660,73729,10.7687,5489549042517,21.4645,0,25993,101617,0,0,1,0,0,0.011981,331,328,328,1,2.3517,3.52114,0.449263,0.231502,0.0404358,-0.00473022,2.80922e-05,-2.35831e-05,-0.00632283,-0.000452599,1,-0.00196838,-0.00234473,0.00234473,-0.00196838,1,1,0.00380194,-0.0017407,-0.00145721,-0.000227672,0,0,0,0,0,0,0,0,0,0,0,0,0,0,0,0,0,0,0,0,0,0,0,255,0.22,0.01776,0.22,0.00502814,0.000419645,1,1,1,1,0,1,1,-0.596412,-3.11887,0.124815,0.000935893,-0.00222757,0.0251078,49.4328,25381,1,367,48.1294,6346,0,0.000884653,0.0121221,0.0150437,0,0,0,1,328,0.225,2.39294e-05,-1.99597e-05,-4.49093e-06,-5.38413e-06,-5.4255e-06,-4.43715e-06,0.0118706,0.176197,0.0163776,-0.0206878,-0.190322,0.00180129,-0.00102452,0.00668699,10.9447,2,0,0,0,0,0,-1,1,-9.04621e-07,-3.41779e-06,-0.189929,0,0.208168,1,1010,1010,1010,1010,0,0,0,0,0.212242,56,0.00812179,-0.00230561,43,-0.00198691,0.000615253,56,0.00381979,-0.00271724,0,0,0,2,0,0,3,0.00825147,0.000586026,56,0.00472875,-0.00342549,56,0.00576057,0.000388495,56,0.00323314,0.00119443
5489549556540,5489535587000,5489535587000,5489549541818,73729,13.9548,5489559749227,24.1622,0,25993,101618,0,0,1,0,0,0.008009,332,325,325,1,2.3737,3.56088,0.47804,0.222058,-0.056366,-0.0282135,-7.24387e-05,-3.59273e-05,-0.000803606,-0.0103812,1,-0.00448586,0.00904466,-0.00904466,-0.00448586,1,1,-0.00782984,-0.00473251,-0.00121482,0.000246647,0,0,0,0,0,0,0,0,0,0,0,0,0,0,0,0,0,0,0,0,0,0,0,255,0.22,1.05732,0.22,-0.0144217,-0.00484754,1,1,1,1,0,1,1,-0.596337,-3.11892,0.124699,-0.00102872,-0.00173695,0.0245576,10.6982,25382,1,367,58.8417,6346,0,0.000884653,0.0121221,0.0150437,0,0,0,1,325,0.225,-6.14983e-05,-3.04938e-05,-6.86109e-06,1.38371e-05,-4.12354e-06,1.48839e-05,0.0118665,0.176212,0.0164005,-0.0206262,-0.190291,-0.000856991,0.00110991,0.00368774,10.5177,1,0,0,0,0,0,-1,1,-9.04621e-07,-3.41779e-06,-0.189929,0,10.9159,1,1010,1010,1010,1010,0,0,0,0,10.92,56,-0.0133739,-0.0025486,39,-0.0272971,-0.00294368,56,-0.00945613,-0.00850705,1,0,0,2,0,0,3,-0.0193707,-0.0280993,56,-0.0139112,0.000942543,56,-0.0155519,-0.00305493,56,-0.0102419,-0.00964132
5489560284249,5489547575000,5489547575000,5489560269768,73729,12.6948,5489570507473,22.9325,0,25993,101619,0,0,1,0,0,0.011988,334,334,334,1,2.31561,2.96774,0.523263,0.225927,0.0316772,0.0407257,2.03976e-05,6.54264e-05,-0.00450847,0.00663027,1,0.00545766,-0.0017015,0.0017015,0.00545766,1,1,0.00186287,0.00466524,-0.000161365,0.000792422,0,0,0,0,0,0,0,0,0,0,0,0,0,0,0,0,0,0,0,0,0,0,0,255,0.22,1.64055,0.22,0.00163663,0.0066118,1,1,1,1,0,1,1,-0.596337,-3.11892,0.124699,-0.00102872,-0.00173695,0.0245576,21.4592,25382,1,367,69.6028,6346,0,0.000884653,0.0121221,0.0150437,0,0,0,1,334,0.225,1.73426e-05,5.54679e-05,1.24803e-05,-3.90208e-06,1.15157e-05,-6.19145e-06,0.011878,0.176206,0.0163895,-0.0206132,-0.19029,0.000701922,0.0035659,0.00114245,10.5419,1,0,0,0,0,0,-1,1,-9.04621e-07,-3.41779e-06,-0.189929,0,21.6849,1,1010,1010,1010,1010,0,0,0,0,21.6889,56,0.00603203,0.00329876,48,-0.0170208,0.00706688,56,0.00317632,0.0103654,1,0,0,2,0,0,3,-0.00171109,0.0347592,56,0.00779074,0.00373012,56,0.0046951,0.0046312,56,0.00325839,0.00485941
5489571037126,5489555599000,5489555599000,5489571021977,73729,15.423,5489580354269,24.7553,0,25993,101620,0,0,1,0,0,0.008024,331,328,328,1,2.36496,2.8223,0.448762,0.223298,-0.0135422,-0.04879,6.93322e-06,-5.49865e-05,0.00123124,-0.0181092,1,-0.00685276,-0.000864061,0.000864061,-0.00685276,1,1,0.0006365,-0.00700488,0.00022756,0.000152123,0,0,0,0,0,0,0,0,0,0,0,0,0,0,0,0,0,0,0,0,0,0,0,255,0.22,2.23654,0.22,-0.00182474,-0.00994395,1,1,1,1,1,1,1,-0.596337,-3.11892,0.124699,-0.00102872,-0.00173695,0.0245576,31.3165,25382,1,367,79.46,6346,0,0.000884653,0.0121221,0.0150437,0,0,0,1,328,0.225,5.88092e-06,-4.66093e-05,-1.04871e-05,-1.32321e-06,-1.05454e-05,6.84207e-07,0.0118674,0.176207,0.0163825,-0.0206234,-0.190318,-0.00134788,0.000684554,-0.00189752,9.64563,1,0,0,0,0,0,-1,1,-9.04621e-07,-3.41779e-06,-0.189929,0,31.5368,1,1010,1010,1010,1010,0,0,0,0,31.5409,56,-0.00345036,-0.00657874,41,0.0313374,0.027873,56,0.000234588,-0.0142931,1,0,0,2,0,0,4,0.00558756,-0.0629072,56,-0.00810587,-0.00832816,56,-0.00405643,-0.00710113,56,-8.85316e-05,-0.0056778
5489580960033,5489567570000,5489567570000,5489580942810,73729,13.3728,5489591559278,23.9893,0,25993,101621,0,0,1,0,0,0.011971,331,327,327,1,2.37409,2.88384,0.451726,0.223798,0.000610352,-0.0516968,1.97937e-05,-0.000105779,0.00889519,0.0056454,1,-0.00883628,-0.00165347,0.00165347,-0.00883628,1,1,0.000412995,-0.00924079,0.00124048,0.000404517,0,0,0,0,0,0,0,0,0,0,0,0,0,0,0,0,0,0,0,0,0,0,0,255,0.22,2.01578,0.22,-0.000220322,-0.00973354,1,1,1,1,0,1,1,-0.596337,-3.11892,0.124699,-0.00102872,-0.00173695,0.0245576,42.5156,25382,1,367,90.659,6346,0,0.000884653,0.0121221,0.0150437,0,0,0,1,327,0.225,1.67291e-05,-8.97254e-05,-2.01882e-05,-3.76405e-06,-2.05302e-05,1.23279e-07,0.0118469,0.176207,0.016392,-0.0205868,-0.190362,0.000352399,0.00182033,-0.0041838,10.994,1,0,0,0,0,0,-1,1,-9.04621e-07,-3.41779e-06,-0.189929,0,42.7441,1,1010,1010,1010,1010,0,0,0,0,42.7481,56,-0.000972808,-0.00768228,40,0.00265604,-0.0131112,56,-0.00353179,-0.0054379,2,0,0,1,0,0,4,0.00595522,0.00490716,56,0.0019439,-0.0103845,56,0.00340962,-0.00996823,56,0.00217241,-0.0112233
5489592105838,5489575604000,5489575604000,5489592094430,73729,16.4904,5489601668761,26.0648,0,25993,101622,0,0,1,0,0,0.008034,336,333,332,0.996997,2.36263,2.97837,0.50493,0.224761,-0.00663757,-0.0221481,3.45702e-05,-2.22432e-05,0.0155309,-0.00146389,1,-0.00276863,-0.00430299,0.00430299,-0.00276863,1,1,0.00314193,-0.00260075,0.00116106,-0.000167878,0,0,0,0,0,0,0,0,0,0,0,0,0,0,0,0,0,0,0,0,0,0,0,255,0.22,3.01823,0.22,0.000854898,-0.00361462,1,1,1,1,0,1,1,-0.596337,-3.11892,0.124699,-0.00102872,-0.00173695,0.0245576,52.6135,25382,1,367,100.757,6346,0,0.000884653,0.0121221,0.0150437,0,0,0,1,332,0.225,2.92389e-05,-1.8864e-05,-4.2444e-06,-6.57874e-06,-5.40955e-06,-5.65627e-06,0.0118415,0.176201,0.0163594,-0.020637,-0.190409,-0.00155227,-0.000755451,-0.00542164,9.90306,1,0,0,0,0,0,-1,1,-9.04621e-07,-3.41779e-06,-0.190071,0,0.213428,1,1010,1010,1010,1010,0,0,0,0,0.217335,56,0.000394728,-0.000559687,42,0.0287539,-0.00276703,56,0.00417655,-0.0133304,1,0,0,2,0,0,7,0.000923496,-0.00475279,56,-0.000820773,0.000877325,56,-0.00137481,-0.00680898,56,9.02766e-05,-0.00575594
5489602202135,5489587574000,5489587574000,5489602186802,73729,14.6128,5489612735417,25.1614,0,25993,101623,0,0,1,0,0,0.01197,333,329,328,0.99696,2.37907,2.73495,0.396762,0.222594,-0.0358582,-0.0573578,-6.36275e-05,-0.000111419,0.00401671,0.00177305,1,-0.00930818,0.00531558,-0.00531558,-0.00930818,1,1,-0.00602155,-0.00893722,0.000705971,-0.000370967,0,0,0,0,0,0,0,0,0,0,0,0,0,0,0,0,0,0,0,0,0,0,0,255,0.22,2.9886,0.22,-0.00454614,-0.00926037,1,1,1,1,0,1,1,-0.596338,-3.11891,0.124789,-0.000182973,-0.00149484,0.0252522,11.0717,25383,1,367,111.845,6346,0,0.000884653,0.0121221,0.0150437,0,0,0,1,328,0.225,-5.39742e-05,-9.44579e-05,-2.1253e-05,1.21442e-05,-1.857e-05,1.59458e-05,0.0118229,0.176217,0.0163443,-0.0206221,-0.190432,-0.00271613,-0.00166935,-0.0047144,10.8697,1,0,0,0,0,0,-1,1,-9.04621e-07,-3.41779e-06,-0.190071,0,11.2921,1,1010,1010,1010,1010,0,0,0,0,11.296,56,-0.00315049,-0.00876331,42,-0.00645367,-0.0281814,56,-0.00566643,-0.00936982,1,0,0,2,0,0,3,-0.00399307,0.00834279,56,-0.00539127,-0.00925963,56,-0.00581658,-0.00879665,56,-0.00511208,-0.0123308
5489613285458,5489595604000,5489595604000,5489613273755,73729,17.6698,5489622479786,26.8758,0,25993,101624,0,0,1,0,0,0.00803,335,332,332,1,2.3968,2.6148,0.443615,0.23015,-0.0325012,0.033287,-3.98549e-05,6.11663e-05,0.0169192,-0.011069,1,0.00761723,0.00496325,-0.00496325,0.00761723,1,1,-0.00543764,0.00754267,0.000474397,7.45587e-05,0,0,0,0,0,0,0,0,0,0,0,0,0,0,0,0,0,0,0,0,0,0,0,255,0.22,3.89058,0.22,-0.00389714,0.00576885,1,1,1,1,0,1,1,-0.596338,-3.11891,0.124789,-0.000182973,-0.00149484,0.0252522,20.823,25383,1,367,121.596,6346,0,0.000884653,0.0121221,0.0150437,0,0,0,1,332,0.225,-3.38336e-05,5.18669e-05,1.16701e-05,7.61255e-06,1.28949e-05,5.26594e-06,0.0118358,0.176222,0.0163629,-0.0206199,-0.190433,-0.000793595,0.000335514,-0.00234271,9.53168,1,0,0,0,0,0,-1,1,-9.04621e-07,-3.41779e-06,-0.190071,0,21.0503,1,1010,1010,1010,1010,0,0,0,0,21.0542,56,-0.0107814,0.00939915,44,-0.00449885,0.0300314,56,-0.00772922,0.00762852,2,0,0,3,-0.0015198,-0.0356435,3,-0.0123005,-0.00263317,56,-0.00970156,0.00332928,56,-0.000580693,0.0100113,56,-0.00308352,0.00760523
5489623026605,5489607581000,5489607581000,5489623011827,73729,15.4308,5489633434034,25.853,0,25993,101625,0,0,1,0,0,0.011977,332,329,329,1,2.36057,2.64639,0.476688,0.224872,0.00572205,0.00674438,-3.92786e-07,-3.54959e-05,-0.00237236,0.00983244,1,-0.00296367,3.2795e-05,-3.2795e-05,-0.00296367,1,1,0.000182895,-0.00260026,-0.00021569,-0.000363414,0,0,0,0,0,0,0,0,0,0,0,0,0,0,0,0,0,0,0,0,0,0,0,255,0.22,3.4923,0.22,0.00425139,0.00173946,1,1,1,1,1,1,1,-0.596338,-3.11891,0.124789,-0.000182973,-0.00149484,0.0252522,31.7682,25383,1,367,132.541,6346,0,0.000884653,0.0121221,0.0150437,0,0,0,1,329,0.225,-2.98565e-07,-3.00525e-05,-6.76182e-06,6.7177e-08,-6.62551e-06,1.34543e-06,0.0118292,0.176224,0.0163474,-0.0206539,-0.190409,-0.000961083,-0.00163536,7.61659e-06,10.7346,1,0,0,0,0,0,-1,1,-9.04621e-07,-3.41779e-06,-0.190071,0,31.9897,1,1010,1010,1010,1010,0,0,0,0,31.9936,56,0.00527489,0.00110628,43,-0.00177738,-0.024878,56,-0.00108122,0.00148205,2,0,0,3,-0.00228139,0.0184247,5,0.00106574,-0.00355502,52,0.00266209,0.00137662,56,0.000634676,-0.0008195,56,-0.00391652,-0.000746201
5489634049668,5489615596000,5489615596000,5489634032168,73729,18.4362,5489643087050,27.491,0,25993,101626,0,0,1,0,0,0.008015,337,335,335,1,2.40837,2.68006,0.394836,0.223317,-0.0102844,-0.00274658,-6.80353e-05,-7.51324e-06,-0.0228706,0.00264738,1,-0.000937397,0.00848849,-0.00848849,-0.000937397,1,1,-0.00804182,-0.000520592,-0.000446674,-0.000416805,0,0,0,0,0,0,0,0,0,0,0,0,0,0,0,0,0,0,0,0,0,0,0,255,0.22,4.36207,0.22,-0.00214074,-0.000679942,1,1,1,1,0,1,1,-0.596338,-3.11891,0.124789,-0.000182973,-0.00149484,0.0252522,41.4298,25383,1,367,142.203,6346,0,0.000884653,0.0121221,0.0150437,0,0,0,1,335,0.225,-5.7658e-05,-6.40329e-06,-1.44074e-06,1.2973e-05,1.03552e-06,1.30104e-05,0.0118302,0.176237,0.0163994,-0.0206527,-0.190353,0.0016869,-0.00187562,0.00295755,9.44016,1,0,0,0,0,0,-1,1,-9.04621e-07,-3.41779e-06,-0.190071,0,41.6618,1,1010,1010,1010,1010,0,0,0,0,41.6657,56,-0.0127906,-0.00215808,47,-0.0170169,0.00244519,56,-0.00339524,0.0035092,2,0,0,2,0,0,4,0.00924595,0.0169061,56,0.00281238,-0.0026152,56,-0.0089476,-0.00262265,56,-0.0085228,0.00273985
5489643660277,5489635598000,5489635598000,5489643650869,73729,8.05287,5489654889453,19.2915,1,25994,101627,0,0,1,0,0,0.020002,333,329,328,0.99696,2.31892,3.09578,0.507059,0.223205,0.0740967,0.0683136,0.000173786,0.00017816,0.00209008,-0.00515581,1,0.00890709,-0.00868842,0.00868842,0.00890709,1,1,0.00975147,0.00893824,-0.00106305,-3.11468e-05,0,0,0,0,0,0,0,0,0,0,0,0,0,0,0,0,0,0,0,0,0,0,0,255,0.22,3.80601,0.22,0.00564197,0.00759687,1,1,1,1,0,1,1,-0.596272,-3.11895,0.124628,0.000432291,-0.002455,0.0240775,4.48211,25384,1,367,153.976,6346,0,0.000884653,0.0121221,0.0150437,0,0,0,1,328,0.225,0.000147341,0.000151067,3.399e-05,-3.31517e-05,2.71129e-05,-3.89772e-05,0.0118573,0.176198,0.0164051,-0.0206477,-0.190235,0.000976173,-0.000140161,0.0046079,4.30442,2,0,0,0,0,0,-1,1,-9.04621e-07,-3.41779e-06,-0.189873,0,4.69568,1,1010,1010,1010,1010,0,0,0,0,4.70035,56,0.00772486,0.00694591,40,0.0126093,0.0116074,56,0.00668026,0.00449522,2,0,0,2,0,0,4,-0.00650978,-0.00108479,56,0.00546233,0.00845338,56,0.00767823,0.00964437,56,0.00882392,0.00621023
5489655715663,5489647569000,5489647569000,5489655696070,73729,8.12707,5489665427143,17.8581,0,25994,101628,0,0,1,0,0,0.011971,334,332,331,0.996988,2.36091,3.31549,0.461225,0.227372,0.0329895,0.0440063,2.80387e-05,8.2895e-05,-0.0102981,-0.00100301,1,0.00692465,-0.00234222,0.00234222,0.00692465,1,1,0.00359971,0.00694546,-0.00125749,-2.0808e-05,0,0,0,0,0,0,0,0,0,0,0,0,0,0,0,0,0,0,0,0,0,0,0,255,0.22,5.67567,0.22,0.0021598,0.00681979,1,1,1,2,0,1,1,-0.596272,-3.11895,0.124628,0.000432291,-0.002455,0.0240775,15.0246,25384,1,367,164.518,6346,0,0.000884653,0.0121221,0.0150437,0,0,0,1,331,0.225,2.38517e-05,7.02906e-05,1.58154e-05,-5.36664e-06,1.45139e-05,-8.25935e-06,0.0118719,0.176189,0.0164051,-0.0206477,-0.190235,0.000501077,-9.36362e-05,0.00492784,14.8356,0,0,0,0,0,0,-1,1,-9.04621e-07,-3.41779e-06,-0.189873,0,15.2274,1,1010,1010,1010,1010,0,0,0,0,15.2321,56,0.00184735,0.00382847,44,-0.0050621,0.00399646,56,0.00055394,0.0119639,2,0,0,2,0,0,3,0.00381568,0.00798445,56,0.00673735,0.00468706,56,0.00489075,0.00657623,56,0.00254023,0.0132385
5489665932517,5489655612000,5489655612000,5489665915905,73729,10.3039,5489674573322,18.9613,0,25994,101629,0,0,1,0,0,0.008043,329,325,324,0.996923,2.37159,2.59811,0.517467,0.223761,-0.00391388,0.0605927,2.68677e-05,0.000108372,0.00271345,0.00140424,1,0.0134741,-0.00334051,0.00334051,0.0134741,1,1,0.00439881,0.0131369,-0.0010583,0.000337141,0,0,0,0,0,0,0,0,0,0,0,0,0,0,0,0,0,0,0,0,0,0,0,255,0.22,5.84025,0.22,-0.00196248,0.0127784,1,1,1,1,0,1,1,-0.596272,-3.11895,0.124628,0.000432291,-0.002455,0.0240775,24.1723,25384,1,367,173.666,6346,0,0.000884653,0.0121221,0.0150437,0,0,0,1,324,0.225,2.27091e-05,9.19476e-05,2.06882e-05,-5.10955e-06,1.93471e-05,-8.92656e-06,0.0118912,0.17618,0.0164306,-0.0206056,-0.190154,0.000623871,0.00151714,0.00430899,8.89916,2,0,0,0,0,0,-1,1,-9.04621e-07,-3.41779e-06,-0.189873,0,24.3875,1,1010,1010,1010,1010,0,0,0,0,24.3922,56,0.00457601,0.0246692,38,-0.00258346,-0.00530275,56,-0.0025978,0.0131752,1,0,0,1,0,0,4,0.0145658,0.0089578,56,-0.000817514,0.0199799,56,0.00228019,0.0123188,56,-0.00669563,0.0104462
5489675689497,5489667564000,5489667564000,5489675671126,73729,8.10713,5489685420477,17.8565,0,25994,101630,0,0,1,0,0,0.011952,331,330,330,1,2.31116,2.60611,0.432244,0.224409,0.0299225,-0.0262146,5.31034e-05,-4.67167e-05,0.00156513,0.00197191,1,-0.0039087,-0.00444306,0.00444306,-0.0039087,1,1,0.00482378,-0.00400469,-0.000380716,9.59913e-05,0,0,0,0,0,0,0,0,0,0,0,0,0,0,0,0,0,0,0,0,0,0,0,255,0.22,5.14282,0.22,0.00316801,-0.00529332,1,1,1,1,1,1,1,-0.596272,-3.11895,0.124628,0.000432291,-0.002455,0.0240775,35.0156,25384,1,367,184.509,6346,0,0.000884653,0.0121221,0.0150437,0,0,0,1,330,0.225,4.50563e-05,-3.96755e-05,-8.92698e-06,-1.01377e-05,-1.06766e-05,-8.26751e-06,0.0118805,0.176172,0.0164311,-0.0206115,-0.190136,0.000875208,0.000431961,0.00207074,10.6298,1,0,0,0,0,0,-1,1,-9.04621e-07,-3.41779e-06,-0.189873,0,35.2292,1,1010,1010,1010,1010,0,0,0,0,35.2338,56,0.000902216,-0.00266879,45,0.0101878,-0.00766396,56,0.00270564,-0.00909683,0,0,0,2,0,0,3,-0.00305434,-0.0234375,56,0.00524799,-0.0058631,56,0.00504216,-0.00389171,56,0.0073563,-0.0021049
5489686005981,5489675627000,5489675627000,5489685986962,73729,10.36,5489694746935,19.1199,0,25994,101631,0,0,1,0,0,0.008063,338,336,336,1,2.38733,2.72339,0.4378,0.226594,-0.0354919,-0.0499573,-6.88205e-05,-8.93065e-05,-0.00072255,-0.0122397,1,-0.0110761,0.00853534,-0.00853534,-0.0110761,1,1,-0.00862762,-0.010967,9.22721e-05,-0.000109135,0,0,0,0,0,0,0,0,0,0,0,0,0,0,0,0,0,0,0,0,0,0,0,255,0.22,5.05615,0.22,-0.00809928,-0.0122656,1,1,1,1,0,1,1,-0.596272,-3.11895,0.124628,0.000432291,-0.002455,0.0240775,44.3436,25384,1,367,193.837,6346,0,0.000884653,0.0121221,0.0150437,0,0,0,1,336,0.225,-5.83206e-05,-7.56908e-05,-1.70304e-05,1.31221e-05,-1.42446e-05,1.61028e-05,0.0118663,0.176188,0.0164424,-0.0206137,-0.190144,0.00052001,-0.000491109,8.38281e-05,9.13796,1,0,0,0,0,0,-1,1,-9.04621e-07,-3.41779e-06,-0.189873,0,44.5688,1,1010,1010,1010,1010,0,0,0,0,44.5734,56,-0.00531373,-0.00919061,49,-0.014265,-0.0112304,56,-0.00829535,-0.00941486,1,0,0,2,0,0,4,0.0214407,-0.0224925,56,-0.0111798,-0.00892217,56,-0.00846141,-0.00834671,56,-0.00562022,-0.0143203
5489695269661,5489687569000,5489687569000,5489695254364,73729,7.68536,5489706656301,19.0873,0,25994,101632,0,0,1,0,0,0.011942,331,329,329,1,2.35211,3.00726,0.440188,0.21965,-0.0161133,-0.0505981,-1.37116e-05,-9.32257e-05,0.00289817,-0.00194821,1,-0.00780654,0.00114818,-0.00114818,-0.00780654,1,1,-0.0017766,-0.00777244,0.000628421,-3.41019e-05,0,0,0,0,0,0,0,0,0,0,0,0,0,0,0,0,0,0,0,0,0,0,0,255,0.22,4.11557,0.22,-0.00284923,-0.00719952,1,1,1,1,0,1,1,-0.596283,-3.11893,0.124495,-0.00121163,-0.000562274,0.0243315,2.46352,25385,1,367,2.4192,6347,0,0.000884653,0.0120215,0.0149002,0,0,0,1,329,0.225,-1.16564e-05,-7.90205e-05,-1.77796e-05,2.62268e-06,-1.69606e-05,5.93524e-06,0.0118493,0.176194,0.016448,-0.0206094,-0.190166,0.000425987,-0.000153459,-0.00192152,2.29413,1,0,0,0,0,0,-1,1,-9.0462e-07,-3.41779e-06,-0.189803,0,2.67032,1,1010,1010,1010,1010,0,0,0,0,2.67535,56,-0.00253394,-0.00323042,44,-0.0013594,-0.0122424,56,0.00167735,-0.00836646,1,0,0,1,0,0,3,-0.0065699,0.010827,56,-0.00390262,-0.00725163,56,-0.00276304,-0.00929904,56,-0.000138528,-0.00782002
5489707117064,5489695593000,5489695593000,5489707101693,73729,11.5087,5489716345318,20.7523,0,25994,101633,0,0,1,0,0,0.008024,337,333,332,0.996997,2.34378,2.69685,0.498281,0.226668,-0.0345688,-0.0427551,-5.03392e-05,-4.20031e-05,0.00699616,-0.00158168,1,-0.00523468,0.00627357,-0.00627357,-0.00523468,1,1,-0.00723193,-0.00521328,0.000958354,-2.14047e-05,0,0,0,0,0,0,0,0,0,0,0,0,0,0,0,0,0,0,0,0,0,0,0,255,0.22,6.41862,0.22,-0.00703719,-0.00741621,1,1,1,1,0,1,1,-0.596283,-3.11893,0.124495,-0.00121163,-0.000562274,0.0243315,12.1593,25385,1,367,12.1151,6347,0,0.000884653,0.0120215,0.0149002,0,0,0,1,332,0.225,-4.2724e-05,-3.56876e-05,-8.02971e-06,9.6129e-06,-6.06924e-06,1.09567e-05,0.0118433,0.176205,0.0164476,-0.0206118,-0.190206,-0.000414204,-9.63211e-05,-0.00378144,9.51624,1,0,0,0,0,0,-1,1,-9.0462e-07,-3.41779e-06,-0.189803,0,12.3755,1,1010,1010,1010,1010,0,0,0,0,12.3806,56,-0.0121665,-0.0126181,45,-0.00496765,0.0186431,56,-0.00510402,-0.0135562,1,0,0,3,-1.81799e-05,-0.0191789,3,0.0335921,0.0547528,56,-0.00698879,-0.00941391,56,-0.0088981,-0.010821,56,-0.00253564,-0.0109465
5489716858784,5489707559000,5489707559000,5489716842803,73729,9.2838,5489725998760,18.4398,0,25994,101634,0,0,1,0,0,0.011966,335,331,330,0.996979,2.36604,2.61432,0.495504,0.223057,-0.026207,-0.0289154,-5.06684e-06,-8.12479e-05,0.0136996,0.00237149,1,-0.00678989,0.000423436,-0.000423436,-0.00678989,1,1,-0.00145676,-0.00684693,0.00103333,5.70374e-05,0,0,0,0,0,0,0,0,0,0,0,0,0,0,0,0,0,0,0,0,0,0,0,255,0.22,5.97677,0.22,-0.00323779,-0.00390102,1,1,1,2,0,1,1,-0.596283,-3.11893,0.124495,-0.00121163,-0.000562274,0.0243315,21.8143,25385,1,367,21.7699,6347,0,0.000884653,0.0120215,0.0149002,0,0,0,1,330,0.225,-4.39489e-06,-6.88719e-05,-1.54962e-05,9.8885e-07,-1.50268e-05,3.90046e-06,0.0118282,0.176209,0.016451,-0.0206025,-0.190233,-0.000519722,0.000256668,-0.00413576,9.45364,1,0,0,0,0,0,-1,1,-9.0462e-07,-3.41779e-06,-0.189803,0,22.0156,1,1010,1010,1010,1010,0,0,0,0,22.0206,56,-0.00554184,-0.00158754,44,0.00304481,-0.00700655,56,-0.00377694,-0.00562278,1,0,0,2,0,0,3,0.000677648,-0.0143023,56,-0.000485155,-0.00630274,56,-0.00130586,-0.00600803,56,-0.00177404,-0.00611658
5489726511504,5489715591000,5489715591000,5489726495912,73729,10.9049,5489735574627,19.9836,0,25994,101635,0,0,1,0,0,0.008032,333,333,331,0.993994,2.36485,2.66545,0.481393,0.219168,-0.0273132,-0.00250244,-8.14187e-05,-2.4968e-06,-0.00651167,0.00599392,1,-0.000310857,0.0101368,-0.0101368,-0.000310857,1,1,-0.0109375,-0.000400138,0.000800715,8.92806e-05,0,0,0,0,0,0,0,0,0,0,0,0,0,0,0,0,0,0,0,0,0,0,0,255,0.22,5.42863,0.22,-0.00467577,4.3897e-05,1,1,1,1,1,1,1,-0.596283,-3.11893,0.124495,-0.00121163,-0.000562274,0.0243315,31.3884,25385,1,367,31.344,6347,0,0.000884653,0.0120215,0.0149002,0,0,0,1,331,0.225,-6.89853e-05,-2.10898e-06,-4.7452e-07,1.55217e-05,2.46381e-06,1.53303e-05,0.0118307,0.176224,0.0164421,-0.020601,-0.190251,-0.000704603,0.000401763,-0.00344626,9.346,1,0,0,0,0,0,-1,1,-9.0462e-07,-3.41779e-06,-0.189803,0,31.6082,1,1010,1010,1010,1010,0,0,0,0,31.6132,56,-0.00250022,-0.00120708,46,-0.0394527,0.00115092,56,-0.00315721,0.00150867,2,0,0,3,-0.000517106,0.0150568,2,0,0,56,-0.00618108,-0.00629222,56,-0.00494235,-0.000699132,54,-0.0123878,6.92895e-06
5489736185113,5489723610000,5489723610000,5489736165298,73729,12.5553,5489745456497,21.8465,0,25994,101636,0,0,1,0,0,0.008019,330,328,327,0.996951,2.30841,2.63965,0.424595,0.219391,0,0.0197144,2.66014e-05,3.23876e-05,0.00430776,0.0119139,1,0.00403885,-0.00331729,0.00331729,0.00403885,1,1,0.00298386,0.00387277,0.000333435,0.000166084,0,0,0,0,0,0,0,0,0,0,0,0,0,0,0,0,0,0,0,0,0,0,0,255,0.22,5.04124,0.22,0.00164291,0.00422583,1,1,1,1,0,1,1,-0.596283,-3.11893,0.124495,-0.00121163,-0.000562274,0.0243315,41.2706,25385,1,367,41.2263,6347,0,0.000884653,0.0120215,0.0149002,0,0,0,1,327,0.225,2.24812e-05,2.74107e-05,6.16741e-06,-5.05828e-06,5.10013e-06,-6.13269e-06,0.0118358,0.176218,0.0164386,-0.0205869,-0.190248,-0.00113006,0.000747379,-0.00210442,9.68322,1,0,0,0,0,0,-1,1,-9.0462e-07,-3.41779e-06,-0.189803,0,41.4838,1,1010,1010,1010,1010,0,0,0,0,0.118594,56,9.83919e-05,0.00794173,43,0.00528859,0.000181359,56,0.00226452,0.00406454,1,0,0,2,0,0,3,-0.0306673,-0.0123468,54,0.00234961,0.00832389,56,-0.000592567,-7.21439e-05,56,0.00117541,0.000452572
5489745976594,5489735587000,5489735587000,5489745960019,73729,10.373,5489755357849,19.7708,0,25994,101637,0,0,1,0,0,0.011977,333,328,327,0.996951,2.3623,2.79315,0.436318,0.220354,-0.00769043,0.0422363,-1.63445e-05,8.03599e-05,0.0014072,-0.00126209,1,0.00670952,0.00136465,-0.00136465,0.00670952,1,1,-0.00169809,0.00654344,0.000333435,0.000166084,0,0,0,0,0,0,0,0,0,0,0,0,0,0,0,0,0,0,0,0,0,0,0,255,0.22,4.57366,0.22,-0.00041618,0.00524597,1,1,1,1,0,1,1,-0.596283,-3.11893,0.124495,-0.00121163,-0.000562274,0.0243315,51.1731,25385,1,367,51.1286,6347,0,0.000884653,0.0120215,0.0149002,0,0,0,1,327,0.225,-1.38829e-05,6.81648e-05,1.53371e-05,3.12366e-06,1.56467e-05,1.67418e-07,0.0118514,0.176218,0.0164386,-0.0205869,-0.190248,-0.00113006,0.000747379,-0.00210442,19.5883,0,0,0,0,0,0,-1,1,-9.04621e-07,-3.41779e-06,-0.189861,0,0.144093,1,1010,1010,1010,1010,0,0,0,0,10.0489,56,-0.00199589,0.00962738,42,0.00791261,0.0107988,56,-0.00259323,0.00597349,1,0,0,2,0,0,3,0.0034543,0.0273283,55,-0.00159917,0.00390231,56,-0.000646007,0.00631468,56,-0.00158699,0.00589318
5489755915779,5489743606000,5489743606000,5489755900019,73729,12.294,5489765325571,21.7196,0,25994,101638,0,0,1,0,0,0.008019,333,332,332,1,2.31681,2.60072,0.424374,0.227965,0.0438766,0.0113983,0.000143967,2.60191e-05,0.0133515,-0.00996345,1,0.00324468,-0.0179532,0.0179532,0.00324468,1,1,0.0182937,0.00321639,-0.000340478,2.82898e-05,0,0,0,0,0,0,0,0,0,0,0,0,0,0,0,0,0,0,0,0,0,0,0,255,0.22,4.49594,0.22,0.0111177,0.00206057,1,1,1,1,0,1,1,-0.596273,-3.11891,0.124466,-0.000185189,-0.00223453,0.0241645,9.87231,25386,1,367,61.0983,6347,0,0.000884653,0.0120215,0.0149002,0,0,0,1,332,0.225,0.00012205,2.21368e-05,4.98079e-06,-2.74613e-05,-2.91249e-07,-2.79057e-05,0.0118511,0.176191,0.01645,-0.0206071,-0.190175,-4.15841e-05,0.000127304,0.00119245,9.65322,2,0,0,0,0,0,-1,1,-9.04621e-07,-3.41779e-06,-0.189861,0,10.1032,1,1010,1010,1010,1010,0,0,0,0,20.008,56,0.0133941,0.00715251,47,0.0350191,0.0104859,56,0.00900048,-0.00575577,2,0,0,3,-0.00694348,0.00214537,3,-0.014119,0.00718225,53,0.00611336,0.0078737,56,0.0139838,0.00627266,56,0.0162244,0.00196924
5489765871149,5489755588000,5489755588000,5489765849927,73729,10.2619,5489775772889,20.1849,0,25994,101639,0,0,1,0,0,0.011982,335,335,335,1,2.34054,2.56206,0.465281,0.228687,0.0292664,-0.0085144,8.71306e-05,1.301e-05,0.00607501,-0.00728098,1,0.00108579,-0.00727179,0.00727179,0.00108579,1,1,0.00831362,0.00143228,-0.00104183,-0.000346487,0,0,0,0,0,0,0,0,0,0,0,0,0,0,0,0,0,0,0,0,0,0,0,255,0.22,4.31533,0.22,0.00489099,-0.00157092,1,1,1,1,0,1,1,-0.596273,-3.11891,0.124466,-0.000185189,-0.00223453,0.0241645,20.3184,25386,1,367,71.5443,6347,0,0.000884653,0.0120215,0.0149002,0,0,0,1,335,0.225,7.38289e-05,1.10036e-05,2.47581e-06,-1.66115e-05,-7.02488e-07,-1.67788e-05,0.0118504,0.176174,0.0164633,-0.0206082,-0.190117,0.000550938,-0.00155919,0.00419134,10.1459,1,0,0,0,0,0,-1,1,-9.04621e-07,-3.41779e-06,-0.189861,0,20.5662,1,1010,1010,1010,1010,0,0,0,0,30.471,56,-0.00164162,0.00206308,46,0.0234462,0.015633,56,0.00175368,-0.00201909,1,0,0,3,0.00341456,-0.0242551,5,0.0211343,-0.0101539,56,0.00745062,0.000594681,56,0.0035801,0.00122407,56,0.00841595,-0.0030148
5489776332320,5489763606000,5489763606000,5489776316782,73729,12.7108,5489784957161,21.3512,0,25994,101640,0,0,1,0,0,0.008018,340,339,339,1,2.29407,2.60754,0.483319,0.229983,0.0334473,-0.00354004,2.48312e-05,-4.45514e-05,-0.00105699,0.0129259,1,-0.00555643,-0.00309693,0.00309693,-0.00555643,1,1,0.00452831,-0.00554845,-0.00143138,-7.97574e-06,0,0,0,0,0,0,0,0,0,0,0,0,0,0,0,0,0,0,0,0,0,0,0,255,0.22,4.61959,0.22,0.00522749,-0.00105052,1,1,1,1,0,1,1,-0.596273,-3.11891,0.124466,-0.000185189,-0.00223453,0.0241645,29.5018,25386,1,367,80.7276,6347,0,0.000884653,0.0120215,0.0149002,0,0,0,1,339,0.225,2.11038e-05,-3.77429e-05,-8.49216e-06,-4.74835e-06,-9.2328e-06,-3.05859e-06,0.0118412,0.176171,0.0164537,-0.0205954,-0.190055,0.000262065,-3.58908e-05,0.00536262,8.93921,1,0,0,0,0,0,-1,1,-9.04621e-07,-3.41779e-06,-0.189861,0,29.72,1,1010,1010,1010,1010,0,0,0,0,39.6248,56,0.0143422,-0.00182625,51,-0.0234143,-0.0403616,56,0.00382925,0.00398112,1,0,0,3,0.00649118,0.000586779,4,-0.0174084,-0.00273097,56,0.00850423,-0.0086217,56,0.0106671,-0.00295642,56,0.00470983,-0.000857657
5489785484832,5489775582000,5489775582000,5489785468795,73729,9.88679,5489795305664,19.7237,0,25994,101641,0,0,1,0,0,0.011976,333,332,319,0.960843,2.35239,2.53637,0.405059,0.219521,0.0228882,0.0158691,1.27743e-05,5.26715e-05,-0.012384,-0.00485509,1,0.00439809,-0.00106666,0.00106666,0.00439809,1,1,0.00266151,0.0041626,-0.00159485,0.000235489,0,0,0,0,0,0,0,0,0,0,0,0,0,0,0,0,0,0,0,0,0,0,0,255,0.22,3.63212,0.22,0.00144307,0.00380316,1,1,1,1,1,1,1,-0.596273,-3.11891,0.124466,-0.000185189,-0.00223453,0.0241645,39.8518,25386,1,367,91.0776,6347,0,0.000884653,0.0120215,0.0149002,0,0,0,1,319,0.225,1.08625e-05,4.46323e-05,1.00423e-05,-2.44407e-06,9.39874e-06,-4.29611e-06,0.0118506,0.176166,0.0164496,-0.0205801,-0.190002,-0.000874924,0.0010597,0.00504153,8.72755,1,0,0,0,0,0,-1,1,-9.04621e-07,-3.41779e-06,-0.189861,0,40.064,1,1010,1010,1010,1010,0,0,0,0,0.176871,56,-0.00367591,-0.00251459,46,0.00463661,0.00739288,56,0.00622733,0.00307978,2,0,0,2,0,0,3,0.00308888,-0.0409578,42,0.00398987,0.00597541,56,5.45523e-05,0.00563676,56,0.00203179,0.00434156
5489795883243,5489783614000,5489783614000,5489795865002,73729,12.251,5489804651178,21.0372,0,25994,101642,0,0,1,0,0,0.008032,335,333,333,1,2.31209,2.83926,0.389411,0.222131,-0.0101166,0.0256348,-1.59404e-05,1.79777e-05,-0.00571744,0.0191963,1,0.00223826,0.00198461,-0.00198461,0.00223826,1,1,-0.000389754,0.00200277,-0.00159485,0.000235489,0,0,0,0,0,0,0,0,0,0,0,0,0,0,0,0,0,0,0,0,0,0,0,255,0.22,3.88853,0.22,-0.00219045,0.0048209,1,1,1,1,0,1,1,-0.596273,-3.11891,0.124466,-0.000185189,-0.00223453,0.0241645,49.1959,25386,1,367,100.422,6347,0,0.000884653,0.0120215,0.0149002,0,0,0,1,333,0.225,-1.35356e-05,1.52241e-05,3.42543e-06,3.04551e-06,3.93716e-06,2.3437e-06,0.0118545,0.176169,0.0164496,-0.0205801,-0.190002,-0.000874924,0.0010597,0.00504153,18.0597,0,0,0,0,0,0,-1,1,-9.0462e-07,-3.41779e-06,-0.189602,0,0.198002,1,1010,1010,1010,1010,0,0,0,0,9.52207,56,-0.00271286,0.00827079,47,0.00558938,-0.0110953,56,-0.00539856,0.00412663,0,0,0,2,0,0,4,0.00535263,0.0728114,56,0.00170654,0.00237527,56,-0.00506682,0.0017143,56,-0.00668839,0.0019027
5489805163553,5489795621000,5489795621000,5489805146645,73729,9.52564,5489815202609,19.5816,0,25994,101643,0,0,1,0,0,0.012007,335,334,334,1,2.34228,2.52832,0.430485,0.224224,-0.0054245,0.0177917,-2.45436e-05,4.2185e-05,-0.00545918,0.000136013,1,0.00351337,0.00204411,-0.00204411,0.00351337,1,1,-0.00090124,0.00318604,-0.00114287,0.000327327,0,0,0,0,0,0,0,0,0,0,0,0,0,0,0,0,0,0,0,0,0,0,0,255,0.22,3.03843,0.22,-0.00085834,0.0017708,1,1,1,1,0,1,1,-0.596267,-3.11892,0.124528,-0.000687098,-0.00100931,0.0240835,10.5421,25387,1,367,110.979,6347,0,0.000884653,0.0120215,0.0149002,0,0,0,1,334,0.225,-2.07736e-05,3.57317e-05,8.03963e-06,4.67407e-06,8.77424e-06,3.07191e-06,0.0118633,0.176172,0.0164553,-0.0205697,-0.189965,-4.01814e-05,0.00147297,0.00408217,10.3558,1,0,0,0,0,0,-1,1,-9.0462e-07,-3.41779e-06,-0.189602,0,10.76,1,1010,1010,1010,1010,0,0,0,0,20.0841,56,-5.32852e-05,0.00103681,50,-0.017055,0.00929388,56,-0.00131129,0.00401718,1,0,0,1,0,0,2,0,0,56,-0.00252573,-0.00187218,56,0.000379098,0.00256748,56,-0.00052975,0.00513615
5489815749446,5489803610000,5489803610000,5489815732816,73729,12.1228,5489824499604,20.8896,0,25994,101644,0,0,1,0,0,0.007989,343,339,339,1,2.32868,2.64798,0.439929,0.229001,-0.00778198,-0.038269,3.87386e-05,-7.48544e-05,0.0160021,-0.0123926,1,-0.00936968,-0.004849,0.004849,-0.00936968,1,1,0.00492258,-0.00932581,-7.35867e-05,-4.3876e-05,0,0,0,0,0,0,0,0,0,0,0,0,0,0,0,0,0,0,0,0,0,0,0,255,0.22,3.46349,0.22,-0.0014622,-0.00998063,1,1,1,1,0,1,1,-0.596267,-3.11892,0.124528,-0.000687098,-0.00100931,0.0240835,19.8346,25387,1,367,120.271,6347,0,0.000884653,0.0120215,0.0149002,0,0,0,1,339,0.225,3.27603e-05,-6.33982e-05,-1.42646e-05,-7.37107e-06,-1.53943e-05,-4.54484e-06,0.0118479,0.176167,0.0164677,-0.0205802,-0.189977,0.000211406,-0.000197442,0.000434037,9.05396,2,0,0,0,0,0,-1,1,-9.0462e-07,-3.41779e-06,-0.189602,0,20.0801,1,1010,1010,1010,1010,0,0,0,0,29.4041,56,0.00344857,-0.00437266,52,0.0249572,-0.000912515,56,-0.00527436,-0.0138306,1,0,0,3,0.00667131,-0.00669206,3,-0.0198495,0.0479902,56,-0.00391218,-0.00799603,56,0.000837646,-0.00645277,56,0.00212159,-0.0127036
5489825042034,5489815590000,5489815590000,5489825027885,73729,9.43788,5489834626901,19.0369,0,25994,101645,0,0,1,0,0,0.01198,332,331,331,1,2.33796,2.56104,0.446373,0.222595,0.00100708,-0.0450134,5.03735e-05,-7.10881e-05,0.0105038,-0.00172437,1,-0.00593389,-0.0042048,0.0042048,-0.00593389,1,1,0.00389055,-0.00579914,0.000314253,-0.000134757,0,0,0,0,0,0,0,0,0,0,0,0,0,0,0,0,0,0,0,0,0,0,0,255,0.22,2.60628,0.22,0.00067701,-0.00609816,1,1,1,1,0,1,1,-0.596267,-3.11892,0.124528,-0.000687098,-0.00100931,0.0240835,29.989,25387,1,367,130.426,6347,0,0.000884653,0.0120215,0.0149002,0,0,0,1,331,0.225,4.26575e-05,-6.02859e-05,-1.35643e-05,-9.59793e-06,-1.51265e-05,-6.86369e-06,0.0118328,0.17616,0.0164677,-0.0205802,-0.189977,0.000493146,-0.000606408,-0.000736794,19.1941,0,0,0,0,0,0,-1,1,-9.0462e-07,-3.41779e-06,-0.189602,0,30.2119,1,1010,1010,1010,1010,0,0,0,0,39.536,56,-0.000928807,-0.00041425,46,0.0203168,-0.0135496,56,0.00250129,-0.00951149,0,0,0,2,0,0,3,0.00314727,-0.016108,56,1.38042e-07,-0.00413861,56,0.00146326,-0.00651958,56,0.00333287,-0.0106348
5489835189665,5489823604000,5489823604000,5489835179202,73729,11.5752,5489843829303,20.2253,0,25994,101646,0,0,1,0,0,0.008014,332,332,332,1,2.32833,2.54941,0.427392,0.226205,-0.0364304,0.0133057,-2.55559e-05,3.77739e-05,0.0108602,-0.0141912,1,0.00471349,0.0031889,-0.0031889,0.00471349,1,1,-0.00385196,0.00466486,0.000663055,4.86249e-05,0,0,0,0,0,0,0,0,0,0,0,0,0,0,0,0,0,0,0,0,0,0,0,255,0.22,2.6168,0.22,-0.00634156,0.0026537,1,1,1,1,0,1,1,-0.596267,-3.11892,0.124528,-0.000687098,-0.00100931,0.0240835,39.1928,25387,1,367,139.63,6347,0,0.000884653,0.0120215,0.0149002,0,0,0,1,332,0.225,-2.17258e-05,3.20307e-05,7.20691e-06,4.88831e-06,7.99718e-06,3.43917e-06,0.0118408,0.176164,0.0164518,-0.020576,-0.190004,-0.000461548,0.000218812,-0.00275624,8.98314,1,0,0,0,0,0,-1,1,-9.0462e-07,-3.41779e-06,-0.189602,0,39.4348,1,1010,1010,1010,1010,0,0,0,0,48.7589,56,-0.00859734,1.45339e-05,47,-0.0169142,0.0223269,56,-0.0067298,0.00163036,0,0,0,2,0,0,3,0.00852236,0.00108663,56,-0.00582519,0.00363088,56,-0.0058324,0.00891386,56,-0.00406959,0.00390859
5489844420382,5489835577000,5489835577000,5489844404030,73729,8.82703,5489854871385,19.2944,0,25994,101647,0,0,1,0,0,0.011973,335,335,335,1,2.33898,2.9971,0.491448,0.226039,-0.0147095,-0.0115356,-1.24504e-05,-3.22985e-05,0.00876528,0.00730935,1,-0.00269761,0.00103987,-0.00103987,-0.00269761,1,1,-0.00190131,-0.00277538,0.00086144,7.77685e-05,0,0,0,0,0,0,0,0,0,0,0,0,0,0,0,0,0,0,0,0,0,0,0,255,0.22,1.70525,0.22,-0.0014739,-0.00123803,1,1,1,1,1,1,1,-0.596267,-3.11892,0.124528,-0.000687098,-0.00100931,0.0240835,50.2038,25387,1,367,150.641,6347,0,0.000884653,0.0120215,0.0149002,0,0,0,1,335,0.225,-1.05724e-05,-2.73673e-05,-6.15764e-06,2.37879e-06,-5.59702e-06,3.49869e-06,0.0118352,0.176167,0.0164437,-0.0205719,-0.190035,-0.00119457,0.000349958,-0.00405684,10.8185,1,0,0,0,0,0,-1,1,-9.0462e-07,-3.41779e-06,-0.189694,0,0.217316,1,1010,1010,1010,1010,0,0,0,0,9.7527,56,0.0018704,0.000657548,48,-0.00947046,-0.0155583,56,-0.00274587,-0.000371466,1,0,0,3,-0.00847835,0.0011104,3,0.0290982,0.0740718,56,-0.00321651,-0.00309059,56,-0.000830342,-0.00285372,56,-0.000116298,-0.00488318
5489855489538,5489843604000,5489843604000,5489855472742,73729,11.8687,5489864293955,20.69,0,25994,101648,0,0,1,0,0,0.008027,336,335,335,1,2.33846,2.65498,0.497652,0.229464,-0.016449,0.019165,-2.75249e-05,5.33632e-05,-0.000819412,-0.00423439,1,0.00664796,0.00342904,-0.00342904,0.00664796,1,1,-0.00430943,0.00646042,0.000880385,0.000187543,0,0,0,0,0,0,0,0,0,0,0,0,0,0,0,0,0,0,0,0,0,0,0,255,0.22,2.63735,0.22,-0.00123758,0.00324967,1,1,1,1,0,1,1,-0.596284,-3.1189,0.124335,-0.000746152,-0.00115948,0.0239768,9.40857,25388,1,367,160.064,6347,0,0.000884653,0.0120215,0.0149002,0,0,0,1,335,0.225,-2.33333e-05,4.51783e-05,1.01651e-05,5.24998e-06,1.09699e-05,3.23515e-06,0.0118462,0.176171,0.016449,-0.0205646,-0.190057,-0.000896942,0.000843942,-0.00388694,9.21827,1,0,0,0,0,0,-1,1,-9.0462e-07,-3.41779e-06,-0.189694,0,9.63016,1,1010,1010,1010,1010,0,0,0,0,19.1655,56,-0.00424619,0.00245586,48,0.00917804,0.0163229,56,-0.00110497,0.00466795,1,0,0,2,0,0,4,-0.00868737,-0.0265261,56,-0.00315162,0.00737203,56,-0.00503147,0.00410449,56,-0.00523113,0.0069204
5489864801774,5489855585000,5489855585000,5489864786070,73729,9.20107,5489876247878,20.6629,0,25994,101649,0,0,1,0,0,0.011981,339,338,336,0.994083,2.36044,2.57378,0.399207,0.226317,-0.000549316,-0.00994873,8.56042e-06,-4.61125e-05,0.00567217,0.0105599,1,-0.0038488,-0.0007145,0.0007145,-0.0038488,1,1,1.65464e-05,-0.00393447,0.000697953,8.56664e-05,0,0,0,0,0,0,0,0,0,0,0,0,0,0,0,0,0,0,0,0,0,0,0,255,0.22,1.81222,0.22,0.00154558,-0.00233303,1,1,1,1,0,1,1,-0.596284,-3.1189,0.124335,-0.000746152,-0.00115948,0.0239768,21.3615,25388,1,367,172.016,6347,0,0.000884653,0.0120215,0.0149002,0,0,0,1,336,0.225,7.20186e-06,-3.90665e-05,-8.78996e-06,-1.62042e-06,-8.9354e-06,6.90462e-08,0.0118372,0.176171,0.016447,-0.020567,-0.190054,-4.76798e-05,0.000385499,-0.00255078,11.7576,1,0,0,0,0,0,-1,1,-9.0462e-07,-3.41779e-06,-0.189694,0,21.5843,1,1010,1010,1010,1010,0,0,0,0,31.1197,54,0.000435482,-0.00319631,51,0.010558,-0.00727687,56,-0.00646093,-0.00313943,1,0,0,2,0,0,4,0.0129488,0.00236044,56,0.00110006,-0.00450164,56,0.00214527,-0.000948376,56,0.00139936,-0.00317632
5489876746307,5489863628000,5489863628000,5489876730400,73729,13.1024,5489885370334,21.7423,0,25994,101650,0,0,1,0,0,0.008043,333,331,331,1,2.34185,2.51515,0.519171,0.221409,0.010437,-0.0146484,-3.61584e-05,-4.15929e-05,-0.0247278,0.00380972,1,-0.00517132,0.00449564,-0.00449564,-0.00517132,1,1,-0.00412299,-0.00512799,-0.000372647,-4.33348e-05,0,0,0,0,0,0,0,0,0,0,0,0,0,0,0,0,0,0,0,0,0,0,0,255,0.22,3.60166,0.22,0.00228424,-0.00378462,1,1,1,1,0,1,1,-0.596284,-3.1189,0.124335,-0.000746152,-0.00115948,0.0239768,30.486,25388,1,367,181.141,6347,0,0.000884653,0.0120215,0.0149002,0,0,0,1,331,0.225,-3.05486e-05,-3.52846e-05,-7.93904e-06,6.87344e-06,-6.49902e-06,8.2482e-06,0.0118307,0.176179,0.0164435,-0.0205742,-0.189982,-0.000184867,-0.000195006,0.00119363,8.89982,2,0,0,0,0,0,-1,1,-9.0462e-07,-3.41779e-06,-0.189694,0,30.7034,1,1010,1010,1010,1010,0,0,0,0,40.2388,56,0.00205726,4.6563e-05,45,-0.0346209,-0.00989637,56,0.00356051,-0.00101051,1,0,0,2,0,0,3,-0.0105359,-0.00348927,56,-0.000221617,-0.00770057,56,-0.00107602,-0.00452237,56,-0.00544574,-0.00182435
5489885886468,5489875609000,5489875609000,5489885868079,73729,10.2591,5489896056044,20.447,0,25994,101651,0,0,1,0,0,0.011981,341,340,340,1,2.37152,2.63365,0.475893,0.233261,0.0201569,-0.0124817,4.67833e-05,-1.49647e-05,-0.00136418,-0.00547979,1,-0.00124904,-0.00390479,0.00390479,-0.00124904,1,1,0.00547409,-0.00113271,-0.0015693,-0.000116328,0,0,0,0,0,0,0,0,0,0,0,0,0,0,0,0,0,0,0,0,0,0,0,255,0.22,2.58144,0.22,0.00336096,-0.00166536,1,1,1,1,0,1,1,-0.596284,-3.1189,0.124335,-0.000746152,-0.00115948,0.0239768,41.172,25388,1,367,191.827,6347,0,0.000884653,0.0120215,0.0149002,0,0,0,1,340,0.225,3.96776e-05,-1.27068e-05,-2.85903e-06,-8.92745e-06,-4.48912e-06,-8.22673e-06,0.0118262,0.176171,0.0164262,-0.0205762,-0.189913,-0.000988168,-0.000523475,0.00485896,10.4518,1,0,0,0,0,0,-1,1,-9.0462e-07,-3.41779e-06,-0.189694,0,41.407,1,1010,1010,1010,1010,0,0,0,0,0.198558,56,0.000620756,-0.00292924,49,0.00789043,-0.00310792,56,0.00290568,-0.00202924,1,0,0,3,0.000995873,0.0235646,7,0.00092974,0.00159514,56,0.00609498,-0.00263006,56,0.00173729,-0.000357057,56,0.00283677,0.00085571
5489896609251,5489883630000,5489883630000,5489896590566,73729,12.9606,5489905653541,22.0235,0,25994,101652,0,0,1,0,0,0.008021,336,334,334,1,2.34061,2.81539,0.49717,0.230058,0.0067215,-0.00892639,-1.10833e-06,-2.82684e-05,-0.00181055,-0.00314986,1,-0.0035243,0.000138179,-0.000138179,-0.0035243,1,1,0.00143113,-0.00340797,-0.0015693,-0.000116328,0,0,0,0,0,0,0,0,0,0,0,0,0,0,0,0,0,0,0,0,0,0,0,255,0.22,3.16602,0.22,0.000182346,-0.00203167,1,1,1,1,1,1,1,-0.596284,-3.1189,0.124335,-0.000746152,-0.00115948,0.0239768,50.7687,25388,1,367,201.424,6347,0,0.000884653,0.0120215,0.0149002,0,0,0,1,334,0.225,-8.98286e-07,-2.39227e-05,-5.38261e-06,2.02114e-07,-5.24664e-06,1.21435e-06,0.011821,0.176172,0.0164262,-0.0205762,-0.189913,-0.000988168,-0.000523475,0.00485896,20.0654,0,0,0,0,0,0,-1,1,-9.0462e-07,-3.41779e-06,-0.189491,0,0.209428,1,1010,1010,1010,1010,0,0,0,0,9.78094,56,0.0103685,0.00212619,47,-0.00369576,-0.00393814,56,0.00566488,-0.00157248,1,0,0,3,-0.00761888,-0.0151146,3,0.000642849,-0.0309925,56,-0.00756887,0.00211059,56,0.00126454,0.00202982,56,-0.000462782,-0.00804848
5489906223138,5489895579000,5489895579000,5489906207267,73729,10.6283,5489916565400,20.9864,0,25994,101653,0,0,1,0,0,0.011949,342,342,342,1,2.38817,2.6037,0.517633,0.228317,0.00143433,0.0230789,-4.89711e-05,2.14694e-05,-0.016764,0.00803423,1,0.00179675,0.00409834,-0.00409834,0.00179675,1,1,-0.00237598,0.00179904,-0.00172236,-2.29434e-06,0,0,0,0,0,0,0,0,0,0,0,0,0,0,0,0,0,0,0,0,0,0,0,255,0.22,2.64841,0.22,0.000546566,0.0034199,1,1,1,1,0,1,1,-0.596291,-3.11893,0.12418,0.000154838,-0.00178919,0.0240262,10.902,25389,1,367,10.8636,6348,0,0.000884653,0.0119064,0.0154031,0,0,0,1,342,0.225,-4.14415e-05,1.81921e-05,4.09322e-06,9.32435e-06,5.77464e-06,8.38422e-06,0.0118268,0.17618,0.0164128,-0.0205763,-0.189795,-0.000729614,-1.03245e-05,0.0056168,10.6807,2,0,0,0,0,0,-1,1,-9.0462e-07,-3.41779e-06,-0.189491,0,11.1268,1,1010,1010,1010,1010,0,0,0,0,20.6983,56,0.00411364,-0.000926476,54,-0.0246088,-0.00952652,56,-0.00223729,0.0119586,1,0,0,2,0,0,5,-0.00160832,0.00361581,56,0.00262085,0.00263864,56,-0.00435773,0.00165526,56,-0.00316526,0.00472334
5489917081367,5489903601000,5489903601000,5489917071163,73729,13.4702,5489925627930,22.0269,0,25994,101654,0,0,1,0,0,0.008022,336,333,333,1,2.35155,2.58037,0.400448,0.21865,-0.0153503,0.0248718,-6.50492e-05,3.14474e-05,-0.0120422,0.000822908,1,0.00392015,0.00810885,-0.00810885,0.00392015,1,1,-0.00689546,0.0038877,-0.00121339,3.24443e-05,0,0,0,0,0,0,0,0,0,0,0,0,0,0,0,0,0,0,0,0,0,0,0,255,0.22,3.34854,0.22,-0.00387463,0.00468194,1,1,1,1,0,1,1,-0.596291,-3.11893,0.12418,0.000154838,-0.00178919,0.0240262,19.965,25389,1,367,19.9265,6348,0,0.000884653,0.0119064,0.0154031,0,0,0,1,333,0.225,-5.51073e-05,2.66961e-05,6.00663e-06,1.23992e-05,8.23194e-06,1.1043e-05,0.011835,0.176191,0.0164176,-0.0205665,-0.189763,-0.000379379,0.000145999,0.00406471,8.84849,1,0,0,0,0,0,-1,1,-9.0462e-07,-3.41779e-06,-0.189491,0,20.1812,1,1010,1010,1010,1010,0,0,0,0,29.7527,56,-0.00316792,0.00365709,48,-0.0142272,0.0133006,56,-0.0104567,0.00556815,1,0,0,2,0,0,2,0,0,56,-0.0120697,0.00237167,56,-0.00184712,0.00530441,56,-0.00428513,0.0121056
5489926151360,5489915579000,5489915579000,5489926141082,73729,10.5621,5489936410492,20.8315,0,25994,101655,0,0,1,0,0,0.011978,332,332,332,1,2.37746,2.57594,0.514245,0.225279,0.0190048,0.0396271,4.99721e-05,0.000144601,-0.00542619,-0.0196296,1,0.0120722,-0.00417199,0.00417199,0.0120722,1,1,0.00455931,0.0119893,-0.000387327,8.29276e-05,0,0,0,0,0,0,0,0,0,0,0,0,0,0,0,0,0,0,0,0,0,0,0,255,0.22,2.28631,0.22,0.00295595,0.00642237,1,1,1,1,0,1,1,-0.596291,-3.11893,0.12418,0.000154838,-0.00178919,0.0240262,30.7474,25389,1,367,30.709,6348,0,0.000884653,0.0119064,0.0154031,0,0,0,1,332,0.225,4.23882e-05,0.000122582,2.75811e-05,-9.53733e-06,2.52847e-05,-1.45667e-05,0.0118603,0.176177,0.0164288,-0.020572,-0.189757,0.000360193,0.000373174,0.00168253,10.5638,1,0,0,0,0,0,-1,1,-9.0462e-07,-3.41779e-06,-0.189491,0,31.0005,1,1010,1010,1010,1010,0,0,0,0,40.572,56,-0.00182938,0.0089938,46,0.00597874,0.0276508,56,0.00582846,0.00584671,1,0,0,2,0,0,3,-0.00912568,-0.00450588,56,0.000372424,0.0110277,56,0.000284833,0.0105277,56,0.00680297,0.0097228
5489936961533,5489923599000,5489923599000,5489936945866,73729,13.3469,5489946026323,22.4273,0,25994,101656,0,0,1,0,0,0.00802,336,334,334,1,2.3575,2.81515,0.408503,0.231316,0.00413513,0.0138016,2.39166e-05,2.83081e-06,0.0129024,0.0142933,1,0.000352968,-0.00298212,0.00298212,0.000352968,1,1,0.00247068,0.000398053,0.000511445,-4.50846e-05,0,0,0,0,0,0,0,0,0,0,0,0,0,0,0,0,0,0,0,0,0,0,0,255,0.22,2.93895,0.22,0.000833306,0.00216031,1,1,1,1,0,1,1,-0.596291,-3.11893,0.12418,0.000154838,-0.00178919,0.0240262,40.376,25389,1,367,40.3375,6348,0,0.000884653,0.0119064,0.0154031,0,0,0,1,334,0.225,2.02253e-05,2.35864e-06,5.30693e-07,-4.5507e-06,-3.35731e-07,-4.56878e-06,0.01186,0.176172,0.0164409,-0.0205762,-0.18977,0.000986049,-0.000202881,-0.00105236,9.36401,1,0,0,0,0,0,-1,1,-9.0462e-07,-3.41779e-06,-0.189491,0,40.6293,1,1010,1010,1010,1010,0,0,0,0,0.201594,56,-0.00576485,-0.00028913,46,0.00400224,0.00580692,56,0.00306084,-0.000594133,2,0,0,2,0,0,5,0.000841476,0.0113257,55,0.00614494,0.00272813,56,0.00728748,0.000361309,56,-0.00133787,0.00136966
5489946726754,5489935569000,5489935569000,5489946702068,73729,11.1331,5489957363370,21.7944,0,25994,101657,0,0,1,0,0,0.01197,341,338,338,1,2.54522,2.78071,0.442466,0.224354,0.0127792,-0.00932312,-2.38138e-05,-6.82119e-05,-0.00817925,0.00640428,1,-0.00569857,0.00198946,-0.00198946,-0.00569857,1,1,-0.0025009,-0.00565349,0.000511445,-4.50846e-05,0,0,0,0,0,0,0,0,0,0,0,0,0,0,0,0,0,0,0,0,0,0,0,255,0.22,2.58119,0.22,0.00127507,-0.00197072,1,1,1,1,1,1,1,-0.596295,-3.11896,0.124215,-0.00100767,-0.000956461,0.0237578,9.59892,25390,1,367,51.6601,6348,0,0.000884653,0.0119064,0.0154031,0,0,0,1,338,0.225,-2.00504e-05,-5.77514e-05,-1.29941e-05,4.51133e-06,-1.19087e-05,6.88063e-06,0.011848,0.176179,0.0164409,-0.0205762,-0.18977,0.000986049,-0.000202881,-0.00105236,20.7405,0,0,0,0,0,0,-1,1,-9.0462e-07,-3.41779e-06,-0.189426,0,0.212835,1,1010,1010,1010,1010,0,0,0,0,11.4926,56,0.0111499,-0.00151022,51,-0.0140499,-0.0203272,56,0.00357326,0.00469928,1,0,0,2,0,0,4,-0.0123054,0.00231152,56,-0.000410527,-0.00515086,56,-0.000430898,-0.00195946,56,-8.95078e-05,-0.00233328
5489957951078,5489943606000,5489943606000,5489957932041,73729,14.326,5489967694669,24.0887,0,25994,101658,0,0,1,0,0,0.008037,338,337,337,1,2.37467,3.30301,0.483541,0.227539,0.00732422,-0.0214233,5.81896e-05,-2.40255e-05,0.0110799,-0.00691459,1,-0.00298937,-0.00724022,0.00724022,-0.00298937,1,1,0.00629627,-0.00299728,0.000943945,7.9115e-06,0,0,0,0,0,0,0,0,0,0,0,0,0,0,0,0,0,0,0,0,0,0,0,255,0.22,3.63682,0.22,0.00134672,-0.00463966,1,1,1,1,0,1,1,-0.596295,-3.11896,0.124215,-0.00100767,-0.000956461,0.0237578,19.9316,25390,1,367,61.9928,6348,0,0.000884653,0.0119064,0.0154031,0,0,0,1,337,0.225,4.9279e-05,-2.03871e-05,-4.58711e-06,-1.10878e-05,-6.59174e-06,-1.00226e-05,0.0118415,0.176169,0.0164504,-0.0205661,-0.189808,0.000569879,3.56018e-05,-0.0029423,10.108,2,0,0,0,0,0,-1,1,-9.0462e-07,-3.41779e-06,-0.189426,0,10.5402,1,1010,1010,1010,1010,0,0,0,0,21.82,56,0.00383599,-0.00604684,51,0.01058,-0.0011765,56,-0.000355541,-0.0112297,1,0,0,2,0,0,3,0.0177545,0.0966059,56,0.00514019,-0.00166099,56,0.00330703,-0.00158972,56,0.0055465,-0.00357284
5489968249581,5489951605000,5489951605000,5489968232636,73729,16.6276,5489978604695,26.9997,0,25994,101659,0,0,1,0,0,0.007999,336,333,333,1,2.31937,3.31245,0.366577,0.225409,-0.00671387,-0.0159912,-2.46007e-05,-2.72157e-05,-0.000820353,-0.000867634,1,-0.00340238,0.00307547,-0.00307547,-0.00340238,1,1,-0.00373509,-0.00370747,0.000659621,0.000305082,0,0,0,0,0,0,0,0,0,0,0,0,0,0,0,0,0,0,0,0,0,0,0,255,0.22,3.72003,0.22,-0.00218261,-0.00220152,1,1,1,1,0,1,1,-0.596295,-3.11896,0.124215,-0.00100767,-0.000956461,0.0237578,30.8403,25390,1,367,72.9015,6348,0,0.000884653,0.0119064,0.0154031,0,0,0,1,333,0.225,-2.08045e-05,-2.30552e-05,-5.18742e-06,4.68101e-06,-4.21165e-06,5.57515e-06,0.0118372,0.176175,0.0164456,-0.0205487,-0.189813,-0.000262937,0.00137287,-0.00258499,10.725,1,0,0,0,0,0,-1,1,-9.0462e-07,-3.41779e-06,-0.189426,0,21.4506,1,1010,1010,1010,1010,0,0,0,0,32.7304,56,-0.00510974,-0.00130794,46,-0.0102358,-0.00602204,56,0.00322878,0.000963392,2,0,0,2,0,0,3,0.0142574,-0.0073343,56,-0.00222632,-0.00987077,56,-0.00311895,-0.00731997,56,-0.000177462,-1.55794e-05
5489979142402,5489963611000,5489963611000,5489979130402,73729,15.5194,5489988956938,25.3459,0,25994,101660,0,0,1,0,0,0.012006,338,337,335,0.994065,2.30391,2.63026,0.528634,0.228168,-0.0197449,-0.0158081,-3.08427e-05,-1.45244e-05,0.00338561,-0.00376535,1,-0.00120976,0.00256894,-0.00256894,-0.00120976,1,1,-0.00272762,-0.00140864,0.000158685,0.000198879,0,0,0,0,0,0,0,0,0,0,0,0,0,0,0,0,0,0,0,0,0,0,0,255,0.22,4.54985,0.22,-0.00290949,-0.00179501,1,1,1,1,0,1,1,-0.596295,-3.11896,0.124215,-0.00100767,-0.000956461,0.0237578,41.1936,25390,1,367,83.2547,6348,0,0.000884653,0.0119064,0.0154031,0,0,0,1,335,0.225,-2.61875e-05,-1.23529e-05,-2.77941e-06,5.89219e-06,-1.61938e-06,6.31024e-06,0.0118356,0.176181,0.016445,-0.020554,-0.189802,-0.000606447,0.000894957,-0.00105642,10.1671,1,0,0,0,0,0,-1,1,-9.0462e-07,-3.41779e-06,-0.189426,0,31.8004,1,1010,1010,1010,1010,0,0,0,0,43.0802,56,-0.0015131,-0.0040437,48,-0.0249143,0.0108223,56,0.00194621,-0.00466774,1,0,0,2,0,0,4,-0.00790408,-0.0202211,56,-0.00380062,-0.000884387,56,-0.000821905,0.00152121,56,-0.003555,-0.00490757
5489989468387,5489971618000,5489971618000,5489989452479,73729,17.8345,5489999491313,27.8733,0,25994,101661,0,0,1,0,0,0.008007,338,337,332,0.985163,2.34752,2.771,0.468059,0.252353,-0.0335693,-0.00922394,-8.00536e-05,-4.4766e-05,0.00258476,0.0172331,1,-0.00559086,0.00999795,-0.00999795,-0.00559086,1,1,-0.00968771,-0.00559755,-0.000310245,6.68651e-06,0,0,0,0,0,0,0,0,0,0,0,0,0,0,0,0,0,0,0,0,0,0,0,255,0.22,4.32353,0.22,-0.00587716,-0.00237386,1,1,1,1,0,1,1,-0.596295,-3.11896,0.124215,-0.00100767,-0.000956461,0.0237578,51.7267,25390,1,367,93.7879,6348,0,0.000884653,0.0119064,0.0154031,0,0,0,1,332,0.225,-6.79003e-05,-3.79404e-05,-8.53659e-06,1.52776e-05,-5.50499e-06,1.66123e-05,0.0118301,0.176198,0.0164365,-0.0205567,-0.189781,-0.00070467,3.00893e-05,0.000553146,10.3462,1,0,0,0,0,0,-1,1,-9.0462e-07,-3.41779e-06,-0.189377,0,0.206872,1,1010,1010,1010,1010,0,0,0,0,0.210372,56,-0.00202798,-0.00214937,45,0.00701341,-0.020082,56,-0.0101155,0.000360302,1,0,0,2,0,0,4,0.00692902,0.0329518,56,-0.00822833,0.00233043,56,-0.00884997,-0.00663454,56,-0.010404,-0.00387033
5490000052688,5489991607000,5489991607000,5490000040799,73729,8.4338,5490009327016,17.72,1,25995,101662,0,0,1,0,0,0.019989,343,341,340,0.997067,2.32694,2.81515,0.496004,0.228391,-0.0339813,-0.00875092,-4.18641e-05,-1.5059e-05,0.00196635,-0.00353518,1,-0.000753365,0.00209436,-0.00209436,-0.000753365,1,1,-0.00137675,-0.000526042,-0.00071761,-0.000227322,0,0,0,0,0,0,0,0,0,0,0,0,0,0,0,0,0,0,0,0,0,0,0,255,0.22,5.16543,0.22,-0.0019287,-0.00191171,1,1,1,2,1,1,1,-0.596325,-3.11894,0.124154,-0.00103529,-0.001501,0.0235117,9.82433,25391,1,367,103.625,6348,0,0.000884653,0.0119064,0.0154031,0,0,0,1,340,0.225,-3.5573e-05,-1.27648e-05,-2.87207e-06,8.00393e-06,-1.31322e-06,8.4013e-06,0.0118288,0.176206,0.0164365,-0.0205738,-0.18974,-0.000741208,-0.00102295,0.00199043,8.16504,1,0,0,0,0,0,-1,1,-9.0462e-07,-3.41779e-06,-0.189377,0,10.0333,1,1010,1010,1010,1010,0,0,0,0,10.0368,56,-0.0047887,0.00152985,52,0.00804404,0.00332165,56,-0.00379048,-0.00326996,1,0,0,2,0,0,5,-0.00827428,0.00444141,56,-0.00319095,-0.00284992,56,-0.00278338,9.18515e-05,56,-0.00177644,0.000796955
5490011664163,5490003593000,5490003593000,5490011649218,73729,8.05622,5490022296149,18.7031,0,25995,101663,0,0,1,0,0,0.011986,338,335,334,0.997015,2.32498,3.02452,0.43067,0.225298,0.0168762,-0.0191269,1.24719e-05,-5.95497e-05,-0.00858441,0.00464008,1,-0.00496827,-0.00104054,0.00104054,-0.00496827,1,1,0.00200458,-0.00469758,-0.000964045,-0.000270693,0,0,0,0,0,0,0,0,0,0,0,0,0,0,0,0,0,0,0,0,0,0,0,255,0.22,6.65283,0.22,0.00281207,-0.00184049,1,1,1,1,0,1,1,-0.596325,-3.11894,0.124154,-0.00103529,-0.001501,0.0235117,22.8144,25391,1,367,116.615,6348,0,0.000884653,0.0119064,0.0154031,0,0,0,1,334,0.225,1.0647e-05,-5.04864e-05,-1.13594e-05,-2.39557e-06,-1.16041e-05,-2.1094e-07,0.0118172,0.176206,0.0164382,-0.0205786,-0.189697,-0.000117217,-0.00121812,0.00337679,12.7456,1,0,0,0,0,0,-1,1,-9.0462e-07,-3.41779e-06,-0.189377,0,23.0422,1,1010,1010,1010,1010,0,0,0,0,23.0457,56,0.00415098,-0.0028342,47,0.00195791,-0.0127839,56,0.00352186,-0.000857393,1,0,0,2,0,0,4,-0.0262221,-0.0688629,56,0.00193095,-0.00384235,56,0.000459917,-0.0030803,56,-0.00212352,-0.00528883
5490022853265,5490011617000,5490011617000,5490022835968,73729,11.219,5490031801516,20.1845,0,25995,101664,0,0,1,0,0,0.008024,336,334,334,1,2.3487,2.70282,0.429984,0.222983,0.0122833,-0.0111542,1.03669e-05,1.04892e-05,-0.0036843,-0.00511916,1,0.00130723,-0.00129199,0.00129199,0.00130723,1,1,0.00206681,0.0014165,-0.000774822,-0.000109265,0,0,0,0,0,0,0,0,0,0,0,0,0,0,0,0,0,0,0,0,0,0,0,255,0.22,7.56893,0.22,0.0012626,3.35993e-06,1,1,1,1,0,1,1,-0.596325,-3.11894,0.124154,-0.00103529,-0.001501,0.0235117,32.3229,25391,1,367,126.124,6348,0,0.000884653,0.0119064,0.0154031,0,0,0,1,334,0.225,8.77325e-06,8.82573e-06,1.98579e-06,-1.97398e-06,1.57833e-06,-2.31274e-06,0.0118188,0.176203,0.016464,-0.0205826,-0.189659,0.000665698,-0.000491695,0.00332192,9.28559,1,0,0,0,0,0,-1,1,-9.0462e-07,-3.41779e-06,-0.189377,0,32.5668,1,1010,1010,1010,1010,0,0,0,0,32.5703,56,-0.000446717,-0.00493516,45,-0.0175219,0.0165355,56,0.00239216,-0.00639482,1,0,0,2,0,0,6,0.00321807,0.00213001,56,0.00208973,-0.00352794,56,0.00268571,0.00106421,56,0.00266373,0.00302691
5490032381984,5490023586000,5490023586000,5490032363761,73729,8.77776,5490043214657,19.6287,0,25995,101665,0,0,1,0,0,0.011969,331,330,329,0.99697,2.32324,2.77359,0.475911,0.218409,0.0628052,-0.0193024,4.03577e-05,-6.93463e-05,-0.0151304,0.00945395,1,-0.00579382,-0.00337186,0.00337186,-0.00579382,1,1,0.00382963,-0.00564651,-0.000457777,-0.000147317,0,0,0,0,0,0,0,0,0,0,0,0,0,0,0,0,0,0,0,0,0,0,0,255,0.22,7.08281,0.22,0.00704192,-0.00105469,1,1,1,1,0,1,1,-0.596325,-3.11894,0.124154,-0.00103529,-0.001501,0.0235117,43.7246,25391,1,367,137.525,6348,0,0.000884653,0.0119064,0.0154031,0,0,0,1,329,0.225,3.44068e-05,-5.8765e-05,-1.32221e-05,-7.74152e-06,-1.44388e-05,-5.11044e-06,0.0118043,0.176198,0.0164665,-0.0205927,-0.189629,0.00155287,-0.000662925,0.00289029,11.1926,1,0,0,0,0,0,-1,1,-9.0462e-07,-3.41779e-06,-0.189377,0,43.9464,1,1010,1010,1010,1010,0,0,0,0,43.9499,56,0.0109233,-0.00206902,45,0.00324095,-0.0191728,56,0.0109623,0.00180518,1,0,0,2,0,0,4,0.00883028,0.00485079,53,0.00893753,-0.00618922,56,0.00240189,-0.00679431,56,0.00453934,-0.00486355
5490043722401,5490031619000,5490031619000,5490043707605,73729,12.0886,5490052912488,21.2935,0,25995,101666,0,0,1,0,0,0.008033,332,330,330,1,2.32315,3.0006,0.434966,0.225317,0.00646973,0.00980377,-1.76418e-05,5.79035e-05,-0.00351509,-0.0103945,1,0.0072082,0.00219616,-0.00219616,0.0072082,1,1,-0.00198247,0.00719269,-0.000213699,1.55117e-05,0,0,0,0,0,0,0,0,0,0,0,0,0,0,0,0,0,0,0,0,0,0,0,255,0.22,8.22128,0.22,-0.00100247,0.00348729,1,1,1,1,0,1,1,-0.596326,-3.11898,0.124035,0.000542195,-0.00109824,0.023844,1.66355,25392,1,367,147.204,6348,0,0.000884653,0.0119064,0.0154031,0,0,0,1,330,0.225,-1.49758e-05,4.90262e-05,1.10309e-05,3.36955e-06,1.14647e-05,1.23054e-06,0.0118158,0.1762,0.0164731,-0.0205798,-0.189591,0.000635255,6.98025e-05,0.00127752,1.49192,2,0,0,0,0,0,-1,1,-9.0462e-07,-3.41779e-06,-0.189227,0,1.87222,1,1010,1010,1010,1010,0,0,0,0,1.8765,56,-0.00366376,-0.00335785,42,-0.00776429,0.0335338,56,-0.00156637,0.00335485,1,0,0,2,0,0,5,0.00382941,0.00473392,56,4.57546e-05,0.00389602,56,0.00552953,0.0035086,56,0.00381785,0.00601751
5490053410029,5490043593000,5490043593000,5490053394010,73729,9.80101,5490063672087,20.0791,0,25995,101667,0,0,1,0,0,0.011974,338,338,312,0.923077,2.35457,2.68593,0.456225,0.251687,0.0315247,0.0295563,0.000114936,-1.92922e-06,0.012625,0.00991452,1,-0.000161118,-0.00959877,0.00959877,-0.000161118,1,1,0.00971152,-0.000251337,-0.00011275,9.0219e-05,0,0,0,0,0,0,0,0,0,0,0,0,0,0,0,0,0,0,0,0,0,0,0,255,0.22,7.82422,0.22,0.00312722,0.00358722,1,1,1,1,1,1,1,-0.596326,-3.11898,0.124035,0.000542195,-0.00109824,0.023844,12.4464,25392,1,367,157.987,6348,0,0.000884653,0.0119064,0.0154031,0,0,0,1,312,0.225,9.73668e-05,-1.58663e-06,-3.56991e-07,-2.19075e-05,-4.47129e-06,-2.14462e-05,0.0118113,0.176178,0.0164731,-0.0205798,-0.189591,0.000643884,0.000405986,0.000921007,12.2498,0,0,0,0,0,0,-1,1,-9.0462e-07,-3.41779e-06,-0.189227,0,12.6697,1,1010,1010,1010,1010,0,0,0,0,12.674,30,0.0122127,0.00334758,51,0.0169153,-0.00784066,56,0.000794844,-0.000130269,1,0,0,3,-0.0122312,-0.0005023,3,-0.00859276,-0.00162202,56,0.00690113,0.00635011,56,0.00902099,0.00270867,56,0.00803086,-0.00017699
5490064313906,5490051615000,5490051615000,5490064294777,73729,12.6798,5490072982545,21.3675,0,25995,101668,0,0,1,0,0,0.008022,334,330,330,1,2.33367,2.55941,0.384244,0.22115,-0.0218201,0.0477524,-1.33651e-05,0.000107128,0.00237353,-0.0101968,1,0.0133543,0.00166605,-0.00166605,0.0133543,1,1,-0.00119065,0.0131091,-0.000475402,0.000245191,0,0,0,0,0,0,0,0,0,0,0,0,0,0,0,0,0,0,0,0,0,0,0,255,0.22,8.57149,0.22,-0.00359985,0.0101038,1,1,1,1,0,1,1,-0.596326,-3.11898,0.124035,0.000542195,-0.00109824,0.023844,21.7661,25392,1,367,167.306,6348,0,0.000884653,0.0119064,0.0154031,0,0,0,1,330,0.225,-1.13753e-05,9.08356e-05,2.0438e-05,2.55945e-06,2.0549e-05,-1.33726e-06,0.0118319,0.176177,0.016455,-0.020565,-0.189581,-0.00186643,0.00110336,0.000218302,9.08985,1,0,0,0,0,0,-1,1,-9.0462e-07,-3.41779e-06,-0.189227,0,21.9815,1,1010,1010,1010,1010,0,0,0,0,21.9857,56,-0.0106977,0.0106143,43,-0.00394283,0.00978131,56,-0.00331171,0.0156997,1,0,0,2,0,0,4,-0.00427304,0.00970825,56,-0.00119332,0.0113068,56,-0.0046354,0.0133365,56,-0.00382368,0.0122181
5490073544919,5490063596000,5490063596000,5490073527067,73729,9.93107,5490083523623,19.9276,0,25995,101669,0,0,1,0,0,0.011981,332,329,320,0.972644,2.37004,2.51744,0.432633,0.247242,-0.0118561,0.05159,-5.54649e-05,7.32802e-05,-0.00478328,0.00896249,1,0.00611637,0.00462941,-0.00462941,0.00611637,1,1,-0.00436346,0.00568822,-0.000265952,0.000428143,0,0,0,0,0,0,0,0,0,0,0,0,0,0,0,0,0,0,0,0,0,0,0,255,0.22,7.67213,0.22,-0.00162541,0.00618751,1,1,1,1,0,1,1,-0.596326,-3.11898,0.124035,0.000542195,-0.00109824,0.023844,32.3077,25392,1,367,177.848,6348,0,0.000884653,0.0119064,0.0154031,0,0,0,1,320,0.225,-4.69846e-05,6.21148e-05,1.39758e-05,1.05715e-05,1.57109e-05,7.7483e-06,0.0118476,0.176185,0.0164436,-0.0205449,-0.189577,-0.00158993,0.00192664,-0.000314518,10.3232,1,0,0,0,0,0,-1,1,-9.0462e-07,-3.41779e-06,-0.189227,0,32.5266,1,1010,1010,1010,1010,0,0,0,0,32.5309,47,0.00421427,0.00767426,43,-0.0207651,0.0016411,56,0.000123572,0.00836429,1,0,0,2,0,0,3,-0.00268239,0.00460315,56,-0.000185286,0.00754993,56,-0.00489904,0.00505086,56,-0.00456588,0.00748815
5490084098572,5490071620000,5490071620000,5490084081757,73729,12.4618,5490092817452,21.1975,0,25995,101670,0,0,1,0,0,0.008024,338,335,335,1,2.35039,2.65156,0.429485,0.221372,-0.0519714,0.00552368,-6.84152e-05,3.64563e-06,-0.000756621,-0.00649541,1,0.00045434,0.00852632,-0.00852632,0.00045434,1,1,-0.00835288,0.000260995,-0.000173438,0.000193345,0,0,0,0,0,0,0,0,0,0,0,0,0,0,0,0,0,0,0,0,0,0,0,255,0.22,8.06236,0.22,-0.00824036,-0.000359546,1,1,1,1,0,1,1,-0.596326,-3.11898,0.124035,0.000542195,-0.00109824,0.023844,41.602,25392,1,367,187.142,6348,0,0.000884653,0.0119064,0.0154031,0,0,0,1,335,0.225,-5.80743e-05,3.1041e-06,6.98422e-07,1.30667e-05,3.14347e-06,1.27001e-05,0.0118507,0.176197,0.0164361,-0.0205578,-0.18958,-0.00196001,0.000870054,-0.000943633,9.06851,1,0,0,0,0,0,-1,1,-9.0462e-07,-3.41779e-06,-0.189227,0,41.8226,1,1010,1010,1010,1010,0,0,0,0,41.8268,56,-0.0152789,0.00555253,50,-0.0161546,-0.00391016,56,-0.0102667,-0.00323302,1,0,0,2,0,0,2,0,0,56,-0.013702,-0.00405351,56,-0.008979,0.00424927,56,-0.0124911,0.00726003
5490093375252,5490083589000,5490083589000,5490093357956,73729,9.76896,5490103857478,20.2685,0,25995,101671,0,0,1,0,0,0.011969,337,336,336,1,2.36339,2.88526,0.478318,0.226169,-0.00878906,-0.0114212,-2.98896e-05,-2.51649e-05,0.00587832,0.00298898,1,-0.00210251,0.00249725,-0.00249725,-0.00210251,1,1,-0.00264669,-0.00218658,0.000149445,8.40734e-05,0,0,0,0,0,0,0,0,0,0,0,0,0,0,0,0,0,0,0,0,0,0,0,255,0.22,7.17646,0.22,0.00100536,-0.00311622,1,1,1,1,0,1,1,-0.596334,-3.11897,0.123866,-0.00211875,-0.00132017,0.0232001,2.61122,25393,1,367,198.149,6348,0,0.000884653,0.0119064,0.0154031,0,0,0,1,336,0.225,-2.53439e-05,-2.13588e-05,-4.80573e-06,5.70237e-06,-3.64599e-06,6.50529e-06,0.0118471,0.176204,0.0164314,-0.0205488,-0.189594,-0.00104441,0.00037833,-0.00137353,2.44004,2,0,0,0,0,0,-1,1,-9.0462e-07,-3.41779e-06,-0.189231,0,2.84839,1,1010,1010,1010,1010,0,0,0,0,2.8526,56,0.00197726,-0.00151786,50,-0.00709738,0.000941096,56,0.00043793,-0.00151678,1,0,0,2,0,0,3,0.0240109,0.00346825,56,-0.00252879,0.00278784,56,-0.000691897,-0.00395355,56,-0.00168559,-0.00479293
5490104392556,5490091634000,5490091634000,5490104379908,73729,12.7459,5490113012861,21.3789,0,25995,101672,0,0,1,0,0,0.008045,338,337,337,1,2.3407,2.56718,0.424929,0.22591,-0.0140076,-0.0171814,-1.99933e-05,-1.1059e-06,-0.00268346,-0.00292301,1,-0.000137465,0.00248519,-0.00248519,-0.000137465,1,1,-0.00275653,-0.000245515,0.000271339,0.00010805,0,0,0,0,0,0,0,0,0,0,0,0,0,0,0,0,0,0,0,0,0,0,0,255,0.22,8.06084,0.22,-0.000309069,-0.00255853,1,1,1,1,1,1,1,-0.596334,-3.11897,0.123866,-0.00211875,-0.00132017,0.0232001,11.7975,25393,1,367,9.16231,6349,0,0.000884653,0.01178,0.0169511,0,0,0,1,337,0.225,-1.69498e-05,-9.71221e-07,-2.18525e-07,3.8137e-06,5.02806e-07,3.78628e-06,0.0118476,0.176208,0.0164314,-0.0205488,-0.189594,-0.000717239,0.000486226,-0.00155061,11.5909,0,0,0,0,0,0,-1,1,-9.0462e-07,-3.41779e-06,-0.189231,0,12.0153,1,1010,1010,1010,1010,0,0,0,0,12.0195,56,-0.00507949,-0.00550687,51,-0.0157763,0.00469549,56,0.00188044,-0.00492675,1,0,0,3,-0.0116575,0.00276395,2,0,0,56,-0.00092925,-0.00357325,56,-0.00473771,-0.00306602,56,-0.00419493,-0.00234285
5490113617644,5490103586000,5490103586000,5490113599495,73729,10.0135,5490123860090,20.2741,0,25995,101673,0,0,1,0,0,0.011952,334,332,332,1,2.36717,2.64852,0.53543,0.223372,0.00740051,-0.0420074,-2.29286e-05,-9.75741e-05,-0.00184375,0.0032094,1,-0.00816383,0.00191839,-0.00191839,-0.00816383,1,1,-0.0021784,-0.00796057,0.000260012,-0.000203266,0,0,0,0,0,0,0,0,0,0,0,0,0,0,0,0,0,0,0,0,0,0,0,255,0.22,7.12772,0.22,0.00179341,-0.00650116,1,1,1,1,0,1,1,-0.596334,-3.11897,0.123866,-0.00211875,-0.00132017,0.0232001,22.6466,25393,1,367,20.0114,6349,0,0.000884653,0.01178,0.0169511,0,0,0,1,332,0.225,-1.93565e-05,-8.27313e-05,-1.86145e-05,4.35521e-06,-1.74579e-05,7.78418e-06,0.0118301,0.176215,0.0164222,-0.0205655,-0.189592,-0.00028527,-0.000914696,-0.00116426,10.6312,1,0,0,0,0,0,-1,1,-9.0462e-07,-3.41779e-06,-0.189231,0,22.8877,1,1010,1010,1010,1010,0,0,0,0,22.8919,56,0.00728418,-0.00839016,45,-0.0183832,-0.00488603,56,0.00351927,-0.0046947,0,0,0,2,0,0,5,-0.00566705,-0.0115192,56,0.0030897,-0.00894966,56,0.00185482,-0.00837344,56,-0.0010456,-0.00495136
5490124439891,5490111622000,5490111622000,5490124422428,73729,12.8004,5490133103418,21.4814,0,25995,101674,0,0,1,0,0,0.008036,335,332,312,0.939759,2.32933,2.55756,0.490874,0.213261,0.0196533,-0.0391769,7.05531e-05,-9.02678e-05,0.0119944,0.00758304,1,-0.0112329,-0.00877963,0.00877963,-0.0112329,1,1,0.00855371,-0.0110161,0.000225927,-0.000216805,0,0,0,0,0,0,0,0,0,0,0,0,0,0,0,0,0,0,0,0,0,0,0,255,0.22,7.82574,0.22,0.00486502,-0.0085101,1,1,1,1,0,1,1,-0.596334,-3.11897,0.123866,-0.00211875,-0.00132017,0.0232001,31.8925,25393,1,367,29.2573,6349,0,0.000884653,0.01178,0.0169511,0,0,0,1,312,0.225,5.97133e-05,-7.65533e-05,-1.72245e-05,-1.34355e-05,-1.94393e-05,-9.94882e-06,0.0118107,0.176205,0.0164636,-0.0205706,-0.18957,0.00115154,-0.000975621,0.000107899,9.03031,1,0,0,0,0,0,-1,1,-9.0462e-07,-3.41779e-06,-0.189231,0,32.104,1,1010,1010,1010,1010,0,0,0,0,32.1082,56,0.00210097,-0.00930139,46,0.012958,-0.0180838,56,0.00592003,-0.0108108,1,0,0,2,0,0,4,-0.00120137,-0.0085248,35,0.00307013,-0.00832066,56,0.00944293,-0.0118587,56,0.00590222,-0.0119899
5490133666311,5490123586000,5490123586000,5490133646533,73729,10.0605,5490143877998,20.292,0,25995,101675,0,0,1,0,0,0.011964,342,340,330,0.970588,2.3737,2.65604,0.443874,0.222317,0.0271759,-0.0275803,2.48499e-05,-4.81024e-05,-0.00695897,0.000879418,1,-0.0040206,-0.00207706,0.00207706,-0.0040206,1,1,0.00230615,-0.00367044,-0.000229094,-0.000350162,0,0,0,0,0,0,0,0,0,0,0,0,0,0,0,0,0,0,0,0,0,0,0,255,0.22,6.92546,0.22,0.00245795,-0.00248958,1,1,1,1,0,1,1,-0.596334,-3.11897,0.123866,-0.00211875,-0.00132017,0.0232001,42.6619,25393,1,367,40.0269,6349,0,0.000884653,0.01178,0.0169511,0,0,0,1,330,0.225,2.10858e-05,-4.08102e-05,-9.18229e-06,-4.74429e-06,-9.90806e-06,-2.92947e-06,0.0118008,0.176202,0.0164547,-0.0205956,-0.189529,0.00141655,-0.00157573,0.00195798,10.5509,1,0,0,0,0,0,-1,1,-9.0462e-07,-3.41779e-06,-0.189231,0,42.893,1,1010,1010,1010,1010,0,0,0,0,42.8972,56,0.00385439,-0.00728942,49,-0.00643097,0.0023789,47,0.00129364,-0.00631859,1,0,0,2,0,0,7,0.0130023,-0.00954377,56,0.00336767,-0.00616468,56,0.00392778,-0.00254707,56,0.00310402,-0.00496598
5490144433373,5490131617000,5490131617000,5490144422076,73729,12.8051,5490154572911,22.9559,0,25995,101676,0,0,1,0,0,0.008031,340,338,338,1,2.32905,3.62738,0.457855,0.25939,-0.00128174,-0.0267181,-1.30621e-05,-2.78681e-05,-0.00209577,-0.00318059,1,-0.00347006,0.00162645,-0.00162645,-0.00347006,1,1,-0.000887216,-0.00311012,-0.000739238,-0.000359948,0,0,0,0,0,0,0,0,0,0,0,0,0,0,0,0,0,0,0,0,0,0,0,255,0.22,7.53606,0.22,-0.00194612,-0.00379498,1,1,1,1,0,1,1,-0.596389,-3.11898,0.123948,0.000100479,-0.0009589,0.0236497,3.09615,25394,1,367,50.6927,6349,0,0.000884653,0.01178,0.0169511,0,0,0,1,338,0.225,-1.10806e-05,-2.36286e-05,-5.31644e-06,2.49313e-06,-4.75162e-06,3.44931e-06,0.011796,0.176206,0.0164618,-0.0206129,-0.189447,0.000339328,-0.00161976,0.00293272,2.92532,2,0,0,0,0,0,-1,1,-9.0462e-07,-3.41779e-06,-0.189083,0,3.31032,1,1010,1010,1010,1010,0,0,0,0,3.31486,56,0.00178789,-0.00303836,50,0.00115382,0.00908531,56,0.00788798,-0.00715534,2,0,0,2,0,0,4,-0.0144926,0.0468811,56,-0.00399815,-0.00587999,56,-0.00476544,-0.00809755,56,0.000885009,-0.00845846
5490155075082,5490143584000,5490143584000,5490155058730,73729,11.4747,5490165258898,21.6749,0,25995,101677,0,0,1,0,0,0.011967,333,331,330,0.996979,2.37687,2.58411,0.406114,0.218965,-0.00240326,-0.006073,-1.59945e-05,-6.13716e-05,-0.00383925,0.0144208,1,-0.00512841,0.00133655,-0.00133655,-0.00512841,1,1,-0.000553441,-0.00499307,-0.000783111,-0.000135333,0,0,0,0,0,0,0,0,0,0,0,0,0,0,0,0,0,0,0,0,0,0,0,255,0.22,7.99862,0.22,-0.00132064,0.000334242,1,1,1,1,1,1,1,-0.596389,-3.11898,0.123948,0.000100479,-0.0009589,0.0236497,13.7873,25394,1,367,61.3839,6349,0,0.000884653,0.01178,0.0169511,0,0,0,1,330,0.225,-1.35526e-05,-5.20607e-05,-1.17137e-05,3.04934e-06,-1.09286e-05,5.19975e-06,0.0117851,0.176211,0.0164524,-0.0206202,-0.189427,-0.00061751,-0.000608998,0.00232519,9.06133,1,0,0,0,0,0,-1,1,-9.0462e-07,-3.41779e-06,-0.189083,0,13.9995,1,1010,1010,1010,1010,0,0,0,0,14.004,56,0.000443378,-0.00434408,43,-0.0181424,-0.0230338,56,-0.000557505,0.00156404,1,0,0,2,0,0,4,-0.0179243,-0.000796383,56,0.00193087,-0.00211345,56,0.00146233,-0.00403862,56,-0.00412809,-0.00347008
5490165831587,5490151611000,5490151611000,5490165818217,73729,14.2072,5490174424485,22.8135,0,25995,101678,0,0,1,0,0,0.008027,334,331,331,1,2.35246,2.49609,0.479892,0.223372,-0.0267944,0.0120544,-6.53133e-05,2.32207e-05,-0.00502252,-0.0106843,1,0.00289282,0.0081367,-0.0081367,0.00289282,1,1,-0.00735358,0.00302816,-0.000783111,-0.000135333,0,0,0,0,0,0,0,0,0,0,0,0,0,0,0,0,0,0,0,0,0,0,0,255,0.22,8.61997,0.22,-0.0058301,0.00454912,1,1,1,1,0,1,1,-0.596389,-3.11898,0.123948,0.000100479,-0.0009589,0.0236497,22.9818,25394,1,367,70.5784,6349,0,0.000884653,0.01178,0.0169511,0,0,0,1,331,0.225,-5.53482e-05,1.97273e-05,4.43865e-06,1.24534e-05,6.69877e-06,1.13941e-05,0.0117918,0.176222,0.0164524,-0.0206202,-0.189427,-0.00061751,-0.000608998,0.00232519,18.2343,0,0,0,0,0,0,-1,1,-9.0462e-07,-3.41779e-06,-0.189083,0,23.2104,1,1010,1010,1010,1010,0,0,0,0,23.215,56,-0.000695263,7.52864e-05,43,0.0210973,0.00497704,56,-0.0084614,0.0017235,2,0,0,2,0,0,6,0.0142543,-0.0375001,54,-0.00764447,0.00695733,56,-0.0109797,0.00633654,56,-0.00450545,0.00754956
5490175007841,5490159628000,5490159628000,5490174989359,73729,15.3614,5490184660931,25.0329,0,25995,101679,0,0,1,0,0,0.008017,336,333,333,1,2.33396,2.64528,0.493226,0.223724,-0.013855,0.0202942,-3.47088e-05,2.87923e-05,-0.00420001,0.00743757,1,0.0035914,0.0043294,-0.0043294,0.0035914,1,1,-0.00390703,0.00354395,-0.000422378,4.74518e-05,0,0,0,0,0,0,0,0,0,0,0,0,0,0,0,0,0,0,0,0,0,0,0,255,0.22,7.68321,0.22,-0.00286034,0.00547756,1,1,1,1,0,1,1,-0.596389,-3.11898,0.123948,0.000100479,-0.0009589,0.0236497,33.2147,25394,1,367,80.8117,6349,0,0.000884653,0.01178,0.0169511,0,0,0,1,333,0.225,-2.93908e-05,2.44336e-05,5.49756e-06,6.61293e-06,6.64088e-06,5.45926e-06,0.0117984,0.176228,0.0164454,-0.0206048,-0.189423,-0.00124144,0.000213533,0.000527413,10.01,1,0,0,0,0,0,-1,1,-9.0462e-07,-3.41779e-06,-0.189083,0,33.4358,1,1010,1010,1010,1010,0,0,0,0,33.4404,56,0.00286954,0.00232518,45,-0.0465059,0.00298021,56,-0.00165844,0.00769213,0,0,0,2,0,0,6,-0.00196845,0.0078782,56,-0.00335247,-0.0043343,56,-0.00468969,0.00278207,56,-0.00110877,0.00517345
5490185218343,5490171615000,5490171615000,5490185204306,73729,13.5893,5490194655487,23.0405,0,25995,101680,0,0,1,0,0,0.011987,338,333,333,1,2.35524,2.57711,0.401114,0.230557,-0.0133972,0.0617981,-4.99484e-05,0.000123364,-0.00429792,0.0054826,1,0.0102915,0.00416688,-0.00416688,0.0102915,1,1,-0.00426687,0.00991859,9.99976e-05,0.000372928,0,0,0,0,0,0,0,0,0,0,0,0,0,0,0,0,0,0,0,0,0,0,0,255,0.22,7.74115,0.22,-0.00167517,0.00889442,1,1,1,1,0,1,1,-0.596389,-3.11898,0.123948,0.000100479,-0.0009589,0.0236497,43.2137,25394,1,367,90.8103,6349,0,0.000884653,0.01178,0.0169511,0,0,0,1,333,0.225,-4.24205e-05,0.000104524,2.35179e-05,9.54461e-06,2.48861e-05,4.94568e-06,0.0118233,0.176233,0.0164385,-0.0205865,-0.189433,-0.000974787,0.00167818,-0.00113982,9.77376,1,0,0,0,0,0,-1,1,-9.0462e-07,-3.41779e-06,-0.189083,0,43.4479,1,1010,1010,1010,1010,0,0,0,0,43.4524,56,-0.0122406,0.00377211,45,0.00668944,0.0150919,56,-0.00194611,0.0124522,2,0,0,2,0,0,4,-0.00489234,-0.0194485,56,-0.000855993,0.010721,56,-0.00373892,0.00683032,56,-0.00407652,0.00910535
5490195231528,5490179623000,5490179623000,5490195218325,73729,15.5953,5490205405252,25.7823,0,25995,101681,0,0,1,0,0,0.008008,335,330,330,1,2.33081,3.11839,0.429948,0.226502,0.0129547,0.0377502,6.78226e-05,7.96399e-05,0.013509,-0.00789806,1,0.00994504,-0.00846936,0.00846936,0.00994504,1,1,0.00788461,0.00957944,0.000584746,0.000365604,0,0,0,0,0,0,0,0,0,0,0,0,0,0,0,0,0,0,0,0,0,0,0,255,0.22,7.62113,0.22,0.00496655,0.00691458,1,1,1,1,0,1,1,-0.59636,-3.119,0.123803,-0.000922853,-0.00146607,0.0235094,4.09707,25395,1,367,101.53,6349,0,0.000884653,0.01178,0.0169511,0,0,0,1,330,0.225,5.7503e-05,6.75774e-05,1.52049e-05,-1.29382e-05,1.24977e-05,-1.55687e-05,0.0118358,0.176217,0.0164486,-0.020565,-0.189457,-0.000230625,0.00164522,-0.00228959,3.91138,2,0,0,0,0,0,-1,1,-9.0462e-07,-3.41779e-06,-0.189094,0,4.31135,1,1010,1010,1010,1010,0,0,0,0,4.31605,56,0.00741067,0.0183079,41,0.0202642,-0.0115206,56,0.00396961,0.00749824,1,0,0,3,0.0222773,0.000547086,5,-0.0136038,0.0516501,56,0.00090503,0.0104382,56,0.00648367,0.009392,56,0.00701821,0.00686894
5490205920052,5490191614000,5490191614000,5490205902552,73729,14.2886,5490217394082,25.7801,0,25995,101682,0,0,1,0,0,0.011991,332,331,331,1,2.36309,2.61265,0.442374,0.22202,0.0316467,0.0209351,6.16625e-05,4.86892e-05,0.00275234,-0.0023134,1,0.00406048,-0.0051424,0.0051424,0.00406048,1,1,0.00479706,0.00396475,0.000345339,9.57233e-05,0,0,0,0,0,0,0,0,0,0,0,0,0,0,0,0,0,0,0,0,0,0,0,255,0.22,8.14832,0.22,0.00485241,0.00109289,1,1,1,1,1,1,1,-0.59636,-3.119,0.123803,-0.000922853,-0.00146607,0.0235094,16.083,25395,1,367,113.516,6349,0,0.000884653,0.01178,0.0169511,0,0,0,1,331,0.225,5.22361e-05,4.12932e-05,9.29098e-06,-1.17531e-05,6.9137e-06,-1.32913e-05,0.0118427,0.176204,0.0164486,-0.0205635,-0.189449,0.000225584,0.000430755,-0.00106275,10.3893,1,0,0,0,0,0,-1,1,-9.0462e-07,-3.41779e-06,-0.189094,0,16.2979,1,1010,1010,1010,1010,0,0,0,0,16.3026,56,0.0047161,0.000913857,45,0.0090704,0.00161693,56,0.00191573,0.00405619,1,0,0,2,0,0,3,-0.000649942,0.0135434,56,0.00828759,0.00504421,56,0.00555981,0.00234728,56,0.00491231,0.00426808
5490217918234,5490199630000,5490199630000,5490217899790,73729,18.2698,5490226714059,27.0841,0,25995,101683,0,0,1,0,0,0.008016,334,333,333,1,2.34981,2.60211,0.463318,0.221872,0.00912476,0.00314331,-1.86916e-05,-1.44155e-05,-0.0140886,0.00475516,1,-0.00179834,0.00233179,-0.00233179,-0.00179834,1,1,-0.00222979,-0.00184366,-0.000101992,4.53202e-05,0,0,0,0,0,0,0,0,0,0,0,0,0,0,0,0,0,0,0,0,0,0,0,255,0.22,-0.146927,0.22,0.00310267,-0.00160436,1,1,1,1,0,1,1,-0.59636,-3.119,0.123803,-0.000922853,-0.00146607,0.0235094,25.4083,25395,1,367,122.841,6349,0,0.000884653,0.01178,0.0169511,0,0,0,1,333,0.225,-1.5769e-05,-1.22244e-05,-2.7505e-06,3.54803e-06,-2.03393e-06,4.0021e-06,0.0118407,0.176208,0.0164664,-0.0205638,-0.189422,0.000480145,0.000203941,0.000751287,9.11544,1,0,0,0,0,0,-1,1,-9.0462e-07,-3.41779e-06,-0.189094,0,25.6263,1,1010,1010,1010,1010,0,0,0,0,25.631,56,0.00384862,0.00097652,46,-0.0191959,-0.0186181,56,0.00584553,0.00849121,1,0,0,2,0,0,4,-0.0194997,-0.0432539,56,0.000907335,-0.00550039,56,-0.000901123,0.000909458,56,-0.00333919,0.00233674
5490227251544,5490211615000,5490211615000,5490227234174,73729,15.6192,5490237563140,25.9481,0,25995,101684,0,0,1,0,0,0.011985,332,330,330,1,2.31917,2.54567,0.475152,0.220853,0.00460815,-0.000869751,3.10839e-06,1.24461e-05,-0.000860324,-0.00080185,1,0.00103847,-0.000259357,0.000259357,0.00103847,1,1,0.000563802,0.00118576,-0.000304445,-0.000147287,0,0,0,0,0,0,0,0,0,0,0,0,0,0,0,0,0,0,0,0,0,0,0,255,0.22,9.18638,0.22,0.000784133,-0.000835998,1,1,1,1,0,1,1,-0.59636,-3.119,0.123803,-0.000922853,-0.00146607,0.0235094,36.2545,25395,1,367,133.687,6349,0,0.000884653,0.01178,0.0169511,0,0,0,1,330,0.225,2.69442e-06,1.05693e-05,2.3781e-06,-6.06244e-07,2.22118e-06,-1.04296e-06,0.0118429,0.176207,0.0164734,-0.0205794,-0.189385,0.00129783,-0.000662792,0.00213427,10.6324,1,0,0,0,0,0,-1,1,-9.0462e-07,-3.41779e-06,-0.189094,0,36.4689,1,1010,1010,1010,1010,0,0,0,0,36.4736,56,0.00442809,0.00072788,43,0.00333146,0.00767716,56,0.000383425,-0.00374731,2,0,0,2,0,0,3,-0.0175982,-0.0200136,56,-0.00104523,-0.00245904,56,-0.000763888,0.000916593,56,0.00200463,0.00386214
5490238108144,5490219621000,5490219621000,5490238088310,73729,18.4673,5490247366361,27.7454,0,25995,101685,0,0,1,0,0,0.008006,333,333,331,0.993994,2.46568,2.64076,0.432318,0.233113,0.0141296,-0.0267639,-4.7013e-05,-5.45104e-05,-0.0279936,0.000199975,1,-0.00680869,0.00587222,-0.00587222,-0.00680869,1,1,-0.00520818,-0.00638049,-0.000664033,-0.000428203,0,0,0,0,0,0,0,0,0,0,0,0,0,0,0,0,0,0,0,0,0,0,0,255,0.22,-0.253613,0.22,0.00160816,-0.00588513,1,1,1,1,0,1,1,-0.59636,-3.119,0.123803,-0.000922853,-0.00146607,0.0235094,46.0676,25395,1,367,143.5,6349,0,0.000884653,0.01178,0.0169511,0,0,0,1,331,0.225,-3.97628e-05,-4.61998e-05,-1.0395e-05,8.94662e-06,-8.5264e-06,1.07421e-05,0.0118344,0.176218,0.0164871,-0.0206055,-0.189339,0.000810322,-0.00192691,0.00303878,9.57892,1,0,0,0,0,0,-1,1,-9.0462e-07,-3.41779e-06,-0.189094,0,46.2976,1,1010,1010,1010,1010,0,0,0,0,0.218335,56,0.00532546,-0.00805728,45,-0.0226804,-0.0278529,56,-0.00124952,0.00293217,2,0,0,1,0,0,3,-0.00930581,-0.0389343,56,-0.00277988,-0.0105167,56,-0.00272471,-0.00791131,56,-0.00110835,-0.00186618
5490248093811,5490239638000,5490239638000,5490248078014,73729,8.44001,5490257087933,17.4499,1,25996,101686,0,0,1,0,0,0.020017,334,333,333,1,2.38731,2.80939,0.432336,0.222576,-0.0176239,-0.107147,-3.15974e-05,-0.000216248,-0.000440536,0.00758474,1,-0.0108032,0.00157853,-0.00157853,-0.0108032,1,1,-0.000707028,-0.0103532,-0.0008715,-0.000449974,0,0,0,0,0,0,0,0,0,0,0,0,0,0,0,0,0,0,0,0,0,0,0,255,0.22,-0.388502,0.22,-0.00252464,-0.00807043,1,1,1,0,0,1,1,-0.596418,-3.11901,0.123642,-0.00124991,-0.00051399,0.0233281,0.228668,25396,1,367,153.205,6349,0,0.000884653,0.01178,0.0169511,0,0,0,1,333,0.225,-2.68479e-05,-0.000183422,-4.127e-05,6.04078e-06,-3.93901e-05,1.36951e-05,0.011795,0.176231,0.0164718,-0.020636,-0.189262,5.86035e-05,-0.00202488,0.00318428,0.006741,2,0,0,0,0,0,-1,1,-9.0462e-07,-3.41779e-06,-0.18893,0,0.427169,1,1010,1010,1010,1010,0,0,0,0,9.89065,56,-0.00284862,-0.0104804,46,-0.0074147,-0.00871374,56,8.60686e-06,-0.0103645,2,0,0,2,0,0,3,-0.00286252,0.0264101,56,0.000389431,-0.00976893,56,-0.00235657,-0.0139895,56,-0.00349163,-0.0119625
5490259672823,5490251638000,5490251638000,5490259655748,73729,8.01775,5490270151067,18.5131,0,25996,101687,0,0,1,0,0,0.012,336,333,333,1,2.32209,2.6887,0.460096,0.230927,-0.0314331,-0.0234985,-6.15538e-05,-5.37177e-05,-0.0013025,-0.00228703,1,-0.00447647,0.00512948,-0.00512948,-0.00447647,1,1,-0.00420853,-0.00409804,-0.00092095,-0.000378428,0,0,0,0,0,0,0,0,0,0,0,0,0,0,0,0,0,0,0,0,0,0,0,255,0.22,1.03216,0.22,-0.00519221,-0.00103945,1,1,1,1,1,1,1,-0.596418,-3.11901,0.123642,-0.00124991,-0.00051399,0.0233281,13.2977,25396,1,367,166.274,6349,0,0.000884653,0.01178,0.0169511,0,0,0,1,333,0.225,-5.21727e-05,-4.5538e-05,-1.0246e-05,1.17388e-05,-7.85668e-06,1.34556e-05,0.0117872,0.176245,0.0164718,-0.020636,-0.189262,-0.000617586,-0.00170293,0.00282135,13.0844,0,0,0,0,0,0,-1,1,-9.0462e-07,-3.41779e-06,-0.18893,0,13.5174,1,1010,1010,1010,1010,0,0,0,0,22.9809,56,-0.00145402,-0.00317644,46,-0.0070966,-0.0106226,56,-0.00275056,-0.00243686,1,0,0,2,0,0,4,-0.00270507,-0.069692,56,-0.00641765,-0.00120501,56,-0.00681377,-0.00313309,56,-0.00592779,-0.00459943
5490270731683,5490259622000,5490259622000,5490270711775,73729,11.0898,5490279995974,20.374,0,25996,101688,0,0,1,0,0,0.007984,339,336,336,1,2.35017,3.00136,0.404355,0.22465,-0.0201874,-0.00602722,-1.34424e-05,-3.13922e-05,0.00405359,0.00932448,1,-0.00393189,0.00168367,-0.00168367,-0.00393189,1,1,-0.00110117,-0.00383679,-0.000582501,-9.51035e-05,0,0,0,0,0,0,0,0,0,0,0,0,0,0,0,0,0,0,0,0,0,0,0,255,0.22,1.95416,0.22,-0.00417091,0.000894514,1,1,1,1,0,1,1,-0.596418,-3.11901,0.123642,-0.00124991,-0.00051399,0.0233281,23.1688,25396,1,367,176.145,6349,0,0.000884653,0.01178,0.0169511,0,0,0,1,336,0.225,-1.14499e-05,-2.66103e-05,-5.98733e-06,2.57622e-06,-5.39547e-06,3.65613e-06,0.0117818,0.176249,0.0164677,-0.020629,-0.189246,-0.000787217,-0.000427966,0.00146723,9.66289,1,0,0,0,0,0,-1,1,-9.0462e-07,-3.41779e-06,-0.18893,0,23.3865,1,1010,1010,1010,1010,0,0,0,0,32.85,56,-0.00783383,-0.00178486,49,0.0286121,-0.00983436,56,-0.00467759,-0.00418198,1,0,0,2,0,0,4,-0.0189081,-0.0183493,56,-0.00272529,-0.000754946,56,-0.00442482,-0.000859214,56,-0.00571508,-0.00310407
5490280551682,5490271606000,5490271606000,5490280535163,73729,8.92916,5490290112271,18.5063,0,25996,101689,0,0,1,0,0,0.011984,337,334,333,0.997006,2.30859,2.79048,0.447855,0.226946,-0.0253601,0.0158691,-9.52177e-05,2.03245e-05,-0.00594914,0.00620752,1,0.00169597,0.0079454,-0.0079454,0.00169597,1,1,-0.00775855,0.00154279,-0.000186853,0.000153181,0,0,0,0,0,0,0,0,0,0,0,0,0,0,0,0,0,0,0,0,0,0,0,255,0.22,1.61014,0.22,-0.00393395,0.00311566,1,1,1,1,0,1,1,-0.596418,-3.11901,0.123642,-0.00124991,-0.00051399,0.0233281,33.2623,25396,1,367,186.238,6349,0,0.000884653,0.01178,0.0169511,0,0,0,1,333,0.225,-8.07602e-05,1.71845e-05,3.86652e-06,1.8171e-05,7.20864e-06,1.71181e-05,0.011789,0.176266,0.0164571,-0.0206231,-0.189256,-0.0013725,0.000689314,-0.000425327,9.90837,1,0,0,0,0,0,-1,1,-9.0462e-07,-3.41779e-06,-0.18893,0,33.4794,1,1010,1010,1010,1010,0,0,0,0,42.9428,56,-0.00572478,-0.00210908,46,-0.00520166,0.0172437,56,-0.00501774,0.00158556,1,0,0,3,-0.00278583,-0.0149773,3,-0.00893067,-0.0189751,56,-0.00556359,-0.00146818,56,-0.00335719,0.00160192,56,-0.00744306,0.003904
5490290623831,5490279647000,5490279647000,5490290608256,73729,10.9613,5490299868048,20.221,0,25996,101690,0,0,1,0,0,0.008041,337,328,328,1,2.35716,2.9348,0.40491,0.225409,0.00728607,0.0224152,5.03639e-05,8.14932e-05,0.0128332,-0.0178167,1,0.0101347,-0.00626339,0.00626339,0.0101347,1,1,0.00597503,0.00999833,0.000288357,0.000136383,0,0,0,0,0,0,0,0,0,0,0,0,0,0,0,0,0,0,0,0,0,0,0,255,0.22,1.5504,0.22,0.00345442,0.0050438,1,1,1,1,0,1,1,-0.596418,-3.11901,0.123642,-0.00124991,-0.00051399,0.0233281,43.0168,25396,1,367,195.993,6349,0,0.000884653,0.01178,0.0169511,0,0,0,1,328,0.225,4.27121e-05,6.90924e-05,1.55458e-05,-9.61023e-06,1.34603e-05,-1.23621e-05,0.0118024,0.176253,0.0164487,-0.0206174,-0.189271,-0.00124465,0.000613724,-0.00203381,9.57065,1,0,0,0,0,0,-1,1,-9.0462e-07,-3.41779e-06,-0.188929,0,0.227817,1,1010,1010,1010,1010,0,0,0,0,0.231484,56,0.00668965,0.0109005,42,-0.00421403,0.0292567,56,0.00802691,0.00584952,1,0,0,2,0,0,3,0.0013081,0.0468597,56,-0.00103706,0.010915,56,0.00141174,0.00785428,56,0.00898623,0.00288169
5490300417718,5490291596000,5490291596000,5490300401033,73729,8.80503,5490309178228,17.5822,0,25996,101691,0,0,1,0,0,0.011949,332,331,320,0.966767,2.31011,2.69532,0.413522,0.216187,-0.00276947,0.0210495,-4.29781e-05,2.33892e-07,-0.00646686,0.0115143,1,1.95742e-05,0.0035968,-0.0035968,1.95742e-05,1,1,-0.00388515,-0.000116809,0.000288357,0.000136383,0,0,0,0,0,0,0,0,0,0,0,0,0,0,0,0,0,0,0,0,0,0,0,255,0.22,1.19555,0.22,0.00070812,0.00147852,1,1,1,0,0,1,1,-0.596408,-3.11902,0.123564,2.17953e-05,-0.00182863,0.0236544,9.29525,25397,1,367,205.302,6349,0,0.000884653,0.01178,0.0169511,0,0,0,1,320,0.225,-3.64291e-05,1.65991e-07,3.7348e-08,8.19655e-06,1.57586e-06,8.04258e-06,0.011804,0.176261,0.0164487,-0.0206174,-0.189271,-0.00124465,0.000613724,-0.00203381,18.8792,0,0,0,0,0,0,-1,1,-9.0462e-07,-3.41779e-06,-0.188929,0,9.49181,1,1010,1010,1010,1010,0,0,0,0,9.49548,56,-0.00351943,0.00129487,44,-0.00694458,0.00456533,45,0.00108418,0.00459472,1,0,0,2,0,0,4,0.00174331,-0.0529487,56,0.00283582,-0.00282574,56,-0.000619262,0.00151317,56,-0.00468086,0.00393196
5490309680435,5490299688000,5490299688000,5490309664139,73729,9.97614,5490318775355,19.0874,0,25996,101692,0,0,1,0,0,0.008092,338,336,336,1,2.34996,2.66241,0.500948,0.230354,0.0201263,0.0333862,4.01558e-05,4.43273e-06,-0.00149214,0.0115597,1,0.000547792,-0.00496241,0.00496241,0.000547792,1,1,0.004413,0.000370946,0.000549408,0.000176846,0,0,0,0,0,0,0,0,0,0,0,0,0,0,0,0,0,0,0,0,0,0,0,255,0.22,0.327669,0.22,0.00628453,0.0041845,1,1,1,1,1,1,1,-0.596408,-3.11902,0.123564,2.17953e-05,-0.00182863,0.0236544,18.8919,25397,1,367,9.54776,6350,0,0.000884653,0.0116537,0.0174482,0,0,0,1,336,0.225,3.40871e-05,3.83507e-06,8.6289e-07,-7.6696e-06,-5.93165e-07,-7.6944e-06,0.0118034,0.176254,0.0164408,-0.0206041,-0.189301,-0.000921109,0.000795806,-0.00271476,9.37488,2,0,0,0,0,0,-1,1,-9.0462e-07,-3.41779e-06,-0.188929,0,19.1051,1,1010,1010,1010,1010,0,0,0,0,19.1088,56,0.0088782,0.00944267,47,0.0130537,-0.0409364,56,-0.00122977,0.00800637,2,0,0,3,-0.00288987,0.0263576,4,-0.00496879,0.0277312,56,0.00750444,0.00809958,56,0.0059938,0.00520749,56,0.00069474,0.00666701
5490319696158,5490311600000,5490311600000,5490319680936,73729,8.08094,5490330155310,18.5553,0,25996,101693,0,0,1,0,0,0.011912,340,336,336,1,2.31474,2.65378,0.418874,0.225668,0.0266113,0.0237579,3.38883e-05,6.85949e-05,-0.00474992,0.00278485,1,0.00575847,-0.00284488,0.00284488,0.00575847,1,1,0.00261177,0.00558378,0.000233109,0.000174688,0,0,0,0,0,0,0,0,0,0,0,0,0,0,0,0,0,0,0,0,0,0,0,255,0.22,0.182687,0.22,0.00464367,0.00256927,1,1,1,1,0,1,1,-0.596408,-3.11902,0.123564,2.17953e-05,-0.00182863,0.0236544,30.2728,25397,1,367,20.9288,6350,0,0.000884653,0.0116537,0.0174482,0,0,0,1,336,0.225,2.8769e-05,5.8085e-05,1.30691e-05,-6.47303e-06,1.16173e-05,-8.81555e-06,0.011815,0.176245,0.016447,-0.020598,-0.18929,-0.000265101,0.000786098,-0.00105127,11.1989,1,0,0,0,0,0,-1,1,-9.0462e-07,-3.41779e-06,-0.188929,0,30.4916,1,1010,1010,1010,1010,0,0,0,0,30.4953,56,0.00304695,-0.00323874,49,-0.0073276,0.0182683,56,0.00765618,0.00176738,2,0,0,2,0,0,3,-0.000935509,0.00142105,56,0.00540174,0.00403516,56,0.00203019,0.00355146,56,0.00191247,0.00532252
5490330675777,5490319643000,5490319643000,5490330660758,73729,11.0178,5490339822937,20.1799,0,25996,101694,0,0,1,0,0,0.008043,333,330,330,1,2.35111,2.89887,0.3988,0.222483,0.026413,0.028656,5.81867e-05,6.1103e-05,0.00712215,-0.00286277,1,0.00759705,-0.00723445,0.00723445,0.00759705,1,1,0.00763099,0.0074333,-0.000396542,0.000163749,0,0,0,0,0,0,0,0,0,0,0,0,0,0,0,0,0,0,0,0,0,0,0,255,0.22,1.03512,0.22,0.00594125,0.00511235,1,1,1,1,0,1,1,-0.596408,-3.11902,0.123564,2.17953e-05,-0.00182863,0.0236544,39.9415,25397,1,367,30.5974,6350,0,0.000884653,0.0116537,0.0174482,0,0,0,1,330,0.225,4.93071e-05,5.18124e-05,1.16578e-05,-1.10941e-05,9.36424e-06,-1.30878e-05,0.0118244,0.176232,0.0164508,-0.0205929,-0.189243,0.00018546,0.000736869,0.00157592,9.48524,1,0,0,0,0,0,-1,1,-9.0462e-07,-3.41779e-06,-0.188929,0,40.1775,1,1010,1010,1010,1010,0,0,0,0,40.1812,56,0.00591024,0.00477565,43,0.0175141,0.0198963,56,0.00584122,0.00548827,1,0,0,1,0,0,5,0.000978182,-0.00267814,56,0.00644683,0.00619501,56,0.0094246,0.00754034,56,0.00710836,0.00823936
5490340347960,5490331598000,5490331598000,5490340336941,73729,8.73894,5490350723018,19.125,0,25996,101695,0,0,1,0,0,0.011955,337,335,335,1,2.30683,2.70548,0.443078,0.221798,0.0270081,0.00572205,4.1622e-05,1.97985e-05,-0.00531976,-0.00106767,1,0.00165609,-0.00348156,0.00348156,0.00165609,1,1,0.00450677,0.00157262,-0.00102521,8.34638e-05,0,0,0,0,0,0,0,0,0,0,0,0,0,0,0,0,0,0,0,0,0,0,0,255,0.22,0.544393,0.22,0.00344729,-0.000328023,1,1,1,1,0,1,1,-0.596408,-3.11902,0.123564,2.17953e-05,-0.00182863,0.0236544,50.8372,25397,1,367,41.4931,6350,0,0.000884653,0.0116537,0.0174482,0,0,0,1,335,0.225,3.53034e-05,1.67492e-05,3.76858e-06,-7.94326e-06,2.2097e-06,-8.50952e-06,0.0118266,0.176223,0.0164582,-0.0205916,-0.189174,0.000383423,0.000375587,0.0039975,10.7104,1,0,0,0,0,0,-1,1,-9.04621e-07,-3.41779e-06,-0.188736,0,0.211983,1,1010,1010,1010,1010,0,0,0,0,0.21615,56,-0.00196455,0.000913679,48,0.0201829,0.000636574,56,0.00424317,-0.000604597,1,0,0,2,0,0,4,-0.00136825,-0.0047394,56,0.00529333,-0.000493373,56,0.00376177,0.00140621,56,0.00210042,0.00511246
5490351234911,5490339623000,5490339623000,5490351219744,73729,11.5967,5490359604103,19.9811,0,25996,101696,0,0,1,0,0,0.008025,334,330,328,0.993939,2.41111,3.43628,0.431207,0.218095,0.00012207,-0.0178528,-3.74466e-05,-3.27279e-05,-0.00984073,0.00911978,1,-0.00407825,0.00466625,-0.00466625,-0.00407825,1,1,-0.00315819,-0.00397689,-0.00150806,-0.000101354,0,0,0,0,0,0,0,0,0,0,0,0,0,0,0,0,0,0,0,0,0,0,0,255,0.22,1.29525,0.22,-0.00158869,-0.00344343,1,1,1,2,0,1,1,-0.596417,-3.11906,0.123626,-0.00165685,-0.000997036,0.0230816,8.87599,25398,1,367,50.3829,6350,0,0.000884653,0.0116537,0.0174482,0,0,0,1,328,0.225,-3.17318e-05,-2.77718e-05,-6.24866e-06,7.13966e-06,-4.79646e-06,8.18623e-06,0.0118218,0.176231,0.0164608,-0.0206057,-0.189099,0.000485861,-0.000456091,0.0058177,8.69384,1,0,0,0,0,0,-1,1,-9.04621e-07,-3.41779e-06,-0.188736,0,9.07905,1,1010,1010,1010,1010,0,0,0,0,9.08322,56,0.00277065,-0.0101492,43,-0.0166288,-0.00851675,56,-0.00304137,0.00632931,1,0,0,2,0,0,2,0,0,56,-0.000863712,-0.00559655,56,-0.000590451,-0.00394234,56,-0.00520178,-0.00725118
5490360142274,5490351622000,5490351622000,5490360125737,73729,8.50374,5490370361128,18.7391,0,25996,101697,0,0,1,0,0,0.011999,335,329,329,1,2.312,2.59974,0.519782,0.222095,-0.0184174,-0.01474,-5.60468e-05,-8.96189e-05,-0.0079547,0.0122395,1,-0.00746886,0.00467096,-0.00467096,-0.00746886,1,1,-0.00295788,-0.00723001,-0.00171308,-0.000238857,0,0,0,0,0,0,0,0,0,0,0,0,0,0,0,0,0,0,0,0,0,0,0,255,0.22,0.035556,0.22,-0.00323855,-0.00319615,1,1,1,1,1,1,1,-0.596417,-3.11906,0.123626,-0.00165685,-0.000997036,0.0230816,19.6254,25398,1,367,61.1323,6350,0,0.000884653,0.0116537,0.0174482,0,0,0,1,329,0.225,-4.75091e-05,-7.59479e-05,-1.70883e-05,1.06895e-05,-1.47754e-05,1.37088e-05,0.011807,0.176245,0.0164541,-0.0206151,-0.189039,-0.000201971,-0.00107486,0.00600549,10.5387,1,0,0,0,0,0,-1,1,-9.04621e-07,-3.41779e-06,-0.188736,0,19.8432,1,1010,1010,1010,1010,0,0,0,0,19.8474,56,-3.02046e-05,-0.00227253,41,-0.0154379,-0.0247876,56,-0.00629927,-0.000273526,2,0,0,3,-0.00331719,0.00197809,3,0.00724818,0.0109613,56,0.0010128,-0.00573648,56,-0.00697546,-0.00443084,56,-0.00815677,-0.00577974
5490370946280,5490359660000,5490359660000,5490370928132,73729,11.2681,5490380320535,20.6605,0,25996,101698,0,0,1,0,0,0.008038,334,332,330,0.993976,2.35037,2.95585,0.489152,0.221317,-0.0233459,-0.0265427,-3.9655e-05,2.03066e-05,-0.0018651,-0.0244752,1,0.00252632,0.00493344,-0.00493344,0.00252632,1,1,-0.00367996,0.00267085,-0.00125348,-0.000144529,0,0,0,0,0,0,0,0,0,0,0,0,0,0,0,0,0,0,0,0,0,0,0,255,0.22,0.721116,0.22,-0.00606383,-0.00313721,1,1,1,1,0,1,1,-0.596417,-3.11906,0.123626,-0.00165685,-0.000997036,0.0230816,29.5921,25398,1,367,71.099,6350,0,0.000884653,0.0116537,0.0174482,0,0,0,1,330,0.225,-3.36428e-05,1.71911e-05,3.86801e-06,7.56963e-06,5.21779e-06,6.70774e-06,0.0118123,0.176252,0.0164513,-0.0206156,-0.189004,-0.000281298,-0.00065038,0.00428749,9.77,1,0,0,0,0,0,-1,1,-9.04621e-07,-3.41779e-06,-0.188736,0,29.8039,1,1010,1010,1010,1010,0,0,0,0,29.8081,56,-0.0083611,-0.00487416,41,0.00652005,0.0216288,56,-0.00477598,-0.0108324,1,0,0,2,0,0,6,-0.00172744,0.00312283,56,-0.0169034,0.00296787,56,-0.00582857,-0.00367534,56,0.00146915,-0.0027694
5490380828242,5490367674000,5490367674000,5490380811520,73729,13.1375,5490392249179,24.5752,0,25996,101699,0,0,1,0,0,0.008014,340,336,336,1,2.34644,2.87635,0.407336,0.224038,-0.0302124,-0.0360718,-4.8135e-05,-7.49172e-05,0.00420421,-0.000991071,1,-0.00934829,0.00600636,-0.00600636,-0.00934829,1,1,-0.00546028,-0.00930621,-0.00054608,-4.20789e-05,0,0,0,0,0,0,0,0,0,0,0,0,0,0,0,0,0,0,0,0,0,0,0,255,0.22,0.394799,0.22,-0.00588784,-0.00697379,1,1,1,1,0,1,1,-0.596417,-3.11906,0.123626,-0.00165685,-0.000997036,0.0230816,41.5172,25398,1,367,83.0241,6350,0,0.000884653,0.0116537,0.0174482,0,0,0,1,336,0.225,-4.08511e-05,-6.35183e-05,-1.42916e-05,9.1915e-06,-1.23104e-05,1.17118e-05,0.0117999,0.176264,0.0164381,-0.0206192,-0.189012,-0.00110643,-0.000189355,0.00108075,11.735,1,0,0,0,0,0,-1,1,-9.04621e-07,-3.41779e-06,-0.188736,0,41.734,1,1010,1010,1010,1010,0,0,0,0,41.7382,56,-0.00593691,-0.00616695,48,-0.00107222,-0.0160038,56,-0.00666983,-0.00832478,1,0,0,2,0,0,5,-0.00566124,-0.00321857,56,-0.00705204,-0.0113831,56,-0.00488827,-0.00731132,56,-0.00818106,-0.00837376
5490392758461,5490379624000,5490379624000,5490392743961,73729,13.12,5490402798073,23.1741,0,25996,101700,0,0,1,0,0,0.01195,334,330,330,1,2.31859,2.92982,0.440614,0.221854,-0.0196228,-0.0296173,-1.24134e-05,-9.66309e-05,0.00956174,0.00752527,1,-0.00808627,0.00103878,-0.00103878,-0.00808627,1,1,-0.00154131,-0.00801262,0.000502523,-7.36414e-05,0,0,0,0,0,0,0,0,0,0,0,0,0,0,0,0,0,0,0,0,0,0,0,255,0.22,2.24289,0.22,-0.00224524,-0.00336718,1,1,1,1,0,1,1,-0.596447,-3.11907,0.123455,-0.000673733,-0.00130668,0.0236238,0.775525,25399,1,367,93.567,6350,0,0.000884653,0.0116537,0.0174482,0,0,0,1,330,0.225,-1.05581e-05,-8.18968e-05,-1.84268e-05,2.37558e-06,-1.76489e-05,5.7957e-06,0.0117823,0.176269,0.0164136,-0.0206249,-0.189077,-0.00150105,-0.000331386,-0.00300992,0.607801,2,0,0,0,0,0,-1,1,-9.0462e-07,-3.41779e-06,-0.188715,0,0.985952,1,1010,1010,1010,1010,0,0,0,0,0.989971,56,-0.00192132,0.000265269,44,-0.00751273,-0.00695899,56,0.0011792,-0.00593183,1,0,0,3,0.000514716,-0.00221008,2,0,0,56,-0.00218072,-0.00470349,56,-0.00180493,-0.00826412,56,-0.000626744,-0.00792531
5490403368521,5490387633000,5490387633000,5490403351410,73729,15.7184,5490413279447,25.6464,0,25996,101701,0,0,1,0,0,0.008009,338,334,334,1,2.32391,2.81934,0.397077,0.229094,-0.0149384,-0.00604248,-5.50422e-05,-2.6123e-05,-0.0089578,0.00177776,1,-0.00326171,0.00687254,-0.00687254,-0.00326171,1,1,-0.00761932,-0.00321696,0.000746778,-4.47421e-05,0,0,0,0,0,0,0,0,0,0,0,0,0,0,0,0,0,0,0,0,0,0,0,255,0.22,2.69224,0.22,-0.00194236,-0.00139079,1,1,1,1,0,1,1,-0.596447,-3.11907,0.123455,-0.000673733,-0.00130668,0.0236238,11.2847,25399,1,367,104.076,6350,0,0.000884653,0.0116537,0.0174482,0,0,0,1,334,0.225,-4.66208e-05,-2.21742e-05,-4.9892e-06,1.04897e-05,-2.93143e-06,1.12395e-05,0.0117794,0.176281,0.0164136,-0.0206249,-0.189077,-0.00174155,-0.00020134,-0.00408164,11.0851,0,0,0,0,0,0,-1,1,-9.0462e-07,-3.41779e-06,-0.188715,0,11.5066,1,1010,1010,1010,1010,0,0,0,0,11.5106,56,3.45644e-05,-0.00740649,46,-0.0091276,0.0131943,56,-0.00347146,-0.00268145,2,0,0,3,-0.00839089,-0.0304701,3,0.00876122,0.00810893,56,-0.000525284,-0.00203135,56,-0.00781317,-0.00102845,56,-0.00524284,0.00121369
5490413845395,5490399622000,5490399622000,5490413829229,73729,14.2072,5490424504345,24.8823,0,25996,101702,0,0,1,0,0,0.011989,335,332,332,1,2.37181,2.75147,0.458893,0.227798,0.0026474,-0.000457764,4.15738e-05,-1.59003e-05,0.0126583,0.00230682,1,-0.00132624,-0.00346766,0.00346766,-0.00132624,1,1,0.00217793,-0.00153155,0.00128973,0.000205308,0,0,0,0,0,0,0,0,0,0,0,0,0,0,0,0,0,0,0,0,0,0,0,255,0.22,3.01467,0.22,0.00262123,9.9479e-05,1,1,1,1,1,1,1,-0.596447,-3.11907,0.123455,-0.000673733,-0.00130668,0.0236238,22.5066,25399,1,367,115.298,6350,0,0.000884653,0.0116537,0.0174482,0,0,0,1,332,0.225,3.5165e-05,-1.34519e-05,-3.02668e-06,-7.91213e-06,-4.45672e-06,-7.20162e-06,0.0117749,0.176273,0.0164171,-0.0206157,-0.189125,-0.000836595,0.000923884,-0.0053123,11.0118,1,0,0,0,0,0,-1,1,-9.0462e-07,-3.41779e-06,-0.188715,0,22.724,1,1010,1010,1010,1010,0,0,0,0,22.728,56,0.00131401,-7.31461e-05,46,0.0213521,-0.00953961,56,-0.00267845,0.00148329,0,0,0,3,-0.00194398,0.0146988,3,-0.00106987,0.00231021,56,0.0044308,0.00222502,56,0.00214507,-0.000805503,56,0.00350057,-0.00107818
5490425127720,5490407639000,5490407639000,5490425107924,73729,17.4689,5490434125880,26.4869,0,25996,101703,0,0,1,0,0,0.008017,335,334,334,1,2.36315,2.5187,0.403262,0.22978,0.0141068,0.015976,1.99578e-05,2.68274e-05,0.00596079,-0.00138609,1,0.00334631,-0.00248943,0.00248943,0.00334631,1,1,0.00145488,0.00315611,0.00103455,0.000190202,0,0,0,0,0,0,0,0,0,0,0,0,0,0,0,0,0,0,0,0,0,0,0,255,0.22,4.15125,0.22,0.00426316,0.00344251,1,1,1,1,0,1,1,-0.596447,-3.11907,0.123455,-0.000673733,-0.00130668,0.0236238,32.1374,25399,1,367,124.929,6350,0,0.000884653,0.0116537,0.0174482,0,0,0,1,334,0.225,1.69194e-05,2.27915e-05,5.12809e-06,-3.80687e-06,4.32117e-06,-4.70268e-06,0.0117792,0.176269,0.0164151,-0.0206109,-0.189143,-0.000647728,0.000855908,-0.00424256,9.41296,1,0,0,0,0,0,-1,1,-9.0462e-07,-3.41779e-06,-0.188715,0,32.3696,1,1010,1010,1010,1010,0,0,0,0,32.3737,56,0.00352059,0.00204494,48,-0.0101716,-0.0018174,56,0.00600862,0.00631423,1,0,0,2,0,0,4,-0.00209119,0.0208543,55,0.00537289,0.00878506,56,0.00586088,0.00303806,56,0.00286421,0.00301364
5490434699217,5490419617000,5490419617000,5490434681939,73729,15.0649,5490445101332,25.4843,0,25996,101704,0,0,1,0,0,0.011978,329,326,326,1,2.36648,2.572,0.429373,0.217687,0.0155945,0.0336456,-1.86581e-05,5.38485e-05,-0.00466891,0.0107771,1,0.00449562,0.0015577,-0.0015577,0.00449562,1,1,-0.00221567,0.00433248,0.000657971,0.000163133,0,0,0,0,0,0,0,0,0,0,0,0,0,0,0,0,0,0,0,0,0,0,0,255,0.22,3.53667,0.22,0.00268501,0.00392716,1,1,1,1,0,1,1,-0.596447,-3.11907,0.123455,-0.000673733,-0.00130668,0.0236238,43.106,25399,1,367,135.898,6350,0,0.000884653,0.0116537,0.0174482,0,0,0,1,326,0.225,-1.5767e-05,4.55922e-05,1.02582e-05,3.54759e-06,1.07389e-05,1.55589e-06,0.01179,0.17627,0.0164257,-0.0206062,-0.18913,0.000314428,0.000734098,-0.00211716,10.7473,1,0,0,0,0,0,-1,1,-9.0462e-07,-3.41779e-06,-0.188715,0,43.3222,1,1010,1010,1010,1010,0,0,0,0,43.3263,56,0.00483314,-5.51682e-05,40,-0.0255798,0.00621753,56,0.0054246,0.0090983,2,0,0,2,0,0,2,0,0,56,0.00377011,0.00172487,56,0.00166583,0.00185666,56,-0.00157059,0.00595114
5490445681262,5490427637000,5490427637000,5490445663688,73729,18.0267,5490455481705,27.8447,0,25996,101705,0,0,1,0,0,0.00802,334,327,327,1,2.36541,3.36293,0.46167,0.226206,0.0316772,0.0281067,5.54311e-05,1.30097e-05,-0.0081057,0.0119065,1,0.00162216,-0.00691161,0.00691161,0.00162216,1,1,0.00772005,0.0015236,-0.000808441,9.85626e-05,0,0,0,0,0,0,0,0,0,0,0,0,0,0,0,0,0,0,0,0,0,0,0,255,0.22,4.41461,0.22,0.00622564,0.00418373,1,1,1,1,0,1,1,-0.596424,-3.11913,0.123323,-0.000641654,-0.00191037,0.0228564,3.56623,25400,1,367,146.279,6350,0,0.000884653,0.0116537,0.0174482,0,0,0,1,327,0.225,4.69971e-05,1.11145e-05,2.50077e-06,-1.05743e-05,4.72852e-07,-1.0855e-05,0.0117904,0.176259,0.0164308,-0.0205965,-0.188998,0.000310371,0.000443532,0.00315868,3.32158,2,0,0,0,0,0,-1,1,-9.0462e-07,-3.41779e-06,-0.188635,0,3.82232,1,1010,1010,1010,1010,0,0,0,0,3.82732,56,0.00587165,0.00996533,41,0.0273239,-0.0174357,56,-0.00375111,0.00198721,2,0,0,2,0,0,4,0.00781691,-0.0173415,54,0.0101276,0.00600636,56,0.00493484,0.00834539,56,0.00255232,0.00550332
5490456145192,5490447637000,5490447637000,5490456134692,73729,8.49769,5490466450990,18.814,1,25997,101706,0,0,1,0,0,0.02,333,331,330,0.996979,2.46746,2.56189,0.495541,0.223668,0.0450134,0.0637665,6.39068e-05,0.0001548,-0.004185,-0.00905902,1,0.00773998,-0.00319534,0.00319534,0.00773998,1,1,0.00450205,0.0076772,-0.00130671,6.27801e-05,0,0,0,0,0,0,0,0,0,0,0,0,0,0,0,0,0,0,0,0,0,0,0,255,0.22,4.65072,0.22,0.00332769,0.00447985,1,1,1,1,0,1,1,-0.596424,-3.11913,0.123323,-0.000641654,-0.00191037,0.0228564,14.512,25400,1,367,157.224,6350,0,0.000884653,0.0116537,0.0174482,0,0,0,1,330,0.225,5.42688e-05,0.000131284,2.95389e-05,-1.22105e-05,2.67171e-05,-1.75406e-05,0.0118172,0.176242,0.0164308,-0.0205965,-0.188998,0.00037594,0.00028251,0.0050049,14.3352,0,0,0,0,0,0,-1,1,-9.0462e-07,-3.41779e-06,-0.188635,0,14.7224,1,1010,1010,1010,1010,0,0,0,0,14.7274,56,0.00206381,0.00679648,44,0.00985538,0.0126296,56,0.00423572,0.00723428,1,0,0,2,0,0,3,-0.00074747,0.0123714,56,0.00137745,0.00767562,56,0.00391149,0.00786288,56,0.00574442,0.00826907
5490467683000,5490459614000,5490459614000,5490467667203,73729,8.0532,5490477982761,18.3688,0,25997,101707,0,0,1,0,0,0.011977,335,329,329,1,2.30805,2.61943,0.428837,0.221335,-0.00552368,0.00100708,-7.17515e-06,1.42062e-05,-0.00792907,-0.000714234,1,0.00118613,0.000599077,-0.000599077,0.00118613,1,1,0.0012944,0.00120165,-0.00189348,-1.5521e-05,0,0,0,0,0,0,0,0,0,0,0,0,0,0,0,0,0,0,0,0,0,0,0,255,0.22,5.53852,0.22,-0.00170924,-0.000330186,1,1,1,1,1,1,1,-0.596424,-3.11913,0.123323,-0.000641654,-0.00191037,0.0228564,26.0423,25400,1,367,168.755,6350,0,0.000884653,0.0116537,0.0174482,0,0,0,1,329,0.225,-6.1074e-06,1.19615e-05,2.69134e-06,1.37416e-06,2.90041e-06,8.44512e-07,0.0118201,0.176243,0.0164402,-0.0206056,-0.188846,0.000466825,-6.98444e-05,0.00718997,9.17614,2,0,0,0,0,0,-1,1,-9.0462e-07,-3.41779e-06,-0.188635,0,26.263,1,1010,1010,1010,1010,0,0,0,0,26.268,56,-0.00674729,-0.000448391,44,-0.00941998,0.011262,56,0.000311481,-0.00179415,1,0,0,1,0,0,3,0.000220105,-0.0235531,56,0.000353306,0.000417342,56,-0.000192019,0.00110833,56,-0.00404255,0.00178985
5490478579673,5490467639000,5490467639000,5490478559673,73729,10.9207,5490487633018,19.994,0,25997,101708,0,0,1,0,0,0.008025,337,336,335,0.997024,2.36054,2.68474,0.400206,0.226317,0.00717163,-0.0126343,3.92744e-05,-1.31422e-05,0.0064916,0.00104729,1,-0.00163766,-0.00489401,0.00489401,-0.00163766,1,1,0.00627592,-0.00157581,-0.00138191,-6.18501e-05,0,0,0,0,0,0,0,0,0,0,0,0,0,0,0,0,0,0,0,0,0,0,0,255,0.22,6.63679,0.22,0.000949447,-0.00236353,1,1,1,1,0,1,1,-0.596424,-3.11913,0.123323,-0.000641654,-0.00191037,0.0228564,35.7006,25400,1,367,178.413,6350,0,0.000884653,0.0116537,0.0174482,0,0,0,1,335,0.225,3.32673e-05,-1.11317e-05,-2.50462e-06,-7.48515e-06,-3.86173e-06,-6.88165e-06,0.0118162,0.176236,0.0164404,-0.0206002,-0.188801,0.000429132,-0.000278326,0.00531817,9.4624,1,0,0,0,0,0,-1,1,-9.0462e-07,-3.41779e-06,-0.188635,0,35.9229,1,1010,1010,1010,1010,0,0,0,0,35.9279,56,0.00327595,0.00277095,47,0.0195454,0.000851358,55,0.00148981,-0.00238877,2,0,0,3,0.00255168,-0.0145909,4,0.012229,-0.0119894,56,0.00182467,0.00139621,56,-0.000694878,-0.00330005,56,0.00802421,-0.0112862
5490488183541,5490479627000,5490479627000,5490488167374,73729,8.54037,5490496880698,17.2537,0,25997,101709,0,0,1,0,0,0.011988,336,332,332,1,2.32374,2.94019,0.531948,0.224058,-0.0365677,-0.0335999,-7.28447e-05,-5.33958e-06,-0.00155299,-0.0095521,1,-0.00044541,0.00607647,-0.00607647,-0.00044541,1,1,-0.00539726,-0.000367022,-0.000679209,-7.83883e-05,0,0,0,0,0,0,0,0,0,0,0,0,0,0,0,0,0,0,0,0,0,0,0,255,0.22,6.34414,0.22,-0.00630619,-0.00358951,1,1,1,2,0,1,1,-0.596424,-3.11913,0.123323,-0.000641654,-0.00191037,0.0228564,44.9391,25400,1,367,187.651,6350,0,0.000884653,0.0116537,0.0174482,0,0,0,1,332,0.225,-6.18164e-05,-4.59589e-06,-1.03408e-06,1.39087e-05,1.58976e-06,1.38546e-05,0.0118178,0.17625,0.0164465,-0.0206072,-0.188789,6.38341e-05,-0.000352747,0.00249622,8.96807,1,0,0,0,0,0,-1,1,-9.0462e-07,-3.41779e-06,-0.188635,0,45.1499,1,1010,1010,1010,1010,0,0,0,0,0.102001,56,-0.00601001,-0.00714028,45,-0.0167284,0.00588788,56,-0.00584948,-0.00808824,2,0,0,2,0,0,3,0.00237003,0.00396745,56,-0.00715579,-0.00306582,56,-0.00363675,-0.00590273,56,-0.00556834,-0.000395347
5490497377850,5490487633000,5490487633000,5490497362017,73729,9.72902,5490506065822,18.4328,0,25997,101710,0,0,1,0,0,0.008006,335,333,333,1,2.37554,2.80721,0.466818,0.245743,0.00897217,-0.0360718,2.42582e-05,-0.000102131,0.00196127,0.00352912,1,-0.0127568,-0.00303,0.00303,-0.0127568,1,1,0.00370921,-0.0126784,-0.000679209,-7.83883e-05,0,0,0,0,0,0,0,0,0,0,0,0,0,0,0,0,0,0,0,0,0,0,0,255,0.22,5.31596,0.22,0.0012784,-0.00751354,1,1,1,1,0,1,1,-0.596424,-3.11913,0.123323,-0.000641654,-0.00191037,0.0228564,54.1281,25400,1,367,196.84,6350,0,0.000884653,0.0116537,0.0174482,0,0,0,1,333,0.225,2.059e-05,-8.65451e-05,-1.94727e-05,-4.63276e-06,-1.99904e-05,-8.96483e-07,0.0117978,0.176249,0.0164465,-0.0206072,-0.188789,6.38341e-05,-0.000352747,0.00249622,18.1676,0,0,0,0,0,0,-1,1,-9.0462e-07,-3.41779e-06,-0.188457,0,0.199853,1,1010,1010,1010,1010,0,0,0,0,9.29209,56,0.00105341,-0.0104234,44,0.0137763,-0.0270221,56,0.00145495,-0.00244966,2,0,0,2,0,0,5,0.00224759,-0.0184934,56,0.00689995,-0.00623459,56,0.00153032,-0.00975645,56,0.00372703,-0.00908033
5490507707260,5490499610000,5490499610000,5490507691205,73729,8.0812,5490516748291,17.1383,0,25997,101711,0,0,1,0,0,0.011977,337,332,332,1,2.31535,2.66526,0.491281,0.221335,-0.0215225,-0.0414734,-2.49841e-07,-2.91539e-05,0.00323042,-0.00502975,1,-0.00243415,2.08601e-05,-2.08601e-05,-0.00243415,1,1,-0.000252497,-0.00238247,0.000231636,-5.16808e-05,0,0,0,0,0,0,0,0,0,0,0,0,0,0,0,0,0,0,0,0,0,0,0,255,0.22,4.9742,0.22,-0.0025152,-0.0046446,1,1,1,2,0,1,1,-0.596469,-3.11916,0.123302,-0.00165165,-0.000632715,0.0235224,10.6709,25401,1,367,10.6319,6351,0,0.000884653,0.0115035,0.0155748,0,0,0,1,332,0.225,-2.39584e-07,-2.47754e-05,-5.57446e-06,5.39064e-08,-5.46412e-06,1.09905e-06,0.0117923,0.17625,0.016435,-0.0206086,-0.18882,-0.000383342,-0.000232564,-0.00114056,10.482,1,0,0,0,0,0,-1,1,-9.0462e-07,-3.41779e-06,-0.188457,0,10.8751,1,1010,1010,1010,1010,0,0,0,0,19.9673,56,-0.00121831,-0.00696926,46,0.00654839,0.0170636,56,0.00440704,-0.0115522,0,0,0,2,0,0,4,-0.0090315,-0.0107267,56,-0.00612529,-0.00514269,56,-0.00489795,-0.00368153,56,-0.000753929,-0.00721102
5490517269294,5490507657000,5490507657000,5490517252498,73729,9.5955,5490525841655,18.1847,0,25997,101712,0,0,1,0,0,0.008047,329,328,328,1,2.3577,2.56043,0.42717,0.233224,-0.0243225,-0.0282974,-6.6406e-05,-7.02529e-05,0.000848519,0.00218838,1,-0.00873032,0.00825227,-0.00825227,-0.00873032,1,1,-0.00925511,-0.00870721,0.00100285,-2.31151e-05,0,0,0,0,0,0,0,0,0,0,0,0,0,0,0,0,0,0,0,0,0,0,0,255,0.22,5.01009,0.22,-0.00451001,-0.00475723,1,1,1,1,0,1,1,-0.596469,-3.11916,0.123302,-0.00165165,-0.000632715,0.0235224,19.7653,25401,1,367,19.7263,6351,0,0.000884653,0.0115035,0.0155748,0,0,0,1,328,0.225,-5.62797e-05,-5.9499e-05,-1.33873e-05,1.26629e-05,-1.07735e-05,1.49498e-05,0.0117816,0.176265,0.0164383,-0.0206099,-0.188871,-0.000828004,-0.000104018,-0.00427265,8.89953,1,0,0,0,0,0,-1,1,-9.0462e-07,-3.41779e-06,-0.188457,0,19.9948,1,1010,1010,1010,1010,0,0,0,0,29.087,56,-0.00218999,-0.00368247,39,-0.0397351,-0.0416226,56,-0.0132232,0.000234442,2,0,0,3,0.00956878,0.0276744,4,-0.00899012,-0.00245627,56,-0.00331105,-0.0127131,56,-0.00737045,-0.00815815,56,-0.00236838,-0.00246349
5490527730687,5490519600000,5490519600000,5490527714261,73729,8.11426,5490538273062,18.6731,0,25997,101713,0,0,1,0,0,0.011943,332,328,326,0.993902,2.34331,2.632,0.431355,0.224687,-0.00997162,-0.0147324,3.37919e-06,-7.85893e-05,0.00714789,0.0111762,1,-0.00658037,-0.000282943,0.000282943,-0.00658037,1,1,-0.00110972,-0.00657357,0.00139266,-6.79677e-06,0,0,0,0,0,0,0,0,0,0,0,0,0,0,0,0,0,0,0,0,0,0,0,255,0.22,5.27439,0.22,0.000265304,-0.00278903,1,1,1,1,1,1,1,-0.596469,-3.11916,0.123302,-0.00165165,-0.000632715,0.0235224,32.1943,25401,1,367,32.1553,6351,0,0.000884653,0.0115035,0.0155748,0,0,0,1,326,0.225,2.77725e-06,-6.66622e-05,-1.4999e-05,-6.24881e-07,-1.4846e-05,2.20304e-06,0.0117667,0.176267,0.0164162,-0.0206101,-0.188959,-0.00104673,-3.05854e-05,-0.00585096,9.41274,2,0,0,0,0,0,-1,1,-9.0462e-07,-3.41779e-06,-0.188457,0,32.4054,1,1010,1010,1010,1010,0,0,0,0,41.4976,56,0.000794552,-0.00538505,40,0.00150307,-0.0201314,56,0.000893946,0.000706167,1,0,0,2,0,0,3,-0.00350968,-0.00224974,56,0.00255916,-0.00186331,56,2.28803e-05,-0.00473278,56,-0.00341432,-0.00843428
5490538856307,5490527647000,5490527647000,5490538837807,73729,11.1908,5490547823411,20.1764,0,25997,101714,0,0,1,0,0,0.008047,335,329,329,1,2.35124,2.62046,0.492726,0.21689,-0.0127563,0.0196228,-6.75794e-05,6.97551e-05,-0.00483324,-0.00867526,1,0.00866846,0.00839809,-0.00839809,0.00866846,1,1,-0.00915458,0.00855004,0.000756484,0.000118423,0,0,0,0,0,0,0,0,0,0,0,0,0,0,0,0,0,0,0,0,0,0,0,255,0.22,6.30977,0.22,-0.00182595,0.00447892,1,1,1,1,0,1,1,-0.596469,-3.11916,0.123302,-0.00165165,-0.000632715,0.0235224,41.7435,25401,1,367,41.7044,6351,0,0.000884653,0.0115035,0.0155748,0,0,0,1,329,0.225,-5.72229e-05,5.91207e-05,1.33021e-05,1.28751e-05,1.54764e-05,1.0147e-05,0.0117822,0.176277,0.0164157,-0.0206018,-0.188961,-0.00124471,0.000532903,-0.00371911,9.35755,1,0,0,0,0,0,-1,1,-9.0462e-07,-3.41779e-06,-0.188457,0,41.9843,1,1010,1010,1010,1010,0,0,0,0,0.229706,56,-0.00206652,0.00170493,43,-0.0121079,0.030517,56,-0.00048175,-0.00385688,1,0,0,2,0,0,3,0.00903493,0.00549986,56,-0.00489078,0.00131356,56,-0.00456518,0.00687512,56,-0.00474932,0.0141777
5490548384433,5490539613000,5490539613000,5490548370415,73729,8.75741,5490558446323,18.8333,0,25997,101715,0,0,1,0,0,0.011966,336,333,333,1,2.31533,2.65841,0.43067,0.224169,0.000930786,0.0423889,3.11502e-05,3.88421e-05,0.00745385,0.00975321,1,0.00324604,-0.00260323,0.00260323,0.00324604,1,1,0.00305694,0.00311943,-0.000453715,0.000126608,0,0,0,0,0,0,0,0,0,0,0,0,0,0,0,0,0,0,0,0,0,0,0,255,0.22,5.66595,0.22,0.00300239,0.00459824,1,1,1,0,0,1,1,-0.596466,-3.11916,0.123346,-0.00021274,-0.00195338,0.0232541,0.92447,25402,1,367,52.3216,6351,0,0.000884653,0.0115035,0.0155748,0,0,0,1,333,0.225,2.63561e-05,3.29171e-05,7.40634e-06,-5.93013e-06,6.1618e-06,-7.21454e-06,0.0117883,0.17627,0.0164182,-0.0205935,-0.188875,-0.000444777,0.000569737,0.00127755,0.698764,2,0,0,0,0,0,-1,1,-9.0462e-07,-3.41779e-06,-0.188568,0,1.12236,1,1010,1010,1010,1010,0,0,0,0,10.8038,56,0.000169619,0.00725063,47,0.00898393,-0.013368,56,-0.00156581,0.00855494,1,0,0,2,0,0,5,-0.00482401,0.00656195,54,0.00577094,0.00622328,56,0.00276924,0.00489764,56,-0.00175404,0.00245188
5490558916401,5490547656000,5490547656000,5490558904789,73729,11.2488,5490567634873,19.9789,0,25997,101716,0,0,1,0,0,0.008043,330,327,327,1,2.32433,2.59302,0.354798,0.217483,0.0142517,0.0536804,4.07732e-08,0.00013128,-0.0120826,-0.0115109,1,0.0163223,-5.0694e-06,5.0694e-06,0.0163223,1,1,0.00084575,0.0162218,-0.00084068,0.000100439,0,0,0,0,0,0,0,0,0,0,0,0,0,0,0,0,0,0,0,0,0,0,0,255,0.22,6.08395,0.22,0.00399686,0.0107389,1,1,1,1,0,1,1,-0.596466,-3.11916,0.123346,-0.00021274,-0.00195338,0.0232541,10.1235,25402,1,367,61.5206,6351,0,0.000884653,0.0115035,0.0155748,0,0,0,1,327,0.225,7.3822e-08,0.000111334,2.50501e-05,-1.66099e-08,2.45963e-05,-4.71856e-06,0.0118129,0.176265,0.0164182,-0.0205935,-0.188875,-6.34904e-05,0.000451975,0.00297566,9.908,0,0,0,0,0,0,-1,1,-9.0462e-07,-3.41779e-06,-0.188568,0,10.341,1,1010,1010,1010,1010,0,0,0,0,20.0225,56,4.02644e-05,0.0130097,41,0.00798824,0.0303306,56,0.00665725,0.0159101,2,0,0,1,0,0,3,0.0016744,0.0159833,56,-0.0041857,0.0137476,56,0.000618714,0.0150436,56,0.00395997,0.011491
5490568193470,5490559606000,5490559606000,5490568181377,73729,8.57538,5490577271185,17.6652,0,25997,101717,0,0,1,0,0,0.01195,335,331,331,1,2.32924,2.70091,0.491541,0.221909,0.0238953,0.0227356,6.05597e-05,1.07002e-05,0.00477392,0.012628,1,0.000895416,-0.00506775,0.00506775,0.000895416,1,1,0.00654148,0.00079792,-0.00147373,9.74953e-05,0,0,0,0,0,0,0,0,0,0,0,0,0,0,0,0,0,0,0,0,0,0,0,255,0.22,5.1392,0.22,0.00317006,0.00191414,1,1,1,2,0,1,1,-0.596466,-3.11916,0.123346,-0.00021274,-0.00195338,0.0232541,19.7557,25402,1,367,71.153,6351,0,0.000884653,0.0115035,0.0155748,0,0,0,1,331,0.225,5.12867e-05,9.07123e-06,2.04103e-06,-1.15395e-05,-1.57262e-07,-1.17166e-05,0.0118128,0.176254,0.0164236,-0.0205891,-0.188798,0.000262871,0.000438729,0.00551571,9.43846,1,0,0,0,0,0,-1,1,-9.0462e-07,-3.41779e-06,-0.188568,0,19.958,1,1010,1010,1010,1010,0,0,0,0,29.6395,56,0.00525776,0.00531999,44,0.0166768,-0.00233314,56,0.00244262,-0.00255079,1,0,0,2,0,0,4,0.0059577,-0.00373517,56,0.00266885,0.00513122,56,0.00531184,0.000756105,56,0.000357336,-0.000360898
5490577790337,5490567634000,5490567634000,5490577772245,73729,10.1382,5490586778145,19.1441,0,25997,101718,0,0,1,0,0,0.008028,335,329,329,1,2.35339,2.5452,0.533189,0.220816,0.0382996,0.00869751,6.12953e-05,-2.63297e-05,-0.00161549,-0.00138827,1,-0.00327974,-0.00763518,0.00763518,-0.00327974,1,1,0.00943294,-0.00321353,-0.00179775,-6.62076e-05,0,0,0,0,0,0,0,0,0,0,0,0,0,0,0,0,0,0,0,0,0,0,0,255,0.22,4.42257,0.22,0.00703808,-9.5196e-05,1,1,1,1,1,1,1,-0.596466,-3.11916,0.123346,-0.00021274,-0.00195338,0.0232541,29.2623,25402,1,367,80.6595,6351,0,0.000884653,0.0115035,0.0155748,0,0,0,1,329,0.225,5.20221e-05,-2.22315e-05,-5.0021e-06,-1.1705e-05,-7.10387e-06,-1.05582e-05,0.0118057,0.176243,0.0164314,-0.0205978,-0.188714,0.000656658,-0.000297934,0.00699724,9.2884,1,0,0,0,0,0,-1,1,-9.0462e-07,-3.41779e-06,-0.188568,0,29.478,1,1010,1010,1010,1010,0,0,0,0,39.1595,56,0.00469723,0.00813009,43,0.025733,-0.0280103,56,-4.06837e-05,0.00282852,1,0,0,2,0,0,3,0.000490027,0.000115327,56,0.00987437,-0.00642551,56,0.00988595,0.00323283,56,0.00954932,0.00382175
5490587359797,5490579605000,5490579605000,5490587342742,73729,7.73774,5490596303382,16.6984,0,25997,101719,0,0,1,0,0,0.011971,329,329,326,0.990881,2.32254,2.59217,0.449281,0.222483,0.0169601,-0.000778198,3.4443e-05,6.918e-05,-0.00504818,-0.0122152,1,0.00577897,-0.00287721,0.00287721,0.00577897,1,1,0.00451112,0.00593098,-0.00163391,-0.000152013,0,0,0,0,0,0,0,0,0,0,0,0,0,0,0,0,0,0,0,0,0,0,0,255,0.22,3.75645,0.22,0.00146589,0.000406511,1,1,1,2,0,1,1,-0.596466,-3.11916,0.123346,-0.00021274,-0.00195338,0.0232541,38.7895,25402,1,367,90.1867,6351,0,0.000884653,0.0115035,0.0155748,0,0,0,1,326,0.225,2.92093e-05,5.85977e-05,1.31845e-05,-6.57208e-06,1.17176e-05,-8.9271e-06,0.0118174,0.176234,0.0164473,-0.0206029,-0.188656,0.000965474,-0.00068406,0.00665446,9.33364,1,0,0,0,0,0,-1,1,-9.0462e-07,-3.41779e-06,-0.188568,0,38.998,1,1010,1010,1010,1010,0,0,0,0,48.6794,56,-0.000684019,-0.00275849,40,0.0118027,0.014143,56,0.00614112,-8.53174e-05,1,0,0,1,0,0,4,0.000411912,-0.0029122,56,-0.00249168,0.00635713,56,0.00161495,-0.000607186,56,0.00427032,0.00145401
5490596816349,5490587691000,5490587691000,5490596798849,73729,9.10785,5490605871880,18.1809,0,25997,101720,0,0,1,0,0,0.008086,334,331,309,0.933535,2.34081,3.57166,0.423392,0.210613,0.0119324,-0.0235901,-2.93461e-05,-7.30387e-05,-0.0132098,0.0111564,1,-0.00903273,0.00362925,-0.00362925,-0.00903273,1,1,-0.00199534,-0.00888072,-0.00163391,-0.000152013,0,0,0,0,0,0,0,0,0,0,0,0,0,0,0,0,0,0,0,0,0,0,0,255,0.22,3.37795,0.22,-0.000391396,-0.00457036,1,1,1,1,0,1,1,-0.596466,-3.11916,0.123346,-0.00021274,-0.00195338,0.0232541,48.3764,25402,1,367,99.7738,6351,0,0.000884653,0.0115035,0.0155748,0,0,0,1,309,0.225,-2.48699e-05,-6.19428e-05,-1.39371e-05,5.59574e-06,-1.26395e-05,8.10926e-06,0.0118048,0.176242,0.0164473,-0.0206029,-0.188656,0.000965474,-0.00068406,0.00665446,18.919,0,0,0,0,0,0,-1,1,-9.0462e-07,-3.41779e-06,-0.188258,0,0.161538,1,1010,1010,1010,1010,0,0,0,0,0.165335,56,0.000348913,-0.00900863,40,-0.01547,-0.030953,36,0.00225208,-0.00750726,1,0,0,1,0,0,7,-0.00100012,0.00627412,56,0.00482784,-0.00846124,56,0.0005582,-0.00776814,56,-0.00415518,-0.00300641
5490606393902,5490595640000,5490595640000,5490606377383,73729,10.7374,5490616593644,20.9536,0,25997,101721,0,0,1,0,0,0.007949,332,330,330,1,2.36217,3.32504,0.440892,0.219075,-0.00543213,-0.0240173,-1.4898e-05,1.24911e-06,-0.00490844,-0.0134289,1,0.00015714,0.0018742,-0.0018742,0.00015714,1,1,-0.000804063,0.000273432,-0.00107014,-0.000116292,0,0,0,0,0,0,0,0,0,0,0,0,0,0,0,0,0,0,0,0,0,0,0,255,0.22,2.81224,0.22,-0.00300695,-0.00359071,1,1,1,1,0,1,1,-0.596479,-3.1192,0.123188,-0.00167643,-0.000781666,0.0233718,10.6615,25403,1,367,110.477,6351,0,0.000884653,0.0115035,0.0155748,0,0,0,1,330,0.225,-1.25997e-05,1.04925e-06,2.36082e-07,2.83493e-06,7.62393e-07,2.7402e-06,0.0118055,0.176245,0.0164524,-0.0206053,-0.188621,0.00107215,-0.000523313,0.00471022,10.4795,1,0,0,0,0,0,-1,1,-9.0462e-07,-3.41779e-06,-0.188258,0,10.8938,1,1010,1010,1010,1010,0,0,0,0,10.8976,56,0.00174014,-0.00998521,42,0.0141653,0.0117673,56,-0.0012996,-0.00778364,2,0,0,2,0,0,4,-0.00169651,-0.00322451,56,-0.00971721,-0.00380801,56,-0.00239384,-0.0010586,56,0.00210541,-0.00114367
5490617125778,5490607631000,5490607631000,5490617110963,73729,9.47996,5490626400977,18.77,0,25997,101722,0,0,1,0,0,0.011991,331,330,327,0.990909,2.37098,2.57935,0.472688,0.222094,-0.0297546,-0.0194092,-6.28232e-05,-6.92908e-05,-0.00399589,0.0101851,1,-0.00577856,0.0052392,-0.0052392,-0.00577856,1,1,-0.00477377,-0.0057536,-0.000465432,-2.49655e-05,0,0,0,0,0,0,0,0,0,0,0,0,0,0,0,0,0,0,0,0,0,0,0,255,0.22,3.41073,0.22,-0.00502049,-0.00186482,1,1,1,1,0,1,1,-0.596479,-3.1192,0.123188,-0.00167643,-0.000781666,0.0233718,20.469,25403,1,367,120.284,6351,0,0.000884653,0.0115035,0.0155748,0,0,0,1,327,0.225,-5.32925e-05,-5.87445e-05,-1.32175e-05,1.19908e-05,-1.07363e-05,1.42551e-05,0.0117948,0.176259,0.0164543,-0.0206033,-0.188619,4.55382e-05,-0.000112345,0.00171199,9.61429,1,0,0,0,0,0,-1,1,-9.0462e-07,-3.41779e-06,-0.188258,0,20.6855,1,1010,1010,1010,1010,0,0,0,0,20.6893,56,-0.000835622,-0.00414447,39,-0.018282,-0.0327234,56,-0.00648951,2.87862e-06,1,0,0,2,0,0,5,-0.00530035,-0.0146378,56,-0.00444058,-0.00304205,56,-0.00521979,-0.00508502,56,-0.00852473,-0.00474553
5490626930129,5490615642000,5490615642000,5490626914721,73729,11.2727,5490636307550,20.6655,0,25997,101723,0,0,1,0,0,0.008011,328,323,323,1,2.35674,2.63922,0.422614,0.21415,-0.0267639,-0.0148926,-5.252e-05,-3.97092e-05,0.00103372,0.00504505,1,-0.00495683,0.00655599,-0.00655599,-0.00495683,1,1,-0.00707037,-0.00515709,0.00051438,0.000200259,0,0,0,0,0,0,0,0,0,0,0,0,0,0,0,0,0,0,0,0,0,0,0,255,0.22,3.04897,0.22,-0.0058391,-0.0025215,1,1,1,1,0,1,1,-0.596479,-3.1192,0.123188,-0.00167643,-0.000781666,0.0233718,30.3762,25403,1,367,130.192,6351,0,0.000884653,0.0115035,0.0155748,0,0,0,1,323,0.225,-4.45518e-05,-3.36656e-05,-7.57476e-06,1.00242e-05,-5.56254e-06,1.12658e-05,0.0117892,0.17627,0.0164653,-0.020589,-0.188649,0.000417198,0.000901166,-0.00151801,9.68205,1,0,0,0,0,0,-1,1,-9.0462e-07,-3.41779e-06,-0.188258,0,30.5972,1,1010,1010,1010,1010,0,0,0,0,30.601,56,-0.00705592,0.00112061,37,0.011322,-0.00864817,56,-0.00390322,-0.00775702,2,0,0,2,0,0,2,0,0,56,-0.00509476,-0.00700698,56,-0.00521505,-0.00454993,56,-0.00876613,-0.000551797
5490636819813,5490627642000,5490627642000,5490636809850,73729,9.16785,5490646616238,18.9742,0,25997,101724,0,0,1,0,0,0.012,326,325,325,1,2.36748,2.48859,0.422522,0.217113,-0.0343628,-0.0130005,3.58275e-06,-3.45919e-05,0.0195631,0.00205616,1,-0.00288266,-0.000298563,0.000298563,-0.00288266,1,1,-0.000911436,-0.00299087,0.00121,0.00010821,0,0,0,0,0,0,0,0,0,0,0,0,0,0,0,0,0,0,0,0,0,0,0,255,0.22,2.805,0.22,-0.00402882,-0.0025193,1,1,1,1,1,1,1,-0.596479,-3.1192,0.123188,-0.00167643,-0.000781666,0.0233718,40.6843,25403,1,367,140.5,6351,0,0.000884653,0.0115035,0.0155748,0,0,0,1,325,0.225,2.93151e-06,-2.93315e-05,-6.59958e-06,-6.59591e-07,-6.60452e-06,5.90145e-07,0.0117826,0.176271,0.0164453,-0.0206,-0.188743,-0.00061283,0.000486947,-0.00484626,8.69355,2,0,0,0,0,0,-1,1,-9.0462e-07,-3.41779e-06,-0.188258,0,40.903,1,1010,1010,1010,1010,0,0,0,0,40.9068,56,-0.00178672,-0.00491671,37,-0.0183105,-0.0119534,56,-0.00164048,-0.00324727,2,0,0,3,0.00407609,-0.00552224,3,-0.0105413,-0.0114552,56,-0.00140112,0.00172888,56,-0.00188147,-0.00165836,56,0.000726576,-0.00678992
5490647199317,5490635648000,5490635648000,5490647182965,73729,11.535,5490656300106,20.6521,0,25997,101725,0,0,1,0,0,0.008006,329,324,324,1,2.33548,2.92393,0.452522,0.216371,-0.0317535,-0.0049057,-8.66991e-05,5.17562e-06,-0.00315137,0.00331128,1,0.000646468,0.0108293,-0.0108293,0.000646468,1,1,-0.0120012,0.000825569,0.0011719,-0.000179101,0,0,0,0,0,0,0,0,0,0,0,0,0,0,0,0,0,0,0,0,0,0,0,255,0.22,3.04539,0.22,-0.00626997,-0.00159692,1,1,1,1,0,1,1,-0.596496,-3.11918,0.123053,-0.000824782,-0.00128599,0.0236572,0.43017,25404,1,367,150.187,6351,0,0.000884653,0.0115035,0.0155748,0,0,0,1,324,0.225,-7.34964e-05,4.34134e-06,9.76802e-07,1.65367e-05,4.05667e-06,1.60585e-05,0.0117867,0.176287,0.0164343,-0.0206043,-0.188784,-0.00227467,-0.000805953,-0.00603857,0.220853,1,0,0,0,0,0,-1,1,-9.0462e-07,-3.41779e-06,-0.188421,0,0.661857,1,1010,1010,1010,1010,0,0,0,0,0.666098,56,-0.00658135,-0.00382841,39,-0.0378906,0.0136323,56,-0.00496883,-0.0014488,1,0,0,2,0,0,3,-0.0100063,0.0705431,55,-0.0061054,-0.000272791,56,-0.0100732,-0.00265679,56,-0.00795593,0.000415999
5490656834073,5490647655000,5490647655000,5490656819240,73729,9.16424,5490666941408,19.2864,0,25997,101726,0,0,1,0,0,0.012007,332,325,325,1,2.5163,2.56937,0.484744,0.21602,-0.0207825,-0.00241089,-6.78132e-07,-1.93707e-06,0.0067849,-0.00460652,1,-0.000161329,5.64781e-05,-5.64781e-05,-0.000161329,1,1,-0.00122838,1.77721e-05,0.0011719,-0.000179101,0,0,0,0,0,0,0,0,0,0,0,0,0,0,0,0,0,0,0,0,0,0,0,255,0.22,2.55469,0.22,-0.000697716,-0.00073476,1,1,1,1,0,1,1,-0.596496,-3.11918,0.123053,-0.000824782,-0.00128599,0.0236572,11.0671,25404,1,367,160.824,6351,0,0.000884653,0.0115035,0.0155748,0,0,0,1,325,0.225,-6.45402e-07,-1.61996e-06,-3.64491e-07,1.45216e-07,-3.30739e-07,2.11013e-07,0.0117863,0.176287,0.0164343,-0.0206043,-0.188784,-0.00227467,-0.000805953,-0.00603857,10.8797,0,0,0,0,0,0,-1,1,-9.0462e-07,-3.41779e-06,-0.188421,0,11.2819,1,1010,1010,1010,1010,0,0,0,0,11.2862,56,-0.000563795,0.00104243,39,-0.0027701,-0.0119957,56,-0.00300602,-0.0001772,1,0,0,1,0,0,4,0.014862,0.000750265,56,-0.00311865,0.00141109,56,-0.000495103,0.000518013,56,-0.00278521,-0.000561049
5490667450967,5490655649000,5490655649000,5490667440782,73729,11.7918,5490676235625,20.5866,0,25997,101727,0,0,1,0,0,0.007994,333,328,328,1,2.3247,2.61009,0.489411,0.222576,0.0392227,0.0287933,5.11353e-05,4.02372e-05,-0.000919178,0.0127021,1,0.00503343,-0.00639671,0.00639671,0.00503343,1,1,0.00552472,0.00499946,0.000871985,3.39645e-05,0,0,0,0,0,0,0,0,0,0,0,0,0,0,0,0,0,0,0,0,0,0,0,255,0.22,2.99817,0.22,0.00962924,0.00604221,1,1,1,1,0,1,1,-0.596496,-3.11918,0.123053,-0.000824782,-0.00128599,0.0236572,20.363,25404,1,367,170.12,6351,0,0.000884653,0.0115035,0.0155748,0,0,0,1,328,0.225,4.33908e-05,3.40918e-05,7.67065e-06,-9.76294e-06,5.70416e-06,-1.1028e-05,0.0117921,0.176276,0.0164569,-0.0206142,-0.188779,0.00030183,0.00015284,-0.00289768,8.9921,2,0,0,0,0,0,-1,1,-9.0462e-07,-3.41779e-06,-0.188421,0,20.5831,1,1010,1010,1010,1010,0,0,0,0,20.5874,56,0.00990536,0.00254581,41,0.00126642,0.00883634,56,0.00720699,0.00580871,1,0,0,2,0,0,4,-0.00373497,0.00300843,56,0.0101036,0.00172281,56,0.00685558,0.00256458,56,0.012332,0.00902566
5490676763629,5490667627000,5490667627000,5490676751499,73729,9.1245,5490686451109,18.8241,0,25997,101728,0,0,1,0,0,0.011978,330,328,325,0.990854,2.34296,2.56193,0.516966,0.219057,0.00759888,-0.0131836,0.000131653,-2.88575e-05,0.0187251,-0.0037057,1,-0.00240921,-0.0109913,0.0109913,-0.00240921,1,1,0.0105704,-0.00233228,0.000420835,-7.69328e-05,0,0,0,0,0,0,0,0,0,0,0,0,0,0,0,0,0,0,0,0,0,0,0,255,0.22,2.1749,0.22,0.00304833,-0.00189428,1,1,1,1,0,1,1,-0.596496,-3.11918,0.123053,-0.000824782,-0.00128599,0.0236572,30.5786,25404,1,367,180.336,6351,0,0.000884653,0.0115035,0.0155748,0,0,0,1,325,0.225,0.000111432,-2.44401e-05,-5.49902e-06,-2.50723e-05,-1.00962e-05,-2.35934e-05,0.011782,0.176253,0.0164569,-0.0206142,-0.188779,0.000291241,-0.000346198,-0.00128201,19.2141,0,0,0,0,0,0,-1,1,-9.0462e-07,-3.41779e-06,-0.188421,0,30.7932,1,1010,1010,1010,1010,0,0,0,0,30.7974,56,-0.00431448,0.0016054,39,0.0357341,-0.00499424,56,-0.000584654,-0.00501904,2,0,0,2,0,0,3,0.00254356,0.0580405,55,0.00706198,0.000750525,56,0.0078954,0.000334539,56,0.00707474,-0.00665787
5490686960538,5490675647000,5490675647000,5490686947872,73729,11.3009,5490695593214,19.9462,0,25997,101729,0,0,1,0,0,0.00802,332,325,325,1,2.366,2.6913,0.362984,0.213261,0.0461426,0.0330658,7.3384e-05,3.4859e-05,-0.00324061,0.0107845,1,0.00434651,-0.00915012,0.00915012,0.00434651,1,1,0.00992325,0.00421698,-0.000773132,0.000129528,0,0,0,0,0,0,0,0,0,0,0,0,0,0,0,0,0,0,0,0,0,0,0,255,0.22,2.2252,0.22,0.00850506,0.00601774,1,1,1,1,1,1,1,-0.596496,-3.11918,0.123053,-0.000824782,-0.00128599,0.0236572,39.7403,25404,1,367,189.497,6351,0,0.000884653,0.0115035,0.0155748,0,0,0,1,325,0.225,6.22558e-05,2.95656e-05,6.65225e-06,-1.40075e-05,3.91125e-06,-1.50052e-05,0.0117859,0.176238,0.0165086,-0.020579,-0.188633,0.00197044,0.000582876,0.00435963,7.5183,2,0,0,0,0,0,-1,1,-9.0462e-07,-3.41779e-06,-0.188421,0,39.973,1,1010,1010,1010,1010,0,0,0,0,39.9772,56,0.0141968,0.010247,40,0.0197019,-0.0124202,56,0.00765954,0.00520972,2,0,0,2,0,0,2,0,0,55,0.0113664,0.00505848,56,0.0106738,0.00543293,56,0.00187056,0.0102267
5490696234052,5490687620000,5490687620000,5490696220903,73729,8.6009,5490708098325,20.4783,0,25997,101730,0,0,1,0,0,0.011973,337,329,329,1,2.33618,4.51937,0.451299,0.224076,0.0417786,0.0309753,5.28809e-05,7.34754e-05,-0.00950988,-0.00244941,1,0.00613676,-0.00441668,0.00441668,0.00613676,1,1,0.00650493,0.006202,-0.00208825,-6.52448e-05,0,0,0,0,0,0,0,0,0,0,0,0,0,0,0,0,0,0,0,0,0,0,0,255,0.22,1.35923,0.22,0.00379972,0.00493861,1,1,1,1,0,1,1,-0.596503,-3.11922,0.123093,-0.0010206,-0.00166668,0.0234145,5.34489,25405,1,367,201.977,6351,0,0.000884653,0.0115035,0.0155748,0,0,0,1,329,0.225,4.49415e-05,6.22889e-05,1.4015e-05,-1.01118e-05,1.18721e-05,-1.25582e-05,0.0117977,0.176225,0.0165016,-0.0205963,-0.188544,0.000873078,-0.000293602,0.00821615,5.13582,1,0,0,0,0,0,-1,1,-9.0462e-07,-3.41779e-06,-0.18818,0,5.55947,1,1010,1010,1010,1010,0,0,0,0,5.56571,56,0.00123929,0.00259877,42,-0.014101,0.0115656,56,0.00976645,0.00984768,1,0,0,3,-0.00344016,0.0115276,4,-0.00149724,0.00478751,55,0.00856016,0.0068847,56,0.00529925,0.00308017,56,0.00460519,0.00536691
5490708609125,5490695658000,5490695658000,5490708594903,73729,12.9369,5490718184622,22.5266,0,25997,101731,0,0,1,0,0,0.008038,335,333,332,0.996997,2.32933,3.3681,0.494652,0.221817,0.00752258,-0.0273132,2.98892e-05,-4.08721e-05,-0.00964815,-0.00676176,1,-0.00508486,-0.00371849,0.00371849,-0.00508486,1,1,0.00575826,-0.00518181,-0.00203977,9.69461e-05,0,0,0,0,0,0,0,0,0,0,0,0,0,0,0,0,0,0,0,0,0,0,0,255,0.22,3.59399,0.22,-0.00158124,-0.00588047,1,1,1,1,0,1,1,-0.596503,-3.11922,0.123093,-0.0010206,-0.00166668,0.0234145,15.4349,25405,1,367,10.0606,6352,0,0.000884653,0.0113985,0.0147565,0,0,0,1,332,0.225,2.53291e-05,-3.46319e-05,-7.79218e-06,-5.69906e-06,-8.71833e-06,-4.13805e-06,0.011789,0.176221,0.0165064,-0.0205744,-0.188479,0.000319476,0.000436257,0.00759875,9.88091,1,0,0,0,0,0,-1,1,-9.0462e-07,-3.41779e-06,-0.18818,0,15.6561,1,1010,1010,1010,1010,0,0,0,0,15.6623,56,0.000279228,0.00332305,45,0.0313158,-0.0109315,56,-0.00411132,-0.0093948,1,0,0,2,0,0,4,-0.00210916,-0.00618849,56,-0.00393496,-0.0077581,56,0.00065977,-0.00391557,56,0.00555366,-0.00255898
5490718714237,5490707653000,5490707653000,5490718698311,73729,11.0453,5490730607548,22.9545,0,25997,101732,0,0,1,0,0,0.011995,328,327,315,0.963303,2.37209,3.30084,0.484855,0.216187,0.00238037,0.0233765,-4.99877e-05,4.38694e-06,-0.0161479,0.0134222,1,0.000365731,0.00416738,-0.00416738,0.000365731,1,1,-0.00261324,0.0003913,-0.00155414,-2.55694e-05,0,0,0,0,0,0,0,0,0,0,0,0,0,0,0,0,0,0,0,0,0,0,0,255,0.22,3.50456,0.22,-0.00208201,0.00227943,1,1,1,1,0,1,1,-0.596503,-3.11922,0.123093,-0.0010206,-0.00166668,0.0234145,27.8549,25405,1,367,22.4806,6352,0,0.000884653,0.0113985,0.0147565,0,0,0,1,315,0.225,-4.23013e-05,3.7014e-06,8.32815e-07,9.51779e-06,2.59742e-06,9.19265e-06,0.0117916,0.17623,0.0164998,-0.0205937,-0.188441,-0.000154422,-0.000115062,0.00547136,12.2125,1,0,0,0,0,0,-1,1,-9.0462e-07,-3.41779e-06,-0.18818,0,28.0628,1,1010,1010,1010,1010,0,0,0,0,28.069,56,0.00146703,-0.00100215,39,0.000743599,-0.015647,44,0.00138568,0.00712642,2,0,0,2,0,0,4,-0.00152692,0.000969905,56,-0.000845833,0.00320305,56,-0.00233108,1.00199e-05,56,-0.00885883,0.00355929
5490731100163,5490715650000,5490715650000,5490731084644,73729,15.4346,5490740286509,24.6365,0,25997,101733,0,0,1,0,0,0.007997,333,329,329,1,2.32144,2.79989,0.50017,0.221113,-0.0140686,-0.0151062,-5.95661e-05,-2.79432e-05,-0.00093671,0.00421336,1,-0.00349421,0.00744855,-0.00744855,-0.00349421,1,1,-0.00649747,-0.00332003,-0.000951085,-0.000174189,0,0,0,0,0,0,0,0,0,0,0,0,0,0,0,0,0,0,0,0,0,0,0,255,0.22,5.7831,0.22,-0.00509729,-0.00233063,1,1,1,1,0,1,1,-0.596503,-3.11922,0.123093,-0.0010206,-0.00166668,0.0234145,37.5379,25405,1,367,32.1636,6352,0,0.000884653,0.0113985,0.0147565,0,0,0,1,329,0.225,-5.04944e-05,-2.37544e-05,-5.34474e-06,1.13612e-05,-3.12491e-06,1.21603e-05,0.0117885,0.176242,0.0164795,-0.0205947,-0.188433,-0.00143472,-0.000783848,0.00227613,9.46611,1,0,0,0,0,0,-1,1,-9.0462e-07,-3.41779e-06,-0.18818,0,37.7605,1,1010,1010,1010,1010,0,0,0,0,37.7668,56,0.00238027,-0.00749172,39,-0.0448215,-0.0106099,56,0.00431883,-0.00183149,1,0,0,3,-0.0285161,0.0167173,7,-0.0363118,0.0396845,55,0.00224475,-0.00516256,56,-0.00402091,-0.000912057,56,-0.00816532,-0.00439513
5490740806365,5490727624000,5490727624000,5490740791865,73729,13.1679,5490751345554,23.7216,0,25997,101734,0,0,1,0,0,0.011974,335,333,333,1,2.35518,2.63446,0.489781,0.227798,-0.0369263,-0.0181427,-3.19918e-05,-4.19251e-05,0.00814658,-0.00745781,1,-0.00350135,0.00267177,-0.00267177,-0.00350135,1,1,-0.00301246,-0.00352685,0.000340684,2.55069e-05,0,0,0,0,0,0,0,0,0,0,0,0,0,0,0,0,0,0,0,0,0,0,0,255,0.22,5.0448,0.22,-0.00502716,-0.00330201,1,1,1,1,1,1,1,-0.596503,-3.11922,0.123093,-0.0010206,-0.00166668,0.0234145,48.5937,25405,1,367,43.2193,6352,0,0.000884653,0.0113985,0.0147565,0,0,0,1,333,0.225,-2.71769e-05,-3.54896e-05,-7.98515e-06,6.1148e-06,-6.69859e-06,7.50188e-06,0.0117818,0.17625,0.0164766,-0.0205887,-0.188476,-0.00138849,0.000114781,-0.00233725,10.8709,1,0,0,0,0,0,-1,1,-9.0462e-07,-3.41779e-06,-0.188172,0,0.20589,1,1010,1010,1010,1010,0,0,0,0,0.209742,56,-0.00519362,0.000469411,45,0.00403868,-0.0060037,56,-0.00688131,-0.00504605,0,0,0,3,-0.00514464,-0.0488908,5,-0.00122712,-0.0115916,56,-0.00582479,9.6865e-05,56,-0.00445415,-0.00084356,56,0.00031348,-0.00432609
5490751929077,5490735669000,5490735669000,5490751911447,73729,16.2424,5490761057330,25.3883,0,25997,101735,0,0,1,0,0,0.008045,334,334,334,1,2.33139,2.94778,0.49667,0.227409,-0.0343933,0.00241089,-8.64054e-05,3.93583e-05,-0.00608196,0.0040113,1,0.00489227,0.0107403,-0.0107403,0.00489227,1,1,-0.0119277,0.00487619,0.00118739,1.60813e-05,0,0,0,0,0,0,0,0,0,0,0,0,0,0,0,0,0,0,0,0,0,0,0,255,0.22,5.89673,0.22,-0.00587189,0.00162531,1,1,1,1,0,1,1,-0.596529,-3.11921,0.123051,-0.00171964,-0.000776773,0.0232023,9.70668,25406,1,367,52.9383,6352,0,0.000884653,0.0113985,0.0147565,0,0,0,1,334,0.225,-7.32595e-05,3.32981e-05,7.49206e-06,1.64834e-05,1.04412e-05,1.47863e-05,0.0117922,0.176265,0.0164617,-0.020598,-0.188535,-0.00173958,7.23659e-05,-0.00566628,9.52042,1,0,0,0,0,0,-1,1,-9.0462e-07,-3.41779e-06,-0.188172,0,9.93228,1,1010,1010,1010,1010,0,0,0,0,9.93613,56,-0.00506771,-0.00924409,44,-0.0097249,0.0365731,56,-0.00856006,0.00455127,1,0,0,3,0.00566621,0.0780437,6,0.00951633,-0.0516208,56,-0.0133524,-0.00124195,56,-0.0103625,0.000505944,56,-0.00636923,-0.00111079
5490761577871,5490747626000,5490747626000,5490761565649,73729,13.9396,5490772358137,24.7321,0,25997,101736,0,0,1,0,0,0.011957,335,329,329,1,2.37133,2.91041,0.543523,0.222483,-0.0409241,-0.0203857,-2.26105e-05,-5.4769e-05,0.00996439,-0.00315551,1,-0.0045805,0.00189098,-0.00189098,-0.0045805,1,1,-0.0036973,-0.00446273,0.00180631,-0.00011777,0,0,0,0,0,0,0,0,0,0,0,0,0,0,0,0,0,0,0,0,0,0,0,255,0.22,5.77478,0.22,-0.00277198,-0.0035895,1,1,1,1,0,1,1,-0.596529,-3.11921,0.123051,-0.00171964,-0.000776773,0.0232023,21.0047,25406,1,367,64.2363,6352,0,0.000884653,0.0113985,0.0147565,0,0,0,1,329,0.225,-1.92523e-05,-4.64306e-05,-1.04469e-05,4.33176e-06,-9.44889e-06,6.21283e-06,0.0117828,0.176271,0.016471,-0.020605,-0.188598,-0.000985046,-0.000529966,-0.00729077,11.0777,1,0,0,0,0,0,-1,1,-9.0462e-07,-3.41779e-06,-0.188172,0,21.2247,1,1010,1010,1010,1010,0,0,0,0,21.2286,56,-0.00793309,-0.00321333,41,0.0129257,-0.00129494,56,-0.00439963,-0.00643444,1,0,0,3,-0.00354427,-0.0539718,4,-0.0113846,-0.0387809,56,-0.00358302,0.00123676,56,-0.0032035,-0.00577506,56,-0.00634082,-0.00344099
5490772885826,5490767653000,5490767653000,5490772876437,73729,5.22344,5490783140309,15.4873,1,25998,101737,0,0,1,0,0,0.020027,334,329,329,1,2.36283,2.8741,0.438429,0.229187,0.0333252,-0.0400391,9.98125e-05,-9.92875e-05,0.0129606,0.00335625,1,-0.00495768,-0.0049839,0.0049839,-0.00495768,1,1,0.0032668,-0.00489233,0.0017171,-6.53523e-05,0,0,0,0,0,0,0,0,0,0,0,0,0,0,0,0,0,0,0,0,0,0,0,255,0.22,6.99807,0.22,0.00477936,-0.00326125,1,1,1,1,0,1,1,-0.596529,-3.11921,0.123051,-0.00171964,-0.000776773,0.0232023,31.7921,25406,1,367,75.024,6352,0,0.000884653,0.0113985,0.0147565,0,0,0,1,329,0.225,8.46169e-05,-8.41452e-05,-1.89327e-05,-1.90388e-05,-2.2156e-05,-1.51505e-05,0.0117606,0.176256,0.0164831,-0.0206061,-0.188623,0.000253317,-0.000294085,-0.00597892,10.595,1,0,0,0,0,0,-1,1,-9.0462e-07,-3.41779e-06,-0.188172,0,32.022,1,1010,1010,1010,1010,0,0,0,0,32.0259,56,0.00657313,-0.00053266,41,0.00645181,-0.017751,56,0.00660586,-0.00544883,2,0,0,3,0.00724733,0.00838647,3,0.0065431,0.0197114,56,0.00500701,-0.00647901,56,0.00350893,-0.00390771,56,0.00570181,-0.00511799
5490783701110,5490775641000,5490775641000,5490783689110,73729,8.04811,5490792616380,16.9754,0,25998,101738,0,0,1,0,0,0.007988,330,327,327,1,2.35004,2.86611,0.507523,0.22065,0.0122986,-0.0106506,1.9627e-06,-2.12691e-05,-0.00146634,-0.00573666,1,-0.00266263,-0.000245706,0.000245706,-0.00266263,1,1,-0.000771034,-0.00244616,0.00101674,-0.000216473,0,0,0,0,0,0,0,0,0,0,0,0,0,0,0,0,0,0,0,0,0,0,0,255,0.22,7.67643,0.22,0.00292616,-0.00262176,1,1,1,1,0,1,1,-0.596529,-3.11921,0.123051,-0.00171964,-0.000776773,0.0232023,41.2754,25406,1,367,84.5072,6352,0,0.000884653,0.0113985,0.0147565,0,0,0,1,327,0.225,1.70929e-06,-1.80244e-05,-4.05549e-06,-3.8459e-07,-4.05468e-06,3.82542e-07,0.0117566,0.176256,0.0164798,-0.0206257,-0.188627,0.000427618,-0.000974131,-0.00331817,9.26972,1,0,0,0,0,0,-1,1,-9.0462e-07,-3.41779e-06,-0.188172,0,41.4962,1,1010,1010,1010,1010,0,0,0,0,41.5,56,0.00790091,-0.0125794,38,-0.0147385,0.013334,56,-0.00314837,0.00289428,2,0,0,2,0,0,5,-0.00565523,-0.0125287,56,0.000507465,-0.00162453,56,0.00459609,-0.00170413,56,0.00460263,-0.00203634
5490793138939,5490787615000,5490787615000,5490793129124,73729,5.51412,5490802800141,15.1851,0,25998,101739,0,0,1,0,0,0.011974,333,333,333,1,2.36674,2.91193,0.511818,0.250261,0.0130005,0.0200806,4.91818e-05,4.92547e-05,-0.0012139,-0.00354961,1,0.00411347,-0.00410738,0.00410738,0.00411347,1,1,0.00421981,0.00418151,-0.000112432,-6.80351e-05,0,0,0,0,0,0,0,0,0,0,0,0,0,0,0,0,0,0,0,0,0,0,0,255,0.22,6.96511,0.22,0.00208811,0.00364185,1,1,1,1,1,1,1,-0.596529,-3.11921,0.123051,-0.00171964,-0.000776773,0.0232023,51.4431,25406,1,367,94.6747,6352,0,0.000884653,0.0113985,0.0147565,0,0,0,1,333,0.225,4.16382e-05,4.17326e-05,9.38984e-06,-9.36859e-06,7.4684e-06,-1.09618e-05,0.011764,0.176245,0.0164816,-0.0206114,-0.188589,-0.000197468,-0.000306158,0.000246779,9.97437,1,0,0,0,0,0,-1,1,-9.0462e-07,-3.41779e-06,-0.188145,0,0.210446,1,1010,1010,1010,1010,0,0,0,0,0.214224,56,-0.00152972,0.00492128,45,0.00788965,0.00130717,56,-0.000174079,0.00232543,2,0,0,2,0,0,4,0.000396896,0.00771486,56,0.00624141,0.00296833,56,0.000904651,0.00313969,56,0.00128693,0.00511262
5490803706462,5490795640000,5490795640000,5490803697592,73729,8.05759,5490811456761,15.8168,0,25998,101740,0,0,1,0,0,0.008025,338,336,336,1,2.34072,2.964,0.44267,0.226687,0.0357971,0.027832,9.67572e-05,4.3652e-05,0.00579234,-0.00133657,1,0.0054395,-0.012057,0.012057,0.0054395,1,1,0.0132311,0.0052461,-0.00117416,0.000193399,0,0,0,0,0,0,0,0,0,0,0,0,0,0,0,0,0,0,0,0,0,0,0,255,0.22,7.40554,0.22,0.00798354,0.0053168,1,1,1,2,0,1,1,-0.596537,-3.11924,0.122944,-0.00052533,-0.00194825,0.0229615,8.66238,25407,1,367,103.351,6352,0,0.000884653,0.0113985,0.0147565,0,0,0,1,336,0.225,8.20604e-05,3.70282e-05,8.33134e-06,-1.84636e-05,4.72866e-06,-1.96961e-05,0.0117688,0.176225,0.0164914,-0.0206062,-0.188509,0.000486992,0.000870295,0.00461657,8.46054,1,0,0,0,0,0,-1,1,-9.0462e-07,-3.41779e-06,-0.188145,0,8.8796,1,1010,1010,1010,1010,0,0,0,0,8.88338,56,0.00664986,0.00629592,47,0.00664195,0.0176772,56,0.0103348,0.00538692,2,0,0,2,0,0,5,-0.000535291,0.00452287,56,0.0115994,0.0100556,56,0.00746004,0.0092618,56,0.0115937,0.00117726
5490811995450,5490803669000,5490803669000,5490811978598,73729,8.3096,5490821680374,18.0114,0,25998,101741,0,0,1,0,0,0.008029,336,334,315,0.943114,2.32241,2.96378,0.463151,0.213409,-0.0181885,0.041687,-0.000134038,7.34099e-05,-0.0374625,0.0101092,1,0.0091431,0.0166943,-0.0166943,0.0091431,1,1,-0.0144707,0.00896165,-0.00222358,0.000181446,0,0,0,0,0,0,0,0,0,0,0,0,0,0,0,0,0,0,0,0,0,0,0,255,0.22,5.53843,0.22,-0.00548944,0.00804085,1,1,1,1,0,1,1,-0.596537,-3.11924,0.122944,-0.00052533,-0.00194825,0.0229615,18.8694,25407,1,367,113.558,6352,0,0.000884653,0.0113985,0.0147565,0,0,0,1,315,0.225,-0.00011349,6.22656e-05,1.40098e-05,2.55354e-05,1.85325e-05,2.24582e-05,0.0117873,0.176248,0.0164841,-0.0205973,-0.188411,-3.94862e-05,0.000816506,0.0079733,9.98569,1,0,0,0,0,0,-1,1,-9.0462e-07,-3.41779e-06,-0.188145,0,19.0813,1,1010,1010,1010,1010,0,0,0,0,19.085,37,-0.00691342,0.0127212,48,-0.0160905,-0.00267887,56,-0.006052,0.0113725,1,0,0,2,0,0,3,0.0165544,0.0177517,56,-0.00972273,0.00442388,56,-0.0117,0.00686144,56,-0.0178214,0.0165568
5490823689037,5490815652000,5490815652000,5490823674537,73729,8.02254,5490833348331,17.6963,0,25998,101742,0,0,1,0,0,0.011983,333,333,333,1,2.35809,2.82991,0.477152,0.22628,0.0332947,0.0253143,3.91332e-05,6.36859e-05,-0.00273837,-0.000113021,1,0.00531469,-0.00326572,0.00326572,0.00531469,1,1,0.00559901,0.00506237,-0.00233329,0.00025232,0,0,0,0,0,0,0,0,0,0,0,0,0,0,0,0,0,0,0,0,0,0,0,255,0.22,6.91322,0.22,0.00312443,0.00268107,1,1,1,1,0,1,1,-0.596537,-3.11924,0.122944,-0.00052533,-0.00194825,0.0229615,30.5539,25407,1,367,125.242,6352,0,0.000884653,0.0113985,0.0147565,0,0,0,1,333,0.225,3.32031e-05,5.39955e-05,1.2149e-05,-7.47071e-06,1.05357e-05,-9.61208e-06,0.0117978,0.176238,0.0165011,-0.0205832,-0.188326,0.000874873,0.00113544,0.00909973,11.4769,1,0,0,0,0,0,-1,1,-9.0462e-07,-3.41779e-06,-0.188145,0,30.7796,1,1010,1010,1010,1010,0,0,0,0,30.7833,56,0.000949206,0.00460855,46,0.00143895,0.000535246,56,0.00364716,0.00729268,1,0,0,3,-0.00153509,-0.00294146,3,-0.00231285,0.0233405,56,0.00467041,0.000914339,56,0.00440414,0.0032246,56,0.0086964,0.00503552
5490833883224,5490823647000,5490823647000,5490833868150,73729,10.2211,5490843609630,19.9626,0,25998,101743,0,0,1,0,0,0.007995,327,326,326,1,2.3772,2.75924,0.449744,0.218242,-0.0194931,-0.00222778,1.88113e-06,-7.06735e-06,-7.75905e-05,-0.000774515,1,-0.000883972,-0.000235288,0.000235288,-0.000883972,1,1,0.00219249,-0.000980627,-0.0019572,9.66554e-05,0,0,0,0,0,0,0,0,0,0,0,0,0,0,0,0,0,0,0,0,0,0,0,255,0.22,7.13044,0.22,-0.0039567,-0.000833361,1,1,1,1,0,1,1,-0.596537,-3.11924,0.122944,-0.00052533,-0.00194825,0.0229615,40.811,25407,1,367,135.499,6352,0,0.000884653,0.0113985,0.0147565,0,0,0,1,326,0.225,1.54003e-06,-5.98725e-06,-1.34713e-06,-3.46506e-07,-1.38777e-06,-8.82828e-08,0.0117965,0.176238,0.0164825,-0.0205918,-0.18827,-0.00029357,0.000434949,0.00681107,10.0478,1,0,0,0,0,0,-1,1,-9.0462e-07,-3.41779e-06,-0.188145,0,41.0344,1,1010,1010,1010,1010,0,0,0,0,41.0382,56,-0.00605155,0.00158819,41,0.0547215,-0.0124631,56,-0.00321265,0.000276571,0,0,0,2,0,0,3,-0.0116839,-0.00711744,56,-0.00259118,0.00514785,56,-0.00494581,3.38085e-05,56,-0.00751804,-0.0024512
5490844165726,5490835638000,5490835638000,5490844153634,73729,8.51563,5490854591767,18.9538,0,25998,101744,0,0,1,0,0,0.011991,336,333,333,1,2.36004,2.99015,0.396484,0.223317,0.0117188,0.00106812,3.84656e-05,3.30639e-05,0.00807762,-0.00550201,1,0.00275739,-0.00320787,0.00320787,0.00275739,1,1,0.00418224,0.00272526,-0.000974368,3.2136e-05,0,0,0,0,0,0,0,0,0,0,0,0,0,0,0,0,0,0,0,0,0,0,0,255,0.22,7.24863,0.22,0.000468858,-4.46119e-05,1,1,1,1,1,1,1,-0.596537,-3.11924,0.122944,-0.00052533,-0.00194825,0.0229615,51.7798,25407,1,367,146.468,6352,0,0.000884653,0.0113985,0.0147565,0,0,0,1,333,0.225,3.25875e-05,2.80174e-05,6.30391e-06,-7.33219e-06,4.82172e-06,-8.38161e-06,0.0118013,0.17623,0.0165045,-0.0205881,-0.18825,1.1177e-06,0.000144612,0.00350862,10.7755,1,0,0,0,0,0,-1,1,-9.0462e-07,-3.41779e-06,-0.187916,0,0.209575,1,1010,1010,1010,1010,0,0,0,0,0.21389,56,0.0026589,-0.000351384,46,0.013547,0.011286,56,0.00371245,-0.00057799,1,0,0,3,0.00486927,0.0118606,3,0.00348507,0.0110267,56,-0.00102432,-0.00168677,56,0.00202217,0.00116208,56,0.00746007,0.00101845
5490855183808,5490843654000,5490843654000,5490855168271,73729,11.5143,5490864108189,20.4542,0,25998,101745,0,0,1,0,0,0.008016,337,335,335,1,2.36794,2.7283,0.455114,0.232427,-0.0145721,-0.0131836,-3.08157e-05,-2.17168e-05,-0.00646587,-0.00903558,1,-0.00270918,0.00384427,-0.00384427,-0.00270918,1,1,-0.00396215,-0.00274072,0.000117886,3.15403e-05,0,0,0,0,0,0,0,0,0,0,0,0,0,0,0,0,0,0,0,0,0,0,0,255,0.22,8.14656,0.22,-0.00129849,-0.00353543,1,1,1,1,0,1,1,-0.596523,-3.11927,0.122802,-0.00170394,-0.000813863,0.0230521,9.51711,25408,1,367,155.999,6352,0,0.000884653,0.0113985,0.0147565,0,0,0,1,335,0.225,-2.60647e-05,-1.83505e-05,-4.12887e-06,5.86456e-06,-2.95948e-06,6.53315e-06,0.0117983,0.176236,0.0164816,-0.0205911,-0.18828,-0.000437541,0.000141931,-0.000774422,9.29942,1,0,0,0,0,0,-1,1,-9.0462e-07,-3.41779e-06,-0.187916,0,9.75166,1,1010,1010,1010,1010,0,0,0,0,9.75598,56,0.00388747,-0.00235504,48,0.00229347,-0.0148628,56,-0.00669579,-0.00544301,2,0,0,2,0,0,3,0.0314133,0.0125294,56,-0.00714927,-0.00335097,56,-0.00551196,0.00216378,56,-0.00147869,0.000752639
5490864643860,5490855637000,5490855637000,5490864628545,73729,8.99155,5490874706676,19.0697,0,25998,101746,0,0,1,0,0,0.011983,335,333,333,1,2.33957,2.65358,0.395169,0.227335,-0.000671387,-0.0333252,1.80012e-05,-2.5601e-05,0.00663828,-0.0108184,1,-0.00213645,-0.00150223,0.00150223,-0.00213645,1,1,0.000320435,-0.00210482,0.00118179,-3.1629e-05,0,0,0,0,0,0,0,0,0,0,0,0,0,0,0,0,0,0,0,0,0,0,0,255,0.22,7.48135,0.22,0.00104951,-0.00433161,1,1,1,1,0,1,1,-0.596523,-3.11927,0.122802,-0.00170394,-0.000813863,0.0230521,20.1214,25408,1,367,166.603,6352,0,0.000884653,0.0113985,0.0147565,0,0,0,1,333,0.225,1.53151e-05,-2.17437e-05,-4.89233e-06,-3.44591e-06,-5.4487e-06,-2.46901e-06,0.0117929,0.176234,0.0165003,-0.0205896,-0.188327,-0.000488146,-0.00014233,-0.00464497,10.3924,1,0,0,0,0,0,-1,1,-9.0462e-07,-3.41779e-06,-0.187916,0,20.3373,1,1010,1010,1010,1010,0,0,0,0,20.3416,56,0.000526107,-0.00566265,46,-0.00249482,-0.00292947,56,0.00772609,-0.00692029,1,0,0,3,-0.00424458,-0.00521029,3,0.0145183,-0.00525335,56,0.00155345,-0.0075496,56,0.000446931,-0.00430918,56,0.00239525,0.00139146
5490875261921,5490863663000,5490863663000,5490875243772,73729,11.5808,5490883949485,20.2865,0,25998,101747,0,0,1,0,0,0.008026,334,331,312,0.942598,2.34641,2.57556,0.443633,0.215317,-0.00294495,-0.0300293,5.81877e-05,-6.78055e-05,0.0205952,-0.00132803,1,-0.00844823,-0.0072499,0.0072499,-0.00844823,1,1,0.00543227,-0.00853723,0.00181763,8.90057e-05,0,0,0,0,0,0,0,0,0,0,0,0,0,0,0,0,0,0,0,0,0,0,0,255,0.22,7.93256,0.22,0.00141305,-0.00615924,1,1,1,1,0,1,1,-0.596523,-3.11927,0.122802,-0.00170394,-0.000813863,0.0230521,29.4033,25408,1,367,175.885,6352,0,0.000884653,0.0113985,0.0147565,0,0,0,1,312,0.225,4.91643e-05,-5.74629e-05,-1.29292e-05,-1.1062e-05,-1.47653e-05,-8.44472e-06,0.0117781,0.176225,0.0164968,-0.0205899,-0.188384,0.000173375,0.000400526,-0.00640476,9.03555,1,0,0,0,0,0,-1,1,-9.0462e-07,-3.41779e-06,-0.187916,0,29.6235,1,1010,1010,1010,1010,0,0,0,0,29.6278,41,-0.0106286,0.00145298,44,0.0612746,-0.0185025,53,-0.00288445,-0.00942768,1,0,0,2,0,0,3,-0.0404122,-0.0691285,56,0.00609257,-0.00361118,56,0.00429971,-0.00806387,56,0.00591519,-0.00927677
5490884550379,5490875637000,5490875637000,5490884532767,73729,8.89577,5490894887511,19.2505,0,25998,101748,0,0,1,0,0,0.011974,338,336,334,0.994048,2.33615,2.76372,0.434429,0.223706,-0.0211029,-0.0115204,-0.000125062,-1.83747e-05,-0.014254,-0.000390643,1,-0.00153455,0.0104445,-0.0104445,-0.00153455,1,1,-0.0120627,-0.00151837,0.00161821,-1.61838e-05,0,0,0,0,0,0,0,0,0,0,0,0,0,0,0,0,0,0,0,0,0,0,0,255,0.22,7.09155,0.22,-0.00255255,-0.00169662,1,1,1,1,0,1,1,-0.596523,-3.11927,0.122802,-0.00170394,-0.000813863,0.0230521,40.3061,25408,1,367,186.788,6352,0,0.000884653,0.0113985,0.0147565,0,0,0,1,334,0.225,-0.000105892,-1.55944e-05,-3.50874e-06,2.38258e-05,1.00839e-06,2.40595e-05,0.0117791,0.176249,0.0164981,-0.0205955,-0.188425,-0.000635721,-7.2827e-05,-0.00633414,10.6764,1,0,0,0,0,0,-1,1,-9.0462e-07,-3.41779e-06,-0.187916,0,40.5238,1,1010,1010,1010,1010,0,0,0,0,40.5281,56,0.00412577,-0.00869028,49,-0.0445813,-0.0107038,56,-0.00100497,0.00288184,1,0,0,2,0,0,3,-0.00828254,-0.00346101,55,-0.00378073,-0.00358149,56,-0.00727945,0.000478273,56,-0.00737427,-0.000888555
5490895432293,5490883662000,5490883662000,5490895414830,73729,11.7528,5490905953316,22.2913,0,25998,101749,0,0,1,0,0,0.008025,330,328,328,1,2.33291,2.92585,0.45167,0.225484,0.00463104,-0.00686646,5.62704e-06,-6.25943e-05,0.00603425,0.00701869,1,-0.00779991,-0.000701188,0.000701188,-0.00779991,1,1,0.000238529,-0.0078068,0.000462659,6.89463e-06,0,0,0,0,0,0,0,0,0,0,0,0,0,0,0,0,0,0,0,0,0,0,0,255,0.22,7.69359,0.22,0.00275617,-0.0030788,1,1,1,1,1,1,1,-0.596532,-3.11927,0.122891,-0.000526092,-0.00117617,0.0229792,2.13957,25409,1,367,197.823,6352,0,0.000884653,0.0113985,0.0147565,0,0,0,1,328,0.225,4.82689e-06,-5.30269e-05,-1.19311e-05,-1.08605e-06,-1.19205e-05,1.16738e-06,0.0117672,0.176251,0.0164803,-0.0205989,-0.188406,-0.00072533,3.10258e-05,-0.00224584,1.96868,2,0,0,0,0,0,-1,1,-9.0462e-07,-3.41779e-06,-0.188042,0,2.35246,1,1010,1010,1010,1010,0,0,0,0,2.3568,56,0.00375677,0.000797673,42,0.00844634,-0.0479876,56,0.00444262,-0.00384858,1,0,0,2,0,0,5,-0.0101368,-0.00300493,54,0.00559267,-0.00874758,56,-0.000381247,-0.001584,56,-0.00253908,-0.00200442
5490906456708,5490895630000,5490895630000,5490906440486,73729,10.8105,5490916776785,21.1468,0,25998,101750,0,0,1,0,0,0.011968,336,334,334,1,2.35044,2.69532,0.499041,0.226835,-0.0336151,0.00750732,-3.85343e-05,4.6128e-05,0.00801166,-0.0021501,1,0.00385428,0.00321978,-0.00321978,0.00385428,1,1,-0.00303001,0.00387919,-0.000189771,-2.49098e-05,0,0,0,0,0,0,0,0,0,0,0,0,0,0,0,0,0,0,0,0,0,0,0,255,0.22,8.66738,0.22,-0.00351253,0.000914428,1,1,1,1,0,1,1,-0.596532,-3.11927,0.122891,-0.000526092,-0.00117617,0.0229792,13.0069,25409,1,367,10.8628,6353,0,0.000884653,0.0112999,0.015222,0,0,0,1,334,0.225,-3.27848e-05,3.90286e-05,8.78143e-06,7.37658e-06,1.00031e-05,5.60117e-06,0.0117772,0.176256,0.0164803,-0.0205989,-0.188406,-0.00140065,-0.000112094,-0.000437342,12.7862,0,0,0,0,0,0,-1,1,-9.0462e-07,-3.41779e-06,-0.188042,0,13.2263,1,1010,1010,1010,1010,0,0,0,0,13.2306,56,-0.012646,0.00201477,50,-0.00362794,0.0232804,56,0.00163092,0.000851829,1,0,0,3,-0.00133,-0.00325244,2,0,0,54,-0.00511798,0.00188177,56,-0.00200272,-0.00146188,56,-0.00315649,0.000945835
5490917335511,5490903672000,5490903672000,5490917323715,73729,13.6517,5490926122929,22.4509,0,25998,101751,0,0,1,0,0,0.008042,337,333,332,0.996997,2.36344,2.55193,0.42904,0.228113,0.017868,-4.57764e-05,6.38941e-05,1.93568e-05,-0.00148065,-0.00978378,1,0.00240697,-0.00794504,0.00794504,0.00240697,1,1,0.00885479,0.00253876,-0.000909744,-0.000131791,0,0,0,0,0,0,0,0,0,0,0,0,0,0,0,0,0,0,0,0,0,0,0,255,0.22,-0.695468,0.22,0.00554587,0.000453042,1,1,1,1,0,1,1,-0.596532,-3.11927,0.122891,-0.000526092,-0.00117617,0.0229792,22.344,25409,1,367,20.1999,6353,0,0.000884653,0.0112999,0.015222,0,0,0,1,332,0.225,5.4187e-05,1.64493e-05,3.70109e-06,-1.21921e-05,1.35639e-06,-1.26685e-05,0.0117785,0.176244,0.0164833,-0.0206084,-0.188352,-0.000452774,-0.00059306,0.00291286,9.12251,1,0,0,0,0,0,-1,1,-9.0462e-07,-3.41779e-06,-0.188042,0,22.5736,1,1010,1010,1010,1010,0,0,0,0,22.5779,56,0.0104087,0.00447246,44,0.0247414,-0.0104831,56,-0.00347084,-0.00459114,2,0,0,1,0,0,5,-0.00335278,0.00309902,56,0.00497558,0.00583094,56,0.00263877,0.00294264,56,0.00682374,0.00153619
5490926709507,5490915636000,5490915636000,5490926690951,73729,11.055,5490936953676,21.3177,0,25998,101752,0,0,1,0,0,0.011964,335,335,335,1,2.37193,2.69856,0.486837,0.228501,-0.0187073,0.019165,-1.651e-05,3.46789e-05,0.00498926,-0.0034777,1,0.0028986,0.00137998,-0.00137998,0.0028986,1,1,0.000298752,0.0029349,-0.00167873,-3.63024e-05,0,0,0,0,0,0,0,0,0,0,0,0,0,0,0,0,0,0,0,0,0,0,0,255,0.22,8.67853,0.22,-0.000969405,0.00267314,1,1,1,1,0,1,1,-0.596532,-3.11927,0.122891,-0.000526092,-0.00117617,0.0229792,33.1495,25409,1,367,31.0051,6353,0,0.000884653,0.0112999,0.015222,0,0,0,1,335,0.225,-1.39926e-05,2.94367e-05,6.62326e-06,3.14833e-06,7.09298e-06,1.85301e-06,0.0117856,0.176245,0.0164661,-0.0205981,-0.188288,-0.000921754,-0.000163361,0.00530602,10.5893,1,0,0,0,0,0,-1,1,-9.0462e-07,-3.41779e-06,-0.188042,0,33.3662,1,1010,1010,1010,1010,0,0,0,0,33.3705,56,-0.00255042,0.00598726,47,0.0129423,0.00321783,56,-0.00164624,-0.000997745,2,0,0,3,-0.00680909,-0.0286678,3,-0.00118729,0.0532078,56,-0.00530464,0.00646115,56,-0.00271675,0.00337167,56,-0.000439825,0.00139243
5490937475791,5490923667000,5490923667000,5490937459180,73729,13.7922,5490946729934,23.0629,0,25998,101753,0,0,1,0,0,0.008031,333,332,326,0.981928,2.35787,2.82459,0.516245,0.22015,0.0163956,0.0515213,-1.33421e-05,9.60391e-05,-0.0150206,0.00244339,1,0.0119585,0.00166132,-0.00166132,0.0119585,1,1,0.000140832,0.0116323,-0.00180215,0.000326224,0,0,0,0,0,0,0,0,0,0,0,0,0,0,0,0,0,0,0,0,0,0,0,255,0.22,-0.843858,0.22,0.00268352,0.0112075,1,1,1,1,0,1,1,-0.596532,-3.11927,0.122891,-0.000526092,-0.00117617,0.0229792,42.9365,25409,1,367,40.7922,6353,0,0.000884653,0.0112999,0.015222,0,0,0,1,326,0.225,-1.12235e-05,8.1472e-05,1.83312e-05,2.52529e-06,1.84753e-05,-9.48546e-07,0.0118041,0.176244,0.0164809,-0.0205723,-0.188211,-3.1325e-06,0.00146801,0.00648524,9.53716,1,0,0,0,0,0,-1,1,-9.0462e-07,-3.41779e-06,-0.188042,0,43.2121,1,1010,1010,1010,1010,0,0,0,0,43.2164,56,0.0103298,0.0148404,46,-0.013751,0.00262561,56,-0.00272354,0.0143686,1,0,0,2,0,0,3,0.0252328,0.013097,50,-0.00302204,0.00481608,56,-0.000575891,0.0160687,56,0.00532311,0.0135032
5490947420161,5490935635000,5490935635000,5490947394902,73729,11.7599,5490958068092,22.4331,0,25998,101754,0,0,1,0,0,0.011968,334,331,323,0.975831,2.44083,2.97793,0.498467,0.219928,0.0325317,0.0202637,7.54807e-05,4.58352e-05,0.00263355,-0.0034769,1,0.00382981,-0.00630688,0.00630688,0.00382981,1,1,0.00798978,0.00347892,-0.0016829,0.000350885,0,0,0,0,0,0,0,0,0,0,0,0,0,0,0,0,0,0,0,0,0,0,0,255,0.22,9.10051,0.22,0.00409074,0.00192861,1,1,1,1,1,1,1,-0.596494,-3.11931,0.122742,-0.0011786,-0.00189212,0.0228965,0.147742,25410,1,367,52.1074,6353,0,0.000884653,0.0112999,0.015222,0,0,0,1,323,0.225,6.40312e-05,3.88287e-05,8.73645e-06,-1.4407e-05,5.89097e-06,-1.57855e-05,0.01181,0.176229,0.0164732,-0.0205652,-0.188145,0.000297199,0.00157898,0.00629619,11.133,1,0,0,0,0,0,-1,1,-9.0462e-07,-3.41779e-06,-0.187744,0,0.353373,1,1010,1010,1010,1010,0,0,0,0,9.80028,56,0.000881614,0.00376386,43,-0.00309238,0.00823847,48,0.00995509,0.000735897,1,0,0,3,-0.00847616,0.0116758,4,-0.0116616,-0.0290313,56,0.0068001,0.00459329,56,0.00451779,0.00329502,56,0.00559986,0.00448904
5490958630930,5490943685000,5490943685000,5490958612207,73729,14.9272,5490967577292,23.8923,0,25998,101755,0,0,1,0,0,0.00805,340,338,338,1,2.36478,2.64456,0.43317,0.229557,0.0234528,0.0144043,7.14454e-05,3.44199e-05,0.00743995,-0.00213264,1,0.00427576,-0.00887521,0.00887521,0.00427576,1,1,0.00938707,0.0040601,-0.000511864,0.000215661,0,0,0,0,0,0,0,0,0,0,0,0,0,0,0,0,0,0,0,0,0,0,0,255,0.22,-0.019426,0.22,0.00406478,0.00129171,1,1,1,1,0,1,1,-0.596494,-3.11931,0.122742,-0.0011786,-0.00189212,0.0228965,9.67379,25410,1,367,61.6334,6353,0,0.000884653,0.0112999,0.015222,0,0,0,1,338,0.225,6.05056e-05,2.91569e-05,6.5603e-06,-1.36138e-05,3.90244e-06,-1.45991e-05,0.0118139,0.176214,0.0165161,-0.0205555,-0.188099,0.00157724,0.000970476,0.00310451,9.45139,2,0,0,0,0,0,-1,1,-9.0462e-07,-3.41779e-06,-0.187744,0,9.89594,1,1010,1010,1010,1010,0,0,0,0,19.3428,56,0.0011483,0.0060065,52,0.0335066,0.0115338,56,-0.00296927,-0.00164554,1,0,0,2,0,0,3,0.0412334,0.023193,56,0.00951812,0.00601512,56,0.00927565,0.00367306,56,0.0020033,0.00054585
5490968148352,5490955627000,5490955627000,5490968131389,73729,12.5044,5490978399429,22.7724,0,25998,101756,0,0,1,0,0,0.011942,334,332,332,1,2.338,2.62204,0.456652,0.225483,0.0442657,0.00328064,8.3163e-06,-3.0226e-06,-0.0157449,0.00215922,1,-0.000253106,-0.000696391,0.000696391,-0.000253106,1,1,0.000421543,-0.000131435,0.000274848,-0.000121671,0,0,0,0,0,0,0,0,0,0,0,0,0,0,0,0,0,0,0,0,0,0,0,255,0.22,-0.618449,0.22,0.00345352,-0.0011152,1,1,1,1,0,1,1,-0.596494,-3.11931,0.122742,-0.0011786,-0.00189212,0.0228965,20.4887,25410,1,367,72.4484,6353,0,0.000884653,0.0112999,0.015222,0,0,0,1,332,0.225,7.19738e-06,-2.57837e-06,-5.80133e-07,-1.61941e-06,-8.72033e-07,-1.48226e-06,0.011813,0.176213,0.0165178,-0.0205676,-0.188112,0.000276157,-0.000547522,-0.000768527,10.6006,1,0,0,0,0,0,-1,1,-9.0462e-07,-3.41779e-06,-0.187744,0,20.7002,1,1010,1010,1010,1010,0,0,0,0,30.1471,56,0.00939765,-0.00344036,45,-0.019064,-0.000738216,56,0.00469551,0.00456414,1,0,0,2,0,0,4,-0.000619033,-0.0139014,56,0.00533865,-0.00282884,56,0.00265892,-0.000795962,56,0.00492419,0.0043579
5490978924525,5490963683000,5490963683000,5490978907340,73729,15.2243,5490987749313,24.0663,0,25998,101757,0,0,1,0,0,0.008056,336,334,334,1,2.33707,2.60407,0.410466,0.229224,-0.0125275,-0.016037,1.56641e-05,-5.63929e-08,0.0162348,-0.00628129,1,-7.00011e-06,-0.00194441,0.00194441,-7.00011e-06,1,1,0.00119769,-4.25696e-05,0.000746715,3.55695e-05,0,0,0,0,0,0,0,0,0,0,0,0,0,0,0,0,0,0,0,0,0,0,0,255,0.22,0.018537,0.22,-0.0038106,-0.00299764,1,1,1,1,0,1,1,-0.596494,-3.11931,0.122742,-0.0011786,-0.00189212,0.0228965,29.8406,25410,1,367,81.8002,6353,0,0.000884653,0.0112999,0.015222,0,0,0,1,334,0.225,1.31988e-05,-7.94076e-08,-1.78667e-08,-2.96972e-06,-5.71878e-07,-2.91377e-06,0.0118125,0.17621,0.0165304,-0.0205529,-0.188128,0.000688038,0.000160063,-0.00213774,9.12553,1,0,0,0,0,0,-1,1,-9.0462e-07,-3.41779e-06,-0.187744,0,30.0821,1,1010,1010,1010,1010,0,0,0,0,39.529,56,-0.00459237,0.000365089,46,-0.000775488,0.0199588,56,0.00114473,-0.00221915,1,0,0,2,0,0,5,0.0276737,0.0508709,56,-0.00146111,-0.000204955,56,0.00180667,-0.006063,56,0.00367429,-0.008421
5490988310484,5490975636000,5490975636000,5490988297261,73729,12.6613,5490999007415,23.3714,0,25998,101758,0,0,1,0,0,0.011953,336,336,335,0.997024,2.32339,3.24645,0.426096,0.223558,0.0204163,0.00946045,6.63076e-05,-1.29284e-05,0.00625563,0.00441345,1,-0.0010816,-0.00554736,0.00554736,-0.0010816,1,1,0.00474796,-0.00109961,0.0007994,1.80109e-05,0,0,0,0,0,0,0,0,0,0,0,0,0,0,0,0,0,0,0,0,0,0,0,255,0.22,-0.747209,0.22,0.00201946,0.000235777,1,1,1,1,0,1,1,-0.596494,-3.11931,0.122742,-0.0011786,-0.00189212,0.0228965,41.0996,25410,1,367,93.0592,6353,0,0.000884653,0.0112999,0.015222,0,0,0,1,335,0.225,5.61738e-05,-1.09146e-05,-2.45578e-06,-1.26391e-05,-4.77148e-06,-1.19559e-05,0.0118077,0.176198,0.0165245,-0.0205665,-0.188154,-0.000433633,8.10489e-05,-0.00322475,11.0472,1,0,0,0,0,0,-1,1,-9.0462e-07,-3.41779e-06,-0.187744,0,41.3128,1,1010,1010,1010,1010,0,0,0,0,0.156335,56,0.00689301,0.00122789,50,0.0194954,-0.00720002,56,0.000478366,-0.0012986,1,0,0,2,0,0,2,0,0,56,0.00434662,0.0023309,56,0.0035952,0.001175,56,0.00459594,-0.000906961
5490999549049,5490983660000,5490983660000,5490999537104,73729,15.8771,5491008469782,24.8098,0,25998,101759,0,0,1,0,0,0.008024,335,335,335,1,2.32107,2.78385,0.430336,0.226706,-0.0439453,-0.00964355,-5.42286e-05,-3.26382e-05,0.0178632,-0.00235576,1,-0.00406757,0.0067583,-0.0067583,-0.00406757,1,1,-0.0075577,-0.00408558,0.0007994,1.80109e-05,0,0,0,0,0,0,0,0,0,0,0,0,0,0,0,0,0,0,0,0,0,0,0,255,0.22,0.355984,0.22,-0.00762005,-0.0020593,1,1,1,1,1,1,1,-0.596481,-3.11931,0.12262,4.33081e-05,-0.000117702,0.0223806,7.9813,25411,1,367,102.518,6353,0,0.000884653,0.0112999,0.015222,0,0,0,1,335,0.225,-4.60068e-05,-2.76219e-05,-6.21493e-06,1.03515e-05,-4.17146e-06,1.13303e-05,0.0118035,0.176209,0.0165245,-0.0205665,-0.188154,-0.000433633,8.10489e-05,-0.00322475,20.5056,0,0,0,0,0,0,-1,1,-9.0462e-07,-3.41779e-06,-0.187798,0,0.210317,1,1010,1010,1010,1010,0,0,0,0,9.62342,56,-0.00228837,0.00260151,47,-0.0296735,-0.0191143,56,-0.010526,-0.00250243,1,0,0,3,0.0368714,0.00614098,4,0.020244,0.0197836,56,-0.00771898,-0.00393755,56,-0.00471461,-0.00247611,56,-0.0078074,0.000627579
5491009059731,5490995634000,5490995634000,5491009041156,73729,13.4072,5491019148176,23.5142,0,25998,101760,0,0,1,0,0,0.011974,332,332,312,0.939759,2.35226,2.55948,0.42091,0.216613,-0.0267639,0.000488281,-8.52575e-05,4.6936e-05,-0.0159794,-0.000994932,1,0.00391982,0.00712022,-0.00712022,0.00391982,1,1,-0.00773633,0.00392995,0.000616108,-1.01236e-05,0,0,0,0,0,0,0,0,0,0,0,0,0,0,0,0,0,0,0,0,0,0,0,255,0.22,-0.306261,0.22,-0.00385931,0.00150001,1,1,1,1,0,1,1,-0.596481,-3.11931,0.12262,4.33081e-05,-0.000117702,0.0223806,18.6617,25411,1,367,113.198,6353,0,0.000884653,0.0112999,0.015222,0,0,0,1,312,0.225,-7.22683e-05,3.9739e-05,8.94127e-06,1.62604e-05,1.18176e-05,1.42999e-05,0.0118153,0.176223,0.0165256,-0.0205475,-0.18818,-0.000173542,-4.55562e-05,-0.00235682,10.4128,2,0,0,0,0,0,-1,1,-9.0462e-07,-3.41779e-06,-0.187798,0,10.8735,1,1010,1010,1010,1010,0,0,0,0,20.2866,56,-0.00991524,-0.00421789,46,-0.0152769,0.0111999,56,0.00194409,0.00558817,0,0,0,3,-0.0307394,-0.00949895,3,-0.0242721,-0.00989973,36,-0.00666756,0.00421089,56,-0.00843447,-0.00204536,56,-0.00581432,0.00275682
5491019675958,5491003662000,5491003662000,5491019656754,73729,15.9948,5491028549820,24.8878,0,25998,101761,0,0,1,0,0,0.008028,337,334,333,0.997006,2.32881,2.58811,0.397929,0.221631,-0.032959,0.0271912,-5.11421e-05,4.43398e-05,0.00728138,-0.000633666,1,0.00552315,0.00637046,-0.00637046,0.00552315,1,1,-0.00681723,0.00518459,0.000446772,0.00033856,0,0,0,0,0,0,0,0,0,0,0,0,0,0,0,0,0,0,0,0,0,0,0,255,0.22,0.191965,0.22,-0.00511722,0.00519234,1,1,1,1,0,1,1,-0.596481,-3.11931,0.12262,4.33081e-05,-0.000117702,0.0223806,28.0609,25411,1,367,122.597,6353,0,0.000884653,0.0112999,0.015222,0,0,0,1,333,0.225,-4.33626e-05,3.76232e-05,8.46523e-06,9.75659e-06,1.01357e-05,8.00037e-06,0.0118255,0.176231,0.0165309,-0.0205386,-0.188182,-0.000150008,0.00152352,-0.00172839,9.18788,1,0,0,0,0,0,-1,1,-9.0462e-07,-3.41779e-06,-0.187798,0,20.293,1,1010,1010,1010,1010,0,0,0,0,29.7061,56,0.00243707,0.0104082,47,-0.00413223,0.00671276,56,-0.0069947,0.00144314,1,0,0,2,0,0,3,0.00801618,-0.0146628,56,-0.00466767,0.00325663,56,-0.0093555,0.00738952,56,-0.00717406,0.00675473
5491029092213,5491015640000,5491015640000,5491029073620,73729,13.4336,5491039358826,23.7188,0,25998,101762,0,0,1,0,0,0.011978,341,340,340,1,2.35392,2.59861,0.434355,0.233409,-0.0263062,0.0529938,1.98114e-05,0.000106933,0.0125677,-0.000790983,1,0.00892743,-0.00165399,0.00165399,0.00892743,1,1,0.00169448,0.00859695,-4.04922e-05,0.000330477,0,0,0,0,0,0,0,0,0,0,0,0,0,0,0,0,0,0,0,0,0,0,0,255,0.22,-0.550004,0.22,-0.00237826,0.00670562,1,1,1,1,0,1,1,-0.596481,-3.11931,0.12262,4.33081e-05,-0.000117702,0.0223806,38.8717,25411,1,367,133.408,6353,0,0.000884653,0.0112999,0.015222,0,0,0,1,340,0.225,1.66865e-05,9.06584e-05,2.03981e-05,-3.75447e-06,1.9333e-05,-7.50247e-06,0.0118448,0.176224,0.0165352,-0.0205211,-0.188151,0.000146839,0.00148715,0.000263243,10.6205,1,0,0,0,0,0,-1,1,-9.0462e-07,-3.41779e-06,-0.187798,0,31.0933,1,1010,1010,1010,1010,0,0,0,0,40.5064,56,-0.00559612,0.0113191,52,0.0194209,0.0119639,56,-0.00543768,0.00555502,2,0,0,2,0,0,4,0.00375838,0.0187341,56,-0.00455072,0.0111876,56,-0.00296875,0.00830452,56,0.000390405,0.003949
5491039888349,5491031661000,5491031661000,5491039879127,73729,8.21813,5491049670625,18.0096,1,25999,101763,0,0,1,0,0,0.016021,336,332,330,0.993976,2.31709,2.72059,0.483281,0.226095,-0.00160217,0.161652,-4.31216e-05,0.000301426,-0.00628321,0.000363917,1,0.0188145,0.00269157,-0.00269157,0.0188145,1,1,-0.00262546,0.018381,-6.61098e-05,0.000433495,0,0,0,0,0,0,0,0,0,0,0,0,0,0,0,0,0,0,0,0,0,0,0,255,0.22,0.098668,0.22,0.000172386,0.0143138,1,1,1,1,0,1,1,-0.596481,-3.11931,0.12262,4.33081e-05,-0.000117702,0.0223806,49.1831,25411,1,367,143.72,6353,0,0.000884653,0.0112999,0.015222,0,0,0,1,330,0.225,-3.64853e-05,0.000255591,5.7508e-05,8.2092e-06,5.80138e-05,-2.68948e-06,0.0119028,0.176221,0.0165635,-0.0204945,-0.188134,0.00110365,0.00195073,0.00112091,10.1024,1,0,0,0,0,0,-1,1,-9.0462e-07,-3.41779e-06,-0.187798,0,41.4055,1,1010,1010,1010,1010,0,0,0,0,0.204853,56,-0.000313702,0.0189235,45,-0.0125314,0.0139352,56,0.000693641,0.0206196,1,0,0,2,0,0,4,0.0146494,0.0714121,54,-0.00243201,0.0191234,56,-0.00134197,0.0171238,56,0.000329685,0.0192342
5491051711733,5491043669000,5491043669000,5491051694603,73729,8.0256,5491060159592,16.4906,0,25999,101764,0,0,1,0,0,0.012008,335,333,333,1,2.32002,2.8673,0.431225,0.221724,0.0354919,0.0937805,8.76751e-05,0.000127079,0.00996942,0.00786226,1,0.0105828,-0.00730139,0.00730139,0.0105828,1,1,0.007074,0.0101872,0.000227388,0.00039564,0,0,0,0,0,0,0,0,0,0,0,0,0,0,0,0,0,0,0,0,0,0,0,255,0.22,1.77727,0.22,0.00400953,0.00938749,1,1,1,2,1,1,1,-0.596393,-3.11933,0.122528,0.00127904,-0.00221518,0.022472,7.5025,25412,1,367,154.207,6353,0,0.000884653,0.0112999,0.015222,0,0,0,1,333,0.225,7.42907e-05,0.000107796,2.42542e-05,-1.67154e-05,2.07015e-05,-2.0954e-05,0.0119235,0.1762,0.0165944,-0.020491,-0.188111,0.00247583,0.00178038,0.00116207,7.29705,1,0,0,0,0,0,-1,1,-9.0462e-07,-3.41779e-06,-0.187744,0,7.70528,1,1010,1010,1010,1010,0,0,0,0,10.6814,56,0.00784809,0.0157903,46,0.0213687,0.0163128,56,0.00399904,0.0127799,1,0,0,2,0,0,4,-0.0157528,-0.0530266,56,0.00690918,0.0145152,56,0.00875979,0.012728,56,0.00459783,0.0109711
5491060722559,5491051669000,5491051669000,5491060703059,73729,9.03406,5491070667726,18.9987,0,25999,101765,0,0,1,0,0,0.008,334,334,333,0.997006,2.32198,2.97385,0.451022,0.222224,0.0484619,0.0750122,8.80322e-05,0.000168715,-0.00409175,-0.00979907,1,0.0210894,-0.011004,0.011004,0.0210894,1,1,0.0106166,0.0209196,0.000387405,0.000169762,0,0,0,0,0,0,0,0,0,0,0,0,0,0,0,0,0,0,0,0,0,0,0,255,0.22,0.649671,0.22,0.00816851,0.0135641,1,1,1,1,0,1,1,-0.596393,-3.11933,0.122528,0.00127904,-0.00221518,0.022472,18.0095,25412,1,367,164.715,6353,0,0.000884653,0.0112999,0.015222,0,0,0,1,333,0.225,7.46902e-05,0.000143043,3.21846e-05,-1.68053e-05,2.8474e-05,-2.25245e-05,0.011952,0.176178,0.0166298,-0.0204837,-0.188094,0.00316755,0.000763929,0.00113939,10.2972,1,0,0,0,0,0,-1,1,-9.0462e-07,-3.41779e-06,-0.187744,0,18.2222,1,1010,1010,1010,1010,0,0,0,0,21.1982,56,0.00116148,0.0153854,46,0.0228285,0.0234238,56,0.00833379,0.0166014,2,0,0,2,0,0,3,0.0406574,0.078295,56,0.0107084,0.0201971,56,0.00820797,0.0163555,56,0.0144487,0.0241366
5491071708530,5491063651000,5491063651000,5491071696252,73729,8.04525,5491082888650,19.2376,0,25999,101766,0,0,1,0,0,0.011982,340,338,338,1,2.34118,2.8935,0.404633,0.227169,0.0623245,0.112137,0.000127874,0.000192403,0.00408081,0.00752778,1,0.0160576,-0.0106722,0.0106722,0.0160576,1,1,0.00991507,0.0158755,0.000757143,0.000182113,0,0,0,0,0,0,0,0,0,0,0,0,0,0,0,0,0,0,0,0,0,0,0,255,0.22,1.48592,0.22,0.00592832,0.0134306,1,1,1,1,0,1,1,-0.596393,-3.11933,0.122528,0.00127904,-0.00221518,0.022472,30.2325,25412,1,367,176.937,6353,0,0.000884653,0.0112999,0.015222,0,0,0,1,338,0.225,0.000108406,0.000163189,3.67175e-05,-2.43915e-05,3.15105e-05,-3.08234e-05,0.0119835,0.176147,0.0166753,-0.0204765,-0.188084,0.00406799,0.000819509,0.000528675,12.0358,1,0,0,0,0,0,-1,1,-9.0462e-07,-3.41779e-06,-0.187744,0,30.4444,1,1010,1010,1010,1010,0,0,0,0,33.4205,56,0.0113209,0.0191803,51,0.0200026,0.00696417,56,0.00558649,0.0186243,2,0,0,2,0,0,3,-7.03856e-05,0.0272451,56,0.0127302,0.0187207,56,0.0113545,0.0172342,56,0.00788147,0.0137777
5491083351598,5491071665000,5491071665000,5491083340950,73729,11.676,5491092692945,21.0279,0,25999,101767,0,0,1,0,0,0.008014,334,333,333,1,2.55046,2.99586,0.431152,0.216206,0.0336304,0.147736,4.60406e-05,0.000275622,-0.010065,-0.00641166,1,0.0343926,-0.00574502,0.00574502,0.0343926,1,1,0.00472184,0.0342787,0.00102318,0.000113846,0,0,0,0,0,0,0,0,0,0,0,0,0,0,0,0,0,0,0,0,0,0,0,255,0.22,2.99256,0.22,0.00285221,0.0277249,1,1,1,1,0,1,1,-0.596393,-3.11933,0.122528,0.00127904,-0.00221518,0.022472,40.0415,25412,1,367,186.747,6353,0,0.000884653,0.0112999,0.015222,0,0,0,1,333,0.225,3.91412e-05,0.00023372,5.25869e-05,-8.80676e-06,5.0005e-05,-1.84819e-05,0.0120335,0.176128,0.0167023,-0.020472,-0.188095,0.00358517,0.000512305,-0.000815316,9.60979,1,0,0,0,0,0,-1,1,-9.0462e-07,-3.41779e-06,-0.187744,0,40.2621,1,1010,1010,1010,1010,0,0,0,0,43.2382,56,0.0159333,0.0287383,49,-0.00896287,0.0446728,56,0.0142066,0.0365019,1,0,0,1,0,0,2,0,0,56,0.00722965,0.035601,56,0.00226512,0.0336655,56,0.00882703,0.0397276
5491093228079,5491083650000,5491083650000,5491093210727,73729,9.56073,5491104074104,20.4241,0,25999,101768,0,0,1,0,0,0.011985,341,340,340,1,2.34059,3.05563,0.53967,0.226335,0.0153427,0.193024,3.68049e-05,0.000372674,0.0102057,-0.00165279,1,0.031095,-0.00307091,0.00307091,0.031095,1,1,0.00162922,0.0308658,0.0014417,0.000229267,0,0,0,0,0,0,0,0,0,0,0,0,0,0,0,0,0,0,0,0,0,0,0,255,0.22,2.70822,0.22,-0.00212578,0.0251044,1,1,1,1,0,1,1,-0.596146,-3.11938,0.122596,0.00778711,-0.00135726,0.0230487,0.77882,25413,1,367,198.118,6353,0,0.000884653,0.0112999,0.015222,0,0,0,1,340,0.225,3.11819e-05,0.000316012,7.11028e-05,-7.01592e-06,6.8523e-05,-2.019e-05,0.012102,0.176108,0.016741,-0.0204494,-0.188179,0.00199252,0.0010317,-0.00359609,0.592708,2,0,0,0,0,0,-1,1,-9.0462e-07,-3.41779e-06,-0.18781,0,0.994841,1,1010,1010,1010,1010,0,0,0,0,0.998729,56,0.00703601,0.0301235,52,0.00567074,0.0333769,56,0.000934169,0.028217,2,0,0,2,0,0,4,0.0103448,0.0654617,56,0.00251577,0.0313329,56,0.00577358,0.0337409,56,0.00319462,0.0282882
5491104576015,5491091672000,5491091672000,5491104560756,73729,12.8888,5491113798399,22.1264,0,25999,101769,0,0,1,0,0,0.008022,339,337,337,1,2.31987,2.95226,0.518689,0.225039,0.00933838,0.243195,7.11315e-05,0.000405137,0.0188039,0.0167167,1,0.0505032,-0.00886706,0.00886706,0.0505032,1,1,0.00720167,0.0502386,0.00166539,0.000264619,0,0,0,0,0,0,0,0,0,0,0,0,0,0,0,0,0,0,0,0,0,0,0,255,0.22,3.84994,0.22,0.000290748,0.0466195,1,1,1,1,1,1,1,-0.596146,-3.11938,0.122596,0.00778711,-0.00135726,0.0230487,10.5269,25413,1,367,8.32328,6354,0,0.000884653,0.011484,0.0157068,0,0,0,1,337,0.225,6.02757e-05,0.000343558,7.73005e-05,-1.3562e-05,7.33879e-05,-2.77793e-05,0.0121754,0.17608,0.016741,-0.0204494,-0.188179,0.00183487,0.00119079,-0.0045275,10.3285,0,0,0,0,0,0,-1,1,-9.0462e-07,-3.41779e-06,-0.18781,0,10.7555,1,1010,1010,1010,1010,0,0,0,0,10.7594,56,0.00284196,0.0597729,52,0.00879938,0.0401256,56,0.00840322,0.0540754,1,0,0,1,0,0,3,-0.0108653,-0.0746231,56,0.00953654,0.0539695,56,0.00358785,0.0567661,56,0.0016336,0.0533602
5491114411681,5491103669000,5491103669000,5491114391792,73729,10.7228,5491125204002,21.535,0,25999,101770,0,0,1,0,0,0.011997,341,340,340,1,2.35892,3.04782,0.437299,0.226409,-0.0254974,0.291687,-3.86491e-06,0.000547684,0.0102285,-0.0034087,1,0.0456517,0.000322156,-0.000322156,0.0456517,1,1,-0.00216086,0.0452981,0.0018387,0.000353634,0,0,0,0,0,0,0,0,0,0,0,0,0,0,0,0,0,0,0,0,0,0,0,255,0.22,3.59053,0.22,-0.00436464,0.0375272,1,1,1,1,0,1,1,-0.596146,-3.11938,0.122596,0.00778711,-0.00135726,0.0230487,21.9344,25413,1,367,19.7305,6354,0,0.000884653,0.011484,0.0157068,0,0,0,1,340,0.225,-3.33963e-06,0.000464427,0.000104496,7.51417e-07,0.000102769,-1.88125e-05,0.0122782,0.176062,0.0167524,-0.0204285,-0.188243,0.000584867,0.00159135,-0.00615143,11.1909,1,0,0,0,0,0,-1,1,-9.0462e-07,-3.41779e-06,-0.18781,0,22.1506,1,1010,1010,1010,1010,0,0,0,0,22.1544,56,-0.00132589,0.0426839,55,0.00674059,0.0469391,56,-0.00460614,0.0440024,1,0,0,1,0,0,3,-0.00480402,0.033715,56,-0.00338058,0.0505982,56,-0.0019396,0.0455877,56,-0.000721454,0.0475504
5491125744080,5491111669000,5491111669000,5491125732617,73729,14.0636,5491135113409,23.4444,0,25999,101771,0,0,1,0,0,0.008,343,343,342,0.997085,2.64217,2.76334,0.416226,0.230705,0.0179901,0.363434,0.000106676,0.000684459,0.0337371,-0.0123145,1,0.0855574,-0.0133345,0.0133345,0.0855574,1,1,0.0108912,0.0850163,0.00244333,0.000541094,0,0,0,0,0,0,0,0,0,0,0,0,0,0,0,0,0,0,0,0,0,0,0,255,0.22,4.80057,0.22,0.00476435,0.0699998,1,1,1,1,0,1,1,-0.596146,-3.11938,0.122596,0.00778711,-0.00135726,0.0230487,31.8598,25413,1,367,29.6566,6354,0,0.000884653,0.011484,0.0157068,0,0,0,1,342,0.225,9.03874e-05,0.000580401,0.00013059,-2.03372e-05,0.000124455,-4.4418e-05,0.0124027,0.176017,0.0167849,-0.0204042,-0.188315,0.00184276,0.00243492,-0.00732176,9.68648,1,0,0,0,0,0,-1,1,-9.0462e-07,-3.41779e-06,-0.18781,0,32.0876,1,1010,1010,1010,1010,0,0,0,0,32.0915,56,0.00673326,0.0902602,56,0.031322,0.086678,56,0.0136566,0.0790315,1,0,0,2,0,0,4,0.0146873,0.0865087,55,0.00563165,0.0793718,56,0.0077843,0.0843221,56,0.0159489,0.0856906
5491135708043,5491123643000,5491123643000,5491135685895,73729,12.0429,5491146428938,22.7859,0,25999,101772,0,0,1,0,0,0.011974,340,340,340,1,2.33261,2.9121,0.4933,0.22552,0.0112762,0.417328,8.84702e-05,0.000805993,0.0187881,-0.00781614,1,0.0673119,-0.00738852,0.00738852,0.0673119,1,1,0.00478065,0.0668349,0.00260787,0.000477056,0,0,0,0,0,0,0,0,0,0,0,0,0,0,0,0,0,0,0,0,0,0,0,255,0.22,4.35105,0.22,0.00182345,0.0535321,1,1,1,1,0,1,1,-0.596146,-3.11938,0.122596,0.00778711,-0.00135726,0.0230487,43.1649,25413,1,367,40.9615,6354,0,0.000884653,0.011484,0.0157068,0,0,0,1,340,0.225,7.48974e-05,0.000683417,0.000153769,-1.68519e-05,0.000147867,-4.53442e-05,0.0125505,0.175972,0.0167933,-0.0203917,-0.188392,0.00139495,0.00214675,-0.00827236,11.0817,1,0,0,0,0,0,-1,1,-9.0462e-07,-3.41779e-06,-0.18781,0,43.3825,1,1010,1010,1010,1010,0,0,0,0,43.3864,56,-0.00248234,0.066195,56,0.0253339,0.0651829,56,0.00183666,0.0612649,0,0,0,1,0,0,3,0.00025101,0.04451,56,0.00594941,0.0707551,56,0.00592932,0.068196,56,0.00450304,0.0632472
5491146982423,5491131676000,5491131676000,5491146962534,73729,15.2865,5491156594365,24.9184,0,25999,101773,0,0,1,0,0,0.008033,339,338,338,1,2.35554,3.22876,0.466615,0.226557,0.0510559,0.52916,9.84637e-05,0.000999529,0.0033354,-0.0108009,1,0.124428,-0.0122574,0.0122574,0.124428,1,1,0.00899287,0.124136,0.00326453,0.000291853,0,0,0,0,0,0,0,0,0,0,0,0,0,0,0,0,0,0,0,0,0,0,0,255,0.22,5.73667,0.22,0.00965028,0.102609,1,1,1,1,0,1,1,-0.595431,-3.11955,0.122433,0.0198853,-0.00677991,0.02259,3.01373,25414,1,367,51.0994,6354,0,0.000884653,0.011484,0.0157068,0,0,0,1,338,0.225,8.3537e-05,0.000847586,0.000190707,-1.87958e-05,0.00018377,-5.42051e-05,0.0127343,0.175918,0.016852,-0.0203712,-0.188583,0.00222922,0.00131334,-0.00996894,2.83348,2,0,0,0,0,0,-1,1,-9.0462e-07,-3.41779e-06,-0.188211,0,3.23267,1,1010,1010,1010,1010,0,0,0,0,3.23673,56,0.0185324,0.12416,52,0.00964393,0.13492,56,0.00768276,0.120412,0,0,0,1,0,0,5,0.0113254,0.0733482,56,0.0106403,0.126393,56,0.0148078,0.12572,56,0.0133305,0.129716
5491157104017,5491143649000,5491143649000,5491157086739,73729,13.4377,5491167848727,24.1997,0,25999,101774,0,0,1,0,0,0.011973,341,340,340,1,2.37024,2.80711,0.4883,0.227705,0.110794,0.582115,0.000252542,0.00105283,0.0181842,0.00909458,1,0.0879339,-0.0210926,0.0210926,0.0879339,1,1,0.0173424,0.0875057,0.00375023,0.00042821,0,0,0,0,0,0,0,0,0,0,0,0,0,0,0,0,0,0,0,0,0,0,0,255,0.22,5.64186,0.22,0.0147683,0.0752342,1,1,1,1,1,1,1,-0.595431,-3.11955,0.122433,0.0198853,-0.00677991,0.02259,14.2691,25414,1,367,62.3549,6354,0,0.000884653,0.011484,0.0157068,0,0,0,1,340,0.225,0.000214125,0.00089278,0.000200876,-4.81782e-05,0.000188252,-8.49863e-05,0.0129225,0.175833,0.0169238,-0.0203496,-0.188669,0.00338378,0.00192694,-0.0107938,9.63533,1,0,0,0,0,0,-1,1,-9.0462e-07,-3.41779e-06,-0.188211,0,14.4962,1,1010,1010,1010,1010,0,0,0,0,14.5002,56,0.0172261,0.0927682,55,0.0346176,0.079334,56,0.0163093,0.0933096,0,0,0,1,0,0,4,0.0181813,0.0775892,56,0.0217081,0.091822,56,0.0189874,0.0884551,56,0.0193653,0.0872753
5491168465268,5491151670000,5491151670000,5491168445064,73729,16.7751,5491177640503,25.9705,0,25999,101775,0,0,1,0,0,0.008021,341,338,338,1,2.32483,2.82491,0.445189,0.235372,0.122131,0.718506,0.000260435,0.00134122,0.0284961,-0.00563452,1,0.167214,-0.0324692,0.0324692,0.167214,1,1,0.0287189,0.166785,0.00375023,0.00042821,0,0,0,0,0,0,0,0,0,0,0,0,0,0,0,0,0,0,0,0,0,0,0,255,0.22,6.50705,0.22,0.0233355,0.141114,1,1,1,1,0,1,1,-0.595431,-3.11955,0.122433,0.0198853,-0.00677991,0.02259,24.0672,25414,1,367,72.1529,6354,0,0.000884653,0.011484,0.0157068,0,0,0,1,338,0.225,0.000220828,0.00113735,0.000255904,-4.96863e-05,0.000242011,-9.67861e-05,0.0131645,0.175736,0.0169238,-0.0203496,-0.188669,0.00338378,0.00192694,-0.0107938,19.4257,0,0,0,0,0,0,-1,1,-9.0462e-07,-3.41779e-06,-0.188211,0,24.2864,1,1010,1010,1010,1010,0,0,0,0,24.2904,56,0.0403037,0.169076,53,0.0247745,0.178795,56,0.0347832,0.164672,0,0,0,1,0,0,4,0.0510758,0.133738,56,0.0276466,0.172588,56,0.0379633,0.16601,56,0.031998,0.161679
5491178187415,5491163647000,5491163647000,5491178170452,73729,14.5235,5491189683685,26.0367,0,25999,101776,0,0,1,0,0,0.011977,341,341,341,1,2.59228,3.5866,0.518115,0.22765,0.18129,0.804153,0.000445522,0.00150069,0.0201449,-0.00196853,1,0.125297,-0.0371981,0.0371981,0.125297,1,1,0.033339,0.125182,0.00385915,0.000115955,0,0,0,0,0,0,0,0,0,0,0,0,0,0,0,0,0,0,0,0,0,0,0,255,0.22,6.52284,0.22,0.024006,0.106049,1,1,1,1,0,1,1,-0.595431,-3.11955,0.122433,0.0198853,-0.00677991,0.02259,36.1042,25414,1,367,84.1903,6354,0,0.000884653,0.011484,0.0157068,0,0,0,1,341,0.225,0.000377739,0.00127259,0.000286333,-8.49912e-05,0.000265261,-0.000137214,0.0134298,0.175599,0.0170456,-0.0203797,-0.188845,0.00534392,0.000521798,-0.00961779,11.8083,2,0,0,0,0,0,-1,1,-9.0462e-07,-3.41779e-06,-0.188211,0,36.3164,1,1010,1010,1010,1010,0,0,0,0,36.3204,56,0.0229056,0.1333,56,0.0577253,0.122165,56,0.0268087,0.122909,0,0,0,1,0,0,4,0.0157447,0.0844579,56,0.0291726,0.127676,56,0.0334561,0.126563,56,0.0352466,0.122486
5491190225264,5491171716000,5491171716000,5491190212967,73729,18.497,5491199954669,28.2387,0,25999,101777,0,0,1,0,0,0.008069,344,344,338,0.982558,2.61169,2.91693,0.511411,0.231205,0.155624,0.924568,0.000281369,0.00172193,0.00604367,0.000213891,1,0.213401,-0.0348704,0.0348704,0.213401,1,1,0.0307199,0.213594,0.00415053,-0.000193536,0,0,0,0,0,0,0,0,0,0,0,0,0,0,0,0,0,0,0,0,0,0,0,255,0.22,8.42475,0.22,0.0274747,0.180427,1,1,1,1,0,1,1,-0.595431,-3.11955,0.122433,0.0198853,-0.00677991,0.02259,46.376,25414,1,367,94.4617,6354,0,0.000884653,0.011484,0.0157068,0,0,0,1,338,0.225,0.00023872,0.0014601,0.000328524,-5.3712e-05,0.000312539,-0.000114449,0.0137423,0.175484,0.0170849,-0.0203738,-0.188964,0.00536022,-0.000870914,-0.0106537,10.0556,1,0,0,0,0,0,-1,1,-9.0462e-07,-3.41779e-06,-0.188211,0,46.6212,1,1010,1010,1010,1010,0,0,0,0,0.235168,56,0.0432662,0.215088,56,0.00989219,0.209434,51,0.0309176,0.215501,0,0,0,2,0,0,5,0.0270889,0.196946,56,0.0349091,0.213713,56,0.0391549,0.216954,56,0.0407196,0.22082
5491200528729,5491191670000,5491191670000,5491200519840,73729,8.84984,5491209734779,18.0648,1,26000,101778,0,0,1,0,0,0.019954,342,342,332,0.97076,2.32961,3.01041,0.454874,0.227058,0.334236,2.31941,0.000804096,0.00438193,0.0196733,-0.00831062,1,0.219601,-0.0402975,0.0402975,0.219601,1,1,0.036147,0.219795,0.00415053,-0.000193536,0,0,0,0,0,0,0,0,0,0,0,0,0,0,0,0,0,0,0,0,0,0,0,255,0.22,8.56488,0.22,0.0247828,0.185409,1,1,1,0,0,1,1,-0.595431,-3.11955,0.122433,0.0198853,-0.00677991,0.02259,56.1531,25414,1,367,104.239,6354,0,0.000884653,0.011484,0.0157068,0,0,0,1,332,0.225,0.000681715,0.00371536,0.000835955,-0.000153386,0.000792149,-0.000307638,0.0145345,0.175177,0.0170849,-0.0203738,-0.188964,0.00536022,-0.000870914,-0.0106537,19.832,0,0,0,0,0,0,-1,1,-9.0462e-07,-3.41779e-06,-0.188726,0,0.187706,1,1010,1010,1010,1010,0,0,0,0,9.96696,52,0.0305933,0.217045,50,0.0689411,0.218767,56,0.0371174,0.214404,0,0,0,1,0,0,5,0.0263509,0.129119,56,0.0348227,0.223969,56,0.034867,0.220613,56,0.0375852,0.220079
5491210250301,5491203643000,5491203643000,5491210233486,73729,6.59049,5491221191012,17.548,0,26000,101779,0,0,1,0,0,0.011973,346,346,346,1,2.36679,3.0458,0.5048,0.249854,0.197845,1.41123,0.000443895,0.00264337,0.0283468,-0.00798614,1,0.220777,-0.0370746,0.0370746,0.220777,1,1,0.0329045,0.220904,0.00417017,-0.000126889,0,0,0,0,0,0,0,0,0,0,0,0,0,0,0,0,0,0,0,0,0,0,0,255,0.22,8.12154,0.22,0.0238715,0.187973,1,1,1,1,1,1,1,-0.593871,-3.12001,0.122346,0.0400404,-0.0119213,0.0242788,11.444,25415,1,367,115.695,6354,0,0.000884653,0.011484,0.0157068,0,0,0,1,346,0.225,0.000376399,0.00224141,0.000504317,-8.46897e-05,0.000479316,-0.000178004,0.0150138,0.174999,0.0171295,-0.0204142,-0.189208,0.00201613,-0.000571,-0.0133997,11.229,2,0,0,0,0,0,-1,1,-9.0462e-07,-3.41779e-06,-0.188726,0,11.6586,1,1010,1010,1010,1010,0,0,0,0,21.4379,56,0.0300492,0.225084,56,0.0625346,0.235942,56,0.0339329,0.213939,0,0,0,1,0,0,9,0.025293,0.193166,56,0.0325872,0.219708,56,0.0349978,0.221906,56,0.0402525,0.221054
5491221758517,5491211659000,5491211659000,5491221740720,73729,10.0817,5491231409199,19.7502,0,26000,101780,0,0,1,0,0,0.008016,347,347,346,0.997118,2.35611,3.1835,0.511152,0.238705,0.150314,1.53175,0.000309714,0.00286896,0.0091152,-0.00250582,1,0.357905,-0.0386369,0.0386369,0.357905,1,1,0.0356725,0.358627,0.00296446,-0.000722792,0,0,0,0,0,0,0,0,0,0,0,0,0,0,0,0,0,0,0,0,0,0,0,255,0.22,-0.623652,0.22,0.0294501,0.304881,1,1,1,1,0,1,1,-0.593871,-3.12001,0.122346,0.0400404,-0.0119213,0.0242788,21.6667,25415,1,367,125.917,6354,0,0.000884653,0.011484,0.0157068,0,0,0,1,346,0.225,0.000262609,0.00243261,0.000547337,-5.9087e-05,0.000526357,-0.000160975,0.0155402,0.174838,0.0171443,-0.0204901,-0.189256,0.00107417,-0.00325257,-0.00981272,10.0343,1,0,0,0,0,0,-1,1,-9.0462e-07,-3.41779e-06,-0.188726,0,21.8836,1,1010,1010,1010,1010,0,0,0,0,31.6628,56,0.0459449,0.358041,55,0.0414919,0.365769,56,0.0343658,0.347874,4,0.00654264,0.372583,0,0,0,7,0.0246906,0.368911,56,0.0381224,0.359287,56,0.0350244,0.360292,56,0.0361826,0.361831
5491231931796,5491223638000,5491223638000,5491231915518,73729,8.27752,5491242103761,18.4658,0,26000,101781,0,0,1,0,0,0.011979,343,343,341,0.994169,2.33557,3.12476,0.555634,0.226853,0.182877,1.64545,0.000398459,0.00306502,0.00577096,0.005128,1,0.255866,-0.0332631,0.0332631,0.255866,1,1,0.031091,0.257157,0.00217211,-0.00129078,0,0,0,0,0,0,0,0,0,0,0,0,0,0,0,0,0,0,0,0,0,0,0,255,0.22,-0.595616,0.22,0.0254079,0.221314,1,1,1,1,0,1,1,-0.593871,-3.12001,0.122346,0.0400404,-0.0119213,0.0242788,32.3616,25415,1,367,136.612,6354,0,0.000884653,0.011484,0.0157068,0,0,0,1,341,0.225,0.000337779,0.0025988,0.000584729,-7.60003e-05,0.00055989,-0.000184641,0.0161001,0.174653,0.0171939,-0.0205617,-0.189298,0.00240323,-0.00580852,-0.00589701,10.5056,1,0,0,0,0,0,-1,1,-9.0462e-07,-3.41779e-06,-0.188726,0,32.5718,1,1010,1010,1010,1010,0,0,0,0,42.351,56,0.0255492,0.257335,54,0.0590422,0.26167,56,0.0282303,0.257802,1,0,0,1,0,0,7,0.0148477,0.142597,54,0.0287805,0.259595,56,0.0300098,0.254865,56,0.0271803,0.257057
5491242627913,5491231663000,5491231663000,5491242610542,73729,10.9475,5491253551494,21.8885,0,26000,101782,0,0,1,0,0,0.008025,343,343,326,0.950437,2.35698,3.31521,0.468281,0.230409,0.227737,1.85655,0.000480647,0.00345493,0.0106445,-0.00546241,1,0.430521,-0.0598936,0.0598936,0.430521,1,1,0.0545597,0.431791,0.00533397,-0.00127029,0,0,0,0,0,0,0,0,0,0,0,0,0,0,0,0,0,0,0,0,0,0,0,255,0.21,-0.040889,0.21,0.0448698,0.372513,1,1,1,1,0,1,1,-0.593871,-3.12001,0.122346,0.0400404,-0.0119213,0.0242788,43.8034,25415,1,367,148.054,6354,0,0.000884653,0.011484,0.0157068,0,0,0,1,326,0.215,0.000407726,0.00292941,0.000629824,-8.76611e-05,0.000601941,-0.000204691,0.016702,0.174448,0.017394,-0.0206019,-0.189488,0.0101098,-0.00546224,-0.0102611,11.2607,1,0,0,0,0,0,-1,1,-9.04619e-07,-3.41779e-06,-0.189631,0,0.198057,1,1010,1010,1010,1010,0,0,0,0,0.201835,56,0.0524896,0.431609,54,0.0636266,0.448393,56,0.0484878,0.429478,2,0,0,1,0,0,7,0.048119,0.387288,38,0.0612732,0.431167,56,0.06234,0.44222,56,0.0551761,0.435925
5491254018368,5491239683000,5491239683000,5491254002793,73729,14.3198,5491264215203,24.5322,0,26000,101783,0,0,1,0,0,0.00802,350,350,347,0.991429,2.36518,3.44036,0.542523,0.232187,0.449738,2.21939,0.000978098,0.00408541,0.052431,0.00684854,1,0.509403,-0.121957,0.121957,0.509403,1,1,0.107419,0.509767,0.014538,-0.000364232,0,0,0,0,0,0,0,0,0,0,0,0,0,0,0,0,0,0,0,0,0,0,0,255,0.2,1.19982,0.2,0.00940262,0.0864027,1,1,1,1,0,1,1,-0.591034,-3.12083,0.122408,0.0739298,-0.0234382,0.0256975,10.6742,25416,1,367,158.741,6354,0,0.000884653,0.011484,0.0157068,0,0,0,1,347,0.205,0.00082933,0.00346386,0.000710092,-0.000170013,0.000665117,-0.000301032,0.0173671,0.174147,0.0176658,-0.0205914,-0.190021,0.0204937,-0.00149335,-0.0312896,10.4507,1,0,0,0,0,0,-1,1,-9.04619e-07,-3.41779e-06,-0.189631,0,10.9043,1,1010,1010,1010,1010,0,0,0,0,10.9081,56,0.120251,0.527009,53,0.150235,0.516684,56,0.104988,0.508443,3,0.019931,0.54391,1,0,0,10,0.10804,0.490983,56,0.106414,0.505632,56,0.119531,0.519396,56,0.118331,0.520338
5491264772188,5491251708000,5491251708000,5491264756725,73729,13.0487,5491275580584,23.8726,0,26000,101784,0,0,1,0,0,0.012025,349,348,295,0.847701,2.38209,3.98421,0.528171,0.205779,0.567749,2.61429,0.00119651,0.00490648,0.049379,-4.02693e-05,1,0.408023,-0.0995016,0.0995016,0.408023,1,1,0.0727652,0.407333,0.0267364,0.000689815,0,0,0,0,0,0,0,0,0,0,0,0,0,0,0,0,0,0,0,0,0,0,0,255,0.2,1.79899,0.2,0.012482,-0.225232,1,1,1,1,1,1,1,-0.591034,-3.12083,0.122408,0.0739298,-0.0234382,0.0256975,22.0399,25416,1,367,170.107,6354,0,0.000884653,0.011484,0.0157068,0,0,0,1,295,0.205,0.00101489,0.00416061,0.000852926,-0.000208053,0.000797798,-0.000366189,0.0181649,0.173781,0.0178482,-0.0205976,-0.191065,0.0211946,0.00282824,-0.0707396,10.8034,1,0,0,0,0,0,-1,1,-9.04619e-07,-3.41779e-06,-0.189631,0,22.2425,1,1010,1010,1010,1010,0,0,0,0,22.2462,55,0.102732,0.411401,11,0.148751,0.470049,50,0.102977,0.403125,6,0.0916248,0.410385,0,0,0,6,0.0845194,0.328987,55,0.0972025,0.398451,56,0.0941788,0.410792,56,0.101525,0.416251
5491276202440,5491259676000,5491259676000,5491276183699,73729,16.5077,5491286703907,27.0279,0,26000,101785,0,0,1,0,0,0.007968,350,350,350,1,2.36261,3.0816,0.514745,0.247391,0.630676,3.0345,0.00136326,0.00563331,0.142363,0.0133366,1,0.706991,-0.171092,0.171092,0.706991,1,1,0.130278,0.705392,0.0408137,0.00159943,0,0,0,0,0,0,0,0,0,0,0,0,0,0,0,0,0,0,0,0,0,0,0,255,0.2,3.07238,0.2,0.0896849,0.540669,1,1,1,1,0,1,1,-0.591034,-3.12083,0.122408,0.0739298,-0.0234382,0.0256975,33.1692,25416,1,367,181.236,6354,0,0.000884653,0.011484,0.0157068,0,0,0,1,350,0.205,0.00115581,0.00477642,0.000979165,-0.000236941,0.000915616,-0.000419886,0.0190805,0.173361,0.0181887,-0.0204824,-0.192561,0.018671,0.00655764,-0.118932,10.9095,1,0,0,0,0,0,-1,1,-9.04619e-07,-3.41779e-06,-0.189631,0,33.3884,1,1010,1010,1010,1010,0,0,0,0,33.3922,56,0.17814,0.722891,56,0.168485,0.697491,56,0.165947,0.713137,11,0.166326,0.731498,5,0.214082,0.710229,10,0.164515,0.726767,44,0.158996,0.710321,56,0.163363,0.703429,56,0.174171,0.711984
5491287311282,5491271665000,5491271665000,5491287285597,73729,15.6206,5491298229104,26.5641,0,26000,101786,0,0,1,0,0,0.011989,340,339,339,1,2.35041,3.11878,0.485004,0.230928,1.05792,3.66847,0.00226969,0.00678843,0.143217,-0.00278494,1,0.566222,-0.189314,0.189314,0.566222,1,1,0.137852,0.561782,0.0514626,0.00444001,0,0,0,0,0,0,0,0,0,0,0,0,0,0,0,0,0,0,0,0,0,0,0,255,0.22,4.03183,0.22,0.131018,0.482749,1,1,1,1,0,1,1,-0.591034,-3.12083,0.122408,0.0739298,-0.0234382,0.0256975,44.6671,25416,1,367,192.734,6354,0,0.000884653,0.011484,0.0157068,0,0,0,1,339,0.225,0.0019246,0.00575589,0.00129508,-0.000433034,0.00118698,-0.000674901,0.0202675,0.172686,0.0185437,-0.0203173,-0.194346,0.0292526,0.01998,-0.161863,11.3034,1,0,0,0,0,0,-1,1,-9.04619e-07,-3.41779e-06,-0.189631,0,44.8901,1,1010,1010,1010,1010,0,0,0,0,44.8939,56,0.189145,0.573074,56,0.198663,0.555449,56,0.180359,0.571188,14,0.215351,0.57748,2,0,0,5,0.169447,0.503313,43,0.187456,0.572972,51,0.183306,0.574506,56,0.191513,0.578063
5491298757238,5491279685000,5491279685000,5491298740682,73729,19.0557,5491309343187,29.6582,0,26000,101787,0,0,1,0,0,0.00802,365,365,318,0.871233,2.37928,4.1861,0.517745,0.222279,0.894821,4.03555,0.00210913,0.00757612,0.252084,-0.0423082,1,0.944654,-0.262983,0.262983,0.944654,1,1,0.213317,0.94478,0.0496667,-0.00012605,0,0,0,0,0,0,0,0,0,0,0,0,0,0,0,0,0,0,0,0,0,0,0,255,0.22,5.10463,0.22,0.335039,1.81572,1,1,1,1,0,1,1,-0.585309,-3.12266,0.122679,0.141282,-0.0428635,0.0311884,4.51292,25417,1,367,4.46353,6355,0,0.000884653,0.0113814,0.0159838,0,0,0,1,318,0.225,0.00178822,0.00642296,0.00144517,-0.00040235,0.00133807,-0.000677842,0.0216056,0.172008,0.0188404,-0.0205869,-0.197383,0.011567,-0.000567226,-0.169547,4.33788,2,0,0,0,0,0,-1,1,-9.04619e-07,-3.41779e-06,-0.196967,0,4.71457,1,1010,1010,1010,1010,0,0,0,0,4.71881,49,0.257489,0.963419,17,0.207077,0.921929,56,0.269902,0.931109,14,0.312019,0.958753,14,0.172652,0.889131,8,0.270304,0.941969,48,0.239172,0.935966,56,0.255526,0.951609,56,0.265609,0.933932
5491309857116,5491299681000,5491299681000,5491309850135,73729,10.1691,5491321014885,21.3339,1,26001,101788,0,0,1,0,0,0.019996,376,375,342,0.912,2.3572,3.61393,0.575004,0.243039,1.62288,9.12223,0.00360912,0.0170602,0.130159,-0.0255987,1,0.853183,-0.180492,0.180492,0.853183,1,1,0.147509,0.856627,0.0329833,-0.00344456,0,0,0,0,0,0,0,0,0,0,0,0,0,0,0,0,0,0,0,0,0,0,0,255,0.22,6.29382,0.22,0.188727,0.893536,1,1,1,1,0,1,1,-0.585309,-3.12266,0.122679,0.141282,-0.0428635,0.0311884,16.1873,25417,1,367,16.1381,6355,0,0.000884653,0.0113814,0.0159838,0,0,0,1,342,0.225,0.00306016,0.0144625,0.00325405,-0.000688535,0.0030544,-0.0013155,0.02466,0.170693,0.0186998,-0.020932,-0.198171,0.0016363,-0.0155005,-0.117431,11.485,1,0,0,0,0,0,-1,1,-9.04619e-07,-3.41779e-06,-0.196967,0,16.3966,1,1010,1010,1010,1010,0,0,0,0,16.4008,51,0.176579,0.856731,32,0.15559,0.857057,56,0.18626,0.849916,25,0.195541,0.864098,13,0.197665,0.889544,14,0.183064,0.863847,41,0.169124,0.855954,55,0.181314,0.860871,55,0.187714,0.855614
5491321537833,5491311653000,5491311653000,5491321523481,73729,9.87048,5491332988066,21.3351,0,26001,101789,0,0,1,0,0,0.011972,388,388,355,0.914948,2.38128,3.57182,0.508041,0.244058,0.438751,5.01413,0.00101084,0.00938613,0.0711843,-0.0111318,1,0.784007,-0.0844338,0.0844338,0.784007,1,1,0.0683446,0.789209,0.0160891,-0.00520223,0,0,0,0,0,0,0,0,0,0,0,0,0,0,0,0,0,0,0,0,0,0,0,255,0.22,7.26254,0.22,0.0687822,0.671294,1,1,1,1,1,1,1,-0.585309,-3.12266,0.122679,0.141282,-0.0428635,0.0311884,28.1604,25417,1,367,28.1112,6355,0,0.000884653,0.0113814,0.0159838,0,0,0,1,355,0.225,0.000857296,0.00795507,0.00178989,-0.000192892,0.0017164,-0.00054197,0.0263764,0.170151,0.0186141,-0.0210566,-0.198499,-0.0103062,-0.02341,-0.0661659,11.7562,1,0,0,0,0,0,-1,1,-9.04619e-07,-3.41779e-06,-0.196967,0,28.3802,1,1010,1010,1010,1010,0,0,0,0,28.3845,54,0.0608442,0.784121,48,0.098361,0.755768,34,0.0750251,0.779468,30,0.108831,0.79712,28,0.0960459,0.806084,28,0.0823605,0.795778,32,0.0651927,0.776281,45,0.0798794,0.798719,56,0.0919083,0.777253
5491333569293,5491319684000,5491319684000,5491333555163,73729,13.8712,5491344503281,24.8193,0,26001,101790,0,0,1,0,0,0.008031,414,414,397,0.958937,2.39885,4.02007,0.65043,0.260465,0.470734,5.65366,0.000932552,0.0105704,0.0207757,-0.0131941,1,1.3162,-0.116119,0.116119,1.3162,1,1,0.111294,1.31446,0.00482513,0.00174131,0,0,0,0,0,0,0,0,0,0,0,0,0,0,0,0,0,0,0,0,0,0,0,255,0.22,-0.418762,0.22,0.107449,1.13495,1,1,1,1,0,1,1,-0.585309,-3.12266,0.122679,0.141282,-0.0428635,0.0311884,39.685,25417,1,367,39.6356,6355,0,0.000884653,0.0113814,0.0159838,0,0,0,1,397,0.225,0.000791035,0.00895897,0.00201577,-0.000177983,0.00194071,-0.000571965,0.0283171,0.169579,0.0186987,-0.0207798,-0.198537,-0.0062082,0.0078359,-0.022337,11.3083,1,0,0,0,0,0,-1,1,-9.04619e-07,-3.41779e-06,-0.196967,0,39.9143,1,1010,1010,1010,1010,0,0,0,0,39.9185,56,0.105179,1.31322,44,0.145726,1.25654,56,0.121281,1.32388,38,0.130579,1.34944,39,0.0634443,1.33952,43,0.14061,1.33857,31,0.10699,1.33138,34,0.118502,1.32582,56,0.114145,1.30032
5491345044045,5491331657000,5491331657000,5491345031637,73729,13.3746,5491356413240,24.7562,0,26001,101791,0,0,1,0,0,0.011973,404,404,371,0.918317,2.38569,4.01142,0.63269,0.24865,0.618744,5.99989,0.00125702,0.0113131,0.00312945,-0.0525482,1,0.944887,-0.104988,0.104988,0.944887,1,1,0.102893,0.943203,0.00209494,0.00168477,0,0,0,0,0,0,0,0,0,0,0,0,0,0,0,0,0,0,0,0,0,0,0,255,0.22,0.923229,0.22,0.101155,0.818258,1,1,1,1,0,1,1,-0.585309,-3.12266,0.122679,0.141282,-0.0428635,0.0311884,51.5848,25417,1,367,51.5355,6355,0,0.000884653,0.0113814,0.0159838,0,0,0,1,371,0.225,0.00106586,0.00958864,0.00215744,-0.000239818,0.0020675,-0.000660194,0.0303846,0.168919,0.0189792,-0.0209816,-0.198382,0.0156756,0.00758148,0.00499873,11.7023,1,0,0,0,0,0,-1,1,-9.0462e-07,-3.41779e-06,-0.197738,0,0.208205,1,1010,1010,1010,1010,0,0,0,0,0.21215,55,0.0924128,0.938249,39,0.138124,0.925578,56,0.109208,0.934934,47,0.0961632,0.976535,27,0.114267,0.97192,47,0.104024,0.968238,27,0.0967471,0.9306,34,0.0942627,0.945048,39,0.104387,0.931478
5491356938930,5491339712000,5491339712000,5491356927133,73729,17.2151,5491367543268,27.8313,0,26001,101792,0,0,1,0,0,0.008055,434,434,401,0.923963,2.43133,3.66992,0.742858,0.270742,0.74707,5.7926,0.0013611,0.0109923,-0.0611966,-0.0604135,1,1.36466,-0.168975,0.168975,1.36466,1,1,0.170918,1.36718,-0.00194273,-0.00252347,0,0,0,0,0,0,0,0,0,0,0,0,0,0,0,0,0,0,0,0,0,0,0,255,0.22,2.6745,0.22,0.15862,1.14193,1,1,1,1,0,1,1,-0.576451,-3.12519,0.122892,0.183171,-0.0516872,0.0311856,11.1433,25418,1,367,62.6939,6355,0,0.000884653,0.0113814,0.0159838,0,0,0,1,401,0.225,0.00115424,0.0093152,0.00209592,-0.000259704,0.00200343,-0.000667112,0.032388,0.168252,0.018978,-0.0211957,-0.198157,0.0147116,-0.0113556,0.0187631,10.9176,1,0,0,0,0,0,-1,1,-9.0462e-07,-3.41779e-06,-0.197738,0,11.3784,1,1010,1010,1010,1010,0,0,0,0,11.3823,43,0.158835,1.34197,47,0.174943,1.30045,56,0.19167,1.34876,51,0.192986,1.39485,38,0.17829,1.41762,54,0.183783,1.39674,30,0.1314,1.35352,28,0.164227,1.35466,54,0.167046,1.32947
5491368145939,5491359679000,5491359679000,5491368139013,73729,8.46001,5491379924489,20.2455,1,26002,101793,0,0,1,0,0,0.019967,418,418,275,0.657895,2.38068,4.28355,0.855821,0.197187,1.10855,12.5747,0.0019563,0.0238876,-0.0672524,-0.0363597,1,1.19636,-0.0979768,0.0979768,1.19636,1,1,0.101952,1.19883,-0.00397564,-0.00247173,0,0,0,0,0,0,0,0,0,0,0,0,0,0,0,0,0,0,0,0,0,0,0,255,0.22,3.73168,0.22,0.0743524,1.00758,1,1,1,1,0,1,1,-0.576451,-3.12519,0.122892,0.183171,-0.0516872,0.0311856,23.4974,25418,1,367,75.0482,6355,0,0.000884653,0.0113814,0.0159838,0,0,0,1,275,0.225,0.00166082,0.0202446,0.00455503,-0.000373684,0.00439187,-0.00126153,0.0367799,0.16699,0.0192022,-0.0212348,-0.197858,0.0145727,-0.0111228,0.0259705,12.1794,1,0,0,0,0,0,-1,1,-9.0462e-07,-3.41779e-06,-0.197738,0,23.7113,1,1010,1010,1010,1010,0,0,0,0,23.7152,30,0.0859857,1.15112,8,0.0717653,1.16341,55,0.11697,1.1789,48,0.111798,1.22079,19,0.0728395,1.23052,54,0.109387,1.23371,0,0,0,19,0.0816832,1.16974,42,0.0962459,1.17479
5491380444623,5491371658000,5491371658000,5491380432456,73729,8.77446,5491392059950,20.4019,0,26002,101794,0,0,1,0,0,0.011979,387,387,326,0.842377,2.35535,3.59536,0.6043,0.251927,0.129227,6.60893,0.000220423,0.0124721,-0.0435545,0.00119617,1,1.04116,-0.0184008,0.0184008,1.04116,1,1,0.0261791,1.04439,-0.00777834,-0.00322874,0,0,0,0,0,0,0,0,0,0,0,0,0,0,0,0,0,0,0,0,0,0,0,255,0.22,4.81342,0.22,0.00223103,0.895483,1,1,1,1,1,1,1,-0.576451,-3.12519,0.122892,0.183171,-0.0516872,0.0311856,35.6278,25418,1,367,87.1785,6355,0,0.000884653,0.0113814,0.0159838,0,0,0,1,326,0.225,0.0001865,0.0105669,0.00237756,-4.19626e-05,0.00232263,-0.000507311,0.0391025,0.166483,0.0189523,-0.0216496,-0.197395,-0.00141135,-0.0145293,0.026873,11.9031,2,0,0,0,0,0,-1,1,-9.0462e-07,-3.41779e-06,-0.197738,0,35.8502,1,1010,1010,1010,1010,0,0,0,0,35.8542,54,0.0214999,1.01161,36,0.0219512,0.951094,56,0.0208097,1.03081,56,0.0344382,1.08364,53,0.0184796,1.0821,55,0.00691724,1.07425,11,0.00599422,1.00942,0,0,0,5,0.00971364,1.03456
5491392640917,5491379692000,5491379692000,5491392626880,73729,12.9349,5491404106132,24.4141,0,26002,101795,0,0,1,0,0,0.008034,381,380,361,0.95,2.3822,4.77126,0.691542,0.244187,0.320053,6.96295,0.000589339,0.0131165,-0.0597286,0.0073914,1,1.63262,-0.0733556,0.0733556,1.63262,1,1,0.0772574,1.63432,-0.00390175,-0.00169545,0,0,0,0,0,0,0,0,0,0,0,0,0,0,0,0,0,0,0,0,0,0,0,255,0.22,7.94552,0.22,0.0569457,1.39908,1,1,1,1,0,1,1,-0.565648,-3.1278,0.123223,0.232906,-0.051208,0.0371524,0.105538,25419,1,367,99.2191,6355,0,0.000884653,0.0113814,0.0159838,0,0,0,1,361,0.225,0.00049993,0.0111135,0.00250054,-0.000112484,0.00242945,-0.000600368,0.041532,0.165882,0.0190363,-0.0215803,-0.197312,-0.00054744,-0.00762952,0.0136083,11.8298,1,0,0,0,0,0,-1,1,-9.0462e-07,-3.41779e-06,-0.196809,0,0.332039,1,1010,1010,1010,1010,0,0,0,0,0.336446,56,0.0695105,1.60685,45,0.0723031,1.52256,56,0.0585505,1.62477,56,0.0913267,1.71412,52,0.0966769,1.66831,54,0.0596726,1.7039,12,0.0836208,1.56389,3,0.0561968,1.57813,27,0.0612667,1.60686
5491404612840,5491391647000,5491391647000,5491404600654,73729,12.9537,5491416267593,24.6206,0,26002,101796,0,0,1,0,0,0.011955,391,383,327,0.853786,2.40402,4.75061,0.651782,0.222817,0.362335,7.4836,0.00077206,0.0141246,0.00130948,-0.0129016,1,1.18148,-0.0645805,0.0645805,1.18148,1,1,0.0699755,1.18471,-0.00539493,-0.00323051,0,0,0,0,0,0,0,0,0,0,0,0,0,0,0,0,0,0,0,0,0,0,0,255,0.22,-0.368595,0.22,0.0613646,1.02016,1,1,1,1,0,1,1,-0.565648,-3.1278,0.123223,0.232906,-0.051208,0.0371524,12.2957,25419,1,367,111.409,6355,0,0.000884653,0.0113814,0.0159838,0,0,0,1,327,0.225,0.000653838,0.0119674,0.00269266,-0.000147114,0.00261106,-0.000671731,0.044143,0.165211,0.0186197,-0.0220182,-0.19722,-0.0140607,-0.0145373,0.00817322,12.0729,1,0,0,0,0,0,-1,1,-9.0462e-07,-3.41779e-06,-0.196809,0,16.1573,1,1010,1010,1010,1010,0,0,0,0,16.1617,56,0.044081,1.16479,39,0.117564,1.11689,56,0.0457379,1.16772,55,0.0731355,1.22942,47,0.0752982,1.19374,55,0.0441113,1.2119,10,0.0889758,1.08059,4,0.0124485,1.1456,5,0.0384846,1.08181
5491420449069,5491411652000,5491411652000,5491420443420,73729,8.79142,5491433294590,21.6426,1,26003,101797,0,0,1,0,0,0.020005,384,383,215,0.561358,2.42065,4.94606,1.05399,0.161093,-0.115677,15.0883,-7.61796e-05,0.0281002,-0.0626046,-0.0174089,1,1.40466,0.00380803,-0.00380803,1.40466,1,1,0.00583121,1.41485,-0.00963923,-0.0101875,0,0,0,0,0,0,0,0,0,0,0,0,0,0,0,0,0,0,0,0,0,0,0,255,0.22,5.27708,0.22,0.00345669,1.20727,1,1,1,2,0,1,1,-0.565648,-3.1278,0.123223,0.232906,-0.051208,0.0371524,29.3019,25419,1,367,128.415,6355,0,0.000884653,0.0113814,0.0159838,0,0,0,1,215,0.225,-6.38194e-05,0.0238097,0.00535719,1.43594e-05,0.00525495,-0.00103465,0.049398,0.164176,0.0183109,-0.0225905,-0.197084,-0.0330632,-0.0458435,0.00825064,16.837,1,0,0,0,0,0,-1,1,-9.0462e-07,-3.41779e-06,-0.196809,0,29.4689,1,1010,1010,1010,1010,0,0,0,0,29.4733,53,-0.0270147,1.40631,23,0.0244591,1.3737,52,-0.00165158,1.42574,33,-0.00468083,1.43109,22,0.015985,1.39143,28,-0.0172518,1.41213,0,0,0,0,0,0,4,-0.0255979,1.33864
5491433717445,5491419672000,5491419672000,5491433706186,73729,14.0342,5491444641563,24.9696,0,26003,101798,0,0,1,0,0,0.00802,417,411,346,0.841849,2.50872,4.14536,0.601393,0.240298,-0.0359039,8.3833,6.94009e-05,0.0156509,-0.0634226,-0.0738066,1,1.95148,-0.00865348,0.00865348,1.95148,1,1,0.0278665,1.96162,-0.019213,-0.0101411,0,0,0,0,0,0,0,0,0,0,0,0,0,0,0,0,0,0,0,0,0,0,0,255,0.22,6.70838,0.22,0.0359408,1.70787,1,1,1,1,1,1,1,-0.565648,-3.1278,0.123223,0.232906,-0.051208,0.0371524,40.6664,25419,1,367,139.78,6355,0,0.000884653,0.0113814,0.0159838,0,0,0,1,346,0.225,5.90487e-05,0.0132615,0.00298384,-1.3286e-05,0.00292307,-0.000595017,0.052321,0.163581,0.0166538,-0.0239145,-0.196362,-0.0586264,-0.045635,0.0222657,11.1152,2,0,0,0,0,0,-1,1,-9.0462e-07,-3.41779e-06,-0.196809,0,40.8926,1,1010,1010,1010,1010,0,0,0,0,40.897,56,-0.0538885,1.96718,43,0.0295765,1.8833,56,0.0144165,1.9576,44,0.0422644,2.01176,50,0.00291824,1.99818,52,-0.0179206,1.97898,9,0.0160338,2.03084,15,-0.0298292,2.02388,21,-0.0273307,2.00329
5491445221327,5491431654000,5491431654000,5491445211920,73729,13.5579,5491457185397,25.5314,0,26003,101799,0,0,1,0,0,0.011982,420,418,356,0.851675,2.49089,4.47588,0.602412,0.253113,-0.804871,7.60752,-0.00147318,0.014181,-0.0527494,0.0288477,1,1.18353,0.12295,-0.12295,1.18353,1,1,-0.102039,1.18717,-0.020911,-0.00364231,0,0,0,0,0,0,0,0,0,0,0,0,0,0,0,0,0,0,0,0,0,0,0,255,0.22,-0.345132,0.22,-0.0649481,1.04422,1,1,1,1,0,1,1,-0.55246,-3.13068,0.123883,0.279601,-0.0622414,0.030103,2.43039,25420,1,367,152.298,6355,0,0.000884653,0.0113814,0.0159838,0,0,0,1,356,0.225,-0.00125036,0.0120146,0.00270328,0.000281331,0.00270577,-0.000247505,0.0550268,0.163333,0.017005,-0.0227391,-0.194932,-0.00745981,-0.0163904,0.0693119,2.25333,2,0,0,0,0,0,-1,1,-9.0462e-07,-3.41779e-06,-0.194557,0,2.6443,1,1010,1010,1010,1010,0,0,0,0,2.64861,33,-0.143727,1.19169,48,-0.118385,1.13437,56,-0.128107,1.19337,49,-0.0951202,1.19895,46,-0.110125,1.19192,49,-0.136344,1.18747,20,-0.125856,1.26121,18,-0.0862165,1.23928,37,-0.176424,1.21611
5491457687235,5491447693000,5491447693000,5491457682142,73729,9.98914,5491469710028,22.017,1,26004,101800,0,0,1,0,0,0.016039,451,445,273,0.613483,2.49906,5.39235,0.903044,0.208649,1.06265,19.4792,0.00192833,0.0363437,-0.113523,0.039227,1,2.26596,-0.120227,0.120227,2.26596,1,1,0.13901,2.25707,-0.0187827,0.00889264,0,0,0,0,0,0,0,0,0,0,0,0,0,0,0,0,0,0,0,0,0,0,0,255,0.22,1.95596,0.22,0.16408,2.00465,1,1,1,1,0,1,1,-0.55246,-3.13068,0.123883,0.279601,-0.0622414,0.030103,14.9648,25420,1,367,164.833,6355,0,0.000884653,0.0113814,0.0159838,0,0,0,1,273,0.225,0.00163554,0.0307909,0.00692795,-0.000367996,0.00672386,-0.0017026,0.0617507,0.161631,0.017005,-0.0227391,-0.194932,0.00719375,0.0400169,0.0733727,14.8052,0,0,0,0,0,0,-1,1,-9.0462e-07,-3.41779e-06,-0.194557,0,15.214,1,1010,1010,1010,1010,0,0,0,0,15.2184,55,0.121308,2.2641,21,0.130026,2.16322,20,0.0887485,2.24601,27,0.132935,2.23961,28,0.12689,2.2359,38,0.0889782,2.26317,28,0.181777,2.29729,26,0.111306,2.33279,30,0.080298,2.35834
5491470329236,5491459671000,5491459671000,5491470316958,73729,10.646,5491482431345,22.7603,0,26004,101801,0,0,1,0,0,0.011978,499,499,419,0.839679,2.55493,4.46166,0.877766,0.278465,1.17673,8.79381,0.00223122,0.0163984,-0.0320184,0.085582,1,1.36905,-0.186277,0.186277,1.36905,1,1,0.197759,1.36654,-0.0114826,0.00250995,0,0,0,0,0,0,0,0,0,0,0,0,0,0,0,0,0,0,0,0,0,0,0,255,0.22,3.99901,0.22,0.15653,1.16791,1,1,1,1,0,1,1,-0.55246,-3.13068,0.123883,0.279601,-0.0622414,0.030103,27.6835,25420,1,367,177.551,6355,0,0.000884653,0.0113814,0.0159838,0,0,0,1,419,0.225,0.00188952,0.0138922,0.00312575,-0.000425143,0.00298443,-0.00101984,0.0647351,0.160611,0.0171099,-0.0229857,-0.194086,0.0132999,0.0112948,0.0519772,12.3679,2,0,0,0,0,0,-1,1,-9.0462e-07,-3.41779e-06,-0.194557,0,27.9186,1,1010,1010,1010,1010,0,0,0,0,27.9229,15,0.192555,1.37589,47,0.175335,1.30525,56,0.157463,1.38684,49,0.210843,1.33666,46,0.175244,1.29629,48,0.164276,1.31455,53,0.22943,1.42714,51,0.187969,1.46332,54,0.155794,1.45355
5491482959867,5491467686000,5491467686000,5491482948311,73729,15.2623,5491495436960,27.751,0,26004,101802,0,0,1,0,0,0.008015,489,488,334,0.684426,2.53259,4.67839,0.829932,0.24852,-0.176163,10.2732,-0.000227836,0.0191016,-0.0323443,0.0510256,1,2.38324,0.0284262,-0.0284262,2.38324,1,1,-0.0128804,2.37847,-0.0155458,0.00476208,0,0,0,0,0,0,0,0,0,0,0,0,0,0,0,0,0,0,0,0,0,0,0,255,0.22,6.93103,0.22,-0.039187,2.01688,1,1,1,1,0,1,1,-0.55246,-3.13068,0.123883,0.279601,-0.0622414,0.030103,40.6909,25420,1,367,190.559,6355,0,0.000884653,0.0113814,0.0159838,0,0,0,1,334,0.225,-0.000197285,0.0161828,0.00364113,4.43892e-05,0.00358035,-0.000658602,0.0683155,0.159952,0.0167112,-0.0229581,-0.194107,-0.0473009,0.0214294,0.018124,12.7934,1,0,0,0,0,0,-1,1,-9.0462e-07,-3.41779e-06,-0.194557,0,40.9151,1,1010,1010,1010,1010,0,0,0,0,40.9194,2,0,0,21,0.0693656,2.37927,55,-0.08401,2.40421,13,-0.00985162,2.33297,43,-0.0179526,2.20348,50,-0.0368178,2.20434,53,0.00301414,2.46771,42,-0.0458514,2.49088,55,-0.0628491,2.50552
5491495971445,5491487688000,5491487688000,5491495965538,73729,8.27754,5491510846000,23.158,1,26005,101803,0,0,1,0,0,0.020002,496,496,238,0.479839,2.55737,6.45677,2.42233,0.184112,1.61033,20.2607,0.00297677,0.037834,0.0261773,0.126517,1,1.89151,-0.148824,0.148824,1.89151,1,1,0.140136,1.89105,0.00868781,0.000466196,0,0,0,0,0,0,0,0,0,0,0,0,0,0,0,0,0,0,0,0,0,0,0,255,0.22,-0.325058,0.22,0.122851,1.61436,1,1,1,1,1,1,1,-0.536713,-3.13439,0.124618,0.310882,-0.0802939,0.0384587,5.76417,25421,1,367,5.70823,6356,0,0.000884653,0.0116438,0.0169628,0,0,0,1,238,0.225,0.002527,0.0320525,0.00721182,-0.000568575,0.00696307,-0.00195579,0.0752785,0.157997,0.0169059,-0.0228865,-0.195141,0.000214589,0.00209788,-0.0311044,5.62399,2,0,0,0,0,0,-1,1,-9.0462e-07,-3.41779e-06,-0.194767,0,5.94973,1,1010,1010,1010,1010,0,0,0,0,5.95434,44,0.170197,1.87612,26,0.187108,1.78005,0,0,0,18,0.184829,1.88956,16,0.153242,1.85465,23,0.148637,1.8095,32,0.209791,1.9595,41,0.114114,1.92566,38,0.0933544,1.90965
5491511355171,5491499673000,5491499673000,5491511341967,73729,11.669,5491524657233,24.9842,0,26005,101804,0,0,1,0,0,0.011985,500,499,350,0.701403,2.58033,4.6189,0.770043,0.247742,0.689461,10.4559,0.00144942,0.0194177,0.00171679,0.0132136,1,1.62016,-0.120936,0.120936,1.62016,1,1,0.0987951,1.61954,0.022141,0.000620958,0,0,0,0,0,0,0,0,0,0,0,0,0,0,0,0,0,0,0,0,0,0,0,255,0.22,4.9295,0.22,0.109969,1.38224,1,1,1,1,0,1,1,-0.536713,-3.13439,0.124618,0.310882,-0.0802939,0.0384587,19.5789,25421,1,367,19.5229,6356,0,0.000884653,0.0116438,0.0169628,0,0,0,1,350,0.225,0.00122602,0.0164556,0.00370251,-0.000275854,0.00357694,-0.000991776,0.0788555,0.157005,0.016983,-0.0231705,-0.196101,-0.00195798,0.00279431,-0.0812741,13.6255,1,0,0,0,0,0,-1,1,-9.0462e-07,-3.41779e-06,-0.194767,0,19.8153,1,1010,1010,1010,1010,0,0,0,0,19.8199,55,0.0951706,1.636,46,0.129371,1.62924,56,0.105805,1.70371,48,0.118057,1.60712,34,0.128255,1.5813,37,0.105703,1.58171,47,0.118024,1.66,19,0.106517,1.62711,8,0.166345,1.5617
5491525187348,5491507727000,5491507727000,5491525175700,73729,17.4487,5491537378550,29.6516,0,26005,101805,0,0,1,0,0,0.008054,500,500,430,0.86,2.62687,4.65578,0.684209,0.289502,1.17668,10.3308,0.00234913,0.0192849,0.110514,0.0162242,1,2.39445,-0.291672,0.291672,2.39445,1,1,0.266565,2.39577,0.0251073,-0.00132015,0,0,0,0,0,0,0,0,0,0,0,0,0,0,0,0,0,0,0,0,0,0,0,255,0.22,8.1316,0.22,0.244118,2.0362,1,1,1,1,0,1,1,-0.536713,-3.13439,0.124618,0.310882,-0.0802939,0.0384587,32.3234,25421,1,367,32.2675,6356,0,0.000884653,0.0116438,0.0169628,0,0,0,1,430,0.225,0.00199135,0.0163434,0.00367727,-0.000448053,0.00351747,-0.00115948,0.0823729,0.155845,0.0167306,-0.0232182,-0.197163,-0.0156897,-0.00594069,-0.102938,12.4995,1,0,0,0,0,0,-1,1,-9.0462e-07,-3.41779e-06,-0.194767,0,32.5748,1,1010,1010,1010,1010,0,0,0,0,32.5794,55,0.290595,2.44991,51,0.339463,2.32835,56,0.257615,2.4268,44,0.274363,2.35385,34,0.263849,2.33392,41,0.272029,2.38934,47,0.352497,2.46343,52,0.296006,2.4924,50,0.291536,2.40497
5491537964109,5491527731000,5491527731000,5491537957906,73729,10.2269,5491551988251,24.2573,1,26006,101806,0,0,1,0,0,0.020004,500,499,271,0.543086,2.63065,6.34632,1.75718,0.202724,2.10144,21.4121,0.00452012,0.0403571,0.170248,-0.083422,1,2.01745,-0.225961,0.225961,2.01745,1,1,0.191963,2.01322,0.0339975,0.00423687,0,0,0,0,0,0,0,0,0,0,0,0,0,0,0,0,0,0,0,0,0,0,0,255,0.22,1.07942,0.22,0.19174,1.71141,1,1,1,1,0,1,1,-0.518809,-3.13888,0.125344,0.331349,-0.090924,0.0372505,0.174446,25422,1,367,46.8684,6356,0,0.000884653,0.0116438,0.0169628,0,0,0,1,271,0.225,0.00383247,0.0341966,0.00769423,-0.000862306,0.00736861,-0.00237119,0.0897415,0.153474,0.0171191,-0.0227982,-0.199718,-0.00189821,0.0190659,-0.12391,0.04776,2,0,0,0,0,0,-1,1,-9.0462e-07,-3.41779e-06,-0.200637,0,0.06937,1,1010,1010,1010,1010,0,0,0,0,0.380465,37,0.184571,2.05082,19,0.301218,2.05753,44,0.21781,2.03579,35,0.205729,1.99059,30,0.224571,1.94547,28,0.233523,2.01025,13,0.238524,1.91895,29,0.232192,2.03426,36,0.241961,2.02803
5491552495162,5491539662000,5491539662000,5491552481255,73729,12.8193,5491566218986,26.557,0,26006,101807,0,0,1,0,0,0.011931,500,494,354,0.716599,2.61732,5.26337,0.857469,0.247595,1.36099,10.9488,0.0029725,0.0205914,0.175996,-0.047521,1,1.72587,-0.249141,0.249141,1.72587,1,1,0.207888,1.71654,0.0412524,0.00932605,0,0,0,0,0,0,0,0,0,0,0,0,0,0,0,0,0,0,0,0,0,0,0,255,0.22,5.46563,0.22,0.21329,1.46387,1,1,1,1,1,1,1,-0.518809,-3.13888,0.125344,0.331349,-0.090924,0.0372505,14.4001,25422,1,367,61.0938,6356,0,0.000884653,0.0116438,0.0169628,0,0,0,1,354,0.225,0.00251725,0.0174465,0.00392545,-0.000566381,0.00373258,-0.00133854,0.0934741,0.152136,0.0175043,-0.0225313,-0.201023,0.0239534,0.0419672,-0.129346,12.6962,1,0,0,0,0,0,-1,1,-9.0462e-07,-3.41779e-06,-0.200637,0,14.3176,1,1010,1010,1010,1010,0,0,0,0,14.6287,21,0.205028,1.77799,19,0.432823,1.7206,52,0.222922,1.74821,44,0.234286,1.73774,38,0.256556,1.70139,37,0.229512,1.74473,37,0.241562,1.77147,54,0.24719,1.70105,52,0.246452,1.72419
5491566802991,5491547687000,5491547687000,5491566790250,73729,19.1032,5491579093823,31.4068,0,26006,101808,0,0,1,0,0,0.008025,500,467,274,0.586724,2.6707,5.47269,0.987026,0.202964,1.50494,10.9948,0.00348009,0.0207319,0.34506,-0.186077,1,2.58341,-0.433656,0.433656,2.58341,1,1,0.39388,2.57352,0.0397763,0.00989063,0,0,0,0,0,0,0,0,0,0,0,0,0,0,0,0,0,0,0,0,0,0,0,255,0.22,-0.503615,0.22,0.326932,2.16833,1,1,1,1,0,1,1,-0.518809,-3.13888,0.125344,0.331349,-0.090924,0.0372505,27.2678,25422,1,367,73.9616,6356,0,0.000884653,0.0116438,0.0169628,0,0,0,1,274,0.225,0.00294433,0.0175634,0.00395176,-0.000662474,0.00373752,-0.00144238,0.0972116,0.150693,0.0176973,-0.0222006,-0.202209,0.0226851,0.0445078,-0.125047,12.6607,1,0,0,0,0,0,-1,1,-9.0462e-07,-3.41779e-06,-0.200637,0,27.1646,1,1010,1010,1010,1010,0,0,0,0,27.4757,1,0,0,36,0.717274,2.54072,55,0.372658,2.56108,38,0.383293,2.65443,37,0.413289,2.60483,37,0.362029,2.62067,34,0.375437,2.68494,28,0.418111,2.57087,8,0.47386,2.64687
5491579612308,5491567694000,5491567694000,5491579604308,73729,11.9103,5491594038934,26.3449,1,26007,101809,0,0,1,0,0,0.020007,500,493,251,0.509128,2.61091,6.7109,1.8619,0.190687,2.55774,21.7654,0.00490387,0.0408724,0.0153527,-0.0693725,1,2.04291,-0.245108,0.245108,2.04291,1,1,0.213183,2.03697,0.0319247,0.00593157,0,0,0,0,0,0,0,0,0,0,0,0,0,0,0,0,0,0,0,0,0,0,0,255,0.22,2.14507,0.22,0.198351,1.6977,1,1,1,1,0,1,1,-0.518809,-3.13888,0.125344,0.331349,-0.090924,0.0372505,42.2127,25422,1,367,88.9064,6356,0,0.000884653,0.0116438,0.0169628,0,0,0,1,251,0.225,0.00415444,0.0346439,0.00779488,-0.000934748,0.00744136,-0.0024971,0.104653,0.148196,0.0175859,-0.0222014,-0.204409,-0.000606485,0.0266921,-0.115414,14.7519,2,0,0,0,0,0,-1,1,-9.0462e-07,-3.41779e-06,-0.200637,0,42.0966,1,1010,1010,1010,1010,0,0,0,0,42.4077,48,0.22153,2.07434,10,0.363535,2.00254,46,0.269338,2.12318,28,0.208459,2.04175,29,0.240379,2.03057,16,0.253584,2.04419,27,0.220803,2.06255,32,0.262059,1.96662,15,0.244162,1.97077
5491594515956,5491579662000,5491579662000,5491594505012,73729,14.843,5491609951238,30.2892,0,26007,101810,0,0,1,0,0,0.011968,488,484,410,0.847107,2.634,5.04831,0.769599,0.303947,1.20406,10.4876,0.00251402,0.0196689,0.147028,-0.0543615,1,1.64346,-0.210062,0.210062,1.64346,1,1,0.175816,1.63896,0.0342459,0.0045008,0,0,0,0,0,0,0,0,0,0,0,0,0,0,0,0,0,0,0,0,0,0,0,255,0.22,6.91155,0.22,0.164182,1.35963,1,1,1,1,0,1,1,-0.501057,-3.14365,0.125943,0.315852,-0.0982795,0.0346413,1.38027,25423,1,367,104.81,6356,0,0.000884653,0.0116438,0.0169628,0,0,0,1,410,0.225,0.00213033,0.01667,0.00375074,-0.000479325,0.00357183,-0.00123875,0.108225,0.146957,0.0183044,-0.0217755,-0.206724,0.0111463,0.0202536,-0.114368,1.18282,2,0,0,0,0,0,-1,1,-9.0462e-07,-3.41779e-06,-0.206319,0,1.62133,1,1010,1010,1010,1010,0,0,0,0,1.62531,53,0.174819,1.67842,14,0.343982,1.55005,55,0.210071,1.66122,46,0.203229,1.64974,40,0.203542,1.62577,42,0.204655,1.70358,49,0.220273,1.66019,55,0.215084,1.61791,56,0.221295,1.66404
5491610440426,5491599660000,5491599660000,5491610434908,73729,10.7749,5491624719181,25.0592,1,26008,101811,0,0,1,0,0,0.019998,490,483,230,0.47619,2.58904,6.80196,1.50516,0.175816,3.29447,21.534,0.00642716,0.0406237,0.0811369,-0.0622003,1,2.03139,-0.32139,0.32139,2.03139,1,1,0.280438,2.02491,0.0409516,0.00647647,0,0,0,0,0,0,0,0,0,0,0,0,0,0,0,0,0,0,0,0,0,0,0,255,0.22,2.56452,0.22,0.284454,1.70493,1,1,1,1,1,1,1,-0.501057,-3.14365,0.125943,0.315852,-0.0982795,0.0346413,16.1588,25423,1,367,119.589,6356,0,0.000884653,0.0116438,0.0169628,0,0,0,1,230,0.225,0.00545393,0.0344376,0.00774846,-0.00122713,0.00732658,-0.00280083,0.115551,0.144157,0.0184993,-0.0216268,-0.208074,0.0285497,0.0291441,-0.124586,14.6304,1,0,0,0,0,0,-1,1,-9.0462e-07,-3.41779e-06,-0.206319,0,16.3473,1,1010,1010,1010,1010,0,0,0,0,16.3513,44,0.319442,2.03496,0,0,0,43,0.336512,2.01044,20,0.31728,2.03249,21,0.315216,1.99591,21,0.314223,2.06448,21,0.313366,2.03891,23,0.311925,2.01258,37,0.327853,2.02863
5491625241499,5491607685000,5491607685000,5491625227629,73729,17.5426,5491636771382,29.0864,0,26008,101812,0,0,1,0,0,0.008025,478,474,371,0.7827,2.63585,4.5932,0.652876,0.255298,1.57407,10.368,0.00306043,0.0196314,0.203932,-0.102406,1,2.44628,-0.381362,0.381362,2.44628,1,1,0.338759,2.4412,0.0426036,0.00508829,0,0,0,0,0,0,0,0,0,0,0,0,0,0,0,0,0,0,0,0,0,0,0,255,0.22,7.12124,0.22,0.299776,2.0437,1,1,1,1,0,1,1,-0.501057,-3.14365,0.125943,0.315852,-0.0982795,0.0346413,28.233,25423,1,367,131.663,6356,0,0.000884653,0.0116438,0.0169628,0,0,0,1,371,0.225,0.00259459,0.0166381,0.00374356,-0.000583783,0.00353976,-0.0013492,0.119091,0.142807,0.0188242,-0.0215204,-0.209462,0.0238634,0.0228973,-0.134282,11.8475,1,0,0,0,0,0,-1,1,-9.0462e-07,-3.41779e-06,-0.206319,0,28.4639,1,1010,1010,1010,1010,0,0,0,0,28.4679,55,0.34667,2.52195,12,0.266281,2.50089,45,0.388676,2.4793,46,0.371891,2.3944,42,0.411025,2.45155,42,0.417839,2.43491,48,0.387426,2.4112,43,0.407007,2.40751,38,0.42622,2.46229
5491637332997,5491627686000,5491627686000,5491637326386,73729,9.64039,5491651907161,24.2212,1,26009,101813,0,0,1,0,0,0.020001,472,469,210,0.447761,2.64344,6.60016,1.90753,0.170371,3.58862,20.4675,0.00743263,0.0387954,0.115793,-0.0937417,1,1.93967,-0.371613,0.371613,1.93967,1,1,0.326386,1.93428,0.0452266,0.00539537,0,0,0,0,0,0,0,0,0,0,0,0,0,0,0,0,0,0,0,0,0,0,0,255,0.22,9.16042,0.22,0.287426,1.60888,1,1,1,1,0,1,1,-0.501057,-3.14365,0.125943,0.315852,-0.0982795,0.0346413,43.3466,25423,1,367,146.777,6356,0,0.000884653,0.0116438,0.0169628,0,0,0,1,210,0.225,0.0063007,0.0328743,0.00739671,-0.00141766,0.00693523,-0.00293375,0.126026,0.139874,0.0192817,-0.02125,-0.210836,0.0311176,0.0242792,-0.137922,14.951,1,0,0,0,0,0,-1,1,-9.0462e-07,-3.41779e-06,-0.206319,0,43.5601,1,1010,1010,1010,1010,0,0,0,0,0.167464,14,0.350179,2.02747,0,0,0,32,0.388549,1.93193,21,0.337397,1.87869,17,0.371988,1.93793,26,0.350166,1.9357,25,0.385249,1.94722,40,0.357651,1.90341,35,0.378303,1.97463
5491652447331,5491639689000,5491639689000,5491652430072,73729,12.7411,5491666493529,26.8045,0,26009,101814,0,0,1,0,0,0.012003,462,458,325,0.709607,2.81517,5.89949,0.855803,0.245409,1.83139,10.2677,0.00380915,0.0195123,0.106161,-0.107708,1,1.62562,-0.31735,0.31735,1.62562,1,1,0.274031,1.61864,0.0433192,0.00698566,0,0,0,0,0,0,0,0,0,0,0,0,0,0,0,0,0,0,0,0,0,0,0,255,0.22,3.99784,0.22,0.242919,1.34374,1,1,1,1,0,1,1,-0.484134,-3.14888,0.126689,0.312813,-0.104189,0.0362328,14.5758,25424,1,367,161.403,6356,0,0.000884653,0.0116438,0.0169628,0,0,0,1,325,0.225,0.00323015,0.0165341,0.00372018,-0.000726783,0.00348346,-0.00149312,0.12951,0.138381,0.0195845,-0.0209289,-0.212019,0.0322201,0.0314355,-0.130173,14.3874,1,0,0,0,0,0,-1,1,-9.0462e-07,-3.41779e-06,-0.212629,0,0.207576,1,1010,1010,1010,1010,0,0,0,0,14.8145,29,0.345988,1.68377,8,0.446527,1.59584,29,0.331844,1.60122,46,0.287452,1.6287,30,0.31031,1.62299,38,0.310063,1.5756,45,0.282399,1.59124,48,0.308218,1.6134,52,0.320628,1.67532
5491667122607,5491659666000,5491659666000,5491667114218,73729,7.44822,5491687794613,28.1286,1,26010,101815,0,0,1,0,0,0.019977,454,450,164,0.364444,2.67852,10.2852,4.92291,0.159038,3.67303,20.1543,0.00621964,0.037771,-0.0848214,-0.170811,1,1.89072,-0.31134,0.31134,1.89072,1,1,0.275688,1.8846,0.0356522,0.00612743,0,0,0,0,0,0,0,0,0,0,0,0,0,0,0,0,0,0,0,0,0,0,0,255,0.22,6.86799,0.22,0.266375,1.58009,1,1,1,1,1,1,1,-0.484134,-3.14888,0.126689,0.312813,-0.104189,0.0362328,35.8675,25424,1,367,182.694,6356,0,0.000884653,0.0116438,0.0169628,0,0,0,1,164,0.225,0.00528315,0.0320184,0.00720414,-0.00118871,0.00678629,-0.00269147,0.136296,0.135689,0.0200574,-0.0203281,-0.214055,0.022827,0.0275734,-0.110086,21.0569,2,0,0,0,0,0,-1,1,-9.0462e-07,-3.41779e-06,-0.212629,0,21.4984,1,1010,1010,1010,1010,0,0,0,0,36.1052,42,0.330596,1.90418,0,0,0,11,0.398021,1.78256,33,0.299954,1.95534,12,0.283526,1.94082,12,0.357428,1.85637,10,0.291986,1.76531,18,0.276247,1.86017,26,0.298186,1.92856
5491688525229,5491675696000,5491675696000,5491688517155,73729,12.8212,5491707747298,32.0513,1,26011,101816,0,0,1,0,0,0.01603,453,437,195,0.446224,2.7118,9.98593,3.22634,0.16402,3.02222,20.3656,0.00622255,0.0383128,0.1463,-0.0994622,1,2.39007,-0.388182,0.388182,2.39007,1,1,0.365123,2.38619,0.0230583,0.00387981,0,0,0,0,0,0,0,0,0,0,0,0,0,0,0,0,0,0,0,0,0,0,0,255,0.22,-0.507486,0.22,0.307611,1.99858,1,1,1,1,0,1,1,-0.467894,-3.15399,0.127265,0.317136,-0.1009,0.0372174,4.69937,25425,1,367,202.63,6356,0,0.000884653,0.0116438,0.0169628,0,0,0,1,195,0.225,0.00528502,0.0324704,0.00730584,-0.00118913,0.00687965,-0.00272862,0.143176,0.13296,0.0200738,-0.0196834,-0.216253,0.00285555,0.0174592,-0.0807255,4.61937,3,0,0,0,0,0,-1,1,-9.0462e-07,-3.41779e-06,-0.216259,0,4.87437,1,1010,1010,1010,1010,0,0,0,0,4.87813,36,0.355476,2.41544,0,0,0,0,0,0,32,0.385317,2.46982,27,0.358792,2.35581,25,0.403348,2.43929,9,0.404464,2.1958,22,0.346717,2.34684,44,0.399172,2.41994
5491708339099,5491695696000,5491695696000,5491708326747,73729,12.6307,5491727677076,31.9811,1,26012,101817,0,0,1,0,0,0.02,435,434,132,0.304147,2.66795,9.31051,4.9125,0.122871,2.96729,20.9736,0.00514612,0.0399545,0.024641,-0.207403,1,1.99773,-0.257306,0.257306,1.99773,1,1,0.239949,1.98719,0.0173568,0.0105361,0,0,0,0,0,0,0,0,0,0,0,0,0,0,0,0,0,0,0,0,0,0,0,255,0.22,7.29881,0.22,0.243757,1.67493,1,1,1,1,0,1,1,-0.467894,-3.15399,0.127265,0.317136,-0.1009,0.0372174,24.6198,25425,1,367,19.8712,6357,0,0.000884653,0.0124965,0.0122503,0,0,0,1,132,0.225,0.00435912,0.0338583,0.00761812,-0.000980802,0.00722813,-0.00259549,0.150404,0.130365,0.0204917,-0.0188712,-0.216712,0.0101626,0.0474127,-0.0543544,19.7943,1,0,0,0,0,0,-1,1,-9.0462e-07,-3.41779e-06,-0.216259,0,24.7753,1,1010,1010,1010,1010,0,0,0,0,24.779,27,0.261304,1.99773,0,0,0,1,0,0,29,0.23293,2.03832,28,0.259042,1.99714,18,0.303225,2.01821,19,0.213849,1.98495,6,0.210485,1.89504,4,0.190943,2.0074
5491728138487,5491715707000,5491715707000,5491728131209,73729,12.4242,5491745185929,29.4789,1,26013,101818,0,0,1,0,0,0.020011,439,430,155,0.360465,2.54498,7.99808,3.90647,0.133427,2.18015,20.5028,0.0037015,0.0389461,-0.114862,-0.0503851,1,1.94623,-0.184973,0.184973,1.94623,1,1,0.181508,1.93848,0.00346483,0.00775565,0,0,0,0,0,0,0,0,0,0,0,0,0,0,0,0,0,0,0,0,0,0,0,255,0.22,7.08874,0.22,0.178404,1.60746,1,1,1,1,1,1,1,-0.467894,-3.15399,0.127265,0.317136,-0.1009,0.0372174,42.1304,25425,1,367,37.3817,6357,0,0.000884653,0.0124965,0.0122503,0,0,0,1,155,0.225,0.00314254,0.0329908,0.00742294,-0.000707072,0.00709641,-0.00228626,0.1575,0.128079,0.0201143,-0.017824,-0.216711,-0.00241555,0.0349004,-0.0144058,16.1022,3,0,0,0,0,0,-1,1,-9.0462e-07,-3.41779e-06,-0.216259,0,42.3261,1,1010,1010,1010,1010,0,0,0,0,42.3299,17,0.214534,1.87147,0,0,0,1,0,0,35,0.221835,2.00843,29,0.158685,1.92096,14,0.184497,1.88254,5,0.211948,2.06231,18,0.180055,1.93404,36,0.183858,1.97974
5491745720414,5491735702000,5491735702000,5491745712377,73729,10.0104,5491763691492,27.9895,1,26014,101819,0,0,1,0,0,0.019995,436,423,148,0.349882,2.65982,8.46886,4.31077,0.131538,1.85995,20.4727,0.00393367,0.0384916,0.093127,-0.0471244,1,1.92506,-0.196733,0.196733,1.92506,1,1,0.213937,1.91732,-0.0172045,0.0077382,0,0,0,0,0,0,0,0,0,0,0,0,0,0,0,0,0,0,0,0,0,0,0,255,0.22,5.92671,0.22,0.159588,1.59911,1,1,1,1,0,1,1,-0.452402,-3.15876,0.127885,0.310556,-0.0918406,0.0406872,5.21991,25426,1,367,55.9726,6357,0,0.000884653,0.0124965,0.0122503,0,0,0,1,148,0.225,0.00333935,0.0326108,0.00733742,-0.000751353,0.00700659,-0.00230176,0.164507,0.125777,0.0197156,-0.0169075,-0.215371,-0.0151057,0.0348219,0.0498517,5.01196,2,0,0,0,0,0,-1,1,-9.0462e-07,-3.41779e-06,-0.214936,0,5.38411,1,1010,1010,1010,1010,0,0,0,0,5.38843,13,0.143747,1.95766,0,0,0,2,0,0,31,0.218011,1.93844,19,0.185743,1.95565,20,0.210285,1.92065,6,0.205437,1.82906,19,0.208562,1.85863,38,0.206665,1.93017
5491764250274,5491755708000,5491755708000,5491764244737,73729,8.53674,5491784045403,28.3374,1,26015,101820,0,0,1,0,0,0.020006,434,428,112,0.261682,2.52972,9.17251,4.90087,0.111426,1.31354,20.3252,0.00277926,0.0383947,0.0647746,-0.0399896,1,1.91916,-0.138921,0.138921,1.91916,1,1,0.17569,1.91476,-0.0367686,0.00440364,0,0,0,0,0,0,0,0,0,0,0,0,0,0,0,0,0,0,0,0,0,0,0,255,0.22,4.18844,0.22,0.120749,1.60172,1,1,1,1,0,1,1,-0.452402,-3.15876,0.127885,0.310556,-0.0918406,0.0406872,25.4802,25426,1,367,76.233,6357,0,0.000884653,0.0124965,0.0122503,0,0,0,1,112,0.225,0.00235985,0.0325229,0.00731765,-0.000530966,0.00703695,-0.00207331,0.171544,0.123704,0.0190141,-0.0167113,-0.214097,-0.0407318,0.0198164,0.0997814,20.1388,1,0,0,0,0,0,-1,1,-9.0462e-07,-3.41779e-06,-0.214936,0,25.6439,1,1010,1010,1010,1010,0,0,0,0,25.6482,4,0.0842678,1.92931,0,0,0,0,0,0,43,0.111392,1.92658,12,0.145473,1.95698,0,0,0,3,0.184096,1.62657,12,0.127289,1.89321,38,0.149645,1.91328
5491784460925,5491775697000,5491775697000,5491784454999,73729,8.758,5491801766516,26.0695,1,26016,101821,0,0,1,0,0,0.019989,449,430,100,0.232558,2.54494,7.64687,4.94939,0.107223,1.46879,20.1733,0.00154067,0.0379542,-0.216666,-0.0249363,1,1.89875,-0.077076,0.077076,1.89875,1,1,0.120926,1.89169,-0.0438497,0.00706355,0,0,0,0,0,0,0,0,0,0,0,0,0,0,0,0,0,0,0,0,0,0,0,255,0.22,4.11959,0.22,0.123684,1.59465,1,1,1,1,1,1,1,-0.452402,-3.15876,0.127885,0.310556,-0.0918406,0.0406872,43.2014,25426,1,367,93.954,6357,0,0.000884653,0.0124965,0.0122503,0,0,0,1,100,0.225,0.00130752,0.0321402,0.00723154,-0.000294191,0.00701126,-0.00179244,0.178555,0.121911,0.0187949,-0.0153223,-0.209635,-0.0163901,0.031786,0.144747,11.8608,3,0,0,0,0,0,-1,1,-9.0462e-07,-3.41779e-06,-0.214936,0,43.3422,1,1010,1010,1010,1010,0,0,0,0,0.024038,0,0,0,0,0,0,0,0,0,33,0.136063,1.92002,17,0.111874,1.90018,7,0.080284,1.79332,6,-0.165462,1.94971,8,0.0562088,1.92236,29,0.0814839,1.95589
5491802265835,5491787674000,5491787674000,5491802251798,73729,14.5778,5491814179053,26.5051,0,26016,101822,0,0,1,0,0,0.011977,455,443,224,0.505643,2.57646,5.17174,1.38714,0.172687,1.03482,9.99857,0.00171036,0.0181993,-0.226984,0.062481,1,1.51952,-0.142804,0.142804,1.51952,1,1,0.184455,1.50873,-0.0416505,0.0107922,0,0,0,0,0,0,0,0,0,0,0,0,0,0,0,0,0,0,0,0,0,0,0,255,0.22,1.62568,0.22,0.148467,1.2984,1,1,1,1,0,1,1,-0.452402,-3.15876,0.127885,0.310556,-0.0918406,0.0406872,55.6192,25426,1,367,106.372,6357,0,0.000884653,0.0124965,0.0122503,0,0,0,1,224,0.225,0.0014496,0.0154171,0.00346886,-0.00032616,0.00332474,-0.00104078,0.18188,0.12087,0.0187949,-0.0153223,-0.209635,0.00744941,0.0485648,0.155901,24.233,0,0,0,0,0,0,-1,1,-9.04621e-07,-3.41779e-06,-0.20771,0,0.173112,1,1010,1010,1010,1010,0,0,0,0,12.4875,18,0.152766,1.6066,0,0,0,1,0,0,53,0.13151,1.56474,40,0.0799813,1.53153,7,0.39625,1.31591,36,0.191627,1.4995,40,0.0989264,1.49978,29,0.0826168,1.56294
5491814656575,5491795702000,5491795702000,5491814644890,73729,18.9429,5491826613627,30.9116,0,26016,101823,0,0,1,0,0,0.008028,478,468,251,0.536325,2.58463,5.33326,1.18934,0.184149,0.565643,9.67343,0.000819875,0.018187,-0.26221,-0.0506527,1,2.26545,-0.102127,0.102127,2.26545,1,1,0.150061,2.26221,-0.047934,0.00323974,0,0,0,0,0,0,0,0,0,0,0,0,0,0,0,0,0,0,0,0,0,0,0,255,0.22,3.88055,0.22,0.0956128,1.88066,1,1,1,1,0,1,1,-0.437074,-3.16347,0.128541,0.306576,-0.0888055,0.0339126,12.4412,25427,1,367,118.826,6357,0,0.000884653,0.0124965,0.0122503,0,0,0,1,251,0.225,0.00069359,0.0154033,0.00346575,-0.000156058,0.00335975,-0.000863381,0.18524,0.120007,0.0182217,-0.0151468,-0.20654,-0.0203734,0.0145788,0.156264,12.2343,2,0,0,0,0,0,-1,1,-9.04621e-07,-3.41779e-06,-0.20771,0,12.6275,1,1010,1010,1010,1010,0,0,0,0,24.9419,2,0,0,0,0,0,8,0.0545561,2.34042,51,0.083533,2.26742,29,0.0634319,2.26043,44,0.105727,2.29227,20,0.0598704,2.37225,41,0.101741,2.32411,56,0.0713277,2.31074
5491827137131,5491815702000,5491815702000,5491827131427,73729,11.4294,5491843715662,28.0137,1,26017,101824,0,0,1,0,0,0.02,478,468,192,0.410256,2.60424,7.38305,3.90988,0.157057,1.75964,19.6493,0.00284331,0.0370893,-0.153261,-0.0124646,1,1.85447,-0.142165,0.142165,1.85447,1,1,0.179506,1.85271,-0.0373405,0.00175536,0,0,0,0,0,0,0,0,0,0,0,0,0,0,0,0,0,0,0,0,0,0,0,255,0.22,6.20556,0.22,0.127361,1.54836,1,1,1,1,0,1,1,-0.437074,-3.16347,0.128541,0.306576,-0.0888055,0.0339126,29.5188,25427,1,367,135.904,6357,0,0.000884653,0.0124965,0.0122503,0,0,0,1,192,0.225,0.00241576,0.031432,0.00707219,-0.000543546,0.00681241,-0.00197316,0.192052,0.118034,0.0185047,-0.0148652,-0.205227,0.0136294,0.00789911,0.145329,16.9292,1,0,0,0,0,0,-1,1,-9.04621e-07,-3.41779e-06,-0.20771,0,29.6927,1,1010,1010,1010,1010,0,0,0,0,42.0071,24,0.125213,1.87778,0,0,0,0,0,0,46,0.134527,1.83785,15,0.135266,1.79061,24,0.125237,1.88783,18,0.133397,1.89735,19,0.174803,1.86777,46,0.136682,1.85182
5491844194832,5491835698000,5491835698000,5491844188387,73729,8.49039,5491865303081,29.6051,1,26018,101825,0,0,1,0,0,0.019996,476,469,98,0.208955,2.55026,10.6421,4.90191,0.106723,1.32462,19.8061,0.00255777,0.0376063,-0.0125505,-0.0583765,1,1.88069,-0.127914,0.127914,1.88069,1,1,0.155186,1.87459,-0.0272724,0.00609655,0,0,0,0,0,0,0,0,0,0,0,0,0,0,0,0,0,0,0,0,0,0,0,255,0.22,2.98348,0.22,0.0765244,1.58537,1,1,1,1,1,1,1,-0.422383,-3.16787,0.129233,0.296165,-0.0822849,0.0329321,10.0566,25428,1,367,157.489,6357,0,0.000884653,0.0124965,0.0122503,0,0,0,1,98,0.225,0.002161,0.0318506,0.00716638,-0.000486225,0.00692034,-0.00192203,0.198972,0.116112,0.0178359,-0.0137831,-0.20317,-0.00768074,0.0274345,0.092036,9.95593,3,0,0,0,0,0,-1,1,-9.04621e-07,-3.41779e-06,-0.202776,0,10.1948,1,1010,1010,1010,1010,0,0,0,0,10.2034,0,0,0,0,0,0,0,0,0,9,0.0708811,1.89656,6,-0.0484398,1.8839,23,0.128069,1.89618,24,0.145012,1.86267,11,0.142277,1.88182,25,0.155171,1.89183
5491865760770,5491855721000,5491855721000,5491865754363,73729,10.0334,5491884328353,28.6074,1,26019,101826,0,0,1,0,0,0.020023,488,485,121,0.249485,2.62532,8.62447,4.98939,0.118761,1.60876,19.8575,0.00321036,0.0373161,0.0446599,0.0197042,1,1.86366,-0.160334,0.160334,1.86366,1,1,0.167358,1.85202,-0.00702435,0.0116437,0,0,0,0,0,0,0,0,0,0,0,0,0,0,0,0,0,0,0,0,0,0,0,255,0.22,4.25242,0.22,0.121149,1.56429,1,1,1,1,0,1,1,-0.422383,-3.16787,0.129233,0.296165,-0.0822849,0.0329321,29.0836,25428,1,367,176.516,6357,0,0.000884653,0.0124965,0.0122503,0,0,0,1,121,0.225,0.00271902,0.031605,0.00711112,-0.000611779,0.00684123,-0.00203302,0.205814,0.114079,0.0181146,-0.0131101,-0.203048,0.000994746,0.0523966,0.0260835,18.9077,1,0,0,0,0,0,-1,1,-9.04621e-07,-3.41779e-06,-0.202776,0,29.2449,1,1010,1010,1010,1010,0,0,0,0,29.2535,3,0.065779,1.70827,0,0,0,3,0.126055,1.84791,29,0.156878,1.87874,11,0.145952,1.83493,25,0.152278,1.86844,14,0.175066,1.87657,6,0.151573,1.85496,30,0.166452,1.86033
5491884796078,5491875691000,5491875691000,5491884790504,73729,9.0995,5491903601922,27.9109,1,26020,101827,0,0,1,0,0,0.01997,486,468,112,0.239316,2.5977,9.0859,4.99063,0.114223,1.59145,18.9637,0.00311582,0.0358782,0.0797137,-0.0198589,1,1.79661,-0.156025,0.156025,1.79661,1,1,0.156129,1.79146,-0.000103712,0.00514573,0,0,0,0,0,0,0,0,0,0,0,0,0,0,0,0,0,0,0,0,0,0,0,255,0.22,3.00071,0.22,0.12645,1.47475,1,1,1,1,0,1,1,-0.408279,-3.17211,0.129632,0.29136,-0.0818848,0.0393801,0.389262,25429,1,367,195.785,6357,0,0.000884653,0.0124965,0.0122503,0,0,0,1,112,0.225,0.00263589,0.0303904,0.00683784,-0.000593075,0.00657686,-0.00196139,0.21239,0.112117,0.0179614,-0.0124666,-0.20332,-0.00347024,0.0231558,-0.00240283,0.329077,3,0,0,0,0,0,-1,1,-9.04621e-07,-3.41779e-06,-0.20317,0,0.532467,1,1010,1010,1010,1010,0,0,0,0,0.535948,6,0.0260093,1.57847,0,0,0,0,0,0,34,0.163273,1.83783,11,0.179311,1.8266,18,0.15589,1.81543,28,0.156007,1.78405,8,0.206846,1.71556,7,0.163288,1.87158
5491904048833,5491895694000,5491895694000,5491904041259,73729,8.34726,5491921967836,26.2738,1,26021,101828,0,0,1,0,0,0.020003,496,494,74,0.149798,2.57289,8.73736,4.99302,0.090538,2.36008,19.7931,0.00733578,0.0384031,0.255815,-0.368486,1,1.91987,-0.366734,0.366734,1.91987,1,1,0.352505,1.90599,0.0142284,0.0138815,0,0,0,0,0,0,0,0,0,0,0,0,0,0,0,0,0,0,0,0,0,0,0,255,0.22,1.97105,0.22,0.204392,1.56455,1,1,1,2,1,1,1,-0.408279,-3.17211,0.129632,0.29136,-0.0818848,0.0393801,18.7601,25429,1,367,214.156,6357,0,0.000884653,0.0124965,0.0122503,0,0,0,1,74,0.225,0.00621366,0.0325257,0.00731828,-0.00139807,0.00688435,-0.00284851,0.219275,0.109269,0.018515,-0.0116131,-0.203579,0.0339007,0.0624667,-0.0241018,17.001,1,0,0,0,0,0,-1,1,-9.04621e-07,-3.41779e-06,-0.20317,0,18.911,1,1010,1010,1010,1010,0,0,0,0,18.9145,2,0,0,0,0,0,0,0,0,0,0,0,2,0,0,24,0.348153,1.86882,9,0.227852,1.93197,11,0.287685,1.98282,26,0.394332,1.91289
5491922469822,5491903701000,5491903701000,5491922456136,73729,18.7551,5491934978266,31.2773,0,26021,101829,0,0,1,0,0,0.008007,500,498,269,0.540161,2.63135,5.72765,1.20358,0.190705,0.807343,9.8399,0.00165249,0.0183134,0.122417,0.0346719,1,2.28718,-0.20638,0.20638,2.28718,1,1,0.203731,2.27416,0.00264926,0.0130224,0,0,0,0,0,0,0,0,0,0,0,0,0,0,0,0,0,0,0,0,0,0,0,255,0.22,0.050038,0.22,0.159491,1.92984,1,1,1,1,0,1,1,-0.408279,-3.17211,0.129632,0.29136,-0.0818848,0.0393801,31.7775,25429,1,367,12.9813,6358,0,0.000884653,0.0130126,0.00667691,0,0,0,1,269,0.225,0.00139653,0.0155118,0.00349015,-0.000314219,0.00335385,-0.00101512,0.222629,0.108254,0.0173727,-0.0108861,-0.204127,-0.0228601,0.0586009,-0.0278254,12.7996,2,0,0,0,0,0,-1,1,-9.04621e-07,-3.41779e-06,-0.20317,0,31.9749,1,1010,1010,1010,1010,0,0,0,0,31.9784,0,0,0,1,0,0,19,0.149368,2.34451,42,0.186372,2.40379,38,0.217291,2.31474,41,0.198628,2.34901,44,0.176659,2.20913,35,0.233299,2.23168,49,0.27684,2.29223
5491935474270,5491923710000,5491923710000,5491935466492,73729,11.7565,5491956507019,32.797,1,26022,101830,0,0,1,0,0,0.020009,500,495,148,0.29899,2.58244,9.82507,5.0927,0.131334,0.809647,19.66,0.00195052,0.0364569,0.150069,0.0607731,1,1.82202,-0.0974822,0.0974822,1.82202,1,1,0.0946706,1.81335,0.00281162,0.00866916,0,0,0,0,0,0,0,0,0,0,0,0,0,0,0,0,0,0,0,0,0,0,0,255,0.22,2.95913,0.22,0.0589387,1.49601,1,1,1,1,0,1,1,-0.39393,-3.17625,0.130142,0.296662,-0.0811324,0.0337369,3.76464,25430,1,367,34.4951,6358,0,0.000884653,0.0130126,0.00667691,0,0,0,1,148,0.225,0.00164344,0.0308733,0.00694649,-0.000369775,0.00672663,-0.00177176,0.229355,0.106482,0.0177657,-0.00988799,-0.20437,-0.00819484,0.0390112,-0.0166777,3.7133,2,0,0,0,0,0,-1,1,-9.04621e-07,-3.41779e-06,-0.204083,0,3.92099,1,1010,1010,1010,1010,0,0,0,0,3.92586,0,0,0,0,0,0,8,0.0808774,1.81565,17,0.0657515,1.75656,30,0.0926122,1.81045,40,0.0844913,1.84448,18,0.202144,1.82405,12,0.127308,1.8604,23,0.107307,1.82404
5491956902059,5491943714000,5491943714000,5491956896615,73729,13.1826,5491976469927,32.7559,1,26023,101831,0,0,1,0,0,0.020004,500,496,146,0.294355,2.61696,8.85005,5.09478,0.131983,1.9384,19.8559,0.00439009,0.0368304,0.217162,0.0662642,1,1.84115,-0.219461,0.219461,1.84115,1,1,0.218027,1.83178,0.00143421,0.00937067,0,0,0,0,0,0,0,0,0,0,0,0,0,0,0,0,0,0,0,0,0,0,0,255,0.22,4.10373,0.22,0.192762,1.5457,1,1,1,1,1,1,1,-0.39393,-3.17625,0.130142,0.296662,-0.0811324,0.0337369,23.7357,25430,1,367,54.4662,6358,0,0.000884653,0.0130126,0.00667691,0,0,0,1,146,0.225,0.00371359,0.0311863,0.00701691,-0.000835558,0.00670094,-0.00224273,0.236056,0.104239,0.0172587,-0.00949764,-0.204464,-0.00514198,0.042168,-0.00927674,19.8482,1,0,0,0,0,0,-1,1,-9.04621e-07,-3.41779e-06,-0.204083,0,23.9044,1,1010,1010,1010,1010,0,0,0,0,23.9093,0,0,0,0,0,0,3,0.154378,1.81107,20,0.221676,1.82999,26,0.233341,1.81523,39,0.208049,1.83851,17,0.235509,1.86995,16,0.246212,1.9032,25,0.217957,1.83318
5491976986968,5491963706000,5491963706000,5491976980616,73729,13.2746,5491995281919,31.5759,1,26024,101832,0,0,1,0,0,0.019992,500,486,158,0.325103,2.65908,8.03589,5.02537,0.140352,1.57742,19.8424,0.00333042,0.0365448,0.178582,0.0237635,1,1.82797,-0.166588,0.166588,1.82797,1,1,0.167869,1.81701,-0.00128127,0.0109636,0,0,0,0,0,0,0,0,0,0,0,0,0,0,0,0,0,0,0,0,0,0,0,255,0.22,3.90599,0.22,0.12745,1.52796,1,1,1,1,0,1,1,-0.39393,-3.17625,0.130142,0.296662,-0.0811324,0.0337369,42.5483,25430,1,367,73.2788,6358,0,0.000884653,0.0130126,0.00667691,0,0,0,1,158,0.225,0.00282515,0.0309635,0.0069668,-0.00063566,0.00669246,-0.00203692,0.242749,0.102202,0.017636,-0.00850287,-0.204475,-0.0100921,0.0493363,-0.00346113,18.6485,2,0,0,0,0,0,-1,1,-9.04621e-07,-3.41779e-06,-0.204083,0,42.7446,1,1010,1010,1010,1010,0,0,0,0,42.7495,9,0.193033,1.89464,0,0,0,19,0.132171,1.81926,16,0.13319,1.75099,30,0.182385,1.86965,35,0.175691,1.87519,6,0.115187,1.80652,14,0.213659,1.84482,29,0.195543,1.82497
5491995776941,5491983712000,5491983712000,5491995770163,73729,12.0582,5492014706156,30.9942,1,26025,101833,0,0,1,0,0,0.020006,500,492,143,0.29065,2.61457,8.79036,5.0055,0.132464,1.19141,20.5061,0.00225894,0.038475,0.0325212,0.0461173,1,1.92317,-0.112913,0.112913,1.92317,1,1,0.115313,1.91573,-0.00240028,0.00743558,0,0,0,0,0,0,0,0,0,0,0,0,0,0,0,0,0,0,0,0,0,0,0,255,0.22,2.40104,0.22,0.103498,1.5891,1,1,1,1,0,1,1,-0.379491,-3.18047,0.130648,0.303795,-0.0895372,0.0400241,5.32345,25431,1,367,92.6973,6358,0,0.000884653,0.0130126,0.00667691,0,0,0,1,143,0.225,0.00191748,0.0325977,0.00733448,-0.000431433,0.00709324,-0.00191427,0.249842,0.100288,0.0167482,-0.00751208,-0.204845,-0.0189089,0.0334601,-0.00648612,5.21285,3,0,0,0,0,0,-1,1,-9.04621e-07,-3.41779e-06,-0.204475,0,5.48186,1,1010,1010,1010,1010,0,0,0,0,5.48636,9,0.163273,1.87782,0,0,0,13,0.0693859,1.94191,8,0.112095,1.93862,27,0.113366,1.91534,38,0.108161,1.92484,4,0.132997,1.95292,14,0.135073,1.96413,30,0.117601,1.92474
5492015151826,5492003709000,5492003709000,5492015145603,73729,11.4366,5492036982896,33.2739,1,26026,101834,0,0,1,0,0,0.019997,500,495,152,0.307071,2.63931,11.5579,5.05254,0.140538,1.78256,21.1233,0.0032898,0.0403055,-0.134488,-0.0341209,1,2.01558,-0.164515,0.164515,2.01558,1,1,0.163899,2.00649,0.000615837,0.00908435,0,0,0,0,0,0,0,0,0,0,0,0,0,0,0,0,0,0,0,0,0,0,0,255,0.22,1.48421,0.22,0.172004,1.65191,1,1,1,1,1,1,1,-0.379491,-3.18047,0.130648,0.303795,-0.0895372,0.0400241,27.6049,25431,1,367,114.979,6358,0,0.000884653,0.0130126,0.00667691,0,0,0,1,152,0.225,0.00278603,0.0341402,0.00768155,-0.000626857,0.00739249,-0.00217908,0.257234,0.0981091,0.0159666,-0.00703186,-0.205235,-0.0315383,0.0408796,-0.0274477,22.1595,1,0,0,0,0,0,-1,1,-9.04621e-07,-3.41779e-06,-0.204475,0,27.7607,1,1010,1010,1010,1010,0,0,0,0,27.7652,6,0.269093,2.19197,0,0,0,8,0.174844,1.94174,7,0.170932,2.04563,25,0.145107,2.0288,48,0.174109,2.01762,8,0.0779105,1.96444,22,0.129046,2.02503,28,0.152325,2.01498
5492037496214,5492023709000,5492023709000,5492037488770,73729,13.7798,5492056817469,33.1085,1,26027,101835,0,0,1,0,0,0.02,500,495,144,0.290909,2.65582,9.10468,5.03106,0.13239,0.453033,20.9815,-0.000188985,0.0399554,-0.2236,0.0712899,1,1.99777,0.00944926,-0.00944926,1.99777,1,1,0.0024098,1.99478,-0.0118591,0.00298548,0,0,0,0,0,0,0,0,0,0,0,0,0,0,0,0,0,0,0,0,0,0,0,255,0.22,3.5423,0.22,0.0705154,1.641,1,1,1,1,0,1,1,-0.364599,-3.1848,0.131391,0.310007,-0.0868128,0.0405818,3.91573,25432,1,367,134.808,6358,0,0.000884653,0.0130126,0.00667691,0,0,0,1,144,0.225,-0.000165246,0.0338463,0.00761542,3.71803e-05,0.00746316,-0.00151481,0.264698,0.0965942,0.0141378,-0.0064688,-0.205133,-0.070398,0.0134347,-0.0136258,3.86329,3,0,0,0,0,0,-1,1,-9.04621e-07,-3.41779e-06,-0.204071,0,0.151798,1,1010,1010,1010,1010,0,0,0,0,4.07809,2,0,0,0,0,0,16,0.0279748,1.97558,9,0.0240423,2.06224,21,0.0134908,1.98959,42,-0.00826433,2.01442,9,0.00724052,2.01405,23,-0.0240741,2.00504,22,-0.031982,2.01115
5492057267083,5492043704000,5492043704000,5492057260954,73729,13.557,5492076772377,33.0684,1,26028,101836,0,0,1,0,0,0.019995,500,496,123,0.247984,2.66319,9.52226,5.00848,0.115371,1.16461,21.2959,0.00219598,0.0403213,-0.0231856,-0.0333036,1,2.01657,-0.109826,0.109826,2.01657,1,1,0.126804,2.00729,-0.0169777,0.00928524,0,0,0,0,0,0,0,0,0,0,0,0,0,0,0,0,0,0,0,0,0,0,0,255,0.22,3.03282,0.22,0.177409,1.69524,1,1,1,1,0,1,1,-0.364599,-3.1848,0.131391,0.310007,-0.0868128,0.0405818,23.8737,25432,1,367,154.766,6358,0,0.000884653,0.0130126,0.00667691,0,0,0,1,123,0.225,0.00185505,0.0341443,0.00768246,-0.000417387,0.00743773,-0.00196794,0.272135,0.0946263,0.0144392,-0.00638879,-0.20439,-0.014372,0.0417836,0.0496222,19.8387,1,0,0,0,0,0,-1,1,-9.04621e-07,-3.41779e-06,-0.204071,0,20.1115,1,1010,1010,1010,1010,0,0,0,0,24.0378,0,0,0,1,0,0,5,0.130839,2.04076,8,0.0520797,2.02585,24,0.111202,2.01944,36,0.106842,2.05731,1,0,0,23,0.129257,2.03515,25,0.106126,1.98886
5492077219195,5492063704000,5492063704000,5492077211287,73729,13.5073,5492096978916,33.2749,1,26029,101837,0,0,1,0,0,0.02,500,494,162,0.327935,2.6692,9.38753,5.05617,0.142112,0.755356,20.741,0.000944501,0.0389228,-0.063976,0.0927198,1,1.94614,-0.047225,0.047225,1.94614,1,1,0.0784996,1.93712,-0.0312746,0.00901409,0,0,0,0,0,0,0,0,0,0,0,0,0,0,0,0,0,0,0,0,0,0,0,255,0.22,2.68815,0.22,0.0846365,1.62817,1,1,1,1,1,1,1,-0.364599,-3.1848,0.131391,0.310007,-0.0868128,0.0405818,44.082,25432,1,367,174.975,6358,0,0.000884653,0.0130126,0.00667691,0,0,0,1,162,0.225,0.000794694,0.0329684,0.0074179,-0.000178806,0.00723024,-0.00166717,0.279366,0.0929591,0.0135628,-0.00541428,-0.202523,-0.0314905,0.0405634,0.0873962,20.0415,2,0,0,0,0,0,-1,1,-9.04621e-07,-3.41779e-06,-0.204071,0,40.3283,1,1010,1010,1010,1010,0,0,0,0,44.2546,4,-0.0518739,1.84698,0,0,0,5,-0.0279067,1.91985,6,-0.00613916,1.85865,20,0.0564349,1.97677,43,0.041797,1.95063,16,0.115791,1.94675,32,0.0568228,1.93504,36,0.0377459,1.96861
5492097496642,5492083706000,5492083706000,5492097489272,73729,13.7833,5492117331993,33.626,1,26030,101838,0,0,1,0,0,0.020002,500,498,151,0.303213,2.71226,9.55561,5.06982,0.133278,1.16327,20.7019,0.0022024,0.0384761,0.0989316,0.0766119,1,1.92361,-0.110109,0.110109,1.92361,1,1,0.137252,1.91301,-0.0271428,0.0106059,0,0,0,0,0,0,0,0,0,0,0,0,0,0,0,0,0,0,0,0,0,0,0,255,0.22,2.67359,0.22,0.100394,1.61736,1,1,1,1,0,1,1,-0.349923,-3.18881,0.131713,0.287572,-0.077657,0.0332266,10.8143,25433,1,367,10.7634,6359,0,0.000884653,0.0133417,0.0027091,0,0,0,1,151,0.225,0.00186124,0.0325941,0.00733367,-0.00041878,0.0071033,-0.001871,0.286469,0.0910881,0.0126825,-0.00397943,-0.200511,-0.0215578,0.0477267,0.0804678,10.6982,3,0,0,0,0,0,-1,1,-9.04621e-07,-3.41779e-06,-0.200231,0,10.9712,1,1010,1010,1010,1010,0,0,0,0,10.9758,9,-0.0312219,1.82592,0,0,0,4,0.0626083,1.95948,4,0.0907311,1.8296,12,0.131825,1.96166,39,0.0771404,1.93295,20,0.140614,1.88257,36,0.162836,1.92337,27,0.126521,1.93597
5492117778645,5492103705000,5492103705000,5492117773219,73729,14.0682,5492137828442,34.1234,1,26031,101839,0,0,1,0,0,0.019999,500,500,158,0.316,2.7088,8.56021,5.10006,0.13676,1.04398,19.7492,0.00193944,0.0374817,-0.0382131,-0.0557548,1,1.87418,-0.096977,0.096977,1.87418,1,1,0.113558,1.86885,-0.0165809,0.00532922,0,0,0,0,0,0,0,0,0,0,0,0,0,0,0,0,0,0,0,0,0,0,0,255,0.22,2.67415,0.22,0.0865179,1.53216,1,1,1,1,0,1,1,-0.349923,-3.18881,0.131713,0.287572,-0.077657,0.0332266,31.3093,25433,1,367,31.2586,6359,0,0.000884653,0.0133417,0.0027091,0,0,0,1,158,0.225,0.00163116,0.0317424,0.00714205,-0.000367011,0.00692637,-0.00178003,0.293395,0.0893081,0.0124847,-0.0038897,-0.200211,-0.0254645,0.0239815,0.0393198,20.3682,1,0,0,0,0,0,-1,1,-9.04621e-07,-3.41779e-06,-0.200231,0,31.4693,1,1010,1010,1010,1010,0,0,0,0,31.474,0,0,0,0,0,0,8,0.107588,1.85262,0,0,0,17,0.114373,1.89374,45,0.100861,1.90382,25,0.0923857,1.8487,24,0.0983435,1.9094,39,0.101169,1.82766
5492138239538,5492123706000,5492123706000,5492138234649,73729,14.5286,5492153839931,30.1339,1,26032,101840,0,0,1,0,0,0.020001,500,498,224,0.449799,2.69241,7.84726,1.95487,0.175205,1.24301,18.8454,0.00213315,0.0353151,0.0107399,0.0751424,1,1.76567,-0.106652,0.106652,1.76567,1,1,0.113547,1.76154,-0.00689487,0.00412247,0,0,0,0,0,0,0,0,0,0,0,0,0,0,0,0,0,0,0,0,0,0,0,255,0.22,2.83804,0.22,0.109122,1.47924,1,1,1,1,1,1,1,-0.33679,-3.19281,0.131642,0.263632,-0.072325,0.035633,0.197853,25434,1,367,47.2629,6359,0,0.000884653,0.0133417,0.0027091,0,0,0,1,224,0.225,0.00180413,0.0299192,0.00673182,-0.000405928,0.00651717,-0.00173445,0.299912,0.0875737,0.0123761,-0.00310955,-0.199884,-0.0120863,0.0185511,0.0151525,0.118853,3,0,0,0,0,0,-1,1,-9.0462e-07,-3.41779e-06,-0.199381,0,0.385114,1,1010,1010,1010,1010,0,0,0,0,0.389966,16,0.139256,1.71383,2,0,0,25,0.0761088,1.71513,10,0.0786828,1.72603,19,0.122173,1.78566,43,0.105474,1.77296,31,0.117242,1.79801,37,0.118258,1.78414,41,0.106924,1.77418
5492154371065,5492143699000,5492143699000,5492154364232,73729,10.6652,5492168649856,24.9509,1,26033,101841,0,0,1,0,0,0.019993,500,500,248,0.496,2.69246,7.80611,1.55262,0.18389,1.8831,18.5915,0.00350499,0.0348059,0.00897381,0.0361319,1,1.7409,-0.175311,0.175311,1.7409,1,1,0.175896,1.73491,-0.000585318,0.00599476,0,0,0,0,0,0,0,0,0,0,0,0,0,0,0,0,0,0,0,0,0,0,0,255,0.22,7.38983,0.22,0.168512,1.46868,1,1,1,2,0,1,1,-0.33679,-3.19281,0.131642,0.263632,-0.072325,0.035633,15.0415,25434,1,367,62.1066,6359,0,0.000884653,0.0133417,0.0027091,0,0,0,1,248,0.225,0.00296414,0.0294885,0.0066349,-0.000666933,0.00637038,-0.001971,0.306283,0.0856027,0.0123761,-0.00310955,-0.199884,0.00798886,0.0269764,0.00849823,14.9116,0,0,0,0,0,0,-1,1,-9.0462e-07,-3.41779e-06,-0.199381,0,15.2212,1,1010,1010,1010,1010,0,0,0,0,15.226,9,0.173551,1.72645,0,0,0,36,0.157522,1.70573,17,0.169849,1.66602,20,0.191296,1.76066,44,0.169265,1.77025,37,0.205364,1.77748,39,0.187659,1.76016,46,0.165199,1.73175
5492169159786,5492151748000,5492151748000,5492169147212,73729,17.3992,5492181366988,29.619,0,26033,101842,0,0,1,0,0,0.008049,500,500,357,0.714,2.69606,4.86533,1.08654,0.243965,0.722137,8.98326,0.00141718,0.0166684,0.0149625,0.0447228,1,2.07087,-0.176069,0.176069,2.07087,1,1,0.179855,2.06274,-0.00378645,0.00812266,0,0,0,0,0,0,0,0,0,0,0,0,0,0,0,0,0,0,0,0,0,0,0,255,0.22,3.31114,0.22,0.134941,1.73992,1,1,1,1,0,1,1,-0.33679,-3.19281,0.131642,0.263632,-0.072325,0.035633,27.7329,25434,1,367,74.7983,6359,0,0.000884653,0.0133417,0.0027091,0,0,0,1,357,0.225,0.00119942,0.0141227,0.0031776,-0.000269871,0.00306128,-0.000893596,0.309344,0.0847091,0.0124405,-0.00250093,-0.199292,0.00977152,0.036552,0.0214484,12.451,2,0,0,0,0,0,-1,1,-9.0462e-07,-3.41779e-06,-0.199381,0,27.9554,1,1010,1010,1010,1010,0,0,0,0,27.9603,29,0.215369,2.13936,16,0.228346,1.90113,48,0.13752,2.03708,48,0.156062,2.03675,40,0.185526,1.98629,48,0.144282,2.10443,40,0.20227,2.1383,46,0.196559,2.10807,42,0.152709,2.12623
5492181887973,5492171724000,5492171724000,5492181881473,73729,10.1575,5492197919296,26.1953,1,26034,101843,0,0,1,0,0,0.019976,500,500,246,0.492,2.68633,7.61365,2.27531,0.186594,1.30009,17.6442,0.00230543,0.0330112,0.00371496,0.0402316,1,1.65255,-0.11541,0.11541,1.65255,1,1,0.123775,1.64556,-0.00836451,0.00698412,0,0,0,0,0,0,0,0,0,0,0,0,0,0,0,0,0,0,0,0,0,0,0,255,0.22,5.85514,0.22,0.0881152,1.37252,1,1,1,1,0,1,1,-0.33679,-3.19281,0.131642,0.263632,-0.072325,0.035633,44.2958,25434,1,367,91.3608,6359,0,0.000884653,0.0133417,0.0027091,0,0,0,1,246,0.225,0.00195019,0.0279661,0.00629237,-0.000438792,0.00608204,-0.0016719,0.315426,0.0830372,0.0125506,-0.00173433,-0.198649,0.00730618,0.0314286,0.0359572,16.3642,2,0,0,0,0,0,-1,1,-9.0462e-07,-3.41779e-06,-0.199381,0,44.4853,1,1010,1010,1010,1010,0,0,0,0,44.4902,17,0.134387,1.64145,0,0,0,20,0.0845911,1.6819,18,0.0716534,1.56593,23,0.138161,1.64666,48,0.116424,1.66901,33,0.131193,1.68362,39,0.131,1.65094,48,0.128739,1.64981
5492198404578,5492183699000,5492183699000,5492198393892,73729,14.6949,5492212351219,28.6522,0,26034,101844,0,0,1,0,0,0.011975,500,500,404,0.808,2.72198,5.21472,0.685338,0.285354,0.575027,8.49633,0.00109098,0.0156093,0.051983,0.0899763,1,1.30349,-0.0911047,0.0911047,1.30349,1,1,0.0991351,1.29753,-0.00803039,0.00595798,0,0,0,0,0,0,0,0,0,0,0,0,0,0,0,0,0,0,0,0,0,0,0,255,0.22,2.13607,0.22,0.0625964,1.09352,1,1,1,1,1,1,1,-0.324678,-3.19621,0.132119,0.24653,-0.0639269,0.0329776,2.90324,25435,1,367,105.776,6359,0,0.000884653,0.0133417,0.0027091,0,0,0,1,404,0.225,0.000923164,0.013225,0.00297562,-0.000207712,0.00287641,-0.000789735,0.318303,0.0822474,0.0123482,-0.00144709,-0.198267,-0.00399467,0.0268109,0.0257137,2.70822,2,0,0,0,0,0,-1,1,-9.0462e-07,-3.41779e-06,-0.197994,0,3.13897,1,1010,1010,1010,1010,0,0,0,0,3.14324,38,0.10872,1.31769,16,-0.0295373,1.15113,43,0.0575732,1.31349,52,0.0851256,1.25454,51,0.110227,1.28055,53,0.0813423,1.3539,48,0.132491,1.34293,51,0.115806,1.32922,52,0.0872137,1.32682
5492212925315,5492203702000,5492203702000,5492212917408,73729,9.21541,5492229699959,25.998,1,26035,101845,0,0,1,0,0,0.020003,500,500,261,0.522,2.69152,7.15498,3.50047,0.191186,0.907074,16.6242,0.00166523,0.0311995,-0.000140012,0.0565073,1,1.55974,-0.083249,0.083249,1.55974,1,1,0.0906077,1.55937,-0.00735872,0.000367115,0,0,0,0,0,0,0,0,0,0,0,0,0,0,0,0,0,0,0,0,0,0,0,255,0.22,5.77278,0.22,0.0662838,1.29336,1,1,1,1,0,1,1,-0.324678,-3.19621,0.132119,0.24653,-0.0639269,0.0329776,20.2579,25435,1,367,123.131,6359,0,0.000884653,0.0133417,0.0027091,0,0,0,1,261,0.225,0.00140667,0.0264344,0.00594774,-0.000316502,0.00576884,-0.00148196,0.324071,0.0807655,0.0119691,-0.00152321,-0.198294,-0.0214355,0.00165202,0.00934301,17.1949,1,0,0,0,0,0,-1,1,-9.0462e-07,-3.41779e-06,-0.197994,0,20.4517,1,1010,1010,1010,1010,0,0,0,0,20.4559,17,0.140729,1.55896,0,0,0,33,0.0561646,1.53632,18,0.0639873,1.53993,18,0.0926979,1.57146,52,0.075313,1.57346,37,0.0829455,1.5204,39,0.0763363,1.54948,47,0.101156,1.5736
5492230195277,5492211720000,5492211720000,5492230183925,73729,18.4639,5492241698474,29.9785,0,26035,101846,0,0,1,0,0,0.008018,500,500,317,0.634,2.68863,4.67978,0.880488,0.220613,0.286301,7.88071,0.000611443,0.0145379,0.0810914,0.121303,1,1.81316,-0.0762588,0.0762588,1.81316,1,1,0.0814946,1.81698,-0.00523574,-0.00381886,0,0,0,0,0,0,0,0,0,0,0,0,0,0,0,0,0,0,0,0,0,0,0,255,0.22,3.47569,0.22,0.0569675,1.54138,1,1,1,1,0,1,1,-0.324678,-3.19621,0.132119,0.24653,-0.0639269,0.0329776,32.2569,25435,1,367,135.13,6359,0,0.000884653,0.0133417,0.0027091,0,0,0,1,317,0.225,0.000517263,0.012314,0.00277064,-0.000116384,0.00269323,-0.000660692,0.326765,0.0801048,0.0114871,-0.00175995,-0.198587,-0.038207,-0.0171849,-0.011717,11.8176,1,0,0,0,0,0,-1,1,-9.0462e-07,-3.41779e-06,-0.197994,0,32.46,1,1010,1010,1010,1010,0,0,0,0,32.4643,29,0.160208,1.84368,2,0,0,3,-0.614529,1.67094,53,0.113333,1.76327,45,0.0578032,1.72865,45,0.0587999,1.8652,50,0.113764,1.91231,50,0.0817357,1.85039,40,0.0663645,1.82999
5492242198144,5492231715000,5492231715000,5492242191885,73729,10.4769,5492257497110,25.7821,1,26036,101847,0,0,1,0,0,0.019995,500,499,251,0.503006,2.65261,7.36818,1.46934,0.183482,0.992767,16.1517,0.0020851,0.030035,0.0788597,0.0630125,1,1.50213,-0.104281,0.104281,1.50213,1,1,0.0960456,1.49873,0.00823573,0.00340047,0,0,0,0,0,0,0,0,0,0,0,0,0,0,0,0,0,0,0,0,0,0,0,255,0.22,5.28071,0.22,0.110776,1.29361,1,1,1,1,0,1,1,-0.324678,-3.19621,0.132119,0.24653,-0.0639269,0.0329776,48.0542,25435,1,367,150.928,6359,0,0.000884653,0.0133417,0.0027091,0,0,0,1,251,0.225,0.00176027,0.0254428,0.00572462,-0.00039606,0.00553219,-0.00152416,0.332297,0.0785806,0.0117021,-0.000796458,-0.199768,-0.020622,0.0153021,-0.0461462,15.6068,2,0,0,0,0,0,-1,1,-9.0462e-07,-3.41779e-06,-0.200346,0,0.176909,1,1010,1010,1010,1010,0,0,0,0,0.180835,11,0.113298,1.46617,0,0,0,28,0.100098,1.47722,21,0.120973,1.47324,29,0.106857,1.50217,54,0.103095,1.52358,49,0.117939,1.53015,38,0.11332,1.5057,21,0.0856622,1.51551
5492257967262,5492243690000,5492243690000,5492257956002,73729,14.266,5492273227134,29.5371,0,26036,101848,0,0,1,0,0,0.011975,500,500,375,0.75,2.69298,6.74251,0.860414,0.256409,1.32048,8.28439,0.00271988,0.0152425,0.153425,0.0537189,1,1.27286,-0.22713,0.22713,1.27286,1,1,0.203413,1.25683,0.0237169,0.0160235,0,0,0,0,0,0,0,0,0,0,0,0,0,0,0,0,0,0,0,0,0,0,0,255,0.22,0.836377,0.22,0.221228,1.09649,1,1,1,1,1,1,1,-0.313273,-3.19956,0.132324,0.215848,-0.0641277,0.0319918,15.7127,25436,1,367,166.656,6359,0,0.000884653,0.0133417,0.0027091,0,0,0,1,375,0.225,0.00230443,0.0129136,0.00290556,-0.000518497,0.00274399,-0.00108703,0.335041,0.0774936,0.011643,-0.000212869,-0.200603,0.0182976,0.0721058,-0.0707426,15.5206,1,0,0,0,0,0,-1,1,-9.0462e-07,-3.41779e-06,-0.200346,0,15.9402,1,1010,1010,1010,1010,0,0,0,0,15.9442,28,0.221942,1.35145,1,0,0,37,0.224456,1.30751,54,0.245612,1.22621,47,0.212223,1.26774,55,0.214509,1.2952,53,0.242434,1.31504,53,0.236551,1.28779,47,0.228809,1.27246
5492273785342,5492263696000,5492263696000,5492273779064,73729,10.0831,5492288103356,24.4074,1,26037,101849,0,0,1,0,0,0.020006,500,500,281,0.562,2.67769,6.58623,1.47505,0.205186,1.35587,14.3959,0.00308614,0.0265466,0.150711,0.0871002,1,1.32693,-0.154261,0.154261,1.32693,1,1,0.131965,1.32654,0.0222961,0.000397903,0,0,0,0,0,0,0,0,0,0,0,0,0,0,0,0,0,0,0,0,0,0,0,255,0.22,4.52181,0.22,0.111252,1.08735,1,1,1,1,0,1,1,-0.313273,-3.19956,0.132324,0.215848,-0.0641277,0.0319918,30.6114,25436,1,367,181.555,6359,0,0.000884653,0.0133417,0.0027091,0,0,0,1,281,0.225,0.0026095,0.0224847,0.00505906,-0.000587138,0.0048372,-0.00159385,0.339878,0.0758998,0.0109704,-0.000776634,-0.202762,-0.0231947,0.00179056,-0.0988216,14.6512,2,0,0,0,0,0,-1,1,-9.0462e-07,-3.41779e-06,-0.200346,0,30.826,1,1010,1010,1010,1010,0,0,0,0,30.8299,7,0.081175,1.20917,1,0,0,17,0.11659,1.33395,25,0.168116,1.29326,29,0.154437,1.32774,56,0.133456,1.32264,53,0.166993,1.34581,50,0.166809,1.36624,43,0.143029,1.32193
5492288646508,5492283701000,5492283701000,5492288638397,73729,4.9374,5492302159683,18.4587,1,26038,101850,0,0,1,0,0,0.020005,500,500,317,0.634,2.68739,5.82414,0.880118,0.22378,1.90567,13.2735,0.00410369,0.0249267,0.112816,0.000406722,1,1.24602,-0.205133,0.205133,1.24602,1,1,0.175605,1.24519,0.0295283,0.000830112,0,0,0,0,0,0,0,0,0,0,0,0,0,0,0,0,0,0,0,0,0,0,0,255,0.22,1.05693,0.22,0.199109,1.05686,1,1,1,2,0,1,1,-0.313273,-3.19956,0.132324,0.215848,-0.0641277,0.0319918,44.6469,25436,1,367,195.59,6359,0,0.000884653,0.0133417,0.0027091,0,0,0,1,317,0.225,0.00347433,0.0211136,0.00475057,-0.000781725,0.00449386,-0.00172748,0.344372,0.0741723,0.0112655,-0.000396915,-0.203912,-0.0121883,0.0037355,-0.116053,13.8304,1,0,0,0,0,0,-1,1,-9.0462e-07,-3.41779e-06,-0.200346,0,44.8451,1,1010,1010,1010,1010,0,0,0,0,0.152613,13,0.213768,1.22889,3,0.280737,1.22325,19,0.202687,1.24686,24,0.200714,1.21509,43,0.207737,1.24667,54,0.194669,1.27495,55,0.202627,1.25718,55,0.208093,1.27008,51,0.204588,1.23804
5492302671872,5492291717000,5492291717000,5492302662168,73729,10.9452,5492315221298,23.5043,0,26038,101851,0,0,1,0,0,0.008016,500,500,398,0.796,2.67413,5.00937,0.808857,0.269835,0.749863,5.8902,0.00176345,0.0108155,0.186239,0.0964936,1,1.34924,-0.219991,0.219991,1.34924,1,1,0.189629,1.34538,0.0303622,0.00386134,0,0,0,0,0,0,0,0,0,0,0,0,0,0,0,0,0,0,0,0,0,0,0,255,0.22,4.94283,0.22,0.188653,1.16409,1,1,1,1,0,1,1,-0.304444,-3.20248,0.132313,0.161657,-0.0511061,0.0294832,4.17497,25437,1,367,4.11964,6360,0,0.000884653,0.0137086,0.00859297,0,0,0,1,398,0.225,0.00149393,0.00916298,0.00206167,-0.000336135,0.0019485,-0.000752865,0.34632,0.0734194,0.0111898,3.68189e-05,-0.207103,7.88226e-05,0.017376,-0.109241,3.92681,3,0,0,0,0,0,-1,1,-9.0462e-07,-3.41779e-06,-0.205822,0,4.40579,1,1010,1010,1010,1010,0,0,0,0,13.2476,35,0.225684,1.36323,9,0.134032,1.07534,31,0.214778,1.25491,50,0.22577,1.3122,54,0.215322,1.36762,55,0.177449,1.41423,56,0.238663,1.39293,56,0.218932,1.40975,52,0.197538,1.35251
5492315737895,5492303695000,5492303695000,5492315726062,73729,12.0311,5492328573879,24.8789,0,26038,101852,0,0,1,0,0,0.011978,500,500,374,0.748,2.65052,4.80553,0.977822,0.248021,0.711533,5.44054,0.00155189,0.00995541,0.104194,0.0706642,1,0.831141,-0.129561,0.129561,0.831141,1,1,0.103343,0.827726,0.0262183,0.00341575,0,0,0,0,0,0,0,0,0,0,0,0,0,0,0,0,0,0,0,0,0,0,0,255,0.22,7.28905,0.22,0.109567,0.695334,1,1,1,1,1,1,1,-0.304444,-3.20248,0.132313,0.161657,-0.0511061,0.0294832,17.5495,25437,1,367,17.4939,6360,0,0.000884653,0.0137086,0.00859297,0,0,0,1,374,0.225,0.00131417,0.00843305,0.00189744,-0.000295687,0.00179609,-0.000679513,0.348116,0.0727399,0.0111898,3.68189e-05,-0.207103,-0.00803377,0.0153709,-0.100813,17.2833,0,0,0,0,0,0,-1,1,-9.0462e-07,-3.41779e-06,-0.205822,0,17.7755,1,1010,1010,1010,1010,0,0,0,0,26.6174,26,0.0831992,0.89864,2,0,0,22,0.11999,0.839047,51,0.150509,0.786029,55,0.123911,0.8399,55,0.125327,0.861545,56,0.151637,0.857485,55,0.134579,0.835747,52,0.120837,0.842195
5492329185476,5492319742000,5492319742000,5492329177921,73729,9.43592,5492341577846,21.8358,1,26039,101853,0,0,1,0,0,0.016047,500,499,275,0.551102,2.68782,5.19561,1.12401,0.200131,1.56827,10.7582,0.00335846,0.020091,0.113053,-0.0172353,1,1.25201,-0.209289,0.209289,1.25201,1,1,0.182667,1.24615,0.0266215,0.00585803,0,0,0,0,0,0,0,0,0,0,0,0,0,0,0,0,0,0,0,0,0,0,0,255,0.22,1.01884,0.22,0.181031,1.04666,1,1,1,1,0,1,1,-0.304444,-3.20248,0.132313,0.161657,-0.0511061,0.0294832,30.5322,25437,1,367,30.4768,6360,0,0.000884653,0.0137086,0.00859297,0,0,0,1,275,0.225,0.00284713,0.0170188,0.00382923,-0.000640605,0.00361448,-0.00141734,0.351731,0.0713226,0.011415,0.000240292,-0.207954,0.00649741,0.0263611,-0.0906396,12.8107,1,0,0,0,0,0,-1,1,-9.0462e-07,-3.41779e-06,-0.205822,0,30.7305,1,1010,1010,1010,1010,0,0,0,0,39.5723,21,0.197711,1.30565,2,0,0,24,0.227164,1.21216,29,0.234392,1.21982,41,0.200001,1.23909,49,0.21013,1.27102,9,0.21124,1.29072,53,0.212237,1.26025,47,0.206846,1.26348
5492342087813,5492331707000,5492331707000,5492342074869,73729,10.3679,5492354269033,22.562,0,26039,101854,0,0,1,0,0,0.011965,500,500,433,0.866,2.6688,4.39709,0.715135,0.285539,0.421722,4.70151,0.000838441,0.00858017,0.0362255,0.0571866,1,0.717106,-0.0700744,0.0700744,0.717106,1,1,0.0492433,0.713762,0.0208311,0.00334361,0,0,0,0,0,0,0,0,0,0,0,0,0,0,0,0,0,0,0,0,0,0,0,255,0.22,3.77999,0.22,0.0667972,0.598095,1,1,1,1,0,1,1,-0.304444,-3.20248,0.132313,0.161657,-0.0511061,0.0294832,43.2221,25437,1,367,43.1667,6360,0,0.000884653,0.0137086,0.00859297,0,0,0,1,433,0.225,0.000709613,0.00726953,0.00163564,-0.000159663,0.00156673,-0.000496153,0.353298,0.0708264,0.0112236,0.000371287,-0.209388,-0.00392314,0.0150463,-0.0781306,12.4359,2,0,0,0,0,0,-1,1,-9.04621e-07,-3.41779e-06,-0.209628,0,0.207649,1,1010,1010,1010,1010,0,0,0,0,0.211001,39,0.0527962,0.752427,27,0.00272039,0.56676,44,0.0615383,0.714432,56,0.092027,0.696451,56,0.081068,0.727948,56,0.0638153,0.751456,56,0.0931135,0.741038,56,0.0696048,0.744913,43,0.0570139,0.752259
5492354804186,5492339723000,5492339723000,5492354792334,73729,15.0693,5492367534039,27.811,0,26039,101855,0,0,1,0,0,0.008016,500,500,440,0.88,2.68078,4.58592,0.731542,0.287076,0.572319,4.52296,0.00119369,0.0081779,0.0821605,0.0818228,1,1.0202,-0.148913,0.148913,1.0202,1,1,0.130284,1.01791,0.018629,0.0022853,0,0,0,0,0,0,0,0,0,0,0,0,0,0,0,0,0,0,0,0,0,0,0,255,0.22,6.11166,0.22,0.12932,0.867692,1,1,1,1,0,1,1,-0.297525,-3.20478,0.132247,0.124933,-0.0392909,0.0276598,13.2338,25438,1,367,56.4404,6360,0,0.000884653,0.0137086,0.00859297,0,0,0,1,440,0.225,0.00101121,0.00692908,0.00155904,-0.000227522,0.0014777,-0.000546603,0.354775,0.0702798,0.0112236,0.000371287,-0.209388,-0.00799521,0.0102839,-0.0734605,25.7,0,0,0,0,0,0,-1,1,-9.04621e-07,-3.41779e-06,-0.209628,0,13.4772,1,1010,1010,1010,1010,0,0,0,0,13.4805,46,0.150068,1.04255,21,0.0359802,0.745555,45,0.126863,1.04373,54,0.165817,1.01348,55,0.148714,1.02109,56,0.140797,1.05573,56,0.170768,1.0704,55,0.152724,1.05058,52,0.133688,1.0614
5492368111636,5492359733000,5492359733000,5492368104044,73729,8.37104,5492381005251,21.2723,1,26040,101856,0,0,1,0,0,0.02001,500,500,386,0.772,2.67069,5.0362,0.909822,0.264131,0.91658,8.50548,0.0019411,0.0156756,0.0619843,0.0271405,1,0.783388,-0.0970064,0.0970064,0.783388,1,1,0.0841336,0.780626,0.0128727,0.00276159,0,0,0,0,0,0,0,0,0,0,0,0,0,0,0,0,0,0,0,0,0,0,0,255,0.22,-0.623801,0.22,0.0910877,0.65757,1,1,1,1,1,1,1,-0.297525,-3.20478,0.132247,0.124933,-0.0392909,0.0276598,26.6984,25438,1,367,69.905,6360,0,0.000884653,0.0137086,0.00859297,0,0,0,1,386,0.225,0.00164358,0.0132808,0.00298819,-0.000369805,0.00284525,-0.000985168,0.357621,0.0692946,0.0110968,0.000543552,-0.210208,-0.0060066,0.0124271,-0.0511471,13.2139,2,0,0,0,0,0,-1,1,-9.04621e-07,-3.41779e-06,-0.209628,0,26.9313,1,1010,1010,1010,1010,0,0,0,0,26.9347,31,0.0946523,0.809451,7,0.177164,0.709068,41,0.0894681,0.784462,47,0.12596,0.748152,46,0.0888559,0.77634,52,0.0877751,0.788818,56,0.104419,0.806868,54,0.106143,0.805349,52,0.0917344,0.799815
5492381613848,5492371712000,5492371712000,5492381603903,73729,9.8919,5492394776149,23.0641,0,26040,101857,0,0,1,0,0,0.011979,500,500,441,0.882,2.67763,4.33064,0.73495,0.287872,0.313141,3.72601,0.0006257,0.00666797,0.0303345,0.0663871,1,0.556638,-0.0522331,0.0522331,0.556638,1,1,0.0493473,0.555446,0.00288574,0.00119199,0,0,0,0,0,0,0,0,0,0,0,0,0,0,0,0,0,0,0,0,0,0,0,255,0.22,2.74022,0.22,0.0544062,0.47719,1,1,1,1,0,1,1,-0.297525,-3.20478,0.132247,0.124933,-0.0392909,0.0276598,40.4699,25438,1,367,83.6766,6360,0,0.000884653,0.0137086,0.00859297,0,0,0,1,441,0.225,0.000529762,0.00565019,0.00127129,-0.000119196,0.00121836,-0.000382086,0.358839,0.0689125,0.0109725,0.000683384,-0.210412,-0.00988919,0.00536395,-0.0183,13.5089,2,0,0,0,0,0,-1,1,-9.04621e-07,-3.41779e-06,-0.209628,0,40.7131,1,1010,1010,1010,1010,0,0,0,0,40.7165,46,0.058877,0.546358,15,0.0749366,0.403195,49,0.02922,0.565489,55,0.0739324,0.574815,56,0.05592,0.554374,56,0.035396,0.575062,56,0.078252,0.583004,56,0.0611021,0.576762,52,0.0450282,0.580401
5492395320876,5492379761000,5492379761000,5492395309339,73729,15.5483,5492408036822,28.2758,0,26040,101858,0,0,1,0,0,0.008049,500,500,457,0.914,2.64546,4.89737,0.944896,0.300576,0.513428,3.5607,0.00100432,0.00630064,0.0433341,0.0748918,1,0.782785,-0.124775,0.124775,0.782785,1,1,0.12315,0.780749,0.00162575,0.00203603,0,0,0,0,0,0,0,0,0,0,0,0,0,0,0,0,0,0,0,0,0,0,0,255,0.22,5.85067,0.22,0.11995,0.687915,1,1,1,1,0,1,1,-0.292359,-3.20677,0.132196,0.0828143,-0.0319557,0.0268456,2.18687,25439,1,367,96.9309,6360,0,0.000884653,0.0137086,0.00859297,0,0,0,1,457,0.225,0.000850922,0.00533893,0.00120126,-0.000191458,0.00113467,-0.000438408,0.359974,0.0684741,0.0108644,0.0006721,-0.210664,-0.000805971,0.00916215,-0.00649749,1.96088,2,0,0,0,0,0,-1,1,-9.04621e-07,-3.41779e-06,-0.210424,0,2.44937,1,1010,1010,1010,1010,0,0,0,0,2.4537,48,0.149751,0.736499,24,0.0238783,0.61102,53,0.0843863,0.813289,56,0.159548,0.79548,56,0.131982,0.834947,56,0.109977,0.813155,56,0.151623,0.843089,56,0.135643,0.825844,52,0.112214,0.819082
5492408595308,5492399731000,5492399731000,5492408587771,73729,8.85677,5492421157994,21.427,1,26041,101859,0,0,1,0,0,0.01997,500,500,395,0.79,2.6848,4.76233,0.726765,0.264576,0.889618,6.13599,0.00188548,0.0110534,0.0553834,0.0570464,1,0.553502,-0.0944154,0.0944154,0.553502,1,1,0.0924987,0.552567,0.00191673,0.000935072,0,0,0,0,0,0,0,0,0,0,0,0,0,0,0,0,0,0,0,0,0,0,0,255,0.22,-0.714468,0.22,0.0792649,0.475382,1,1,1,1,0,1,1,-0.292359,-3.20677,0.132196,0.0828143,-0.0319557,0.0268456,15.3133,25439,1,367,110.057,6360,0,0.000884653,0.0137086,0.00859297,0,0,0,1,395,0.225,0.00159683,0.00936479,0.00210708,-0.000359287,0.00198537,-0.000791932,0.361959,0.0676822,0.0108644,0.0006721,-0.210664,-0.00245412,0.00420782,-0.00886351,15.1138,0,0,0,0,0,0,-1,1,-9.04621e-07,-3.41779e-06,-0.210424,0,15.5417,1,1010,1010,1010,1010,0,0,0,0,15.546,26,0.0837208,0.470061,10,0.0935489,0.489911,41,0.0638675,0.563761,49,0.0971465,0.560015,52,0.0877766,0.565942,55,0.0801697,0.556136,54,0.118708,0.583717,56,0.0961267,0.57559,52,0.0818337,0.560676
5492421688090,5492411704000,5492411704000,5492421677961,73729,9.97396,5492435894270,24.1903,0,26041,101860,0,0,1,0,0,0.011973,500,500,496,0.992,2.67495,4.03471,0.79932,0.326762,0.406738,2.71369,0.000814268,0.00487879,0.0339827,0.0591192,1,0.407483,-0.0680087,0.0680087,0.407483,1,1,0.0619043,0.405508,0.00610444,0.0019749,0,0,0,0,0,0,0,0,0,0,0,0,0,0,0,0,0,0,0,0,0,0,0,255,0.22,2.22776,0.22,0.0573713,0.350837,1,1,1,1,1,1,1,-0.292359,-3.20677,0.132196,0.0828143,-0.0319557,0.0268456,30.0482,25439,1,367,124.792,6360,0,0.000884653,0.0137086,0.00859297,0,0,0,1,496,0.225,0.000689924,0.00413437,0.000930232,-0.000155233,0.000877005,-0.000346822,0.362836,0.0673354,0.0109709,0.000916949,-0.211246,-0.0018385,0.00888704,-0.0234468,14.4595,2,0,0,0,0,0,-1,1,-9.04621e-07,-3.41779e-06,-0.210424,0,30.3232,1,1010,1010,1010,1010,0,0,0,0,30.3275,55,0.0687654,0.392774,53,0.0588213,0.367377,56,0.0446585,0.417722,56,0.0761592,0.414317,56,0.0771935,0.435687,56,0.0511066,0.437099,56,0.0844935,0.421111,56,0.078961,0.415807,52,0.0644246,0.421122
5492436525090,5492419771000,5492419771000,5492436510053,73729,16.7391,5492448977997,29.207,0,26041,101861,0,0,1,0,0,0.008067,500,500,494,0.988,2.66741,4.29827,0.714727,0.319855,0.583786,2.40489,0.00107375,0.00430991,0.0305467,0.0606033,1,0.534264,-0.133104,0.133104,0.534264,1,1,0.123302,0.533187,0.00980202,0.00107721,0,0,0,0,0,0,0,0,0,0,0,0,0,0,0,0,0,0,0,0,0,0,0,255,0.22,6.84557,0.22,0.121399,0.465087,1,1,1,1,0,1,1,-0.292359,-3.20677,0.132196,0.0828143,-0.0319557,0.0268456,43.155,25439,1,367,137.899,6360,0,0.000884653,0.0137086,0.00859297,0,0,0,1,494,0.225,0.000910159,0.00365221,0.000821747,-0.000204786,0.000760426,-0.00037276,0.363596,0.0669626,0.0108912,0.000791593,-0.211556,0.00582397,0.00484746,-0.0306281,12.8483,1,0,0,0,0,0,-1,1,-9.04621e-07,-3.41779e-06,-0.210424,0,43.4188,1,1010,1010,1010,1010,0,0,0,0,43.4231,52,0.154431,0.528348,54,0.10822,0.467634,56,0.115321,0.548803,56,0.161909,0.547309,56,0.139065,0.565588,56,0.123942,0.565445,56,0.163087,0.55762,56,0.133791,0.551497,52,0.124745,0.558347
5492449592446,5492439756000,5492439756000,5492449580502,73729,9.8245,5492462697210,22.9412,1,26042,101862,0,0,1,0,0,0.019985,500,500,443,0.886,2.707,4.92659,0.835302,0.289261,0.600098,3.75739,0.0011763,0.00655077,0.0441961,0.0813122,1,0.327785,-0.0588591,0.0588591,0.327785,1,1,0.0503101,0.326671,0.00854902,0.00111318,0,0,0,0,0,0,0,0,0,0,0,0,0,0,0,0,0,0,0,0,0,0,0,255,0.22,-0.298021,0.22,0.0494023,0.286583,1,1,1,1,0,1,1,-0.289115,-3.20823,0.131819,0.047318,-0.014938,0.0244659,2.32033,25440,1,367,151.59,6360,0,0.000884653,0.0137086,0.00859297,0,0,0,1,443,0.225,0.000996255,0.00554982,0.00124871,-0.000224157,0.00117354,-0.000481974,0.36477,0.0664806,0.0110706,0.00105614,-0.212086,0.00319642,0.0050093,-0.0282193,2.11276,2,0,0,0,0,0,-1,1,-9.0462e-07,-3.41779e-06,-0.211842,0,2.56881,1,1010,1010,1010,1010,0,0,0,0,2.57322,34,0.0413616,0.306555,43,0.0373098,0.262324,47,0.0378814,0.35276,48,0.0741557,0.340783,56,0.0594456,0.350875,56,0.0539815,0.351073,51,0.087146,0.338801,56,0.0682226,0.33573,52,0.0524848,0.332574
5492463221492,5492451707000,5492451707000,5492463208362,73729,11.5014,5492478846756,27.1398,0,26042,101863,0,0,1,0,0,0.011951,500,500,475,0.95,2.6408,4.03868,0.794617,0.314502,0.374329,1.73456,0.000692561,0.00303264,0.00877801,0.0466159,1,0.253756,-0.05795,0.05795,0.253756,1,1,0.0511676,0.250269,0.00678244,0.00348725,0,0,0,0,0,0,0,0,0,0,0,0,0,0,0,0,0,0,0,0,0,0,0,255,0.22,3.15165,0.22,0.0531875,0.227894,1,1,1,1,0,1,1,-0.289115,-3.20823,0.131819,0.047318,-0.014938,0.0244659,18.4741,25440,1,367,167.744,6360,0,0.000884653,0.0137086,0.00859297,0,0,0,1,475,0.225,0.000586953,0.00256997,0.000578244,-0.000132064,0.000537452,-0.000250894,0.365307,0.0662298,0.0110345,0.00105973,-0.212228,0.00733772,0.0156926,-0.0185466,15.9219,1,0,0,0,0,0,-1,1,-9.0462e-07,-3.41779e-06,-0.211842,0,18.727,1,1010,1010,1010,1010,0,0,0,0,18.7314,56,0.0860013,0.255132,56,0.0352244,0.172848,56,0.0420837,0.265874,56,0.0719455,0.272555,56,0.0591795,0.26865,56,0.0499949,0.280551,56,0.0748148,0.266253,56,0.0582298,0.271856,27,0.0549939,0.269214
5492479349982,5492459729000,5492459729000,5492479339093,73729,19.6101,5492491220756,31.4918,0,26042,101864,0,0,1,0,0,0.008022,500,500,483,0.966,2.67076,3.87971,0.70332,0.314132,0.0835876,1.4024,0.000179125,0.00244012,0.0359433,0.0756773,1,0.304178,-0.0223292,0.0223292,0.304178,1,1,0.0213199,0.303519,0.00100929,0.000659169,0,0,0,0,0,0,0,0,0,0,0,0,0,0,0,0,0,0,0,0,0,0,0,255,0.22,8.55577,0.22,0.0116229,0.2648,1,1,1,1,1,1,1,-0.289115,-3.20823,0.131819,0.047318,-0.014938,0.0244659,30.8493,25440,1,367,180.119,6360,0,0.000884653,0.0137086,0.00859297,0,0,0,1,483,0.225,0.000151568,0.00206751,0.000465189,-3.41029e-05,0.000447542,-0.000131413,0.365755,0.0660983,0.0108233,0.00114766,-0.21243,-0.0092332,0.00296626,-0.01102,10.6875,2,0,0,0,0,0,-1,1,-9.0462e-07,-3.41779e-06,-0.211842,0,31.113,1,1010,1010,1010,1010,0,0,0,0,31.1174,56,0.0213212,0.297105,56,0.0303113,0.226729,39,0.00416397,0.316247,56,0.0517461,0.331034,56,0.0228383,0.323166,56,0.00817113,0.338912,56,0.0456982,0.314737,56,0.0292969,0.3158,52,0.0107319,0.313759
5492491855168,5492479728000,5492479728000,5492491844723,73729,12.1167,5492504669615,24.9416,1,26043,101865,0,0,1,0,0,0.019999,500,500,461,0.922,2.66656,4.50266,0.730784,0.30904,-0.105072,2.10522,-0.000168362,0.00372491,0.00860774,0.0234809,1,0.186255,0.00841854,-0.00841854,0.186255,1,1,-0.00963406,0.183946,0.00121552,0.00230885,0,0,0,0,0,0,0,0,0,0,0,0,0,0,0,0,0,0,0,0,0,0,0,255,0.22,1.38784,0.22,-0.0079169,0.154946,1,1,1,1,0,1,1,-0.287757,-3.20885,0.13139,0.00573727,-0.00569815,0.0225238,0.029907,25441,1,367,193.56,6360,0,0.000884653,0.0137086,0.00859297,0,0,0,1,461,0.225,-0.000143403,0.00315646,0.000710202,3.22656e-05,0.000701029,-0.000118266,0.366456,0.0659801,0.0107654,0.0012295,-0.212527,-0.00540317,0.0103898,-0.00869842,13.1913,1,0,0,0,0,0,-1,1,-9.04621e-07,-3.41779e-06,-0.212388,0,0.277094,1,1010,1010,1010,1010,0,0,0,0,0.280928,46,0.00948606,0.189647,39,-0.0332816,0.120848,56,-0.0152794,0.19761,55,-0.00760296,0.190847,56,-0.00650378,0.190494,56,-0.0127861,0.199763,56,-0.00230435,0.197702,56,-0.00658171,0.194401,41,-0.0136973,0.195737
5492505195582,5492491717000,5492491717000,5492505182378,73729,13.4654,5492518873406,27.1564,0,26043,101866,0,0,1,0,0,0.011989,500,500,500,1,2.68002,4.05429,0.670801,0.326762,0.0152969,0.682068,6.13741e-05,0.00121918,0.0166623,0.0129399,1,0.101691,-0.0051192,0.0051192,0.101691,1,1,0.00542619,0.101562,-0.000306997,0.000129274,0,0,0,0,0,0,0,0,0,0,0,0,0,0,0,0,0,0,0,0,0,0,0,255,0.22,4.59718,0.22,0.0137522,0.0848948,1,1,1,1,0,1,1,-0.287757,-3.20885,0.13139,0.00573727,-0.00569815,0.0225238,14.2513,25441,1,367,207.782,6360,0,0.000884653,0.0137086,0.00859297,0,0,0,1,500,0.225,5.18156e-05,0.00103313,0.000232453,-1.16585e-05,0.000224759,-6.04482e-05,0.366681,0.0659196,0.0105569,0.00108721,-0.212621,-0.012639,0.000581732,-0.00900604,13.6917,1,0,0,0,0,0,-1,1,-9.04621e-07,-3.41779e-06,-0.212388,0,14.5299,1,1010,1010,1010,1010,0,0,0,0,14.5338,56,0.00277575,0.0964327,56,0.0134977,0.0722815,56,-0.00120241,0.104904,56,0.00839152,0.10712,56,0.0052285,0.103659,56,-0.00260148,0.107268,56,0.0120653,0.106522,56,0.00424858,0.108021,52,0.000794954,0.106326
5492519468429,5492511713000,5492511713000,5492519461355,73729,7.74835,5492531640927,19.9279,1,26044,101867,0,0,1,0,0,0.019996,500,500,500,1,2.64526,3.57899,0.643913,0.319003,-0.0459137,0.0867615,-0.00012563,0.000133948,-0.00214317,0.0100141,1,0.00669872,0.00628278,-0.00628278,0.00669872,1,1,-0.00574259,0.00924959,-0.00054018,-0.00255086,0,0,0,0,0,0,0,0,0,0,0,0,0,0,0,0,0,0,0,0,0,0,0,255,0.22,7.81656,0.22,0.00604266,0.000595658,1,1,1,1,0,1,1,-0.287757,-3.20885,0.13139,0.00573727,-0.00569815,0.0225238,27.0113,25441,1,367,12.7183,6361,0,0.000884653,0.0133505,0.00888241,0,0,0,1,500,0.225,-0.000106617,0.00011343,2.55217e-05,2.39888e-05,3.00103e-05,1.80595e-05,0.366711,0.0659377,0.0105177,0.000964575,-0.212689,-0.0130748,-0.0114789,-0.00851519,12.483,1,0,0,0,0,0,-1,1,-9.04621e-07,-3.41779e-06,-0.212388,0,27.281,1,1010,1010,1010,1010,0,0,0,0,27.2848,56,-0.0130741,0.00762087,56,-0.00354096,0.00605479,56,-0.00669974,0.00601914,56,-0.00194956,0.00345503,56,-0.00263972,0.00867017,56,-0.00632167,0.0100908,56,-0.0032372,0.00325496,56,-0.00331299,0.00872836,52,-0.00933229,0.00709624
5492532232690,5492519726000,5492519726000,5492532219857,73729,12.4939,5492544115742,24.3897,0,26044,101868,0,0,1,0,0,0.008013,500,500,500,1,2.63433,3.64845,0.627801,0.320688,0.236473,-0.372559,0.00043518,-0.000639289,0.006737,-0.0329004,1,-0.0797815,-0.0543092,0.0543092,-0.0797815,1,1,0.0516365,-0.0767053,0.00267278,-0.00307623,0,0,0,0,0,0,0,0,0,0,0,0,0,0,0,0,0,0,0,0,0,0,0,255,0.22,1.18597,0.22,0.0604201,-0.0631313,1,1,1,1,1,1,1,-0.287757,-3.20885,0.13139,0.00573727,-0.00569815,0.0225238,39.4843,25441,1,367,25.1913,6361,0,0.000884653,0.0133505,0.00888241,0,0,0,1,500,0.225,0.000369292,-0.000541687,-0.00012188,-8.30907e-05,-0.000136669,-5.54937e-05,0.366574,0.0658822,0.0109014,0.000707731,-0.212632,0.0101041,-0.013843,-0.00153874,12.1759,2,0,0,0,0,0,-1,1,-9.04621e-07,-3.41779e-06,-0.212388,0,39.7515,1,1010,1010,1010,1010,0,0,0,0,39.7554,56,0.0588651,-0.0799254,56,0.0277032,-0.0658081,56,0.0734072,-0.0848595,56,0.0477519,-0.0897704,56,0.047386,-0.0903268,56,0.0631414,-0.0801555,56,0.0576312,-0.0861977,56,0.0523233,-0.0828929,52,0.0620653,-0.0818212
5492544732746,5492527745000,5492527745000,5492544718394,73729,16.9734,5492558267180,30.5222,0,26044,101869,0,0,1,0,0,0.008019,500,500,500,1,2.66752,3.99966,0.793617,0.325669,0.241409,-0.626114,0.000443542,-0.00109751,-0.00929287,-0.0310348,1,-0.136863,-0.0553113,0.0553113,-0.136863,1,1,0.0528011,-0.133705,0.00251028,-0.00315782,0,0,0,0,0,0,0,0,0,0,0,0,0,0,0,0,0,0,0,0,0,0,0,255,0.22,3.55597,0.22,0.05184,-0.110064,1,1,1,1,0,1,1,-0.287757,-3.20885,0.13139,0.00573727,-0.00569815,0.0225238,53.6331,25441,1,367,39.3401,6361,0,0.000884653,0.0133505,0.00888241,0,0,0,1,500,0.225,0.000376328,-0.000930032,-0.000209257,-8.46738e-05,-0.000222407,-3.86374e-05,0.366352,0.0658436,0.0111786,0.000629878,-0.21247,0.0231911,-0.0142102,0.00951587,13.9118,1,0,0,0,0,0,-1,1,-9.0462e-07,-3.41779e-06,-0.211971,0,0.24815,1,1010,1010,1010,1010,0,0,0,0,0.252095,56,0.0521035,-0.129651,56,0.0589968,-0.0786539,56,0.0650367,-0.14212,56,0.0403285,-0.143714,56,0.0710889,-0.147591,56,0.0628851,-0.156035,56,0.0423721,-0.144121,56,0.0525223,-0.146228,52,0.0594736,-0.143404
5492558834703,5492547735000,5492547735000,5492558825981,73729,11.091,5492571682502,23.9475,1,26045,101870,0,0,1,0,0,0.01999,500,500,499,0.998,2.67433,3.87094,0.843006,0.32228,0.22728,-1.31195,0.000299822,-0.0022806,-0.0287412,-0.0195362,1,-0.114087,-0.0149986,0.0149986,-0.114087,1,1,0.0145747,-0.112734,0.000423924,-0.00135359,0,0,0,0,0,0,0,0,0,0,0,0,0,0,0,0,0,0,0,0,0,0,0,255,0.22,6.68016,0.22,0.00118619,-0.0875678,1,1,1,1,0,1,1,-0.288512,-3.20905,0.13103,-0.0112397,0.00615091,0.0211023,13.4061,25442,1,367,52.7606,6361,0,0.000884653,0.0133505,0.00888241,0,0,0,1,499,0.225,0.000254861,-0.00193269,-0.000434855,-5.73436e-05,-0.000437177,3.55414e-05,0.365914,0.0658791,0.0113961,0.000660393,-0.212222,0.0259478,-0.00609117,0.0192321,13.1591,1,0,0,0,0,0,-1,1,-9.0462e-07,-3.41779e-06,-0.211971,0,13.6778,1,1010,1010,1010,1010,0,0,0,0,13.6818,56,0.0143315,-0.113514,55,0.011978,-0.0784832,56,0.0313718,-0.122241,56,0.0116235,-0.121557,56,0.0103148,-0.121939,56,0.0212777,-0.119292,56,0.00800645,-0.125252,56,0.0176384,-0.121824,52,0.0218025,-0.11835
5492572271136,5492559720000,5492559720000,5492572258766,73729,12.5388,5492585918423,26.1984,0,26045,101871,0,0,1,0,0,0.011985,500,500,500,1,2.65806,3.58403,0.72195,0.322929,-0.188705,-0.448624,-0.000380577,-0.000793741,-0.0225324,-0.00836695,1,-0.0662279,0.0317545,-0.0317545,-0.0662279,1,1,-0.0271799,-0.065963,-0.00457455,-0.000264865,0,0,0,0,0,0,0,0,0,0,0,0,0,0,0,0,0,0,0,0,0,0,0,255,0.22,0.583578,0.22,-0.0518922,-0.0483,1,1,1,1,0,1,1,-0.288512,-3.20905,0.13103,-0.0112397,0.00615091,0.0211023,27.641,25442,1,367,66.9956,6361,0,0.000884653,0.0133505,0.00888241,0,0,0,1,500,0.225,-0.000322617,-0.000672694,-0.000151356,7.25889e-05,-0.000132725,0.000102767,0.365782,0.0659819,0.0115012,0.000719368,-0.211704,0.0130133,-0.00119189,0.026879,13.9549,2,0,0,0,0,0,-1,1,-9.0462e-07,-3.41779e-06,-0.211971,0,27.906,1,1010,1010,1010,1010,0,0,0,0,27.91,56,-0.0372288,-0.0705016,56,-0.0377746,-0.0367876,56,-0.0274415,-0.0719682,56,-0.0339424,-0.0693495,56,-0.0301643,-0.0694123,56,-0.0308148,-0.0698214,56,-0.0301983,-0.0736118,56,-0.0402951,-0.0680263,52,-0.0302975,-0.0681823
5492586487761,5492567742000,5492567742000,5492586474742,73729,18.7327,5492598565443,30.8234,0,26045,101872,0,0,1,0,0,0.008022,500,500,494,0.988,2.67452,3.95638,0.601041,0.315854,-0.333916,-0.281548,-0.000634391,-0.000456168,-0.0262806,-0.037921,1,-0.0568646,0.0790814,-0.0790814,-0.0568646,1,1,-0.073024,-0.0583076,-0.00605738,0.00144301,0,0,0,0,0,0,0,0,0,0,0,0,0,0,0,0,0,0,0,0,0,0,0,255,0.22,4.73276,0.22,-0.0903728,-0.0505188,1,1,1,1,1,1,1,-0.288512,-3.20905,0.13103,-0.0112397,0.00615091,0.0211023,40.3073,25442,1,367,79.6619,6361,0,0.000884653,0.0133505,0.00888241,0,0,0,1,494,0.225,-0.00053795,-0.000386574,-8.69792e-05,0.000121039,-5.96226e-05,0.000136597,0.365722,0.0661185,0.0114673,0.000878828,-0.211571,-0.00111154,0.00649357,0.0209173,12.3797,1,0,0,0,0,0,-1,1,-9.0462e-07,-3.41779e-06,-0.211971,0,40.5781,1,1010,1010,1010,1010,0,0,0,0,40.5821,56,-0.0752864,-0.0526662,56,-0.0405506,-0.0304938,50,-0.0731621,-0.0688173,56,-0.0844682,-0.0712631,56,-0.0913898,-0.0650333,56,-0.0769363,-0.068642,56,-0.0884834,-0.0575831,56,-0.0889649,-0.056658,52,-0.0725017,-0.0612107
5492599241115,5492587741000,5492587741000,5492599232763,73729,11.4918,5492612519751,24.7788,1,26046,101873,0,0,1,0,0,0.019999,500,500,492,0.984,2.65785,4.30775,0.773024,0.340577,-0.785873,0.11084,-0.00136668,0.00014461,0.0108081,0.00826799,1,0.00723088,0.0683372,-0.0683372,0.00723088,1,1,-0.0659314,0.0054284,-0.00240584,0.00180248,0,0,0,0,0,0,0,0,0,0,0,0,0,0,0,0,0,0,0,0,0,0,0,255,0.22,7.15148,0.22,-0.0738711,0.0072735,1,1,1,1,0,1,1,-0.288787,-3.20879,0.130789,0.0111339,-0.000739682,0.0233324,6.18551,25443,1,367,93.5937,6361,0,0.000884653,0.0133505,0.00888241,0,0,0,1,492,0.225,-0.00115938,0.000122467,2.75551e-05,0.000260861,8.17866e-05,0.000249219,0.365804,0.0663677,0.0111609,0.00104236,-0.211838,-0.012006,0.00811117,-0.000943773,5.95882,2,0,0,0,0,0,-1,1,-9.0462e-07,-3.41779e-06,-0.211592,0,6.44381,1,1010,1010,1010,1010,0,0,0,0,6.44773,56,-0.0736285,0.0125086,54,-0.0483728,-0.00797644,52,-0.0778638,0.00723459,56,-0.0756368,0.0144795,56,-0.0734286,0.00996086,56,-0.0768496,0.00318519,56,-0.0714706,0.0155289,56,-0.0692075,0.00787158,50,-0.073015,0.0033561
5492613070625,5492599716000,5492599716000,5492613058810,73729,13.3428,5492626831598,27.1156,0,26046,101874,0,0,1,0,0,0.011975,500,500,477,0.954,2.64732,3.68471,0.701839,0.307039,-0.341156,0.233459,-0.000619117,0.000383276,0.0199763,0.0119588,1,0.0320063,0.0517008,-0.0517008,0.0320063,1,1,-0.055828,0.0304485,0.0041272,0.00155784,0,0,0,0,0,0,0,0,0,0,0,0,0,0,0,0,0,0,0,0,0,0,0,255,0.22,0.814784,0.22,-0.0421087,0.0220762,1,1,1,1,0,1,1,-0.288787,-3.20879,0.130789,0.0111339,-0.000739682,0.0233324,20.5003,25443,1,367,107.908,6361,0,0.000884653,0.0133505,0.00888241,0,0,0,1,477,0.225,-0.000525169,0.000324807,7.30815e-05,0.000118163,9.63295e-05,0.000100113,0.3659,0.0664678,0.0110627,0.00114877,-0.212209,-0.0163966,0.0070103,-0.0279752,14.0632,1,0,0,0,0,0,-1,1,-9.0462e-07,-3.41779e-06,-0.211592,0,20.7663,1,1010,1010,1010,1010,0,0,0,0,20.7702,33,-0.0454049,0.0233103,56,-0.0672431,0.0248923,56,-0.0537031,0.0388047,56,-0.0551576,0.0354729,56,-0.046144,0.0339321,56,-0.0455876,0.030974,56,-0.0481957,0.0349825,56,-0.0500458,0.036964,52,-0.0530881,0.0363948
5492627397954,5492607746000,5492607746000,5492627385009,73729,19.639,5492639626897,31.8809,0,26046,101875,0,0,1,0,0,0.00803,500,500,500,1,2.63587,3.9011,0.676209,0.319595,-0.0990143,0.390198,-0.000132203,0.000717271,0.0368564,0.00952777,1,0.0893239,0.0164636,-0.0164636,0.0893239,1,1,-0.0249056,0.0880995,0.00844197,0.00122446,0,0,0,0,0,0,0,0,0,0,0,0,0,0,0,0,0,0,0,0,0,0,0,255,0.22,5.06106,0.22,-0.00511486,0.0683433,1,1,1,1,0,1,1,-0.288787,-3.20879,0.130789,0.0111339,-0.000739682,0.0233324,33.3206,25443,1,367,120.729,6361,0,0.000884653,0.0133505,0.00888241,0,0,0,1,500,0.225,-0.000112338,0.00060778,0.000136751,2.52761e-05,0.000139005,-4.15212e-06,0.366039,0.0664636,0.0110083,0.00115633,-0.212621,-0.0113665,0.00551007,-0.0394843,12.5581,1,0,0,0,0,0,-1,1,-9.0462e-07,-3.41779e-06,-0.211592,0,33.5863,1,1010,1010,1010,1010,0,0,0,0,33.5902,56,-0.0321293,0.103872,56,0.0143654,0.084398,56,-0.0148239,0.0980638,56,-0.0153744,0.0878191,56,-0.0251712,0.094334,56,-0.0163505,0.0849034,56,-0.014923,0.0848261,56,-0.016915,0.0941478,52,-0.0173049,0.0799368
5492640242327,5492627736000,5492627736000,5492640234216,73729,12.4982,5492654712398,26.9764,1,26047,101876,0,0,1,0,0,0.01999,500,500,500,1,2.65391,3.67493,0.693561,0.324206,0.357521,0.519173,0.000770519,0.000944505,0.0384103,0.00878882,1,0.0472489,-0.0385452,0.0385452,0.0472489,1,1,0.0316016,0.0499931,0.00694361,-0.00274421,0,0,0,0,0,0,0,0,0,0,0,0,0,0,0,0,0,0,0,0,0,0,0,255,0.22,7.19583,0.22,0.0479838,0.0350993,1,1,1,1,1,1,1,-0.288787,-3.20879,0.130789,0.0111339,-0.000739682,0.0233324,48.3776,25443,1,367,135.786,6361,0,0.000884653,0.0133505,0.00888241,0,0,0,1,500,0.225,0.000653281,0.000800516,0.000180116,-0.000146988,0.000144952,-0.000181751,0.366184,0.0662819,0.0107776,0.000762094,-0.213123,-0.0118458,-0.012349,-0.0344736,13.3299,2,0,0,0,0,0,-1,1,-9.04621e-07,-3.41779e-06,-0.212778,0,0.228038,1,1010,1010,1010,1010,0,0,0,0,0.231983,56,0.0451938,0.0449942,56,0.0324306,0.0282458,56,0.0375267,0.0525272,56,0.0445158,0.0513993,56,0.0352267,0.0474197,56,0.0403137,0.05464,56,0.0418431,0.0508784,56,0.0430553,0.0481756,52,0.0387896,0.0529014
5492655301198,5492639723000,5492639723000,5492655286865,73729,15.5639,5492669339655,29.6167,0,26047,101877,0,0,1,0,0,0.011987,500,500,489,0.978,2.65219,4.42003,0.695302,0.310354,0.29245,0.0367126,0.000590952,5.24323e-05,0.0179274,0.00840972,1,0.00437409,-0.0492994,0.0492994,0.00437409,1,1,0.0441976,0.00853683,0.00510183,-0.00416273,0,0,0,0,0,0,0,0,0,0,0,0,0,0,0,0,0,0,0,0,0,0,0,255,0.22,2.51333,0.22,0.055378,0.00490501,1,1,1,1,0,1,1,-0.288721,-3.20935,0.13036,0.00126765,-0.0150609,0.0215228,14.5996,25444,1,367,150.423,6361,0,0.000884653,0.0133505,0.00888241,0,0,0,1,489,0.225,0.000501077,4.44961e-05,1.00116e-05,-0.000112742,-1.40609e-05,-0.000112302,0.36617,0.0661696,0.0107776,0.000762094,-0.213123,-0.0131412,-0.0187323,-0.0288796,27.9614,0,0,0,0,0,0,-1,1,-9.04621e-07,-3.41779e-06,-0.212778,0,14.8601,1,1010,1010,1010,1010,0,0,0,0,14.864,56,0.0474054,-0.00038872,56,0.0486245,0.0075543,45,0.0427497,0.00358959,56,0.0500006,0.00498115,56,0.0489938,0.00125654,56,0.0507961,0.00769001,56,0.0482497,-0.00170233,56,0.0517497,0.0143783,52,0.0457131,0.00326638
5492669894622,5492659724000,5492659724000,5492669885455,73729,10.1615,5492682500327,22.7763,1,26048,101878,0,0,1,0,0,0.020001,500,500,500,1,2.6807,3.76112,0.701413,0.321058,0.849976,0.0868301,0.00151138,0.00017601,-0.0141659,0.00228687,1,0.00880008,-0.0755651,0.0755651,0.00880008,1,1,0.0766775,0.0120415,-0.00111242,-0.00324138,0,0,0,0,0,0,0,0,0,0,0,0,0,0,0,0,0,0,0,0,0,0,0,255,0.22,6.59355,0.22,0.0792031,0.0238329,1,1,1,1,0,1,1,-0.288721,-3.20935,0.13036,0.00126765,-0.0150609,0.0215228,27.7541,25444,1,367,163.578,6361,0,0.000884653,0.0133505,0.00888241,0,0,0,1,500,0.225,0.00128205,0.000149143,3.35571e-05,-0.000288462,-2.80755e-05,-0.000289029,0.366142,0.0658806,0.0109877,0.000632489,-0.212644,0.00208226,-0.0145862,0.00567052,12.8698,2,0,0,0,0,0,-1,1,-9.04621e-07,-3.41779e-06,-0.212778,0,28.0187,1,1010,1010,1010,1010,0,0,0,0,28.0226,56,0.0729475,0.00268112,56,0.066551,0.0134514,56,0.0781104,0.00773654,56,0.0803298,0.0060964,56,0.0722267,0.0097311,56,0.0786772,0.010766,56,0.0829614,0.0079405,56,0.0787759,0.00723251,52,0.0770981,0.0108899
5492683076609,5492667735000,5492667735000,5492683064146,73729,15.3291,5492694872104,27.1371,0,26048,101879,0,0,1,0,0,0.008011,500,500,492,0.984,2.64787,3.55006,0.635338,0.32204,0.216759,-0.0437317,0.000316737,-4.95358e-05,-0.0718587,0.000159594,1,-0.00618348,-0.0395378,0.0395378,-0.00618348,1,1,0.053529,-0.00404343,-0.0139912,-0.00214005,0,0,0,0,0,0,0,0,0,0,0,0,0,0,0,0,0,0,0,0,0,0,0,255,0.22,-0.161334,0.22,0.0373511,0.00862591,1,1,1,1,0,1,1,-0.288721,-3.20935,0.13036,0.00126765,-0.0150609,0.0215228,40.1248,25444,1,367,175.948,6361,0,0.000884653,0.0133505,0.00888241,0,0,0,1,492,0.225,0.000268751,-4.19661e-05,-9.44238e-06,-6.0469e-05,-2.19215e-05,-5.71374e-05,0.36612,0.0658234,0.0109176,0.000440629,-0.211429,0.00340177,-0.00963023,0.0530898,12.0975,2,0,0,0,0,0,-1,1,-9.04621e-07,-3.41779e-06,-0.212778,0,40.3863,1,1010,1010,1010,1010,0,0,0,0,40.3902,56,0.0248321,0.000342345,56,0.0310816,-0.0133487,48,0.0419474,-0.0045723,56,0.0515039,0.000334313,56,0.0573486,-0.00437772,56,0.0437271,-0.000944832,56,0.0343259,-0.00045937,56,0.0339543,-0.01222,52,0.0355542,-0.00653485
5492695439590,5492679716000,5492679716000,5492695427978,73729,15.712,5492708571761,28.8558,0,26048,101880,0,0,1,0,0,0.011981,500,500,481,0.962,2.64321,4.07601,0.634708,0.344188,-0.0114746,-0.107147,-0.000113135,-0.000200762,-0.0471882,0.00427215,1,-0.0167567,0.00944289,-0.00944289,-0.0167567,1,1,0.00597894,-0.0166059,-0.0154218,-0.00015079,0,0,0,0,0,0,0,0,0,0,0,0,0,0,0,0,0,0,0,0,0,0,0,255,0.22,2.07811,0.22,-0.0135511,-0.00325018,1,1,1,1,1,1,1,-0.288853,-3.20962,0.129905,0.00163137,0.00527788,0.0227523,1.0488,25445,1,367,1.01391,6362,0,0.000884653,0.0129141,0.00956265,0,0,0,1,481,0.225,-9.57715e-05,-0.000170134,-3.82801e-05,2.15486e-05,-3.29301e-05,2.90731e-05,0.366087,0.0658525,0.0109379,0.000563551,-0.210588,-0.000751496,-0.000678553,0.0549174,0.832709,2,0,0,0,0,0,-1,1,-9.04621e-07,-3.41779e-06,-0.210347,0,1.31069,1,1010,1010,1010,1010,0,0,0,0,1.31507,56,-0.000610717,-0.016232,56,-0.0172464,-0.0229264,56,-0.00866493,-0.0145535,55,-0.00270016,-0.0191528,56,-0.00645246,-0.0112813,56,-0.0127626,-0.0157838,39,-0.00697644,-0.0203265,56,-0.011705,-0.0131847,51,-0.00780846,-0.0133066
5492709168377,5492699719000,5492699719000,5492709157877,73729,9.43888,5492722652885,22.9339,1,26049,101881,0,0,1,0,0,0.020003,500,500,464,0.928,2.67767,3.71212,0.652283,0.304799,-0.295433,-0.0225983,-0.000628162,-1.1408e-05,-0.0415908,-0.000905603,1,-0.000570315,0.0314034,-0.0314034,-0.000570315,1,1,-0.0181256,-0.00138929,-0.0132778,0.000818971,0,0,0,0,0,0,0,0,0,0,0,0,0,0,0,0,0,0,0,0,0,0,0,255,0.22,5.67528,0.22,-0.0298939,0.00823118,1,1,1,1,0,1,1,-0.288853,-3.20962,0.129905,0.00163137,0.00527788,0.0227523,15.1386,25445,1,367,15.1037,6362,0,0.000884653,0.0129141,0.00956265,0,0,0,1,464,0.225,-0.000532586,-9.70406e-06,-2.18341e-06,0.000119832,2.29131e-05,0.000117634,0.36611,0.0659701,0.0109379,0.000563551,-0.210588,0.00053011,0.00368537,0.0482241,14.9161,0,0,0,0,0,0,-1,1,-9.04621e-07,-3.41779e-06,-0.210347,0,15.3897,1,1010,1010,1010,1010,0,0,0,0,15.3941,56,-0.0333476,-0.00300286,56,-0.0249128,-0.00124707,56,-0.037889,-0.00281914,56,-0.0321754,-0.000972493,56,-0.0348577,0.00226202,56,-0.0329909,-0.00450017,29,-0.0363342,0.00718829,51,-0.0312632,0.00310043,48,-0.0332901,-0.00270349
5492723206704,5492707739000,5492707739000,5492723192481,73729,15.4535,5492735137737,27.3987,0,26049,101882,0,0,1,0,0,0.00802,500,500,500,1,2.63135,3.70992,0.64769,0.32604,-0.266655,0.0301361,-0.000529419,7.77171e-05,-0.0216789,-0.00253253,1,0.00969042,0.0660124,-0.0660124,0.00969042,1,1,-0.0642794,0.00777659,-0.00173297,0.00191383,0,0,0,0,0,0,0,0,0,0,0,0,0,0,0,0,0,0,0,0,0,0,0,255,0.22,-0.583171,0.22,-0.0593598,0.00724354,1,1,1,1,0,1,1,-0.288853,-3.20962,0.129905,0.00163137,0.00527788,0.0227523,27.6226,25445,1,367,27.5877,6362,0,0.000884653,0.0129141,0.00956265,0,0,0,1,500,0.225,-0.000449004,6.58239e-05,1.48104e-05,0.000101026,3.56312e-05,9.56807e-05,0.366146,0.0660658,0.0109813,0.000760222,-0.210907,-0.000256761,0.00861222,0.00603328,12.2138,2,0,0,0,0,0,-1,1,-9.04621e-07,-3.41779e-06,-0.210347,0,27.8981,1,1010,1010,1010,1010,0,0,0,0,27.9025,56,-0.0715607,0.0240835,56,-0.0391095,0.0109867,56,-0.0596433,0.0116767,56,-0.0713713,0.00616643,56,-0.073787,0.000238902,56,-0.0633994,0.0046911,56,-0.0648062,-0.00290468,56,-0.0684077,0.00759054,52,-0.0613687,0.0114163
5492735724611,5492719718000,5492719718000,5492735710093,73729,15.9921,5492748966691,29.2487,0,26049,101883,0,0,1,0,0,0.011979,500,500,488,0.976,2.64289,4.03834,0.675635,0.314354,-0.22522,0.0441284,-0.000379457,7.10414e-05,0.0157608,-0.00334062,1,0.00593049,0.0316768,-0.0316768,0.00593049,1,1,-0.0435458,0.00286907,0.011869,0.00306143,0,0,0,0,0,0,0,0,0,0,0,0,0,0,0,0,0,0,0,0,0,0,0,255,0.22,1.77836,0.22,-0.0317708,9.42389e-05,1,1,1,1,0,1,1,-0.288853,-3.20962,0.129905,0.00163137,0.00527788,0.0227523,41.462,25445,1,367,41.4272,6362,0,0.000884653,0.0129141,0.00956265,0,0,0,1,488,0.225,-0.000321812,6.02029e-05,1.35457e-05,7.24077e-05,2.8439e-05,6.79482e-05,0.366174,0.0661338,0.0110472,0.000872444,-0.211429,0.00548633,0.0137764,-0.0383392,13.5948,1,0,0,0,0,0,-1,1,-9.04621e-07,-3.41779e-06,-0.210347,0,41.726,1,1010,1010,1010,1010,0,0,0,0,41.7304,56,-0.0201052,0.00880364,55,-0.0306197,-0.00586277,45,-0.0292777,0.00653805,56,-0.0256698,0.0122715,56,-0.0377369,0.00747998,56,-0.0286405,-9.9162e-05,56,-0.0414742,0.00982735,56,-0.0385769,0.00825355,52,-0.0326704,0.00529996
5492749542251,5492739724000,5492739724000,5492749534788,73729,9.81079,5492763780487,24.0565,1,26050,101884,0,0,1,0,0,0.020006,500,500,500,1,2.68935,4.13907,0.706968,0.323003,-0.21772,-0.0671692,-0.000275651,-0.000120551,0.0492889,-0.00347707,1,-0.00602576,0.0137784,-0.0137784,-0.00602576,1,1,-0.0300235,-0.00688822,0.0162451,0.000862457,0,0,0,0,0,0,0,0,0,0,0,0,0,0,0,0,0,0,0,0,0,0,0,255,0.22,5.46023,0.22,-0.0180164,-0.0163178,1,1,1,1,1,1,1,-0.289181,-3.20928,0.129681,-0.00693314,0.00203141,0.0209065,3.61464,25446,1,367,56.2266,6362,0,0.000884653,0.0129141,0.00956265,0,0,0,1,500,0.225,-0.000234117,-0.000102128,-2.29788e-05,5.26763e-05,-1.13475e-05,5.63356e-05,0.366163,0.0661901,0.0110694,0.000795679,-0.212589,0.000224381,0.00388106,-0.0583027,3.38606,2,0,0,0,0,0,-1,1,-9.04621e-07,-3.41779e-06,-0.212344,0,3.88944,1,1010,1010,1010,1010,0,0,0,0,3.89412,56,-0.0190195,-0.000567067,56,-0.0122486,-0.00870592,56,-0.0141494,-0.0072778,56,-0.018171,-0.00709516,56,-0.00627121,-0.00460086,56,-0.0136761,-0.00724541,56,-0.0124908,-0.00747234,56,-0.0155287,-0.00811843,52,-0.0149632,-0.00540647
5492764413455,5492755760000,5492755760000,5492764404325,73729,8.64433,5492777400218,21.6402,1,26051,101885,0,0,1,0,0,0.016036,500,500,500,1,2.642,3.65595,0.734635,0.323076,0.0314484,-0.343712,0.000215618,-0.000648943,0.0615978,-0.0103117,1,-0.0404679,-0.0134459,0.0134459,-0.0404679,1,1,-0.00212667,-0.0399154,0.0155725,-0.000552538,0,0,0,0,0,0,0,0,0,0,0,0,0,0,0,0,0,0,0,0,0,0,0,255,0.22,0.036408,0.22,0.00868028,-0.044818,1,1,1,1,0,1,1,-0.289181,-3.20928,0.129681,-0.00693314,0.00203141,0.0209065,17.2412,25446,1,367,69.8532,6362,0,0.000884653,0.0129141,0.00956265,0,0,0,1,500,0.225,0.00018272,-0.000549885,-0.000123724,-4.1112e-05,-0.000129618,-1.40288e-05,0.366033,0.0661761,0.0111858,0.000779772,-0.212978,0.00583742,-0.00248642,-0.0513911,13.3898,1,0,0,0,0,0,-1,1,-9.04621e-07,-3.41779e-06,-0.212344,0,17.504,1,1010,1010,1010,1010,0,0,0,0,17.5087,56,0.0188504,-0.0384721,56,0.0147881,-0.0229328,56,0.0191613,-0.0444814,56,0.00741587,-0.040286,56,0.00753046,-0.0405959,56,0.0195305,-0.0435276,56,0.00806369,-0.0453571,56,0.0109292,-0.0424507,52,0.0177829,-0.0480829
5492777926055,5492767728000,5492767728000,5492777915259,73729,10.1873,5492789574568,21.8466,0,26051,101886,0,0,1,0,0,0.011968,500,500,500,1,2.65982,3.76086,0.592115,0.317761,0.115295,-0.186234,0.000227232,-0.000332008,0.0115129,-0.00687462,1,-0.0277413,-0.0189866,0.0189866,-0.0277413,1,1,0.00813994,-0.0273033,0.0108467,-0.000437973,0,0,0,0,0,0,0,0,0,0,0,0,0,0,0,0,0,0,0,0,0,0,0,255,0.22,3.39521,0.22,0.0194371,-0.0241973,1,1,1,1,0,1,1,-0.289181,-3.20928,0.129681,-0.00693314,0.00203141,0.0209065,29.4374,25446,1,367,82.0493,6362,0,0.000884653,0.0129141,0.00956265,0,0,0,1,500,0.225,0.000192781,-0.000281335,-6.33003e-05,-4.33757e-05,-7.10427e-05,-2.9002e-05,0.365962,0.0661471,0.0112666,0.000751156,-0.213133,0.00873235,-0.00197088,-0.0320621,11.9247,1,0,0,0,0,0,-1,1,-9.04621e-07,-3.41779e-06,-0.212344,0,29.7066,1,1010,1010,1010,1010,0,0,0,0,29.7113,56,0.0156574,-0.0338085,56,0.00774548,-0.0284436,56,0.021811,-0.0259767,56,0.02886,-0.0280586,56,0.0201548,-0.0326512,56,0.0175883,-0.0239368,56,0.0160753,-0.031752,56,0.0235136,-0.0318545,52,0.0216563,-0.0229973
5492790160961,5492775748000,5492775748000,5492790147220,73729,14.3992,5492803177243,27.4292,0,26051,101887,0,0,1,0,0,0.00802,500,500,500,1,2.68263,3.63354,0.624023,0.321151,0.102386,-0.144318,0.000194663,-0.000273946,0.00498747,0.00318193,1,-0.0341579,-0.0242723,0.0242723,-0.0341579,1,1,0.0210556,-0.0335993,0.00321667,-0.000558615,0,0,0,0,0,0,0,0,0,0,0,0,0,0,0,0,0,0,0,0,0,0,0,255,0.22,4.92215,0.22,0.0184547,-0.0258655,1,1,1,1,0,1,1,-0.289181,-3.20928,0.129681,-0.00693314,0.00203141,0.0209065,43.0171,25446,1,367,95.6291,6362,0,0.000884653,0.0129141,0.00956265,0,0,0,1,500,0.225,0.000165105,-0.000232127,-5.22287e-05,-3.71485e-05,-5.89016e-05,-2.52646e-05,0.365903,0.0661218,0.0113237,0.000718884,-0.21302,0.00740164,-0.00251377,-0.00565868,13.3319,1,0,0,0,0,0,-1,1,-9.04621e-07,-3.41779e-06,-0.212344,0,43.2784,1,1010,1010,1010,1010,0,0,0,0,0.216946,56,0.019471,-0.0400929,56,0.00849977,-0.0314348,56,0.030034,-0.0263205,56,0.0106353,-0.0210062,56,0.0245561,-0.0373331,56,0.0171872,-0.0317101,56,0.0346658,-0.0370275,56,0.0253376,-0.0381863,52,0.0298061,-0.0377727
5492803698728,5492787738000,5492787738000,5492803690117,73729,15.9521,5492816200043,28.462,0,26051,101888,0,0,1,0,0,0.01199,500,500,495,0.99,2.66795,3.62242,0.629838,0.315687,0.0638733,-0.0700989,7.45408e-05,-0.000122739,-0.0264565,0.00683185,1,-0.0102368,-0.00621691,0.00621691,-0.0102368,1,1,0.0106559,-0.00981768,-0.00443896,-0.000419074,0,0,0,0,0,0,0,0,0,0,0,0,0,0,0,0,0,0,0,0,0,0,0,255,0.22,8.75553,0.22,0.0013845,-0.00644453,1,1,1,1,1,1,1,-0.289488,-3.20929,0.129351,0.00317905,-0.00261358,0.0223141,11.5715,25447,1,367,108.651,6362,0,0.000884653,0.0129141,0.00956265,0,0,0,1,495,0.225,6.32899e-05,-0.000104048,-2.34109e-05,-1.42402e-05,-2.58892e-05,-8.97676e-06,0.365877,0.0661128,0.01136,0.000715833,-0.212684,0.00506368,-0.00188583,0.0200312,12.775,1,0,0,0,0,0,-1,1,-9.04621e-07,-3.41779e-06,-0.212003,0,11.8405,1,1010,1010,1010,1010,0,0,0,0,13.2466,56,-0.00127057,-0.00529094,56,0.016026,-0.00220399,56,0.00591038,-0.0122877,56,0.00505679,-0.0129358,56,0.00748978,-0.0158943,56,0.0100584,-0.0117448,56,0.00169938,-0.0157318,56,0.0114755,-0.0152317,47,0.00271569,-0.0100998
5492816804918,5492807748000,5492807748000,5492816795437,73729,9.04744,5492832144736,24.3967,1,26052,101889,0,0,1,0,0,0.02001,500,500,480,0.96,2.676,3.75684,0.590079,0.307465,-0.00982666,0.13015,-0.000140205,0.000238198,-0.0369399,0.00429678,1,0.011904,0.00700674,-0.00700674,0.011904,1,1,0.00434447,0.0120272,-0.0113512,-0.000123226,0,0,0,0,0,0,0,0,0,0,0,0,0,0,0,0,0,0,0,0,0,0,0,255,0.22,1.69883,0.22,-0.00881258,0.0128842,1,1,1,1,0,1,1,-0.289488,-3.20929,0.129351,0.00317905,-0.00261358,0.0223141,27.5119,25447,1,367,124.591,6362,0,0.000884653,0.0129141,0.00956265,0,0,0,1,480,0.225,-0.000118782,0.000201809,4.54071e-05,2.6726e-05,5.00113e-05,1.65795e-05,0.365927,0.0661294,0.0113126,0.000717407,-0.211843,0.000603759,-0.000554519,0.0413474,15.6625,2,0,0,0,0,0,-1,1,-9.04621e-07,-3.41779e-06,-0.212003,0,27.7678,1,1010,1010,1010,1010,0,0,0,0,29.174,56,-0.00345589,0.0140482,56,0.000812654,0.012749,37,-0.0106445,0.015586,56,-0.0095614,0.0130493,56,-0.00668592,0.0114264,55,-0.0107357,0.0111412,56,-0.00593644,0.0142248,56,-0.0107765,0.0166697,52,-0.00563934,0.0111429
5492832634592,5492815753000,5492815753000,5492832624036,73729,16.871,5492844323493,28.5705,0,26052,101890,0,0,1,0,0,0.008005,500,500,500,1,2.66767,3.55514,0.621986,0.348243,-0.0709534,0.173103,-0.000168118,0.000318577,-0.0322772,0.00250753,1,0.0397973,0.0210017,-0.0210017,0.0397973,1,1,-0.0109178,0.0396095,-0.0100839,0.000187784,0,0,0,0,0,0,0,0,0,0,0,0,0,0,0,0,0,0,0,0,0,0,0,255,0.22,7.38411,0.22,-0.0202112,0.0348571,1,1,1,1,0,1,1,-0.289488,-3.20929,0.129351,0.00317905,-0.00261358,0.0223141,39.6958,25447,1,367,136.775,6362,0,0.000884653,0.0129141,0.00956265,0,0,0,1,500,0.225,-0.000142558,0.000269926,6.07333e-05,3.20755e-05,6.61119e-05,1.86143e-05,0.365994,0.066148,0.011196,0.000745971,-0.211424,-0.00473457,0.000845026,0.0325143,11.9065,2,0,0,0,0,0,-1,1,-9.04621e-07,-3.41779e-06,-0.212003,0,39.9717,1,1010,1010,1010,1010,0,0,0,0,41.3779,56,-0.0223576,0.0354653,56,-0.0387523,0.0419337,56,-0.0161109,0.0339103,56,-0.0214813,0.0401,56,-0.0239606,0.0465593,56,-0.0239165,0.0491491,56,-0.0168719,0.0432786,56,-0.0180652,0.0418764,52,-0.0208927,0.0372917
5492844901701,5492835754000,5492835754000,5492844892831,73729,9.13883,5492857982299,22.2283,1,26053,101891,0,0,1,0,0,0.020001,500,500,500,1,2.67191,3.93364,0.598708,0.322113,-0.022049,0.382164,-6.48672e-05,0.000687269,-0.0114695,0.00838884,1,0.0343618,0.0032432,-0.0032432,0.0343618,1,1,0.000586472,0.0343874,-0.00382967,-2.55995e-05,0,0,0,0,0,0,0,0,0,0,0,0,0,0,0,0,0,0,0,0,0,0,0,255,0.22,-0.622764,0.22,-0.003238,0.0306461,1,1,1,1,0,1,1,-0.289488,-3.20929,0.129351,0.00317905,-0.00261358,0.0223141,53.353,25447,1,367,150.432,6362,0,0.000884653,0.0129141,0.00956265,0,0,0,1,500,0.225,-5.51448e-05,0.000582387,0.000131037,1.24076e-05,0.000130722,-1.53736e-05,0.366124,0.0661326,0.011123,0.000720844,-0.211468,-0.00670726,-0.000115198,0.008421,13.3918,1,0,0,0,0,0,-1,1,-9.04621e-07,-3.41779e-06,-0.211381,0,0.24928,1,1010,1010,1010,1010,0,0,0,0,0.252891,56,-0.0039835,0.0323602,56,0.00493877,0.0229502,56,-0.00846685,0.0390951,56,-0.00334251,0.0389324,56,-0.00198098,0.0332852,56,-0.00392354,0.0335716,56,-0.00269585,0.0375837,56,-0.00425879,0.0354173,52,-0.00620526,0.0359284
5492858501914,5492847731000,5492847731000,5492858491154,73729,10.7602,5492872780168,25.0492,0,26053,101892,0,0,1,0,0,0.011977,500,500,500,1,2.669,4.10372,0.610671,0.320188,0.0407028,0.119141,9.89766e-05,0.000206427,0.0165214,0.00730289,1,0.0172353,-0.00826389,0.00826389,0.0172353,1,1,0.00729671,0.0176008,0.000967184,-0.000365437,0,0,0,0,0,0,0,0,0,0,0,0,0,0,0,0,0,0,0,0,0,0,0,255,0.22,2.71622,0.22,0.00903778,0.0148548,1,1,1,1,1,1,1,-0.289413,-3.20941,0.128984,0.000577055,-0.00254112,0.0219094,14.7814,25448,1,367,165.228,6362,0,0.000884653,0.0129141,0.00956265,0,0,0,1,500,0.225,8.38913e-05,0.000174965,3.93672e-05,-1.88755e-05,3.45242e-05,-2.67224e-05,0.366159,0.0661059,0.0110986,0.000698296,-0.211626,-0.00537772,-0.00164447,-0.00778404,14.55,1,0,0,0,0,0,-1,1,-9.04621e-07,-3.41779e-06,-0.211381,0,15.0479,1,1010,1010,1010,1010,0,0,0,0,15.0516,56,0.00944757,0.0130168,56,0.00923349,0.0220058,56,0.00816815,0.0161265,56,0.00963313,0.0181081,56,0.00467778,0.0151279,56,0.00345931,0.0130121,56,0.0104959,0.0232541,56,0.00876544,0.021173,52,0.0124773,0.0172092
5492873346635,5492855756000,5492855756000,5492873333431,73729,17.5774,5492885364132,29.6081,0,26053,101893,0,0,1,0,0,0.008025,500,500,500,1,2.67895,3.60541,0.727154,0.328465,0.108818,0.0735321,0.000238382,9.59985e-05,0.0270495,0.00355604,1,0.0119624,-0.0297049,0.0297049,0.0119624,1,1,0.0247653,0.0123686,0.00493963,-0.000406123,0,0,0,0,0,0,0,0,0,0,0,0,0,0,0,0,0,0,0,0,0,0,0,255,0.22,7.17042,0.22,0.027712,0.0129616,1,1,1,1,0,1,1,-0.289413,-3.20941,0.128984,0.000577055,-0.00254112,0.0219094,27.3667,25448,1,367,177.813,6362,0,0.000884653,0.0129141,0.00956265,0,0,0,1,500,0.225,0.000202104,8.14444e-05,1.8325e-05,-4.54734e-05,8.34736e-06,-4.83083e-05,0.366167,0.0660576,0.0111235,0.000643605,-0.211986,-5.9941e-05,-0.00182755,-0.0178306,12.31,2,0,0,0,0,0,-1,1,-9.04621e-07,-3.41779e-06,-0.211381,0,27.6321,1,1010,1010,1010,1010,0,0,0,0,27.6357,56,0.0344481,0.0134982,56,0.0235113,-0.00870168,56,0.023287,0.020393,56,0.0241697,0.01919,56,0.0355083,0.0135672,56,0.030011,0.0150135,56,0.0372211,0.015458,56,0.0329743,0.0179863,52,0.0217314,0.0191399
5492885885617,5492875755000,5492875755000,5492885880802,73729,10.1258,5492898766009,23.011,1,26054,101894,0,0,1,0,0,0.019999,500,500,479,0.958,2.67611,4.0469,0.592208,0.30378,0.141586,-0.077179,0.000266382,-0.000172738,0.00776836,0.0046595,1,-0.00863732,-0.0133198,0.0133198,-0.00863732,1,1,0.00878401,-0.00819724,0.00453577,-0.000440083,0,0,0,0,0,0,0,0,0,0,0,0,0,0,0,0,0,0,0,0,0,0,0,255,0.22,-0.224428,0.22,0.0149375,-0.00515056,1,1,1,1,0,1,1,-0.289413,-3.20941,0.128984,0.000577055,-0.00254112,0.0219094,40.7819,25448,1,367,191.228,6362,0,0.000884653,0.0129141,0.00956265,0,0,0,1,479,0.225,0.000225893,-0.000146374,-3.29342e-05,-5.0826e-05,-4.28948e-05,-4.27515e-05,0.366124,0.0660149,0.0111449,0.000625441,-0.212084,0.00178666,-0.00198037,-0.0148995,13.1719,1,0,0,0,0,0,-1,1,-9.04621e-07,-3.41779e-06,-0.211381,0,41.0481,1,1010,1010,1010,1010,0,0,0,0,41.0517,56,0.0103817,-0.00537629,55,0.00685768,-0.0153856,56,0.0151194,-0.00590706,56,0.0175573,-0.0131176,56,0.0154132,-0.0138561,56,0.0158024,-0.00806438,36,0.0132498,-0.00846762,56,0.0155261,-0.008777,52,0.0144827,-0.00609786
5492899327588,5492887729000,5492887729000,5492899314902,73729,11.5859,5492913994419,26.2654,0,26054,101895,0,0,1,0,0,0.011974,500,500,500,1,2.66902,4.07184,0.698876,0.344132,0.0203857,-0.0989838,7.04891e-05,-0.00018734,0.0145632,-0.0099092,1,-0.0156456,-0.00588685,0.00588685,-0.0156456,1,1,0.00438782,-0.0153385,0.00149903,-0.000307106,0,0,0,0,0,0,0,0,0,0,0,0,0,0,0,0,0,0,0,0,0,0,0,255,0.22,3.0648,0.22,0.00392391,-0.0118185,1,1,1,1,0,1,1,-0.289684,-3.20938,0.12856,-0.00480653,0.0038123,0.0224529,6.67962,25449,1,367,206.441,6362,0,0.000884653,0.0129141,0.00956265,0,0,0,1,500,0.225,5.97925e-05,-0.0001587,-3.57075e-05,-1.34533e-05,-3.7739e-05,-5.63592e-06,0.366086,0.0660092,0.0112223,0.000595048,-0.212052,0.00322362,-0.00138198,-0.00281762,6.45114,2,0,0,0,0,0,-1,1,-9.04621e-07,-3.41779e-06,-0.211804,0,6.94274,1,1010,1010,1010,1010,0,0,0,0,6.947,56,0.00961889,-0.0185063,56,0.0112358,-0.017919,56,0.00913815,-0.0203273,56,0.00617241,-0.0105404,56,0.00395396,-0.0158262,56,-1.18784e-05,-0.00986358,56,0.00599849,-0.0151957,56,0.00378498,-0.0111668,52,0.0110998,-0.0195237
5492914510960,5492895749000,5492895749000,5492914499423,73729,18.7504,5492926210899,30.4619,0,26054,101896,0,0,1,0,0,0.00802,500,500,487,0.974,2.65476,3.6623,0.708672,0.307669,-0.0247498,-0.158997,-4.11207e-05,-0.000315927,0.00437435,0.0220476,1,-0.0393924,0.00512727,-0.00512727,-0.0393924,1,1,-0.00447862,-0.0394219,-0.000648654,2.94644e-05,0,0,0,0,0,0,0,0,0,0,0,0,0,0,0,0,0,0,0,0,0,0,0,255,0.22,7.55994,0.22,-0.00554133,-0.0288314,1,1,1,1,1,1,1,-0.289684,-3.20938,0.12856,-0.00480653,0.0038123,0.0224529,18.8977,25449,1,367,12.2108,6363,0,0.000884653,0.0124781,0.0108793,0,0,0,1,487,0.225,-3.49174e-05,-0.000267774,-6.02491e-05,7.85641e-06,-5.72483e-05,2.03543e-05,0.366029,0.0660296,0.0112962,0.000627443,-0.211946,0.00451807,0.00013259,0.00594961,4.14999,2,0,0,0,0,0,-1,1,-9.04621e-07,-3.41779e-06,-0.211804,0,19.1625,1,1010,1010,1010,1010,0,0,0,0,19.1668,56,-0.013948,-0.0444913,56,0.0101478,-0.0430388,50,-0.0130309,-0.0381286,56,-0.00981334,-0.0504691,56,-0.00426383,-0.0370821,53,-0.00186685,-0.0400654,56,-0.00112488,-0.0320241,56,-0.00572157,-0.0429116,48,-0.00869551,-0.0404373
5492926806051,5492915749000,5492915749000,5492926795829,73729,11.0468,5492939608221,23.8592,1,26055,101897,0,0,1,0,0,0.02,500,500,469,0.938,2.69934,4.05094,0.642727,0.305854,-0.150909,-0.222595,-0.000289004,-0.000348068,-0.0132818,-0.00941302,1,-0.0174034,0.0144502,-0.0144502,-0.0174034,1,1,-0.0135632,-0.0176663,-0.000886994,0.000262916,0,0,0,0,0,0,0,0,0,0,0,0,0,0,0,0,0,0,0,0,0,0,0,255,0.22,0.104852,0.22,-0.0150244,-0.0152738,1,1,1,1,0,1,1,-0.289684,-3.20938,0.12856,-0.00480653,0.0038123,0.0224529,32.3191,25449,1,367,25.6322,6363,0,0.000884653,0.0124781,0.0108793,0,0,0,1,469,0.225,-0.000244976,-0.000294923,-6.63576e-05,5.51196e-05,-5.3278e-05,6.78419e-05,0.365976,0.0660974,0.0112962,0.000627443,-0.211946,0.00401232,0.00118312,0.00640304,17.555,0,0,0,0,0,0,-1,1,-9.04621e-07,-3.41779e-06,-0.211804,0,32.5783,1,1010,1010,1010,1010,0,0,0,0,32.5825,56,-0.0132616,-0.012336,56,-0.00332116,-0.011312,53,-0.0105997,-0.0220914,56,-0.0203854,-0.0170585,56,-0.0174022,-0.0197928,56,-0.00996102,-0.0214979,28,-0.0216398,-0.0225274,56,-0.0196387,-0.0210369,52,-0.0188473,-0.0175749
5492940162280,5492927723000,5492927723000,5492940150873,73729,12.4279,5492954336941,26.6139,0,26055,101898,0,0,1,0,0,0.011974,500,500,500,1,2.74917,3.86132,0.69619,0.357558,-0.089447,-0.0455704,-0.000158335,-6.66776e-05,-0.00253299,-0.00786918,1,-0.00556853,0.0132233,-0.0132233,-0.00556853,1,1,-0.012715,-0.00646688,-0.000508248,0.000898343,0,0,0,0,0,0,0,0,0,0,0,0,0,0,0,0,0,0,0,0,0,0,0,255,0.22,3.30773,0.22,-0.0173772,-0.0059523,1,1,1,1,0,1,1,-0.289684,-3.20938,0.12856,-0.00480653,0.0038123,0.0224529,47.0217,25449,1,367,40.3348,6363,0,0.000884653,0.0124781,0.0108793,0,0,0,1,500,0.225,-0.00013426,-5.65201e-05,-1.2717e-05,3.02085e-05,-6.07814e-06,3.22057e-05,0.36597,0.0661296,0.0113241,0.000680646,-0.211938,0.00312479,0.00404254,0.00432952,14.4609,1,0,0,0,0,0,-1,1,-9.04621e-07,-3.41779e-06,-0.211804,0,47.2984,1,1010,1010,1010,1010,0,0,0,0,0.231484,56,-0.0128925,-0.0079054,56,-0.00991424,0.00248106,56,-0.0169241,-0.011657,56,-0.011439,-0.0101865,56,-0.0148215,-0.00324105,56,-0.0131061,-0.00964026,56,-0.0191304,-0.00333481,56,-0.0147587,-0.00881949,52,-0.0155394,-0.0047188
5492954898390,5492947744000,5492947744000,5492954889538,73729,7.14554,5492965494228,17.7502,1,26056,101899,0,0,1,0,0,0.020021,500,500,499,0.998,2.69513,3.71723,0.642227,0.318299,-0.1427,0.0093689,-0.000263657,-7.89183e-06,0.00167519,0.00395006,1,-0.000394178,0.013169,-0.013169,-0.000394178,1,1,-0.0133408,-0.00145051,0.000171805,0.00105633,0,0,0,0,0,0,0,0,0,0,0,0,0,0,0,0,0,0,0,0,0,0,0,255,0.22,7.2687,0.22,-0.0149144,-0.00293547,1,1,1,2,0,1,1,-0.289886,-3.20917,0.128432,6.03218e-05,0.000998269,0.0219291,11.115,25450,1,367,51.499,6363,0,0.000884653,0.0124781,0.0108793,0,0,0,1,499,0.225,-0.00022363,-6.75183e-06,-1.51916e-06,5.03168e-05,9.10039e-06,4.9507e-05,0.365979,0.0661791,0.0113272,0.000716481,-0.211967,0.00163113,0.0047535,0.000686403,10.9155,1,0,0,0,0,0,-1,1,-9.04621e-07,-3.41779e-06,-0.211776,0,0.246354,1,1010,1010,1010,1010,0,0,0,0,11.3786,56,-0.0147876,0.00104279,56,-0.017799,-0.00171974,56,-0.0117776,0.00115881,56,-0.0149936,0.00202747,56,-0.0125537,0.000380747,56,-0.0142393,0.00102489,56,-0.0108597,0.00104229,56,-0.0136137,0.00119499,51,-0.0148524,-0.00302717
5492966013361,5492955747000,5492955747000,5492966002121,73729,10.2551,5492978022803,22.2758,0,26056,101900,0,0,1,0,0,0.008003,500,500,500,1,2.65137,3.91695,0.659153,0.320651,-0.0241089,0.0380554,-1.8069e-05,6.22122e-05,0.00825885,0.00955635,1,0.00777361,0.00225777,-0.00225777,0.00777361,1,1,-0.00349717,0.00735864,0.0012394,0.000414971,0,0,0,0,0,0,0,0,0,0,0,0,0,0,0,0,0,0,0,0,0,0,0,255,0.22,8.8849,0.22,-0.0052765,0.0028754,1,1,1,1,1,1,1,-0.289886,-3.20917,0.128432,6.03218e-05,0.000998269,0.0219291,23.6497,25450,1,367,64.0336,6363,0,0.000884653,0.0124781,0.0108793,0,0,0,1,500,0.225,-1.54221e-05,5.26773e-05,1.18524e-05,3.46997e-06,1.23173e-05,8.96813e-07,0.365991,0.06618,0.0113201,0.000713956,-0.212108,-0.000168957,0.00186737,-0.00459701,12.2413,2,0,0,0,0,0,-1,1,-9.04621e-07,-3.41779e-06,-0.211776,0,12.7898,1,1010,1010,1010,1010,0,0,0,0,23.9221,56,-0.0139859,0.00382774,56,0.0067365,0.00469509,56,-0.0104348,0.0108053,56,-0.00556787,0.012144,56,0.00251546,0.00419929,56,-0.0043225,0.00163724,56,0.00419238,0.00104465,56,-0.00523849,0.00128597,52,-0.00772165,0.0120639
5492978699585,5492963773000,5492963773000,5492978687326,73729,14.9143,5492991838146,28.0651,0,26056,101901,0,0,1,0,0,0.008026,500,500,498,0.996,2.72087,3.69151,0.665449,0.316724,0.0272522,0.0613632,4.58846e-05,7.95749e-05,0.0126792,0.0165764,1,0.00991464,-0.00571699,0.00571699,0.00991464,1,1,0.0040903,0.0101927,0.0016267,-0.000278052,0,0,0,0,0,0,0,0,0,0,0,0,0,0,0,0,0,0,0,0,0,0,0,255,0.22,1.26727,0.22,0.00412949,0.00748972,1,1,1,1,0,1,1,-0.289886,-3.20917,0.128432,6.03218e-05,0.000998269,0.0219291,37.4561,25450,1,367,77.8401,6363,0,0.000884653,0.0124781,0.0108793,0,0,0,1,498,0.225,3.89092e-05,6.7417e-05,1.51688e-05,-8.75457e-06,1.29853e-05,-1.17518e-05,0.366004,0.0661683,0.0113065,0.000691904,-0.212161,-0.000981814,-0.00125123,-0.00664155,13.5598,1,0,0,0,0,0,-1,1,-9.04621e-07,-3.41779e-06,-0.211776,0,26.6189,1,1010,1010,1010,1010,0,0,0,0,37.7512,56,-0.00134141,0.00346066,56,-0.007363,0.0177172,56,0.00741324,0.0121502,56,0.0149664,0.0138508,56,0.00648666,0.00555207,56,0.00898271,0.0120157,54,0.00194253,0.0128664,56,0.0133718,0.0188901,52,0.00122215,0.00719892
5492992393428,5492983757000,5492983757000,5492992388372,73729,8.63137,5493006247087,22.4901,1,26057,101902,0,0,1,0,0,0.019984,500,500,500,1,2.65609,3.63849,0.696728,0.320335,0.133133,0.109665,0.000289395,0.000154551,0.00880497,0.0010424,1,0.00773375,-0.0144813,0.0144813,0.00773375,1,1,0.0146032,0.00833897,-0.0001219,-0.000605219,0,0,0,0,0,0,0,0,0,0,0,0,0,0,0,0,0,0,0,0,0,0,0,255,0.22,4.81829,0.22,0.0122961,0.00788054,1,1,1,1,0,1,1,-0.289944,-3.20924,0.128046,-0.000938725,-0.00177325,0.0222417,0.389022,25451,1,367,92.2411,6363,0,0.000884653,0.0124781,0.0108793,0,0,0,1,500,0.225,0.000245338,0.000131044,2.94849e-05,-5.52012e-05,1.7203e-05,-6.01679e-05,0.366021,0.0661081,0.0112785,0.000630207,-0.212116,-0.00157437,-0.00272348,-0.000820659,14.1314,2,0,0,0,0,0,-1,1,-9.0462e-07,-3.41779e-06,-0.211763,0,0.649616,1,1010,1010,1010,1010,0,0,0,0,0.653579,56,0.0152645,0.00345907,56,0.00784995,-0.00666288,56,0.00801826,0.012036,56,0.0102883,0.0133205,56,0.0125778,0.00883069,56,0.0136784,0.0107359,56,0.0187995,0.0118271,56,0.0192497,0.00965637,52,0.0136225,0.0122197
5493006734387,5492995738000,5492995738000,5493006725275,73729,10.9873,5493018878273,23.1403,0,26057,101903,0,0,1,0,0,0.011981,500,500,500,1,2.67771,3.94801,0.673394,0.320169,0.0906906,0.0326767,0.000145296,4.00818e-05,-0.00281516,0.00737838,1,0.00334545,-0.0121272,0.0121272,0.00334545,1,1,0.0142937,0.0041666,-0.00216644,-0.000821153,0,0,0,0,0,0,0,0,0,0,0,0,0,0,0,0,0,0,0,0,0,0,0,255,0.22,8.89747,0.22,0.0132268,0.00654903,1,1,1,2,0,1,1,-0.289944,-3.20924,0.128046,-0.000938725,-0.00177325,0.0222417,13.0481,25451,1,367,104.9,6363,0,0.000884653,0.0124781,0.0108793,0,0,0,1,500,0.225,0.0001232,3.393e-05,7.63426e-06,-2.772e-05,1.63047e-06,-2.8704e-05,0.366023,0.0660794,0.0112771,0.000588847,-0.212012,-0.000459404,-0.00369519,0.00743167,12.3958,1,0,0,0,0,0,-1,1,-9.0462e-07,-3.41779e-06,-0.211763,0,13.315,1,1010,1010,1010,1010,0,0,0,0,13.319,56,0.00537949,0.00157697,56,0.00592084,0.0113354,56,0.0131977,0.00876938,56,0.0254986,-0.00469738,56,0.0115308,0.00939174,56,0.01893,-1.19948e-05,56,0.0112663,0.00412025,56,0.0134758,0.00253811,52,0.00541359,0.00294943
5493019424222,5493003765000,5493003765000,5493019412462,73729,15.6475,5493031525589,27.7606,0,26057,101904,0,0,1,0,0,0.008027,500,500,500,1,2.67204,3.79545,0.630486,0.318354,0.072113,0.049057,0.000114897,0.000109126,-0.0149841,-0.00518278,1,0.0135948,-0.0143138,0.0143138,0.0135948,1,1,0.0173308,0.0144636,-0.003017,-0.000868792,0,0,0,0,0,0,0,0,0,0,0,0,0,0,0,0,0,0,0,0,0,0,0,255,0.22,1.40997,0.22,0.0149325,0.0140223,1,1,1,1,1,1,1,-0.289944,-3.20924,0.128046,-0.000938725,-0.00177325,0.0222417,25.6761,25451,1,367,117.528,6363,0,0.000884653,0.0124781,0.0108793,0,0,0,1,500,0.225,9.75111e-05,9.24745e-05,2.08068e-05,-2.194e-05,1.57269e-05,-2.58241e-05,0.366039,0.0660536,0.0112666,0.000556245,-0.211911,-0.000451996,-0.00390957,0.0104996,12.348,1,0,0,0,0,0,-1,1,-9.0462e-07,-3.41779e-06,-0.211763,0,25.9412,1,1010,1010,1010,1010,0,0,0,0,25.9452,56,0.0198649,0.0111555,56,0.0270185,0.0162495,56,0.0208113,0.00850762,56,-0.00363094,0.019458,56,0.0124225,0.0115094,56,0.00590808,0.0163979,56,0.0160617,0.00926489,56,0.0201906,0.0151928,52,0.0186128,0.0110701
5493032165631,5493023774000,5493023774000,5493032156983,73729,8.38298,5493044485353,20.7114,1,26058,101905,0,0,1,0,0,0.020009,500,500,500,1,2.65867,3.5803,0.592542,0.34454,0.0553131,-0.00590515,7.50904e-05,-1.53276e-05,-0.0048661,0.00171249,1,-0.000766034,-0.00375283,0.00375283,-0.000766034,1,1,0.00643739,-0.000701562,-0.00268457,-6.44717e-05,0,0,0,0,0,0,0,0,0,0,0,0,0,0,0,0,0,0,0,0,0,0,0,255,0.22,4.01838,0.22,0.00378902,0.00364767,1,1,1,1,0,1,1,-0.289944,-3.20924,0.128046,-0.000938725,-0.00177325,0.0222417,38.6357,25451,1,367,130.488,6363,0,0.000884653,0.0124781,0.0108793,0,0,0,1,500,0.225,6.37765e-05,-1.29925e-05,-2.92331e-06,-1.43497e-05,-5.87364e-06,-1.3414e-05,0.366033,0.0660402,0.0112966,0.000585373,-0.211738,0.000937913,-0.000290123,0.0104148,12.6767,2,0,0,0,0,0,-1,1,-9.0462e-07,-3.41779e-06,-0.211763,0,38.9022,1,1010,1010,1010,1010,0,0,0,0,38.9062,56,0.00481172,-0.000222441,56,-0.00471268,-0.000487535,56,0.00553548,-0.00188407,56,0.00722635,6.32226e-05,56,-0.00236496,-0.00235589,56,0.00402144,0.00351084,56,0.0057185,-0.00158052,56,0.00562284,0.000544675,52,0.00682064,-0.00209681
5493045011523,5493035738000,5493035738000,5493045000153,73729,9.26215,5493059120387,23.3824,0,26058,101906,0,0,1,0,0,0.011964,500,500,500,1,2.67706,3.64923,0.698839,0.339076,0.00408936,-0.00775146,-1.35413e-05,-1.70359e-05,-0.00470432,0.00444,1,-0.00142393,0.00113184,-0.00113184,-0.00142393,1,1,0.000578935,-0.00166889,-0.00171078,0.000244966,0,0,0,0,0,0,0,0,0,0,0,0,0,0,0,0,0,0,0,0,0,0,0,255,0.22,6.67903,0.22,-0.00224229,0.000445101,1,1,1,1,0,1,1,-0.289944,-3.20924,0.128046,-0.000938725,-0.00177325,0.0222417,53.2662,25451,1,367,145.118,6363,0,0.000884653,0.0124781,0.0108793,0,0,0,1,500,0.225,-1.14999e-05,-1.4467e-05,-3.25507e-06,2.58748e-06,-2.63873e-06,3.21351e-06,0.36603,0.0660434,0.011294,0.000584316,-0.2117,0.0012393,0.00110235,0.00715023,14.3686,1,0,0,0,0,0,-1,1,-9.0462e-07,-3.41779e-06,-0.211472,0,0.252465,1,1010,1010,1010,1010,0,0,0,0,0.256521,56,-0.0130958,-0.00544814,56,0.00068931,0.0016243,56,-0.00263323,0.00111578,56,0.00231737,-0.00438389,56,-0.000733181,-0.000913968,56,-0.00345486,-0.00809232,56,-0.00137457,-0.000150036,56,-0.000445834,-0.00189535,52,0.00527102,0.0031026
5493059659447,5493043764000,5493043764000,5493059646743,73729,15.8827,5493071524239,27.7602,0,26058,101907,0,0,1,0,0,0.008026,500,500,500,1,2.67157,3.64586,0.592985,0.322984,-0.0687714,-0.0153046,-0.000121157,-9.63042e-06,-0.00172333,-0.00930204,1,-0.0011999,0.0150955,-0.0150955,-0.0011999,1,1,-0.0143643,-0.0015159,-0.000731232,0.000316001,0,0,0,0,0,0,0,0,0,0,0,0,0,0,0,0,0,0,0,0,0,0,0,255,0.22,1.07614,0.22,-0.0155141,-0.00323706,1,1,1,1,0,1,1,-0.290038,-3.20918,0.127708,-0.00161162,0.00405836,0.0221886,12.4017,25452,1,367,157.534,6363,0,0.000884653,0.0124781,0.0108793,0,0,0,1,500,0.225,-0.00010273,-8.1586e-06,-1.83568e-06,2.31143e-05,3.06246e-06,2.29825e-05,0.366033,0.0660664,0.0112943,0.00061232,-0.211721,3.37047e-05,0.00142201,0.0026594,12.1563,1,0,0,0,0,0,-1,1,-9.0462e-07,-3.41779e-06,-0.211472,0,12.6843,1,1010,1010,1010,1010,0,0,0,0,12.6884,56,-0.0172362,0.00664429,56,-0.00789741,-0.0117823,56,-0.0109569,-0.00499476,56,-0.0180066,0.00181583,56,-0.00903969,-0.00442486,56,-0.0152879,0.000110477,56,-0.0199144,-0.00452799,56,-0.0166044,-0.000847402,52,-0.0213306,-0.000843338
5493072096299,5493063768000,5493063768000,5493072089743,73729,8.32174,5493083881590,20.1136,1,26059,101908,0,0,1,0,0,0.020004,500,500,451,0.902,2.66419,3.62503,0.592412,0.319206,-0.11145,-0.0122681,-0.000189156,-1.71883e-05,0.00812855,-0.00151622,1,-0.000859245,0.00945591,-0.00945591,-0.000859245,1,1,-0.0108337,-0.00141968,0.00137776,0.000560434,0,0,0,0,0,0,0,0,0,0,0,0,0,0,0,0,0,0,0,0,0,0,0,255,0.22,3.35954,0.22,-0.0103351,-0.00228112,1,1,1,1,1,1,1,-0.290038,-3.20918,0.127708,-0.00161162,0.00405836,0.0221886,24.7498,25452,1,367,169.882,6363,0,0.000884653,0.0124781,0.0108793,0,0,0,1,451,0.225,-0.000160491,-1.45801e-05,-3.28053e-06,3.61106e-05,4.38696e-06,3.59906e-05,0.366038,0.0661024,0.011298,0.000640787,-0.21189,0.000308546,0.00252195,-0.00471311,10.6447,2,0,0,0,0,0,-1,1,-9.0462e-07,-3.41779e-06,-0.211472,0,25.0139,1,1010,1010,1010,1010,0,0,0,0,25.0179,56,-0.00848125,-0.00334141,56,-0.0084096,0.00292931,56,-0.0115982,-0.00067954,56,-0.0106453,-0.000636509,56,-0.011482,-0.00142969,56,-0.00783736,-0.00409421,56,-0.0095765,-0.000213693,35,-0.00926489,0.00216987,24,-0.0107308,-0.0038988
5493084468780,5493075743000,5493075743000,5493084455613,73729,8.71261,5493098118140,22.3751,0,26059,101909,0,0,1,0,0,0.011975,500,500,489,0.978,2.67178,3.56395,0.72458,0.312947,-0.0666351,-0.0323792,-0.000101659,-3.82995e-05,0.00551375,-0.00787386,1,-0.00319829,0.00848924,-0.00848924,-0.00319829,1,1,-0.0115344,-0.00317176,0.0030452,-2.65298e-05,0,0,0,0,0,0,0,0,0,0,0,0,0,0,0,0,0,0,0,0,0,0,0,255,0.22,5.17082,0.22,-0.00859508,-0.00650182,1,1,1,1,0,1,1,-0.290038,-3.20918,0.127708,-0.00161162,0.00405836,0.0221886,38.9874,25452,1,367,184.12,6363,0,0.000884653,0.0124781,0.0108793,0,0,0,1,489,0.225,-8.62446e-05,-3.24709e-05,-7.30595e-06,1.9405e-05,-3.059e-06,2.05067e-05,0.366035,0.0661229,0.0113165,0.000628339,-0.212019,0.000192615,-0.000119384,-0.0108086,13.9803,1,0,0,0,0,0,-1,1,-9.0462e-07,-3.41779e-06,-0.211472,0,39.2519,1,1010,1010,1010,1010,0,0,0,0,39.2559,56,-0.0174299,0.000472823,56,-0.00970825,0.000122856,45,-0.00580556,-0.00713633,56,-0.00743989,0.000423381,56,-0.0050063,0.000157816,56,-0.0118812,-0.00493112,56,-0.0157907,-0.00822463,56,-0.00565659,-0.00708878,52,-0.00964029,-0.00435986
5493098643107,5493083757000,5493083757000,5493098632348,73729,14.8753,5493111153256,27.3963,0,26059,101910,0,0,1,0,0,0.008014,500,500,500,1,2.67976,4.18868,0.665172,0.321373,-0.0182953,-0.0174713,-2.92616e-05,-3.37522e-05,0.0147177,-0.00999783,1,-0.00421165,0.00365131,-0.00365131,-0.00421165,1,1,-0.0069098,-0.00408834,0.00325848,-0.000123307,0,0,0,0,0,0,0,0,0,0,0,0,0,0,0,0,0,0,0,0,0,0,0,255,0.22,-0.516448,0.22,-0.00277746,-0.00610677,1,1,1,1,0,1,1,-0.290186,-3.209,0.127398,-0.00273378,0.00180288,0.0218134,3.72658,25453,1,367,197.15,6363,0,0.000884653,0.0124781,0.0108793,0,0,0,1,500,0.225,-2.47415e-05,-2.85335e-05,-6.42004e-06,5.56684e-06,-5.10376e-06,6.79365e-06,0.36603,0.0661297,0.0113747,0.000608046,-0.212182,0.00225732,-0.000554881,-0.00992468,3.49843,2,0,0,0,0,0,-1,1,-9.0462e-07,-3.41779e-06,-0.21193,0,3.99164,1,1010,1010,1010,1010,0,0,0,0,3.99607,56,0.00933938,0.00120262,56,-0.0194034,-0.0186077,56,0.00245586,0.00478599,56,0.000663762,-0.00391077,56,-0.0153641,-0.00243622,56,-0.00728797,-0.00132844,56,-0.0014431,0.00118757,56,-0.0043987,-0.00774357,52,0.00441015,-0.00317369
5493111675186,5493095736000,5493095736000,5493111662260,73729,15.9263,5493124435281,28.6993,0,26059,101911,0,0,1,0,0,0.011979,500,500,500,1,2.64887,3.57182,0.718098,0.328909,0.0313263,-0.032135,9.58881e-05,-4.42269e-05,0.015148,-0.00660775,1,-0.00369204,-0.00800469,0.00800469,-0.00369204,1,1,0.00500618,-0.0035038,0.0029985,-0.000188237,0,0,0,0,0,0,0,0,0,0,0,0,0,0,0,0,0,0,0,0,0,0,0,255,0.22,2.38974,0.22,0.00541649,-0.00409005,1,1,1,1,0,1,1,-0.290186,-3.209,0.127398,-0.00273378,0.00180288,0.0218134,17.013,25453,1,367,13.2576,6364,0,0.000884653,0.0121204,0.0120538,0,0,0,1,500,0.225,8.12428e-05,-3.74917e-05,-8.43564e-06,-1.82796e-05,-1.20959e-05,-1.6092e-05,0.366018,0.0661136,0.0113747,0.000608046,-0.212182,0.00270264,-0.000847068,-0.00863251,16.7803,0,0,0,0,0,0,-1,1,-9.0462e-07,-3.41779e-06,-0.21193,0,17.2825,1,1010,1010,1010,1010,0,0,0,0,17.287,56,0.00101964,-0.0032112,56,0.0184043,0.0164892,56,0.00826931,-0.00786873,56,0.00258566,-0.00316013,56,0.00694126,-0.00984859,56,0.00987483,-0.00561445,56,0.0062329,-0.00685549,56,0.00758974,-0.00581995,52,0.00831,-0.00423572
5493124969544,5493115738000,5493115738000,5493124960988,73729,9.22299,5493139354336,23.6163,1,26060,101912,0,0,1,0,0,0.020002,500,500,500,1,2.67898,4.09749,0.666987,0.32041,0.0726624,-0.0661392,0.000152058,-0.000196649,0.00693779,0.010928,1,-0.00983145,-0.00760215,0.00760215,-0.00983145,1,1,0.00687011,-0.00964756,0.000732036,-0.000183887,0,0,0,0,0,0,0,0,0,0,0,0,0,0,0,0,0,0,0,0,0,0,0,255,0.22,5.49674,0.22,0.00474614,-0.00600997,1,1,1,1,1,1,1,-0.290186,-3.209,0.127398,-0.00273378,0.00180288,0.0218134,31.9347,25453,1,367,28.1793,6364,0,0.000884653,0.0121204,0.0120538,0,0,0,1,500,0.225,0.000128892,-0.000166616,-3.74887e-05,-2.90007e-05,-4.27542e-05,-2.04553e-05,0.365975,0.0660931,0.0113932,0.00061119,-0.212141,0.00139392,-0.000827489,-0.00152019,14.6442,2,0,0,0,0,0,-1,1,-9.0462e-07,-3.41779e-06,-0.21193,0,32.2014,1,1010,1010,1010,1010,0,0,0,0,32.2058,56,0.00752183,-0.00793411,56,0.00749977,-0.0241681,56,0.00105181,-0.00509554,56,0.0109519,-0.012948,56,0.00964135,-0.00370769,56,0.00586205,-0.00342632,56,0.0095042,-0.00583188,56,0.00960469,-0.0097318,52,0.00754677,-0.0105029
5493139976341,5493135736000,5493135736000,5493139965192,73729,4.22919,5493150665846,14.9298,1,26061,101913,0,0,1,0,0,0.019998,500,500,500,1,2.68109,3.62066,0.672412,0.348428,0.0268173,0.038208,4.41117e-05,5.91354e-05,-0.000269245,0.0012067,1,0.00295706,-0.00220581,0.00220581,0.00295706,1,1,0.00412785,0.00283433,-0.00192204,0.000122738,0,0,0,0,0,0,0,0,0,0,0,0,0,0,0,0,0,0,0,0,0,0,0,255,0.22,0.166928,0.22,0.000754595,0.003619,1,1,1,2,0,1,1,-0.290186,-3.209,0.127398,-0.00273378,0.00180288,0.0218134,43.2677,25453,1,367,39.5124,6364,0,0.000884653,0.0121204,0.0120538,0,0,0,1,500,0.225,3.7391e-05,5.00984e-05,1.12721e-05,-8.41297e-06,9.24906e-06,-1.05964e-05,0.365984,0.0660825,0.0113842,0.000609362,-0.212052,0.000271257,0.000552322,0.00713635,11.0665,1,0,0,0,0,0,-1,1,-9.0462e-07,-3.41779e-06,-0.21193,0,43.5323,1,1010,1010,1010,1010,0,0,0,0,43.5367,56,0.00175912,0.00105046,56,0.00199506,-0.00276713,56,0.00160831,0.00311963,56,0.0040095,0.00643756,56,0.00242035,0.00279448,56,0.0017552,0.00335682,56,0.00402326,0.00270027,56,0.00468343,0.00419353,52,-0.000108615,0.0050818
5493151841151,5493143788000,5493143788000,5493151827632,73729,8.03963,5493163230754,19.4428,0,26061,101914,0,0,1,0,0,0.008052,500,500,500,1,2.65556,3.8161,0.659986,0.343002,0.000465393,0.022789,-2.15516e-05,4.55226e-05,-0.0201295,-0.00272571,1,0.00565357,0.00267655,-0.00267655,0.00565357,1,1,0.000827158,0.0057803,-0.00350371,-0.000126729,0,0,0,0,0,0,0,0,0,0,0,0,0,0,0,0,0,0,0,0,0,0,0,255,0.22,1.95287,0.22,-0.00170156,0.00419239,1,1,1,1,0,1,1,-0.29026,-3.20892,0.127275,-0.000495066,0.00186346,0.02263,1.78477,25454,1,367,52.0478,6364,0,0.000884653,0.0121204,0.0120538,0,0,0,1,500,0.225,-1.82087e-05,3.85871e-05,8.6821e-06,4.09695e-06,9.34941e-06,2.1796e-06,0.365993,0.0660847,0.0113587,0.000605548,-0.211841,-0.00140942,-0.000570282,0.0114858,1.55223,2,0,0,0,0,0,-1,1,-9.0462e-07,-3.41779e-06,-0.21159,0,2.05048,1,1010,1010,1010,1010,0,0,0,0,2.05505,56,0.0101993,0.00239319,56,-0.00805114,0.0145083,56,-0.00897319,0.00368076,56,-0.00654401,0.00933682,56,-0.00514044,0.00377389,56,-0.00150762,0.00437654,56,-0.00278921,0.00921514,56,-0.0101442,0.00703187,52,-0.000681861,0.00690432
5493163767647,5493155744000,5493155744000,5493163755166,73729,8.01117,5493177727029,21.983,0,26061,101915,0,0,1,0,0,0.011956,500,500,483,0.966,2.65856,3.52573,0.635245,0.314595,0.0118103,0.0379791,-1.5008e-05,3.40715e-05,-0.0101663,0.0126355,1,0.00284974,0.00125527,-0.00125527,0.00284974,1,1,0.00170718,0.00288912,-0.00296245,-3.93805e-05,0,0,0,0,0,0,0,0,0,0,0,0,0,0,0,0,0,0,0,0,0,0,0,255,0.22,3.7181,0.22,0.00129762,0.00493821,1,1,1,1,0,1,1,-0.29026,-3.20892,0.127275,-0.000495066,0.00186346,0.02263,16.2844,25454,1,367,66.5474,6364,0,0.000884653,0.0121204,0.0120538,0,0,0,1,483,0.225,-1.27224e-05,2.88704e-05,6.49583e-06,2.86255e-06,6.95239e-06,1.43299e-06,0.366,0.0660861,0.011338,0.000599833,-0.211779,-0.00105349,-0.000177212,0.00982201,14.269,1,0,0,0,0,0,-1,1,-9.0462e-07,-3.41779e-06,-0.21159,0,16.5543,1,1010,1010,1010,1010,0,0,0,0,16.5589,56,-0.00556229,0.0109674,56,-0.0085969,-0.00134524,56,-0.00224062,0.0087199,56,0.00968336,-0.00594634,56,0.00046111,0.0093517,56,0.00430277,0.00340951,39,-0.00646518,0.00142132,56,0.00522467,0.00766164,52,-0.00419986,0.00149177
5493178229477,5493163766000,5493163766000,5493178220347,73729,14.4543,5493190324511,26.5585,0,26061,101916,0,0,1,0,0,0.008022,500,500,500,1,2.68678,3.77251,0.59393,0.319632,-0.0209427,0.0245361,-5.91663e-05,5.46897e-05,-0.00495427,-0.00358683,1,0.00681747,0.00737551,-0.00737551,0.00681747,1,1,-0.00557592,0.00704717,-0.00179959,-0.000229702,0,0,0,0,0,0,0,0,0,0,0,0,0,0,0,0,0,0,0,0,0,0,0,255,0.22,7.37067,0.22,-0.00492592,0.00559114,1,1,1,1,1,1,1,-0.29026,-3.20892,0.127275,-0.000495066,0.00186346,0.02263,28.905,25454,1,367,79.168,6364,0,0.000884653,0.0121204,0.0120538,0,0,0,1,500,0.225,-5.01529e-05,4.63303e-05,1.04243e-05,1.12844e-05,1.25633e-05,8.84048e-06,0.366013,0.066095,0.011317,0.000582486,-0.211772,-0.00184743,-0.00103366,0.00500058,12.3455,1,0,0,0,0,0,-1,1,-9.0462e-07,-3.41779e-06,-0.21159,0,29.1776,1,1010,1010,1010,1010,0,0,0,0,29.1822,56,0.00835444,-0.0108804,56,0.00167171,0.0102892,56,-0.00544185,0.00659095,56,-0.0173184,0.0123655,56,-0.0165511,-0.00117277,56,-0.0101785,0.0119404,56,-0.00473415,0.00754288,56,-0.00736418,0.0116505,52,-0.00217733,0.00590158
5493190965275,5493175740000,5493175740000,5493190950035,73729,15.21,5493204856527,29.1165,0,26061,101917,0,0,1,0,0,0.011974,500,500,499,0.998,2.6847,3.56366,0.718728,0.314373,-0.0150757,0.0330505,-2.22727e-05,6.09445e-05,-0.00130139,0.000742588,1,0.00508974,0.00186009,-0.00186009,0.00508974,1,1,-0.00160708,0.00522752,-0.000253008,-0.000137783,0,0,0,0,0,0,0,0,0,0,0,0,0,0,0,0,0,0,0,0,0,0,0,255,0.22,0.506337,0.22,-0.00162154,0.00494443,1,1,1,1,0,1,1,-0.29026,-3.20892,0.127275,-0.000495066,0.00186346,0.02263,43.4163,25454,1,367,93.6795,6364,0,0.000884653,0.0121204,0.0120538,0,0,0,1,499,0.225,-1.89454e-05,5.16345e-05,1.16178e-05,4.26272e-06,1.22542e-05,1.72489e-06,0.366025,0.0660967,0.0113201,0.000578754,-0.211802,-0.000990852,-0.000620023,0.000118149,14.2593,1,0,0,0,0,0,-1,1,-9.0462e-07,-3.41779e-06,-0.21159,0,43.6865,1,1010,1010,1010,1010,0,0,0,0,0.22565,56,-0.00909249,0.00418104,55,-0.00213579,0.0112823,56,-0.00401696,0.00563608,56,-0.000203434,0.00133589,56,0.0040785,0.00380543,56,-0.00224403,0.00709536,56,-0.00370634,0.00785082,56,-0.00525996,0.00398198,52,0.000976395,0.00507501
5493205393327,5493191813000,5493191813000,5493205387272,73729,13.5743,5493217437398,25.6244,1,26062,101918,0,0,1,0,0,0.016073,500,500,495,0.99,2.69009,3.70084,0.604894,0.32378,0.0445709,0.0259857,0.000108231,3.35476e-05,0.00675744,0.00336146,1,0.0020872,-0.00673374,0.00673374,0.0020872,1,1,0.00554677,0.00231221,0.00118698,-0.000225008,0,0,0,0,0,0,0,0,0,0,0,0,0,0,0,0,0,0,0,0,0,0,0,255,0.22,4.77294,0.22,0.00585494,0.00290353,1,1,1,1,0,1,1,-0.29032,-3.20883,0.126924,-0.00251689,0.00341552,0.0217992,12.5354,25455,1,367,106.263,6364,0,0.000884653,0.0121204,0.0120538,0,0,0,1,495,0.225,9.17162e-05,2.84282e-05,6.39634e-06,-2.06362e-05,1.91404e-06,-2.15185e-05,0.366027,0.0660752,0.0113352,0.000559343,-0.211864,0.000527723,-0.00101254,-0.00385094,12.3409,1,0,0,0,0,0,-1,1,-9.0462e-07,-3.41779e-06,-0.211672,0,0.252094,1,1010,1010,1010,1010,0,0,0,0,12.8045,56,0.00486525,0.0053841,56,0.0121886,0.000732553,51,0.00328638,0.00164773,56,0.00610252,0.00308394,56,0.00766713,0.00212562,56,0.00816388,0.0019119,56,0.00514692,0.00146827,56,0.00466625,0.00292524,52,0.00269749,0.00354624
5493217977495,5493203752000,5493203752000,5493217963698,73729,14.2117,5493231128482,27.3765,0,26062,101919,0,0,1,0,0,0.011939,500,500,500,1,2.6867,3.80836,0.589893,0.319262,0.0225525,-0.0190964,4.27996e-05,-5.53418e-05,0.00541731,0.00260299,1,-0.00463538,-0.00358485,0.00358485,-0.00463538,1,1,0.00166197,-0.00439733,0.00192288,-0.000238049,0,0,0,0,0,0,0,0,0,0,0,0,0,0,0,0,0,0,0,0,0,0,0,255,0.22,7.18998,0.22,0.00296914,-0.00197186,1,1,1,1,0,1,1,-0.29032,-3.20883,0.126924,-0.00251689,0.00341552,0.0217992,26.2496,25455,1,367,119.978,6364,0,0.000884653,0.0121204,0.0120538,0,0,0,1,500,0.225,3.63593e-05,-4.68162e-05,-1.05337e-05,-8.18085e-06,-1.2019e-05,-5.78104e-06,0.366015,0.0660694,0.0113677,0.000546517,-0.211974,0.00161956,-0.00107122,-0.00562672,13.4058,2,0,0,0,0,0,-1,1,-9.0462e-07,-3.41779e-06,-0.211672,0,13.9843,1,1010,1010,1010,1010,0,0,0,0,26.5367,56,0.0137122,-0.000500059,56,0.00578851,-0.0173125,56,0.0037914,-0.0025636,56,0.00109865,-0.00394962,56,-0.00489688,-0.00797951,56,-0.00277568,-0.00273718,56,0.00746298,-0.00146349,56,0.00687828,-0.00384529,52,0.00610577,0.000857528
5493231705375,5493211779000,5493211779000,5493231692171,73729,19.9132,5493244776453,32.9975,0,26062,101920,0,0,1,0,0,0.008027,500,500,500,1,2.65678,3.58054,0.612005,0.341965,0.0140228,-0.0359192,4.17176e-05,-4.64021e-05,0.00872016,-0.00633864,1,-0.00578076,-0.00519716,0.00519716,-0.00578076,1,1,0.00390388,-0.00583455,0.00129328,5.37937e-05,0,0,0,0,0,0,0,0,0,0,0,0,0,0,0,0,0,0,0,0,0,0,0,255,0.22,0.661894,0.22,0.00227954,-0.00399305,1,1,1,1,1,1,1,-0.29032,-3.20883,0.126924,-0.00251689,0.00341552,0.0217992,39.8678,25455,1,367,133.596,6364,0,0.000884653,0.0121204,0.0120538,0,0,0,1,500,0.225,3.53159e-05,-3.93568e-05,-8.85529e-06,-7.94608e-06,-1.0329e-05,-5.90427e-06,0.366005,0.0660635,0.0114042,0.000555705,-0.21201,0.00251689,0.000242072,-0.00264228,11.8902,2,0,0,0,0,0,-1,1,-9.0462e-07,-3.41779e-06,-0.211672,0,27.5842,1,1010,1010,1010,1010,0,0,0,0,40.1366,56,-0.00224257,-0.0138989,56,0.0100123,0.0103629,56,0.00250264,-0.006556,56,0.00679263,-0.00469734,56,0.00646156,0.00279902,56,0.00180548,-0.0109357,56,0.00159582,-0.00818589,56,0.00504978,-0.00508368,52,0.00710528,-0.0133972
5493245337846,5493231774000,5493231774000,5493245330809,73729,13.5568,5493259081356,27.3074,1,26063,101921,0,0,1,0,0,0.019995,500,500,500,1,2.89552,3.99842,0.691802,0.322021,-0.0568848,-0.0554581,-8.6917e-05,-0.000115876,0.00620538,0.000888967,1,-0.00579524,0.00434694,-0.00434694,-0.00579524,1,1,-0.00406825,-0.00615171,-0.000278685,0.000356469,0,0,0,0,0,0,0,0,0,0,0,0,0,0,0,0,0,0,0,0,0,0,0,255,0.22,4.12981,0.22,-0.00631455,-0.00401018,1,1,1,1,0,1,1,-0.290418,-3.20865,0.126614,-0.00216331,0.00433177,0.0224731,1.24799,25456,1,367,147.895,6364,0,0.000884653,0.0121204,0.0120538,0,0,0,1,500,0.225,-7.37531e-05,-9.81974e-05,-2.20944e-05,1.65944e-05,-1.81085e-05,2.08705e-05,0.365987,0.0660844,0.0113944,0.00058724,-0.211982,0.000448277,0.00160411,0.00136189,1.02645,2,0,0,0,0,0,-1,1,-9.0462e-07,-3.41779e-06,-0.21173,0,1.51472,1,1010,1010,1010,1010,0,0,0,0,1.51885,56,-0.00488314,-0.00549001,56,-0.0087297,-0.00872515,56,-0.00600913,-0.00630528,56,-0.00598246,-0.00263915,56,-0.00129676,-0.00589692,56,-0.00408188,-0.0048322,56,-0.00337984,-0.00594899,56,-0.00319744,-0.00440572,52,-0.00621724,-0.00680384
5493259588841,5493243755000,5493243755000,5493259579156,73729,15.8242,5493273731613,29.9766,0,26063,101922,0,0,1,0,0,0.011981,500,500,500,1,2.65952,3.58408,0.66932,0.315447,-0.0376816,-0.00138855,-7.90753e-05,7.93611e-06,-0.00361376,0.00235835,1,0.000662391,0.00660006,-0.00660006,0.000662391,1,1,-0.00600742,0.000255144,-0.000592631,0.000407248,0,0,0,0,0,0,0,0,0,0,0,0,0,0,0,0,0,0,0,0,0,0,0,255,0.22,7.52496,0.22,-0.00721129,9.27377e-05,1,1,1,1,0,1,1,-0.290418,-3.20865,0.126614,-0.00216331,0.00433177,0.0224731,15.9064,25456,1,367,162.553,6364,0,0.000884653,0.0121204,0.0120538,0,0,0,1,500,0.225,-6.70442e-05,6.70683e-06,1.50904e-06,1.5085e-05,4.64899e-06,1.44288e-05,0.365991,0.0660988,0.0113944,0.00058724,-0.211982,8.08779e-05,0.00183261,0.00219817,15.6727,0,0,0,0,0,0,-1,1,-9.0462e-07,-3.41779e-06,-0.21173,0,16.1752,1,1010,1010,1010,1010,0,0,0,0,16.1793,56,-0.00784327,0.00651104,56,0.00466413,0.00833611,56,-0.00386308,-0.00201169,56,-0.00295063,-0.0017828,56,-0.00730662,-0.00413875,56,-0.00726879,-0.00269525,56,-0.0100792,-0.00121884,56,-0.0120693,0.00121476,52,-0.00225007,-0.00565976
5493274294543,5493263756000,5493263756000,5493274286006,73729,10.53,5493287235158,23.4792,1,26064,101923,0,0,1,0,0,0.020001,500,500,500,1,2.67789,3.56047,0.694487,0.320039,-0.0671234,-0.0244522,-0.000120018,-2.55336e-05,0.000560071,-0.00470285,1,-0.00127662,0.00600058,-0.00600058,-0.00127662,1,1,-0.00517968,-0.00123333,-0.000820909,-4.3287e-05,0,0,0,0,0,0,0,0,0,0,0,0,0,0,0,0,0,0,0,0,0,0,0,255,0.22,2.64717,0.22,-0.00589697,-0.00304379,1,1,1,1,0,1,1,-0.290418,-3.20865,0.126614,-0.00216331,0.00433177,0.0224731,29.4134,25456,1,367,176.06,6364,0,0.000884653,0.0121204,0.0120538,0,0,0,1,500,0.225,-0.00010182,-2.16371e-05,-4.86835e-06,2.29095e-05,5.99769e-08,2.34195e-05,0.365991,0.0661222,0.0113994,0.000564655,-0.211957,-0.000566411,-0.000194791,0.00250214,13.2327,2,0,0,0,0,0,-1,1,-9.0462e-07,-3.41779e-06,-0.21173,0,29.6896,1,1010,1010,1010,1010,0,0,0,0,29.6937,56,-0.00940171,0.000128835,56,-0.00424389,-0.0034032,56,-0.00583302,-0.00115407,56,-0.00478335,-0.00152667,56,-0.00706225,-0.00283101,56,-0.00654359,-0.00219321,56,-0.00358952,0.0001098,56,-0.00500972,-0.00343299,52,-0.00682694,1.58302e-05
5493287772940,5493271777000,5493271777000,5493287762181,73729,15.9852,5493299913160,28.1362,0,26064,101924,0,0,1,0,0,0.008021,500,500,500,1,2.65176,3.91032,0.591486,0.337132,0.010994,-0.0134277,9.16744e-06,-3.49342e-05,-0.0118701,0.00789801,1,-0.00435534,-0.00114293,0.00114293,-0.00435534,1,1,0.00110241,-0.00411406,4.05234e-05,-0.000241281,0,0,0,0,0,0,0,0,0,0,0,0,0,0,0,0,0,0,0,0,0,0,0,255,0.22,6.00025,0.22,0.00346792,-0.00367844,1,1,1,1,1,1,1,-0.290418,-3.20865,0.126614,-0.00216331,0.00433177,0.0224731,42.108,25456,1,367,188.755,6364,0,0.000884653,0.0121204,0.0120538,0,0,0,1,500,0.225,7.81277e-06,-2.95954e-05,-6.65897e-06,-1.75787e-06,-6.87974e-06,-3.17552e-07,0.365984,0.0661219,0.0114154,0.000553219,-0.211957,0.00210768,-0.00108577,0.00154026,12.436,1,0,0,0,0,0,-1,1,-9.0462e-07,-3.41779e-06,-0.21173,0,42.3961,1,1010,1010,1010,1010,0,0,0,0,42.4003,56,-0.000918526,0.00150291,56,-0.00120155,-0.00125896,56,0.00134644,-0.0107247,56,0.0024984,-0.00750879,56,0.00164047,0.00366725,56,0.00615577,-0.00617543,56,-0.00665597,-0.0102083,56,-3.65965e-05,-0.00242653,52,0.00670054,-0.00393105
5493300557794,5493291793000,5493291793000,5493300548998,73729,8.756,5493313519557,21.7266,1,26065,101925,0,0,1,0,0,0.020016,500,500,490,0.98,2.69341,4.14336,0.668764,0.31428,0.0918121,-0.00271606,0.00019211,4.88673e-06,0.00351005,-0.00779324,1,0.000244141,-0.00959782,0.00959782,0.000244141,1,1,0.00975276,0.000499156,-0.00015494,-0.000255015,0,0,0,0,0,0,0,0,0,0,0,0,0,0,0,0,0,0,0,0,0,0,0,255,0.22,8.59221,0.22,0.00641165,0.000259483,1,1,1,1,0,1,1,-0.290484,-3.20857,0.126436,-0.000772741,0.00247081,0.0222251,5.38617,25457,1,367,202.338,6364,0,0.000884653,0.0121204,0.0120538,0,0,0,1,490,0.225,0.00016289,4.17536e-06,9.39456e-07,-3.66502e-05,-6.79108e-06,-3.60254e-05,0.365978,0.0660859,0.0113983,0.000537664,-0.211945,0.000409652,-0.00114757,0.000885505,5.15985,2,0,0,0,0,0,-1,1,-9.0462e-07,-3.41779e-06,-0.211693,0,5.65086,1,1010,1010,1010,1010,0,0,0,0,5.6556,56,0.0126581,-0.00013423,56,0.0197213,0.00321513,56,0.00635697,0.000130184,56,0.0069334,0.00287191,56,0.00858757,0.000165717,56,0.00766467,-0.000686699,46,0.00968857,0.00450085,56,0.0102385,-0.0015415,52,0.0100613,-0.00107658
5493314034246,5493303754000,5493303754000,5493314023913,73729,10.2699,5493327461254,23.7073,0,26065,101926,0,0,1,0,0,0.011961,500,500,500,1,2.68859,3.54467,0.693487,0.32941,0.0146942,0.0226364,1.09433e-05,6.11219e-05,-0.00188174,-0.000780376,1,0.0051101,-0.000914913,0.000914913,0.0051101,1,1,0.00161168,0.00524815,-0.000696772,-0.000138048,0,0,0,0,0,0,0,0,0,0,0,0,0,0,0,0,0,0,0,0,0,0,0,255,0.22,1.80205,0.22,-9.49679e-05,0.00545323,1,1,1,1,0,1,1,-0.290484,-3.20857,0.126436,-0.000772741,0.00247081,0.0222251,19.3319,25457,1,367,13.9171,6365,0,0.000884653,0.0118164,0.0120904,0,0,0,1,500,0.225,9.35605e-06,5.17743e-05,1.16492e-05,-2.10511e-06,1.09458e-05,-4.50823e-06,0.365989,0.0660814,0.0113804,0.000524605,-0.211928,-0.000892154,-0.000621217,0.00179466,13.6894,1,0,0,0,0,0,-1,1,-9.0462e-07,-3.41779e-06,-0.211693,0,19.5958,1,1010,1010,1010,1010,0,0,0,0,19.6005,56,0.000829365,0.00257254,56,-0.0159235,0.00835488,56,0.00401153,0.00328671,56,-0.0019532,0.00310761,56,-0.00338408,0.0140472,56,0.00698998,0.005654,56,0.00433644,-0.00102238,56,0.00511017,0.00357409,52,0.00497267,0.00319119
5493328016110,5493311778000,5493311778000,5493327988646,73729,16.2106,5493340049255,28.2713,0,26065,101927,0,0,1,0,0,0.008024,500,500,500,1,2.6407,3.83982,0.689709,0.319854,0.0244293,0.0343857,4.04865e-05,6.02047e-05,-0.00250942,-0.000880544,1,0.00750307,-0.00504568,0.00504568,0.00750307,1,1,0.0058939,0.00771314,-0.000848224,-0.000210069,0,0,0,0,0,0,0,0,0,0,0,0,0,0,0,0,0,0,0,0,0,0,0,255,0.22,5.65613,0.22,0.00476034,0.00706803,1,1,1,1,0,1,1,-0.290484,-3.20857,0.126436,-0.000772741,0.00247081,0.0222251,31.9365,25457,1,367,26.5221,6365,0,0.000884653,0.0118164,0.0120904,0,0,0,1,500,0.225,3.42742e-05,5.10054e-05,1.14762e-05,-7.7117e-06,9.59759e-06,-9.95245e-06,0.365998,0.0660714,0.0113768,0.00051594,-0.211909,-0.00114684,-0.000945311,0.00213613,12.3125,1,0,0,0,0,0,-1,1,-9.0462e-07,-3.41779e-06,-0.211693,0,32.2156,1,1010,1010,1010,1010,0,0,0,0,32.2204,56,-0.00345008,0.00496491,56,0.0160956,0.0190619,56,0.0073408,0.0149067,56,0.0143087,0.0104471,56,0.0167686,-0.00743311,56,0.000907337,0.000974007,56,-0.00781144,0.00793342,56,0.0128824,0.0119022,52,-0.000552565,0.00846376
5493340609833,5493331776000,5493331776000,5493340604444,73729,8.82844,5493354818605,23.0426,1,26066,101928,0,0,1,0,0,0.019998,500,500,500,1,2.69663,3.51893,0.774209,0.317761,0.0127716,0.0671844,1.0207e-05,0.00011892,-0.00362426,0.00366479,1,0.00594661,-0.000510399,0.000510399,0.00594661,1,1,0.00121972,0.00602453,-0.000709323,-7.79201e-05,0,0,0,0,0,0,0,0,0,0,0,0,0,0,0,0,0,0,0,0,0,0,0,255,0.22,8.0823,0.22,0.00153224,0.00613528,1,1,1,1,1,1,1,-0.290484,-3.20857,0.126436,-0.000772741,0.00247081,0.0222251,46.7011,25457,1,367,41.2868,6365,0,0.000884653,0.0118164,0.0120904,0,0,0,1,500,0.225,8.64997e-06,0.000100798,2.26795e-05,-1.94624e-06,2.17629e-05,-6.6723e-06,0.36602,0.0660647,0.0113821,0.000520535,-0.211892,0.000177412,-0.00035064,0.00269549,14.4593,1,0,0,0,0,0,-1,1,-9.0462e-07,-3.41779e-06,-0.211693,0,47.0076,1,1010,1010,1010,1010,0,0,0,0,0.231058,56,-0.000703299,0.00812534,56,-0.00161871,0.000902176,56,-0.00134933,0.00718811,56,0.000237092,0.00595785,56,0.0008145,0.00339224,56,-4.19636e-05,0.00667279,56,0.00416251,0.00987145,56,-0.00055517,0.00302418,52,0.00250509,0.00736099
5493355537073,5493343752000,5493343752000,5493355516721,73729,11.7647,5493369293509,25.5415,0,26066,101929,0,0,1,0,0,0.011976,500,500,500,1,2.82909,3.73355,0.661579,0.339003,-0.00926971,0.0378265,1.08977e-05,6.88529e-05,0.0116587,-0.00196127,1,0.00574924,-0.000909962,0.000909962,0.00574924,1,1,0.0014219,0.00556216,-0.000511935,0.000187081,0,0,0,0,0,0,0,0,0,0,0,0,0,0,0,0,0,0,0,0,0,0,0,255,0.22,2.76865,0.22,-0.00114914,0.00520099,1,1,1,1,0,1,1,-0.290484,-3.20857,0.126436,-0.000772741,0.00247081,0.0222251,61.1681,25457,1,367,55.7533,6365,0,0.000884653,0.0118164,0.0120904,0,0,0,1,500,0.225,9.20631e-06,5.83468e-05,1.3128e-05,-2.07142e-06,1.23988e-05,-4.78578e-06,0.366032,0.0660599,0.0113785,0.000536485,-0.211881,0.000573264,0.000841865,0.00230158,14.2141,1,0,0,0,0,0,-1,1,-9.0462e-07,-3.41779e-06,-0.21163,0,0.252928,1,1010,1010,1010,1010,0,0,0,0,14.66,56,0.000839471,-0.00531461,56,-0.00161552,0.00666858,56,-0.00291325,0.00460805,56,0.00514782,0.00833936,56,-0.00323523,0.0178358,56,0.00199335,0.00149602,56,-0.0014265,0.00550985,56,0.0039608,0.00820885,52,0.0018193,0.00402703
5493369829772,5493363749000,5493363749000,5493369824439,73729,6.07544,5493382135494,18.3865,1,26067,101930,0,0,1,0,0,0.019997,500,500,500,1,2.68406,3.70023,0.590504,0.323076,-0.0250168,0.000656128,-5.84502e-05,1.48327e-07,-0.00240184,-0.0018688,1,7.41747e-06,0.00292295,-0.00292295,7.41747e-06,1,1,-0.00264402,-0.000172195,-0.000278925,0.000179613,0,0,0,0,0,0,0,0,0,0,0,0,0,0,0,0,0,0,0,0,0,0,0,255,0.22,6.64009,0.22,-0.00265783,-0.000980786,1,1,1,1,0,1,1,-0.290515,-3.20848,0.126331,-0.00234087,0.00452049,0.0221067,12.8257,25458,1,367,68.5945,6365,0,0.000884653,0.0118164,0.0120904,0,0,0,1,500,0.225,-4.9562e-05,1.25686e-07,2.82793e-08,1.11514e-05,2.37281e-06,1.08954e-05,0.366035,0.0660708,0.0113816,0.000541724,-0.211891,3.06367e-05,0.000808258,0.00102864,12.5524,2,0,0,0,0,0,-1,1,-9.0462e-07,-3.41779e-06,-0.21163,0,13.0937,1,1010,1010,1010,1010,0,0,0,0,27.5008,56,-0.00279218,0.00392047,56,0.00114084,0.00414675,56,-0.000366338,-0.00408946,56,-0.00751506,0.00158974,56,0.00343544,0.000662748,56,-0.00357886,0.00419791,56,-0.00199813,-0.000425391,56,-0.00891557,-0.00331437,52,-0.0018256,-0.00137571
5493382679331,5493371769000,5493371769000,5493382664794,73729,10.8958,5493393828136,22.0591,0,26067,101931,0,0,1,0,0,0.00802,500,500,474,0.948,2.70319,3.59043,0.588615,0.301095,-0.0132751,-0.0360718,-3.06491e-05,-3.37357e-05,-0.00553218,-0.00870298,1,-0.00420645,0.00382159,-0.00382159,-0.00420645,1,1,-0.00422204,-0.00427919,0.000400457,7.2739e-05,0,0,0,0,0,0,0,0,0,0,0,0,0,0,0,0,0,0,0,0,0,0,0,255,0.22,-0.536948,0.22,-0.00254947,-0.00625601,1,1,1,1,0,1,1,-0.290515,-3.20848,0.126331,-0.00234087,0.00452049,0.0221067,24.5167,25458,1,367,80.2852,6365,0,0.000884653,0.0118164,0.0120904,0,0,0,1,474,0.225,-2.59239e-05,-2.85702e-05,-6.42831e-06,5.83287e-06,-5.05784e-06,7.054e-06,0.36603,0.0660779,0.0114016,0.000542549,-0.211896,0.00164158,0.000327326,-0.000128384,11.453,1,0,0,0,0,0,-1,1,-9.0462e-07,-3.41779e-06,-0.21163,0,24.7859,1,1010,1010,1010,1010,0,0,0,0,39.193,55,0.00757427,0.000627512,56,-0.01832,0.00156529,56,9.10304e-05,-0.0100118,49,-0.00457597,-0.0110343,56,-0.00900768,-0.00959248,56,0.000748189,-0.010291,38,-0.00662836,-0.0110298,56,0.00287858,-0.0090578,52,-0.005437,-4.00233e-05
5493394363418,5493383746000,5493383746000,5493394351325,73729,10.6053,5493407304866,23.5589,0,26067,101932,0,0,1,0,0,0.011977,500,500,500,1,2.68898,3.52297,0.608967,0.323891,0.0298462,-0.0398788,3.07197e-05,-5.3005e-05,-0.00651661,-0.00590029,1,-0.00442557,-0.00256489,0.00256489,-0.00442557,1,1,0.00190158,-0.00430583,0.000663312,-0.000119738,0,0,0,0,0,0,0,0,0,0,0,0,0,0,0,0,0,0,0,0,0,0,0,255,0.22,0.991508,0.22,0.0015609,-0.00498853,1,1,1,1,1,1,1,-0.290515,-3.20848,0.126331,-0.00234087,0.00452049,0.0221067,37.9917,25458,1,367,93.7602,6365,0,0.000884653,0.0118164,0.0120904,0,0,0,1,500,0.225,2.61232e-05,-4.49092e-05,-1.01046e-05,-5.87772e-06,-1.11148e-05,-3.62036e-06,0.366019,0.0660743,0.0114328,0.00051878,-0.211931,0.00203247,-0.00053882,-0.000761945,13.201,2,0,0,0,0,0,-1,1,-9.04619e-07,-3.41779e-06,-0.211692,0,0.251187,1,1010,1010,1010,1010,0,0,0,0,0.255057,56,0.00757444,-0.00170376,56,-0.00133572,0.00045441,56,0.00664891,-0.00345727,56,-0.00440266,-0.00228157,56,0.0069601,-0.00529484,56,0.00774814,-0.00692606,56,0.00259081,-0.00871536,56,-0.00439015,-0.00415383,52,0.00381564,-0.00711809
5493407925722,5493399795000,5493399795000,5493407917537,73729,8.12254,5493418871508,19.0765,1,26068,101933,0,0,1,0,0,0.016049,500,500,500,1,2.65491,4.00144,0.612486,0.316983,-0.0104599,-0.0565796,1.87816e-06,-8.64609e-05,0.00333418,-0.00113805,1,-0.00538731,-0.000117027,0.000117027,-0.00538731,1,1,-0.000555407,-0.00510999,0.000672433,-0.000277314,0,0,0,0,0,0,0,0,0,0,0,0,0,0,0,0,0,0,0,0,0,0,0,255,0.22,4.42009,0.22,-0.00273897,-0.0045187,1,1,1,2,0,1,1,-0.290624,-3.20836,0.126022,-0.00246513,0.00484059,0.0226774,11.5773,25459,1,367,105.353,6365,0,0.000884653,0.0118164,0.0120904,0,0,0,1,500,0.225,1.54807e-06,-7.33151e-05,-1.64959e-05,-3.48316e-07,-1.62e-05,3.1296e-06,0.366002,0.0660774,0.0114436,0.000507982,-0.211945,0.00168825,-0.00124791,-0.00107016,11.3208,1,0,0,0,0,0,-1,1,-9.04619e-07,-3.41779e-06,-0.211692,0,11.8449,1,1010,1010,1010,1010,0,0,0,0,11.8488,56,-0.0033998,-0.00870487,56,0.00900664,0.00754483,56,-0.00226886,-0.00446959,56,-0.00711105,-0.00335138,56,-0.00275988,-0.00493367,56,0.00179927,-0.00568607,56,-0.00210856,-0.00762159,56,0.000445908,-0.00937305,52,0.00116038,-0.00722045
5493419816052,5493411789000,5493411789000,5493419804126,73729,8.01513,5493432088976,20.3,0,26068,101934,0,0,1,0,0,0.011994,500,500,474,0.948,2.66619,3.58668,0.598226,0.313724,-0.00547791,-0.000991821,-4.33787e-05,4.73714e-06,-0.00451234,-0.00128217,1,0.000394959,0.0036167,-0.0036167,0.000394959,1,1,-0.00405808,0.000527272,0.000441381,-0.000132313,0,0,0,0,0,0,0,0,0,0,0,0,0,0,0,0,0,0,0,0,0,0,0,255,0.22,6.14588,0.22,-0.00328937,0.00065769,1,1,1,1,0,1,1,-0.290624,-3.20836,0.126022,-0.00246513,0.00484059,0.0226774,24.7709,25459,1,367,118.546,6365,0,0.000884653,0.0118164,0.0120904,0,0,0,1,474,0.225,-3.67835e-05,3.99615e-06,8.99133e-07,8.27629e-06,2.62005e-06,7.90139e-06,0.366005,0.0660853,0.0114376,0.000506241,-0.211956,0.000761947,-0.000595409,-0.000979413,12.9098,1,0,0,0,0,0,-1,1,-9.04619e-07,-3.41779e-06,-0.211692,0,25.0363,1,1010,1010,1010,1010,0,0,0,0,25.0402,56,-0.00590334,-0.000326614,56,0.000161876,0.00372481,56,0.00163217,0.00085114,56,-0.00209168,-0.000227826,56,-0.000710414,-0.00104544,56,-0.00262146,0.00366843,31,-0.000113818,-0.00779985,56,-9.24749e-05,0.000466884,51,-0.00493914,-0.00297814
5493432625721,5493419775000,5493419775000,5493432613647,73729,12.8386,5493445091554,25.3166,0,26068,101935,0,0,1,0,0,0.007986,500,500,486,0.972,2.67961,3.46586,0.698005,0.309243,-0.0208893,0.00421143,-3.0115e-05,-1.35168e-05,0.0069492,0.00650899,1,-0.00169257,0.00377097,-0.00377097,-0.00169257,1,1,-0.00400135,-0.00169652,0.000230381,3.94894e-06,0,0,0,0,0,0,0,0,0,0,0,0,0,0,0,0,0,0,0,0,0,0,0,255,0.22,7.986,0.22,-0.00570175,0.00070892,1,1,1,1,0,1,1,-0.290624,-3.20836,0.126022,-0.00246513,0.00484059,0.0226774,37.7736,25459,1,367,131.549,6365,0,0.000884653,0.0118164,0.0120904,0,0,0,1,486,0.225,-2.55714e-05,-1.14328e-05,-2.57238e-06,5.75357e-06,-1.30432e-06,6.16563e-06,0.366004,0.0660915,0.0114221,0.000509968,-0.21198,-0.000581959,1.77702e-05,-0.00129494,12.762,1,0,0,0,0,0,-1,1,-9.04619e-07,-3.41779e-06,-0.211692,0,38.039,1,1010,1010,1010,1010,0,0,0,0,38.0429,56,-0.0035772,-0.0122694,56,-0.00862603,-0.00185932,55,-0.0140653,-0.00250342,56,0.00111317,-0.000822103,56,-0.00305105,-0.00321661,56,-0.00209376,-0.00149775,43,0.00462242,0.0103734,56,-0.0121454,0.00454186,52,-0.00158913,0.00485611
5493445619373,5493431762000,5493431762000,5493445608799,73729,13.8468,5493459627588,27.8656,0,26068,101936,0,0,1,0,0,0.011987,500,500,500,1,2.6673,4.5807,0.597245,0.31991,-0.0369263,0.0271606,-5.9608e-05,6.30695e-05,-0.0031709,-0.00402712,1,0.00526149,0.00497272,-0.00497272,0.00526149,1,1,-0.00476414,0.00533324,-0.00020858,-7.17562e-05,0,0,0,0,0,0,0,0,0,0,0,0,0,0,0,0,0,0,0,0,0,0,0,255,0.22,1.52808,0.22,-0.0039403,0.00407981,1,1,1,1,1,1,1,-0.290624,-3.20836,0.126022,-0.00246513,0.00484059,0.0226774,52.3074,25459,1,367,146.082,6365,0,0.000884653,0.0118164,0.0120904,0,0,0,1,500,0.225,-5.05369e-05,5.3438e-05,1.20235e-05,1.13708e-05,1.41468e-05,8.58557e-06,0.366018,0.0661001,0.0113922,0.000494655,-0.211999,-0.00177718,-0.000322903,-0.000670856,14.2572,2,0,0,0,0,0,-1,1,-9.04619e-07,-3.41779e-06,-0.211739,0,0.25178,1,1010,1010,1010,1010,0,0,0,0,0.255835,56,-0.00682263,0.00290359,56,-0.00187047,0.00643649,56,-0.00294123,0.0037852,56,-0.00595121,0.00706749,56,-0.00924608,0.0104484,56,-0.0100324,0.00133294,56,-0.00615314,0.00247255,56,-0.00326543,0.0024031,52,-0.00818765,0.00650715
5493460232852,5493451774000,5493451774000,5493460225760,73729,8.45176,5493473718341,21.9443,1,26069,101937,0,0,1,0,0,0.020012,500,500,500,1,2.65572,3.6744,0.619542,0.320521,0.0362473,0.0263672,3.86726e-05,5.32612e-05,-0.00480369,0.0028558,1,0.00266146,-0.00193247,0.00193247,0.00266146,1,1,0.00189617,0.00252943,3.63029e-05,0.000132034,0,0,0,0,0,0,0,0,0,0,0,0,0,0,0,0,0,0,0,0,0,0,0,255,0.22,6.0134,0.22,0.00436929,0.00277546,1,1,1,1,0,1,1,-0.290655,-3.20828,0.125762,-0.00122068,0.00306683,0.0224066,14.0801,25460,1,367,160.176,6365,0,0.000884653,0.0118164,0.0120904,0,0,0,1,500,0.225,3.28493e-05,4.51288e-05,1.0154e-05,-7.3911e-06,8.3716e-06,-9.36163e-06,0.366026,0.0660907,0.0114168,0.000509709,-0.211991,0.0010132,0.000594155,0.000679866,13.8453,1,0,0,0,0,0,-1,1,-9.04619e-07,-3.41779e-06,-0.211739,0,14.3503,1,1010,1010,1010,1010,0,0,0,0,14.3543,56,-0.000763424,0.00797134,56,-0.00392999,0.0063411,56,0.00521653,0.00346589,56,0.00537436,0.000741225,56,0.00363291,0.00180192,56,0.00497139,0.00119781,56,0.00174048,0.00116777,56,0.000689804,-0.000520573,52,0.00121791,0.0037636
5493474256994,5493459781000,5493459781000,5493474245290,73729,14.4643,5493485791153,26.0102,0,26069,101938,0,0,1,0,0,0.008007,500,500,500,1,2.67519,3.55323,0.708042,0.321039,0.0423737,0.0244446,7.90049e-05,5.6083e-05,-0.00297384,-0.0055491,1,0.00700424,-0.00986697,0.00986697,0.00700424,1,1,0.0105226,0.00698401,-0.000655637,2.02333e-05,0,0,0,0,0,0,0,0,0,0,0,0,0,0,0,0,0,0,0,0,0,0,0,255,0.22,-0.250131,0.22,0.00777635,0.00461826,1,1,1,1,0,1,1,-0.290655,-3.20828,0.125762,-0.00122068,0.00306683,0.0224066,26.1529,25460,1,367,172.248,6365,0,0.000884653,0.0118164,0.0120904,0,0,0,1,500,0.225,6.69163e-05,4.74571e-05,1.06778e-05,-1.50562e-05,7.27228e-06,-1.69643e-05,0.366033,0.0660737,0.0114114,0.0004921,-0.211917,0.00121176,9.105e-05,0.0033297,11.7808,2,0,0,0,0,0,-1,1,-9.04619e-07,-3.41779e-06,-0.211739,0,26.4192,1,1010,1010,1010,1010,0,0,0,0,26.4232,56,0.000455709,-0.00541894,56,0.0350772,0.0181727,56,0.0114495,0.0132247,56,0.00845172,0.00703224,56,0.0224628,-0.000511338,56,2.87727e-06,0.00312765,56,0.00857897,0.0126776,56,0.00589767,0.011863,52,0.00426235,0.00140022
5493486351991,5493471766000,5493471766000,5493486339065,73729,14.5731,5493499391866,27.6259,0,26069,101939,0,0,1,0,0,0.011985,500,500,478,0.956,2.6675,3.84881,0.606171,0.305595,0.0228729,0.0530548,2.00069e-05,9.86821e-05,-0.00538382,0.00449779,1,0.0082338,-0.00166933,0.00166933,0.0082338,1,1,0.00311691,0.0084297,-0.00144758,-0.000195898,0,0,0,0,0,0,0,0,0,0,0,0,0,0,0,0,0,0,0,0,0,0,0,255,0.22,1.69177,0.22,0.000853924,0.00638927,1,1,1,1,0,1,1,-0.290655,-3.20828,0.125762,-0.00122068,0.00306683,0.0224066,39.7572,25460,1,367,185.853,6365,0,0.000884653,0.0118164,0.0120904,0,0,0,1,478,0.225,1.70383e-05,8.36516e-05,1.88216e-05,-3.83362e-06,1.75946e-05,-7.70563e-06,0.366051,0.066066,0.0114128,0.000490785,-0.21187,4.13352e-05,-0.000881541,0.00524437,13.3297,1,0,0,0,0,0,-1,1,-9.04619e-07,-3.41779e-06,-0.211739,0,40.0245,1,1010,1010,1010,1010,0,0,0,0,40.0286,56,0.010579,0.0138508,56,-0.0010396,0.0120083,56,0.00189932,0.00543928,54,-0.00307766,0.00540774,56,-0.00272441,0.000593266,56,0.00723714,0.0111313,36,0.00367903,0.00607969,56,-0.00169699,0.00520544,52,0.00578045,0.00888748
5493499931814,5493491767000,5493491767000,5493499926240,73729,8.15924,5493514235495,22.4685,1,26070,101940,0,0,1,0,0,0.020001,500,500,457,0.914,2.65237,4.22668,0.719098,0.30502,0.0493774,0.0466461,7.61634e-05,7.20519e-05,-0.00257987,-0.000478204,1,0.00360241,-0.00380798,0.00380798,0.00360241,1,1,0.00502159,0.00375862,-0.00121361,-0.000156209,0,0,0,0,0,0,0,0,0,0,0,0,0,0,0,0,0,0,0,0,0,0,0,255,0.22,5.13615,0.22,0.00264753,0.00398281,1,1,1,1,1,1,1,-0.290678,-3.20822,0.125695,-0.00236751,0.00492549,0.0228452,5.56954,25461,1,367,200.687,6365,0,0.000884653,0.0118164,0.0120904,0,0,0,1,457,0.225,6.45861e-05,6.10769e-05,1.37423e-05,-1.45319e-05,1.03803e-05,-1.70952e-05,0.366061,0.0660489,0.0114098,0.000462383,-0.211809,0.000496224,-0.000702939,0.00476596,5.35672,2,0,0,0,0,0,-1,1,-9.04619e-07,-3.41779e-06,-0.211557,0,5.81827,1,1010,1010,1010,1010,0,0,0,0,5.82314,56,0.00402179,0.00347303,56,0.00510293,-0.00274511,56,-0.000697117,0.00373995,56,0.00920762,0.00523872,56,0.00573942,0.00710839,56,0.00484494,0.00337636,47,0.00676841,0.00684935,56,0.0033219,0.00533702,18,0.00279447,0.00877307
5493514790739,5493499781000,5493499781000,5493514777054,73729,14.9961,5493528478119,28.6971,0,26070,101941,0,0,1,0,0,0.008014,500,500,500,1,2.68933,3.66129,0.758172,0.32628,-0.0322876,-0.0531921,-3.48721e-05,-0.000114485,0.00759332,0.00792109,1,-0.0142856,0.0043514,-0.0043514,-0.0142856,1,1,-0.0039961,-0.0140561,-0.000355306,-0.000229454,0,0,0,0,0,0,0,0,0,0,0,0,0,0,0,0,0,0,0,0,0,0,0,255,0.22,-0.31291,0.22,-0.00746223,-0.0104076,1,1,1,1,0,1,1,-0.290678,-3.20822,0.125695,-0.00236751,0.00492549,0.0228452,19.8175,25461,1,367,14.2407,6366,0,0.000884653,0.0115351,0.0124722,0,0,0,1,500,0.225,-2.96136e-05,-9.70397e-05,-2.18339e-05,6.66307e-06,-1.99451e-05,1.11041e-05,0.366041,0.06606,0.0114176,0.000464447,-0.211823,5.2063e-05,-0.00103254,0.00132075,14.008,1,0,0,0,0,0,-1,1,-9.04619e-07,-3.41779e-06,-0.211557,0,20.0874,1,1010,1010,1010,1010,0,0,0,0,20.0923,56,-0.0149319,-0.0153275,56,-0.0170028,-0.0181727,56,-0.00111353,-0.0141391,56,-0.000322012,-0.0158084,56,-0.014376,-0.0173637,56,-0.00498133,-0.00806171,56,-0.0111058,-0.0176462,56,-0.00246721,-0.00770439,52,-0.00535057,-0.0167187
5493528991104,5493519784000,5493519784000,5493528984938,73729,9.20094,5493542138276,22.3543,1,26071,101942,0,0,1,0,0,0.020003,500,500,499,0.998,2.68932,4.14544,0.877191,0.319614,-0.0483704,-0.0126953,-8.6066e-05,5.69958e-05,-0.00157045,-0.0130715,1,0.00284936,0.00430265,-0.00430265,0.00284936,1,1,-0.00501976,0.00276301,0.000717107,8.63582e-05,0,0,0,0,0,0,0,0,0,0,0,0,0,0,0,0,0,0,0,0,0,0,0,255,0.22,3.74553,0.22,-0.00526499,0.00086776,1,1,1,1,0,1,1,-0.290678,-3.20822,0.125695,-0.00236751,0.00492549,0.0228452,33.4789,25461,1,367,27.9024,6366,0,0.000884653,0.0115351,0.0124722,0,0,0,1,499,0.225,-7.29381e-05,4.83347e-05,1.08753e-05,1.64111e-05,1.40831e-05,1.37561e-05,0.366056,0.0660738,0.0114237,0.000473853,-0.211871,0.000756663,0.000388612,-0.00197626,13.4109,1,0,0,0,0,0,-1,1,-9.04619e-07,-3.41779e-06,-0.211557,0,33.746,1,1010,1010,1010,1010,0,0,0,0,33.7509,56,-0.0058236,0.00812669,55,0.000131882,0.00962393,56,-0.000217165,-0.000998997,56,-0.012382,0.00182012,56,-0.00721608,0.00217665,56,-0.00200967,-0.00289038,56,-0.00978846,-0.00237623,56,-0.00670019,-0.00208754,52,-0.000194635,0.00303114
5493542706262,5493531758000,5493531758000,5493542690206,73729,10.9322,5493556064695,24.3067,0,26071,101943,0,0,1,0,0,0.011974,500,500,488,0.976,2.69609,3.59099,0.605079,0.307836,-0.0137558,-0.0310364,-2.34161e-05,-6.49797e-05,2.84387e-05,0.00240396,1,-0.00542673,0.00195558,-0.00195558,-0.00542673,1,1,-0.00325533,-0.00546295,0.00129975,3.62213e-05,0,0,0,0,0,0,0,0,0,0,0,0,0,0,0,0,0,0,0,0,0,0,0,255,0.22,7.32942,0.22,-0.00186702,-0.004118,1,1,1,1,0,1,1,-0.290678,-3.20822,0.125695,-0.00236751,0.00492549,0.0228452,47.4035,25461,1,367,41.8267,6366,0,0.000884653,0.0115351,0.0124722,0,0,0,1,488,0.225,-1.98758e-05,-5.51228e-05,-1.24026e-05,4.47205e-06,-1.11845e-05,6.98057e-06,0.366044,0.0660808,0.0114155,0.00046231,-0.211931,0.00024789,0.000162996,-0.00448079,13.6684,1,0,0,0,0,0,-1,1,-9.04619e-07,-3.41779e-06,-0.211557,0,47.6725,1,1010,1010,1010,1010,0,0,0,0,0.225835,56,-0.00561492,-0.00839072,54,0.000100991,-0.00117335,54,0.00335951,-0.00920839,56,0.00235478,-0.00345384,56,0.00198441,-0.00769367,56,-0.0042774,-0.00473626,48,-0.00465976,-0.00307574,56,-0.00469369,-0.0044493,52,-0.00630607,-0.00469761
5493556603791,5493539783000,5493539783000,5493556591828,73729,16.8088,5493568459361,28.6764,0,26071,101944,0,0,1,0,0,0.008025,500,500,500,1,2.7008,3.93688,0.5893,0.319835,-0.0156937,-0.00726318,-3.43181e-05,2.77623e-06,0.00758289,-0.0107358,1,0.000345948,0.0042764,-0.0042764,0.000345948,1,1,-0.00569033,0.000129909,0.00141393,0.000216039,0,0,0,0,0,0,0,0,0,0,0,0,0,0,0,0,0,0,0,0,0,0,0,255,0.22,0.945618,0.22,-0.00392531,-0.00181061,1,1,1,1,1,1,1,-0.290726,-3.20811,0.125547,-0.00167285,0.00488792,0.0228042,12.3523,25462,1,367,54.2268,6366,0,0.000884653,0.0115351,0.0124722,0,0,0,1,500,0.225,-2.91324e-05,2.32512e-06,5.23152e-07,6.55479e-06,1.89066e-06,6.29752e-06,0.366046,0.0660871,0.0114496,0.000488354,-0.212007,0.00105071,0.000972175,-0.00424957,10.6964,2,0,0,0,0,0,-1,1,-9.04619e-07,-3.41779e-06,-0.211754,0,11.2045,1,1010,1010,1010,1010,0,0,0,0,12.6253,56,-0.00203948,0.0001171,56,0.0132686,0.0175618,56,0.00724992,0.00469629,56,-0.00524386,0.00146635,56,-0.0142002,-0.00753591,56,-0.00676818,-0.00303112,56,-0.00494733,-0.00379874,56,0.00654529,-0.00312585,52,-0.00126942,-0.00182822
5493569087051,5493559782000,5493559782000,5493569077199,73729,9.2952,5493581625922,21.8439,1,26072,101945,0,0,1,0,0,0.019999,500,500,490,0.98,2.686,3.71342,0.590357,0.304428,-0.00340271,-0.00219727,4.05987e-06,-1.02078e-05,0.00347871,-0.00224818,1,-0.000510417,-0.000203004,0.000203004,-0.000510417,1,1,-0.000348958,-0.000641579,0.000551961,0.000131163,0,0,0,0,0,0,0,0,0,0,0,0,0,0,0,0,0,0,0,0,0,0,0,255,0.22,3.25314,0.22,-0.000655858,-0.00117405,1,1,1,1,0,1,1,-0.290726,-3.20811,0.125547,-0.00167285,0.00488792,0.0228042,25.5371,25462,1,367,67.4122,6366,0,0.000884653,0.0115351,0.0124722,0,0,0,1,490,0.225,3.44758e-06,-8.58887e-06,-1.93249e-06,-7.75706e-07,-2.05245e-06,-3.5165e-07,0.366044,0.0660867,0.0114517,0.000476636,-0.212006,0.00136509,0.000590233,-0.000894988,12.8961,1,0,0,0,0,0,-1,1,-9.04619e-07,-3.41779e-06,-0.211754,0,24.3919,1,1010,1010,1010,1010,0,0,0,0,25.8126,56,0.00179699,0.00333305,56,0.00266902,-0.00555312,55,-0.00164641,6.96865e-05,56,0.00177293,-0.003364,56,-0.00156893,0.00318689,53,0.00226301,0.000795273,56,-0.00369731,0.00277307,56,-0.00109791,-0.00177423,46,0.00327329,-0.00136404
5493582179833,5493571763000,5493571763000,5493582168704,73729,10.4057,5493595768416,24.0054,0,26072,101946,0,0,1,0,0,0.011981,500,500,500,1,2.70217,3.60053,0.665042,0.317928,-0.00378418,-0.00421143,-8.49694e-06,-8.49218e-07,0.000929175,0.00132206,1,-7.08804e-05,0.000709202,-0.000709202,-7.08804e-05,1,1,-0.000417845,5.20616e-05,-0.000291357,-0.000122942,0,0,0,0,0,0,0,0,0,0,0,0,0,0,0,0,0,0,0,0,0,0,0,255,0.22,6.14497,0.22,-0.00192945,-0.00139905,1,1,1,1,0,1,1,-0.290726,-3.20811,0.125547,-0.00167285,0.00488792,0.0228042,39.6623,25462,1,367,81.5369,6366,0,0.000884653,0.0115351,0.0124722,0,0,0,1,500,0.225,-7.21896e-06,-7.62475e-07,-1.71557e-07,1.62427e-06,1.74017e-07,1.6239e-06,0.366044,0.0660883,0.0114512,0.000472538,-0.211985,0.000624478,-0.000553239,0.00154847,13.8682,1,0,0,0,0,0,-1,1,-9.04619e-07,-3.41779e-06,-0.211754,0,38.5381,1,1010,1010,1010,1010,0,0,0,0,39.9589,56,0.00188594,-0.00177736,56,-0.00455487,0.00543485,56,-0.00555033,-0.0020938,56,-0.00882171,-0.000487721,56,-0.00211124,-0.00612259,56,0.00096334,0.00429519,56,0.00888881,-0.00547217,56,0.0006091,0.00291065,52,-0.000467371,0.000118157
5493596346661,5493591763000,5493591763000,5493596338957,73729,4.57596,5493608820698,17.0577,1,26073,101947,0,0,1,0,0,0.02,500,500,498,0.996,2.64104,3.68131,0.646394,0.321058,-0.0155945,0.0103912,-4.91617e-05,1.71097e-05,-0.00594358,0.00247995,1,0.000855484,0.00245809,-0.00245809,0.000855484,1,1,-0.00156976,0.000799325,-0.00088833,5.61589e-05,0,0,0,0,0,0,0,0,0,0,0,0,0,0,0,0,0,0,0,0,0,0,0,255,0.22,0.101019,0.22,-0.00226051,0.000957194,1,1,1,1,0,1,1,-0.290726,-3.20811,0.125547,-0.00167285,0.00488792,0.0228042,52.7081,25462,1,367,94.5827,6366,0,0.000884653,0.0115351,0.0124722,0,0,0,1,498,0.225,-4.16699e-05,1.45065e-05,3.26397e-06,9.37574e-06,5.16301e-06,8.4788e-06,0.36605,0.0660968,0.0114406,0.0004825,-0.211929,0.000196886,0.000252715,0.0033555,12.7618,2,0,0,0,0,0,-1,1,-9.04619e-07,-3.41779e-06,-0.211655,0,0.261409,1,1010,1010,1010,1010,0,0,0,0,0.265372,55,-0.00272113,0.000880087,56,-0.00290564,-0.00782272,56,0.000777354,0.00348509,56,-0.00253565,0.00460622,56,-0.00206055,-0.00202553,56,-0.00274371,-0.000896552,55,-0.00234183,0.00176092,56,-0.00160657,0.000595472,52,-0.00424236,0.00139877
5493609355147,5493599777000,5493599777000,5493609344609,73729,9.56761,5493620943233,21.1662,0,26073,101948,0,0,1,0,0,0.008014,500,500,493,0.986,2.68404,3.92318,0.661968,0.313687,0.00318909,0.0191345,2.4117e-05,-9.47367e-06,0.0163069,0.0104861,1,-0.00118214,-0.00300936,0.00300936,-0.00118214,1,1,0.00413496,-0.00113614,-0.00112561,-4.59961e-05,0,0,0,0,0,0,0,0,0,0,0,0,0,0,0,0,0,0,0,0,0,0,0,255,0.22,2.95736,0.22,0.000365608,0.00156341,1,1,1,1,1,1,1,-0.290707,-3.20806,0.12537,-0.000730448,0.00390278,0.0225502,12.1288,25463,1,367,106.727,6366,0,0.000884653,0.0115351,0.0124722,0,0,0,1,493,0.225,2.03859e-05,-8.01605e-06,-1.80361e-06,-4.58682e-06,-2.72795e-06,-4.10458e-06,0.366047,0.0660927,0.0114278,0.000470966,-0.211908,-0.000941872,-0.000206982,0.00329868,11.8787,1,0,0,0,0,0,-1,1,-9.04619e-07,-3.41779e-06,-0.211655,0,12.3977,1,1010,1010,1010,1010,0,0,0,0,12.4016,56,0.000837493,-0.000950716,56,-0.002179,-0.011239,49,-0.0059295,0.00337022,56,0.00386625,-0.00750629,56,0.00672473,0.00810109,56,0.00542995,0.0109028,56,0.00197823,0.00614911,56,0.00954059,0.00149098,52,0.00720979,0.00115307
5493621585163,5493607800000,5493607800000,5493621570497,73729,13.7705,5493634586556,26.7866,0,26073,101949,0,0,1,0,0,0.008023,500,500,500,1,2.70202,3.73473,0.728728,0.317372,0.0347366,0.0548859,4.57843e-05,0.00015302,-0.0149617,-0.0260089,1,0.0190726,-0.00570663,0.00570663,0.0190726,1,1,0.00657417,0.0191205,-0.000867536,-4.78513e-05,0,0,0,0,0,0,0,0,0,0,0,0,0,0,0,0,0,0,0,0,0,0,0,255,0.22,4.73955,0.22,0.00601225,0.0117159,1,1,1,1,0,1,1,-0.290707,-3.20806,0.12537,-0.000730448,0.00390278,0.0225502,25.7516,25463,1,367,120.35,6366,0,0.000884653,0.0115351,0.0124722,0,0,0,1,500,0.225,3.89265e-05,0.000129721,2.91873e-05,-8.75846e-06,2.66927e-05,-1.47002e-05,0.366074,0.066078,0.011435,0.000473812,-0.211884,-0.00027828,-0.000215331,0.0029005,13.3751,1,0,0,0,0,0,-1,1,-9.04619e-07,-3.41779e-06,-0.211655,0,26.0228,1,1010,1010,1010,1010,0,0,0,0,26.0268,56,0.020233,0.024489,56,-0.00437855,0.0349462,56,0.0148473,0.013248,56,-0.00829701,0.0111528,56,-0.00268982,0.0139945,56,0.00882714,0.0154723,56,0.00541795,0.0119049,56,0.00708914,0.0175021,52,0.0178539,0.0203053
5493635124153,5493619774000,5493619774000,5493635113208,73729,15.3392,5493647034779,27.2608,0,26073,101950,0,0,1,0,0,0.011974,500,500,500,1,2.63998,3.53979,0.710561,0.33267,0.0222931,0.0196609,5.09774e-05,3.70409e-05,0.00288124,0.000489409,1,0.00309344,-0.00425734,0.00425734,0.00309344,1,1,0.00441129,0.00323614,-0.000153943,-0.000142697,0,0,0,0,0,0,0,0,0,0,0,0,0,0,0,0,0,0,0,0,0,0,0,255,0.22,8.0151,0.22,0.00395285,0.00322237,1,1,1,1,0,1,1,-0.290707,-3.20806,0.12537,-0.000730448,0.00390278,0.0225502,38.1997,25463,1,367,132.798,6366,0,0.000884653,0.0115351,0.0124722,0,0,0,1,500,0.225,4.31553e-05,3.13764e-05,7.05969e-06,-9.70995e-06,4.86005e-06,-1.09767e-05,0.366078,0.066067,0.011469,0.000450946,-0.211867,0.00193479,-0.000642134,0.00210203,12.1687,2,0,0,0,0,0,-1,1,-9.04619e-07,-3.41779e-06,-0.211655,0,38.4666,1,1010,1010,1010,1010,0,0,0,0,38.4706,56,-0.00628891,-0.00080322,56,0.0174818,0.00992621,56,0.00449414,0.00350299,56,0.00800622,0.0041396,56,0.0153726,0.00344834,56,0.00131654,-0.00146808,56,0.00351645,-0.000754407,56,0.000837454,0.00555934,52,0.00301687,0.00372063
5493647587598,5493627800000,5493627800000,5493647575431,73729,19.7754,5493660749270,32.9493,0,26073,101951,0,0,1,0,0,0.008026,500,500,500,1,2.64622,3.88927,0.60069,0.347096,0.0226593,0.00363922,2.31062e-05,3.68869e-05,-0.00168507,-0.00490007,1,0.00459592,-0.00287892,0.00287892,0.00459592,1,1,0.00289061,0.00468733,-1.16908e-05,-9.14097e-05,0,0,0,0,0,0,0,0,0,0,0,0,0,0,0,0,0,0,0,0,0,0,0,255,0.22,0.612116,0.22,0.00240673,0.00240877,1,1,1,1,0,1,1,-0.290703,-3.20802,0.125148,-0.00133685,0.0054117,0.023248,2.07248,25464,1,367,146.505,6366,0,0.000884653,0.0115351,0.0124722,0,0,0,1,500,0.225,1.96338e-05,3.1226e-05,7.02586e-06,-4.41761e-06,5.93986e-06,-5.79595e-06,0.366084,0.0660612,0.0114743,0.000453776,-0.211863,0.00124006,-0.000411344,0.00103413,1.84374,2,0,0,0,0,0,-1,1,-9.04619e-07,-3.41779e-06,-0.21161,0,2.34115,1,1010,1010,1010,1010,0,0,0,0,2.34496,56,0.0112487,0.00306667,56,0.0119759,0.00521729,56,0.00456792,-0.00135701,56,0.0034923,-0.0053792,56,-0.00136804,0.00793786,56,2.16553e-05,0.0108693,56,0.00116285,0.00121402,56,0.0102504,-0.00822282,52,0.0135914,0.00352588
5493661273848,5493647792000,5493647792000,5493661268496,73729,13.4765,5493675853567,28.0616,1,26074,101952,0,0,1,0,0,0.019992,500,500,500,1,2.68963,4.25799,0.705191,0.309447,0.0310516,-0.0227814,6.81746e-05,-2.98065e-05,-0.00288365,-0.00326312,1,-0.00149092,-0.00341009,0.00341009,-0.00149092,1,1,0.00347791,-0.00149143,-6.78132e-05,5.07855e-07,0,0,0,0,0,0,0,0,0,0,0,0,0,0,0,0,0,0,0,0,0,0,0,255,0.22,4.1647,0.22,0.000723925,-0.000980403,1,1,1,1,1,1,1,-0.290703,-3.20802,0.125148,-0.00133685,0.0054117,0.023248,17.1834,25464,1,367,161.616,6366,0,0.000884653,0.0115351,0.0124722,0,0,0,1,500,0.225,5.7813e-05,-2.52151e-05,-5.6734e-06,-1.30079e-05,-8.28176e-06,-1.15232e-05,0.366076,0.0660497,0.0114743,0.000453776,-0.211863,0.000816487,2.28535e-06,0.000897317,16.9512,0,0,0,0,0,0,-1,1,-9.04619e-07,-3.41779e-06,-0.21161,0,17.4639,1,1010,1010,1010,1010,0,0,0,0,17.4677,56,0.000875423,-6.1163e-05,56,0.00981425,-0.00263489,56,0.00067784,-0.00328762,56,0.00460545,0.000461148,56,0.00251212,-0.00193006,56,0.00086614,-0.00195443,56,0.00132669,-0.00271977,56,0.0021939,-0.0014327,52,0.00213465,-0.00246502
5493676459831,5493667798000,5493667798000,5493676450979,73729,8.65298,5493690491787,22.6938,1,26075,101953,0,0,1,0,0,0.020006,500,500,500,1,2.67663,3.7479,0.647856,0.319299,-0.0594864,0.0120239,-0.000127722,5.58922e-06,-0.00197832,0.000825914,1,0.000279377,0.00638417,-0.00638417,0.000279377,1,1,-0.0061853,-4.54806e-07,-0.000198864,0.000279832,0,0,0,0,0,0,0,0,0,0,0,0,0,0,0,0,0,0,0,0,0,0,0,255,0.22,9.14227,0.22,-0.00588246,0.000454637,1,1,1,1,0,1,1,-0.290703,-3.20802,0.125148,-0.00133685,0.0054117,0.023248,31.8243,25464,1,367,176.257,6366,0,0.000884653,0.0115351,0.0124722,0,0,0,1,500,0.225,-0.000108355,4.73453e-06,1.06527e-06,2.438e-05,6.1685e-06,2.36091e-05,0.366082,0.0660733,0.0114574,0.000480847,-0.211888,-0.000864921,0.00125924,2.39741e-05,14.3665,2,0,0,0,0,0,-1,1,-9.04619e-07,-3.41779e-06,-0.21161,0,32.0933,1,1010,1010,1010,1010,0,0,0,0,32.0971,56,-0.00929612,0.00273543,56,-0.00194652,0.00201221,56,-0.00561941,0.00305839,56,-0.00623946,-0.000770497,56,-0.00119057,-0.000345023,56,-0.00480255,-0.00296208,56,-0.00741222,0.00197314,56,-0.00779994,0.000894443,52,-0.00724427,-0.00079734
5493691021069,5493679774000,5493679774000,5493691010587,73729,11.2366,5493705200341,25.4263,0,26075,101954,0,0,1,0,0,0.011976,500,500,500,1,2.66845,3.68003,0.59256,0.318261,-0.0274124,0.00314331,-2.5575e-05,-1.38832e-05,0.00934322,-0.00148218,1,-0.00115925,0.00213552,-0.00213552,-0.00115925,1,1,-0.00246325,-0.00126858,0.000327736,0.000109333,0,0,0,0,0,0,0,0,0,0,0,0,0,0,0,0,0,0,0,0,0,0,0,255,0.22,3.46362,0.22,-0.00244624,-0.000986365,1,1,1,1,0,1,1,-0.290703,-3.20802,0.125148,-0.00133685,0.0054117,0.023248,46.5262,25464,1,367,190.959,6366,0,0.000884653,0.0115351,0.0124722,0,0,0,1,500,0.225,-2.17348e-05,-1.17149e-05,-2.63585e-06,4.89033e-06,-1.54832e-06,5.33502e-06,0.366081,0.0660787,0.0114464,0.000464745,-0.211916,-0.000239963,0.000491997,-0.00137182,14.4594,1,0,0,0,0,0,-1,1,-9.04619e-07,-3.41779e-06,-0.21161,0,46.792,1,1010,1010,1010,1010,0,0,0,0,0.222446,56,0.00259103,0.00548139,56,0.00182236,-0.00799612,56,-0.00879647,-0.00187455,56,-0.00958063,-0.00670423,56,-0.00593052,0.00184691,56,-0.00255974,0.00371701,56,-0.00048117,0.00127701,56,0.00158211,0.000723824,52,-0.00356979,-6.93566e-05
5493705707159,5493687790000,5493687790000,5493705695567,73729,17.9056,5493717480191,29.6902,0,26075,101955,0,0,1,0,0,0.008016,500,500,496,0.992,2.6878,3.76316,0.603764,0.32128,-0.00966644,-0.0340118,-2.8239e-05,-8.8545e-05,-0.00399531,0.00872154,1,-0.011046,0.00352283,-0.00352283,-0.011046,1,1,-0.00420416,-0.0107903,0.000681338,-0.000255735,0,0,0,0,0,0,0,0,0,0,0,0,0,0,0,0,0,0,0,0,0,0,0,255,0.22,7.43709,0.22,-0.00122544,-0.00895839,1,1,1,1,0,1,1,-0.290703,-3.20802,0.125148,-0.00133685,0.0054117,0.023248,58.8116,25464,1,367,203.244,6366,0,0.000884653,0.0115351,0.0124722,0,0,0,1,496,0.225,-2.39529e-05,-7.50451e-05,-1.68851e-05,5.3894e-06,-1.53737e-05,8.8204e-06,0.366065,0.0660875,0.0114664,0.000450633,-0.211943,0.000347827,-0.00115081,-0.00217456,12.0411,1,0,0,0,0,0,-1,1,-9.04619e-07,-3.41779e-06,-0.211703,0,0.262706,1,1010,1010,1010,1010,0,0,0,0,12.5186,56,-0.00859558,-0.0141831,56,-0.0120383,-0.0184163,52,-0.0107499,-0.00141748,56,-0.00361567,-0.00284477,56,0.00903335,-0.00727656,56,-0.0051066,-0.0129034,56,-0.00732687,-0.0182173,56,0.00815338,-0.00964255,52,-0.00818959,-0.00823118
5493718026399,5493707792000,5493707792000,5493718020270,73729,10.2283,5493731374239,23.5822,1,26076,101956,0,0,1,0,0,0.020002,500,500,500,1,2.68396,3.97568,0.670875,0.31878,0.0553818,-0.0381927,0.000106868,-3.99916e-05,0.00116733,-0.00588023,1,-0.00199938,-0.00534287,0.00534287,-0.00199938,1,1,0.0044046,-0.00179337,0.000938265,-0.000206008,0,0,0,0,0,0,0,0,0,0,0,0,0,0,0,0,0,0,0,0,0,0,0,255,0.22,0.040907,0.22,0.00401799,-0.00258608,1,1,1,1,1,1,1,-0.290726,-3.20793,0.125197,-0.00160843,0.00496166,0.0229135,13.8944,25465,1,367,13.8603,6367,0,0.000884653,0.0116216,0.0112047,0,0,0,1,500,0.225,9.06866e-05,-3.3906e-05,-7.62886e-06,-2.04045e-05,-1.17506e-05,-1.83415e-05,0.366054,0.0660691,0.0114994,0.00043718,-0.211962,0.00268971,-0.000927036,-0.00122599,13.6151,2,0,0,0,0,0,-1,1,-9.04619e-07,-3.41779e-06,-0.211703,0,14.1668,1,1010,1010,1010,1010,0,0,0,0,26.4228,56,0.00148143,0.000601435,56,0.0117923,0.00165838,56,0.00797464,-0.00736261,56,0.00318571,-0.00468695,56,0.000858933,-0.00509573,56,0.00669372,-0.00151792,56,0.00701105,-0.00575022,56,0.00281529,-0.00620294,52,0.00809259,-0.00132466
5493731997670,5493719770000,5493719770000,5493731983966,73729,12.214,5493745856866,26.0869,0,26076,101957,0,0,1,0,0,0.011978,500,500,500,1,2.66596,3.59979,0.68219,0.342632,-0.0227737,-0.00382996,-2.92606e-05,5.64028e-06,-0.00120845,-0.00733504,1,0.000470887,0.00244286,-0.00244286,0.000470887,1,1,-0.00236184,0.000451198,-8.10285e-05,1.96888e-05,0,0,0,0,0,0,0,0,0,0,0,0,0,0,0,0,0,0,0,0,0,0,0,255,0.22,3.84973,0.22,-0.00507325,0.000104329,1,1,1,1,0,1,1,-0.290726,-3.20793,0.125197,-0.00160843,0.00496166,0.0229135,28.362,25465,1,367,28.3278,6367,0,0.000884653,0.0116216,0.0112047,0,0,0,1,500,0.225,-2.47847e-05,4.83597e-06,1.08809e-06,5.57656e-06,2.23684e-06,5.2225e-06,0.366056,0.0660744,0.011494,0.000450704,-0.211955,0.000330501,8.85996e-05,0.000556103,14.2234,1,0,0,0,0,0,-1,1,-9.04619e-07,-3.41779e-06,-0.211703,0,28.6298,1,1010,1010,1010,1010,0,0,0,0,40.8858,56,-0.00144169,0.00574395,56,-0.00215411,-0.00373609,56,-0.00441255,0.00185093,56,-0.00726472,-0.00228798,56,-0.00173269,-0.00502546,56,-0.00266102,0.000141993,56,-0.00674408,0.00253342,56,-0.0032314,0.000551193,52,0.00094451,0.001428
5493746384314,5493727798000,5493727798000,5493746373851,73729,18.5759,5493758399514,30.6015,0,26076,101958,0,0,1,0,0,0.008028,500,500,500,1,2.66606,3.80351,0.663487,0.319558,0.00996399,0.0389633,5.65992e-06,7.79088e-05,-0.00550274,-0.00131223,1,0.00970464,-0.000705022,0.000705022,0.00970464,1,1,0.00158623,0.00941484,-0.000881206,0.0002898,0,0,0,0,0,0,0,0,0,0,0,0,0,0,0,0,0,0,0,0,0,0,0,255,0.22,7.19229,0.22,-0.000300404,0.00873067,1,1,1,1,0,1,1,-0.290726,-3.20793,0.125197,-0.00160843,0.00496166,0.0229135,40.9037,25465,1,367,40.8697,6367,0,0.000884653,0.0116216,0.0112047,0,0,0,1,500,0.225,4.7726e-06,6.60019e-05,1.48504e-05,-1.07384e-06,1.42925e-05,-4.17299e-06,0.36607,0.0660702,0.0114731,0.000460532,-0.211895,-0.000315617,0.0013041,0.00291985,12.2686,2,0,0,0,0,0,-1,1,-9.04619e-07,-3.41779e-06,-0.211608,0,0.25552,1,1010,1010,1010,1010,0,0,0,0,0.259354,56,-0.0115185,0.00771434,56,0.00653181,0.00238938,56,0.00495119,0.0114611,56,0.0111124,0.00570793,56,-0.0088576,0.00616689,56,-0.000202038,0.00953437,56,0.00327277,0.00665783,56,0.00695817,0.0216003,52,-0.0036238,0.00933901
5493758967241,5493747789000,5493747789000,5493758959759,73729,11.1708,5493769860859,22.0719,1,26077,101959,0,0,1,0,0,0.019991,500,500,500,1,2.67624,3.78538,0.706301,0.321151,-0.0106964,0.0776215,-3.60308e-05,0.000106098,-0.00238666,0.00721836,1,0.00530727,0.00180235,-0.00180235,0.00530727,1,1,-0.000608077,0.00553408,-0.00119428,-0.000226814,0,0,0,0,0,0,0,0,0,0,0,0,0,0,0,0,0,0,0,0,0,0,0,255,0.22,0.4143,0.22,-0.00128144,0.00432496,1,1,1,2,0,1,1,-0.290708,-3.2079,0.124993,-0.00102408,0.00444537,0.0231892,11.4698,25466,1,367,52.3549,6367,0,0.000884653,0.0116216,0.0112047,0,0,0,1,500,0.225,-3.05581e-05,8.98722e-05,2.02212e-05,6.87557e-06,2.12148e-05,2.46926e-06,0.366091,0.0660727,0.0114852,0.000446096,-0.211862,-3.85819e-05,-0.00102067,0.00426853,11.207,1,0,0,0,0,0,-1,1,-9.04619e-07,-3.41779e-06,-0.211608,0,11.7314,1,1010,1010,1010,1010,0,0,0,0,11.7353,56,-0.00040687,0.00157364,56,-0.00601155,0.0091976,56,-0.000421079,0.00278305,56,-0.000286006,0.00629348,56,-0.0030895,0.00972114,56,-0.00290222,0.00628775,56,-8.63019e-05,0.00877248,56,-0.000449924,0.00389696,52,-0.00379282,0.00724592
5493770410437,5493759766000,5493759766000,5493770398641,73729,10.6326,5493784376411,24.6104,0,26077,101960,0,0,1,0,0,0.011977,500,500,500,1,2.68826,3.69179,0.673727,0.321725,0.0185242,0.00642395,3.57734e-05,3.55343e-05,-0.0038251,-0.0056942,1,0.00296688,-0.00298684,0.00298684,0.00296688,1,1,0.00360045,0.00323111,-0.000613611,-0.000264229,0,0,0,0,0,0,0,0,0,0,0,0,0,0,0,0,0,0,0,0,0,0,0,255,0.22,1.6784,0.22,0.00225016,0.00141475,1,1,1,1,1,1,1,-0.290708,-3.2079,0.124993,-0.00102408,0.00444537,0.0231892,25.9618,25466,1,367,66.8469,6367,0,0.000884653,0.0116216,0.0112047,0,0,0,1,500,0.225,3.03714e-05,3.00952e-05,6.77143e-06,-6.83356e-06,5.1832e-06,-8.10417e-06,0.366096,0.0660646,0.0114971,0.000442224,-0.211853,0.00128618,-0.00118903,0.00323794,14.2179,1,0,0,0,0,0,-1,1,-9.04619e-07,-3.41779e-06,-0.211608,0,26.2306,1,1010,1010,1010,1010,0,0,0,0,26.2344,56,-0.00718844,-0.000997538,56,-0.00188831,-0.00393098,56,0.0047321,-0.00121614,56,0.000490551,0.0113936,56,0.00665676,0.00298661,56,0.00539704,-0.00300323,56,0.00209214,-0.000482701,56,0.00426531,0.00409975,52,0.000266314,0.00384219
5493784987268,5493767797000,5493767797000,5493784972619,73729,17.1756,5493796634354,28.8374,0,26077,101961,0,0,1,0,0,0.008031,500,500,500,1,2.67283,3.5328,0.661597,0.319706,0.0167236,0.00296021,2.03293e-05,-8.53679e-06,0.00165967,0.00160151,1,-0.00106298,-0.00253135,0.00253135,-0.00106298,1,1,0.00246996,-0.000803166,6.13873e-05,-0.000259814,0,0,0,0,0,0,0,0,0,0,0,0,0,0,0,0,0,0,0,0,0,0,0,255,0.22,6.09201,0.22,0.00205736,0.00100574,1,1,1,1,0,1,1,-0.290708,-3.2079,0.124993,-0.00102408,0.00444537,0.0231892,38.2208,25466,1,367,79.1059,6367,0,0.000884653,0.0116216,0.0112047,0,0,0,1,500,0.225,1.71824e-05,-7.23547e-06,-1.62798e-06,-3.86604e-06,-2.40459e-06,-3.43694e-06,0.366094,0.0660611,0.0114681,0.000419248,-0.21189,-5.83092e-06,-0.00116916,-0.000225659,11.9686,2,0,0,0,0,0,-1,1,-9.04619e-07,-3.41779e-06,-0.211608,0,38.4929,1,1010,1010,1010,1010,0,0,0,0,38.4968,56,-0.0016255,-0.000577641,56,0.0192309,0.0100541,56,-0.00350104,0.00477966,56,0.000226239,-0.00544144,56,0.00381073,0.00474626,56,0.00279907,-0.000167112,56,0.00435661,0.00541399,56,0.00997693,-0.00264875,52,0.00571058,-0.00456851
5493797174358,5493787786000,5493787786000,5493797168358,73729,9.38236,5493810275271,22.4893,1,26078,101962,0,0,1,0,0,0.019989,500,500,486,0.972,2.70541,3.96307,0.600393,0.315243,-0.0152054,-0.0417023,2.84489e-06,-0.000107165,0.00456641,0.00243139,1,-0.0053612,-0.000142323,0.000142323,-0.0053612,1,1,-0.000151542,-0.00545052,0.000293865,8.93241e-05,0,0,0,0,0,0,0,0,0,0,0,0,0,0,0,0,0,0,0,0,0,0,0,255,0.22,8.08815,0.22,-0.00151651,-0.00266262,1,1,1,1,0,1,1,-0.290708,-3.2079,0.124993,-0.00102408,0.00444537,0.0231892,51.86,25466,1,367,92.7452,6367,0,0.000884653,0.0116216,0.0112047,0,0,0,1,486,0.225,2.40363e-06,-9.0788e-05,-2.04273e-05,-5.40818e-07,-2.00841e-05,3.76777e-06,0.366074,0.0660649,0.0114693,0.00043864,-0.211911,-0.000805608,0.000401959,-0.0017024,13.3789,1,0,0,0,0,0,-1,1,-9.04619e-07,-3.41779e-06,-0.211663,0,0.247484,1,1010,1010,1010,1010,0,0,0,0,0.251447,56,0.0020656,-0.00667468,56,-0.000447049,-0.0113877,42,-0.000695516,-0.00430828,56,0.0041849,0.000389381,56,-0.000460151,-0.00679904,56,-0.00274344,-0.00525295,56,-0.000482823,-0.00481581,56,-0.00314271,-0.00414028,52,0.000733189,-0.00185829
5493810822738,5493799766000,5493799766000,5493810811052,73729,11.0451,5493824948695,25.1827,0,26078,101963,0,0,1,0,0,0.01198,500,500,500,1,2.68485,3.76671,0.700986,0.31778,0.00796509,0.00338745,4.4321e-05,-4.74052e-06,0.00451156,0.000937469,1,-0.000395703,-0.00369958,0.00369958,-0.000395703,1,1,0.00330256,-0.000434727,0.000397024,3.90233e-05,0,0,0,0,0,0,0,0,0,0,0,0,0,0,0,0,0,0,0,0,0,0,0,255,0.22,1.53079,0.22,0.00285119,0.000385341,1,1,1,1,0,1,1,-0.290736,-3.20787,0.12485,-0.00140538,0.00529301,0.0226856,14.6584,25467,1,367,107.419,6367,0,0.000884653,0.0116216,0.0112047,0,0,0,1,500,0.225,3.75231e-05,-4.03952e-06,-9.08891e-07,-8.4427e-06,-2.66426e-06,-8.06211e-06,0.366071,0.0660568,0.0114737,0.00042023,-0.211916,0.000391803,0.000175605,-0.00111584,14.4233,1,0,0,0,0,0,-1,1,-9.04619e-07,-3.41779e-06,-0.211663,0,14.9361,1,1010,1010,1010,1010,0,0,0,0,14.9401,56,-0.00915918,-0.00304708,56,-0.000739124,-0.00114164,56,-0.00251798,-0.0017774,56,0.00122949,-0.00538861,56,0.00566528,0.00853292,56,0.00342065,0.00259027,56,0.00423112,-4.21905e-05,56,0.00835686,0.0027649,52,-0.00085841,-9.05213e-05
5493825503291,5493819769000,5493819769000,5493825497217,73729,5.72822,5493838216997,18.448,1,26079,101964,0,0,1,0,0,0.020003,500,500,464,0.928,2.68302,3.86664,0.675098,0.306354,-0.0141068,-0.0330887,-6.05445e-05,-4.96202e-05,-0.00821805,-0.00203278,1,-0.00248064,0.00302677,-0.00302677,-0.00248064,1,1,-0.00311449,-0.00217108,8.77158e-05,-0.000309556,0,0,0,0,0,0,0,0,0,0,0,0,0,0,0,0,0,0,0,0,0,0,0,255,0.22,6.05679,0.22,-0.00142251,-0.00262653,1,1,1,1,1,1,1,-0.290736,-3.20787,0.12485,-0.00140538,0.00529301,0.0226856,27.9276,25467,1,367,120.689,6367,0,0.000884653,0.0116216,0.0112047,0,0,0,1,464,0.225,-5.13248e-05,-4.20989e-05,-9.47225e-06,1.15481e-05,-6.83176e-06,1.32812e-05,0.366064,0.0660701,0.0115124,0.000405883,-0.211897,0.00148723,-0.001393,0.000874004,13.0102,2,0,0,0,0,0,-1,1,-9.04619e-07,-3.41779e-06,-0.211663,0,28.1818,1,1010,1010,1010,1010,0,0,0,0,28.1858,56,-0.00296099,0.000542865,56,0.00519952,0.00350016,27,0.000731058,-0.00534109,56,-0.00167763,-0.00513681,56,-0.00396036,-0.00182393,50,0.00126957,-0.00374641,56,-0.00528553,-0.00441796,56,-0.0061392,-0.00680645,51,-0.00310349,-0.0030993
5493838796705,5493827787000,5493827787000,5493838783575,73729,10.9966,5493850805461,23.0185,0,26079,101965,0,0,1,0,0,0.008018,500,500,500,1,2.67485,3.83177,0.669616,0.318225,0.00428772,0.010025,4.3221e-06,1.36199e-05,-0.00343477,0.00364313,1,0.00169867,-0.000539049,0.000539049,0.00169867,1,1,0.000644241,0.00163987,-0.000105192,5.88034e-05,0,0,0,0,0,0,0,0,0,0,0,0,0,0,0,0,0,0,0,0,0,0,0,255,0.22,9.15529,0.22,-0.0011195,0.00379154,1,1,1,1,0,1,1,-0.290736,-3.20787,0.12485,-0.00140538,0.00529301,0.0226856,40.5259,25467,1,367,133.287,6367,0,0.000884653,0.0116216,0.0112047,0,0,0,1,500,0.225,3.63809e-06,1.15238e-05,2.59286e-06,-8.18571e-07,2.36274e-06,-1.34549e-06,0.366067,0.0660688,0.0115112,0.000407692,-0.211881,0.00210614,0.000264616,0.0020636,12.3511,1,0,0,0,0,0,-1,1,-9.04619e-07,-3.41779e-06,-0.211663,0,40.8008,1,1010,1010,1010,1010,0,0,0,0,40.8048,56,-0.00734261,0.00123189,56,-0.00285986,-0.00219201,56,-0.00993649,0.00562569,56,-0.00767066,0.00696763,56,0.0104117,0.00423344,56,0.00290361,0.00111958,56,-0.00300536,-0.000684221,56,0.0114984,0.00315412,52,-0.000245997,0.00103936
5493851356502,5493835803000,5493835803000,5493851345335,73729,15.5423,5493864882658,29.0797,0,26079,101966,0,0,1,0,0,0.008016,500,500,500,1,2.68163,4.08101,0.658949,0.358262,-0.026947,0.0150146,-4.91818e-05,2.70971e-05,-0.00396221,-0.000889413,1,0.00338037,0.00613545,-0.00613545,0.00338037,1,1,-0.00575757,0.00318927,-0.000377887,0.000191102,0,0,0,0,0,0,0,0,0,0,0,0,0,0,0,0,0,0,0,0,0,0,0,255,0.22,1.47714,0.22,-0.00746855,0.00371747,1,1,1,1,0,1,1,-0.290725,-3.20782,0.124724,-0.000672885,0.00497333,0.0229389,4.68133,25468,1,367,147.348,6367,0,0.000884653,0.0116216,0.0112047,0,0,0,1,500,0.225,-4.16804e-05,2.29602e-05,5.16604e-06,9.37809e-06,7.02281e-06,8.08119e-06,0.366074,0.0660768,0.0114749,0.000434348,-0.211903,-0.000743105,0.000859957,0.000765908,4.45344,2,0,0,0,0,0,-1,1,-9.04619e-07,-3.41779e-06,-0.211649,0,4.94583,1,1010,1010,1010,1010,0,0,0,0,4.95004,56,-0.0077733,0.00789647,56,-0.0145151,-0.00183339,56,-0.000948403,0.00417183,56,0.00235992,-0.00132473,56,0.00271341,0.00405094,56,-0.0179004,0.002262,56,-0.00550506,0.00384844,56,-0.0140822,0.00964529,52,-0.0032466,0.00612919
5493865408644,5493855803000,5493855803000,5493865402403,73729,9.5994,5493877490604,21.6876,1,26080,101967,0,0,1,0,0,0.02,500,500,499,0.998,2.66535,3.58462,0.732617,0.318965,-0.0428009,0.0690918,-6.00462e-05,0.000143495,0.00412479,0.00316749,1,0.00717477,0.00300231,-0.00300231,0.00717477,1,1,-0.00300925,0.00690334,6.93718e-06,0.000271434,0,0,0,0,0,0,0,0,0,0,0,0,0,0,0,0,0,0,0,0,0,0,0,255,0.22,5.18763,0.22,-0.00466171,0.00566828,1,1,1,2,0,1,1,-0.290725,-3.20782,0.124724,-0.000672885,0.00497333,0.0229389,17.2947,25468,1,367,159.962,6367,0,0.000884653,0.0116216,0.0112047,0,0,0,1,499,0.225,-5.10741e-05,0.000121524,2.73429e-05,1.14917e-05,2.91482e-05,5.48259e-06,0.366103,0.0660823,0.0114688,0.000433279,-0.21192,-0.00110492,0.00122145,-0.000908913,12.2863,1,0,0,0,0,0,-1,1,-9.04619e-07,-3.41779e-06,-0.211649,0,17.556,1,1010,1010,1010,1010,0,0,0,0,17.5602,56,-0.0115912,0.00390748,56,0.00636169,0.0079021,55,-0.00575248,0.00666758,56,-0.00157188,0.0113543,56,-0.00428856,0.010166,56,-0.00197013,0.00532131,56,-0.00322242,0.00637949,56,-0.00269946,0.00310399,52,-0.00464132,0.00616747
5493877989533,5493867787000,5493867787000,5493877980256,73729,10.1933,5493892158991,24.372,0,26080,101968,0,0,1,0,0,0.011984,500,500,498,0.996,2.66578,3.90347,0.629653,0.321761,-0.00634766,0.0187378,-1.14328e-05,4.67725e-05,-0.00243979,-0.00872031,1,0.00390291,0.000954006,-0.000954006,0.00390291,1,1,-0.00130892,0.00412941,0.000354913,-0.000226495,0,0,0,0,0,0,0,0,0,0,0,0,0,0,0,0,0,0,0,0,0,0,0,255,0.22,7.2512,0.22,0.00165518,0.00110533,1,1,1,1,1,1,1,-0.290725,-3.20782,0.124724,-0.000672885,0.00497333,0.0229389,31.9749,25468,1,367,174.642,6367,0,0.000884653,0.0116216,0.0112047,0,0,0,1,498,0.225,-9.65692e-06,3.96433e-05,8.91974e-06,2.17281e-06,9.17721e-06,2.47725e-07,0.366112,0.0660826,0.0114881,0.000397896,-0.211939,0.000259314,-0.00101923,-0.00107024,8.04712,2,0,0,0,0,0,-1,1,-9.04619e-07,-3.41779e-06,-0.211649,0,32.2424,1,1010,1010,1010,1010,0,0,0,0,32.2466,56,0.00210572,0.0023354,56,-0.00269361,0.0135941,56,0.002919,0.00203224,56,-0.00555128,-0.00515447,56,-0.00142683,0.00396299,56,-0.00496042,0.00436234,54,0.000882995,0.0100902,56,0.00223171,0.0042801,52,-0.00397011,0.000193876
5493892778718,5493875811000,5493875811000,5493892764347,73729,16.9533,5493904431601,28.6206,0,26080,101969,0,0,1,0,0,0.008024,500,500,500,1,2.73343,3.62288,0.592542,0.323558,0.0401611,-0.019928,8.44459e-05,-5.21459e-05,0.0217009,0.00177021,1,-0.00649874,-0.0105242,0.0105242,-0.00649874,1,1,0.0101001,-0.00612321,0.000424031,-0.000375525,0,0,0,0,0,0,0,0,0,0,0,0,0,0,0,0,0,0,0,0,0,0,0,255,0.22,2.32348,0.22,0.00869025,-0.00579692,1,1,1,1,0,1,1,-0.290725,-3.20782,0.124724,-0.000672885,0.00497333,0.0229389,44.2361,25468,1,367,186.903,6367,0,0.000884653,0.0116216,0.0112047,0,0,0,1,500,0.225,7.16151e-05,-4.41317e-05,-9.92962e-06,-1.61134e-05,-1.30968e-05,-1.3663e-05,0.366099,0.0660689,0.0114881,0.000397896,-0.211939,0.0010359,-0.00168986,-0.000697792,20.3303,0,0,0,0,0,0,-1,1,-9.04619e-07,-3.41779e-06,-0.211649,0,44.5083,1,1010,1010,1010,1010,0,0,0,0,0.223983,56,0.0279983,-0.0046146,56,0.00420871,-0.0195287,56,0.0104258,-0.00356566,56,0.00375462,0.00123853,56,0.0216785,-0.00941148,56,0.0131046,0.000109731,56,0.00505887,-0.00675359,56,0.00158062,-0.00419304,52,0.0175981,-0.0068998
5493904971475,5493895808000,5493895808000,5493904965160,73729,9.15716,5493917437031,21.629,1,26081,101970,0,0,1,0,0,0.019997,500,500,500,1,2.70182,3.83462,0.634542,0.321409,0.0822144,-0.0674286,0.000137119,-0.000136554,-0.00214967,0.00128685,1,-0.0068287,-0.00685696,0.00685696,-0.0068287,1,1,0.00713837,-0.00653165,-0.000281405,-0.00029705,0,0,0,0,0,0,0,0,0,0,0,0,0,0,0,0,0,0,0,0,0,0,0,255,0.22,4.37783,0.22,0.00569894,-0.00449654,1,1,1,1,0,1,1,-0.290759,-3.20783,0.124781,-0.00126779,0.00494066,0.0232463,3.36028,25469,1,367,3.31623,6368,0,0.000884653,0.0114765,0.0104565,0,0,0,1,500,0.225,0.000116316,-0.00011569,-2.60302e-05,-2.61712e-05,-3.0951e-05,-2.0111e-05,0.366068,0.0660488,0.0115179,0.00037235,-0.211849,0.00198251,-0.00133672,0.00259907,3.09143,3,0,0,0,0,0,-1,1,-9.0462e-07,-3.41779e-06,-0.211636,0,3.62112,1,1010,1010,1010,1010,0,0,0,0,13.2131,56,0.00955401,-0.00556511,56,0.00365475,-0.013267,56,0.00449416,-0.00433488,56,0.00802379,-0.00807321,56,0.00409739,-0.00738114,56,0.00659603,-0.00409218,56,0.00885079,-0.00793562,56,0.0100338,-0.00454377,52,0.00766243,-0.00634485
5493917964294,5493907781000,5493907781000,5493917951368,73729,10.1704,5493932233770,24.4528,0,26081,101971,0,0,1,0,0,0.011973,500,500,500,1,2.70045,3.95957,0.663042,0.318595,0.0136566,-0.0118103,1.39884e-05,2.17012e-05,-0.0027744,-0.00336034,1,0.00181251,-0.00116833,0.00116833,0.00181251,1,1,0.00206037,0.00192327,-0.000892047,-0.000110761,0,0,0,0,0,0,0,0,0,0,0,0,0,0,0,0,0,0,0,0,0,0,0,255,0.22,6.59049,0.22,-0.00136995,0.00215312,1,1,1,1,0,1,1,-0.290759,-3.20783,0.124781,-0.00126779,0.00494066,0.0232463,18.176,25469,1,367,18.1319,6368,0,0.000884653,0.0114765,0.0104565,0,0,0,1,500,0.225,1.18873e-05,1.83723e-05,4.13378e-06,-2.67464e-06,3.47899e-06,-3.48388e-06,0.366072,0.0660453,0.0115179,0.00037235,-0.211849,0.000970951,-0.000498424,0.00398813,17.8864,0,0,0,0,0,0,-1,1,-9.0462e-07,-3.41779e-06,-0.211636,0,18.4567,1,1010,1010,1010,1010,0,0,0,0,28.0486,56,0.00161595,-0.00160505,56,0.0142523,0.0180814,56,0.00393849,-0.00526453,56,-0.0028953,0.000232979,56,-0.00117967,-0.00416145,56,0.00188622,-0.00520192,56,-0.00086702,-0.000971005,56,0.00195457,-0.00311851,52,0.00221305,0.00147759
5493932793997,5493915805000,5493915805000,5493932782404,73729,16.9774,5493944802438,28.9974,0,26081,101972,0,0,1,0,0,0.008024,500,500,500,1,2.68033,3.54408,0.74182,0.326132,-0.00457001,-0.0190048,-4.36583e-05,-3.42819e-05,-0.0116962,-0.00533535,1,-0.00427242,0.00544096,-0.00544096,-0.00427242,1,1,-0.00424913,-0.00441587,-0.00119183,0.000143446,0,0,0,0,0,0,0,0,0,0,0,0,0,0,0,0,0,0,0,0,0,0,0,255,0.22,1.75192,0.22,-0.00480698,-0.00215175,1,1,1,1,1,1,1,-0.290759,-3.20783,0.124781,-0.00126779,0.00494066,0.0232463,30.7266,25469,1,367,30.6824,6368,0,0.000884653,0.0114765,0.0104565,0,0,0,1,500,0.225,-3.70215e-05,-2.90622e-05,-6.539e-06,8.32983e-06,-4.64197e-06,9.51772e-06,0.366067,0.0660548,0.0115042,0.000383915,-0.211788,1.45739e-05,0.000645505,0.00430225,10.8455,2,0,0,0,0,0,-1,1,-9.0462e-07,-3.41779e-06,-0.211636,0,31.0029,1,1010,1010,1010,1010,0,0,0,0,40.5948,56,-0.0121383,-0.00746079,56,0.00432095,-0.0120937,56,-0.0131593,-0.00134679,56,-0.00119333,-0.0101145,56,0.00158661,0.00749216,56,-0.00847112,0.00039681,56,0.000513788,-0.00848341,56,-0.00936145,-0.00215929,52,-0.000943476,-0.0049518
5493945544184,5493935806000,5493935806000,5493945529740,73729,9.72374,5493958159741,22.3537,1,26082,101973,0,0,1,0,0,0.020001,500,500,500,1,2.86271,3.62703,0.649635,0.322243,-0.0681229,0.0354691,-0.000132984,5.55285e-05,0.000672009,0.00137146,1,0.00277629,0.00664888,-0.00664888,0.00277629,1,1,-0.00627843,0.00262468,-0.000370453,0.000151607,0,0,0,0,0,0,0,0,0,0,0,0,0,0,0,0,0,0,0,0,0,0,0,255,0.22,4.35101,0.22,-0.00668824,0.00246717,1,1,1,1,0,1,1,-0.290759,-3.20783,0.124781,-0.00126779,0.00494066,0.0232463,44.0865,25469,1,367,44.0425,6368,0,0.000884653,0.0114765,0.0104565,0,0,0,1,500,0.225,-0.000112791,4.70552e-05,1.05874e-05,2.5378e-05,1.56859e-05,2.25833e-05,0.366083,0.0660774,0.011505,0.0003886,-0.211816,-0.000220191,0.000682231,0.00115748,13.0942,1,0,0,0,0,0,-1,1,-9.04619e-07,-3.41779e-06,-0.211616,0,0.141853,1,1010,1010,1010,1010,0,0,0,0,0.145501,56,-0.00380682,0.000213791,56,-0.00260206,0.00461126,56,-0.00639369,0.00168413,56,-0.00595644,0.00626483,56,-0.0040009,0.00332847,56,-0.00812912,0.000231287,56,-0.00995976,0.00487378,56,-0.00510988,0.00259184,52,-0.00765725,0.00335871
5493958699875,5493947791000,5493947791000,5493958687004,73729,10.896,5493970743927,22.9529,0,26082,101974,0,0,1,0,0,0.011985,500,500,500,1,2.68721,3.88151,0.633709,0.318428,-0.0121155,0.0288391,-1.45554e-05,5.6918e-05,0.00159675,-0.00406013,1,0.0047491,0.00121447,-0.00121447,0.0047491,1,1,-0.00195477,0.00476481,0.000740299,-1.57071e-05,0,0,0,0,0,0,0,0,0,0,0,0,0,0,0,0,0,0,0,0,0,0,0,255,0.22,6.6179,0.22,-0.00145555,0.00281108,1,1,1,2,0,1,1,-0.290724,-3.20779,0.124633,-0.000192754,0.00511232,0.0236418,12.4788,25470,1,367,56.6501,6368,0,0.000884653,0.0114765,0.0104565,0,0,0,1,500,0.225,-1.23422e-05,4.82215e-05,1.08498e-05,2.77699e-06,1.11912e-05,4.33116e-07,0.366094,0.0660778,0.0115056,0.00037431,-0.21187,0.000295218,-7.06821e-05,-0.0024289,12.2109,1,0,0,0,0,0,-1,1,-9.04619e-07,-3.41779e-06,-0.211616,0,12.7389,1,1010,1010,1010,1010,0,0,0,0,12.7426,56,-0.0047479,0.0106314,56,-0.0106877,0.0102491,56,-0.00186583,0.00425079,56,8.17527e-05,0.00182175,56,-0.00562968,0.00315555,56,0.00506589,0.00652188,56,0.00273678,0.00318187,56,-0.00559268,0.00761864,52,-0.00197725,0.00334672
5493971317117,5493955805000,5493955805000,5493971304098,73729,15.4991,5493983349965,27.545,0,26082,101975,0,0,1,0,0,0.008014,500,500,500,1,2.66433,3.59203,0.738746,0.319872,-0.0169067,-0.00250244,-3.41441e-05,-1.41666e-07,0.00843732,-0.00153353,1,-1.76774e-05,0.00426056,-0.00426056,-1.76774e-05,1,1,-0.00576048,0.000131299,0.00149992,-0.000148976,0,0,0,0,0,0,0,0,0,0,0,0,0,0,0,0,0,0,0,0,0,0,0,255,0.22,-0.295946,0.22,-0.00408171,-0.000660597,1,1,1,1,0,1,1,-0.290724,-3.20779,0.124633,-0.000192754,0.00511232,0.0236418,25.064,25470,1,367,69.2352,6368,0,0.000884653,0.0114765,0.0104565,0,0,0,1,500,0.225,-2.89742e-05,-1.01738e-07,-2.2891e-08,6.5192e-06,1.34888e-06,6.37773e-06,0.366095,0.0660842,0.0115075,0.000367662,-0.211934,0.000348948,-0.000670392,-0.00512055,12.3011,1,0,0,0,0,0,-1,1,-9.04619e-07,-3.41779e-06,-0.211616,0,25.3422,1,1010,1010,1010,1010,0,0,0,0,25.3458,56,-0.000426514,-0.00806219,56,0.0138059,0.0105276,56,-0.00671163,3.85305e-05,56,-0.00800557,0.00653676,56,-0.0128887,0.000639788,56,-0.00452604,0.00444244,56,-0.00600552,-0.00309717,56,-0.000943543,-0.00383803,52,0.00400383,-0.00277727
5493983918544,5493975811000,5493975811000,5493983911395,73729,8.10039,5493997368477,21.5575,1,26083,101976,0,0,1,0,0,0.020006,500,500,500,1,2.6703,3.85245,0.756098,0.315595,0.036377,0.0271606,0.000110899,2.29622e-05,0.00771618,0.00166956,1,0.00114777,-0.00554329,0.00554329,0.00114777,1,1,0.00405081,0.00103087,0.00149248,0.000116901,0,0,0,0,0,0,0,0,0,0,0,0,0,0,0,0,0,0,0,0,0,0,0,255,0.22,2.16792,0.22,0.00382935,0.00218243,1,1,1,1,1,1,1,-0.290724,-3.20779,0.124633,-0.000192754,0.00511232,0.0236418,39.0814,25470,1,367,83.2526,6368,0,0.000884653,0.0114765,0.0104565,0,0,0,1,500,0.225,9.39758e-05,1.94828e-05,4.38363e-06,-2.11445e-05,-1.63812e-07,-2.15922e-05,0.366095,0.0660626,0.0115006,0.000382621,-0.212017,0.000393734,0.000526053,-0.00505795,12.2666,2,0,0,0,0,0,-1,1,-9.04619e-07,-3.41779e-06,-0.211616,0,39.3481,1,1010,1010,1010,1010,0,0,0,0,39.3517,56,0.00147349,0.00171506,56,0.00760528,-0.00973097,56,0.00143777,0.00238387,56,0.0105219,0.00204876,56,0.00758466,0.00736541,56,0.00499406,0.00249737,56,0.00483019,0.00528011,56,0.0038095,0.00401207,52,0.00098335,0.00264499
5493997975759,5493987781000,5493987781000,5493997960981,73729,10.18,5494013011538,25.2305,0,26083,101977,0,0,1,0,0,0.01197,500,500,500,1,2.69252,4.63163,0.661913,0.320725,0.00521851,0.0272522,-1.50931e-05,1.97054e-05,-0.00676478,0.0137688,1,0.00164623,0.00126091,-0.00126091,0.00164623,1,1,-0.000731049,0.00179007,-0.000529863,-0.000143839,0,0,0,0,0,0,0,0,0,0,0,0,0,0,0,0,0,0,0,0,0,0,0,255,0.22,6.06949,0.22,9.91655e-05,0.00261673,1,1,1,1,0,1,1,-0.290716,-3.20781,0.12451,-0.00206999,0.00431609,0.0233501,3.64197,25471,1,367,98.8903,6368,0,0.000884653,0.0114765,0.0104565,0,0,0,1,500,0.225,-1.27542e-05,1.66974e-05,3.75691e-06,2.8697e-06,4.27643e-06,2.0151e-06,0.366099,0.0660646,0.0115228,0.000352589,-0.211919,0.000262672,-0.000647277,0.00211765,3.41117,2,0,0,0,0,0,-1,1,-9.04619e-07,-3.41779e-06,-0.211664,0,3.91273,1,1010,1010,1010,1010,0,0,0,0,3.91686,56,-0.00146365,-0.00591991,56,-0.00932986,7.5539e-05,56,0.000732659,0.0045999,56,-0.00668012,0.00577374,56,0.0048235,-0.00334375,56,-0.0015813,0.00482047,56,0.00552191,0.00257546,56,-0.000963425,0.00222559,52,-0.0029381,0.00116114
5494013542838,5494007786000,5494007786000,5494013537079,73729,5.75108,5494024220880,16.4349,1,26084,101978,0,0,1,0,0,0.020005,500,500,499,0.998,2.67893,3.59951,0.701579,0.314761,0.0391541,-0.0152893,4.60671e-05,1.18668e-05,-0.00741078,-0.00676061,1,0.000593194,-0.00230278,0.00230278,0.000593194,1,1,0.00333777,0.000831429,-0.00103499,-0.000238235,0,0,0,0,0,0,0,0,0,0,0,0,0,0,0,0,0,0,0,0,0,0,0,255,0.22,1.35614,0.22,0.00309535,-0.000785405,1,1,1,2,0,1,1,-0.290716,-3.20781,0.12451,-0.00206999,0.00431609,0.0233501,14.8587,25471,1,367,110.107,6368,0,0.000884653,0.0114765,0.0104565,0,0,0,1,499,0.225,3.91579e-05,1.00568e-05,2.26278e-06,-8.81054e-06,3.59076e-07,-9.0888e-06,0.3661,0.0660556,0.0115228,0.000352589,-0.211919,0.00110702,-0.00107206,0.00461158,14.5895,0,0,0,0,0,0,-1,1,-9.04619e-07,-3.41779e-06,-0.211664,0,15.1203,1,1010,1010,1010,1010,0,0,0,0,15.1245,56,0.0020589,-0.00185479,55,-0.00112553,0.0046132,56,0.00681534,-0.000968417,56,0.00500499,0.000889079,56,-0.00271256,0.0019591,56,-0.000302076,-0.000811635,56,0.00507743,-0.00377509,56,0.00336866,-0.000927506,52,0.00373861,0.00211423
5494024776496,5494015797000,5494015797000,5494024763292,73729,8.96629,5494035864319,20.0673,0,26084,101979,0,0,1,0,0,0.008011,500,500,500,1,2.68508,3.5119,0.701653,0.337447,0.0147629,-0.0547028,6.06851e-05,-0.000113574,0.0106755,0.00650116,1,-0.0141772,-0.00757522,0.00757522,-0.0141772,1,1,0.00921413,-0.0136921,-0.00163891,-0.000485072,0,0,0,0,0,0,0,0,0,0,0,0,0,0,0,0,0,0,0,0,0,0,0,255,0.22,2.44313,0.22,0.00281596,-0.0101352,1,1,1,1,0,1,1,-0.290716,-3.20781,0.12451,-0.00206999,0.00431609,0.0233501,26.5024,25471,1,367,121.751,6368,0,0.000884653,0.0114765,0.0104565,0,0,0,1,500,0.225,5.13838e-05,-9.62597e-05,-2.16584e-05,-1.15613e-05,-2.36046e-05,-6.74975e-06,0.366076,0.0660488,0.0115638,0.000317615,-0.211777,0.00286436,-0.00218282,0.00819158,11.363,2,0,0,0,0,0,-1,1,-9.04619e-07,-3.41779e-06,-0.211664,0,26.7885,1,1010,1010,1010,1010,0,0,0,0,26.7926,56,-0.0105551,0.00084378,56,0.0288997,-0.0126861,56,0.00357628,-0.0119727,56,0.0136571,-0.0218409,56,0.0161503,-0.0120349,56,0.00222928,-0.0203328,56,0.000427306,-0.0144338,56,0.00441917,-0.0182782,52,0.00274353,-0.0155644
5494036415656,5494027783000,5494027783000,5494036405045,73729,8.62204,5494050736615,22.9536,0,26084,101980,0,0,1,0,0,0.011986,500,500,499,0.998,2.67498,3.60599,0.698487,0.32041,0.00387573,-0.0275574,-2.71838e-05,-3.34079e-05,-0.0167396,-0.00333741,1,-0.00278725,0.00226796,-0.00226796,-0.00278725,1,1,-0.00100885,-0.00272268,-0.00125912,-6.45686e-05,0,0,0,0,0,0,0,0,0,0,0,0,0,0,0,0,0,0,0,0,0,0,0,255,0.22,3.93094,0.22,-0.0036524,-0.000698443,1,1,1,1,1,1,1,-0.290716,-3.20781,0.12451,-0.00206999,0.00431609,0.0233501,41.3688,25471,1,367,136.617,6368,0,0.000884653,0.0114765,0.0104565,0,0,0,1,499,0.225,-2.29491e-05,-2.83132e-05,-6.37047e-06,5.16355e-06,-5.14301e-06,6.38677e-06,0.366071,0.0660552,0.0115657,0.000326084,-0.21175,0.00172518,-0.000290559,0.00591296,14.6055,1,0,0,0,0,0,-1,1,-9.04619e-07,-3.41779e-06,-0.211664,0,41.6476,1,1010,1010,1010,1010,0,0,0,0,41.6517,56,0.00519384,-0.00371735,55,-0.00535129,0.00230882,56,-0.00278224,-0.0113381,56,-0.00101262,-0.00219045,56,-0.00696854,-0.0021543,56,0.00439118,-0.00168113,56,-0.00896374,-0.00334474,56,-0.00360647,-0.00612419,52,0.00163415,-0.0015108
5494051303823,5494035803000,5494035803000,5494051289471,73729,15.4865,5494064281586,28.4786,0,26084,101981,0,0,1,0,0,0.00802,500,500,439,0.878,2.65385,5.23437,0.66793,0.285076,-0.0193787,-0.0172424,-3.54976e-05,-5.61453e-05,0.00684791,-0.00461445,1,-0.00700066,0.00442613,-0.00442613,-0.00700066,1,1,-0.00366072,-0.00708895,-0.000765408,8.82921e-05,0,0,0,0,0,0,0,0,0,0,0,0,0,0,0,0,0,0,0,0,0,0,0,255,0.22,8.23838,0.22,-0.00830333,-0.00310451,1,1,1,1,0,1,1,-0.290716,-3.20781,0.12451,-0.00206999,0.00431609,0.0233501,54.9269,25471,1,367,150.176,6368,0,0.000884653,0.0114765,0.0104565,0,0,0,1,439,0.225,-3.0089e-05,-4.75498e-05,-1.06987e-05,6.77002e-06,-9.03686e-06,8.867e-06,0.366062,0.0660641,0.0115451,0.000325941,-0.211759,-0.000362206,0.000397315,0.0024657,13.2974,1,0,0,0,0,0,-1,1,-9.04619e-07,-3.41779e-06,-0.21155,0,0.214427,1,1010,1010,1010,1010,0,0,0,0,0.220742,56,0.00464544,-0.00360458,56,-0.0145353,-0.0149968,56,-0.00104626,0.00125725,56,-0.00831805,0.000587747,56,-0.00803757,0.00150543,55,-0.00280917,-0.0147916,25,-0.00627109,-0.00656158,56,-0.00329082,-0.00247498,23,-0.0121361,-0.0038668
5494064850349,5494055795000,5494055795000,5494064845071,73729,9.05007,5494079188085,23.3931,1,26085,101982,0,0,1,0,0,0.019992,500,500,500,1,2.70163,4.49487,0.68269,0.321225,-0.0664291,0.00879669,-0.000122336,-5.27332e-06,0.00509966,0.00314685,1,-0.000263772,0.00611923,-0.00611923,-0.000263772,1,1,-0.00670756,-0.000568378,0.000588323,0.000304606,0,0,0,0,0,0,0,0,0,0,0,0,0,0,0,0,0,0,0,0,0,0,0,255,0.22,1.93005,0.22,-0.00646419,0.000596112,1,1,1,1,0,1,1,-0.290729,-3.20779,0.124511,0.000221373,0.0056041,0.0241229,14.8438,25472,1,367,165.073,6368,0,0.000884653,0.0114765,0.0104565,0,0,0,1,500,0.225,-0.000103772,-4.46607e-06,-1.00487e-06,2.33486e-05,3.92704e-06,2.30364e-05,0.366066,0.0660871,0.0115451,0.000365475,-0.211858,-0.000857652,0.00137073,-0.00280408,14.5694,2,0,0,0,0,0,-1,1,-9.04619e-07,-3.41779e-06,-0.21155,0,15.1099,1,1010,1010,1010,1010,0,0,0,0,15.1163,56,-0.00528288,0.00310193,56,-0.00791447,-0.000678489,56,-0.0047527,0.00112682,56,-0.00552116,-0.00180663,56,-0.00475954,-0.00123088,56,-0.00462641,-0.00198666,56,-0.00411518,0.000148067,56,-0.00725843,0.00319791,52,-0.0064108,-0.000556268
5494079727960,5494063820000,5494063820000,5494079714645,73729,15.8946,5494092834594,29.0146,0,26085,101983,0,0,1,0,0,0.008025,500,500,500,1,2.64311,3.80493,0.662301,0.347984,-0.0017395,0.0154114,-1.40488e-06,1.44373e-05,0.00883856,0.0116288,1,0.00179903,0.000175063,-0.000175063,0.00179903,1,1,-0.00162778,0.00143751,0.00145272,0.000361524,0,0,0,0,0,0,0,0,0,0,0,0,0,0,0,0,0,0,0,0,0,0,0,255,0.22,6.6587,0.22,0.000943901,0.00221131,1,1,1,1,0,1,1,-0.290729,-3.20779,0.124511,0.000221373,0.0056041,0.0241229,28.5127,25472,1,367,178.742,6368,0,0.000884653,0.0114765,0.0104565,0,0,0,1,500,0.225,-1.25705e-06,1.21857e-05,2.74178e-06,2.82837e-07,2.73993e-06,-3.00202e-07,0.366069,0.0660868,0.011533,0.000366444,-0.211918,-2.8697e-05,0.00162686,-0.00525275,13.3729,1,0,0,0,0,0,-1,1,-9.04619e-07,-3.41779e-06,-0.21155,0,28.7841,1,1010,1010,1010,1010,0,0,0,0,28.7904,56,-0.000509233,-0.0102453,56,-0.00536602,0.00550317,56,-0.0120713,0.00395022,56,0.00402354,0.00382938,56,0.0133617,-0.000827487,56,-0.00636419,0.00895884,56,0.0043962,-0.00058611,56,0.00242935,-0.000704947,52,0.00239933,0.00707573
5494093423284,5494083818000,5494083818000,5494093415432,73729,9.59743,5494105913247,22.0952,1,26086,101984,0,0,1,0,0,0.019998,500,500,500,1,2.71882,3.79127,0.663023,0.321187,0.00186157,0.0450821,2.15309e-05,3.48102e-05,0.00995075,0.0101111,1,0.00174069,-0.00107665,0.00107665,0.00174069,1,1,-3.66857e-05,0.00170302,0.00111334,3.76643e-05,0,0,0,0,0,0,0,0,0,0,0,0,0,0,0,0,0,0,0,0,0,0,0,255,0.22,-0.066149,0.22,0.000822987,0.00126202,1,1,1,1,1,1,1,-0.290729,-3.20779,0.124511,0.000221373,0.0056041,0.0241229,41.5683,25472,1,367,191.797,6368,0,0.000884653,0.0114765,0.0104565,0,0,0,1,500,0.225,1.82034e-05,2.95158e-05,6.64106e-06,-4.09576e-06,5.63064e-06,-5.40114e-06,0.366074,0.0660814,0.0115258,0.000372529,-0.211994,-0.00056513,0.000169489,-0.00446011,11.2493,2,0,0,0,0,0,-1,1,-9.04619e-07,-3.41779e-06,-0.21155,0,41.839,1,1010,1010,1010,1010,0,0,0,0,0.235631,56,0.00485187,-0.00198524,56,0.00482332,-0.00532362,56,-0.000675538,0.00109425,56,0.00282296,0.00395658,56,-0.00544681,0.0038554,56,0.00372128,0.00444517,56,0.00296907,0.0047583,56,0.00530997,0.00347893,52,-0.00310726,0.00317615
5494106529696,5494095799000,5494095799000,5494106515326,73729,10.7163,5494121375529,25.5765,0,26086,101985,0,0,1,0,0,0.011981,500,500,500,1,2.69893,4.28542,0.632282,0.331576,0.00946045,0.0305786,3.74228e-05,3.25304e-05,0.0126677,0.00526132,1,0.00271516,-0.00312351,0.00312351,0.00271516,1,1,0.00368459,0.00299185,-0.000561078,-0.000276684,0,0,0,0,0,0,0,0,0,0,0,0,0,0,0,0,0,0,0,0,0,0,0,255,0.22,3.0573,0.22,0.00262704,0.00257401,1,1,1,1,0,1,1,-0.290715,-3.20778,0.124607,-0.00130026,0.00432855,0.0237968,6.41114,25473,1,367,6.3582,6369,0,0.000884653,0.011035,0.0108989,0,0,0,1,500,0.225,3.16626e-05,2.75529e-05,6.1994e-06,-7.12408e-06,4.56226e-06,-8.26824e-06,0.366079,0.0660731,0.011494,0.000333184,-0.211928,-0.000795135,-0.00124508,0.00138377,6.1304,2,0,0,0,0,0,-1,1,-9.04619e-07,-3.41779e-06,-0.211726,0,6.67762,1,1010,1010,1010,1010,0,0,0,0,15.6911,56,-0.00152972,-0.00405733,56,0.00153473,0.00816909,56,0.000122172,0.00371629,56,0.00449299,0.00502242,56,0.000760562,-0.0042405,56,0.00406644,0.0051513,56,0.00478601,0.00824402,56,0.00609442,0.00312142,52,0.00627505,0.00169025
5494121898811,5494103816000,5494103816000,5494121888422,73729,18.0724,5494134019475,30.2035,0,26086,101986,0,0,1,0,0,0.008017,500,500,498,0.996,2.71476,3.73864,0.657523,0.319928,-0.00128174,-0.00119019,-1.35202e-05,2.0469e-05,-0.0159215,-0.0138934,1,0.0025532,0.00168644,-0.00168644,0.0025532,1,1,-0.000578571,0.00298049,-0.00110787,-0.000427294,0,0,0,0,0,0,0,0,0,0,0,0,0,0,0,0,0,0,0,0,0,0,0,255,0.22,8.19856,0.22,0.00102334,-3.16071e-05,1,1,1,1,0,1,1,-0.290715,-3.20778,0.124607,-0.00130026,0.00432855,0.0237968,19.0571,25473,1,367,19.004,6369,0,0.000884653,0.011035,0.0108989,0,0,0,1,498,0.225,-1.14362e-05,1.73596e-05,3.9059e-06,2.57313e-06,4.35973e-06,1.69381e-06,0.366083,0.0660748,0.011494,0.000333184,-0.211928,-0.00118509,-0.00192282,0.00304027,18.7663,0,0,0,0,0,0,-1,1,-9.04619e-07,-3.41779e-06,-0.211726,0,19.3309,1,1010,1010,1010,1010,0,0,0,0,28.3444,56,-0.0079358,0.0120051,56,-0.00304314,0.0131681,54,-0.000204001,0.00789834,56,0.00846193,-0.00906928,56,0.0114801,0.00914274,56,0.00215578,0.00361792,56,-0.0120308,-0.0108045,56,-0.00880971,0.00222521,52,-0.00192807,0.00868217
5494134590572,5494123814000,5494123814000,5494134583516,73729,10.7695,5494146919441,23.1054,1,26087,101987,0,0,1,0,0,0.019998,500,500,500,1,2.69176,3.62179,0.623375,0.324021,0.0460739,-0.0658264,4.60812e-05,-0.000111227,-0.00895101,0.00217269,1,-0.00556193,-0.00230429,0.00230429,-0.00556193,1,1,0.00376766,-0.00530492,-0.00146337,-0.000257009,0,0,0,0,0,0,0,0,0,0,0,0,0,0,0,0,0,0,0,0,0,0,0,255,0.22,0.671357,0.22,0.00381464,-0.00392289,1,1,1,1,0,1,1,-0.290715,-3.20778,0.124607,-0.00130026,0.00432855,0.0237968,31.9576,25473,1,367,31.9045,6369,0,0.000884653,0.011035,0.0108989,0,0,0,1,500,0.225,3.91706e-05,-9.43279e-05,-2.12238e-05,-8.81339e-06,-2.26022e-05,-4.15426e-06,0.366061,0.0660707,0.011538,0.000318352,-0.211798,0.00183132,-0.00115654,0.00673319,12.5972,2,0,0,0,0,0,-1,1,-9.04619e-07,-3.41779e-06,-0.211726,0,32.2186,1,1010,1010,1010,1010,0,0,0,0,41.2321,56,0.0030739,-0.00821972,56,0.00257355,-0.00871312,56,0.00321044,-0.00674844,56,0.00222716,-0.0030173,56,0.000643288,-0.00443932,56,0.00365863,-0.00343399,56,0.00547906,-0.00701145,56,0.00595601,-0.00824066,52,0.0045694,-0.00732574
5494147447389,5494135798000,5494135798000,5494147437167,73729,11.6392,5494161910145,26.1121,0,26087,101988,0,0,1,0,0,0.011984,500,500,500,1,2.65059,3.79271,0.713728,0.328428,0.0365982,-0.0427322,7.4699e-05,-0.000102894,-0.000448528,0.00574512,1,-0.00858591,-0.00623323,0.00623323,-0.00858591,1,1,0.00783502,-0.00825939,-0.00160179,-0.000326526,0,0,0,0,0,0,0,0,0,0,0,0,0,0,0,0,0,0,0,0,0,0,0,255,0.22,3.39127,0.22,0.00352464,-0.00459691,1,1,1,1,1,1,1,-0.290715,-3.20778,0.124607,-0.00130026,0.00432855,0.0237968,46.9455,25473,1,367,46.8926,6369,0,0.000884653,0.011035,0.0108989,0,0,0,1,500,0.225,6.33341e-05,-8.7139e-05,-1.96063e-05,-1.42502e-05,-2.21632e-05,-9.81032e-06,0.366038,0.0660609,0.0115357,0.000306454,-0.211748,0.00168818,-0.00146937,0.00711699,14.7237,1,0,0,0,0,0,-1,1,-9.04619e-07,-3.41779e-06,-0.211468,0,0.265557,1,1010,1010,1010,1010,0,0,0,0,0.269261,56,0.00212963,-0.00695885,56,0.00355142,-0.0130299,56,0.0076376,-0.00504467,56,0.00931544,-0.010159,56,0.000705881,-0.0173583,56,0.00415621,-0.0075343,56,0.00957037,0.0011747,56,0.00682265,-0.00615607,52,0.00448383,-0.00820558
5494162519298,5494143820000,5494143820000,5494162506538,73729,18.6865,5494174213885,30.3939,0,26087,101989,0,0,1,0,0,0.008022,500,500,499,0.998,2.71689,3.54166,0.715283,0.315613,-0.00338745,-0.0281372,2.16261e-05,-4.35602e-05,0.00232909,-0.00632491,1,-0.0054301,-0.00269585,0.00269585,-0.0054301,1,1,0.00398254,-0.00528762,-0.00128669,-0.000142479,0,0,0,0,0,0,0,0,0,0,0,0,0,0,0,0,0,0,0,0,0,0,0,255,0.22,7.64858,0.22,-0.00356136,-0.00408973,1,1,1,1,0,1,1,-0.29075,-3.20781,0.124478,-2.54778e-05,0.00562009,0.0240001,12.2942,25474,1,367,59.2007,6369,0,0.000884653,0.011035,0.0108989,0,0,0,1,499,0.225,1.83007e-05,-3.69105e-05,-8.30486e-06,-4.11765e-06,-8.98467e-06,-2.28021e-06,0.366029,0.0660586,0.0115361,0.000310745,-0.211723,0.000990258,-0.000641154,0.0054243,12.0503,1,0,0,0,0,0,-1,1,-9.04619e-07,-3.41779e-06,-0.211468,0,12.5713,1,1010,1010,1010,1010,0,0,0,0,12.575,56,-0.00486163,-0.00323059,56,0.00263133,-0.0131684,56,-0.00742622,-0.000813965,56,-0.000893626,-0.00810087,56,0.00518032,-0.000366905,56,-0.00284636,-0.00801362,55,-0.00379627,-0.00919795,56,0.00873845,-0.00421406,52,0.000578827,-0.00586524
5494174763074,5494163816000,5494163816000,5494174757093,73729,10.9411,5494187099073,23.2831,1,26088,101990,0,0,1,0,0,0.019996,500,500,500,1,2.69141,3.62104,0.67706,0.321576,-0.0455399,0.0194626,-8.65263e-05,2.48023e-05,0.00109279,0.00223797,1,0.00124036,0.00432718,-0.00432718,0.00124036,1,1,-0.0040243,0.0011283,-0.000302884,0.000112066,0,0,0,0,0,0,0,0,0,0,0,0,0,0,0,0,0,0,0,0,0,0,0,255,0.22,0.27052,0.22,-0.00600828,0.0027293,1,1,1,1,0,1,1,-0.29075,-3.20781,0.124478,-2.54778e-05,0.00562009,0.0240001,25.1782,25474,1,367,72.0847,6369,0,0.000884653,0.011035,0.0108989,0,0,0,1,500,0.225,-7.34093e-05,2.10186e-05,4.72919e-06,1.65171e-05,8.09503e-06,1.5153e-05,0.366037,0.0660737,0.0115141,0.000323914,-0.211764,-0.000415949,0.000504299,0.000757623,12.6107,2,0,0,0,0,0,-1,1,-9.04619e-07,-3.41779e-06,-0.211468,0,25.4429,1,1010,1010,1010,1010,0,0,0,0,25.4466,56,-0.00614179,0.00256159,56,-0.00512939,0.000226319,56,-0.00558921,0.000303341,56,-0.00536489,0.00268112,56,-0.00682499,0.00375709,56,-0.00188102,0.00177872,56,0.000558249,-0.000578061,56,-0.0060969,0.00266662,52,-0.00253319,0.000800765
5494187638448,5494175804000,5494175804000,5494187624503,73729,11.8205,5494201595959,25.792,0,26088,101991,0,0,1,0,0,0.011988,500,500,499,0.998,2.66576,3.84375,0.617505,0.338688,-0.026947,0.00338745,-1.89005e-05,1.37395e-05,0.00444979,-0.00322854,1,0.00114611,0.00157662,-0.00157662,0.00114611,1,1,-0.00268134,0.000826871,0.00110472,0.000319235,0,0,0,0,0,0,0,0,0,0,0,0,0,0,0,0,0,0,0,0,0,0,0,255,0.22,3.01158,0.22,-0.00307848,0.000119997,1,1,1,1,0,1,1,-0.29075,-3.20781,0.124478,-2.54778e-05,0.00562009,0.0240001,39.6766,25474,1,367,86.5831,6369,0,0.000884653,0.011035,0.0108989,0,0,0,1,499,0.225,-1.60646e-05,1.16335e-05,2.61753e-06,3.61454e-06,3.31893e-06,2.98318e-06,0.366041,0.0660767,0.0115221,0.000348182,-0.211828,-2.24879e-06,0.00143656,-0.0039788,14.231,1,0,0,0,0,0,-1,1,-9.04619e-07,-3.41779e-06,-0.211468,0,39.9464,1,1010,1010,1010,1010,0,0,0,0,39.9501,56,0.00314854,0.00516317,55,0.0147206,0.00118154,56,-0.00555742,-0.0053442,56,-0.0058582,0.0066461,56,0.00140494,-0.00540761,56,0.000404809,0.00638772,56,-0.0071673,0.00146778,56,-0.0015264,0.000128214,52,-0.0105651,-0.000783281
5494202131722,5494183848000,5494183848000,5494202120759,73729,18.2728,5494214507833,30.6598,0,26088,101992,0,0,1,0,0,0.008044,500,500,486,0.972,2.69093,4.18268,0.655931,0.31628,-0.0147552,0.0251007,-1.08854e-05,4.79878e-05,0.0233176,-0.00996156,1,0.00596566,0.00135324,-0.00135324,0.00596566,1,1,-0.00321474,0.00564661,0.0018615,0.000319055,0,0,0,0,0,0,0,0,0,0,0,0,0,0,0,0,0,0,0,0,0,0,0,255,0.22,7.00814,0.22,-0.00241201,0.00459653,1,1,1,1,1,1,1,-0.290737,-3.20778,0.124412,-0.000943271,0.00494442,0.023711,0.896285,25475,1,367,99.4873,6369,0,0.000884653,0.011035,0.0108989,0,0,0,1,486,0.225,-9.28154e-06,4.07057e-05,9.15878e-06,2.08835e-06,9.39313e-06,1.14528e-07,0.36605,0.0660768,0.0115046,0.000354273,-0.211976,-0.000236262,0.00143575,-0.0068904,0.671783,2,0,0,0,0,0,-1,1,-9.04619e-07,-3.41779e-06,-0.211722,0,1.15579,1,1010,1010,1010,1010,0,0,0,0,1.15992,56,0.00595603,0.00172185,56,0.000606306,0.0116044,56,-0.00376225,0.00644165,56,-0.0102035,0.0103815,56,0.00371599,0.0124907,56,-0.00786934,0.00318087,42,-0.0060475,0.00845028,56,-0.00212612,0.00792712,52,0.00859255,0.00309654
5494215111559,5494203814000,5494203814000,5494215103004,73729,11.289,5494229137478,25.3235,1,26089,101993,0,0,1,0,0,0.019966,500,500,500,1,2.65804,3.63797,0.729672,0.356317,0.0102844,0.016037,3.919e-05,-2.02567e-06,0.0100647,0.00721818,1,-0.000101456,-0.00196284,0.00196284,-0.000101456,1,1,0.00059831,0.000120383,0.00136453,-0.000221839,0,0,0,0,0,0,0,0,0,0,0,0,0,0,0,0,0,0,0,0,0,0,0,255,0.22,-0.026093,0.22,0.00110374,-0.000646455,1,1,1,1,0,1,1,-0.290737,-3.20778,0.124412,-0.000943271,0.00494442,0.023711,15.5276,25475,1,367,114.118,6369,0,0.000884653,0.011035,0.0108989,0,0,0,1,500,0.225,3.31205e-05,-1.73344e-06,-3.90024e-07,-7.45211e-06,-1.94929e-06,-7.2027e-06,0.366048,0.0660696,0.0115143,0.000335922,-0.212005,2.4625e-05,-0.000998276,-0.00489259,14.3973,1,0,0,0,0,0,-1,1,-9.04619e-07,-3.41779e-06,-0.211722,0,15.7997,1,1010,1010,1010,1010,0,0,0,0,15.8039,56,-0.00555445,-0.00223279,56,0.00604741,-0.0074941,56,-0.00183113,0.00355472,56,0.00489485,0.00245744,56,0.00419075,0.000467344,56,0.00338343,0.00269699,56,0.00226048,-0.000584799,56,0.0037874,0.00100425,52,-0.00105243,-0.00112382
5494229657834,5494215792000,5494215792000,5494229647834,73729,13.8558,5494244330240,28.5382,0,26089,101994,0,0,1,0,0,0.011978,500,500,500,1,2.68702,4.01295,0.712209,0.322095,0.0296249,-0.0167465,6.69552e-05,-3.31747e-05,0.00742099,0.000472745,1,-0.00276963,-0.00558985,0.00558985,-0.00276963,1,1,0.00501279,-0.00246459,0.000577055,-0.000305046,0,0,0,0,0,0,0,0,0,0,0,0,0,0,0,0,0,0,0,0,0,0,0,255,0.22,4.45957,0.22,0.0049684,-0.00312881,1,1,1,1,0,1,1,-0.290737,-3.20778,0.124412,-0.000943271,0.00494442,0.023711,30.7238,25475,1,367,129.315,6369,0,0.000884653,0.011035,0.0108989,0,0,0,1,500,0.225,5.67742e-05,-2.81035e-05,-6.32328e-06,-1.27742e-05,-8.86924e-06,-1.1157e-05,0.366039,0.0660585,0.0115365,0.000328615,-0.211979,0.0017416,-0.00137271,-0.000684119,14.9205,1,0,0,0,0,0,-1,1,-9.04619e-07,-3.41779e-06,-0.211722,0,30.9911,1,1010,1010,1010,1010,0,0,0,0,30.9952,56,0.0112462,0.00213532,56,0.0091691,-0.00110619,56,0.0111495,-0.00534456,56,0.00181489,-0.0034339,56,-0.00170344,-0.00592206,56,-0.00190418,-0.00127014,56,0.00704313,-0.000122653,56,0.00883886,-0.00465804,52,0.0047883,-0.00247654
5494244895262,5494235799000,5494235799000,5494244885836,73729,9.08684,5494257144928,21.3459,1,26090,101995,0,0,1,0,0,0.020007,500,500,500,1,2.69733,3.59693,0.597115,0.324817,0.0528107,-0.0539093,9.24808e-05,-9.19479e-05,-0.0050034,5.33201e-06,1,-0.00459579,-0.00462242,0.00462242,-0.00459579,1,1,0.00631595,-0.00428718,-0.00169353,-0.000308606,0,0,0,0,0,0,0,0,0,0,0,0,0,0,0,0,0,0,0,0,0,0,0,255,0.22,-0.59282,0.22,0.00357394,-0.0028557,1,1,1,1,0,1,1,-0.290737,-3.20778,0.124412,-0.000943271,0.00494442,0.023711,43.5396,25475,1,367,142.13,6369,0,0.000884653,0.011035,0.0108989,0,0,0,1,500,0.225,7.84666e-05,-7.79345e-05,-1.75353e-05,-1.7655e-05,-2.08548e-05,-1.35729e-05,0.366018,0.0660449,0.0115291,0.000299355,-0.211809,0.00127828,-0.00138873,0.00711932,12.5365,2,0,0,0,0,0,-1,1,-9.04619e-07,-3.41779e-06,-0.211722,0,43.8177,1,1010,1010,1010,1010,0,0,0,0,0.218946,56,0.0006721,-0.00667806,56,-0.00166025,-0.000620612,56,0.00499428,-0.00383606,56,0.00528701,-0.00796641,56,0.00396539,-0.00651401,56,0.00737814,-0.00355969,56,0.0033171,-0.00562519,56,0.00267849,-0.00399324,52,0.00555224,-0.00406862
5494257684746,5494243813000,5494243813000,5494257676265,73729,13.8633,5494270146098,26.3331,0,26090,101996,0,0,1,0,0,0.008014,500,500,500,1,2.71287,4.5872,0.721784,0.320799,-0.00453186,-0.0398941,-3.43878e-05,-6.12738e-05,-0.0123561,-0.000897075,1,-0.00764584,0.00429097,-0.00429097,-0.00764584,1,1,-0.00175944,-0.00742753,-0.00253154,-0.000218317,0,0,0,0,0,0,0,0,0,0,0,0,0,0,0,0,0,0,0,0,0,0,0,255,0.22,2.03368,0.22,-0.00399092,-0.00631418,1,1,1,1,1,1,1,-0.290787,-3.20779,0.124505,-0.000380891,0.00528916,0.0244141,12.9394,25476,1,367,155.133,6369,0,0.000884653,0.011035,0.0108989,0,0,0,1,500,0.225,-2.90999e-05,-5.19279e-05,-1.16838e-05,6.54747e-06,-1.00469e-05,8.85628e-06,0.366008,0.0660538,0.0115361,0.000305712,-0.211738,0.000499093,-0.000982424,0.0095128,11.3145,1,0,0,0,0,0,-1,1,-9.04619e-07,-3.41779e-06,-0.211484,0,11.811,1,1010,1010,1010,1010,0,0,0,0,13.2073,56,-0.00509167,-0.00264449,56,-0.0243095,-0.015443,56,0.00792261,-0.00611473,56,0.00302542,-0.0102386,56,0.00366087,-0.0151088,56,-0.0053811,-0.010991,56,-0.00495878,-0.00968128,56,-0.0117366,-0.0129304,52,-0.00348876,-0.00735078
5494270730584,5494255789000,5494255789000,5494270717177,73729,14.9282,5494283678680,27.8897,0,26090,101997,0,0,1,0,0,0.011976,500,500,499,0.998,2.7043,3.7234,0.602005,0.314687,-0.00534058,-0.00535583,-1.81683e-05,-2.35122e-05,-0.00287415,0.000519755,1,-0.00196328,0.00151706,-0.00151706,-0.00196328,1,1,0.000519048,-0.00213962,-0.00203611,0.000176346,0,0,0,0,0,0,0,0,0,0,0,0,0,0,0,0,0,0,0,0,0,0,0,255,0.22,4.7482,0.22,-0.00247803,0.000745368,1,1,1,1,0,1,1,-0.290787,-3.20779,0.124505,-0.000380891,0.00528916,0.0244141,26.4893,25476,1,367,168.683,6369,0,0.000884653,0.011035,0.0108989,0,0,0,1,499,0.225,-1.54114e-05,-1.99345e-05,-4.48527e-06,3.46757e-06,-3.65661e-06,4.33234e-06,0.366005,0.0660581,0.0115325,0.000325255,-0.211689,0.000523589,0.000793558,0.00774885,13.2491,1,0,0,0,0,0,-1,1,-9.04619e-07,-3.41779e-06,-0.211484,0,25.3892,1,1010,1010,1010,1010,0,0,0,0,26.7855,56,-0.00428705,-0.00599194,55,0.0106988,-0.00261502,56,-0.00449978,-0.00341016,56,-0.00220547,0.000827328,56,0.000428547,-0.000186736,56,-0.00729707,-0.00111773,56,0.0013408,-0.00149778,56,0.0047123,0.000272967,52,-0.00048259,-0.00028377
5494284260555,5494271819000,5494271819000,5494284255166,73729,12.4362,5494296392979,24.574,1,26091,101998,0,0,1,0,0,0.01603,500,500,495,0.99,2.66978,3.53855,0.610931,0.314484,-0.0266113,0.0391998,-5.69223e-05,5.20979e-05,-0.00482296,0.00527468,1,0.00325002,0.00355099,-0.00355099,0.00325002,1,1,-0.00232678,0.00301272,-0.00122421,0.000237303,0,0,0,0,0,0,0,0,0,0,0,0,0,0,0,0,0,0,0,0,0,0,0,255,0.22,8.31938,0.22,-0.00361441,0.00400261,1,1,1,1,0,1,1,-0.290787,-3.20779,0.124505,-0.000380891,0.00528916,0.0244141,39.1843,25476,1,367,181.378,6369,0,0.000884653,0.011035,0.0108989,0,0,0,1,495,0.225,-4.82712e-05,4.41133e-05,9.9255e-06,1.0861e-05,1.19858e-05,8.53247e-06,0.366017,0.0660666,0.011517,0.000322685,-0.211683,-0.000237493,0.00106786,0.00421714,12.4498,1,0,0,0,0,0,-1,1,-9.04619e-07,-3.41779e-06,-0.211484,0,38.0587,1,1010,1010,1010,1010,0,0,0,0,39.455,56,-0.00486957,-0.000223505,56,-0.00675987,-0.0029359,51,-0.00207131,0.00601079,56,-0.00322817,0.00501741,56,-0.0036061,0.00513213,56,-0.00665969,0.00528833,56,-0.00466287,0.00357252,56,-0.00137132,-0.00123961,52,-0.00266062,0.00552708
5494296948779,5494283809000,5494283809000,5494296935464,73729,13.1265,5494309900135,26.0911,0,26091,101999,0,0,1,0,0,0.01199,500,500,500,1,2.67428,3.59082,0.637708,0.338188,0.00449371,0.0102234,-2.20044e-06,1.3921e-05,-0.00248523,-0.00147252,1,0.00116105,0.000183523,-0.000183523,0.00116105,1,1,-0.000725004,0.00120194,0.000541481,-4.08861e-05,0,0,0,0,0,0,0,0,0,0,0,0,0,0,0,0,0,0,0,0,0,0,0,255,0.22,0.727413,0.22,-0.000682416,0.000293019,1,1,1,1,0,1,1,-0.290787,-3.20779,0.124505,-0.000380891,0.00528916,0.0244141,52.6909,25476,1,367,194.884,6369,0,0.000884653,0.011035,0.0108989,0,0,0,1,500,0.225,-1.83752e-06,1.18499e-05,2.66623e-06,4.13441e-07,2.69356e-06,-1.56333e-07,0.366019,0.0660665,0.0115089,0.000327492,-0.211805,-0.000665344,-0.000183987,-0.00248161,13.2244,2,0,0,0,0,0,-1,1,-9.0462e-07,-3.41779e-06,-0.211633,0,0.257558,1,1010,1010,1010,1010,0,0,0,0,0.261187,56,0.00850932,0.00415579,56,0.0084688,0.00125336,56,-0.000181555,-2.91166e-05,56,-0.00614303,0.00259517,56,-0.00494813,-0.00329322,56,0.00159508,0.00222448,56,-0.0046969,-0.00342557,56,0.00324923,0.00518394,52,0.00345113,0.00417307
5494310439805,5494291835000,5494291835000,5494310431028,73729,18.596,5494323566255,31.7313,0,26091,102000,0,0,1,0,0,0.008026,500,500,496,0.992,2.70372,3.79612,0.586301,0.319428,0.00195312,0.00709534,1.35069e-05,1.12952e-05,0.0129684,0.00444254,1,0.00140733,-0.00168289,0.00168289,0.00140733,1,1,-0.000423446,0.00102498,0.00210634,0.000382352,0,0,0,0,0,0,0,0,0,0,0,0,0,0,0,0,0,0,0,0,0,0,0,255,0.22,4.07877,0.22,0.00162137,0.0012656,1,1,1,1,1,1,1,-0.290769,-3.20777,0.124536,0.000111608,0.00550667,0.0243941,13.652,25477,1,367,12.1863,6370,0,0.000884653,0.0110182,0.0115284,0,0,0,1,496,0.225,1.14302e-05,9.57927e-06,2.15533e-06,-2.5718e-06,1.5663e-06,-2.96739e-06,0.366021,0.0660635,0.0114967,0.000344547,-0.211887,-4.10154e-06,0.00172059,-0.0075861,13.4129,1,0,0,0,0,0,-1,1,-9.0462e-07,-3.41779e-06,-0.211633,0,13.9215,1,1010,1010,1010,1010,0,0,0,0,13.9252,56,-0.00334104,0.00248501,56,0.00304196,0.00331948,56,0.00354563,0.000785996,56,0.00659381,0.00988981,56,0.00419242,-0.00477211,56,0.00212945,-0.00350064,52,0.00644487,-0.00533594,56,-0.00894842,0.00347821,52,0.00532033,0.000743778
5494324276168,5494311833000,5494311833000,5494324267556,73729,12.4346,5494336664574,24.8316,1,26092,102001,0,0,1,0,0,0.019998,500,500,499,0.998,2.67026,3.58593,0.66382,0.318798,-0.0339508,0.0153198,-3.34841e-05,1.64964e-05,0.0061431,4.61217e-05,1,0.0008249,0.00167437,-0.00167437,0.0008249,1,1,-0.00334392,0.000549766,0.00166954,0.000275134,0,0,0,0,0,0,0,0,0,0,0,0,0,0,0,0,0,0,0,0,0,0,0,255,0.22,7.35163,0.22,-0.00144351,0.000807938,1,1,1,1,0,1,1,-0.290769,-3.20777,0.124536,0.000111608,0.00550667,0.0243941,26.7504,25477,1,367,25.2845,6370,0,0.000884653,0.0110182,0.0115284,0,0,0,1,499,0.225,-2.84449e-05,1.39984e-05,3.14964e-06,6.4001e-06,4.42547e-06,5.59388e-06,0.366025,0.0660691,0.0114608,0.000341533,-0.211952,-0.00174466,0.0012381,-0.00740609,12.8533,1,0,0,0,0,0,-1,1,-9.0462e-07,-3.41779e-06,-0.211633,0,27.0187,1,1010,1010,1010,1010,0,0,0,0,27.0223,56,-0.005246,-0.000646329,56,-0.00865089,-0.00477055,56,-0.00396771,0.00292928,56,0.000222715,-0.00230127,56,-0.00412896,-0.00385387,56,-0.00499932,0.00493103,55,0.00210107,0.00422762,56,-0.000975764,0.00401896,52,-0.000733036,0.00248568
5494337207782,5494323813000,5494323813000,5494337197004,73729,13.384,5494351432444,27.6194,0,26092,102002,0,0,1,0,0,0.01198,500,500,500,1,2.68343,3.73629,0.593597,0.32665,-0.0153427,0.0135422,-1.78053e-05,2.0404e-05,0.00202574,0.00630752,1,0.00170317,0.00148625,-0.00148625,0.00170317,1,1,-0.00190645,0.0017432,0.000420197,-4.00255e-05,0,0,0,0,0,0,0,0,0,0,0,0,0,0,0,0,0,0,0,0,0,0,0,255,0.22,0.402836,0.22,0.00021354,7.35324e-05,1,1,1,1,0,1,1,-0.290769,-3.20777,0.124536,0.000111608,0.00550667,0.0243941,41.5175,25477,1,367,40.0516,6370,0,0.000884653,0.0110182,0.0115284,0,0,0,1,500,0.225,-1.51388e-05,1.72108e-05,3.87243e-06,3.40624e-06,4.50229e-06,2.51518e-06,0.36603,0.0660716,0.0114751,0.000323281,-0.211947,-0.000986166,-0.000180115,-0.00230164,14.4916,2,0,0,0,0,0,-1,1,-9.0462e-07,-3.41779e-06,-0.211633,0,41.783,1,1010,1010,1010,1010,0,0,0,0,41.7866,56,-0.0109588,-0.00202906,56,-0.00325215,0.0064979,56,0.00357707,0.002657,56,-0.00332783,0.0015605,56,-0.00667789,0.00615117,56,0.0013631,0.000369151,56,6.95082e-05,-0.00636862,56,0.00103393,-0.00187839,52,-0.00598852,0.00539856
5494351977207,5494343859000,5494343859000,5494351970855,73729,8.11186,5494365370103,21.5111,1,26093,102003,0,0,1,0,0,0.020046,500,500,500,1,2.67978,4.12062,0.627635,0.322484,0.0577087,-0.0306854,0.000100642,-3.46545e-05,-0.00559453,-0.00600236,1,-0.00172875,-0.00502055,0.00502055,-0.00172875,1,1,0.00603336,-0.0013204,-0.00101281,-0.000408349,0,0,0,0,0,0,0,0,0,0,0,0,0,0,0,0,0,0,0,0,0,0,0,255,0.22,5.03946,0.22,0.00628924,-0.00239069,1,1,1,1,0,1,1,-0.290799,-3.20778,0.124506,-0.000933239,0.00508688,0.024339,4.95002,25478,1,367,53.9842,6370,0,0.000884653,0.0110182,0.0115284,0,0,0,1,500,0.225,8.54133e-05,-2.93425e-05,-6.60205e-06,-1.9218e-05,-1.04945e-05,-1.73993e-05,0.366019,0.0660542,0.011527,0.000301229,-0.211811,0.00316981,-0.00183757,0.00618197,4.71722,2,0,0,0,0,0,-1,1,-9.0462e-07,-3.41779e-06,-0.211556,0,5.2268,1,1010,1010,1010,1010,0,0,0,0,5.23082,56,0.00603334,-0.0019092,56,0.00440513,-0.00179362,56,0.00309951,-0.00230264,56,0.00596514,-2.75733e-05,56,0.00405274,-0.00306023,56,0.00568146,0.000396188,56,0.00412593,-0.00105482,56,0.00479858,-0.00224433,52,0.00644699,-0.00504497
5494365916403,5494351831000,5494351831000,5494365905922,73729,14.0749,5494377823529,25.9925,0,26093,102004,0,0,1,0,0,0.007972,500,500,500,1,2.68533,3.59593,0.644116,0.322651,0.0119629,-0.0328217,4.66139e-05,-4.30846e-05,0.00848874,-0.011452,1,-0.0054045,-0.00584721,0.00584721,-0.0054045,1,1,0.00760916,-0.00525199,-0.00176195,-0.000152505,0,0,0,0,0,0,0,0,0,0,0,0,0,0,0,0,0,0,0,0,0,0,0,255,0.22,8.66786,0.22,0.00062239,-0.00433389,1,1,1,1,1,1,1,-0.290799,-3.20778,0.124506,-0.000933239,0.00508688,0.024339,17.408,25478,1,367,66.4422,6370,0,0.000884653,0.0110182,0.0115284,0,0,0,1,500,0.225,3.95255e-05,-3.65055e-05,-8.21374e-06,-8.89324e-06,-9.89921e-06,-6.96784e-06,0.36601,0.0660472,0.0115302,0.000295535,-0.211739,0.00250461,-0.000686271,0.00834672,12.2151,1,0,0,0,0,0,-1,1,-9.0462e-07,-3.41779e-06,-0.211556,0,17.6774,1,1010,1010,1010,1010,0,0,0,0,17.6815,56,-0.000816936,0.00489963,56,-0.00076549,-0.0102056,56,0.0050169,-0.00641254,56,0.0104482,-0.0138663,56,0.00647216,0.0047589,56,0.00653445,-0.00754558,56,-0.00493208,-0.00808537,56,0.00792208,-0.0115895,52,0.00778092,-0.00394406
5494378431089,5494363814000,5494363814000,5494378420200,73729,14.6062,5494391713521,27.8995,0,26093,102005,0,0,1,0,0,0.011983,500,500,500,1,2.70335,3.82312,0.666653,0.320781,0.00585938,-0.0122681,-1.45206e-05,-4.52798e-05,-0.0138619,0.0121565,1,-0.00377867,0.00121177,-0.00121177,-0.00377867,1,1,0.000706374,-0.00374595,-0.00191814,-3.27153e-05,0,0,0,0,0,0,0,0,0,0,0,0,0,0,0,0,0,0,0,0,0,0,0,255,0.22,1.0413,0.22,-0.00301096,0.000359638,1,1,1,1,0,1,1,-0.290799,-3.20778,0.124506,-0.000933239,0.00508688,0.024339,31.2998,25478,1,367,80.3343,6370,0,0.000884653,0.0110182,0.0115284,0,0,0,1,500,0.225,-1.22639e-05,-3.83792e-05,-8.63532e-06,2.75937e-06,-7.86279e-06,4.51201e-06,0.366002,0.0660517,0.0115173,0.000296377,-0.211693,0.00061139,-0.000147219,0.00739443,13.6522,1,0,0,0,0,0,-1,1,-9.0462e-07,-3.41779e-06,-0.211556,0,31.5833,1,1010,1010,1010,1010,0,0,0,0,31.5873,56,0.00408052,-0.00488011,56,-0.0171356,-0.0089481,56,0.000675592,-0.00141332,56,-0.00687748,-0.00487822,56,0.00115863,-0.00362169,56,-0.00281987,-0.00172802,56,0.00630755,0.000139017,56,-0.00175794,-2.77705e-05,52,-0.00122251,-0.00403743
5494392285692,5494383849000,5494383849000,5494392279266,73729,8.43027,5494407347137,23.4981,1,26094,102006,0,0,1,0,0,0.020035,500,500,492,0.984,2.67926,3.66403,0.657487,0.318095,-0.0668182,0.0326843,-0.00011958,8.77566e-05,0.000461484,-0.00481379,1,0.00438017,0.00596857,-0.00596857,0.00438017,1,1,-0.00478314,0.00431943,-0.00118543,6.07346e-05,0,0,0,0,0,0,0,0,0,0,0,0,0,0,0,0,0,0,0,0,0,0,0,255,0.22,4.76361,0.22,-0.00806836,0.00342668,1,1,1,1,0,1,1,-0.290799,-3.20778,0.124506,-0.000933239,0.00508688,0.024339,46.9649,25478,1,367,95.9995,6370,0,0.000884653,0.0110182,0.0115284,0,0,0,1,492,0.225,-0.000101428,7.43136e-05,1.67206e-05,2.28213e-05,2.1142e-05,1.87972e-05,0.366023,0.0660705,0.0115172,0.000308014,-0.211686,-8.00462e-05,0.000273306,0.00420352,15.3878,1,0,0,0,0,0,-1,1,-9.0462e-07,-3.41779e-06,-0.211556,0,47.2316,1,1010,1010,1010,1010,0,0,0,0,0.269206,56,-0.00769075,0.00347409,56,-0.00485167,0.0151833,56,-0.0037708,0.000225578,56,-0.00183181,0.00414116,56,-0.00776548,0.00659414,56,-0.00720618,0.00337464,56,-0.00967042,0.00283541,56,-0.00704828,0.00345813,44,-0.00458238,6.65945e-05
5494407919567,5494391823000,5494391823000,5494407906919,73729,16.0839,5494419373282,27.5503,0,26094,102007,0,0,1,0,0,0.007974,500,500,497,0.994,2.67043,3.89964,0.618523,0.310243,-0.0083313,0.00805664,-2.00862e-05,3.09518e-06,-0.00609332,0.00117306,1,0.00038816,0.00251896,-0.00251896,0.00038816,1,1,-0.00256487,9.43717e-05,4.59108e-05,0.000293788,0,0,0,0,0,0,0,0,0,0,0,0,0,0,0,0,0,0,0,0,0,0,0,255,0.22,0.022278,0.22,-0.00275291,0.000955899,1,1,1,1,0,1,1,-0.290812,-3.20778,0.124444,-0.000142589,0.00538976,0.0247134,11.9933,25479,1,367,107.995,6370,0,0.000884653,0.0110182,0.0115284,0,0,0,1,497,0.225,-1.70249e-05,2.66536e-06,5.99706e-07,3.8306e-06,1.39126e-06,3.61879e-06,0.366024,0.0660742,0.0115116,0.000320515,-0.211725,5.23662e-05,0.00132205,-0.000123386,11.8113,1,0,0,0,0,0,-1,1,-9.04619e-07,-3.41779e-06,-0.21154,0,11.9701,1,1010,1010,1010,1010,0,0,0,0,12.269,56,-0.0111105,0.00219535,56,0.00208991,-0.0221098,56,-0.00235097,0.00591017,56,-0.00555498,0.010609,56,-0.00316829,-0.00411387,56,0.00221207,-0.0018395,56,0.00546722,-0.000234855,56,-0.00699612,0.00201654,49,-0.00696328,0.00601764
5494419936398,5494411830000,5494411830000,5494419929935,73729,8.09994,5494433015643,21.1856,1,26095,102008,0,0,1,0,0,0.020007,500,500,500,1,2.66983,3.96933,0.663505,0.312391,-0.0151749,-0.0136414,6.75486e-06,-4.73339e-05,0.012947,0.00271746,1,-0.00236587,-0.000337625,0.000337625,-0.00236587,1,1,-0.00112499,-0.00230453,0.00146261,-6.13382e-05,0,0,0,0,0,0,0,0,0,0,0,0,0,0,0,0,0,0,0,0,0,0,0,255,0.22,1.97326,0.22,-0.000733449,-0.00190777,1,1,1,1,1,1,1,-0.290812,-3.20778,0.124444,-0.000142589,0.00538976,0.0247134,25.6496,25479,1,367,121.651,6370,0,0.000884653,0.0110182,0.0115284,0,0,0,1,500,0.225,5.62153e-06,-4.01242e-05,-9.02795e-06,-1.26484e-06,-9.09205e-06,6.62032e-07,0.366015,0.0660748,0.0115051,0.000305355,-0.211874,-0.000395368,-0.000276022,-0.00558171,13.3601,2,0,0,0,0,0,-1,1,-9.04619e-07,-3.41779e-06,-0.21154,0,25.6245,1,1010,1010,1010,1010,0,0,0,0,25.9234,56,-0.00142037,-0.00515315,56,0.00106213,-0.003979,56,-0.0028522,-0.000388502,56,-0.000751086,-0.00244881,56,0.00251315,0.00280797,56,-0.0018522,-0.000604487,56,0.00285646,0.000501919,56,0.00337831,-0.00360594,52,-0.00241109,-0.00204535
5494433652722,5494423804000,5494423804000,5494433638462,73729,9.83446,5494447161063,23.3571,0,26095,102009,0,0,1,0,0,0.011974,500,500,500,1,2.70424,3.59064,0.654264,0.309002,0.0253372,0.0209503,7.72667e-05,4.5801e-05,0.00806814,-0.00852854,1,0.00382504,-0.00645287,0.00645287,0.00382504,1,1,0.00431458,0.00365689,0.00213829,0.000168147,0,0,0,0,0,0,0,0,0,0,0,0,0,0,0,0,0,0,0,0,0,0,0,255,0.22,5.55352,0.22,0.00515176,0.0031207,1,1,1,1,0,1,1,-0.290812,-3.20778,0.124444,-0.000142589,0.00538976,0.0247134,39.7802,25479,1,367,135.781,6370,0,0.000884653,0.0110182,0.0115284,0,0,0,1,500,0.225,6.55061e-05,3.88592e-05,8.74331e-06,-1.47389e-05,5.44746e-06,-1.62473e-05,0.366021,0.0660586,0.0115098,0.00032172,-0.211937,0.00102088,0.000756659,-0.00688114,13.8833,1,0,0,0,0,0,-1,1,-9.04619e-07,-3.41779e-06,-0.21154,0,39.755,1,1010,1010,1010,1010,0,0,0,0,40.0539,56,0.0114616,-0.000903045,56,0.0137692,0.00214186,56,0.00436188,0.00238435,56,0.00932353,0.00998065,56,0.0037692,-0.00171637,56,0.00377625,5.80965e-05,56,0.000892274,0.00707599,56,0.00422813,0.00923398,52,0.00836536,0.00508034
5494447714863,5494431824000,5494431824000,5494447704030,73729,15.88,5494459735286,27.9113,0,26095,102010,0,0,1,0,0,0.00802,500,500,500,1,2.64945,3.72099,0.592597,0.318447,0.00823975,0.0258026,1.10079e-05,5.30043e-05,0.00146517,-0.00515001,1,0.00660902,-0.00137255,0.00137255,0.00660902,1,1,0.000671734,0.00669346,0.000700818,-8.44447e-05,0,0,0,0,0,0,0,0,0,0,0,0,0,0,0,0,0,0,0,0,0,0,0,255,0.22,-0.66995,0.22,0.000855287,0.00405047,1,1,1,1,0,1,1,-0.290812,-3.20778,0.124444,-0.000142589,0.00538976,0.0247134,52.3504,25479,1,367,148.351,6370,0,0.000884653,0.0110182,0.0115284,0,0,0,1,500,0.225,9.34141e-06,4.48799e-05,1.0098e-05,-2.10182e-06,9.42996e-06,-4.17876e-06,0.36603,0.0660544,0.0115094,0.000295887,-0.211932,0.000288541,-0.000380001,-0.00229211,12.296,2,0,0,0,0,0,-1,1,-9.0462e-07,-3.41779e-06,-0.211616,0,0.187094,1,1010,1010,1010,1010,0,0,0,0,0.191354,56,-0.00319922,0.00804296,56,-0.0164786,0.0110164,56,0.00649076,0.00265523,56,0.0024737,0.00135998,56,-0.000494726,0.00632154,56,0.00190586,0.01144,56,0.00273506,0.00519547,56,0.00555466,0.00528572,52,0.000179533,0.00503794
5494460300901,5494451825000,5494451825000,5494460293068,73729,8.46807,5494471072852,19.2479,1,26096,102011,0,0,1,0,0,0.020001,500,500,500,1,2.66493,3.79732,0.625246,0.314335,0.0110474,-0.0187225,1.15199e-06,-5.39383e-05,-0.00699279,0.00559323,1,-0.00269678,-5.75966e-05,5.75966e-05,-0.00269678,1,1,0.000926698,-0.00248112,-0.000869101,-0.000215661,0,0,0,0,0,0,0,0,0,0,0,0,0,0,0,0,0,0,0,0,0,0,0,255,0.22,1.75994,0.22,0.000934955,-0.00170425,1,1,1,2,0,1,1,-0.290842,-3.20781,0.124627,-0.000775249,0.00482068,0.0249991,11.2661,25480,1,367,159.715,6370,0,0.000884653,0.0110182,0.0115284,0,0,0,1,500,0.225,1.0254e-06,-4.57182e-05,-1.02866e-05,-2.30715e-07,-1.01051e-05,1.93761e-06,0.36602,0.0660563,0.0115267,0.000291787,-0.21187,0.00188847,-0.000970476,0.00463954,11.0075,1,0,0,0,0,0,-1,1,-9.0462e-07,-3.41779e-06,-0.211616,0,11.5389,1,1010,1010,1010,1010,0,0,0,0,11.5432,56,-0.00487212,0.00312746,56,0.00050738,-0.00792336,56,0.000573345,-0.0014381,56,0.0032344,0.00190104,56,-0.00222713,-0.0038784,56,-0.000487014,-0.00116217,56,0.00259432,-0.00663958,56,-0.00410749,-0.00300003,52,0.00207227,-0.000871216
5494471649523,5494463801000,5494463801000,5494471636893,73729,7.83589,5494485425940,21.6249,0,26096,102012,0,0,1,0,0,0.011976,500,500,500,1,2.65607,3.8176,0.65382,0.33778,0.0378723,-0.0128784,5.5215e-05,-2.53813e-05,-0.00426458,-0.00266331,1,-0.00211935,-0.00461047,0.00461047,-0.00211935,1,1,0.00616825,-0.00191749,-0.00155778,-0.000201862,0,0,0,0,0,0,0,0,0,0,0,0,0,0,0,0,0,0,0,0,0,0,0,255,0.22,2.95928,0.22,0.00300492,-0.000853102,1,1,1,1,1,1,1,-0.290842,-3.20781,0.124627,-0.000775249,0.00482068,0.0249991,25.5949,25480,1,367,174.044,6370,0,0.000884653,0.0110182,0.0115284,0,0,0,1,500,0.225,4.68711e-05,-2.14623e-05,-4.82901e-06,-1.0546e-05,-6.93794e-06,-9.29451e-06,0.366013,0.066047,0.0115347,0.00028736,-0.211797,0.00229791,-0.000908378,0.00744635,14.0519,1,0,0,0,0,0,-1,1,-9.0462e-07,-3.41779e-06,-0.211616,0,25.8624,1,1010,1010,1010,1010,0,0,0,0,25.8666,56,0.0158881,0.000715347,56,0.00234683,-0.00603337,56,0.00206699,-0.0082058,56,0.00244514,0.000790797,56,0.00422036,0.000855602,56,0.00923339,-0.00310915,56,0.00267634,-0.00136701,56,0.00648962,-0.000297178,52,0.00330587,0.00128305
5494486022778,5494471820000,5494471820000,5494486008944,73729,14.1889,5494497261954,25.442,0,26096,102013,0,0,1,0,0,0.008019,500,500,491,0.982,2.7028,3.58629,0.622282,0.314429,-0.0335388,0.0157471,-7.10269e-05,6.39678e-05,-0.0123655,-0.01408,1,0.00797703,0.00885733,-0.00885733,0.00797703,1,1,-0.00685432,0.0079646,-0.00200301,1.24292e-05,0,0,0,0,0,0,0,0,0,0,0,0,0,0,0,0,0,0,0,0,0,0,0,255,0.22,6.97331,0.22,-0.0101591,0.00456882,1,1,1,1,0,1,1,-0.290842,-3.20781,0.124627,-0.000775249,0.00482068,0.0249991,37.431,25480,1,367,185.88,6370,0,0.000884653,0.0110182,0.0115284,0,0,0,1,491,0.225,-6.02512e-05,5.41498e-05,1.21837e-05,1.35565e-05,1.47599e-05,1.06932e-05,0.366028,0.0660577,0.0115126,0.000299681,-0.211679,0.00050042,5.59316e-05,0.00761117,11.5048,2,0,0,0,0,0,-1,1,-9.0462e-07,-3.41779e-06,-0.211616,0,37.6941,1,1010,1010,1010,1010,0,0,0,0,37.6984,56,-0.017937,0.0164785,56,0.00472948,0.0246083,47,-0.00512223,0.00499762,56,-0.0160453,0.00394874,56,-0.0129083,-0.00287869,56,-0.00751405,0.00817214,56,-0.0153233,-0.00219473,56,-0.011807,0.00341934,52,0.000398763,0.0031665
5494497808773,5494479848000,5494479848000,5494497797606,73729,17.9496,5494510859055,31.0111,0,26096,102014,0,0,1,0,0,0.008028,500,500,500,1,2.69528,4.78137,0.598838,0.316243,-0.00814819,0.0291748,1.20151e-06,7.22371e-05,-0.000745728,-0.00582036,1,0.00899814,-0.000149665,0.000149665,0.00899814,1,1,0.000658564,0.00897711,-0.000508899,2.10279e-05,0,0,0,0,0,0,0,0,0,0,0,0,0,0,0,0,0,0,0,0,0,0,0,255,0.22,8.84718,0.22,-0.00306473,0.00723705,1,1,1,1,0,1,1,-0.290864,-3.20782,0.124595,-0.000669113,0.005351,0.0250087,1.40277,25481,1,367,199.473,6370,0,0.000884653,0.0110182,0.0115284,0,0,0,1,500,0.225,1.00236e-06,6.1204e-05,1.37709e-05,-2.25531e-07,1.3416e-05,-3.11422e-06,0.366041,0.0660546,0.0115234,0.000292912,-0.211713,-0.00030984,9.46255e-05,0.00158416,1.17742,2,0,0,0,0,0,-1,1,-9.04619e-07,-3.41779e-06,-0.211458,0,1.66918,1,1010,1010,1010,1010,0,0,0,0,1.67266,56,0.00428044,0.0073676,56,0.00263934,0.0187862,56,-0.00256966,0.00794232,56,-0.00339349,0.00931343,56,-0.000342624,0.00576545,56,-0.00856622,0.00575748,56,-0.00391741,0.00823012,56,0.00248552,0.00857168,52,-0.00251884,0.00595151
5494511393133,5494499831000,5494499831000,5494511386467,73729,11.5555,5494525575128,25.7441,1,26097,102015,0,0,1,0,0,0.019983,500,500,500,1,2.6517,3.8079,0.586208,0.313928,-0.0366821,0.0222473,-0.000110174,1.87733e-05,-0.00528675,0.00473781,1,0.000939464,0.00551339,-0.00551339,0.000939464,1,1,-0.00565662,0.00097751,0.000143229,-3.80455e-05,0,0,0,0,0,0,0,0,0,0,0,0,0,0,0,0,0,0,0,0,0,0,0,255,0.22,2.14537,0.22,-0.0048443,0.00150671,1,1,1,1,0,1,1,-0.290864,-3.20782,0.124595,-0.000669113,0.005351,0.0250087,16.1241,25481,1,367,214.194,6370,0,0.000884653,0.0110182,0.0115284,0,0,0,1,500,0.225,-9.34223e-05,1.59081e-05,3.57932e-06,2.102e-05,7.91622e-06,1.97972e-05,0.366049,0.0660744,0.0115234,0.000292912,-0.211713,0.000364304,-0.000171205,-0.00022418,15.8895,0,0,0,0,0,0,-1,1,-9.04619e-07,-3.41779e-06,-0.211458,0,16.395,1,1010,1010,1010,1010,0,0,0,0,16.3985,56,-0.00959072,0.00119521,56,-0.00958859,-0.000483209,56,-0.00642826,0.00494154,56,-0.000568962,0.00162332,56,-0.00505199,-0.00330955,56,-0.00348352,0.00108476,56,-0.00254225,-0.000182714,56,-0.00192463,0.00205901,52,-0.00719714,0.00451137
5494526122891,5494511821000,5494511821000,5494526111724,73729,14.2907,5494540183107,28.3621,0,26097,102016,0,0,1,0,0,0.01199,500,500,500,1,2.68413,3.54212,0.600449,0.321724,0.0355682,-0.00883484,7.2048e-05,6.32356e-07,0.00689647,-0.00866317,1,5.27403e-05,-0.006009,0.006009,5.27403e-05,1,1,0.00413763,3.27829e-05,0.00187137,1.99574e-05,0,0,0,0,0,0,0,0,0,0,0,0,0,0,0,0,0,0,0,0,0,0,0,255,0.22,6.69185,0.22,0.00496851,-0.00108302,1,1,1,1,1,1,1,-0.290864,-3.20782,0.124595,-0.000669113,0.005351,0.0250087,30.7317,25481,1,367,14.5966,6371,0,0.000884653,0.0110323,0.01112,0,0,0,1,500,0.225,6.11051e-05,5.27087e-07,1.18594e-07,-1.37486e-05,-2.77459e-06,-1.34653e-05,0.366046,0.066061,0.0115669,0.000298979,-0.211833,0.00263673,8.98084e-05,-0.00462755,14.3189,2,0,0,0,0,0,-1,1,-9.04619e-07,-3.41779e-06,-0.211458,0,30.9995,1,1010,1010,1010,1010,0,0,0,0,31.003,56,0.00322162,-0.00299722,56,0.00258868,0.0066723,56,0.00995367,-0.00340364,56,0.00870045,-0.00141715,56,0.00567591,-0.00104433,56,0.00464529,0.00490359,56,0.0059911,0.00238877,56,0.00694111,-0.00051374,52,0.01038,-0.00248607
5494540800833,5494531825000,5494531825000,5494540792315,73729,8.96731,5494553749115,21.9241,1,26098,102017,0,0,1,0,0,0.020004,500,500,500,1,2.69411,3.93647,0.593338,0.311354,0.0234756,-0.024292,4.02789e-05,-1.08991e-05,0.00195003,-0.0057379,1,-0.000544847,-0.00201354,0.00201354,-0.000544847,1,1,0.000177531,-0.000631046,0.00183601,8.61989e-05,0,0,0,0,0,0,0,0,0,0,0,0,0,0,0,0,0,0,0,0,0,0,0,255,0.22,1.10632,0.22,-0.000100116,-0.00144339,1,1,1,1,0,1,1,-0.290864,-3.20782,0.124595,-0.000669113,0.005351,0.0250087,44.3186,25481,1,367,28.1837,6371,0,0.000884653,0.0110323,0.01112,0,0,0,1,500,0.225,3.41793e-05,-9.22436e-06,-2.07548e-06,-7.69034e-06,-3.64617e-06,-7.08142e-06,0.366043,0.0660539,0.0115838,0.000295516,-0.211869,0.00222811,0.000387895,-0.00482715,13.3261,1,0,0,0,0,0,-1,1,-9.04619e-07,-3.41779e-06,-0.211458,0,44.5964,1,1010,1010,1010,1010,0,0,0,0,44.5999,56,0.00193145,0.00617551,56,0.00439194,-0.00271214,56,0.00446843,-0.00185073,56,0.00434844,-0.00181675,56,0.00278415,-0.00194821,56,0.00477308,0.00022886,56,-0.00125705,-0.00573045,56,-0.000314747,-0.00254102,52,0.00530546,-0.000690077
5494554328564,5494539833000,5494539833000,5494554315953,73729,14.483,5494566579544,26.7465,0,26098,102018,0,0,1,0,0,0.008008,500,500,500,1,2.6933,3.9986,0.654449,0.314391,-0.0276031,0.0164642,-4.42246e-05,2.88454e-05,-0.00277419,-0.000162352,1,0.00360207,0.00552256,-0.00552256,0.00360207,1,1,-0.00587053,0.00356748,0.000347976,3.45865e-05,0,0,0,0,0,0,0,0,0,0,0,0,0,0,0,0,0,0,0,0,0,0,0,255,0.22,4.48787,0.22,-0.00684325,0.00245903,1,1,1,1,0,1,1,-0.290887,-3.20782,0.124584,5.32279e-05,0.0055801,0.0246649,5.64243,25482,1,367,40.9905,6371,0,0.000884653,0.0110323,0.01112,0,0,0,1,500,0.225,-3.75074e-05,2.44019e-05,5.49043e-06,8.43916e-06,7.14218e-06,7.09537e-06,0.36605,0.066061,0.0115732,0.000299251,-0.211863,0.000376706,0.000155639,-0.00095135,5.41517,2,0,0,0,0,0,-1,1,-9.04619e-07,-3.41779e-06,-0.211608,0,5.90786,1,1010,1010,1010,1010,0,0,0,0,5.91288,56,-0.0160162,0.012602,56,-0.00142262,0.0144152,56,-0.00339661,0.00122556,56,-0.00494344,-0.00294737,56,-0.0191546,0.000917229,56,-0.0131682,0.00557517,56,0.000406817,-0.00702629,56,-0.00568509,0.0091119,52,-0.00433786,0.00760038
5494567124529,5494551816000,5494551816000,5494567111048,73729,15.295,5494581262764,29.4468,0,26098,102019,0,0,1,0,0,0.011983,500,500,477,0.954,2.65459,3.60808,0.628949,0.306151,-0.02005,0.0256653,-3.06655e-05,5.44985e-05,-0.00178494,-0.00659111,1,0.00454799,0.00255908,-0.00255908,0.00454799,1,1,-0.00139216,0.00467418,-0.00116692,-0.000126196,0,0,0,0,0,0,0,0,0,0,0,0,0,0,0,0,0,0,0,0,0,0,0,255,0.22,7.10302,0.22,-0.00363337,0.00290365,1,1,1,1,0,1,1,-0.290887,-3.20782,0.124584,5.32279e-05,0.0055801,0.0246649,20.3254,25482,1,367,55.6735,6371,0,0.000884653,0.0110323,0.01112,0,0,0,1,477,0.225,-2.59581e-05,4.61917e-05,1.03931e-05,5.84058e-06,1.13887e-05,3.52461e-06,0.366061,0.0660645,0.0115475,0.000289498,-0.21182,-0.000896295,-0.000567883,0.00348389,14.455,1,0,0,0,0,0,-1,1,-9.04619e-07,-3.41779e-06,-0.211608,0,20.5936,1,1010,1010,1010,1010,0,0,0,0,20.5986,56,0.00332688,-0.00434657,56,-0.0145307,-0.00168549,56,-0.00491407,0.00591263,56,-5.68412e-05,0.0033096,56,-0.00338363,0.00755814,56,-0.00270439,0.00558599,33,-0.00347561,0.00310376,56,0.00125002,0.00911613,52,-0.00335776,0.00333855
5494581803787,5494571819000,5494571819000,5494581797305,73729,9.9783,5494595704668,23.8857,1,26099,102020,0,0,1,0,0,0.020003,500,500,500,1,2.70485,3.71106,0.591042,0.320095,-0.041687,0.00278473,-8.3602e-05,7.76823e-06,0.0016887,0.0015477,1,0.000388353,0.00417947,-0.00417947,0.000388353,1,1,-0.00270933,0.000454431,-0.00147014,-6.60778e-05,0,0,0,0,0,0,0,0,0,0,0,0,0,0,0,0,0,0,0,0,0,0,0,255,0.22,1.52612,0.22,-0.00364431,0.000360695,1,1,1,1,1,1,1,-0.290887,-3.20782,0.124584,5.32279e-05,0.0055801,0.0246649,34.798,25482,1,367,70.1467,6371,0,0.000884653,0.0110323,0.01112,0,0,0,1,500,0.225,-7.0922e-05,6.57397e-06,1.47914e-06,1.59575e-05,4.80022e-06,1.5289e-05,0.366066,0.0660798,0.0115536,0.000297287,-0.211782,-0.000562813,-0.00029735,0.00484225,14.1705,1,0,0,0,0,0,-1,1,-9.04619e-07,-3.41779e-06,-0.211608,0,35.2657,1,1010,1010,1010,1010,0,0,0,0,35.2707,56,-0.00471554,0.00767008,56,-0.00455669,0.0044205,56,-0.00359789,-0.00362609,56,-0.00437134,-0.0058796,56,-0.00207199,-0.000569848,56,-0.00670865,0.00189126,56,-0.00331575,-0.00219595,56,-0.00336872,0.00054182,52,-0.00129943,-0.00224935
5494596695064,5494579839000,5494579839000,5494596672490,73729,16.8335,5494609360917,29.5219,0,26099,102021,0,0,1,0,0,0.00802,500,500,500,1,2.7823,4.22233,0.652598,0.371966,0.0220184,-0.0177078,4.1431e-05,-6.81374e-05,-0.0039501,0.00761357,1,-0.00849593,-0.00516596,0.00516596,-0.00849593,1,1,0.00598987,-0.00847961,-0.000823906,-1.63243e-05,0,0,0,0,0,0,0,0,0,0,0,0,0,0,0,0,0,0,0,0,0,0,0,255,0.22,6.26688,0.22,0.00470578,-0.00402979,1,1,1,1,0,1,1,-0.290887,-3.20782,0.124584,5.32279e-05,0.0055801,0.0246649,48.4262,25482,1,367,83.7743,6371,0,0.000884653,0.0110323,0.01112,0,0,0,1,500,0.225,3.50707e-05,-5.77511e-05,-1.2994e-05,-7.89091e-06,-1.43622e-05,-4.98307e-06,0.366052,0.0660748,0.011556,0.0002898,-0.211758,0.000550006,-7.34592e-05,0.00340607,13.1306,2,0,0,0,0,0,-1,1,-9.04619e-07,-3.41779e-06,-0.211513,0,0.231113,1,1010,1010,1010,1010,0,0,0,0,0.23478,56,-0.00299238,-0.0102903,56,0.0124889,-0.0225296,56,-0.00594611,-0.00189433,56,0.00735811,0.00195985,56,0.00916671,-0.00748261,56,0.00311641,-0.00754918,56,0.00932363,0.00515666,56,0.00734255,-0.00894377,52,-0.0078933,-0.00225011
5494609926514,5494599840000,5494599840000,5494609920977,73729,10.081,5494620912744,21.0727,1,26100,102022,0,0,1,0,0,0.020001,500,500,500,1,2.77445,3.99484,0.595726,0.320021,0.0535126,-0.0246124,0.000104714,-5.58929e-05,0.00368711,-0.00144049,1,-0.0027945,-0.00523546,0.00523546,-0.0027945,1,1,0.00507799,-0.0027983,0.000157467,3.79579e-06,0,0,0,0,0,0,0,0,0,0,0,0,0,0,0,0,0,0,0,0,0,0,0,255,0.22,-0.770154,0.22,0.00373742,-0.00218994,1,1,1,2,0,1,1,-0.29091,-3.20792,0.124345,-0.000130483,0.00438111,0.024737,11.5293,25483,1,367,95.3442,6371,0,0.000884653,0.0110323,0.01112,0,0,0,1,500,0.225,8.88336e-05,-4.73657e-05,-1.06573e-05,-1.99876e-05,-1.46202e-05,-1.72997e-05,0.366037,0.0660575,0.0115697,0.000295032,-0.211768,0.00111827,1.7081e-05,0.000327732,11.2726,1,0,0,0,0,0,-1,1,-9.04619e-07,-3.41779e-06,-0.211513,0,11.7926,1,1010,1010,1010,1010,0,0,0,0,11.7963,56,0.00845712,-0.00297686,56,0.00364581,-0.00701069,56,0.00443465,-0.00325623,56,0.00936017,-0.00329049,56,0.00446021,-0.00276615,56,0.00564717,-0.00202274,56,0.00605127,-0.00225371,56,0.00576929,0.000530722,52,0.00529207,-0.00237857
5494621463915,5494611823000,5494611823000,5494621453470,73729,9.63047,5494636570490,24.7475,0,26100,102023,0,0,1,0,0,0.011983,500,500,500,1,2.70159,4.9005,0.696006,0.318484,0.0199585,0.0376129,4.9473e-05,0.00013926,-0.00587208,-0.01814,1,0.0116215,-0.0041286,0.0041286,0.0116215,1,1,0.00396982,0.0115821,0.000158783,3.93876e-05,0,0,0,0,0,0,0,0,0,0,0,0,0,0,0,0,0,0,0,0,0,0,0,255,0.22,0.606042,0.22,0.00231579,0.0063205,1,1,1,1,0,1,1,-0.29091,-3.20792,0.124345,-0.000130483,0.00438111,0.024737,27.1678,25483,1,367,110.983,6371,0,0.000884653,0.0110323,0.01112,0,0,0,1,500,0.225,4.19507e-05,0.000118042,2.65594e-05,-9.43891e-06,2.39823e-05,-1.48099e-05,0.366061,0.0660427,0.011565,0.000292441,-0.211765,0.000723088,0.000177244,6.85157e-06,15.3666,1,0,0,0,0,0,-1,1,-9.04619e-07,-3.41779e-06,-0.211513,0,27.4395,1,1010,1010,1010,1010,0,0,0,0,27.4431,56,0.000850113,0.017352,56,0.0230307,0.0371447,56,0.00692682,0.00704365,56,-0.0017674,0.00868719,56,0.00105015,0.0071249,56,0.00948958,0.00365805,56,-0.00309116,0.00584971,56,-0.00269565,0.00871609,52,0.00108053,0.00659231
5494637109235,5494619843000,5494619843000,5494637097624,73729,17.2546,5494648989231,29.1462,0,26100,102024,0,0,1,0,0,0.00802,500,500,500,1,2.6813,3.64812,0.611467,0.32215,0.00777435,0.00550079,-1.24783e-05,7.58349e-06,-0.00991707,0.00314636,1,0.000945572,0.0015559,-0.0015559,0.000945572,1,1,-0.00129439,0.000885476,-0.000261509,6.00966e-05,0,0,0,0,0,0,0,0,0,0,0,0,0,0,0,0,0,0,0,0,0,0,0,255,0.22,6.11349,0.22,-0.000442861,0.000996681,1,1,1,1,1,1,1,-0.29091,-3.20792,0.124345,-0.000130483,0.00438111,0.024737,39.5851,25483,1,367,123.4,6371,0,0.000884653,0.0110323,0.01112,0,0,0,1,500,0.225,-1.05023e-05,6.42808e-06,1.44632e-06,2.36302e-06,1.91063e-06,2.00612e-06,0.366063,0.0660447,0.0115692,0.000299476,-0.211749,0.000451821,0.000270435,0.00130289,12.1422,2,0,0,0,0,0,-1,1,-9.04619e-07,-3.41779e-06,-0.211513,0,39.8523,1,1010,1010,1010,1010,0,0,0,0,39.856,56,0.00350678,0.000641541,56,-0.0241113,0.00464317,56,0.00526401,0.00109401,56,-0.00492811,0.0069876,56,-0.00136129,-0.0038728,56,-0.0010004,0.00598071,56,0.00325031,-0.00347114,56,-0.0046424,-0.00037479,52,0.00514395,0.0021366
5494649588180,5494639832000,5494639832000,5494649577754,73729,9.74575,5494662855445,23.0234,1,26101,102025,0,0,1,0,0,0.019989,500,500,469,0.938,2.69258,4.21781,0.685542,0.313224,-0.0178833,0.0419922,-1.86999e-05,0.000104448,-0.00138349,-0.00660951,1,0.00522527,0.000935508,-0.000935508,0.00522527,1,1,-0.00078498,0.00510837,-0.000150528,0.000116898,0,0,0,0,0,0,0,0,0,0,0,0,0,0,0,0,0,0,0,0,0,0,0,255,0.22,8.42306,0.22,-0.00188826,0.00320132,1,1,1,1,0,1,1,-0.290901,-3.20793,0.12451,0.000131445,0.00554974,0.0250176,1.6912,25484,1,367,137.278,6371,0,0.000884653,0.0110323,0.01112,0,0,0,1,469,0.225,-1.58307e-05,8.85361e-05,1.99206e-05,3.56191e-06,2.02242e-05,-7.05257e-07,0.366083,0.066044,0.0115399,0.000310244,-0.211782,-0.00051924,0.000526041,0.000126509,1.42308,2,0,0,0,0,0,-1,1,-9.0462e-07,-3.41779e-06,-0.211527,0,1.977,1,1010,1010,1010,1010,0,0,0,0,1.98122,56,0.000473898,0.00295034,56,0.00378159,0.00691397,56,-0.00224152,0.00193311,56,-0.00338274,0.00491088,56,-0.00447418,0.00525112,56,-0.00188482,0.00540324,26,-0.00461638,0.00428123,56,-0.00187546,0.00684259,51,-0.00341068,0.00345744
5494663464172,5494651811000,5494651811000,5494663453320,73729,11.6423,5494679343234,27.5322,0,26101,102026,0,0,1,0,0,0.011979,500,500,500,1,2.89061,5.11578,0.768672,0.335892,-0.017807,0.0225677,-3.21316e-05,2.52378e-05,0.00574571,0.00594138,1,0.00210684,0.00268232,-0.00268232,0.00210684,1,1,-0.00258796,0.00196203,-9.43618e-05,0.000144808,0,0,0,0,0,0,0,0,0,0,0,0,0,0,0,0,0,0,0,0,0,0,0,255,0.22,2.02946,0.22,-0.00275452,0.00237663,1,1,1,1,0,1,1,-0.290901,-3.20793,0.12451,0.000131445,0.00554974,0.0250176,18.1959,25484,1,367,153.783,6371,0,0.000884653,0.0110323,0.01112,0,0,0,1,500,0.225,-2.73192e-05,2.13711e-05,4.80849e-06,6.14683e-06,5.99307e-06,4.99833e-06,0.366089,0.066049,0.0115399,0.000310244,-0.211782,-0.000962104,0.000651636,-0.000429981,17.9069,0,0,0,0,0,0,-1,1,-9.0462e-07,-3.41779e-06,-0.211527,0,18.4832,1,1010,1010,1010,1010,0,0,0,0,18.4875,56,-0.00287907,-0.000643801,56,-0.00287829,0.00819024,56,-0.00640923,0.00641419,56,-0.0097556,-0.0033746,56,0.00718415,0.00978881,56,0.00242157,-0.00143933,56,-0.00174376,0.0062798,56,-0.00290248,-0.00149677,52,-0.00287031,0.00194874
5494680044184,5494671824000,5494671824000,5494679998647,73729,8.17465,5494694777534,22.9535,1,26102,102027,0,0,1,0,0,0.020013,500,500,500,1,2.73815,5.54575,0.626727,0.334076,-0.0413971,0.0148926,-5.91207e-05,3.92117e-05,0.00217383,-0.000705271,1,0.00195931,0.00295412,-0.00295412,0.00195931,1,1,-0.00319202,0.00188582,0.000237906,7.34897e-05,0,0,0,0,0,0,0,0,0,0,0,0,0,0,0,0,0,0,0,0,0,0,0,255,0.22,7.64454,0.22,-0.00221548,0.0010037,1,1,1,1,0,1,1,-0.290901,-3.20793,0.12451,0.000131445,0.00554974,0.0250176,33.6093,25484,1,367,169.197,6371,0,0.000884653,0.0110323,0.01112,0,0,0,1,500,0.225,-5.01676e-05,3.31979e-05,7.46953e-06,1.12877e-05,9.67555e-06,9.46434e-06,0.366099,0.0660585,0.0115403,0.000306131,-0.211815,-0.000397085,0.000330704,-0.00117413,15.0703,2,0,0,0,0,0,-1,1,-9.0462e-07,-3.41779e-06,-0.211527,0,33.9137,1,1010,1010,1010,1010,0,0,0,0,33.918,56,-0.00848999,0.00615983,56,0.00124383,0.00651837,56,-0.000681932,-0.00184642,56,-0.00376965,0.00202363,56,-0.00409231,0.00467169,56,-0.00422711,0.0017364,56,-0.00634096,-0.00248684,56,-0.00432043,-8.21835e-06,52,-0.00256302,0.00168693
5494695429298,5494679862000,5494679862000,5494695412743,73729,15.5507,5494710697616,30.8356,0,26102,102028,0,0,1,0,0,0.008038,500,500,500,1,2.96432,6.08408,0.871248,0.399132,0.012413,-0.0457306,1.69951e-05,-0.000118254,0.00239571,0.0148406,1,-0.0147118,-0.00211434,0.00211434,-0.0147118,1,1,0.00170602,-0.014554,0.000408326,-0.000157797,0,0,0,0,0,0,0,0,0,0,0,0,0,0,0,0,0,0,0,0,0,0,0,255,0.22,3.46841,0.22,0.00333614,-0.0108597,1,1,1,1,1,1,1,-0.290901,-3.20793,0.12451,0.000131445,0.00554974,0.0250176,49.553,25484,1,367,185.14,6371,0,0.000884653,0.0110323,0.01112,0,0,0,1,500,0.225,1.43895e-05,-0.000100261,-2.25587e-05,-3.23764e-06,-2.27352e-05,1.57744e-06,0.366076,0.06606,0.0115896,0.000294074,-0.21181,0.00200449,-0.000710085,0.000133616,13.8437,2,0,0,0,0,0,-1,1,-9.0462e-07,-3.41779e-06,-0.211528,0,0.173612,1,1010,1010,1010,1010,0,0,0,0,0.178446,56,0.00391367,-0.0232866,56,0.0160177,-0.0264533,56,-0.0027278,-0.00634753,56,0.00435283,-0.00791548,56,-0.00106581,-0.0131085,56,-0.00470336,-0.0147162,56,0.00975649,-0.00349754,56,0.000474487,-0.0145884,52,0.00508444,-0.0155261
5494711555381,5494699847000,5494699847000,5494711538196,73729,11.6912,5494724552089,24.7051,1,26103,102029,0,0,1,0,0,0.019985,500,500,488,0.976,3.12119,5.40063,0.592283,0.313225,0.0320892,-0.0559845,8.6319e-05,-8.10212e-05,0.00310864,-0.00783434,1,-0.0040541,-0.00431919,0.00431919,-0.0040541,1,1,0.00432023,-0.00394717,-1.03562e-06,-0.000106929,0,0,0,0,0,0,0,0,0,0,0,0,0,0,0,0,0,0,0,0,0,0,0,255,0.22,-0.603412,0.22,0.00218377,-0.00359288,1,1,1,2,0,1,1,-0.29092,-3.20794,0.12447,-0.000107216,0.00492705,0.0248973,13.6941,25485,1,367,198.978,6371,0,0.000884653,0.0110323,0.01112,0,0,0,1,488,0.225,7.32941e-05,-6.85541e-05,-1.54247e-05,-1.64912e-05,-1.85464e-05,-1.28793e-05,0.366058,0.0660471,0.011598,0.000285972,-0.211784,0.00272674,-0.000481179,0.00218512,13.4479,1,0,0,0,0,0,-1,1,-9.0462e-07,-3.41779e-06,-0.211528,0,13.9516,1,1010,1010,1010,1010,0,0,0,0,13.9564,56,0.00934984,-0.00194076,56,-0.00356842,-0.00425123,46,0.0056135,-0.00442031,56,0.00655828,-0.0111367,56,0.00105406,-0.00500606,54,0.0069073,-0.00570677,56,0.00250863,-0.0038556,56,0.00449012,0.00154687,52,0.00638519,-0.00234551
5494725096075,5494707846000,5494707846000,5494725086852,73729,17.2409,5494738073597,30.2276,0,26103,102030,0,0,1,0,0,0.007999,500,500,500,1,2.68107,3.81651,0.591189,0.319206,-0.000694275,0.00820923,-2.83044e-05,5.37795e-05,-0.0107197,-0.00856995,1,0.00672328,0.00353849,-0.00353849,0.00672328,1,1,-0.00294546,0.00675125,-0.00059303,-2.79673e-05,0,0,0,0,0,0,0,0,0,0,0,0,0,0,0,0,0,0,0,0,0,0,0,255,0.22,2.74939,0.22,-0.00446115,0.00348159,1,1,1,1,0,1,1,-0.29092,-3.20794,0.12447,-0.000107216,0.00492705,0.0248973,27.205,25485,1,367,13.4666,6372,0,0.000884653,0.0110501,0.0115324,0,0,0,1,500,0.225,-2.40232e-05,4.55218e-05,1.02424e-05,5.40523e-06,1.11496e-05,3.13141e-06,0.366069,0.0660503,0.011598,0.000292808,-0.211756,0.00122101,-0.000125853,0.00311172,13.2348,1,0,0,0,0,0,-1,1,-9.0462e-07,-3.41779e-06,-0.211528,0,27.4784,1,1010,1010,1010,1010,0,0,0,0,27.4832,56,-0.0121813,0.0138906,56,0.021126,0.0141771,56,-0.00055556,0.000559572,56,0.0109002,0.00696364,56,0.00136547,0.00557204,56,-0.00526381,-0.00260959,56,-0.011158,-0.0056965,56,-0.00261173,-0.00201622,52,-0.00458683,0.00796946
5494738635397,5494727853000,5494727853000,5494738628027,73729,10.775,5494753690972,25.838,1,26104,102031,0,0,1,0,0,0.020007,500,500,477,0.954,2.81361,4.49261,0.683468,0.30604,-0.0211639,0.0561218,-4.51245e-05,9.80828e-05,-0.00368896,-0.0058629,1,0.00490242,0.00225543,-0.00225543,0.00490242,1,1,-0.00150556,0.00469436,-0.00074987,0.000208064,0,0,0,0,0,0,0,0,0,0,0,0,0,0,0,0,0,0,0,0,0,0,0,255,0.22,6.16586,0.22,-0.00394417,0.00400847,1,1,1,1,0,1,1,-0.29092,-3.20794,0.12447,-0.000107216,0.00492705,0.0248973,42.8211,25485,1,367,29.0826,6372,0,0.000884653,0.0110501,0.0115324,0,0,0,1,477,0.225,-3.82273e-05,8.31362e-05,1.87057e-05,8.60115e-06,2.00955e-05,4.4772e-06,0.366089,0.0660548,0.0115716,0.000307428,-0.211744,-0.000362492,0.000936289,0.00240954,15.346,2,0,0,0,0,0,-1,1,-9.0462e-07,-3.41779e-06,-0.211528,0,43.0822,1,1010,1010,1010,1010,0,0,0,0,43.0871,56,0.00196196,0.00504877,56,-0.00798596,0.0107587,56,0.00132436,0.00741422,56,-0.00738691,0.0074484,56,-0.00354331,0.00172715,56,-0.00132762,0.00601072,33,-0.008333,0.00589356,56,-0.000620577,0.00243327,52,0.000672111,0.0055727
5494754215365,5494739839000,5494739839000,5494754205310,73729,14.3663,5494769190384,29.3514,0,26104,102032,0,0,1,0,0,0.011986,500,500,500,1,2.69572,4.54161,0.723302,0.318558,-0.0200577,-0.000228882,-6.25099e-05,2.90839e-06,-0.00804043,0.00558898,1,0.000242649,0.00521524,-0.00521524,0.000242649,1,1,-0.00536585,0.000141489,0.000150609,0.00010116,0,0,0,0,0,0,0,0,0,0,0,0,0,0,0,0,0,0,0,0,0,0,0,255,0.22,1.49521,0.22,-0.00352274,-0.000571702,1,1,1,1,1,1,1,-0.29089,-3.20796,0.124443,0.000449111,0.00465543,0.0249239,4.13994,25486,1,367,44.5766,6372,0,0.000884653,0.0110501,0.0115324,0,0,0,1,500,0.225,-5.30039e-05,2.46121e-06,5.53772e-07,1.19259e-05,3.04854e-06,1.15421e-05,0.366092,0.0660663,0.0115564,0.000307491,-0.211818,-0.000476457,0.000455221,-0.000923356,3.86382,3,0,0,0,0,0,-1,1,-9.04619e-07,-3.41779e-06,-0.211528,0,4.40987,1,1010,1010,1010,1010,0,0,0,0,4.41405,56,-0.00883232,-0.00301167,56,-2.35882e-05,-0.00922168,56,-0.0107666,-0.00148306,56,-0.00272064,-0.00769572,56,-0.00583645,0.00208811,56,-0.00440371,0.000671242,56,0.00394202,0.00216915,56,-0.00569267,-0.00132731,52,-0.00729283,0.0018043
5494769742703,5494759867000,5494759867000,5494769736925,73729,9.86993,5494782837560,22.9706,1,26105,102033,0,0,1,0,0,0.020028,500,500,496,0.992,2.70709,3.93297,0.71732,0.317687,-0.0140991,0.0267792,-3.30376e-05,3.38649e-05,-0.00052473,0.00271363,1,0.00169088,0.00164957,-0.00164957,0.00169088,1,1,-0.00235399,0.00171688,0.000704413,-2.59974e-05,0,0,0,0,0,0,0,0,0,0,0,0,0,0,0,0,0,0,0,0,0,0,0,255,0.22,6.85998,0.22,-0.000330158,0.000859304,1,1,1,1,0,1,1,-0.29089,-3.20796,0.124443,0.000449111,0.00465543,0.0249239,17.8032,25486,1,367,58.24,6372,0,0.000884653,0.0110501,0.0115324,0,0,0,1,496,0.225,-2.80013e-05,2.86429e-05,6.44466e-06,6.30029e-06,7.62512e-06,4.80415e-06,0.366099,0.0660711,0.0115564,0.000307491,-0.211818,0.000100151,-0.000116988,-0.00245577,17.5296,0,0,0,0,0,0,-1,1,-9.04619e-07,-3.41779e-06,-0.211528,0,18.0733,1,1010,1010,1010,1010,0,0,0,0,18.0775,56,-0.00569527,0.000621854,56,-0.00448344,0.0057959,56,0.000693458,0.00483913,56,0.00487334,0.00284296,56,-0.00234429,0.00307717,56,-0.00148473,-0.00260542,56,-0.00326058,-0.000114921,56,-0.00395772,0.00422491,48,-0.00211796,0.00204122
5494783357508,5494767847000,5494767847000,5494783346545,73729,15.4995,5494795000631,27.1536,0,26105,102034,0,0,1,0,0,0.00798,500,500,500,1,2.66278,3.59073,0.589375,0.322466,0.0173874,0.0115051,3.1651e-05,1.90432e-05,0.00354576,-0.000532446,1,0.00238636,-0.00396628,0.00396628,0.00238636,1,1,0.00330228,0.00256485,0.000664003,-0.000178491,0,0,0,0,0,0,0,0,0,0,0,0,0,0,0,0,0,0,0,0,0,0,0,255,0.22,0.186946,0.22,0.0035668,0.00127064,1,1,1,1,0,1,1,-0.29089,-3.20796,0.124443,0.000449111,0.00465543,0.0249239,29.9559,25486,1,367,70.3926,6372,0,0.000884653,0.0110501,0.0115324,0,0,0,1,500,0.225,2.68403e-05,1.62e-05,3.645e-06,-6.03907e-06,2.29384e-06,-6.67005e-06,0.366102,0.0660644,0.0115571,0.000297781,-0.211836,0.000222597,-0.00080321,-0.00221233,11.9049,1,0,0,0,0,0,-1,1,-9.04619e-07,-3.41779e-06,-0.211528,0,30.2228,1,1010,1010,1010,1010,0,0,0,0,30.227,56,0.0105349,0.00930123,56,0.0120132,-0.00274216,56,0.00458859,-0.00197943,56,-0.00557446,0.00314104,56,-0.00926532,-0.000638455,56,0.00326135,0.00358503,56,0.00509053,0.00266858,56,0.0132405,0.00353659,52,0.00842819,0.00606718
5494795500950,5494779833000,5494779833000,5494795489876,73729,15.6569,5494811961684,32.1287,0,26105,102035,0,0,1,0,0,0.011986,500,500,449,0.898,2.89884,7.46963,0.61469,0.292354,0.00704956,-0.0135193,1.25649e-05,-4.8345e-05,0.00425233,0.00791167,1,-0.00403346,-0.00104829,0.00104829,-0.00403346,1,1,0.000762939,-0.00384985,0.000285356,-0.000183608,0,0,0,0,0,0,0,0,0,0,0,0,0,0,0,0,0,0,0,0,0,0,0,255,0.22,2.19076,0.22,0.00131826,-0.00167111,1,1,1,1,0,1,1,-0.29089,-3.20796,0.124443,0.000449111,0.00465543,0.0249239,46.9146,25486,1,367,87.3515,6372,0,0.000884653,0.0110501,0.0115324,0,0,0,1,449,0.225,1.06484e-05,-4.09961e-05,-9.22412e-06,-2.39589e-06,-9.52165e-06,-4.02788e-07,0.366092,0.066064,0.0115613,0.000291703,-0.211832,0.000584328,-0.000826234,-0.000559818,16.7336,1,0,0,0,0,0,-1,1,-9.0462e-07,-3.41779e-06,-0.21151,0,0.219038,1,1010,1010,1010,1010,0,0,0,0,0.222797,56,-0.00282966,-0.0100024,56,-0.00647666,-0.000284196,19,0.00662423,0.00663488,56,0.0067426,-0.0015847,56,0.00258428,-0.00121756,47,-0.00153117,0.000222499,56,0.00182161,-0.00671972,56,0.00828657,-0.00500953,47,-0.000138567,-0.00343475
5494812472947,5494799854000,5494799854000,5494812467817,73729,12.6138,5494827643319,27.7893,1,26106,102036,0,0,1,0,0,0.020021,500,500,500,1,2.78295,4.7297,0.636245,0.319558,0.0241852,-0.0429993,1.82084e-05,-9.10171e-05,-0.00377234,0.00296283,1,-0.00454608,-0.000909467,0.000909467,-0.00454608,1,1,0.00145374,-0.00444042,-0.000544274,-0.000105663,0,0,0,0,0,0,0,0,0,0,0,0,0,0,0,0,0,0,0,0,0,0,0,255,0.22,9.00325,0.22,0.00143738,-0.00243355,1,1,1,1,1,1,1,-0.290882,-3.20798,0.124604,0.000113386,0.00510035,0.02501,15.6271,25487,1,367,103.035,6372,0,0.000884653,0.0110501,0.0115324,0,0,0,1,500,0.225,1.55311e-05,-7.7126e-05,-1.73533e-05,-3.4945e-06,-1.77001e-05,2.31224e-07,0.366074,0.0660643,0.011575,0.000288878,-0.211765,0.0010702,-0.000475482,0.00281554,15.3932,2,0,0,0,0,0,-1,1,-9.0462e-07,-3.41779e-06,-0.21151,0,15.8955,1,1010,1010,1010,1010,0,0,0,0,15.8993,56,0.00544273,-0.0063826,56,-0.0108843,-0.00926991,56,0.00082987,-0.00268298,56,0.00275769,-0.00662918,56,0.00647658,-0.00485283,56,0.000610386,-0.00328057,56,0.00313644,-0.00216435,56,0.00097062,-0.00420763,52,0.000442709,-0.0014709
5494828227508,5494819829000,5494819829000,5494828219064,73729,8.39006,5494841167901,21.3389,1,26107,102037,0,0,1,0,0,0.019975,500,500,500,1,2.63965,3.79277,0.682024,0.324817,-0.0112915,0.0166168,-2.40031e-05,8.42083e-05,-0.00798727,-0.009468,1,0.00421568,0.00120166,-0.00120166,0.00421568,1,1,-0.000379228,0.00407939,-0.000822431,0.000136296,0,0,0,0,0,0,0,0,0,0,0,0,0,0,0,0,0,0,0,0,0,0,0,255,0.22,4.48083,0.22,-0.00195975,0.00248106,1,1,1,1,0,1,1,-0.290882,-3.20798,0.124604,0.000113386,0.00510035,0.02501,29.1524,25487,1,367,116.561,6372,0,0.000884653,0.0110501,0.0115324,0,0,0,1,500,0.225,-2.03232e-05,7.1354e-05,1.60547e-05,4.57272e-06,1.66571e-05,1.0964e-06,0.366091,0.0660654,0.0115747,0.000306407,-0.211729,0.000889411,0.000613333,0.00367228,13.2471,2,0,0,0,0,0,-1,1,-9.0462e-07,-3.41779e-06,-0.21151,0,29.4248,1,1010,1010,1010,1010,0,0,0,0,29.4286,56,-0.00171144,0.00723735,56,-0.00143501,0.0112634,56,0.00283729,-0.000855686,56,-0.00302248,-0.000153701,56,-0.00122014,0.000152257,56,-0.00265263,0.0049073,56,-0.00305922,0.000330915,56,-0.00282255,0.00560684,52,-0.00158162,0.00353055
5494841672442,5494827851000,5494827851000,5494841661090,73729,13.8101,5494853333584,25.4826,0,26107,102038,0,0,1,0,0,0.008022,500,500,465,0.93,2.67115,3.86086,0.65506,0.302539,-0.00906372,-0.00567627,3.56029e-05,1.55429e-05,0.023614,-0.0092397,1,0.00193754,-0.00443816,0.00443816,0.00193754,1,1,0.00463902,0.00178868,-0.000200867,0.00014886,0,0,0,0,0,0,0,0,0,0,0,0,0,0,0,0,0,0,0,0,0,0,0,255,0.22,7.07148,0.22,-0.0028383,-0.000850171,1,1,1,1,0,1,1,-0.290882,-3.20798,0.124604,0.000113386,0.00510035,0.02501,41.3504,25487,1,367,128.759,6372,0,0.000884653,0.0110501,0.0115324,0,0,0,1,465,0.225,3.0086e-05,1.31563e-05,2.96017e-06,-6.76935e-06,1.47142e-06,-7.23984e-06,0.366093,0.0660581,0.0115781,0.000308672,-0.211747,7.23606e-05,0.000669868,0.000781009,11.8876,1,0,0,0,0,0,-1,1,-9.0462e-07,-3.41779e-06,-0.21151,0,41.6373,1,1010,1010,1010,1010,0,0,0,0,41.6411,56,-0.0120968,0.00457538,56,0.0240237,-0.00353783,22,-0.000636162,0.00711504,56,-0.00155425,0.0129303,56,0.0122432,0.00300807,55,0.00251688,0.00558103,56,-0.00945801,0.00122559,56,-0.00305522,-0.00773819,52,0.00449227,-0.00609784
5494853970977,5494839818000,5494839818000,5494853955014,73729,14.137,5494867318262,27.5003,0,26107,102039,0,0,1,0,0,0.011967,500,500,479,0.958,2.73937,4.18599,0.685727,0.310391,-0.0113525,0.0096283,-4.55777e-05,-1.82024e-06,-0.0107452,0.00724134,1,-0.000152105,0.00380861,-0.00380861,-0.000152105,1,1,-0.00427759,-0.000263967,0.000468976,0.000111863,0,0,0,0,0,0,0,0,0,0,0,0,0,0,0,0,0,0,0,0,0,0,0,255,0.22,-0.210058,0.22,-0.00213604,-5.48063e-05,1,1,1,1,0,1,1,-0.29086,-3.20798,0.124663,0.000497882,0.00497315,0.0250948,5.85525,25488,1,367,142.706,6372,0,0.000884653,0.0110501,0.0115324,0,0,0,1,479,0.225,-3.86078e-05,-1.53637e-06,-3.45684e-07,8.68676e-06,1.48823e-06,8.56471e-06,0.366094,0.0660667,0.0115593,0.00031882,-0.211818,-0.000294248,0.000503382,-0.00192371,5.63024,2,0,0,0,0,0,-1,1,-9.0462e-07,-3.41779e-06,-0.211563,0,6.12025,1,1010,1010,1010,1010,0,0,0,0,6.12503,56,-0.00186343,0.00164027,56,-0.00503739,0.00228456,56,-0.00368507,0.00239505,56,-0.0101942,0.00112689,56,-0.0145193,0.00074103,54,-0.00131748,0.000499872,56,-0.000485496,0.000873593,56,-0.00191138,-0.00248647,33,0.00384503,-0.00169274
5494867806766,5494847850000,5494847850000,5494867796099,73729,19.9461,5494879828096,31.9781,0,26107,102040,0,0,1,0,0,0.008032,500,500,500,1,2.64517,3.65006,0.757617,0.352058,-0.00340271,-0.00139618,-1.36896e-05,1.17934e-05,0.000862905,-0.00948004,1,0.0014683,0.00170439,-0.00170439,0.0014683,1,1,-0.00271042,0.00143579,0.00100603,3.25055e-05,0,0,0,0,0,0,0,0,0,0,0,0,0,0,0,0,0,0,0,0,0,0,0,255,0.22,3.47967,0.22,-0.00116936,-4.76651e-05,1,1,1,1,1,1,1,-0.29086,-3.20798,0.124663,0.000497882,0.00497315,0.0250948,18.3682,25488,1,367,155.219,6372,0,0.000884653,0.0110501,0.0115324,0,0,0,1,500,0.225,-1.15855e-05,9.99738e-06,2.24941e-06,2.60675e-06,2.74722e-06,2.0753e-06,0.366097,0.0660688,0.0115721,0.000313835,-0.211854,0.000305352,0.000146275,-0.00337742,12.2738,1,0,0,0,0,0,-1,1,-9.0462e-07,-3.41779e-06,-0.211563,0,18.6518,1,1010,1010,1010,1010,0,0,0,0,18.6565,56,0.00294871,-0.00728112,56,0.000322908,0.0105172,56,0.00193397,-0.00165825,56,0.00952932,0.00811659,56,0.00295202,0.00337652,56,0.00444268,0.000771668,56,-0.00538162,0.000249166,56,-0.000806333,0.00350247,52,-0.0109034,0.00134382
5494880401878,5494867842000,5494867842000,5494880393304,73729,12.5513,5494894373278,26.5313,1,26108,102041,0,0,1,0,0,0.019992,500,500,474,0.948,2.66663,3.96635,0.67806,0.307539,0.017746,-0.0167542,4.81265e-05,-2.92427e-05,0.00352988,0.00327631,1,-0.00146272,-0.00240729,0.00240729,-0.00146272,1,1,0.00166417,-0.0014373,0.00074312,-2.54205e-05,0,0,0,0,0,0,0,0,0,0,0,0,0,0,0,0,0,0,0,0,0,0,0,255,0.22,5.79136,0.22,0.00190289,-0.00171757,1,1,1,1,0,1,1,-0.29086,-3.20798,0.124663,0.000497882,0.00497315,0.0250948,32.9342,25488,1,367,169.785,6372,0,0.000884653,0.0110501,0.0115324,0,0,0,1,474,0.225,4.08295e-05,-2.47543e-05,-5.56971e-06,-9.18665e-06,-7.37683e-06,-7.80946e-06,0.366089,0.0660609,0.0115785,0.000312602,-0.211858,0.00119331,-0.000114392,-0.00172058,14.3212,1,0,0,0,0,0,-1,1,-9.0462e-07,-3.41779e-06,-0.211563,0,33.1973,1,1010,1010,1010,1010,0,0,0,0,33.2021,54,0.000637863,0.00402184,56,-0.000384382,-0.00574254,56,0.00372025,-0.00239788,56,0.00390313,-0.00210222,56,0.00212649,-0.00263875,55,0.00345476,-0.00165513,56,0.000758595,-0.00160612,56,0.00157002,-0.0015286,29,0.00409096,-0.00256814
5494894891671,5494879826000,5494879826000,5494894880097,73729,15.0541,5494912730785,32.9048,0,26108,102042,0,0,1,0,0,0.011984,500,500,500,1,3.08275,7.08718,0.732784,0.322484,0.00723267,-0.00540161,4.48906e-05,2.14361e-06,0.00413254,-0.00741363,1,0.000178872,-0.00374588,0.00374588,0.000178872,1,1,0.00413081,0.000229018,-0.000384926,-5.01456e-05,0,0,0,0,0,0,0,0,0,0,0,0,0,0,0,0,0,0,0,0,0,0,0,255,0.22,0.154168,0.22,0.00175631,-0.000835384,1,1,1,1,0,1,1,-0.29084,-3.20799,0.1247,0.000778109,0.00492221,0.0254047,2.73604,25489,1,367,188.115,6372,0,0.000884653,0.0110501,0.0115324,0,0,0,1,500,0.225,3.8035e-05,1.82053e-06,4.0962e-07,-8.55787e-06,-1.39834e-06,-8.4522e-06,0.366088,0.0660525,0.0115937,0.000306321,-0.211783,0.000959501,-0.000225655,0.00215333,2.50887,3,0,0,0,0,0,-1,1,-9.0462e-07,-3.41779e-06,-0.211527,0,3.00086,1,1010,1010,1010,1010,0,0,0,0,3.00484,56,0.00328296,-0.00778061,56,-0.00391379,0.00605948,56,-0.00122033,0.00139498,56,0.0017225,0.00232507,56,0.00796148,0.000176411,56,0.000280099,-0.0013557,56,-0.00380914,0.00270584,56,0.00394458,-0.00195325,52,0.00750681,-0.000517494
5494913220474,5494899850000,5494899850000,5494913215622,73729,13.3656,5494927684989,27.835,1,26109,102043,0,0,1,0,0,0.020024,500,500,500,1,2.70902,3.66058,0.677764,0.318817,0.0180206,0.00817871,3.5224e-05,-1.23911e-06,1.44972e-05,0.00396106,1,-6.18811e-05,-0.00175909,0.00175909,-6.18811e-05,1,1,0.00260807,7.10397e-05,-0.000848982,-0.000132921,0,0,0,0,0,0,0,0,0,0,0,0,0,0,0,0,0,0,0,0,0,0,0,255,0.22,8.31369,0.22,0.000159363,0.000600117,1,1,1,1,0,1,1,-0.29084,-3.20799,0.1247,0.000778109,0.00492221,0.0254047,17.6947,25489,1,367,14.936,6373,0,0.000884653,0.0110984,0.0112901,0,0,0,1,500,0.225,2.98512e-05,-1.07286e-06,-2.41394e-07,-6.71651e-06,-1.64776e-06,-6.51526e-06,0.366086,0.066046,0.0115937,0.000306321,-0.211783,0.000888528,-0.000598144,0.00376716,17.4565,0,0,0,0,0,0,-1,1,-9.0462e-07,-3.41779e-06,-0.211527,0,17.9693,1,1010,1010,1010,1010,0,0,0,0,17.9733,56,0.00280722,0.00199214,56,0.00473395,-0.00469166,56,0.000508701,-0.00140887,56,0.000291209,-1.84416e-05,56,0.00219319,-0.00186874,56,0.00208145,0.00261905,56,0.00631026,0.00276043,56,0.000441523,0.000763517,52,-0.00441856,2.7926e-05
5494928194585,5494915866000,5494915866000,5494928188474,73729,12.3225,5494941503740,25.6377,1,26110,102044,0,0,1,0,0,0.016016,500,500,500,1,2.64252,3.86325,0.689339,0.322058,-0.0101013,0.0203934,-2.03937e-05,7.6028e-05,-0.00411595,-0.0108044,1,0.004747,0.00127333,-0.00127333,0.004747,1,1,-0.000506111,0.00476412,-0.000767223,-1.71218e-05,0,0,0,0,0,0,0,0,0,0,0,0,0,0,0,0,0,0,0,0,0,0,0,255,0.22,3.00574,0.22,-0.0024367,0.00252428,1,1,1,1,1,1,1,-0.29084,-3.20799,0.1247,0.000778109,0.00492221,0.0254047,31.5391,25489,1,367,28.7806,6373,0,0.000884653,0.0110984,0.0112901,0,0,0,1,500,0.225,-1.72512e-05,6.44384e-05,1.44986e-05,3.88151e-06,1.49905e-05,7.47581e-07,0.366101,0.0660467,0.0115804,0.000309164,-0.211735,0.000507864,-7.70482e-05,0.00316829,5.74278,3,0,0,0,0,0,-1,1,-9.0462e-07,-3.41779e-06,-0.211527,0,31.8618,1,1010,1010,1010,1010,0,0,0,0,31.8658,56,0.00336901,0.00826714,56,-0.00638273,0.0183629,56,-0.00206616,0.00272255,56,-0.000702283,-0.000377949,56,-0.00363524,0.00281831,56,0.000401642,0.00451586,56,-0.00397814,0.00417837,56,-0.00513964,0.00279516,52,0.00620549,0.00209203
5494942238708,5494927844000,5494927844000,5494942223634,73729,14.3796,5494954508910,26.6649,0,26110,102045,0,0,1,0,0,0.011978,500,500,500,1,2.83985,3.68723,0.672023,0.315354,-0.0171967,0.0139008,-4.51303e-05,1.4105e-05,-0.00242335,0.0099165,1,0.00117758,0.00376777,-0.00376777,0.00117758,1,1,-0.00318114,0.00121875,-0.000586628,-4.11721e-05,0,0,0,0,0,0,0,0,0,0,0,0,0,0,0,0,0,0,0,0,0,0,0,255,0.22,6.69401,0.22,-0.00420964,0.00259366,1,1,1,1,0,1,1,-0.29084,-3.20799,0.1247,0.000778109,0.00492221,0.0254047,44.5456,25489,1,367,41.7869,6373,0,0.000884653,0.0110984,0.0112901,0,0,0,1,500,0.225,-3.82725e-05,1.19624e-05,2.69153e-06,8.61132e-06,4.44106e-06,7.85279e-06,0.366106,0.0660546,0.0115804,0.000309164,-0.211735,-0.000293117,-0.000185275,0.00187737,18.7786,0,0,0,0,0,0,-1,1,-9.0462e-07,-3.41779e-06,-0.211527,0,44.8204,1,1010,1010,1010,1010,0,0,0,0,44.8244,56,-0.00688819,0.0020574,56,-0.000901586,-6.94191e-05,56,-0.00224931,0.00265448,56,-0.00421336,0.00654943,56,-0.00739145,0.000341842,56,-0.00949557,0.00181628,56,-0.00323022,-0.00118373,56,0.00564334,-0.000573574,52,-0.00478093,0.00201074
5494955054174,5494935859000,5494935859000,5494955043340,73729,19.1843,5494968207031,32.348,0,26110,102046,0,0,1,0,0,0.008015,500,500,499,0.998,2.67461,4.0646,0.58956,0.316595,0.00738525,-0.00683594,1.5814e-05,-1.67582e-05,0.0041749,0.0058438,1,-0.00209086,-0.00197305,0.00197305,-0.00209086,1,1,0.00199,-0.00206989,-1.6952e-05,-2.09658e-05,0,0,0,0,0,0,0,0,0,0,0,0,0,0,0,0,0,0,0,0,0,0,0,255,0.22,-0.585671,0.22,0.00102588,-0.00133445,1,1,1,1,0,1,1,-0.290818,-3.208,0.124682,0.000512207,0.00499632,0.0251304,6.6436,25490,1,367,55.4599,6373,0,0.000884653,0.0110984,0.0112901,0,0,0,1,499,0.225,1.33914e-05,-1.42147e-05,-3.19831e-06,-3.01307e-06,-3.76014e-06,-2.27332e-06,0.366102,0.0660523,0.0115767,0.000318429,-0.211766,-0.000458093,-9.43462e-05,-0.000305447,6.39525,2,0,0,0,0,0,-1,1,-9.0462e-07,-3.41779e-06,-0.21151,0,6.91046,1,1010,1010,1010,1010,0,0,0,0,6.91609,56,-0.00340323,-0.00588983,55,-0.00724841,-0.0106476,56,-0.00532669,0.00225789,56,0.00265894,-0.00134839,56,0.00634613,0.00232442,56,0.0070964,0.000702925,56,0.00684235,-0.0069871,56,0.00729081,-0.00384099,52,-0.00105591,-0.00324998
5494968712460,5494955865000,5494955865000,5494968707146,73729,12.8421,5494981845743,25.9807,1,26111,102047,0,0,1,0,0,0.020006,500,500,500,1,2.70185,3.70436,0.598949,0.31191,0.00648499,0.00281525,2.37107e-05,1.30364e-05,0.00240316,-0.00326397,1,0.000651624,-0.00118518,0.00118518,0.000651624,1,1,0.000787841,0.000554494,0.00039734,9.71301e-05,0,0,0,0,0,0,0,0,0,0,0,0,0,0,0,0,0,0,0,0,0,0,0,255,0.22,2.95378,0.22,0.00105438,0.000635207,1,1,1,1,0,1,1,-0.290818,-3.208,0.124682,0.000512207,0.00499632,0.0251304,20.2847,25490,1,367,69.101,6373,0,0.000884653,0.0110984,0.0112901,0,0,0,1,500,0.225,2.0116e-05,1.10654e-05,2.48971e-06,-4.52609e-06,1.48276e-06,-4.948e-06,0.366104,0.0660474,0.0115832,0.000317497,-0.211777,0.000997881,0.000437086,-0.000632118,13.3977,1,0,0,0,0,0,-1,1,-9.0462e-07,-3.41779e-06,-0.21151,0,20.5543,1,1010,1010,1010,1010,0,0,0,0,20.5599,56,0.0054762,0.00154803,56,0.00657259,0.00354307,56,0.00214526,-0.00125742,56,0.00111254,-0.00138615,56,-0.00053548,-0.00125727,56,-0.000787907,-0.00160602,56,0.000626516,0.00238648,56,0.000452131,0.00420687,52,0.00147902,-0.000130622
5494982352784,5494967838000,5494967838000,5494982340803,73729,14.5028,5494996292666,28.4547,0,26111,102048,0,0,1,0,0,0.011973,500,500,499,0.998,2.69667,3.75506,0.581431,0.306502,-0.00338745,0.000427246,6.04463e-07,-1.0963e-05,0.00344134,0.00374545,1,-0.000915643,-5.04855e-05,5.04855e-05,-0.000915643,1,1,-0.00025958,-0.000895306,0.000310066,-2.0337e-05,0,0,0,0,0,0,0,0,0,0,0,0,0,0,0,0,0,0,0,0,0,0,0,255,0.22,6.23836,0.22,-0.000512209,-0.000534304,1,1,1,1,1,1,1,-0.290818,-3.208,0.124682,0.000512207,0.00499632,0.0251304,34.7367,25490,1,367,83.5532,6373,0,0.000884653,0.0110984,0.0112901,0,0,0,1,499,0.225,5.01243e-07,-9.29344e-06,-2.09102e-06,-1.1278e-07,-2.06801e-06,3.29288e-07,0.366102,0.0660477,0.0115803,0.000315642,-0.211783,0.000887062,-9.15166e-05,-0.000406587,14.1799,1,0,0,0,0,0,-1,1,-9.0462e-07,-3.41779e-06,-0.21151,0,35.0729,1,1010,1010,1010,1010,0,0,0,0,35.0786,56,0.0025568,-0.00149446,55,-0.00151342,-0.00298475,56,-0.000208097,0.00260937,56,-0.00344473,0.00451291,56,-0.00151214,-0.00601948,56,-0.000558413,0.00176715,56,-0.00320674,0.00113173,56,-0.000601431,-0.00366013,52,0.00340424,-0.00069574
5494997133987,5494987851000,5494987851000,5494997116431,73729,9.26543,5495014082983,26.232,1,26112,102049,0,0,1,0,0,0.020013,500,500,488,0.976,3.13297,7.54767,0.711561,0.313502,0.0132446,-0.0195084,1.7486e-05,-3.38943e-05,-0.00190389,-0.00462886,1,-0.00169361,-0.000873731,0.000873731,-0.00169361,1,1,0.000957839,-0.0017448,-8.41083e-05,5.1191e-05,0,0,0,0,0,0,0,0,0,0,0,0,0,0,0,0,0,0,0,0,0,0,0,255,0.22,11.0719,0.22,0.00017151,-0.00162985,1,1,1,1,0,1,1,-0.29082,-3.208,0.124896,0.000566203,0.00506593,0.0254435,2.15716,25491,1,367,101.335,6373,0,0.000884653,0.0110984,0.0112901,0,0,0,1,488,0.225,1.48759e-05,-2.87076e-05,-6.4592e-06,-3.34707e-06,-7.01838e-06,-1.91446e-06,0.366095,0.0660458,0.0115862,0.000325004,-0.211764,0.000857176,0.000230359,0.000988531,1.91985,3,0,0,0,0,0,-1,1,-9.0462e-07,-3.41779e-06,-0.211508,0,2.42557,1,1010,1010,1010,1010,0,0,0,0,2.43002,56,0.00281659,0.00261848,56,-0.00514392,-0.00566736,56,0.00416978,-0.00122762,56,0.00194394,-0.00407325,56,-0.00205856,0.00178449,56,0.000292398,0.00193964,56,0.00167732,-0.00110985,56,0.00193186,0.000140549,40,0.000780384,-0.0015215
5495014583450,5494995870000,5494995870000,5495014573746,73729,18.7037,5495027215988,31.346,0,26112,102050,0,0,1,0,0,0.008019,500,500,470,0.94,2.76026,4.61742,0.585837,0.295576,-0.00982666,-0.00621033,-1.61151e-05,-3.47413e-05,-0.000441704,0.0132008,1,-0.00433237,0.00200961,-0.00200961,-0.00433237,1,1,-0.00175525,-0.00431617,-0.000254354,-1.62008e-05,0,0,0,0,0,0,0,0,0,0,0,0,0,0,0,0,0,0,0,0,0,0,0,255,0.22,7.91371,0.22,-0.00227896,-0.00217874,1,1,1,1,0,1,1,-0.29082,-3.208,0.124896,0.000566203,0.00506593,0.0254435,15.2906,25491,1,367,114.468,6373,0,0.000884653,0.0110984,0.0112901,0,0,0,1,470,0.225,-1.37029e-05,-2.94529e-05,-6.6269e-06,3.08315e-06,-5.83087e-06,4.40694e-06,0.366089,0.0660502,0.0115862,0.000325004,-0.211764,0.000410175,-7.29035e-05,0.00124382,15.065,0,0,0,0,0,0,-1,1,-9.0462e-07,-3.41779e-06,-0.211508,0,15.5643,1,1010,1010,1010,1010,0,0,0,0,15.5688,56,-0.00849415,-0.0035207,56,0.00629077,-0.00883134,56,-0.00384972,0.000813105,55,-0.00384677,-0.00397457,56,0.000856088,-0.00534525,56,-0.00723968,-0.00298869,27,0.00220887,0.00279397,56,-0.00395342,-0.000830066,52,-0.00247492,-0.00915606
5495027729196,5495015907000,5495015907000,5495027723899,73729,11.8169,5495041460242,25.5532,1,26113,102051,0,0,1,0,0,0.020037,500,500,500,1,2.68478,4.96755,0.712209,0.319744,-0.0369873,0.010231,-7.00988e-05,5.13831e-05,-0.00456806,-0.00354986,1,0.00256441,0.00349847,-0.00349847,0.00256441,1,1,-0.00318057,0.00255904,-0.000317895,5.37468e-06,0,0,0,0,0,0,0,0,0,0,0,0,0,0,0,0,0,0,0,0,0,0,0,255,0.22,1.06764,0.22,-0.00374297,0.000985305,1,1,1,1,0,1,1,-0.29082,-3.208,0.124896,0.000566203,0.00506593,0.0254435,29.5395,25491,1,367,128.717,6373,0,0.000884653,0.0110984,0.0112901,0,0,0,1,500,0.225,-5.93814e-05,4.35281e-05,9.79383e-06,1.33608e-05,1.23829e-05,1.10032e-05,0.366101,0.0660612,0.0115908,0.000327069,-0.211741,0.000533777,2.4186e-05,0.00157144,13.9609,2,0,0,0,0,0,-1,1,-9.0462e-07,-3.41779e-06,-0.211508,0,29.8096,1,1010,1010,1010,1010,0,0,0,0,29.8141,56,-0.00361217,0.00656611,56,-0.00625366,0.00743313,56,-0.00190948,0.000633728,56,-0.00456525,0.0056784,56,-0.00592254,-0.00180132,56,0.00154659,0.00114337,56,-0.00461407,-0.00296507,56,-0.00652251,0.00131824,52,-0.00278184,0.00327077
5495041974005,5495027846000,5495027846000,5495041966172,73729,14.1202,5495057441139,29.5951,0,26113,102052,0,0,1,0,0,0.011939,500,500,500,1,2.74132,4.86402,0.732505,0.313576,-0.000823975,0.00715637,1.6252e-05,1.41818e-05,0.0028685,-0.00575188,1,0.00118785,-0.00136125,0.00136125,0.00118785,1,1,0.00180919,0.00135137,-0.000447935,-0.000163521,0,0,0,0,0,0,0,0,0,0,0,0,0,0,0,0,0,0,0,0,0,0,0,255,0.22,5.20191,0.22,5.58715e-06,0.000532399,1,1,1,1,1,1,1,-0.29082,-3.208,0.124896,0.000566203,0.00506593,0.0254435,45.5161,25491,1,367,144.694,6373,0,0.000884653,0.0110984,0.0112901,0,0,0,1,500,0.225,1.37728e-05,1.20433e-05,2.70975e-06,-3.09887e-06,1.99803e-06,-3.59893e-06,0.366103,0.0660576,0.0115891,0.000315974,-0.211732,0.000329685,-0.000735842,0.00187631,15.6969,1,0,0,0,0,0,-1,1,-9.0462e-07,-3.41779e-06,-0.211508,0,45.7913,1,1010,1010,1010,1010,0,0,0,0,0.226002,56,-0.00172231,0.00153454,56,0.00519976,0.00112152,56,-0.0015813,0.00265972,56,-0.00186307,-0.000473979,56,-0.0097082,0.00455068,56,0.00490191,0.00553369,56,0.000444393,0.000233257,56,0.00187581,-0.00271647,52,0.005826,0.00245852
5495058018421,5495047844000,5495047844000,5495058012254,73729,10.1683,5495072814087,24.9701,1,26114,102053,0,0,1,0,0,0.019998,500,500,500,1,2.84747,5.21935,0.650875,0.344502,0.0173645,0.0105438,4.14571e-05,5.18636e-06,0.00155415,0.00229312,1,0.000259344,-0.00207306,0.00207306,0.000259344,1,1,0.00227433,0.000383565,-0.000201274,-0.000124221,0,0,0,0,0,0,0,0,0,0,0,0,0,0,0,0,0,0,0,0,0,0,0,255,0.22,0.968452,0.22,0.000417796,0.000570542,1,1,1,1,0,1,1,-0.290813,-3.20802,0.124891,0.000772092,0.00448092,0.0254288,6.00906,25492,1,367,160.072,6373,0,0.000884653,0.0110984,0.0112901,0,0,0,1,500,0.225,3.51077e-05,4.35638e-06,9.80187e-07,-7.89924e-06,-7.01635e-07,-7.92831e-06,0.366102,0.0660497,0.011594,0.000308888,-0.211727,0.000509732,-0.000558995,0.00113237,5.71463,3,0,0,0,0,0,-1,1,-9.0462e-07,-3.41779e-06,-0.211473,0,6.27703,1,1010,1010,1010,1010,0,0,0,0,15.5978,56,0.00338683,-0.000591578,56,0.00118423,0.00215685,56,0.00203831,0.00112934,56,0.00115947,0.00219192,56,0.00651461,0.00145324,56,0.00113299,-7.3101e-05,56,-0.000583551,0.000411586,56,0.00361966,0.000372773,52,0.000452421,-0.000217149
5495073323794,5495055875000,5495055875000,5495073313516,73729,17.4385,5495087105156,31.2302,0,26114,102054,0,0,1,0,0,0.008031,500,500,500,1,2.75452,5.46543,0.598004,0.318706,0.0126801,-0.0142059,1.34374e-05,-1.77805e-05,-0.00271593,0.00130271,1,-0.00221399,-0.0016732,0.0016732,-0.00221399,1,1,0.00181198,-0.00216139,-0.000138779,-5.25943e-05,0,0,0,0,0,0,0,0,0,0,0,0,0,0,0,0,0,0,0,0,0,0,0,255,0.22,6.10553,0.22,0.000325685,-0.00131916,1,1,1,1,0,1,1,-0.290813,-3.20802,0.124891,0.000772092,0.00448092,0.0254288,20.2993,25492,1,367,174.363,6373,0,0.000884653,0.0110984,0.0112901,0,0,0,1,500,0.225,1.14003e-05,-1.50535e-05,-3.38703e-06,-2.56508e-06,-3.85042e-06,-1.79585e-06,0.366099,0.0660479,0.011594,0.000308888,-0.211727,0.000362712,-0.000236674,0.000789775,20.0014,0,0,0,0,0,0,-1,1,-9.0462e-07,-3.41779e-06,-0.211473,0,20.5823,1,1010,1010,1010,1010,0,0,0,0,29.9031,56,-0.000315759,0.00203175,56,-0.00543094,0.0117325,56,0.00201561,-0.00451742,56,0.00354654,-0.00514535,56,0.00461885,-0.00693097,56,0.00676192,-0.00755858,56,0.0031785,0.000822272,56,-0.00578735,0.00164663,52,0.00175403,-0.00523321
5495087634363,5495075856000,5495075856000,5495087629123,73729,11.7731,5495103371406,27.5154,1,26115,102055,0,0,1,0,0,0.019981,500,500,500,1,2.68393,4.59892,0.742413,0.323744,0.00823975,0.00366974,1.57318e-05,-1.66665e-05,0.00248581,0.00436547,1,-0.000834115,-0.00078734,0.00078734,-0.000834115,1,1,0.000991749,-0.000784751,-0.000204409,-4.93639e-05,0,0,0,0,0,0,0,0,0,0,0,0,0,0,0,0,0,0,0,0,0,0,0,255,0.22,0.144352,0.22,0.000234879,0.000929026,1,1,1,1,0,1,1,-0.290813,-3.20802,0.124891,0.000772092,0.00448092,0.0254288,36.561,25492,1,367,190.624,6373,0,0.000884653,0.0110984,0.0112901,0,0,0,1,500,0.225,1.33417e-05,-1.4099e-05,-3.17226e-06,-3.00189e-06,-3.73225e-06,-2.268e-06,0.366095,0.0660456,0.0115776,0.000299193,-0.211731,5.93459e-05,-0.000222137,0.000783348,15.9614,2,0,0,0,0,0,-1,1,-9.0462e-07,-3.41779e-06,-0.211473,0,36.8324,1,1010,1010,1010,1010,0,0,0,0,46.1532,56,0.0017279,-0.000905412,56,-0.00654577,-0.00677548,56,0.00155107,0.00340897,56,0.000748054,-0.000314542,56,0.000310527,0.00228261,56,-0.00156229,-6.62988e-05,56,0.00264041,-0.000986618,56,0.0054492,-0.000636465,52,-4.57973e-05,-0.000348217
5495103878725,5495087842000,5495087842000,5495103868299,73729,16.0263,5495119666139,31.8241,0,26115,102056,0,0,1,0,0,0.011986,500,500,500,1,2.71845,5.29574,0.595986,0.32078,0.0189209,0.00642395,3.04365e-05,1.60171e-05,-0.00395029,-0.00698524,1,0.00133631,-0.00253934,0.00253934,0.00133631,1,1,0.00256278,0.00133843,-2.34383e-05,-2.11922e-06,0,0,0,0,0,0,0,0,0,0,0,0,0,0,0,0,0,0,0,0,0,0,0,255,0.22,6.25581,0.22,0.00182663,0.000523686,1,1,1,1,1,1,1,-0.290804,-3.20804,0.124893,0.000618395,0.00487433,0.0252424,3.22969,25493,1,367,3.19463,6374,0,0.000884653,0.0111892,0.0117375,0,0,0,1,500,0.225,2.58436e-05,1.35707e-05,3.05341e-06,-5.81482e-06,1.76325e-06,-6.32627e-06,0.366097,0.0660393,0.0115713,0.00030081,-0.211736,0.0001724,-9.53647e-06,0.000222298,2.95726,3,0,0,0,0,0,-1,1,-9.0462e-07,-3.41779e-06,-0.211481,0,3.50462,1,1010,1010,1010,1010,0,0,0,0,3.50858,56,0.00238705,-0.00662261,56,0.00309001,0.00280889,56,0.00175723,0.00059047,56,0.000151729,0.00408052,56,-0.00069195,-0.00493871,56,0.00352028,0.00714732,56,0.00573876,0.00322367,56,0.00315571,0.00339302,52,0.000560997,0.00165231
5495120239161,5495107836000,5495107836000,5495120232217,73729,12.3962,5495134810844,26.9748,1,26116,102057,0,0,1,0,0,0.019994,500,500,500,1,2.69198,5.113,0.698542,0.319891,-0.0191193,0.00572205,-1.94818e-05,1.24406e-05,0.00239902,0.00337205,1,0.000622217,0.000974381,-0.000974381,0.000622217,1,1,-0.000981581,0.00060161,7.19924e-06,2.06063e-05,0,0,0,0,0,0,0,0,0,0,0,0,0,0,0,0,0,0,0,0,0,0,0,255,0.22,2.324,0.22,-0.00115218,0.00107683,1,1,1,1,0,1,1,-0.290804,-3.20804,0.124893,0.000618395,0.00487433,0.0252424,18.4021,25493,1,367,18.367,6374,0,0.000884653,0.0111892,0.0117375,0,0,0,1,500,0.225,-1.65221e-05,1.0527e-05,2.36856e-06,3.71747e-06,3.09688e-06,3.13643e-06,0.3661,0.0660424,0.0115713,0.00030081,-0.211736,0.000462079,9.27285e-05,0.000343746,18.1113,0,0,0,0,0,0,-1,1,-9.0462e-07,-3.41779e-06,-0.211481,0,18.6765,1,1010,1010,1010,1010,0,0,0,0,18.6805,56,-0.00243343,-0.000532085,56,-0.00132647,-0.00138417,56,-0.00173484,-0.000860597,56,-0.00134425,0.00795238,56,-0.0032658,0.00229859,56,-0.00100122,0.000883406,56,-0.00119709,-0.00237408,56,-0.00449894,-0.00018484,52,0.000950362,-0.00298939
5495135353978,5495123876000,5495123876000,5495135347292,73729,11.4713,5495148747336,24.8713,1,26117,102058,0,0,1,0,0,0.01604,500,500,500,1,2.70319,4.53233,0.658967,0.319539,-0.019043,-0.0139618,-2.71977e-05,-2.88405e-05,0.00137946,0.00210477,1,-0.00179804,0.00169562,-0.00169562,-0.00179804,1,1,-0.00157159,-0.00163168,-0.000124027,-0.000166355,0,0,0,0,0,0,0,0,0,0,0,0,0,0,0,0,0,0,0,0,0,0,0,255,0.22,6.44729,0.22,-0.00193965,-0.00145934,1,1,1,1,0,1,1,-0.290804,-3.20804,0.124893,0.000618395,0.00487433,0.0252424,32.3146,25493,1,367,32.2794,6374,0,0.000884653,0.0111892,0.0117375,0,0,0,1,500,0.225,-2.31138e-05,-2.44421e-05,-5.49948e-06,5.20062e-06,-4.28379e-06,6.23987e-06,0.366095,0.0660486,0.0115668,0.000296263,-0.211733,-0.000102298,-0.000748599,0.000364659,13.6573,1,0,0,0,0,0,-1,1,-9.0462e-07,-3.41779e-06,-0.211481,0,32.5972,1,1010,1010,1010,1010,0,0,0,0,32.6012,56,0.00290875,-0.00318752,56,-0.000148478,0.000611227,56,-0.00291859,-0.00266395,56,-0.00266504,-0.00282998,56,-0.000341358,-0.00259957,56,-0.00322425,-0.00403844,56,-0.00299352,-0.000651772,56,0.000943643,0.00073985,52,-0.00417836,-0.00303742
5495149267174,5495135852000,5495135852000,5495149256488,73729,13.4045,5495162527680,26.6757,0,26117,102059,0,0,1,0,0,0.011976,500,500,500,1,2.71982,4.9095,0.685301,0.32328,0.0116882,-0.0022583,2.58724e-05,-1.4297e-06,-0.000495989,-0.00149315,1,-0.000119381,-0.00216035,0.00216035,-0.000119381,1,1,0.00231561,-0.000144639,-0.00015526,2.52586e-05,0,0,0,0,0,0,0,0,0,0,0,0,0,0,0,0,0,0,0,0,0,0,0,255,0.22,0.91484,0.22,0.0014858,0.000305965,1,1,1,1,0,1,1,-0.290804,-3.20804,0.124893,0.000618395,0.00487433,0.0252424,46.0953,25493,1,367,46.0603,6374,0,0.000884653,0.0111892,0.0117375,0,0,0,1,500,0.225,2.19575e-05,-1.21951e-06,-2.74391e-07,-4.94043e-06,-1.3064e-06,-4.77213e-06,0.366094,0.0660439,0.0115855,0.000299767,-0.21172,0.000828619,0.000113664,0.00122183,13.4937,2,0,0,0,0,0,-1,1,-9.0462e-07,-3.41779e-06,-0.211465,0,0.259854,1,1010,1010,1010,1010,0,0,0,0,0.263576,56,0.010473,-0.00526778,56,0.000127711,0.00889301,56,0.00658072,0.000667038,56,-0.00330554,-0.00181895,56,0.00142397,-0.00228914,56,-0.00293046,0.000660214,56,0.00316532,0.00575823,56,0.00192496,-0.00387884,52,0.00423811,-0.00209848
5495163044221,5495143871000,5495143871000,5495163033239,73729,19.1622,5495176718637,32.8476,0,26117,102060,0,0,1,0,0,0.008019,500,500,453,0.906,2.73596,4.82679,0.621486,0.292631,-0.00244141,-0.0085144,-1.04243e-05,-2.57789e-05,3.53772e-05,0.00675879,1,-0.00321473,0.00129994,-0.00129994,-0.00321473,1,1,-0.00127479,-0.00303905,-2.51547e-05,-0.00017568,0,0,0,0,0,0,0,0,0,0,0,0,0,0,0,0,0,0,0,0,0,0,0,255,0.22,4.55505,0.22,-0.000831882,-0.00147072,1,1,1,1,1,1,1,-0.290818,-3.20806,0.12493,0.000319828,0.00445718,0.0250268,14.1727,25494,1,367,60.2499,6374,0,0.000884653,0.0111892,0.0117375,0,0,0,1,453,0.225,-8.82052e-06,-2.1799e-05,-4.90478e-06,1.98462e-06,-4.37823e-06,2.97087e-06,0.36609,0.0660468,0.0115863,0.000291942,-0.211721,0.00124982,-0.000790558,0.00109041,13.9482,1,0,0,0,0,0,-1,1,-9.0462e-07,-3.41779e-06,-0.211465,0,14.4353,1,1010,1010,1010,1010,0,0,0,0,14.4391,56,0.00320809,0.00324657,56,-0.0094365,-0.0171966,15,-0.0245451,-0.00204933,56,0.00816632,-0.0151041,56,0.0060696,0.00507455,50,-0.00611802,0.00419181,56,-0.0035399,-0.00414207,56,-0.00883956,-0.0065027,52,0.00848172,0.0041207
5495177277549,5495163875000,5495163875000,5495177271437,73729,13.3964,5495191103355,27.2284,1,26118,102061,0,0,1,0,0,0.020004,500,500,500,1,2.74528,4.76922,0.712524,0.325928,-0.0035553,-0.024765,-1.24196e-05,-3.6568e-05,-0.00091813,0.00136386,1,-0.00182803,0.000620858,-0.000620858,-0.00182803,1,1,-0.000704588,-0.00186814,8.373e-05,4.01033e-05,0,0,0,0,0,0,0,0,0,0,0,0,0,0,0,0,0,0,0,0,0,0,0,255,0.22,8.63201,0.22,-0.00168619,-0.00129078,1,1,1,1,0,1,1,-0.290818,-3.20806,0.12493,0.000319828,0.00445718,0.0250268,28.561,25494,1,367,74.6381,6374,0,0.000884653,0.0111892,0.0117375,0,0,0,1,500,0.225,-1.05572e-05,-3.0982e-05,-6.97096e-06,2.37537e-06,-6.31608e-06,3.7872e-06,0.366083,0.0660506,0.0115942,0.00030425,-0.211741,0.000756021,0.000180465,0.000303389,14.1025,2,0,0,0,0,0,-1,1,-9.0462e-07,-3.41779e-06,-0.211465,0,28.8332,1,1010,1010,1010,1010,0,0,0,0,28.8369,56,0.000823385,-0.00318546,56,0.000209773,-0.00119121,56,-0.00103049,0.00107395,56,-0.00564295,0.00276503,56,0.00176814,-0.00575134,56,0.00126143,-0.0033109,56,-0.00533593,-0.00435851,56,0.00179892,-0.00245754,52,-0.00358498,-0.00516653
5495191616692,5495175886000,5495175886000,5495191604933,73729,15.7189,5495207121697,31.2357,0,26118,102062,0,0,1,0,0,0.012011,500,500,500,1,2.68154,5.14576,0.63969,0.321761,0.00151062,-0.012352,2.12553e-06,-5.74675e-05,0.00217862,0.0131,1,-0.00478457,-0.000176965,0.000176965,-0.00478457,1,1,1.07353e-05,-0.00477413,0.00016623,-1.04449e-05,0,0,0,0,0,0,0,0,0,0,0,0,0,0,0,0,0,0,0,0,0,0,0,255,0.22,2.67707,0.22,-0.00100735,-0.00151087,1,1,1,1,0,1,1,-0.290818,-3.20806,0.12493,0.000319828,0.00445718,0.0250268,44.579,25494,1,367,90.6562,6374,0,0.000884653,0.0111892,0.0117375,0,0,0,1,500,0.225,1.80165e-06,-4.86988e-05,-1.09572e-05,-4.05372e-07,-1.07977e-05,1.9066e-06,0.366073,0.0660525,0.0115866,0.000296613,-0.21175,0.00016331,-4.70022e-05,-0.00046778,15.7401,1,0,0,0,0,0,-1,1,-9.0462e-07,-3.41779e-06,-0.211465,0,44.8534,1,1010,1010,1010,1010,0,0,0,0,0.226501,56,-0.00768582,-0.00474215,56,-0.00568017,-0.0106708,56,-0.00101574,-0.00189111,56,0.000272009,-0.00185292,56,-0.0060432,-0.00814316,56,0.00348787,0.00245848,56,0.00764217,-0.00317933,56,0.00344445,-0.00302954,52,-0.000339002,0.00210906
5495207638793,5495195857000,5495195857000,5495207632182,73729,11.7752,5495222168475,26.3115,1,26119,102063,0,0,1,0,0,0.019971,500,500,500,1,2.72126,5.05394,0.695783,0.316947,-0.0192261,-0.0124969,-2.82682e-05,-3.85858e-05,-0.000359913,0.00357861,1,-0.00193209,0.00141546,-0.00141546,-0.00193209,1,1,-0.00140798,-0.00189587,-7.47856e-06,-3.62261e-05,0,0,0,0,0,0,0,0,0,0,0,0,0,0,0,0,0,0,0,0,0,0,0,255,0.22,8.54271,0.22,-0.00175273,-0.00121554,1,1,1,1,0,1,1,-0.290826,-3.20808,0.125131,0.000840103,0.00431355,0.0252464,5.3725,25495,1,367,105.699,6374,0,0.000884653,0.0111892,0.0117375,0,0,0,1,500,0.225,-2.39584e-05,-3.27054e-05,-7.35871e-06,5.39063e-06,-6.0614e-06,6.81651e-06,0.366066,0.0660594,0.0115783,0.000295244,-0.211757,6.73214e-05,-0.000163017,8.078e-05,5.08276,3,0,0,0,0,0,-1,1,-9.0462e-07,-3.41779e-06,-0.211501,0,5.64288,1,1010,1010,1010,1010,0,0,0,0,15.266,56,-0.00256226,-0.00171748,56,-0.00884954,-0.00106565,56,-0.00132348,-5.27632e-05,56,-0.00425415,0.000405811,56,-0.000433434,-0.000369781,56,0.00135411,-0.00505678,56,0.000419713,-0.00333775,56,-0.00365193,-0.000551668,52,-0.00315998,-0.000215873
5495222672516,5495203868000,5495203868000,5495222663257,73729,18.7953,5495236049486,32.1815,0,26119,102064,0,0,1,0,0,0.008011,500,500,500,1,2.76202,4.84159,0.695746,0.342114,0.00106812,0.0192947,9.94918e-06,4.75673e-05,0.00503144,-0.00778969,1,0.00593774,-0.00124194,0.00124194,0.00593774,1,1,0.00126208,0.00599674,-2.01448e-05,-5.89993e-05,0,0,0,0,0,0,0,0,0,0,0,0,0,0,0,0,0,0,0,0,0,0,0,255,0.22,3.29167,0.22,0.000172443,0.00435497,1,1,1,1,1,1,1,-0.290826,-3.20808,0.125131,0.000840103,0.00431355,0.0252464,19.2592,25495,1,367,119.586,6374,0,0.000884653,0.0111892,0.0117375,0,0,0,1,500,0.225,8.41978e-06,4.02877e-05,9.06474e-06,-1.89445e-06,8.4641e-06,-3.75722e-06,0.366075,0.0660556,0.0115783,0.000295244,-0.211757,0.000306242,-0.000265497,0.000317515,18.9378,0,0,0,0,0,0,-1,1,-9.0462e-07,-3.41779e-06,-0.211501,0,19.5401,1,1010,1010,1010,1010,0,0,0,0,29.1632,56,0.0029868,0.00223945,56,0.018205,-0.00253897,56,0.00118747,-0.00476607,56,0.00625974,0.00833445,56,-0.00214899,0.0120569,56,-0.00673133,0.00944492,56,0.004944,0.0122726,56,0.0059533,0.000834687,52,-0.00698603,0.00193648
5495236631712,5495223877000,5495223877000,5495236624805,73729,12.7478,5495250206295,26.3293,1,26120,102065,0,0,1,0,0,0.020009,500,500,500,1,2.74793,4.71109,0.595449,0.345206,0.0014801,-0.00608063,4.86509e-06,-4.64326e-05,-0.00154214,0.00638077,1,-0.00232059,-0.000243145,0.000243145,-0.00232059,1,1,0.000547377,-0.00226927,-0.000304232,-5.13109e-05,0,0,0,0,0,0,0,0,0,0,0,0,0,0,0,0,0,0,0,0,0,0,0,255,0.22,7.11566,0.22,0.00043871,-0.000919342,1,1,1,1,0,1,1,-0.290826,-3.20808,0.125131,0.000840103,0.00431355,0.0252464,33.4123,25495,1,367,133.739,6374,0,0.000884653,0.0111892,0.0117375,0,0,0,1,500,0.225,4.1233e-06,-3.93067e-05,-8.84402e-06,-9.27742e-07,-8.84148e-06,9.51615e-07,0.366066,0.0660565,0.0115788,0.000293922,-0.211729,0.000443542,-0.000230899,0.00145007,13.8694,2,0,0,0,0,0,-1,1,-9.0462e-07,-3.41779e-06,-0.211501,0,33.6912,1,1010,1010,1010,1010,0,0,0,0,43.3143,56,-0.000230621,-0.00109394,56,0.00663689,-0.0122411,56,-0.00227052,-0.000871328,56,-0.0032643,-0.00277486,56,-0.000761946,-0.00315728,56,0.00245166,-0.00412252,56,0.00252374,-0.000659711,56,-0.00166567,0.000246463,52,-0.00183956,0.00223883
5495250727558,5495235848000,5495235848000,5495250716965,73729,14.869,5495267057179,31.2092,0,26120,102066,0,0,1,0,0,0.011971,500,500,499,0.998,2.72619,5.95228,0.711857,0.315558,0.0109253,-0.00653076,2.82008e-05,-2.46234e-05,0.00920547,0.0109929,1,-0.00205692,-0.00235576,0.00235576,-0.00205692,1,1,0.00281273,-0.00202622,-0.000456964,-3.07036e-05,0,0,0,0,0,0,0,0,0,0,0,0,0,0,0,0,0,0,0,0,0,0,0,255,0.22,0.922377,0.22,0.000420936,-0.000658945,1,1,1,1,0,1,1,-0.290835,-3.20811,0.125095,0.00047964,0.00436346,0.0253922,1.59396,25496,1,367,150.583,6374,0,0.000884653,0.0111892,0.0117375,0,0,0,1,499,0.225,2.38189e-05,-2.09116e-05,-4.70511e-06,-5.35925e-06,-5.72613e-06,-4.25057e-06,0.36606,0.0660523,0.0115854,0.000294657,-0.211706,0.000636785,-0.000138166,0.0021545,1.36145,2,0,0,0,0,0,-1,1,-9.0462e-07,-3.41779e-06,-0.21145,0,1.86222,1,1010,1010,1010,1010,0,0,0,0,1.8664,56,-0.00458312,-0.00750173,56,0.00191524,0.00773948,56,0.00120521,-0.00248491,56,-0.00316092,-0.00341676,56,0.010615,-0.0013306,56,-9.16318e-05,-0.00317316,56,0.00672297,0.00109883,56,0.00788076,-0.00525451,51,0.00322311,-0.00688302
5495267559127,5495255853000,5495255853000,5495267554146,73729,11.7011,5495282742333,26.8893,1,26121,102067,0,0,1,0,0,0.020005,500,500,500,1,2.70772,4.81246,0.726932,0.322484,-0.00279236,-0.0229492,-2.49143e-05,-6.28781e-05,-0.00447653,0.00176255,1,-0.00314312,0.0012454,-0.0012454,-0.00314312,1,1,-0.00132403,-0.00322299,7.86247e-05,7.98741e-05,0,0,0,0,0,0,0,0,0,0,0,0,0,0,0,0,0,0,0,0,0,0,0,255,0.22,7.30742,0.22,-0.000981275,-0.00182254,1,1,1,1,0,1,1,-0.290835,-3.20811,0.125095,0.00047964,0.00436346,0.0253922,17.2852,25496,1,367,166.274,6374,0,0.000884653,0.0111892,0.0117375,0,0,0,1,500,0.225,-2.10983e-05,-5.33134e-05,-1.19955e-05,4.74711e-06,-1.07302e-05,7.16149e-06,0.36605,0.0660595,0.0116027,0.000301778,-0.211714,0.0015254,0.000359434,0.000937267,15.4473,1,0,0,0,0,0,-1,1,-9.0462e-07,-3.41779e-06,-0.21145,0,17.5631,1,1010,1010,1010,1010,0,0,0,0,17.5672,56,-0.00703668,-0.00466278,56,-0.00706852,-0.00421988,56,-0.00208156,0.00047152,56,0.00776452,-0.00582208,56,-0.000779046,-0.0021037,56,-0.00463086,-0.00224715,56,0.00209948,-0.00194044,56,-0.00482771,-0.000670251,52,0.00323911,-0.000431403
5495283237263,5495263872000,5495263872000,5495283227707,73729,19.3557,5495296130099,32.2581,0,26121,102068,0,0,1,0,0,0.008019,500,500,499,0.998,2.73619,4.67113,0.732395,0.314373,0.0184326,-0.00314331,3.35848e-05,-1.89377e-05,0.00103942,0.00145661,1,-0.0023616,-0.00418815,0.00418815,-0.0023616,1,1,0.00405241,-0.00227059,0.000135746,-9.10108e-05,0,0,0,0,0,0,0,0,0,0,0,0,0,0,0,0,0,0,0,0,0,0,0,255,0.22,3.01565,0.22,0.00272038,-0.00116076,1,1,1,1,1,1,1,-0.290835,-3.20811,0.125095,0.00047964,0.00436346,0.0253922,30.679,25496,1,367,179.668,6374,0,0.000884653,0.0111892,0.0117375,0,0,0,1,499,0.225,2.84742e-05,-1.59962e-05,-3.59914e-06,-6.40669e-06,-4.86502e-06,-5.50688e-06,0.366045,0.066054,0.0115903,0.000287682,-0.211721,0.000660264,-0.000409549,3.95245e-05,13.0764,1,0,0,0,0,0,-1,1,-9.0462e-07,-3.41779e-06,-0.21145,0,30.9518,1,1010,1010,1010,1010,0,0,0,0,30.956,56,0.0201451,0.00241562,55,0.00175419,-0.0109398,56,-0.00310896,0.000832996,56,-0.0136922,0.000314339,56,0.00569417,0.00927157,56,0.00636622,-0.00273228,56,0.00196022,-0.00763145,56,0.0149621,-0.00228662,52,0.00128904,0.000897474
5495296717400,5495283870000,5495283870000,5495296711826,73729,12.8418,5495310047980,26.178,1,26122,102069,0,0,1,0,0,0.019998,500,500,499,0.998,2.73867,4.63037,0.675598,0.319928,-0.0187378,-0.00198364,-1.07757e-05,-4.82201e-06,0.00349991,0.000470298,1,-0.000241125,0.000538841,-0.000538841,-0.000241125,1,1,-0.00063106,-0.000288889,9.22191e-05,4.77638e-05,0,0,0,0,0,0,0,0,0,0,0,0,0,0,0,0,0,0,0,0,0,0,0,255,0.22,5.14422,0.22,-0.00222048,-0.000191987,1,1,1,1,0,1,1,-0.290843,-3.20812,0.125089,0.000793277,0.00462842,0.0250147,0.352077,25497,1,367,193.575,6374,0,0.000884653,0.0111892,0.0117375,0,0,0,1,499,0.225,-9.21355e-06,-4.0928e-06,-9.20879e-07,2.07305e-06,-4.64673e-07,2.22014e-06,0.366044,0.0660562,0.0115957,0.000310935,-0.211734,0.000144552,0.000214937,-0.000216347,0.163538,2,0,0,0,0,0,-1,1,-9.0462e-07,-3.41779e-06,-0.211477,0,0.622727,1,1010,1010,1010,1010,0,0,0,0,0.627653,56,-0.00835593,0.000529057,55,0.00967735,0.00294729,56,-0.00508444,-0.000280675,56,0.00203583,0.00426077,56,0.000478544,-0.00390838,56,0.000606949,-0.00359267,56,-0.00359346,-0.00241499,56,0.000965028,0.00370848,52,-0.00215211,-0.00104014
5495310550077,5495295853000,5495295853000,5495310538966,73729,14.686,5495325515114,29.6621,0,26122,102070,0,0,1,0,0,0.011983,500,500,500,1,2.74459,5.04722,0.749468,0.32278,0.0125427,0.0180511,4.0598e-06,2.48775e-05,-0.00361315,0.00405964,1,0.00207606,-0.000338797,0.000338797,0.00207606,1,1,0.000187899,0.00188154,0.000150898,0.000194524,0,0,0,0,0,0,0,0,0,0,0,0,0,0,0,0,0,0,0,0,0,0,0,255,0.22,-0.117649,0.22,0.000819852,0.00260306,1,1,1,1,0,1,1,-0.290843,-3.20812,0.125089,0.000793277,0.00462842,0.0250147,15.8421,25497,1,367,209.065,6374,0,0.000884653,0.0111892,0.0117375,0,0,0,1,500,0.225,3.50298e-06,2.10386e-05,4.73369e-06,-7.8817e-07,4.46235e-06,-1.76533e-06,0.366049,0.0660544,0.0115957,0.000310935,-0.211734,0.000447037,0.00087536,-0.000185604,15.6324,0,0,0,0,0,0,-1,1,-9.0462e-07,-3.41779e-06,-0.211477,0,16.1109,1,1010,1010,1010,1010,0,0,0,0,16.1159,56,-0.00430281,-0.000532389,56,-0.00406226,-0.00023784,56,0.00410937,0.00068592,56,0.00551589,0.00678748,56,0.00607457,0.00861956,56,0.000171913,0.00463753,56,0.00370106,0.00193375,56,-0.00790023,0.000228502,52,0.000268837,0.000732075
5495326046414,5495315852000,5495315852000,5495326040673,73729,10.1887,5495339948184,24.0962,1,26123,102071,0,0,1,0,0,0.019999,500,500,500,1,2.77072,4.95906,0.751821,0.325854,-0.0306549,0.00380707,-2.22284e-05,-4.10257e-05,0.00653648,0.00475047,1,-0.00205139,0.00111147,-0.00111147,-0.00205139,1,1,-0.000862378,-0.00209028,-0.000249097,3.88979e-05,0,0,0,0,0,0,0,0,0,0,0,0,0,0,0,0,0,0,0,0,0,0,0,255,0.22,5.23865,0.22,-0.00280106,-0.00133956,1,1,1,1,0,1,1,-0.290843,-3.20812,0.125089,0.000793277,0.00462842,0.0250147,30.2576,25497,1,367,14.3578,6375,0,0.000884653,0.0112219,0.0103484,0,0,0,1,500,0.225,-1.8967e-05,-3.47101e-05,-7.80978e-06,4.26757e-06,-6.7386e-06,5.81322e-06,0.366042,0.0660602,0.0115684,0.000299495,-0.211729,-0.000451594,0.000175041,0.000535473,14.1265,2,0,0,0,0,0,-1,1,-9.0462e-07,-3.41779e-06,-0.211477,0,30.5393,1,1010,1010,1010,1010,0,0,0,0,30.5442,56,-0.000906123,-0.00119158,56,0.00661743,-0.015633,56,-0.00668836,0.00424321,56,-0.00671597,0.000202628,56,-0.00654593,0.00179779,56,-0.00242617,-0.00291206,56,0.00206022,0.00422914,56,0.00181504,-0.000413745,52,-0.00301256,-0.00214456
5495340472022,5495335879000,5495335879000,5495340466818,73729,4.58782,5495354330051,18.4511,1,26124,102072,0,0,1,0,0,0.020027,500,500,500,1,2.73722,5.02567,0.694265,0.324188,0.03125,-0.00406647,6.35795e-05,7.44636e-06,0.00307354,5.27643e-05,1,0.000371816,-0.00317469,0.00317469,0.000371816,1,1,0.00323397,0.000466646,-5.92851e-05,-9.48299e-05,0,0,0,0,0,0,0,0,0,0,0,0,0,0,0,0,0,0,0,0,0,0,0,255,0.22,-0.615837,0.22,0.00272325,0.000252568,1,1,1,1,1,1,1,-0.290843,-3.20812,0.125089,0.000793277,0.00462842,0.0250147,44.6545,25497,1,367,28.7548,6375,0,0.000884653,0.0112219,0.0103484,0,0,0,1,500,0.225,5.38908e-05,6.26398e-06,1.4094e-06,-1.21254e-05,-1.17001e-06,-1.21501e-05,0.366041,0.0660481,0.0115856,0.000289271,-0.21172,0.00090323,-0.000426734,0.00093601,7.48111,3,0,0,0,0,0,-1,1,-9.0462e-07,-3.41779e-06,-0.211477,0,44.9222,1,1010,1010,1010,1010,0,0,0,0,44.9271,56,0.00733823,-0.00490838,56,0.000400601,0.00310272,56,0.00222199,0.000519942,56,0.000948966,0.00440879,56,0.00859124,-0.00142816,56,0.00397623,-0.000298212,56,0.00149977,-0.0015124,56,0.00447582,-0.000331562,52,0.00273664,-0.00123226
5495354900833,5495343866000,5495343866000,5495354887944,73729,11.0219,5495368194913,24.3289,0,26124,102073,0,0,1,0,0,0.007987,500,500,500,1,2.76391,5.28871,0.626079,0.32041,0.0109863,-0.0320129,3.73115e-05,-6.08236e-05,0.00188185,-0.00789419,1,-0.00761533,-0.00467153,0.00467153,-0.00761533,1,1,0.00466457,-0.00760114,6.9617e-06,-1.41821e-05,0,0,0,0,0,0,0,0,0,0,0,0,0,0,0,0,0,0,0,0,0,0,0,255,0.22,3.64568,0.22,0.00170592,-0.0063973,1,1,1,1,0,1,1,-0.290893,-3.20815,0.125167,-1.19285e-05,0.00420058,0.0249256,6.15605,25498,1,367,42.603,6375,0,0.000884653,0.0112219,0.0103484,0,0,0,1,500,0.225,3.16332e-05,-5.15339e-05,-1.15951e-05,-7.11747e-06,-1.28318e-05,-4.52149e-06,0.366028,0.0660435,0.0116169,0.000304222,-0.211717,0.00129675,-6.38195e-05,0.00101234,5.89308,1,0,0,0,0,0,-1,1,-9.0462e-07,-3.41779e-06,-0.211461,0,6.44314,1,1010,1010,1010,1010,0,0,0,0,6.44755,56,-9.69569e-05,-0.00203809,56,0.0155485,-0.0121565,56,-0.00648517,-0.0139244,56,0.0138867,-0.00507278,56,0.00942421,-0.00645371,56,-0.000528756,-0.0111038,56,0.00122637,-0.00926062,56,-0.00198133,-0.00308434,52,-0.00193895,-0.00228264
5495368722084,5495351892000,5495351892000,5495368710324,73729,16.8183,5495383194469,31.3025,0,26124,102074,0,0,1,0,0,0.008026,500,500,500,1,2.74678,4.90205,0.798524,0.328558,0.00811768,-0.0110321,-2.3359e-05,-2.81921e-05,-0.00333251,0.00275817,1,-0.0035126,0.00291042,-0.00291042,-0.0035126,1,1,-0.00285713,-0.00363137,-5.32835e-05,0.000118765,0,0,0,0,0,0,0,0,0,0,0,0,0,0,0,0,0,0,0,0,0,0,0,255,0.22,7.28991,0.22,-0.00131689,-0.00159517,1,1,1,1,0,1,1,-0.290893,-3.20815,0.125167,-1.19285e-05,0.00420058,0.0249256,21.1612,25498,1,367,57.6081,6375,0,0.000884653,0.0112219,0.0103484,0,0,0,1,500,0.225,-1.96821e-05,-2.38393e-05,-5.36385e-06,4.42848e-06,-4.31363e-06,5.45638e-06,0.366024,0.066049,0.011616,0.00030438,-0.2117,0.0018139,0.000534444,0.00164294,14.7327,1,0,0,0,0,0,-1,1,-9.0462e-07,-3.41779e-06,-0.211461,0,21.433,1,1010,1010,1010,1010,0,0,0,0,21.4374,56,0.0177683,-0.012303,56,-0.0339668,-0.0146189,56,0.00391069,0.0037663,56,-0.0029969,0.00133064,56,-0.012394,-0.00159636,56,0.00720914,-0.00195715,56,0.00289071,-0.00464395,56,0.0019998,0.00234544,52,0.00124542,-0.00186372
5495383713214,5495371879000,5495371879000,5495383707862,73729,11.8289,5495398784622,26.9056,1,26125,102075,0,0,1,0,0,0.019987,500,500,500,1,2.71583,5.95014,0.680449,0.323355,-0.00357056,-0.0381546,-7.42593e-06,-7.25737e-05,-0.00395578,0.00596266,1,-0.00363104,0.000371538,-0.000371538,-0.00363104,1,1,0.000174932,-0.00346285,-0.00054647,-0.000168192,0,0,0,0,0,0,0,0,0,0,0,0,0,0,0,0,0,0,0,0,0,0,0,255,0.22,2.05113,0.22,-0.00102675,-0.00230314,1,1,1,1,0,1,1,-0.290893,-3.20815,0.125167,-1.19285e-05,0.00420058,0.0249256,36.7462,25498,1,367,73.1929,6375,0,0.000884653,0.0112219,0.0103484,0,0,0,1,500,0.225,-6.3294e-06,-6.15577e-05,-1.38505e-05,1.42412e-06,-1.32421e-05,4.30229e-06,0.36601,0.0660533,0.0116114,0.000289679,-0.211683,0.000455068,-0.000756866,0.00233135,15.3355,1,0,0,0,0,0,-1,1,-9.0462e-07,-3.41779e-06,-0.211461,0,37.0175,1,1010,1010,1010,1010,0,0,0,0,37.0219,56,-0.00400551,-0.00174211,56,0.00552011,-0.00329004,56,-0.00178712,-0.00365123,56,-0.000190868,-0.00375127,56,0.000445266,-0.00221948,56,-0.00494598,-0.0053018,56,0.00125865,-0.00480447,56,0.00332086,-0.00562017,52,-0.0025832,-0.00428419
5495399291292,5495383867000,5495383867000,5495399281274,73729,15.4143,5495414826038,30.959,0,26125,102076,0,0,1,0,0,0.011988,500,500,500,1,2.70435,4.93337,0.630375,0.320577,-0.00323486,0.00283051,2.35776e-05,1.8005e-05,0.00245149,-0.00739102,1,0.00150192,-0.00196677,0.00196677,0.00150192,1,1,0.0024689,0.00141676,-0.00050213,8.51613e-05,0,0,0,0,0,0,0,0,0,0,0,0,0,0,0,0,0,0,0,0,0,0,0,255,0.22,7.46226,0.22,-0.00152714,0.000140204,1,1,1,1,1,1,1,-0.290893,-3.20815,0.125167,-1.19285e-05,0.00420058,0.0249256,52.787,25498,1,367,89.2338,6375,0,0.000884653,0.0112219,0.0103484,0,0,0,1,500,0.225,1.99806e-05,1.52699e-05,3.43573e-06,-4.49564e-06,2.41457e-06,-5.11684e-06,0.366013,0.0660482,0.0115923,0.000307782,-0.211676,-7.21446e-05,0.000383226,0.00174995,15.7617,2,0,0,0,0,0,-1,1,-9.0462e-07,-3.41779e-06,-0.211434,0,0.252669,1,1010,1010,1010,1010,0,0,0,0,0.256354,56,0.00130884,0.00135577,56,0.00492456,-0.00306578,56,-0.00283463,-3.31748e-05,56,0.000661915,0.00278162,56,-0.000703792,0.00235988,56,0.0050604,0.00312851,56,-0.00343919,0.00126483,56,-0.00358147,0.00285097,52,-0.000209662,0.000950944
5495415378968,5495403862000,5495403862000,5495415373801,73729,11.5118,5495429004161,25.1422,1,26126,102077,0,0,1,0,0,0.019995,500,500,482,0.964,2.73878,4.62879,0.670302,0.302669,-0.0645676,0.0308075,-0.000107337,3.35721e-05,0.00196907,0.00676484,1,0.00167903,0.00536821,-0.00536821,0.00167903,1,1,-0.00506724,0.00161666,-0.000300967,6.23714e-05,0,0,0,0,0,0,0,0,0,0,0,0,0,0,0,0,0,0,0,0,0,0,0,255,0.22,3.26475,0.22,-0.0050319,0.00234265,1,1,1,1,0,1,1,-0.29091,-3.20815,0.125318,0.00113883,0.00437456,0.0254105,14.1618,25499,1,367,103.412,6375,0,0.000884653,0.0112219,0.0103484,0,0,0,1,482,0.225,-9.10899e-05,2.84369e-05,6.39831e-06,2.04952e-05,1.05616e-05,1.8692e-05,0.366023,0.0660669,0.0115783,0.00031268,-0.21169,-0.0015565,0.000280671,-0.00016172,13.9176,1,0,0,0,0,0,-1,1,-9.0462e-07,-3.41779e-06,-0.211434,0,14.4299,1,1010,1010,1010,1010,0,0,0,0,14.4336,55,-0.00792342,-0.000930896,56,-0.00119533,0.00213684,53,-0.00851262,0.00480607,56,-0.00119277,0.00193225,56,-0.0057636,0.000238448,56,-0.00762161,0.0012334,42,-0.0091886,0.00515217,56,-0.00419214,0.000266821,52,-0.00664402,0.00246123
5495429507591,5495411887000,5495411887000,5495429496998,73729,17.61,5495442583985,30.697,0,26126,102078,0,0,1,0,0,0.008025,500,500,499,0.998,2.72369,5.07422,0.657116,0.306261,0.00704956,0.0256653,1.5983e-05,6.10609e-05,0.0101226,-0.00809319,1,0.00760884,-0.00199166,0.00199166,0.00760884,1,1,0.00148976,0.00746058,0.000501894,0.000148257,0,0,0,0,0,0,0,0,0,0,0,0,0,0,0,0,0,0,0,0,0,0,0,255,0.22,7.26146,0.22,0.0010281,0.00483472,1,1,1,1,0,1,1,-0.29091,-3.20815,0.125318,0.00113883,0.00437456,0.0254105,27.7508,25499,1,367,117.001,6375,0,0.000884653,0.0112219,0.0103484,0,0,0,1,499,0.225,1.34941e-05,5.17504e-05,1.16438e-05,-3.03618e-06,1.07458e-05,-5.4152e-06,0.366034,0.0660615,0.0115822,0.000319248,-0.211735,0.000281997,0.000667158,-0.00158122,13.2986,2,0,0,0,0,0,-1,1,-9.0462e-07,-3.41779e-06,-0.211434,0,28.0219,1,1010,1010,1010,1010,0,0,0,0,28.0256,56,0.00602057,0.00449611,55,0.0183681,0.016109,56,-0.00149204,0.00721952,56,-0.0107078,0.00354188,56,0.00390393,0.0130156,56,0.00395475,-0.00334922,56,0.0115167,0.00747469,56,-0.0041089,0.0109753,52,0.00219887,0.00698331
5495443099933,5495431887000,5495431887000,5495443092803,73729,11.2058,5495458820957,26.934,1,26127,102079,0,0,1,0,0,0.02,500,500,500,1,2.70591,4.7627,0.688357,0.310891,0.0121384,0.00818634,4.40583e-05,-1.14845e-05,0.00544606,0.00113025,1,-0.000574224,-0.00220291,0.00220291,-0.000574224,1,1,0.00179177,-0.000404054,0.000411146,-0.00017017,0,0,0,0,0,0,0,0,0,0,0,0,0,0,0,0,0,0,0,0,0,0,0,255,0.22,0.571227,0.22,0.00168342,-0.000706067,1,1,1,1,0,1,1,-0.29091,-3.20815,0.125318,0.00113883,0.00437456,0.0254105,43.9851,25499,1,367,133.235,6375,0,0.000884653,0.0112219,0.0103484,0,0,0,1,500,0.225,3.73688e-05,-9.6999e-06,-2.18248e-06,-8.40798e-06,-3.90077e-06,-7.76093e-06,0.36603,0.0660537,0.0115819,0.000310121,-0.211752,-0.000183935,-0.000765765,-0.00162727,15.9638,1,0,0,0,0,0,-1,1,-9.0462e-07,-3.41779e-06,-0.211434,0,44.2704,1,1010,1010,1010,1010,0,0,0,0,0.191612,56,0.00499577,8.4177e-05,56,-0.00257611,-0.00588306,56,0.000791369,-0.00113109,56,-0.000175159,-0.00202573,56,0.00579068,0.00241441,56,0.000804832,0.00511089,56,0.00170523,0.0034154,56,0.00155527,0.000551703,52,0.00117191,-0.000298883
5495459347961,5495443857000,5495443857000,5495459337146,73729,15.4801,5495474352999,30.496,0,26127,102080,0,0,1,0,0,0.01197,500,500,470,0.94,2.72296,5.10854,0.661265,0.295762,0.0181122,0.000946045,3.83161e-05,-1.56957e-06,-0.00244207,0.00248017,1,-0.000131125,-0.00320101,0.00320101,-0.000131125,1,1,0.0027445,-2.0065e-05,0.000456511,-0.000111061,0,0,0,0,0,0,0,0,0,0,0,0,0,0,0,0,0,0,0,0,0,0,0,255,0.22,6.64262,0.22,0.00330333,0.000424344,1,1,1,1,1,1,1,-0.290948,-3.20818,0.125263,-2.83916e-05,0.00416401,0.0250097,14.0675,25500,1,367,148.765,6375,0,0.000884653,0.0112219,0.0103484,0,0,0,1,470,0.225,3.24908e-05,-1.35289e-06,-3.04401e-07,-7.31044e-06,-1.834e-06,-7.08268e-06,0.366028,0.0660466,0.0116106,0.000311766,-0.211755,0.00153345,-0.000499772,-0.000416683,15.2492,1,0,0,0,0,0,-1,1,-9.0462e-07,-3.41779e-06,-0.211478,0,14.3261,1,1010,1010,1010,1010,0,0,0,0,15.6956,54,-0.000600454,-0.00273327,56,0.00304695,-0.00149942,43,0.00229804,0.00371907,56,0.00796779,0.00802221,56,-0.00148152,-0.00116421,51,0.00391573,0.00427415,46,0.00138161,-0.00465044,56,0.00216992,-0.00259458,52,0.00303859,-0.00206018
5495474906892,5495463869000,5495463869000,5495474901762,73729,11.0328,5495488779476,24.9105,1,26128,102081,0,0,1,0,0,0.020012,500,500,500,1,2.75485,4.63852,0.618209,0.337891,0.019928,-0.0515747,2.45268e-05,-7.5359e-05,-0.00360957,-0.00407105,1,-0.00376569,-0.00122561,0.00122561,-0.00376569,1,1,0.00163597,-0.00345593,-0.000410359,-0.000309756,0,0,0,0,0,0,0,0,0,0,0,0,0,0,0,0,0,0,0,0,0,0,0,255,0.22,1.92938,0.22,0.000333848,-0.00279392,1,1,1,1,0,1,1,-0.290948,-3.20818,0.125263,-2.83916e-05,0.00416401,0.0250097,28.4897,25500,1,367,163.188,6375,0,0.000884653,0.0112219,0.0103484,0,0,0,1,500,0.225,2.08875e-05,-6.38279e-05,-1.43613e-05,-4.69969e-06,-1.50281e-05,-1.5769e-06,0.366013,0.066045,0.011607,0.000285851,-0.211696,0.000998337,-0.0013939,0.00227596,14.1341,2,0,0,0,0,0,-1,1,-9.0462e-07,-3.41779e-06,-0.211478,0,28.7753,1,1010,1010,1010,1010,0,0,0,0,30.1448,56,0.00418261,-0.0027998,56,-0.00726692,-0.00518207,56,0.00156342,-0.00440378,56,-0.000245425,-0.00735818,56,0.000532316,-0.00419373,56,-0.0022763,-0.00225867,56,0.00125988,-0.00502588,56,0.00358672,-0.0017858,52,0.00542639,-0.00321537
5495489304591,5495471882000,5495471882000,5495489294647,73729,17.4126,5495502255521,30.3735,0,26128,102082,0,0,1,0,0,0.008013,500,500,491,0.982,2.73041,4.83048,0.725672,0.310076,-0.0142517,0.000289917,-2.54143e-05,1.1064e-05,-0.0151035,0.00590846,1,0.00138075,0.00317164,-0.00317164,0.00138075,1,1,-0.00220956,0.00140248,-0.000962079,-2.17297e-05,0,0,0,0,0,0,0,0,0,0,0,0,0,0,0,0,0,0,0,0,0,0,0,255,0.22,6.17666,0.22,-0.00283723,0.00281025,1,1,1,1,0,1,1,-0.290948,-3.20818,0.125263,-2.83916e-05,0.00416401,0.0250097,41.9706,25500,1,367,176.668,6375,0,0.000884653,0.0112219,0.0103484,0,0,0,1,491,0.225,-2.15749e-05,9.34478e-06,2.10257e-06,4.85435e-06,3.07528e-06,4.30407e-06,0.366017,0.0660494,0.0116165,0.000279838,-0.211629,0.00135579,-9.77837e-05,0.00454811,13.2,2,0,0,0,0,0,-1,1,-9.0462e-07,-3.41779e-06,-0.211478,0,42.2375,1,1010,1010,1010,1010,0,0,0,0,43.6069,55,-0.0123461,0.00353137,55,0.00566768,0.00188615,56,-0.00979196,-0.00092718,56,-0.00306159,3.16615e-05,56,-0.00394057,0.000639382,56,-0.00399899,0.00141134,53,-0.0121277,-0.00595766,56,0.00176872,-0.00208916,48,-0.00247945,0.0044782
5495502768173,5495491878000,5495491878000,5495502761432,73729,10.8834,5495516940871,25.0629,1,26129,102083,0,0,1,0,0,0.019996,500,500,463,0.926,2.71822,5.41834,0.640653,0.28952,-0.0473328,-0.0072937,-7.12624e-05,-2.13582e-05,0.00112114,-0.000849732,1,-0.00106812,0.00356383,-0.00356383,-0.00106812,1,1,-0.00309913,-0.0011386,-0.0004647,7.04789e-05,0,0,0,0,0,0,0,0,0,0,0,0,0,0,0,0,0,0,0,0,0,0,0,255,0.22,-0.734339,0.22,-0.00519896,-0.00037108,1,1,1,1,0,1,1,-0.290973,-3.20817,0.125213,0.000891022,0.00472604,0.0249361,4.84461,25501,1,367,191.345,6375,0,0.000884653,0.0112219,0.0103484,0,0,0,1,463,0.225,-6.04703e-05,-1.81124e-05,-4.07529e-06,1.36058e-05,-1.12621e-06,1.41574e-05,0.366015,0.0660635,0.0116169,0.000314761,-0.211655,-0.000401326,0.000317155,0.00135186,4.62179,2,0,0,0,0,0,-1,1,-9.0462e-07,-3.41779e-06,-0.211398,0,5.10943,1,1010,1010,1010,1010,0,0,0,0,5.1138,39,-0.00403732,-0.00218786,56,0.00632638,0.00314231,41,-0.00368362,0.000119432,54,-0.00544914,-6.08012e-05,56,-0.00955998,-0.00323592,56,-0.00668435,-0.00153217,53,-0.00231883,0.0023866,56,-0.00564548,-0.00178333,52,-0.00490483,-0.00209981
5495517436727,5495503861000,5495503861000,5495517426449,73729,13.5654,5495532457727,28.5967,0,26129,102084,0,0,1,0,0,0.011983,500,500,493,0.986,2.73774,4.61513,0.726228,0.308503,-0.0209045,0.0288696,-2.85755e-05,4.72001e-05,0.00480155,0.000815541,1,0.00393892,0.00238467,-0.00238467,0.00393892,1,1,-0.00322368,0.00370358,0.000839015,0.000235342,0,0,0,0,0,0,0,0,0,0,0,0,0,0,0,0,0,0,0,0,0,0,0,255,0.22,3.89294,0.22,-0.00379749,0.00395685,1,1,1,1,1,1,1,-0.290973,-3.20817,0.125213,0.000891022,0.00472604,0.0249361,20.3671,25501,1,367,15.4916,6376,0,0.000884653,0.0112542,0.010919,0,0,0,1,493,0.225,-2.42771e-05,4.00023e-05,9.00051e-06,5.46235e-06,9.94727e-06,3.44886e-06,0.366025,0.066067,0.0116068,0.000304451,-0.211697,0.000590325,0.00105904,-0.00254819,15.2606,1,0,0,0,0,0,-1,1,-9.0462e-07,-3.41779e-06,-0.211398,0,20.6339,1,1010,1010,1010,1010,0,0,0,0,20.6383,56,-0.00286461,0.00918189,56,-0.00448849,0.00170454,56,-0.00611653,0.00244313,56,-0.010883,0.00250995,56,0.00285205,0.0078426,56,-0.00311283,0.0102767,49,-0.00631137,0.00326763,56,0.0010241,0.00238434,52,0.00143726,0.00250152
5495533021065,5495523862000,5495523862000,5495533016046,73729,9.15405,5495546855223,22.9932,1,26130,102085,0,0,1,0,0,0.020001,500,500,500,1,2.73415,4.77259,0.659783,0.31041,-0.01371,0.00436401,-1.49258e-05,-3.71397e-06,0.00220129,0.00392955,1,-0.000185689,0.000746254,-0.000746254,-0.000185689,1,1,-0.00179991,-0.000188269,0.00105365,2.57956e-06,0,0,0,0,0,0,0,0,0,0,0,0,0,0,0,0,0,0,0,0,0,0,0,255,0.22,-0.819895,0.22,-0.000675777,-0.00046811,1,1,1,1,0,1,1,-0.290973,-3.20817,0.125213,0.000891022,0.00472604,0.0249361,34.7634,25501,1,367,29.8877,6376,0,0.000884653,0.0112542,0.010919,0,0,0,1,500,0.225,-1.26539e-05,-3.17764e-06,-7.1497e-07,2.84714e-06,-1.00645e-07,2.93362e-06,0.366025,0.0660699,0.0115974,0.000306601,-0.21175,-0.000747866,1.1608e-05,-0.00439144,14.1389,1,0,0,0,0,0,-1,1,-9.0462e-07,-3.41779e-06,-0.211398,0,35.0408,1,1010,1010,1010,1010,0,0,0,0,35.0451,56,-0.00246334,-0.00443894,56,-0.00329167,-0.00147589,56,0.00330008,0.00260062,56,0.000433558,0.0005458,56,-0.000777832,-0.00137934,56,-0.00225977,-0.00351608,56,0.000417397,0.000381781,56,0.000325326,0.00176621,52,-0.00354136,0.000854208
5495547370190,5495531879000,5495531879000,5495547359449,73729,15.4804,5495560258415,28.3794,0,26130,102086,0,0,1,0,0,0.008017,500,500,500,1,2.67411,4.63452,0.759579,0.315984,0.0136719,0.0155945,4.51245e-05,2.0895e-05,0.00891066,0.0118771,1,0.00260634,-0.00562861,0.00562861,0.00260634,1,1,0.00454021,0.00249327,0.0010884,0.000113067,0,0,0,0,0,0,0,0,0,0,0,0,0,0,0,0,0,0,0,0,0,0,0,255,0.22,3.40171,0.22,0.00366633,0.00265761,1,1,1,1,0,1,1,-0.290973,-3.20817,0.125213,0.000891022,0.00472604,0.0249361,48.1644,25501,1,367,43.2887,6376,0,0.000884653,0.0112542,0.010919,0,0,0,1,500,0.225,3.82298e-05,1.77221e-05,3.98748e-06,-8.60171e-06,2.09025e-06,-9.24716e-06,0.366027,0.0660606,0.0116088,0.000300143,-0.211796,0.000912301,0.000508803,-0.0031884,13.1153,2,0,0,0,0,0,-1,1,-9.0462e-07,-3.41779e-06,-0.211517,0,0.226261,1,1010,1010,1010,1010,0,0,0,0,0.23015,56,-0.0138012,0.00415047,56,0.00575517,-0.00371935,56,0.00268136,0.00504621,56,0.0120366,0.00347609,56,-0.00870893,0.00463462,56,0.00299986,0.00640751,56,0.00699093,-0.00659888,56,0.0087789,-0.00498281,52,0.00741428,0.00210663
5495560759697,5495551884000,5495551884000,5495560754289,73729,8.87029,5495572516044,20.632,1,26131,102087,0,0,1,0,0,0.020005,500,500,500,1,2.74585,5.01659,0.707523,0.311206,0.0130234,-0.0217514,4.49254e-05,-4.60042e-06,0.00191308,-0.00817293,1,-0.000229964,-0.00224571,0.00224571,-0.000229964,1,1,0.00147909,-0.000223116,0.000766621,-6.84786e-06,0,0,0,0,0,0,0,0,0,0,0,0,0,0,0,0,0,0,0,0,0,0,0,255,0.22,6.62073,0.22,0.00156275,-0.00181344,1,1,1,0,0,1,1,-0.29101,-3.20817,0.125359,0.000176991,0.00392375,0.0252053,12.2324,25502,1,367,55.5622,6376,0,0.000884653,0.0112542,0.010919,0,0,0,1,500,0.225,3.80623e-05,-3.88786e-06,-8.74768e-07,-8.56402e-06,-2.65542e-06,-8.1882e-06,0.366025,0.0660525,0.0116088,0.000300143,-0.211796,0.000889403,-3.08154e-05,-0.00204831,25.3754,0,0,0,0,0,0,-1,1,-9.0462e-07,-3.41779e-06,-0.211517,0,12.4963,1,1010,1010,1010,1010,0,0,0,0,12.5002,56,0.000479144,-0.000366412,56,0.00645154,0.00344087,56,0.00118427,-0.00184223,56,0.00470939,-0.00262715,56,0.0098489,-0.000397765,56,0.00333275,-0.00206582,56,-0.000300087,-0.000268325,56,-0.00179836,-0.00203231,52,0.000779879,-0.00306148
5495573028473,5495559897000,5495559897000,5495573017658,73729,13.1207,5495587214079,27.3171,0,26131,102088,0,0,1,0,0,0.008013,500,500,500,1,2.72822,4.80398,0.689542,0.311373,-0.000167847,0.000778198,1.59219e-06,-1.65102e-07,0.000421418,0.00540876,1,-2.06043e-05,-0.0001987,0.0001987,-2.06043e-05,1,1,0.000637346,0.000223572,-0.000438646,-0.000244176,0,0,0,0,0,0,0,0,0,0,0,0,0,0,0,0,0,0,0,0,0,0,0,255,0.22,8.77958,0.22,-0.000598876,0.000201842,1,1,1,1,1,1,1,-0.29101,-3.20817,0.125359,0.000176991,0.00392375,0.0252053,26.9156,25502,1,367,70.2455,6376,0,0.000884653,0.0112542,0.010919,0,0,0,1,500,0.225,1.36469e-06,-1.69486e-07,-3.81342e-08,-3.07055e-07,-1.01806e-07,-2.92164e-07,0.366025,0.0660522,0.0116356,0.000300566,-0.211724,0.00102562,-0.00109879,0.00239962,14.3904,2,0,0,0,0,0,-1,1,-9.0462e-07,-3.41779e-06,-0.211517,0,27.1892,1,1010,1010,1010,1010,0,0,0,0,27.1931,56,0.000876906,-0.00632235,56,-0.00697224,0.0056296,56,0.00450908,-0.00443824,56,-0.000382083,-0.00111393,56,-0.00831291,-3.10415e-05,56,0.00174896,0.00526741,56,-0.00167211,0.00124679,56,-0.00090139,-0.000693765,52,-0.00225384,-0.0078114
5495587777731,5495571877000,5495571877000,5495587767250,73729,15.8902,5495601488203,29.6112,0,26131,102089,0,0,1,0,0,0.01198,500,500,483,0.966,2.68174,4.78372,0.678598,0.298595,0.0224609,0.0195618,2.82948e-05,7.70685e-05,-0.00714215,-0.0128961,1,0.0064331,-0.00236184,0.00236184,0.0064331,1,1,0.0039041,0.00672166,-0.00154226,-0.000288564,0,0,0,0,0,0,0,0,0,0,0,0,0,0,0,0,0,0,0,0,0,0,0,255,0.22,3.23141,0.22,0.00151148,0.00447808,1,1,1,1,0,1,1,-0.29101,-3.20817,0.125359,0.000176991,0.00392375,0.0252053,41.1917,25502,1,367,84.5214,6376,0,0.000884653,0.0112542,0.010919,0,0,0,1,483,0.225,2.40546e-05,6.53052e-05,1.46937e-05,-5.41228e-06,1.3229e-05,-8.37764e-06,0.366038,0.0660438,0.0116183,0.000271549,-0.21163,0.00020172,-0.00129854,0.00571351,13.9994,2,0,0,0,0,0,-1,1,-9.0462e-07,-3.41779e-06,-0.211517,0,41.4683,1,1010,1010,1010,1010,0,0,0,0,41.4722,56,0.00216794,0.00473592,56,0.00419838,0.0119753,47,0.00754945,0.00122966,56,0.00248928,0.00938424,56,-0.00516668,0.00401379,56,0.00353872,0.00295151,48,0.00119489,-0.00157762,56,0.000837939,0.0065325,52,0.00791672,0.00659902
5495602009504,5495591896000,5495591896000,5495602004337,73729,10.1083,5495617629046,25.733,1,26132,102090,0,0,1,0,0,0.020019,500,500,495,0.99,2.72009,5.33328,0.703691,0.336095,0.000457764,0.003479,-2.23885e-05,-1.36429e-06,-0.00802505,-4.70919e-05,1,-6.81497e-05,0.00111836,-0.00111836,-6.81497e-05,1,1,-0.000648859,-0.000104865,-0.000469504,3.67158e-05,0,0,0,0,0,0,0,0,0,0,0,0,0,0,0,0,0,0,0,0,0,0,0,255,0.22,7.15811,0.22,-0.00138699,0.000969515,1,1,1,1,0,1,1,-0.29104,-3.20817,0.125402,0.000863065,0.00455276,0.024839,0.438985,25503,1,367,100.655,6376,0,0.000884653,0.0112542,0.010919,0,0,0,1,495,0.225,-1.89721e-05,-1.15464e-06,-2.59793e-07,4.26872e-06,6.42646e-07,4.22776e-06,0.366038,0.066048,0.0116085,0.000284577,-0.211637,0.000375226,0.000165221,0.00199039,0.168686,3,0,0,0,0,0,-1,1,-9.04621e-07,-3.41779e-06,-0.211353,0,0.701931,1,1010,1010,1010,1010,0,0,0,0,0.706191,56,-0.00140479,0.00172244,56,-0.00350989,0.00167796,56,-0.0028621,0.00150524,56,-0.00425198,0.00227705,56,0.00468557,-0.00187619,56,5.87467e-05,-0.00109508,51,0.00137417,0.00238136,56,0.000423581,-0.000677886,52,-0.00271546,-0.00220097
5495618112531,5495599898000,5495599898000,5495618101457,73729,18.2035,5495631961115,32.0631,0,26132,102091,0,0,1,0,0,0.008002,500,500,436,0.872,2.73335,4.68907,0.603837,0.287539,-0.0139771,0.0248566,-8.00706e-06,6.45525e-05,0.0119172,0.00867445,1,0.00806704,0.00100063,-0.00100063,0.00806704,1,1,-0.00106951,0.00812979,6.88787e-05,-6.27472e-05,0,0,0,0,0,0,0,0,0,0,0,0,0,0,0,0,0,0,0,0,0,0,0,255,0.22,3.12649,0.22,-0.0029965,0.00799955,1,1,1,1,0,1,1,-0.29104,-3.20817,0.125402,0.000863065,0.00455276,0.024839,14.7756,25503,1,367,114.992,6376,0,0.000884653,0.0112542,0.010919,0,0,0,1,436,0.225,-6.81194e-06,5.46387e-05,1.22937e-05,1.53269e-06,1.23413e-05,-1.08404e-06,0.366051,0.0660469,0.0116085,0.000284577,-0.211637,-0.000514091,-0.000282362,-0.000659236,14.5279,0,0,0,0,0,0,-1,1,-9.04621e-07,-3.41779e-06,-0.211353,0,15.0578,1,1010,1010,1010,1010,0,0,0,0,15.0621,56,0.000422675,0.00529417,56,-0.00161287,0.036196,32,-0.00742383,-0.00601895,56,-0.00841681,0.00189705,56,0.00248615,0.00536233,42,0.00347878,0.00265456,44,-0.0109443,-0.00203197,56,-0.00808544,0.0046614,38,0.00316199,0.00776211
5495632474101,5495619893000,5495619893000,5495632468675,73729,12.5757,5495648289366,28.3964,1,26133,102092,0,0,1,0,0,0.019995,500,500,499,0.998,2.70702,6.85311,0.588078,0.303224,-0.0365753,0.0123901,-8.26528e-05,4.352e-05,-0.00426812,-0.00590215,1,0.00217654,0.00413367,-0.00413367,0.00217654,1,1,-0.00488637,0.00193861,0.000752696,0.000237934,0,0,0,0,0,0,0,0,0,0,0,0,0,0,0,0,0,0,0,0,0,0,0,255,0.22,7.32224,0.22,-0.00430868,0.000913521,1,1,1,1,1,1,1,-0.29104,-3.20817,0.125402,0.000863065,0.00455276,0.024839,31.1039,25503,1,367,131.32,6376,0,0.000884653,0.0112542,0.010919,0,0,0,1,499,0.225,-7.0046e-05,3.69002e-05,8.30255e-06,1.57603e-05,1.14283e-05,1.36632e-05,0.366062,0.0660606,0.0116182,0.000308078,-0.211678,6.01456e-05,0.0010707,-0.00266159,16.0404,1,0,0,0,0,0,-1,1,-9.04621e-07,-3.41779e-06,-0.211353,0,31.3735,1,1010,1010,1010,1010,0,0,0,0,31.3777,56,-0.00960639,0.00143771,55,-0.00636664,0.00157809,56,-0.000970724,0.00476626,56,-0.00198459,0.00391685,56,-0.00580962,0.0004093,56,-0.00238251,0.00190024,56,-0.00527742,0.000520371,56,-0.00284425,0.00304577,52,-0.00603086,0.0014302
5495648857185,5495639900000,5495639900000,5495648850556,73729,8.95056,5495662011005,22.111,1,26134,102093,0,0,1,0,0,0.020007,500,500,500,1,2.72602,5.06876,0.712135,0.319447,-0.00837708,0.024765,1.69539e-06,5.82792e-05,0.0042592,-0.00377299,1,0.00291294,-8.47396e-05,8.47396e-05,0.00291294,1,1,-0.00103058,0.00275622,0.00111532,0.000156725,0,0,0,0,0,0,0,0,0,0,0,0,0,0,0,0,0,0,0,0,0,0,0,255,0.22,3.4446,0.22,-0.00043493,0.00146816,1,1,1,2,0,1,1,-0.29104,-3.20817,0.125402,0.000863065,0.00455276,0.024839,44.8255,25503,1,367,145.042,6376,0,0.000884653,0.0112542,0.010919,0,0,0,1,500,0.225,1.44931e-06,4.93953e-05,1.11139e-05,-3.26094e-07,1.07972e-05,-2.65467e-06,0.366073,0.0660579,0.0116115,0.000302406,-0.211755,0.000471839,0.000705262,-0.00363767,13.3118,2,0,0,0,0,0,-1,1,-9.04621e-07,-3.41779e-06,-0.211507,0,0.217631,1,1010,1010,1010,1010,0,0,0,0,0.221686,56,3.85274e-05,0.00431657,56,-0.00519674,0.00294483,56,0.00209565,0.00132998,56,0.00140942,0.00254069,56,-0.002402,0.0044656,56,-0.00121181,0.00426771,56,0.00113587,-0.00017233,56,-0.00375466,0.0036466,52,0.00337575,0.0011696
5495662497583,5495651877000,5495651877000,5495662487898,73729,10.6109,5495674511395,22.6344,0,26134,102094,0,0,1,0,0,0.011977,500,500,500,1,2.71237,4.95048,0.665745,0.342318,0.0101089,0.00971985,3.54767e-06,3.09207e-05,-0.00617693,-0.00603921,1,0.00258167,-0.000296207,0.000296207,0.00258167,1,1,-0.000295876,0.00261588,0.000592083,-3.4208e-05,0,0,0,0,0,0,0,0,0,0,0,0,0,0,0,0,0,0,0,0,0,0,0,255,0.22,6.59307,0.22,0.00078166,0.000342155,1,1,1,2,0,1,1,-0.291072,-3.20817,0.125384,0.000124947,0.00444227,0.0250987,12.4868,25504,1,367,157.569,6376,0,0.000884653,0.0112542,0.010919,0,0,0,1,500,0.225,3.06899e-06,2.6214e-05,5.89816e-06,-6.90522e-07,5.62127e-06,-1.91476e-06,0.366079,0.066056,0.0116235,0.000307133,-0.211764,0.000542636,-0.000153936,-0.00169739,12.2223,1,0,0,0,0,0,-1,1,-9.04621e-07,-3.41779e-06,-0.211507,0,12.7539,1,1010,1010,1010,1010,0,0,0,0,12.7579,56,0.00562543,0.00451704,56,-0.00239677,0.0129485,56,0.00325221,0.00269077,56,-0.00125142,-0.00593143,56,-0.00200669,0.00713596,56,0.00253722,-0.00329494,56,-0.00472419,0.00404341,56,0.00445601,-0.00160833,52,0.00290777,0.00536573
5495675040176,5495659895000,5495659895000,5495675028991,73729,15.134,5495687477695,27.5827,0,26134,102095,0,0,1,0,0,0.008018,500,500,485,0.97,2.75143,4.61292,0.597523,0.328262,0.0035553,0.00262451,1.43016e-05,3.27145e-06,0.00483321,0.00194454,1,0.000408014,-0.00178369,0.00178369,0.000408014,1,1,0.00166636,0.0004209,0.000117334,-1.28858e-05,0,0,0,0,0,0,0,0,0,0,0,0,0,0,0,0,0,0,0,0,0,0,0,255,0.22,-0.821062,0.22,0.00147483,0.000422392,1,1,1,1,0,1,1,-0.291072,-3.20817,0.125384,0.000124947,0.00444227,0.0250987,25.4294,25504,1,367,170.511,6376,0,0.000884653,0.0112542,0.010919,0,0,0,1,485,0.225,1.21412e-05,2.8067e-06,6.31507e-07,-2.73177e-06,4.32836e-08,-2.8033e-06,0.366079,0.0660532,0.0116242,0.000302754,-0.211753,0.000989418,-5.79862e-05,0.000369131,12.6573,1,0,0,0,0,0,-1,1,-9.04621e-07,-3.41779e-06,-0.211507,0,25.6956,1,1010,1010,1010,1010,0,0,0,0,25.6996,56,-0.00270357,-0.00103799,56,0.000225365,0.0109288,41,-0.00468404,0.000883749,56,0.00280403,0.00516001,56,-0.00298427,-0.0151403,56,0.00692137,0.00169523,56,0.00655978,-0.00473642,56,0.00285867,0.00878898,52,0.00355604,-0.00195767
5495687997717,5495679898000,5495679898000,5495687991939,73729,8.09394,5495701887728,21.9897,1,26135,102096,0,0,1,0,0,0.020003,500,500,499,0.998,2.6768,4.70048,0.736839,0.319132,-0.000488281,-0.0256958,-3.33183e-05,-1.25098e-05,-0.00635794,-0.00472978,1,-0.000625397,0.00166566,-0.00166566,-0.000625397,1,1,-0.000777667,-0.000447123,-0.000887996,-0.000178274,0,0,0,0,0,0,0,0,0,0,0,0,0,0,0,0,0,0,0,0,0,0,0,255,0.22,1.995,0.22,-0.00106493,-0.00125799,1,1,1,1,1,1,1,-0.291072,-3.20817,0.125384,0.000124947,0.00444227,0.0250987,39.8397,25504,1,367,184.922,6376,0,0.000884653,0.0112542,0.010919,0,0,0,1,499,0.225,-2.81635e-05,-1.05989e-05,-2.38475e-06,6.33678e-06,-1.00028e-06,6.69595e-06,0.366078,0.0660599,0.0116326,0.000289246,-0.21167,0.000774242,-0.000802231,0.00381618,14.1256,2,0,0,0,0,0,-1,1,-9.04621e-07,-3.41779e-06,-0.211507,0,40.113,1,1010,1010,1010,1010,0,0,0,0,40.1171,56,0.00277671,0.00049128,55,-0.00289543,-0.00694119,56,-0.000626198,-0.00293253,56,-0.000159928,-0.00065345,56,-0.00214432,0.00370942,56,-0.0013877,0.00080925,56,-0.00314733,-0.00255088,56,0.000675165,-0.00338024,52,0.000233649,0.000327095
5495702455306,5495691877000,5495691877000,5495702443380,73729,10.5664,5495717804106,25.9271,0,26135,102097,0,0,1,0,0,0.011979,500,500,491,0.982,2.72365,5.33504,0.643745,0.307224,-0.0155945,0.00305176,5.96461e-06,7.88877e-06,0.00276539,-0.00265077,1,0.00065855,-0.000497922,0.000497922,0.00065855,1,1,0.00151768,0.000832932,-0.00101976,-0.000174382,0,0,0,0,0,0,0,0,0,0,0,0,0,0,0,0,0,0,0,0,0,0,0,255,0.22,6.15616,0.22,-0.00182342,0.00129841,1,1,1,1,0,1,1,-0.2911,-3.20817,0.125321,0.000791878,0.00443409,0.0251321,4.70524,25505,1,367,200.831,6376,0,0.000884653,0.0112542,0.010919,0,0,0,1,491,0.225,5.02199e-06,6.69158e-06,1.50561e-06,-1.12995e-06,1.2347e-06,-1.4209e-06,0.366079,0.0660585,0.0116368,0.000272268,-0.211616,0.000926141,-0.000784719,0.00441204,4.47811,2,0,0,0,0,0,-1,1,-9.04621e-07,-3.41779e-06,-0.211359,0,4.98211,1,1010,1010,1010,1010,0,0,0,0,4.98652,56,-0.00817438,0.00217109,56,0.0089304,-0.00220489,47,-0.00106591,-0.00231534,56,0.00655065,0.00576855,56,0.000229849,-0.00247294,56,-0.00433149,0.000457457,56,-0.00510322,0.00349564,56,-0.00512613,0.000480378,52,-0.000243179,0.000539063
5495718305128,5495699895000,5495699895000,5495718294720,73729,18.3997,5495731164631,31.2696,0,26135,102098,0,0,1,0,0,0.008018,500,500,500,1,2.72617,4.58363,0.813839,0.310854,0.00907135,0.00050354,6.49418e-06,1.30301e-05,0.000609386,-0.00771767,1,0.0016251,-0.00080995,0.00080995,0.0016251,1,1,0.0010316,0.00173692,-0.000221646,-0.000111818,0,0,0,0,0,0,0,0,0,0,0,0,0,0,0,0,0,0,0,0,0,0,0,255,0.22,1.87701,0.22,-0.000857096,0.000693731,1,1,1,1,0,1,1,-0.2911,-3.20817,0.125321,0.000791878,0.00443409,0.0251321,18.071,25505,1,367,13.3576,6377,0,0.000884653,0.0112828,0.0105532,0,0,0,1,500,0.225,5.52069e-06,1.10661e-05,2.48987e-06,-1.24216e-06,2.17343e-06,-1.73735e-06,0.366081,0.0660568,0.0116373,0.000271898,-0.211622,0.000674994,-0.000503182,0.00133792,13.1253,1,0,0,0,0,0,-1,1,-9.04621e-07,-3.41779e-06,-0.211359,0,18.3512,1,1010,1010,1010,1010,0,0,0,0,18.3556,56,-0.00593276,0.0085463,56,0.0133678,0.00928808,56,0.00538424,-0.00130977,56,-0.00382883,-0.0172211,56,-0.000670763,-0.00167444,56,0.00762665,0.00466126,56,-0.0018439,-0.000528381,56,0.00960055,0.00525546,52,0.00195391,-0.00271688
5495731685801,5495719892000,5495719892000,5495731680283,73729,11.7883,5495746224502,26.3325,1,26136,102099,0,0,1,0,0,0.019997,500,500,500,1,2.67174,5.16257,0.682301,0.315132,-0.0177917,0.0205841,-4.1846e-05,3.33663e-05,-0.00551807,0.0014013,1,0.00166857,0.00209262,-0.00209262,0.00166857,1,1,-0.00219794,0.001685,0.000105327,-1.64314e-05,0,0,0,0,0,0,0,0,0,0,0,0,0,0,0,0,0,0,0,0,0,0,0,255,0.22,5.09863,0.22,-0.00247186,0.00235751,1,1,1,1,0,1,1,-0.2911,-3.20817,0.125321,0.000791878,0.00443409,0.0251321,33.1532,25505,1,367,28.4398,6377,0,0.000884653,0.0112828,0.0105532,0,0,0,1,500,0.225,-3.54902e-05,2.82769e-05,6.36231e-06,7.98529e-06,7.8977e-06,6.47008e-06,0.366089,0.0660632,0.0116184,0.000270417,-0.211642,-0.000310647,-7.39414e-05,-0.000627694,14.7918,1,0,0,0,0,0,-1,1,-9.04621e-07,-3.41779e-06,-0.211359,0,33.4254,1,1010,1010,1010,1010,0,0,0,0,33.4298,56,-0.00218345,0.00213251,56,-0.00329986,0.00423756,56,-0.00281964,0.00648527,56,-0.00392321,0.00437523,56,-0.00242478,-0.000452788,56,-0.00211223,0.0018122,56,-0.00237293,0.00135764,56,-0.00464964,-0.000417507,52,-0.000399948,0.00181021
5495746767321,5495731874000,5495731874000,5495746753950,73729,14.8799,5495761339429,29.4654,0,26136,102100,0,0,1,0,0,0.011982,500,500,481,0.962,2.73511,4.61305,0.590245,0.299076,-0.00128174,0.0164185,3.86018e-05,4.68478e-05,0.0159864,-0.00451148,1,0.00390985,-0.00322165,0.00322165,0.00390985,1,1,0.00264172,0.00380232,0.000579926,0.000107523,0,0,0,0,0,0,0,0,0,0,0,0,0,0,0,0,0,0,0,0,0,0,0,255,0.22,-0.087797,0.22,0.000177312,0.0027826,1,1,1,1,1,1,1,-0.2911,-3.20817,0.125321,0.000791878,0.00443409,0.0251321,48.2439,25505,1,367,43.5305,6377,0,0.000884653,0.0112828,0.0105532,0,0,0,1,481,0.225,3.26804e-05,3.96505e-05,8.92135e-06,-7.35309e-06,7.1771e-06,-9.06311e-06,0.366096,0.0660542,0.0116088,0.000276193,-0.211713,-0.000506632,0.000483855,-0.00249304,13.4026,2,0,0,0,0,0,-1,1,-9.04621e-07,-3.41779e-06,-0.211477,0,0.134019,1,1010,1010,1010,1010,0,0,0,0,0.187131,56,-0.00125252,0.00422759,56,0.0103973,0.00685445,44,0.00565567,-0.00171917,56,0.00424989,0.00338999,56,0.00101719,0.00357187,56,0.00527471,0.00573602,49,0.00653491,0.00308262,56,0.00240609,0.0039185,52,-0.00160738,3.65542e-05
5495761953693,5495751874000,5495751874000,5495761947267,73729,10.0733,5495773769855,21.8959,1,26137,102101,0,0,1,0,0,0.02,500,500,500,1,2.73045,5.08395,0.672634,0.309354,0.0166016,0.0259628,1.50739e-05,4.85027e-05,-2.18179e-05,-0.0017078,1,0.00242513,-0.000753694,0.000753694,0.00242513,1,1,5.57088e-05,0.00228482,0.000697986,0.000140315,0,0,0,0,0,0,0,0,0,0,0,0,0,0,0,0,0,0,0,0,0,0,0,255,0.22,4.95456,0.22,0.00166101,0.00158044,1,1,1,0,0,1,1,-0.291105,-3.20817,0.125499,0.000748181,0.00438439,0.0249937,12.3168,25506,1,367,55.9799,6377,0,0.000884653,0.0112828,0.0105532,0,0,0,1,500,0.225,1.27536e-05,4.10758e-05,9.24206e-06,-2.86955e-06,8.43275e-06,-4.74737e-06,0.366105,0.0660494,0.0116088,0.000276193,-0.211713,-0.000348393,0.000631418,-0.00279146,25.8272,0,0,0,0,0,0,-1,1,-9.04621e-07,-3.41779e-06,-0.211477,0,12.5747,1,1010,1010,1010,1010,0,0,0,0,12.6278,56,-0.000853471,6.12802e-05,56,-0.00253179,0.010901,56,0.00291483,0.00294516,56,-0.00322034,0.00187541,56,0.00587162,0.00241901,56,-0.00179978,0.00239474,56,-0.00146677,0.000261421,56,0.00465701,0.0020766,52,0.00354013,0.00411527
5495774284285,5495759913000,5495759913000,5495774272988,73729,14.36,5495786994768,27.0818,0,26137,102102,0,0,1,0,0,0.008039,500,500,499,0.998,2.73804,4.64702,0.590208,0.30665,0.0109558,-0.0071106,-2.89815e-05,-3.3739e-05,-0.00756811,0.00993106,1,-0.00419692,0.00360511,-0.00360511,-0.00419692,1,1,-0.00413326,-0.00406742,0.00052815,-0.000129495,0,0,0,0,0,0,0,0,0,0,0,0,0,0,0,0,0,0,0,0,0,0,0,255,0.22,7.08602,0.22,0.000584402,-0.00241731,1,1,1,1,0,1,1,-0.291105,-3.20817,0.125499,0.000748181,0.00438439,0.0249937,25.5268,25506,1,367,69.19,6377,0,0.000884653,0.0112828,0.0105532,0,0,0,1,499,0.225,-2.44871e-05,-2.85745e-05,-6.42927e-06,5.50959e-06,-5.12788e-06,6.73733e-06,0.366099,0.0660562,0.0116142,0.000258625,-0.211735,0.000299082,-0.000582726,-0.00166207,12.912,2,0,0,0,0,0,-1,1,-9.04621e-07,-3.41779e-06,-0.211477,0,25.8024,1,1010,1010,1010,1010,0,0,0,0,25.8555,56,0.0122586,-0.000977978,56,-0.00779369,-0.00979425,55,0.000308173,0.00308542,56,0.00935223,-0.00760846,56,-0.0155751,-0.00385191,56,0.00324498,-0.00304555,56,0.00520453,-0.000614942,56,-0.00323071,-0.0055991,52,0.000576955,0.00156539
5495787512754,5495771872000,5495771872000,5495787499920,73729,15.6279,5495802885349,31.0133,0,26137,102103,0,0,1,0,0,0.011959,500,500,496,0.992,2.67265,4.57855,0.631116,0.325039,0.00452423,0.0114441,9.32333e-06,3.90185e-05,-0.0049177,-0.00673552,1,0.00326269,-0.000779608,0.000779608,0.00326269,1,1,0.000985578,0.00333106,-0.00020597,-6.83664e-05,0,0,0,0,0,0,0,0,0,0,0,0,0,0,0,0,0,0,0,0,0,0,0,255,0.22,0.059242,0.22,0.000955668,0.00166066,1,1,1,1,0,1,1,-0.291105,-3.20817,0.125499,0.000748181,0.00438439,0.0249937,41.4135,25506,1,367,85.0769,6377,0,0.000884653,0.0112828,0.0105532,0,0,0,1,496,0.225,7.94796e-06,3.3104e-05,7.44839e-06,-1.78829e-06,6.90633e-06,-3.31339e-06,0.366106,0.0660528,0.0116194,0.000260253,-0.21171,0.00101662,-0.000307649,0.00155479,15.6463,1,0,0,0,0,0,-1,1,-9.04621e-07,-3.41779e-06,-0.211477,0,41.6852,1,1010,1010,1010,1010,0,0,0,0,41.7383,55,-0.00127501,0.0101905,56,-0.00633965,0.00401585,56,0.00425601,0.00082161,56,-0.00466014,0.00122722,56,0.00532948,-0.000742156,56,0.00460926,0.000183717,53,-0.00468687,0.00279721,56,-0.00298836,0.00362956,52,0.00471507,0.00240044
5495803388520,5495787931000,5495787931000,5495803383427,73729,15.4524,5495818298890,30.3679,1,26138,102104,0,0,1,0,0,0.016059,500,500,500,1,2.67852,5.3953,0.738302,0.311206,0.00416565,-0.0222931,1.00431e-05,-3.43474e-05,-0.00202568,-0.00198925,1,-0.00213882,-0.000625385,0.000625385,-0.00213882,1,1,0.00150797,-0.00206935,-0.000882588,-6.94728e-05,0,0,0,0,0,0,0,0,0,0,0,0,0,0,0,0,0,0,0,0,0,0,0,255,0.22,5.80508,0.22,-0.000730761,-0.00131597,1,1,1,1,1,1,1,-0.291121,-3.20816,0.125446,0.000405816,0.00462805,0.0249142,1.14303,25507,1,367,100.487,6377,0,0.000884653,0.0112828,0.0105532,0,0,0,1,500,0.225,8.48467e-06,-2.91039e-05,-6.54838e-06,-1.90905e-06,-6.80325e-06,-4.90978e-07,0.3661,0.0660524,0.0116313,0.000257704,-0.211607,0.00112548,-0.000312628,0.0040777,0.909506,3,0,0,0,0,0,-1,1,-9.04621e-07,-3.41779e-06,-0.21135,0,1.41645,1,1010,1010,1010,1010,0,0,0,0,1.4201,56,0.000641054,-0.00397839,56,0.0130895,-0.00241816,56,-0.00610004,-0.0039449,56,-0.00739449,-0.00143711,56,0.00135056,-0.000247768,56,-0.000205625,-0.00460686,56,-0.00150176,-0.00287394,56,0.000967814,-0.00121165,52,1.78845e-05,-0.00226044
5495818851431,5495807912000,5495807912000,5495818843950,73729,10.9319,5495833033074,25.1211,1,26139,102105,0,0,1,0,0,0.019981,500,500,499,0.998,2.68659,4.61587,0.610838,0.335984,-0.0220642,0.00976562,-4.72943e-05,3.17845e-05,-0.00449891,0.000580502,1,0.00159073,0.00236696,-0.00236696,0.00159073,1,1,-0.00196834,0.00159163,-0.00039862,-8.92026e-07,0,0,0,0,0,0,0,0,0,0,0,0,0,0,0,0,0,0,0,0,0,0,0,255,0.22,0.934488,0.22,-0.00337291,0.00132252,1,1,1,1,0,1,1,-0.291121,-3.20816,0.125446,0.000405816,0.00462805,0.0249142,15.8837,25507,1,367,115.228,6377,0,0.000884653,0.0112828,0.0105532,0,0,0,1,499,0.225,-4.01306e-05,2.68805e-05,6.04812e-06,9.02938e-06,7.80955e-06,7.55709e-06,0.366107,0.0660599,0.011644,0.000253718,-0.211605,0.00107963,-4.01412e-06,0.00229874,14.5048,1,0,0,0,0,0,-1,1,-9.04621e-07,-3.41779e-06,-0.21135,0,16.1499,1,1010,1010,1010,1010,0,0,0,0,16.1536,56,-0.00683597,-0.000787165,56,0.000429367,0.000791215,55,-0.00253618,0.0032304,56,4.42091e-05,0.00226338,56,-0.0035403,0.000415035,56,-0.000863926,0.000281128,56,-0.00510182,-0.000360448,56,0.000862981,0.00168222,52,-0.00225524,-0.000557317
5495833531670,5495819899000,5495819899000,5495833521207,73729,13.6222,5495847683942,27.7849,0,26139,102106,0,0,1,0,0,0.011987,500,500,500,1,2.72348,4.80628,0.671172,0.30891,-0.00914001,0.00645447,-1.7967e-05,7.81855e-06,6.41123e-05,0.000313411,1,0.000652253,0.00149888,-0.00149888,0.000652253,1,1,-0.00161087,0.000640788,0.00011199,1.14646e-05,0,0,0,0,0,0,0,0,0,0,0,0,0,0,0,0,0,0,0,0,0,0,0,255,0.22,5.47986,0.22,-0.00249077,0.000390668,1,1,1,1,0,1,1,-0.291121,-3.20816,0.125446,0.000405816,0.00462805,0.0249142,30.5387,25507,1,367,129.883,6377,0,0.000884653,0.0112828,0.0105532,0,0,0,1,500,0.225,-1.5277e-05,6.59893e-06,1.48476e-06,3.43732e-06,2.17358e-06,3.04855e-06,0.36611,0.066063,0.011645,0.000258671,-0.211617,0.000978827,5.15906e-05,0.000379897,14.3671,1,0,0,0,0,0,-1,1,-9.04621e-07,-3.41779e-06,-0.21135,0,30.8192,1,1010,1010,1010,1010,0,0,0,0,30.8228,56,-0.0160644,0.00447832,56,-0.00143534,0.0111806,56,0.00195331,0.002351,56,-0.0070373,-0.00631424,56,-0.00129998,0.000829173,56,-0.00711726,0.000416026,56,-0.000255444,-0.00215561,56,-0.00119209,0.000842791,52,0.00120348,-0.00110421
5495848222816,5495839886000,5495839886000,5495848217038,73729,8.33104,5495861344618,21.4586,1,26140,102107,0,0,1,0,0,0.019987,500,500,485,0.97,2.69211,4.5209,0.68445,0.315594,0.00817871,0.000732422,9.82961e-06,3.4373e-06,0.000518927,-0.00123636,1,0.000171977,-0.0004918,0.0004918,0.000171977,1,1,-0.000182066,0.000129269,0.000673866,4.27073e-05,0,0,0,0,0,0,0,0,0,0,0,0,0,0,0,0,0,0,0,0,0,0,0,255,0.22,-0.070593,0.22,-0.000334013,-8.95715e-05,1,1,1,1,0,1,1,-0.291121,-3.20816,0.125446,0.000405816,0.00462805,0.0249142,44.2014,25507,1,367,143.546,6377,0,0.000884653,0.0112828,0.0105532,0,0,0,1,485,0.225,8.39737e-06,2.90684e-06,6.54039e-07,-1.88941e-06,2.42492e-07,-1.98452e-06,0.36611,0.066061,0.0116373,0.000258489,-0.21168,0.000411455,0.000192183,-0.00209675,13.3434,2,0,0,0,0,0,-1,1,-9.04621e-07,-3.41779e-06,-0.21135,0,44.4771,1,1010,1010,1010,1010,0,0,0,0,0.229613,56,0.00322368,-0.00689106,56,-0.00261562,-0.00392294,43,0.00158044,-0.0029004,56,-0.00214993,0.00212821,56,0.00297977,-0.000854467,54,0.00234473,0.00363211,56,0.00291604,0.00116373,56,-0.0013151,-0.000658954,52,-0.000224151,0.00149938
5495861909807,5495847914000,5495847914000,5495861895344,73729,13.9813,5495876811733,28.8977,0,26140,102108,0,0,1,0,0,0.008028,500,500,490,0.98,2.97535,6.68653,0.670394,0.308484,-0.00944519,0.0206985,-4.90407e-07,4.65936e-05,-0.000723208,-0.0111296,1,0.00580388,6.1087e-05,-6.1087e-05,0.00580388,1,1,-0.000673538,0.00566459,0.00061245,0.000139299,0,0,0,0,0,0,0,0,0,0,0,0,0,0,0,0,0,0,0,0,0,0,0,255,0.22,3.45397,0.22,-0.00211107,0.00271766,1,1,1,1,1,1,1,-0.291136,-3.20816,0.125403,0.000734446,0.00453296,0.025134,15.564,25508,1,367,159.16,6377,0,0.000884653,0.0112828,0.0105532,0,0,0,1,490,0.225,-4.14884e-07,3.94972e-05,8.88687e-06,9.33489e-08,8.70808e-06,-1.77613e-06,0.366119,0.0660592,0.0116395,0.000270542,-0.211707,-4.49787e-05,0.000626844,-0.0022408,13.3729,1,0,0,0,0,0,-1,1,-9.0462e-07,-3.41779e-06,-0.21145,0,14.1952,1,1010,1010,1010,1010,0,0,0,0,15.8527,56,-0.00755713,0.0176739,56,0.00120171,0.0172508,46,-0.00272241,0.0018581,56,-0.0148591,0.00708388,56,-0.00434549,0.00159831,56,0.00548374,-0.00178485,56,0.000562117,-0.000385276,56,-0.00859698,0.00879718,52,0.00689514,0.00226554
5495877589164,5495867909000,5495867909000,5495877583349,73729,9.67435,5495891549898,23.6409,1,26141,102109,0,0,1,0,0,0.019995,500,500,499,0.998,2.78474,4.61585,0.922785,0.370096,-0.000732422,0.00402832,4.33779e-05,-3.2692e-06,0.00594842,0.000932961,1,-0.000163501,-0.00216944,0.00216944,-0.000163501,1,1,0.00182851,-0.000317057,0.000340933,0.000153556,0,0,0,0,0,0,0,0,0,0,0,0,0,0,0,0,0,0,0,0,0,0,0,255,0.22,9.00753,0.22,0.000550285,-0.000338997,1,1,1,1,0,1,1,-0.291136,-3.20816,0.125403,0.000734446,0.00453296,0.025134,30.2215,25508,1,367,173.817,6377,0,0.000884653,0.0112828,0.0105532,0,0,0,1,499,0.225,3.67281e-05,-2.75273e-06,-6.19365e-07,-8.26382e-06,-2.34198e-06,-7.9486e-06,0.366116,0.0660512,0.0116334,0.000272123,-0.211716,0.000135625,0.000691002,-0.00111886,14.3208,1,0,0,0,0,0,-1,1,-9.0462e-07,-3.41779e-06,-0.21145,0,28.8461,1,1010,1010,1010,1010,0,0,0,0,30.5036,56,0.00337175,-0.00199889,56,0.00287204,-0.003391,55,0.00135954,-0.000543069,56,0.0014817,0.00303538,56,0.000315948,-0.000856159,56,0.00130324,0.00230852,56,-0.00167545,-0.000541441,56,0.00176985,-0.000689456,52,0.000640496,0.00151681
5495892144328,5495879887000,5495879887000,5495892133976,73729,12.247,5495907692721,27.8057,0,26141,102110,0,0,1,0,0,0.011978,500,500,488,0.976,2.64772,5.17311,0.70095,0.304836,-0.0158234,-0.0010376,-3.88225e-06,1.41938e-05,0.00718717,-0.00526706,1,0.00118499,0.000324115,-0.000324115,0.00118499,1,1,0.000162918,0.00121764,-0.000487032,-3.26496e-05,0,0,0,0,0,0,0,0,0,0,0,0,0,0,0,0,0,0,0,0,0,0,0,255,0.22,3.27239,0.22,-0.0015901,-6.31554e-05,1,1,1,1,0,1,1,-0.291136,-3.20816,0.125403,0.000734446,0.00453296,0.025134,46.4337,25508,1,367,190.029,6377,0,0.000884653,0.0112828,0.0105532,0,0,0,1,488,0.225,-3.31968e-06,1.20405e-05,2.70911e-06,7.46928e-07,2.80556e-06,1.61024e-07,0.366119,0.0660514,0.011611,0.000265259,-0.211677,-0.000502313,-0.000146923,0.00135147,15.7331,2,0,0,0,0,0,-1,1,-9.0462e-07,-3.41779e-06,-0.21145,0,45.0767,1,1010,1010,1010,1010,0,0,0,0,46.7341,56,0.00206446,0.00440607,56,-0.00627326,0.00149092,56,-3.51683e-05,-0.00075693,56,-0.00900457,0.00181872,56,-0.0028371,0.00200776,56,-0.00290627,0.00388961,44,-0.00261335,0.00113132,56,-0.00125083,3.86639e-05,52,0.00292341,-0.00182494
5495908422394,5495899891000,5495899891000,5495908417468,73729,8.52647,5495922655666,22.7647,1,26142,102111,0,0,1,0,0,0.020004,500,500,497,0.994,3.28188,4.96019,0.705949,0.304335,-0.00378418,0.000808716,-3.80188e-05,-3.08591e-05,-0.00595917,0.00161771,1,-0.00154265,0.00190056,-0.00190056,-0.00154265,1,1,-0.00111866,-0.0014912,-0.000781903,-5.14437e-05,0,0,0,0,0,0,0,0,0,0,0,0,0,0,0,0,0,0,0,0,0,0,0,255,0.22,-0.733727,0.22,-0.000260568,-0.000432775,1,1,1,1,0,1,1,-0.291143,-3.20816,0.125422,0.000484376,0.00444037,0.025282,2.53285,25509,1,367,2.4903,6378,0,0.000884653,0.0112922,0.0107296,0,0,0,1,497,0.225,-3.22042e-05,-2.61377e-05,-5.88098e-06,7.24595e-06,-4.22803e-06,8.31903e-06,0.366115,0.0660597,0.0116232,0.00026267,-0.211605,0.000695588,-0.000231497,0.00337132,2.26179,3,0,0,0,0,0,-1,1,-9.0462e-07,-3.41779e-06,-0.211362,0,2.79748,1,1010,1010,1010,1010,0,0,0,0,2.80285,54,-0.00163955,0.00380918,55,0.00318648,0.000571421,56,-0.00140478,-0.000279131,56,9.78288e-05,0.00266646,56,-0.00590079,-0.00476688,56,-0.00323766,-0.00122632,56,0.000141709,-0.00168383,56,-0.000162796,0.00162295,52,-0.000501349,4.10436e-05
5495923146225,5495907907000,5495907907000,5495923135966,73729,15.229,5495936316934,28.4099,0,26142,102112,0,0,1,0,0,0.008016,500,500,500,1,2.67167,4.97883,0.625005,0.311836,0.0285492,-0.000900269,5.75449e-05,2.20742e-05,0.00521919,-0.00675196,1,0.00275377,-0.00717875,0.00717875,0.00275377,1,1,0.00769005,0.00281449,-0.000511298,-6.07159e-05,0,0,0,0,0,0,0,0,0,0,0,0,0,0,0,0,0,0,0,0,0,0,0,255,0.22,3.82571,0.22,0.00487728,0.00147206,1,1,1,1,1,1,1,-0.291143,-3.20816,0.125422,0.000484376,0.00444037,0.025282,16.2192,25509,1,367,16.1765,6378,0,0.000884653,0.0112922,0.0107296,0,0,0,1,500,0.225,4.87823e-05,1.86907e-05,4.2054e-06,-1.0976e-05,1.80644e-06,-1.16137e-05,0.366117,0.0660481,0.0116232,0.00026267,-0.211605,0.00114284,-0.000273222,0.00275495,15.9235,0,0,0,0,0,0,-1,1,-9.0462e-07,-3.41779e-06,-0.211362,0,16.4998,1,1010,1010,1010,1010,0,0,0,0,16.5052,56,0.00705396,0.00868307,56,0.0223992,-0.00399013,56,0.0183599,-0.00306391,56,0.0033766,0.00563761,56,0.00913297,-0.000526118,56,0.00342667,0.00289118,56,0.00648082,0.00709653,56,0.00539573,-0.00653278,52,0.00783453,0.00151928
5495936934328,5495927903000,5495927903000,5495936928865,73729,9.02586,5495952434943,24.5319,1,26143,102113,0,0,1,0,0,0.019996,500,500,500,1,2.75661,6.46668,0.71345,0.344725,0.00296021,0.0210419,-2.49261e-05,4.55734e-05,-0.00670026,0.000157014,1,0.00227912,0.00124655,-0.00124655,0.00227912,1,1,-0.0010851,0.00236761,-0.000161458,-8.84901e-05,0,0,0,0,0,0,0,0,0,0,0,0,0,0,0,0,0,0,0,0,0,0,0,255,0.22,7.4702,0.22,-0.00141045,0.00182345,1,1,1,1,0,1,1,-0.291143,-3.20816,0.125422,0.000484376,0.00444037,0.025282,32.3342,25509,1,367,32.2916,6378,0,0.000884653,0.0112922,0.0107296,0,0,0,1,500,0.225,-2.11311e-05,3.86293e-05,8.69158e-06,4.75449e-06,9.49625e-06,2.82264e-06,0.366126,0.0660509,0.0116243,0.00025994,-0.211605,0.00102275,-0.000398205,0.00139945,15.8246,1,0,0,0,0,0,-1,1,-9.0462e-07,-3.41779e-06,-0.211362,0,32.6093,1,1010,1010,1010,1010,0,0,0,0,32.6146,56,-0.00211143,-0.000473253,56,-0.00909624,0.00749186,56,-0.00105362,0.00363861,56,-0.00522073,-0.0013789,56,0.00390864,0.00239021,56,0.00316512,-0.0016376,56,-0.00113451,-0.000862361,56,-0.00213651,0.00263053,52,0.00174479,0.00354176
5495952956947,5495939879000,5495939879000,5495952947428,73729,13.0684,5495968895843,29.0168,0,26143,102114,0,0,1,0,0,0.011976,500,500,500,1,2.70445,5.4038,0.674709,0.312373,0.00270081,-0.00679016,3.41174e-05,-1.48623e-05,0.00430938,0.00257852,1,-0.00124101,-0.00284882,0.00284882,-0.00124101,1,1,0.0026209,-0.00119038,0.000227919,-5.0626e-05,0,0,0,0,0,0,0,0,0,0,0,0,0,0,0,0,0,0,0,0,0,0,0,255,0.22,3.15473,0.22,-8.72676e-05,-0.000676774,1,1,1,1,0,1,1,-0.291169,-3.20815,0.125608,0.000652293,0.00485975,0.0254953,5.67856,25510,1,367,48.734,6378,0,0.000884653,0.0112922,0.0107296,0,0,0,1,500,0.225,2.88774e-05,-1.26378e-05,-2.8435e-06,-6.49742e-06,-4.14491e-06,-5.75466e-06,0.366122,0.0660452,0.0116199,0.000260899,-0.211649,0.000452346,-0.000227817,-0.000458632,5.44052,3,0,0,0,0,0,-1,1,-9.0462e-07,-3.41779e-06,-0.211393,0,5.96253,1,1010,1010,1010,1010,0,0,0,0,5.96719,56,-0.00458721,-0.00150595,56,0.00652638,0.00693653,56,0.000609686,-0.000973053,56,0.00791974,0.00292974,56,-0.00219923,-0.00690167,56,0.00181584,-0.000423201,56,8.96771e-05,-0.00316491,56,0.00246163,-0.000192061,52,0.00328068,-0.00534132
5495969411051,5495959902000,5495959902000,5495969405403,73729,9.5034,5495984499015,24.597,1,26144,102115,0,0,1,0,0,0.020023,500,500,500,1,2.73478,4.65037,0.700857,0.314169,0.00396729,-0.0058136,-7.49514e-06,-1.02336e-05,0.00273338,-0.00147394,1,-0.000511092,0.000374327,-0.000374327,-0.000511092,1,1,-0.000458161,-0.000541591,8.38344e-05,3.04987e-05,0,0,0,0,0,0,0,0,0,0,0,0,0,0,0,0,0,0,0,0,0,0,0,255,0.22,-0.620727,0.22,-0.000940627,0.000100157,1,1,1,1,0,1,1,-0.291169,-3.20815,0.125608,0.000652293,0.00485975,0.0254953,21.2872,25510,1,367,64.3427,6378,0,0.000884653,0.0112922,0.0107296,0,0,0,1,500,0.225,-6.35677e-06,-8.67699e-06,-1.95232e-06,1.43027e-06,-1.60829e-06,1.80841e-06,0.36612,0.066047,0.0116037,0.000256337,-0.21166,-0.000284879,0.000137244,-0.000529707,15.3428,1,0,0,0,0,0,-1,1,-9.0462e-07,-3.41779e-06,-0.211393,0,21.5563,1,1010,1010,1010,1010,0,0,0,0,21.561,56,0.000791349,-0.00411574,56,-0.00540448,-0.00043968,56,-4.06956e-05,0.0017859,56,-0.00200317,-0.000803047,56,0.00176329,0.00554136,56,0.00172542,-0.000926983,56,0.00424171,0.0012191,56,0.00145697,-0.00112391,52,-0.000123874,-0.00085878
5495985008667,5495979884000,5495979884000,5495985004000,73729,5.12,5495998317803,18.4338,1,26145,102116,0,0,1,0,0,0.019982,500,500,485,0.97,2.75076,4.69691,0.668172,0.297243,-0.00450134,-0.0133667,1.36367e-05,-2.30368e-05,0.00407625,-0.00102341,1,-0.00115288,-0.000682447,0.000682447,-0.00115288,1,1,0.000801088,-0.00102948,-0.00011864,-0.000123401,0,0,0,0,0,0,0,0,0,0,0,0,0,0,0,0,0,0,0,0,0,0,0,255,0.22,4.81679,0.22,-6.0234e-05,-0.00119844,1,1,1,1,1,1,1,-0.291169,-3.20815,0.125608,0.000652293,0.00485975,0.0254953,35.1039,25510,1,367,78.1593,6378,0,0.000884653,0.0112922,0.0107296,0,0,0,1,485,0.225,1.15749e-05,-1.95177e-05,-4.39149e-06,-2.60435e-06,-4.84059e-06,-1.62347e-06,0.366115,0.0660454,0.0115952,0.000252156,-0.211662,-0.000770218,-0.000555305,-0.000189069,13.5391,1,0,0,0,0,0,-1,1,-9.0462e-07,-3.41779e-06,-0.211393,0,35.3774,1,1010,1010,1010,1010,0,0,0,0,35.3821,56,0.00170879,-0.00131601,56,-0.00138068,-0.00645593,43,0.000880675,-0.000789654,56,0.00339745,0.000120887,56,-0.00339819,-0.00148112,54,-0.00350691,0.000552817,56,-0.000383283,3.89075e-05,56,0.00265645,-0.000829601,52,0.000118138,-0.001982
5495998884122,5495987897000,5495987897000,5495998872214,73729,10.9752,5496011114139,23.2171,0,26145,102117,0,0,1,0,0,0.008013,500,500,500,1,2.71595,4.60468,0.729191,0.33941,-0.0127411,0.0115356,-4.22292e-05,2.23014e-05,-0.0131686,0.0059311,1,0.00278315,0.00527008,-0.00527008,0.00278315,1,1,-0.00499203,0.0028843,-0.00027805,-0.000101153,0,0,0,0,0,0,0,0,0,0,0,0,0,0,0,0,0,0,0,0,0,0,0,255,0.22,7.82047,0.22,-0.0022841,0.00292109,1,1,1,1,0,1,1,-0.291169,-3.20815,0.125608,0.000652293,0.00485975,0.0254953,47.8997,25510,1,367,90.9553,6378,0,0.000884653,0.0112922,0.0107296,0,0,0,1,500,0.225,-3.57806e-05,1.89098e-05,4.2547e-06,8.05064e-06,5.85085e-06,6.9767e-06,0.366121,0.0660523,0.0115944,0.000240011,-0.211643,0.000104384,-0.000455187,0.00108449,12.5129,2,0,0,0,0,0,-1,1,-9.0462e-07,-3.41779e-06,-0.211382,0,0.202668,1,1010,1010,1010,1010,0,0,0,0,0.206687,56,-0.0110769,0.0148589,56,-0.0147206,0.011766,56,-0.00277131,-0.000557746,56,-0.00306679,-0.00200299,56,-0.00437701,0.00248449,56,0.0048404,0.000447528,56,-0.0113597,-0.00346749,56,-0.00611483,0.00158897,52,-0.00977904,-0.00022509
5496011621883,5495995919000,5495995919000,5496011611957,73729,15.693,5496025734970,29.816,0,26145,102118,0,0,1,0,0,0.008022,500,500,500,1,2.69202,5.26656,0.610782,0.306503,-0.00576019,-0.0180969,1.53069e-05,-5.27825e-05,0.00821967,0.0076587,1,-0.00657972,-0.00190811,0.00190811,-0.00657972,1,1,0.00224593,-0.00643196,-0.000337817,-0.000147756,0,0,0,0,0,0,0,0,0,0,0,0,0,0,0,0,0,0,0,0,0,0,0,255,0.22,0.967655,0.22,0.000317905,-0.0037459,1,1,1,1,0,1,1,-0.291177,-3.20814,0.125542,0.000664384,0.00438478,0.0258627,14.5734,25511,1,367,105.595,6378,0,0.000884653,0.0112922,0.0107296,0,0,0,1,500,0.225,1.29506e-05,-4.46916e-05,-1.00556e-05,-2.91388e-06,-1.04433e-05,-7.36319e-07,0.366111,0.0660516,0.0115944,0.000240011,-0.211643,0.000292927,-0.000664902,0.00145048,27.1391,0,0,0,0,0,0,-1,1,-9.0462e-07,-3.41779e-06,-0.211382,0,14.8495,1,1010,1010,1010,1010,0,0,0,0,14.8535,56,0.00389844,-0.0167576,56,0.0269776,-0.0263338,56,-0.00250077,-0.00106617,56,-0.00449397,-0.00258034,56,-0.00952335,-0.00464951,56,-0.00915048,-0.0111758,56,0.00919529,0.00794352,56,0.00338578,-0.00820735,52,-0.00168911,-0.00598513
5496026264640,5496015917000,5496015917000,5496026258455,73729,10.3415,5496039453312,23.5363,1,26146,102119,0,0,1,0,0,0.019998,500,500,467,0.934,2.77102,4.70763,0.576337,0.289725,0.0126953,0.0350647,3.43426e-05,9.62171e-05,-0.000315436,-0.00362909,1,0.00481133,-0.0017173,0.0017173,0.00481133,1,1,0.00203667,0.00486872,-0.000319373,-5.73887e-05,0,0,0,0,0,0,0,0,0,0,0,0,0,0,0,0,0,0,0,0,0,0,0,255,0.22,5.49285,0.22,0.000982947,0.00397971,1,1,1,1,0,1,1,-0.291177,-3.20814,0.125542,0.000664384,0.00438478,0.0258627,28.2752,25511,1,367,119.297,6378,0,0.000884653,0.0112922,0.0107296,0,0,0,1,467,0.225,2.90852e-05,8.14604e-05,1.83286e-05,-6.54416e-06,1.65452e-05,-1.02475e-05,0.366127,0.0660414,0.0116025,0.000251668,-0.211619,0.000642965,-0.000258249,0.00166412,13.4166,2,0,0,0,0,0,-1,1,-9.0462e-07,-3.41779e-06,-0.211382,0,28.5345,1,1010,1010,1010,1010,0,0,0,0,28.5385,56,-0.00375026,0.00541015,56,-0.000222062,0.00997129,28,0.00752352,0.00261151,56,0.00121408,0.00515944,56,0.00682295,0.00781158,52,-0.00042986,0.00455673,55,-0.00103888,-0.000850909,56,0.00222688,0.00401118,52,0.000913337,0.00329378
5496039957724,5496027894000,5496027894000,5496039947761,73729,12.0538,5496055426209,27.5322,0,26146,102120,0,0,1,0,0,0.011977,500,500,500,1,2.66665,4.88965,0.66395,0.312299,0.0150833,-0.0187302,3.09453e-05,-1.50372e-05,-0.00308921,-0.0135502,1,-0.00125551,-0.00258372,0.00258372,-0.00125551,1,1,0.00298053,-0.00120781,-0.000396805,-4.77002e-05,0,0,0,0,0,0,0,0,0,0,0,0,0,0,0,0,0,0,0,0,0,0,0,255,0.22,8.48255,0.22,0.00111184,-0.00230651,1,1,1,1,1,1,1,-0.291177,-3.20814,0.125542,0.000664384,0.00438478,0.0258627,44.2477,25511,1,367,135.269,6378,0,0.000884653,0.0112922,0.0107296,0,0,0,1,500,0.225,2.63056e-05,-1.2726e-05,-2.86334e-06,-5.91877e-06,-4.0425e-06,-5.18499e-06,0.366123,0.0660362,0.0115916,0.000247624,-0.211601,2.4062e-05,-0.000214651,0.00144775,6.82746,3,0,0,0,0,0,-1,1,-9.0462e-07,-3.41779e-06,-0.211382,0,44.5306,1,1010,1010,1010,1010,0,0,0,0,44.5346,56,0.0069664,0.00494044,56,-0.0103104,0.00341306,56,0.00522761,-0.00500997,56,0.00149437,0.0014887,56,0.00213475,-0.00355295,56,0.00558709,-0.00284299,56,1.26974e-05,-0.00134768,56,-0.00123238,0.000385264,52,0.0025523,-0.000956184
5496055993084,5496047898000,5496047898000,5496055986121,73729,8.08812,5496070602248,22.7042,1,26147,102121,0,0,1,0,0,0.020004,500,500,500,1,2.79195,5.16846,0.654616,0.309372,0.0112152,0.0259933,-1.32093e-05,3.55846e-05,-0.00512405,0.00182277,1,0.00177888,0.000660331,-0.000660331,0.00177888,1,1,-0.000642757,0.00181712,-1.75737e-05,-3.82399e-05,0,0,0,0,0,0,0,0,0,0,0,0,0,0,0,0,0,0,0,0,0,0,0,255,0.22,4.80396,0.22,2.40603e-05,0.00210262,1,1,1,1,0,1,1,-0.291191,-3.20814,0.125526,0.000824139,0.00465611,0.0253923,5.80849,25512,1,367,150.441,6378,0,0.000884653,0.0112922,0.0107296,0,0,0,1,500,0.225,-1.12072e-05,3.01471e-05,6.7831e-06,2.52163e-06,7.16139e-06,1.04059e-06,0.366131,0.0660372,0.0115914,0.00023213,-0.211602,0.00111267,-0.00017208,0.000953398,5.57339,1,0,0,0,0,0,-1,1,-9.0462e-07,-3.41779e-06,-0.211346,0,6.07586,1,1010,1010,1010,1010,0,0,0,0,6.08029,56,-0.005791,0.00128736,56,0.00698353,0.000480367,56,0.00218672,0.00474835,56,0.00209563,-4.07536e-05,56,-0.00286542,0.00188004,56,-0.00346063,0.0024106,56,0.000991769,0.00333189,56,0.000728214,0.00244001,52,0.00155285,0.00347723
5496071101140,5496055926000,5496055926000,5496071091807,73729,15.1658,5496084436073,28.5101,0,26147,102122,0,0,1,0,0,0.008028,500,500,500,1,2.67387,5.09361,0.71932,0.308317,-0.0216827,-0.0083313,-3.58236e-05,-3.01625e-05,0.0059026,0.0108226,1,-0.00375717,0.00446234,-0.00446234,-0.00375717,1,1,-0.00428665,-0.00348197,-0.000175681,-0.000275193,0,0,0,0,0,0,0,0,0,0,0,0,0,0,0,0,0,0,0,0,0,0,0,255,0.22,-0.379725,0.22,-0.00417049,-0.0015999,1,1,1,1,0,1,1,-0.291191,-3.20814,0.125526,0.000824139,0.00465611,0.0253923,19.6548,25512,1,367,164.287,6378,0,0.000884653,0.0112922,0.0107296,0,0,0,1,500,0.225,-3.03471e-05,-2.55587e-05,-5.75071e-06,6.8281e-06,-4.18841e-06,7.88317e-06,0.366126,0.0660451,0.0115738,0.000222925,-0.211606,-3.53898e-05,-0.00123837,0.00060414,13.5974,1,0,0,0,0,0,-1,1,-9.0462e-07,-3.41779e-06,-0.211346,0,19.9477,1,1010,1010,1010,1010,0,0,0,0,19.9521,56,-0.0036342,-0.00844645,56,-0.0316891,-0.00840683,56,-0.00342025,-0.000176557,56,-0.00905078,-0.00128131,56,0.00906085,0.00374981,56,0.00422331,-0.00460794,56,-0.000842498,-0.00485604,56,-0.0124891,-0.00539848,52,-0.00821281,-0.00434403
5496084971373,5496075920000,5496075920000,5496084965799,73729,9.0458,5496098210916,22.2909,1,26148,102123,0,0,1,0,0,0.019994,500,500,489,0.978,2.74089,4.68094,0.594153,0.30102,0.0020752,0.0158081,3.32972e-05,1.1629e-05,0.00486912,0.00023657,1,0.000581626,-0.00166536,0.00166536,0.000581626,1,1,0.00186077,0.000579439,-0.00019541,2.18631e-06,0,0,0,0,0,0,0,0,0,0,0,0,0,0,0,0,0,0,0,0,0,0,0,255,0.22,3.32834,0.22,-0.000586254,0.00130795,1,1,1,1,0,1,1,-0.291191,-3.20814,0.125526,0.000824139,0.00465611,0.0253923,33.4211,25512,1,367,178.054,6378,0,0.000884653,0.0112922,0.0107296,0,0,0,1,489,0.225,2.81654e-05,9.86927e-06,2.22058e-06,-6.33722e-06,8.40172e-07,-6.66183e-06,0.366127,0.0660384,0.0115806,0.000236033,-0.211598,0.000139032,9.83838e-06,0.000814702,13.5113,1,0,0,0,0,0,-1,1,-9.0462e-07,-3.41779e-06,-0.211346,0,33.6883,1,1010,1010,1010,1010,0,0,0,0,33.6927,56,0.00503587,0.00247643,56,0.00938472,0.00111412,56,-0.000776077,-0.00263727,56,0.000206143,0.00506109,56,-0.000964862,0.000874771,56,0.00165374,-0.000900141,45,0.00149695,0.00339966,56,0.000143959,0.00203046,52,0.000540446,0.0011886
5496098721864,5496087894000,5496087894000,5496098712124,73729,10.8181,5496113984478,26.0905,0,26148,102124,0,0,1,0,0,0.011974,500,500,498,0.996,2.7247,4.70841,0.695376,0.335429,-0.0120392,-0.00111389,-2.7372e-05,-1.46394e-05,-0.00289002,0.000710598,1,-0.0012226,0.00228595,-0.00228595,-0.0012226,1,1,-0.00228185,-0.00121572,-4.09891e-06,-6.88002e-06,0,0,0,0,0,0,0,0,0,0,0,0,0,0,0,0,0,0,0,0,0,0,0,255,0.22,6.93955,0.22,-0.00212654,-0.000559215,1,1,1,1,1,1,1,-0.291203,-3.20815,0.125592,0.000763628,0.00434528,0.0256173,0.428003,25513,1,367,193.821,6378,0,0.000884653,0.0112922,0.0107296,0,0,0,1,498,0.225,-2.31969e-05,-1.24073e-05,-2.79165e-06,5.21931e-06,-1.63321e-06,5.68888e-06,0.366126,0.0660441,0.0115837,0.00023637,-0.21161,0.00051697,-3.09601e-05,0.000428332,0.190205,3,0,0,0,0,0,-1,1,-9.0462e-07,-3.41779e-06,-0.211354,0,0.703227,1,1010,1010,1010,1010,0,0,0,0,0.707487,56,-0.0052207,0.00169494,56,-0.0018589,-0.008837,56,-0.00329071,0.00262335,56,-0.00834762,-0.00143452,56,0.000142837,-0.00194484,56,-0.00295849,0.00141084,54,0.00303122,-0.00118076,56,0.00408008,-0.00417329,52,-0.00297961,0.000529992
5496114531852,5496095914000,5496095914000,5496114519945,73729,18.6059,5496129055479,33.1415,0,26148,102125,0,0,1,0,0,0.00802,500,500,491,0.982,2.72848,6.60751,0.592171,0.301206,-0.0118713,-0.0339661,-1.62044e-05,-7.58289e-05,0.00980647,0.00689676,1,-0.00945497,0.0020205,-0.0020205,-0.00945497,1,1,-0.00212256,-0.0094372,0.00010206,-1.77661e-05,0,0,0,0,0,0,0,0,0,0,0,0,0,0,0,0,0,0,0,0,0,0,0,255,0.22,2.42481,0.22,-0.00322766,-0.00775785,1,1,1,1,0,1,1,-0.291203,-3.20815,0.125592,0.000763628,0.00434528,0.0256173,15.5022,25513,1,367,208.896,6378,0,0.000884653,0.0112922,0.0107296,0,0,0,1,491,0.225,-1.37654e-05,-6.42759e-05,-1.44621e-05,3.09721e-06,-1.3489e-05,6.06544e-06,0.366112,0.0660502,0.0115837,0.00023637,-0.21161,0.000790713,-7.99474e-05,0.000265156,15.2614,0,0,0,0,0,0,-1,1,-9.0462e-07,-3.41779e-06,-0.211354,0,15.7718,1,1010,1010,1010,1010,0,0,0,0,15.7761,56,0.00876086,-0.016821,56,-0.012525,-0.00460882,47,-0.000286969,-0.00721562,56,0.00402878,-6.77973e-05,56,-0.00216486,-0.0160982,56,-0.00480264,-0.00687972,56,-0.00723789,-0.00219817,56,-0.0028219,-0.00850579,52,0.000876703,-0.0158963
5496129565983,5496115920000,5496115920000,5496129560927,73729,13.6409,5496143221195,27.3012,1,26149,102126,0,0,1,0,0,0.020006,500,500,500,1,2.70446,4.76344,0.622171,0.314021,0.0162048,0.02845,5.22459e-06,4.84299e-05,-0.00473676,0.00153034,1,0.00242077,-0.000261151,0.000261151,0.00242077,1,1,0.000267835,0.00234976,-6.68413e-06,7.10142e-05,0,0,0,0,0,0,0,0,0,0,0,0,0,0,0,0,0,0,0,0,0,0,0,255,0.22,7.34505,0.22,0.000387622,0.00238261,1,1,1,1,0,1,1,-0.291203,-3.20815,0.125592,0.000763628,0.00434528,0.0256173,29.671,25513,1,367,14.1565,6379,0,0.000884653,0.0113227,0.011079,0,0,0,1,500,0.225,4.41517e-06,4.10276e-05,9.23121e-06,-9.93414e-07,8.81669e-06,-2.90996e-06,0.366121,0.0660473,0.0115877,0.000225831,-0.211598,0.000948697,0.000319564,0.00078302,13.885,2,0,0,0,0,0,-1,1,-9.0462e-07,-3.41779e-06,-0.211354,0,29.9444,1,1010,1010,1010,1010,0,0,0,0,29.9487,56,-0.00575827,0.00253202,56,0.00861415,0.00713649,56,-0.00354498,0.00326318,56,-0.00176604,-0.00074749,56,0.0028949,0.00149895,56,0.00174635,0.00499928,56,0.00337091,0.00344553,56,0.000116969,-0.00120709,52,0.00194689,0.00343312
5496143726866,5496127892000,5496127892000,5496143717588,73729,15.8256,5496160772067,32.8801,0,26149,102127,0,0,1,0,0,0.011972,500,500,500,1,2.64428,4.93857,0.721617,0.308743,-0.00350952,0.00431061,-2.90995e-05,5.46617e-06,-0.00549011,-0.00121763,1,0.000456579,0.00243063,-0.00243063,0.000456579,1,1,-0.00216134,0.000693348,-0.000269284,-0.000236768,0,0,0,0,0,0,0,0,0,0,0,0,0,0,0,0,0,0,0,0,0,0,0,255,0.22,1.21777,0.22,-0.00181808,2.40822e-05,1,1,1,1,0,1,1,-0.291203,-3.20815,0.125592,0.000763628,0.00434528,0.0256173,47.2179,25513,1,367,31.7034,6379,0,0.000884653,0.0113227,0.011079,0,0,0,1,500,0.225,-2.46642e-05,4.6395e-06,1.04389e-06,5.54944e-06,2.18601e-06,5.20607e-06,0.366123,0.0660525,0.0115889,0.000218796,-0.211591,0.000590424,-0.00106546,0.00144176,17.2686,1,0,0,0,0,0,-1,1,-9.0462e-07,-3.41779e-06,-0.211354,0,47.4885,1,1010,1010,1010,1010,0,0,0,0,0.224539,56,0.00146877,-0.00191405,56,-0.00804727,-0.0011481,56,0.00498416,0.00538667,56,0.00133929,0.00657733,56,0.00255794,-0.000918747,56,-0.003499,-0.00187368,56,-0.00837579,-0.00294848,56,-0.00138523,0.000313704,52,0.000136343,0.00116576
5496161276404,5496147893000,5496147893000,5496161271404,73729,13.3784,5496175042932,27.1499,1,26150,102128,0,0,1,0,0,0.020001,500,500,500,1,2.81204,4.96065,0.677061,0.311095,0.0223236,0.0176849,4.61121e-05,4.84119e-05,0.000794037,-0.00171614,1,0.00242047,-0.00230549,0.00230549,0.00242047,1,1,0.0025472,0.00248781,-0.000241709,-6.73359e-05,0,0,0,0,0,0,0,0,0,0,0,0,0,0,0,0,0,0,0,0,0,0,0,255,0.22,8.63492,0.22,0.000537895,0.00237443,1,1,1,1,1,1,1,-0.291209,-3.20816,0.125736,0.000754594,0.00425276,0.0253685,14.2274,25514,1,367,45.9812,6379,0,0.000884653,0.0113227,0.011079,0,0,0,1,500,0.225,3.91225e-05,4.10381e-05,9.23357e-06,-8.80255e-06,7.17916e-06,-1.05448e-05,0.36613,0.0660419,0.0115936,0.000228904,-0.211583,0.000922124,-0.000303012,0.00160785,14.0354,1,0,0,0,0,0,-1,1,-9.0462e-07,-3.41779e-06,-0.211321,0,13.1286,1,1010,1010,1010,1010,0,0,0,0,14.5068,56,0.00313399,0.00468251,56,0.00531196,0.000423916,56,0.00281346,-0.00179117,56,-0.000442322,0.000411475,56,-0.00448343,-0.000400336,56,0.0031787,0.00486256,56,0.00442649,0.00437697,56,0.00192941,0.00373305,52,0.00192148,0.00311701
5496175618066,5496167896000,5496167896000,5496175613010,73729,7.71701,5496190505195,22.6092,1,26151,102129,0,0,1,0,0,0.020003,500,500,493,0.986,2.695,6.50168,0.610857,0.299503,-0.00497437,-0.00750732,1.47099e-05,3.09529e-06,0.000146725,-0.00248681,1,0.000154742,-0.000735383,0.000735383,0.000154742,1,1,0.00100224,0.000245536,-0.000266856,-9.07945e-05,0,0,0,0,0,0,0,0,0,0,0,0,0,0,0,0,0,0,0,0,0,0,0,255,0.22,2.69089,0.22,-0.000602697,-0.000189532,1,1,1,1,0,1,1,-0.291209,-3.20816,0.125736,0.000754594,0.00425276,0.0253685,29.6868,25514,1,367,61.4407,6379,0,0.000884653,0.0113227,0.011079,0,0,0,1,493,0.225,1.2439e-05,2.58571e-06,5.81784e-07,-2.79877e-06,-1.88881e-08,-2.85836e-06,0.36613,0.0660391,0.0115881,0.00021369,-0.211571,0.000586648,-0.000408575,0.00143,15.1752,2,0,0,0,0,0,-1,1,-9.0462e-07,-3.41779e-06,-0.211321,0,28.5813,1,1010,1010,1010,1010,0,0,0,0,29.9594,54,-0.00495806,0.000390213,56,0.0107336,0.00222653,55,0.00361365,0.000286026,53,0.00150959,-0.00123465,56,-0.00020079,-0.00202261,56,-3.90228e-05,-0.000655144,55,0.000588385,-0.00087799,56,-0.00161377,9.84998e-05,52,-0.00215683,-0.0010797
5496191013477,5496175919000,5496175919000,5496191005402,73729,15.0864,5496204215056,28.2961,0,26151,102130,0,0,1,0,0,0.008023,500,500,478,0.956,2.685,5.06832,0.691042,0.307206,0.0107498,-0.0161591,1.90802e-05,-6.05027e-05,0.011122,0.0196496,1,-0.00754116,-0.00237819,0.00237819,-0.00754116,1,1,0.00246631,-0.00767092,-8.81209e-05,0.000129757,0,0,0,0,0,0,0,0,0,0,0,0,0,0,0,0,0,0,0,0,0,0,0,255,0.22,7.92036,0.22,0.000651917,-0.00281793,1,1,1,1,0,1,1,-0.291209,-3.20816,0.125736,0.000754594,0.00425276,0.0253685,43.3993,25514,1,367,75.1532,6379,0,0.000884653,0.0113227,0.011079,0,0,0,1,478,0.225,1.61669e-05,-5.12426e-05,-1.15296e-05,-3.63755e-06,-1.20363e-05,-1.13491e-06,0.366118,0.0660379,0.01159,0.000231609,-0.211581,0.000288897,0.000583906,0.000548353,13.4163,2,0,0,0,0,0,-1,1,-9.0462e-07,-3.41779e-06,-0.211321,0,42.3066,1,1010,1010,1010,1010,0,0,0,0,43.6847,56,0.0195187,-0.0132804,56,-0.0071085,-0.0249365,40,0.00283279,-0.00210172,56,0.00307471,0.00566178,56,0.00811994,0.0010732,56,-0.000253551,-0.00589427,50,0.00450292,-0.00690863,56,0.00594816,-0.00305139,52,-0.00142227,-0.00702469
5496204733893,5496195908000,5496195908000,5496204729153,73729,8.82115,5496218960314,23.0523,1,26152,102131,0,0,1,0,0,0.019989,500,500,500,1,2.72063,5.28917,0.733264,0.311595,0.0130463,-0.026474,-1.04491e-06,-3.96514e-05,-0.002959,-1.73362e-05,1,-0.00198366,5.22741e-05,-5.22741e-05,-0.00198366,1,1,-0.000102898,-0.00190191,5.06242e-05,-8.17532e-05,0,0,0,0,0,0,0,0,0,0,0,0,0,0,0,0,0,0,0,0,0,0,0,255,0.22,1.32831,0.22,0.000201764,-0.00200678,1,1,1,1,0,1,1,-0.291215,-3.20817,0.125678,0.000814023,0.00440468,0.0254313,0.636245,25515,1,367,89.8894,6379,0,0.000884653,0.0113227,0.011079,0,0,0,1,500,0.225,-8.77427e-07,-3.3592e-05,-7.55821e-06,1.97421e-07,-7.34819e-06,1.78032e-06,0.366111,0.0660397,0.0115924,0.000209119,-0.211587,0.000576192,-0.000367889,0.000278707,0.365873,3,0,0,0,0,0,-1,1,-9.0462e-07,-3.41779e-06,-0.211329,0,0.910543,1,1010,1010,1010,1010,0,0,0,0,0.914766,56,0.000999547,-0.00463736,56,0.00170455,-0.00476944,56,-0.00242345,0.00484095,56,-0.00462517,-0.00854602,56,-0.00381222,-0.00454027,56,0.00281708,-0.00368378,56,0.000886555,0.00168561,56,0.00264859,-0.000740528,52,0.0010731,-0.00305195
5496219490336,5496207893000,5496207893000,5496219478040,73729,11.585,5496234611116,26.7181,0,26152,102132,0,0,1,0,0,0.011985,500,500,500,1,2.68441,4.57815,0.777821,0.311206,-0.019104,0.0193481,-6.35377e-05,4.2236e-05,-0.00606513,-1.99806e-05,1,0.00352407,0.00530144,-0.00530144,0.00352407,1,1,-0.00543009,0.00370446,0.000128655,-0.000180393,0,0,0,0,0,0,0,0,0,0,0,0,0,0,0,0,0,0,0,0,0,0,0,255,0.22,5.75997,0.22,-0.00338777,0.00304779,1,1,1,1,1,1,1,-0.291215,-3.20817,0.125678,0.000814023,0.00440468,0.0254313,16.2924,25515,1,367,105.546,6379,0,0.000884653,0.0113227,0.011079,0,0,0,1,500,0.225,-5.39135e-05,3.57434e-05,8.04227e-06,1.21305e-05,1.04103e-05,1.01702e-05,0.366121,0.0660499,0.0115924,0.000209119,-0.211587,0.000929552,-0.000811767,0.000280482,16.0201,0,0,0,0,0,0,-1,1,-9.0462e-07,-3.41779e-06,-0.211329,0,16.5651,1,1010,1010,1010,1010,0,0,0,0,16.5693,56,-0.0301184,0.0045949,56,-0.0107325,0.0105937,56,-0.00134241,0.00120248,56,0.00132947,0.00492888,56,-0.00413991,0.00849318,56,-0.00298094,0.0108308,56,0.00030859,-0.000113005,56,0.00124129,-0.00362335,52,-0.00866768,0.00277227
5496235174675,5496223921000,5496223921000,5496235169731,73729,11.2487,5496249318706,25.3977,1,26153,102133,0,0,1,0,0,0.016028,500,500,500,1,2.68443,6.02921,0.584282,0.310909,-0.00373077,-0.0286713,1.76791e-05,-4.24116e-05,0.00534846,-0.00231855,1,-0.0026461,-0.00110302,0.00110302,-0.0026461,1,1,0.00118195,-0.00243142,-7.89365e-05,-0.000214673,0,0,0,0,0,0,0,0,0,0,0,0,0,0,0,0,0,0,0,0,0,0,0,255,0.22,1.38342,0.22,-0.000679291,-0.00216679,1,1,1,1,0,1,1,-0.291215,-3.20817,0.125678,0.000814023,0.00440468,0.0254313,31.0047,25515,1,367,120.258,6379,0,0.000884653,0.0113227,0.011079,0,0,0,1,500,0.225,1.50311e-05,-3.58876e-05,-8.07471e-06,-3.38199e-06,-8.60486e-06,-1.61054e-06,0.366113,0.0660483,0.0115888,0.000205694,-0.211589,0.000137508,-0.00096603,0.000394177,14.4396,1,0,0,0,0,0,-1,1,-9.0462e-07,-3.41779e-06,-0.211329,0,31.3299,1,1010,1010,1010,1010,0,0,0,0,31.3341,56,0.00896273,-0.00356413,56,0.000490414,-0.00587584,56,0.000396757,-0.00509948,56,6.75213e-05,0.000748204,56,-0.000991619,-0.00169915,56,-0.00185182,-0.00547707,56,-0.00452986,0.00221435,56,-0.00277532,-0.00376826,52,0.00438193,-0.0043708
5496249899211,5496235910000,5496235910000,5496249889081,73729,13.9791,5496264197613,28.2876,0,26153,102134,0,0,1,0,0,0.011989,500,500,492,0.984,2.6987,5.3788,0.641949,0.305484,-0.00177002,0.00794983,-1.02081e-06,2.29759e-05,-0.00321371,-0.00317564,1,0.00191642,8.51459e-05,-8.51459e-05,0.00191642,1,1,-1.86573e-05,0.0018777,-6.64886e-05,3.87193e-05,0,0,0,0,0,0,0,0,0,0,0,0,0,0,0,0,0,0,0,0,0,0,0,255,0.22,5.16889,0.22,-0.000970298,0.00239496,1,1,1,1,0,1,1,-0.291215,-3.20817,0.125678,0.000814023,0.00440468,0.0254313,45.8779,25515,1,367,135.131,6379,0,0.000884653,0.0113227,0.011079,0,0,0,1,492,0.225,-8.73451e-07,1.94351e-05,4.3729e-06,1.96526e-07,4.31664e-06,-7.26272e-07,0.366117,0.0660476,0.011581,0.000223033,-0.211597,0.000275313,0.000174237,0.000459609,14.4055,2,0,0,0,0,0,-1,1,-9.0462e-07,-3.41779e-06,-0.211334,0,0.148131,1,1010,1010,1010,1010,0,0,0,0,0.151983,56,-0.00783584,-0.000245862,56,-0.00794425,-0.000241047,56,-0.00185758,-0.00178826,56,0.00422404,0.00356646,56,-0.000638068,0.00104794,56,0.000772697,0.00557221,48,0.002166,-0.0022461,56,-0.000288011,0.00455199,52,0.00101345,0.00717093
5496264705636,5496255911000,5496255911000,5496264699469,73729,8.78847,5496277586250,21.6752,1,26154,102135,0,0,1,0,0,0.020001,500,500,500,1,2.75011,4.82778,0.667319,0.311947,-0.00428009,0.0292053,4.56209e-06,2.16295e-05,0.00264374,0.00851061,1,0.00108142,-0.000228093,0.000228093,0.00108142,1,1,0.000473965,0.000967667,-0.000245872,0.000113754,0,0,0,0,0,0,0,0,0,0,0,0,0,0,0,0,0,0,0,0,0,0,0,255,0.22,0.419837,0.22,-0.000727779,0.00212957,1,1,1,2,0,1,1,-0.291213,-3.20817,0.125631,0.000783204,0.00395405,0.0249775,13.2925,25516,1,367,148.55,6379,0,0.000884653,0.0113227,0.011079,0,0,0,1,500,0.225,3.78982e-06,1.83284e-05,4.1239e-06,-8.52708e-07,3.85286e-06,-1.69971e-06,0.366121,0.0660459,0.0115754,0.000221318,-0.211589,-0.000173822,0.000511894,0.00074608,13.0182,1,0,0,0,0,0,-1,1,-9.0462e-07,-3.41779e-06,-0.211334,0,13.5593,1,1010,1010,1010,1010,0,0,0,0,13.5631,56,-0.00383075,0.00362243,56,0.00251934,-0.00331894,56,0.000537814,0.00452728,56,-0.0015371,-0.000733618,56,0.00119937,0.00298001,56,-0.000495988,-0.00229625,56,0.000815867,0.00253454,56,0.000747818,-0.00326613,52,-0.000286667,0.000843384
5496278125513,5496263929000,5496263929000,5496278114495,73729,14.1855,5496290785330,26.8563,0,26154,102136,0,0,1,0,0,0.008018,500,500,500,1,2.74435,4.66872,0.664449,0.310947,0.018013,0.0059967,1.38787e-05,2.59206e-05,-0.0100851,-0.017358,1,0.0032328,-0.00173094,0.00173094,0.0032328,1,1,0.00188104,0.00319493,-0.000150099,3.78714e-05,0,0,0,0,0,0,0,0,0,0,0,0,0,0,0,0,0,0,0,0,0,0,0,255,0.22,3.73655,0.22,0.00274892,0.000537767,1,1,1,1,1,1,1,-0.291213,-3.20817,0.125631,0.000783204,0.00395405,0.0249775,26.4617,25516,1,367,161.719,6379,0,0.000884653,0.0113227,0.011079,0,0,0,1,500,0.225,1.18375e-05,2.19947e-05,4.94881e-06,-2.66345e-06,4.27916e-06,-3.64313e-06,0.366125,0.0660422,0.011598,0.000225022,-0.211575,0.000920774,0.000170421,0.00127698,11.4985,2,0,0,0,0,0,-1,1,-9.0462e-07,-3.41779e-06,-0.211334,0,26.7351,1,1010,1010,1010,1010,0,0,0,0,26.739,56,0.0033797,-0.00664483,56,-0.00923988,-0.00632307,56,0.00643768,0.000168368,56,0.00340581,-0.0043004,56,0.00566326,0.00871824,56,0.0104537,0.00446423,56,0.00555402,0.0081612,56,-0.000933545,0.0132613,52,-0.00483823,0.00756308
5496291340741,5496275913000,5496275913000,5496291329278,73729,15.4163,5496305466828,29.5538,0,26154,102137,0,0,1,0,0,0.011984,500,500,499,0.998,2.66665,5.11091,0.59106,0.306576,0.0213623,0.00285339,3.36707e-05,-3.16133e-06,0.00659446,0.00534402,1,-0.000263796,-0.00280963,0.00280963,-0.000263796,1,1,0.00299505,-0.000167532,-0.000185413,-9.62637e-05,0,0,0,0,0,0,0,0,0,0,0,0,0,0,0,0,0,0,0,0,0,0,0,255,0.22,6.18562,0.22,0.0015032,-0.000260882,1,1,1,1,0,1,1,-0.291213,-3.20817,0.125631,0.000783204,0.00395405,0.0249775,41.147,25516,1,367,176.404,6379,0,0.000884653,0.0113227,0.011079,0,0,0,1,499,0.225,2.85147e-05,-2.7507e-06,-6.18908e-07,-6.41582e-06,-1.9523e-06,-6.14237e-06,0.366123,0.0660361,0.0115976,0.000221236,-0.211567,0.00115844,-0.000433187,0.00159424,14.4143,1,0,0,0,0,0,-1,1,-9.0462e-07,-3.41779e-06,-0.211334,0,41.4178,1,1010,1010,1010,1010,0,0,0,0,41.4216,56,0.00119563,-0.00375043,55,-0.00287314,0.00610588,56,0.000665128,-0.00214255,56,0.00847433,-0.00383729,56,0.00344969,0.00377542,56,0.00155961,-0.00240736,56,0.00175295,-0.00132129,56,0.00694645,-0.00327557,52,0.00535698,-0.000322179
5496305987776,5496295906000,5496295906000,5496305982443,73729,10.0764,5496321472243,25.5662,1,26155,102138,0,0,1,0,0,0.019993,500,500,469,0.938,2.75163,5.65226,0.661727,0.30115,-0.00146484,-0.0487061,2.25972e-06,-0.000114082,0.00175491,0.00527269,1,-0.00570611,-0.000113026,0.000113026,-0.00570611,1,1,0.000377177,-0.00557553,-0.000264151,-0.000130578,0,0,0,0,0,0,0,0,0,0,0,0,0,0,0,0,0,0,0,0,0,0,0,255,0.22,1.1709,0.22,-0.00116668,-0.00391057,1,1,1,1,0,1,1,-0.291237,-3.20819,0.125757,0.000878108,0.0043345,0.0252058,7.17633,25517,1,367,192.404,6379,0,0.000884653,0.0113227,0.011079,0,0,0,1,469,0.225,1.90516e-06,-9.66369e-05,-2.17433e-05,-4.28662e-07,-2.13486e-05,4.14652e-06,0.366102,0.0660402,0.0115994,0.000211813,-0.211552,0.000581991,-0.000587601,0.00141654,6.9514,2,0,0,0,0,0,-1,1,-9.0462e-07,-3.41779e-06,-0.211296,0,7.44883,1,1010,1010,1010,1010,0,0,0,0,7.45346,56,0.00211055,-0.00336506,56,3.17746e-05,-0.00483389,45,-9.92998e-05,-0.00791938,56,-0.000426153,-0.00520149,56,0.00376103,-0.00672328,52,-0.00127563,-0.00365302,45,0.000208895,-0.00427451,56,-0.0011644,-0.00269728,47,0.00139718,-0.00754557
5496321971710,5496303929000,5496303929000,5496321960599,73729,18.0316,5496337031414,33.1024,0,26155,102139,0,0,1,0,0,0.008023,500,500,500,1,2.68619,5.1125,0.66919,0.321428,-0.00854492,-0.00382233,-3.78984e-06,2.15965e-05,0.000460532,-0.0206794,1,0.00269183,0.000472372,-0.000472372,0.00269183,1,1,-0.000137656,0.00290664,-0.000334717,-0.000214814,0,0,0,0,0,0,0,0,0,0,0,0,0,0,0,0,0,0,0,0,0,0,0,255,0.22,7.00903,0.22,-0.00191272,8.74227e-05,1,1,1,1,0,1,1,-0.291237,-3.20819,0.125757,0.000878108,0.0043345,0.0252058,22.7442,25517,1,367,15.5329,6380,0,0.000884653,0.011352,0.0108913,0,0,0,1,500,0.225,-3.19631e-06,1.83596e-05,4.13091e-06,7.19171e-07,4.18982e-06,-1.64293e-07,0.366106,0.0660401,0.0115867,0.000200402,-0.211548,-0.000199845,-0.000966661,0.0010451,15.2888,1,0,0,0,0,0,-1,1,-9.0462e-07,-3.41779e-06,-0.211296,0,23.0143,1,1010,1010,1010,1010,0,0,0,0,23.0189,56,0.0123706,0.00940986,56,0.00740828,-0.00329881,56,-0.00600015,-0.000442996,56,-0.0131865,-0.00227136,56,-0.0053455,-0.00286275,56,-0.00825426,0.00513277,56,-0.00524289,-0.00373863,56,0.00179255,0.00216961,52,0.0125774,0.00505142
5496337554752,5496323922000,5496323922000,5496337547733,73729,13.6257,5496351756061,27.8341,1,26156,102140,0,0,1,0,0,0.019993,500,500,500,1,2.74687,4.77685,0.707412,0.313835,-0.0157776,-0.00367737,1.15918e-06,-2.70943e-05,0.00452569,0.00380141,1,-0.00135519,-5.79794e-05,5.79794e-05,-0.00135519,1,1,-1.28804e-05,-0.00120352,7.08598e-05,-0.000151675,0,0,0,0,0,0,0,0,0,0,0,0,0,0,0,0,0,0,0,0,0,0,0,255,0.22,2.29707,0.22,-0.00159601,0.000251577,1,1,1,1,1,1,1,-0.291237,-3.20819,0.125757,0.000878108,0.0043345,0.0252058,37.4666,25517,1,367,30.2554,6380,0,0.000884653,0.011352,0.0108913,0,0,0,1,500,0.225,8.86529e-07,-2.3009e-05,-5.17702e-06,-1.99469e-07,-5.10348e-06,8.92103e-07,0.366101,0.066041,0.0115976,0.000194229,-0.211562,0.000716545,-0.000682539,0.000318141,13.0358,2,0,0,0,0,0,-1,1,-9.0462e-07,-3.41779e-06,-0.211296,0,37.7662,1,1010,1010,1010,1010,0,0,0,0,37.7708,56,-0.00925703,-0.00362462,56,0.00156954,-0.00413627,56,-0.00269093,0.00110521,56,0.000777176,0.00015335,56,0.00281938,-0.00149056,56,-0.000198996,-0.00270266,56,-0.00129018,0.00176599,56,0.000867362,-0.000580131,52,-0.00150331,-1.5547e-05
5496352361621,5496343931000,5496343931000,5496352356325,73729,8.42532,5496368358444,24.4274,1,26157,102141,0,0,1,0,0,0.020009,500,500,452,0.904,2.83667,5.87988,0.655376,0.297503,-0.00621033,0.0035553,-3.70014e-06,-1.36938e-05,0.000763729,0.0050598,1,-0.000684384,0.000184924,-0.000184924,-0.000684384,1,1,-0.00053376,-0.000830495,0.000348836,0.000146111,0,0,0,0,0,0,0,0,0,0,0,0,0,0,0,0,0,0,0,0,0,0,0,255,0.22,6.35731,0.22,-0.000954761,0.00100625,1,1,1,1,0,1,1,-0.291236,-3.20819,0.12579,0.000972229,0.00405277,0.0253412,4.06625,25518,1,367,46.8501,6380,0,0.000884653,0.011352,0.0108913,0,0,0,1,452,0.225,-3.08289e-06,-1.15664e-05,-2.60245e-06,6.93651e-07,-2.39873e-06,1.2247e-06,0.366098,0.0660422,0.0116076,0.000224363,-0.211597,0.000568232,0.000657501,-0.000801224,3.84621,2,0,0,0,0,0,-1,1,-9.0462e-07,-3.41779e-06,-0.211341,0,4.31781,1,1010,1010,1010,1010,0,0,0,0,4.32266,56,0.00413752,0.000528257,56,-0.00403327,-0.00357149,15,0.00451445,-0.00549071,56,-0.00326228,-0.000942676,56,-0.0029632,0.000825262,49,-0.00262416,0.000842148,56,0.00242894,0.00153241,56,0.000539759,-0.000734321,52,0.000575293,-0.000677659
5496368849447,5496355908000,5496355908000,5496368838243,73729,12.9302,5496382766829,26.8588,0,26157,102142,0,0,1,0,0,0.011977,500,500,500,1,2.70448,4.693,0.694579,0.33054,0.00904846,-7.62939e-05,1.28183e-05,-1.55524e-05,-0.00289907,0.00656036,1,-0.00129852,-0.00107025,0.00107025,-0.00129852,1,1,0.000603267,-0.00159651,0.000466979,0.000297994,0,0,0,0,0,0,0,0,0,0,0,0,0,0,0,0,0,0,0,0,0,0,0,255,0.22,3.16108,0.22,0.000766544,0.000444376,1,1,1,1,0,1,1,-0.291236,-3.20819,0.12579,0.000972229,0.00405277,0.0253412,18.4782,25518,1,367,61.2621,6380,0,0.000884653,0.011352,0.0108913,0,0,0,1,500,0.225,1.0846e-05,-1.32272e-05,-2.97613e-06,-2.44035e-06,-3.42225e-06,-1.76071e-06,0.366095,0.0660404,0.0116076,0.000224363,-0.211597,0.000903246,0.00134097,-0.000958527,18.2461,0,0,0,0,0,0,-1,1,-9.0462e-07,-3.41779e-06,-0.211341,0,18.756,1,1010,1010,1010,1010,0,0,0,0,18.7609,56,-0.00205837,-0.00170726,56,-0.00349074,0.00806675,56,0.00229057,-0.000727669,56,0.00872025,-0.00543862,56,0.00303053,-0.000950905,56,-0.000918162,-0.00225214,56,-0.000154924,-9.26633e-05,56,0.000846633,-0.000113896,52,0.000145051,0.00107404
5496383281777,5496363927000,5496363927000,5496383270906,73729,19.3439,5496396620024,32.693,0,26157,102143,0,0,1,0,0,0.008019,500,500,500,1,2.68526,5.05022,0.700801,0.309132,0.00614929,-0.0128479,2.44558e-05,-3.60561e-05,0.012403,0.00917272,1,-0.00449633,-0.00304974,0.00304974,-0.00449633,1,1,0.00315334,-0.00470158,-0.000103606,0.00020524,0,0,0,0,0,0,0,0,0,0,0,0,0,0,0,0,0,0,0,0,0,0,0,255,0.22,7.41118,0.22,0.00109845,-0.00328424,1,1,1,1,0,1,1,-0.291236,-3.20819,0.12579,0.000972229,0.00405277,0.0253412,32.351,25518,1,367,75.1348,6380,0,0.000884653,0.011352,0.0108913,0,0,0,1,500,0.225,2.07037e-05,-3.05393e-05,-6.87135e-06,-4.65833e-06,-7.69637e-06,-3.11104e-06,0.366087,0.0660373,0.0115859,0.000230702,-0.211592,-0.000151189,0.000923582,0.00025203,13.5706,2,0,0,0,0,0,-1,1,-9.0462e-07,-3.41779e-06,-0.211341,0,32.6287,1,1010,1010,1010,1010,0,0,0,0,32.6336,56,0.00268849,-0.0132283,56,0.019188,-0.0169824,56,-0.00565775,-0.00328659,56,0.00297724,-0.00221798,56,0.00360131,-0.0029174,56,-0.000655442,-0.00567797,56,0.0055635,-0.00104527,56,0.00397189,-0.00117625,52,0.00721498,-0.00553926
5496397164436,5496383924000,5496383924000,5496397158769,73729,13.2348,5496410720777,26.7968,1,26158,102144,0,0,1,0,0,0.019997,500,500,500,1,2.74915,4.55072,0.587893,0.311946,-0.00939178,0.0177612,-1.02173e-05,1.27548e-05,0.00380256,0.00173488,1,0.000637833,0.000510942,-0.000510942,0.000637833,1,1,8.68655e-05,0.00047475,-0.000597808,0.000163083,0,0,0,0,0,0,0,0,0,0,0,0,0,0,0,0,0,0,0,0,0,0,0,255,0.22,1.0436,0.22,-0.00112435,-0.00033227,1,1,1,1,1,1,1,-0.291236,-3.20819,0.12579,0.000972229,0.00405277,0.0253412,46.4303,25518,1,367,89.2141,6380,0,0.000884653,0.011352,0.0108913,0,0,0,1,500,0.225,-8.68108e-06,1.07837e-05,2.42633e-06,1.95324e-06,2.78239e-06,1.40003e-06,0.36609,0.0660387,0.0115678,0.000240365,-0.211575,-0.000601103,0.000733874,0.00167123,13.831,1,0,0,0,0,0,-1,1,-9.0462e-07,-3.41779e-06,-0.211341,0,46.7054,1,1010,1010,1010,1010,0,0,0,0,0.228298,56,0.00281475,0.00115935,56,-0.00152578,-0.00238639,56,0.00247971,0.00243961,56,0.000529113,0.00346165,56,-0.00491292,0.00141729,56,-0.00065579,0.000859186,56,-0.000735238,-0.00126919,56,-0.00366825,0.000138135,52,0.000365171,0.00164053
5496411283429,5496395898000,5496395898000,5496411270948,73729,15.3729,5496502079345,106.181,0,26158,102145,0,0,1,0,0,0.011974,500,500,500,1,2.68652,5.02322,0.707561,0.308003,-0.019104,0.0101471,-6.83024e-05,2.49401e-05,-0.0138028,-0.00427109,1,0.00208286,0.00570422,-0.00570422,0.00208286,1,1,-0.00560624,0.00216124,-9.79832e-05,-7.83828e-05,0,0,0,0,0,0,0,0,0,0,0,0,0,0,0,0,0,0,0,0,0,0,0,0,0.22,4.99363,0.22,-0.00269253,0.000723734,0,1,1,1,0,1,1,-0.29126,-3.20822,0.125697,0.00134216,0.0041219,0.0252395,2.01498,25520,1,367,180.549,6380,0,0.000884653,0.011352,0.0108913,0,0,0,1,500,0.225,-5.78443e-05,2.11354e-05,4.75546e-06,1.3015e-05,7.38247e-06,1.17252e-05,0.366098,0.0660504,0.0115947,0.000218233,-0.21158,0.000426093,-0.000352723,0.000693614,1.75635,11,0,0,0,0,0,-1,1,-9.0462e-07,-3.41779e-06,-0.211274,0,2.28342,1,1010,1010,1010,1010,0,0,0,0,2.32746,56,-0.0013094,0.000633086,56,-0.013821,0.00970068,56,-0.00096456,0.0013542,56,-0.005911,-6.7422e-05,56,-0.000777323,0.000355223,56,-0.00377999,0.00462528,56,-0.00400626,0.000400232,56,-0.00674104,0.00458388,52,-0.00354791,-0.00152193
5496502588645,5496471939000,5496471939000,5496502583534,73729,30.6445,5496519713625,47.7746,7,26165,102146,0,0,1,0,0,0.076041,500,500,470,0.94,2.74,5.50719,0.619226,0.306077,0.039978,-0.0326462,7.92211e-05,-0.000160128,0.00299368,0.00454593,1,-0.00210581,-0.00104182,0.00104182,-0.00210581,1,1,0.000979996,-0.00210327,6.18245e-05,-2.53765e-06,0,0,0,0,0,0,0,0,0,0,0,0,0,0,0,0,0,0,0,0,0,0,0,255,0.22,5.03757,0.22,0.000465101,-0.000128562,1,1,1,1,1,1,1,-0.291277,-3.20821,0.125889,0.000557715,0.00398952,0.0252758,1.18645,25521,1,367,1.14862,6381,0,0.000884653,0.0113515,0.0108204,0,0,0,1,470,0.225,6.70232e-05,-0.000135725,-3.05381e-05,-1.50802e-05,-3.30238e-05,-8.33009e-06,0.366064,0.0660421,0.0115947,0.000202224,-0.211571,0.00116005,-1.14194e-05,0.000705473,0.957378,1,0,0,0,0,0,-1,1,-9.0462e-07,-3.41779e-06,-0.211315,0,1.44244,1,1010,1010,1010,1010,0,0,0,0,1.4464,56,-0.00034969,-0.00277294,56,0.00131797,-0.00491722,56,-0.000488948,-0.00113818,56,0.00145072,-0.000984289,56,0.00323529,0.000330986,56,0.00054265,-0.00164646,26,0.00230284,-0.00187729,56,0.00212086,-0.00170849,52,0.000135311,-0.00166544
5496520254907,5496511943000,5496511943000,5496520249721,73729,8.30672,5496533118873,21.1759,1,26166,102147,0,0,1,0,0,0.040004,500,500,500,1,2.65209,6.69933,0.590819,0.324947,0.0080719,-0.0635986,2.48348e-05,-0.000130517,0.00204848,-0.000161853,1,-0.0032626,-0.000620807,0.000620807,-0.0032626,1,1,0.00107976,-0.0029614,-0.000458957,-0.000301195,0,0,0,0,0,0,0,0,0,0,0,0,0,0,0,0,0,0,0,0,0,0,0,255,0.22,2.40815,0.22,-0.00041606,-0.00328564,1,1,1,0,0,1,1,-0.291277,-3.20821,0.125889,0.000557715,0.00398952,0.0252758,14.6062,25521,1,367,14.5683,6381,0,0.000884653,0.0113515,0.0108204,0,0,0,1,500,0.225,2.10564e-05,-0.000110559,-2.48757e-05,-4.73768e-06,-2.53159e-05,5.91591e-07,0.366039,0.0660427,0.011591,0.000190267,-0.211552,0.000199,-0.00135538,0.00181145,13.1677,1,0,0,0,0,0,-1,1,-9.0462e-07,-3.41779e-06,-0.211315,0,14.8644,1,1010,1010,1010,1010,0,0,0,0,14.8684,56,0.00132871,-0.00401035,56,-0.000269876,-0.00431887,56,4.77919e-05,-0.00197061,56,0.000846038,-0.00398298,56,-0.00120857,-0.00270422,56,-0.000555672,-0.00431586,56,0.000947711,-0.00231384,56,0.000947484,-0.00184194,52,0.00273585,-0.00421644
5496533628710,5496523921000,5496523921000,5496533619950,73729,9.69895,5496546490416,22.5694,0,26166,102148,0,0,1,0,0,0.011978,500,500,495,0.99,2.69258,4.94365,0.661986,0.315336,0.0119019,-0.00741577,-1.14774e-05,1.1018e-06,-0.00591076,0.0041438,1,9.19857e-05,0.000958206,-0.000958206,9.19857e-05,1,1,-0.000494833,0.000177249,-0.000463373,-8.52631e-05,0,0,0,0,0,0,0,0,0,0,0,0,0,0,0,0,0,0,0,0,0,0,0,255,0.22,5.6048,0.22,-0.000426122,0.000494682,1,1,1,1,0,1,1,-0.291277,-3.20821,0.125889,0.000557715,0.00398952,0.0252758,27.9949,25521,1,367,27.957,6381,0,0.000884653,0.0113515,0.0108204,0,0,0,1,495,0.225,-9.73336e-06,9.27415e-07,2.08668e-07,2.19e-06,6.63804e-07,2.09723e-06,0.36604,0.0660448,0.011608,0.000204312,-0.211534,0.000898366,-0.000383684,0.00238684,13.0738,1,0,0,0,0,0,-1,1,-9.0462e-07,-3.41779e-06,-0.211315,0,28.2756,1,1010,1010,1010,1010,0,0,0,0,28.2795,56,0.00663569,0.00424596,56,0.0161334,0.00630482,54,0.00417518,-0.00555604,56,-0.00558362,-0.00455701,56,-0.0043135,-0.00488739,56,-0.00567562,0.000206788,53,-0.00194494,-0.00123242,56,0.00210042,-0.00138949,52,0.000119863,-0.000132267
5496547035217,5496531941000,5496531941000,5496547025124,73729,15.0841,5496559856775,27.9158,0,26166,102149,0,0,1,0,0,0.00802,500,500,500,1,2.68339,4.5834,0.665653,0.366577,0.0108795,0.0226822,2.4539e-05,3.78673e-05,0.00106041,0.00624735,1,0.00472161,-0.00305973,0.00305973,0.00472161,1,1,0.00343899,0.00473408,-0.000379259,-1.24677e-05,0,0,0,0,0,0,0,0,0,0,0,0,0,0,0,0,0,0,0,0,0,0,0,255,0.22,8.22488,0.22,0.00113997,0.00597004,1,1,1,1,0,1,1,-0.291277,-3.20821,0.125889,0.000557715,0.00398952,0.0252758,41.3392,25521,1,367,41.3014,6381,0,0.000884653,0.0113515,0.0108204,0,0,0,1,500,0.225,2.07844e-05,3.2061e-05,7.21373e-06,-4.6765e-06,6.07119e-06,-6.08647e-06,0.366046,0.0660387,0.0116071,0.000188936,-0.211522,0.00117921,-5.61049e-05,0.0023087,13.0746,1,0,0,0,0,0,-1,1,-9.0462e-07,-3.41779e-06,-0.211315,0,41.6333,1,1010,1010,1010,1010,0,0,0,0,0.190798,56,0.00188577,-0.0025042,56,0.00746829,0.0169668,56,-0.0030165,0.00194471,56,0.0026951,0.00619999,56,-0.000534466,0.00797999,56,0.00509218,0.00158716,56,0.00117559,0.0103602,56,0.00589001,0.00493857,52,-0.00255265,-0.00181378
5496560410631,5496551943000,5496551943000,5496560404742,73729,8.46174,5496571169878,19.2269,1,26167,102150,0,0,1,0,0,0.020002,500,500,500,1,2.73846,4.89018,0.592931,0.321466,-0.0010376,0.0200958,2.86499e-06,4.4332e-05,0.00202496,-0.00416141,1,0.00221638,-0.000143235,0.000143235,0.00221638,1,1,0.000295474,0.0022341,-0.000152239,-1.77197e-05,0,0,0,0,0,0,0,0,0,0,0,0,0,0,0,0,0,0,0,0,0,0,0,255,0.22,1.87083,0.22,-0.00141593,0.00177408,1,1,1,2,1,1,1,-0.291271,-3.20821,0.125822,0.00148923,0.00368959,0.0247153,0.85584,25522,1,367,52.6043,6381,0,0.000884653,0.0113515,0.0108204,0,0,0,1,500,0.225,2.4165e-06,3.75938e-05,8.4586e-06,-5.43712e-07,8.15591e-06,-2.3075e-06,0.366054,0.0660364,0.0116042,0.000196675,-0.211531,0.000378713,-7.97387e-05,0.000851031,0.574041,3,0,0,0,0,0,-1,1,-9.0462e-07,-3.41779e-06,-0.211272,0,1.11004,1,1010,1010,1010,1010,0,0,0,0,11.4548,56,-0.000506805,0.00228403,56,-0.00259517,0.00226124,56,-0.00137987,0.00159212,56,0.00258257,0.00097793,56,0.00300287,0.00165904,56,0.00232716,0.00511927,56,-0.00144229,0.00284347,56,-0.00359869,0.00359724,52,0.00133084,0.00267699
5496572018273,5496563910000,5496563910000,5496571987032,73729,8.07703,5496587364739,23.4547,0,26167,102151,0,0,1,0,0,0.011967,500,500,498,0.996,2.66683,5.15096,0.589023,0.314706,0.0263977,0.0292358,2.87749e-05,3.48498e-05,0.000216141,0.00801968,1,0.00291216,-0.00240452,0.00240452,0.00291216,1,1,0.00222635,0.00277638,0.00017817,0.000135784,0,0,0,0,0,0,0,0,0,0,0,0,0,0,0,0,0,0,0,0,0,0,0,255,0.22,3.43858,0.22,0.0025967,0.00468741,1,1,1,1,0,1,1,-0.291271,-3.20821,0.125822,0.00148923,0.00368959,0.0247153,17.0668,25522,1,367,68.8154,6381,0,0.000884653,0.0113515,0.0108204,0,0,0,1,498,0.225,2.43745e-05,2.94972e-05,6.63687e-06,-5.48426e-06,5.33755e-06,-6.75511e-06,0.366059,0.0660296,0.0116042,0.000196675,-0.211531,0.00126162,0.000611026,0.000367887,16.7708,0,0,0,0,0,0,-1,1,-9.0462e-07,-3.41779e-06,-0.211272,0,17.3418,1,1010,1010,1010,1010,0,0,0,0,27.6866,56,0.00287852,-0.000570157,56,0.00759233,-0.00372412,54,0.00270511,0.00777022,56,0.0090778,0.00482936,56,0.00315428,0.00161873,56,0.00568791,0.00518533,56,0.00632023,0.00392834,56,0.00717635,0.00340461,52,-0.00473717,0.00311493
5496587893928,5496571947000,5496571947000,5496587882965,73729,15.936,5496600590430,28.6434,0,26167,102152,0,0,1,0,0,0.008037,500,500,500,1,2.67685,4.61742,0.630338,0.309503,-0.000610352,0.000297546,-6.35969e-06,2.39132e-05,0.00360556,-0.0112901,1,0.00297539,0.000791302,-0.000791302,0.00297539,1,1,-0.000612954,0.00303656,-0.000178347,-6.11768e-05,0,0,0,0,0,0,0,0,0,0,0,0,0,0,0,0,0,0,0,0,0,0,0,255,0.22,9.00084,0.22,-0.0011696,-0.000506175,1,1,1,1,0,1,1,-0.291271,-3.20821,0.125822,0.00148923,0.00368959,0.0247153,30.2857,25522,1,367,82.0342,6381,0,0.000884653,0.0113515,0.0108204,0,0,0,1,500,0.225,-5.35556e-06,2.0283e-05,4.56368e-06,1.205e-06,4.71495e-06,2.19795e-07,0.366064,0.0660299,0.0115666,0.000199202,-0.211551,-0.00132157,-0.000275296,-0.000415208,12.9372,1,0,0,0,0,0,-1,1,-9.0462e-07,-3.41779e-06,-0.211272,0,30.5572,1,1010,1010,1010,1010,0,0,0,0,40.9019,56,0.000627584,0.00611753,56,0.0113327,0.0158371,56,0.00255111,-0.00118009,56,-0.000288088,-0.000645752,56,-0.00720931,-0.00610728,56,0.00926174,-0.00634584,56,-0.0057089,0.00373658,56,-0.00557566,-0.00257745,52,0.000184825,0.00342978
5496601104156,5496591951000,5496591951000,5496601098563,73729,9.14756,5496612967781,21.0168,1,26168,102153,0,0,1,0,0,0.020004,500,500,490,0.98,2.71908,4.77405,0.689135,0.306576,0.0372925,0.0431595,6.13043e-05,7.97791e-05,0.0011641,-0.00488943,1,0.00398816,-0.0030646,0.0030646,0.00398816,1,1,0.00271143,0.00342309,0.000353176,0.000565068,0,0,0,0,0,0,0,0,0,0,0,0,0,0,0,0,0,0,0,0,0,0,0,255,0.22,2.09507,0.22,0.00258389,0.00275001,1,1,1,2,0,1,1,-0.291271,-3.20821,0.125822,0.00148923,0.00368959,0.0247153,42.6615,25522,1,367,94.4099,6381,0,0.000884653,0.0113515,0.0108204,0,0,0,1,490,0.225,5.19848e-05,6.76851e-05,1.52291e-05,-1.16966e-05,1.24338e-05,-1.46328e-05,0.366077,0.0660152,0.0116169,0.00024306,-0.211548,0.00149681,0.00254281,-7.3986e-05,12.0871,2,0,0,0,0,0,-1,1,-9.04621e-07,-3.41779e-06,-0.211275,0,0.226668,1,1010,1010,1010,1010,0,0,0,0,0.230446,56,0.00689936,0.00494451,56,0.00166666,0.00607603,52,0.00223608,0.00467961,56,0.00324652,0.00149292,56,0.00370294,0.00388361,56,0.00378926,0.00401963,50,-0.00104339,0.00485685,56,0.00472228,0.00545541,52,0.00683406,0.00637923
5496613472859,5496603914000,5496603914000,5496613462211,73729,9.54821,5496626680439,22.7664,0,26168,102154,0,0,1,0,0,0.011963,500,500,500,1,2.71733,4.94928,0.700746,0.313058,-0.0155334,-0.0507507,-2.42681e-05,-0.000112146,0.00400981,0.00766096,1,-0.00937438,0.0020286,-0.0020286,-0.00937438,1,1,-0.001495,-0.00891754,-0.000533596,-0.000456842,0,0,0,0,0,0,0,0,0,0,0,0,0,0,0,0,0,0,0,0,0,0,0,255,0.22,4.08394,0.22,-0.00235673,-0.00969279,1,1,1,2,1,1,1,-0.291281,-3.20821,0.125771,0.000664289,0.0042944,0.0251618,13.6936,25523,1,367,108.14,6381,0,0.000884653,0.0113515,0.0108204,0,0,0,1,500,0.225,-2.05768e-05,-9.50625e-05,-2.13891e-05,4.62978e-06,-1.99403e-05,9.01706e-06,0.366057,0.0660242,0.0115811,0.000203442,-0.211531,-0.000483769,-0.00205579,0.00153393,12.0406,1,0,0,0,0,0,-1,1,-9.04621e-07,-3.41779e-06,-0.211275,0,13.9563,1,1010,1010,1010,1010,0,0,0,0,13.9601,56,-0.000986979,-0.0120558,56,0.00538965,-0.0174958,56,2.0848e-05,-0.0120383,56,-0.0019005,-0.00164619,56,-0.00933154,-0.0112942,56,-0.00753884,-0.00568073,56,0.00196627,-0.00670556,56,0.000727165,-0.0094662,52,-0.00606678,-0.012029
5496627255406,5496611935000,5496611935000,5496627239424,73729,15.3044,5496640245817,28.3108,0,26168,102155,0,0,1,0,0,0.008021,500,500,500,1,2.70478,4.66498,0.69069,0.313614,-0.0208588,-0.0295639,-3.74993e-05,-5.30843e-05,-0.011811,-0.00460806,1,-0.00661817,0.00467514,-0.00467514,-0.00661817,1,1,-0.00435141,-0.006404,-0.000323726,-0.000214165,0,0,0,0,0,0,0,0,0,0,0,0,0,0,0,0,0,0,0,0,0,0,0,255,0.22,7.72309,0.22,-0.00546919,-0.00824804,1,1,1,1,0,1,1,-0.291281,-3.20821,0.125771,0.000664289,0.0042944,0.0251618,27.242,25523,1,367,121.689,6381,0,0.000884653,0.0113515,0.0108204,0,0,0,1,500,0.225,-3.18059e-05,-4.49832e-05,-1.01212e-05,7.15632e-06,-8.39331e-06,9.12124e-06,0.366048,0.0660334,0.0116287,0.000236113,-0.211517,0.000958012,-0.000963742,0.00193182,13.2225,1,0,0,0,0,0,-1,1,-9.04621e-07,-3.41779e-06,-0.211275,0,27.5166,1,1010,1010,1010,1010,0,0,0,0,27.5204,56,-0.000218157,0.000504509,56,-0.00544929,0.00308463,56,-0.0123793,-0.00613781,56,-0.00277244,-0.00639271,56,-0.00173232,-0.0133396,56,-0.000442567,-0.00712009,56,-0.0114242,-0.00790695,56,-0.00607577,-0.00995921,52,-0.00778544,-0.00546137
5496640769766,5496631938000,5496631938000,5496640764451,73729,8.82645,5496652355907,20.4179,1,26169,102156,0,0,1,0,0,0.020003,500,500,466,0.932,2.71,4.637,0.638375,0.293391,-0.00543213,0.0114746,-6.23486e-06,2.19024e-05,0.00165444,-0.000345594,1,0.00109495,0.000311696,-0.000311696,0.00109495,1,1,0.000214546,0.00122408,-0.000526242,-0.000129122,0,0,0,0,0,0,0,0,0,0,0,0,0,0,0,0,0,0,0,0,0,0,0,255,0.22,1.18782,0.22,-0.000986693,0.00252488,1,1,1,2,0,1,1,-0.291281,-3.20821,0.125771,0.000664289,0.0042944,0.0251618,39.3537,25523,1,367,133.801,6381,0,0.000884653,0.0113515,0.0108204,0,0,0,1,466,0.225,-5.2733e-06,1.85526e-05,4.17434e-06,1.18649e-06,4.33039e-06,2.83684e-07,0.366053,0.0660336,0.0115725,0.000197008,-0.211497,0.000163146,-0.000581048,0.00202499,11.7533,2,0,0,0,0,0,-1,1,-9.04621e-07,-3.41779e-06,-0.211275,0,39.6171,1,1010,1010,1010,1010,0,0,0,0,39.6209,56,-0.00127868,-0.000408957,56,0.0037666,0.00160271,37,-0.000592606,0.00381224,56,0.00137271,-0.000190052,56,0.000580784,0.00326798,56,-0.00425536,-0.000469067,41,0.000186443,0.00252912,56,-0.00348067,0.00145837,52,0.00286538,-0.000536669
5496652859189,5496639948000,5496639948000,5496652847059,73729,12.8991,5496667796004,27.848,0,26169,102157,0,0,1,0,0,0.00801,500,500,500,1,2.70152,5.4935,0.715709,0.312317,-0.0336761,-0.00541687,-9.58142e-05,-3.99027e-06,-0.0120909,0.00738748,1,-0.000498162,0.0119618,-0.0119618,-0.000498162,1,1,-0.0115831,-0.00039155,-0.000378678,-0.000106612,0,0,0,0,0,0,0,0,0,0,0,0,0,0,0,0,0,0,0,0,0,0,0,255,0.22,3.10051,0.22,-0.0100286,-0.000872726,1,1,1,1,0,1,1,-0.291281,-3.20821,0.125771,0.000664289,0.0042944,0.0251618,54.7928,25523,1,367,149.24,6381,0,0.000884653,0.0113515,0.0108204,0,0,0,1,500,0.225,-8.12478e-05,-3.40592e-06,-7.66333e-07,1.82808e-05,3.08812e-06,1.80331e-05,0.366056,0.0660517,0.0115983,0.000221184,-0.211498,-0.000308479,-0.000479754,0.00111646,15.1716,1,0,0,0,0,0,-1,1,-9.04621e-07,-3.41779e-06,-0.211269,0,0.261095,1,1010,1010,1010,1010,0,0,0,0,0.264484,56,-0.014572,-0.00605501,56,-0.0151768,-0.0108567,56,-0.00760592,0.00789462,56,-0.0188642,-0.00159334,56,-0.00952227,0.00946493,56,-0.00230005,-0.00528043,56,-0.006474,-0.00958675,56,-0.00457541,-0.00471523,52,-0.0159735,-0.00329518
5496668332230,5496659951000,5496659951000,5496668327026,73729,8.37603,5496681733570,21.7826,1,26170,102158,0,0,1,0,0,0.020003,500,500,500,1,2.70926,4.62183,0.677283,0.306299,0.00379181,0.0191345,1.01033e-05,4.62418e-05,0.00215322,-0.00263719,1,0.00231174,-0.000505089,0.000505089,0.00231174,1,1,0.000259452,0.00241302,0.000245637,-0.000101273,0,0,0,0,0,0,0,0,0,0,0,0,0,0,0,0,0,0,0,0,0,0,0,255,0.22,8.30708,0.22,0.00082025,0.00267373,1,1,1,1,1,1,1,-0.291308,-3.20819,0.125762,0.000913341,0.00382705,0.0252895,13.9196,25524,1,367,163.176,6381,0,0.000884653,0.0113515,0.0108204,0,0,0,1,500,0.225,8.58791e-06,3.91862e-05,8.81689e-06,-1.93228e-06,8.21465e-06,-3.74035e-06,0.366064,0.0660479,0.0115789,0.000193426,-0.211543,2.64914e-05,-0.000455727,-0.000863099,12.2068,2,0,0,0,0,0,-1,1,-9.04621e-07,-3.41779e-06,-0.211269,0,14.1938,1,1010,1010,1010,1010,0,0,0,0,14.1972,56,-0.00104216,0.00227566,56,-0.0023768,0.00181697,56,-0.00123848,-0.00124327,56,0.000812862,0.00257525,56,0.00133861,0.000791818,56,-2.51673e-05,0.00282158,56,0.00190725,0.000962093,56,0.000513226,0.00325665,52,0.0018617,0.00390378
5496682304038,5496671929000,5496671929000,5496682291852,73729,10.3629,5496698729623,26.8006,0,26170,102159,0,0,1,0,0,0.011978,500,500,461,0.922,2.69109,5.00872,0.696542,0.290687,0.00358582,-0.000793457,-1.98856e-05,5.5708e-07,-0.011245,-0.000389565,1,4.65086e-05,0.00166018,-0.00166018,4.65086e-05,1,1,-0.00218347,0.000150739,0.000523291,-0.000104231,0,0,0,0,0,0,0,0,0,0,0,0,0,0,0,0,0,0,0,0,0,0,0,255,0.22,2.13687,0.22,0.00036391,-9.67179e-05,1,1,1,1,0,1,1,-0.291308,-3.20819,0.125762,0.000913341,0.00382705,0.0252895,30.9162,25524,1,367,180.173,6381,0,0.000884653,0.0113515,0.0108204,0,0,0,1,461,0.225,-1.67664e-05,5.30022e-07,1.19255e-07,3.77245e-06,9.08709e-07,3.66305e-06,0.366065,0.0660516,0.0115855,0.000209324,-0.211559,0.00066642,-0.000469038,-0.00135071,16.7376,1,0,0,0,0,0,-1,1,-9.04621e-07,-3.41779e-06,-0.211269,0,31.1805,1,1010,1010,1010,1010,0,0,0,0,31.1839,56,0.00926826,0.00865581,56,-0.00900961,-0.000773228,56,0.00174665,0.00137438,56,-0.00123679,-0.00595238,56,0.00169707,-0.00434878,54,-0.00123117,-0.000541136,56,-0.00565752,-0.00103985,56,-5.59593e-06,0.00223821,15,0.0030946,0.00288811
5496699227108,5496679945000,5496679945000,5496699217256,73729,19.2723,5496712198389,32.2534,0,26170,102160,0,0,1,0,0,0.008016,500,500,500,1,2.69174,4.61951,0.746895,0.324354,0.0358124,0.0300903,8.81691e-05,8.20541e-05,0.00854564,-0.0109229,1,0.0102363,-0.0109991,0.0109991,0.0102363,1,1,0.0107503,0.0100704,0.000248851,0.000165925,0,0,0,0,0,0,0,0,0,0,0,0,0,0,0,0,0,0,0,0,0,0,0,255,0.22,8.33291,0.22,0.00787563,0.00815712,1,1,1,1,0,1,1,-0.291342,-3.20819,0.125925,0.00137739,0.0038246,0.0254922,0.030685,25525,1,367,193.63,6381,0,0.000884653,0.0113515,0.0108204,0,0,0,1,500,0.225,7.46999e-05,6.94922e-05,1.56357e-05,-1.68075e-05,1.17581e-05,-1.97149e-05,0.366077,0.0660319,0.0115862,0.000222091,-0.211556,0.000719257,0.000746663,-0.000320459,13.2029,1,0,0,0,0,0,-1,1,-9.04621e-07,-3.41779e-06,-0.211255,0,0.011834,1,1010,1010,1010,1010,0,0,0,0,0.307336,56,0.00483595,0.0128055,56,0.0352943,0.0265279,56,0.0119633,-0.00288991,56,0.00288483,0.0141171,56,0.0189855,0.00776416,56,0.00275878,0.00546771,56,0.00281991,0.00809442,56,0.0133853,0.00546607,52,-0.00244615,0.0133005
5496712700541,5496699949000,5496699949000,5496712694097,73729,12.7451,5496726356624,26.4076,1,26171,102161,0,0,1,0,0,0.020004,500,500,500,1,2.71633,5.00472,0.596727,0.308854,0.00796509,0.0030365,1.40822e-05,2.93708e-05,-0.00274431,-0.00343688,1,0.00146825,-0.00070397,0.00070397,0.00146825,1,1,0.000903178,0.00140508,-0.000199208,6.31692e-05,0,0,0,0,0,0,0,0,0,0,0,0,0,0,0,0,0,0,0,0,0,0,0,255,0.22,2.07818,0.22,-9.99446e-06,0.000539781,1,1,1,1,0,1,1,-0.291342,-3.20819,0.125925,0.00137739,0.0038246,0.0254922,14.2062,25525,1,367,207.806,6381,0,0.000884653,0.0113515,0.0108204,0,0,0,1,500,0.225,1.19468e-05,2.48748e-05,5.59683e-06,-2.68803e-06,4.90772e-06,-3.80305e-06,0.366081,0.0660281,0.0115916,0.000214707,-0.211536,0.000824888,0.000284261,0.00137706,14.0041,1,0,0,0,0,0,-1,1,-9.04621e-07,-3.41779e-06,-0.211255,0,14.1828,1,1010,1010,1010,1010,0,0,0,0,14.4783,56,-0.000774048,-0.00154504,56,-0.001866,0.00622261,56,-0.00175218,0.00388891,56,-0.00115163,0.00151692,56,-0.00406968,0.000351523,56,0.00399537,-0.000220902,56,0.00146321,0.000384716,56,-0.0013927,-0.00068478,52,0.00215555,-0.000799378
5496726876628,5496711929000,5496711929000,5496726865350,73729,14.9363,5496742070871,30.1419,0,26171,102162,0,0,1,0,0,0.01198,500,500,500,1,2.70787,4.89881,0.624579,0.307762,-0.0039978,0.0144653,-1.64714e-05,2.82252e-05,-0.003507,-0.00422638,1,0.00235603,0.00137491,-0.00137491,0.00235603,1,1,-0.00060357,0.0024659,-0.000771339,-0.000109875,0,0,0,0,0,0,0,0,0,0,0,0,0,0,0,0,0,0,0,0,0,0,0,255,0.22,5.46143,0.22,-0.00150943,0.00158868,1,1,1,1,1,1,1,-0.291342,-3.20819,0.125925,0.00137739,0.0038246,0.0254922,29.9135,25525,1,367,15.6571,6382,0,0.000884653,0.0117257,0.0111084,0,0,0,1,500,0.225,-1.39237e-05,2.39605e-05,5.3911e-06,3.13283e-06,5.92854e-06,1.93125e-06,0.366087,0.06603,0.011594,0.000224158,-0.21147,0.000614097,-0.000494437,0.0032681,15.4148,2,0,0,0,0,0,-1,1,-9.04621e-07,-3.41779e-06,-0.211255,0,29.8939,1,1010,1010,1010,1010,0,0,0,0,30.1894,56,-0.000237026,0.00658442,56,-0.000848559,-0.000746307,56,5.66602e-05,0.00172932,56,-0.00586187,0.00336612,56,-0.00869835,0.00299938,56,0.00505867,0.00141268,56,0.00280842,-0.000315841,56,0.000476595,0.00648451,52,-0.00405812,0.00401624
5496742636431,5496731930000,5496731930000,5496742628912,73729,10.6989,5496756976630,25.0466,1,26172,102163,0,0,1,0,0,0.020001,500,500,500,1,2.68024,5.11243,0.605172,0.329447,-0.0462189,0.0232849,-0.000113772,6.51977e-05,-0.0085973,-0.00218363,1,0.00325972,0.00568834,-0.00568834,0.00325972,1,1,-0.00484522,0.00328061,-0.000843118,-2.08923e-05,0,0,0,0,0,0,0,0,0,0,0,0,0,0,0,0,0,0,0,0,0,0,0,255,0.22,1.59701,0.22,-0.00450816,0.00244299,1,1,1,1,0,1,1,-0.291342,-3.20819,0.125925,0.00137739,0.0038246,0.0254922,44.8309,25525,1,367,30.5749,6382,0,0.000884653,0.0117257,0.0111084,0,0,0,1,500,0.225,-9.64075e-05,5.52558e-05,1.24326e-05,2.16917e-05,1.67081e-05,1.85977e-05,0.366104,0.0660486,0.0115747,0.000216778,-0.211454,-6.64393e-05,-9.40154e-05,0.00298207,14.6219,2,0,0,0,0,0,-1,1,-9.04621e-07,-3.41779e-06,-0.211255,0,44.8106,1,1010,1010,1010,1010,0,0,0,0,45.1061,56,-0.0037396,0.00501539,56,-0.0055797,0.00373114,56,-0.00207463,0.00285326,56,-0.00711552,1.97039e-05,56,-0.00279484,0.00203836,56,-0.00576973,0.00206578,56,-0.00650327,0.00222565,56,-0.00820942,0.00195223,52,-0.00338735,0.00286549
5496757504041,5496739950000,5496739950000,5496757492393,73729,17.5424,5496770930789,30.9808,0,26172,102164,0,0,1,0,0,0.00802,500,500,500,1,2.72526,5.12902,0.590597,0.309724,-0.0112,0.0260925,5.64046e-07,5.20879e-05,0.00389489,-0.0117671,1,0.00649476,-7.03299e-05,7.03299e-05,0.00649476,1,1,-0.00043965,0.00651202,0.00050998,-1.72612e-05,0,0,0,0,0,0,0,0,0,0,0,0,0,0,0,0,0,0,0,0,0,0,0,255,0.22,6.17905,0.22,-0.00219596,0.00439309,1,1,1,1,0,1,1,-0.291359,-3.2082,0.125824,0.00079918,0.0039746,0.0253121,1.92388,25526,1,367,44.511,6382,0,0.000884653,0.0117257,0.0111084,0,0,0,1,500,0.225,4.41041e-07,4.41562e-05,9.93515e-06,-9.92342e-08,9.69289e-06,-2.18286e-06,0.366114,0.0660464,0.0115819,0.000214474,-0.211519,0.00063706,-7.76753e-05,-0.00132628,1.69259,2,0,0,0,0,0,-1,1,-9.04621e-07,-3.41779e-06,-0.211264,0,2.19957,1,1010,1010,1010,1010,0,0,0,0,2.20337,56,-0.00960417,0.00989241,56,0.0109206,0.00671783,56,-0.000519827,-0.00037541,56,0.00265429,-0.000430433,56,-0.0142349,0.0097586,56,-0.00350151,0.0150895,56,0.00206489,0.0166879,56,-0.00391077,0.00536338,52,-0.00492965,0.00231443
5496771435960,5496759950000,5496759950000,5496771430645,73729,11.4806,5496785696677,25.7467,1,26173,102165,0,0,1,0,0,0.02,500,500,500,1,2.6508,4.76148,0.736431,0.311706,-0.00564575,0.000213623,-1.30044e-05,1.43285e-05,-0.00363808,-0.00330077,1,0.000716427,0.00065022,-0.00065022,0.000716427,1,1,-0.00175424,0.000742173,0.00110402,-2.5746e-05,0,0,0,0,0,0,0,0,0,0,0,0,0,0,0,0,0,0,0,0,0,0,0,255,0.22,-0.048352,0.22,-0.000508299,0.000199029,1,1,1,1,0,1,1,-0.291359,-3.2082,0.125824,0.00079918,0.0039746,0.0253121,16.699,25526,1,367,59.286,6382,0,0.000884653,0.0117257,0.0111084,0,0,0,1,500,0.225,-1.09571e-05,1.21694e-05,2.73811e-06,2.46535e-06,3.19471e-06,1.83529e-06,0.366117,0.0660483,0.0115954,0.00022313,-0.211551,0.000935677,-0.000115857,-0.00322591,14.5319,1,0,0,0,0,0,-1,1,-9.04621e-07,-3.41779e-06,-0.211264,0,16.9711,1,1010,1010,1010,1010,0,0,0,0,16.9749,56,0.000991809,0.00206006,56,0.00381278,0.00147874,56,-0.000819046,0.000254086,56,-0.00318343,0.00296394,56,2.71082e-05,-0.0019007,56,-0.000824675,-0.000750298,56,-0.00324609,-0.000990709,56,-0.00074876,-0.00107002,52,-0.000276913,0.00273976
5496786216236,5496771928000,5496771928000,5496786204366,73729,14.2764,5496803177288,31.2493,0,26173,102166,0,0,1,0,0,0.011978,500,500,500,1,2.70863,6.48044,0.596023,0.311021,0.0153656,0.00907898,4.54459e-05,5.89852e-05,-0.000631603,-0.010372,1,0.00492446,-0.00379411,0.00379411,0.00492446,1,1,0.00284747,0.00485435,0.000946641,7.01073e-05,0,0,0,0,0,0,0,0,0,0,0,0,0,0,0,0,0,0,0,0,0,0,0,255,0.22,4.59085,0.22,0.00266494,0.00284014,1,1,1,1,1,1,1,-0.291359,-3.2082,0.125824,0.00079918,0.0039746,0.0253121,34.1778,25526,1,367,76.7647,6382,0,0.000884653,0.0117257,0.0111084,0,0,0,1,500,0.225,3.8564e-05,5.00077e-05,1.12517e-05,-8.67691e-06,9.17877e-06,-1.08457e-05,0.366126,0.0660374,0.0115896,0.000225661,-0.211577,0.00110782,0.000315483,-0.00252165,17.23,1,0,0,0,0,0,-1,1,-9.04621e-07,-3.41779e-06,-0.211264,0,34.4516,1,1010,1010,1010,1010,0,0,0,0,34.4554,56,0.00649435,0.00684591,56,0.000532689,0.0131523,56,0.00761518,0.00468121,56,-0.00167336,-0.00198818,56,0.0100058,-0.00505359,56,0.00599651,0.00161523,56,0.00256772,0.00262896,56,0.00150545,0.0030193,52,-0.00255827,0.00444447
5496803738089,5496791918000,5496791918000,5496803732811,73729,11.8148,5496818264437,26.3464,1,26174,102167,0,0,1,0,0,0.01999,500,500,500,1,2.66696,5.28552,0.672505,0.309132,0.00566101,-0.0372925,8.38974e-06,-9.37347e-05,0.000911991,0.00693766,1,-0.00468908,-0.000419697,0.000419697,-0.00468908,1,1,0.000487496,-0.00463608,-6.77991e-05,-5.30041e-05,0,0,0,0,0,0,0,0,0,0,0,0,0,0,0,0,0,0,0,0,0,0,0,255,0.22,1.82976,0.22,-0.000678013,-0.00327494,1,1,1,1,0,1,1,-0.291359,-3.2082,0.125824,0.00079918,0.0039746,0.0253121,49.2666,25526,1,367,91.8535,6382,0,0.000884653,0.0117257,0.0111084,0,0,0,1,500,0.225,7.05395e-06,-7.94741e-05,-1.78817e-05,-1.58714e-06,-1.78163e-05,2.20313e-06,0.366108,0.0660396,0.0115906,0.000222506,-0.211554,0.000173669,-0.000238519,0.000383012,14.8086,2,0,0,0,0,0,-1,1,-9.04621e-07,-3.41779e-06,-0.211271,0,0.25265,1,1010,1010,1010,1010,0,0,0,0,0.256706,56,-0.00664893,-0.00156707,56,0.00387056,-0.00603472,56,-0.00118931,-0.0044017,56,0.00222142,-0.00782087,56,0.000985131,-0.00542907,56,-0.00245424,-0.00306922,56,0.00561348,-0.00562061,56,0.000164145,-0.00151898,52,-0.00122348,-0.00572874
5496818792182,5496799946000,5496799946000,5496818779386,73729,18.8334,5496831758853,31.8129,0,26174,102168,0,0,1,0,0,0.008028,500,500,500,1,2.7148,4.6818,0.657283,0.333836,0.025177,-0.0136032,8.64268e-05,-4.47034e-05,0.0181573,-0.00940668,1,-0.00556843,-0.0107657,0.0107657,-0.00556843,1,1,0.0114396,-0.00545968,-0.000673933,-0.00010875,0,0,0,0,0,0,0,0,0,0,0,0,0,0,0,0,0,0,0,0,0,0,0,255,0.22,6.62662,0.22,0.00592895,-0.00411307,1,1,1,1,0,1,1,-0.291398,-3.20819,0.125792,0.0012573,0.00404298,0.0253798,13.4781,25527,1,367,105.349,6382,0,0.000884653,0.0117257,0.0111084,0,0,0,1,500,0.225,7.32924e-05,-3.78037e-05,-8.50583e-06,-1.64908e-05,-1.17783e-05,-1.43363e-05,0.366097,0.0660253,0.0115867,0.000211867,-0.211527,0.000620045,-0.000489375,0.00292219,13.2364,1,0,0,0,0,0,-1,1,-9.04621e-07,-3.41779e-06,-0.211271,0,13.7632,1,1010,1010,1010,1010,0,0,0,0,13.7672,56,0.0169559,-0.00225973,56,0.0058073,-0.0127298,56,0.00752951,-0.000125142,56,0.00384275,0.00697394,56,0.0115948,-0.00401827,56,0.00441298,-0.00380976,56,0.0104222,0.00149895,56,0.00340744,-0.00780618,52,0.0153182,-0.00458561
5496832290042,5496819945000,5496819945000,5496832284357,73729,12.3394,5496847096467,27.1515,1,26175,102169,0,0,1,0,0,0.019999,500,500,500,1,2.65239,5.34628,0.731931,0.310114,-0.0536346,0.0257034,-9.21754e-05,9.31717e-05,-0.00365468,-0.0084861,1,0.00465882,0.004609,-0.004609,0.00465882,1,1,-0.00373332,0.00476714,-0.000875682,-0.00010832,0,0,0,0,0,0,0,0,0,0,0,0,0,0,0,0,0,0,0,0,0,0,0,255,0.22,-0.066278,0.22,-0.00465276,0.00282086,1,1,1,1,0,1,1,-0.291398,-3.20819,0.125792,0.0012573,0.00404298,0.0253798,28.8176,25527,1,367,120.688,6382,0,0.000884653,0.0117257,0.0111084,0,0,0,1,500,0.225,-7.81159e-05,7.89575e-05,1.77654e-05,1.75761e-05,2.10589e-05,1.34541e-05,0.366118,0.0660387,0.0115726,0.000210509,-0.211486,-4.5057e-05,-0.000487438,0.00311641,15.0537,2,0,0,0,0,0,-1,1,-9.04621e-07,-3.41779e-06,-0.211271,0,29.084,1,1010,1010,1010,1010,0,0,0,0,29.0881,56,-0.00604596,0.0103832,56,-0.00679697,0.00729936,56,-0.00116705,-0.00139672,56,-0.00623599,0.00160233,56,-0.00414835,0.0065873,56,-0.00420736,0.000107953,56,-0.00819689,0.00303263,56,-0.00496097,0.00503715,52,-0.00720994,0.00382436
5496847612063,5496831920000,5496831920000,5496847601489,73729,15.6815,5496862888936,30.9689,0,26175,102170,0,0,1,0,0,0.011975,500,500,500,1,2.70187,4.63994,0.711172,0.318262,-0.0068512,0.0205688,-3.6228e-05,5.7245e-05,-0.00596519,-0.00366447,1,0.00478037,0.0030253,-0.0030253,0.00478037,1,1,-0.00258671,0.00480572,-0.000438592,-2.53427e-05,0,0,0,0,0,0,0,0,0,0,0,0,0,0,0,0,0,0,0,0,0,0,0,255,0.22,5.11596,0.22,-0.00183104,0.00348745,1,1,1,1,1,1,1,-0.291398,-3.20819,0.125792,0.0012573,0.00404298,0.0253798,44.6026,25527,1,367,136.473,6382,0,0.000884653,0.0117257,0.0111084,0,0,0,1,500,0.225,-3.07562e-05,4.84823e-05,1.09085e-05,6.92013e-06,1.2118e-05,4.47561e-06,0.36613,0.0660432,0.0115699,0.000208523,-0.211489,-7.43733e-05,-0.000114042,0.00151943,15.5372,1,0,0,0,0,0,-1,1,-9.04621e-07,-3.41779e-06,-0.211271,0,44.8771,1,1010,1010,1010,1010,0,0,0,0,0.225613,56,-0.00260391,0.000695913,56,0.00413358,0.015008,56,-0.00741088,0.00868754,56,-0.014637,0.0104537,56,0.00399628,-0.000364649,56,-0.000184078,0.00404178,56,-0.00418542,-1.01623e-05,56,0.000239939,0.0023506,52,-0.00151931,0.00263727
5496863442477,5496851931000,5496851931000,5496863435681,73729,11.5047,5496878839147,26.9081,1,26176,102171,0,0,1,0,0,0.020011,500,500,500,1,2.67574,5.07245,0.673968,0.309576,0.0074234,0.0349579,1.06653e-05,6.58118e-05,-0.00140618,-0.0015887,1,0.00328878,-0.000532974,0.000532974,0.00328878,1,1,0.000512125,0.00331455,2.08492e-05,-2.57662e-05,0,0,0,0,0,0,0,0,0,0,0,0,0,0,0,0,0,0,0,0,0,0,0,255,0.22,0.665468,0.22,0.000419338,0.00287671,1,1,1,1,0,1,1,-0.291401,-3.20821,0.125826,0.00100331,0.00354703,0.0249179,15.9,25528,1,367,152.426,6382,0,0.000884653,0.0117257,0.0111084,0,0,0,1,500,0.225,9.05074e-06,5.57487e-05,1.25434e-05,-2.03642e-06,1.18365e-05,-4.62408e-06,0.366142,0.0660386,0.011571,0.000207614,-0.211497,0.000707016,-0.000115948,0.000490555,15.6969,1,0,0,0,0,0,-1,1,-9.04621e-07,-3.41779e-06,-0.21126,0,0.257113,1,1010,1010,1010,1010,0,0,0,0,16.1755,56,0.00141773,0.0044562,56,-0.00296954,0.00604208,56,0.00111584,0.00231326,56,0.00318041,0.0019777,56,0.0019655,0.00254494,56,0.000581103,0.00731896,56,-0.000341303,0.00596694,56,9.4785e-05,0.00260852,52,0.00161246,0.00421725
5496879356429,5496867967000,5496867967000,5496879349373,73729,11.3824,5496892513601,24.5466,1,26177,102172,0,0,1,0,0,0.016036,500,500,485,0.97,2.70174,4.60957,0.629301,0.300262,0.0217285,0.0403748,4.2223e-05,9.46663e-05,0.00188456,0.000617339,1,0.00590336,-0.00263301,0.00263301,0.00590336,1,1,0.00225655,0.00592823,0.000376457,-2.48651e-05,0,0,0,0,0,0,0,0,0,0,0,0,0,0,0,0,0,0,0,0,0,0,0,255,0.22,6.40871,0.22,0.00150518,0.00452161,1,1,1,1,0,1,1,-0.291401,-3.20821,0.125826,0.00100331,0.00354703,0.0249179,29.5764,25528,1,367,166.102,6382,0,0.000884653,0.0117257,0.0111084,0,0,0,1,485,0.225,3.57479e-05,8.01373e-05,1.80309e-05,-8.04328e-06,1.59403e-05,-1.16492e-05,0.366157,0.0660269,0.0115804,0.000204228,-0.211531,0.000800578,-0.000111893,-0.000714785,13.3905,2,0,0,0,0,0,-1,1,-9.04621e-07,-3.41779e-06,-0.21126,0,13.9369,1,1010,1010,1010,1010,0,0,0,0,29.8553,56,-0.00925944,0.00680629,56,0.00563878,0.0158433,42,0.00469443,0.00544339,56,0.00675124,0.00361738,56,0.00297756,0.00227256,55,0.00317862,0.00624735,56,-0.0012143,0.000807586,56,0.00430117,0.00446799,52,0.00158723,0.000875263
5496893027456,5496879937000,5496879937000,5496893015808,73729,13.0788,5496906264073,26.3271,0,26177,102173,0,0,1,0,0,0.01197,500,500,500,1,2.73639,4.95642,0.606245,0.311873,0.016037,-0.0522232,3.15805e-05,-0.000130337,0.00217391,0.0101791,1,-0.0108886,-0.00263831,0.00263831,-0.0108886,1,1,0.00230132,-0.0108014,0.000336986,-8.72585e-05,0,0,0,0,0,0,0,0,0,0,0,0,0,0,0,0,0,0,0,0,0,0,0,255,0.22,-0.202761,0.22,0.00115722,-0.00703477,1,1,1,1,0,1,1,-0.291401,-3.20821,0.125826,0.00100331,0.00354703,0.0249179,43.3357,25528,1,367,179.861,6382,0,0.000884653,0.0117257,0.0111084,0,0,0,1,500,0.225,2.68094e-05,-0.00011041,-2.48423e-05,-6.03212e-06,-2.5555e-05,-6.80806e-07,0.366132,0.0660263,0.0115814,0.000200743,-0.211557,0.00042071,-0.000392663,-0.000876582,13.4668,2,0,0,0,0,0,-1,1,-9.04621e-07,-3.41779e-06,-0.21126,0,27.7015,1,1010,1010,1010,1010,0,0,0,0,43.6199,56,0.00645013,-0.00809025,56,0.00479871,-0.0309372,56,0.0045367,-0.0112013,56,0.00288574,-0.0112518,56,-0.00379327,-0.00681111,56,-0.000193132,-0.00999389,56,0.00887427,-0.00925441,56,0.00252507,-0.00566918,52,-0.000205604,-0.00446527
5496906800985,5496887958000,5496887958000,5496906789614,73729,18.8316,5496923018457,35.0605,0,26177,102174,0,0,1,0,0,0.008021,500,500,498,0.996,2.70339,6.82464,0.666005,0.317021,-0.00292969,0.00424957,1.70096e-05,2.60004e-05,0.0032393,-0.00475831,1,0.00324154,-0.00212063,0.00212063,0.00324154,1,1,0.00245031,0.00334342,-0.000329678,-0.000101877,0,0,0,0,0,0,0,0,0,0,0,0,0,0,0,0,0,0,0,0,0,0,0,255,0.22,3.43654,0.22,0.000510228,0.00189008,1,1,1,1,1,1,1,-0.291445,-3.20821,0.125957,0.000449331,0.00404615,0.0251792,5.77986,25529,1,367,5.72128,6383,0,0.000884653,0.0113399,0.0111918,0,0,0,1,498,0.225,1.4388e-05,2.20325e-05,4.95732e-06,-3.2373e-06,4.16719e-06,-4.20573e-06,0.366136,0.0660221,0.0115615,0.000179004,-0.211524,0.000100102,-0.000458446,0.00126692,5.54184,2,0,0,0,0,0,-1,1,-9.04621e-07,-3.41779e-06,-0.211269,0,6.05049,1,1010,1010,1010,1010,0,0,0,0,6.05495,56,0.00344711,-0.000365511,56,0.00184146,0.0109108,54,-0.00806307,-0.0111141,56,-0.005587,0.00657895,56,0.0117646,0.00176823,56,0.0061316,0.00211158,56,-0.00024366,-0.000601787,56,-0.00487163,0.000838404,52,4.67349e-05,0.00248491
5496923580387,5496907957000,5496907957000,5496923574147,73729,15.6171,5496937792752,29.8358,1,26178,102175,0,0,1,0,0,0.019999,500,500,500,1,2.6708,5.05789,0.594949,0.311706,-0.0274811,-0.0177002,-6.97212e-05,-4.0728e-05,-0.00486053,0.00214716,1,-0.0020365,0.00348624,-0.00348624,-0.0020365,1,1,-0.00282956,-0.00195086,-0.000656674,-8.56464e-05,0,0,0,0,0,0,0,0,0,0,0,0,0,0,0,0,0,0,0,0,0,0,0,255,0.22,-0.081834,0.22,-0.0027627,-0.00125674,1,1,1,1,0,1,1,-0.291445,-3.20821,0.125957,0.000449331,0.00404615,0.0251792,20.5714,25529,1,367,20.5129,6383,0,0.000884653,0.0113399,0.0111918,0,0,0,1,500,0.225,-5.90983e-05,-3.45401e-05,-7.77152e-06,1.32971e-05,-4.807e-06,1.46314e-05,0.366131,0.0660367,0.0115781,0.00019094,-0.211506,0.000348512,-0.000385409,0.00264284,14.5296,1,0,0,0,0,0,-1,1,-9.04621e-07,-3.41779e-06,-0.211269,0,20.8521,1,1010,1010,1010,1010,0,0,0,0,20.8566,56,-0.00658497,-0.00269967,56,-0.00118398,-0.000967672,56,-0.00094545,0.0015193,56,-0.00318549,-0.00235561,56,-0.00853294,0.00291727,56,-0.00278543,-0.00727348,56,-0.00322257,-0.00189094,56,-0.00391574,-0.00457067,52,-0.00460449,-0.00246002
5496938342664,5496927966000,5496927966000,5496938336867,73729,10.3709,5496953305497,25.3395,1,26179,102176,0,0,1,0,0,0.020009,500,500,500,1,2.79265,4.65689,0.660282,0.316928,0.00469971,-0.00728607,-4.19973e-07,-1.5071e-05,-0.00140519,-0.000951499,1,-0.000753211,2.09892e-05,-2.09892e-05,-0.000753211,1,1,0.000469227,-0.000690189,-0.000490216,-6.3022e-05,0,0,0,0,0,0,0,0,0,0,0,0,0,0,0,0,0,0,0,0,0,0,0,255,0.22,4.51994,0.22,-0.000374235,-0.000249131,1,1,1,1,0,1,1,-0.291445,-3.20821,0.125957,0.000449331,0.00404615,0.0251792,36.0689,25529,1,367,36.0104,6383,0,0.000884653,0.0113399,0.0111918,0,0,0,1,500,0.225,-3.85187e-07,-1.27647e-05,-2.87206e-06,8.6667e-08,-2.78988e-06,6.87595e-07,0.366129,0.0660374,0.0115767,0.000176501,-0.21148,0.00115002,-0.000283599,0.00268479,15.2396,1,0,0,0,0,0,-1,1,-9.04621e-07,-3.41779e-06,-0.211269,0,36.339,1,1010,1010,1010,1010,0,0,0,0,36.3435,56,-0.00437706,0.00173211,56,0.0014457,-0.00328487,56,0.00221583,-0.000451622,56,-1.88947e-05,0.00149041,56,0.00304077,-0.00333997,56,-0.00351615,-0.00190431,56,0.00019387,-0.00273636,56,0.000768491,-0.000100866,52,0.000716045,0.00042749
5496953812797,5496939950000,5496939950000,5496953802371,73729,13.8524,5496968350609,28.4006,0,26179,102177,0,0,1,0,0,0.011984,500,500,500,1,2.69504,5.04243,0.71445,0.311984,-0.0397034,-0.00145721,-5.71323e-05,1.06321e-05,0.00335569,-0.00858299,1,0.000887188,0.00476738,-0.00476738,0.000887188,1,1,-0.0042142,0.00103293,-0.000553186,-0.000145741,0,0,0,0,0,0,0,0,0,0,0,0,0,0,0,0,0,0,0,0,0,0,0,255,0.22,-0.284391,0.22,-0.00565103,0.000370714,1,1,1,1,0,1,1,-0.291445,-3.20821,0.125957,0.000449331,0.00404615,0.0251792,51.1163,25529,1,367,51.0577,6383,0,0.000884653,0.0113399,0.0111918,0,0,0,1,500,0.225,-4.84005e-05,9.05096e-06,2.03647e-06,1.08901e-05,4.27678e-06,1.02193e-05,0.366133,0.0660476,0.0115743,0.000177547,-0.211471,0.000166846,-0.000655836,0.00212495,14.7473,2,0,0,0,0,0,-1,1,-9.04621e-07,-3.41779e-06,-0.211227,0,0.255261,1,1010,1010,1010,1010,0,0,0,0,0.259094,56,0.0041817,0.00285876,56,-0.00671207,0.0011422,56,-0.00350596,-0.00361401,56,-0.010409,0.00204183,56,-0.00764592,0.00172294,56,-0.00922206,0.00212672,56,-0.00675996,0.00126608,56,-0.00548018,-0.00163584,52,-0.00190084,0.000868846
5496968876187,5496959938000,5496959938000,5496968870428,73729,8.93243,5496981993655,22.0557,1,26180,102178,0,0,1,0,0,0.019988,500,500,489,0.978,2.72015,4.63694,0.662191,0.305613,0.0256348,0.0446014,1.73341e-05,5.41266e-05,-0.00618667,0.00646348,1,0.00270796,-0.000867228,0.000867228,0.00270796,1,1,0.000834456,0.00253168,3.27711e-05,0.000176272,0,0,0,0,0,0,0,0,0,0,0,0,0,0,0,0,0,0,0,0,0,0,0,255,0.22,4.61411,0.22,0.00142088,0.00367063,1,1,1,1,1,1,1,-0.291459,-3.20822,0.12585,0.00124629,0.00350825,0.0247067,13.6206,25530,1,367,64.6983,6383,0,0.000884653,0.0113399,0.0111918,0,0,0,1,489,0.225,1.46566e-05,4.57797e-05,1.03004e-05,-3.29774e-06,9.37876e-06,-5.38621e-06,0.366142,0.0660422,0.0115696,0.000185864,-0.211482,0.000660074,0.000793224,0.000410083,13.3872,1,0,0,0,0,0,-1,1,-9.04621e-07,-3.41779e-06,-0.211227,0,13.8841,1,1010,1010,1010,1010,0,0,0,0,13.8879,56,-0.00331118,-0.000232289,56,0.00535715,0.00645484,45,-0.000659716,0.00636442,56,0.00735881,0.00225985,56,-0.00133157,0.00101387,56,0.000134861,0.00301937,56,0.00485113,0.00354949,56,0.00442503,0.00469599,52,-0.0015357,0.000141467
5496982549344,5496967960000,5496967960000,5496982536622,73729,14.5766,5496995817888,27.8579,0,26180,102179,0,0,1,0,0,0.008022,500,500,500,1,2.69602,4.93763,0.670098,0.339151,0.0032959,0.0222626,8.68343e-06,4.70055e-05,0.00504679,-0.0101962,1,0.00585957,-0.00108245,0.00108245,0.00585957,1,1,0.000794796,0.00577859,0.000287656,8.09762e-05,0,0,0,0,0,0,0,0,0,0,0,0,0,0,0,0,0,0,0,0,0,0,0,255,0.22,7.72226,0.22,-0.000108532,0.00385817,1,1,1,1,0,1,1,-0.291459,-3.20822,0.12585,0.00124629,0.00350825,0.0247067,27.4501,25530,1,367,78.5278,6383,0,0.000884653,0.0113399,0.0111918,0,0,0,1,500,0.225,7.42643e-06,3.98784e-05,8.97263e-06,-1.67095e-06,8.42187e-06,-3.51736e-06,0.366151,0.0660387,0.011567,0.000190601,-0.21152,0.000150071,0.000364393,-0.000915505,13.5407,2,0,0,0,0,0,-1,1,-9.04621e-07,-3.41779e-06,-0.211227,0,27.7453,1,1010,1010,1010,1010,0,0,0,0,27.7492,56,0.00535323,0.0196294,56,-0.0025426,0.00276115,56,0.0074769,0.00148305,56,-0.00709497,0.00566588,56,-0.000754023,0.0135542,56,0.00066316,0.00290186,56,0.00550863,0.00292081,56,-0.002586,0.000150246,52,0.00875435,0.0163385
5496996367725,5496987964000,5496987964000,5496996362225,73729,8.39823,5497011876044,23.912,1,26181,102180,0,0,1,0,0,0.020004,500,500,484,0.968,2.67396,6.68481,0.67669,0.301928,0.0233917,0.00294495,7.8962e-05,-6.09279e-06,0.00442225,0.00291841,1,-0.000304578,-0.00394731,0.00394731,-0.000304578,1,1,0.0036224,-0.000349037,0.000324915,4.44584e-05,0,0,0,0,0,0,0,0,0,0,0,0,0,0,0,0,0,0,0,0,0,0,0,255,0.22,1.67853,0.22,0.00190779,-0.000392787,1,1,1,1,0,1,1,-0.291459,-3.20822,0.12585,0.00124629,0.00350825,0.0247067,43.5062,25530,1,367,94.5839,6383,0,0.000884653,0.0113399,0.0111918,0,0,0,1,484,0.225,6.69312e-05,-5.17009e-06,-1.16327e-06,-1.50595e-05,-4.29898e-06,-1.44786e-05,0.366146,0.0660242,0.0115632,0.000188811,-0.211528,0.000395036,0.000200063,-0.000853663,15.803,1,0,0,0,0,0,-1,1,-9.04621e-07,-3.41779e-06,-0.211227,0,43.7889,1,1010,1010,1010,1010,0,0,0,0,0.102204,56,0.00177849,-0.00154493,56,0.00215533,-0.00473345,40,0.00181739,-0.0015451,56,0.00394648,-5.97196e-06,56,0.0028917,0.000501345,56,0.00889476,-0.000290216,56,0.00303085,0.00157958,56,0.00154171,0.00264143,52,0.0014267,-0.000552882
5497012406326,5496999977000,5496999977000,5497012395492,73729,12.4185,5497027018934,27.0419,0,26181,102181,0,0,1,0,0,0.012013,500,500,500,1,2.69939,4.82213,0.688579,0.317873,0.000823975,-0.0135422,-5.13502e-06,-3.39049e-05,7.86532e-05,0.000685675,1,-0.00282235,0.000427456,-0.000427456,-0.00282235,1,1,-0.00027242,-0.00275432,-0.000155036,-6.80363e-05,0,0,0,0,0,0,0,0,0,0,0,0,0,0,0,0,0,0,0,0,0,0,0,255,0.22,7.57383,0.22,-0.000230234,-0.00235587,1,1,1,1,0,1,1,-0.291459,-3.20822,0.12585,0.00124629,0.00350825,0.0247067,58.6501,25530,1,367,109.728,6383,0,0.000884653,0.0113399,0.0111918,0,0,0,1,500,0.225,-4.3131e-06,-2.87347e-05,-6.46531e-06,9.70447e-07,-6.1175e-06,2.30609e-06,0.36614,0.0660265,0.0115562,0.000183273,-0.211514,-8.4614e-05,-0.000306163,0.000490438,14.8394,1,0,0,0,0,0,-1,1,-9.04621e-07,-3.41779e-06,-0.211247,0,0.255483,1,1010,1010,1010,1010,0,0,0,0,15.2361,56,0.00262118,-0.00324717,56,-0.0148781,-0.00168534,56,0.00075971,-0.00490858,56,0.00336482,-0.00456734,56,0.00462149,0.00086152,56,-0.00753395,0.00016143,56,-0.00176301,-0.00443815,56,0.00700802,-0.00167318,52,-0.0018698,-0.000651593
5497027542216,5497007958000,5497007958000,5497027531494,73729,19.5735,5497040595646,32.6376,0,26181,102182,0,0,1,0,0,0.007981,500,500,500,1,2.70235,4.68596,0.718376,0.320354,-0.0137939,0.00868225,-6.09745e-06,4.53742e-05,-0.000636986,-0.0250472,1,0.00568527,0.000763996,-0.000763996,0.00568527,1,1,-0.000315498,0.00564281,-0.000448498,4.24581e-05,0,0,0,0,0,0,0,0,0,0,0,0,0,0,0,0,0,0,0,0,0,0,0,255,0.22,2.44118,0.22,-0.00232353,0.00225377,1,1,1,1,1,1,1,-0.291477,-3.20825,0.125776,0.00049466,0.00371753,0.0246893,13.557,25531,1,367,123.301,6383,0,0.000884653,0.0113399,0.0111918,0,0,0,1,500,0.225,-5.18354e-06,3.8487e-05,8.65957e-06,1.1663e-06,8.71145e-06,-6.77388e-07,0.366149,0.0660258,0.0115731,0.000194805,-0.211471,0.000725764,0.000191061,0.0021952,13.2781,2,0,0,0,0,0,-1,1,-9.04621e-07,-3.41779e-06,-0.211247,0,13.8266,1,1010,1010,1010,1010,0,0,0,0,28.8072,56,-0.0177541,0.0166246,56,0.00930406,0.000834842,56,-0.00671152,0.00864051,56,-0.00176337,-0.00220784,56,-0.0122158,-0.00226536,56,0.00113471,0.00751493,56,0.00389502,0.00139381,56,-0.00215318,0.00175835,52,-0.00529279,0.0121153
5497041164262,5497027957000,5497027957000,5497041156873,73729,13.1999,5497056341263,28.3843,1,26182,102183,0,0,1,0,0,0.019999,500,500,500,1,2.69541,4.63903,0.628838,0.331873,-0.00499725,-0.0455627,-7.06175e-06,-6.51102e-05,-0.00316167,0.000475586,1,-0.00325567,0.000353105,-0.000353105,-0.00325567,1,1,0.000180726,-0.00319139,-0.000533831,-6.42791e-05,0,0,0,0,0,0,0,0,0,0,0,0,0,0,0,0,0,0,0,0,0,0,0,255,0.22,5.27998,0.22,-0.00078112,-0.00318864,1,1,1,1,0,1,1,-0.291477,-3.20825,0.125776,0.00049466,0.00371753,0.0246893,29.2989,25531,1,367,139.043,6383,0,0.000884653,0.0113399,0.0111918,0,0,0,1,500,0.225,-5.96319e-06,-5.52154e-05,-1.24235e-05,1.34172e-06,-1.18652e-05,3.91908e-06,0.366137,0.0660298,0.0115768,0.000189561,-0.211443,0.00101684,-0.000289256,0.00273526,15.4433,2,0,0,0,0,0,-1,1,-9.04621e-07,-3.41779e-06,-0.211247,0,29.5733,1,1010,1010,1010,1010,0,0,0,0,44.5539,56,-0.00546152,-0.00576966,56,-0.00138205,0.00202558,56,0.000993068,-0.00451229,56,0.000561804,-0.00315567,56,-0.000890435,-0.00240865,56,-0.00113733,-0.00279066,56,-0.00344763,-0.00643436,56,-0.00110945,-0.0063212,52,0.00554476,-0.00539999
5497056854601,5497047955000,5497047955000,5497056849638,73729,8.89464,5497072200604,24.2456,1,26183,102184,0,0,1,0,0,0.019998,500,500,500,1,2.72276,5.20613,0.618764,0.319373,-0.0116272,0.00726318,-4.75956e-05,1.12708e-05,-0.00300939,0.000100124,1,0.000563598,0.00238002,-0.00238002,0.000563598,1,1,-0.00213659,0.000690506,-0.000243428,-0.000126908,0,0,0,0,0,0,0,0,0,0,0,0,0,0,0,0,0,0,0,0,0,0,0,255,0.22,1.29779,0.22,-0.00271541,0.000807713,1,1,1,1,0,1,1,-0.291488,-3.20825,0.125851,0.00130664,0.00386486,0.0247575,2.75804,25532,1,367,154.902,6383,0,0.000884653,0.0113399,0.0111918,0,0,0,1,500,0.225,-4.03411e-05,9.5447e-06,2.14756e-06,9.07676e-06,4.00482e-06,8.42318e-06,0.366141,0.0660382,0.0115478,0.000173235,-0.211473,-0.000544949,-0.000571086,0.00044038,2.50305,2,0,0,0,0,0,-1,1,-9.04621e-07,-3.41779e-06,-0.211218,0,3.024,1,1010,1010,1010,1010,0,0,0,0,3.02823,56,-0.000778179,-0.000601067,56,-0.00729926,0.00151188,56,-0.000622849,-1.35001e-05,56,-0.00179165,-0.000348189,56,-0.000805761,-0.00187451,56,0.00123911,0.00299583,56,-0.000963079,0.002431,56,-0.00198186,0.000886508,52,-0.00247667,-6.75211e-05
5497072697459,5497059932000,5497059932000,5497072686181,73729,12.7542,5497087093992,27.162,0,26183,102185,0,0,1,0,0,0.011977,500,500,500,1,2.68561,4.96141,0.665023,0.322243,-0.0255661,0.00238037,-3.77867e-05,-6.09964e-06,0.000261694,0.00635055,1,-0.00050928,0.00315494,-0.00315494,-0.00050928,1,1,-0.00359869,-0.000520292,0.000443751,1.10122e-05,0,0,0,0,0,0,0,0,0,0,0,0,0,0,0,0,0,0,0,0,0,0,0,255,0.22,6.81459,0.22,-0.00319211,0.000602663,1,1,1,1,0,1,1,-0.291488,-3.20825,0.125851,0.00130664,0.00386486,0.0247575,17.658,25532,1,367,169.802,6383,0,0.000884653,0.0113399,0.0111918,0,0,0,1,500,0.225,-3.20736e-05,-5.19472e-06,-1.16881e-06,7.21656e-06,3.72148e-07,7.30064e-06,0.366141,0.0660455,0.0115497,0.000183797,-0.211507,-0.000552187,4.9555e-05,-0.00203926,14.6541,1,0,0,0,0,0,-1,1,-9.04621e-07,-3.41779e-06,-0.211218,0,17.9353,1,1010,1010,1010,1010,0,0,0,0,17.9396,56,-0.00896313,0.00998369,56,0.00264719,-0.0145549,56,-0.00289836,0.00392281,56,0.00332701,-0.0040677,56,0.00487255,0.0020476,56,-0.0120633,-0.00411804,56,-0.00777749,-0.00454619,56,-0.00346453,-0.000776392,52,-0.00411397,-0.000679224
5497087622663,5497075970000,5497075970000,5497087616978,73729,11.647,5497099965903,23.9959,1,26184,102186,0,0,1,0,0,0.016038,500,500,493,0.986,2.69774,4.52063,0.719395,0.316243,0.0158691,0.0395813,5.36167e-05,0.000104972,0.000899853,-0.012631,1,0.00654518,-0.00334311,0.00334311,0.00654518,1,1,0.00251,0.00638918,0.000833109,0.000155991,0,0,0,0,0,0,0,0,0,0,0,0,0,0,0,0,0,0,0,0,0,0,0,255,0.22,1.64992,0.22,0.00267183,0.0044773,1,1,1,1,1,1,1,-0.291488,-3.20825,0.125851,0.00130664,0.00386486,0.0247575,30.5657,25532,1,367,182.709,6383,0,0.000884653,0.0113399,0.0111918,0,0,0,1,493,0.225,4.54626e-05,8.89914e-05,2.00231e-05,-1.02291e-05,1.7429e-05,-1.42047e-05,0.366159,0.0660313,0.0115423,0.00018766,-0.211546,-7.11612e-05,0.000701959,-0.00305612,12.616,1,0,0,0,0,0,-1,1,-9.04621e-07,-3.41779e-06,-0.211218,0,30.8424,1,1010,1010,1010,1010,0,0,0,0,30.8467,56,0.00294616,0.00639213,56,0.00664891,0.00801338,52,0.000983181,0.00504831,56,-0.000883337,0.0119358,56,-0.00120973,0.0056973,56,0.00671311,0.00811177,53,0.000862533,0.00799301,56,-0.00308339,0.00390029,52,0.0050913,0.00403945
5497100583981,5497087952000,5497087952000,5497100572352,73729,12.6204,5497114092452,26.1405,0,26184,102187,0,0,1,0,0,0.011982,500,500,500,1,2.70195,4.62641,0.60506,0.336576,0.00271606,-2.28882e-05,1.39703e-05,-1.32333e-05,0.00831428,0.0050624,1,-0.00110443,-0.00116594,0.00116594,-0.00110443,1,1,0.000414841,-0.001105,0.000751102,5.60786e-07,0,0,0,0,0,0,0,0,0,0,0,0,0,0,0,0,0,0,0,0,0,0,0,255,0.22,4.44124,0.22,0.000930271,-0.000950573,1,1,1,1,0,1,1,-0.291488,-3.20825,0.125851,0.00130664,0.00386486,0.0247575,44.6949,25532,1,367,196.839,6383,0,0.000884653,0.0113399,0.0111918,0,0,0,1,500,0.225,1.17996e-05,-1.12171e-05,-2.52386e-06,-2.65491e-06,-3.02506e-06,-2.06555e-06,0.366156,0.0660292,0.01154,0.000181507,-0.211568,9.60659e-05,2.52353e-06,-0.00262711,13.8354,1,0,0,0,0,0,-1,1,-9.04621e-07,-3.41779e-06,-0.211296,0,0.282113,1,1010,1010,1010,1010,0,0,0,0,0.286354,56,0.00483894,-0.00559058,56,0.00931622,0.00109071,56,0.00211555,-0.00269302,56,0.0019485,0.000270366,56,0.00217653,-0.000854967,56,-0.00381826,0.000377273,56,-0.00262947,-0.000586071,56,0.00338424,3.70059e-05,52,0.00248698,-0.00225407
5497114668605,5497095970000,5497095970000,5497114657456,73729,18.6875,5497128674894,32.7049,0,26184,102188,0,0,1,0,0,0.008018,500,500,500,1,2.71704,4.91106,0.669653,0.352354,0.0179443,-0.00325775,1.03431e-05,-2.87884e-05,-0.00621073,0.00762318,1,-0.00359048,-0.00128999,0.00128999,-0.00359048,1,1,0.00107029,-0.00361169,0.000219701,2.12108e-05,0,0,0,0,0,0,0,0,0,0,0,0,0,0,0,0,0,0,0,0,0,0,0,255,0.22,8.20615,0.22,0.00290648,-0.00195101,1,1,1,1,0,1,1,-0.291487,-3.20828,0.12585,0.000952225,0.00319848,0.0241819,14.5598,25533,1,367,211.401,6383,0,0.000884653,0.0113399,0.0111918,0,0,0,1,500,0.225,8.805e-06,-2.44024e-05,-5.49055e-06,-1.98113e-06,-5.78411e-06,-7.83941e-07,0.36615,0.0660284,0.0115658,0.000184804,-0.211551,0.000953794,9.54484e-05,-2.78876e-05,13.998,2,0,0,0,0,0,-1,1,-9.04621e-07,-3.41779e-06,-0.211296,0,14.8337,1,1010,1010,1010,1010,0,0,0,0,14.838,56,0.00759555,0.00131556,56,-0.0224898,-0.0225363,56,-0.00655054,0.00143818,56,0.00437964,-0.00173002,56,0.0205132,0.0115439,56,0.00274365,0.00818672,56,0.0046721,-0.00960674,56,-0.00418576,0.0019145,52,0.00936532,-0.00358586
5497129234972,5497115968000,5497115968000,5497129225435,73729,13.2574,5497143141020,27.173,1,26185,102189,0,0,1,0,0,0.019998,500,500,500,1,2.71963,4.73041,0.663431,0.321169,0.0278625,0.0111237,4.15163e-05,5.14892e-05,-0.00533461,-0.00530011,1,0.00257472,-0.00207602,0.00207602,0.00257472,1,1,0.00263057,0.00272683,-0.000554549,-0.000152111,0,0,0,0,0,0,0,0,0,0,0,0,0,0,0,0,0,0,0,0,0,0,0,255,0.22,2.66543,0.22,0.00158895,0.000922937,1,1,1,1,0,1,1,-0.291487,-3.20828,0.12585,0.000952225,0.00319848,0.0241819,29.0069,25533,1,367,14.4024,6384,0,0.000884653,0.0113258,0.0114416,0,0,0,1,500,0.225,3.52436e-05,4.36319e-05,9.81718e-06,-7.92982e-06,7.93371e-06,-9.81359e-06,0.366158,0.0660186,0.0115645,0.000169734,-0.211513,0.0014635,-0.0006845,0.00316718,14.1664,1,0,0,0,0,0,-1,1,-9.04621e-07,-3.41779e-06,-0.211296,0,29.2839,1,1010,1010,1010,1010,0,0,0,0,29.2882,56,0.00149007,0.00653186,56,-1.26839e-05,0.0116898,56,0.00468789,-0.00221418,56,0.00167235,-0.00165798,56,-0.000177457,0.000106016,56,0.0030765,8.70152e-05,56,0.00154604,0.00208022,56,0.00283125,0.00201357,52,0.00269631,0.00211116
5497143699172,5497127949000,5497127949000,5497143687635,73729,15.7386,5497159287807,31.3388,0,26185,102190,0,0,1,0,0,0.011981,500,500,500,1,2.67626,4.97244,0.663097,0.319744,0.00634003,-0.006073,-1.95758e-06,-2.99934e-05,-0.00269284,0.0049323,1,-0.00250342,0.00016339,-0.00016339,-0.00250342,1,1,0.00102242,-0.00239081,-0.00118581,-0.00011261,0,0,0,0,0,0,0,0,0,0,0,0,0,0,0,0,0,0,0,0,0,0,0,255,0.22,6.1103,0.22,-0.00180098,-0.000972778,1,1,1,1,1,1,1,-0.291487,-3.20828,0.12585,0.000952225,0.00319848,0.0241819,45.1607,25533,1,367,30.5563,6384,0,0.000884653,0.0113258,0.0114416,0,0,0,1,500,0.225,-1.67396e-06,-2.54115e-05,-5.71759e-06,3.76641e-07,-5.51124e-06,1.56811e-06,0.366152,0.0660202,0.0115761,0.000176346,-0.211429,0.00116594,-0.000506747,0.00520168,15.8667,2,0,0,0,0,0,-1,1,-9.04621e-07,-3.41779e-06,-0.211296,0,45.4326,1,1010,1010,1010,1010,0,0,0,0,45.4368,56,-0.00311649,-0.00267536,56,0.00636633,-0.00555143,56,0.00292285,0.00498616,56,0.000659285,-0.00152564,56,-0.00504972,-0.00350847,56,-0.000850969,-0.0058396,56,0.00427255,0.001829,56,0.00580854,-0.00183951,52,-0.00469303,-0.00284115
5497159867126,5497147950000,5497147950000,5497159860811,73729,11.9108,5497174310363,26.3604,1,26186,102191,0,0,1,0,0,0.020001,500,500,500,1,2.69411,5.01772,0.59143,0.321613,-0.0338211,0.00383759,-6.20931e-05,2.28877e-05,-0.0023294,-0.00240353,1,0.00114433,0.0031045,-0.0031045,0.00114433,1,1,-0.00265503,0.00121383,-0.000449466,-6.94964e-05,0,0,0,0,0,0,0,0,0,0,0,0,0,0,0,0,0,0,0,0,0,0,0,255,0.22,2.85619,0.22,-0.00414503,0.00122461,1,1,1,1,0,1,1,-0.291476,-3.2083,0.125783,0.00144109,0.0038544,0.0245704,7.12142,25534,1,367,45.5688,6384,0,0.000884653,0.0113258,0.0114416,0,0,0,1,500,0.225,-5.26462e-05,1.93784e-05,4.36014e-06,1.18454e-05,6.74899e-06,1.06657e-05,0.366159,0.0660309,0.0115654,0.000171429,-0.211452,0.000276347,-0.000312734,0.00183916,6.88598,2,0,0,0,0,0,-1,1,-9.04621e-07,-3.41779e-06,-0.211197,0,7.39261,1,1010,1010,1010,1010,0,0,0,0,7.39717,56,-0.00418461,0.00097905,56,0.000393504,0.00386849,56,-0.00184021,-0.00212608,56,-0.000508653,-0.000213544,56,0.000315342,0.00719512,56,-0.00669626,0.00179047,56,-0.0046572,-0.00281064,56,-0.00763455,0.00185532,52,-0.00380432,0.000610287
5497174823015,5497155971000,5497155971000,5497174811385,73729,18.8404,5497187990576,32.0196,0,26186,102192,0,0,1,0,0,0.008021,500,500,496,0.992,2.69507,4.94298,0.677912,0.320817,-0.0189209,0.0082016,-5.3996e-05,1.61779e-05,-0.00399086,-0.00139358,1,0.00201694,0.00673183,-0.00673183,0.00201694,1,1,-0.00756291,0.00184674,0.000831078,0.000170198,0,0,0,0,0,0,0,0,0,0,0,0,0,0,0,0,0,0,0,0,0,0,0,255,0.22,7.67008,0.22,-0.00599415,0.00139624,1,1,1,1,0,1,1,-0.291476,-3.2083,0.125783,0.00144109,0.0038544,0.0245704,20.8378,25534,1,367,59.2853,6384,0,0.000884653,0.0113258,0.0114416,0,0,0,1,496,0.225,-4.58276e-05,1.36765e-05,3.0772e-06,1.03112e-05,5.1732e-06,9.43472e-06,0.366164,0.0660403,0.0115591,0.000181912,-0.21151,-0.000129205,0.000765891,-0.00309525,13.4365,1,0,0,0,0,0,-1,1,-9.04621e-07,-3.41779e-06,-0.211197,0,21.1151,1,1010,1010,1010,1010,0,0,0,0,21.1197,56,-0.0084271,0.00122275,56,0.00997601,0.00540918,56,-0.00754062,0.00247585,56,-0.00277868,0.00240196,56,-0.00398649,-0.00471534,56,-0.00890106,-0.0033266,52,-0.00657296,0.00497359,56,-0.00680544,-0.00491104,52,-0.00244245,0.00822836
5497188545747,5497175967000,5497175967000,5497188540172,73729,12.5732,5497202003421,26.0364,1,26187,102193,0,0,1,0,0,0.019996,500,500,499,0.998,2.73641,4.60072,0.596912,0.320465,-0.00836182,0.0213318,1.36011e-05,4.64988e-05,0.0081613,-0.00314087,1,0.0023254,-0.000680192,0.000680192,0.0023254,1,1,-0.000641246,0.00222888,0.00132144,9.65236e-05,0,0,0,0,0,0,0,0,0,0,0,0,0,0,0,0,0,0,0,0,0,0,0,255,0.22,1.10301,0.22,-0.000625199,0.00165751,1,1,1,1,0,1,1,-0.291476,-3.2083,0.125783,0.00144109,0.0038544,0.0245704,34.816,25534,1,367,73.2634,6384,0,0.000884653,0.0113258,0.0114416,0,0,0,1,499,0.225,1.15452e-05,3.9411e-05,8.86747e-06,-2.59766e-06,8.12429e-06,-4.40167e-06,0.366172,0.0660359,0.0115526,0.000179976,-0.211568,-0.000445369,0.000434356,-0.00511347,13.7224,1,0,0,0,0,0,-1,1,-9.04621e-07,-3.41779e-06,-0.211197,0,35.0884,1,1010,1010,1010,1010,0,0,0,0,35.0929,56,0.00448837,0.0033627,56,-0.00281805,0.00806376,55,0.00429226,-0.00195241,56,0.0025143,0.00267643,56,0.00116606,0.000162636,56,0.00242988,0.00397658,56,-0.00414083,0.00264884,56,-0.000225353,0.00260596,52,-0.00164796,0.00365619
5497202526128,5497187948000,5497187948000,5497202514684,73729,14.5667,5497217868205,29.9202,0,26187,102194,0,0,1,0,0,0.011981,500,500,500,1,2.69567,4.68661,0.686005,0.315706,0.0232697,0.00371552,3.67899e-05,-1.79389e-05,-0.00252135,0.00585193,1,-0.00149728,-0.00307069,0.00307069,-0.00149728,1,1,0.00206061,-0.00152303,0.00101007,2.57515e-05,0,0,0,0,0,0,0,0,0,0,0,0,0,0,0,0,0,0,0,0,0,0,0,255,0.22,4.92111,0.22,0.00345113,-0.000342837,1,1,1,1,1,1,1,-0.291476,-3.2083,0.125783,0.00144109,0.0038544,0.0245704,50.6805,25534,1,367,89.1279,6384,0,0.000884653,0.0113258,0.0114416,0,0,0,1,500,0.225,3.11566e-05,-1.51751e-05,-3.41439e-06,-7.01024e-06,-4.81058e-06,-6.13624e-06,0.366168,0.0660297,0.0115476,0.000178317,-0.211617,-0.000121102,0.000115882,-0.00373315,15.5787,2,0,0,0,0,0,-1,1,-9.04621e-07,-3.41779e-06,-0.211338,0,0.257743,1,1010,1010,1010,1010,0,0,0,0,0.261947,56,-0.00654783,-5.1273e-05,56,0.0046332,-0.000583963,56,0.00207851,0.00392267,56,0.00862456,-0.00381329,56,0.00904783,0.00319294,56,0.00165137,-0.00271071,56,0.00107132,-0.000252167,56,0.00232619,-0.00182079,52,0.00490834,0.000625527
5497218455895,5497207949000,5497207949000,5497218448062,73729,10.4991,5497233632693,25.6837,1,26188,102195,0,0,1,0,0,0.020001,500,500,500,1,2.74795,4.54244,0.677172,0.317354,0.0213623,-0.00585938,3.37229e-05,-1.05243e-05,0.00128877,-0.00110064,1,-0.000526187,-0.00168606,0.00168606,-0.000526187,1,1,0.00179678,-0.00038292,-0.000110721,-0.000143267,0,0,0,0,0,0,0,0,0,0,0,0,0,0,0,0,0,0,0,0,0,0,0,255,0.22,0.58006,0.22,0.00240689,-0.000718042,1,1,1,1,0,1,1,-0.291471,-3.20833,0.125673,0.000972137,0.00309143,0.0243485,15.7508,25535,1,367,104.891,6384,0,0.000884653,0.0113258,0.0114416,0,0,0,1,500,0.225,2.86428e-05,-8.89941e-06,-2.00237e-06,-6.44463e-06,-3.31112e-06,-5.87994e-06,0.366164,0.0660239,0.0115507,0.000173159,-0.211593,0.000543197,-0.000644703,0.000833154,15.5116,1,0,0,0,0,0,-1,1,-9.04621e-07,-3.41779e-06,-0.211338,0,16.0316,1,1010,1010,1010,1010,0,0,0,0,16.0358,56,0.00315575,0.000980531,56,-0.00189898,0.000136404,56,0.00262575,0.000741661,56,0.00135937,0.00166932,56,0.000252281,-0.00210772,56,-0.000818829,0.00112977,56,0.00361406,-0.0012809,56,0.00378345,-0.00111339,52,0.00338989,0.00118189
5497234146197,5497215975000,5497215975000,5497234138660,73729,18.1637,5497247421240,31.4462,0,26188,102196,0,0,1,0,0,0.008026,500,500,500,1,2.70324,4.95418,0.67182,0.324318,0.0325394,-0.019516,4.81931e-05,-2.18811e-05,-0.00541794,-0.00739047,1,-0.00272628,-0.00600463,0.00600463,-0.00272628,1,1,0.00724219,-0.00259079,-0.00123757,-0.000135487,0,0,0,0,0,0,0,0,0,0,0,0,0,0,0,0,0,0,0,0,0,0,0,255,0.22,6.04671,0.22,0.00603142,-0.00284383,1,1,1,1,0,1,1,-0.291471,-3.20833,0.125673,0.000972137,0.00309143,0.0243485,29.5549,25535,1,367,118.695,6384,0,0.000884653,0.0113258,0.0114416,0,0,0,1,500,0.225,4.09149e-05,-1.85221e-05,-4.16747e-06,-9.20586e-06,-6.00687e-06,-8.1254e-06,0.366158,0.0660157,0.0115539,0.000168206,-0.211477,0.000766959,-0.000609692,0.00506881,13.507,2,0,0,0,0,0,-1,1,-9.04621e-07,-3.41779e-06,-0.211338,0,29.8329,1,1010,1010,1010,1010,0,0,0,0,29.8371,56,0.00193711,-0.00145176,56,0.00509046,-0.00563143,56,0.0093844,-0.00165976,56,0.0225346,-0.00565964,56,-0.00168792,-0.00766266,56,0.0153358,0.00192724,56,0.00511602,-0.00545904,56,0.00847863,-0.00130881,52,0.00379512,-0.00475433
5497247981689,5497235969000,5497235969000,5497247976337,73729,12.0073,5497263920844,27.9518,1,26189,102197,0,0,1,0,0,0.019994,500,500,484,0.968,2.67885,6.64359,0.703764,0.31178,0.00558472,-0.00497437,-1.7247e-05,-8.74586e-06,-0.00881839,0.00302469,1,-0.000437424,0.000862609,-0.000862609,-0.000437424,1,1,0.000701848,-0.00039725,-0.00156446,-4.01738e-05,0,0,0,0,0,0,0,0,0,0,0,0,0,0,0,0,0,0,0,0,0,0,0,255,0.22,-0.320706,0.22,-0.000986174,0.0005073,1,1,1,1,0,1,1,-0.291462,-3.20834,0.125802,0.00133648,0.00367292,0.0245024,0.224946,25536,1,367,135.171,6384,0,0.000884653,0.0113258,0.0114416,0,0,0,1,484,0.225,-1.45418e-05,-7.39165e-06,-1.66312e-06,3.2719e-06,-9.39606e-07,3.54781e-06,0.366157,0.0660193,0.0115573,0.000173954,-0.211398,0.000641145,-0.000180782,0.00614496,0.065796,2,0,0,0,0,0,-1,1,-9.0462e-07,-3.41779e-06,-0.211159,0,0.162334,1,1010,1010,1010,1010,0,0,0,0,0.506559,56,0.0057872,-0.00286445,56,-0.00215768,-0.00463565,56,-2.95302e-06,4.33023e-05,56,-0.000957752,-0.00045747,56,0.00126884,-0.000622277,56,-0.00133959,-0.00374127,40,-0.00332188,0.000897566,56,-0.00550558,0.00334948,52,-0.00164274,-0.000360614
5497264435515,5497255968000,5497255968000,5497264430774,73729,8.46277,5497277468167,21.5002,1,26190,102198,0,0,1,0,0,0.019999,500,500,500,1,2.71515,4.87241,0.59006,0.314595,-0.035614,0.0167236,-5.18136e-05,2.37988e-05,-8.82217e-05,0.00373516,1,0.00119,0.00259081,-0.00259081,0.00119,1,1,-0.00213777,0.00105838,-0.000453039,0.000131621,0,0,0,0,0,0,0,0,0,0,0,0,0,0,0,0,0,0,0,0,0,0,0,255,0.22,5.95551,0.22,-0.00351493,0.00202202,1,1,1,2,1,1,1,-0.291462,-3.20834,0.125802,0.00133648,0.00367292,0.0245024,13.7986,25536,1,367,148.744,6384,0,0.000884653,0.0113258,0.0114416,0,0,0,1,500,0.225,-4.40104e-05,2.01409e-05,4.53171e-06,9.90234e-06,6.50863e-06,8.73027e-06,0.366164,0.066028,0.0115561,0.000184044,-0.211415,0.000483925,0.000592297,0.00201808,11.79,1,0,0,0,0,0,-1,1,-9.0462e-07,-3.41779e-06,-0.211159,0,13.7209,1,1010,1010,1010,1010,0,0,0,0,14.0651,56,-0.0066514,0.000851473,56,0.000115581,0.00327231,56,-0.00510216,0.00273059,56,-0.00524033,0.00240229,56,0.00243432,0.000350758,56,-0.00395204,0.000786253,56,-0.00344196,0.000892278,56,-0.00297872,-0.00132607,52,-0.00222094,-3.02623e-05
5497278068135,5497267947000,5497267947000,5497278056394,73729,10.1094,5497291481697,23.5347,0,26190,102199,0,0,1,0,0,0.011979,500,500,494,0.988,2.70291,4.62772,0.641134,0.315835,-0.0110321,-0.00208282,9.24415e-06,-1.27912e-05,0.00660744,-0.000342699,1,-0.0010678,-0.000771696,0.000771696,-0.0010678,1,1,0.00021439,-0.00106904,0.000557307,1.23998e-06,0,0,0,0,0,0,0,0,0,0,0,0,0,0,0,0,0,0,0,0,0,0,0,255,0.22,-0.685079,0.22,-0.00139429,-0.000560041,1,1,1,1,0,1,1,-0.291462,-3.20834,0.125802,0.00133648,0.00367292,0.0245024,27.7972,25536,1,367,162.743,6384,0,0.000884653,0.0113258,0.0114416,0,0,0,1,494,0.225,7.85679e-06,-1.08419e-05,-2.43942e-06,-1.76778e-06,-2.75609e-06,-1.21629e-06,0.366161,0.0660268,0.0115556,0.000176387,-0.211456,0.000621776,5.5799e-06,-0.00150888,13.7192,1,0,0,0,0,0,-1,1,-9.0462e-07,-3.41779e-06,-0.211159,0,27.7341,1,1010,1010,1010,1010,0,0,0,0,28.0784,56,0.00573986,0.00182677,56,-0.00116603,-0.00695054,56,0.00286871,-0.00242664,56,-0.00273022,0.00169318,56,-0.00506559,0.00465131,56,-0.00312874,-0.00190017,56,0.00385464,0.00282939,56,-0.000436104,-0.00116579,46,-0.00350449,-0.000156069
5497292029127,5497275961000,5497275961000,5497292011146,73729,16.0501,5497304634684,28.6737,0,26190,102200,0,0,1,0,0,0.008014,500,500,500,1,2.67528,4.67168,0.614949,0.314446,0.0103302,-0.0139084,2.58641e-05,-1.50493e-05,0.00725652,-0.00686814,1,-0.00187788,-0.00322736,0.00322736,-0.00187788,1,1,0.00194961,-0.00193597,0.00127775,5.80907e-05,0,0,0,0,0,0,0,0,0,0,0,0,0,0,0,0,0,0,0,0,0,0,0,255,0.22,3.14834,0.22,0.00174236,-0.00229315,1,1,1,1,0,1,1,-0.291462,-3.20834,0.125802,0.00133648,0.00367292,0.0245024,40.9519,25536,1,367,175.897,6384,0,0.000884653,0.0113258,0.0114416,0,0,0,1,500,0.225,2.19418e-05,-1.27169e-05,-2.8613e-06,-4.93691e-06,-3.83412e-06,-4.22569e-06,0.366157,0.0660226,0.0115552,0.000191227,-0.211558,0.000224683,0.000261408,-0.00442015,12.869,2,0,0,0,0,0,-1,1,-9.0462e-07,-3.41779e-06,-0.211159,0,40.8843,1,1010,1010,1010,1010,0,0,0,0,41.2285,56,0.0249163,-0.00806686,56,-0.00980858,0.00322424,56,0.00258201,0.00185184,56,0.00175435,-0.00200476,56,0.00196528,-0.0117594,56,-0.000636016,-0.00572812,56,-0.00732343,-0.00192036,56,0.0116079,-0.000784219,52,0.00790213,-0.000697536
5497305244244,5497295964000,5497295964000,5497305237281,73729,9.27328,5497319604943,23.6409,1,26191,102201,0,0,1,0,0,0.020003,500,500,499,0.998,2.68861,5.22758,0.671857,0.312114,0.0124512,-0.00146484,4.2886e-05,-3.09941e-05,0.00660519,0.00323463,1,-0.00154947,-0.00214398,0.00214398,-0.00154947,1,1,0.00138656,-0.00146523,0.000757424,-8.42426e-05,0,0,0,0,0,0,0,0,0,0,0,0,0,0,0,0,0,0,0,0,0,0,0,255,0.22,5.17719,0.22,0.00107749,-0.000764882,1,1,1,1,0,1,1,-0.291464,-3.20835,0.125704,0.0010302,0.00350862,0.0245783,2.59684,25537,1,367,2.55765,6385,0,0.000884653,0.0112918,0.0112579,0,0,0,1,499,0.225,3.63366e-05,-2.62335e-05,-5.90253e-06,-8.17574e-06,-7.48781e-06,-6.75327e-06,0.36615,0.0660158,0.0115471,0.00017534,-0.211587,0.000185768,-0.000379091,-0.00257811,2.37254,2,0,0,0,0,0,-1,1,-9.0462e-07,-3.41779e-06,-0.211332,0,2.86713,1,1010,1010,1010,1010,0,0,0,0,2.87115,56,-0.000407482,0.000729053,55,0.00405933,-0.00382524,56,0.00118448,-0.0014116,56,0.00569484,-0.00350601,56,-0.00114596,-2.73393e-05,56,0.000412242,-0.000396405,56,0.00487448,0.00195409,56,-0.000414718,0.0012123,52,0.00348215,-0.000816745
5497320133651,5497303976000,5497303976000,5497320122003,73729,16.146,5497333470824,29.4948,0,26191,102202,0,0,1,0,0,0.008012,500,500,449,0.898,2.67196,4.71402,0.579412,0.288372,-0.00189209,-0.00158691,9.15575e-06,3.40363e-05,-0.00376567,-0.023895,1,0.00424817,-0.00114275,0.00114275,0.00424817,1,1,0.00138848,0.00438037,-0.00024573,-0.000132203,0,0,0,0,0,0,0,0,0,0,0,0,0,0,0,0,0,0,0,0,0,0,0,255,0.22,0.803265,0.22,0.000328179,-0.000983651,1,1,1,1,1,1,1,-0.291464,-3.20835,0.125704,0.0010302,0.00350862,0.0245783,16.4736,25537,1,367,16.4345,6385,0,0.000884653,0.0112918,0.0112579,0,0,0,1,449,0.225,7.79142e-06,2.88498e-05,6.49121e-06,-1.75307e-06,5.97838e-06,-3.07694e-06,0.366156,0.0660127,0.0115513,0.00018044,-0.211563,0.000352188,-0.000594914,0.00116638,12.1828,1,0,0,0,0,0,-1,1,-9.0462e-07,-3.41779e-06,-0.211332,0,16.7265,1,1010,1010,1010,1010,0,0,0,0,16.7306,13,-0.00935344,0.0113594,56,0.0121558,0.0151311,56,0.0039023,-0.00331962,50,0.00745518,0.00725035,56,-0.00917878,0.00627101,56,0.00954573,-0.00427077,54,-0.00612151,0.00139694,56,0.00204729,0.00213511,52,-0.00067021,0.0097076
5497334049792,5497323986000,5497323986000,5497334044532,73729,10.0585,5497348284286,24.2983,1,26192,102203,0,0,1,0,0,0.02001,500,500,500,1,2.70267,4.90972,0.657875,0.317466,0.0072937,-0.0111771,2.71571e-05,-3.33077e-05,0.00323032,0.00111049,1,-0.00166455,-0.00135717,0.00135717,-0.00166455,1,1,0.00215601,-0.00159785,-0.000798839,-6.67007e-05,0,0,0,0,0,0,0,0,0,0,0,0,0,0,0,0,0,0,0,0,0,0,0,255,0.22,4.5817,0.22,0.00082469,-0.000510606,1,1,1,1,0,1,1,-0.291464,-3.20835,0.125704,0.0010302,0.00350862,0.0245783,31.2971,25537,1,367,31.2579,6385,0,0.000884653,0.0112918,0.0112579,0,0,0,1,500,0.225,2.30548e-05,-2.82248e-05,-6.35058e-06,-5.18732e-06,-7.29807e-06,-3.73802e-06,0.366149,0.066009,0.011547,0.000173504,-0.21153,0.000485903,-0.000300153,0.00326454,14.5418,1,0,0,0,0,0,-1,1,-9.0462e-07,-3.41779e-06,-0.211332,0,31.5835,1,1010,1010,1010,1010,0,0,0,0,31.5875,56,0.00711394,-0.00359605,56,-0.00370419,-0.00485936,56,0.0014658,-0.00147162,56,-0.00153477,-0.000245901,56,0.00728356,0.00189676,56,-0.000625373,0.00141316,56,0.00326737,0.000421327,56,-0.000711895,0.00178717,52,0.000641717,-0.00423076
5497348828420,5497335965000,5497335965000,5497348819216,73729,12.8542,5497363514270,27.5493,0,26192,102204,0,0,1,0,0,0.011979,500,500,492,0.984,2.72185,4.65948,0.67769,0.313539,-0.018837,-0.00596619,-4.55261e-05,-2.15538e-05,-0.00604396,0.00322681,1,-0.0017993,0.00380049,-0.00380049,-0.0017993,1,1,-0.00272555,-0.00166205,-0.00107494,-0.000137242,0,0,0,0,0,0,0,0,0,0,0,0,0,0,0,0,0,0,0,0,0,0,0,255,0.22,7.59306,0.22,-0.0029734,-9.1622e-05,1,1,1,1,0,1,1,-0.291464,-3.20835,0.125704,0.0010302,0.00350862,0.0245783,46.516,25537,1,367,46.4769,6385,0,0.000884653,0.0112918,0.0112579,0,0,0,1,492,0.225,-3.8565e-05,-1.82667e-05,-4.11001e-06,8.67712e-06,-2.19699e-06,9.346e-06,0.366146,0.0660184,0.0115454,0.000169309,-0.211499,0.000458148,-0.000617587,0.00423631,14.9693,1,0,0,0,0,0,-1,1,-9.0462e-07,-3.41779e-06,-0.211332,0,46.7882,1,1010,1010,1010,1010,0,0,0,0,0.224428,56,-0.000701124,-0.00125529,56,-0.00663906,-0.00471466,56,-0.00285774,-0.00146959,56,0.0055101,-0.00205119,56,-0.0063853,-0.00768059,56,-0.00390778,-0.00258456,48,-0.00577888,0.00229042,56,-0.00543738,-0.00365993,52,-0.00182955,0.00453428
5497364066385,5497355969000,5497355969000,5497364060552,73729,8.09155,5497375909232,19.9402,1,26193,102205,0,0,1,0,0,0.020004,500,500,500,1,2.68982,4.88141,0.598375,0.322244,-0.0130768,-0.00239563,-2.88389e-05,-2.24502e-06,-0.00294755,0.00310094,1,-0.000112229,0.00144166,-0.00144166,-0.000112229,1,1,-0.000509828,-3.49094e-05,-0.000931831,-7.73193e-05,0,0,0,0,0,0,0,0,0,0,0,0,0,0,0,0,0,0,0,0,0,0,0,255,0.22,4.1432,0.22,-0.00156433,0.00068421,1,1,1,2,0,1,1,-0.291455,-3.20837,0.125639,0.00176017,0.00327934,0.0243118,12.3571,25538,1,367,58.8857,6385,0,0.000884653,0.0112918,0.0112579,0,0,0,1,500,0.225,-2.44805e-05,-1.91962e-06,-4.31914e-07,5.5081e-06,7.33804e-07,5.47569e-06,0.366147,0.0660238,0.0115482,0.00017238,-0.211475,0.000502293,-0.000347937,0.00375643,12.1449,1,0,0,0,0,0,-1,1,-9.0462e-07,-3.41779e-06,-0.21121,0,0.213075,1,1010,1010,1010,1010,0,0,0,0,12.6417,56,-0.00602905,0.00238216,56,-0.00391916,0.00237967,56,-0.000978589,0.00183854,56,0.00440868,-0.000193545,56,-0.00152694,0.000762268,56,0.00345688,-0.001903,56,-0.00448195,-0.00262785,56,-0.00275745,-0.000646553,52,-0.00276425,-0.00168113
5497376448144,5497364032000,5497364032000,5497376437959,73729,12.406,5497389445629,25.4136,0,26193,102206,0,0,1,0,0,0.008063,500,500,500,1,2.71219,4.86715,0.593004,0.319243,-0.00102234,-0.00474548,7.80393e-06,1.03702e-05,0.00112854,-0.0122712,1,0.00128614,-0.000967869,0.000967869,0.00128614,1,1,0.00145841,0.00127681,-0.000490544,9.33071e-06,0,0,0,0,0,0,0,0,0,0,0,0,0,0,0,0,0,0,0,0,0,0,0,255,0.22,5.17059,0.22,-0.000550038,1.67274e-05,1,1,1,1,1,1,1,-0.291455,-3.20837,0.125639,0.00176017,0.00327934,0.0243118,25.8942,25538,1,367,72.4225,6385,0,0.000884653,0.0112918,0.0112579,0,0,0,1,500,0.225,6.6939e-06,8.8546e-06,1.99229e-06,-1.50613e-06,1.63178e-06,-1.89066e-06,0.366149,0.0660219,0.0115421,0.00018022,-0.211474,0.00014949,4.19882e-05,0.00188555,13.1658,2,0,0,0,0,0,-1,1,-9.0462e-07,-3.41779e-06,-0.21121,0,13.7453,1,1010,1010,1010,1010,0,0,0,0,26.174,56,0.0176215,0.00994362,56,0.00525167,-0.010874,56,0.00590732,-0.0050358,56,0.00113805,0.00378457,56,-0.0175853,-0.00361978,56,-0.00173182,-0.000699119,56,0.000228848,0.00743779,56,0.00163453,0.00166554,52,-0.00864343,-0.00188128
5497390037152,5497375963000,5497375963000,5497390026152,73729,14.0632,5497405530342,29.5673,0,26193,102207,0,0,1,0,0,0.011931,500,500,500,1,2.72757,4.68502,0.600356,0.320095,0.0307465,0.00552368,6.32241e-05,2.98272e-06,0.00476241,-0.00216366,1,0.000249998,-0.00529914,0.00529914,0.000249998,1,1,0.00498888,0.000223608,0.000310263,2.63901e-05,0,0,0,0,0,0,0,0,0,0,0,0,0,0,0,0,0,0,0,0,0,0,0,255,0.22,-0.293095,0.22,0.00331764,3.62e-05,1,1,1,1,0,1,1,-0.291455,-3.20837,0.125639,0.00176017,0.00327934,0.0243118,41.9647,25538,1,367,88.493,6385,0,0.000884653,0.0112918,0.0112579,0,0,0,1,500,0.225,5.36272e-05,2.55053e-06,5.73869e-07,-1.20661e-05,-1.97174e-06,-1.19169e-05,0.366147,0.06601,0.0115458,0.000178821,-0.211497,0.000585748,0.000118755,-0.000648348,15.8148,1,0,0,0,0,0,-1,1,-9.0462e-07,-3.41779e-06,-0.21121,0,29.8122,1,1010,1010,1010,1010,0,0,0,0,42.2409,56,0.00745361,-0.00498979,56,-0.00433773,-0.006744,56,0.00187346,-0.00292717,56,0.00536875,0.00137683,56,0.0113036,0.00073254,56,0.0010017,0.00564209,56,0.00476132,0.00423917,56,0.0064136,0.00164877,52,0.00995574,0.00314349
5497406040271,5497395965000,5497395965000,5497406035308,73729,10.0703,5497421780703,25.8157,1,26194,102208,0,0,1,0,0,0.020002,500,500,490,0.98,2.71819,5.33985,0.696968,0.336743,0.014534,0.017395,1.33317e-05,6.91664e-06,0.000214583,0.00560788,1,0.000345798,-0.00066652,0.00066652,0.000345798,1,1,0.000134371,0.000256806,0.00053215,8.89915e-05,0,0,0,0,0,0,0,0,0,0,0,0,0,0,0,0,0,0,0,0,0,0,0,255,0.22,5.55997,0.22,0.000571074,0.000671175,1,1,1,1,0,1,1,-0.291441,-3.20838,0.12558,0.00130006,0.00374544,0.0242064,1.60714,25539,1,367,104.737,6385,0,0.000884653,0.0112918,0.0112579,0,0,0,1,490,0.225,1.12863e-05,5.83167e-06,1.31213e-06,-2.53943e-06,7.49694e-07,-2.75816e-06,0.366147,0.0660073,0.0115428,0.00019085,-0.211548,0.000518601,0.000400462,-0.00150086,1.37481,3,0,0,0,0,0,-1,1,-9.0462e-07,-3.41779e-06,-0.211293,0,1.87022,1,1010,1010,1010,1010,0,0,0,0,1.87387,56,-0.00154013,-0.000718565,56,0.000422026,-0.00161702,56,9.71272e-05,0.00318574,56,0.00287905,0.00150931,56,0.000409676,0.00076739,56,0.00237937,-0.00185622,50,0.00640437,0.0012175,56,-1.48576e-05,0.000927678,48,-0.000384052,0.00240973
5497422274188,5497403983000,5497403983000,5497422264207,73729,18.2812,5497435057246,31.0742,0,26194,102209,0,0,1,0,0,0.008018,500,500,500,1,2.69667,4.65629,0.616635,0.32341,-0.00351715,0.0066452,9.63556e-07,2.63641e-05,0.00261542,-0.00834155,1,0.00328811,-0.000120174,0.000120174,0.00328811,1,1,0.000180562,0.00329371,-6.03877e-05,-5.59637e-06,0,0,0,0,0,0,0,0,0,0,0,0,0,0,0,0,0,0,0,0,0,0,0,255,0.22,1.49551,0.22,-0.00153005,0.00131862,1,1,1,1,0,1,1,-0.291441,-3.20838,0.12558,0.00130006,0.00374544,0.0242064,14.8924,25539,1,367,118.022,6385,0,0.000884653,0.0112918,0.0112579,0,0,0,1,500,0.225,8.53902e-07,2.236e-05,5.031e-06,-1.92128e-07,4.8785e-06,-1.24421e-06,0.366152,0.066006,0.011536,0.000201298,-0.211548,-0.000432078,-2.51837e-05,-0.000128266,13.0431,1,0,0,0,0,0,-1,1,-9.0462e-07,-3.41779e-06,-0.211293,0,15.1697,1,1010,1010,1010,1010,0,0,0,0,15.1733,56,0.00352239,0.00241106,56,-0.00383693,0.00583687,56,0.00188663,0.00143449,56,-0.00589591,-0.000170469,56,-0.00495206,0.00602286,56,0.00243671,0.00829386,56,-0.00245048,-0.00308175,56,-0.00141493,-0.00358545,52,0.007882,0.00607597
5497435587398,5497423982000,5497423982000,5497435580843,73729,11.5988,5497449863912,25.8819,1,26195,102210,0,0,1,0,0,0.019999,500,500,484,0.968,2.67059,5.15432,0.655246,0.308946,-0.0284729,-0.0476532,-3.64224e-05,-0.000114931,0.00388604,0.00496274,1,-0.00574682,0.00182121,-0.00182121,-0.00574682,1,1,-0.00154349,-0.00585989,-0.000277719,0.00011307,0,0,0,0,0,0,0,0,0,0,0,0,0,0,0,0,0,0,0,0,0,0,0,255,0.22,4.6745,0.22,-0.00228631,-0.00466565,1,1,1,1,1,1,1,-0.291441,-3.20838,0.12558,0.00130006,0.00374544,0.0242064,29.7167,25539,1,367,132.847,6385,0,0.000884653,0.0112918,0.0112579,0,0,0,1,484,0.225,-3.09625e-05,-9.74008e-05,-2.19152e-05,6.96656e-06,-1.99641e-05,1.14122e-05,0.366132,0.0660174,0.0115395,0.000205539,-0.211536,-4.40895e-05,0.000508813,0.000964517,14.5429,1,0,0,0,0,0,-1,1,-9.0462e-07,-3.41779e-06,-0.211293,0,29.9864,1,1010,1010,1010,1010,0,0,0,0,29.99,56,-0.00764151,-0.00748,56,-0.00220303,-0.00964752,56,-0.00378158,-0.00191331,56,0.00249817,-0.00811482,56,0.000354639,-0.0040853,56,-0.00433123,-0.00728174,56,-0.00245854,-0.0039171,56,0.000509861,-0.00477553,36,-0.00386081,-0.00457651
5497450450805,5497435958000,5497435958000,5497450438657,73729,14.4807,5497465532380,29.5744,0,26195,102211,0,0,1,0,0,0.011976,500,500,500,1,2.78263,4.66161,0.589746,0.318595,-0.00337982,-0.0121155,6.32267e-06,-1.72068e-05,0.00163539,0.00124866,1,-0.00143678,-0.000527945,0.000527945,-0.00143678,1,1,0.000887238,-0.00146141,-0.000359293,2.46346e-05,0,0,0,0,0,0,0,0,0,0,0,0,0,0,0,0,0,0,0,0,0,0,0,255,0.22,-0.746821,0.22,7.66644e-05,-0.000919827,1,1,1,1,0,1,1,-0.291453,-3.20838,0.125665,0.00164834,0.00325475,0.0240843,1.73688,25540,1,367,148.488,6385,0,0.000884653,0.0112918,0.0112579,0,0,0,1,500,0.225,5.32906e-06,-1.45626e-05,-3.27658e-06,-1.19904e-06,-3.45528e-06,-4.84328e-07,0.366129,0.066017,0.0115384,0.00020691,-0.211521,0.00038089,0.000110856,0.00159817,1.5444,2,0,0,0,0,0,-1,1,-9.0462e-07,-3.41779e-06,-0.211254,0,0.27954,1,1010,1010,1010,1010,0,0,0,0,2.02552,56,0.00441788,-0.00246118,56,0.011089,0.003948,56,-0.000346554,-0.00196533,56,-0.00709206,-0.000282709,56,-0.00454026,-0.00374067,56,-9.10446e-05,-0.00258385,56,0.00100293,0.000192385,56,-0.0021547,0.00347358,52,-3.04459e-05,-0.00708157
5497466052773,5497455964000,5497455964000,5497466047032,73729,10.083,5497477985121,22.0211,1,26196,102212,0,0,1,0,0,0.020006,500,500,485,0.97,2.69424,4.97891,0.671116,0.307891,0.009552,-0.0205688,4.45231e-05,-5.82668e-05,0.00563846,0.000575753,1,-0.00291247,-0.00222549,0.00222549,-0.00291247,1,1,0.00247622,-0.00280479,-0.000250733,-0.000107677,0,0,0,0,0,0,0,0,0,0,0,0,0,0,0,0,0,0,0,0,0,0,0,255,0.22,4.70705,0.22,0.000352918,-0.00263138,1,1,1,2,0,1,1,-0.291453,-3.20838,0.125665,0.00164834,0.00325475,0.0240843,14.2205,25540,1,367,160.971,6385,0,0.000884653,0.0112918,0.0112579,0,0,0,1,485,0.225,3.77297e-05,-4.93349e-05,-1.11004e-05,-8.48917e-06,-1.26351e-05,-5.96907e-06,0.366116,0.066011,0.0115525,0.000203354,-0.211509,0.00112565,-0.000484547,0.00180316,12.2197,1,0,0,0,0,0,-1,1,-9.0462e-07,-3.41779e-06,-0.211254,0,12.7364,1,1010,1010,1010,1010,0,0,0,0,14.4824,56,0.00125352,-0.00613629,55,-0.00116911,-0.009165,47,0.00180685,-0.00352385,56,0.00222236,-0.000604959,56,0.00741736,-0.00187833,56,0.00167822,-0.00223429,51,0.00174722,0.000787641,56,0.000988235,-0.0016417,52,-0.000272719,-0.00263178
5497478519125,5497463977000,5497463977000,5497478507532,73729,14.5305,5497490888736,26.9117,0,26196,102213,0,0,1,0,0,0.008013,500,500,477,0.954,2.74093,4.56564,0.696709,0.300299,-0.000671387,-0.00241089,-3.79915e-05,-1.16559e-05,-0.0181695,0.00861292,1,-0.00145462,0.00474123,-0.00474123,-0.00145462,1,1,-0.00448255,-0.00132673,-0.000258677,-0.000127891,0,0,0,0,0,0,0,0,0,0,0,0,0,0,0,0,0,0,0,0,0,0,0,255,0.22,6.7231,0.22,-0.00109364,0.00032229,1,1,1,1,0,1,1,-0.291453,-3.20838,0.125665,0.00164834,0.00325475,0.0240843,27.1025,25540,1,367,173.853,6385,0,0.000884653,0.0112918,0.0112579,0,0,0,1,477,0.225,-3.21579e-05,-9.95267e-06,-2.23935e-06,7.23553e-06,-6.70629e-07,7.54392e-06,0.366116,0.0660185,0.0115557,0.00019994,-0.211497,0.0012098,-0.000575508,0.00189908,12.5958,1,0,0,0,0,0,-1,1,-9.0462e-07,-3.41779e-06,-0.211254,0,25.63,1,1010,1010,1010,1010,0,0,0,0,27.376,56,0.00603754,-0.00643199,56,-0.0199257,4.80907e-06,56,-0.00453875,0.00257508,56,0.00649565,0.00870771,56,-0.0139767,0.00397132,56,-0.00245113,-0.00506036,33,-0.00102706,-0.00276021,56,0.00103511,-0.00935131,52,0.00124858,-0.000102659
5497491407462,5497475960000,5497475960000,5497491396202,73729,15.4362,5497505593123,29.6331,0,26196,102214,0,0,1,0,0,0.011983,500,500,500,1,2.68656,4.64778,0.703764,0.321706,0.00917053,0.0271912,2.67821e-05,5.36541e-05,0.00373199,-0.00395326,1,0.00447752,-0.00223501,0.00223501,0.00447752,1,1,0.00234462,0.00444747,-0.000109613,3.00473e-05,0,0,0,0,0,0,0,0,0,0,0,0,0,0,0,0,0,0,0,0,0,0,0,255,0.22,-0.443688,0.22,-0.000323425,0.0039683,1,1,1,1,1,1,1,-0.291453,-3.20838,0.125665,0.00164834,0.00325475,0.0240843,41.8035,25540,1,367,188.555,6385,0,0.000884653,0.0112918,0.0112579,0,0,0,1,500,0.225,2.26548e-05,4.54955e-05,1.02365e-05,-5.09732e-06,8.93834e-06,-7.13238e-06,0.366125,0.0660114,0.011547,0.000211125,-0.211507,0.000575549,0.000135213,0.000855045,14.3295,2,0,0,0,0,0,-1,1,-9.0462e-07,-3.41779e-06,-0.211254,0,40.3318,1,1010,1010,1010,1010,0,0,0,0,42.0778,56,0.00169875,0.00993259,56,0.0163513,-0.0022757,56,0.00485961,0.00463307,56,-0.00321157,0.00559472,56,0.00366842,0.00325585,56,-0.0037299,0.00720259,56,0.000167367,0.00660978,56,0.0020986,0.00362369,52,0.0010593,0.00191831
5497506167775,5497495959000,5497495959000,5497506162145,73729,10.2031,5497521464722,25.5057,1,26197,102215,0,0,1,0,0,0.019999,500,500,487,0.974,2.72106,5.4166,0.611005,0.330169,-0.00248718,0.036911,-2.23879e-05,6.36822e-05,-0.00256377,0.00115239,1,0.00318427,0.00111945,-0.00111945,0.00318427,1,1,-0.00124325,0.00325997,0.000123801,-7.56988e-05,0,0,0,0,0,0,0,0,0,0,0,0,0,0,0,0,0,0,0,0,0,0,0,255,0.22,4.23379,0.22,-0.00147918,0.00278823,1,1,1,1,0,1,1,-0.291455,-3.2084,0.125519,0.00118108,0.00327717,0.0239715,5.3026,25541,1,367,204.423,6385,0,0.000884653,0.0112918,0.0112579,0,0,0,1,487,0.225,-1.89367e-05,5.39575e-05,1.21404e-05,4.26076e-06,1.27644e-05,1.61641e-06,0.366137,0.066013,0.0115402,0.000204649,-0.211541,-0.000392861,-0.000340645,-0.00075997,5.05567,2,0,0,0,0,0,-1,1,-9.0462e-07,-3.41779e-06,-0.211286,0,5.56562,1,1010,1010,1010,1010,0,0,0,0,5.57032,56,0.00226377,0.00268009,56,-0.00400812,0.00444718,43,0.00281083,0.00494701,56,-0.00240875,0.00354431,56,-0.00271067,0.00184219,56,-0.000636828,0.003281,56,0.00201678,0.002856,56,0.000171269,0.0043687,52,-0.00224971,0.00259975
5497521963800,5497511994000,5497511994000,5497521959096,73729,9.9651,5497535652328,23.6583,1,26198,102216,0,0,1,0,0,0.016035,500,500,500,1,2.68117,4.98659,0.677413,0.322446,0.0195999,-0.0319672,4.91124e-05,-0.000109204,0.00881417,0.00911787,1,-0.00681034,-0.00306282,0.00306282,-0.00681034,1,1,0.00271719,-0.00671202,0.000345639,-9.83215e-05,0,0,0,0,0,0,0,0,0,0,0,0,0,0,0,0,0,0,0,0,0,0,0,255,0.22,-0.256076,0.22,0.00198492,-0.0038638,1,1,1,1,0,1,1,-0.291455,-3.2084,0.125519,0.00118108,0.00327717,0.0239715,19.4978,25541,1,367,14.1682,6386,0,0.000884653,0.0112264,0.0112541,0,0,0,1,500,0.225,4.16086e-05,-9.25207e-05,-2.08171e-05,-9.36193e-06,-2.23187e-05,-4.78161e-06,0.366115,0.0660082,0.0115434,0.00020333,-0.211545,0.000488617,-0.000442447,-0.000853407,13.9319,1,0,0,0,0,0,-1,1,-9.0462e-07,-3.41779e-06,-0.211286,0,19.7669,1,1010,1010,1010,1010,0,0,0,0,19.7716,56,-0.00404481,-0.0116484,56,-0.00210466,-0.015882,56,-0.000924296,-0.0016518,56,0.0125722,-0.00195453,56,0.000474792,-0.00623258,56,0.000799645,-0.00552432,56,0.00900869,-0.000433148,56,0.00393283,-0.00586544,52,0.00371216,-0.00649917
5497536185758,5497523974000,5497523974000,5497536174461,73729,12.2005,5497549250281,25.2763,0,26198,102217,0,0,1,0,0,0.01198,500,500,500,1,2.67035,5.0237,0.589597,0.320447,0.00187683,-0.00502014,1.15791e-05,-1.58543e-05,0.00710904,0.00098298,1,-0.0013234,-0.000966536,0.000966536,-0.0013234,1,1,0.000859634,-0.00119428,0.000106902,-0.000129122,0,0,0,0,0,0,0,0,0,0,0,0,0,0,0,0,0,0,0,0,0,0,0,255,0.22,3.83199,0.22,0.000680299,-0.000683272,1,1,1,1,0,1,1,-0.291455,-3.2084,0.125519,0.00118108,0.00327717,0.0239715,33.1124,25541,1,367,27.7827,6386,0,0.000884653,0.0112264,0.0112541,0,0,0,1,500,0.225,9.75873e-06,-1.34588e-05,-3.02824e-06,-2.19571e-06,-3.42174e-06,-1.51079e-06,0.366112,0.0660067,0.0115475,0.000197031,-0.211543,0.000731868,-0.000581047,0.000200647,13.3178,1,0,0,0,0,0,-1,1,-9.0462e-07,-3.41779e-06,-0.211286,0,33.3898,1,1010,1010,1010,1010,0,0,0,0,33.3945,56,0.00334963,0.00169708,56,0.00807075,0.00127095,56,-0.00156561,-0.0010184,56,-0.00388487,-0.00093905,56,0.00233386,0.00139482,56,0.00325344,-0.00281756,56,0.00167585,-0.00337162,56,0.00219562,-0.000489275,52,-0.00135194,-0.00188033
5497549798729,5497531985000,5497531985000,5497549786100,73729,17.8011,5497563925205,31.9402,0,26198,102218,0,0,1,0,0,0.008011,500,500,500,1,2.71059,4.64952,0.671191,0.32054,0.0104675,-0.0167923,1.62506e-05,-4.33241e-05,-0.00513671,0.0022558,1,-0.00540807,-0.00202854,0.00202854,-0.00540807,1,1,0.00215554,-0.00524001,-0.000127,-0.00016806,0,0,0,0,0,0,0,0,0,0,0,0,0,0,0,0,0,0,0,0,0,0,0,255,0.22,7.28574,0.22,0.00162308,-0.00377647,1,1,1,1,1,1,1,-0.291455,-3.2084,0.125519,0.00118108,0.00327717,0.0239715,47.7685,25541,1,367,42.4389,6386,0,0.000884653,0.0112264,0.0112541,0,0,0,1,500,0.225,1.3829e-05,-3.6687e-05,-8.25458e-06,-3.11152e-06,-8.72384e-06,-1.30887e-06,0.366103,0.0660054,0.0115584,0.000191558,-0.211528,0.0011803,-0.00075627,0.00140143,14.3973,1,0,0,0,0,0,-1,1,-9.0462e-07,-3.41779e-06,-0.211286,0,48.0538,1,1010,1010,1010,1010,0,0,0,0,0.176816,56,0.00787585,-0.00089083,56,-0.00479536,-0.0201772,56,0.00222229,-0.00501197,56,0.00461698,-0.0015407,56,0.0083375,0.00663985,56,0.00408548,-0.00147265,56,-0.00939933,-0.00420511,56,-0.00544201,-0.00523566,52,0.00698444,-0.0107041
5497564523246,5497551995000,5497551995000,5497564515228,73729,12.5202,5497579861897,27.8669,1,26199,102219,0,0,1,0,0,0.02001,500,500,492,0.984,2.7478,4.96657,0.666172,0.314743,-0.00177002,-0.0274048,-1.31043e-05,-7.24349e-05,-0.00449589,0.00878791,1,-0.00361993,0.000654888,-0.000654888,-0.00361993,1,1,-0.000227204,-0.00353786,-0.000427684,-8.2069e-05,0,0,0,0,0,0,0,0,0,0,0,0,0,0,0,0,0,0,0,0,0,0,0,255,0.22,1.72101,0.22,-0.00086892,-0.00176491,1,1,1,1,0,1,1,-0.291478,-3.20839,0.125415,0.0014846,0.00381249,0.0236885,15.8325,25542,1,367,58.3844,6386,0,0.000884653,0.0112264,0.0112541,0,0,0,1,492,0.225,-1.11491e-05,-6.14278e-05,-1.38213e-05,2.50856e-06,-1.29867e-05,5.35396e-06,0.36609,0.0660108,0.0115662,0.00019522,-0.211502,0.00144683,-0.00036931,0.00269713,15.6244,1,0,0,0,0,0,-1,1,-9.0462e-07,-3.41779e-06,-0.211223,0,0.278965,1,1010,1010,1010,1010,0,0,0,0,16.131,56,-0.00554283,-0.00180901,56,0.00472343,-0.00465909,56,-0.0045054,-0.00407465,56,-0.000933105,-0.00183275,56,0.00180704,-0.00349012,56,0.000655069,-0.00291642,48,0.00334315,-0.00457895,56,-0.00238991,-0.00487747,52,-0.000610186,-0.00142731
5497580405994,5497572045000,5497572045000,5497580400586,73729,8.35559,5497594828712,22.7837,1,26200,102220,0,0,1,0,0,0.02005,500,500,498,0.996,2.70543,4.59678,0.658171,0.318372,-0.0266113,0.00881958,-7.87467e-05,1.17778e-05,-0.00282224,0.00313103,1,0.000587422,0.00392752,-0.00392752,0.000587422,1,1,-0.00325595,0.00052075,-0.00067157,6.66721e-05,0,0,0,0,0,0,0,0,0,0,0,0,0,0,0,0,0,0,0,0,0,0,0,255,0.22,7.33161,0.22,-0.0038243,0.00133115,1,1,1,1,0,1,1,-0.291478,-3.20839,0.125415,0.0014846,0.00381249,0.0236885,30.7904,25542,1,367,73.3423,6386,0,0.000884653,0.0112264,0.0112541,0,0,0,1,498,0.225,-6.67596e-05,9.93279e-06,2.23488e-06,1.50209e-05,5.33778e-06,1.42162e-05,0.366095,0.066025,0.011561,0.000211436,-0.211471,0.00066318,0.000300024,0.0029482,14.5884,2,0,0,0,0,0,-1,1,-9.0462e-07,-3.41779e-06,-0.211223,0,15.2076,1,1010,1010,1010,1010,0,0,0,0,31.0596,56,0.00108717,-3.75597e-05,56,-0.0103424,0.00057894,54,-0.00418476,0.00108607,56,-0.00144071,0.00200224,56,-0.00417358,0.00121102,56,-0.00120006,0.00130955,56,-0.00377771,-0.000307224,56,-0.00102478,-0.00223739,52,-0.00579425,0.000998271
5497595331753,5497583968000,5497583968000,5497595320883,73729,11.3529,5497609628989,25.661,0,26200,102221,0,0,1,0,0,0.011923,500,500,500,1,2.66732,4.999,0.625134,0.321317,-0.0159149,0.0072937,-1.06651e-05,2.23798e-05,0.00338712,-0.00177342,1,0.00187703,0.000894497,-0.000894497,0.00187703,1,1,-0.000857837,0.00177061,-3.666e-05,0.000106415,0,0,0,0,0,0,0,0,0,0,0,0,0,0,0,0,0,0,0,0,0,0,0,255,0.22,2.10916,0.22,-0.00238634,0.00043267,1,1,1,1,0,1,1,-0.291478,-3.20839,0.125415,0.0014846,0.00381249,0.0236885,45.6023,25542,1,367,88.1544,6386,0,0.000884653,0.0112264,0.0112541,0,0,0,1,500,0.225,-9.07917e-06,1.8965e-05,4.26713e-06,2.04281e-06,4.60088e-06,1.10133e-06,0.3661,0.0660261,0.0115553,0.000221353,-0.21151,-0.000273096,0.000478867,-8.65009e-05,14.5156,2,0,0,0,0,0,-1,1,-9.0462e-07,-3.41779e-06,-0.211223,0,30.0303,1,1010,1010,1010,1010,0,0,0,0,45.8824,56,-0.00564177,0.00697276,56,0.00968374,0.00216019,56,0.00103399,-0.00100672,56,-0.00491469,0.0047976,56,-0.00761325,0.00251421,56,-0.00754474,-0.00319974,56,-0.00511777,-0.000692782,56,0.00164536,0.00320232,52,0.00119834,0.000307389
5497610163752,5497591990000,5497591990000,5497610152585,73729,18.1626,5497623398517,31.4085,0,26200,102222,0,0,1,0,0,0.008022,500,500,480,0.96,2.72582,5.01189,0.662412,0.30378,0.00804138,0.0170212,4.15116e-05,3.26785e-05,0.0167707,-0.00548804,1,0.00407361,-0.00517472,0.00517472,0.00407361,1,1,0.00421587,0.0040738,0.000958856,-1.94944e-07,0,0,0,0,0,0,0,0,0,0,0,0,0,0,0,0,0,0,0,0,0,0,0,255,0.22,6.77681,0.22,0.0018753,0.00256323,1,1,1,1,1,1,1,-0.291488,-3.20838,0.125403,0.00114194,0.00294399,0.0237257,2.72315,25543,1,367,101.905,6386,0,0.000884653,0.0112264,0.0112541,0,0,0,1,480,0.225,3.51837e-05,2.77124e-05,6.2353e-06,-7.91634e-06,4.4339e-06,-9.04872e-06,0.366104,0.066017,0.0115572,0.000213893,-0.211577,0.000545953,-8.77248e-07,-0.00301512,2.5007,2,0,0,0,0,0,-1,1,-9.04621e-07,-3.41779e-06,-0.211322,0,2.98463,1,1010,1010,1010,1010,0,0,0,0,2.98887,38,0.0241319,0.00325584,56,0.0169953,0.00232906,56,0.00943509,0.00191794,54,-0.000559845,0.013197,56,-0.00378959,0.00617114,56,0.00498893,0.00166235,56,0.000734476,0.0116137,56,-0.00179465,0.00065865,52,0.00678605,-0.00369009
5497623961151,5497612029000,5497612029000,5497623953873,73729,11.9249,5497638387851,26.3589,1,26201,102223,0,0,1,0,0,0.020039,500,500,500,1,2.66532,5.02513,0.673394,0.318928,0.0238953,-0.0166626,6.56942e-05,-2.54655e-05,0.00206324,-0.00503295,1,-0.0012708,-0.00327832,0.00327832,-0.0012708,1,1,0.00268365,-0.00113709,0.000594664,-0.00013371,0,0,0,0,0,0,0,0,0,0,0,0,0,0,0,0,0,0,0,0,0,0,0,255,0.22,0.284632,0.22,0.00241291,-0.00208842,1,1,1,1,0,1,1,-0.291488,-3.20838,0.125403,0.00114194,0.00294399,0.0237257,17.726,25543,1,367,116.908,6386,0,0.000884653,0.0112264,0.0112541,0,0,0,1,500,0.225,5.56835e-05,-2.15445e-05,-4.84751e-06,-1.25288e-05,-7.37038e-06,-1.12306e-05,0.366097,0.0660058,0.0115695,0.00021163,-0.21158,0.00100451,-0.000601694,-0.00133718,14.7589,1,0,0,0,0,0,-1,1,-9.04621e-07,-3.41779e-06,-0.211322,0,18.0013,1,1010,1010,1010,1010,0,0,0,0,18.0055,56,0.00335326,-0.00449114,56,-0.0042363,-0.00714681,56,0.00200831,-0.0016992,56,0.00397747,-0.00229103,56,0.00778494,0.00158216,56,0.00321852,-0.000930401,56,0.00430343,-0.000372698,56,0.00367443,-0.000952877,52,0.00204433,0.00159521
5497638915947,5497623982000,5497623982000,5497638904892,73729,14.9229,5497653953874,29.9719,0,26201,102224,0,0,1,0,0,0.011953,500,500,500,1,2.74798,4.58881,0.658357,0.363336,0.0195465,0.00131226,3.32049e-05,-3.67604e-06,0.000407438,0.00151249,1,-0.000307541,-0.00277796,0.00277796,-0.000307541,1,1,0.00270441,-0.000200637,7.35472e-05,-0.000106904,0,0,0,0,0,0,0,0,0,0,0,0,0,0,0,0,0,0,0,0,0,0,0,255,0.22,5.0977,0.22,0.00209209,-1.10033e-05,1,1,1,1,0,1,1,-0.291488,-3.20838,0.125403,0.00114194,0.00294399,0.0237257,33.2862,25543,1,367,132.468,6386,0,0.000884653,0.0112264,0.0112541,0,0,0,1,500,0.225,2.81633e-05,-3.10471e-06,-6.98559e-07,-6.33675e-06,-2.01353e-06,-6.04837e-06,0.366095,0.0659998,0.0115774,0.000208795,-0.211558,0.00142232,-0.000481069,0.000873085,15.3048,1,0,0,0,0,0,-1,1,-9.04621e-07,-3.41779e-06,-0.211322,0,33.5587,1,1010,1010,1010,1010,0,0,0,0,33.563,56,0.00579588,-0.000818698,56,0.00592879,0.00234174,56,-0.00152061,-0.00470259,56,-0.00267943,-0.000814567,56,0.00212352,0.00026333,56,0.00597217,0.000985826,56,0.00417656,-0.00189651,56,0.00731329,0.000441494,52,0.00661792,0.00169283
5497654476637,5497643980000,5497643980000,5497654471267,73729,10.4913,5497672472549,28.4925,1,26202,102225,0,0,1,0,0,0.019998,500,500,500,1,2.77339,8.40191,0.616598,0.323836,0.00294495,-0.00976562,1.12171e-05,-2.65805e-05,6.45804e-05,0.000186965,1,-0.00132916,-0.000560911,0.000560911,-0.00132916,1,1,0.00163268,-0.0011566,-0.00107177,-0.000172562,0,0,0,0,0,0,0,0,0,0,0,0,0,0,0,0,0,0,0,0,0,0,0,255,0.22,0.379558,0.22,-0.000651323,-0.00045937,1,1,1,1,0,1,1,-0.291488,-3.20838,0.125403,0.00114194,0.00294399,0.0237257,51.8052,25543,1,367,150.987,6386,0,0.000884653,0.0112264,0.0112541,0,0,0,1,500,0.225,9.45338e-06,-2.25713e-05,-5.07854e-06,-2.12701e-06,-5.41183e-06,-1.01353e-06,0.366089,0.0659987,0.011573,0.000203308,-0.211468,0.000787776,-0.000776531,0.00448859,18.2016,2,0,0,0,0,0,-1,1,-9.04621e-07,-3.41779e-06,-0.21119,0,0.275817,1,1010,1010,1010,1010,0,0,0,0,0.280372,56,-0.00434042,0.000845014,56,0.0103881,0.00554946,56,-2.86962e-05,0.00127801,56,0.000743656,-0.00377068,56,0.00153682,-0.00167311,56,-0.00152627,-0.00246903,56,-0.00146204,-0.000855807,56,0.00163953,-0.000580319,52,-0.00142512,-0.00423193
5497673047942,5497663981000,5497663981000,5497673037794,73729,9.05679,5497689945938,25.9649,1,26203,102226,0,0,1,0,0,0.020001,500,500,500,1,2.90145,7.05566,0.741617,0.335428,-0.0226746,0.0301361,-3.11734e-05,3.55392e-05,0.00390621,-0.00060488,1,0.00177687,0.00155859,-0.00155859,0.00177687,1,1,-0.000503684,0.00174691,-0.00105491,2.99557e-05,0,0,0,0,0,0,0,0,0,0,0,0,0,0,0,0,0,0,0,0,0,0,0,255,0.22,7.57983,0.22,-0.00328578,0.00255307,1,1,1,1,1,1,1,-0.291508,-3.20839,0.125456,0.00169996,0.00386172,0.0238699,17.4956,25544,1,367,168.502,6386,0,0.000884653,0.0112264,0.0112541,0,0,0,1,500,0.225,-2.64721e-05,3.01498e-05,6.7837e-06,5.95621e-06,7.88259e-06,4.39946e-06,0.366097,0.0660031,0.0115487,0.00020376,-0.211445,-0.00020649,0.0001348,0.00363247,17.0432,2,0,0,0,0,0,-1,1,-9.04621e-07,-3.41779e-06,-0.21119,0,17.7827,1,1010,1010,1010,1010,0,0,0,0,17.7872,56,0.00121689,0.002863,56,0.00403647,0.00596019,56,-0.00552686,-0.00188353,56,-0.00190355,0.00425958,56,-0.00647519,0.00244895,56,-0.000232184,0.00182738,56,-0.00291047,0.00277026,56,-0.00191883,0.00369213,52,-0.00309452,0.00189616
5497690615573,5497683973000,5497683973000,5497690608647,73729,6.63565,5497705287015,21.314,1,26204,102227,0,0,1,0,0,0.019992,500,500,497,0.994,2.85826,7.26531,0.723987,0.329799,-0.0292358,0.00985718,-4.94586e-05,3.50837e-05,-0.00285384,-0.00343472,1,0.00175489,0.00247392,-0.00247392,0.00175489,1,1,-0.00246514,0.0017413,-8.77841e-06,1.35893e-05,0,0,0,0,0,0,0,0,0,0,0,0,0,0,0,0,0,0,0,0,0,0,0,255,0.22,6.05916,0.22,-0.00234325,0.000724079,1,1,1,2,0,1,1,-0.291508,-3.20839,0.125456,0.00169996,0.00386172,0.0238699,32.8241,25544,1,367,183.831,6386,0,0.000884653,0.0112264,0.0112541,0,0,0,1,497,0.225,-4.19011e-05,2.97252e-05,6.68816e-06,9.42774e-06,8.51797e-06,7.81322e-06,0.366106,0.066011,0.0115438,0.00021068,-0.211476,-0.000664069,6.11518e-05,-0.000499653,15.0058,1,0,0,0,0,0,-1,1,-9.04621e-07,-3.41779e-06,-0.21119,0,33.1105,1,1010,1010,1010,1010,0,0,0,0,33.1151,56,-0.0023713,0.00226298,56,-0.0105218,-3.74951e-05,53,0.000398412,0.000783018,56,0.00365326,-0.00139085,56,-0.00314914,-0.00174872,56,-0.00576888,0.00425407,56,-0.00509996,0.00319601,56,-0.0033932,-0.000492148,52,0.00079014,0.00347085
5497705878723,5497691996000,5497691996000,5497705867131,73729,13.8711,5497721974639,29.9786,0,26204,102228,0,0,1,0,0,0.008023,500,500,493,0.986,2.83467,7.66326,0.653782,0.324244,0.0103149,0.00518799,2.53853e-05,2.00662e-05,0.0107213,0.00181809,1,0.00250108,-0.00316407,0.00316407,0.00250108,1,1,0.00226372,0.00246484,0.000900346,3.62409e-05,0,0,0,0,0,0,0,0,0,0,0,0,0,0,0,0,0,0,0,0,0,0,0,255,0.22,1.02517,0.22,0.00229578,0.00210387,1,1,1,1,0,1,1,-0.291554,-3.20842,0.125022,0.000789267,0.00334447,0.0236049,4.16081,25545,1,367,200.543,6386,0,0.000884653,0.0112264,0.0112541,0,0,0,1,493,0.225,2.14945e-05,1.69967e-05,3.82426e-06,-4.83627e-06,2.72342e-06,-5.5312e-06,0.366109,0.0660054,0.0115473,0.000212651,-0.211575,0.000355725,0.000163084,-0.00295667,3.81395,3,0,0,0,0,0,-1,1,-9.0462e-07,-3.41779e-06,-0.21132,0,4.46698,1,1010,1010,1010,1010,0,0,0,0,4.47138,54,0.0131707,-0.000989811,55,0.00101708,0.00235392,55,0.00493096,-0.00232294,56,0.00263461,0.0117198,56,0.0126681,0.00600074,56,0.00197156,-0.00146319,53,0.00223596,0.000973902,56,-0.00196751,0.00236111,52,-0.00277659,-0.00564513
5497722671830,5497711990000,5497711990000,5497722660904,73729,10.6709,5497738776301,26.7863,1,26205,102229,0,0,1,0,0,0.019994,500,500,500,1,2.93139,7.14615,0.597597,0.323576,0.0370026,-0.0185547,7.62922e-05,-4.37913e-05,0.00224279,0.000271691,1,-0.00219022,-0.00381575,0.00381575,-0.00219022,1,1,0.0029494,-0.00210525,0.000866352,-8.49703e-05,0,0,0,0,0,0,0,0,0,0,0,0,0,0,0,0,0,0,0,0,0,0,0,255,0.22,7.66585,0.22,0.00297579,-0.00202579,1,1,1,1,0,1,1,-0.291554,-3.20842,0.125022,0.000789267,0.00334447,0.0236049,20.9167,25545,1,367,16.7358,6387,0,0.000884653,0.0111601,0.0108301,0,0,0,1,500,0.225,6.47314e-05,-3.70382e-05,-8.33359e-06,-1.45646e-05,-1.12062e-05,-1.24888e-05,0.366097,0.0659929,0.0115473,0.000212651,-0.211575,0.000516978,-0.000382366,-0.00270528,20.6694,0,0,0,0,0,0,-1,1,-9.0462e-07,-3.41779e-06,-0.21132,0,21.1926,1,1010,1010,1010,1010,0,0,0,0,21.197,56,0.00966727,0.00150731,56,0.00780713,-0.00988615,56,0.00446558,0.00132155,56,-0.000188146,-9.70806e-06,56,-0.000841253,-0.00204503,56,0.00535181,-0.00425437,56,0.00354548,-0.00172254,56,0.00105927,-0.000512764,52,0.00418576,-0.000947343
5497739324972,5497720037000,5497720037000,5497739312435,73729,19.2754,5497756093115,36.0561,0,26205,102230,0,0,1,0,0,0.008047,500,500,458,0.916,2.8478,5.81886,0.654283,0.337225,0.0211334,0.00233459,2.86397e-05,1.66096e-06,-0.000150106,0.00516605,1,0.000206407,-0.00355906,0.00355906,0.000206407,1,1,0.00344716,0.00032728,0.000111901,-0.000120874,0,0,0,0,0,0,0,0,0,0,0,0,0,0,0,0,0,0,0,0,0,0,0,255,0.22,4.06131,0.22,0.00317136,0.000429252,1,1,1,1,1,1,1,-0.291554,-3.20842,0.125022,0.000789267,0.00334447,0.0236049,38.2196,25545,1,367,34.0386,6387,0,0.000884653,0.0111601,0.0108301,0,0,0,1,458,0.225,2.42599e-05,1.34329e-06,3.02241e-07,-5.45848e-06,-8.50574e-07,-5.39989e-06,0.366097,0.0659875,0.0115469,0.000197014,-0.211549,0.000766913,-0.000543931,0.000210688,17.0235,2,0,0,0,0,0,-1,1,-9.0462e-07,-3.41779e-06,-0.21132,0,38.4783,1,1010,1010,1010,1010,0,0,0,0,38.4827,56,0.0131172,-0.00796543,56,0.022628,0.0190217,56,-0.000976253,-0.0103919,56,0.00343317,-0.00861468,56,0.000964926,0.0124741,56,0.00250655,0.00102399,32,0.0159184,-0.000260174,56,0.00308911,-0.00558219,34,-0.00410362,0.0121211
5497756637045,5497740018000,5497740018000,5497756630378,73729,16.6124,5497771673787,31.6558,1,26206,102231,0,0,1,0,0,0.019981,500,500,500,1,2.68522,5.55915,0.68006,0.318262,-0.0105515,-0.00938416,-5.36938e-05,-4.27663e-05,-0.00867795,0.00374539,1,-0.00214035,0.00268724,-0.00268724,-0.00214035,1,1,-0.00167077,-0.00208157,-0.00101647,-5.87798e-05,0,0,0,0,0,0,0,0,0,0,0,0,0,0,0,0,0,0,0,0,0,0,0,255,0.22,1.09271,0.22,-0.00205261,-0.000744364,1,1,1,1,0,1,1,-0.291579,-3.20843,0.124877,0.00154307,0.00363185,0.0234522,1.12714,25546,1,367,49.617,6387,0,0.000884653,0.0111601,0.0108301,0,0,0,1,500,0.225,-4.54791e-05,-3.62163e-05,-8.14867e-06,1.02328e-05,-5.81956e-06,1.17145e-05,0.366091,0.0659992,0.0115412,0.000209231,-0.211459,0.000475235,-0.000264509,0.00403949,0.890933,3,0,0,0,0,0,-1,1,-9.0462e-07,-3.41779e-06,-0.211204,0,1.39895,1,1010,1010,1010,1010,0,0,0,0,1.40316,56,-0.00757571,-0.00113475,56,-0.00656601,-0.00836193,56,-0.00330208,0.00104498,56,0.00152953,0.000856537,56,-0.00153587,-0.000723695,56,-0.00377524,-0.000984355,56,-0.00125599,-0.00307802,56,0.000113739,-0.00103921,52,-0.00296677,-0.000499246
5497772190994,5497760016000,5497760016000,5497772185031,73729,12.169,5497786779010,26.763,1,26207,102232,0,0,1,0,0,0.019998,500,500,500,1,2.64826,4.71998,0.612209,0.320613,-0.0266724,0.0196991,-6.04239e-05,3.1865e-05,-0.00308931,0.00104276,1,0.00159341,0.0030215,-0.0030215,0.00159341,1,1,-0.00248601,0.00146902,-0.000535491,0.00012439,0,0,0,0,0,0,0,0,0,0,0,0,0,0,0,0,0,0,0,0,0,0,0,255,0.22,6.28542,0.22,-0.0029343,0.00216614,1,1,1,1,0,1,1,-0.291579,-3.20843,0.124877,0.00154307,0.00363185,0.0234522,16.241,25546,1,367,64.731,6387,0,0.000884653,0.0111601,0.0108301,0,0,0,1,500,0.225,-5.12146e-05,2.69884e-05,6.07238e-06,1.15233e-05,8.35555e-06,9.99136e-06,0.366099,0.0660092,0.0115455,0.00021467,-0.211457,0.000575529,0.000559757,0.00238819,14.8724,1,0,0,0,0,0,-1,1,-9.0462e-07,-3.41779e-06,-0.211204,0,16.5099,1,1010,1010,1010,1010,0,0,0,0,16.5141,56,0.00219331,0.000140336,56,-0.00316894,0.0108054,56,-0.00356721,-0.000688044,56,-0.00731214,0.00252058,56,-0.00544831,-0.00438312,56,-0.00325935,0.00333457,56,-0.00234586,-0.00271305,56,-0.00281476,0.00324474,52,-0.000252494,0.0023745
5497787293551,5497771980000,5497771980000,5497787282162,73729,15.3022,5497801382174,29.4022,0,26207,102233,0,0,1,0,0,0.011964,500,500,478,0.956,2.65671,4.86968,0.626152,0.309687,-0.0136719,0.0156403,1.26251e-05,4.68726e-05,0.0053357,-0.0056148,1,0.0039178,-0.00105526,0.00105526,0.0039178,1,1,0.000825961,0.00376773,0.000229297,0.000150069,0,0,0,0,0,0,0,0,0,0,0,0,0,0,0,0,0,0,0,0,0,0,0,255,0.22,1.30092,0.22,-0.00174642,0.00238712,1,1,1,1,0,1,1,-0.291579,-3.20843,0.124877,0.00154307,0.00363185,0.0234522,30.8437,25546,1,367,79.3335,6387,0,0.000884653,0.0111601,0.0108301,0,0,0,1,478,0.225,1.06441e-05,3.97205e-05,8.93711e-06,-2.39492e-06,8.23531e-06,-4.2174e-06,0.366107,0.066005,0.0115474,0.000221362,-0.211483,0.000735609,0.000675308,-0.000236982,14.3318,1,0,0,0,0,0,-1,1,-9.0462e-07,-3.41779e-06,-0.211204,0,31.1141,1,1010,1010,1010,1010,0,0,0,0,31.1183,56,-0.00592407,0.00219851,56,0.00835101,-0.00146184,53,-0.000252353,0.00441135,56,-0.00112057,0.00609818,56,0.000750781,0.0136015,56,-0.000628901,-0.000235739,37,-0.0112819,0.00749294,56,-0.00399798,-0.00271297,52,0.00053239,-0.00173484
5497801913215,5497791986000,5497791986000,5497801907474,73729,9.92147,5497815143795,23.1578,1,26208,102234,0,0,1,0,0,0.020006,500,500,470,0.94,2.70063,4.66192,0.588449,0.310095,0.00189972,0.005867,-5.00086e-06,5.02457e-05,-0.000842192,-0.0041386,1,0.00251153,0.000249968,-0.000249968,0.00251153,1,1,-0.00110489,0.0024455,0.000854917,6.60331e-05,0,0,0,0,0,0,0,0,0,0,0,0,0,0,0,0,0,0,0,0,0,0,0,255,0.22,5.78512,0.22,-0.00107998,0.000558002,1,1,1,1,1,1,1,-0.291579,-3.20843,0.124877,0.00154307,0.00363185,0.0234522,44.6044,25546,1,367,93.0943,6387,0,0.000884653,0.0111601,0.0108301,0,0,0,1,470,0.225,-4.23711e-06,4.25207e-05,9.56716e-06,9.5335e-07,9.55404e-06,-1.07688e-06,0.366117,0.0660039,0.0115469,0.000222718,-0.211554,0.000515339,0.000297149,-0.00266543,12.0751,2,0,0,0,0,0,-1,1,-9.0462e-07,-3.41779e-06,-0.211317,0,0.138149,1,1010,1010,1010,1010,0,0,0,0,0.142001,56,-0.000991217,-0.00147274,56,-0.00597303,0.00571694,31,-0.00123633,-0.00123149,56,0.00146998,-0.000835328,56,0.00262677,-0.00116932,52,0.0002145,0.000905912,55,0.0029498,0.00137313,56,-0.00122776,0.00305359,52,-0.00241059,0.00474926
5497815692206,5497799999000,5497799999000,5497815676854,73729,15.6779,5497828659544,28.6605,0,26208,102235,0,0,1,0,0,0.008013,500,500,500,1,2.67583,5.12907,0.66719,0.320447,0.0186005,0.0175629,3.58895e-05,4.86619e-05,0.00158774,-0.0110841,1,0.00607287,-0.00447891,0.00447891,0.00607287,1,1,0.00350223,0.00605512,0.000976677,1.7748e-05,0,0,0,0,0,0,0,0,0,0,0,0,0,0,0,0,0,0,0,0,0,0,0,255,0.22,-0.754099,0.22,0.0023948,0.00247065,1,1,1,1,0,1,1,-0.291599,-3.20843,0.124989,0.000980579,0.00323832,0.0233701,13.4109,25547,1,367,106.628,6387,0,0.000884653,0.0111601,0.0108301,0,0,0,1,500,0.225,3.0456e-05,4.12754e-05,9.28698e-06,-6.85261e-06,7.6411e-06,-8.64946e-06,0.366124,0.0659953,0.0115469,0.000222718,-0.211554,0.000390164,7.9866e-05,-0.00320391,25.577,0,0,0,0,0,0,-1,1,-9.0462e-07,-3.41779e-06,-0.211317,0,13.6899,1,1010,1010,1010,1010,0,0,0,0,13.6937,56,0.00174502,0.0129364,56,-0.00696912,0.00318365,56,0.00945073,0.00421094,56,0.00237845,0.00524944,56,0.00294715,0.00576466,56,0.00764539,0.00642823,56,-0.00418611,9.87773e-05,56,0.00699622,0.00114443,52,0.00993798,0.00641317
5497829206233,5497820026000,5497820026000,5497829199714,73729,9.17371,5497842808927,22.7829,1,26209,102236,0,0,1,0,0,0.020027,500,500,500,1,2.72704,4.74005,0.590134,0.319058,0.0186081,0.00489807,2.88988e-05,1.91997e-05,-0.00191918,-0.0027401,1,0.000958691,-0.00144299,0.00144299,0.000958691,1,1,0.000710762,0.00105256,0.000732228,-9.38654e-05,0,0,0,0,0,0,0,0,0,0,0,0,0,0,0,0,0,0,0,0,0,0,0,255,0.22,2.61389,0.22,0.0012245,0.000325641,1,1,1,1,0,1,1,-0.291599,-3.20843,0.124989,0.000980579,0.00323832,0.0233701,27.5442,25547,1,367,120.761,6387,0,0.000884653,0.0111601,0.0108301,0,0,0,1,500,0.225,2.45218e-05,1.62945e-05,3.66627e-06,-5.51739e-06,2.42597e-06,-6.1639e-06,0.366127,0.0659891,0.0115727,0.000210458,-0.211568,0.00130483,-0.000422394,-0.00159216,13.8363,2,0,0,0,0,0,-1,1,-9.0462e-07,-3.41779e-06,-0.211317,0,27.816,1,1010,1010,1010,1010,0,0,0,0,27.8199,56,0.00179339,-0.00129815,56,0.00428032,0.00484075,56,-0.000178368,0.000970645,56,0.00167955,0.00100119,56,-0.00174818,-0.00473528,56,0.00374311,0.00146319,56,0.00215308,0.000821899,56,0.000729837,0.00423969,52,0.00111655,-0.00125003
5497843321893,5497831982000,5497831982000,5497843311023,73729,11.329,5497858748416,26.7664,0,26209,102237,0,0,1,0,0,0.011956,500,500,500,1,2.65532,5.53387,0.60019,0.320855,-0.00721741,0.0144348,-3.15208e-05,3.49997e-05,-0.00419548,0.00596682,1,0.00292738,0.0026364,-0.0026364,0.00292738,1,1,-0.0021625,0.00301437,-0.000473904,-8.69934e-05,0,0,0,0,0,0,0,0,0,0,0,0,0,0,0,0,0,0,0,0,0,0,0,255,0.22,5.74169,0.22,-0.00251011,0.0031356,1,1,1,1,0,1,1,-0.291599,-3.20843,0.124989,0.000980579,0.00323832,0.0233701,43.4882,25547,1,367,136.705,6387,0,0.000884653,0.0111601,0.0108301,0,0,0,1,500,0.225,-2.66655e-05,2.96503e-05,6.67132e-06,5.99973e-06,7.78215e-06,4.46506e-06,0.366135,0.0659936,0.0115754,0.000208683,-0.211512,0.0009228,-0.00039147,0.00244429,15.6249,2,0,0,0,0,0,-1,1,-9.0462e-07,-3.41779e-06,-0.211317,0,43.7775,1,1010,1010,1010,1010,0,0,0,0,43.7813,56,0.00629431,-0.00283047,56,-0.012339,0.00705501,56,0.00346426,0.00402194,56,-0.00972132,0.00371028,56,-0.000896346,0.00395228,56,-0.000218593,0.000666934,56,0.000154416,-0.00135478,56,-0.0065536,-0.00135271,52,-0.00143974,0.00605677
5497859280549,5497840016000,5497840016000,5497859272660,73729,19.2567,5497874550089,34.5341,0,26209,102238,0,0,1,0,0,0.008034,500,500,500,1,2.69954,6.91483,0.659246,0.325892,-0.0175323,-0.000534058,-3.23821e-05,1.82804e-05,-0.0104701,-0.00254497,1,0.00227538,0.00403063,-0.00403063,0.00227538,1,1,-0.00323679,0.00232511,-0.00079384,-4.97259e-05,0,0,0,0,0,0,0,0,0,0,0,0,0,0,0,0,0,0,0,0,0,0,0,255,0.22,1.77418,0.22,-0.00407187,0.00147526,1,1,1,1,1,1,1,-0.291625,-3.20843,0.12485,0.00114751,0.00367637,0.0231585,6.71296,25548,1,367,152.498,6387,0,0.000884653,0.0111601,0.0108301,0,0,0,1,500,0.225,-2.75152e-05,1.53912e-05,3.46303e-06,6.19093e-06,4.68532e-06,5.32569e-06,0.366139,0.0659989,0.0115821,0.000209989,-0.211479,0.000633548,-0.000223766,0.00336466,6.47214,2,0,0,0,0,0,-1,1,-9.0462e-07,-3.41779e-06,-0.211223,0,6.9852,1,1010,1010,1010,1010,0,0,0,0,6.99103,56,-0.0238429,0.0022483,56,0.00618936,0.00156958,56,-0.00703694,0.000568829,56,0.00797357,-0.00309416,56,-0.00417272,0.00180991,56,-0.00643842,0.00533405,56,-0.00117384,0.0011616,56,-0.00249569,-0.00435423,52,-0.0108594,-0.000446252
5497875120704,5497860015000,5497860015000,5497875114167,73729,15.0992,5497889764035,29.749,1,26210,102239,0,0,1,0,0,0.019999,500,500,500,1,2.66548,5.15269,0.751765,0.327595,-0.0294495,-0.0152283,-4.48364e-05,1.29099e-05,-0.00407222,-0.00848632,1,0.000645528,0.00224193,-0.00224193,0.000645528,1,1,-0.0021232,0.000668818,-0.000118732,-2.32903e-05,0,0,0,0,0,0,0,0,0,0,0,0,0,0,0,0,0,0,0,0,0,0,0,255,0.22,7.946,0.22,-0.00333566,-0.000535908,1,1,1,1,0,1,1,-0.291625,-3.20843,0.12485,0.00114751,0.00367637,0.0231585,21.9402,25548,1,367,167.726,6387,0,0.000884653,0.0111601,0.0108301,0,0,0,1,500,0.225,-3.80225e-05,1.09276e-05,2.45872e-06,8.55506e-06,4.1997e-06,7.84774e-06,0.366144,0.0660068,0.0115831,0.000207722,-0.211492,0.000622894,-0.000104806,0.000925749,14.9667,1,0,0,0,0,0,-1,1,-9.0462e-07,-3.41779e-06,-0.211223,0,22.2175,1,1010,1010,1010,1010,0,0,0,0,22.2233,56,-0.00143881,0.00139478,56,0.000268682,0.00566146,56,-0.000493452,-0.000703549,56,-0.00820756,0.000234806,56,-0.00206602,-0.00156365,56,-0.00138069,-0.000749366,56,-0.00697343,0.00112369,56,-0.00265125,0.000382439,52,-0.00255208,-0.000192454
5497890301224,5497879999000,5497879999000,5497890294576,73729,10.2956,5497905142223,25.1432,1,26211,102240,0,0,1,0,0,0.019984,500,500,500,1,2.73458,4.67052,0.659468,0.322669,0.00696564,0.00754547,1.17422e-05,-1.45661e-05,0.00627916,0.00600984,1,-0.000728887,-0.000587579,0.000587579,-0.000728887,1,1,0.000386782,-0.000615178,0.000200797,-0.000113709,0,0,0,0,0,0,0,0,0,0,0,0,0,0,0,0,0,0,0,0,0,0,0,255,0.22,2.83508,0.22,-0.000666197,0.000447746,1,1,1,1,0,1,1,-0.291625,-3.20843,0.12485,0.00114751,0.00367637,0.0231585,37.3075,25548,1,367,183.093,6387,0,0.000884653,0.0111601,0.0108301,0,0,0,1,500,0.225,9.9142e-06,-1.23808e-05,-2.78569e-06,-2.2307e-06,-3.19188e-06,-1.59604e-06,0.36614,0.0660052,0.0115763,0.000203235,-0.211505,0.000471634,-0.000511691,-0.000345561,15.1143,1,0,0,0,0,0,-1,1,-9.0462e-07,-3.41779e-06,-0.211223,0,37.5742,1,1010,1010,1010,1010,0,0,0,0,37.5801,56,0.000903079,-0.00422077,56,-0.00188386,0.00211072,56,-0.00111317,0.000327427,56,0.0023543,0.00224149,56,0.00118997,0.00479225,56,0.000534355,0.00191068,56,0.00352479,-0.00192349,56,-0.000658072,-0.00120602,52,0.00230052,-0.00147735
5497905651838,5497891982000,5497891982000,5497905640764,73729,13.6588,5497920154965,28.173,0,26211,102241,0,0,1,0,0,0.011983,500,500,500,1,2.67756,5.03713,0.639727,0.322206,0.00136566,0.0159454,3.62757e-05,4.63682e-05,-0.000724119,-0.0126814,1,0.00386949,-0.00302727,0.00302727,0.00386949,1,1,0.00253449,0.00380043,0.00049278,6.90631e-05,0,0,0,0,0,0,0,0,0,0,0,0,0,0,0,0,0,0,0,0,0,0,0,255,0.22,7.03633,0.22,0.000618659,0.00187693,1,1,1,1,0,1,1,-0.291638,-3.20843,0.124729,0.00115816,0.00346908,0.0228867,1.30849,25549,1,367,1.27049,6388,0,0.000884653,0.0110581,0.010192,0,0,0,1,500,0.225,3.07886e-05,3.93624e-05,8.85655e-06,-6.92743e-06,7.20458e-06,-8.63221e-06,0.366148,0.0659965,0.0115971,0.00021424,-0.211552,0.000785407,0.000310784,-0.00114568,1.03117,3,0,0,0,0,0,-1,1,-9.04621e-07,-3.41779e-06,-0.211296,0,1.59283,1,1010,1010,1010,1010,0,0,0,0,1.5966,56,0.00903858,0.00722797,56,0.0130193,-0.0136816,56,-0.00428148,0.00518545,56,-0.00872865,0.00470876,56,-0.00241054,0.00275823,56,0.00250726,-0.000300642,56,-0.00181565,0.00057992,56,-0.000824505,0.00686412,52,0.00335583,0.00461664
5497920666413,5497911976000,5497911976000,5497920660746,73729,8.68475,5497935343689,23.3677,1,26212,102242,0,0,1,0,0,0.019994,500,500,466,0.932,2.70141,4.56544,0.639857,0.304595,0.00151825,0.0177307,3.64525e-06,2.4364e-05,0.000599647,0.00164212,1,0.00121856,-0.000182317,0.000182317,0.00121856,1,1,-0.000305632,0.00118376,0.000487949,3.48033e-05,0,0,0,0,0,0,0,0,0,0,0,0,0,0,0,0,0,0,0,0,0,0,0,255,0.22,2.78589,0.22,-0.000689945,0.00120778,1,1,1,1,1,1,1,-0.291638,-3.20843,0.124729,0.00115816,0.00346908,0.0228867,16.508,25549,1,367,16.4699,6388,0,0.000884653,0.0110581,0.010192,0,0,0,1,466,0.225,3.05696e-06,2.06324e-05,4.64228e-06,-6.87816e-07,4.39437e-06,-1.64721e-06,0.366152,0.0659949,0.0115971,0.00021424,-0.211552,0.00091474,0.000156615,-0.00102482,16.2802,0,0,0,0,0,0,-1,1,-9.04621e-07,-3.41779e-06,-0.211296,0,16.7638,1,1010,1010,1010,1010,0,0,0,0,16.7676,54,2.10479e-05,-0.00282737,56,-0.00377263,0.00659577,34,5.71122e-06,0.00306184,56,-0.000682883,0.00160954,56,-0.00175586,-0.00499192,50,0.00124355,0.00218408,56,-9.86497e-05,0.00536545,56,0.00397843,0.00119175,48,-0.00071459,-0.00114507
5497935873545,5497919998000,5497919998000,5497935862193,73729,15.8642,5497949525016,29.527,0,26212,102243,0,0,1,0,0,0.008022,500,500,499,0.998,2.66419,5.5251,0.711672,0.311595,0.000274658,0.00965881,-2.53129e-05,4.83491e-05,-0.00225541,-0.0102877,1,0.00602707,0.00315544,-0.00315544,0.00602707,1,1,-0.00334446,0.00605573,0.000189023,-2.86612e-05,0,0,0,0,0,0,0,0,0,0,0,0,0,0,0,0,0,0,0,0,0,0,0,255,0.22,7.01653,0.22,-0.00178198,0.002342,1,1,1,1,0,1,1,-0.291638,-3.20843,0.124729,0.00115816,0.00346908,0.0228867,30.7614,25549,1,367,30.7235,6388,0,0.000884653,0.0110581,0.010192,0,0,0,1,499,0.225,-2.14207e-05,4.09103e-05,9.20483e-06,4.81965e-06,1.00116e-05,2.77914e-06,0.366162,0.0659977,0.0116098,0.000218814,-0.211546,0.000973066,-0.000128975,9.79695e-05,13.8713,2,0,0,0,0,0,-1,1,-9.04621e-07,-3.41779e-06,-0.211296,0,31.0939,1,1010,1010,1010,1010,0,0,0,0,31.0976,56,-0.0110652,0.011841,55,0.00317287,0.0248891,56,0.00417018,-0.00811478,56,0.0082218,-0.0145394,56,-0.00136608,0.0152338,56,0.00336911,0.0012926,56,0.000426395,0.000747086,56,-0.00177496,0.00395851,52,-0.012845,0.011644
5497950327134,5497940018000,5497940018000,5497950315430,73729,10.2974,5497964250293,24.2323,1,26213,102244,0,0,1,0,0,0.02002,500,500,500,1,2.92263,4.67135,0.589726,0.319095,0.00337219,0.0127716,-4.60132e-06,3.51706e-05,-0.00154699,-0.000428326,1,0.00175678,0.000229836,-0.000229836,0.00175678,1,1,5.79643e-05,0.00177881,-0.0002878,-2.2039e-05,0,0,0,0,0,0,0,0,0,0,0,0,0,0,0,0,0,0,0,0,0,0,0,255,0.22,2.0049,0.22,-0.000946992,0.00107445,1,1,1,1,0,1,1,-0.291638,-3.20843,0.124729,0.00115816,0.00346908,0.0228867,45.414,25549,1,367,45.3762,6388,0,0.000884653,0.0110581,0.010192,0,0,0,1,500,0.225,-3.92801e-06,2.98118e-05,6.70765e-06,8.83802e-07,6.74369e-06,-5.4426e-07,0.366169,0.0659971,0.0116108,0.000213621,-0.211529,0.000879268,-9.91756e-05,0.0017395,14.2856,1,0,0,0,0,0,-1,1,-9.04621e-07,-3.41779e-06,-0.211296,0,45.6843,1,1010,1010,1010,1010,0,0,0,0,0.218835,56,-0.000605644,-0.00132615,56,0.00347708,0.00627779,56,0.000707703,0.00212092,56,-0.00245499,0.00352798,56,0.00287516,-0.00245496,56,0.00019995,-0.00290917,56,-0.00152301,-0.00051345,56,0.000675331,0.00209226,52,0.000608586,0.0023522
5497964758630,5497948030000,5497948030000,5497964748111,73729,16.7181,5497978642029,30.612,0,26213,102245,0,0,1,0,0,0.008012,500,500,500,1,2.71572,4.87094,0.66769,0.320317,-0.017395,-0.00276947,-4.35771e-05,-7.80991e-06,-0.00628406,0.0126258,1,-0.000974776,0.00543898,-0.00543898,-0.000974776,1,1,-0.00479268,-0.00084722,-0.000646299,-0.000127556,0,0,0,0,0,0,0,0,0,0,0,0,0,0,0,0,0,0,0,0,0,0,0,255,0.22,5.85043,0.22,-0.00452798,0.000284698,1,1,1,1,0,1,1,-0.291638,-3.20843,0.124729,0.00115816,0.00346908,0.0228867,59.8129,25549,1,367,59.7754,6388,0,0.000884653,0.0110581,0.010192,0,0,0,1,500,0.225,-3.69411e-05,-6.68137e-06,-1.50331e-06,8.31174e-06,2.74968e-07,8.44157e-06,0.366169,0.0660056,0.0116119,0.00020775,-0.211502,0.00067065,-0.000574002,0.0028632,14.1457,1,0,0,0,0,0,-1,1,-9.04621e-07,-3.41779e-06,-0.211228,0,0.262336,1,1010,1010,1010,1010,0,0,0,0,14.6256,56,-0.0174042,-0.00321117,56,-0.00941704,0.00423787,56,-0.00289251,-0.0093757,56,-0.00289193,-0.00322405,56,0.000470526,0.000277002,56,-0.00636359,0.012482,56,-0.00353556,-0.00226475,56,-0.0171448,-0.0013499,52,-0.00237879,-0.00721282
5497979171218,5497968015000,5497968015000,5497979165978,73729,11.151,5497992913561,24.8986,1,26214,102246,0,0,1,0,0,0.019985,500,500,500,1,2.67217,4.6887,0.627764,0.310558,0.0314789,0.0141296,4.13328e-05,6.17401e-05,-0.00460012,-0.0067191,1,0.00308932,-0.00206819,0.00206819,0.00308932,1,1,0.00279993,0.00322778,-0.000731734,-0.000138456,0,0,0,0,0,0,0,0,0,0,0,0,0,0,0,0,0,0,0,0,0,0,0,255,0.22,0.396521,0.22,0.00103798,0.00200525,1,1,1,1,1,1,1,-0.291658,-3.20842,0.124632,0.000896859,0.00357407,0.0228818,14.2488,25550,1,367,74.0391,6388,0,0.000884653,0.0110581,0.010192,0,0,0,1,500,0.225,3.50847e-05,5.23509e-05,1.1779e-05,-7.89407e-06,9.85975e-06,-1.019e-05,0.366179,0.0659954,0.0116101,0.000199301,-0.211467,0.000348202,-0.000623051,0.0029128,13.9366,2,0,0,0,0,0,-1,1,-9.04621e-07,-3.41779e-06,-0.211228,0,14.5204,1,1010,1010,1010,1010,0,0,0,0,28.8837,56,-0.00248711,0.00506356,56,0.00468607,0.00982015,56,0.00299995,0.0036492,56,0.000521064,0.00155582,56,-0.00268693,0.00218697,56,0.00441043,-0.000626822,56,0.000563027,0.000178726,56,0.00448942,0.00235168,52,0.00444743,0.00333897
