mono_ns,camera_ts_ns,v4l2_timestamp_ns,camera_dequeue_ns,v4l2_flags,v4l2_to_dequeue_ms,flow_send_ns,frame_pipeline_latency_ms,camera_queue_dropped,camera_queue_dropped_total,frame,guide_leg,guide_stage,valid,invalid_reason,bridge_pending,dt_s,features,tracked,inliers,inlier_ratio,t_features_ms,t_lk_ms,t_ransac_ms,t_post_ms,du_px,dv_px,du_norm,dv_norm,yaw_rate_cam_z,scale_rate,lk_height_scale,flow_cam_x,flow_cam_y,flow_body_x,flow_body_y,lever_valid,lever_production_applied,lever_flow_body_x,lever_flow_body_y,lever_pred_flow_x,lever_pred_flow_y,ab_fb_enabled,ab_fb_max_px,ab_fb_checked,ab_fb_pass,ab_fb_ratio,ab_fb_inliers,ab_fb_valid,ab_fb_flow_body_x,ab_fb_flow_body_y,ab_fb_t_ms,ab_robust_valid,ab_robust_flow_body_x,ab_robust_flow_body_y,ab_robust_sigma,ab_robust_mean_weight,ab_robust_downweighted,ab_robust_iters,ab_obs_valid,ab_obs_flow_body_x,ab_obs_flow_body_y,ab_obs_median_ratio,ab_obs_mean_weight,ab_obs_downweighted,quality,luna_m,luna_age_ms,range_to_fc_m,flow_send_x,flow_send_y,flow_sent,stabilised_publish_mode,stabilised_publish_ready,stabilised_publish_source,range_sent,fc_armed,ekf_local_valid,ekf_x_ned,ekf_y_ned,ekf_z_ned,ekf_vx_ned,ekf_vy_ned,ekf_vz_ned,ekf_age_ms,ekf_count,ekf_status_valid,ekf_flags,ekf_status_age_ms,ekf_status_count,ekf_vel_var,ekf_pos_h_var,ekf_pos_v_var,ekf_compass_var,ekf_terrain_var,return_event,rc_zero_seq,worked5_valid,worked5_points,worked5_hcam_m,worked5_du_norm,worked5_dv_norm,worked5_dx_m,worked5_dy_m,worked5_dN_m,worked5_dE_m,worked5_acc_n_m,worked5_acc_e_m,fc_roll,fc_pitch,fc_yaw,fc_gyro_x,fc_gyro_y,fc_gyro_z,fc_gyro_age_ms,fc_gyro_samples,ctrl_target_valid,ctrl_target_x,ctrl_target_y,ctrl_target_vx,ctrl_target_vy,ctrl_target_age_ms,att_target_valid,att_target_roll,att_target_pitch,att_target_yaw,att_target_thrust,att_target_age_ms,outputs_valid,out1,out2,out3,out4,out5,out6,out7,out8,outputs_age_ms,c0_n,c0_bx,c0_by,c1_n,c1_bx,c1_by,c2_n,c2_bx,c2_by,c3_n,c3_bx,c3_by,c4_n,c4_bx,c4_by,c5_n,c5_bx,c5_by,c6_n,c6_bx,c6_by,c7_n,c7_bx,c7_by,c8_n,c8_bx,c8_by
4999224548744,4999214851000,4999214851000,4999224532114,73729,9.68111,4999238334092,23.4831,0,16683,61904,0,0,1,0,0,0.01196,343,342,330,0.964912,2.68254,4.49891,0.421911,0.224483,-0.0248108,-0.0264435,-4.25386e-05,-4.54577e-05,0.00116925,-0.00341621,1,-0.00380081,0.00355674,-0.00355674,-0.00380081,1,1,-0.00383955,-0.00387497,0.000282809,7.41569e-05,0,0,0,0,0,0,0,0,0,0,0,0,0,0,0,0,0,0,0,0,0,0,0,255,0.2,3.30284,0.2,-0.00420439,-0.00320177,1,1,1,1,1,1,1,-0.444804,-3.13619,0.118153,-0.00389193,0.00153233,-0.00191481,49.902,15595,1,367,142.369,3899,0,0.000884653,0.000795878,0.00654492,0,0,0,1,330,0.205,-3.60843e-05,-3.85376e-05,-7.9002e-06,7.39727e-06,-6.29601e-06,8.80301e-06,-0.262734,0.157787,0.00219589,-0.00204156,-0.197403,-1.02127e-05,0.000304043,-0.000935785,14.1789,1,0,0,0,0,0,-1,1,-9.04606e-07,-3.41781e-06,-0.197347,0,38.3817,1,1010,1010,1010,1010,0,0,0,0,0.148057,53,-0.000867984,-0.00709481,56,-0.00363906,-0.00416937,56,-0.00250548,-0.00425117,1,0,0,2,0,0,3,-0.00211758,0.00293761,47,-0.00458259,-0.0029498,56,-0.00409505,-0.00299653,56,-0.00291846,-0.00321283
4999238879207,4999222866000,4999222866000,4999238861170,73729,15.9952,4999248869470,26.0035,0,16683,61905,0,0,1,0,0,0.008015,343,342,342,1,2.67415,3.31875,0.508096,0.232242,-0.00543213,-0.0270233,-5.84342e-06,-7.81399e-05,0.0036959,0.00655154,1,-0.0097492,0.00072906,-0.00072906,-0.0097492,1,1,-0.00179464,-0.0097017,0.00106558,-4.75024e-05,0,0,0,0,0,0,0,0,0,0,0,0,0,0,0,0,0,0,0,0,0,0,0,255,0.19,7.40071,0.19,-0.00925063,-0.0955298,1,1,1,1,0,1,1,-0.445849,-3.1359,0.118052,-0.00642964,0.00204033,-0.00173911,10.4611,15596,1,367,152.906,3899,0,0.000884653,0.000795878,0.00654492,0,0,0,1,342,0.195,-4.95189e-06,-6.62348e-05,-1.29158e-05,9.65618e-07,-1.24754e-05,3.48068e-06,-0.262746,0.15779,0.00219893,-0.00203684,-0.197462,-0.00069861,-0.000185259,-0.00388351,10.3412,1,0,0,0,0,0,-1,1,-9.04606e-07,-3.41781e-06,-0.197477,0,0.210687,1,1010,1010,1010,1010,0,0,0,0,10.6881,56,0.000633994,0.000425099,56,-0.000404657,-0.00958243,56,0.00184728,-0.00655567,0,0,0,3,0.0351333,0.0116338,3,0.00745809,-0.0479819,56,0.00236462,-0.0109988,56,0.000169637,-0.00943577,56,-0.00557276,-0.0045962
4999249408993,4999234848000,4999234848000,4999249391752,73729,14.5438,4999260328522,25.4805,0,16683,61906,0,0,1,0,0,0.011982,345,342,342,1,2.64204,3.42399,0.412632,0.236038,-0.0103149,-0.0399017,-1.93668e-05,-8.07589e-05,0.00140638,-9.49569e-05,1,-0.00674002,0.00161632,-0.00161632,-0.00674002,1,1,-0.0031621,-0.00660264,0.00154577,-0.000137373,0,0,0,0,0,0,0,0,0,0,0,0,0,0,0,0,0,0,0,0,0,0,0,255,0.2,7.84497,0.2,-0.011516,-0.207623,1,1,1,1,0,1,1,-0.445849,-3.1359,0.118052,-0.00642964,0.00204033,-0.00173911,21.9222,15596,1,367,164.367,3899,0,0.000884653,0.000795878,0.00654492,0,0,0,1,342,0.205,-1.64606e-05,-6.85143e-05,-1.40454e-05,3.37443e-06,-1.31099e-05,6.0656e-06,-0.262759,0.157796,0.00220248,-0.00203131,-0.197561,-0.000160825,-0.000563229,-0.0051988,11.2272,2,0,0,0,0,0,-1,1,-9.04606e-07,-3.41781e-06,-0.197477,0,11.6702,1,1010,1010,1010,1010,0,0,0,0,22.1475,56,-0.00177231,-0.0136401,56,0.00146979,-0.00386755,56,-0.00368115,-0.00476355,1,0,0,3,-0.0363229,-0.0334557,2,0,0,56,0.00179086,-0.00386437,56,-0.00151967,-0.00752333,56,-0.000398553,-0.00676875
4999260873600,4999250889000,4999250889000,4999260866582,73729,9.97758,4999271924909,21.0359,1,16684,61907,0,0,1,0,0,0.016041,343,342,342,1,2.62085,3.67351,0.371596,0.227187,0.0348358,-0.0126419,6.6821e-05,-1.52233e-05,0.00591105,0.000212114,1,-0.000949022,-0.00416564,0.00416564,-0.000949022,1,1,0.00342653,-0.000860217,0.000739104,-8.88047e-05,0,0,0,0,0,0,0,0,0,0,0,0,0,0,0,0,0,0,0,0,0,0,0,255,0.2,9.16407,0.2,0.0131127,0.198967,1,1,1,1,0,1,1,-0.445849,-3.1359,0.118052,-0.00642964,0.00204033,-0.00173911,33.5407,15596,1,367,175.986,3899,0,0.000884653,0.000795878,0.00654492,0,0,0,1,342,0.205,5.66885e-05,-1.29105e-05,-2.64665e-06,-1.16211e-05,-4.87612e-06,-1.08756e-05,-0.262764,0.157785,0.00219226,-0.00201992,-0.197564,3.02354e-05,-0.000364099,-0.00240007,11.3912,1,0,0,0,0,0,-1,1,-9.04606e-07,-3.41781e-06,-0.197477,0,23.338,1,1010,1010,1010,1010,0,0,0,0,33.8154,56,0.00565668,-0.00159889,56,0.00051661,-0.000573266,56,0.00525934,-0.00324722,1,0,0,2,0,0,3,0.0224081,0.0558051,56,0.00618741,-0.00311453,56,0.00554304,-0.0010546,56,0.00459511,-0.00105636
4999272758878,4999262867000,4999262867000,4999272729470,73729,9.86247,4999284228967,21.362,0,16684,61908,0,0,1,0,0,0.011978,341,341,341,1,2.86389,3.79764,0.45117,0.261224,-0.00814819,0.0336914,-4.60912e-05,5.36839e-05,-0.00636608,0.0100533,1,0.00448187,0.00384799,-0.00384799,0.00448187,1,1,-0.00343103,0.0044175,-0.000416958,6.43754e-05,0,0,0,0,0,0,0,0,0,0,0,0,0,0,0,0,0,0,0,0,0,0,0,255,0.19,0.691672,0.19,-0.017734,-0.384856,1,1,1,1,0,1,1,-0.445849,-3.1359,0.118052,-0.00642964,0.00204033,-0.00173911,45.8372,15596,1,367,188.282,3899,0,0.000884653,0.000795878,0.00654492,0,0,0,1,341,0.195,-3.91221e-05,4.54753e-05,8.86769e-06,7.6288e-06,1.01924e-05,5.74012e-06,-0.262754,0.157791,0.00218362,-0.00201098,-0.197537,-0.000452487,0.000251064,0.000938918,12.0821,1,0,0,0,0,0,-1,1,-9.04606e-07,-3.41781e-06,-0.197477,0,35.5799,1,1010,1010,1010,1010,0,0,0,0,46.0573,56,-0.00638355,0.00657407,56,0.00190615,0.00377659,56,-0.00452007,0.00767137,1,0,0,1,0,0,3,-0.01165,0.00318398,56,-0.000565682,0.00579111,56,-0.000600331,0.0017928,56,-0.00231466,0.00412393
4999284774935,4999270879000,4999270879000,4999284757508,73729,13.8785,4999297166605,26.2876,0,16684,61909,0,0,1,0,0,0.008012,342,341,341,1,2.70267,4.94322,0.434077,0.22478,-0.00250244,0.0436401,1.17994e-05,7.666e-05,0.00492364,-0.00892347,1,0.00956815,-0.00147272,0.00147272,0.00956815,1,1,0.00301639,0.00923597,-0.00154367,0.000332186,0,0,0,0,0,0,0,0,0,0,0,0,0,0,0,0,0,0,0,0,0,0,0,255,0.2,2.55695,0.2,0.00046471,0.00832422,1,1,1,1,1,1,1,-0.447022,-3.13558,0.117932,-0.00757324,0.00231521,-0.00202091,4.75535,15597,1,367,4.66185,3900,0,0.000884653,0.000534922,0.00564225,0,0,0,1,341,0.205,1.00029e-05,6.50273e-05,1.33306e-05,-2.0506e-06,1.26693e-05,-4.62568e-06,-0.262741,0.157786,0.00217719,-0.00196728,-0.19744,-0.000524415,0.00136196,0.00464371,4.57294,2,0,0,0,0,0,-1,1,-9.04606e-07,-3.41781e-06,-0.197392,0,4.98302,1,1010,1010,1010,1010,0,0,0,0,4.98976,56,0.00194306,0.0108451,56,0.00536654,0.00943365,56,0.00524474,0.00540472,0,0,0,2,0,0,3,-0.0158706,-0.0570676,56,-0.000384635,0.0126123,56,-0.00235935,0.0163653,56,-0.000785845,0.0089013
4999297736313,4999282869000,4999282869000,4999297722517,73729,14.8535,4999308136468,25.2675,0,16684,61910,0,0,1,0,0,0.01199,342,341,341,1,2.62184,3.27112,0.435355,0.236447,0.00540161,0.059082,-6.09953e-06,0.000107798,-0.00766151,0.00234024,1,0.0089907,0.000508718,-0.000508718,0.0089907,1,1,0.00125456,0.00871586,-0.00176328,0.000274842,0,0,0,0,0,0,0,0,0,0,0,0,0,0,0,0,0,0,0,0,0,0,0,255,0.19,5.19063,0.19,0.0307534,0.389466,1,1,1,1,0,1,1,-0.447022,-3.13558,0.117932,-0.00757324,0.00231521,-0.00202091,15.7295,15597,1,367,15.6362,3900,0,0.000884653,0.000534922,0.00564225,0,0,0,1,341,0.195,-5.11969e-06,9.14102e-05,1.7825e-05,9.9834e-07,1.76746e-05,-2.51692e-06,-0.262724,0.157784,0.00216456,-0.00196415,-0.197402,-0.000476581,0.00107189,0.00512016,10.7707,1,0,0,0,0,0,-1,1,-9.04606e-07,-3.41781e-06,-0.197392,0,15.9439,1,1010,1010,1010,1010,0,0,0,0,15.9507,56,0.00339679,0.00863269,56,-0.00740168,0.00598373,56,0.000404186,0.00794633,0,0,0,2,0,0,3,-0.0118346,0.00774349,56,-0.000764215,0.010133,56,-0.000295019,0.00990501,56,-0.00141036,0.0120431
4999308662028,4999290885000,4999290885000,4999308649917,73729,17.7649,4999318816329,27.9313,0,16684,61911,0,0,1,0,0,0.008016,344,343,342,0.997085,2.59817,3.30523,0.535912,0.235427,-0.00634766,0.0447388,4.24441e-06,9.61832e-05,0.00336697,-0.0064391,1,0.0119989,-0.000529493,0.000529493,0.0119989,1,1,0.00178981,0.0119613,-0.00126032,3.75795e-05,0,0,0,0,0,0,0,0,0,0,0,0,0,0,0,0,0,0,0,0,0,0,0,255,0.19,6.14394,0.19,-0.0144022,-0.450752,1,1,1,1,0,1,1,-0.447022,-3.13558,0.117932,-0.00757324,0.00231521,-0.00202091,26.4128,15597,1,367,26.3193,3900,0,0.000884653,0.000534922,0.00564225,0,0,0,1,342,0.195,3.54837e-06,8.15624e-05,1.59047e-05,-6.91933e-07,1.54602e-05,-3.79727e-06,-0.262708,0.15778,0.00217956,-0.00196772,-0.197371,0.000291902,0.00014656,0.00416571,10.4616,1,0,0,0,0,0,-1,1,-9.04606e-07,-3.41781e-06,-0.197392,0,26.6328,1,1010,1010,1010,1010,0,0,0,0,26.6395,55,-0.00333078,0.0210122,56,0.0169145,0.0104127,56,-0.00436194,0.0108859,1,0,0,3,0.0435722,0.0187226,3,0.0237301,0.0191219,56,-0.00184588,0.00532762,56,-0.00303714,0.00915259,56,0.00154547,0.0102769
4999319354333,4999310885000,4999310885000,4999319345870,73729,8.46087,4999330184714,19.2997,1,16685,61912,0,0,1,0,0,0.02,343,342,342,1,2.57057,2.70637,0.469411,0.227706,0.0333862,-0.0314941,3.29975e-05,-6.23636e-05,-0.00245621,0.00190966,1,-0.00311818,-0.00164988,0.00164988,-0.00311818,1,1,0.00185404,-0.00300233,-0.000204161,-0.000115845,0,0,0,0,0,0,0,0,0,0,0,0,0,0,0,0,0,0,0,0,0,0,0,255,0.2,6.70577,0.2,0.0109148,0.160436,1,1,1,1,0,1,1,-0.447022,-3.13558,0.117932,-0.00757324,0.00231521,-0.00202091,37.7768,15597,1,367,37.6833,3900,0,0.000884653,0.000534922,0.00564225,0,0,0,1,342,0.205,2.79566e-05,-5.29059e-05,-1.08457e-05,-5.7311e-06,-1.17589e-05,-3.49299e-06,-0.26272,0.157776,0.00219472,-0.0019732,-0.197378,0.00154162,-0.000474963,0.00190294,11.1716,1,0,0,0,0,0,-1,1,-9.04606e-07,-3.41781e-06,-0.197392,0,37.9907,1,1010,1010,1010,1010,0,0,0,0,37.9974,56,-0.00234128,-0.00522804,56,0.00195412,-0.00124045,56,0.00329713,-0.00197955,1,0,0,2,0,0,3,0.0017297,0.0178472,56,0.00453763,-0.00189994,56,0.00248969,-0.00284013,56,0.00174659,-0.0043667
4999330926349,4999322860000,4999322860000,4999330913442,73729,8.05344,4999341787489,18.9275,0,16685,61913,0,0,1,0,0,0.011975,341,339,339,1,2.6075,2.99073,0.496078,0.220335,0.0265808,-0.0575562,5.20288e-05,-0.000108878,0.000611149,0.00142311,1,-0.00909207,-0.00434478,0.00434478,-0.00909207,1,1,0.00352055,-0.0090281,0.000824233,-6.39775e-05,0,0,0,0,0,0,0,0,0,0,0,0,0,0,0,0,0,0,0,0,0,0,0,255,0.19,8.09773,0.19,-0.00381027,-0.337202,1,1,1,1,0,1,1,-0.448261,-3.13525,0.117783,-0.0108361,0.00375534,-0.00187275,0.467337,15598,1,367,49.2779,3900,0,0.000884653,0.000534922,0.00564225,0,0,0,1,339,0.195,4.41702e-05,-9.23088e-05,-1.80002e-05,-8.61319e-06,-1.934e-05,-4.91496e-06,-0.262739,0.157772,0.00219549,-0.00198899,-0.197438,0.00108015,-0.000249512,-0.00170749,0.296132,2,0,0,0,0,0,-1,1,-9.04606e-07,-3.41781e-06,-0.19739,0,0.687561,1,1010,1010,1010,1010,0,0,0,0,0.691432,56,0.00270882,-0.00887242,56,-0.00170612,-0.00978926,56,0.00700328,-0.00942005,0,0,0,2,0,0,1,0,0,56,0.0035745,-0.00586879,56,0.00463888,-0.0123861,56,0.00477702,-0.00728613
4999342311771,4999330881000,4999330881000,4999342295493,73729,11.4145,4999351683770,20.8028,0,16685,61914,0,0,1,0,0,0.008021,341,340,340,1,2.61941,2.82323,0.362929,0.223428,0.0056839,-0.0415421,2.29967e-05,-5.97144e-05,0.00546126,-0.0136926,1,-0.00744475,-0.00286706,0.00286706,-0.00744475,1,1,0.00197993,-0.00748592,0.000887135,4.11699e-05,0,0,0,0,0,0,0,0,0,0,0,0,0,0,0,0,0,0,0,0,0,0,0,255,0.2,-0.822173,0.2,0.0347267,0.473622,1,1,1,1,1,1,1,-0.448261,-3.13525,0.117783,-0.0108361,0.00375534,-0.00187275,10.3925,15598,1,367,59.2033,3900,0,0.000884653,0.000534922,0.00564225,0,0,0,1,340,0.205,1.95062e-05,-5.06333e-05,-1.03798e-05,-3.99878e-06,-1.09625e-05,-1.885e-06,-0.26275,0.15777,0.00219549,-0.00198899,-0.197438,0.000466379,0.000168796,-0.0025367,10.1934,0,0,0,0,0,0,-1,1,-9.04606e-07,-3.41781e-06,-0.19739,0,10.6127,1,1010,1010,1010,1010,0,0,0,0,10.6166,56,0.00309139,-0.00832993,56,-0.00468225,0.00289893,56,0.00446804,-0.0106539,0,0,0,2,0,0,2,0,0,56,-0.000526146,-0.00979,56,0.00464015,-0.00560965,56,0.00668544,-0.0108946
4999352307090,4999342865000,4999342865000,4999352288090,73729,9.42309,4999362345335,19.4803,0,16685,61915,0,0,1,0,0,0.011984,344,343,343,1,2.61778,2.81667,0.495615,0.23078,-0.0270691,-0.0168915,-3.21159e-05,-4.27645e-05,0.000808081,0.00632214,1,-0.00356847,0.0026799,-0.0026799,-0.00356847,1,1,-0.003306,-0.00367029,0.000626104,0.00010182,0,0,0,0,0,0,0,0,0,0,0,0,0,0,0,0,0,0,0,0,0,0,0,255,0.2,9.17315,0.2,0.00430541,0.078179,1,1,1,1,0,1,1,-0.448261,-3.13525,0.117783,-0.0108361,0.00375534,-0.00187275,21.0471,15598,1,367,69.8576,3900,0,0.000884653,0.000534922,0.00564225,0,0,0,1,343,0.205,-2.72794e-05,-3.62958e-05,-7.44064e-06,5.59227e-06,-6.19894e-06,6.94333e-06,-0.262757,0.157777,0.00217907,-0.00199747,-0.197466,-0.000987437,0.000417461,-0.00284357,10.4477,1,0,0,0,0,0,-1,1,-9.04606e-07,-3.41781e-06,-0.19739,0,21.2679,1,1010,1010,1010,1010,0,0,0,0,21.2717,56,-0.0090927,0.000357597,56,0.00365346,-0.00611537,56,-0.00469375,-0.000793767,1,0,0,3,0.00620701,0.0144411,3,7.94481e-05,-0.0251288,56,-0.00406874,-0.00464827,56,-0.00356561,-0.00574976,56,-0.00654232,-0.00425493
4999362890524,4999350892000,4999350892000,4999362873339,73729,11.9813,4999372242078,21.3501,0,16685,61916,0,0,1,0,0,0.008027,343,342,342,1,2.60352,2.72354,0.442374,0.225631,-0.023941,-0.00488281,-4.48167e-05,-2.47291e-06,-0.000972809,-0.00628537,1,-0.000308074,0.00558325,-0.00558325,-0.000308074,1,1,-0.00598511,-0.000469614,0.000401858,0.00016154,0,0,0,0,0,0,0,0,0,0,0,0,0,0,0,0,0,0,0,0,0,0,0,255,0.2,-0.570078,0.2,-0.00410711,-0.000563254,1,1,1,1,0,1,1,-0.448261,-3.13525,0.117783,-0.0108361,0.00375534,-0.00187275,30.9505,15598,1,367,79.761,3900,0,0.000884653,0.000534922,0.00564225,0,0,0,1,342,0.205,-3.79597e-05,-2.05156e-06,-4.20569e-07,7.78175e-06,1.11439e-06,7.713e-06,-0.262755,0.157784,0.00216776,-0.00200895,-0.197487,-0.00124525,0.000662313,-0.0023143,9.688,1,0,0,0,0,0,-1,1,-9.04606e-07,-3.41781e-06,-0.19739,0,31.1706,1,1010,1010,1010,1010,0,0,0,0,31.1745,56,0.00286808,-0.00562766,56,-0.00714846,-0.00394896,56,-0.00163237,0.00177152,1,0,0,2,0,0,3,-0.00530164,0.0309837,56,-0.00912071,7.03977e-05,56,-0.00753845,0.00248202,56,-0.00501244,0.00295034
4999372796397,4999362860000,4999362860000,4999372779231,73729,9.91923,4999383590704,20.7307,0,16685,61917,0,0,1,0,0,0.011968,341,340,340,1,2.60552,2.81076,0.443281,0.226057,-0.033432,0.0098877,-4.97965e-05,2.33826e-05,0.00211002,0.000299327,1,0.00195376,0.00416081,-0.00416081,0.00195376,1,1,-0.00415775,0.00193939,-3.05454e-06,1.43696e-05,0,0,0,0,0,0,0,0,0,0,0,0,0,0,0,0,0,0,0,0,0,0,0,255,0.2,-0.805136,0.2,-0.00237296,0.000777134,1,1,1,1,0,1,1,-0.448261,-3.13525,0.117783,-0.0108361,0.00375534,-0.00187275,42.2972,15598,1,367,91.1077,3900,0,0.000884653,0.000534922,0.00564225,0,0,0,1,340,0.205,-4.22612e-05,1.98145e-05,4.06197e-06,8.66355e-06,5.68289e-06,7.6981e-06,-0.26275,0.157792,0.00214649,-0.00202626,-0.197498,-0.00164205,5.89155e-05,-0.00130362,11.1306,1,0,0,0,0,0,-1,1,-9.04606e-07,-3.41781e-06,-0.19739,0,42.5243,1,1010,1010,1010,1010,0,0,0,0,42.5282,56,-0.00658836,0.00816346,56,2.69847e-05,-0.00200792,56,0.000516767,0.00089301,0,0,0,1,0,0,3,0.000328777,-0.00154957,56,-0.00479086,0.000402923,56,-0.00477968,0.00102285,56,-0.00697776,0.00164818
4999384157634,4999370888000,4999370888000,4999384143226,73729,13.2552,4999393715338,22.8273,0,16685,61918,0,0,1,0,0,0.008028,343,342,342,1,2.59763,2.83519,0.448485,0.23189,-0.0271606,0.00895691,-3.93059e-05,6.5605e-06,0.00819723,0.00360807,1,0.000817203,0.0048961,-0.0048961,0.000817203,1,1,-0.00460136,0.000892751,-0.000294739,-7.55483e-05,0,0,0,0,0,0,0,0,0,0,0,0,0,0,0,0,0,0,0,0,0,0,0,255,0.2,0.389966,0.2,-0.00412645,0.000852691,1,1,1,1,0,1,1,-0.448849,-3.13506,0.117607,-0.00876284,0.00269768,-0.00228328,2.25894,15599,1,367,101.208,3900,0,0.000884653,0.000534922,0.00564225,0,0,0,1,342,0.205,-3.3423e-05,5.52584e-06,1.1328e-06,6.85171e-06,2.45514e-06,6.49624e-06,-0.262747,0.157799,0.00211998,-0.00217538,-0.197495,-0.00128162,-0.000309748,-5.85556e-05,2.08646,2,0,0,0,0,0,-1,1,-9.04606e-07,-3.41781e-06,-0.197448,0,2.47265,1,1010,1010,1010,1010,0,0,0,0,2.47672,56,-0.0109177,-0.00283911,56,-0.00382261,0.00555366,56,-0.0148561,-0.000291085,0,0,0,3,-0.0380137,-0.0126776,3,-0.0115311,-0.0267484,56,-0.00397241,0.00313931,56,-0.00482774,0.00363673,56,-0.00102603,0.0020299
4999394224972,4999382863000,4999382863000,4999394212786,73729,11.3498,4999406072230,23.2092,0,16685,61919,0,0,1,0,0,0.011975,345,343,343,1,2.63754,2.62895,0.382336,0.22865,-0.00389099,0.0131836,-1.79515e-05,3.93604e-05,-0.00356095,-0.00436807,1,0.00328688,0.00149908,-0.00149908,0.00328688,1,1,-0.00113324,0.00343365,-0.000365847,-0.000146763,0,0,0,0,0,0,0,0,0,0,0,0,0,0,0,0,0,0,0,0,0,0,0,255,0.2,0.311151,0.2,0.00128028,0.00165103,1,1,1,1,1,1,1,-0.448849,-3.13506,0.117607,-0.00876284,0.00269768,-0.00228328,14.6154,15599,1,367,113.564,3900,0,0.000884653,0.000534922,0.00564225,0,0,0,1,343,0.205,-1.51666e-05,3.33777e-05,6.84244e-06,3.10915e-06,7.31945e-06,1.70614e-06,-0.26274,0.1578,0.00211998,-0.00217538,-0.197495,-0.00103918,-0.00060173,0.000368633,14.4381,0,0,0,0,0,0,-1,1,-9.04606e-07,-3.41781e-06,-0.197448,0,14.8379,1,1010,1010,1010,1010,0,0,0,0,14.8419,56,0.00548598,0.00655075,56,-0.0010354,0.00040639,56,-0.000396092,0.0021659,2,0,0,2,0,0,3,0.00539773,0.071186,56,-0.00232991,0.00103882,56,-0.00221018,0.00359907,56,-0.00206574,0.00244824
4999406605179,4999390904000,4999390904000,4999406592568,73729,15.6886,4999415884714,24.9807,0,16685,61920,0,0,1,0,0,0.008041,343,342,342,1,2.60691,2.64732,0.399392,0.228132,0.0228729,0.0181274,3.96777e-05,4.41879e-05,-0.00421978,-0.0124023,1,0.00549532,-0.00493443,0.00493443,0.00549532,1,1,0.00534788,0.0057416,-0.000413451,-0.000246273,0,0,0,0,0,0,0,0,0,0,0,0,0,0,0,0,0,0,0,0,0,0,0,255,0.2,2.51202,0.2,0.00597007,0.00390324,1,1,1,1,0,1,1,-0.448849,-3.13506,0.117607,-0.00876284,0.00269768,-0.00228328,24.4329,15599,1,367,123.382,3900,0,0.000884653,0.000534922,0.00564225,0,0,0,1,342,0.205,3.37293e-05,3.74829e-05,7.68399e-06,-6.91451e-06,6.17802e-06,-8.28772e-06,-0.262734,0.157792,0.00211271,-0.00226782,-0.197482,-0.00029439,-0.00100972,0.00112061,9.62706,1,0,0,0,0,0,-1,1,-9.04606e-07,-3.41781e-06,-0.197448,0,24.6679,1,1010,1010,1010,1010,0,0,0,0,24.672,56,0.0158135,0.0131367,56,-0.00177373,0.00306785,56,0.0119398,0.00876626,1,0,0,2,0,0,3,0.0146237,-0.0902432,56,0.00484268,0.00211229,56,0.000696358,0.00966467,56,0.00374161,0.00476236
4999416449589,4999402858000,4999402858000,4999416432459,73729,13.5745,4999426995912,24.1379,0,16685,61921,0,0,1,0,0,0.011954,342,341,341,1,2.58982,2.61954,0.367522,0.225076,0.020752,0.017395,7.91523e-05,3.19104e-05,0.0123853,0.000203272,1,0.00266943,-0.00662141,0.00662141,0.00266943,1,1,0.00716369,0.00261443,-0.000542284,5.50078e-05,0,0,0,0,0,0,0,0,0,0,0,0,0,0,0,0,0,0,0,0,0,0,0,255,0.19,2.19822,0.19,0.00397312,0.00290259,1,1,1,1,0,1,1,-0.448849,-3.13506,0.117607,-0.00876284,0.00269768,-0.00228328,35.5436,15599,1,367,134.493,3900,0,0.000884653,0.000534922,0.00564225,0,0,0,1,341,0.195,6.70741e-05,2.70898e-05,5.28251e-06,-1.30794e-05,2.61428e-06,-1.38615e-05,-0.262731,0.157778,0.00211744,-0.00241829,-0.19744,0.000686735,0.00021453,0.00224131,10.8886,2,0,0,0,0,0,-1,1,-9.04606e-07,-3.41781e-06,-0.197448,0,35.7637,1,1010,1010,1010,1010,0,0,0,0,35.7678,56,0.00525449,-0.00433935,56,0.00395215,0.0073063,56,-0.00142568,-0.00237541,1,0,0,1,0,0,3,0.0207644,0.0501948,56,0.00234866,0.00957836,56,0.00741754,0.00221178,56,0.00666302,0.00140307
4999427532212,4999422867000,4999422867000,4999427525064,73729,4.65806,4999436916915,14.0499,1,16686,61922,0,0,1,0,0,0.020009,342,342,342,1,2.57713,2.65995,0.457356,0.229169,0.0650177,0.0303345,4.05331e-05,2.77909e-05,-0.0124453,0.00520469,1,0.00138892,-0.00202574,0.00202574,0.00138892,1,1,0.00252283,0.00121854,-0.000497088,0.000170383,0,0,0,0,0,0,0,0,0,0,0,0,0,0,0,0,0,0,0,0,0,0,0,255,0.21,3.12893,0.21,0.00431424,0.164248,1,1,1,2,0,1,1,-0.448849,-3.13506,0.117607,-0.00876284,0.00269768,-0.00228328,45.4661,15599,1,367,144.415,3900,0,0.000884653,0.000534922,0.00564225,0,0,0,1,342,0.215,3.43867e-05,2.35175e-05,5.05627e-06,-7.39315e-06,3.50801e-06,-8.24126e-06,-0.262728,0.15777,0.00211967,-0.00249527,-0.197418,0.00112296,0.000732649,0.00260835,9.70256,1,0,0,0,0,0,-1,1,-9.04606e-07,-3.41781e-06,-0.197448,0,45.6744,1,1010,1010,1010,1010,0,0,0,0,0.175761,56,-0.00972002,0.00148043,56,0.00188641,0.00737583,56,0.00494614,0.00299698,1,0,0,2,0,0,3,-0.0106845,-0.0508176,56,0.0052241,-0.00174736,56,0.00397305,0.000439744,56,0.000757753,0.00513145
4999438953838,4999430900000,4999430900000,4999438937857,73729,8.03786,4999446683158,15.7832,0,16686,61923,0,0,1,0,0,0.008033,344,343,343,1,2.61239,2.59483,0.574319,0.251409,0.0253296,-0.00323486,1.32525e-05,-2.35954e-05,-0.0131685,-0.00140714,1,-0.00293731,-0.00164975,0.00164975,-0.00293731,1,1,0.00214684,-0.00310769,-0.000497088,0.000170383,0,0,0,0,0,0,0,0,0,0,0,0,0,0,0,0,0,0,0,0,0,0,0,255,0.21,4.39735,0.21,0.016531,0.152345,1,1,1,0,0,1,1,-0.448783,-3.13511,0.117405,-0.00728688,0.00237171,-0.00213135,0.0525,15600,1,367,154.221,3900,0,0.000884653,0.000534922,0.00564225,0,0,0,1,343,0.215,1.13297e-05,-1.99631e-05,-4.29207e-06,-2.43588e-06,-4.68644e-06,-1.54672e-06,-0.262732,0.157768,0.00211967,-0.00249527,-0.197418,0.00112296,0.000732649,0.00260835,19.4675,0,0,0,0,0,0,-1,1,-9.04606e-07,-3.41781e-06,-0.197351,0,0.256095,1,1010,1010,1010,1010,0,0,0,0,9.97774,56,0.0152528,-0.00209454,56,-0.0152686,-0.00996704,56,0.00620536,0.00581119,1,0,0,3,-0.00185402,-0.0659235,3,-0.0140976,-0.100289,56,0.00248489,0.000278093,56,0.000983867,-0.00373199,56,0.00388125,0.00219711
4999447249792,4999442866000,4999442866000,4999447231551,73729,4.36555,4999457627372,14.7614,0,16686,61924,0,0,1,0,0,0.011966,342,339,339,1,2.57889,3.16728,0.482948,0.22052,-0.00750732,-0.00747681,-1.77845e-05,-1.00714e-05,-0.00128714,0.00240641,1,-0.000841666,0.00148625,-0.00148625,-0.000841666,1,1,-0.000722316,-0.000975611,-0.000763938,0.000133946,0,0,0,0,0,0,0,0,0,0,0,0,0,0,0,0,0,0,0,0,0,0,0,255,0.2,2.12896,0.2,-0.00571165,-0.293518,1,1,1,1,1,1,1,-0.448783,-3.13511,0.117405,-0.00728688,0.00237171,-0.00213135,10.9553,15600,1,367,165.124,3900,0,0.000884653,0.000534922,0.00564225,0,0,0,1,339,0.205,-1.51069e-05,-8.56274e-06,-1.75536e-06,3.09692e-06,-1.11398e-06,3.38101e-06,-0.262733,0.157772,0.00208519,-0.00263982,-0.197381,-5.17251e-05,0.000549178,0.00246434,10.7374,2,0,0,0,0,0,-1,1,-9.04606e-07,-3.41781e-06,-0.197351,0,11.1706,1,1010,1010,1010,1010,0,0,0,0,20.8922,56,-0.00164665,-0.00169265,56,0.000625571,0.000396754,56,-0.00136934,-0.00506208,1,0,0,1,0,0,1,0,0,56,-0.000365404,0.000160225,56,-0.00325033,-0.00103002,56,-0.00241443,-0.00267089
4999458923845,4999450884000,4999450884000,4999458910975,73729,8.02698,4999466797462,15.9135,0,16686,61925,0,0,1,0,0,0.008018,343,342,342,1,2.61072,2.63606,0.510004,0.226039,-0.0153275,-0.0244141,-2.34275e-05,-2.13916e-05,0.00650399,-0.00479171,1,-0.00266795,0.00292186,-0.00292186,-0.00266795,1,1,-0.00222115,-0.00268451,-0.000700711,1.65573e-05,0,0,0,0,0,0,0,0,0,0,0,0,0,0,0,0,0,0,0,0,0,0,0,255,0.19,3.97247,0.19,-0.0196976,-0.45989,1,1,1,2,0,1,1,-0.448783,-3.13511,0.117405,-0.00728688,0.00237171,-0.00213135,20.1261,15600,1,367,174.295,3900,0,0.000884653,0.000534922,0.00564225,0,0,0,1,342,0.195,-1.98859e-05,-1.81229e-05,-3.53396e-06,3.87776e-06,-2.70491e-06,4.49548e-06,-0.262736,0.157776,0.00206758,-0.00271369,-0.197382,-0.00112763,6.45734e-05,0.00128411,8.9767,1,0,0,0,0,0,-1,1,-9.04606e-07,-3.41781e-06,-0.197351,0,20.3295,1,1010,1010,1010,1010,0,0,0,0,30.0512,56,-0.00326587,0.000753758,56,-0.00585612,-0.00615624,56,-0.0015689,-0.00469241,1,0,0,2,0,0,3,0.0243297,0.164585,56,-0.00453329,-0.00569604,56,-0.00213667,-0.00653126,56,-0.000280212,-0.00701181
4999467302596,4999462856000,4999462856000,4999467287762,73729,4.43176,4999477213803,14.3578,0,16686,61926,0,0,1,0,0,0.011972,343,342,342,1,2.57717,3.25938,0.433855,0.229464,-0.0371704,-0.0311584,-6.13181e-05,-6.59339e-05,0.00261395,0.00193695,1,-0.00550735,0.00512179,-0.00512179,-0.00550735,1,1,-0.00470913,-0.00532461,-0.000412662,-0.000182732,0,0,0,0,0,0,0,0,0,0,0,0,0,0,0,0,0,0,0,0,0,0,0,255,0.19,2.19157,0.19,-0.0129688,-0.168901,1,1,1,2,0,1,1,-0.448783,-3.13511,0.117405,-0.00728688,0.00237171,-0.00213135,30.541,15600,1,367,184.709,3900,0,0.000884653,0.000534922,0.00564225,0,0,0,1,342,0.195,-5.20384e-05,-5.59261e-05,-1.09056e-05,1.01475e-05,-8.70391e-06,1.20891e-05,-0.262745,0.157788,0.00205451,-0.00278884,-0.197383,-0.00102757,-0.000712655,0.000465445,10.1964,1,0,0,0,0,0,-1,1,-9.04606e-07,-3.41781e-06,-0.197351,0,30.745,1,1010,1010,1010,1010,0,0,0,0,40.4666,56,-0.00524675,-0.00609202,56,0.00204657,-0.00115083,56,-0.00615619,-0.00439529,1,0,0,3,-0.0127967,0.00898952,2,0,0,56,-0.00718663,-0.00583516,56,-0.00507328,-0.00512607,56,-0.00534808,-0.00678262
4999478926983,4999470913000,4999470913000,4999478915057,73729,8.00206,4999487210658,16.2977,0,16686,61927,0,0,1,0,0,0.008057,342,342,342,1,2.60937,3.01769,0.526744,0.228483,-0.0253296,-0.0290604,-4.21773e-05,-5.35184e-05,-0.00120008,0.000888799,1,-0.00664247,0.00523487,-0.00523487,-0.00664247,1,1,-0.00525927,-0.00628696,2.4398e-05,-0.000355514,0,0,0,0,0,0,0,0,0,0,0,0,0,0,0,0,0,0,0,0,0,0,0,255,0.2,3.74784,0.2,0.0047725,0.34232,1,1,1,2,0,1,1,-0.448783,-3.13511,0.117405,-0.00728688,0.00237171,-0.00213135,40.5352,15600,1,367,194.704,3900,0,0.000884653,0.000534922,0.00564225,0,0,0,1,342,0.205,-3.57536e-05,-4.53678e-05,-9.3004e-06,7.32949e-06,-7.68225e-06,9.0112e-06,-0.262753,0.157797,0.00203865,-0.00286086,-0.197408,-0.000965328,-0.00145761,-0.000852288,9.7778,1,0,0,0,0,0,-1,1,-9.04606e-07,-3.41781e-06,-0.197351,0,40.7384,1,1010,1010,1010,1010,0,0,0,0,0.144501,56,-0.00174207,-0.000158909,56,-0.000423912,-0.00561717,56,-0.00388826,-0.00580671,1,0,0,2,0,0,3,-0.0142837,-0.0796861,56,-0.00805408,-0.00932083,56,-0.00897415,-0.00519981,56,-0.00704321,-0.008136
4999487703366,4999478892000,4999478892000,4999487686829,73729,8.79483,4999497230940,18.3389,0,16686,61928,0,0,1,0,0,0.007979,343,342,342,1,2.59202,2.79421,0.403855,0.226558,-0.0393753,-0.00379944,-7.31931e-05,6.61316e-06,0.00218168,-0.0116055,1,0.000828821,0.00917322,-0.00917322,0.000828821,1,1,-0.00952244,0.000830073,0.000349226,-1.2522e-06,0,0,0,0,0,0,0,0,0,0,0,0,0,0,0,0,0,0,0,0,0,0,0,255,0.19,2.35126,0.19,-0.00395827,0.0338129,1,1,1,1,0,1,1,-0.448727,-3.13511,0.1172,-0.00484022,0.00201067,-0.00258118,0.589061,15601,1,367,0.553227,3901,0,0.000884653,0.000239201,0.00659654,0,0,0,1,342,0.195,-6.20698e-05,5.6064e-06,1.09325e-06,1.21036e-05,3.44637e-06,1.16539e-05,-0.262749,0.157809,0.00200649,-0.00287913,-0.197457,-0.00131883,-4.88359e-06,-0.00214465,0.384077,2,0,0,0,0,0,-1,1,-9.04606e-07,-3.41781e-06,-0.197385,0,0.830432,1,1010,1010,1010,1010,0,0,0,0,10.2004,56,-0.00351296,0.00211181,56,-0.0202416,-0.0048503,56,-0.00620858,0.00373751,1,0,0,2,0,0,3,0.0305409,0.0346205,56,-0.01089,0.00191681,56,-0.00766326,0.00140463,56,-0.00654714,0.000121303
4999498938416,4999490889000,4999490889000,4999498920509,73729,8.03151,4999509159255,18.2703,0,16686,61929,0,0,1,0,0,0.011997,342,342,342,1,2.6058,2.65422,0.524727,0.227669,-0.00145721,0.0266724,2.67118e-05,6.08776e-05,0.00764332,-0.00539663,1,0.0050744,-0.00222654,0.00222654,0.0050744,1,1,0.00178907,0.00488596,0.000437476,0.000188442,0,0,0,0,0,0,0,0,0,0,0,0,0,0,0,0,0,0,0,0,0,0,0,255,0.2,3.41371,0.2,-0.00113604,-0.0290245,1,1,1,1,1,1,1,-0.448727,-3.13511,0.1172,-0.00484022,0.00201067,-0.00258118,12.5206,15601,1,367,12.4847,3901,0,0.000884653,0.000239201,0.00659654,0,0,0,1,342,0.205,2.26745e-05,5.16697e-05,1.05923e-05,-4.64826e-06,9.47456e-06,-6.63589e-06,-0.26274,0.157802,0.00200649,-0.00287913,-0.197457,-0.0013353,0.000772612,-0.00250316,12.3102,0,0,0,0,0,0,-1,1,-9.04606e-07,-3.41781e-06,-0.197385,0,12.734,1,1010,1010,1010,1010,0,0,0,0,22.104,56,0.00729296,0.00903089,56,0.00427222,-0.00280522,56,0.00124403,0.00152411,0,0,0,2,0,0,4,0.00980541,0.0121818,56,0.00025608,0.00662751,56,0.000523029,0.00723688,56,-0.00123105,0.00671766
4999509737167,4999498894000,4999498894000,4999509717889,73729,10.8239,4999519667726,20.7737,0,16686,61930,0,0,1,0,0,0.008005,343,342,342,1,2.63158,2.56871,0.4968,0.23002,0.00992584,0.0459061,2.2458e-06,8.44893e-05,0.00759193,0.0174216,1,0.0105546,-0.000280549,0.000280549,0.0105546,1,1,-0.000350506,0.0102927,0.000631055,0.000261817,0,0,0,0,0,0,0,0,0,0,0,0,0,0,0,0,0,0,0,0,0,0,0,255,0.2,4.07846,0.2,0.0065983,0.283034,1,1,1,1,0,1,1,-0.448727,-3.13511,0.1172,-0.00484022,0.00201067,-0.00258118,23.0317,15601,1,367,22.9957,3901,0,0.000884653,0.000239201,0.00659654,0,0,0,1,342,0.205,1.85407e-06,7.15848e-05,1.46749e-05,-3.80083e-07,1.43151e-05,-3.25177e-06,-0.262725,0.157799,0.00201738,-0.00286876,-0.197472,-9.71284e-05,0.00107345,-0.00214756,10.3262,1,0,0,0,0,0,-1,1,-9.04606e-07,-3.41781e-06,-0.197385,0,23.2493,1,1010,1010,1010,1010,0,0,0,0,32.6193,56,-0.00863955,0.00193752,56,0.00457362,0.0215999,56,0.00179329,0.00223624,1,0,0,2,0,0,3,-0.0489637,0.217529,56,0.00172972,0.0101378,56,0.00347445,0.00613423,56,0.00426941,0.00529346
4999520221211,4999510898000,4999510898000,4999520203545,73729,9.30555,4999531200112,20.3021,0,16686,61931,0,0,1,0,0,0.012004,344,342,340,0.994152,2.57867,2.798,0.509837,0.227687,0.0439148,0.0216675,5.60348e-05,2.82057e-05,-0.00427249,0.00153067,1,0.00234969,-0.00466801,0.00466801,0.00234969,1,1,0.00411721,0.00215687,0.000550799,0.000192822,0,0,0,0,0,0,0,0,0,0,0,0,0,0,0,0,0,0,0,0,0,0,0,255,0.19,4.38981,0.19,-0.00326912,-0.198282,1,1,1,1,0,1,1,-0.448727,-3.13511,0.1172,-0.00484022,0.00201067,-0.00258118,34.5645,15601,1,367,34.5286,3901,0,0.000884653,0.000239201,0.00659654,0,0,0,1,340,0.195,4.74785e-05,2.39073e-05,4.66192e-06,-9.2583e-06,2.755e-06,-9.99298e-06,-0.262723,0.157789,0.00203013,-0.00285146,-0.197469,0.00126082,0.000752004,-0.000709839,11.3471,1,0,0,0,0,0,-1,1,-9.04606e-07,-3.41781e-06,-0.197385,0,34.7779,1,1010,1010,1010,1010,0,0,0,0,44.1478,56,-0.00396569,-0.000183874,56,0.0114721,0.00527984,56,0.00487492,0.00615499,1,0,0,3,0.0189519,-0.0288127,1,0,0,55,0.00747118,0.00200599,56,0.00666861,0.00294094,56,0.00413118,0.00336409
4999531723153,4999518900000,4999518900000,4999531706708,73729,12.8067,4999541990659,23.0907,0,16686,61932,0,0,1,0,0,0.008002,343,342,342,1,2.58728,3.40167,0.514708,0.231631,0.0489426,-0.0290833,7.99128e-05,-4.86352e-05,-0.00338578,-0.00061521,1,-0.00607788,-0.0099866,0.0099866,-0.00607788,1,1,0.0102577,-0.00598634,-0.000271085,-9.15395e-05,0,0,0,0,0,0,0,0,0,0,0,0,0,0,0,0,0,0,0,0,0,0,0,255,0.19,5.70167,0.19,-0.00421466,-0.28436,1,1,1,1,0,1,1,-0.449073,-3.13508,0.116999,-0.00540821,0.00158078,-0.00246478,0.202298,15602,1,367,45.3134,3901,0,0.000884653,0.000239201,0.00659654,0,0,0,1,342,0.195,6.78136e-05,-4.12271e-05,-8.03928e-06,-1.32237e-05,-1.04766e-05,-1.139e-05,-0.262733,0.157778,0.00204398,-0.00282719,-0.197414,0.00126206,-0.000357004,0.00185543,0.025333,2,0,0,0,0,0,-1,1,-9.04606e-07,-3.41781e-06,-0.197369,0,0.422318,1,1010,1010,1010,1010,0,0,0,0,0.426374,56,0.0111404,0.000557993,56,0.00899125,-0.0130701,56,0.0131085,0.000335776,1,0,0,2,0,0,3,-0.00282202,-0.0306611,56,0.00936069,-0.0140407,56,0.0138201,-0.00667536,56,0.00930326,-0.00560458
4999542509626,4999530874000,4999530874000,4999542492459,73729,11.6185,4999553638471,22.7645,0,16686,61933,0,0,1,0,0,0.011974,343,342,342,1,2.621,2.84365,0.49343,0.225706,0.0384598,-0.0361557,8.02545e-05,-6.71963e-05,-0.00348146,-0.00777951,1,-0.00561185,-0.00670239,0.00670239,-0.00561185,1,1,0.007301,-0.00538773,-0.000598605,-0.000224119,0,0,0,0,0,0,0,0,0,0,0,0,0,0,0,0,0,0,0,0,0,0,0,255,0.19,6.12208,0.19,0.00416983,-0.00587459,1,1,1,1,0,1,1,-0.449073,-3.13508,0.116999,-0.00540821,0.00158078,-0.00246478,11.8766,15602,1,367,56.9877,3901,0,0.000884653,0.000239201,0.00659654,0,0,0,1,342,0.195,6.81133e-05,-5.69634e-05,-1.11079e-05,-1.32821e-05,-1.34971e-05,-1.08455e-05,-0.262747,0.157767,0.00204398,-0.00282719,-0.197414,0.00107139,-0.000874064,0.00272476,11.678,0,0,0,0,0,0,-1,1,-9.04606e-07,-3.41781e-06,-0.197369,0,12.1024,1,1010,1010,1010,1010,0,0,0,0,12.1065,56,0.00762842,-0.00616079,56,0.00501288,-0.00861923,56,0.00135522,-0.00651855,1,0,0,2,0,0,3,-0.0011025,0.00530749,56,0.00938571,-0.00257102,56,0.00381225,-0.00279923,56,0.0075492,-0.00239596
4999554195865,4999538909000,4999538909000,4999554179383,73729,15.2704,4999563526715,24.6177,0,16686,61934,0,0,1,0,0,0.008035,341,341,330,0.967742,2.62604,2.57847,0.492393,0.224798,-0.00361633,0.0018692,-3.28706e-05,-6.52349e-06,-0.014244,0.0103204,1,-0.000811884,0.00409092,-0.00409092,-0.000811884,1,1,-0.00276191,-0.000824199,-0.00132901,1.23155e-05,0,0,0,0,0,0,0,0,0,0,0,0,0,0,0,0,0,0,0,0,0,0,0,255,0.19,7.88362,0.19,-0.00335723,0.000127989,1,1,1,1,1,1,1,-0.449073,-3.13508,0.116999,-0.00540821,0.00158078,-0.00246478,21.7704,15602,1,367,66.8815,3901,0,0.000884653,0.000239201,0.00659654,0,0,0,1,330,0.195,-2.78555e-05,-5.56947e-06,-1.08605e-06,5.43183e-06,1.27918e-10,5.53933e-06,-0.262747,0.157772,0.00203763,-0.00277979,-0.197367,0.000169668,4.80304e-05,0.00428224,9.67426,1,0,0,0,0,0,-1,1,-9.04606e-07,-3.41781e-06,-0.197369,0,21.9881,1,1010,1010,1010,1010,0,0,0,0,21.9922,56,-0.0081355,0.000272468,56,-0.0132374,0.00483744,56,0.00323218,0.00359495,0,0,0,2,0,0,3,0.00496395,-0.060544,56,-0.0037544,-0.00356767,56,-0.00261637,-0.00474276,45,-0.00251326,0.000768014
4999564182591,4999550880000,4999550880000,4999564162387,73729,13.2824,4999576190684,25.3107,0,16686,61935,0,0,1,0,0,0.011971,344,343,343,1,2.65052,2.54156,0.418318,0.232576,-0.0172424,0.0376282,-3.89085e-05,5.78156e-05,-0.0015606,0.00282887,1,0.00482964,0.00325023,-0.00325023,0.00482964,1,1,-0.00147936,0.00465118,-0.00177087,0.000178458,0,0,0,0,0,0,0,0,0,0,0,0,0,0,0,0,0,0,0,0,0,0,0,255,0.19,7.74421,0.19,-0.00356883,0.00564555,1,1,1,1,0,1,1,-0.449073,-3.13508,0.116999,-0.00540821,0.00158078,-0.00246478,34.4053,15602,1,367,79.5164,3901,0,0.000884653,0.000239201,0.00659654,0,0,0,1,343,0.195,-3.30062e-05,4.90112e-05,9.55718e-06,6.43621e-06,1.06334e-05,4.43769e-06,-0.262736,0.157777,0.00202098,-0.00274455,-0.197322,-0.000722036,0.000695988,0.00494748,12.4348,1,0,0,0,0,0,-1,1,-9.04606e-07,-3.41781e-06,-0.197369,0,34.6294,1,1010,1010,1010,1010,0,0,0,0,34.6335,56,-0.0048419,0.00438136,56,-0.00619027,0.00366066,56,-0.00296383,0.00916077,1,0,0,3,0.00197725,-0.00851859,3,-0.0136854,-0.00164994,56,-0.000451227,0.00518578,56,-0.00254023,0.0073715,56,-0.00467734,0.0048657
4999576675206,4999558898000,4999558898000,4999576659040,73729,17.761,4999585871167,26.9732,0,16686,61936,0,0,1,0,0,0.008018,343,342,342,1,2.59626,2.513,0.405633,0.230317,-0.0509338,0.0234756,-9.43062e-05,2.47896e-05,0.00463952,0.0117999,1,0.00309175,0.0117618,-0.0117618,0.00309175,1,1,-0.0102782,0.00299625,-0.0014836,9.54982e-05,0,0,0,0,0,0,0,0,0,0,0,0,0,0,0,0,0,0,0,0,0,0,0,255,0.19,-0.078964,0.19,-0.0107909,0.00393466,1,1,1,1,0,1,1,-0.449073,-3.13508,0.116999,-0.00540821,0.00158078,-0.00246478,44.089,15602,1,367,89.2002,3901,0,0.000884653,0.000239201,0.00659654,0,0,0,1,342,0.195,-8.00336e-05,2.10063e-05,4.09622e-06,1.56066e-05,7.07599e-06,1.45008e-05,-0.262729,0.157791,0.00200976,-0.00270884,-0.197308,-0.0012304,0.000372443,0.00364451,9.49278,1,0,0,0,0,0,-1,1,-9.04606e-07,-3.41781e-06,-0.197369,0,44.3049,1,1010,1010,1010,1010,0,0,0,0,44.309,56,-0.0122576,-0.001629,56,-0.00316031,-0.000581453,56,-0.0139913,0.00414486,1,0,0,2,0,0,3,-0.00149278,0.0929344,56,-0.0120653,0.00629595,56,-0.0097069,0.00507541,56,-0.0132079,0.000857776
4999586415190,4999570889000,4999570889000,4999586397671,73729,15.5087,4999597540832,26.6518,0,16686,61937,0,0,1,0,0,0.011991,344,343,343,1,2.63843,2.9133,0.515559,0.229002,-0.0166626,0.0133057,-2.87485e-05,3.99014e-05,0.000635929,-0.00686247,1,0.00332762,0.00239751,-0.00239751,0.00332762,1,1,-0.00226284,0.00332794,-0.000134671,-3.19446e-07,0,0,0,0,0,0,0,0,0,0,0,0,0,0,0,0,0,0,0,0,0,0,0,255,0.2,-0.498615,0.2,-0.00173353,0.0012545,1,1,1,1,0,1,1,-0.449389,-3.13502,0.116794,-0.00623931,0.00180556,-0.00269861,1.7949,15603,1,367,100.864,3901,0,0.000884653,0.000239201,0.00659654,0,0,0,1,343,0.205,-2.43754e-05,3.38511e-05,6.93947e-06,4.99696e-06,7.78446e-06,3.53937e-06,-0.262721,0.157795,0.00202095,-0.00265393,-0.197344,-0.00045947,-1.30973e-06,7.41434e-05,1.62057,2,0,0,0,0,0,-1,1,-9.04606e-07,-3.41781e-06,-0.1973,0,2.01094,1,1010,1010,1010,1010,0,0,0,0,2.01529,56,-0.00226657,0.00221658,56,-0.00214677,0.00825169,56,-0.00273819,-0.000448183,1,0,0,3,0.0249654,-0.0098609,3,0.00131733,0.00484236,56,-0.00274219,0.00363576,56,-0.00441036,0.00367031,56,-0.00247409,0.00365732
4999598052502,4999578902000,4999578902000,4999598041039,73729,19.139,4999607323167,28.4212,0,16686,61938,0,0,1,0,0,0.008013,342,341,341,1,2.61865,2.66537,0.468208,0.22865,-0.0245667,-0.0141296,-2.15182e-05,-3.41704e-05,0.00545708,0.00302142,1,-0.00426437,0.00268541,-0.00268541,-0.00426437,1,1,-0.00403408,-0.00421662,0.00134867,-4.77535e-05,0,0,0,0,0,0,0,0,0,0,0,0,0,0,0,0,0,0,0,0,0,0,0,255,0.2,0.987748,0.2,0.00519367,0.121966,1,1,1,1,0,1,1,-0.449389,-3.13502,0.116794,-0.00623931,0.00180556,-0.00269861,11.5814,15603,1,367,110.651,3901,0,0.000884653,0.000239201,0.00659654,0,0,0,1,341,0.205,-1.82826e-05,-2.89744e-05,-5.93975e-06,3.74794e-06,-5.08938e-06,4.84002e-06,-0.262726,0.1578,0.00203166,-0.00262598,-0.197393,0.00121299,-0.000195789,-0.00345324,9.60254,1,0,0,0,0,0,-1,1,-9.04606e-07,-3.41781e-06,-0.1973,0,11.7958,1,1010,1010,1010,1010,0,0,0,0,11.8001,56,0.00286396,0.00282659,56,0.00440944,-0.0132495,56,-0.00901894,-0.00340502,1,0,0,1,0,0,3,-0.00406391,0.011294,56,-0.00913111,-0.00334622,56,-0.00339232,-0.00484865,56,-0.00569933,-0.00515166
4999607872394,4999598898000,4999598898000,4999607864134,73729,8.96613,4999618672885,19.7749,1,16687,61939,0,0,1,0,0,0.019996,343,342,342,1,2.59048,2.66463,0.363633,0.232835,0.0349426,-0.0592041,7.77358e-05,-0.000102352,0.00622904,-0.00415051,1,-0.00511864,-0.00388757,0.00388757,-0.00511864,1,1,0.00202772,-0.0052505,0.00185985,0.000131859,0,0,0,0,0,0,0,0,0,0,0,0,0,0,0,0,0,0,0,0,0,0,0,255,0.2,0.597783,0.2,0.0166472,0.189072,1,1,1,1,1,1,1,-0.449389,-3.13502,0.116794,-0.00623931,0.00180556,-0.00269861,22.9304,15603,1,367,122,3901,0,0.000884653,0.000239201,0.00659654,0,0,0,1,342,0.205,6.59742e-05,-8.6737e-05,-1.77811e-05,-1.35247e-05,-2.00885e-05,-9.77397e-06,-0.262746,0.15779,0.00205471,-0.00259319,-0.197442,0.00157672,0.000540622,-0.00483892,11.1365,1,0,0,0,0,0,-1,1,-9.04606e-07,-3.41781e-06,-0.1973,0,23.1473,1,1010,1010,1010,1010,0,0,0,0,23.1517,56,0.00678146,-0.0023844,56,0.00354059,-0.00735115,56,0.00335544,-0.00417079,0,0,0,3,-0.00775817,0.0111232,3,0.00295874,-0.0132064,56,0.00277263,-0.00799274,56,0.00367456,-0.00371991,56,0.00652086,-0.00639984
4999619254112,4999610876000,4999610876000,4999619235852,73729,8.35985,4999629925158,19.0492,0,16687,61940,0,0,1,0,0,0.011978,342,341,341,1,2.56571,2.68167,0.467726,0.230816,0.0344238,-0.0322266,3.89484e-05,-7.13132e-05,-0.00228022,0.00676937,1,-0.00595368,-0.00325166,0.00325166,-0.00595368,1,1,0.0018235,-0.00617738,0.00142816,0.000223701,0,0,0,0,0,0,0,0,0,0,0,0,0,0,0,0,0,0,0,0,0,0,0,255,0.2,1.88192,0.2,0.00248674,-0.00416146,1,1,1,1,0,1,1,-0.449389,-3.13502,0.116794,-0.00623931,0.00180556,-0.00269861,34.1826,15603,1,367,133.252,3901,0,0.000884653,0.000239201,0.00659654,0,0,0,1,341,0.205,3.30674e-05,-6.05072e-05,-1.2404e-05,-6.77883e-06,-1.34928e-05,-4.21356e-06,-0.26276,0.157786,0.00204326,-0.00256356,-0.19747,0.000835353,0.000917176,-0.00401609,11.0683,1,0,0,0,0,0,-1,1,-9.04606e-07,-3.41781e-06,-0.1973,0,34.3975,1,1010,1010,1010,1010,0,0,0,0,34.4019,56,-0.00178577,-0.0112317,56,-0.00286633,0.00165582,56,0.00617241,-0.00589943,0,0,0,2,0,0,3,0.00520622,-0.0284015,56,0.00896562,-0.00633455,56,0.00579004,-0.0077417,56,0.000853329,-0.00259692
4999630454903,4999618919000,4999618919000,4999630438643,73729,11.5196,4999640198867,21.2799,0,16687,61941,0,0,1,0,0,0.008043,344,343,342,0.997085,2.60256,2.83541,0.516763,0.234113,0.00335693,-0.0291977,-3.99461e-06,-6.6991e-05,-0.00412401,-0.000521145,1,-0.0083291,0.000496657,-0.000496657,-0.0083291,1,1,-0.00098813,-0.00847461,0.000491473,0.00014551,0,0,0,0,0,0,0,0,0,0,0,0,0,0,0,0,0,0,0,0,0,0,0,255,0.2,2.91556,0.2,-0.000640926,-0.00640815,1,1,1,1,0,1,1,-0.449389,-3.13502,0.116794,-0.00623931,0.00180556,-0.00269861,44.455,15603,1,367,143.525,3901,0,0.000884653,0.000239201,0.00659654,0,0,0,1,342,0.205,-3.37774e-06,-5.67821e-05,-1.16403e-05,6.92436e-07,-1.12782e-05,2.96272e-06,-0.262771,0.157789,0.00204413,-0.00254765,-0.197474,-0.000316008,0.000596593,-0.00186484,10.084,1,0,0,0,0,0,-1,1,-9.04606e-07,-3.41781e-06,-0.197407,0,0.207409,1,1010,1010,1010,1010,0,0,0,0,0.211039,56,0.000372108,-0.00697571,56,-0.00155558,-0.0170841,55,0.00136426,-0.00365947,1,0,0,3,-0.0621089,0.00255704,3,-0.0251143,-0.0256845,56,0.00158985,-0.00629827,56,0.000777266,-0.00930676,56,0.00013392,-0.00112985
4999640722983,4999630868000,4999630868000,4999640706945,73729,9.83894,4999649090492,18.2225,0,16687,61942,0,0,1,0,0,0.011949,342,341,341,1,2.57269,2.61383,0.527522,0.21978,0.00300598,0.00151062,2.37423e-05,2.91723e-07,0.00623877,0.00201763,1,2.4414e-05,-0.00198697,0.00198697,2.4414e-05,1,1,0.00149549,-0.000121096,0.000491473,0.00014551,0,0,0,0,0,0,0,0,0,0,0,0,0,0,0,0,0,0,0,0,0,0,0,255,0.2,3.02215,0.2,0.000565955,-0.00076134,1,1,1,0,0,1,1,-0.449568,-3.135,0.116603,-0.00411612,0.00156368,-0.00217318,8.87909,15604,1,367,152.418,3901,0,0.000884653,0.000239201,0.00659654,0,0,0,1,341,0.205,2.00881e-05,2.30808e-07,4.73157e-08,-4.11806e-06,-7.61516e-07,-4.04731e-06,-0.262772,0.157785,0.00204413,-0.00254765,-0.197474,-0.000316008,0.000596593,-0.00186484,18.9727,0,0,0,0,0,0,-1,1,-9.04606e-07,-3.41781e-06,-0.197407,0,9.08359,1,1010,1010,1010,1010,0,0,0,0,9.08722,56,0.000627406,0.000444915,56,0.00676906,0.00582233,56,0.00403097,-0.00358104,1,0,0,2,0,0,2,0,0,56,0.0017903,0.00144999,56,0.00141779,0.000669547,56,0.000165334,-0.00268165
4999649598959,4999638899000,4999638899000,4999649583181,73729,10.6842,4999658900661,20.0017,0,16687,61943,0,0,1,0,0,0.008031,342,341,341,1,2.60724,2.60641,0.471392,0.228872,-0.0391388,0.042099,-5.00257e-05,8.48566e-05,0.00368975,-0.00591688,1,0.0105661,0.00622907,-0.00622907,0.0105661,1,1,-0.00521581,0.0104948,-0.00101326,7.13052e-05,0,0,0,0,0,0,0,0,0,0,0,0,0,0,0,0,0,0,0,0,0,0,0,255,0.2,1.70401,0.2,-0.00664561,0.00807435,1,1,1,1,0,1,1,-0.449568,-3.135,0.116603,-0.00411612,0.00156368,-0.00217318,18.699,15604,1,367,162.238,3901,0,0.000884653,0.000239201,0.00659654,0,0,0,1,341,0.205,-4.24673e-05,7.1991e-05,1.47582e-05,8.70579e-06,1.61789e-05,5.64216e-06,-0.262756,0.15779,0.00200674,-0.00254124,-0.197412,-0.00163349,0.000292351,0.0020167,9.5733,2,0,0,0,0,0,-1,1,-9.04606e-07,-3.41781e-06,-0.197407,0,18.9366,1,1010,1010,1010,1010,0,0,0,0,18.9402,56,-0.00948281,0.0146753,56,-0.0121729,0.0091249,56,-0.0111193,0.009782,1,0,0,2,0,0,2,0,0,56,-0.0121158,0.00878794,56,-0.00869796,0.0111482,56,-0.00237712,0.0123758
4999659480425,4999650873000,4999650873000,4999659461702,73729,8.5887,4999670894217,20.0212,0,16687,61944,0,0,1,0,0,0.011974,342,341,341,1,2.59708,3.16604,0.474615,0.261169,-0.0321655,0.0485229,-7.72641e-05,7.39721e-05,-0.00612593,0.00529728,1,0.00617772,0.00645266,-0.00645266,0.00617772,1,1,-0.00461467,0.00626008,-0.00183799,-8.23551e-05,0,0,0,0,0,0,0,0,0,0,0,0,0,0,0,0,0,0,0,0,0,0,0,255,0.2,1.46594,0.2,-0.0028366,0.00581286,1,1,1,1,1,1,1,-0.449568,-3.135,0.116603,-0.00411612,0.00156368,-0.00217318,30.6811,15604,1,367,174.22,3901,0,0.000884653,0.000239201,0.00659654,0,0,0,1,341,0.205,-6.54871e-05,6.26887e-05,1.28512e-05,1.34249e-05,1.52341e-05,1.06442e-05,-0.26274,0.157801,0.00198457,-0.0025681,-0.197369,-0.00159514,-0.000337656,0.0047525,11.4052,1,0,0,0,0,0,-1,1,-9.04606e-07,-3.41781e-06,-0.197407,0,30.9092,1,1010,1010,1010,1010,0,0,0,0,30.9128,56,-0.00761703,0.0073219,56,-0.0094218,9.94313e-05,56,-0.00704831,0.0091138,1,0,0,2,0,0,2,0,0,56,-0.00353719,0.00520913,56,-0.00562393,0.00747714,56,-0.00778161,0.00981775
4999671476611,4999658897000,4999658897000,4999671459037,73729,12.562,4999681091926,22.1949,0,16687,61945,0,0,1,0,0,0.008024,343,342,342,1,2.6093,2.81456,0.373485,0.22778,-0.0119171,0.0266113,-4.13568e-06,2.96203e-05,0.00181676,-0.00345043,1,0.00369146,0.000515414,-0.000515414,0.00369146,1,1,0.000808188,0.00379151,-0.0013236,-0.000100048,0,0,0,0,0,0,0,0,0,0,0,0,0,0,0,0,0,0,0,0,0,0,0,255,0.2,3.30319,0.2,-0.000151142,0.00343794,1,1,1,1,0,1,1,-0.449568,-3.135,0.116603,-0.00411612,0.00156368,-0.00217318,40.883,15604,1,367,184.421,3901,0,0.000884653,0.000239201,0.00659654,0,0,0,1,342,0.205,-3.4976e-06,2.5158e-05,5.15739e-06,7.17007e-07,5.19785e-06,-3.08084e-07,-0.262735,0.157801,0.00199042,-0.00258723,-0.197342,-0.000298306,-0.000410198,0.00410277,10.0114,1,0,0,0,0,0,-1,1,-9.04606e-07,-3.41781e-06,-0.197407,0,41.1067,1,1010,1010,1010,1010,0,0,0,0,41.1103,56,0.00336518,0.00856492,56,-0.00225487,0.00941138,56,-0.000212319,0.00331703,1,0,0,2,0,0,3,-0.0222723,-0.00186498,56,-0.00548075,0.00860209,56,-0.000246504,0.00798265,56,-0.00277134,0.00457173
4999681622893,4999670870000,4999670870000,4999681606690,73729,10.7367,4999692837962,21.968,0,16687,61946,0,0,1,0,0,0.011973,341,340,340,1,2.63187,2.93411,0.499707,0.222038,0.0340881,0.0122681,6.42836e-05,3.11676e-05,-0.0018109,-0.00388288,1,0.00260315,-0.00536905,0.00536905,0.00260315,1,1,0.00540317,0.00267933,-3.41251e-05,-7.61766e-05,0,0,0,0,0,0,0,0,0,0,0,0,0,0,0,0,0,0,0,0,0,0,0,255,0.19,3.2903,0.19,-0.00034154,-0.102047,1,1,1,1,0,1,1,-0.449382,-3.13512,0.11639,-0.00463914,0.000549181,-0.00292031,0.795858,15605,1,367,196.162,3901,0,0.000884653,0.000239201,0.00659654,0,0,0,1,340,0.195,5.45558e-05,2.64133e-05,5.15059e-06,-1.06384e-05,2.96482e-06,-1.14417e-05,-0.262732,0.157789,0.00203721,-0.00263972,-0.197346,0.00174046,-0.000297089,0.00149884,0.589282,2,0,0,0,0,0,-1,1,-9.04606e-07,-3.41781e-06,-0.197301,0,1.01582,1,1010,1010,1010,1010,0,0,0,0,1.01971,56,0.00537811,-0.00157759,56,0.00647499,0.00947107,56,0.00714615,-0.00154734,0,0,0,2,0,0,2,0,0,56,0.00397828,0.00323578,56,0.00349951,0.00398615,56,0.0054419,0.00252235
4999693338114,4999678895000,4999678895000,4999693322318,73729,14.4273,4999702951578,24.0566,0,16687,61947,0,0,1,0,0,0.008025,342,342,342,1,2.63667,2.86736,0.393392,0.229113,0.0396881,-0.00623322,5.07152e-05,6.91818e-06,-0.00613676,0.000401124,1,0.000862078,-0.00631965,0.00631965,0.000862078,1,1,0.00584866,0.000958222,0.000470988,-9.61442e-05,0,0,0,0,0,0,0,0,0,0,0,0,0,0,0,0,0,0,0,0,0,0,0,255,0.2,4.83846,0.2,-0.00999894,-0.391653,1,1,1,1,0,1,1,-0.449382,-3.13512,0.11639,-0.00463914,0.000549181,-0.00292031,10.9355,15605,1,367,206.302,3901,0,0.000884653,0.000239201,0.00659654,0,0,0,1,342,0.205,4.30127e-05,5.85122e-06,1.1995e-06,-8.8176e-06,-5.52578e-07,-8.88163e-06,-0.262733,0.15778,0.00203721,-0.00263972,-0.197346,0.00249391,-0.000394191,0.000450289,10.7351,0,0,0,0,0,0,-1,1,-9.04606e-07,-3.41781e-06,-0.197301,0,11.1618,1,1010,1010,1010,1010,0,0,0,0,11.1657,56,0.00257156,0.00593961,56,-0.00433783,-0.0051152,56,0.00654061,0.00391313,1,0,0,2,0,0,3,0.0293752,0.234585,56,0.0107761,-0.00174197,56,0.00757285,-0.00318956,56,0.0106225,-0.00334513
4999703511545,4999686913000,4999686913000,4999703500267,73729,16.5873,4999714332611,27.4196,0,16687,61948,0,0,1,0,0,0.008018,342,340,340,1,2.60343,3.37358,0.408355,0.222669,0.0595551,-0.0227509,0.000117265,-3.83631e-05,0.00297087,-0.0025436,1,-0.00478462,-0.0146252,0.0146252,-0.00478462,1,1,0.0136405,-0.00476335,0.000984675,-2.12708e-05,0,0,0,0,0,0,0,0,0,0,0,0,0,0,0,0,0,0,0,0,0,0,0,255,0.19,4.6232,0.19,0.0339895,0.47427,1,1,1,1,0,1,1,-0.449382,-3.13512,0.11639,-0.00463914,0.000549181,-0.00292031,22.3184,15605,1,367,11.3657,3902,0,0.000884653,1.50845e-05,0.00614905,0,0,0,1,340,0.195,9.94887e-05,-3.24782e-05,-6.33326e-06,-1.94003e-05,-1.00142e-05,-1.77818e-05,-0.262743,0.157762,0.00205706,-0.00265938,-0.19736,0.00277163,-8.29559e-05,-0.000854879,11.1676,1,0,0,0,0,0,-1,1,-9.04606e-07,-3.41781e-06,-0.197301,0,22.5351,1,1010,1010,1010,1010,0,0,0,0,22.539,56,0.0249558,-0.00195228,56,0.0108057,-0.0167967,56,0.0107857,-0.00304677,0,0,0,2,0,0,2,0,0,56,0.0147199,-0.00398341,56,0.014718,-0.00444278,56,0.0159351,-0.000610066
4999714880634,4999698890000,4999698890000,4999714863171,73729,15.9732,4999724945305,26.0553,0,16687,61949,0,0,1,0,0,0.011977,342,342,341,0.997076,2.63919,2.64024,0.446355,0.226632,0.0235291,-0.0184937,5.05281e-05,-6.11637e-05,0.00409785,0.0011541,1,-0.00510676,-0.00421876,0.00421876,-0.00510676,1,1,0.00326845,-0.00509781,0.000950316,-8.94798e-06,0,0,0,0,0,0,0,0,0,0,0,0,0,0,0,0,0,0,0,0,0,0,0,255,0.19,6.06673,0.19,-0.0263818,-0.340923,1,1,1,1,1,1,1,-0.449382,-3.13512,0.11639,-0.00463914,0.000549181,-0.00292031,32.9318,15605,1,367,21.9791,3902,0,0.000884653,1.50845e-05,0.00614905,0,0,0,1,341,0.195,4.28481e-05,-5.18504e-05,-1.01108e-05,-8.35538e-06,-1.15529e-05,-6.21048e-06,-0.262754,0.157756,0.00205941,-0.00268594,-0.197374,0.001919,-3.48971e-05,-0.00142978,10.3917,1,0,0,0,0,0,-1,1,-9.04606e-07,-3.41781e-06,-0.197301,0,33.1554,1,1010,1010,1010,1010,0,0,0,0,33.1593,56,0.00782598,-0.00780881,56,0.00763927,-0.000195802,56,-0.00149069,-0.00176594,1,0,0,1,0,0,3,-0.00440099,-0.234112,56,0.00364177,-0.0026147,56,0.00391172,-0.00299594,56,0.00527559,-0.0046087
4999725577828,4999706901000,4999706901000,4999725556958,73729,18.656,4999735999520,29.0985,0,16687,61950,0,0,1,0,0,0.008011,343,342,342,1,2.64365,2.71119,0.51267,0.229316,-0.0169678,-0.0202026,-4.6398e-05,-2.63538e-05,-0.0129903,-0.00340597,1,-0.00328971,0.00579179,-0.00579179,-0.00328971,1,1,-0.00621006,-0.00343043,0.00041827,0.000140728,0,0,0,0,0,0,0,0,0,0,0,0,0,0,0,0,0,0,0,0,0,0,0,255,0.2,6.57142,0.2,-0.00696523,-0.00314201,1,1,1,1,0,1,1,-0.449382,-3.13512,0.11639,-0.00463914,0.000549181,-0.00292031,43.9813,15605,1,367,33.0286,3902,0,0.000884653,1.50845e-05,0.00614905,0,0,0,1,342,0.205,-3.93922e-05,-2.23988e-05,-4.59175e-06,8.0754e-06,-2.91896e-06,8.81906e-06,-0.262757,0.157765,0.00205439,-0.00269791,-0.197387,9.41484e-05,0.000576985,-0.00129661,10.8158,1,0,0,0,0,0,-1,1,-9.04606e-07,-3.41781e-06,-0.197301,0,44.2409,1,1010,1010,1010,1010,0,0,0,0,44.2448,56,-0.0217086,-0.0112408,56,-0.00677384,0.0103444,56,-0.0034865,-0.00693904,1,0,0,2,0,0,3,0.011151,0.119409,56,-0.00295755,-0.00452733,56,-0.0058592,-0.0054266,56,-0.00864526,-0.000587037
4999736598544,4999726904000,4999726904000,4999736591118,73729,9.68712,4999749538718,22.6347,1,16688,61951,0,0,1,0,0,0.020003,343,341,341,1,2.65233,3.20051,0.438781,0.249614,-0.0941467,-0.0375824,-0.000149371,-9.17118e-05,0.0066895,0.00480207,1,-0.0045849,0.00746741,-0.00746741,-0.0045849,1,1,-0.00710526,-0.00465978,-0.000362144,7.48829e-05,0,0,0,0,0,0,0,0,0,0,0,0,0,0,0,0,0,0,0,0,0,0,0,255,0.2,7.47084,0.2,0.0152037,0.247293,1,1,1,1,0,1,1,-0.449163,-3.13517,0.116197,-0.00229669,0.00165037,-0.00239722,6.86766,15606,1,367,46.543,3902,0,0.000884653,1.50845e-05,0.00614905,0,0,0,1,341,0.205,-0.000126749,-7.77986e-05,-1.59487e-05,2.59835e-05,-1.0543e-05,2.86068e-05,-0.262768,0.157794,0.00198513,-0.00275103,-0.197407,-0.00219031,0.00030702,-0.000564419,6.68846,2,0,0,0,0,0,-1,1,-9.04606e-07,-3.41781e-06,-0.197364,0,7.09193,1,1010,1010,1010,1010,0,0,0,0,7.09656,56,-0.00715567,-0.00116264,56,-0.000970216,-0.00226896,56,-0.00692911,-0.00555059,1,0,0,2,0,0,2,0,0,56,-0.00823338,-0.00513748,56,-0.0078462,-0.00443008,56,-0.00866035,-0.00703202
4999750030537,4999738889000,4999738889000,4999750015241,73729,11.1262,4999761021085,22.1321,0,16688,61952,0,0,1,0,0,0.011985,343,342,342,1,2.61739,2.60132,0.483429,0.234094,-0.0806732,-0.00287628,-0.000153578,-5.25325e-06,-0.00112431,0.00161139,1,-0.000438319,0.0128142,-0.0128142,-0.000438319,1,1,-0.0123138,-0.000283636,-0.00050042,-0.000154683,0,0,0,0,0,0,0,0,0,0,0,0,0,0,0,0,0,0,0,0,0,0,0,255,0.2,0.58719,0.2,-0.00912813,-0.000819176,1,1,1,1,0,1,1,-0.449163,-3.13517,0.116197,-0.00229669,0.00165037,-0.00239722,18.358,15606,1,367,58.0333,3902,0,0.000884653,1.50845e-05,0.00614905,0,0,0,1,342,0.205,-0.000130263,-4.47304e-06,-9.16974e-07,2.67039e-05,4.3385e-06,2.6365e-05,-0.262763,0.15782,0.00195923,-0.00277722,-0.197424,-0.00311564,-0.000634199,-0.000851133,11.299,1,0,0,0,0,0,-1,1,-9.04606e-07,-3.41781e-06,-0.197364,0,18.5768,1,1010,1010,1010,1010,0,0,0,0,18.5814,56,-0.0130049,-0.00148309,56,-0.017333,-0.00242746,56,-0.0103012,0.00704699,1,0,0,2,0,0,3,-0.00371125,-0.00389354,56,-0.0112298,-0.00161414,56,-0.0130303,-0.000108556,56,-0.0134978,-0.00218993
4999761566942,4999746920000,4999746920000,4999761549479,73729,14.6295,4999771192646,24.2726,0,16688,61953,0,0,1,0,0,0.008031,342,341,341,1,2.61693,3.00723,0.427837,0.225224,-0.04245,-0.00430298,-6.58909e-05,-5.51225e-06,0.00799855,-0.00469325,1,-0.000686371,0.00820457,-0.00820457,-0.000686371,1,1,-0.00810023,-0.000625964,-0.000104336,-6.04072e-05,0,0,0,0,0,0,0,0,0,0,0,0,0,0,0,0,0,0,0,0,0,0,0,255,0.2,1.97481,0.2,-0.00531861,-0.0013538,1,1,1,1,0,1,1,-0.449163,-3.13517,0.116197,-0.00229669,0.00165037,-0.00239722,28.5311,15606,1,367,68.2063,3902,0,0.000884653,1.50845e-05,0.00614905,0,0,0,1,341,0.205,-5.5912e-05,-4.65403e-06,-9.54076e-07,1.1462e-05,1.31277e-06,1.14264e-05,-0.262762,0.157831,0.00196565,-0.00274566,-0.19744,-0.0016992,-0.00024767,-0.00101714,9.97934,1,0,0,0,0,0,-1,1,-9.04606e-07,-3.41781e-06,-0.197364,0,28.7525,1,1010,1010,1010,1010,0,0,0,0,28.7572,56,-0.0119868,0.0043626,56,-0.00969875,-0.00660098,56,-0.0124103,-0.00405247,0,0,0,2,0,0,3,0.0073629,0.06701,56,-0.0129293,-0.000265197,56,-0.00628481,0.00188885,56,-0.0078315,-0.00220336
4999771727373,4999758886000,4999758886000,4999771710428,73729,12.8244,4999782165695,23.2797,0,16688,61954,0,0,1,0,0,0.011966,342,340,340,1,2.61185,2.91189,0.411874,0.222706,0.0243073,0.0136566,6.02359e-05,2.1181e-05,0.00547435,-0.000582342,1,0.00177009,-0.00503392,0.00503392,0.00177009,1,1,0.004636,0.00184672,0.000397926,-7.66247e-05,0,0,0,0,0,0,0,0,0,0,0,0,0,0,0,0,0,0,0,0,0,0,0,255,0.2,1.95764,0.2,0.00711334,0.00242248,1,1,1,1,1,1,1,-0.449163,-3.13517,0.116197,-0.00229669,0.00165037,-0.00239722,39.5024,15606,1,367,79.1775,3902,0,0.000884653,1.50845e-05,0.00614905,0,0,0,1,340,0.205,5.10773e-05,1.79731e-05,3.6845e-06,-1.04708e-05,1.5589e-06,-1.09902e-05,-0.262761,0.157821,0.00198341,-0.00272229,-0.19745,0.000395581,-0.000314161,-0.000988733,10.7809,1,0,0,0,0,0,-1,1,-9.04606e-07,-3.41781e-06,-0.197364,0,39.7166,1,1010,1010,1010,1010,0,0,0,0,39.7212,56,0.0109993,0.000195574,56,0.00825782,0.00239332,56,0.00153166,0.000916438,0,0,0,2,0,0,2,0,0,56,0.00384786,0.00595728,56,0.00528433,0.00200654,56,0.00458831,0.00119147
4999782742125,4999766913000,4999766913000,4999782723866,73729,15.8109,4999792627146,25.7141,0,16688,61955,0,0,1,0,0,0.008027,343,342,342,1,2.62198,2.90537,0.423041,0.229224,0.0503845,0.0237045,8.15462e-05,4.10527e-05,-0.00611756,0.00689643,1,0.00511432,-0.010159,0.010159,0.00511432,1,1,0.00965478,0.00521533,0.0005042,-0.000101008,0,0,0,0,0,0,0,0,0,0,0,0,0,0,0,0,0,0,0,0,0,0,0,255,0.2,2.84047,0.2,0.0112351,0.00521844,1,1,1,1,0,1,1,-0.44959,-3.13511,0.116017,-0.00415401,-1.58869e-06,-0.00270746,0.248909,15607,1,367,89.6315,3902,0,0.000884653,1.50845e-05,0.00614905,0,0,0,1,342,0.205,6.91766e-05,3.47687e-05,7.12758e-06,-1.41812e-05,4.20754e-06,-1.53038e-05,-0.262756,0.157805,0.00204419,-0.00265644,-0.19743,0.00252395,-0.000414135,0.00036538,0.028297,2,0,0,0,0,0,-1,1,-9.04606e-07,-3.41781e-06,-0.197385,0,0.487004,1,1010,1010,1010,1010,0,0,0,0,0.491171,56,0.00985434,0.00447179,56,0.00385267,0.00441949,56,0.0133567,0.00675339,1,0,0,2,0,0,3,-0.0105212,0.0316109,56,0.0123308,0.00309965,56,0.0086442,0.00334246,56,0.0103335,0.00713395
4999793182132,4999778889000,4999778889000,4999793163354,73729,14.2744,4999808240564,29.3516,0,16688,61956,0,0,1,0,0,0.011976,343,342,342,1,3.3221,5.54897,0.470467,0.238965,0.0858002,0.00707245,0.000130671,8.08552e-06,-0.00721405,-0.00162548,1,0.000675143,-0.0109111,0.0109111,0.000675143,1,1,0.0104834,0.000703519,0.000427745,-2.83757e-05,0,0,0,0,0,0,0,0,0,0,0,0,0,0,0,0,0,0,0,0,0,0,0,255,0.2,3.01302,0.2,0.0107294,0.00124387,1,1,1,1,0,1,1,-0.44959,-3.13511,0.116017,-0.00415401,-1.58869e-06,-0.00270746,15.87,15607,1,367,105.253,3902,0,0.000884653,1.50845e-05,0.00614905,0,0,0,1,342,0.205,0.000110887,6.86427e-06,1.40717e-06,-2.27319e-05,-3.07889e-06,-2.25663e-05,-0.262759,0.157783,0.00204419,-0.00265644,-0.19743,0.00286219,-0.00011634,0.00088675,15.5765,0,0,0,0,0,0,-1,1,-9.04606e-07,-3.41781e-06,-0.197385,0,16.1005,1,1010,1010,1010,1010,0,0,0,0,16.1046,56,0.0125648,-0.000997219,56,0.0069283,0.000318661,56,0.0123678,0.00402011,1,0,0,2,0,0,3,0.00848782,-0.0876514,56,0.0132722,0.000419471,56,0.013308,0.00113977,56,0.0108258,0.00330662
4999808821772,4999798893000,4999798893000,4999808810976,73729,9.91798,4999821411889,22.5189,1,16689,61957,0,0,1,0,0,0.020004,342,340,340,1,2.83774,3.77249,0.447763,0.237373,0.0885162,0.0284271,0.000152357,4.64196e-05,-0.000872827,-0.0024294,1,0.00232052,-0.00761632,0.00761632,0.00232052,1,1,0.00829163,0.0021792,-0.00067531,0.000141323,0,0,0,0,0,0,0,0,0,0,0,0,0,0,0,0,0,0,0,0,0,0,0,255,0.2,8.56101,0.2,0.00432685,0.00249153,1,1,1,1,0,1,1,-0.44959,-3.13511,0.116017,-0.00415401,-1.58869e-06,-0.00270746,29.066,15607,1,367,118.449,3902,0,0.000884653,1.50845e-05,0.00614905,0,0,0,1,340,0.205,0.000129245,3.93778e-05,8.07244e-06,-2.64952e-05,2.72077e-06,-2.75637e-05,-0.262757,0.157755,0.00205651,-0.00256539,-0.197356,0.00149134,0.000579426,0.00340809,12.9141,2,0,0,0,0,0,-1,1,-9.04606e-07,-3.41781e-06,-0.197385,0,29.301,1,1010,1010,1010,1010,0,0,0,0,29.3052,56,0.00805684,0.000192459,56,0.00586198,0.00541466,56,0.00709791,0.0028084,0,0,0,2,0,0,2,0,0,56,0.00815611,0.000769401,56,0.00745106,0.00285567,56,0.00987115,0.00424021
4999822018319,4999806955000,4999806955000,4999821998301,73729,15.0433,4999833774800,26.8198,0,16689,61958,0,0,1,0,0,0.008062,343,342,342,1,2.78148,4.56909,0.419151,0.231502,-0.0197296,0.00839233,-3.64793e-05,1.38539e-05,0.000132503,0.00387938,1,0.00171841,0.00452485,-0.00452485,0.00171841,1,1,-0.00316755,0.00158981,-0.0013573,0.000128605,0,0,0,0,0,0,0,0,0,0,0,0,0,0,0,0,0,0,0,0,0,0,0,255,0.2,1.47912,0.2,-0.00681505,0.000465199,1,1,1,1,1,1,1,-0.44959,-3.13511,0.116017,-0.00415401,-1.58869e-06,-0.00270746,41.4087,15607,1,367,130.791,3902,0,0.000884653,1.50845e-05,0.00614905,0,0,0,1,342,0.205,-3.09324e-05,1.17259e-05,2.40381e-06,6.34114e-06,3.60028e-06,5.74682e-06,-0.262753,0.157761,0.0020467,-0.00252776,-0.197325,-0.000703113,0.000527281,0.00388945,12.1395,1,0,0,0,0,0,-1,1,-9.04606e-07,-3.41781e-06,-0.197385,0,41.6288,1,1010,1010,1010,1010,0,0,0,0,41.633,56,-0.00603463,0.00492905,56,-0.0135047,-0.000384581,56,-6.38512e-05,-0.00402309,1,0,0,2,0,0,3,0.0451372,0.0624325,56,-0.00556023,0.00336268,56,-0.00402308,0.00298368,56,-0.00482595,-0.00100393
4999834358397,4999818891000,4999818891000,4999834339693,73729,15.4487,4999845018628,26.1276,0,16689,61959,0,0,1,0,0,0.011936,343,342,342,1,2.65569,3.02567,0.420651,0.224502,-0.0395355,-0.00520325,-5.64346e-05,-5.45038e-07,0.00602395,-0.00395793,1,-4.56633e-05,0.0047281,-0.0047281,-4.56633e-05,1,1,-0.0037379,-7.81001e-05,-0.000990203,3.24368e-05,0,0,0,0,0,0,0,0,0,0,0,0,0,0,0,0,0,0,0,0,0,0,0,255,0.2,3.62521,0.2,-0.0061112,-0.00143378,1,1,1,1,0,1,1,-0.450028,-3.13498,0.115915,-0.00557402,0.00229901,-0.00289314,2.44944,15608,1,367,142.023,3902,0,0.000884653,1.50845e-05,0.00614905,0,0,0,1,342,0.205,-4.79254e-05,-4.39223e-07,-9.00406e-08,9.82471e-06,1.8379e-06,9.65167e-06,-0.262751,0.15777,0.00200646,-0.00247054,-0.19734,-0.00216532,0.000132991,0.00151561,2.27368,2,0,0,0,0,0,-1,1,-9.04606e-07,-3.41781e-06,-0.197295,0,2.67795,1,1010,1010,1010,1010,0,0,0,0,2.6825,56,-0.00485465,0.000699009,56,0.00298003,-0.00330006,56,-0.014027,-0.00212515,1,0,0,2,0,0,3,0.00412,0.0842763,56,-0.00834345,0.00215093,56,-0.00318626,0.000238253,56,-0.00584503,0.000300224
4999845526614,4999826967000,4999826967000,4999845510576,73729,18.5436,4999854722852,27.7559,0,16689,61960,0,0,1,0,0,0.008076,343,343,343,1,2.65346,2.65137,0.402855,0.228372,-0.0792847,-0.0121155,-0.000148628,-2.527e-05,-0.00707056,0.00868249,1,-0.00312902,0.0184036,-0.0184036,-0.00312902,1,1,-0.0177837,-0.00310628,-0.000619945,-2.27468e-05,0,0,0,0,0,0,0,0,0,0,0,0,0,0,0,0,0,0,0,0,0,0,0,255,0.2,4.67128,0.2,-0.014438,-0.00254601,1,1,1,1,0,1,1,-0.450028,-3.13498,0.115915,-0.00557402,0.00229901,-0.00289314,12.187,15608,1,367,151.761,3902,0,0.000884653,1.50845e-05,0.00614905,0,0,0,1,343,0.205,-0.000126056,-2.14488e-05,-4.397e-06,2.58415e-05,7.54731e-07,2.6202e-05,-0.262751,0.157797,0.00200646,-0.00247054,-0.19734,-0.00212889,-9.32621e-05,0.000330309,11.9758,0,0,0,0,0,0,-1,1,-9.04606e-07,-3.41781e-06,-0.197295,0,12.4191,1,1010,1010,1010,1010,0,0,0,0,12.4236,56,-0.0165282,-0.00383305,56,-0.0255818,-0.00676072,56,-0.015305,-0.0001444,1,0,0,2,0,0,4,-0.0403445,-0.0108967,56,-0.0176435,-0.00539021,56,-0.0217381,-0.00533576,56,-0.0179603,-0.00347368
4999855314468,4999846932000,4999846932000,4999855306801,73729,8.3748,4999865874327,18.9423,1,16690,61961,0,0,1,0,0,0.019965,342,342,342,1,2.64565,2.60232,0.444782,0.229502,-0.075592,-0.0457001,-9.7802e-05,-9.39981e-05,0.00705289,-0.000393316,1,-0.00470814,0.00489867,-0.00489867,-0.00470814,1,1,-0.00526335,-0.00466808,0.000364678,-4.00668e-05,0,0,0,0,0,0,0,0,0,0,0,0,0,0,0,0,0,0,0,0,0,0,0,255,0.19,4.17281,0.19,-0.0138209,-0.14438,1,1,1,1,0,1,1,-0.450028,-3.13498,0.115915,-0.00557402,0.00229901,-0.00289314,23.3378,15608,1,367,162.912,3902,0,0.000884653,1.50845e-05,0.00614905,0,0,0,1,342,0.195,-8.29714e-05,-7.97006e-05,-1.55416e-05,1.61794e-05,-1.2067e-05,1.8913e-05,-0.262763,0.157816,0.0019962,-0.0024414,-0.197385,-0.00173426,-0.000156261,-0.0025252,10.9258,1,0,0,0,0,0,-1,1,-9.04606e-07,-3.41781e-06,-0.197295,0,23.5601,1,1010,1010,1010,1010,0,0,0,0,23.5647,56,-0.00464623,-0.00403099,56,-0.00533815,-0.0024146,56,-0.00400169,-0.00413731,1,0,0,2,0,0,3,-0.0118185,-0.0402627,56,-0.00624263,-0.00690659,56,-0.00604272,-0.00431624,56,-0.00642356,-0.00503228
4999866446869,4999858879000,4999858879000,4999866431776,73729,7.55278,4999876861487,17.9825,0,16690,61962,0,0,1,0,0,0.011947,343,342,342,1,2.62626,2.61198,0.416022,0.228446,0.0243988,-0.0440445,5.31898e-05,-7.96041e-05,0.000824431,-0.00298917,1,-0.0066631,-0.00445215,0.00445215,-0.0066631,1,1,0.00301864,-0.00657402,0.00143351,-8.908e-05,0,0,0,0,0,0,0,0,0,0,0,0,0,0,0,0,0,0,0,0,0,0,0,255,0.2,5.26232,0.2,0.0157519,0.141399,1,1,1,1,0,1,1,-0.450028,-3.13498,0.115915,-0.00557402,0.00229901,-0.00289314,34.2986,15608,1,367,173.872,3902,0,0.000884653,1.50845e-05,0.00614905,0,0,0,1,342,0.205,4.51604e-05,-6.74866e-05,-1.38348e-05,-9.25788e-06,-1.53819e-05,-6.3641e-06,-0.262778,0.157809,0.00201251,-0.00243027,-0.197446,-7.61962e-05,-0.000365228,-0.00476286,10.757,1,0,0,0,0,0,-1,1,-9.04606e-07,-3.41781e-06,-0.197295,0,34.5176,1,1010,1010,1010,1010,0,0,0,0,34.5221,56,0.0078672,-0.00834401,56,-0.000442394,-0.00988736,56,0.00457214,-0.00624767,1,0,0,2,0,0,3,0.0128414,0.0176584,56,0.00340151,-0.00632731,56,0.00511894,-0.00736227,56,0.00297646,-0.00385674
4999877401010,4999866905000,4999866905000,4999877385658,73729,10.4807,4999886117152,19.2122,0,16690,61963,0,0,1,0,0,0.008026,342,342,341,0.997076,2.62437,2.56007,0.368522,0.258021,0.0243835,-0.0255432,2.81011e-05,-4.91696e-05,0.00358327,0.000153433,1,-0.00612629,-0.00350126,0.00350126,-0.00612629,1,1,0.00153734,-0.00604446,0.00196392,-8.18311e-05,0,0,0,0,0,0,0,0,0,0,0,0,0,0,0,0,0,0,0,0,0,0,0,255,0.19,6.02332,0.19,-0.0102919,-0.199019,1,1,1,1,1,1,1,-0.450028,-3.13498,0.115915,-0.00557402,0.00229901,-0.00289314,43.5763,15608,1,367,183.15,3902,0,0.000884653,1.50845e-05,0.00614905,0,0,0,1,341,0.195,2.38065e-05,-4.17117e-05,-8.13378e-06,-4.64228e-06,-8.8866e-06,-2.95577e-06,-0.262787,0.157806,0.00205364,-0.00240247,-0.19753,0.00142777,-0.000319141,-0.00498522,7.61386,2,0,0,0,0,0,-1,1,-9.04606e-07,-3.41781e-06,-0.197295,0,43.7961,1,1010,1010,1010,1010,0,0,0,0,43.8007,56,0.00256543,-0.00618583,56,0.00988633,-0.00433806,56,0.00577289,-0.00190876,0,0,0,2,0,0,3,-0.0412721,0.00107434,56,0.00791892,-0.00648442,56,0.00682975,-0.00560285,56,0.00696375,-0.00973551
4999886743897,4999878883000,4999878883000,4999886724601,73729,7.8416,4999897017088,18.1341,0,16690,61964,0,0,1,0,0,0.011978,341,340,340,1,2.64183,3.07232,0.502689,0.222743,0.0588226,-0.00648499,0.000113673,-3.52792e-06,0.00411765,-0.00188837,1,-0.000294533,-0.00949014,0.00949014,-0.000294533,1,1,0.00871514,-0.000206716,0.000774997,-8.78174e-05,0,0,0,0,0,0,0,0,0,0,0,0,0,0,0,0,0,0,0,0,0,0,0,255,0.2,5.21858,0.2,0.0155415,0.118145,1,1,1,1,0,1,1,-0.450452,-3.13489,0.115819,-0.00474596,0.000894422,-0.00276764,4.5495,15609,1,367,194.025,3902,0,0.000884653,1.50845e-05,0.00614905,0,0,0,1,340,0.205,9.64343e-05,-2.98593e-06,-6.12115e-07,-1.9769e-05,-4.47954e-06,-1.92645e-05,-0.262791,0.157787,0.00205189,-0.00239897,-0.19752,0.00130354,-0.000360051,-0.00149916,4.36457,1,0,0,0,0,0,-1,1,-9.04606e-07,-3.41781e-06,-0.197474,0,4.77013,1,1010,1010,1010,1010,0,0,0,0,4.775,56,0.00817733,-0.00270904,56,0.00821782,-0.00211643,56,0.00977381,-0.00114889,0,0,0,2,0,0,2,0,0,56,0.0121166,0.00100536,56,0.0101794,-0.000740784,56,0.00863501,0.000533741
4999897552296,4999886938000,4999886938000,4999897535444,73729,10.5974,4999906411236,19.4732,0,16690,61965,0,0,1,0,0,0.008055,343,342,342,1,2.64459,2.563,0.445337,0.227354,0.0175476,0.0192871,3.32317e-05,4.44527e-05,-0.0107952,0.000901362,1,0.00551864,-0.0041256,0.0041256,0.00551864,1,1,0.00331086,0.00561096,0.000814741,-9.23208e-05,0,0,0,0,0,0,0,0,0,0,0,0,0,0,0,0,0,0,0,0,0,0,0,255,0.19,5.86984,0.19,-0.00913872,-0.157552,1,1,1,1,0,1,1,-0.450452,-3.13489,0.115819,-0.00474596,0.000894422,-0.00276764,13.9453,15609,1,367,9.36491,3903,0,0.000884653,4.9463e-05,0.00612915,0,0,0,1,342,0.195,2.8174e-05,3.76758e-05,7.34678e-06,-5.49393e-06,6.12583e-06,-6.82882e-06,-0.262785,0.15778,0.00205189,-0.00239897,-0.19752,0.00130354,-0.000360051,-0.00149916,13.7592,0,0,0,0,0,0,-1,1,-9.04606e-07,-3.41781e-06,-0.197474,0,14.162,1,1010,1010,1010,1010,0,0,0,0,14.1669,56,-0.00345973,0.0073502,56,0.00965857,0.0132965,56,0.00133034,-0.00093882,1,0,0,2,0,0,3,0.051048,0.00986806,56,0.00236159,0.00326138,56,0.00524213,0.00295011,56,0.000192224,0.006142
4999906969295,4999894925000,4999894925000,4999906943888,73729,12.0189,4999918157938,23.2329,0,16690,61966,0,0,1,0,0,0.007987,343,342,342,1,2.63341,2.66487,0.4208,0.225372,0.00151062,0.0563049,2.17187e-05,9.75112e-05,-0.0047175,0.00341356,1,0.0122087,-0.00271926,0.00271926,0.0122087,1,1,0.00330855,0.0120563,-0.00058929,0.000152418,0,0,0,0,0,0,0,0,0,0,0,0,0,0,0,0,0,0,0,0,0,0,0,255,0.2,4.98346,0.2,-0.0073792,-0.0778879,1,1,1,1,0,1,1,-0.450452,-3.13489,0.115819,-0.00474596,0.000894422,-0.00276764,25.6881,15609,1,367,21.1078,3903,0,0.000884653,4.9463e-05,0.00612915,0,0,0,1,342,0.205,1.8413e-05,8.26779e-05,1.6949e-05,-3.77466e-06,1.5879e-05,-7.02647e-06,-0.262769,0.157773,0.00206195,-0.00237294,-0.197468,0.0010444,0.000624914,0.00276839,11.5573,1,0,0,0,0,0,-1,1,-9.04606e-07,-3.41781e-06,-0.197474,0,25.9126,1,1010,1010,1010,1010,0,0,0,0,25.9175,56,0.00486607,0.00893072,56,-0.00619117,0.00417032,56,-0.00287664,0.0126781,1,0,0,2,0,0,3,-0.0186246,0.0259627,56,0.00423908,0.0129517,56,-0.00360601,0.0169575,56,-0.000316464,0.013949
4999918642979,4999906925000,4999906925000,4999918629368,73729,11.7044,4999928290202,21.3652,0,16690,61967,0,0,1,0,0,0.012,342,342,342,1,2.6013,2.61933,0.439651,0.230872,-0.026825,0.0559769,-7.86348e-05,0.000103568,-0.0111878,0.000970156,1,0.00863063,0.0065529,-0.0065529,0.00863063,1,1,-0.00453273,0.00839873,-0.00202018,0.000231894,0,0,0,0,0,0,0,0,0,0,0,0,0,0,0,0,0,0,0,0,0,0,0,255,0.2,6.2439,0.2,0.0032648,0.281259,1,1,1,1,0,1,1,-0.450452,-3.13489,0.115819,-0.00474596,0.000894422,-0.00276764,35.8227,15609,1,367,31.2424,3903,0,0.000884653,4.9463e-05,0.00612915,0,0,0,1,342,0.205,-6.66677e-05,8.78299e-05,1.80051e-05,1.36669e-05,2.03352e-05,9.87121e-06,-0.262749,0.157783,0.00203549,-0.00232924,-0.197354,-0.000778331,0.000950764,0.00600352,9.892,2,0,0,0,0,0,-1,1,-9.04606e-07,-3.41781e-06,-0.197474,0,36.0362,1,1010,1010,1010,1010,0,0,0,0,36.0411,56,-0.00249792,0.00906491,56,-0.00136585,0.00945566,56,-0.00695189,0.00928071,1,0,0,2,0,0,3,-0.0317909,-0.125861,56,-0.00898457,0.00766412,56,-0.00324959,0.00754354,56,-0.00728428,0.0120839
4999928814040,4999914910000,4999914910000,4999928798299,73729,13.8883,4999938923748,24.0137,0,16690,61968,0,0,1,0,0,0.007985,341,340,340,1,2.61089,2.49219,0.452022,0.228854,-0.00622559,0.0254517,7.91381e-06,4.07416e-05,0.00972853,0.00488934,1,0.00510226,-0.000991085,0.000991085,0.00510226,1,1,0.00306956,0.00510161,-0.00207848,6.51301e-07,0,0,0,0,0,0,0,0,0,0,0,0,0,0,0,0,0,0,0,0,0,0,0,255,0.2,6.69283,0.2,-0.000880685,0.00437634,1,1,1,1,1,1,1,-0.450452,-3.13489,0.115819,-0.00474596,0.000894422,-0.00276764,46.4635,15609,1,367,41.8833,3903,0,0.000884653,4.9463e-05,0.00612915,0,0,0,1,340,0.205,6.69422e-06,3.45305e-05,7.07875e-06,-1.37232e-06,6.67237e-06,-2.73337e-06,-0.262742,0.15778,0.00202429,-0.00232277,-0.197313,-0.00124509,2.67033e-06,0.00582133,10.4228,1,0,0,0,0,0,-1,1,-9.04606e-07,-3.41781e-06,-0.197474,0,46.689,1,1010,1010,1010,1010,0,0,0,0,0.212243,56,0.00208291,0.00597413,56,-0.00416374,0.00503438,56,0.00711128,0.00686781,0,0,0,1,0,0,3,0.0285462,0.0432798,56,0.00164309,0.00919541,56,-0.0015355,0.00595462,56,-0.000241945,0.000467775
4999939532679,4999926903000,4999926903000,4999939513141,73729,12.6101,4999950687006,23.784,0,16690,61969,0,0,1,0,0,0.011993,343,343,343,1,2.76793,2.90049,0.62869,0.277372,-0.0368652,0.00790405,-8.47436e-05,1.39814e-05,-0.00921736,-0.00428719,1,0.00116579,0.00706609,-0.00706609,0.00116579,1,1,-0.00650836,0.00126078,-0.000557727,-9.49807e-05,0,0,0,0,0,0,0,0,0,0,0,0,0,0,0,0,0,0,0,0,0,0,0,255,0.2,7.25122,0.2,-0.00532417,-0.000498463,1,1,1,1,0,1,1,-0.451073,-3.13473,0.115726,-0.00764258,0.00182354,-0.00289852,2.03683,15610,1,367,53.6303,3903,0,0.000884653,4.9463e-05,0.00612915,0,0,0,1,343,0.205,-7.18374e-05,1.18723e-05,2.43383e-06,1.47267e-05,5.27366e-06,1.39637e-05,-0.262737,0.157794,0.00203709,-0.00228672,-0.197327,0.000189799,-0.000389421,0.00198118,1.81146,2,0,0,0,0,0,-1,1,-9.04606e-07,-3.41781e-06,-0.197258,0,2.24698,1,1010,1010,1010,1010,0,0,0,0,11.9463,56,-0.00905244,0.0036126,56,-0.0101936,0.00122415,56,-0.0102311,-0.0012529,2,0,0,2,0,0,3,-0.0166711,-0.0093538,56,-0.00744903,0.000536589,56,-0.00658104,0.00341513,56,-0.00627964,0.00433242
4999951191029,4999934928000,4999934928000,4999951175732,73729,16.2477,4999960752196,25.8242,0,16690,61970,0,0,1,0,0,0.008025,341,341,330,0.967742,2.58946,2.82028,0.421374,0.225391,0.00909424,-0.0203705,2.07984e-05,-4.69475e-05,0.00593864,0.00395861,1,-0.00585016,-0.00259171,0.00259171,-0.00585016,1,1,0.00256391,-0.00580028,2.77981e-05,-4.98858e-05,0,0,0,0,0,0,0,0,0,0,0,0,0,0,0,0,0,0,0,0,0,0,0,255,0.2,8.76436,0.2,0.00326377,-0.00478542,1,1,1,1,0,1,1,-0.451073,-3.13473,0.115726,-0.00764258,0.00182354,-0.00289852,12.1106,15610,1,367,63.7041,3903,0,0.000884653,4.9463e-05,0.00612915,0,0,0,1,330,0.205,1.76031e-05,-3.97939e-05,-8.15776e-06,-3.60863e-06,-8.70688e-06,-1.93929e-06,-0.262746,0.157792,0.00203709,-0.00228672,-0.197327,0.000557923,-0.000204532,0.000355161,11.8774,0,0,0,0,0,0,-1,1,-9.04606e-07,-3.41781e-06,-0.197258,0,12.3256,1,1010,1010,1010,1010,0,0,0,0,22.0249,56,0.00114677,-0.0032121,56,0.00327572,-0.00936508,56,0.00199993,-0.00509207,0,0,0,2,0,0,3,0.0117492,0.0406219,56,0.00446576,-0.00690006,56,0.0032942,-0.00495938,45,0.00433719,-0.0105147
4999961272200,4999946913000,4999946913000,4999961259199,73729,14.3462,4999972474953,25.562,0,16690,61971,0,0,1,0,0,0.011985,342,342,336,0.982456,2.61985,2.89708,0.443985,0.228668,0.0145721,-0.0341949,2.36199e-05,-5.38037e-05,-0.00347472,-0.000244642,1,-0.00448925,-0.00197079,0.00197079,-0.00448925,1,1,0.000998062,-0.00433393,0.000972729,-0.000155323,0,0,0,0,0,0,0,0,0,0,0,0,0,0,0,0,0,0,0,0,0,0,0,255,0.2,8.66779,0.2,0.00202246,-0.00381268,1,1,1,1,0,1,1,-0.451073,-3.13473,0.115726,-0.00764258,0.00182354,-0.00289852,23.8338,15610,1,367,75.4273,3903,0,0.000884653,4.9463e-05,0.00612915,0,0,0,1,336,0.205,2.00324e-05,-4.56573e-05,-9.35974e-06,-4.10665e-06,-9.98326e-06,-2.19156e-06,-0.262756,0.15779,0.00205051,-0.00227966,-0.19737,0.000769856,-0.000636826,-0.00257467,11.5372,1,0,0,0,0,0,-1,1,-9.04606e-07,-3.41781e-06,-0.197258,0,24.044,1,1010,1010,1010,1010,0,0,0,0,33.7433,56,-0.0019688,-0.00894092,56,0.0005043,-0.00199693,56,0.000812488,-0.00725118,1,0,0,1,0,0,2,0,0,52,0.00354935,-0.00893239,56,0.00560597,-0.00535391,56,0.000577244,-0.00227817
4999972995550,4999954921000,4999954921000,4999972978828,73729,18.0578,4999983006572,28.0856,0,16690,61972,0,0,1,0,0,0.008008,342,341,341,1,2.61152,3.38853,0.408762,0.221557,0.0188599,-0.0365601,2.18754e-05,-7.07684e-05,-0.00524944,-1.96427e-05,1,-0.00883721,-0.0027317,0.0027317,-0.00883721,1,1,0.00105177,-0.0089381,0.00167993,0.000100887,0,0,0,0,0,0,0,0,0,0,0,0,0,0,0,0,0,0,0,0,0,0,0,255,0.19,0.050797,0.19,0.00265653,-0.00677161,1,1,1,1,0,1,1,-0.451073,-3.13473,0.115726,-0.00764258,0.00182354,-0.00289852,34.385,15610,1,367,85.9786,3903,0,0.000884653,4.9463e-05,0.00612915,0,0,0,1,341,0.195,1.85883e-05,-6.00189e-05,-1.17037e-05,-3.62472e-06,-1.21872e-05,-1.25886e-06,-0.262768,0.157789,0.00207168,-0.00225329,-0.197411,0.00148861,0.000393461,-0.0040505,10.3461,1,0,0,0,0,0,-1,1,-9.04606e-07,-3.41781e-06,-0.197258,0,34.6074,1,1010,1010,1010,1010,0,0,0,0,44.3068,56,0.0029622,0.000609716,56,-0.00494948,-0.00861606,56,0.0119478,-0.00547614,1,0,0,2,0,0,2,0,0,56,0.00477509,-0.00881926,56,-0.00197427,-0.0112012,56,0.00367755,-0.0111411
4999983570503,4999974920000,4999974920000,4999983562466,73729,8.64247,4999995211445,20.2914,1,16691,61973,0,0,1,0,0,0.019999,342,342,342,1,2.58672,3.64018,0.453466,0.230836,0.0152206,-0.0406952,3.58022e-05,-9.34415e-05,0.00496412,0.00117622,1,-0.00467231,-0.0017902,0.0017902,-0.00467231,1,1,0.000579982,-0.00472183,0.00121022,4.95209e-05,0,0,0,0,0,0,0,0,0,0,0,0,0,0,0,0,0,0,0,0,0,0,0,255,0.2,0.504171,0.2,-0.0210086,-0.159366,1,1,1,1,1,1,1,-0.451805,-3.13453,0.115608,-0.00743308,0.00281362,-0.00289876,2.15957,15611,1,367,98.1558,3903,0,0.000884653,4.9463e-05,0.00612915,0,0,0,1,342,0.205,3.03072e-05,-7.92061e-05,-1.62373e-05,-6.21298e-06,-1.71405e-05,-2.9068e-06,-0.262785,0.157786,0.00208143,-0.00224146,-0.197462,0.00103024,0.000203036,-0.00314532,1.99042,2,0,0,0,0,0,-1,1,-9.04606e-07,-3.41781e-06,-0.197416,0,2.37204,1,1010,1010,1010,1010,0,0,0,0,2.37619,56,-5.40705e-05,-0.00568241,56,0.00419979,-0.00590044,56,0.000124327,-0.00157009,0,0,0,2,0,0,4,-0.00357665,-0.0412705,56,0.00318207,-0.00592795,56,0.00287376,-0.00512748,56,0.00166512,-0.00379417
4999995762116,4999986897000,4999986897000,4999995743505,73729,8.8465,5000006306513,19.4095,0,16691,61974,0,0,1,0,0,0.011977,343,342,342,1,2.65104,2.56511,0.443244,0.230391,-0.0299835,0.00856781,-3.95613e-05,3.20867e-05,0.0020046,-0.00341519,1,0.00267903,0.0033031,-0.0033031,0.00267903,1,1,-0.00421207,0.00265186,0.000908964,2.71612e-05,0,0,0,0,0,0,0,0,0,0,0,0,0,0,0,0,0,0,0,0,0,0,0,255,0.2,2.52865,0.2,0.0193703,0.324564,1,1,1,1,0,1,1,-0.451805,-3.13453,0.115608,-0.00743308,0.00281362,-0.00289876,13.2909,15611,1,367,109.288,3903,0,0.000884653,4.9463e-05,0.00612915,0,0,0,1,342,0.205,-3.35353e-05,2.72081e-05,5.57766e-06,6.87474e-06,6.81792e-06,5.64691e-06,-0.262778,0.157792,0.00208143,-0.00224146,-0.197462,0.000683056,0.000111361,-0.00243496,13.0848,0,0,0,0,0,0,-1,1,-9.04606e-07,-3.41781e-06,-0.197416,0,13.5192,1,1010,1010,1010,1010,0,0,0,0,13.5233,56,-0.000716988,-0.00350012,56,-0.00493594,0.00645487,56,-0.00175733,0.00221163,1,0,0,2,0,0,3,-0.00421837,-0.0386215,56,-0.00704357,0.00286555,56,-0.00738971,0.000649065,56,-0.00199236,0.00321817
5000006870999,4999994922000,4999994922000,5000006853906,73729,11.9319,5000015942773,21.0208,0,16691,61975,0,0,1,0,0,0.008025,342,341,334,0.979472,2.62452,2.61689,0.399874,0.227891,-0.0191803,0.0138016,-3.44479e-05,1.45027e-05,0.00483083,0.0118067,1,0.00180719,0.00429257,-0.00429257,0.00180719,1,1,-0.0045708,0.0017001,0.000278227,0.000107096,0,0,0,0,0,0,0,0,0,0,0,0,0,0,0,0,0,0,0,0,0,0,0,255,0.2,3.47358,0.2,-0.00389433,0.00192757,1,1,1,1,0,1,1,-0.451805,-3.13453,0.115608,-0.00743308,0.00281362,-0.00289876,22.9292,15611,1,367,118.926,3903,0,0.000884653,4.9463e-05,0.00612915,0,0,0,1,334,0.205,-2.92387e-05,1.22734e-05,2.51605e-06,5.99393e-06,3.64302e-06,5.38385e-06,-0.262775,0.157797,0.00207593,-0.00223479,-0.197463,0.000196677,0.000439095,-0.000755243,9.38652,1,0,0,0,0,0,-1,1,-9.04606e-07,-3.41781e-06,-0.197416,0,23.1762,1,1010,1010,1010,1010,0,0,0,0,23.1803,56,-0.00713526,0.00196683,56,-0.00494393,0.0094126,56,-0.00300072,-4.32843e-06,1,0,0,2,0,0,1,0,0,50,-0.00602918,0.00161002,56,-0.00151589,0.000223059,56,-0.00472923,-4.92143e-05
5000016528037,5000006903000,5000006903000,5000016511000,73729,9.608,5000026215260,19.3123,0,16691,61976,0,0,1,0,0,0.011981,341,340,340,1,2.63971,2.52532,0.493522,0.229409,-0.0341187,-0.00299072,-6.51428e-05,-2.05096e-05,-0.00140778,-0.00332864,1,-0.00171185,0.00543718,-0.00543718,-0.00171185,1,1,-0.00499887,-0.00174627,-0.00043831,3.44257e-05,0,0,0,0,0,0,0,0,0,0,0,0,0,0,0,0,0,0,0,0,0,0,0,255,0.2,2.96313,0.2,-0.00500146,-0.00132185,1,1,1,1,0,1,1,-0.451805,-3.13453,0.115608,-0.00743308,0.00281362,-0.00289876,33.2012,15611,1,367,129.197,3903,0,0.000884653,4.9463e-05,0.00612915,0,0,0,1,340,0.205,-5.52703e-05,-1.7379e-05,-3.5627e-06,1.13304e-05,-1.27089e-06,1.18091e-05,-0.262776,0.157809,0.00206201,-0.00222748,-0.197446,-0.00086123,0.000141145,0.000748674,10.0252,1,0,0,0,0,0,-1,1,-9.04606e-07,-3.41781e-06,-0.197416,0,33.4273,1,1010,1010,1010,1010,0,0,0,0,33.4314,56,-0.00515722,-0.00164602,56,-0.00111165,-0.00545782,56,-0.0120108,-0.000293531,0,0,0,1,0,0,3,-0.0213861,-0.061363,56,-0.00482272,-0.00152645,56,-0.00578044,0.00442706,56,-0.00449884,0.0022909
5000026809858,5000014916000,5000014916000,5000026793450,73729,11.8774,5000035687816,20.7718,0,16691,61977,0,0,1,0,0,0.008013,342,341,341,1,2.63163,2.54367,0.490023,0.227576,0.0072937,0.0263367,1.30667e-05,6.51218e-05,-0.0054149,0.00172967,1,0.00812702,-0.00163068,0.00163068,0.00812702,1,1,0.00239955,0.00794249,-0.000768869,0.000184528,0,0,0,0,0,0,0,0,0,0,0,0,0,0,0,0,0,0,0,0,0,0,0,255,0.2,3.10941,0.2,0.00166738,0.00622734,1,1,1,1,0,1,1,-0.451805,-3.13453,0.115608,-0.00743308,0.00281362,-0.00289876,42.6748,15611,1,367,138.671,3903,0,0.000884653,4.9463e-05,0.00612915,0,0,0,1,341,0.205,1.11001e-05,5.52102e-05,1.13181e-05,-2.27552e-06,1.06519e-05,-4.45135e-06,-0.262765,0.157804,0.00206344,-0.00220314,-0.19743,-0.000728132,0.000756565,0.00193938,9.24576,1,0,0,0,0,0,-1,1,-9.04606e-07,-3.41781e-06,-0.197416,0,42.8961,1,1010,1010,1010,1010,0,0,0,0,42.9002,56,0.00370926,0.00821961,56,-0.00127606,0.00783128,56,0.00691545,0.00594222,1,0,0,2,0,0,2,0,0,56,0.000932139,0.0121832,56,-0.00292168,0.00404599,56,-0.00350807,0.0045302
5000036259005,5000026897000,5000026897000,5000036242320,73729,9.34532,5000047118571,20.2216,0,16691,61978,0,0,1,0,0,0.011981,340,339,339,1,2.63026,3.09036,0.494838,0.219983,0.00405884,0.00305176,-1.37454e-05,-1.87289e-05,0.00108629,0.00276252,1,-0.00156321,0.00114727,-0.00114727,-0.00156321,1,1,-0.000209623,-0.00172311,-0.000937646,0.000159892,0,0,0,0,0,0,0,0,0,0,0,0,0,0,0,0,0,0,0,0,0,0,0,255,0.2,2.36646,0.2,0.000481447,-0.000297518,1,1,1,1,1,1,1,-0.452622,-3.13429,0.115503,-0.00923371,0.00192428,-0.00275294,0.096038,15612,1,367,150.062,3903,0,0.000884653,4.9463e-05,0.00612915,0,0,0,1,339,0.205,-1.1626e-05,-1.58494e-05,-3.24912e-06,2.38334e-06,-2.71858e-06,2.97429e-06,-0.262768,0.157807,0.00204968,-0.00218624,-0.197407,-0.000761966,0.000655556,0.00246591,11.2043,1,0,0,0,0,0,-1,1,-9.04606e-07,-3.41781e-06,-0.197342,0,0.313077,1,1010,1010,1010,1010,0,0,0,0,0.317688,56,0.00640814,0.00291283,56,-0.000376317,-0.00862266,56,-0.003598,-0.00287679,0,0,0,1,0,0,2,0,0,56,0.00128517,-0.00393561,56,0.00215205,0.00205378,56,-0.000466934,0.00210665
5000047681335,5000034920000,5000034920000,5000047662909,73729,12.7429,5000056540071,21.6201,0,16691,61979,0,0,1,0,0,0.008023,342,341,341,1,2.60769,2.50159,0.463707,0.224742,0.0213013,0.0244751,3.65818e-05,4.86048e-05,-0.00405769,0.00418715,1,0.00605819,-0.00455962,0.00455962,0.00605819,1,1,0.00523785,0.00587946,-0.000678235,0.000178726,0,0,0,0,0,0,0,0,0,0,0,0,0,0,0,0,0,0,0,0,0,0,0,255,0.2,3.64473,0.2,0.00467184,0.00437775,1,1,1,1,0,1,1,-0.452622,-3.13429,0.115503,-0.00923371,0.00192428,-0.00275294,9.55254,15612,1,367,159.519,3903,0,0.000884653,4.9463e-05,0.00612915,0,0,0,1,341,0.205,3.09864e-05,4.11883e-05,8.4436e-06,-6.3522e-06,7.034e-06,-7.88465e-06,-0.262761,0.157799,0.00206671,-0.00215443,-0.19738,0.000109883,0.000732777,0.00231252,8.98461,2,0,0,0,0,0,-1,1,-9.04606e-07,-3.41781e-06,-0.197342,0,9.78376,1,1010,1010,1010,1010,0,0,0,0,9.78837,56,-0.00321037,-0.000173253,56,0.00356202,0.0144711,56,0.00283889,0.00962976,0,0,0,2,0,0,3,0.0170241,-0.0408454,56,0.00605082,0.00267583,56,0.00464391,0.00257428,56,0.00515287,0.00420042
5000057121834,5000046889000,5000046889000,5000057103686,73729,10.2147,5000067408822,20.5198,0,16691,61980,0,0,1,0,0,0.011969,344,343,343,1,2.6275,2.55283,0.42293,0.230095,0.0360718,-0.00115967,7.50292e-05,-1.02319e-05,-0.000403061,-0.00322717,1,-0.000854866,-0.00626862,0.00626862,-0.000854866,1,1,0.0067791,-0.000979503,-0.000510477,0.000124637,0,0,0,0,0,0,0,0,0,0,0,0,0,0,0,0,0,0,0,0,0,0,0,255,0.2,2.91928,0.2,0.0051067,-0.00140241,1,1,1,1,0,1,1,-0.452622,-3.13429,0.115503,-0.00923371,0.00192428,-0.00275294,20.3968,15612,1,367,170.363,3903,0,0.000884653,4.9463e-05,0.00612915,0,0,0,1,343,0.205,6.36507e-05,-8.66636e-06,-1.7766e-06,-1.30484e-05,-4.30084e-06,-1.24466e-05,-0.262765,0.157787,0.00206671,-0.00215443,-0.19738,0.000379038,0.000511013,0.0019776,19.8575,0,0,0,0,0,0,-1,1,-9.04606e-07,-3.41781e-06,-0.197342,0,20.6209,1,1010,1010,1010,1010,0,0,0,0,20.6255,56,-0.000211812,0.00262906,56,0.0107423,0.00324622,56,0.00678837,-0.00518694,1,0,0,3,0.0059579,-0.0180892,3,-0.0180829,0.00240726,56,0.00790287,0.0028068,56,0.00371435,0.000421453,56,0.00632343,-0.000898956
5000067960752,5000054946000,5000054946000,5000067944159,73729,12.9982,5000076765376,21.8194,0,16691,61981,0,0,1,0,0,0.008057,342,341,341,1,2.58913,2.51783,0.435614,0.225632,0.0297852,-0.0206451,1.90215e-05,-3.87538e-05,-0.013836,0.010172,1,-0.00480995,-0.00236087,0.00236087,-0.00480995,1,1,0.00246602,-0.00477549,-0.000105154,-3.44651e-05,0,0,0,0,0,0,0,0,0,0,0,0,0,0,0,0,0,0,0,0,0,0,0,255,0.2,3.61603,0.2,0.00429649,-0.00406558,1,1,1,1,0,1,1,-0.452622,-3.13429,0.115503,-0.00923371,0.00192428,-0.00275294,29.7525,15612,1,367,179.719,3903,0,0.000884653,4.9463e-05,0.00612915,0,0,0,1,341,0.205,1.61599e-05,-3.28879e-05,-6.74203e-06,-3.31279e-06,-7.26071e-06,-1.92643e-06,-0.262772,0.157785,0.00208817,-0.00213302,-0.197369,0.00103073,-0.000141307,0.00116949,9.11809,2,0,0,0,0,0,-1,1,-9.04606e-07,-3.41781e-06,-0.197342,0,29.9714,1,1010,1010,1010,1010,0,0,0,0,29.976,56,0.00851164,-0.0105479,56,-1.12116e-05,-0.00614323,56,0.00400745,-7.98431e-05,1,0,0,2,0,0,2,0,0,56,0.00692387,-0.00424762,56,0.00660311,-0.0104907,56,-0.0011471,-0.00101918
5000077298380,5000066892000,5000066892000,5000077280528,73729,10.3885,5000088809285,21.9173,0,16691,61982,0,0,1,0,0,0.011946,343,341,341,1,2.62752,2.5058,0.435078,0.249872,0.0148315,-0.00506592,3.36983e-05,-9.87863e-06,0.00316091,0.00452185,1,-0.000826941,-0.00282089,0.00282089,-0.000826941,1,1,0.00279477,-0.000846017,2.61171e-05,1.90762e-05,0,0,0,0,0,0,0,0,0,0,0,0,0,0,0,0,0,0,0,0,0,0,0,255,0.2,2.77248,0.2,0.00106641,-0.000777417,1,1,1,1,0,1,1,-0.452622,-3.13429,0.115503,-0.00923371,0.00192428,-0.00275294,41.792,15612,1,367,191.758,3903,0,0.000884653,4.9463e-05,0.00612915,0,0,0,1,341,0.205,2.85686e-05,-8.39269e-06,-1.7205e-06,-5.85657e-06,-2.83548e-06,-5.40549e-06,-0.262775,0.15778,0.00208817,-0.00213302,-0.197369,0.00115929,7.82126e-05,0.000841769,21.1778,0,0,0,0,0,0,-1,1,-9.04606e-07,-3.41781e-06,-0.197342,0,42.0162,1,1010,1010,1010,1010,0,0,0,0,0.17789,56,0.00142486,-0.00265389,56,-0.00100649,-0.00154982,56,0.00206856,-0.000770739,1,0,0,2,0,0,2,0,0,56,0.00545078,0.00184213,56,0.00264458,-0.00262344,56,0.00194769,-0.00373112
5000089292177,5000074921000,5000074921000,5000089277048,73729,14.356,5000098649824,23.7288,0,16691,61983,0,0,1,0,0,0.008029,342,341,340,0.997067,2.65487,2.76778,0.466559,0.222409,0.00762177,-0.0136566,1.75885e-05,-1.38249e-05,0.00988356,-0.0114611,1,-0.00172187,-0.00219062,0.00219062,-0.00172187,1,1,0.00213093,-0.00170384,5.96952e-05,-1.8022e-05,0,0,0,0,0,0,0,0,0,0,0,0,0,0,0,0,0,0,0,0,0,0,0,255,0.19,4.63568,0.19,-0.0011929,-0.02379,1,1,1,1,1,1,1,-0.453469,-3.13404,0.115379,-0.00989323,0.00390939,-0.00288562,8.44569,15613,1,367,201.603,3903,0,0.000884653,4.9463e-05,0.00612915,0,0,0,1,340,0.195,1.48769e-05,-1.16859e-05,-2.27874e-06,-2.90099e-06,-2.80333e-06,-2.39784e-06,-0.262778,0.157777,0.00209336,-0.00214142,-0.197365,0.000866685,-7.02859e-05,0.000507099,9.65841,1,0,0,0,0,0,-1,1,-9.04607e-07,-3.41781e-06,-0.197327,0,0.204502,1,1010,1010,1010,1010,0,0,0,0,10.0148,56,-0.00155999,-0.00050058,56,0.00979353,-0.00150814,56,-0.000562562,-0.00302449,1,0,0,2,0,0,1,0,0,56,0.00184615,-0.00480036,56,0.00364394,-0.000693092,56,0.00533968,-0.000408708
5000099222366,5000086895000,5000086895000,5000099202551,73729,12.3076,5000109729225,22.8342,0,16691,61984,0,0,1,0,0,0.011974,343,342,342,1,2.57663,2.58835,0.448188,0.226095,-0.03685,0.0038147,-7.09783e-05,-1.08593e-05,-0.000664577,0.00606709,1,-0.000906907,0.0059277,-0.0059277,-0.000906907,1,1,-0.00599736,-0.00091017,6.96612e-05,3.26309e-06,0,0,0,0,0,0,0,0,0,0,0,0,0,0,0,0,0,0,0,0,0,0,0,255,0.19,4.3197,0.19,-0.01289,-0.373389,1,1,1,1,0,1,1,-0.453469,-3.13404,0.115379,-0.00989323,0.00390939,-0.00288562,19.5261,15613,1,367,11.0293,3904,0,0.000884653,0.000266347,0.00589421,0,0,0,1,342,0.195,-6.01995e-05,-9.22979e-06,-1.79981e-06,1.17389e-05,5.37222e-07,1.18639e-05,-0.262778,0.157789,0.00207784,-0.0021398,-0.197391,-0.000145708,1.27261e-05,-0.000333909,10.8479,2,0,0,0,0,0,-1,1,-9.04607e-07,-3.41781e-06,-0.197327,0,11.2853,1,1010,1010,1010,1010,0,0,0,0,21.0956,56,-0.00766584,-0.00266564,56,-0.00394271,0.00159771,56,-0.00489404,0.0014997,2,0,0,2,0,0,2,0,0,56,-0.00457635,0.0015821,56,-0.00729036,-0.000244145,56,-0.0056088,-0.00224512
5000110262322,5000094916000,5000094916000,5000110245063,73729,15.3291,5000119611061,24.6951,0,16691,61985,0,0,1,0,0,0.008021,341,340,340,1,2.59643,2.60135,0.429448,0.226428,-0.0308228,0.00591278,-4.31929e-05,1.13831e-05,0.00928965,-0.000253804,1,0.00141916,0.00538497,-0.00538497,0.00141916,1,1,-0.00544297,0.00137674,5.79992e-05,4.24213e-05,0,0,0,0,0,0,0,0,0,0,0,0,0,0,0,0,0,0,0,0,0,0,0,255,0.19,4.93632,0.19,-0.00578892,0.000910063,1,1,1,1,0,1,1,-0.453469,-3.13404,0.115379,-0.00989323,0.00390939,-0.00288562,29.4069,15613,1,367,20.9103,3904,0,0.000884653,0.000266347,0.00589421,0,0,0,1,340,0.195,-3.66029e-05,9.63914e-06,1.87963e-06,7.13757e-06,3.24295e-06,6.63029e-06,-0.262774,0.157796,0.00206714,-0.00213523,-0.197406,-0.00120585,0.000165443,-0.00114564,9.66748,1,0,0,0,0,0,-1,1,-9.04607e-07,-3.41781e-06,-0.197327,0,21.1625,1,1010,1010,1010,1010,0,0,0,0,30.9728,56,0.00218778,0.00845557,56,-0.010298,0.00239621,56,-0.00510676,-0.00371557,0,0,0,2,0,0,2,0,0,56,-0.00599274,0.000221297,56,-0.00590799,0.00026664,56,-0.00484147,0.0012215
5000120155936,5000106900000,5000106900000,5000120143806,73729,13.2438,5000131011428,24.1114,0,16691,61986,0,0,1,0,0,0.011984,343,342,342,1,2.5818,2.51685,0.420373,0.247558,-0.0292282,-0.00387573,-4.01437e-05,-8.79722e-06,0.00637779,-0.00478462,1,-0.000734081,0.00334978,-0.00334978,-0.000734081,1,1,-0.00373662,-0.000827391,0.000386841,9.33101e-05,0,0,0,0,0,0,0,0,0,0,0,0,0,0,0,0,0,0,0,0,0,0,0,255,0.19,4.41707,0.19,-0.00355081,-0.000937696,1,1,1,1,0,1,1,-0.453469,-3.13404,0.115379,-0.00989323,0.00390939,-0.00288562,40.8056,15613,1,367,32.3089,3904,0,0.000884653,0.000266347,0.00589421,0,0,0,1,342,0.195,-3.40718e-05,-7.44269e-06,-1.45133e-06,6.644e-06,-1.20007e-07,6.7996e-06,-0.262774,0.157803,0.0020672,-0.00213701,-0.19742,-0.000245083,0.000363909,-0.00140301,11.209,1,0,0,0,0,0,-1,1,-9.04607e-07,-3.41781e-06,-0.197327,0,32.57,1,1010,1010,1010,1010,0,0,0,0,42.3803,56,-0.00875174,-0.000736193,56,-0.00343577,-0.000738096,56,-0.000330125,-0.00122844,1,0,0,2,0,0,3,0.000416731,0.0178621,56,-0.00465053,-0.00126839,56,-0.00224623,0.0025299,56,-0.00349109,-0.00106935
5000131545173,5000122932000,5000122932000,5000131536487,73729,8.60449,5000141630696,18.6987,1,16692,61987,0,0,1,0,0,0.016032,342,341,341,1,2.56683,2.83217,0.45054,0.231131,-0.0197754,-0.0159607,-6.572e-05,-3.21723e-05,-0.00480063,0.00662382,1,-0.00200675,0.0040993,-0.0040993,-0.00200675,1,1,-0.00436562,-0.00202421,0.000266318,1.74535e-05,0,0,0,0,0,0,0,0,0,0,0,0,0,0,0,0,0,0,0,0,0,0,0,255,0.2,5.97714,0.2,0.0121691,0.221065,1,1,1,1,0,1,1,-0.453469,-3.13404,0.115379,-0.00989323,0.00390939,-0.00288562,51.4234,15613,1,367,42.9267,3904,0,0.000884653,0.000266347,0.00589421,0,0,0,1,341,0.205,-5.5812e-05,-2.73401e-05,-5.60471e-06,1.14415e-05,-3.25166e-06,1.23185e-05,-0.262778,0.157815,0.00207251,-0.00214394,-0.197428,-3.23259e-05,7.15592e-05,-0.000899383,10.4356,1,0,0,0,0,0,-1,1,-9.04607e-07,-3.41781e-06,-0.197384,0,0.200187,1,1010,1010,1010,1010,0,0,0,0,0.203984,56,-0.00982336,-0.00964579,56,-0.000770067,-0.00194017,56,-0.00546108,-0.00207397,1,0,0,2,0,0,2,0,0,56,-0.0025476,0.000275735,56,-0.000894972,-0.00226059,56,-0.00580444,0.000431666
5000142982188,5000134912000,5000134912000,5000142965539,73729,8.05354,5000153113933,18.2019,0,16692,61988,0,0,1,0,0,0.01198,341,340,339,0.997059,2.613,2.98163,0.402614,0.220261,0.0300903,-0.0138855,6.10006e-05,-1.35089e-05,0.000980581,0.00292097,1,-0.00112762,-0.00509187,0.00509187,-0.00112762,1,1,0.00471459,-0.00120751,0.000377274,7.9888e-05,0,0,0,0,0,0,0,0,0,0,0,0,0,0,0,0,0,0,0,0,0,0,0,255,0.2,7.47097,0.2,0.00806508,0.102615,1,1,1,1,1,1,1,-0.454262,-3.1338,0.115247,-0.0110438,0.00277763,-0.00282111,11.4797,15614,1,367,54.4201,3904,0,0.000884653,0.000266347,0.00589421,0,0,0,1,339,0.205,5.1751e-05,-1.14623e-05,-2.34978e-06,-1.0609e-05,-4.38503e-06,-9.94195e-06,-0.262782,0.157805,0.00208973,-0.00214554,-0.197431,0.00123895,0.000327541,-0.000246296,9.02475,1,0,0,0,0,0,-1,1,-9.04607e-07,-3.41781e-06,-0.197384,0,11.699,1,1010,1010,1010,1010,0,0,0,0,11.7028,56,0.0041429,0.00170523,56,0.0100572,-0.00300076,56,0.00538261,-0.00141723,0,0,0,2,0,0,1,0,0,56,0.00689854,-0.00306497,56,0.00411538,-0.00252109,56,0.00357373,-0.00419564
5000153704993,5000142941000,5000142941000,5000153687234,73729,10.7462,5000163797831,20.8568,0,16692,61989,0,0,1,0,0,0.008029,342,341,341,1,2.62108,2.85326,0.409559,0.22352,0.0250549,0.00143433,3.46486e-05,-5.43112e-06,0.00142741,0.00415042,1,-0.000676438,-0.00431543,0.00431543,-0.000676438,1,1,0.00399346,-0.000771624,0.00032197,9.51854e-05,0,0,0,0,0,0,0,0,0,0,0,0,0,0,0,0,0,0,0,0,0,0,0,255,0.2,8.11191,0.2,0.00350774,0.000715813,1,1,1,1,0,1,1,-0.454262,-3.1338,0.115247,-0.0110438,0.00277763,-0.00282111,22.1673,15614,1,367,65.1081,3904,0,0.000884653,0.000266347,0.00589421,0,0,0,1,341,0.205,2.93725e-05,-4.59188e-06,-9.41336e-07,-6.02136e-06,-2.10411e-06,-5.71973e-06,-0.262784,0.157799,0.00210844,-0.00215863,-0.197431,0.00175062,0.00039026,0.000344434,10.4884,1,0,0,0,0,0,-1,1,-9.04607e-07,-3.41781e-06,-0.197384,0,22.4134,1,1010,1010,1010,1010,0,0,0,0,22.4172,56,0.0042136,-0.00349598,56,0.0128446,-0.00272097,56,-0.00204808,0.00533183,1,0,0,2,0,0,2,0,0,56,0.00535082,-0.00109369,56,0.00474748,-0.00371405,56,0.0078434,0.00109436
5000164353206,5000154916000,5000154916000,5000164341521,73729,9.42552,5000174179856,19.2639,0,16692,61990,0,0,1,0,0,0.011975,343,341,341,1,2.59148,2.74197,0.398541,0.225835,0.031311,-0.0117798,4.50367e-05,-7.40624e-06,-0.00480526,-0.00104941,1,-0.000618475,-0.00376089,0.00376089,-0.000618475,1,1,0.00365613,-0.000555361,0.000104763,-6.3114e-05,0,0,0,0,0,0,0,0,0,0,0,0,0,0,0,0,0,0,0,0,0,0,0,255,0.2,8.5929,0.2,0.00232998,-0.00144112,1,1,1,1,0,1,1,-0.454262,-3.1338,0.115247,-0.0110438,0.00277763,-0.00282111,32.5651,15614,1,367,75.506,3904,0,0.000884653,0.000266347,0.00589421,0,0,0,1,341,0.205,3.82141e-05,-6.28677e-06,-1.28879e-06,-7.8339e-06,-2.80021e-06,-7.42896e-06,-0.262787,0.157792,0.002112,-0.0021664,-0.197414,0.00167112,-0.000258768,0.000993269,10.1814,1,0,0,0,0,0,-1,1,-9.04607e-07,-3.41781e-06,-0.197384,0,32.7964,1,1010,1010,1010,1010,0,0,0,0,32.8002,56,0.00864131,-0.00138947,56,-0.00110005,-0.00396526,56,0.00372018,-0.00149468,1,0,0,2,0,0,2,0,0,56,0.00328201,0.000110994,56,0.00448696,-0.00228571,56,0.00442834,-0.000741389
5000174753046,5000162934000,5000162934000,5000174735009,73729,11.801,5000184922162,21.9882,0,16692,61991,0,0,1,0,0,0.008018,343,342,342,1,2.62843,3.38864,0.487504,0.22815,-0.00949097,0.0149689,-4.884e-05,7.77885e-06,-0.0129743,0.00774674,1,0.000970174,0.00609129,-0.00609129,0.000970174,1,1,-0.00555374,0.000813349,-0.000537555,0.000156824,0,0,0,0,0,0,0,0,0,0,0,0,0,0,0,0,0,0,0,0,0,0,0,255,0.2,8.84003,0.2,-0.00475435,0.00183043,1,1,1,1,0,1,1,-0.454262,-3.1338,0.115247,-0.0110438,0.00277763,-0.00282111,43.302,15614,1,367,86.2428,3904,0,0.000884653,0.000266347,0.00589421,0,0,0,1,342,0.205,-4.1409e-05,6.56847e-06,1.34654e-06,8.48885e-06,2.98506e-06,8.05995e-06,-0.262784,0.1578,0.00211104,-0.00216226,-0.197385,0.000690891,0.000642979,0.00231589,10.52,1,0,0,0,0,0,-1,1,-9.04607e-07,-3.41781e-06,-0.197384,0,43.5228,1,1010,1010,1010,1010,0,0,0,0,43.5266,56,-0.00773262,-0.0047454,56,-0.014673,-0.000286653,56,-0.000296926,0.0074763,1,0,0,2,0,0,3,-0.0420657,-0.145772,56,0.000619601,0.00100068,56,-0.00319691,0.00400422,56,-0.00808106,0.00534323
5000185466648,5000174911000,5000174911000,5000185448222,73729,10.5372,5000196929867,22.0189,0,16692,61992,0,0,1,0,0,0.011977,343,342,342,1,2.659,3.48756,0.407855,0.236613,-0.00540924,0.0356903,-2.90634e-05,7.25174e-05,-0.00485091,-0.0037117,1,0.00605473,0.0024266,-0.0024266,0.00605473,1,1,-0.0014194,0.00582454,-0.0010072,0.000230191,0,0,0,0,0,0,0,0,0,0,0,0,0,0,0,0,0,0,0,0,0,0,0,255,0.2,-0.760321,0.2,-0.0120693,-0.341129,1,1,1,1,0,1,1,-0.454262,-3.1338,0.115247,-0.0110438,0.00277763,-0.00282111,55.2896,15614,1,367,98.2302,3904,0,0.000884653,0.000266347,0.00589421,0,0,0,1,342,0.205,-2.46384e-05,6.14624e-05,1.25998e-05,5.05088e-06,1.33455e-05,2.48224e-06,-0.262771,0.157802,0.00209691,-0.00217056,-0.19736,-0.000220376,0.000943781,0.0031273,11.7922,1,0,0,0,0,0,-1,1,-9.04607e-07,-3.41781e-06,-0.197299,0,0.215742,1,1010,1010,1010,1010,0,0,0,0,0.219687,56,-0.00810256,0.00605558,56,-0.00303773,0.0110965,56,0.00191389,0.00462732,1,0,0,2,0,0,3,0.00463533,-0.010548,56,-0.00100506,0.00252217,56,-0.00209426,0.00591049,56,-0.00221951,0.00896707
5000197466501,5000182928000,5000182928000,5000197447871,73729,14.5199,5000207463023,24.535,0,16692,61993,0,0,1,0,0,0.008017,344,343,342,0.997085,2.63719,3.36792,0.459911,0.232706,-0.00875854,0.0241547,-6.1953e-06,3.41157e-05,-0.00207456,-0.000282248,1,0.00425542,0.00077277,-0.00077277,0.00425542,1,1,-0.000144372,0.00421082,-0.000628398,4.45947e-05,0,0,0,0,0,0,0,0,0,0,0,0,0,0,0,0,0,0,0,0,0,0,0,255,0.2,1.07186,0.2,0.00893921,0.355077,1,1,1,1,1,1,1,-0.454843,-3.13363,0.115116,-0.0104486,0.00328781,-0.0032237,10.516,15615,1,367,108.763,3904,0,0.000884653,0.000266347,0.00589421,0,0,0,1,342,0.205,-5.21197e-06,2.89809e-05,5.94109e-06,1.06845e-06,6.03525e-06,-1.17135e-07,-0.262765,0.157802,0.00209399,-0.00224788,-0.197346,-0.000225358,0.000182838,0.00188086,8.87742,2,0,0,0,0,0,-1,1,-9.04607e-07,-3.41781e-06,-0.197299,0,10.7354,1,1010,1010,1010,1010,0,0,0,0,10.7394,56,0.0108587,0.0134704,55,-0.0016037,-0.010493,56,-0.00487803,0.00101566,1,0,0,3,-0.0252126,0.0486437,3,-0.0126373,-0.0110427,56,-0.00688672,0.00713144,56,-0.00377706,0.00726078,56,-0.00188212,0.00449507
5000208079657,5000194910000,5000194910000,5000208061750,73729,13.1517,5000218755814,23.8458,0,16692,61994,0,0,1,0,0,0.011982,341,341,341,1,2.60619,2.57691,0.520282,0.22928,0.00180054,-0.0176086,-3.75075e-06,-4.25569e-06,-0.000184821,-0.00648235,1,-0.000355173,0.000313032,-0.000313032,-0.000355173,1,1,-7.5926e-06,-0.000214235,-0.00030544,-0.000140938,0,0,0,0,0,0,0,0,0,0,0,0,0,0,0,0,0,0,0,0,0,0,0,255,0.2,1.53664,0.2,0.0103793,0.12313,1,1,1,1,0,1,1,-0.454843,-3.13363,0.115116,-0.0104486,0.00328781,-0.0032237,21.8086,15615,1,367,120.056,3904,0,0.000884653,0.000266347,0.00589421,0,0,0,1,341,0.205,-3.13334e-06,-3.59195e-06,-7.36351e-07,6.42334e-07,-5.96119e-07,7.7424e-07,-0.262765,0.157803,0.00209399,-0.00224788,-0.197346,0.000286572,-0.000577847,0.0012311,20.1745,0,0,0,0,0,0,-1,1,-9.04607e-07,-3.41781e-06,-0.197299,0,22.0229,1,1010,1010,1010,1010,0,0,0,0,22.0268,56,0.00530591,-0.00141093,56,-0.00700384,-0.000552624,56,-0.000174978,-0.00560997,1,0,0,1,0,0,3,-0.0188205,0.0623746,56,-0.00242455,0.00226645,56,0.000305657,-0.00357383,56,0.00210562,-0.00130705
5000219274707,5000202934000,5000202934000,5000219262244,73729,16.3282,5000228463390,25.5294,0,16692,61995,0,0,1,0,0,0.008024,343,342,342,1,2.58287,2.53834,0.417651,0.232021,-0.0130157,-0.0297775,-1.85284e-05,-6.52752e-05,0.0082979,0.00143406,1,-0.008135,0.00230912,-0.00230912,-0.008135,1,1,-0.00252677,-0.00790924,0.00021765,-0.000225761,0,0,0,0,0,0,0,0,0,0,0,0,0,0,0,0,0,0,0,0,0,0,0,255,0.2,2.55796,0.2,-0.0024825,-0.0069942,1,1,1,1,0,1,1,-0.454843,-3.13363,0.115116,-0.0104486,0.00328781,-0.0032237,31.5156,15615,1,367,129.763,3904,0,0.000884653,0.000266347,0.00589421,0,0,0,1,342,0.205,-1.57612e-05,-5.53295e-05,-1.13426e-05,3.23105e-06,-1.04887e-05,5.39258e-06,-0.262776,0.157808,0.00207963,-0.00230656,-0.197379,0.000273698,-0.00092562,-0.000494932,9.45706,2,0,0,0,0,0,-1,1,-9.04607e-07,-3.41781e-06,-0.197299,0,31.7357,1,1010,1010,1010,1010,0,0,0,0,31.7397,56,-0.00256514,-0.00586457,56,0.0142924,-0.0196602,56,-0.00447108,-0.00519568,1,0,0,2,0,0,3,0.0195401,0.0360491,56,-0.00151677,-0.00650988,56,-0.00173058,-0.00623137,56,-0.00442637,-0.0086834
5000228993413,5000214910000,5000214910000,5000228976116,73729,14.0661,5000239799737,24.8897,0,16692,61996,0,0,1,0,0,0.011976,343,342,340,0.994152,2.61641,2.74989,0.457523,0.222428,-0.0183105,-0.00987244,-8.78157e-05,-1.38371e-05,-0.00608803,0.00667151,1,-0.0011554,0.00733264,-0.00733264,-0.0011554,1,1,-0.00790238,-0.00140855,0.000569746,0.000253143,0,0,0,0,0,0,0,0,0,0,0,0,0,0,0,0,0,0,0,0,0,0,0,255,0.2,2.10959,0.2,-0.00510789,0.000695243,1,1,1,1,0,1,1,-0.454843,-3.13363,0.115116,-0.0104486,0.00328781,-0.0032237,42.8509,15615,1,367,141.098,3904,0,0.000884653,0.000266347,0.00589421,0,0,0,1,340,0.205,-7.45427e-05,-1.18014e-05,-2.41928e-06,1.52812e-05,6.24901e-07,1.54589e-05,-0.262775,0.157824,0.00207247,-0.00234269,-0.19742,-0.00117017,0.00103789,-0.0028049,11.1248,1,0,0,0,0,0,-1,1,-9.04607e-07,-3.41781e-06,-0.197299,0,43.0792,1,1010,1010,1010,1010,0,0,0,0,0.166853,56,-0.0273243,-0.00838783,56,-0.00169724,0.0122787,56,-0.00646317,0.00209103,1,0,0,2,0,0,1,0,0,56,-0.000935224,-0.00589477,56,-0.00266023,-0.00340717,56,-0.00497147,-0.00163003
5000240331945,5000222933000,5000222933000,5000240315927,73729,17.3829,5000249431479,26.4985,0,16692,61997,0,0,1,0,0,0.008023,344,343,312,0.909621,2.62148,2.55763,0.462281,0.243243,-0.0271912,0.0395966,-3.71345e-05,6.08708e-05,0.00654294,-0.000373245,1,0.00758704,0.0046285,-0.0046285,0.00758704,1,1,-0.00519825,0.00733389,0.000569746,0.000253143,0,0,0,0,0,0,0,0,0,0,0,0,0,0,0,0,0,0,0,0,0,0,0,255,0.2,3.30262,0.2,-0.0046703,0.00801653,1,1,1,1,0,1,1,-0.454843,-3.13363,0.115116,-0.0104486,0.00328781,-0.0032237,52.4823,15615,1,367,150.729,3904,0,0.000884653,0.000266347,0.00589421,0,0,0,1,312,0.205,-3.14719e-05,5.16068e-05,1.05794e-05,6.45175e-06,1.16393e-05,4.25139e-06,-0.262763,0.157828,0.00207247,-0.00234269,-0.19742,-0.00117017,0.00103789,-0.0028049,20.7674,0,0,0,0,0,0,-1,1,-9.04607e-07,-3.41781e-06,-0.197403,0,0.205742,1,1010,1010,1010,1010,0,0,0,0,9.7888,25,0.0121607,-0.00414724,56,-0.0183696,0.00386899,56,0.00241913,0.0122081,1,0,0,3,-0.0420345,-0.0220621,3,-0.0324322,-0.0103,56,-0.00333225,0.0155919,56,-0.00369628,0.0096089,56,-0.00746002,0.00762471
5000249947057,5000234918000,5000234918000,5000249930538,73729,15.0125,5000262332653,27.4147,0,16692,61998,0,0,1,0,0,0.011985,343,342,342,1,2.60682,2.59765,0.496818,0.23702,0.00210571,0.0167007,1.68048e-05,1.7838e-05,0.0052759,0.00345819,1,0.00148836,-0.00140215,0.00140215,0.00148836,1,1,0.000707709,0.00134324,0.000694441,0.000145121,0,0,0,0,0,0,0,0,0,0,0,0,0,0,0,0,0,0,0,0,0,0,0,255,0.2,2.77478,0.2,0.000968358,0.00156825,1,1,1,1,1,1,1,-0.454858,-3.1336,0.11496,-0.0089526,0.00241645,-0.00295773,12.8862,15616,1,367,163.628,3904,0,0.000884653,0.000266347,0.00589421,0,0,0,1,342,0.205,1.42029e-05,1.51257e-05,3.10078e-06,-2.9116e-06,2.46935e-06,-3.46331e-06,-0.262761,0.157825,0.00207375,-0.00251082,-0.197456,-0.000130152,0.000594998,-0.00238189,12.678,2,0,0,0,0,0,-1,1,-9.04607e-07,-3.41781e-06,-0.197403,0,13.1001,1,1010,1010,1010,1010,0,0,0,0,22.6831,56,0.00114322,-0.000101498,56,0.015043,0.00680219,56,-0.00618997,0.000871444,0,0,0,3,-0.0136911,-0.00548113,3,0.00264542,0.0191464,56,0.000835186,0.00333893,56,0.00109169,0.002573,56,0.00105306,0.00175575
5000262832380,5000242926000,5000242926000,5000262819528,73729,19.8935,5000272524733,29.5987,0,16692,61999,0,0,1,0,0,0.008008,342,341,341,1,2.60539,3.03215,0.436559,0.219075,0.00469971,-0.0274506,-1.77095e-05,-3.94625e-05,-0.0104046,-0.00520671,1,-0.00492789,0.00221147,-0.00221147,-0.00492789,1,1,-0.00258977,-0.00464414,0.000378293,-0.000283743,0,0,0,0,0,0,0,0,0,0,0,0,0,0,0,0,0,0,0,0,0,0,0,255,0.2,5.48923,0.2,0.000753071,-0.00580406,1,1,1,1,0,1,1,-0.454858,-3.1336,0.11496,-0.0089526,0.00241645,-0.00295773,23.0896,15616,1,367,173.831,3904,0,0.000884653,0.000266347,0.00589421,0,0,0,1,341,0.205,-1.49728e-05,-3.3446e-05,-6.85643e-06,3.06943e-06,-6.12107e-06,4.35481e-06,-0.262767,0.157829,0.00207538,-0.00259302,-0.197451,0.00129736,-0.00116335,-0.000202915,10.0099,1,0,0,0,0,0,-1,1,-9.04607e-07,-3.41781e-06,-0.197403,0,23.3082,1,1010,1010,1010,1010,0,0,0,0,32.8913,56,-0.00163068,-0.00392265,56,-0.0129883,-0.0129096,56,0.00299032,-0.00760307,1,0,0,2,0,0,2,0,0,56,-0.00261313,-0.00613415,56,-0.000327442,-0.00207468,56,5.24282e-05,-0.00533136
5000273048033,5000262950000,5000262950000,5000273040033,73729,10.09,5000284030230,21.0802,1,16693,62000,0,0,1,0,0,0.020024,344,343,343,1,2.58909,3.0068,0.437762,0.227631,0.0435486,-0.0549622,9.07744e-05,-0.000110924,0.00160977,0.00351003,1,-0.00553953,-0.00453328,0.00453328,-0.00553953,1,1,0.00486262,-0.00521182,-0.000329343,-0.000327716,0,0,0,0,0,0,0,0,0,0,0,0,0,0,0,0,0,0,0,0,0,0,0,255,0.19,5.26439,0.19,-0.000567071,-0.130499,1,1,1,1,0,1,1,-0.454858,-3.1336,0.11496,-0.0089526,0.00241645,-0.00295773,34.59,15616,1,367,185.332,3904,0,0.000884653,0.000266347,0.00589421,0,0,0,1,343,0.195,7.69593e-05,-9.40882e-05,-1.83472e-05,-1.50071e-05,-2.09343e-05,-1.11168e-05,-0.262788,0.157818,0.00206966,-0.00267221,-0.197429,0.000730793,-0.00127809,0.00161218,11.2946,1,0,0,0,0,0,-1,1,-9.04607e-07,-3.41781e-06,-0.197403,0,34.8067,1,1010,1010,1010,1010,0,0,0,0,44.3898,56,0.0011465,-0.0041137,56,0.00448461,-0.00412665,56,0.00637652,-0.00489674,1,0,0,3,0.0167193,-0.00654,3,-0.00356623,-0.0116947,56,0.00516932,-0.00572452,56,0.00470801,-0.00790795,56,0.0032819,-0.00682404
5000284614345,5000274907000,5000274907000,5000284600605,73729,9.6936,5000295583171,20.6762,0,16693,62001,0,0,1,0,0,0.011957,343,342,342,1,2.61698,3.00695,0.37867,0.233095,-0.00630188,0.0315247,-1.77022e-05,6.84849e-05,-0.0014984,-0.00452641,1,0.0057276,0.00148049,-0.00148049,0.0057276,1,1,-0.000286537,0.00560638,-0.00119395,0.000121221,0,0,0,0,0,0,0,0,0,0,0,0,0,0,0,0,0,0,0,0,0,0,0,255,0.19,6.93137,0.19,-0.0166339,-0.176778,1,1,1,1,0,1,1,-0.454346,-3.13371,0.114817,-0.00506479,0.001618,-0.00300484,1.61001,15617,1,367,196.877,3904,0,0.000884653,0.000266347,0.00589421,0,0,0,1,342,0.195,-1.50318e-05,5.80638e-05,1.13224e-05,2.9312e-06,1.16773e-05,6.54142e-07,-0.262776,0.157819,0.00205935,-0.00278302,-0.197364,-0.00025903,0.000472762,0.0035179,1.43547,2,0,0,0,0,0,-1,1,-9.04607e-07,-3.41781e-06,-0.197319,0,1.82829,1,1010,1010,1010,1010,0,0,0,0,1.83198,56,-0.00862788,0.00253069,56,-0.00219086,0.0120587,56,-0.000524897,0.00341056,1,0,0,2,0,0,3,0.0181332,0.0160515,56,-0.00340342,0.00592188,56,2.07656e-05,0.00589132,56,0.000318419,0.00533541
5000296111694,5000282926000,5000282926000,5000296095805,73729,13.1698,5000305291432,22.3654,0,16693,62002,0,0,1,0,0,0.008019,343,342,342,1,2.61117,2.5615,0.406911,0.229112,0.000640869,0.0284882,5.64337e-06,4.85226e-05,9.93121e-05,-0.00277351,1,0.00605096,-0.00070375,0.00070375,0.00605096,1,1,0.00185522,0.00583584,-0.00115147,0.000215115,0,0,0,0,0,0,0,0,0,0,0,0,0,0,0,0,0,0,0,0,0,0,0,255,0.2,8.31364,0.2,0.0119959,0.33019,1,1,1,1,0,1,1,-0.454346,-3.13371,0.114817,-0.00506479,0.001618,-0.00300484,11.3526,15617,1,367,9.73558,3905,0,0.000884653,0.000458114,0.00617965,0,0,0,1,342,0.205,4.8348e-06,4.12123e-05,8.44852e-06,-9.91134e-07,8.09014e-06,-2.62852e-06,-0.262768,0.157816,0.00205935,-0.00278302,-0.197364,4.23259e-05,0.000881973,0.00381069,11.1428,0,0,0,0,0,0,-1,1,-9.04607e-07,-3.41781e-06,-0.197319,0,11.5709,1,1010,1010,1010,1010,0,0,0,0,11.5746,56,0.0135502,0.0124042,56,-0.0145259,-0.0116997,56,-0.00301257,0.00876526,1,0,0,2,0,0,3,-0.0399674,-0.0177157,56,-0.00177132,0.00710837,56,-0.00254403,0.00857576,56,0.00187906,0.00908832
5000305849085,5000294901000,5000294901000,5000305831251,73729,10.9303,5000315643365,20.7424,0,16693,62003,0,0,1,0,0,0.011975,342,341,341,1,2.65389,2.66656,0.404355,0.227835,0.00387573,-0.0119019,1.58245e-05,-3.0644e-05,0.00331561,0.00103787,1,-0.002559,-0.00132146,0.00132146,-0.002559,1,1,0.0022563,-0.00264023,-0.000934841,8.12347e-05,0,0,0,0,0,0,0,0,0,0,0,0,0,0,0,0,0,0,0,0,0,0,0,255,0.2,7.87569,0.2,0.0109935,0.192941,1,1,1,1,1,1,1,-0.454346,-3.13371,0.114817,-0.00506479,0.001618,-0.00300484,21.7001,15617,1,367,20.0831,3905,0,0.000884653,0.000458114,0.00617965,0,0,0,1,341,0.205,1.34383e-05,-2.59842e-05,-5.32677e-06,-2.75486e-06,-5.76349e-06,-1.65696e-06,-0.262774,0.157814,0.00204461,-0.00284972,-0.19735,-0.000118654,0.000333062,0.00297135,10.1244,1,0,0,0,0,0,-1,1,-9.04607e-07,-3.41781e-06,-0.197319,0,21.9206,1,1010,1010,1010,1010,0,0,0,0,21.9243,56,0.00874066,-0.00160927,56,-0.000618474,0.000964636,56,0.00143281,0.000917354,1,0,0,1,0,0,3,-0.0074398,-0.0194916,56,-0.00106855,0.00107799,56,0.000775053,-0.00259404,56,0.00183802,-0.0053755
5000316276962,5000302937000,5000302937000,5000316258758,73729,13.3218,5000325034975,22.098,0,16693,62004,0,0,1,0,0,0.008036,342,341,339,0.994135,2.36978,2.54656,0.361577,0.223724,0.00732422,-0.00413513,5.48864e-06,-2.60867e-06,-0.00423087,-0.004764,1,-0.000324623,-0.000683007,0.000683007,-0.000324623,1,1,0.00111197,-5.64805e-05,-0.000428962,-0.000268143,0,0,0,0,0,0,0,0,0,0,0,0,0,0,0,0,0,0,0,0,0,0,0,255,0.2,8.15567,0.2,0.000394731,-0.00187444,1,1,1,1,0,1,1,-0.454346,-3.13371,0.114817,-0.00506479,0.001618,-0.00300484,31.0944,15617,1,367,29.4777,3905,0,0.000884653,0.000458114,0.00617965,0,0,0,1,339,0.205,4.64535e-06,-2.21607e-06,-4.54294e-07,-9.52297e-07,-6.32178e-07,-8.44744e-07,-0.262775,0.157813,0.00205274,-0.00292347,-0.197341,0.000407194,-0.00109939,0.00173275,9.16772,1,0,0,0,0,0,-1,1,-9.04607e-07,-3.41781e-06,-0.197319,0,31.3175,1,1010,1010,1010,1010,0,0,0,0,31.3212,56,-0.00213216,-0.00783794,56,-0.00202015,0.00231456,56,0.00159382,0.00140334,1,0,0,2,0,0,2,0,0,56,0.00303806,-0.000381006,56,0.00170202,0.00182703,54,0.00230344,-0.00100787
5000325592257,5000314904000,5000314904000,5000325575479,73729,10.6715,5000336191117,21.2871,0,16693,62005,0,0,1,0,0,0.011967,342,341,341,1,2.389,2.84513,0.514467,0.224928,-0.0262451,0.0102539,-5.39463e-05,1.18839e-05,-0.00396748,0.00405185,1,0.000993055,0.00450792,-0.00450792,0.000993055,1,1,-0.0042479,0.00109916,-0.000260024,-0.000106103,0,0,0,0,0,0,0,0,0,0,0,0,0,0,0,0,0,0,0,0,0,0,0,255,0.2,7.30943,0.2,-0.00355349,0.00196939,1,1,1,1,0,1,1,-0.454346,-3.13371,0.114817,-0.00506479,0.001618,-0.00300484,42.2486,15617,1,367,40.6317,3905,0,0.000884653,0.000458114,0.00617965,0,0,0,1,341,0.205,-4.57718e-05,1.00468e-05,2.0596e-06,9.38321e-06,3.85936e-06,8.79723e-06,-0.262771,0.157822,0.00202295,-0.0029535,-0.197353,-0.000596222,-0.000435021,0.000375901,10.9262,1,0,0,0,0,0,-1,1,-9.04607e-07,-3.41781e-06,-0.197319,0,42.4814,1,1010,1010,1010,1010,0,0,0,0,42.4851,56,-0.0145938,-0.00477116,56,0.00543961,0.00832779,56,-0.00663115,0.000726167,0,0,0,2,0,0,3,-0.00874739,-0.138646,56,-0.00173136,0.000314709,56,-0.00471397,-0.00116941,56,-0.00707008,0.00502744
5000336765659,5000322931000,5000322931000,5000336748918,73729,13.8179,5000346189695,23.2587,0,16693,62006,0,0,1,0,0,0.008027,342,340,340,1,2.3892,3.12425,0.410022,0.224094,-0.000930786,0.062233,-1.36874e-05,0.00011123,0.000726416,0.00362723,1,0.013857,0.00170517,-0.00170517,0.013857,1,1,-0.00217378,0.0135665,0.000468607,0.000290501,0,0,0,0,0,0,0,0,0,0,0,0,0,0,0,0,0,0,0,0,0,0,0,255,0.19,8.33799,0.19,-0.0193471,-0.253139,1,1,1,1,0,1,1,-0.453646,-3.13387,0.114683,-0.00318189,0.000804273,-0.00323106,2.78004,15618,1,367,50.6014,3905,0,0.000884653,0.000458114,0.00617965,0,0,0,1,340,0.195,-1.1598e-05,9.43052e-05,1.83895e-05,2.26161e-06,1.84758e-05,-1.38931e-06,-0.262752,0.157821,0.00201158,-0.00301979,-0.197425,-0.000968743,0.00113295,-0.00223705,2.60615,2,0,0,0,0,0,-1,1,-9.04607e-07,-3.41781e-06,-0.19738,0,2.99452,1,1010,1010,1010,1010,0,0,0,0,2.99886,56,0.000167559,0.00677591,56,-0.00393718,0.0214146,56,0.00306944,0.0130197,1,0,0,1,0,0,2,0,0,56,-0.00273406,0.0116813,56,0.00196409,0.0138452,56,-0.00258601,0.014747
5000346712773,5000330956000,5000330956000,5000346696347,73729,15.7403,5000356318014,25.362,0,16693,62007,0,0,1,0,0,0.008025,342,341,341,1,2.37985,2.66021,0.435967,0.229947,-0.0100098,0.0350342,8.8867e-06,3.96702e-05,0.00343359,0.00556048,1,0.00494333,-0.00110738,0.00110738,0.00494333,1,1,0.000368453,0.00464894,0.000738924,0.000294389,0,0,0,0,0,0,0,0,0,0,0,0,0,0,0,0,0,0,0,0,0,0,0,255,0.19,8.10653,0.19,-0.0180716,-0.315184,1,1,1,1,0,1,1,-0.453646,-3.13387,0.114683,-0.00318189,0.000804273,-0.00323106,12.9389,15618,1,367,60.7606,3905,0,0.000884653,0.000458114,0.00617965,0,0,0,1,341,0.195,7.52565e-06,3.36807e-05,6.56774e-06,-1.4675e-06,6.1523e-06,-2.72722e-06,-0.262746,0.157818,0.00201158,-0.00301979,-0.197425,-0.00098311,0.00114812,-0.00309193,12.7315,0,0,0,0,0,0,-1,1,-9.04607e-07,-3.41781e-06,-0.19738,0,13.1658,1,1010,1010,1010,1010,0,0,0,0,13.1701,56,8.28759e-05,0.0186049,56,0.00267552,-0.0103203,56,-0.00310068,0.00879402,0,0,0,2,0,0,3,-0.0343445,0.00899427,56,-0.00086792,0.00918388,56,-0.00602679,0.00767375,56,-0.00170953,0.00585258
5000356874704,5000342977000,5000342977000,5000356861815,73729,13.8848,5000366567391,23.5904,0,16693,62008,0,0,1,0,0,0.012021,343,341,341,1,2.37694,2.5448,0.510615,0.224112,0.0114746,0.00192261,1.15277e-05,8.92724e-06,0.00226115,0.00049191,1,0.000742637,-0.000958964,0.000958964,0.000742637,1,1,-0.000313754,0.000732411,0.00127272,1.02261e-05,0,0,0,0,0,0,0,0,0,0,0,0,0,0,0,0,0,0,0,0,0,0,0,255,0.19,8.08316,0.19,0.00241211,-0.000843093,1,1,1,1,1,1,1,-0.453646,-3.13387,0.114683,-0.00318189,0.000804273,-0.00323106,23.1886,15618,1,367,71.0099,3905,0,0.000884653,0.000458114,0.00617965,0,0,0,1,341,0.195,9.79217e-06,7.53203e-06,1.46875e-06,-1.90947e-06,1.06564e-06,-2.16049e-06,-0.262745,0.157816,0.00203507,-0.00308548,-0.197447,0.00117376,3.98817e-05,-0.00303188,10.0291,1,0,0,0,0,0,-1,1,-9.04607e-07,-3.41781e-06,-0.19738,0,23.408,1,1010,1010,1010,1010,0,0,0,0,23.4123,56,7.46848e-05,-0.0051763,56,-0.00662715,0.0064998,56,0.00551266,0.000791147,1,0,0,1,0,0,3,0.0152874,0.00386206,56,0.00119671,-0.00118296,56,0.00359749,-0.00134448,56,0.00208562,0.000902395
5000367226451,5000350933000,5000350933000,5000367208358,73729,16.2754,5000376972916,26.0399,0,16693,62009,0,0,1,0,0,0.007956,343,342,342,1,2.36554,2.63348,0.397966,0.227965,0.0226517,-0.0474396,3.76605e-05,-0.000104914,0.00246601,0.00836862,1,-0.0131867,-0.0047336,0.0047336,-0.0131867,1,1,0.00394059,-0.0127762,0.000793011,-0.000410539,0,0,0,0,0,0,0,0,0,0,0,0,0,0,0,0,0,0,0,0,0,0,0,255,0.2,8.2523,0.2,0.0136102,0.113234,1,1,1,1,0,1,1,-0.453646,-3.13387,0.114683,-0.00318189,0.000804273,-0.00323106,33.5939,15618,1,367,81.4152,3905,0,0.000884653,0.000458114,0.00617965,0,0,0,1,342,0.205,3.19505e-05,-8.89471e-05,-1.82342e-05,-6.54986e-06,-1.91646e-05,-2.8456e-06,-0.262764,0.157813,0.00203631,-0.00315788,-0.197451,0.00121285,-0.00168321,-0.00163079,10.1803,1,0,0,0,0,0,-1,1,-9.04607e-07,-3.41781e-06,-0.19738,0,33.8177,1,1010,1010,1010,1010,0,0,0,0,33.822,56,0.00194518,-0.00848283,56,0.00691105,-0.0128603,56,0.0043075,-0.00977655,1,0,0,2,0,0,3,-0.0111019,-0.0212215,56,0.0102304,-0.0161986,56,0.00614538,-0.0123357,56,0.00354559,-0.0116547
5000377564439,5000362932000,5000362932000,5000377548420,73729,14.6164,5000388067484,25.1355,0,16693,62010,0,0,1,0,0,0.011999,341,340,340,1,2.39046,2.59091,0.439818,0.253576,0.0182724,-0.0357513,1.86858e-05,-3.87298e-05,-0.00350354,-0.00655896,1,-0.00322775,-0.00155728,0.00155728,-0.00322775,1,1,0.00115731,-0.00269516,0.000399978,-0.000532587,0,0,0,0,0,0,0,0,0,0,0,0,0,0,0,0,0,0,0,0,0,0,0,255,0.2,8.50242,0.2,0.0095272,0.317866,1,1,1,1,0,1,1,-0.453646,-3.13387,0.114683,-0.00318189,0.000804273,-0.00323106,44.6608,15618,1,367,92.4826,3905,0,0.000884653,0.000458114,0.00617965,0,0,0,1,340,0.205,1.58987e-05,-3.28771e-05,-6.7398e-06,-3.25923e-06,-7.24812e-06,-1.87388e-06,-0.262771,0.157811,0.0020612,-0.00320855,-0.197434,0.00221262,-0.00218361,0.000458171,10.8505,1,0,0,0,0,0,-1,1,-9.04607e-07,-3.41781e-06,-0.19738,0,44.8853,1,1010,1010,1010,1010,0,0,0,0,44.8897,56,0.000320358,-0.00667019,56,-0.00161912,0.00516978,56,0.00412702,-0.00803892,1,0,0,2,0,0,1,0,0,56,0.0012817,-0.0031574,56,0.00310027,-0.00520766,56,0.00546421,-0.00649984
5000388604858,5000370951000,5000370951000,5000388586229,73729,17.6352,5000398011006,27.06,0,16693,62011,0,0,1,0,0,0.008019,343,342,342,1,2.36583,2.91869,0.423948,0.22878,-0.0101166,-0.0284958,-2.4344e-05,-5.14395e-05,-0.00204724,9.09217e-05,1,-0.0064147,0.00303579,-0.00303579,-0.0064147,1,1,-0.00198083,-0.00635338,-0.00105496,-6.13269e-05,0,0,0,0,0,0,0,0,0,0,0,0,0,0,0,0,0,0,0,0,0,0,0,255,0.19,-0.770395,0.19,-0.00325198,-0.00390339,1,1,1,1,0,1,1,-0.452656,-3.1341,0.114538,0.00111482,0.000745393,-0.00316302,0.393263,15619,1,367,102.42,3905,0,0.000884653,0.000458114,0.00617965,0,0,0,1,342,0.195,-2.06776e-05,-4.3622e-05,-8.5063e-06,4.03214e-06,-7.55065e-06,5.62162e-06,-0.262779,0.157817,0.00204625,-0.00325516,-0.197339,0.000785203,-0.000239175,0.00391963,0.216595,2,0,0,0,0,0,-1,1,-9.04607e-07,-3.41781e-06,-0.197294,0,0.608579,1,1010,1010,1010,1010,0,0,0,0,0.612412,56,-0.00249418,-0.00673948,56,-0.00119503,-0.0100449,56,-8.27423e-05,0.00163786,1,0,0,3,0.0138932,-0.0112185,2,0,0,56,-0.00317241,-0.00582255,56,-0.00325021,-0.00819512,56,-0.00342765,-0.00823932
5000398528176,5000382923000,5000382923000,5000398511806,73729,15.5888,5000409030647,26.1076,0,16693,62012,0,0,1,0,0,0.011972,344,342,342,1,2.36342,2.65815,0.407744,0.230409,-0.0316391,0.0069046,-7.26244e-05,1.43063e-05,-0.00427104,0.00156821,1,0.00119498,0.00606619,-0.00606619,0.00119498,1,1,-0.00440079,0.000941778,-0.0016654,0.000253199,0,0,0,0,0,0,0,0,0,0,0,0,0,0,0,0,0,0,0,0,0,0,0,255,0.19,9.15292,0.19,-0.0180837,-0.133272,1,1,1,1,0,1,1,-0.452656,-3.1341,0.114538,0.00111482,0.000745393,-0.00316302,11.4184,15619,1,367,113.445,3905,0,0.000884653,0.000458114,0.00617965,0,0,0,1,342,0.195,-6.1556e-05,1.21195e-05,2.36329e-06,1.20034e-05,4.67037e-06,1.13073e-05,-0.262774,0.157828,0.00203898,-0.00326231,-0.197307,-0.000694878,0.000987477,0.00464014,10.8343,1,0,0,0,0,0,-1,1,-9.04607e-07,-3.41781e-06,-0.197294,0,11.6499,1,1010,1010,1010,1010,0,0,0,0,11.6537,56,-0.00791893,0.0040902,56,-0.00701342,0.00227651,56,-0.00604492,0.000351704,1,0,0,3,0.00263918,0.00931998,2,0,0,56,-0.0069417,-0.00144297,56,-0.00618112,-0.000423324,56,-0.00453618,0.00307907
5000409567373,5000390944000,5000390944000,5000409548762,73729,18.6048,5000418703315,27.7593,0,16693,62013,0,0,1,0,0,0.008021,343,342,342,1,2.37363,2.56859,0.36104,0.262687,-0.0464935,0.0298157,-6.73245e-05,6.87466e-05,0.00576254,-0.00784798,1,0.00857082,0.00839353,-0.00839353,0.00857082,1,1,-0.0076044,0.00818535,-0.000789131,0.000385475,0,0,0,0,0,0,0,0,0,0,0,0,0,0,0,0,0,0,0,0,0,0,0,255,0.2,-0.127427,0.2,-0.017677,-0.370335,1,1,1,1,1,1,1,-0.452656,-3.1341,0.114538,0.00111482,0.000745393,-0.00316302,21.0913,15619,1,367,123.118,3905,0,0.000884653,0.000458114,0.00617965,0,0,0,1,342,0.205,-5.71474e-05,5.83093e-05,1.19534e-05,1.17152e-05,1.40178e-05,9.14488e-06,-0.26276,0.157837,0.00204844,-0.0032622,-0.197294,0.000643678,0.00158045,0.00310329,9.44555,1,0,0,0,0,0,-1,1,-9.04607e-07,-3.41781e-06,-0.197294,0,21.3093,1,1010,1010,1010,1010,0,0,0,0,21.3132,56,-0.0123445,0.00732491,56,0.000232036,0.00444866,56,-0.0126165,0.0106755,1,0,0,2,0,0,3,0.0398571,0.00257066,56,-0.00923084,0.0106639,56,-0.0102771,0.0103058,56,-0.00762032,0.00469478
5000419288042,5000410940000,5000410940000,5000419278727,73729,8.33873,5000429916846,18.9768,1,16694,62014,0,0,1,0,0,0.019996,342,341,339,0.994135,2.36381,2.8486,0.443059,0.224927,-0.0302429,0.0758972,-7.37931e-05,0.000120585,-0.003159,0.00817692,1,0.00603048,0.00369039,-0.00369039,0.00603048,1,1,-0.00361333,0.00576167,-7.70628e-05,0.000268805,0,0,0,0,0,0,0,0,0,0,0,0,0,0,0,0,0,0,0,0,0,0,0,255,0.2,-0.587411,0.2,-0.000580567,0.253133,1,1,1,2,0,1,1,-0.452656,-3.1341,0.114538,0.00111482,0.000745393,-0.00316302,32.3015,15619,1,367,134.329,3905,0,0.000884653,0.000458114,0.00617965,0,0,0,1,339,0.205,-6.26116e-05,0.000102204,2.09519e-05,1.28354e-05,2.30613e-05,8.47905e-06,-0.262737,0.157846,0.00204249,-0.0032702,-0.197313,0.000131517,0.0011021,0.00035798,11.006,1,0,0,0,0,0,-1,1,-9.04607e-07,-3.41781e-06,-0.197294,0,32.5073,1,1010,1010,1010,1010,0,0,0,0,32.5111,56,-0.00340757,0.00520578,56,-0.00419747,0.00692972,56,-0.00244157,0.00444521,1,0,0,1,0,0,1,0,0,56,-0.00283152,0.00637373,56,-0.00285774,0.00524545,56,-0.00506305,0.00728372
5000430991133,5000422924000,5000422924000,5000430976818,73729,8.05282,5000441552678,18.6287,0,16694,62015,0,0,1,0,0,0.011984,345,342,342,1,2.36554,2.62865,0.394373,0.240946,0.0302429,0.00682068,7.17625e-05,1.23768e-05,0.00543256,0.000447988,1,0.00103278,-0.00598819,0.00598819,0.00103278,1,1,0.00519354,0.00103572,0.000794649,-2.93946e-06,0,0,0,0,0,0,0,0,0,0,0,0,0,0,0,0,0,0,0,0,0,0,0,255,0.2,0.977378,0.2,0.00303383,-0.000667424,1,1,1,1,0,1,1,-0.452656,-3.1341,0.114538,0.00111482,0.000745393,-0.00316302,43.9393,15619,1,367,145.966,3905,0,0.000884653,0.000458114,0.00617965,0,0,0,1,342,0.205,6.08283e-05,1.05002e-05,2.15255e-06,-1.24698e-05,-3.34089e-07,-1.26498e-05,-0.262738,0.157833,0.00205877,-0.00328726,-0.197347,0.000883494,-1.20518e-05,-0.00189965,11.3867,1,0,0,0,0,0,-1,1,-9.04607e-07,-3.41781e-06,-0.197336,0,0.205076,1,1010,1010,1010,1010,0,0,0,0,0.208687,56,-0.000272373,0.000332603,56,0.00806228,-0.00493952,56,0.00457557,-0.00137405,1,0,0,3,0.0145456,0.0168227,2,0,0,56,0.00609452,0.00158296,56,0.00661721,0.0012143,56,0.00496862,0.00253585
5000442074052,5000430945000,5000430945000,5000442058182,73729,11.1132,5000449500610,18.5556,0,16694,62016,0,0,1,0,0,0.008021,344,342,342,1,2.37517,2.72915,0.443077,0.232372,0.0444489,0.0281601,5.55816e-05,4.81331e-05,-0.00373618,0.00113601,1,0.00600088,-0.00692951,0.00692951,0.00600088,1,1,0.00613487,0.00600382,0.000794649,-2.93946e-06,0,0,0,0,0,0,0,0,0,0,0,0,0,0,0,0,0,0,0,0,0,0,0,255,0.2,1.86361,0.2,0.00769409,0.00371872,1,1,1,0,0,1,1,-0.451613,-3.13437,0.114419,0.00377216,-0.00102928,-0.0029849,7.93643,15620,1,367,153.916,3905,0,0.000884653,0.000458114,0.00617965,0,0,0,1,342,0.205,4.71452e-05,4.07947e-05,8.36291e-06,-9.66476e-06,6.30566e-06,-1.11169e-05,-0.262731,0.157822,0.00205877,-0.00328726,-0.197347,0.000883494,-1.20518e-05,-0.00189965,19.3289,0,0,0,0,0,0,-1,1,-9.04607e-07,-3.41781e-06,-0.197336,0,8.13956,1,1010,1010,1010,1010,0,0,0,0,8.14317,56,0.00577283,0.00383441,56,-0.00385127,0.00832398,56,0.0125211,0.0131781,1,0,0,3,0.0304438,0.0231413,2,0,0,56,0.0135544,0.00215863,56,0.00958104,0.00668564,56,0.00970058,0.0050955
5000450991085,5000442919000,5000442919000,5000450973992,73729,8.05499,5000460610770,17.6918,0,16694,62017,0,0,1,0,0,0.011974,342,341,341,1,2.36385,2.63252,0.428022,0.234632,0.0505371,0.0441284,0.000119775,5.92265e-05,0.003959,0.00218572,1,0.00494626,-0.0100029,0.0100029,0.00494626,1,1,0.00855806,0.00489224,0.00144484,5.40215e-05,0,0,0,0,0,0,0,0,0,0,0,0,0,0,0,0,0,0,0,0,0,0,0,255,0.2,0.65895,0.2,0.00675072,0.00511537,1,1,1,1,0,1,1,-0.451613,-3.13437,0.114419,0.00377216,-0.00102928,-0.0029849,19.0462,15620,1,367,165.026,3905,0,0.000884653,0.000458114,0.00617965,0,0,0,1,341,0.205,0.000101589,5.02488e-05,1.0301e-05,-2.08257e-05,6.01625e-06,-2.24416e-05,-0.262725,0.1578,0.00208876,-0.00326294,-0.197421,0.00158662,0.000221488,-0.00346977,10.8843,2,0,0,0,0,0,-1,1,-9.04607e-07,-3.41781e-06,-0.197336,0,19.268,1,1010,1010,1010,1010,0,0,0,0,19.2716,56,0.012054,0.0105966,56,0.0153261,0.00247925,56,0.0069799,0.00402649,1,0,0,2,0,0,2,0,0,56,0.0086064,0.00941655,56,0.00778837,0.00526903,56,0.00928037,0.00749633
5000461147052,5000450937000,5000450937000,5000461131849,73729,10.1948,5000470117641,19.1806,0,16694,62018,0,0,1,0,0,0.008018,342,341,341,1,2.37017,2.61271,0.493504,0.227428,0.00726318,0.0742188,2.44043e-05,0.00012461,0.0126348,0.0036421,1,0.0155413,-0.00304369,0.00304369,0.0155413,1,1,0.0019193,0.0151723,0.00112439,0.000368957,0,0,0,0,0,0,0,0,0,0,0,0,0,0,0,0,0,0,0,0,0,0,0,255,0.2,0.643579,0.2,0.000358361,0.0141392,1,1,1,1,1,1,1,-0.451613,-3.13437,0.114419,0.00377216,-0.00102928,-0.0029849,28.549,15620,1,367,174.528,3905,0,0.000884653,0.000458114,0.00617965,0,0,0,1,341,0.205,2.0634e-05,0.000105642,2.16567e-05,-4.22997e-06,2.04061e-05,-8.39607e-06,-0.262705,0.157791,0.00209111,-0.00319286,-0.197447,0.000563319,0.00151272,-0.00323733,9.32152,1,0,0,0,0,0,-1,1,-9.04607e-07,-3.41781e-06,-0.197336,0,28.7623,1,1010,1010,1010,1010,0,0,0,0,28.7659,56,-0.00426308,0.0166971,56,0.0110151,0.0219883,56,0.00194196,0.0183254,1,0,0,2,0,0,2,0,0,56,0.00456146,0.0146004,56,0.00710064,0.0154405,56,0.00222536,0.0139936
5000471011148,5000462918000,5000462918000,5000470999240,73729,8.08124,5000481673805,18.7558,0,16694,62019,0,0,1,0,0,0.011981,341,340,340,1,2.3645,2.58493,0.437114,0.228002,0.00689697,0.0740967,7.86732e-06,0.000124914,-0.00378358,0.00276902,1,0.010426,-0.00065665,0.00065665,0.010426,1,1,-0.000252208,0.0101513,0.000908858,0.000274752,0,0,0,0,0,0,0,0,0,0,0,0,0,0,0,0,0,0,0,0,0,0,0,255,0.2,0.360929,0.2,-0.000352458,0.00888091,1,1,1,1,0,1,1,-0.451613,-3.13437,0.114419,0.00377216,-0.00102928,-0.0029849,40.1091,15620,1,367,186.088,3905,0,0.000884653,0.000458114,0.00617965,0,0,0,1,340,0.205,6.70317e-06,0.000105931,2.17158e-05,-1.37415e-06,2.10242e-05,-5.60772e-06,-0.262684,0.157786,0.0020964,-0.00313087,-0.197465,0.000837679,0.00112648,-0.00231091,11.3766,1,0,0,0,0,0,-1,1,-9.04607e-07,-3.41781e-06,-0.197336,0,40.3283,1,1010,1010,1010,1010,0,0,0,0,40.3319,56,0.00310733,0.00930724,56,5.66942e-05,0.00570221,56,8.84487e-05,0.011492,1,0,0,1,0,0,2,0,0,56,0.00271945,0.0105452,56,0.000634254,0.0132271,56,-0.00134651,0.0135811
5000482203790,5000470963000,5000470963000,5000482189809,73729,11.2268,5000491275546,20.3125,0,16694,62020,0,0,1,0,0,0.008045,341,339,339,1,2.38304,2.87019,0.41154,0.225798,-0.0421448,0.0967102,-6.54649e-05,0.000183354,0.00168,-0.000832747,1,0.0227911,0.00813734,-0.00813734,0.0227911,1,1,-0.00858829,0.022748,0.000450956,4.30464e-05,0,0,0,0,0,0,0,0,0,0,0,0,0,0,0,0,0,0,0,0,0,0,0,255,0.19,1.38927,0.19,-0.00939244,0.000527271,1,1,1,1,0,1,1,-0.451613,-3.13437,0.114419,0.00377216,-0.00102928,-0.0029849,49.7102,15620,1,367,195.69,3905,0,0.000884653,0.000458114,0.00617965,0,0,0,1,339,0.195,-5.55468e-05,0.000155494,3.03214e-05,1.08316e-05,3.1857e-05,4.67209e-06,-0.262652,0.15779,0.00209497,-0.00307736,-0.19748,-0.000296523,0.000167881,-0.0016442,9.41237,1,0,0,0,0,0,-1,1,-9.04607e-07,-3.41781e-06,-0.197336,0,49.9231,1,1010,1010,1010,1010,0,0,0,0,0.202909,56,-0.00215969,0.0219848,56,-0.0154095,0.0203306,56,-0.0111975,0.0232815,0,0,0,3,-0.0314029,0.0375088,0,0,0,56,-0.0119937,0.0231084,56,-0.00717347,0.0206515,56,-0.00997822,0.0240407
5000491807235,5000482904000,5000482904000,5000491789846,73729,8.88585,5000500671453,17.7675,0,16694,62021,0,0,1,0,0,0.011941,341,339,339,1,2.3587,2.69089,0.453225,0.226428,-0.0193024,0.0947571,-1.99039e-06,0.000155189,0.0125545,0.00476611,1,0.0129963,0.000166685,-0.000166685,0.0129963,1,1,-0.000595643,0.0129553,0.000428958,4.09466e-05,0,0,0,0,0,0,0,0,0,0,0,0,0,0,0,0,0,0,0,0,0,0,0,255,0.2,0.753431,0.2,-0.0130204,-0.289714,1,1,1,0,0,1,1,-0.451336,-3.13441,0.114302,0.00465065,2.23214e-05,-0.00337002,9.38213,15621,1,367,205.086,3905,0,0.000884653,0.000458114,0.00617965,0,0,0,1,339,0.205,-1.78309e-06,0.000131606,2.69793e-05,3.65533e-07,2.65265e-05,-4.93486e-06,-0.262625,0.157785,0.00209497,-0.00307736,-0.19748,-0.000296523,0.000167881,-0.0016442,18.7991,0,0,0,0,0,0,-1,1,-9.04607e-07,-3.41781e-06,-0.197445,0,0.190557,1,1010,1010,1010,1010,0,0,0,0,9.58791,56,-0.00248348,0.0187676,56,0.00805112,0.00346437,56,-0.00560496,0.0161127,0,0,0,3,0.00445307,-0.0154109,0,0,0,56,0.00236882,0.0144149,56,-0.0025186,0.0133379,56,-0.00212082,0.0135846
5000501173956,5000490983000,5000490983000,5000501161216,73729,10.1782,5000510157008,19.174,0,16694,62022,0,0,1,0,0,0.008079,343,342,342,1,2.36428,2.66689,0.403781,0.238243,-0.0225372,0.10051,-3.40435e-05,0.00019464,0.00602681,-0.00560663,1,0.024092,0.00421382,-0.00421382,0.024092,1,1,-0.00446699,0.0242121,0.000253164,-0.000120066,0,0,0,0,0,0,0,0,0,0,0,0,0,0,0,0,0,0,0,0,0,0,0,255,0.2,0.02324,0.2,0.0225303,0.508538,1,1,1,1,0,1,1,-0.451336,-3.13441,0.114302,0.00465065,2.23214e-05,-0.00337002,18.8679,15621,1,367,9.43922,3906,0,0.000884653,0.000602401,0.0046067,0,0,0,1,342,0.205,-2.88451e-05,0.000165078,3.38411e-05,5.91325e-06,3.43433e-05,-8.41981e-07,-0.262591,0.157784,0.00209686,-0.0029608,-0.197501,-0.000208271,-0.00049227,-0.000996996,9.26272,2,0,0,0,0,0,-1,1,-9.04607e-07,-3.41781e-06,-0.197445,0,9.70322,1,1010,1010,1010,1010,0,0,0,0,19.1006,56,0.00738411,0.0244758,56,-0.00167605,0.0258605,56,-0.00382183,0.0166541,2,0,0,2,0,0,2,0,0,56,-0.0105002,0.0250249,56,-0.00318681,0.0269473,56,-0.00501063,0.0235095
5000510686975,5000502918000,5000502918000,5000510673179,73729,7.75518,5000521287761,18.3698,0,16694,62023,0,0,1,0,0,0.011935,343,342,342,1,2.38335,2.70763,0.415559,0.233484,-0.0159302,0.0964966,-1.87149e-05,0.000173534,0.00402246,-0.000441488,1,0.01454,0.00156807,-0.00156807,0.01454,1,1,-0.00219693,0.0143942,0.000628859,0.000145778,0,0,0,0,0,0,0,0,0,0,0,0,0,0,0,0,0,0,0,0,0,0,0,255,0.19,-0.592634,0.19,-0.00392801,-0.0540201,1,1,1,1,0,1,1,-0.451336,-3.13441,0.114302,0.00465065,2.23214e-05,-0.00337002,29.9993,15621,1,367,20.5704,3906,0,0.000884653,0.000602401,0.0046067,0,0,0,1,342,0.195,-1.58918e-05,0.00014716,2.86962e-05,3.0989e-06,2.87462e-05,-2.59254e-06,-0.262562,0.157782,0.00212338,-0.00289044,-0.197518,0.000992997,0.000568534,-0.00116764,10.9434,1,0,0,0,0,0,-1,1,-9.04607e-07,-3.41781e-06,-0.197445,0,20.8217,1,1010,1010,1010,1010,0,0,0,0,30.219,56,0.00398521,0.0141686,56,-0.00577811,0.0143738,56,-0.00591243,0.0189665,1,0,0,3,-0.0179948,-0.0088907,2,0,0,56,-0.00188531,0.014306,56,-0.00152837,0.0149685,56,0.00133854,0.0169437
5000521826488,5000510935000,5000510935000,5000521809913,73729,10.8749,5000531054152,20.1192,0,16694,62024,0,0,1,0,0,0.008017,343,342,342,1,2.37506,2.82421,0.483171,0.234891,0.0177612,0.138519,3.54157e-05,0.000265434,-0.00792088,-0.00122227,1,0.0331088,-0.00441758,0.00441758,0.0331088,1,1,0.00336402,0.0328447,0.00105355,0.00026418,0,0,0,0,0,0,0,0,0,0,0,0,0,0,0,0,0,0,0,0,0,0,0,255,0.2,0.389911,0.2,-0.0563886,-0.372204,1,1,1,1,1,1,1,-0.451336,-3.13441,0.114302,0.00465065,2.23214e-05,-0.00337002,39.7622,15621,1,367,30.3334,3906,0,0.000884653,0.000602401,0.0046067,0,0,0,1,342,0.205,3.00628e-05,0.000225078,4.61411e-05,-6.16288e-06,4.4034e-05,-1.50987e-05,-0.262518,0.157767,0.00214776,-0.00282276,-0.197544,0.00207919,0.00108314,-0.0017923,9.5788,1,0,0,0,0,0,-1,1,-9.04607e-07,-3.41781e-06,-0.197445,0,30.5883,1,1010,1010,1010,1010,0,0,0,0,39.9857,56,0.00159154,0.0247289,56,-0.00252068,0.0245565,56,0.00897224,0.0311749,1,0,0,2,0,0,3,0.00498243,-0.0586866,56,0.00768727,0.0316003,56,0.00278878,0.0332326,56,-0.00312961,0.0432096
5000531626268,5000522917000,5000522917000,5000531608230,73729,8.69123,5000542220146,19.3031,0,16694,62025,0,0,1,0,0,0.011982,344,343,342,0.997085,2.34643,2.74097,0.465004,0.231076,0.0328217,0.17424,6.62603e-05,0.000314161,-4.90052e-05,0.00329206,1,0.0262194,-0.00552999,0.00552999,0.0262194,1,1,0.00386148,0.0258995,0.00166851,0.000319942,0,0,0,0,0,0,0,0,0,0,0,0,0,0,0,0,0,0,0,0,0,0,0,255,0.2,0.033797,0.2,0.0393204,0.40836,1,1,1,1,0,1,1,-0.451336,-3.13441,0.114302,0.00465065,2.23214e-05,-0.00337002,50.9322,15621,1,367,41.5033,3906,0,0.000884653,0.000602401,0.0046067,0,0,0,1,342,0.205,5.61896e-05,0.00026639,5.461e-05,-1.15189e-05,5.12861e-05,-2.20148e-05,-0.262467,0.157745,0.00219323,-0.00276028,-0.197586,0.00337186,0.00131176,-0.00277523,10.9793,1,0,0,0,0,0,-1,1,-9.04607e-07,-3.41781e-06,-0.197605,0,0.174093,1,1010,1010,1010,1010,0,0,0,0,0.177816,56,0.00752717,0.0285976,56,0.00175838,0.022471,56,0.00938903,0.0266532,1,0,0,3,-0.0230573,-0.0120969,2,0,0,56,0.00859368,0.0258634,56,0.00357585,0.0274087,56,0.0049197,0.0300665
5000542745280,5000530937000,5000530937000,5000542729687,73729,11.7927,5000550629360,19.6924,0,16694,62026,0,0,1,0,0,0.00802,343,342,342,1,2.35759,2.97713,0.444763,0.230243,0.0618744,0.184883,0.000114424,0.000335661,0.00914403,0.00978964,1,0.041853,-0.0142673,0.0142673,0.041853,1,1,0.0125988,0.041533,0.00166851,0.000319942,0,0,0,0,0,0,0,0,0,0,0,0,0,0,0,0,0,0,0,0,0,0,0,255,0.2,0.9881,0.2,0.01022,0.0354644,1,1,1,2,0,1,1,-0.451017,-3.13449,0.114169,0.00794564,-0.00155588,-0.0029545,8.36934,15622,1,367,49.9157,3906,0,0.000884653,0.000602401,0.0046067,0,0,0,1,342,0.205,9.69943e-05,0.000284643,5.83518e-05,-1.98838e-05,5.33131e-05,-3.09515e-05,-0.262414,0.157714,0.00219323,-0.00276028,-0.197586,0.00337186,0.00131176,-0.00277523,19.3874,0,0,0,0,0,0,-1,1,-9.04607e-07,-3.41781e-06,-0.197605,0,8.57936,1,1010,1010,1010,1010,0,0,0,0,8.58309,56,0.016523,0.0474347,56,0.0278598,0.0352762,56,0.00956873,0.0461528,1,0,0,3,0.0203142,0.0175114,2,0,0,56,0.0158085,0.0413039,56,0.0184985,0.0399055,56,0.0125394,0.0405183
5000551153808,5000542912000,5000542912000,5000551142568,73729,8.23057,5000561808151,18.8962,0,16694,62027,0,0,1,0,0,0.011975,343,342,342,1,2.34091,2.70943,0.412355,0.227187,0.04776,0.191162,0.000129572,0.000342323,0.0110194,0.00158959,1,0.0285864,-0.0108202,0.0108202,0.0285864,1,1,0.00835984,0.0287828,0.00246036,-0.000196382,0,0,0,0,0,0,0,0,0,0,0,0,0,0,0,0,0,0,0,0,0,0,0,255,0.2,-0.752228,0.2,0.00414256,0.0236708,1,1,1,1,0,1,1,-0.451017,-3.13449,0.114169,0.00794564,-0.00155588,-0.0029545,19.5446,15622,1,367,61.0906,3906,0,0.000884653,0.000602401,0.0046067,0,0,0,1,342,0.205,0.000109846,0.000290296,5.95106e-05,-2.25185e-05,5.39269e-05,-3.37708e-05,-0.26236,0.15768,0.00223222,-0.00270003,-0.197743,0.00239383,-0.000805165,-0.00615491,10.9492,2,0,0,0,0,0,-1,1,-9.04607e-07,-3.41781e-06,-0.197605,0,19.7556,1,1010,1010,1010,1010,0,0,0,0,19.7593,56,0.0128597,0.0313453,56,0.0116238,0.0301044,56,0.00962988,0.0276255,2,0,0,2,0,0,2,0,0,56,0.00960489,0.0279668,56,0.0084437,0.0318833,56,0.0106301,0.030299
5000562312414,5000550936000,5000550936000,5000562295247,73729,11.3592,5000571595282,20.6593,0,16694,62028,0,0,1,0,0,0.008024,343,342,342,1,2.3718,2.95591,0.404336,0.23239,0.0424805,0.26445,8.81645e-05,0.000494089,0.0128325,0.00482129,1,0.0615764,-0.0109876,0.0109876,0.0615764,1,1,0.00765744,0.0616031,0.00333016,-2.6686e-05,0,0,0,0,0,0,0,0,0,0,0,0,0,0,0,0,0,0,0,0,0,0,0,255,0.2,0.233539,0.2,0.00633183,0.0527273,1,1,1,1,0,1,1,-0.451017,-3.13449,0.114169,0.00794564,-0.00155588,-0.0029545,29.3295,15622,1,367,70.8754,3906,0,0.000884653,0.000602401,0.0046067,0,0,0,1,342,0.205,7.47452e-05,0.000418961,8.5887e-05,-1.53228e-05,8.11993e-05,-3.19063e-05,-0.262279,0.157648,0.00224022,-0.00264115,-0.197856,0.00150843,-0.000109412,-0.00971617,9.60091,1,0,0,0,0,0,-1,1,-9.04607e-07,-3.41781e-06,-0.197605,0,29.5463,1,1010,1010,1010,1010,0,0,0,0,29.55,56,0.00995412,0.0590141,56,0.00462114,0.0642642,56,0.00724073,0.0581498,1,0,0,3,-0.00896388,-0.00756216,2,0,0,56,0.0192067,0.0579436,56,0.0134428,0.065284,56,0.0124091,0.0638252
5000572142898,5000558987000,5000558987000,5000572125879,73729,13.1389,5000582249995,23.263,0,16694,62029,0,0,1,0,0,0.008051,343,342,342,1,2.3428,2.87478,0.37654,0.233502,0.0268784,0.359329,0.000118075,0.000650676,0.0308039,0.004007,1,0.0808193,-0.0146658,0.0146658,0.0808193,1,1,0.0103954,0.0810416,0.00427047,-0.000222373,0,0,0,0,0,0,0,0,0,0,0,0,0,0,0,0,0,0,0,0,0,0,0,255,0.2,-0.083111,0.2,0.00696808,0.0717503,1,1,1,1,1,1,1,-0.451017,-3.13449,0.114169,0.00794564,-0.00155588,-0.0029545,39.9835,15622,1,367,81.5294,3906,0,0.000884653,0.000602401,0.0046067,0,0,0,1,342,0.205,0.000100047,0.000551785,0.000113116,-2.05097e-05,0.00010687,-4.23619e-05,-0.262172,0.157606,0.00226901,-0.00263582,-0.19802,0.000993499,-0.000911729,-0.0132123,10.4695,1,0,0,0,0,0,-1,1,-9.04607e-07,-3.41781e-06,-0.197605,0,40.1961,1,1010,1010,1010,1010,0,0,0,0,40.1999,56,0.0170707,0.0873786,56,0.0248569,0.0712598,56,0.00400393,0.080387,1,0,0,3,-0.0137171,0.164332,2,0,0,56,0.0129281,0.0881581,56,0.0107466,0.0827008,56,0.00995767,0.0812574
5000582826073,5000570938000,5000570938000,5000582807444,73729,11.8694,5000593012282,22.0743,0,16694,62030,0,0,1,0,0,0.011951,341,341,341,1,2.36628,3.01576,0.445819,0.232595,0.0206146,0.451965,7.79965e-05,0.000824174,0.0163629,-0.00052668,1,0.0689628,-0.00652636,0.00652636,0.0689628,1,1,0.000369833,0.0691133,0.00615652,-0.000150568,0,0,0,0,0,0,0,0,0,0,0,0,0,0,0,0,0,0,0,0,0,0,0,255,0.2,0.437744,0.2,0.00322856,0.0596977,1,1,1,1,0,1,1,-0.451017,-3.13449,0.114169,0.00794564,-0.00155588,-0.0029545,50.7489,15622,1,367,92.2948,3906,0,0.000884653,0.000602401,0.0046067,0,0,0,1,341,0.205,6.60433e-05,0.000698897,0.000143274,-1.35389e-05,0.000137801,-4.14907e-05,-0.262034,0.157564,0.0023071,-0.00258726,-0.198242,0.00256318,-0.000617328,-0.0181429,10.5781,1,0,0,0,0,0,-1,1,-9.04607e-07,-3.41781e-06,-0.198541,0,0.216964,1,1010,1010,1010,1010,0,0,0,0,0.221224,56,0.0120491,0.0743965,56,0.0100039,0.0625472,56,0.00108395,0.0708331,1,0,0,2,0,0,2,0,0,56,0.00466625,0.074071,56,0.00708162,0.0661503,56,0.00446677,0.0730995
5000593546157,5000578951000,5000578951000,5000593530934,73729,14.5799,5000604812800,25.8618,0,16694,62031,0,0,1,0,0,0.008013,345,342,341,0.997076,2.37878,3.30066,0.456226,0.226613,0.0386963,0.601028,0.000127253,0.00112522,0.0414936,0.00610889,1,0.140424,-0.0158808,0.0158808,0.140424,1,1,0.00636361,0.140684,0.00951715,-0.000260367,0,0,0,0,0,0,0,0,0,0,0,0,0,0,0,0,0,0,0,0,0,0,0,255,0.19,1.00679,0.19,0.00904687,0.120448,1,1,1,1,0,1,1,-0.450411,-3.13458,0.11405,0.0228151,-0.00376768,-0.00366911,11.7905,15623,1,367,104.1,3906,0,0.000884653,0.000602401,0.0046067,0,0,0,1,341,0.195,0.000107726,0.000954131,0.000186056,-2.10067e-05,0.000178254,-5.73007e-05,-0.261856,0.157507,0.00238653,-0.00261018,-0.198593,0.00433246,-0.00101543,-0.0262275,11.6079,1,0,0,0,0,0,-1,1,-9.04607e-07,-3.41781e-06,-0.198541,0,12.0022,1,1010,1010,1010,1010,0,0,0,0,12.0064,56,0.0109867,0.150614,56,0.0293969,0.13881,56,0.0111321,0.139417,1,0,0,3,-0.0121156,0.11207,1,0,0,56,0.0202691,0.138582,56,0.0147715,0.13649,56,0.0142236,0.138983
5000605281711,5000590937000,5000590937000,5000605268211,73729,14.3312,5000616273667,25.3367,0,16694,62032,0,0,1,0,0,0.011986,342,340,340,1,2.37059,2.9813,0.422966,0.254539,0.0957184,0.666603,0.000281245,0.00122418,0.0384016,0.00299636,1,0.102134,-0.0234644,0.0234644,0.102134,1,1,0.0097641,0.102895,0.0137003,-0.000760988,0,0,0,0,0,0,0,0,0,0,0,0,0,0,0,0,0,0,0,0,0,0,0,255,0.2,2.56539,0.2,-0.0327977,-0.154868,1,1,1,1,0,1,1,-0.450411,-3.13458,0.11405,0.0228151,-0.00376768,-0.00366911,23.2672,15623,1,367,115.577,3906,0,0.000884653,0.000602401,0.0046067,0,0,0,1,340,0.205,0.000238382,0.00103813,0.000212816,-4.88684e-05,0.000198946,-8.99932e-05,-0.261657,0.157417,0.00249454,-0.00262732,-0.199091,0.00784429,-0.00312005,-0.0386616,11.2423,1,0,0,0,0,0,-1,1,-9.04607e-07,-3.41781e-06,-0.198541,0,23.4889,1,1010,1010,1010,1010,0,0,0,0,23.4931,56,0.0291399,0.108635,56,0.0221912,0.0960782,56,0.0221414,0.10454,0,0,0,1,0,0,3,0.013066,0.0109396,56,0.0199812,0.104257,56,0.0201639,0.108142,56,0.0221675,0.102984
5000616814949,5000598960000,5000598960000,5000616799671,73729,17.8397,5000626321060,27.3611,0,16694,62033,0,0,1,0,0,0.008023,346,344,344,1,2.39068,2.92108,0.449614,0.240039,0.162643,0.918121,0.000427277,0.00169094,0.080505,0.00701153,1,0.210762,-0.0532565,0.0532565,0.210762,1,1,0.0336565,0.210911,0.0196,-0.000149536,0,0,0,0,0,0,0,0,0,0,0,0,0,0,0,0,0,0,0,0,0,0,0,255,0.2,3.94501,0.2,0.0603933,0.486592,1,1,1,1,0,1,1,-0.450411,-3.13458,0.11405,0.0228151,-0.00376768,-0.00366911,33.3227,15623,1,367,125.633,3906,0,0.000884653,0.000602401,0.0046067,0,0,0,1,344,0.205,0.000362205,0.00143392,0.000293955,-7.4252e-05,0.000273364,-0.000131127,-0.261383,0.157286,0.00254592,-0.00261031,-0.199839,0.00694541,-0.000613099,-0.0587316,9.83606,1,0,0,0,0,0,-1,1,-9.04607e-07,-3.41781e-06,-0.198541,0,33.5388,1,1010,1010,1010,1010,0,0,0,0,33.5431,56,0.0594421,0.219241,56,0.0499661,0.199368,56,0.0500484,0.214078,1,0,0,4,0.0397638,0.202812,3,0.0173445,0.143682,56,0.0544646,0.212748,56,0.0458959,0.209179,56,0.0539952,0.212217
5000626882953,5000610934000,5000610934000,5000626865842,73729,15.9318,5000637938465,27.0045,0,16694,62034,0,0,1,0,0,0.011974,341,340,340,1,2.39517,2.92234,0.498708,0.227336,0.136429,1.22629,0.000371333,0.00227325,0.0575817,0.00230646,1,0.189849,-0.0310116,0.0310116,0.189849,1,1,0.00522131,0.189909,0.0257903,-6.07432e-05,0,0,0,0,0,0,0,0,0,0,0,0,0,0,0,0,0,0,0,0,0,0,0,255,0.2,3.83373,0.2,0.0246687,0.318755,1,1,1,1,1,1,1,-0.450411,-3.13458,0.11405,0.0228151,-0.00376768,-0.00366911,44.9439,15623,1,367,137.254,3906,0,0.000884653,0.000602401,0.0046067,0,0,0,1,340,0.205,0.000314658,0.00192766,0.000395171,-6.45049e-05,0.000374367,-0.000142019,-0.261009,0.157144,0.00258192,-0.00265426,-0.200781,0.0034608,-0.000249047,-0.0818234,11.3935,1,0,0,0,0,0,-1,1,-9.04607e-07,-3.41781e-06,-0.198541,0,45.1649,1,1010,1010,1010,1010,0,0,0,0,45.1691,56,0.0372527,0.186295,56,0.0357268,0.19323,56,0.0287231,0.190295,1,0,0,2,0,0,1,0,0,56,0.0307619,0.196402,56,0.0298345,0.190777,56,0.0293124,0.194208
5000638571415,5000618955000,5000618955000,5000638554007,73729,19.599,5000648628715,29.6737,0,16694,62035,0,0,1,0,0,0.008021,343,342,342,1,2.40544,3.37658,0.505133,0.22702,0.198196,1.44139,0.00055525,0.0026641,0.12014,0.012481,1,0.332141,-0.0692245,0.0692245,0.332141,1,1,0.0376655,0.332413,0.031559,-0.000272449,0,0,0,0,0,0,0,0,0,0,0,0,0,0,0,0,0,0,0,0,0,0,0,255,0.2,5.3735,0.2,0.0438002,0.285504,1,1,1,1,0,1,1,-0.448437,-3.13499,0.113966,0.061127,-0.0148899,-0.00195498,4.0291,15624,1,367,147.909,3906,0,0.000884653,0.000602401,0.0046067,0,0,0,1,342,0.205,0.000470471,0.00225896,0.000463088,-9.64466e-05,0.000434154,-0.000187781,-0.260575,0.156956,0.00267932,-0.00269207,-0.20289,0.00100848,-0.00111704,-0.102707,3.85179,2,0,0,0,0,0,-1,1,-9.04608e-07,-3.41781e-06,-0.202831,0,4.23659,1,1010,1010,1010,1010,0,0,0,0,4.24122,56,0.0755682,0.337562,56,0.0714771,0.329822,56,0.059966,0.333942,2,0,0,2,0,0,2,0,0,56,0.0631608,0.334695,56,0.072607,0.330371,56,0.0660927,0.330347
5000649132330,5000638956000,5000638956000,5000649124404,73729,10.1684,5000659736431,20.7804,1,16695,62036,0,0,1,0,0,0.020001,341,340,331,0.973529,2.39524,3.12026,0.554004,0.21815,0.515472,3.84534,0.00148636,0.00719897,0.115251,-0.00239486,1,0.35993,-0.0743143,0.0743143,0.35993,1,1,0.0385867,0.358696,0.0357275,0.00123434,0,0,0,0,0,0,0,0,0,0,0,0,0,0,0,0,0,0,0,0,0,0,0,255,0.19,5.78667,0.19,0.0426212,0.152376,1,1,1,1,0,1,1,-0.448437,-3.13499,0.113966,0.061127,-0.0148899,-0.00195498,15.1458,15624,1,367,159.025,3906,0,0.000884653,0.000602401,0.0046067,0,0,0,1,331,0.195,0.0012596,0.00610436,0.00119035,-0.000245622,0.00111593,-0.000481617,-0.259459,0.156474,0.00270848,-0.00266295,-0.203945,0.00293288,0.00481394,-0.109124,10.9274,1,0,0,0,0,0,-1,1,-9.04608e-07,-3.41781e-06,-0.202831,0,15.3522,1,1010,1010,1010,1010,0,0,0,0,15.3569,53,0.0799499,0.366356,50,0.0670795,0.343786,56,0.0644342,0.360942,0,0,0,2,0,0,2,0,0,56,0.0739868,0.36547,56,0.0738059,0.364791,56,0.0743292,0.363786
5000660270046,5000650927000,5000650927000,5000660254843,73729,9.32784,5000670836721,19.9097,0,16695,62037,0,0,1,0,0,0.011971,342,341,340,0.997067,2.32998,3.01356,0.474541,0.231131,0.319199,2.40858,0.000835705,0.00445622,0.0898392,0.00133803,1,0.372251,-0.0698108,0.0698108,0.372251,1,1,0.0376684,0.369751,0.0321424,0.00250035,0,0,0,0,0,0,0,0,0,0,0,0,0,0,0,0,0,0,0,0,0,0,0,255,0.19,6.70577,0.19,0.029974,0.129691,1,1,1,1,0,1,1,-0.448437,-3.13499,0.113966,0.061127,-0.0148899,-0.00195498,26.2405,15624,1,367,170.12,3906,0,0.000884653,0.000602401,0.0046067,0,0,0,1,340,0.195,0.000708257,0.00377859,0.000736825,-0.00013811,0.00069334,-0.000285066,-0.258766,0.156189,0.00271734,-0.00261527,-0.204791,0.000417428,0.00975136,-0.0999503,10.8812,1,0,0,0,0,0,-1,1,-9.04608e-07,-3.41781e-06,-0.202831,0,26.4538,1,1010,1010,1010,1010,0,0,0,0,26.4584,56,0.0728199,0.375286,55,0.0771752,0.376067,56,0.061468,0.372159,0,0,0,1,0,0,4,0.059095,0.37598,56,0.0674903,0.376234,56,0.0670199,0.376336,56,0.0699106,0.375179
5000671367096,5000658955000,5000658955000,5000671352077,73729,12.3971,5000680803243,21.8482,0,16695,62038,0,0,1,0,0,0.008028,343,343,343,1,2.34133,2.98686,0.541226,0.231576,0.324554,2.56938,0.000774685,0.00477156,0.107299,0.00242194,1,0.594364,-0.0964979,0.0964979,0.594364,1,1,0.0747314,0.591295,0.0217664,0.00306922,0,0,0,0,0,0,0,0,0,0,0,0,0,0,0,0,0,0,0,0,0,0,0,255,0.2,7.70184,0.2,0.152896,0.795041,1,1,1,1,0,1,1,-0.448437,-3.13499,0.113966,0.061127,-0.0148899,-0.00195498,36.2051,15624,1,367,180.085,3906,0,0.000884653,0.000602401,0.0046067,0,0,0,1,343,0.205,0.000656545,0.00404579,0.000829387,-0.000134592,0.000784564,-0.000300757,-0.257981,0.155889,0.00272761,-0.00257375,-0.205189,0.00073514,0.0125838,-0.0708058,9.7561,1,0,0,0,0,0,-1,1,-9.04608e-07,-3.41781e-06,-0.202831,0,36.4151,1,1010,1010,1010,1010,0,0,0,0,36.4197,56,0.0947832,0.601967,56,0.0752712,0.598612,56,0.0872978,0.597096,0,0,0,2,0,0,5,0.0943854,0.622115,56,0.10049,0.595783,56,0.100376,0.599729,56,0.0986725,0.601224
5000681313321,5000670924000,5000670924000,5000681298080,73729,10.3741,5000691531493,20.6075,0,16695,62039,0,0,1,0,0,0.011969,348,347,347,1,2.37068,2.98343,0.572782,0.231687,0.246857,2.51137,0.000557961,0.00473234,0.0321559,-0.0027242,1,0.395383,-0.0466172,0.0466172,0.395383,1,1,0.0439296,0.396076,0.00268754,-0.000692495,0,0,0,0,0,0,0,0,0,0,0,0,0,0,0,0,0,0,0,0,0,0,0,255,0.19,7.50856,0.19,0.0215884,0.234893,1,1,1,1,1,1,1,-0.448437,-3.13499,0.113966,0.061127,-0.0148899,-0.00195498,46.9318,15624,1,367,190.811,3906,0,0.000884653,0.000602401,0.0046067,0,0,0,1,347,0.195,0.000472746,0.00401237,0.000782412,-9.21855e-05,0.000747276,-0.000249479,-0.257234,0.155639,0.00251701,-0.00284809,-0.204935,-0.00877907,-0.00270073,-0.0154084,10.5409,1,0,0,0,0,0,-1,1,-9.04608e-07,-3.41781e-06,-0.202831,0,47.1576,1,1010,1010,1010,1010,0,0,0,0,0.219483,56,0.0424831,0.402572,56,0.0533983,0.381485,56,0.0439259,0.391923,2,0,0,2,0,0,7,0.0412364,0.407965,56,0.0435984,0.399267,56,0.0454244,0.390648,56,0.0471082,0.393308
5000692140517,5000678990000,5000678990000,5000692123128,73729,13.1331,5000701047271,22.0573,0,16695,62040,0,0,1,0,0,0.008066,346,346,345,0.99711,2.34252,3.07104,0.467707,0.231705,0.0125885,2.21698,5.08795e-05,0.00414336,-0.0141897,-0.0142052,1,0.513682,-0.0063079,0.0063079,0.513682,1,1,0.00362037,0.514374,0.00268754,-0.000692495,0,0,0,0,0,0,0,0,0,0,0,0,0,0,0,0,0,0,0,0,0,0,0,255,0.19,8.17254,0.19,-0.0214777,0.258972,1,1,1,1,0,1,1,-0.44427,-3.13612,0.113921,0.0674498,-0.019566,-0.00125846,9.50765,15625,1,367,200.33,3906,0,0.000884653,0.000602401,0.0046067,0,0,0,1,345,0.195,4.28061e-05,0.00351299,0.000685034,-8.34718e-06,0.000668997,-0.000147579,-0.256565,0.155492,0.00251701,-0.00284809,-0.204935,-0.00877907,-0.00270073,-0.0154084,20.0603,0,0,0,0,0,0,-1,1,-9.04608e-07,-3.41781e-06,-0.204102,0,0.200427,1,1010,1010,1010,1010,0,0,0,0,9.72154,56,0.0108836,0.529261,56,0.00438488,0.515954,56,-0.00228855,0.511554,2,0,0,0,0,0,7,0.0173441,0.625905,56,-0.00322407,0.522966,56,-0.00235322,0.524437,56,0.00580589,0.510102
5000701579535,5000690930000,5000690930000,5000701563738,73729,10.6337,5000712600880,21.6709,0,16695,62041,0,0,1,0,0,0.01194,347,347,347,1,2.354,3.06762,0.504504,0.237502,0.175507,2.21594,0.000235922,0.00415786,-0.0518408,0.0033316,1,0.34823,-0.019759,0.019759,0.34823,1,1,0.0400194,0.350686,-0.0202604,-0.00245615,0,0,0,0,0,0,0,0,0,0,0,0,0,0,0,0,0,0,0,0,0,0,0,255,0.19,7.46032,0.19,0.0314188,0.295007,1,1,1,1,0,1,1,-0.44427,-3.13612,0.113921,0.0674498,-0.019566,-0.00125846,21.0608,15625,1,367,11.4917,3907,0,0.000884653,0.000740345,0.00348043,0,0,0,1,347,0.195,0.000199929,0.0035254,0.000687454,-3.89862e-05,0.00066545,-0.000176876,-0.255899,0.155315,0.00275328,-0.00294518,-0.203141,0.00250851,-0.00957897,0.0652191,11.3136,2,0,0,0,0,0,-1,1,-9.04608e-07,-3.41781e-06,-0.204102,0,11.7572,1,1010,1010,1010,1010,0,0,0,0,21.2783,56,0.0172102,0.363239,56,0.0227374,0.342343,56,0.0143533,0.345158,2,0,0,4,-0.0397879,0.365157,7,0.0281824,0.363031,54,0.0192261,0.351363,56,0.0164916,0.35153,56,0.0191439,0.350326
5000713108735,5000698996000,5000698996000,5000713093513,73729,14.0975,5000723098220,24.1022,0,16695,62042,0,0,1,0,0,0.008066,365,365,346,0.947945,2.36835,3.39297,0.558708,0.234224,0.22641,2.23391,0.000271707,0.00424942,-0.108205,0.0107674,1,0.526831,-0.0336855,0.0336855,0.526831,1,1,0.063099,0.529829,-0.0294135,-0.002998,0,0,0,0,0,0,0,0,0,0,0,0,0,0,0,0,0,0,0,0,0,0,0,255,0.2,8.81949,0.2,0.134713,0.768666,1,1,1,1,0,1,1,-0.44427,-3.13612,0.113921,0.0674498,-0.019566,-0.00125846,31.5612,15625,1,367,21.9923,3907,0,0.000884653,0.000740345,0.00348043,0,0,0,1,346,0.205,0.000230195,0.00360246,0.000738504,-4.719e-05,0.000713981,-0.000194529,-0.255185,0.15512,0.00268432,-0.00330782,-0.202188,0.00833006,-0.0122918,0.10314,10.3077,1,0,0,0,0,0,-1,1,-9.04608e-07,-3.41781e-06,-0.204102,0,22.2568,1,1010,1010,1010,1010,0,0,0,0,31.778,44,0.0503644,0.549674,56,0.0354269,0.512069,55,0.0236846,0.527226,11,0.0268212,0.559491,3,-0.0164079,0.626414,10,0.0295902,0.540505,55,0.0290385,0.527343,56,0.0287022,0.524815,56,0.0403596,0.527106
5000723615465,5000710926000,5000710926000,5000723600187,73729,12.6742,5000735343390,24.4174,0,16695,62043,0,0,1,0,0,0.01193,377,377,376,0.997347,2.35731,3.3941,0.490282,0.258872,0.0318832,1.96049,-0.000118673,0.00370964,-0.0864996,0.0173595,1,0.31095,0.00994744,-0.00994744,0.31095,1,1,0.015805,0.314969,-0.0257524,-0.00401852,0,0,0,0,0,0,0,0,0,0,0,0,0,0,0,0,0,0,0,0,0,0,0,255,0.2,9.15648,0.2,0.0445014,0.448312,1,1,1,1,0,1,1,-0.44427,-3.13612,0.113921,0.0674498,-0.019566,-0.00125846,43.8067,15625,1,367,34.2376,3907,0,0.000884653,0.000740345,0.00348043,0,0,0,1,376,0.205,-0.000100596,0.00314475,0.000644673,2.06221e-05,0.00063576,-0.000108778,-0.25455,0.155011,0.00284857,-0.00342551,-0.201435,0.0105579,-0.016476,0.0929143,12.0412,1,0,0,0,0,0,-1,1,-9.04608e-07,-3.41781e-06,-0.204102,0,34.5139,1,1010,1010,1010,1010,0,0,0,0,44.035,56,-0.00354169,0.314345,56,-0.00649258,0.308447,56,-0.0152306,0.312507,15,-0.0237534,0.318468,15,0.00146404,0.300017,17,-0.0117473,0.315327,49,-0.0123287,0.313123,56,-0.0110277,0.316475,56,-0.0133221,0.313527
5000735882839,5000730931000,5000730931000,5000735874116,73729,4.94312,5000747343465,16.4125,1,16696,62044,0,0,1,0,0,0.020005,370,370,358,0.967568,2.36313,3.6866,0.528634,0.247909,0.454315,4.84576,0.000664946,0.00917581,-0.0557646,-0.00787654,1,0.458676,-0.033239,0.033239,0.458676,1,1,0.0496463,0.459834,-0.0164073,-0.00115799,0,0,0,0,0,0,0,0,0,0,0,0,0,0,0,0,0,0,0,0,0,0,0,255,0.19,1.13427,0.19,-0.0621762,0.183831,1,1,1,1,1,1,1,-0.44427,-3.13612,0.113921,0.0674498,-0.019566,-0.00125846,55.8018,15625,1,367,46.233,3907,0,0.000884653,0.000740345,0.00348043,0,0,0,1,358,0.195,0.000563878,0.00777865,0.00151684,-0.000109956,0.00146432,-0.000410651,-0.253085,0.154601,0.00290574,-0.00356989,-0.201051,0.0144974,-0.00451616,0.0627887,11.8055,1,0,0,0,0,0,-1,1,-9.04608e-07,-3.41781e-06,-0.201118,0,0.198612,1,1010,1010,1010,1010,0,0,0,0,0.202723,56,0.0411451,0.460798,50,0.0238841,0.453775,56,0.036614,0.452675,12,0.0356353,0.470892,12,0.0198427,0.488884,18,0.0291114,0.468753,42,0.0263052,0.458794,56,0.0302151,0.460512,56,0.03788,0.458539
5000747914580,5000738950000,5000738950000,5000747898876,73729,8.94888,5000757741009,18.791,0,16696,62045,0,0,1,0,0,0.008019,399,399,398,0.997494,2.36076,3.34323,0.509337,0.272131,0.255493,2.58044,0.000517667,0.00484832,0.0149928,-0.00728181,1,0.604605,-0.064555,0.064555,0.604605,1,1,0.0682993,0.608836,-0.0037443,-0.00423146,0,0,0,0,0,0,0,0,0,0,0,0,0,0,0,0,0,0,0,0,0,0,0,255,0.19,2.99591,0.19,0.0301733,0.519802,1,1,1,1,0,1,1,-0.439331,-3.1377,0.11388,0.0917182,-0.0232081,-5.33662e-05,10.4295,15626,1,367,56.6767,3907,0,0.000884653,0.000740345,0.00348043,0,0,0,1,398,0.195,0.000438813,0.00410987,0.000801425,-8.55685e-05,0.000768157,-0.000243989,-0.252317,0.154357,0.00297234,-0.00398071,-0.201183,0.00944691,-0.0165027,0.0192397,10.1782,1,0,0,0,0,0,-1,1,-9.04608e-07,-3.41781e-06,-0.201118,0,10.6654,1,1010,1010,1010,1010,0,0,0,0,10.6695,56,0.0667186,0.616682,56,0.0746813,0.595272,56,0.0669287,0.597179,24,0.0702334,0.616697,24,0.0637464,0.628213,24,0.0758203,0.618639,46,0.0602071,0.603637,56,0.057886,0.605359,56,0.0675764,0.603637
5000758313680,5000750922000,5000750922000,5000758303772,73729,7.38177,5000769339043,18.417,0,16696,62046,0,0,1,0,0,0.011972,417,416,373,0.896635,2.38761,4.05664,0.559171,0.255669,0.452728,3.36795,0.000933601,0.00634005,0.0489718,-0.0126632,1,0.529573,-0.077982,0.077982,0.529573,1,1,0.0643294,0.531421,0.0136527,-0.00184768,0,0,0,0,0,0,0,0,0,0,0,0,0,0,0,0,0,0,0,0,0,0,0,255,0.2,3.23769,0.2,0.113863,0.702414,1,1,1,1,0,1,1,-0.439331,-3.1377,0.11388,0.0917182,-0.0232081,-5.33662e-05,21.9841,15626,1,367,68.2313,3907,0,0.000884653,0.000740345,0.00348043,0,0,0,1,373,0.205,0.000791639,0.0053744,0.00110175,-0.000162286,0.00104685,-0.000379855,-0.25127,0.153977,0.00324343,-0.00386424,-0.201835,0.016475,-0.00757549,-0.0316008,11.3426,1,0,0,0,0,0,-1,1,-9.04608e-07,-3.41781e-06,-0.201118,0,22.2048,1,1010,1010,1010,1010,0,0,0,0,22.2089,55,0.0815544,0.526649,21,0.0646782,0.519556,50,0.0764713,0.52932,30,0.088897,0.52688,27,0.0762495,0.502584,35,0.0756967,0.523004,44,0.0771059,0.536392,55,0.0747686,0.539448,56,0.0896591,0.535663
5000769869844,5000758947000,5000758947000,5000769855010,73729,10.908,5000781041431,22.0944,0,16696,62047,0,0,1,0,0,0.008025,408,408,405,0.992647,2.37613,3.52429,0.50243,0.268169,0.454041,3.89185,0.000941984,0.0072857,0.104963,-0.0187471,1,0.907876,-0.117381,0.117381,0.907876,1,1,0.0862854,0.904234,0.0310959,0.00364181,0,0,0,0,0,0,0,0,0,0,0,0,0,0,0,0,0,0,0,0,0,0,0,255,0.21,4.27835,0.21,0.197646,1.15408,1,1,1,1,0,1,1,-0.439331,-3.1377,0.11388,0.0917182,-0.0232081,-5.33662e-05,33.6815,15626,1,367,79.9288,3907,0,0.000884653,0.000740345,0.00348043,0,0,0,1,405,0.215,0.000798772,0.00617565,0.00132777,-0.000171736,0.00126545,-0.000437117,-0.250005,0.15354,0.00338938,-0.00407045,-0.203965,0.0154887,0.0156598,-0.0945788,11.3955,2,0,0,0,0,0,-1,1,-9.04608e-07,-3.41781e-06,-0.201118,0,33.9213,1,1010,1010,1010,1010,0,0,0,0,33.9254,56,0.137208,0.911148,54,0.133495,0.875378,56,0.119439,0.906622,33,0.12068,0.920437,26,0.090453,0.965957,34,0.116901,0.934303,37,0.110386,0.902595,53,0.11258,0.913792,56,0.128393,0.909755
5000781530323,5000766964000,5000766964000,5000781519083,73729,14.5551,5000793190266,26.2263,0,16696,62048,0,0,1,0,0,0.008017,419,419,418,0.997613,2.37544,3.58773,0.718024,0.285169,0.262695,3.767,0.000652318,0.0070059,0.135309,-0.020388,1,0.87388,-0.0813669,0.0813669,0.87388,1,1,0.0473382,0.874435,0.0340287,-0.000554688,0,0,0,0,0,0,0,0,0,0,0,0,0,0,0,0,0,0,0,0,0,0,0,255,0.21,5.74025,0.21,0.139276,1.01623,1,1,1,1,0,1,1,-0.439331,-3.1377,0.11388,0.0917182,-0.0232081,-5.33662e-05,45.8418,15626,1,367,92.0894,3907,0,0.000884653,0.000740345,0.00348043,0,0,0,1,418,0.215,0.000552779,0.00593812,0.0012767,-0.000118848,0.0012258,-0.000376133,-0.248779,0.153164,0.0036507,-0.00399677,-0.204905,0.0109092,-0.00238516,-0.108331,11.8904,1,0,0,0,0,0,-1,1,-9.04608e-07,-3.41781e-06,-0.205487,0,0.242243,1,1010,1010,1010,1010,0,0,0,0,0.246317,56,0.0837874,0.867655,55,0.098259,0.822671,56,0.0827039,0.872455,35,0.0920271,0.896571,31,0.0539003,0.934835,42,0.0777041,0.897409,43,0.0746507,0.874938,44,0.0839201,0.878386,56,0.0863976,0.871174
5000793770826,5000778946000,5000778946000,5000793755881,73729,14.8099,5000806167367,27.2214,0,16696,62049,0,0,1,0,0,0.011982,428,428,426,0.995327,2.42028,4.00462,0.674469,0.285132,0.438934,4.50987,0.000913634,0.00848331,0.0600018,-0.012422,1,0.708005,-0.0762505,0.0762505,0.708005,1,1,0.0464069,0.705218,0.0298436,0.00278664,0,0,0,0,0,0,0,0,0,0,0,0,0,0,0,0,0,0,0,0,0,0,0,255,0.21,7.78126,0.21,0.0559577,0.584165,1,1,1,1,1,1,1,-0.431767,-3.13974,0.114014,0.155999,-0.0323818,0.00243196,12.9565,15627,1,367,105.066,3907,0,0.000884653,0.000740345,0.00348043,0,0,0,1,426,0.215,0.000774548,0.00718959,0.00154576,-0.000166528,0.00147921,-0.000478547,-0.2473,0.152685,0.00376754,-0.00403446,-0.20557,0.0191785,0.0119826,-0.0873193,12.7435,1,0,0,0,0,0,-1,1,-9.04608e-07,-3.41781e-06,-0.205487,0,13.209,1,1010,1010,1010,1010,0,0,0,0,13.213,56,0.0750846,0.699401,55,0.078722,0.679512,56,0.083474,0.70003,41,0.112042,0.722274,40,0.0503702,0.716296,44,0.0662138,0.726261,38,0.0675221,0.709377,45,0.075609,0.707282,51,0.0908196,0.708105
5000806779631,5000786957000,5000786957000,5000806767242,73729,19.8102,5000818149219,31.1922,0,16696,62050,0,0,1,0,0,0.008011,430,430,366,0.851163,2.43933,3.66656,0.646745,0.246984,0.390129,4.96857,0.000885363,0.00926732,0.0537761,-0.0493461,1,1.15682,-0.110518,0.110518,1.15682,1,1,0.0948503,1.15804,0.0156681,-0.00121327,0,0,0,0,0,0,0,0,0,0,0,0,0,0,0,0,0,0,0,0,0,0,0,255,0.21,0.911655,0.21,0.0795669,0.977504,1,1,1,1,0,1,1,-0.431767,-3.13974,0.114014,0.155999,-0.0323818,0.00243196,24.9353,15627,1,367,117.044,3907,0,0.000884653,0.000740345,0.00348043,0,0,0,1,366,0.215,0.000751958,0.00785373,0.00168855,-0.000161671,0.00161993,-0.000503133,-0.24568,0.152182,0.00381998,-0.00421255,-0.205689,0.00840342,-0.00521706,-0.0471754,11.7665,1,0,0,0,0,0,-1,1,-9.04608e-07,-3.41781e-06,-0.205487,0,25.1607,1,1010,1010,1010,1010,0,0,0,0,25.1648,54,0.0938428,1.14072,53,0.0857034,1.05658,56,0.114005,1.14302,39,0.140407,1.20301,40,0.0843398,1.19001,49,0.104066,1.18902,0,0,0,29,0.0765216,1.15966,46,0.102488,1.15588
5000818685279,5000806966000,5000806966000,5000818678205,73729,11.7122,5000831097339,24.1313,1,16697,62051,0,0,1,0,0,0.020009,429,429,388,0.904429,2.42941,4.00879,0.670505,0.266909,0.138741,10.9667,0.000430768,0.0206544,0.00642192,-0.0313766,1,1.03226,-0.0215287,0.0215287,1.03226,1,1,0.0193347,1.0283,0.00219401,0.00395583,0,0,0,0,0,0,0,0,0,0,0,0,0,0,0,0,0,0,0,0,0,0,0,255,0.21,2.62624,0.21,0.00818584,0.866935,1,1,1,1,0,1,1,-0.431767,-3.13974,0.114014,0.155999,-0.0323818,0.00243196,37.8781,15627,1,367,129.987,3907,0,0.000884653,0.000740345,0.00348043,0,0,0,1,388,0.215,0.000364671,0.0175039,0.00376334,-7.84043e-05,0.0036682,-0.000844395,-0.242012,0.151338,0.00386952,-0.00379344,-0.205421,0.00926468,0.0170101,-0.000135642,12.7384,1,0,0,0,0,0,-1,1,-9.04608e-07,-3.41781e-06,-0.205487,0,38.1104,1,1010,1010,1010,1010,0,0,0,0,38.1145,56,0.0140467,1.02108,42,0.0383939,0.972489,54,0.0211735,1.02052,48,0.0220803,1.06575,29,0.0456483,1.06911,55,0.0136425,1.0525,28,0.00134146,1.02727,37,0.0159895,1.03914,39,0.0160823,1.01771
5000831624824,5000818939000,5000818939000,5000831612269,73729,12.6733,5000844225200,25.2862,0,16697,62052,0,0,1,0,0,0.011973,416,416,392,0.942308,2.41539,3.61182,0.754839,0.262705,-0.0783386,5.71321,-0.000188369,0.0108427,-0.055175,-0.0505028,1,0.905599,0.0157328,-0.0157328,0.905599,1,1,0.000522913,0.90645,-0.0162557,-0.000851221,0,0,0,0,0,0,0,0,0,0,0,0,0,0,0,0,0,0,0,0,0,0,0,255,0.21,5.41108,0.21,-0.0172749,0.755561,1,1,1,1,0,1,1,-0.431767,-3.13974,0.114014,0.155999,-0.0323818,0.00243196,51.0062,15627,1,367,143.115,3907,0,0.000884653,0.000740345,0.00348043,0,0,0,1,392,0.215,-0.000159888,0.00918743,0.0019753,3.43759e-05,0.00194129,-0.000366441,-0.24007,0.150971,0.00365118,-0.00449606,-0.203967,-0.000395955,-0.00366025,0.055603,12.8868,2,0,0,0,0,0,-1,1,-9.04608e-07,-3.41781e-06,-0.203034,0,0.178724,1,1010,1010,1010,1010,0,0,0,0,0.18278,56,-0.0264272,0.879136,49,0.0118458,0.856413,56,-0.0116853,0.893273,52,0.0120969,0.941887,53,-0.0193718,0.951637,56,-0.0208462,0.938246,22,-0.0223133,0.895637,29,-0.0247212,0.895475,19,-0.023,0.892329
5000844767278,5000826965000,5000826965000,5000844755260,73729,17.7903,5000855535788,28.5708,0,16697,62053,0,0,1,0,0,0.008026,397,397,384,0.967254,2.43557,3.81707,0.617301,0.264094,-0.0970306,5.76429,-0.000231913,0.0108214,-0.134745,-0.00688536,1,1.34829,0.0288952,-0.0288952,1.34829,1,1,0.000872912,1.35603,-0.0297681,-0.00774346,0,0,0,0,0,0,0,0,0,0,0,0,0,0,0,0,0,0,0,0,0,0,0,255,0.21,7.98347,0.21,-0.0234537,1.1275,1,1,1,1,1,1,1,-0.420887,-3.1425,0.114309,0.209617,-0.0496335,0.00444061,11.2771,15628,1,367,154.442,3907,0,0.000884653,0.000740345,0.00348043,0,0,0,1,384,0.215,-0.000196469,0.00916938,0.00197142,4.22409e-05,0.00193939,-0.000356286,-0.238131,0.150615,0.00334824,-0.00477618,-0.203108,-0.0214291,-0.0332969,0.085259,11.0674,1,0,0,0,0,0,-1,1,-9.04608e-07,-3.41781e-06,-0.203034,0,11.5074,1,1010,1010,1010,1010,0,0,0,0,11.5114,56,-0.0438199,1.32872,46,-0.016974,1.24623,56,-0.0289331,1.34715,56,0.00436775,1.39377,55,-0.0303872,1.39332,56,-0.0510404,1.39715,17,-0.0458313,1.33512,22,-0.0529913,1.33491,20,-0.0485515,1.31374
5000856163404,5000846961000,5000846961000,5000856155663,73729,9.19466,5000867171842,20.2108,1,16698,62054,0,0,1,0,0,0.019996,375,375,287,0.765333,2.42624,4.26085,0.633282,0.206946,0.1651,12.9967,0.000285239,0.0246038,-0.0971867,0.00252758,1,1.23044,-0.0142648,0.0142648,1.23044,1,1,0.0383612,1.23452,-0.0240964,-0.00408033,0,0,0,0,0,0,0,0,0,0,0,0,0,0,0,0,0,0,0,0,0,0,0,255,0.21,-0.487356,0.21,0.0169943,1.05823,1,1,1,1,0,1,1,-0.420887,-3.1425,0.114309,0.209617,-0.0496335,0.00444061,22.9181,15628,1,367,166.084,3907,0,0.000884653,0.000740345,0.00348043,0,0,0,1,287,0.215,0.000243997,0.0208472,0.00448215,-5.24593e-05,0.00438002,-0.000952543,-0.233751,0.149662,0.00363395,-0.00478305,-0.202437,-0.00113562,-0.0175454,0.0819831,11.4392,1,0,0,0,0,0,-1,1,-9.04608e-07,-3.41781e-06,-0.203034,0,23.129,1,1010,1010,1010,1010,0,0,0,0,23.1331,55,0.0103343,1.20595,27,0.00123265,1.1852,55,0.0112157,1.22063,46,0.0279076,1.27086,34,0.0387174,1.24064,48,0.00480881,1.26168,0,0,0,10,-0.00596349,1.21438,12,-0.00297557,1.23104
5000867708420,5000858939000,5000858939000,5000867696846,73729,8.75785,5000878789636,19.8506,0,16698,62055,0,0,1,0,0,0.011978,381,379,248,0.654354,2.41191,3.50686,0.822266,0.189854,0.38121,6.97475,0.0008464,0.0130716,0.0163086,0.00349795,1,1.0913,-0.0706629,0.0706629,1.0913,1,1,0.0833835,1.0905,-0.0127205,0.000801846,0,0,0,0,0,0,0,0,0,0,0,0,0,0,0,0,0,0,0,0,0,0,0,255,0.21,0.888377,0.21,0.0610437,0.957478,1,1,1,1,0,1,1,-0.420887,-3.1425,0.114309,0.209617,-0.0496335,0.00444061,34.5165,15628,1,367,177.682,3907,0,0.000884653,0.000740345,0.00348043,0,0,0,1,248,0.215,0.000720256,0.0110752,0.00238117,-0.000154855,0.00230157,-0.000629757,-0.231449,0.149032,0.00367007,-0.0048218,-0.202141,0.0168559,0.00344794,0.0572434,11.4317,1,0,0,0,0,0,-1,1,-9.04608e-07,-3.41781e-06,-0.203034,0,34.697,1,1010,1010,1010,1010,0,0,0,0,34.7011,46,0.0575239,1.12235,46,0.131554,1.01293,43,0.0441889,1.07897,4,0.0959521,1.1979,38,0.0986469,1.13586,54,0.0424889,1.12285,0,0,0,12,0.0683465,1.04912,5,0.0546104,1.06733
5000879282454,5000866964000,5000866964000,5000879270380,73729,12.3064,5000889242865,22.2789,0,16698,62056,0,0,1,0,0,0.008025,385,379,330,0.870712,2.43906,3.63969,0.686301,0.229983,0.192932,6.91418,0.000361557,0.012873,0.0371642,0.0878063,1,1.60411,-0.0450538,0.0450538,1.60411,1,1,0.049791,1.6077,-0.00473718,-0.00358975,0,0,0,0,0,0,0,0,0,0,0,0,0,0,0,0,0,0,0,0,0,0,0,255,0.21,2.31922,0.21,0.025762,1.3702,1,1,1,1,0,1,1,-0.420887,-3.1425,0.114309,0.209617,-0.0496335,0.00444061,44.9685,15628,1,367,188.134,3907,0,0.000884653,0.000740345,0.00348043,0,0,0,1,330,0.215,0.000306808,0.0109076,0.00234513,-6.59637e-05,0.00228403,-0.000535781,-0.229165,0.148497,0.00342558,-0.00526752,-0.20229,-0.00236906,-0.0154359,0.0144007,10.2369,1,0,0,0,0,0,-1,1,-9.04608e-07,-3.41781e-06,-0.203034,0,45.1865,1,1010,1010,1010,1010,0,0,0,0,0.174797,56,0.0391768,1.61258,37,0.117397,1.47938,56,0.0199039,1.60361,50,0.0855584,1.68298,50,0.0622324,1.62769,55,0.0194636,1.6379,2,0,0,13,0.0657634,1.5756,11,0.0388896,1.67975
5000889751443,5000878937000,5000878937000,5000889742128,73729,10.8051,5000900866715,21.9297,0,16698,62057,0,0,1,0,0,0.011973,404,395,376,0.951899,2.48724,4.04175,0.645449,0.254502,0.358604,7.35805,0.000813102,0.013691,0.0480275,-0.0079947,1,1.14349,-0.0679113,0.0679113,1.14349,1,1,0.0543656,1.14283,0.0135457,0.00065967,0,0,0,0,0,0,0,0,0,0,0,0,0,0,0,0,0,0,0,0,0,0,0,255,0.21,2.60576,0.21,0.0454113,0.98136,1,1,1,1,0,1,1,-0.407841,-3.14616,0.114707,0.237804,-0.059143,0.00353274,2.00944,15629,1,367,1.90894,3908,0,0.000884653,0.00415311,0.00428117,0,0,0,1,376,0.215,0.000689753,0.011601,0.00249421,-0.000148297,0.00241252,-0.000650163,-0.226753,0.147847,0.00352737,-0.00491547,-0.203855,-0.00716587,0.00283658,-0.0523299,1.82409,2,0,0,0,0,0,-1,1,-9.04608e-07,-3.41781e-06,-0.203777,0,2.2287,1,1010,1010,1010,1010,0,0,0,0,11.7952,56,0.0421722,1.16135,56,0.090387,1.11212,56,0.0608635,1.15548,56,0.0747827,1.17224,54,0.0679083,1.17223,55,0.0553891,1.14599,3,0.0725554,1.07347,19,0.0521491,1.11867,21,0.0556119,1.17945
5000901382941,5000886965000,5000886965000,5000901370441,73729,14.4054,5000912047450,25.0824,0,16698,62058,0,0,1,0,0,0.008028,430,428,345,0.806075,2.47819,3.95268,0.765617,0.243187,0.663208,7.66248,0.00123818,0.0141906,0.000307103,-0.141489,1,1.76764,-0.154233,0.154233,1.76764,1,1,0.121806,1.76628,0.0324272,0.00135806,0,0,0,0,0,0,0,0,0,0,0,0,0,0,0,0,0,0,0,0,0,0,0,255,0.21,4.09459,0.21,0.141764,1.52641,1,1,1,1,1,1,1,-0.407841,-3.14616,0.114707,0.237804,-0.059143,0.00353274,13.1926,15629,1,367,13.0921,3908,0,0.000884653,0.00415311,0.00428117,0,0,0,1,345,0.215,0.00104875,0.0120236,0.00258508,-0.000225482,0.00248498,-0.000747101,-0.224268,0.147099,0.00356526,-0.0051952,-0.205045,0.0052717,0.00583966,-0.107332,10.9848,1,0,0,0,0,0,-1,1,-9.04608e-07,-3.41781e-06,-0.203777,0,13.4104,1,1010,1010,1010,1010,0,0,0,0,22.9769,52,0.121469,1.75204,52,0.168994,1.76076,56,0.1773,1.80421,47,0.145499,1.81046,55,0.151924,1.7762,45,0.186188,1.7856,16,0.16267,1.87541,17,0.138275,1.87339,5,-0.000580378,1.39754
5000912627529,5000898942000,5000898942000,5000912614455,73729,13.6725,5000924815161,25.8732,0,16698,62059,0,0,1,0,0,0.011977,427,424,387,0.912736,2.46543,3.97005,0.650431,0.274039,0.627747,7.41806,0.00122236,0.0137353,0.0903062,0.00725205,1,1.14681,-0.102059,0.102059,1.14681,1,1,0.0686027,1.14997,0.0334564,-0.00316817,0,0,0,0,0,0,0,0,0,0,0,0,0,0,0,0,0,0,0,0,0,0,0,255,0.21,5.15589,0.21,0.0909853,0.972897,1,1,1,1,0,1,1,-0.407841,-3.14616,0.114707,0.237804,-0.059143,0.00353274,25.9642,15629,1,367,25.8638,3908,0,0.000884653,0.00415311,0.00428117,0,0,0,1,387,0.215,0.00103594,0.0116381,0.0025022,-0.000222728,0.00240344,-0.00073071,-0.221864,0.146369,0.00322394,-0.00541182,-0.206368,-0.0134926,-0.0136231,-0.125884,12.5713,1,0,0,0,0,0,-1,1,-9.04608e-07,-3.41781e-06,-0.203777,0,26.1901,1,1010,1010,1010,1010,0,0,0,0,35.7566,56,0.0918488,1.1553,34,0.115701,1.09071,56,0.0973807,1.15277,53,0.118578,1.16799,54,0.109271,1.13721,55,0.104354,1.14525,21,0.105929,1.2011,24,0.114153,1.2002,34,0.095114,1.20095
5000925330794,5000906985000,5000906985000,5000925319905,73729,18.3349,5000936556604,29.5716,0,16698,62060,0,0,1,0,0,0.008043,441,441,403,0.913832,2.50111,4.13714,0.70069,0.266632,0.342499,7.49409,0.000778113,0.0138833,0.18314,0.0645869,1,1.72613,-0.0967441,0.0967441,1.72613,1,1,0.0700916,1.73359,0.0266526,-0.0074607,0,0,0,0,0,0,0,0,0,0,0,0,0,0,0,0,0,0,0,0,0,0,0,255,0.21,6.5289,0.21,0.0721997,1.46532,1,1,1,1,0,1,1,-0.407841,-3.14616,0.114707,0.237804,-0.059143,0.00353274,37.7262,15629,1,367,37.6262,3908,0,0.000884653,0.00415311,0.00428117,0,0,0,1,403,0.215,0.000658922,0.0117643,0.00252933,-0.000141668,0.00244576,-0.000660001,-0.219419,0.145709,0.00247546,-0.00604812,-0.207624,-0.0489111,-0.032081,-0.130814,11.5316,1,0,0,0,0,0,-1,1,-9.04608e-07,-3.41781e-06,-0.203777,0,37.9632,1,1010,1010,1010,1010,0,0,0,0,47.5297,56,0.0768679,1.74862,40,0.157129,1.63185,56,0.0485026,1.75274,52,0.126604,1.71041,51,0.0806083,1.67796,51,0.0951438,1.68916,27,0.118014,1.8186,33,0.114147,1.80869,37,0.0669386,1.80437
5000937123201,5000926960000,5000926960000,5000937117182,73729,10.1572,5000953682107,26.7221,1,16699,62061,0,0,1,0,0,0.019975,467,466,315,0.675966,2.54143,6.80313,0.836562,0.27665,0.541412,15.1357,0.00126085,0.0282797,0.117247,0.0392382,1,1.41575,-0.0631216,0.0631216,1.41575,1,1,0.0314524,1.42112,0.0316692,-0.00536067,0,0,0,0,0,0,0,0,0,0,0,0,0,0,0,0,0,0,0,0,0,0,0,255,0.21,-0.78371,0.21,0.0742244,1.21805,1,1,1,1,0,1,1,-0.394197,-3.14986,0.115238,0.268122,-0.0692112,0.00335192,4.72717,15630,1,367,54.7232,3908,0,0.000884653,0.00415311,0.00428117,0,0,0,1,315,0.215,0.00106438,0.0239602,0.00515145,-0.000228842,0.0049906,-0.00129728,-0.214428,0.144411,0.00278572,-0.00584975,-0.209922,-0.0159975,-0.0230509,-0.12174,4.56098,2,0,0,0,0,0,-1,1,-9.04608e-07,-3.41781e-06,-0.20986,0,4.93293,1,1010,1010,1010,1010,0,0,0,0,4.94046,25,0.0559276,1.39623,31,0.0842727,1.37679,56,0.0446506,1.42027,35,0.0589718,1.41019,34,0.0763992,1.34224,25,0.0367435,1.40154,37,0.0863955,1.43827,39,0.0817217,1.46639,33,0.0367038,1.48094
5000954129426,5000938951000,5000938951000,5000954119889,73729,15.1689,5000968114646,29.1636,0,16699,62062,0,0,1,0,0,0.011991,498,498,461,0.925703,2.53856,4.51902,0.963915,0.297039,0.934387,8.56702,0.00192888,0.0160047,0.0862817,0.0158126,1,1.33472,-0.160861,0.160861,1.33472,1,1,0.125986,1.33442,0.0348747,0.000307032,0,0,0,0,0,0,0,0,0,0,0,0,0,0,0,0,0,0,0,0,0,0,0,255,0.21,6.02797,0.21,0.183987,1.17955,1,1,1,1,1,1,1,-0.394197,-3.14986,0.115238,0.268122,-0.0692112,0.00335192,19.1841,15630,1,367,69.1799,3908,0,0.000884653,0.00415311,0.00428117,0,0,0,1,461,0.215,0.00163449,0.0135607,0.00291554,-0.000351415,0.00277608,-0.000957602,-0.211652,0.143454,0.00302653,-0.00599294,-0.212213,0.00505376,0.00132024,-0.115926,7.73775,2,0,0,0,0,0,-1,1,-9.04608e-07,-3.41781e-06,-0.20986,0,19.435,1,1010,1010,1010,1010,0,0,0,0,19.4425,42,0.162153,1.35313,52,0.167681,1.30113,55,0.129686,1.34231,50,0.178546,1.32258,52,0.152584,1.26869,54,0.180674,1.28373,53,0.174159,1.36168,51,0.147798,1.39196,52,0.133079,1.40801
5000968732521,5000958938000,5000958938000,5000968725243,73729,9.78724,5000980989042,22.051,1,16700,62063,0,0,1,0,0,0.019987,500,499,322,0.645291,2.56556,5.08,0.893673,0.23352,1.54173,17.1419,0.00303203,0.0319921,0.128916,0.0180649,1,1.60065,-0.1517,0.1517,1.60065,1,1,0.115209,1.60102,0.0364912,-0.00037592,0,0,0,0,0,0,0,0,0,0,0,0,0,0,0,0,0,0,0,0,0,0,0,255,0.21,0.343225,0.21,0.134364,1.36645,1,1,1,1,0,1,1,-0.394197,-3.14986,0.115238,0.268122,-0.0692112,0.00335192,32.0407,15630,1,367,82.0365,3908,0,0.000884653,0.00415311,0.00428117,0,0,0,1,322,0.215,0.00257064,0.0271119,0.00582907,-0.000552688,0.0055818,-0.00176801,-0.20607,0.141686,0.00302653,-0.00599294,-0.212213,0.0122649,-0.00161646,-0.115718,20.6663,0,0,0,0,0,0,-1,1,-9.04608e-07,-3.41781e-06,-0.20986,0,32.2466,1,1010,1010,1010,1010,0,0,0,0,32.2541,56,0.148192,1.61955,24,0.153776,1.56985,53,0.13517,1.63137,35,0.145117,1.58932,33,0.138362,1.52234,28,0.184519,1.56947,29,0.177987,1.65066,29,0.139567,1.6392,35,0.142619,1.64356
5000981497676,5000966955000,5000966955000,5000981487361,73729,14.5324,5000993317045,26.362,0,16700,62064,0,0,1,0,0,0.008017,500,500,422,0.844,2.57737,4.24457,0.809044,0.286614,0.680313,9.27661,0.0014701,0.0170269,0.123115,0.0653531,1,2.12385,-0.183373,0.183373,2.12385,1,1,0.14882,2.12279,0.0345532,0.00105882,0,0,0,0,0,0,0,0,0,0,0,0,0,0,0,0,0,0,0,0,0,0,0,255,0.21,2.95943,0.21,0.14606,1.81789,1,1,1,1,0,1,1,-0.394197,-3.14986,0.115238,0.268122,-0.0692112,0.00335192,44.3682,15630,1,367,94.364,3908,0,0.000884653,0.00415311,0.00428117,0,0,0,1,422,0.215,0.0012467,0.014429,0.00310224,-0.000268041,0.00297406,-0.000922189,-0.203096,0.140764,0.00325619,-0.00590577,-0.214487,0.00675794,0.00455293,-0.113457,12.0789,2,0,0,0,0,0,-1,1,-9.04608e-07,-3.41781e-06,-0.215574,0,0.234927,1,1010,1010,1010,1010,0,0,0,0,0.238705,56,0.174818,2.17334,49,0.283366,2.01089,56,0.146164,2.20175,36,0.180059,2.10775,49,0.195407,2.02559,47,0.165419,2.02227,22,0.170528,2.23295,56,0.145035,2.26215,51,0.147671,2.17801
5000993879476,5000978936000,5000978936000,5000993867031,73729,14.931,5001006466777,27.5308,0,16700,62065,0,0,1,0,0,0.011981,500,500,414,0.828,2.62402,4.58037,0.829766,0.287799,1.18135,9.47003,0.00236808,0.0177522,0.0865686,0.0147886,1,1.48169,-0.197653,0.197653,1.48169,1,1,0.162478,1.4811,0.0351748,0.00059824,0,0,0,0,0,0,0,0,0,0,0,0,0,0,0,0,0,0,0,0,0,0,0,255,0.21,4.71155,0.21,0.163139,1.25696,1,1,1,1,0,1,1,-0.37855,-3.15444,0.115723,0.319825,-0.0939117,0.00731908,13.1518,15631,1,367,107.529,3908,0,0.000884653,0.00415311,0.00428117,0,0,0,1,414,0.215,0.00200575,0.015043,0.00323424,-0.000431236,0.0030683,-0.00110974,-0.200028,0.139654,0.00325619,-0.00590577,-0.214487,0.0108044,0.00257243,-0.112358,25.2348,0,0,0,0,0,0,-1,1,-9.04608e-07,-3.41781e-06,-0.215574,0,13.3885,1,1010,1010,1010,1010,0,0,0,0,13.3923,56,0.184649,1.48601,46,0.227281,1.46878,56,0.17636,1.51726,39,0.188301,1.44743,35,0.199337,1.43373,47,0.189455,1.46901,55,0.231341,1.54637,54,0.185631,1.51845,26,0.173972,1.49927
5001007028300,5000994967000,5000994967000,5001007020171,73729,12.0532,5001022024528,27.0575,1,16701,62066,0,0,1,0,0,0.016031,500,499,198,0.396794,2.62691,6.28722,2.89158,0.161705,1.96584,20.0714,0.00388216,0.0375338,0.082156,0.111529,1,2.34133,-0.242166,0.242166,2.34133,1,1,0.210128,2.33965,0.0320384,0.00167902,0,0,0,0,0,0,0,0,0,0,0,0,0,0,0,0,0,0,0,0,0,0,0,255,0.21,7.78193,0.21,0.203619,1.99693,1,1,1,1,1,1,1,-0.37855,-3.15444,0.115723,0.319825,-0.0939117,0.00731908,28.6937,15631,1,367,123.071,3908,0,0.000884653,0.00415311,0.00428117,0,0,0,1,198,0.215,0.00330124,0.0318044,0.00683795,-0.000709767,0.00652506,-0.00216417,-0.193503,0.13749,0.00319012,-0.00571989,-0.216825,-0.0023568,0.00721978,-0.112098,15.3602,2,0,0,0,0,0,-1,1,-9.04608e-07,-3.41781e-06,-0.215574,0,28.8662,1,1010,1010,1010,1010,0,0,0,0,28.87,46,0.253261,2.3797,7,0.400821,2.2338,0,0,0,17,0.282709,2.31669,31,0.216727,2.2803,26,0.195331,2.30425,0,0,0,30,0.235596,2.42243,41,0.21071,2.3692
5001022544902,5001006985000,5001006985000,5001022531902,73729,15.5469,5001035658171,28.6732,0,16701,62067,0,0,1,0,0,0.012018,500,500,411,0.822,2.65063,4.81581,0.803136,0.274391,0.933563,10.5078,0.00202302,0.0196437,0.101132,0.00431222,1,1.63453,-0.168333,0.168333,1.63453,1,1,0.132021,1.63131,0.0363122,0.00321247,0,0,0,0,0,0,0,0,0,0,0,0,0,0,0,0,0,0,0,0,0,0,0,255,0.21,3.38891,0.21,0.145185,1.38338,1,1,1,1,0,1,1,-0.37855,-3.15444,0.115723,0.319825,-0.0939117,0.00731908,42.3308,15631,1,367,136.708,3908,0,0.000884653,0.00415311,0.00428117,0,0,0,1,411,0.215,0.00171417,0.0166465,0.003579,-0.000368548,0.00341269,-0.00113942,-0.19009,0.13635,0.00322413,-0.00550312,-0.219626,-0.00622209,0.0138136,-0.129892,13.3858,2,0,0,0,0,0,-1,1,-9.04608e-07,-3.41781e-06,-0.215574,0,42.5755,1,1010,1010,1010,1010,0,0,0,0,42.5793,54,0.150053,1.68526,40,0.243902,1.59146,48,0.146948,1.68567,49,0.145905,1.57715,42,0.15615,1.58077,38,0.148879,1.60621,44,0.188088,1.68613,52,0.151742,1.6655,44,0.157442,1.64166
5001036202287,5001026953000,5001026953000,5001036196527,73729,9.24353,5001052670452,25.7175,1,16702,62068,0,0,1,0,0,0.019968,500,410,166,0.404878,2.59293,7.57678,2.64056,0.145797,2.51555,20.8189,0.00549554,0.0392286,0.29407,-0.0407247,1,1.96457,-0.275218,0.275218,1.96457,1,1,0.222534,1.95467,0.0526833,0.0099041,0,0,0,0,0,0,0,0,0,0,0,0,0,0,0,0,0,0,0,0,0,0,0,255,0.21,6.83853,0.21,0.226594,1.65619,1,1,1,1,0,1,1,-0.361375,-3.1599,0.116214,0.342116,-0.10822,0.00823755,2.43615,15632,1,367,153.713,3908,0,0.000884653,0.00415311,0.00428117,0,0,0,1,166,0.215,0.00465153,0.0332348,0.00714549,-0.00100008,0.00674306,-0.00256687,-0.183347,0.133783,0.00437876,-0.00370299,-0.224675,0.0212669,0.0425876,-0.164217,2.27152,3,0,0,0,0,0,-1,1,-9.04608e-07,-3.41781e-06,-0.222876,0,2.59445,1,1010,1010,1010,1010,0,0,0,0,2.59861,13,0.157817,1.8938,2,0,0,35,0.25608,1.99109,24,0.275427,1.97383,15,0.325067,1.96914,20,0.261657,2.07268,15,0.294518,1.98396,27,0.295598,1.93518,15,0.326942,1.94855
5001053117844,5001034967000,5001034967000,5001053107011,73729,18.14,5001065505607,30.5386,0,16702,62069,0,0,1,0,0,0.008014,500,487,308,0.632444,2.6135,5.44743,0.859118,0.221539,1.47437,11.1369,0.00298848,0.0209209,0.154701,0.0101938,1,2.61055,-0.372907,0.372907,2.61055,1,1,0.314069,2.59514,0.0588381,0.0154076,0,0,0,0,0,0,0,0,0,0,0,0,0,0,0,0,0,0,0,0,0,0,0,255,0.21,3.47151,0.21,0.317798,2.21014,1,1,1,1,0,1,1,-0.361375,-3.1599,0.116214,0.342116,-0.10822,0.00823755,15.2905,15632,1,367,166.567,3908,0,0.000884653,0.00415311,0.00428117,0,0,0,1,308,0.215,0.00253548,0.0177286,0.00381166,-0.000545129,0.00359439,-0.00138062,-0.179753,0.132403,0.00437876,-0.00370299,-0.224675,0.0406153,0.0662528,-0.169911,15.063,0,0,0,0,0,0,-1,1,-9.04608e-07,-3.41781e-06,-0.222876,0,15.5101,1,1010,1010,1010,1010,0,0,0,0,15.5142,55,0.363984,2.72975,6,0.585167,2.18691,1,0,0,41,0.381724,2.61904,39,0.376159,2.6108,34,0.361946,2.66234,36,0.356641,2.61389,47,0.394347,2.52701,49,0.347134,2.67158
5001066034778,5001054973000,5001054973000,5001066028278,73729,11.0553,5001080202944,25.2299,1,16703,62070,0,0,1,0,0,0.020006,500,498,252,0.506024,2.63256,6.45318,1.38936,0.194001,3.23817,23.0437,0.00647584,0.0435082,0.205368,-0.0012528,1,2.17476,-0.323695,0.323695,2.17476,1,1,0.264178,2.1576,0.0595168,0.017155,0,0,0,0,0,0,0,0,0,0,0,0,0,0,0,0,0,0,0,0,0,0,0,255,0.21,6.0949,0.21,0.258996,1.80267,1,1,1,1,1,1,1,-0.361375,-3.1599,0.116214,0.342116,-0.10822,0.00823755,29.9725,15632,1,367,181.25,3908,0,0.000884653,0.00415311,0.00428117,0,0,0,1,252,0.215,0.00549084,0.0368788,0.00792893,-0.00118053,0.00746138,-0.00293071,-0.172291,0.129472,0.00452503,-0.00321537,-0.226467,0.0375769,0.0737663,-0.174676,14.5139,1,0,0,0,0,0,-1,1,-9.04608e-07,-3.41781e-06,-0.222876,0,30.1684,1,1010,1010,1010,1010,0,0,0,0,30.1725,48,0.309508,2.20222,4,0.32718,2.14528,38,0.300508,2.19662,23,0.332268,2.16218,29,0.340466,2.137,28,0.335996,2.18144,22,0.347033,2.13419,31,0.327248,2.1405,29,0.329024,2.20598
5001080749800,5001066948000,5001066948000,5001080738040,73729,13.79,5001093258008,26.31,0,16703,62071,0,0,1,0,0,0.011975,493,491,363,0.739308,2.61424,4.58854,0.736024,0.249058,1.22913,10.6191,0.00263172,0.0199363,0.15382,-0.000211213,1,1.66483,-0.219768,0.219768,1.66483,1,1,0.168208,1.66237,0.0515596,0.00246024,0,0,0,0,0,0,0,0,0,0,0,0,0,0,0,0,0,0,0,0,0,0,0,255,0.21,0.646542,0.21,0.147815,1.34476,1,1,1,1,0,1,1,-0.361375,-3.1599,0.116214,0.342116,-0.10822,0.00823755,43.0276,15632,1,367,194.305,3908,0,0.000884653,0.00415311,0.00428117,0,0,0,1,363,0.215,0.00223028,0.0168942,0.00363226,-0.000479509,0.00342735,-0.00129476,-0.168864,0.128177,0.00464238,-0.00312732,-0.229945,0.00489592,0.010579,-0.173448,12.7528,2,0,0,0,0,0,-1,1,-9.04608e-07,-3.41781e-06,-0.231152,0,0.193243,1,1010,1010,1010,1010,0,0,0,0,0.197206,43,0.201686,1.69634,20,0.331515,1.46968,51,0.210666,1.69365,42,0.22668,1.67753,35,0.205721,1.68286,49,0.200245,1.68818,36,0.223704,1.666,38,0.225218,1.64926,49,0.214555,1.70548
5001093793475,5001074976000,5001074976000,5001093782586,73729,18.8066,5001105177527,30.2015,0,16703,62072,0,0,1,0,0,0.008028,481,479,343,0.716075,2.61191,4.7217,0.701542,0.233002,1.14627,10.8586,0.00208155,0.0203115,-0.0771595,-0.073207,1,2.53009,-0.259287,0.259287,2.53009,1,1,0.209998,2.52885,0.049289,0.00123451,0,0,0,0,0,0,0,0,0,0,0,0,0,0,0,0,0,0,0,0,0,0,0,255,0.21,3.51775,0.21,0.222202,2.09839,1,1,1,1,0,1,1,-0.343777,-3.1656,0.116582,0.358064,-0.110848,0.00679773,11.8869,15633,1,367,206.23,3908,0,0.000884653,0.00415311,0.00428117,0,0,0,1,343,0.215,0.00176593,0.0172129,0.00370077,-0.000379675,0.00351681,-0.00121317,-0.165347,0.126964,0.00464238,-0.00312732,-0.229945,-0.000512075,0.00530841,-0.169964,24.6774,0,0,0,0,0,0,-1,1,-9.04608e-07,-3.41781e-06,-0.231152,0,12.1055,1,1010,1010,1010,1010,0,0,0,0,12.1094,55,0.255637,2.58512,2,0,0,16,0.304583,2.55875,42,0.233395,2.53416,40,0.280011,2.63752,40,0.274233,2.48227,43,0.242167,2.51594,53,0.229274,2.46268,52,0.225048,2.57468
5001105693864,5001094971000,5001094971000,5001105688605,73729,10.7176,5001124303287,29.3323,1,16704,62073,0,0,1,0,0,0.019995,488,483,167,0.345756,2.60035,7.53632,4.61759,0.145464,2.51376,23.2574,0.00511342,0.0439024,0.153152,-0.014097,1,2.19567,-0.255735,0.255735,2.19567,1,1,0.213128,2.18881,0.0426072,0.00685632,0,0,0,0,0,0,0,0,0,0,0,0,0,0,0,0,0,0,0,0,0,0,0,255,0.21,5.15537,0.21,0.219575,1.84668,1,1,1,1,0,1,1,-0.343777,-3.1656,0.116582,0.358064,-0.110848,0.00679773,31.0063,15633,1,367,19.0686,3909,0,0.000884653,0.00390874,0.00485727,0,0,0,1,167,0.215,0.00433855,0.0372149,0.00800121,-0.000932788,0.00757178,-0.00274907,-0.157775,0.124215,0.00497261,-0.00251561,-0.232214,0.0130874,0.0294822,-0.136099,18.9442,2,0,0,0,0,0,-1,1,-9.04608e-07,-3.41781e-06,-0.231152,0,31.1755,1,1010,1010,1010,1010,0,0,0,0,31.1795,39,0.246484,2.25028,0,0,0,15,0.242351,2.11563,26,0.252362,2.17177,7,0.201864,2.2127,20,0.242338,2.20184,17,0.272828,2.146,24,0.2361,2.16277,19,0.257221,2.23797
5001124716623,5001114967000,5001114967000,5001124711272,73729,9.74427,5001144655649,29.6886,1,16705,62074,0,0,1,0,0,0.019996,494,479,139,0.290188,2.59756,8.78809,4.97663,0.129612,2.00159,23.9456,0.00418507,0.0450789,0.136087,-0.0331267,1,2.25439,-0.209295,0.209295,2.25439,1,1,0.187973,2.24838,0.0213221,0.00601138,0,0,0,0,0,0,0,0,0,0,0,0,0,0,0,0,0,0,0,0,0,0,0,255,0.21,3.96681,0.21,0.169449,1.87455,1,1,1,1,1,1,1,-0.324108,-3.1721,0.116838,0.382659,-0.118334,0.0116343,0.182427,15634,1,367,39.4129,3909,0,0.000884653,0.00390874,0.00485727,0,0,0,1,139,0.215,0.00355007,0.0382056,0.0082142,-0.000763264,0.00781174,-0.00265184,-0.149964,0.121563,0.00536001,-0.00207488,-0.234609,0.00922935,0.0258489,-0.0659646,0.078575,4,0,0,0,0,0,-1,1,-9.04608e-07,-3.41781e-06,-0.234491,0,0.333058,1,1010,1010,1010,1010,0,0,0,0,0.336725,19,0.224916,2.3408,0,0,0,15,0.208546,2.21471,21,0.169616,2.1738,8,0.125942,2.2283,15,0.246389,2.19651,18,0.229256,2.23293,12,0.18472,2.25932,31,0.222161,2.30712
5001145162227,5001134966000,5001134966000,5001145155875,73729,10.1899,5001163229293,28.2633,1,16706,62075,0,0,1,0,0,0.019999,476,462,97,0.209957,2.58372,8.77998,4.96785,0.103001,2.21956,23.3991,0.00379667,0.0436603,-0.172778,-0.10147,1,2.18312,-0.189843,0.189843,2.18312,1,1,0.171654,2.18299,0.0181888,0.000132439,0,0,0,0,0,0,0,0,0,0,0,0,0,0,0,0,0,0,0,0,0,0,0,255,0.21,4.1142,0.21,0.175034,1.83238,1,1,1,2,0,1,1,-0.324108,-3.1721,0.116838,0.382659,-0.118334,0.0116343,18.7636,15634,1,367,57.9939,3909,0,0.000884653,0.00390874,0.00485727,0,0,0,1,97,0.215,0.00322497,0.037008,0.00795672,-0.000693369,0.00757756,-0.002524,-0.142386,0.119039,0.00536001,-0.00207488,-0.234609,0.00600574,0.00056949,-0.0577648,18.6631,0,0,0,0,0,0,-1,1,-9.04608e-07,-3.41781e-06,-0.234491,0,18.8956,1,1010,1010,1010,1010,0,0,0,0,18.8992,28,0.199811,2.19799,0,0,0,0,0,0,26,0.144208,2.23749,11,0.208463,2.07712,11,0.262823,2.16374,4,0.112387,2.10333,6,0.112974,2.08789,11,0.18666,2.20657
5001163642426,5001154970000,5001154970000,5001163636760,73729,8.66676,5001184100604,29.1306,1,16707,62076,0,0,1,0,0,0.020004,455,445,120,0.269663,2.70317,10.4584,4.91419,0.118279,1.62206,24.9077,0.0037,0.0472839,0.17207,-0.0632555,1,2.36372,-0.184963,0.184963,2.36372,1,1,0.171938,2.355,0.0130248,0.00872284,0,0,0,0,0,0,0,0,0,0,0,0,0,0,0,0,0,0,0,0,0,0,0,255,0.21,2.28507,0.21,0.142904,1.97587,1,1,1,1,0,1,1,-0.324108,-3.1721,0.116838,0.382659,-0.118334,0.0116343,39.6388,15634,1,367,78.8692,3909,0,0.000884653,0.00390874,0.00485727,0,0,0,1,120,0.215,0.00314839,0.0400755,0.00861623,-0.000676904,0.00822009,-0.00266976,-0.134166,0.11637,0.00534479,-0.000851726,-0.235638,-0.000842404,0.0375082,-0.0454793,20.6888,2,0,0,0,0,0,-1,1,-9.04608e-07,-3.41781e-06,-0.234491,0,39.8148,1,1010,1010,1010,1010,0,0,0,0,39.8185,27,0.176197,2.40156,0,0,0,0,0,0,24,0.180978,2.37247,10,0.135355,2.29101,9,0.255036,2.34781,10,0.147165,2.27204,5,0.173327,2.32184,35,0.195466,2.36331
5001184573348,5001174967000,5001174967000,5001184567200,73729,9.6002,5001203015566,28.0486,1,16708,62077,0,0,1,0,0,0.019997,449,441,114,0.258503,2.5407,8.82462,4.87463,0.115261,1.87347,24.9233,0.00313195,0.0467504,-0.157164,-0.0425506,1,2.33787,-0.156621,0.156621,2.33787,1,1,0.144914,2.3258,0.0117077,0.0120715,0,0,0,0,0,0,0,0,0,0,0,0,0,0,0,0,0,0,0,0,0,0,0,255,0.21,2.89787,0.21,0.161017,1.93836,1,1,1,1,1,1,1,-0.303603,-3.1788,0.117129,0.395828,-0.12088,0.0100418,2.21868,15635,1,367,97.776,3909,0,0.000884653,0.00390874,0.00485727,0,0,0,1,114,0.215,0.00266203,0.0396107,0.00851631,-0.000572336,0.00814388,-0.00255581,-0.126022,0.113814,0.00502726,0.000840403,-0.236995,0.00284023,0.0519076,-0.0380023,2.07559,4,0,0,0,0,0,-1,1,-9.04608e-07,-3.41781e-06,-0.236649,0,2.36191,1,1010,1010,1010,1010,0,0,0,0,2.36713,14,0.264474,2.24717,0,0,0,0,0,0,28,0.184733,2.40812,19,0.0848709,2.31155,9,0.225972,2.09253,5,0.0990189,2.41703,10,0.126315,2.37051,29,0.134096,2.35936
5001203489884,5001194961000,5001194961000,5001203483773,73729,8.52277,5001221447969,26.487,1,16709,62078,0,0,1,0,0,0.019994,459,448,67,0.149554,2.56634,8.50671,4.9435,0.085963,1.79834,25.4348,0.00283374,0.04731,-0.0121653,0.129571,1,2.36621,-0.141729,0.141729,2.36621,1,1,0.1355,2.35277,0.00622958,0.0134432,0,0,0,0,0,0,0,0,0,0,0,0,0,0,0,0,0,0,0,0,0,0,0,255,0.21,1.49988,0.21,0.153043,1.97037,1,1,1,1,0,1,1,-0.303603,-3.1788,0.117129,0.395828,-0.12088,0.0100418,20.6589,15635,1,367,116.217,3909,0,0.000884653,0.00390874,0.00485727,0,0,0,1,67,0.215,0.00240074,0.0400578,0.00861244,-0.000516159,0.00825051,-0.00252378,-0.117772,0.11129,0.00502726,0.000840403,-0.236995,-0.00216038,0.0578059,-0.023158,20.5221,0,0,0,0,0,0,-1,1,-9.04608e-07,-3.41781e-06,-0.236649,0,20.816,1,1010,1010,1010,1010,0,0,0,0,20.8212,0,0,0,0,0,0,0,0,0,0,0,0,2,0,0,16,0.131737,2.25538,2,0,0,11,0.186421,2.36264,36,0.123661,2.41329
5001221894213,5001202983000,5001202983000,5001221882713,73729,18.8997,5001234743905,31.7609,0,16709,62079,0,0,1,0,0,0.008022,451,446,186,0.41704,2.559,5.40741,2.40172,0.154871,0.287872,12.7532,0.000606491,0.024035,0.0234952,-0.0447631,1,2.99613,-0.0756035,0.0756035,2.99613,1,1,0.0790863,2.99081,-0.00348279,0.00532192,0,0,0,0,0,0,0,0,0,0,0,0,0,0,0,0,0,0,0,0,0,0,0,255,0.21,-0.410133,0.21,0.0527119,2.47979,1,1,1,1,0,1,1,-0.303603,-3.1788,0.117129,0.395828,-0.12088,0.0100418,33.9573,15635,1,367,129.515,3909,0,0.000884653,0.00390874,0.00485727,0,0,0,1,186,0.215,0.000509903,0.0203545,0.00437621,-0.000109629,0.00422802,-0.00113449,-0.113544,0.110155,0.00439055,0.00111525,-0.237105,-0.0276175,0.0228842,-0.0101132,13.1062,2,0,0,0,0,0,-1,1,-9.04608e-07,-3.41781e-06,-0.236649,0,34.1317,1,1010,1010,1010,1010,0,0,0,0,34.1369,1,0,0,0,0,0,14,-0.020124,3.00407,26,0.098282,3.02416,22,-0.0177794,2.86976,27,0.093262,2.94633,22,0.0759486,3.00535,23,0.0744497,3.01153,51,0.0946401,3.03345
5001235215854,5001222981000,5001222981000,5001235209779,73729,12.2288,5001254858858,31.8779,1,16710,62080,0,0,1,0,0,0.019998,461,447,42,0.0939597,2.53832,10.413,4.93271,0.071538,0.919067,26.2272,0.00102202,0.0452487,0.432128,0.521345,1,2.26266,-0.0511059,0.0511059,2.26266,1,1,0.0563774,2.25238,-0.00527147,0.0102844,0,0,0,0,0,0,0,0,0,0,0,0,0,0,0,0,0,0,0,0,0,0,0,255,0.21,2.73943,0.21,0.0877235,2.0485,1,1,1,1,1,1,1,-0.303603,-3.1788,0.117129,0.395828,-0.12088,0.0100418,54.0656,15635,1,367,149.623,3909,0,0.000884653,0.00390874,0.00485727,0,0,0,1,42,0.215,0.000874067,0.0383155,0.00823784,-0.000187924,0.0079632,-0.00211766,-0.10558,0.108038,0.00435629,0.00163764,-0.237107,-0.0235375,0.0442229,-0.000696175,20.0233,1,0,0,0,0,0,-1,1,-9.04608e-07,-3.41781e-06,-0.236772,0,0.149724,1,1010,1010,1010,1010,0,0,0,0,0.153742,1,0,0,0,0,0,0,0,0,0,0,0,3,0.0193739,2.29601,9,-0.00979321,2.27848,0,0,0,11,0.133393,2.27981,18,0.0375714,2.25729
5001255361214,5001242992000,5001242992000,5001255355714,73729,12.3637,5001274463233,31.4712,1,16711,62081,0,0,1,0,0,0.020011,478,462,43,0.0930736,2.57302,9.57002,4.89741,0.073074,1.18678,26.4731,0.0018552,0.0508113,-0.187872,-0.0790162,1,2.53917,-0.092709,0.092709,2.53917,1,1,0.103482,2.53055,-0.0107734,0.00861579,0,0,0,0,0,0,0,0,0,0,0,0,0,0,0,0,0,0,0,0,0,0,0,255,0.21,2.56715,0.21,0.129184,2.08417,1,1,1,1,0,1,1,-0.282295,-3.18553,0.117389,0.423476,-0.126706,0.00952758,19.5931,15636,1,367,169.231,3909,0,0.000884653,0.00390874,0.00485727,0,0,0,1,43,0.215,0.00157282,0.0430276,0.00925094,-0.000338157,0.00891464,-0.00249456,-0.0966657,0.105543,0.00391677,0.00217564,-0.236311,-0.0166541,0.0370479,0.0237371,19.4754,2,0,0,0,0,0,-1,1,-9.04608e-07,-3.41781e-06,-0.236772,0,19.7189,1,1010,1010,1010,1010,0,0,0,0,19.723,0,0,0,0,0,0,0,0,0,16,0.115535,2.53791,4,0.0844168,2.52359,1,0,0,0,0,0,3,0.0807836,2.64744,19,0.0770687,2.51614
5001274898273,5001262978000,5001262978000,5001274890421,73729,11.9124,5001295007800,32.0298,1,16712,62082,0,0,1,0,0,0.019986,481,470,55,0.117021,2.59174,10.0482,4.94261,0.078686,1.47009,25.4672,0.00253228,0.0480563,-0.0628542,0.0398593,1,2.4045,-0.126703,0.126703,2.4045,1,1,0.149594,2.39747,-0.022891,0.00702725,0,0,0,0,0,0,0,0,0,0,0,0,0,0,0,0,0,0,0,0,0,0,0,255,0.21,1.7929,0.21,0.129733,2.00067,1,1,1,1,0,1,1,-0.259141,-3.19257,0.117534,0.43694,-0.133224,0.0108619,1.21984,15637,1,367,189.767,3909,0,0.000884653,0.00390874,0.00485727,0,0,0,1,55,0.215,0.00214502,0.0407174,0.00875423,-0.00046118,0.00840876,-0.00247814,-0.0882569,0.103065,0.0036446,0.00309955,-0.233964,-0.00627526,0.0302172,0.0737247,1.20001,3,0,0,0,0,0,-1,1,-9.04608e-07,-3.41781e-06,-0.232972,0,1.35294,1,1010,1010,1010,1010,0,0,0,0,1.35682,0,0,0,0,0,0,4,0.0998323,2.29111,18,0.1288,2.37227,0,0,0,1,0,0,4,0.180378,2.43626,8,0.129293,2.47508,20,0.103285,2.41351
5001295381711,5001282990000,5001282990000,5001295376451,73729,12.3865,5001315405829,32.4158,1,16713,62083,0,0,1,0,0,0.020012,490,484,60,0.123967,2.57513,10.7726,4.96526,0.082056,1.42487,28.3166,0.00294086,0.0537768,0.00281357,-0.072698,1,2.68723,-0.146955,0.146955,2.68723,1,1,0.177333,2.67573,-0.0303786,0.0114996,0,0,0,0,0,0,0,0,0,0,0,0,0,0,0,0,0,0,0,0,0,0,0,255,0.21,1.95822,0.21,0.105274,2.23353,1,1,1,1,1,1,1,-0.259141,-3.19257,0.117534,0.43694,-0.133224,0.0108619,21.6239,15637,1,367,210.171,3909,0,0.000884653,0.00390874,0.00485727,0,0,0,1,60,0.215,0.0024879,0.0455489,0.00979301,-0.000534898,0.00940467,-0.00278206,-0.0788522,0.100283,0.00349078,0.00354987,-0.233049,-0.0117604,0.0494481,0.0950941,20.3145,1,0,0,0,0,0,-1,1,-9.04608e-07,-3.41781e-06,-0.232972,0,21.785,1,1010,1010,1010,1010,0,0,0,0,21.7889,0,0,0,0,0,0,0,0,0,9,0.0807751,2.73271,3,0.0594684,2.62239,10,0.136617,2.69189,5,0.274415,2.6352,8,0.159056,2.63379,25,0.15185,2.72051
5001315911370,5001302978000,5001302978000,5001315904370,73729,12.9264,5001336429863,33.4519,1,16714,62084,0,0,0,5,0,0.019988,486,454,13,0.0286344,2.58833,11.8141,4.87161,0,0,0,0,0,0,0,1,0,0,0,0,0,0,0,0,0,0,0,0,0,0,0,0,0,0,0,0,0,0,0,0,0,0,0,0,0,0,0,0,0,0,0.21,2.17698,0.21,0,0,0,1,0,0,0,1,1,-0.259141,-3.19257,0.117534,0.43694,-0.133224,0.0108619,42.6233,15637,1,367,20.989,3910,0,0.000884653,0.00367943,0.00533499,0,0,0,0,0,0,0,0,0,0,0,0,-0.0788522,0.100283,0.00359198,0.00481914,-0.231183,0.00576221,0.0547876,0.0994545,20.8612,2,0,0,0,0,0,-1,1,-9.04608e-07,-3.41781e-06,-0.232972,0,42.6865,1,1010,1010,1010,1010,0,0,0,0,42.6904,0,0,0,0,0,0,0,0,0,0,0,0,0,0,0,0,0,0,0,0,0,0,0,0,0,0,0
5001336772329,5001322985000,5001322985000,5001336766921,73729,13.7819,5001356794670,33.8097,1,16715,62085,0,0,1,0,0,0.020007,500,486,22,0.0452675,2.61002,11.0101,4.9245,0.061852,1.08556,28.895,0.000588762,0.0529914,-0.0492732,0.396795,1,2.64864,-0.0294278,0.0294278,2.64864,1,1,0.0494688,2.63354,-0.020041,0.0151038,0,0,0,0,0,0,0,0,0,0,0,0,0,0,0,0,0,0,0,0,0,0,0,255,0.21,2.71541,0.21,0.0772383,2.27215,1,1,1,1,0,1,1,-0.235329,-3.19982,0.117738,0.464673,-0.130948,0.0107014,12.7912,15638,1,367,41.3814,3910,0,0.000884653,0.00367943,0.00533499,0,0,0,1,22,0.215,0.000492398,0.0449341,0.00966083,-0.000105866,0.00938227,-0.00230489,-0.06947,0.0979781,0.00393743,0.00590889,-0.229936,0.0107978,0.0649463,0.0775793,12.7483,2,0,0,0,0,0,-1,1,-9.04608e-07,-3.41781e-06,-0.229657,0,12.9516,1,1010,1010,1010,1010,0,0,0,0,12.9557,0,0,0,0,0,0,8,0.000837082,2.70601,0,0,0,0,0,0,9,-0.033617,2.75602,0,0,0,1,0,0,4,0.0565255,2.59243
5001357239266,5001342984000,5001342984000,5001357231581,73729,14.2476,5001378234429,35.2504,1,16716,62086,0,0,1,0,0,0.019999,500,479,48,0.100209,2.63698,11.9109,4.93887,0.07563,1.17899,29.3617,0.00547917,0.0547637,0.618591,-0.261174,1,2.73832,-0.273972,0.273972,2.73832,1,1,0.282483,2.71583,-0.00851063,0.0224917,0,0,0,0,0,0,0,0,0,0,0,0,0,0,0,0,0,0,0,0,0,0,0,255,0.21,2.87443,0.21,0.0605988,2.29186,1,1,1,1,1,1,1,-0.235329,-3.19982,0.117738,0.464673,-0.130948,0.0107014,34.234,15638,1,367,62.8241,3910,0,0.000884653,0.00367943,0.00533499,0,0,0,1,48,0.215,0.00462355,0.0463801,0.00997173,-0.000994062,0.00948209,-0.00324143,-0.0599879,0.0947367,0.00365485,0.00781028,-0.230031,-0.00540061,0.0967144,0.0249561,21.3086,2,0,0,0,0,0,-1,1,-9.04608e-07,-3.41781e-06,-0.229657,0,34.3631,1,1010,1010,1010,1010,0,0,0,0,34.3673,0,0,0,0,0,0,4,0.109723,2.88809,1,0,0,1,0,0,18,0.248229,2.72345,6,0.0846732,2.65119,1,0,0,17,0.355159,2.71297
5001378710266,5001362982000,5001362982000,5001378703655,73729,15.7217,5001398688866,35.7069,1,16717,62087,0,0,1,0,0,0.019998,500,478,41,0.0857741,2.64724,10.9224,4.89465,0.070834,1.48047,28.67,0.00380329,0.0499796,0.817866,0.293349,1,2.49923,-0.190184,0.190184,2.49923,1,1,0.175205,2.4896,0.0149785,0.00963055,0,0,0,0,0,0,0,0,0,0,0,0,0,0,0,0,0,0,0,0,0,0,0,255,0.21,4.02535,0.21,0.122857,2.20229,1,1,1,1,0,1,1,-0.211007,-3.20705,0.117994,0.486211,-0.142295,0.0181397,3.18651,15639,1,367,83.2694,3910,0,0.000884653,0.00367943,0.00533499,0,0,0,1,41,0.215,0.00321785,0.0423542,0.00910616,-0.000691838,0.00869831,-0.00278076,-0.0512896,0.0919559,0.00177984,0.00942055,-0.233589,-0.0361351,0.0414114,-0.0804342,3.10988,4,0,0,0,0,0,-1,1,-9.04608e-07,-3.41781e-06,-0.23355,0,3.31145,1,1010,1010,1010,1010,0,0,0,0,3.31521,3,0.337059,2.44699,0,0,0,6,0.0726198,2.57312,1,0,0,0,0,0,19,0.150973,2.49342,1,0,0,2,0,0,9,0.349805,2.58125
5001399114666,5001394984000,5001394984000,5001399107906,73729,4.12391,5001422583885,27.5999,2,16719,62088,0,0,0,5,0,0.032002,500,463,10,0.0215983,2.63913,14.578,4.96211,0,0,0,0,0,0,0,1,0,0,0,0,0,0,0,0,0,0,0,0,0,0,0,0,0,0,0,0,0,0,0,0,0,0,0,0,0,0,0,0,0,0,0.21,4.0339,0.21,0,0,0,1,0,0,0,1,1,-0.211007,-3.20705,0.117994,0.486211,-0.142295,0.0181397,27.0601,15639,1,367,107.143,3910,0,0.000884653,0.00367943,0.00533499,0,0,0,0,0,0,0,0,0,0,0,0,-0.0512896,0.0919559,-0.00014345,0.010377,-0.233844,-0.0908798,0.0381218,-0.0350551,1.34468,3,0,0,0,0,0,-1,1,-9.04608e-07,-3.41781e-06,-0.23355,0,27.1234,1,1010,1010,1010,1010,0,0,0,0,27.1272,0,0,0,0,0,0,0,0,0,0,0,0,0,0,0,0,0,0,0,0,0,0,0,0,0,0,0
5001422906518,5001410998000,5001410998000,5001422898666,73729,11.9007,5001444095775,33.0978,1,16720,62089,0,0,0,5,0,0.016014,500,481,16,0.033264,2.66591,12.4629,4.93382,0,0,0,0,0,0,0,1,0,0,0,0,0,0,0,0,0,0,0,0,0,0,0,0,0,0,0,0,0,0,0,0,0,0,0,0,0,0,0,0,0,0,0.21,7.59256,0.21,0,0,0,1,0,0,1,1,1,-0.211007,-3.20705,0.117994,0.486211,-0.142295,0.0181397,48.572,15639,1,367,128.655,3910,0,0.000884653,0.00367943,0.00533499,0,0,0,0,0,0,0,0,0,0,0,0,-0.0512896,0.0919559,-0.00014345,0.010377,-0.233844,-0.0549051,0.0383285,0.0109576,22.7774,0,0,0,0,0,0,-1,1,-9.04608e-07,-3.41781e-06,-0.23355,0,48.6355,1,1010,1010,1010,1010,0,0,0,0,48.6392,0,0,0,0,0,0,0,0,0,0,0,0,0,0,0,0,0,0,0,0,0,0,0,0,0,0,0
5001444485148,5001431013000,5001431013000,5001444479093,73729,13.4661,5001465876778,34.8638,1,16721,62090,0,0,1,0,0,0.020015,500,478,25,0.0523013,2.65171,11.6597,4.9363,0.063149,0.45639,30.5978,-0.0326838,-0.00013034,5.07187,7.5212,1,-0.00651213,1.63296,-1.63296,-0.00651213,1,1,-1.60775,-0.0214708,-0.0252133,0.0149586,0,0,0,0,0,0,0,0,0,0,0,0,0,0,0,0,0,0,0,0,0,0,0,255,0.21,5.67221,0.21,0.130999,2.40127,1,1,1,1,0,1,1,-0.185165,-3.21442,0.118333,0.495207,-0.139429,0.00612979,21.617,15640,1,367,150.46,3910,0,0.000884653,0.00367943,0.00533499,0,0,0,1,25,0.215,-0.0278112,-8.84055e-05,-1.90072e-05,0.0059794,0.00136298,0.00582201,-0.0499266,0.097778,-0.00110632,0.0114242,-0.233158,-0.0389932,0.0643221,0.0555391,21.5799,1,0,0,0,0,0,-1,1,-9.04608e-07,-3.41781e-06,-0.232281,0,21.7896,1,1010,1010,1010,1010,0,0,0,0,21.7931,0,0,0,0,0,0,2,0,0,1,0,0,0,0,0,12,-1.86792,0.401219,0,0,0,0,0,0,10,-0.792523,-0.5517
5001466297040,5001451035000,5001451035000,5001466289263,73729,15.2543,5001486969590,35.9346,1,16722,62091,0,0,1,0,0,0.020022,500,489,30,0.0613497,2.64254,11.6995,4.92782,0.065982,1.01279,31.3206,0.0104054,0.0205459,1.00511,6.16537,1,1.02617,-0.519697,0.519697,1.02617,1,1,0.548552,1.01684,-0.0288545,0.00933171,0,0,0,0,0,0,0,0,0,0,0,0,0,0,0,0,0,0,0,0,0,0,0,255,0.21,0.207168,0.21,0.122428,2.3859,1,1,1,1,0,1,1,-0.185165,-3.21442,0.118333,0.495207,-0.139429,0.00612979,42.7097,15640,1,367,171.552,3910,0,0.000884653,0.00367943,0.00533499,0,0,0,1,30,0.215,0.00879998,0.0174054,0.00374216,-0.001892,0.00320843,-0.00269955,-0.0467181,0.0950784,-0.00149259,0.0122269,-0.231342,-0.0302936,0.0401264,0.0750246,20.9531,3,0,0,0,0,0,-1,1,-9.04608e-07,-3.41781e-06,-0.232281,0,42.8339,1,1010,1010,1010,1010,0,0,0,0,42.8373,1,0,0,5,0.560435,0.168735,0,0,0,0,0,0,0,0,0,0,0,0,5,1.65908,1.1546,19,0.0942941,1.34091,0,0,0
5001487378908,5001470990000,5001470990000,5001487371556,73729,16.3816,5001509719693,38.7297,1,16723,62092,0,0,1,0,0,0.019955,500,480,30,0.0625,2.6525,13.126,5.03835,0.065519,0.738281,31.89,0.00226883,0.0576482,0.328944,-0.0135589,1,2.88891,-0.113697,0.113697,2.88891,1,1,0.112346,2.87805,0.00135102,0.0108566,0,0,0,0,0,0,0,0,0,0,0,0,0,0,0,0,0,0,0,0,0,0,0,255,0.21,0.977545,0.21,0.0659884,2.50618,1,1,1,1,1,1,1,-0.1605,-3.22141,0.118584,0.479634,-0.134636,0.0118386,12.2264,15641,1,367,12.1762,3911,0,0.000884653,0.00361432,0.0153614,0,0,0,1,30,0.215,0.00190521,0.0488821,0.0105097,-0.000409619,0.0101321,-0.00281782,-0.0365861,0.0922606,-0.0015954,0.0139032,-0.232294,-0.00528388,0.0466833,-0.00887462,12.1519,3,0,0,0,0,0,-1,1,-9.04608e-07,-3.41781e-06,-0.232329,0,12.3709,1,1010,1010,1010,1010,0,0,0,0,12.3751,0,0,0,0,0,0,8,0.105558,2.90183,0,0,0,0,0,0,12,0.112975,2.93024,0,0,0,0,0,0,10,0.132958,2.82106
5001510213734,5001490997000,5001490997000,5001510205067,73729,19.2081,5001531192119,40.1951,1,16724,62093,0,0,1,0,0,0.020007,500,489,72,0.147239,2.69972,11.5563,4.94319,0.083797,1.54962,30.5786,0.00490116,0.0567373,0.342086,-0.177588,1,2.83587,-0.244972,0.244972,2.83587,1,1,0.226907,2.8247,0.0180656,0.0111764,0,0,0,0,0,0,0,0,0,0,0,0,0,0,0,0,0,0,0,0,0,0,0,255,0.21,3.4944,0.21,0.12382,2.39618,1,1,1,1,0,1,1,-0.1605,-3.22141,0.118584,0.479634,-0.134636,0.0118386,33.7039,15641,1,367,33.6537,3911,0,0.000884653,0.00361432,0.0153614,0,0,0,1,72,0.215,0.00413155,0.048066,0.0103342,-0.000888283,0.00984917,-0.00324917,-0.0267369,0.0890114,-0.00152165,0.0142758,-0.232897,0.00346574,0.0480585,-0.0593729,21.3779,1,0,0,0,0,0,-1,1,-9.04608e-07,-3.41781e-06,-0.232329,0,33.8625,1,1010,1010,1010,1010,0,0,0,0,33.8667,0,0,0,0,0,0,9,0.227366,2.83972,1,0,0,0,0,0,19,0.215696,2.85698,3,0.241888,2.74109,13,0.249882,2.85772,27,0.273867,2.84046
5001531653419,5001522971000,5001522971000,5001531647660,73729,8.67666,5001554546579,31.5756,2,16726,62094,0,0,0,5,0,0.031974,500,470,9,0.0191489,2.64052,14.0355,4.88996,0,0,0,0,0,0,0,1,0,0,0,0,0,0,0,0,0,0,0,0,0,0,0,0,0,0,0,0,0,0,0,0,0,0,0,0,0,0,0,0,0,0,0.21,4.60661,0.21,0,0,0,1,0,0,0,1,1,-0.136215,-3.22832,0.118835,0.468992,-0.134898,0.00696529,4.25303,15642,1,367,56.9792,3911,0,0.000884653,0.00361432,0.0153614,0,0,0,0,0,0,0,0,0,0,0,0,-0.0267369,0.0890114,-0.00257711,0.0163476,-0.235181,-0.0307561,0.0334908,-0.0571294,4.2194,4,0,0,0,0,0,-1,1,-9.04608e-07,-3.41781e-06,-0.235238,0,4.3164,1,1010,1010,1010,1010,0,0,0,0,4.32085,0,0,0,0,0,0,0,0,0,0,0,0,0,0,0,0,0,0,0,0,0,0,0,0,0,0,0
5001554884211,5001542969000,5001542969000,5001554875878,73729,11.9069,5001576242285,33.2733,1,16727,62095,0,0,1,0,0,0.019998,500,494,40,0.0809717,2.66163,12.1083,5.10256,0.073001,1.48833,31.0626,0.00601777,0.042758,2.23678,0.256923,1,2.13811,-0.300919,0.300919,2.13811,1,1,0.287587,2.12207,0.0133313,0.0160472,0,0,0,0,0,0,0,0,0,0,0,0,0,0,0,0,0,0,0,0,0,0,0,255,0.21,7.54573,0.21,0.175218,2.44675,1,1,1,1,1,1,1,-0.136215,-3.22832,0.118835,0.468992,-0.134898,0.00696529,25.9723,15642,1,367,78.6985,3911,0,0.000884653,0.00361432,0.0153614,0,0,0,1,40,0.215,0.00508954,0.0362568,0.00779521,-0.00109425,0.00732411,-0.00288184,-0.0194128,0.0861296,-0.00273548,0.0161159,-0.235387,0.0113938,0.0690031,-0.0367448,20.4723,1,0,0,0,0,0,-1,1,-9.04608e-07,-3.41781e-06,-0.235238,0,26.0947,1,1010,1010,1010,1010,0,0,0,0,26.0991,0,0,0,0,0,0,11,0.0634246,2.17142,2,0,0,0,0,0,16,0.235466,2.19744,0,0,0,0,0,0,11,0.543299,2.14762
5001576693955,5001562963000,5001562963000,5001576688103,73729,13.7251,5001596536887,33.5739,1,16728,62096,0,0,1,0,0,0.019994,500,495,44,0.0888889,2.66026,10.6822,5.01643,0.074223,0.453201,27.5873,-0.00198467,0.0541779,-0.57945,0.00587916,1,2.70971,0.099263,-0.099263,2.70971,1,1,-0.0910301,2.70364,-0.00823292,0.0060686,0,0,0,0,0,0,0,0,0,0,0,0,0,0,0,0,0,0,0,0,0,0,0,255,0.21,6.96074,0.21,0.0258572,2.10757,1,1,1,1,0,1,1,-0.11353,-3.23502,0.118901,0.435878,-0.126263,0.00875621,2.46559,15643,1,367,98.9902,3911,0,0.000884653,0.00361432,0.0153614,0,0,0,1,44,0.215,-0.0016944,0.0458606,0.00986004,0.000364297,0.00967257,-0.00194017,-0.0097402,0.0841894,-0.00337356,0.0175008,-0.234893,-0.0256715,0.026095,0.00778404,2.44322,3,0,0,0,0,0,-1,1,-9.04608e-07,-3.41781e-06,-0.234505,0,2.5903,1,1010,1010,1010,1010,0,0,0,0,2.59543,0,0,0,0,0,0,0,0,0,0,0,0,1,0,0,9,-0.0708947,2.71894,0,0,0,12,-0.100082,2.72555,22,-0.104929,2.6787
5001596944483,5001582966000,5001582966000,5001596937112,73729,13.9711,5001618707300,35.7413,1,16729,62097,0,0,1,0,0,0.020003,500,491,30,0.0610998,2.6658,12.6576,4.95132,0.06476,1.51433,28.4865,0.0039808,0.0395297,1.94302,0.731244,1,1.97619,-0.19901,0.19901,1.97619,1,1,0.210769,1.96739,-0.0117593,0.00879379,0,0,0,0,0,0,0,0,0,0,0,0,0,0,0,0,0,0,0,0,0,0,0,255,0.21,7.03204,0.21,0.166663,2.23349,1,1,1,1,0,1,1,-0.11353,-3.23502,0.118901,0.435878,-0.126263,0.00875621,24.6454,15643,1,367,121.17,3911,0,0.000884653,0.00361432,0.0153614,0,0,0,1,30,0.215,0.00336941,0.0335178,0.00720634,-0.000724424,0.00683993,-0.00237828,-0.00290028,0.0818111,-0.00354529,0.0175121,-0.234426,-0.00193519,0.0378133,0.0389037,22.0947,1,0,0,0,0,0,-1,1,-9.04608e-07,-3.41781e-06,-0.234505,0,24.8136,1,1010,1010,1010,1010,0,0,0,0,24.8188,0,0,0,0,0,0,7,-0.12992,2.06826,1,0,0,0,0,0,12,0.196401,1.89255,0,0,0,1,0,0,9,0.429526,2.07315
5001619167785,5001611004000,5001611004000,5001619162896,73729,8.1589,5001641661683,30.6577,2,16731,62098,0,0,0,5,0,0.028038,500,493,16,0.0324544,2.68084,12.8204,4.96521,0,0,0,0,0,0,0,1,0,0,0,0,0,0,0,0,0,0,0,0,0,0,0,0,0,0,0,0,0,0,0,0,0,0,0,0,0,0,0,0,0,0,0.21,0.680264,0.21,0,0,0,1,0,0,1,1,1,-0.11353,-3.23502,0.118901,0.435878,-0.126263,0.00875621,47.5697,15643,1,367,144.094,3911,0,0.000884653,0.00361432,0.0153614,0,0,0,0,0,0,0,0,0,0,0,0,-0.00290028,0.0818111,-0.00366157,0.018451,-0.233009,-0.0149173,0.0290831,0.061605,22.7602,2,0,0,0,0,0,-1,1,-9.04608e-07,-3.41781e-06,-0.234505,0,47.6325,1,1010,1010,1010,1010,0,0,0,0,47.6376,0,0,0,0,0,0,0,0,0,0,0,0,0,0,0,0,0,0,0,0,0,0,0,0,0,0,0
5001641976185,5001631013000,5001631013000,5001641970611,73729,10.9576,5001660969703,29.9567,1,16732,62099,0,0,1,0,0,0.020009,500,494,68,0.137652,2.71767,9.51487,5.15063,0.082963,0.44574,26.7083,0.000747167,0.0502106,-0.0777835,0.0412861,1,2.5094,-0.0373416,0.0373416,2.5094,1,1,0.0722081,2.50361,-0.0348665,0.00579322,0,0,0,0,0,0,0,0,0,0,0,0,0,0,0,0,0,0,0,0,0,0,0,255,0.21,3.2006,0.21,0.0295214,2.09313,1,1,1,1,0,1,1,-0.0922659,-3.24123,0.119005,0.430883,-0.123542,0.00497948,17.567,15644,1,367,163.423,3911,0,0.000884653,0.00361432,0.0153614,0,0,0,1,68,0.215,0.000610533,0.042537,0.00914545,-0.000131265,0.00887784,-0.00219269,0.00597756,0.0796184,-0.00476011,0.0198407,-0.227785,-0.0186164,0.0249109,0.105048,0.4268,5,0,0,0,0,0,-1,1,-9.04608e-07,-3.41781e-06,-0.229965,0,0.709542,1,1010,1010,1010,1010,0,0,0,0,17.7042,1,0,0,0,0,0,3,0.0124413,2.48856,0,0,0,1,0,0,23,-0.0193367,2.4939,22,0.0691261,2.56098,15,0.040833,2.50576,3,-0.0396615,2.64511
5001661383762,5001650985000,5001650985000,5001661378466,73729,10.3935,5001680324576,29.3396,1,16733,62100,0,0,1,0,0,0.019972,500,490,49,0.1,2.66598,9.92647,4.93374,0.075168,0.659149,25.7044,-0.000844523,0.0464544,-0.0381302,0.349754,1,2.32598,0.0422854,-0.0422854,2.32598,1,1,-0.0074735,2.32211,-0.0348119,0.00386997,0,0,0,0,0,0,0,0,0,0,0,0,0,0,0,0,0,0,0,0,0,0,0,255,0.21,2.29611,0.21,0.0511519,2.02321,1,1,1,1,0,1,1,-0.0922659,-3.24123,0.119005,0.430883,-0.123542,0.00497948,36.9265,15644,1,367,182.782,3911,0,0.000884653,0.00361432,0.0153614,0,0,0,1,49,0.215,-0.00073256,0.0393661,0.00846372,0.0001575,0.00827902,-0.00175747,0.0142566,0.077861,-0.00476011,0.0198407,-0.227785,-0.0141229,0.0166409,0.108454,19.7865,0,0,0,0,0,0,-1,1,-9.04608e-07,-3.41781e-06,-0.229965,0,20.0626,1,1010,1010,1010,1010,0,0,0,0,37.0572,0,0,0,0,0,0,2,0,0,0,0,0,0,0,0,24,-0.0678639,2.33902,0,0,0,5,0.0407214,2.24782,18,-0.0413644,2.36985
5001680798617,5001671018000,5001671018000,5001680793469,73729,9.77547,5001699877710,28.8597,1,16734,62101,0,0,1,0,0,0.020033,500,489,69,0.141104,2.6718,9.66972,4.99082,0.08439,0.687546,26.469,0.00055648,0.0498441,-0.15072,0.0660891,1,2.4881,-0.0277782,0.0277782,2.4881,1,1,0.0696307,2.48124,-0.0418525,0.00686449,0,0,0,0,0,0,0,0,0,0,0,0,0,0,0,0,0,0,0,0,0,0,0,255,0.21,1.40201,0.21,0.0469686,2.08907,1,1,1,1,1,1,1,-0.0709366,-3.24726,0.119103,0.431822,-0.117168,0.00630329,3.72512,15645,1,367,202.33,3911,0,0.000884653,0.00361432,0.0153614,0,0,0,1,69,0.215,0.000450644,0.0422215,0.00907763,-9.68884e-05,0.0088284,-0.00210613,0.023085,0.0757548,-0.00525928,0.0210486,-0.22351,-0.0171745,0.0295173,0.130233,3.64166,3,0,0,0,0,0,-1,1,-9.04608e-07,-3.41781e-06,-0.223627,0,3.86877,1,1010,1010,1010,1010,0,0,0,0,3.87247,1,0,0,0,0,0,11,0.0037754,2.53704,0,0,0,1,0,0,22,0.0305707,2.59247,13,0.0454981,2.49444,9,0.0528617,2.39984,12,0.0585337,2.3467
5001700362121,5001690985000,5001690985000,5001700354787,73729,9.36979,5001719472010,28.487,1,16735,62102,0,0,1,0,0,0.019967,500,478,63,0.131799,2.62715,9.92389,4.97117,0.078667,0.2724,25.9525,-0.000815942,0.0489062,-0.287384,0.115754,1,2.44935,0.0408645,-0.0408645,2.44935,1,1,0.00800184,2.44274,-0.0488664,0.00660876,0,0,0,0,0,0,0,0,0,0,0,0,0,0,0,0,0,0,0,0,0,0,0,255,0.21,0.645524,0.21,0.00897855,2.03933,1,1,1,1,0,1,1,-0.0709366,-3.24726,0.119103,0.431822,-0.117168,0.00630329,23.336,15645,1,367,19.5923,3912,0,0.000884653,0.00399477,0.0204616,0,0,0,1,63,0.215,-0.000710463,0.0414125,0.00890369,0.00015275,0.00871413,-0.00182415,0.0317991,0.0739307,-0.00525928,0.0210486,-0.22351,-0.0264029,0.0284177,0.146978,23.2394,0,0,0,0,0,0,-1,1,-9.04608e-07,-3.41781e-06,-0.223627,0,23.49,1,1010,1010,1010,1010,0,0,0,0,23.4937,0,0,0,0,0,0,0,0,0,1,0,0,0,0,0,17,0.00394191,2.45261,23,-0.0439137,2.47068,7,-0.0708929,2.54259,15,-0.0813447,2.44019
5001719923199,5001710984000,5001710984000,5001719915810,73729,8.93181,5001738349583,27.3656,1,16736,62103,0,0,1,0,0,0.019999,500,471,81,0.171975,2.63022,9.12053,4.92861,0.095371,-0.120728,24.8322,0.000368434,0.0469615,0.0628298,-0.0953578,1,2.34819,-0.0184226,0.0184226,2.34819,1,1,0.0677774,2.3412,-0.0493548,0.00699435,0,0,0,0,0,0,0,0,0,0,0,0,0,0,0,0,0,0,0,0,0,0,0,255,0.21,-0.118149,0.21,-0.016474,1.9781,1,1,1,1,0,1,1,-0.0709366,-3.24726,0.119103,0.431822,-0.117168,0.00630329,42.2096,15645,1,367,38.4657,3912,0,0.000884653,0.00399477,0.0204616,0,0,0,1,81,0.215,0.000299208,0.0397883,0.00855449,-6.43298e-05,0.00833095,-0.00193494,0.0401301,0.0719957,-0.00548372,0.0218572,-0.220691,-0.0191903,0.0300757,0.154428,18.7218,2,0,0,0,0,0,-1,1,-9.04608e-07,-3.41781e-06,-0.223627,0,42.3613,1,1010,1010,1010,1010,0,0,0,0,42.365,0,0,0,0,0,0,17,-0.0409755,2.23499,2,0,0,3,-0.00151659,2.29848,28,0.000530138,2.35837,9,0.144594,2.22129,5,0.0274364,2.33303,17,0.0941641,2.43758
5001738799716,5001719003000,5001719003000,5001738789475,73729,19.7865,5001754297466,35.2945,0,16736,62104,0,0,1,0,0,0.008019,500,488,181,0.370902,2.66471,6.91192,3.59421,0.145927,-0.141174,12.1274,0.0011469,0.020575,1.13128,-0.00947631,1,2.56578,-0.143022,0.143022,2.56578,1,1,0.176584,2.55752,-0.0335616,0.00826646,0,0,0,0,0,0,0,0,0,0,0,0,0,0,0,0,0,0,0,0,0,0,0,255,0.21,8.30218,0.21,-0.0351561,2.36381,1,1,1,1,1,1,1,-0.0504029,-3.25264,0.119031,0.420155,-0.108203,0.00386396,3.69505,15646,1,367,54.4017,3912,0,0.000884653,0.00399477,0.0204616,0,0,0,1,181,0.215,0.000970062,0.0174346,0.00374844,-0.000208563,0.00361402,-0.00101273,0.0437441,0.070983,-0.00645369,0.0235218,-0.217618,-0.0230469,0.0355458,0.0970142,3.52931,4,0,0,0,0,0,-1,1,-9.04608e-07,-3.41781e-06,-0.218091,0,3.85864,1,1010,1010,1010,1010,0,0,0,0,3.86303,8,0.0361084,1.89342,2,0,0,31,-0.112801,2.6591,3,0.125178,2.01872,17,0.211108,2.43402,48,0.0631462,2.61002,2,0,0,26,0.335584,2.55271,44,0.298751,2.66466
5001754805933,5001738999000,5001738999000,5001754797637,73729,15.7986,5001774119176,35.1202,1,16737,62105,0,0,1,0,0,0.019996,500,460,55,0.119565,2.65983,10.0473,4.92772,0.077111,-0.0221252,26.6589,-0.00196595,0.0543371,-0.594433,-0.133262,1,2.7174,0.098317,-0.098317,2.7174,1,1,-0.0738122,2.70813,-0.0245048,0.00927158,0,0,0,0,0,0,0,0,0,0,0,0,0,0,0,0,0,0,0,0,0,0,0,255,0.21,4.24524,0.21,-0.0339105,2.13231,1,1,1,1,0,1,1,-0.0504029,-3.25264,0.119031,0.420155,-0.108203,0.00386396,23.5232,15646,1,367,74.2299,3912,0,0.000884653,0.00399477,0.0204616,0,0,0,1,55,0.215,-0.00167615,0.0460175,0.00989377,0.000360372,0.0097355,-0.00178364,0.0534796,0.0691994,-0.00645369,0.0235218,-0.217618,-0.0305027,0.0398678,0.0598943,23.3894,0,0,0,0,0,0,-1,1,-9.04608e-07,-3.41781e-06,-0.218091,0,23.6856,1,1010,1010,1010,1010,0,0,0,0,23.69,0,0,0,0,0,0,2,0,0,1,0,0,5,-0.312312,2.71262,20,-0.050938,2.75667,1,0,0,0,0,0,26,-0.121405,2.66326
5001774587939,5001759006000,5001759006000,5001774580161,73729,15.5742,5001794424982,35.419,1,16738,62106,0,0,1,0,0,0.020007,500,461,79,0.171367,2.64463,9.88102,4.94191,0.093594,0.257019,26.2933,-0.000648352,0.0487975,-0.239621,0.143844,1,2.43902,0.0324062,-0.0324062,2.43902,1,1,-0.0182739,2.43326,-0.0141324,0.00575628,0,0,0,0,0,0,0,0,0,0,0,0,0,0,0,0,0,0,0,0,0,0,0,255,0.21,3.78353,0.21,0.0208932,2.04072,1,1,1,1,0,1,1,-0.0504029,-3.25264,0.119031,0.420155,-0.108203,0.00386396,43.8322,15646,1,367,94.539,3912,0,0.000884653,0.00399477,0.0204616,0,0,0,1,79,0.215,-0.000555749,0.0413248,0.00888484,0.000119486,0.00869886,-0.00179961,0.0621784,0.0673998,-0.00717478,0.0239916,-0.217452,-0.0362062,0.024752,0.0196504,20.1512,2,0,0,0,0,0,-1,1,-9.04608e-07,-3.41781e-06,-0.218091,0,43.9834,1,1010,1010,1010,1010,0,0,0,0,43.9878,0,0,0,0,0,0,3,0.0615935,2.15027,13,0.0198306,2.429,10,-0.0486764,2.43771,8,0.00782724,2.23832,6,0.0959718,2.4689,13,-0.0274887,2.48254,26,-0.0967985,2.5363
5001794894356,5001779004000,5001779004000,5001794887727,73729,15.8837,5001817828127,38.8241,1,16739,62107,0,0,1,0,0,0.019998,500,476,36,0.0756303,3.0131,12.5722,4.92617,0.066593,0.187531,24.0344,-0.00484166,0.0408601,-0.359738,0.812422,1,2.04321,0.242107,-0.242107,2.04321,1,1,-0.230264,2.03638,-0.0118431,0.00683551,0,0,0,0,0,0,0,0,0,0,0,0,0,0,0,0,0,0,0,0,0,0,0,255,0.21,3.77784,0.21,0.0357295,1.86799,1,1,1,1,1,1,1,-0.0306034,-3.25751,0.118924,0.390458,-0.0972262,0.00336522,23.2151,15647,1,367,117.937,3912,0,0.000884653,0.00399477,0.0204616,0,0,0,1,36,0.215,-0.00410579,0.034607,0.0074405,0.000882745,0.00745408,-0.000735119,0.0696325,0.0666647,-0.00719325,0.0248347,-0.216426,-0.00941444,0.0293927,0.0332088,21.137,2,0,0,0,0,0,-1,1,-9.04609e-07,-3.41781e-06,-0.216585,0,23.3868,1,1010,1010,1010,1010,0,0,0,0,23.4173,0,0,0,0,0,0,1,0,0,0,0,0,0,0,0,4,-0.324168,2.01898,4,0.23478,2.04021,2,0,0,25,-0.3073,2.16045
5001818289575,5001811020000,5001811020000,5001818284964,73729,7.26496,5001838180452,27.1605,2,16741,62108,0,0,0,5,0,0.032016,500,447,18,0.0402685,2.70102,10.9515,4.84472,0,0,0,0,0,0,0,1,0,0,0,0,0,0,0,0,0,0,0,0,0,0,0,0,0,0,0,0,0,0,0,0,0,0,0,0,0,0,0,0,0,0,0.21,6.83727,0.21,0,0,0,1,0,0,0,1,1,-0.0306034,-3.25751,0.118924,0.390458,-0.0972262,0.00336522,43.5431,15647,1,367,138.265,3912,0,0.000884653,0.00399477,0.0204616,0,0,0,0,0,0,0,0,0,0,0,0,0.0696325,0.0666647,-0.00738499,0.0255902,-0.214671,-0.0123624,0.0321377,0.0811328,20.168,2,0,0,0,0,0,-1,1,-9.04609e-07,-3.41781e-06,-0.216585,0,43.6063,1,1010,1010,1010,1010,0,0,0,0,43.6368,0,0,0,0,0,0,0,0,0,0,0,0,0,0,0,0,0,0,0,0,0,0,0,0,0,0,0
5001838498899,5001830980000,5001830980000,5001838494029,73729,7.51403,5001857316842,26.3368,1,16742,62109,0,0,1,0,0,0.01996,500,471,88,0.186837,2.67526,9.54454,4.96291,0.095964,0.0176086,23.3114,0.000539577,0.0440567,-0.088322,-0.0284313,1,2.20725,-0.0270329,0.0270329,2.20725,1,1,0.0521824,2.19754,-0.0251495,0.00971008,0,0,0,0,0,0,0,0,0,0,0,0,0,0,0,0,0,0,0,0,0,0,0,255,0.21,6.69968,0.21,0.00769881,1.83628,1,1,1,1,0,1,1,-0.0306034,-3.25751,0.118924,0.390458,-0.0972262,0.00336522,62.7048,15647,1,367,157.426,3912,0,0.000884653,0.00399477,0.0204616,0,0,0,1,88,0.215,0.000460427,0.0373372,0.00802751,-9.89918e-05,0.00782147,-0.00179753,0.077454,0.0648671,-0.00767427,0.0262945,-0.213562,-0.0126908,0.0417533,0.0763617,15.7968,2,0,0,0,0,0,-1,1,-9.04608e-07,-3.41781e-06,-0.213467,0,0.138167,1,1010,1010,1010,1010,0,0,0,0,16.0289,0,0,0,2,0,0,29,0.00736951,2.18923,2,0,0,7,0.055463,2.22986,26,0.0126866,2.24536,1,0,0,5,0.0692954,2.30061,16,-0.0115688,2.25731
5001857765660,5001847023000,5001847023000,5001857758512,73729,10.7355,5001876034469,29.0115,1,16743,62110,0,0,1,0,0,0.016043,500,489,81,0.165644,2.68919,8.978,4.94637,0.089908,-0.0213013,22.9142,0.000149826,0.0457437,-0.630623,-0.100302,1,2.85132,-0.009339,0.009339,2.85132,1,1,0.0255796,2.84457,-0.0162406,0.00675087,0,0,0,0,0,0,0,0,0,0,0,0,0,0,0,0,0,0,0,0,0,0,0,255,0.21,5.69815,0.21,0.0307649,2.26181,1,1,1,1,1,1,1,-0.012101,-3.26176,0.118748,0.375919,-0.092592,0.00315207,18.7026,15648,1,367,176.142,3912,0,0.000884653,0.00399477,0.0204616,0,0,0,1,81,0.215,0.000109961,0.0387519,0.00833166,-2.36417e-05,0.00813551,-0.00178333,0.0855895,0.0630838,-0.00809538,0.0269859,-0.212951,-0.0237248,0.0290287,0.0368879,18.5567,2,0,0,0,0,0,-1,1,-9.04608e-07,-3.41781e-06,-0.213467,0,18.8582,1,1010,1010,1010,1010,0,0,0,0,34.749,0,0,0,1,0,0,24,0.0372444,2.93662,2,0,0,4,0.145965,2.73446,31,0.00988395,2.85938,5,-0.252456,3.05765,1,0,0,13,-0.0353749,2.67734
5001876529047,5001867006000,5001867006000,5001876521751,73729,9.51575,5001894751337,27.7453,1,16744,62111,0,0,1,0,0,0.019983,500,482,103,0.213693,2.65,8.61642,4.97321,0.107945,-0.259003,21.9497,-0.000850781,0.0415771,-0.11083,0.172785,1,2.08062,0.0425752,-0.0425752,2.08062,1,1,-0.0248027,2.0735,-0.0177725,0.00711876,0,0,0,0,0,0,0,0,0,0,0,0,0,0,0,0,0,0,0,0,0,0,0,255,0.21,4.15487,0.21,0.00435377,1.73641,1,1,1,1,0,1,1,-0.012101,-3.26176,0.118748,0.375919,-0.092592,0.00315207,37.4212,15648,1,367,194.861,3912,0,0.000884653,0.00399477,0.0204616,0,0,0,1,103,0.215,-0.000729164,0.0352246,0.00757328,0.00015677,0.00743377,-0.00144012,0.0930233,0.0616437,-0.00861073,0.0276119,-0.212062,-0.0248401,0.0306107,0.0412654,18.5797,2,0,0,0,0,0,-1,1,-9.04608e-07,-3.41781e-06,-0.211098,0,0.096168,1,1010,1010,1010,1010,0,0,0,0,0.099575,3,-0.143714,1.61131,0,0,0,29,-0.046304,2.09821,9,-0.0275555,2.09221,20,-0.002676,2.01673,25,-0.0594442,2.09227,6,-0.00781919,2.29394,4,0.0134178,2.01452,7,-0.0984522,1.98374
5001895190433,5001887016000,5001887016000,5001895182526,73729,8.16653,5001913347463,26.3315,1,16745,62112,0,0,1,0,0,0.02001,500,482,121,0.251037,2.66811,8.30044,4.98956,0.127446,0.105469,21.5453,-0.000558172,0.0408696,-0.159443,0.0893547,1,2.04246,0.0278946,-0.0278946,2.04246,1,1,-0.0106837,2.03512,-0.0172109,0.00734292,0,0,0,0,0,0,0,0,0,0,0,0,0,0,0,0,0,0,0,0,0,0,0,255,0.21,2.49382,0.21,0.0171448,1.68798,1,1,1,1,0,1,1,0.00538294,-3.26582,0.11849,0.347657,-0.0866497,0.00244725,18.5453,15649,1,367,1.23849,3913,0,0.000884653,0.00336982,0.0345723,0,0,0,1,121,0.215,-0.000473014,0.0346201,0.00744332,0.000101698,0.00729759,-0.00145308,0.100321,0.0601906,-0.00879062,0.0290368,-0.210215,-0.00853303,0.0315746,0.0523791,1.12262,4,0,0,0,0,0,-1,1,-9.04608e-07,-3.41781e-06,-0.211098,0,18.7023,1,1010,1010,1010,1010,0,0,0,0,18.7057,0,0,0,0,0,0,25,-0.00090763,2.02118,4,-0.0287827,2.10992,22,-0.0178303,2.02659,37,-0.031044,2.09259,2,0,0,11,0.0198436,1.93156,20,-0.031404,2.08293
5001913801800,5001898998000,5001898998000,5001913791596,73729,14.7936,5001926873587,27.8756,0,16745,62113,0,0,1,0,0,0.011982,500,499,225,0.450902,2.67513,5.51104,2.004,0.175445,0.129791,9.97922,0.000785918,0.017843,0.315917,0.039632,1,1.48915,-0.0655916,0.0655916,1.48915,1,1,0.0788015,1.48252,-0.0132099,0.00662228,0,0,0,0,0,0,0,0,0,0,0,0,0,0,0,0,0,0,0,0,0,0,0,255,0.21,0.79608,0.21,0.0238069,1.27674,1,1,1,1,1,1,1,0.00538294,-3.26582,0.11849,0.347657,-0.0866497,0.00244725,32.0802,15649,1,367,14.7737,3913,0,0.000884653,0.00336982,0.0345723,0,0,0,1,225,0.215,0.000660591,0.0151132,0.00324933,-0.000142027,0.00314686,-0.000816655,0.103468,0.0593739,-0.00879062,0.0290368,-0.210215,-0.00583598,0.0284758,0.0407733,14.6172,0,0,0,0,0,0,-1,1,-9.04608e-07,-3.41781e-06,-0.211098,0,32.2566,1,1010,1010,1010,1010,0,0,0,0,32.26,3,-0.215808,0.93485,10,0.00952527,1.25012,37,-0.00476924,1.53141,5,0.0370608,1.433,27,0.0576925,1.56559,55,0.035718,1.51323,23,0.123797,1.48614,30,0.122569,1.49905,35,0.131884,1.52785
5001927403758,5001918997000,5001918997000,5001927395961,73729,8.39896,5001946826020,27.829,1,16746,62114,0,0,1,0,0,0.019999,500,497,164,0.32998,2.66919,8.86035,5.12598,0.18215,0.548035,20.5177,0.00182762,0.0387731,0.129197,-0.144979,1,1.93875,-0.0913855,0.0913855,1.93875,1,1,0.0995622,1.93379,-0.00817667,0.00496212,0,0,0,0,0,0,0,0,0,0,0,0,0,0,0,0,0,0,0,0,0,0,0,255,0.21,4.21777,0.21,0.0469368,1.59841,1,1,1,1,0,1,1,0.021574,-3.2697,0.118242,0.329761,-0.0866996,0.000916836,2.54124,15650,1,367,34.7265,3913,0,0.000884653,0.00336982,0.0345723,0,0,0,1,164,0.215,0.00153866,0.0328306,0.00705858,-0.000330813,0.00683146,-0.00179525,0.110299,0.0575787,-0.0091413,0.0292111,-0.210131,-0.013508,0.0213371,0.0173214,2.45956,2,0,0,0,0,0,-1,1,-9.04609e-07,-3.41781e-06,-0.210386,0,0.175557,1,1010,1010,1010,1010,0,0,0,0,2.73015,0,0,0,1,0,0,19,0.078001,1.96431,23,0.0751576,1.96138,30,0.0797465,1.96581,44,0.101037,1.9414,17,0.0441636,1.87729,13,0.0598097,1.93684,17,0.145398,1.86082
5001947415469,5001938989000,5001938989000,5001947407395,73729,8.4184,5001964957068,25.9681,1,16747,62115,0,0,1,0,0,0.019992,500,498,170,0.341365,2.66258,7.89488,4.86158,0.143371,0.582611,20.1157,0.0014073,0.0376662,0.0252464,-0.00846791,1,1.88406,-0.0703932,0.0703932,1.88406,1,1,0.0732572,1.87967,-0.00286399,0.00439437,0,0,0,0,0,0,0,0,0,0,0,0,0,0,0,0,0,0,0,0,0,0,0,255,0.21,3.8747,0.21,0.0576952,1.56743,1,1,1,2,0,1,1,0.021574,-3.2697,0.118242,0.329761,-0.0866996,0.000916836,20.6664,15650,1,367,52.8519,3913,0,0.000884653,0.00336982,0.0345723,0,0,0,1,170,0.215,0.00118462,0.0318984,0.00685816,-0.000254693,0.00665122,-0.00167935,0.11695,0.0558993,-0.0091437,0.0296094,-0.210184,-0.0129305,0.0188958,-0.000492282,17.988,1,0,0,0,0,0,-1,1,-9.04609e-07,-3.41781e-06,-0.210386,0,18.2644,1,1010,1010,1010,1010,0,0,0,0,20.819,0,0,0,0,0,0,28,0.0644093,1.88536,24,0.0782961,1.86452,28,0.0671505,1.91296,38,0.0515941,1.90192,9,0.0679309,1.92228,25,0.068224,1.85884,18,0.08344,1.91905
5001965394720,5001947026000,5001947026000,5001965383424,73729,18.3574,5001979089252,32.0633,0,16747,62116,0,0,1,0,0,0.008037,500,500,302,0.604,2.6685,5.53893,0.934377,0.214132,0.451401,9.70207,0.00100497,0.0181392,0.106004,-0.037319,1,2.25696,-0.125043,0.125043,2.25696,1,1,0.131078,2.25207,-0.00603542,0.00488779,0,0,0,0,0,0,0,0,0,0,0,0,0,0,0,0,0,0,0,0,0,0,0,255,0.21,1.58372,0.21,0.101285,1.88615,1,1,1,1,1,1,1,0.021574,-3.2697,0.118242,0.329761,-0.0866996,0.000916836,34.8047,15650,1,367,66.9899,3913,0,0.000884653,0.00336982,0.0345723,0,0,0,1,302,0.215,0.000848775,0.0153628,0.00330301,-0.000182487,0.00319115,-0.000866101,0.120142,0.0550332,-0.00961429,0.0302094,-0.209809,-0.0137731,0.0210175,0.0097434,6.63788,3,0,0,0,0,0,-1,1,-9.04609e-07,-3.41781e-06,-0.210386,0,32.4535,1,1010,1010,1010,1010,0,0,0,0,35.0081,5,-0.0159344,2.16354,0,0,0,17,0.103456,2.24008,39,0.135376,2.30628,49,0.119506,2.2804,53,0.110773,2.27038,38,0.145857,2.11818,51,0.123384,2.34077,50,0.157172,2.26359
5001979584719,5001967009000,5001967009000,5001979579423,73729,12.5704,5001994739041,27.73,1,16748,62117,0,0,1,0,0,0.019983,500,497,234,0.470825,2.67189,7.25804,2.18711,0.173668,0.53936,19.2803,0.00108409,0.0362997,0.0153009,-0.00797462,1,1.81653,-0.0542509,0.0542509,1.81653,1,1,0.0631072,1.81185,-0.00885635,0.00467998,0,0,0,0,0,0,0,0,0,0,0,0,0,0,0,0,0,0,0,0,0,0,0,255,0.21,5.61993,0.21,0.0497174,1.50334,1,1,1,1,0,1,1,0.0366756,-3.27355,0.117958,0.309306,-0.086672,-0.000808682,0.284873,15651,1,367,82.6332,3913,0,0.000884653,0.00336982,0.0345723,0,0,0,1,234,0.215,0.000911181,0.0307384,0.00660876,-0.000195904,0.00642043,-0.001566,0.126562,0.0534672,-0.00959997,0.0304647,-0.209591,-0.00863696,0.0201239,0.0235563,0.206427,1,0,0,0,0,0,-1,1,-9.04609e-07,-3.41781e-06,-0.20954,0,0.184576,1,1010,1010,1010,1010,0,0,0,0,0.477837,0,0,0,0,0,0,16,0.0333399,1.78582,32,0.0373982,1.84332,37,0.0803355,1.79139,49,0.0571853,1.85232,15,0.0764327,1.76708,39,0.0646494,1.83019,46,0.0564618,1.82219
5001995220433,5001987014000,5001987014000,5001995214619,73729,8.20062,5002009381821,22.3678,1,16749,62118,0,0,1,0,0,0.020005,500,500,255,0.51,2.65298,7.15211,1.38727,0.184075,0.978729,18.9438,0.00228686,0.0356723,0.121189,-0.0218348,1,1.78317,-0.114314,0.114314,1.78317,1,1,0.123171,1.77849,-0.00885635,0.00467998,0,0,0,0,0,0,0,0,0,0,0,0,0,0,0,0,0,0,0,0,0,0,0,255,0.21,0.957322,0.21,0.0885313,1.48604,1,1,1,2,0,1,1,0.0366756,-3.27355,0.117958,0.309306,-0.086672,-0.000808682,14.9509,15651,1,367,97.2991,3913,0,0.000884653,0.00336982,0.0345723,0,0,0,1,255,0.215,0.00192947,0.0302103,0.00649521,-0.000414837,0.00626394,-0.00175653,0.132826,0.0517107,-0.00959997,0.0304647,-0.209591,-0.00863696,0.0201239,0.0235563,14.8278,0,0,0,0,0,0,-1,1,-9.04609e-07,-3.41781e-06,-0.20954,0,14.8414,1,1010,1010,1010,1010,0,0,0,0,15.1346,0,0,0,0,0,0,27,0.0863335,1.78306,30,0.0839572,1.78752,45,0.119366,1.8118,51,0.108097,1.79078,31,0.143087,1.73461,33,0.105989,1.78673,38,0.143444,1.76527
5002009878825,5001998986000,5001998986000,5002009869955,73729,10.884,5002022284126,23.2981,0,16749,62119,0,0,1,0,0,0.011972,500,500,327,0.654,2.67548,5.2128,0.977619,0.227761,0.636749,9.15167,0.00136748,0.0164901,0.0619925,0.125786,1,1.37739,-0.114224,0.114224,1.37739,1,1,0.123021,1.37238,-0.00879755,0.00501375,0,0,0,0,0,0,0,0,0,0,0,0,0,0,0,0,0,0,0,0,0,0,0,255,0.21,4.0799,0.21,0.0907729,1.17542,1,1,1,1,0,1,1,0.0366756,-3.27355,0.117958,0.309306,-0.086672,-0.000808682,27.8325,15651,1,367,110.181,3913,0,0.000884653,0.00336982,0.0345723,0,0,0,1,327,0.215,0.00115601,0.0139689,0.00300331,-0.000248542,0.00288507,-0.00086594,0.135711,0.0508448,-0.00958099,0.0309022,-0.208989,-0.00024151,0.0215591,0.0300704,12.6544,2,0,0,0,0,0,-1,1,-9.04609e-07,-3.41781e-06,-0.20954,0,27.7507,1,1010,1010,1010,1010,0,0,0,0,28.044,9,0.130622,0.925361,2,0,0,37,0.0546125,1.32696,36,0.107878,1.36709,43,0.124514,1.43346,52,0.0792694,1.46379,45,0.178504,1.4319,51,0.12169,1.41126,52,0.0866676,1.41486
5002022801111,5002007015000,5002007015000,5002022791315,73729,15.7763,5002035118633,28.1036,0,16749,62120,0,0,1,0,0,0.008029,500,500,349,0.698,2.68089,5.30526,0.873341,0.238243,0.507446,8.87529,0.000989842,0.0165852,0.0108849,0.0157693,1,2.06566,-0.123283,0.123283,2.06566,1,1,0.13509,2.06126,-0.0118064,0.00440928,0,0,0,0,0,0,0,0,0,0,0,0,0,0,0,0,0,0,0,0,0,0,0,255,0.21,8.06015,0.21,0.0973023,1.72325,1,1,1,1,1,1,1,0.0366756,-3.27355,0.117958,0.309306,-0.086672,-0.000808682,40.6675,15651,1,367,123.016,3913,0,0.000884653,0.00336982,0.0345723,0,0,0,1,349,0.215,0.000835786,0.0140501,0.00302077,-0.000179694,0.002917,-0.000799836,0.138628,0.0500449,-0.00944396,0.0314357,-0.208178,0.00161955,0.0189599,0.0419095,12.6098,2,0,0,0,0,0,-1,1,-9.04609e-07,-3.41781e-06,-0.20954,0,40.5983,1,1010,1010,1010,1010,0,0,0,0,40.8916,7,0.163983,1.73539,4,0.307523,1.97505,38,0.0746444,2.02919,46,0.121608,2.05695,42,0.13392,2.08255,55,0.113412,2.14165,51,0.137586,2.08541,54,0.134243,2.13079,52,0.125422,2.05478
5002035693378,5002027015000,5002027015000,5002035686711,73729,8.67171,5002050885700,23.8707,1,16750,62121,0,0,1,0,0,0.02,500,499,209,0.418838,2.64604,7.21694,2.3678,0.162223,1.28708,17.6203,0.0018789,0.0330737,-0.103471,0.0642133,1,1.65369,-0.093945,0.093945,1.65369,1,1,0.105829,1.6463,-0.0118839,0.00738839,0,0,0,0,0,0,0,0,0,0,0,0,0,0,0,0,0,0,0,0,0,0,0,255,0.21,0.798506,0.21,0.0893813,1.3772,1,1,1,1,0,1,1,0.0366756,-3.27355,0.117958,0.309306,-0.086672,-0.000808682,56.431,15651,1,367,138.779,3913,0,0.000884653,0.00336982,0.0345723,0,0,0,1,209,0.215,0.0015839,0.028006,0.00602128,-0.000340538,0.00581867,-0.00157459,0.144447,0.0484703,-0.00946236,0.0318718,-0.20776,0.00744751,0.0317701,0.0468387,15.6226,1,0,0,0,0,0,-1,1,-9.04609e-07,-3.41781e-06,-0.207636,0,0.162334,1,1010,1010,1010,1010,0,0,0,0,0.166186,0,0,0,1,0,0,15,0.0698311,1.55701,8,0.0514147,1.5525,25,0.109405,1.66314,43,0.0919432,1.68786,34,0.121199,1.66542,37,0.103767,1.67818,46,0.0816546,1.66117
5002051337333,5002038984000,5002038984000,5002051326129,73729,12.3421,5002064684011,25.7,0,16750,62122,0,0,1,0,0,0.011969,500,500,313,0.626,2.6466,5.08934,1.10538,0.226335,0.396454,8.62439,0.000801527,0.0159469,0.0756154,0.0736798,1,1.33235,-0.0669669,0.0669669,1.33235,1,1,0.0801029,1.32585,-0.013136,0.00649487,0,0,0,0,0,0,0,0,0,0,0,0,0,0,0,0,0,0,0,0,0,0,0,255,0.21,6.2159,0.21,0.035153,1.11652,1,1,1,1,0,1,1,0.0506162,-3.27736,0.117749,0.292278,-0.0817275,-0.00109956,13.7861,15652,1,367,152.579,3913,0,0.000884653,0.00336982,0.0345723,0,0,0,1,313,0.215,0.000674824,0.0135048,0.00290354,-0.000145087,0.00281,-0.000739632,0.147257,0.0477307,-0.00952253,0.0320946,-0.207426,-0.00253556,0.0279279,0.0431593,13.617,1,0,0,0,0,0,-1,1,-9.04609e-07,-3.41781e-06,-0.207636,0,14.0026,1,1010,1010,1010,1010,0,0,0,0,14.0065,4,-0.135928,1.01073,8,0.223315,1.27531,37,0.03376,1.32339,21,0.0876505,1.24266,47,0.0888647,1.37907,55,0.0359454,1.3507,37,0.0930826,1.34722,53,0.0913555,1.34321,51,0.0836671,1.36716
5002065203126,5002058993000,5002058993000,5002065197496,73729,6.2045,5002080101427,21.1084,1,16751,62123,0,0,1,0,0,0.020009,500,499,212,0.42485,2.65791,6.97839,2.30876,0.163761,0.955826,17.5576,0.00149501,0.0330728,-0.0789334,0.0180765,1,1.6529,-0.0747171,0.0747171,1.6529,1,1,0.084393,1.64632,-0.0096759,0.00657857,0,0,0,0,0,0,0,0,0,0,0,0,0,0,0,0,0,0,0,0,0,0,0,255,0.21,-0.188446,0.21,0.0654812,1.35736,1,1,1,1,0,1,1,0.0506162,-3.27736,0.117749,0.292278,-0.0817275,-0.00109956,29.2098,15652,1,367,168.003,3913,0,0.000884653,0.00336982,0.0345723,0,0,0,1,212,0.215,0.00125885,0.0280062,0.00602132,-0.000270653,0.00583389,-0.00150246,0.153091,0.0462282,-0.00967728,0.0327676,-0.207122,-0.00659327,0.0282878,0.0280105,15.2301,2,0,0,0,0,0,-1,1,-9.04609e-07,-3.41781e-06,-0.207636,0,29.3885,1,1010,1010,1010,1010,0,0,0,0,29.3924,0,0,0,0,0,0,13,0.0604692,1.62573,15,0.0248065,1.52852,28,0.0877479,1.65822,41,0.0415936,1.63206,28,0.0910644,1.66643,45,0.0830697,1.64652,42,0.0780885,1.71357
5002080604172,5002067001000,5002067001000,5002080591838,73729,13.5908,5002093083343,26.0823,0,16751,62124,0,0,1,0,0,0.008008,500,500,332,0.664,2.67697,5.1456,1.25692,0.22765,0.460495,8.58859,0.00104088,0.0159422,0.125464,0.0980426,1,1.99078,-0.12998,0.12998,1.99078,1,1,0.135402,1.98418,-0.00542155,0.00660177,0,0,0,0,0,0,0,0,0,0,0,0,0,0,0,0,0,0,0,0,0,0,0,255,0.21,5.04254,0.21,0.0943698,1.66447,1,1,1,1,1,1,1,0.0506162,-3.27736,0.117749,0.292278,-0.0817275,-0.00109956,42.1854,15652,1,367,180.979,3913,0,0.000884653,0.00336982,0.0345723,0,0,0,1,332,0.215,0.000879046,0.0135033,0.00290321,-0.000188995,0.00280083,-0.000781424,0.155891,0.0454468,-0.00978025,0.0334114,-0.20704,-0.0105566,0.0283876,0.0102049,11.4878,2,0,0,0,0,0,-1,1,-9.04609e-07,-3.41781e-06,-0.207636,0,42.3996,1,1010,1010,1010,1010,0,0,0,0,0.180335,6,0.141132,1.72469,5,0.355075,1.89596,23,0.0766444,1.93749,52,0.201751,1.99753,49,0.131979,2.0031,52,0.0963121,1.98443,41,0.134071,1.9961,53,0.152101,2.04208,51,0.121789,2.04108
5002093650884,5002075023000,5002075023000,5002093638884,73729,18.6159,5002106799413,31.7764,0,16751,62125,0,0,1,0,0,0.008022,500,499,288,0.577154,2.66348,5.65628,1.00388,0.219094,0.495377,8.50545,0.0013359,0.0160616,0.212936,-0.0604724,1,2.00219,-0.166529,0.166529,2.00219,1,1,0.167117,1.99532,-0.00058769,0.00686453,0,0,0,0,0,0,0,0,0,0,0,0,0,0,0,0,0,0,0,0,0,0,0,255,0.21,7.36804,0.21,0.107559,1.64098,1,1,1,1,0,1,1,0.0638272,-3.28107,0.117482,0.284313,-0.0803931,-0.00206611,4.87493,15653,1,367,4.82017,3914,0,0.000884653,0.00314269,0.0423023,0,0,0,1,288,0.215,0.00112979,0.0135996,0.00292391,-0.000242905,0.00280986,-0.000838748,0.158701,0.0446081,-0.00979944,0.0341404,-0.207155,-0.000853843,0.0295175,0.00133858,4.66011,2,0,0,0,0,0,-1,1,-9.04609e-07,-3.41781e-06,-0.207288,0,5.06893,1,1010,1010,1010,1010,0,0,0,0,13.8766,0,0,0,0,0,0,3,0.118561,2.02823,51,0.165771,2.01036,48,0.116416,1.97498,36,0.160217,2.03169,45,0.142932,1.94568,53,0.186686,2.04377,52,0.198837,2.01876
5002107289194,5002095056000,5002095056000,5002107282750,73729,12.2267,5002123439764,28.3838,1,16752,62126,0,0,1,0,0,0.020033,500,500,187,0.374,2.62141,7.237,3.48145,0.149242,1.21458,16.8731,0.0017039,0.0318144,-0.107497,-0.0340879,1,1.5881,-0.0850548,0.0850548,1.5881,1,1,0.0847162,1.5808,0.00033863,0.00730031,0,0,0,0,0,0,0,0,0,0,0,0,0,0,0,0,0,0,0,0,0,0,0,255,0.21,1.27158,0.21,0.099877,1.29573,1,1,1,1,0,1,1,0.0638272,-3.28107,0.117482,0.284313,-0.0803931,-0.00206611,21.5145,15653,1,367,21.4598,3914,0,0.000884653,0.00314269,0.0423023,0,0,0,1,187,0.215,0.00143833,0.0269408,0.00579228,-0.000309242,0.00560164,-0.00149328,0.164303,0.0431148,-0.00979944,0.0341404,-0.207155,-0.000352315,0.0313913,-0.00144674,21.3335,0,0,0,0,0,0,-1,1,-9.04609e-07,-3.41781e-06,-0.207288,0,21.6858,1,1010,1010,1010,1010,0,0,0,0,30.4935,0,0,0,0,0,0,8,0.00768389,1.59621,29,0.123598,1.54232,33,0.100647,1.58268,28,0.0786097,1.58477,22,0.0961378,1.59843,34,0.0782289,1.62512,33,0.109087,1.60355
5002123913212,5002115027000,5002115027000,5002123908009,73729,8.88101,5002140332914,25.3059,1,16753,62127,0,0,1,0,0,0.019971,500,497,234,0.470825,2.60515,7.00565,2.66197,0.175761,1.2456,16.9444,0.00255876,0.0321326,0.0217266,-0.00913576,1,1.60896,-0.128124,0.128124,1.60896,1,1,0.126647,1.60166,0.0014765,0.00730187,0,0,0,0,0,0,0,0,0,0,0,0,0,0,0,0,0,0,0,0,0,0,0,255,0.21,6.00205,0.21,0.103886,1.31451,1,1,1,1,0,1,1,0.0638272,-3.28107,0.117482,0.284313,-0.0803931,-0.00206611,38.4177,15653,1,367,38.3629,3914,0,0.000884653,0.00314269,0.0423023,0,0,0,1,234,0.215,0.00216236,0.0272067,0.00584945,-0.000464907,0.00562514,-0.00165841,0.169928,0.0414564,-0.00991671,0.0348286,-0.207346,-0.00137919,0.031398,-0.00618251,16.7089,2,0,0,0,0,0,-1,1,-9.04609e-07,-3.41781e-06,-0.207288,0,38.6008,1,1010,1010,1010,1010,0,0,0,0,47.4085,0,0,0,0,0,0,10,0.161629,1.57091,34,0.158033,1.61879,41,0.113455,1.60086,37,0.119272,1.59312,40,0.123059,1.59566,34,0.12435,1.61993,38,0.121883,1.62479
5002140813955,5002127007000,5002127007000,5002140803566,73729,13.7966,5002155442884,28.4359,0,16753,62128,0,0,1,0,0,0.01198,500,500,338,0.676,2.65471,5.46397,1.20842,0.231632,0.492416,8.51161,0.00103948,0.0160127,0.064383,-0.0357539,1,1.33662,-0.0867682,0.0867682,1.33662,1,1,0.0905134,1.32909,-0.00374519,0.00753114,0,0,0,0,0,0,0,0,0,0,0,0,0,0,0,0,0,0,0,0,0,0,0,255,0.21,4.33109,0.21,0.0632628,1.09021,1,1,1,1,1,1,1,0.0764029,-3.28455,0.117172,0.276432,-0.0771793,-0.000488345,4.03425,15654,1,367,53.4579,3914,0,0.000884653,0.00314269,0.0423023,0,0,0,1,338,0.215,0.000877381,0.0135625,0.00291594,-0.000188637,0.00281313,-0.000783731,0.172741,0.0406726,-0.00991035,0.0355668,-0.20707,-0.00425823,0.0323839,0.00947687,3.86242,2,0,0,0,0,0,-1,1,-9.04609e-07,-3.41781e-06,-0.207289,0,4.24433,1,1010,1010,1010,1010,0,0,0,0,4.2487,1,0,0,0,0,0,39,0.0627585,1.30584,48,0.102424,1.31757,52,0.0885761,1.33349,54,0.0724752,1.33593,46,0.107372,1.35143,51,0.0963649,1.38953,47,0.0946575,1.39746
5002155942962,5002147011000,5002147011000,5002155937110,73729,8.92611,5002172894131,25.8831,1,16754,62129,0,0,1,0,0,0.020004,500,497,177,0.356137,2.6078,7.26707,4.19464,0.145593,1.11755,17.104,0.00249157,0.0323657,0.097199,0.0217014,1,1.61796,-0.124553,0.124553,1.61796,1,1,0.135678,1.61103,-0.0111249,0.00692812,0,0,0,0,0,0,0,0,0,0,0,0,0,0,0,0,0,0,0,0,0,0,0,255,0.21,9.25422,0.21,0.0948811,1.32341,1,1,1,1,0,1,1,0.0764029,-3.28455,0.117172,0.276432,-0.0771793,-0.000488345,21.4901,15654,1,367,70.9138,3914,0,0.000884653,0.00314269,0.0423023,0,0,0,1,177,0.215,0.00210651,0.027398,0.00589057,-0.000452899,0.00566875,-0.00165124,0.17841,0.0390214,-0.0100999,0.0358528,-0.206667,-0.00765449,0.0297909,0.0321462,17.3284,1,0,0,0,0,0,-1,1,-9.04609e-07,-3.41781e-06,-0.207289,0,21.6581,1,1010,1010,1010,1010,0,0,0,0,21.6624,0,0,0,0,0,0,0,0,0,23,0.130003,1.63208,37,0.115877,1.60696,24,0.106521,1.59188,25,0.15402,1.62157,32,0.126682,1.59109,36,0.128575,1.63834
5002173349523,5002155022000,5002155022000,5002173338801,73729,18.3168,5002185139504,30.1175,0,16754,62130,0,0,1,0,0,0.008011,500,500,283,0.566,2.63256,5.17256,1.12764,0.20202,0.307465,8.05121,0.000548466,0.0155087,0.0167096,-0.232595,1,1.93593,-0.0684642,0.0684642,1.93593,1,1,0.0870014,1.93044,-0.0185373,0.00549273,0,0,0,0,0,0,0,0,0,0,0,0,0,0,0,0,0,0,0,0,0,0,0,255,0.21,6.3074,0.21,0.0540059,1.55329,1,1,1,1,0,1,1,0.0764029,-3.28455,0.117172,0.276432,-0.0771793,-0.000488345,33.738,15654,1,367,83.1619,3914,0,0.000884653,0.00314269,0.0423023,0,0,0,1,283,0.215,0.000461009,0.0131314,0.00282325,-9.9117e-05,0.00274185,-0.000672644,0.181152,0.0383488,-0.0101415,0.0365071,-0.20546,-0.00820984,0.0236187,0.0572003,12.0479,2,0,0,0,0,0,-1,1,-9.04609e-07,-3.41781e-06,-0.207289,0,33.9274,1,1010,1010,1010,1010,0,0,0,0,33.9318,1,0,0,1,0,0,10,0.0832961,1.88962,41,0.0643045,1.92419,45,0.0704084,1.94424,44,0.104636,1.92229,52,0.0626653,1.94868,45,0.0553672,1.97692,44,0.127334,1.96373
5002185632285,5002175025000,5002175025000,5002185622285,73729,10.5973,5002201976783,26.9518,1,16755,62131,0,0,1,0,0,0.020003,500,494,207,0.419028,2.6395,7.56586,2.90978,0.161501,0.937027,16.0843,0.00209465,0.0306462,0.00764004,-0.125039,1,1.53208,-0.104717,0.104717,1.53208,1,1,0.123713,1.52607,-0.0189956,0.00601069,0,0,0,0,0,0,0,0,0,0,0,0,0,0,0,0,0,0,0,0,0,0,0,255,0.21,8.51242,0.21,0.0778005,1.24181,1,1,1,1,0,1,1,0.0764029,-3.28455,0.117172,0.276432,-0.0771793,-0.000488345,50.572,15654,1,367,99.9956,3914,0,0.000884653,0.00314269,0.0423023,0,0,0,1,207,0.215,0.00176513,0.0259508,0.00557941,-0.000379503,0.00538197,-0.00150593,0.186534,0.0368428,-0.010104,0.0367239,-0.204878,0.0011359,0.025846,0.0662536,16.6665,1,0,0,0,0,0,-1,1,-9.04609e-07,-3.41781e-06,-0.204638,0,0.176872,1,1010,1010,1010,1010,0,0,0,0,0.180446,0,0,0,0,0,0,16,0.0947339,1.51086,14,0.136264,1.55165,29,0.0838571,1.52813,33,0.0990875,1.52785,40,0.0880252,1.53116,44,0.0868878,1.57127,31,0.12919,1.53676
5002202454379,5002187002000,5002187002000,5002202443249,73729,15.4412,5002215559333,28.5573,0,16755,62132,0,0,1,0,0,0.011977,500,500,346,0.692,2.65467,5.08232,0.877803,0.268169,0.358887,7.5506,0.000629443,0.0140538,0.0156658,-0.007133,1,1.1734,-0.0525543,0.0525543,1.1734,1,1,0.069338,1.16786,-0.0167836,0.00553807,0,0,0,0,0,0,0,0,0,0,0,0,0,0,0,0,0,0,0,0,0,0,0,255,0.21,5.04176,0.21,0.0370613,0.963908,1,1,1,1,1,1,1,0.0883422,-3.28785,0.116901,0.251713,-0.0667995,0.000667925,13.5725,15655,1,367,113.581,3914,0,0.000884653,0.00314269,0.0423023,0,0,0,1,346,0.215,0.000529798,0.0119044,0.00255945,-0.000113906,0.00248164,-0.000629576,0.189015,0.0362133,-0.0101994,0.0372517,-0.203949,-0.00347882,0.0238137,0.0549527,13.362,2,0,0,0,0,0,-1,1,-9.04609e-07,-3.41781e-06,-0.204638,0,13.7836,1,1010,1010,1010,1010,0,0,0,0,13.7872,8,-0.00869462,0.975395,7,0.118716,1.10075,34,0.027373,1.16627,48,0.0600897,1.15847,50,0.0622598,1.19497,53,0.0528087,1.21439,55,0.0829017,1.21396,54,0.0658277,1.20554,37,0.0518935,1.19826
5002216139967,5002206998000,5002206998000,5002216132356,73729,9.13436,5002230516616,23.5186,1,16756,62133,0,0,1,0,0,0.019996,500,500,252,0.504,2.61615,7.11407,1.3801,0.187575,0.585449,14.7785,0.000955186,0.0277638,-0.00522141,0.000571622,1,1.38847,-0.0477688,0.0477688,1.38847,1,1,0.0621697,1.38571,-0.0144009,0.00275403,0,0,0,0,0,0,0,0,0,0,0,0,0,0,0,0,0,0,0,0,0,0,0,255,0.21,8.07264,0.21,0.0302453,1.13936,1,1,1,1,0,1,1,0.0883422,-3.28785,0.116901,0.251713,-0.0667995,0.000667925,28.5443,15655,1,367,128.552,3914,0,0.000884653,0.00314269,0.0423023,0,0,0,1,252,0.215,0.000801029,0.0235116,0.005055,-0.000172221,0.00491245,-0.00118977,0.193928,0.0350235,-0.0102872,0.0373364,-0.203541,-0.00610658,0.0118423,0.0446537,14.7706,1,0,0,0,0,0,-1,1,-9.04609e-07,-3.41781e-06,-0.204638,0,28.7391,1,1010,1010,1010,1010,0,0,0,0,28.7427,0,0,0,0,0,0,17,0.025355,1.37711,19,0.0505972,1.31346,34,0.0383942,1.37693,44,0.0369754,1.39302,46,0.0673553,1.40528,50,0.0659866,1.42375,42,0.0674936,1.43005
5002231030935,5002215023000,5002215023000,5002231021564,73729,15.9986,5002243305789,28.2828,0,16756,62134,0,0,1,0,0,0.008025,500,500,359,0.718,2.6483,5.01991,1.14979,0.239261,0.235565,6.79294,0.000383435,0.0126049,0.0233741,-0.017548,1,1.57071,-0.04778,0.04778,1.57071,1,1,0.0612763,1.56827,-0.0134963,0.00244095,0,0,0,0,0,0,0,0,0,0,0,0,0,0,0,0,0,0,0,0,0,0,0,255,0.21,3.11741,0.21,0.0334545,1.30381,1,1,1,1,0,1,1,0.0883422,-3.28785,0.116901,0.251713,-0.0667995,0.000667925,41.3203,15655,1,367,141.328,3914,0,0.000884653,0.00314269,0.0423023,0,0,0,1,359,0.215,0.000321948,0.0106771,0.00229557,-6.92188e-05,0.00223283,-0.000530663,0.196161,0.0344928,-0.0103164,0.0375698,-0.203172,-0.00458039,0.0104961,0.0427629,12.5749,1,0,0,0,0,0,-1,1,-9.04609e-07,-3.41781e-06,-0.204638,0,41.5399,1,1010,1010,1010,1010,0,0,0,0,0.146853,6,0.162617,1.44658,1,0,0,36,0.0274216,1.52458,52,0.0229968,1.55642,50,0.0548215,1.58316,52,0.0243278,1.61208,56,0.0822239,1.585,55,0.0716832,1.63111,51,0.0724634,1.64246
5002243858886,5002235023000,5002235023000,5002243851479,73729,8.82848,5002258541704,23.5187,1,16757,62135,0,0,1,0,0,0.02,500,499,246,0.492986,2.64217,6.93596,1.49207,0.182205,0.529419,13.4321,0.00128357,0.0252973,0.0325074,-0.00555971,1,1.26486,-0.0641783,0.0641783,1.26486,1,1,0.0717646,1.26027,-0.00758632,0.00459639,0,0,0,0,0,0,0,0,0,0,0,0,0,0,0,0,0,0,0,0,0,0,0,255,0.21,4.41411,0.21,0.0433568,1.04644,1,1,1,1,0,1,1,0.0987217,-3.2906,0.116597,0.211483,-0.0534875,-0.00352069,6.22564,15656,1,367,156.568,3914,0,0.000884653,0.00314269,0.0423023,0,0,0,1,246,0.215,0.00108106,0.0214234,0.00460603,-0.000232427,0.00446166,-0.00115455,0.200622,0.0333383,-0.0102254,0.0382196,-0.202766,0.000998332,0.0197645,0.0268956,6.02225,3,0,0,0,0,0,-1,1,-9.04609e-07,-3.41781e-06,-0.202962,0,6.41923,1,1010,1010,1010,1010,0,0,0,0,15.3616,0,0,0,1,0,0,10,0.0243283,1.26292,45,0.04887,1.24812,28,0.0540035,1.2757,32,0.0426439,1.25552,45,0.0750301,1.28563,47,0.0561122,1.27281,38,0.0719966,1.27677
5002259023986,5002247004000,5002247004000,5002259013875,73729,12.0099,5002272502239,25.4982,0,16757,62136,0,0,1,0,0,0.011981,500,500,320,0.64,2.64885,5.11345,0.9141,0.23078,0.241234,6.09343,0.000375823,0.011077,-0.0315205,0.0796842,1,0.924546,-0.0313683,0.0313683,0.924546,1,1,0.034377,0.920731,-0.00300868,0.00381485,0,0,0,0,0,0,0,0,0,0,0,0,0,0,0,0,0,0,0,0,0,0,0,255,0.21,0.651931,0.21,0.0274488,0.770358,1,1,1,1,1,1,1,0.0987217,-3.2906,0.116597,0.211483,-0.0534875,-0.00352069,20.1796,15656,1,367,170.522,3914,0,0.000884653,0.00314269,0.0423023,0,0,0,1,320,0.215,0.0003164,0.0093817,0.00201707,-6.8026e-05,0.00196063,-0.000472533,0.202583,0.0328657,-0.0102254,0.0382196,-0.202766,0.00311119,0.0164039,0.0128388,19.9542,0,0,0,0,0,0,-1,1,-9.04609e-07,-3.41781e-06,-0.202962,0,20.383,1,1010,1010,1010,1010,0,0,0,0,29.3254,11,-0.112773,0.800566,10,0.0130988,0.787893,11,0.00770727,0.883133,52,0.0538555,0.935376,45,0.0348915,0.976318,36,0.00749967,0.974312,56,0.0644737,0.936458,55,0.0249881,0.960006,44,0.0111388,0.925855
5002273066206,5002266999000,5002266999000,5002273058521,73729,6.05952,5002285823416,18.8244,1,16758,62137,0,0,1,0,0,0.019995,500,500,262,0.524,2.65485,6.30946,1.38592,0.191798,0.285454,11.8445,0.000508817,0.0224521,0.0117171,-0.0449975,1,1.12288,-0.0254472,0.0254472,1.12288,1,1,0.0238962,1.1185,0.00155106,0.00438514,0,0,0,0,0,0,0,0,0,0,0,0,0,0,0,0,0,0,0,0,0,0,0,255,0.21,4.52352,0.21,0.016595,0.911914,1,1,1,2,0,1,1,0.0987217,-3.2906,0.116597,0.211483,-0.0534875,-0.00352069,33.5063,15656,1,367,183.849,3914,0,0.000884653,0.00314269,0.0423023,0,0,0,1,262,0.215,0.000424962,0.0190127,0.00408774,-9.13668e-05,0.00398239,-0.000913275,0.206565,0.0319525,-0.0103349,0.0384933,-0.203068,-0.00268061,0.0188561,-0.00748013,13.1159,2,0,0,0,0,0,-1,1,-9.04609e-07,-3.41781e-06,-0.202962,0,33.6862,1,1010,1010,1010,1010,0,0,0,0,42.6286,1,0,0,2,0,0,11,-0.0377064,1.17582,41,0.0119096,1.11442,24,0.0277835,1.12001,31,0.0286794,1.12989,55,0.0396321,1.13785,56,0.033901,1.13406,41,0.032451,1.1066
5002286313717,5002275023000,5002275023000,5002286304013,73729,11.281,5002298167327,23.1443,0,16758,62138,0,0,1,0,0,0.008024,500,500,320,0.64,2.64926,5.08165,0.835192,0.224779,0.179855,5.39391,-5.29902e-05,0.00966333,-0.0877136,0.163552,1,1.2043,0.00660397,-0.00660397,1.2043,1,1,-0.00937545,1.20138,0.00277149,0.0029226,0,0,0,0,0,0,0,0,0,0,0,0,0,0,0,0,0,0,0,0,0,0,0,255,0.21,5.82105,0.21,0.0202577,1.02059,1,1,1,1,0,1,1,0.0987217,-3.2906,0.116597,0.211483,-0.0534875,-0.00352069,45.8454,15656,1,367,196.188,3914,0,0.000884653,0.00314269,0.0423023,0,0,0,1,320,0.215,-4.66909e-05,0.00818574,0.00175993,1.00385e-05,0.00172445,-0.000345088,0.20829,0.0316074,-0.0104139,0.0387418,-0.203214,-0.00410842,0.0125672,-0.0128206,12.1306,1,0,0,0,0,0,-1,1,-9.04609e-07,-3.41781e-06,-0.203473,0,0.194872,1,1010,1010,1010,1010,0,0,0,0,0.198872,21,-0.0407625,1.09847,14,-0.0185014,1.11512,20,-0.0219072,1.16643,52,0.0565163,1.20146,45,-0.0267494,1.20264,53,-0.00746133,1.26933,55,0.0724969,1.23399,29,0.0227855,1.23986,31,0.00236859,1.28484
5002298672942,5002283074000,5002283074000,5002298662683,73729,15.5887,5002311239225,28.1652,0,16758,62139,0,0,1,0,0,0.008051,500,500,361,0.722,2.65693,4.79143,0.802821,0.262502,0.0488129,5.36441,0.000191593,0.00971554,0.070839,0.0736587,1,1.20675,-0.0237975,0.0237975,1.20675,1,1,0.0228069,1.20268,0.000990513,0.00407158,0,0,0,0,0,0,0,0,0,0,0,0,0,0,0,0,0,0,0,0,0,0,0,255,0.21,-0.319281,0.21,0.0173742,1.02157,1,1,1,1,0,1,1,0.107153,-3.29271,0.11624,0.176421,-0.0431082,-0.00311301,13.0598,15657,1,367,209.261,3914,0,0.000884653,0.00314269,0.0423023,0,0,0,1,361,0.215,0.00016015,0.00823081,0.00176962,-3.44323e-05,0.00172495,-0.000390645,0.210015,0.0312167,-0.0104688,0.0388949,-0.203242,-0.00597673,0.0175078,-0.00818875,12.8668,1,0,0,0,0,0,-1,1,-9.04609e-07,-3.41781e-06,-0.203473,0,13.2788,1,1010,1010,1010,1010,0,0,0,0,13.2828,23,0.0714691,0.890457,14,0.0210059,0.951784,33,-0.055169,1.22363,53,0.0670515,1.28184,42,0.0304468,1.20303,46,-0.0165248,1.25247,55,0.0552199,1.27498,56,0.0242351,1.25154,39,0.0554934,1.23794
5002311774544,5002303035000,5002303035000,5002311769359,73729,8.73436,5002326393825,23.3588,1,16759,62140,0,0,1,0,0,0.019961,500,500,346,0.692,2.62506,5.76923,1.12767,0.24152,0.178726,9.82147,0.000156432,0.0182131,-0.0135324,0.0224558,1,0.912436,-0.00783686,0.00783686,0.912436,1,1,0.0124982,0.909339,-0.00466135,0.00309737,0,0,0,0,0,0,0,0,0,0,0,0,0,0,0,0,0,0,0,0,0,0,0,255,0.21,2.60467,0.21,0.0182482,0.756182,1,1,1,1,1,1,1,0.107153,-3.29271,0.11624,0.176421,-0.0431082,-0.00311301,28.2112,15657,1,367,15.1407,3915,0,0.000884653,0.00252108,0.0459626,0,0,0,1,346,0.215,0.000127508,0.0154274,0.00331689,-2.74143e-05,0.00324092,-0.000694374,0.213256,0.0305224,-0.0104485,0.0391855,-0.202791,-0.00212472,0.0133187,0.0143353,13.5957,2,0,0,0,0,0,-1,1,-9.04609e-07,-3.41781e-06,-0.203473,0,28.4333,1,1010,1010,1010,1010,0,0,0,0,28.4373,4,0.0990987,0.784516,4,-0.0445893,0.817485,43,-0.00907512,0.916858,45,0.0308821,0.909007,38,-0.00718886,0.879222,51,-0.00443324,0.933254,55,0.0258037,0.944769,56,0.0159465,0.936724,50,0.0139115,0.927362
5002326897440,5002315018000,5002315018000,5002326887958,73729,11.87,5002340553972,25.536,0,16759,62141,0,0,1,0,0,0.011983,500,500,428,0.856,2.64261,4.76444,0.704802,0.303946,0.0163803,4.49388,-8.02318e-05,0.00822874,-0.0210377,0.0361498,1,0.686701,0.00669547,-0.00669547,0.686701,1,1,0.00392443,0.683891,-0.0106199,0.0028103,0,0,0,0,0,0,0,0,0,0,0,0,0,0,0,0,0,0,0,0,0,0,0,255,0.21,5.90697,0.21,0.00386794,0.573186,1,1,1,1,0,1,1,0.107153,-3.29271,0.11624,0.176421,-0.0431082,-0.00311301,42.3954,15657,1,367,29.3249,3915,0,0.000884653,0.00252108,0.0459626,0,0,0,1,428,0.215,-6.96189e-05,0.00697266,0.00149912,1.49681e-05,0.00147039,-0.000286465,0.214726,0.0302359,-0.0104837,0.0393088,-0.202404,-0.000264652,0.0120843,0.0363207,13.92,1,0,0,0,0,0,-1,1,-9.04609e-07,-3.41781e-06,-0.203473,0,42.6364,1,1010,1010,1010,1010,0,0,0,0,42.6404,31,-0.0118679,0.657793,17,0.0263927,0.681756,54,-0.0116841,0.697361,56,0.00878047,0.694962,50,-0.000800323,0.683601,56,-0.0321403,0.710087,56,0.0134937,0.702881,56,0.00934555,0.70958,52,-0.00751773,0.703699
5002341124662,5002323036000,5002323036000,5002341114884,73729,18.0789,5002353608259,30.5723,0,16759,62142,0,0,1,0,0,0.008018,500,500,420,0.84,2.64743,4.90506,0.753414,0.278169,-0.0101318,4.1985,-8.8682e-06,0.00759786,0.0325944,0.0613663,1,0.9476,0.00110604,-0.00110604,0.9476,1,1,0.0140414,0.94539,-0.0151474,0.00221094,0,0,0,0,0,0,0,0,0,0,0,0,0,0,0,0,0,0,0,0,0,0,0,255,0.21,1.49427,0.21,-0.0083292,0.804296,1,1,1,1,0,1,1,0.113914,-3.29437,0.115826,0.134174,-0.033365,-0.00336605,5.74164,15658,1,367,42.3575,3915,0,0.000884653,0.00252108,0.0459626,0,0,0,1,420,0.215,-9.17649e-06,0.0064367,0.00138389,1.97295e-06,0.00135529,-0.00027449,0.216081,0.0299614,-0.0104326,0.0395544,-0.201256,0.00153811,0.00950706,0.0533376,5.53273,2,0,0,0,0,0,-1,1,-9.04609e-07,-3.41781e-06,-0.201486,0,5.98247,1,1010,1010,1010,1010,0,0,0,0,5.98681,27,0.0198475,0.813629,21,0.012236,0.895428,44,-0.0248833,0.950127,56,0.0233698,0.986299,52,-0.00476801,0.956646,56,-0.0297729,0.993195,56,0.0327422,1.00826,56,0.0235584,0.987618,52,-0.0298528,0.954776
5002354158615,5002343038000,5002343038000,5002354151559,73729,11.1136,5002367330625,24.2926,1,16760,62143,0,0,1,0,0,0.020002,500,500,364,0.728,2.6383,5.56714,0.9161,0.250446,0.0769196,7.66364,-3.12647e-05,0.0143638,-0.0495499,0.00262689,1,0.71812,0.00156308,-0.00156308,0.71812,1,1,0.01633,0.716267,-0.017893,0.00185275,0,0,0,0,0,0,0,0,0,0,0,0,0,0,0,0,0,0,0,0,0,0,0,255,0.21,4.35437,0.21,-0.00188606,0.593125,1,1,1,1,0,1,1,0.113914,-3.29437,0.115826,0.134174,-0.033365,-0.00336605,19.4691,15658,1,367,56.085,3915,0,0.000884653,0.00252108,0.0459626,0,0,0,1,364,0.215,-2.99998e-05,0.0121686,0.00261626,6.44995e-06,0.00256302,-0.000514767,0.218644,0.0294466,-0.0103735,0.0396462,-0.200674,0.00142613,0.00796683,0.062693,13.5309,1,0,0,0,0,0,-1,1,-9.04609e-07,-3.41781e-06,-0.201486,0,19.6837,1,1010,1010,1010,1010,0,0,0,0,19.6881,12,0.0096181,0.711482,14,-0.00265688,0.701061,41,-0.0341765,0.7153,49,0.000492085,0.697646,36,-0.0007589,0.719146,56,-0.000833886,0.718125,56,0.00149626,0.728434,56,0.00277284,0.726663,44,0.00622623,0.7419
5002367852092,5002355020000,5002355020000,5002367840258,73729,12.8203,5002382951450,27.9314,0,16760,62144,0,0,1,0,0,0.011982,500,500,452,0.904,2.61817,5.47104,0.733617,0.291317,0.0515823,3.36869,1.13313e-06,0.00613036,-0.0250372,0.026712,1,0.511631,-9.45696e-05,9.45696e-05,0.511631,1,1,0.0171286,0.509616,-0.017034,0.0020149,0,0,0,0,0,0,0,0,0,0,0,0,0,0,0,0,0,0,0,0,0,0,0,255,0.21,6.78226,0.21,-0.00372346,0.428518,1,1,1,1,1,1,1,0.113914,-3.29437,0.115826,0.134174,-0.033365,-0.00336605,35.0849,15658,1,367,71.7008,3915,0,0.000884653,0.00252108,0.0459626,0,0,0,1,452,0.215,-4.78225e-08,0.00519463,0.00111684,1.02818e-08,0.00109367,-0.000221936,0.219738,0.0292247,-0.0104242,0.0397489,-0.200218,-0.000631651,0.00866407,0.0580916,15.3563,1,0,0,0,0,0,-1,1,-9.04609e-07,-3.41781e-06,-0.201486,0,35.338,1,1010,1010,1010,1010,0,0,0,0,35.3423,39,-0.00331068,0.470435,31,0.0523484,0.47392,53,-0.00165344,0.524249,56,0.0262945,0.528227,54,-0.0192566,0.491507,56,-0.00694986,0.524995,56,0.0177685,0.538035,56,0.00843942,0.5324,51,-0.0115477,0.53102
5002383573973,5002375019000,5002375019000,5002383564992,73729,8.54599,5002394756875,19.7379,1,16761,62145,0,0,1,0,0,0.019999,500,500,400,0.8,2.63643,4.71776,0.736079,0.26615,0.0472794,5.88847,-0.000120575,0.0109276,-0.0377596,0.0101356,1,0.546407,0.00602905,-0.00602905,0.546407,1,1,0.00317481,0.545297,-0.00920386,0.00110966,0,0,0,0,0,0,0,0,0,0,0,0,0,0,0,0,0,0,0,0,0,0,0,255,0.21,3.31751,0.21,-0.00669276,0.453256,1,1,1,2,0,1,1,0.113914,-3.29437,0.115826,0.134174,-0.033365,-0.00336605,46.8909,15658,1,367,83.5068,3915,0,0.000884653,0.00252108,0.0459626,0,0,0,1,400,0.215,-0.000104173,0.00925921,0.00199073,2.23972e-05,0.00195392,-0.000373327,0.221692,0.0288514,-0.010435,0.0397996,-0.200049,-0.00229268,0.00477155,0.0298271,11.56,2,0,0,0,0,0,-1,1,-9.04609e-07,-3.41781e-06,-0.201486,0,47.1144,1,1010,1010,1010,1010,0,0,0,0,0.18765,27,0.00701606,0.513571,24,-0.0160826,0.557966,48,-0.0156569,0.541188,54,0.0146248,0.537773,39,-0.00381695,0.55267,55,-0.00704334,0.547663,55,0.00293617,0.557607,56,0.00416054,0.564821,42,-0.0117472,0.556251
5002395285064,5002383035000,5002383035000,5002395273101,73729,12.2381,5002406736061,23.7011,0,16761,62146,0,0,1,0,0,0.008016,500,500,484,0.968,2.63817,4.51852,0.705747,0.309576,0.179504,2.53062,0.000343919,0.0044748,0.0458646,0.0842544,1,0.558233,-0.0429041,0.0429041,0.558233,1,1,0.0481049,0.557338,-0.0052008,0.00089501,0,0,0,0,0,0,0,0,0,0,0,0,0,0,0,0,0,0,0,0,0,0,0,255,0.21,3.53495,0.21,0.0313099,0.48388,1,1,1,1,0,1,1,0.113914,-3.29437,0.115826,0.134174,-0.033365,-0.00336605,58.8714,15658,1,367,95.4872,3915,0,0.000884653,0.00252108,0.0459626,0,0,0,1,484,0.215,0.00029076,0.00379197,0.000815274,-6.25133e-05,0.000785986,-0.000223149,0.222478,0.0286282,-0.010435,0.0397996,-0.200049,-0.00133265,0.00384854,0.0168246,23.5188,0,0,0,0,0,0,-1,1,-9.04609e-07,-3.41781e-06,-0.20063,0,0.241039,1,1010,1010,1010,1010,0,0,0,0,12.1994,51,0.0608467,0.520667,45,0.076096,0.552287,56,0.00729602,0.576254,56,0.0705576,0.583624,56,0.052206,0.576876,56,0.0314488,0.584553,56,0.0796053,0.589876,56,0.0496194,0.589278,52,0.0142319,0.580824
5002407281621,5002395044000,5002395044000,5002407270213,73729,12.2262,5002420131387,25.0874,0,16761,62147,0,0,1,0,0,0.012009,500,500,455,0.91,2.62026,4.54909,0.649783,0.296077,0.215424,2.24185,0.000321527,0.00392399,0.0120537,0.0728112,1,0.326754,-0.0267738,0.0267738,0.326754,1,1,0.0184866,0.325761,0.00828727,0.00099305,0,0,0,0,0,0,0,0,0,0,0,0,0,0,0,0,0,0,0,0,0,0,0,255,0.2,6.36503,0.2,0.0247966,0.126236,1,1,1,1,0,1,1,0.118546,-3.29561,0.115403,0.0915738,-0.0264469,-0.00329362,13.3942,15659,1,367,108.895,3915,0,0.000884653,0.00252108,0.0459626,0,0,0,1,455,0.205,0.000272159,0.0033247,0.000681563,-5.57926e-05,0.000656214,-0.000190574,0.223134,0.0284376,-0.010468,0.0398422,-0.200904,0.000463968,0.00407151,-0.0268111,13.1136,2,0,0,0,0,0,-1,1,-9.04609e-07,-3.41781e-06,-0.20063,0,13.6471,1,1010,1010,1010,1010,0,0,0,0,25.6055,54,0.00866555,0.299069,45,0.0529624,0.258248,29,-0.0131266,0.347839,56,0.0756702,0.341164,56,0.0292545,0.337977,56,0.016289,0.360944,51,0.0551515,0.338172,56,0.035142,0.341568,52,0.0173533,0.345503
5002420698706,5002403044000,5002403044000,5002420687077,73729,17.6431,5002432688429,29.6444,0,16761,62148,0,0,1,0,0,0.008,500,500,477,0.954,2.68595,4.16546,0.768432,0.302317,0.158539,1.97943,0.000283979,0.00357369,0.0442825,0.0469764,1,0.446711,-0.0354973,0.0354973,0.446711,1,1,0.0228604,0.445752,0.0126369,0.000958634,0,0,0,0,0,0,0,0,0,0,0,0,0,0,0,0,0,0,0,0,0,0,0,255,0.21,-0.17815,0.21,0.0173837,0.0053538,1,1,1,1,1,1,1,0.118546,-3.29561,0.115403,0.0915738,-0.0264469,-0.00329362,25.9359,15659,1,367,121.437,3915,0,0.000884653,0.00252108,0.0459626,0,0,0,1,477,0.215,0.000240211,0.00302852,0.000651131,-5.16454e-05,0.000627151,-0.000180764,0.223761,0.0282569,-0.0106148,0.039849,-0.201419,-0.00859187,0.00412213,-0.0503444,12.2969,1,0,0,0,0,0,-1,1,-9.04609e-07,-3.41781e-06,-0.20063,0,26.1924,1,1010,1010,1010,1010,0,0,0,0,38.1508,56,0.0341109,0.413903,34,0.0806786,0.420385,56,0.0171467,0.455605,56,0.0739072,0.46114,55,0.0259495,0.448143,56,0.0401062,0.468592,56,0.0688094,0.463285,56,0.0436802,0.485023,52,0.0154806,0.470251
5002433336027,5002423033000,5002423033000,5002433329249,73729,10.2962,5002446881762,23.8488,1,16762,62149,0,0,1,0,0,0.019989,500,500,462,0.924,2.68563,4.28144,0.698839,0.303855,0.203903,2.95259,0.000474063,0.00536807,0.0619481,0.0141983,1,0.268551,-0.0237162,0.0237162,0.268551,1,1,0.0130302,0.26769,0.010686,0.000861353,0,0,0,0,0,0,0,0,0,0,0,0,0,0,0,0,0,0,0,0,0,0,0,255,0.21,2.23226,0.21,0.0460992,0.462422,1,1,1,1,0,1,1,0.118546,-3.29561,0.115403,0.0915738,-0.0264469,-0.00329362,40.1313,15659,1,367,135.632,3915,0,0.000884653,0.00252108,0.0459626,0,0,0,1,462,0.215,0.000401235,0.00454911,0.000978058,-8.62656e-05,0.00094009,-0.000280744,0.224701,0.0279761,-0.0106833,0.0399385,-0.20217,-0.00646352,0.00370382,-0.0419306,13.9304,2,0,0,0,0,0,-1,1,-9.04609e-07,-3.41781e-06,-0.202552,0,0.227242,1,1010,1010,1010,1010,0,0,0,0,0.231391,55,0.0145002,0.25784,39,0.0455644,0.240408,52,0.0149922,0.274911,56,0.0435096,0.282876,56,0.0190219,0.264507,55,0.0194654,0.282485,41,0.0352697,0.284489,56,0.0371898,0.287478,52,0.00902329,0.276512
5002447439877,5002435011000,5002435011000,5002447428563,73729,12.4176,5002459193154,24.1822,0,16762,62150,0,0,1,0,0,0.011978,500,500,458,0.916,2.62561,4.18374,0.589116,0.320447,0.115738,0.980042,0.000248344,0.00172573,0.0256511,0.0235481,1,0.144075,-0.0207334,0.0207334,0.144075,1,1,0.0158994,0.142964,0.00483393,0.00111172,0,0,0,0,0,0,0,0,0,0,0,0,0,0,0,0,0,0,0,0,0,0,0,255,0.2,6.22664,0.2,0.0598815,-0.0347056,1,1,1,2,0,1,1,0.120724,-3.2963,0.115006,0.0362595,-0.0123257,-0.00388396,12.2894,15660,1,367,147.958,3915,0,0.000884653,0.00252108,0.0459626,0,0,0,1,458,0.205,0.000210277,0.00146231,0.000299775,-4.31069e-05,0.000284783,-0.000102416,0.224986,0.0278737,-0.0107984,0.0399355,-0.202314,-0.00672458,0.00455806,-0.021235,12.0516,1,0,0,0,0,0,-1,1,-9.04609e-07,-3.41781e-06,-0.202552,0,12.5368,1,1010,1010,1010,1010,0,0,0,0,12.5409,56,0.0230917,0.140086,53,0.0328972,0.106143,23,0.00308624,0.15192,56,0.0299935,0.152682,56,0.0193262,0.143711,52,0.007299,0.156404,56,0.0315406,0.159789,56,0.0217532,0.154444,50,0.0157076,0.145731
5002459762381,5002455017000,5002455017000,5002459755825,73729,4.73882,5002470446186,15.4292,1,16763,62151,0,0,1,0,0,0.020006,500,500,492,0.984,2.64322,3.84092,0.691413,0.342891,0.0436707,0.580879,0.000102808,0.00101853,0.00616508,0.0139313,1,0.0509113,-0.00513886,0.00513886,0.0509113,1,1,0.00474846,0.0511176,0.000390396,-0.00020625,0,0,0,0,0,0,0,0,0,0,0,0,0,0,0,0,0,0,0,0,0,0,0,255,0.2,8.37508,0.2,-0.0012754,-0.0885814,1,1,1,2,0,1,1,0.120724,-3.2963,0.115006,0.0362595,-0.0123257,-0.00388396,23.5567,15660,1,367,159.226,3915,0,0.000884653,0.00252108,0.0459626,0,0,0,1,492,0.205,8.70035e-05,0.000863132,0.000176942,-1.78357e-05,0.000169617,-5.30032e-05,0.225156,0.0278207,-0.0108249,0.0399411,-0.202343,-0.00793102,-0.000845625,-0.00762532,10.965,1,0,0,0,0,0,-1,1,-9.04609e-07,-3.41781e-06,-0.202552,0,23.8147,1,1010,1010,1010,1010,0,0,0,0,23.8189,55,0.00399332,0.0505062,55,0.00665369,0.0328762,56,0.00455157,0.0541584,56,0.00842577,0.0529235,56,0.00253979,0.0527836,56,0.000854485,0.0569359,50,0.00791507,0.0551803,56,0.00508217,0.0540605,52,0.00342126,0.0540727
5002471088413,5002463035000,5002463035000,5002471078024,73729,8.04302,5002482239111,19.2041,0,16763,62152,0,0,1,0,0,0.008018,500,500,499,0.998,2.65408,3.71481,0.700246,0.318892,0.131958,-0.365417,0.000192659,-0.00063907,-0.0230866,-0.0273468,1,-0.0797045,-0.0240283,0.0240283,-0.0797045,1,1,0.0241528,-0.0784219,-0.000124517,-0.00128261,0,0,0,0,0,0,0,0,0,0,0,0,0,0,0,0,0,0,0,0,0,0,0,255,0.2,-0.586635,0.2,0.0345908,-0.0701053,1,1,1,1,1,1,1,0.120724,-3.2963,0.115006,0.0362595,-0.0123257,-0.00388396,35.3201,15660,1,367,170.989,3915,0,0.000884653,0.00252108,0.0459626,0,0,0,1,499,0.205,0.000163548,-0.000541528,-0.000111013,-3.35274e-05,-0.000115385,-1.05562e-05,0.22504,0.0278102,-0.0106994,0.0399088,-0.20231,0.0024513,-0.00525871,0.00236946,11.5074,1,0,0,0,0,0,-1,1,-9.04609e-07,-3.41781e-06,-0.202552,0,35.59,1,1010,1010,1010,1010,0,0,0,0,35.5941,56,0.0362271,-0.0822833,55,-0.0019136,-0.0466641,56,0.0359822,-0.0774651,56,0.017711,-0.0858496,56,0.032266,-0.0936818,56,0.0222862,-0.0803248,56,0.0283082,-0.0919924,56,0.0319595,-0.0898665,52,0.0403875,-0.0711246
5002482872894,5002475023000,5002475023000,5002482860060,73729,7.83706,5002495338546,20.3155,0,16763,62153,0,0,1,0,0,0.011988,500,500,497,0.994,2.64771,3.93196,0.820062,0.317799,0.118469,-0.714233,0.00016874,-0.00125701,-0.0135664,-0.0180227,1,-0.104856,-0.0140758,0.0140758,-0.104856,1,1,0.0110468,-0.10184,0.00302901,-0.00301631,0,0,0,0,0,0,0,0,0,0,0,0,0,0,0,0,0,0,0,0,0,0,0,255,0.2,1.0556,0.2,0.014321,-0.0881193,1,1,1,2,0,1,1,0.120724,-3.2963,0.115006,0.0362595,-0.0123257,-0.00388396,48.416,15660,1,367,184.085,3915,0,0.000884653,0.00252108,0.0459626,0,0,0,1,497,0.205,0.000143522,-0.00106529,-0.000218384,-2.94221e-05,-0.00021966,1.50324e-05,0.224821,0.0278252,-0.0102285,0.0398,-0.202354,0.0170458,-0.0123669,0.00370153,12.8065,2,0,0,0,0,0,-1,1,-9.04609e-07,-3.41781e-06,-0.202552,0,48.6698,1,1010,1010,1010,1010,0,0,0,0,0.195835,55,0.0175557,-0.106266,54,-0.0167231,-0.0827257,56,0.0354799,-0.110118,56,0.0162389,-0.114674,56,0.0229626,-0.106309,56,0.0227759,-0.114583,56,0.00858945,-0.113108,56,0.0130257,-0.110332,52,0.0146638,-0.106583
5002495843254,5002483039000,5002483039000,5002495833124,73729,12.7941,5002506930600,23.8916,0,16763,62154,0,0,1,0,0,0.008016,500,500,498,0.996,2.60974,4.09848,0.622635,0.323298,0.235344,-0.725266,0.000436694,-0.00128316,0.00448837,-0.0109818,1,-0.160074,-0.0544778,0.0544778,-0.160074,1,1,0.0495511,-0.157142,0.00492662,-0.00293252,0,0,0,0,0,0,0,0,0,0,0,0,0,0,0,0,0,0,0,0,0,0,0,255,0.2,3.84721,0.2,0.0343614,-0.125438,1,1,1,1,0,1,1,0.119579,-3.2961,0.114535,0.00426376,0.00204402,-0.00707534,11.5349,15661,1,367,195.682,3915,0,0.000884653,0.00252108,0.0459626,0,0,0,1,498,0.205,0.000370517,-0.00108749,-0.000222936,-7.5956e-05,-0.000233449,-2.96393e-05,0.224587,0.0277956,-0.0102285,0.0398,-0.202354,0.0225422,-0.0120233,0.00187445,24.4202,0,0,0,0,0,0,-1,1,-9.04609e-07,-3.41781e-06,-0.202712,0,0.251094,1,1010,1010,1010,1010,0,0,0,0,11.8027,56,0.0468995,-0.161491,54,0.0474313,-0.0984528,56,0.0583446,-0.178454,56,0.0530293,-0.168357,56,0.0679446,-0.159776,56,0.0739952,-0.166396,56,0.0495485,-0.182156,56,0.0414225,-0.172019,52,0.0608657,-0.170225
5002507490882,5002491051000,5002491051000,5002507479048,73729,16.428,5002520982672,29.9317,0,16763,62155,0,0,1,0,0,0.008012,500,500,500,1,2.63052,4.15337,0.705542,0.354132,0.116516,-0.692978,0.000166346,-0.00123915,-0.0120906,-0.0195486,1,-0.154662,-0.0207621,0.0207621,-0.154662,1,1,0.0117924,-0.1532,0.00896971,-0.00146201,0,0,0,0,0,0,0,0,0,0,0,0,0,0,0,0,0,0,0,0,0,0,0,255,0.2,5.28549,0.2,0.000648179,-0.122353,1,1,1,1,0,1,1,0.119579,-3.2961,0.114535,0.00426376,0.00204402,-0.00707534,25.6069,15661,1,367,14.0185,3916,0,0.000884653,0.00203791,0.0442964,0,0,0,1,500,0.205,0.000141346,-0.00105016,-0.000215283,-2.8976e-05,-0.000216531,1.49155e-05,0.224371,0.0278105,-0.00990675,0.0397752,-0.202671,0.025218,-0.00599422,-0.00924622,13.7665,2,0,0,0,0,0,-1,1,-9.04609e-07,-3.41781e-06,-0.202712,0,14.3295,1,1010,1010,1010,1010,0,0,0,0,25.8811,56,0.0217124,-0.155347,56,-0.0125476,-0.117326,56,0.0501269,-0.160499,56,0.014563,-0.16424,56,0.0343495,-0.146949,56,0.0303622,-0.153705,56,0.0234574,-0.17321,56,0.0266505,-0.165281,52,0.0253631,-0.160783
5002521615195,5002511041000,5002511041000,5002521604880,73729,10.5639,5002535184042,24.143,1,16764,62156,0,0,1,0,0,0.01999,500,500,483,0.966,2.68504,3.8702,0.753987,0.30591,-0.401642,-1.00763,-0.000804281,-0.00177229,0.00468231,-0.0181681,1,-0.0886589,0.0402342,-0.0402342,-0.0886589,1,1,-0.0447781,-0.0873599,0.00454389,-0.00129898,0,0,0,0,0,0,0,0,0,0,0,0,0,0,0,0,0,0,0,0,0,0,0,255,0.2,-0.828544,0.2,-0.0584319,-0.071631,1,1,1,1,1,1,1,0.119579,-3.2961,0.114535,0.00426376,0.00204402,-0.00707534,39.788,15661,1,367,28.1996,3916,0,0.000884653,0.00203791,0.0442964,0,0,0,1,483,0.205,-0.000681765,-0.00150187,-0.000307883,0.000139762,-0.000273216,0.000198895,0.224098,0.0280094,-0.00993862,0.0399252,-0.202915,0.00212884,-0.00532582,-0.0132009,12.4432,2,0,0,0,0,0,-1,1,-9.04609e-07,-3.41781e-06,-0.202712,0,28.4971,1,1010,1010,1010,1010,0,0,0,0,40.0487,56,-0.0358081,-0.0835951,52,-0.052029,-0.0698443,53,-0.0320964,-0.0916318,56,-0.0455028,-0.108067,56,-0.0428746,-0.0907775,56,-0.0272419,-0.095677,47,-0.0412125,-0.0968709,56,-0.0364509,-0.0938225,51,-0.0332498,-0.085513
5002535815361,5002523040000,5002523040000,5002535802898,73729,12.7629,5002549811192,26.7712,0,16764,62157,0,0,1,0,0,0.011999,500,500,495,0.99,2.63671,3.89103,0.59769,0.336151,-0.271515,-0.0780487,-0.000455449,-0.000109392,0.0119263,-0.0136927,1,-0.00911673,0.0379572,-0.0379572,-0.00911673,1,1,-0.0335757,-0.00969061,-0.00438152,0.000573876,0,0,0,0,0,0,0,0,0,0,0,0,0,0,0,0,0,0,0,0,0,0,0,255,0.21,3.20293,0.21,-0.0424598,0.0223092,1,1,1,1,0,1,1,0.118445,-3.29548,0.114047,0.0271746,-0.00464941,-0.00785918,1.24031,15662,1,367,42.8174,3916,0,0.000884653,0.00203791,0.0442964,0,0,0,1,495,0.215,-0.000386289,-9.27161e-05,-1.9934e-05,8.30521e-05,-2.82822e-06,8.5364e-05,0.224095,0.0280947,-0.0101594,0.0401717,-0.202657,-0.00973826,0.00246767,0.00728184,1.01875,2,0,0,0,0,0,-1,1,-9.04608e-07,-3.41781e-06,-0.202881,0,1.50457,1,1010,1010,1010,1010,0,0,0,0,1.5082,56,-0.036205,-0.00668451,55,-0.0369545,-0.0124221,52,-0.0401029,-0.0161232,56,-0.0416606,-0.00645182,56,-0.0436146,-0.0103915,56,-0.0419052,-0.0144426,56,-0.0418182,-0.0071772,56,-0.0377617,-0.0101052,52,-0.041316,-0.0119214
5002550365160,5002531050000,5002531050000,5002550352530,73729,19.3025,5002562339827,31.2898,0,16764,62158,0,0,1,0,0,0.00801,500,500,500,1,2.665,3.71051,0.789673,0.321965,-0.327934,0.0900421,-0.000600735,0.00014761,-0.00718818,0.0132774,1,0.0184282,0.0749982,-0.0749982,0.0184282,1,1,-0.0681138,0.0175661,-0.00688432,0.000862082,0,0,0,0,0,0,0,0,0,0,0,0,0,0,0,0,0,0,0,0,0,0,0,255,0.21,7.12163,0.21,-0.0365881,0.451026,1,1,1,1,0,1,1,0.118445,-3.29548,0.114047,0.0271746,-0.00464941,-0.00785918,13.7784,15662,1,367,55.3554,3916,0,0.000884653,0.00203791,0.0442964,0,0,0,1,500,0.215,-0.000509621,0.000124953,2.6865e-05,0.000109568,4.83022e-05,0.000101927,0.224143,0.0281967,-0.0101594,0.0401717,-0.202657,-0.0117238,0.00370695,0.014303,13.5411,0,0,0,0,0,0,-1,1,-9.04608e-07,-3.41781e-06,-0.202881,0,14.0453,1,1010,1010,1010,1010,0,0,0,0,14.0489,56,-0.0890487,0.00775545,56,-0.0556668,0.0250994,56,-0.0869115,0.0140513,56,-0.0749365,0.0242137,56,-0.0746949,0.0248087,56,-0.0734807,0.0249704,56,-0.0722817,0.0222989,56,-0.081313,0.0184593,52,-0.0761716,0.016332
5002562922517,5002551045000,5002551045000,5002562914924,73729,11.8699,5002575209631,24.1646,1,16765,62159,0,0,1,0,0,0.019995,500,500,496,0.992,2.65498,3.7287,0.588875,0.319206,-0.303535,0.61084,-0.000575202,0.00108552,-0.0111618,0.00805429,1,0.0542895,0.0287673,-0.0287673,0.0542895,1,1,-0.0208345,0.0520883,-0.00793282,0.00220125,0,0,0,0,0,0,0,0,0,0,0,0,0,0,0,0,0,0,0,0,0,0,0,255,0.21,-0.150686,0.21,-0.0141386,0.0774609,1,1,1,1,0,1,1,0.118445,-3.29548,0.114047,0.0271746,-0.00464941,-0.00785918,26.6476,15662,1,367,68.2244,3916,0,0.000884653,0.00203791,0.0442964,0,0,0,1,496,0.215,-0.000487962,0.000919874,0.000197773,0.000104912,0.000214615,6.3076e-05,0.224358,0.0282597,-0.0101514,0.0405445,-0.202278,-0.00422928,0.00946537,0.0239055,12.5972,2,0,0,0,0,0,-1,1,-9.04608e-07,-3.41781e-06,-0.202881,0,26.921,1,1010,1010,1010,1010,0,0,0,0,26.9246,56,-0.0258412,0.0572063,56,-0.0212231,0.0338202,52,-0.0331963,0.0594411,56,-0.0267341,0.0637313,56,-0.0316014,0.0560212,56,-0.0333045,0.0535926,56,-0.0278813,0.0605331,56,-0.0291377,0.0580278,52,-0.0315723,0.0507131
5002575795376,5002563027000,5002563027000,5002575784024,73729,12.757,5002590265248,27.2382,0,16765,62160,0,0,1,0,0,0.011982,500,500,498,0.996,2.62028,3.89157,0.81421,0.321707,0.0976105,0.359238,0.000173727,0.000619236,-0.0101798,0.0181214,1,0.0516805,-0.014499,0.014499,0.0516805,1,1,0.0179647,0.0498586,-0.00346566,0.00182187,0,0,0,0,0,0,0,0,0,0,0,0,0,0,0,0,0,0,0,0,0,0,0,255,0.21,2.54843,0.21,0.0194252,0.0387465,1,1,1,1,1,1,1,0.118445,-3.29548,0.114047,0.0271746,-0.00464941,-0.00785918,41.7049,15662,1,367,83.2821,3916,0,0.000884653,0.00203791,0.0442964,0,0,0,1,498,0.215,0.000147124,0.000524703,0.000112811,-3.16317e-05,0.000104079,-5.36315e-05,0.224462,0.0282061,-0.0101189,0.0406311,-0.202264,0.00362322,0.00783403,0.0148204,14.7902,1,0,0,0,0,0,-1,1,-9.04608e-07,-3.41781e-06,-0.202881,0,41.9694,1,1010,1010,1010,1010,0,0,0,0,41.9731,56,-0.00803186,0.0566634,54,0.0359957,0.0350362,56,0.00718114,0.061365,56,0.022899,0.0520161,56,0.0165692,0.0599642,56,0.00958903,0.0508383,56,0.0181732,0.0516534,56,0.0178531,0.0542148,52,0.00404888,0.0545488
5002590890364,5002571053000,5002571053000,5002590876845,73729,19.8238,5002602803568,31.7506,0,16765,62161,0,0,1,0,0,0.008026,500,500,475,0.95,2.6438,4.13864,0.605838,0.30454,0.24913,0.282104,0.00043708,0.00051876,-0.00391355,-0.00398471,1,0.064635,-0.054458,0.054458,0.064635,1,1,0.0527421,0.0658335,0.00171594,-0.00119852,0,0,0,0,0,0,0,0,0,0,0,0,0,0,0,0,0,0,0,0,0,0,0,255,0.21,7.49234,0.21,0.049214,0.0455059,1,1,1,1,0,1,1,0.117656,-3.29562,0.113564,0.0175634,-0.0131679,-0.00801619,0.470855,15663,1,367,95.8126,3916,0,0.000884653,0.00203791,0.0442964,0,0,0,1,475,0.215,0.000370682,0.000439709,9.45373e-05,-7.96966e-05,7.65253e-05,-9.70753e-05,0.224538,0.028109,-0.0101851,0.0405502,-0.202591,-0.000345103,-0.00515365,-0.00617891,0.252576,2,0,0,0,0,0,-1,1,-9.04608e-07,-3.41781e-06,-0.202816,0,0.730876,1,1010,1010,1010,1010,0,0,0,0,0.734561,56,0.0543657,0.0701717,54,0.0608365,0.0461156,56,0.053949,0.0633344,56,0.0606979,0.0694678,56,0.071842,0.0666287,56,0.0569044,0.069732,33,0.0464782,0.0642061,56,0.0635593,0.0711828,52,0.0412439,0.0693427
5002603366072,5002591044000,5002591044000,5002603359887,73729,12.3159,5002615871040,24.827,1,16766,62162,0,0,1,0,0,0.019991,500,500,499,0.998,2.62696,3.83599,0.70295,0.346022,0.577576,0.242554,0.00116375,0.000411783,0.0152857,0.009103,1,0.0205984,-0.0582136,0.0582136,0.0205984,1,1,0.0525644,0.0221245,0.0056492,-0.00152605,0,0,0,0,0,0,0,0,0,0,0,0,0,0,0,0,0,0,0,0,0,0,0,255,0.2,-0.338188,0.2,0.0432572,0.0130132,1,1,1,1,0,1,1,0.117656,-3.29562,0.113564,0.0175634,-0.0131679,-0.00801619,13.5438,15663,1,367,108.886,3916,0,0.000884653,0.00203791,0.0442964,0,0,0,1,499,0.205,0.000986836,0.000349016,7.15482e-05,-0.000202301,2.93613e-05,-0.000212561,0.224568,0.0278965,-0.0101981,0.0405627,-0.202805,-0.00171208,-0.00625681,-0.0198991,12.8379,1,0,0,0,0,0,-1,1,-9.04608e-07,-3.41781e-06,-0.202816,0,13.8229,1,1010,1010,1010,1010,0,0,0,0,13.8266,56,0.0633508,0.0175592,55,0.0575246,0.00797179,56,0.0526602,0.0228394,56,0.060247,0.024132,56,0.056063,0.0265575,56,0.0626737,0.0247515,56,0.0556291,0.0232743,56,0.0545219,0.0211569,52,0.055798,0.013542
5002616444766,5002603065000,5002603065000,5002616433340,73729,13.3683,5002630461172,27.3962,0,16766,62163,0,0,1,0,0,0.012021,500,500,499,0.998,2.618,4.02988,0.630745,0.31828,0.271057,0.122223,0.00051954,0.000194642,0.0172829,0.0121884,1,0.0161919,-0.0432194,0.0432194,0.0161919,1,1,0.0381278,0.0166659,0.00509155,-0.000474007,0,0,0,0,0,0,0,0,0,0,0,0,0,0,0,0,0,0,0,0,0,0,0,255,0.2,2.5737,0.2,0.011291,-0.302731,1,1,1,1,0,1,1,0.117656,-3.29562,0.113564,0.0175634,-0.0131679,-0.00801619,28.135,15663,1,367,123.477,3916,0,0.000884653,0.00203791,0.0442964,0,0,0,1,499,0.205,0.000440517,0.000164961,3.3817e-05,-9.0306e-05,1.49303e-05,-9.52662e-05,0.224583,0.0278012,-0.0102359,0.0405815,-0.202961,-0.00177926,-0.00194343,-0.0181237,14.3285,1,0,0,0,0,0,-1,1,-9.04608e-07,-3.41781e-06,-0.202816,0,28.4026,1,1010,1010,1010,1010,0,0,0,0,28.4063,56,0.0348193,0.0135267,55,0.0451318,0.00149505,56,0.0408663,0.0212725,56,0.0428916,0.0204341,56,0.048736,0.017006,56,0.0421727,0.0213758,56,0.0495876,0.0172222,56,0.0446481,0.0222976,52,0.038311,0.0154991
5002631033047,5002611054000,5002611054000,5002631020787,73729,19.9668,5002643071733,32.0177,0,16766,62164,0,0,1,0,0,0.007989,500,500,497,0.994,2.65748,3.88773,0.74345,0.315039,0.092041,0.105713,0.000121559,0.000198863,0.00268145,0.00341884,1,0.0248921,-0.0152159,0.0152159,0.0248921,1,1,0.013252,0.0251884,0.00196382,-0.000296328,0,0,0,0,0,0,0,0,0,0,0,0,0,0,0,0,0,0,0,0,0,0,0,255,0.2,6.94355,0.2,0.0145527,-0.00788838,1,1,1,1,1,1,1,0.117656,-3.29562,0.113564,0.0175634,-0.0131679,-0.00801619,40.7486,15663,1,367,136.09,3916,0,0.000884653,0.00203791,0.0442964,0,0,0,1,497,0.205,0.000103119,0.000168551,3.4553e-05,-2.11394e-05,2.95626e-05,-2.76664e-05,0.224612,0.0277735,-0.0102769,0.0405822,-0.202997,-0.00312556,-0.00121495,-0.00894178,12.3654,1,0,0,0,0,0,-1,1,-9.04608e-07,-3.41781e-06,-0.202816,0,41.019,1,1010,1010,1010,1010,0,0,0,0,41.0227,55,0.00254532,0.0442099,55,0.0135535,0.0312962,56,0.0205717,0.0237433,56,0.0315792,0.0115358,56,0.00892883,0.0161084,56,0.0232357,0.0197384,56,0.0253449,0.0255893,56,0.0223151,0.0231267,51,0.0201612,0.0370133
5002643730701,5002631052000,5002631052000,5002643722293,73729,12.6703,5002656666931,25.6149,1,16767,62165,0,0,1,0,0,0.019998,500,500,472,0.944,2.60902,3.80633,0.687523,0.33378,-0.178352,0.0231018,-0.000362886,2.71701e-05,-0.00684359,0.00108037,1,0.00135864,0.0181461,-0.0181461,0.00135864,1,1,-0.0160062,0.00187992,-0.00213995,-0.000521278,0,0,0,0,0,0,0,0,0,0,0,0,0,0,0,0,0,0,0,0,0,0,0,255,0.2,-0.60256,0.2,-0.0102316,0.00479675,1,1,1,1,0,1,1,0.116625,-3.29541,0.113081,0.00912277,0.00448831,-0.0097572,4.58398,15664,1,367,149.677,3916,0,0.000884653,0.00203791,0.0442964,0,0,0,1,472,0.205,-0.000307673,2.30523e-05,4.72573e-06,6.30729e-05,1.73108e-05,6.08289e-05,0.224629,0.0278344,-0.0103791,0.0405513,-0.202943,-0.00389417,-0.00213724,0.00390372,4.36277,2,0,0,0,0,0,-1,1,-9.04609e-07,-3.41781e-06,-0.203172,0,4.84163,1,1010,1010,1010,1010,0,0,0,0,4.8473,56,-0.00566891,0.00598739,56,-0.0201321,-0.000646036,56,-0.018823,0.00149692,56,-0.0133137,0.00402685,56,-0.0173721,0.00258911,56,-0.0177756,0.00428209,56,-0.0210397,0.000895386,56,-0.0184508,0.00206412,24,-0.0171806,-0.00100775
5002657213917,5002643055000,5002643055000,5002657201824,73729,14.1468,5002673959362,30.9044,0,16767,62166,0,0,1,0,0,0.012003,500,500,500,1,2.776,4.31563,0.745321,0.359966,-0.244492,-0.121231,-0.000483843,-0.000219194,-0.00842562,0.00413263,1,-0.0182616,0.0403102,-0.0403102,-0.0182616,1,1,-0.0383842,-0.0177601,-0.00192596,-0.000501521,0,0,0,0,0,0,0,0,0,0,0,0,0,0,0,0,0,0,0,0,0,0,0,255,0.21,2.715,0.21,-0.0289945,-0.0142235,1,1,1,1,0,1,1,0.116625,-3.29541,0.113081,0.00912277,0.00448831,-0.0097572,21.8766,15664,1,367,166.97,3916,0,0.000884653,0.00203791,0.0442964,0,0,0,1,500,0.215,-0.00041031,-0.000185876,-3.99633e-05,8.82167e-05,-2.13634e-05,9.44582e-05,0.224608,0.0279288,-0.0103928,0.0405763,-0.202991,-0.00425706,-0.00215654,0.00321964,17.0451,1,0,0,0,0,0,-1,1,-9.04609e-07,-3.41781e-06,-0.203172,0,22.1436,1,1010,1010,1010,1010,0,0,0,0,22.1493,56,-0.0502202,-0.0219127,56,-0.0510664,-0.0165131,56,-0.0335576,-0.01788,56,-0.036961,-0.0209211,56,-0.032393,-0.01875,56,-0.0384171,-0.0201072,56,-0.0343334,-0.0165507,56,-0.0463094,-0.0211747,52,-0.0476551,-0.0226888
5002674494385,5002663032000,5002663032000,5002674488662,73729,11.4567,5002686789017,23.757,1,16768,62167,0,0,1,0,0,0.019977,500,500,500,1,2.6433,3.72032,0.689542,0.324873,-0.288605,-0.233719,-0.000450422,-0.000362826,0.0116701,-0.0120051,1,-0.0181622,0.022547,-0.022547,-0.0181622,1,1,-0.0246881,-0.0187148,0.00214109,0.000552622,0,0,0,0,0,0,0,0,0,0,0,0,0,0,0,0,0,0,0,0,0,0,0,255,0.21,-0.322113,0.21,-0.0144468,0.0308879,1,1,1,1,0,1,1,0.116625,-3.29541,0.113081,0.00912277,0.00448831,-0.0097572,34.7109,15664,1,367,179.804,3916,0,0.000884653,0.00203791,0.0442964,0,0,0,1,500,0.215,-0.00038199,-0.000307415,-6.60943e-05,8.21279e-05,-4.81417e-05,9.3768e-05,0.22456,0.0280226,-0.0103092,0.0406799,-0.2032,0.00277116,0.00237627,-0.00514842,12.5594,2,0,0,0,0,0,-1,1,-9.04609e-07,-3.41781e-06,-0.203172,0,34.9851,1,1010,1010,1010,1010,0,0,0,0,34.9907,56,-0.00958166,-0.0109625,56,-0.0249146,-0.00674578,56,-0.0241005,-0.0244889,56,-0.0310418,-0.0222898,56,-0.0273968,-0.0154261,56,-0.0279083,-0.026199,56,-0.0307464,-0.0186438,56,-0.0251465,-0.0218007,52,-0.0178965,-0.018801
5002687360651,5002683030000,5002683030000,5002687354929,73729,4.32493,5002700038731,17.0087,1,16769,62168,0,0,1,0,0,0.019998,500,500,500,1,2.62439,4.12633,0.640042,0.348021,-0.0629578,-0.446045,-0.000111548,-0.00085215,0.000363616,0.00945225,1,-0.0426118,0.00557796,-0.00557796,-0.0426118,1,1,-0.00888045,-0.0420356,0.00330248,-0.000576176,0,0,0,0,0,0,0,0,0,0,0,0,0,0,0,0,0,0,0,0,0,0,0,255,0.21,2.39535,0.21,0.00193647,0.128973,1,1,1,1,1,1,1,0.114579,-3.29473,0.112575,0.00137035,-0.000375761,-0.0114582,0.686228,15665,1,367,0.649209,3917,0,0.000884653,0.00224411,0.0426684,0,0,0,1,500,0.215,-9.45307e-05,-0.000722272,-0.000155289,2.03241e-05,-0.000147872,5.12266e-05,0.224412,0.0280738,-0.0101328,0.0407,-0.203254,0.00769182,-0.00247755,-0.00520708,0.449818,2,0,0,0,0,0,-1,1,-9.04609e-07,-3.41781e-06,-0.203478,0,0.947507,1,1010,1010,1010,1010,0,0,0,0,0.95134,56,-0.011342,-0.0394162,56,-0.00786885,-0.0304611,56,-0.00176413,-0.0397871,56,-0.0052055,-0.0426718,56,-0.00079649,-0.0466842,56,-0.00643403,-0.0390038,56,-0.00532547,-0.0480233,56,-0.00974295,-0.0462094,52,-0.00202668,-0.0473584
5002700634014,5002691044000,5002691044000,5002700623625,73729,9.57963,5002711685192,20.6412,0,16769,62169,0,0,1,0,0,0.008014,500,500,499,0.998,2.66237,3.65616,0.631394,0.31428,0.0817871,-0.221405,0.000104094,-0.00038464,-0.0256783,-0.00770492,1,-0.047996,-0.012989,0.012989,-0.047996,1,1,0.010091,-0.0472741,0.00289804,-0.000721923,0,0,0,0,0,0,0,0,0,0,0,0,0,0,0,0,0,0,0,0,0,0,0,255,0.21,5.42577,0.21,0.0101396,-0.0404766,1,1,1,1,0,1,1,0.114579,-3.29473,0.112575,0.00137035,-0.000375761,-0.0114582,12.3754,15665,1,367,12.3383,3917,0,0.000884653,0.00224411,0.0426684,0,0,0,1,499,0.215,8.84027e-05,-0.000326016,-7.00935e-05,-1.90066e-05,-7.24225e-05,-4.47874e-06,0.22434,0.0280693,-0.0101328,0.0407,-0.203254,0.00920538,-0.00310427,-0.00260495,12.1089,0,0,0,0,0,0,-1,1,-9.04609e-07,-3.41781e-06,-0.203478,0,12.67,1,1010,1010,1010,1010,0,0,0,0,12.6738,55,0.0155411,-0.0488788,56,-0.008933,-0.0196236,56,0.0172297,-0.0507671,56,0.011867,-0.0566317,56,0.0178691,-0.0304726,56,0.0300557,-0.0495787,56,0.0127685,-0.0618532,56,0.0183086,-0.050575,52,0.0179987,-0.0466858
5002712313808,5002703019000,5002703019000,5002712301790,73729,9.28279,5002724622145,21.6031,0,16769,62170,0,0,1,0,0,0.011975,500,500,500,1,2.64504,3.70595,0.651838,0.321114,0.0840302,-0.168304,0.000148179,-0.000322462,-0.00679781,-0.00140301,1,-0.026928,-0.0123741,0.0123741,-0.026928,1,1,0.0119012,-0.0262341,0.000472877,-0.000693851,0,0,0,0,0,0,0,0,0,0,0,0,0,0,0,0,0,0,0,0,0,0,0,255,0.2,7.01065,0.2,-0.011266,-0.283843,1,1,1,1,0,1,1,0.114579,-3.29473,0.112575,0.00137035,-0.000375761,-0.0114582,25.2778,15665,1,367,25.2408,3917,0,0.000884653,0.00224411,0.0426684,0,0,0,1,500,0.205,0.000125722,-0.000273241,-5.60143e-05,-2.57729e-05,-6.00062e-05,-1.39522e-05,0.22428,0.0280554,-0.0100571,0.0407222,-0.203146,0.00951709,-0.00284479,0.00606263,12.6459,1,0,0,0,0,0,-1,1,-9.04609e-07,-3.41781e-06,-0.203478,0,25.5403,1,1010,1010,1010,1010,0,0,0,0,25.5442,56,0.0126693,-0.0272418,56,0.0131514,-0.0316484,56,0.0099825,-0.0232843,56,0.00476871,-0.0272149,56,0.010438,-0.0262096,56,0.0153153,-0.0215921,56,0.0156559,-0.0283404,56,0.010991,-0.0293323,52,0.0169778,-0.0261766
5002725185742,5002711043000,5002711043000,5002725174131,73729,14.1311,5002737177150,26.1341,0,16769,62171,0,0,1,0,0,0.008024,500,500,495,0.99,2.66385,3.93416,0.779488,0.317132,0.010788,-0.0660706,-3.09184e-05,-7.50457e-05,-0.0274174,-0.0251779,1,-0.00935265,0.00385324,-0.00385324,-0.00935265,1,1,-0.000138265,-0.00944495,-0.00371498,9.23001e-05,0,0,0,0,0,0,0,0,0,0,0,0,0,0,0,0,0,0,0,0,0,0,0,255,0.21,-0.396614,0.21,-0.0121735,-0.132575,1,1,1,1,0,1,1,0.114579,-3.29473,0.112575,0.00137035,-0.000375761,-0.0114582,37.8336,15665,1,367,37.797,3917,0,0.000884653,0.00224411,0.0426684,0,0,0,1,495,0.215,-2.60491e-05,-6.35931e-05,-1.36725e-05,5.60055e-06,-1.22552e-05,8.23779e-06,0.224267,0.0280636,-0.0100004,0.0408381,-0.202825,0.00541051,0.000396891,0.0171079,12.2812,2,0,0,0,0,0,-1,1,-9.04609e-07,-3.41781e-06,-0.203478,0,38.1009,1,1010,1010,1010,1010,0,0,0,0,38.1047,56,-0.000435395,-0.0117362,56,-0.0400039,0.0128891,51,0.00803344,-0.0185806,56,0.00835213,-0.0192534,56,0.00045524,-0.0215993,56,-0.0144959,-0.0214901,56,-0.00596253,-0.0170901,56,0.0134296,-0.00481245,52,-0.00380244,-0.00130614
5002737750506,5002719059000,5002719059000,5002737738154,73729,18.6792,5002752213286,33.1543,0,16769,62172,0,0,1,0,0,0.008016,500,500,500,1,2.65269,5.0141,0.678765,0.359354,-0.00655365,0.0783539,-5.02729e-05,0.000136986,-0.0183453,-0.00202128,1,0.0170891,0.00627157,-0.00627157,0.0170891,1,1,-0.00077998,0.0160029,-0.00549159,0.00108622,0,0,0,0,0,0,0,0,0,0,0,0,0,0,0,0,0,0,0,0,0,0,0,255,0.21,1.98992,0.21,-0.00971725,0.209263,1,1,1,1,1,1,1,0.114579,-3.29473,0.112575,0.00137035,-0.000375761,-0.0114582,52.8677,15665,1,367,52.8306,3917,0,0.000884653,0.00224411,0.0426684,0,0,0,1,500,0.215,-4.25782e-05,0.000116081,2.49573e-05,9.15432e-06,2.6265e-05,3.94719e-06,0.224294,0.0280676,-0.0100135,0.0409274,-0.202698,0.000701712,0.00467074,0.0194524,14.7762,1,0,0,0,0,0,-1,1,-9.04609e-07,-3.41781e-06,-0.202884,0,0.248984,1,1010,1010,1010,1010,0,0,0,0,0.253743,56,-0.0148892,0.031482,56,-7.15792e-05,0.00983688,56,0.00078,0.0146928,56,-0.00498181,0.0136136,56,-0.00345949,0.0182251,56,0.00444845,0.0193168,56,-0.00128099,0.0219789,56,0.00234584,0.0187182,52,-0.0278817,0.010004
5002752817624,5002739053000,5002739053000,5002752810772,73729,13.7578,5002766296636,27.2436,1,16770,62173,0,0,1,0,0,0.019994,500,500,499,0.998,2.66426,3.72457,0.667709,0.317225,-0.0190735,0.39859,-6.10655e-05,0.000717892,-0.0116494,9.43403e-05,1,0.0359054,0.00305419,-0.00305419,0.0359054,1,1,0.00113407,0.0344183,-0.00418826,0.00148704,0,0,0,0,0,0,0,0,0,0,0,0,0,0,0,0,0,0,0,0,0,0,0,255,0.21,6.90152,0.21,-0.00523379,0.168846,1,1,1,1,0,1,1,0.112998,-3.2944,0.111963,0.00852014,-0.00127218,-0.0127711,14.0698,15666,1,367,66.9176,3917,0,0.000884653,0.00224411,0.0426684,0,0,0,1,499,0.215,-5.18175e-05,0.000608453,0.000130817,1.11408e-05,0.00013027,-1.53953e-05,0.224424,0.0280522,-0.0100444,0.0410189,-0.202662,-0.00183183,0.00639429,0.0129422,13.8365,1,0,0,0,0,0,-1,1,-9.04609e-07,-3.41781e-06,-0.202884,0,14.3364,1,1010,1010,1010,1010,0,0,0,0,14.3412,56,0.00240411,0.0388204,56,-0.000792374,0.0266771,56,-0.00525649,0.0372126,56,-0.00488903,0.0369825,56,-0.00612618,0.0320182,56,-0.00681735,0.0376502,56,-0.0041407,0.0405547,56,-0.00275334,0.0405098,51,-0.0015837,0.0415625
5002766860603,5002751038000,5002751038000,5002766848992,73729,15.811,5002780756267,29.7183,0,16770,62174,0,0,1,0,0,0.011985,500,500,463,0.926,2.65076,4.00246,0.641634,0.299262,-0.00967407,0.242798,4.13714e-05,0.000432304,0.00953669,0.0151518,1,0.0360704,-0.00345193,0.00345193,0.0360704,1,1,0.00410809,0.0350946,-0.00065616,0.00097574,0,0,0,0,0,0,0,0,0,0,0,0,0,0,0,0,0,0,0,0,0,0,0,255,0.21,0.634023,0.21,0.0337948,-0.167847,1,1,1,1,0,1,1,0.112998,-3.2944,0.111963,0.00852014,-0.00127218,-0.0127711,28.5335,15666,1,367,81.3812,3917,0,0.000884653,0.00224411,0.0426684,0,0,0,1,463,0.215,3.49284e-05,0.00036631,7.87566e-05,-7.50961e-06,7.55662e-05,-2.32117e-05,0.224499,0.028029,-0.0101912,0.0410667,-0.202887,-0.00501378,0.00419568,-0.00175383,14.1921,2,0,0,0,0,0,-1,1,-9.04609e-07,-3.41781e-06,-0.202884,0,28.7893,1,1010,1010,1010,1010,0,0,0,0,28.7941,56,0.00238725,0.0328246,56,0.0175331,0.0328218,26,-0.016027,0.039179,56,0.0118219,0.0455051,56,-0.00508144,0.0404706,51,0.00256229,0.0346775,56,-0.00103369,0.0369497,56,-0.00226962,0.0325143,50,0.00991791,0.0264311
5002781337457,5002771047000,5002771047000,5002781328882,73729,10.2819,5002793664478,22.6175,1,16771,62175,0,0,1,0,0,0.020009,500,500,485,0.97,2.67563,3.68258,0.655098,0.311355,-0.0333862,0.257782,-3.89908e-05,0.000436054,0.0123503,0.00418563,1,0.0217929,0.00194866,-0.00194866,0.0217929,1,1,-0.00516355,0.0222253,0.00321489,-0.00043237,0,0,0,0,0,0,0,0,0,0,0,0,0,0,0,0,0,0,0,0,0,0,0,255,0.2,4.94224,0.2,0.000744424,0.0216992,1,1,1,1,0,1,1,0.112998,-3.2944,0.111963,0.00852014,-0.00127218,-0.0127711,41.4377,15666,1,367,94.2854,3917,0,0.000884653,0.00224411,0.0426684,0,0,0,1,485,0.205,-3.32038e-05,0.000369498,7.57471e-05,6.80679e-06,7.54976e-05,-8.60104e-06,0.224575,0.0280204,-0.0102585,0.0410505,-0.203131,-0.00769647,-0.00177272,-0.016702,12.6309,1,0,0,0,0,0,-1,1,-9.04609e-07,-3.41781e-06,-0.202884,0,41.7337,1,1010,1010,1010,1010,0,0,0,0,0.240132,55,-0.00364129,0.0165012,56,0.00524784,0.0125751,42,-0.00507448,0.0286752,56,0.000796853,0.0243887,56,6.40726e-05,0.0180774,56,-0.00617274,0.0226124,56,0.00272595,0.028533,56,0.00249946,0.0262406,52,-0.00844102,0.0268522
5002794280835,5002779058000,5002779058000,5002794268890,73729,15.2109,5002809796048,30.738,0,16771,62176,0,0,1,0,0,0.008011,500,500,499,0.998,3.17369,7.07289,0.76008,0.327725,0.0814819,0.0652771,0.000228117,0.000127895,0.0467405,0.00176468,1,0.0159649,-0.0284754,0.0284754,0.0159649,1,1,0.0222166,0.0164061,0.00625888,-0.0004412,0,0,0,0,0,0,0,0,0,0,0,0,0,0,0,0,0,0,0,0,0,0,0,255,0.2,7.61902,0.2,0.0160349,-0.2647,1,1,1,1,1,1,1,0.112998,-3.2944,0.111963,0.00852014,-0.00127218,-0.0127711,57.5973,15666,1,367,110.445,3917,0,0.000884653,0.00224411,0.0426684,0,0,0,1,499,0.205,0.00019326,0.000108393,2.22205e-05,-3.96184e-05,1.3758e-05,-4.32877e-05,0.224589,0.0279771,-0.0102598,0.0410493,-0.203398,-0.003679,-0.00180892,-0.0234723,15.8585,1,0,0,0,0,0,-1,1,-9.04608e-07,-3.41781e-06,-0.203851,0,0.260428,1,1010,1010,1010,1010,0,0,0,0,16.3932,55,0.0324931,-0.00283223,56,0.0333293,0.00169968,56,0.0153101,0.0124189,56,0.0216932,0.0203884,56,0.0316994,0.0350662,56,0.0345096,0.0134159,56,0.0291285,0.0200289,56,0.0269624,0.0143547,52,0.0249367,0.00888567
5002810537110,5002799083000,5002799083000,5002810526684,73729,11.4437,5002825174353,26.0914,1,16772,62177,0,0,1,0,0,0.020025,500,500,495,0.99,2.89873,5.32865,0.858747,0.328447,0.174255,-0.0833435,0.000351619,-0.000175249,0.0112453,0.00643521,1,-0.00875151,-0.017559,0.017559,-0.00875151,1,1,0.0110095,-0.00838492,0.00654947,-0.000366592,0,0,0,0,0,0,0,0,0,0,0,0,0,0,0,0,0,0,0,0,0,0,0,255,0.21,3.67551,0.21,0.0243297,0.214004,1,1,1,1,0,1,1,0.111293,-3.29402,0.1113,-0.00302836,0.00120853,-0.0151427,15.3315,15667,1,367,125.803,3917,0,0.000884653,0.00224411,0.0426684,0,0,0,1,495,0.215,0.000298176,-0.000148461,-3.19191e-05,-6.41078e-05,-4.41775e-05,-5.63306e-05,0.224544,0.0279207,-0.0102204,0.0410131,-0.203753,0.00169039,-0.00157634,-0.0211779,14.9965,2,0,0,0,0,0,-1,1,-9.04608e-07,-3.41781e-06,-0.203851,0,15.6148,1,1010,1010,1010,1010,0,0,0,0,31.7476,56,0.0177274,-0.00965797,55,0.00845232,-0.0150154,52,0.0142633,-0.00669942,56,0.0147348,-0.00849367,56,0.0195375,-0.00837951,56,0.0237347,-0.00438531,56,0.0215644,-0.0121304,56,0.0176777,-0.00980789,52,0.0199652,-0.00980962
5002825816599,5002811042000,5002811042000,5002825802506,73729,14.7605,5002842858102,31.8161,0,16772,62178,0,0,1,0,0,0.011959,500,500,500,1,2.91891,4.7127,0.769506,0.325317,-0.0226746,-0.126839,-3.91035e-05,-0.000176364,0.00577477,-0.0254115,1,-0.0147474,0.0032698,-0.0032698,-0.0147474,1,1,-0.00441995,-0.0139023,0.00115016,-0.000845075,0,0,0,0,0,0,0,0,0,0,0,0,0,0,0,0,0,0,0,0,0,0,0,255,0.2,7.68734,0.2,-0.0144584,-0.143847,1,1,1,1,0,1,1,0.111293,-3.29402,0.1113,-0.00302836,0.00120853,-0.0151427,33.0024,15667,1,367,143.474,3917,0,0.000884653,0.00224411,0.0426684,0,0,0,1,500,0.205,-3.29691e-05,-0.000149425,-3.06322e-05,6.75866e-06,-2.86099e-05,1.28093e-05,0.224516,0.0279336,-0.0101676,0.0409584,-0.203652,0.00321173,-0.00346481,-0.00120313,17.3756,2,0,0,0,0,0,-1,1,-9.04608e-07,-3.41781e-06,-0.203851,0,33.2655,1,1010,1010,1010,1010,0,0,0,0,49.3983,56,0.00385715,-0.016081,56,-0.0184643,-6.88724e-05,56,0.0206678,-0.0218916,56,-0.00105063,-0.0208419,56,-0.00564179,-0.0183027,56,-0.0175102,-0.0225669,56,-0.00820529,-0.0128663,56,0.00536683,-0.010185,52,-0.00196592,-0.0105129
5002843387939,5002831044000,5002831044000,5002843381902,73729,12.3379,5002856028501,24.9845,1,16773,62179,0,0,1,0,0,0.020002,500,500,478,0.956,2.63724,4.06209,0.61669,0.31091,-0.125496,-0.196899,-0.000229493,-0.000375569,-0.00636636,0.00333939,1,-0.0187766,0.0114735,-0.0114735,-0.0187766,1,1,-0.00631362,-0.0183122,-0.00515987,-0.000464369,0,0,0,0,0,0,0,0,0,0,0,0,0,0,0,0,0,0,0,0,0,0,0,255,0.2,6.05786,0.2,-0.0121779,-0.0140172,1,1,1,1,0,1,1,0.109451,-3.29348,0.110493,-0.00486135,0.00514762,-0.0165476,3.69842,15668,1,367,156.644,3917,0,0.000884653,0.00224411,0.0426684,0,0,0,1,478,0.205,-0.000194598,-0.000318289,-6.52493e-05,3.98925e-05,-5.58131e-05,5.22364e-05,0.22446,0.0279858,-0.0101506,0.0409695,-0.203321,0.000817408,-0.00190391,0.0175783,3.46066,2,0,0,0,0,0,-1,1,-9.04608e-07,-3.41781e-06,-0.203546,0,3.95859,1,1010,1010,1010,1010,0,0,0,0,3.96305,54,-0.0109131,-0.0135537,56,-0.00361727,-0.014124,56,-0.0156661,-0.0212122,56,-0.015745,-0.0198787,56,-0.0155443,-0.0195017,54,-0.00848806,-0.0224951,56,-0.0136501,-0.0185198,56,-0.0159482,-0.0223237,34,-0.00934627,-0.0176152
5002856575375,5002839059000,5002839059000,5002856563116,73729,17.5041,5002868345245,29.2862,0,16773,62180,0,0,1,0,0,0.008015,500,500,499,0.998,2.63285,3.8491,0.683857,0.317503,-0.088501,-0.0667725,-0.000188485,-0.000120512,-0.0311275,-0.008303,1,-0.0150358,0.0235165,-0.0235165,-0.0150358,1,1,-0.0175728,-0.0156169,-0.00594369,0.000581127,0,0,0,0,0,0,0,0,0,0,0,0,0,0,0,0,0,0,0,0,0,0,0,255,0.2,9.018,0.2,-0.0368532,-0.332609,1,1,1,1,1,1,1,0.109451,-3.29348,0.110493,-0.00486135,0.00514762,-0.0165476,16.0187,15668,1,367,168.965,3917,0,0.000884653,0.00224411,0.0426684,0,0,0,1,499,0.205,-0.000159801,-0.000102153,-2.09414e-05,3.27593e-05,-1.38975e-05,3.63083e-05,0.224446,0.0280221,-0.0101224,0.0410088,-0.203157,0.00200949,0.00238262,0.0211029,12.0812,1,0,0,0,0,0,-1,1,-9.04608e-07,-3.41781e-06,-0.203546,0,16.2837,1,1010,1010,1010,1010,0,0,0,0,16.2882,56,-0.0204536,-0.0168233,55,-0.0199173,-0.00371973,56,-0.0288342,-0.0268124,56,-0.034882,-0.015873,56,-0.0212869,-0.00341001,56,-0.015239,-0.021282,56,-0.0285727,-0.0190474,56,-0.0205678,-0.014406,52,-0.0242621,-0.0237302
5002868965157,5002859053000,5002859053000,5002868957823,73729,9.90482,5002881687959,22.635,1,16774,62181,0,0,1,0,0,0.019994,500,500,483,0.966,2.68339,4.03686,0.616505,0.305465,-0.118073,-0.0548096,-0.000230324,-0.000114303,-0.00995174,0.0103131,1,-0.00571687,0.0115197,-0.0115197,-0.00571687,1,1,-0.00661892,-0.00620294,-0.00490074,0.000486068,0,0,0,0,0,0,0,0,0,0,0,0,0,0,0,0,0,0,0,0,0,0,0,255,0.2,1.17714,0.2,-0.0115762,-0.00301478,1,1,1,1,0,1,1,0.109451,-3.29348,0.110493,-0.00486135,0.00514762,-0.0165476,29.3813,15668,1,367,182.327,3917,0,0.000884653,0.00224411,0.0426684,0,0,0,1,483,0.205,-0.000195356,-9.69738e-05,-1.98796e-05,4.00481e-05,-1.13951e-05,4.32323e-05,0.224435,0.0280653,-0.010115,0.0410109,-0.20306,0.00173013,0.00199288,0.0174585,13.1076,1,0,0,0,0,0,-1,1,-9.04608e-07,-3.41781e-06,-0.203546,0,29.6452,1,1010,1010,1010,1010,0,0,0,0,29.6496,56,-0.015437,-0.00548443,56,-0.00965356,-0.00298385,56,-0.011235,-0.00499849,56,-0.0094169,-0.00298787,56,-0.0131051,-0.00710981,56,-0.0144754,-0.00583505,39,-0.0124051,-0.0082315,56,-0.0142939,-0.00974705,52,-0.00830001,-0.00668035
5002882281668,5002871036000,5002871036000,5002882269131,73729,11.2331,5002895534493,24.4985,0,16774,62182,0,0,1,0,0,0.011983,500,500,499,0.998,2.66732,3.64582,0.587338,0.315058,-0.00994873,-0.0258789,-4.55587e-05,-5.02822e-05,-0.0164711,-0.00813048,1,-0.00419613,0.00380194,-0.00380194,-0.00419613,1,1,-0.00121946,-0.00423993,-0.00258248,4.38015e-05,0,0,0,0,0,0,0,0,0,0,0,0,0,0,0,0,0,0,0,0,0,0,0,255,0.2,4.30966,0.2,-0.00504021,-0.00652818,1,1,1,1,0,1,1,0.109451,-3.29348,0.110493,-0.00486135,0.00514762,-0.0165476,43.208,15668,1,367,196.154,3917,0,0.000884653,0.00224411,0.0426684,0,0,0,1,499,0.205,-3.85832e-05,-4.25945e-05,-8.73188e-06,7.90956e-06,-6.9535e-06,9.50675e-06,0.224428,0.0280748,-0.0100971,0.0410065,-0.203057,0.00141304,0.000179586,0.00960097,13.574,1,0,0,0,0,0,-1,1,-9.04608e-07,-3.41781e-06,-0.203546,0,43.4786,1,1010,1010,1010,1010,0,0,0,0,0.131057,55,-0.00283509,-0.00508767,56,0.00157165,0.00278718,56,-0.00653428,-0.00282122,56,-0.00486639,-0.00670942,56,-0.00232703,-0.00856048,56,-0.00844137,-0.00497168,56,6.52362e-05,-0.00466006,56,-0.00677221,-0.000829035,52,0.00587224,-0.00266271
5002896128368,5002891032000,5002891032000,5002896122424,73729,5.09042,5002906804766,15.7728,1,16775,62183,0,0,1,0,0,0.019996,500,500,499,0.998,2.64704,3.84557,0.800339,0.323262,0.161255,0.00146484,0.00034045,-9.15787e-06,0.0104838,0.00511034,1,-0.000457985,-0.0170259,0.0170259,-0.000457985,1,1,0.0164067,-0.000387652,0.000619194,-7.03334e-05,0,0,0,0,0,0,0,0,0,0,0,0,0,0,0,0,0,0,0,0,0,0,0,255,0.2,7.64343,0.2,0.0104913,-0.000239106,1,1,1,2,0,1,1,0.109451,-3.29348,0.110493,-0.00486135,0.00514762,-0.0165476,54.4803,15668,1,367,207.426,3917,0,0.000884653,0.00224411,0.0426684,0,0,0,1,499,0.205,0.000288632,-7.73955e-06,-1.58661e-06,-5.91697e-05,-1.34658e-05,-5.76351e-05,0.224414,0.0280172,-0.0100728,0.0410064,-0.203147,0.00217708,-0.000288367,-0.000289292,10.9377,1,0,0,0,0,0,-1,1,-9.04608e-07,-3.41781e-06,-0.203521,0,0.253095,1,1010,1010,1010,1010,0,0,0,0,11.4004,56,0.0172191,0.000379017,55,0.0170277,-0.00306971,56,0.0136866,0.00202715,56,0.0175709,0.00259087,56,0.0172992,0.00521914,56,0.0199872,-0.00268738,56,0.0189261,-0.00144699,56,0.0120571,-0.00275779,52,0.0159085,-0.00252749
5002907373881,5002899055000,5002899055000,5002907361270,73729,8.30627,5002919290974,20.236,0,16775,62184,0,0,1,0,0,0.008023,500,500,500,1,2.62989,4.04185,0.666616,0.318503,0.105026,0.0496597,0.000204269,9.48802e-05,0.0170249,-0.00459035,1,0.011826,-0.0254604,0.0254604,0.011826,1,1,0.0210935,0.01183,0.00436695,-3.94368e-06,0,0,0,0,0,0,0,0,0,0,0,0,0,0,0,0,0,0,0,0,0,0,0,255,0.2,9.0714,0.2,0.0208442,0.0521742,1,1,1,1,1,1,1,0.107609,-3.29302,0.109627,-0.00631965,0.00214068,-0.0178331,12.4751,15669,1,367,12.4378,3918,0,0.000884653,0.000886076,0.0431109,0,0,0,1,500,0.205,0.000173144,8.04324e-05,1.64887e-05,-3.54944e-05,8.97693e-06,-3.80926e-05,0.224423,0.0279791,-0.0100183,0.0410213,-0.203478,0.00319239,-1.61691e-05,-0.0117697,12.2019,2,0,0,0,0,0,-1,1,-9.04608e-07,-3.41781e-06,-0.203521,0,12.7396,1,1010,1010,1010,1010,0,0,0,0,23.8869,56,0.0338367,-0.0112151,56,0.0313855,0.00795294,56,0.00942292,0.0122566,56,0.0164488,0.0209097,56,0.0356082,0.021732,56,0.0233903,0.00967351,56,0.0191745,0.0123177,56,0.0318456,0.0130829,52,0.0297903,0.00761314
5002919917424,5002911033000,5002911033000,5002919905220,73729,8.87222,5002933825384,22.7924,0,16775,62185,0,0,1,0,0,0.011978,500,500,500,1,2.62026,4.95432,0.782673,0.319428,0.0434418,0.0675507,5.43709e-05,0.000141391,0.00611145,-0.00961349,1,0.0118042,-0.00453923,0.00453923,0.0118042,1,1,-0.000675585,0.0112266,0.00521482,0.00057758,0,0,0,0,0,0,0,0,0,0,0,0,0,0,0,0,0,0,0,0,0,0,0,255,0.2,1.33029,0.2,0.00932194,0.250836,1,1,1,1,0,1,1,0.107609,-3.29302,0.109627,-0.00631965,0.00214068,-0.0178331,27.0029,15669,1,367,26.9656,3918,0,0.000884653,0.000886076,0.0431109,0,0,0,1,500,0.205,4.62057e-05,0.000119894,2.45783e-05,-9.47218e-06,2.21388e-05,-1.42427e-05,0.224445,0.0279649,-0.010007,0.0410541,-0.203619,0.00268443,0.00236808,-0.0149571,14.279,1,0,0,0,0,0,-1,1,-9.04608e-07,-3.41781e-06,-0.203521,0,27.2699,1,1010,1010,1010,1010,0,0,0,0,38.4173,56,0.0206218,0.0225139,56,-0.00173862,0.0116923,56,0.0100206,0.00752294,56,0.00984426,0.00494854,56,0.00386629,0.00334036,56,0.0054607,0.0136709,56,0.00891196,0.0152819,56,0.00885368,0.0149655,52,0.003239,0.0160911
5002934397721,5002919049000,5002919049000,5002934386036,73729,15.337,5002946274832,27.2258,0,16775,62186,0,0,1,0,0,0.008016,500,500,500,1,2.67454,3.85855,0.712838,0.319762,0.0161591,0.101471,3.04949e-05,0.000169138,0.0121862,0.0199958,1,0.0211,-0.00380426,0.00380426,0.0211,1,1,0.00172255,0.0204356,0.0020817,0.000664405,0,0,0,0,0,0,0,0,0,0,0,0,0,0,0,0,0,0,0,0,0,0,0,255,0.2,5.65749,0.2,-0.00292753,-0.362276,1,1,1,1,0,1,1,0.107609,-3.29302,0.109627,-0.00631965,0.00214068,-0.0178331,39.4604,15669,1,367,39.4231,3918,0,0.000884653,0.000886076,0.0431109,0,0,0,1,500,0.205,2.57623e-05,0.000143247,2.93655e-05,-5.28127e-06,2.76679e-05,-1.1108e-05,0.224473,0.0279538,-0.0100356,0.0410764,-0.203709,0.000224946,0.00272406,-0.00664802,12.1401,2,0,0,0,0,0,-1,1,-9.04608e-07,-3.41781e-06,-0.203521,0,39.7432,1,1010,1010,1010,1010,0,0,0,0,0.224594,56,-0.0257528,0.0104894,56,0.0057512,0.0161824,56,0.00165725,0.0248305,56,0.0200799,0.018818,56,0.00693759,0.0268051,56,0.00582477,0.0324042,56,0.0144906,0.0215089,56,0.0036118,0.0194073,52,-0.0100234,0.0275533
5002946958949,5002927088000,5002927088000,5002946945208,73729,19.8572,5002960230830,33.1428,0,16775,62187,0,0,1,0,0,0.008039,500,500,500,1,2.7978,3.9051,0.681432,0.319206,-0.00585938,0.072052,-2.81533e-05,0.000130731,-0.0140801,-0.00260141,1,0.0162621,0.00350209,-0.00350209,0.0162621,1,1,-0.00410917,0.0157932,0.000607085,0.000468886,0,0,0,0,0,0,0,0,0,0,0,0,0,0,0,0,0,0,0,0,0,0,0,255,0.2,7.19085,0.2,-0.00298065,0.0105598,1,1,1,1,0,1,1,0.105966,-3.29259,0.108685,-0.0078335,0.00590742,-0.020248,13.8899,15670,1,367,53.3763,3918,0,0.000884653,0.000886076,0.0431109,0,0,0,1,500,0.205,-2.39045e-05,0.000110809,2.27158e-05,4.90041e-06,2.32166e-05,2.07674e-07,0.224496,0.027954,-0.0100356,0.0410764,-0.203709,-0.000961979,0.00192243,-0.00276082,26.1306,0,0,0,0,0,0,-1,1,-9.04609e-07,-3.41781e-06,-0.203888,0,0.261317,1,1010,1010,1010,1010,0,0,0,0,14.1684,56,-0.00633776,0.0192725,56,-0.00249629,0.0124107,56,-0.0101987,0.0208036,56,-0.00461513,0.0167887,56,0.00862259,0.0140065,56,0.00261456,0.0144124,56,-0.0136094,0.0223141,56,-0.00494349,0.0187311,52,-0.00464354,0.0128065
5002960812501,5002947081000,5002947081000,5002960806686,73729,13.7257,5002974788980,27.708,1,16776,62188,0,0,1,0,0,0.019993,500,500,480,0.96,2.66697,3.88805,0.586912,0.307872,-0.104256,0.0484924,-0.000192739,6.21397e-05,-0.00126412,0.0128467,1,0.00310807,0.00964031,-0.00964031,0.00310807,1,1,-0.00745916,0.00316841,-0.00218115,-6.0339e-05,0,0,0,0,0,0,0,0,0,0,0,0,0,0,0,0,0,0,0,0,0,0,0,255,0.2,1.60648,0.2,-0.00769381,0.00145134,1,1,1,1,1,1,1,0.105966,-3.29259,0.108685,-0.0078335,0.00590742,-0.020248,28.4427,15670,1,367,67.9291,3918,0,0.000884653,0.000886076,0.0431109,0,0,0,1,480,0.205,-0.000163521,5.25387e-05,1.07704e-05,3.35218e-05,1.73037e-05,3.06544e-05,0.224514,0.0279846,-0.0100539,0.0410719,-0.203617,-0.00146784,-0.00024739,0.0059799,14.2756,2,0,0,0,0,0,-1,1,-9.04609e-07,-3.41781e-06,-0.203888,0,14.8011,1,1010,1010,1010,1010,0,0,0,0,28.7082,56,-0.0170741,0.00446328,55,0.00241003,0.00200125,37,-0.00821153,0.00374332,56,-0.0118477,0.00448973,56,-0.0109979,0.00438313,56,-0.0102188,0.00482352,56,-0.00618984,0.00175675,56,-0.0133607,-0.000224761,52,-0.0129187,0.00166915
5002975423689,5002967084000,5002967084000,5002975416300,73729,8.3323,5002988140232,21.0562,1,16777,62189,0,0,1,0,0,0.020003,500,500,500,1,2.61533,4.68907,0.668987,0.323039,-0.0368042,-0.0630493,-3.62956e-05,-9.5734e-05,-0.000494304,-0.0074201,1,-0.00478598,0.00181451,-0.00181451,-0.00478598,1,1,-0.000212816,-0.00444483,-0.00160169,-0.000341157,0,0,0,0,0,0,0,0,0,0,0,0,0,0,0,0,0,0,0,0,0,0,0,255,0.2,6.03584,0.2,-0.00177244,-0.00450179,1,1,1,2,0,1,1,0.105966,-3.29259,0.108685,-0.0078335,0.00590742,-0.020248,41.7941,15670,1,367,81.2805,3918,0,0.000884653,0.000886076,0.0431109,0,0,0,1,500,0.205,-3.07781e-05,-8.10996e-05,-1.66254e-05,6.3095e-06,-1.49949e-05,9.53848e-06,0.224499,0.0279942,-0.0100405,0.0410723,-0.203622,0.000151634,-0.00139874,0.00537486,12.9747,2,0,0,0,0,0,-1,1,-9.04609e-07,-3.41781e-06,-0.203888,0,28.1478,1,1010,1010,1010,1010,0,0,0,0,42.0548,56,-0.000678492,-0.00150464,56,0.00255272,-0.0103875,56,-0.00282914,-0.00966639,56,-0.00410745,-0.00124777,56,-0.00270219,-0.00294952,56,-0.00382033,-0.00834633,56,-0.00787382,-0.00449338,56,-0.00330331,-0.00462959,52,-0.00137469,-0.00496544
5002988711885,5002979055000,5002979055000,5002988698773,73729,9.64377,5003002061322,23.0063,0,16777,62190,0,0,1,0,0,0.011971,500,500,500,1,2.66224,4.42339,0.671728,0.317262,0.0452423,-0.0108643,7.25805e-05,-6.48752e-05,0.000624334,0.019972,1,-0.00541936,-0.00606303,0.00606303,-0.00541936,1,1,0.00532174,-0.00527258,0.000741288,-0.000146776,0,0,0,0,0,0,0,0,0,0,0,0,0,0,0,0,0,0,0,0,0,0,0,255,0.2,9.17344,0.2,0.00552846,-0.000875256,1,1,1,1,0,1,1,0.103802,-3.29203,0.107675,-0.0144207,0.00596689,-0.022916,2.96774,15671,1,367,95.1949,3918,0,0.000884653,0.000886076,0.0431109,0,0,0,1,500,0.205,6.14998e-05,-5.50411e-05,-1.12834e-05,-1.26075e-05,-1.3586e-05,-1.00667e-05,0.224485,0.0279841,-0.0100159,0.0411118,-0.203694,0.00206382,-0.000601782,-0.00078037,2.7436,2,0,0,0,0,0,-1,1,-9.04609e-07,-3.41781e-06,-0.203915,0,3.23495,1,1010,1010,1010,1010,0,0,0,0,3.23952,56,0.00966522,-0.00436774,56,0.0123187,-0.00788215,56,0.00662343,-0.00256192,56,0.00415387,0.000794606,56,0.00856677,-0.00423765,56,0.000513915,-0.0016252,56,0.0133725,-0.00486135,56,0.00961558,-0.0108607,52,-0.00409416,-0.00772242
5003002611159,5002987066000,5002987066000,5003002599344,73729,15.5333,5003015883003,28.817,0,16777,62191,0,0,1,0,0,0.008011,500,500,498,0.996,2.66182,3.6899,0.599468,0.317317,0.0361633,-0.052887,0.000102836,-0.000109382,0.0185432,0.00371566,1,-0.0136539,-0.0128368,0.0128368,-0.0136539,1,1,0.0118276,-0.0133934,0.00100927,-0.000260533,0,0,0,0,0,0,0,0,0,0,0,0,0,0,0,0,0,0,0,0,0,0,0,255,0.2,2.77493,0.2,0.00541072,-0.009766,1,1,1,1,0,1,1,0.103802,-3.29203,0.107675,-0.0144207,0.00596689,-0.022916,16.7943,15671,1,367,109.022,3918,0,0.000884653,0.000886076,0.0431109,0,0,0,1,498,0.205,8.7077e-05,-9.27192e-05,-1.90074e-05,-1.78508e-05,-2.22024e-05,-1.36406e-05,0.224463,0.0279705,-0.0100159,0.0411118,-0.203694,0.00214712,-0.00106818,-0.0015927,16.5622,0,0,0,0,0,0,-1,1,-9.04609e-07,-3.41781e-06,-0.203915,0,17.0726,1,1010,1010,1010,1010,0,0,0,0,17.0771,56,-0.00650811,-0.0269184,56,0.0169313,-0.011149,54,-0.00609353,-0.0109654,56,0.0152863,-0.0138854,56,0.0196894,-0.0109287,56,0.0157518,-0.013983,56,0.00737759,-0.00876691,56,0.0143282,-0.0141967,52,0.00553813,-0.0245645
5003016419619,5003007074000,5003007074000,5003016414285,73729,9.34028,5003029441405,22.3674,1,16778,62192,0,0,1,0,0,0.020008,500,500,500,1,2.61026,3.75557,0.76521,0.322243,0.0453644,-0.119713,5.5515e-05,-0.000194274,-0.00171532,-0.0055592,1,-0.00970982,-0.00277464,0.00277464,-0.00970982,1,1,0.00246406,-0.00905743,0.000310581,-0.000652394,0,0,0,0,0,0,0,0,0,0,0,0,0,0,0,0,0,0,0,0,0,0,0,255,0.2,6.41079,0.2,0.00114671,-0.00817164,1,1,1,1,1,1,1,0.103802,-3.29203,0.107675,-0.0144207,0.00596689,-0.022916,30.3549,15671,1,367,122.582,3918,0,0.000884653,0.000886076,0.0431109,0,0,0,1,500,0.205,4.72584e-05,-0.000164634,-3.37499e-05,-9.68797e-06,-3.498e-05,-2.66599e-06,0.224428,0.0279678,-0.00998027,0.0411418,-0.203711,0.00219978,-0.00267482,0.000741117,5.47195,3,0,0,0,0,0,-1,1,-9.04609e-07,-3.41781e-06,-0.203915,0,30.6315,1,1010,1010,1010,1010,0,0,0,0,30.6361,56,0.0096964,-0.00850545,56,-0.00256532,-0.0110462,56,0.0089932,-0.0139903,56,0.00397866,-0.0109744,56,0.00326431,-0.00627596,56,0.00593263,-0.010584,56,0.00369395,-0.011086,56,-0.00169045,-0.00758807,52,0.00211105,-0.0133903
5003030059891,5003019043000,5003019043000,5003030046391,73729,11.0034,5003044117723,25.0747,0,16778,62193,0,0,1,0,0,0.011969,500,500,500,1,2.63921,3.84109,0.600504,0.317354,-0.00062561,-0.0472412,1.52436e-05,-6.99906e-05,-0.00381534,-0.00439984,1,-0.00584766,-0.00127359,0.00127359,-0.00584766,1,1,0.00146265,-0.00528519,-0.000189058,-0.000562467,0,0,0,0,0,0,0,0,0,0,0,0,0,0,0,0,0,0,0,0,0,0,0,255,0.2,-0.245373,0.2,-0.00165755,-0.00295868,1,1,1,1,0,1,1,0.103802,-3.29203,0.107675,-0.0144207,0.00596689,-0.022916,45.0295,15671,1,367,137.257,3918,0,0.000884653,0.000886076,0.0431109,0,0,0,1,500,0.205,1.29171e-05,-5.93496e-05,-1.21667e-05,-2.64801e-06,-1.24396e-05,-1.34054e-07,0.224415,0.0279677,-0.00998027,0.0411418,-0.203711,0.00166305,-0.00230612,0.00195055,20.1305,0,0,0,0,0,0,-1,1,-9.04609e-07,-3.41781e-06,-0.203915,0,45.2954,1,1010,1010,1010,1010,0,0,0,0,0.219095,56,-0.0030579,-0.00525144,56,-0.000254707,0.00173659,56,0.000619723,-0.00790766,56,-0.00282225,-0.00324468,56,-0.00128918,-0.00866877,56,-0.0020149,-0.00583139,56,-0.00333884,-0.00652116,56,0.00591909,-0.0103077,52,0.000424291,-0.00987815
5003044695339,5003027072000,5003027072000,5003044682079,73729,17.6101,5003056516468,29.4445,0,16778,62194,0,0,1,0,0,0.008029,500,500,496,0.992,2.65643,3.72136,0.649857,0.320502,-0.0185089,-0.0130615,-1.18155e-05,-2.115e-05,0.0106983,-0.00807,1,-0.0026342,0.0014716,-0.0014716,-0.0026342,1,1,-0.00137742,-0.00296545,-9.41773e-05,0.00033125,0,0,0,0,0,0,0,0,0,0,0,0,0,0,0,0,0,0,0,0,0,0,0,255,0.2,4.22288,0.2,-0.00606456,0.00024905,1,1,1,1,0,1,1,0.101637,-3.2915,0.10667,-0.0136864,0.00756445,-0.0262454,2.16007,15672,1,367,149.653,3918,0,0.000884653,0.000886076,0.0431109,0,0,0,1,496,0.205,-1.0074e-05,-1.78871e-05,-3.66686e-06,2.06517e-06,-3.17068e-06,2.76415e-06,0.224412,0.0279704,-0.0100217,0.0412676,-0.203842,-0.000183768,0.00135813,0.000161887,1.89757,3,0,0,0,0,0,-1,1,-9.04608e-07,-3.41781e-06,-0.204005,0,2.42704,1,1010,1010,1010,1010,0,0,0,0,12.616,52,-0.00635454,0.00255018,56,0.00310186,0.00302611,56,-0.000465556,0.00134906,56,-0.00659132,-0.000956519,56,-0.00888276,-0.00634006,56,-0.00841078,-0.0104111,56,-0.00551193,0.000483924,56,-0.00345904,-0.00336283,52,0.0136896,0.00066577
5003057103343,5003047069000,5003047069000,5003057097324,73729,10.0283,5003070072647,23.0036,1,16779,62195,0,0,1,0,0,0.019997,500,500,495,0.99,2.64867,4.05068,0.681876,0.312447,-0.057373,0.0623322,-8.23852e-05,8.0849e-05,0.00108325,0.0111739,1,0.00404306,0.00411988,-0.00411988,0.00404306,1,1,-0.00439454,0.00341199,0.000274661,0.000631068,0,0,0,0,0,0,0,0,0,0,0,0,0,0,0,0,0,0,0,0,0,0,0,255,0.2,6.15186,0.2,-0.00502135,0.00570514,1,1,1,1,0,1,1,0.101637,-3.2915,0.10667,-0.0136864,0.00756445,-0.0262454,15.7228,15672,1,367,163.215,3918,0,0.000884653,0.000886076,0.0431109,0,0,0,1,495,0.205,-7.00166e-05,6.84583e-05,1.4034e-05,1.43534e-05,1.66314e-05,1.12182e-05,0.224429,0.0279816,-0.0100217,0.0412676,-0.203842,-0.000752674,0.00258738,-0.00150303,15.4573,0,0,0,0,0,0,-1,1,-9.04608e-07,-3.41781e-06,-0.204005,0,15.9838,1,1010,1010,1010,1010,0,0,0,0,26.1728,56,-0.0119508,0.00425417,56,0.00577967,-0.00182802,51,-0.0135073,0.00771824,56,-0.00409461,0.00486562,56,-7.95277e-05,0.00486616,56,-0.00191553,0.0079187,56,-0.00622074,0.00557545,56,-0.0038249,0.00216524,52,-0.00945516,0.00219033
5003070627300,5003059044000,5003059044000,5003070615614,73729,11.5716,5003085123486,26.0795,0,16779,62196,0,0,1,0,0,0.011975,500,500,477,0.954,2.65195,4.71426,0.666301,0.304114,0.0014801,0.0612488,2.0678e-05,8.35029e-05,0.0114372,0.00824995,1,0.0069731,-0.00172676,0.00172676,0.0069731,1,1,0.0011323,0.00627703,0.000594458,0.000696075,0,0,0,0,0,0,0,0,0,0,0,0,0,0,0,0,0,0,0,0,0,0,0,255,0.2,-0.300669,0.2,0.00120906,0.00544167,1,1,1,1,1,1,1,0.101637,-3.2915,0.10667,-0.0136864,0.00756445,-0.0262454,30.7707,15672,1,367,178.263,3918,0,0.000884653,0.000886076,0.0431109,0,0,0,1,477,0.205,1.75106e-05,7.07641e-05,1.45066e-05,-3.58966e-06,1.34686e-05,-6.45033e-06,0.224442,0.0279752,-0.0100313,0.0413081,-0.203897,-0.000631478,0.00285391,-0.00245501,14.8088,1,0,0,0,0,0,-1,1,-9.04608e-07,-3.41781e-06,-0.204005,0,31.0335,1,1010,1010,1010,1010,0,0,0,0,41.2224,56,0.00915896,0.00125527,56,-0.00800474,0.0012709,44,0.0108708,0.0100675,56,0.0117732,0.017246,56,-0.00535831,0.00783441,53,-0.00787083,0.0054794,56,0.00398264,0.0102883,56,0.00328246,0.0123552,44,0.0033172,0.00551537
5003085738158,5003067070000,5003067070000,5003085723806,73729,18.6538,5003097693029,30.623,0,16779,62197,0,0,1,0,0,0.008026,500,500,500,1,2.65628,3.63338,0.716468,0.32441,0.016922,0.0760651,1.50242e-05,0.000132675,-0.00388049,0.000872051,1,0.0165307,-0.00187194,0.00187194,0.0165307,1,1,0.00147928,0.016421,0.000392663,0.000109711,0,0,0,0,0,0,0,0,0,0,0,0,0,0,0,0,0,0,0,0,0,0,0,255,0.2,4.63711,0.2,0.00370751,0.0124244,1,1,1,1,0,1,1,0.101637,-3.2915,0.10667,-0.0136864,0.00756445,-0.0262454,43.3394,15672,1,367,190.832,3918,0,0.000884653,0.000886076,0.0431109,0,0,0,1,500,0.205,1.27396e-05,0.000112446,2.30515e-05,-2.61162e-06,2.20266e-05,-7.22272e-06,0.224464,0.027968,-0.0100414,0.0413027,-0.203963,-0.000321176,0.000449816,-0.00154487,12.295,2,0,0,0,0,0,-1,1,-9.04609e-07,-3.41781e-06,-0.204209,0,0.250762,1,1010,1010,1010,1010,0,0,0,0,0.254836,56,0.0120105,0.0107309,56,0.000706063,0.00553982,56,-0.00422592,0.0233772,56,0.00360726,0.0279292,56,0.0123099,0.011728,56,-0.00110797,0.0179068,56,0.000848079,0.0180292,56,0.00476932,0.0147477,52,0.00451821,0.0275348
5003098268015,5003087065000,5003087065000,5003098259718,73729,11.1947,5003108536687,21.4717,1,16780,62198,0,0,1,0,0,0.019995,500,500,445,0.89,2.64826,3.88723,0.639857,0.295039,0.036438,0.0258789,3.73407e-05,5.67432e-05,0.000576994,-0.00293818,1,0.00283787,-0.0018675,0.0018675,0.00283787,1,1,0.00156703,0.00296929,0.000300473,-0.000131423,0,0,0,0,0,0,0,0,0,0,0,0,0,0,0,0,0,0,0,0,0,0,0,255,0.2,6.48931,0.2,0.00336846,-0.000105716,1,1,1,0,0,1,1,0.099706,-3.29105,0.105591,-0.0177312,0.00709721,-0.0280573,10.8409,15673,1,367,201.687,3918,0,0.000884653,0.000886076,0.0431109,0,0,0,1,445,0.205,3.16449e-05,4.80815e-05,9.85671e-06,-6.4872e-06,8.33287e-06,-8.34775e-06,0.224473,0.0279596,-0.0100414,0.0413027,-0.203963,0.000110438,-0.000538833,-0.0008972,23.15,0,0,0,0,0,0,-1,1,-9.04609e-07,-3.41781e-06,-0.204209,0,11.0861,1,1010,1010,1010,1010,0,0,0,0,11.0902,56,-0.00485631,0.00693863,56,0.00820093,0.00715471,11,0.00599114,-0.000444676,56,0.00362151,-0.000788789,56,0.0021223,0.00475948,46,0.00259076,0.00331878,56,0.00149508,0.00152148,56,0.00471687,0.00291019,52,0.00516525,0.00364343
5003109089932,5003099048000,5003099048000,5003109079488,73729,10.0315,5003122949688,23.9017,0,16780,62199,0,0,1,0,0,0.011983,500,500,491,0.982,2.65304,3.94885,0.688191,0.305706,0.0218201,-0.0141144,4.55323e-05,-4.26057e-05,-0.00375215,0.00933762,1,-0.00355551,-0.00379974,0.00379974,-0.00355551,1,1,0.00340209,-0.00322134,0.000397647,-0.000334176,0,0,0,0,0,0,0,0,0,0,0,0,0,0,0,0,0,0,0,0,0,0,0,255,0.2,7.68276,0.2,0.00338824,-0.00158469,1,1,1,1,0,1,1,0.099706,-3.29105,0.105591,-0.0177312,0.00709721,-0.0280573,25.267,15673,1,367,14.3693,3919,0,0.000884653,0.00424981,0.04181,0,0,0,1,491,0.205,3.85847e-05,-3.61776e-05,-7.41641e-06,-7.90987e-06,-8.85573e-06,-6.24474e-06,0.224464,0.0279534,-0.0100303,0.0412716,-0.204021,0.00140094,-0.00137012,-0.00018353,14.1186,2,0,0,0,0,0,-1,1,-9.04609e-07,-3.41781e-06,-0.204209,0,25.5427,1,1010,1010,1010,1010,0,0,0,0,25.5468,56,-0.00397304,-0.00721119,56,0.0156481,-0.00694028,56,0.00547399,-0.00209873,56,0.0110094,0.000381532,56,0.00232943,-0.00149946,56,0.000913544,-0.00134282,47,0.00644626,-0.00589432,56,0.0042459,-0.00249773,52,-0.00200506,-0.0103384
5003123553396,5003119045000,5003119045000,5003123545656,73729,4.50066,5003134121942,15.0769,1,16781,62200,0,0,1,0,0,0.019997,500,500,493,0.986,2.64539,3.72269,0.738136,0.310503,0.0429077,0.0377808,0.000138887,3.77873e-05,0.0075814,0.00761362,1,0.00188965,-0.0069454,0.0069454,0.00188965,1,1,0.00681866,0.00168949,0.000126737,0.000200163,0,0,0,0,0,0,0,0,0,0,0,0,0,0,0,0,0,0,0,0,0,0,0,255,0.21,1.83416,0.21,0.00760974,0.213019,1,1,1,2,1,1,1,0.099706,-3.29105,0.105591,-0.0177312,0.00709721,-0.0280573,36.4178,15673,1,367,25.52,3919,0,0.000884653,0.00424981,0.04181,0,0,0,1,493,0.215,0.000117616,3.20482e-05,6.89036e-06,-2.52875e-05,1.62812e-06,-2.61588e-05,0.224466,0.0279272,-0.0100054,0.0412729,-0.204044,0.000998519,0.000860701,0.00036284,9.43252,2,0,0,0,0,0,-1,1,-9.04609e-07,-3.41781e-06,-0.204209,0,36.6719,1,1010,1010,1010,1010,0,0,0,0,36.676,56,0.00580963,0.000512443,56,0.00364477,0.000518931,56,-0.00216998,0.00593794,56,0.00267931,0.00498924,56,0.0107431,0.00277146,56,0.00646894,0.00111641,56,0.00919512,0.0047295,56,0.00723475,0.00137889,45,0.00482729,-0.000389935
5003135122060,5003127063000,5003127063000,5003135109968,73729,8.04697,5003144682653,17.6197,0,16781,62201,0,0,1,0,0,0.008018,500,500,500,1,2.65124,3.56288,0.681209,0.380559,0.00645447,-0.0246048,-1.13139e-05,-4.84468e-05,-0.017236,0.00638715,1,-0.00604225,0.00141106,-0.00141106,-0.00604225,1,1,-0.000632314,-0.00587492,-0.000778744,-0.000167333,0,0,0,0,0,0,0,0,0,0,0,0,0,0,0,0,0,0,0,0,0,0,0,255,0.2,3.23521,0.2,-0.0173378,-0.274198,1,1,1,2,0,1,1,0.099706,-3.29105,0.105591,-0.0177312,0.00709721,-0.0280573,46.9729,15673,1,367,36.0753,3919,0,0.000884653,0.00424981,0.04181,0,0,0,1,500,0.205,-9.55391e-06,-4.1037e-05,-8.41258e-06,1.95855e-06,-7.83505e-06,3.62109e-06,0.224458,0.0279308,-0.0100045,0.0412265,-0.204032,0.00147472,-0.000686067,0.00373406,10.2022,1,0,0,0,0,0,-1,1,-9.04609e-07,-3.41781e-06,-0.204209,0,47.2641,1,1010,1010,1010,1010,0,0,0,0,0.257076,56,0.0128423,-0.000871099,56,-0.000108759,0.00389199,56,0.00607177,-0.00583559,56,0.00317787,-0.0101022,56,0.00460157,-0.00833328,56,0.00833658,-0.0121129,56,-0.014188,-0.0158981,56,-0.00641058,0.000795931,52,0.00367413,-0.00849744
5003145260788,5003139054000,5003139054000,5003145248565,73729,6.19456,5003155593757,16.5398,0,16781,62202,0,0,1,0,0,0.011991,500,500,500,1,2.65815,3.67677,0.813265,0.339169,-0.0420532,-0.0760498,-0.000112423,-0.000147313,-0.00628259,0.00553378,1,-0.0122853,0.00937561,-0.00937561,-0.0122853,1,1,-0.00848406,-0.0115944,-0.00089155,-0.0006909,0,0,0,0,0,0,0,0,0,0,0,0,0,0,0,0,0,0,0,0,0,0,0,255,0.2,3.06806,0.2,-0.0145769,-0.177837,1,1,1,0,0,1,1,0.0979325,-3.29065,0.104381,-0.0188533,0.00925328,-0.0300145,1.38099,15674,1,367,46.986,3919,0,0.000884653,0.00424981,0.04181,0,0,0,1,500,0.205,-9.53082e-05,-0.000124909,-2.56064e-05,1.95382e-05,-2.11026e-05,2.43182e-05,0.224437,0.0279551,-0.0100086,0.0411314,-0.204064,0.000502308,-0.00283269,0.00332613,1.10253,2,0,0,0,0,0,-1,1,-9.04608e-07,-3.41781e-06,-0.204253,0,1.65207,1,1010,1010,1010,1010,0,0,0,0,11.1483,56,-0.0156522,-0.0121841,56,-0.00811281,-0.00729373,56,-0.00284626,-0.0116047,56,-0.00809986,-0.0142507,56,-0.00503118,-0.00617518,56,-0.00769049,-0.0109382,56,-0.00358807,-0.0126641,56,-0.00697789,-0.0184334,52,-0.0156397,-0.0171342
5003156179021,5003147066000,5003147066000,5003156167039,73729,9.10104,5003167945001,20.879,0,16781,62203,0,0,1,0,0,0.008012,500,500,500,1,2.62091,3.74805,0.696524,0.319799,-0.0519104,-0.070694,-0.00012235,-0.000114377,-0.00294841,-0.00749178,1,-0.0142757,0.0152708,-0.0152708,-0.0142757,1,1,-0.0146659,-0.0135961,-0.000604976,-0.000679628,0,0,0,0,0,0,0,0,0,0,0,0,0,0,0,0,0,0,0,0,0,0,0,255,0.2,3.98401,0.2,-0.0135302,-0.011392,1,1,1,1,0,1,1,0.0979325,-3.29065,0.104381,-0.0188533,0.00925328,-0.0300145,13.7379,15674,1,367,59.343,3919,0,0.000884653,0.00424981,0.04181,0,0,0,1,500,0.205,-0.000103754,-9.6913e-05,-1.98672e-05,2.12697e-05,-1.5137e-05,2.48518e-05,0.224421,0.02798,-0.0100086,0.0411314,-0.204064,0.000342435,-0.00278647,0.00225827,13.4577,0,0,0,0,0,0,-1,1,-9.04608e-07,-3.41781e-06,-0.204253,0,14.0138,1,1010,1010,1010,1010,0,0,0,0,23.5101,56,-0.0283428,-0.0131278,56,-0.00844964,-0.019205,56,-0.011563,-0.00839042,56,-0.00300155,-0.00813742,56,-0.0188029,-0.0230023,56,-0.0154164,-0.0196561,56,-0.0169109,-0.0189682,56,-0.0118592,-0.0125712,52,-0.0168676,-0.00845141
5003168524413,5003155074000,5003155074000,5003168512302,73729,13.4383,5003181792220,26.7182,0,16781,62204,0,0,1,0,0,0.008008,500,500,500,1,2.64104,3.90816,0.832821,0.31891,-0.0138702,-0.0277481,-1.91346e-05,-5.86715e-05,0.0147591,0.00626828,1,-0.00732661,0.00238944,-0.00238944,-0.00732661,1,1,-0.00229615,-0.00727353,-9.329e-05,-5.30743e-05,0,0,0,0,0,0,0,0,0,0,0,0,0,0,0,0,0,0,0,0,0,0,0,255,0.2,6.1594,0.2,-0.005474,-0.00204143,1,1,1,1,0,1,1,0.0979325,-3.29065,0.104381,-0.0188533,0.00925328,-0.0300145,27.587,15674,1,367,73.1922,3919,0,0.000884653,0.00424981,0.04181,0,0,0,1,500,0.205,-1.63005e-05,-4.97833e-05,-1.02056e-05,3.3416e-06,-9.30934e-06,5.33921e-06,0.224412,0.0279853,-0.0100262,0.0411289,-0.204108,-0.000473865,-0.000217604,-7.31006e-05,13.6055,1,0,0,0,0,0,-1,1,-9.04608e-07,-3.41781e-06,-0.204253,0,27.8583,1,1010,1010,1010,1010,0,0,0,0,37.3546,56,-0.0102208,-0.0237198,56,-0.0113931,0.00143489,56,-0.00858195,-0.00512492,56,0.00121802,0.000574195,56,0.00365834,-0.00848202,56,-0.00559494,-0.00781032,56,-0.000325853,-0.00318047,56,0.00155073,-0.00890768,52,-0.0028221,-0.0120852
5003182358835,5003167065000,5003167065000,5003182346946,73729,15.2819,5003196586261,29.5213,0,16781,62205,0,0,1,0,0,0.011991,500,500,480,0.96,2.65845,3.62434,0.589875,0.305984,-0.0135803,0.0514832,1.88913e-06,8.25819e-05,0.0037457,-0.00234847,1,0.00688699,-0.000157546,0.000157546,0.00688699,1,1,-0.000411329,0.00642339,0.000568875,0.000463596,0,0,0,0,0,0,0,0,0,0,0,0,0,0,0,0,0,0,0,0,0,0,0,255,0.2,-0.351188,0.2,-0.00141806,0.00793805,1,1,1,1,1,1,1,0.0979325,-3.29065,0.104381,-0.0188533,0.00925328,-0.0300145,42.3749,15674,1,367,87.9799,3919,0,0.000884653,0.00424981,0.04181,0,0,0,1,480,0.205,1.61332e-06,6.99707e-05,1.4344e-05,-3.30731e-07,1.39673e-05,-3.22942e-06,0.224426,0.0279821,-0.0100037,0.0411283,-0.204148,0.000535737,0.00190074,-0.00143732,14.5513,1,0,0,0,0,0,-1,1,-9.04608e-07,-3.41781e-06,-0.204253,0,42.6365,1,1010,1010,1010,1010,0,0,0,0,0.219631,56,0.00121363,0.00924117,56,0.00619048,0.00782501,45,-0.000743801,0.00871592,56,-0.00277564,0.00293358,56,-0.0117408,0.00865276,50,-0.00778921,0.00736927,56,-0.0035365,0.0089069,56,-0.00182005,0.00994834,49,-0.00052743,0.00922558
5003197187821,5003187063000,5003187063000,5003197180247,73729,10.1172,5003210496258,23.4333,1,16782,62206,0,0,1,0,0,0.019998,500,500,497,0.994,2.65178,4.08763,0.793506,0.313483,0.025177,0.0337982,-3.33301e-05,5.93382e-05,-0.00576626,-0.000352861,1,0.00296721,0.00166667,-0.00166667,0.00296721,1,1,-0.00244145,0.00241412,0.00077478,0.000553084,0,0,0,0,0,0,0,0,0,0,0,0,0,0,0,0,0,0,0,0,0,0,0,255,0.21,4.33713,0.21,0.00621502,0.0964112,1,1,1,2,0,1,1,0.0962676,-3.29028,0.103113,-0.0198441,0.00782012,-0.0328191,13.8698,15675,1,367,101.896,3919,0,0.000884653,0.00424981,0.04181,0,0,0,1,497,0.215,-2.81757e-05,5.0367e-05,1.08289e-05,6.05777e-06,1.18208e-05,3.73841e-06,0.224438,0.0279858,-0.00997642,0.0411342,-0.204169,0.00246494,0.00237826,-0.000693291,13.6664,1,0,0,0,0,0,-1,1,-9.04608e-07,-3.41781e-06,-0.204416,0,0.219705,1,1010,1010,1010,1010,0,0,0,0,14.1331,53,-0.00177053,0.00564211,56,-0.00181588,0.00329286,56,0.00126861,0.00356684,56,0.00229741,0.00238197,56,0.00282657,0.00140412,56,0.00655984,0.00471996,56,0.00104863,0.000852018,56,0.0011953,0.00487389,52,-0.000430369,0.00605649
5003211041299,5003195103000,5003195103000,5003211031040,73729,15.928,5003223855936,28.7529,0,16782,62207,0,0,1,0,0,0.00804,500,500,500,1,2.63789,4.68472,0.638819,0.351336,-0.0130768,-0.0307388,-6.31149e-05,-3.63326e-05,-0.0095658,-0.00961641,1,-0.00451898,0.00785011,-0.00785011,-0.00451898,1,1,-0.0084561,-0.00436276,0.000605991,-0.000156219,0,0,0,0,0,0,0,0,0,0,0,0,0,0,0,0,0,0,0,0,0,0,0,255,0.2,7.6126,0.2,0.0107907,0.18014,1,1,1,1,0,1,1,0.0962676,-3.29028,0.103113,-0.0198441,0.00782012,-0.0328191,27.229,15675,1,367,115.255,3919,0,0.000884653,0.00424981,0.04181,0,0,0,1,500,0.205,-5.34621e-05,-3.08142e-05,-6.31691e-06,1.09597e-05,-3.96217e-06,1.20124e-05,0.224434,0.0279979,-0.00995795,0.0410669,-0.204227,0.00205731,-0.000640498,-0.000341805,13.0462,2,0,0,0,0,0,-1,1,-9.04608e-07,-3.41781e-06,-0.204416,0,13.6065,1,1010,1010,1010,1010,0,0,0,0,27.5198,56,-0.0111906,-0.0134435,56,-0.0297967,0.013256,56,0.00515793,-0.00649502,56,-0.000641825,-0.0141047,56,-0.00414692,-0.00652054,56,-0.00556917,-0.00854274,56,-0.00203911,-0.00342706,56,-3.67715e-05,-0.00393029,52,-0.0138308,-0.00677867
5003224456404,5003215108000,5003215108000,5003224450237,73729,9.34224,5003236252995,21.145,1,16783,62208,0,0,1,0,0,0.020005,500,500,499,0.998,2.62487,3.52964,0.626524,0.312132,0.0687256,0.00759888,0.000156988,-8.4093e-06,0.00519475,0.0025722,1,-0.00042036,-0.00784744,0.00784744,-0.00042036,1,1,0.0069141,6.3166e-05,0.000933335,-0.000483526,0,0,0,0,0,0,0,0,0,0,0,0,0,0,0,0,0,0,0,0,0,0,0,255,0.2,1.11862,0.2,-0.00818107,-0.168826,1,1,1,1,0,1,1,0.0962676,-3.29028,0.103113,-0.0198441,0.00782012,-0.0328191,39.6249,15675,1,367,127.651,3919,0,0.000884653,0.00424981,0.04181,0,0,0,1,499,0.205,0.000133163,-7.09102e-06,-1.45366e-06,-2.72984e-05,-6.94869e-06,-2.64371e-05,0.224427,0.0279714,-0.00994656,0.041063,-0.204274,0.00163725,-0.00198246,-0.00175154,12.1519,1,0,0,0,0,0,-1,1,-9.04608e-07,-3.41781e-06,-0.204416,0,25.9847,1,1010,1010,1010,1010,0,0,0,0,39.898,56,0.0134176,0.00148646,55,0.00546238,-0.00428155,56,0.00870385,-0.00150432,56,0.00764016,0.00115963,56,0.00612856,0.000209176,56,0.00509408,-0.000741908,56,0.00944018,0.002424,56,0.00738848,-0.000364245,52,0.00971797,0.00209226
5003236837241,5003227055000,5003227055000,5003236825740,73729,9.77074,5003250458217,23.4032,0,16783,62209,0,0,1,0,0,0.011947,500,500,477,0.954,2.65941,3.83829,0.66582,0.299373,-0.000473022,0.104782,2.73302e-06,0.000180642,0.0126646,0.00387663,1,0.0151203,-0.000228762,0.000228762,0.0151203,1,1,0.000339927,0.0145444,-0.000111165,0.00057587,0,0,0,0,0,0,0,0,0,0,0,0,0,0,0,0,0,0,0,0,0,0,0,255,0.2,3.39856,0.2,-0.00270607,0.0150166,1,1,1,1,1,1,1,0.0947615,-3.28997,0.101856,-0.0209294,0.00956882,-0.0347516,0.851821,15676,1,367,141.845,3919,0,0.000884653,0.00424981,0.04181,0,0,0,1,477,0.205,2.19152e-06,0.000153049,3.1375e-05,-4.49262e-07,3.06055e-05,-6.80008e-06,0.224458,0.0279646,-0.00997577,0.0411022,-0.204304,-0.000387369,0.00236107,5.47243e-05,0.63758,3,0,0,0,0,0,-1,1,-9.04609e-07,-3.41781e-06,-0.204524,0,1.1058,1,1010,1010,1010,1010,0,0,0,0,1.1099,56,-0.00178247,0.0130862,56,0.00023838,0.0179038,41,-0.00453835,0.01506,56,-0.00204763,0.0118484,56,0.00680617,0.0160754,51,-0.000206319,0.0170952,56,0.00523336,0.0206736,56,0.00579232,0.0122087,49,-0.00791796,0.0195686
5003251038981,5003235100000,5003235100000,5003251026369,73729,15.9264,5003262950184,27.8502,0,16783,62210,0,0,1,0,0,0.008045,500,500,500,1,2.65534,3.7349,0.597968,0.321632,-0.00369263,0.0837097,-3.9162e-05,0.000172938,-0.0311559,-0.0117753,1,0.0214964,0.00486787,-0.00486787,0.0214964,1,1,-0.00362203,0.0207772,-0.00124583,0.000719187,0,0,0,0,0,0,0,0,0,0,0,0,0,0,0,0,0,0,0,0,0,0,0,255,0.2,7.2655,0.2,-0.00163822,0.0161216,1,1,1,1,0,1,1,0.0947615,-3.28997,0.101856,-0.0209294,0.00956882,-0.0347516,13.3779,15676,1,367,154.372,3919,0,0.000884653,0.00424981,0.04181,0,0,0,1,500,0.205,-3.31589e-05,0.000146602,3.00534e-05,6.79758e-06,3.07798e-05,5.6419e-07,0.224488,0.0279652,-0.00997577,0.0411022,-0.204304,-0.000685223,0.00294867,0.00353815,13.1251,0,0,0,0,0,0,-1,1,-9.04609e-07,-3.41781e-06,-0.204524,0,13.672,1,1010,1010,1010,1010,0,0,0,0,13.6761,56,-0.00446648,0.0232801,56,0.0036646,0.0147232,56,-0.00605672,0.0234873,56,-0.000829327,0.024064,56,0.000763385,0.0120257,56,-0.00623473,0.0217123,56,-0.00869653,0.0155115,56,-0.00452793,0.025744,52,-0.00877384,0.0289753
5003263584597,5003255084000,5003255084000,5003263578060,73729,8.49406,5003275761117,20.6771,1,16784,62211,0,0,1,0,0,0.019984,500,500,500,1,2.63056,3.60701,0.665431,0.320373,-0.0880127,-0.0828094,-0.000175582,-0.000155426,-0.0014472,-0.00271965,1,-0.00777753,0.00878612,-0.00878612,-0.00777753,1,1,-0.00641009,-0.00750965,-0.00237603,-0.000267883,0,0,0,0,0,0,0,0,0,0,0,0,0,0,0,0,0,0,0,0,0,0,0,255,0.2,-0.360854,0.2,-0.00638554,-0.0101134,1,1,1,1,0,1,1,0.0947615,-3.28997,0.101856,-0.0209294,0.00956882,-0.0347516,26.1651,15676,1,367,167.159,3919,0,0.000884653,0.00424981,0.04181,0,0,0,1,500,0.205,-0.000148804,-0.000131766,-2.70121e-05,3.05047e-05,-2.02537e-05,3.5346e-05,0.224468,0.0280005,-0.00998121,0.0410258,-0.204246,-0.000330422,-0.00109832,0.00752905,12.5187,1,0,0,0,0,0,-1,1,-9.04609e-07,-3.41781e-06,-0.204524,0,26.4481,1,1010,1010,1010,1010,0,0,0,0,26.4522,56,-0.00594837,-0.0102915,56,-0.0154411,0.000206901,56,-0.0065506,-0.0137491,56,-0.0138616,-0.00685926,56,-0.0135285,-0.00490355,56,-0.00398566,-0.0106286,56,-0.00546423,-0.00681146,56,-0.00872077,-0.00787234,52,-0.00721083,-0.00624403
5003276351733,5003267060000,5003267060000,5003276339752,73729,9.27975,5003290045154,22.9852,0,16784,62212,0,0,1,0,0,0.011976,500,500,499,0.998,2.62717,3.7191,0.706895,0.321391,-0.0295105,-0.106232,-4.57468e-05,-0.000192981,-0.00324876,-0.00163223,1,-0.0161139,0.00381987,-0.00381987,-0.0161139,1,1,-0.00317182,-0.0152176,-0.000648056,-0.000896339,0,0,0,0,0,0,0,0,0,0,0,0,0,0,0,0,0,0,0,0,0,0,0,255,0.2,2.29183,0.2,-0.00344345,-0.013262,1,1,1,1,0,1,1,0.0947615,-3.28997,0.101856,-0.0209294,0.00956882,-0.0347516,40.4482,15676,1,367,181.442,3919,0,0.000884653,0.00424981,0.04181,0,0,0,1,499,0.205,-3.87079e-05,-0.000163513,-3.35201e-05,7.93513e-06,-3.1188e-05,1.4567e-05,0.224437,0.0280151,-0.00996298,0.0409543,-0.204356,0.000746079,-0.00367499,0.00272249,14.0078,2,0,0,0,0,0,-1,1,-9.04609e-07,-3.41781e-06,-0.204524,0,40.7189,1,1010,1010,1010,1010,0,0,0,0,40.723,55,-0.00274805,-0.0171182,56,-8.20116e-05,-0.0158037,56,-0.00711929,-0.020677,56,-0.000507128,-0.0191706,56,-0.00832198,-0.0175516,56,-0.00408963,-0.0106763,56,-0.00820628,-0.0181235,56,-0.00806727,-0.0148383,52,-0.0036969,-0.0115322
5003290608048,5003275075000,5003275075000,5003290595437,73729,15.5204,5003304253543,29.1785,0,16784,62213,0,0,1,0,0,0.008015,500,500,500,1,2.65424,5.30948,0.717487,0.331688,0.0197296,-0.0211487,3.16966e-05,-3.96543e-05,0.00224048,-0.0120571,1,-0.00494751,-0.00395465,0.00395465,-0.00494751,1,1,0.0012373,-0.00549793,0.00271736,0.000550427,0,0,0,0,0,0,0,0,0,0,0,0,0,0,0,0,0,0,0,0,0,0,0,255,0.2,6.36831,0.2,0.00326549,-0.000182654,1,1,1,1,1,1,1,0.0935208,-3.28973,0.100521,-0.020466,0.00892702,-0.0383853,3.86597,15677,1,367,195.647,3919,0,0.000884653,0.00424981,0.04181,0,0,0,1,500,0.205,2.68581e-05,-3.3583e-05,-6.88451e-06,-5.50592e-06,-7.85143e-06,-3.99417e-06,0.224429,0.0280111,-0.00993743,0.0409501,-0.204538,0.00162259,0.00225675,-0.00761486,3.63729,2,0,0,0,0,0,-1,1,-9.04609e-07,-3.41781e-06,-0.204757,0,4.1314,1,1010,1010,1010,1010,0,0,0,0,4.13616,56,0.0150441,-0.0037396,56,0.011497,-0.0103784,56,0.00811348,-0.00281156,56,-0.00391074,-0.00577364,56,0.0148925,-0.00847232,56,-0.00354381,-0.00295826,56,0.0098458,0.00374381,56,0.004443,-0.00811676,52,-0.00870054,-0.004033
5003304877066,5003295119000,5003295119000,5003304869455,73729,9.75045,5003316935882,21.8169,1,16785,62214,0,0,1,0,0,0.020044,500,500,499,0.998,2.63571,3.65064,0.605171,0.312077,0.0517578,0.0731506,0.000138802,0.000124253,0.0139617,0.00287268,1,0.00619902,-0.00692485,0.00692485,0.00619902,1,1,0.00614604,0.0061492,0.000778816,4.98233e-05,0,0,0,0,0,0,0,0,0,0,0,0,0,0,0,0,0,0,0,0,0,0,0,255,0.2,0.326576,0.2,0.00359547,0.00677105,1,1,1,1,0,1,1,0.0935208,-3.28973,0.100521,-0.020466,0.00892702,-0.0383853,16.5493,15677,1,367,12.6748,3920,0,0.000884653,0.00549433,0.0421037,0,0,0,1,499,0.205,0.000117645,0.000105326,2.15918e-05,-2.41172e-05,1.62363e-05,-2.79967e-05,0.224445,0.0279831,-0.00991533,0.0408932,-0.204503,0.00201018,0.000204275,-0.000946372,12.4483,1,0,0,0,0,0,-1,1,-9.04609e-07,-3.41781e-06,-0.204757,0,16.8135,1,1010,1010,1010,1010,0,0,0,0,16.8182,56,0.00760598,-0.000907398,55,-0.00178579,0.00931888,56,0.00768319,0.00579504,56,0.00723621,0.0109682,56,0.00505336,0.00825146,56,0.00534488,0.00524103,56,0.00627284,0.00467638,56,0.00786158,0.00640432,52,0.00812695,0.00596392
5003317492849,5003307059000,5003307059000,5003317480997,73729,10.422,5003331480551,24.4216,0,16785,62215,0,0,1,0,0,0.01194,500,500,490,0.98,2.65415,3.7939,0.684172,0.310076,-0.000221252,-0.0423737,-2.80614e-05,-9.2095e-05,-0.0226519,0.00666356,1,-0.00771315,0.0023502,-0.0023502,-0.00771315,1,1,-0.00120697,-0.00704017,-0.00114323,-0.000672978,0,0,0,0,0,0,0,0,0,0,0,0,0,0,0,0,0,0,0,0,0,0,0,255,0.2,2.75524,0.2,-0.000471224,-0.0085387,1,1,1,1,0,1,1,0.0935208,-3.28973,0.100521,-0.020466,0.00892702,-0.0383853,31.0977,15677,1,367,27.2232,3920,0,0.000884653,0.00549433,0.0421037,0,0,0,1,490,0.205,-2.37459e-05,-7.81382e-05,-1.60183e-05,4.86792e-06,-1.46853e-05,8.01609e-06,0.224431,0.0279911,-0.00990925,0.0408338,-0.204445,0.00184274,-0.00275921,0.00522398,14.2894,1,0,0,0,0,0,-1,1,-9.04609e-07,-3.41781e-06,-0.204757,0,31.3557,1,1010,1010,1010,1010,0,0,0,0,31.3605,56,-0.0213271,-0.0071228,56,-0.00396637,-0.00577425,47,-0.00504439,-0.00995609,56,0.00209608,-0.0123534,56,0.00353865,-0.000839193,56,0.00424455,-0.00440078,56,0.00279173,-0.00926711,56,-0.00569023,-0.0100413,51,-0.0112126,-0.00672102
5003332069481,5003327054000,5003327054000,5003332063222,73729,5.00922,5003342573452,15.5195,1,16786,62216,0,0,1,0,0,0.019995,500,500,500,1,2.63887,3.59705,0.669135,0.342392,-0.0736618,-0.0639038,-0.000100996,-0.000106428,-0.00142378,-0.00125897,1,-0.00532273,0.00505108,-0.00505108,-0.00532273,1,1,-0.00302196,-0.00452146,-0.00202912,-0.000801267,0,0,0,0,0,0,0,0,0,0,0,0,0,0,0,0,0,0,0,0,0,0,0,255,0.2,7.20704,0.2,-0.00687516,-0.00328079,1,1,1,2,0,1,1,0.0935208,-3.28973,0.100521,-0.020466,0.00892702,-0.0383853,42.2195,15677,1,367,38.3451,3920,0,0.000884653,0.00549433,0.0421037,0,0,0,1,500,0.205,-8.56572e-05,-9.01639e-05,-1.84836e-05,1.75597e-05,-1.45261e-05,2.09438e-05,0.224416,0.0280121,-0.00991553,0.0407924,-0.204426,0.000484321,-0.0032852,0.00704297,10.8505,1,0,0,0,0,0,-1,1,-9.04609e-07,-3.41781e-06,-0.204757,0,42.478,1,1010,1010,1010,1010,0,0,0,0,42.4827,56,-0.00190527,-0.00161183,56,-0.000522168,-0.0101456,56,-0.00886214,-0.00886199,56,-0.0093474,-0.00444917,56,-0.00891912,-0.00449006,56,-0.00646483,-0.0103853,56,-0.00768581,-0.00439617,56,-0.00976395,-0.00547193,52,-0.000526389,-0.00588341
5003343166327,5003335079000,5003335079000,5003343153382,73729,8.07438,5003355698443,20.6194,0,16786,62217,0,0,1,0,0,0.008025,500,500,500,1,2.62374,4.98896,0.730821,0.314892,-0.00829315,0.0561676,-3.92403e-05,7.61651e-05,0.00223696,0.0063857,1,0.00949098,0.00488976,-0.00488976,0.00949098,1,1,-0.00399806,0.00902688,-0.000891706,0.000464097,0,0,0,0,0,0,0,0,0,0,0,0,0,0,0,0,0,0,0,0,0,0,0,255,0.2,8.16825,0.2,-0.00427818,0.0127429,1,1,1,1,1,1,1,0.092556,-3.28956,0.0990345,-0.018734,0.00817098,-0.0412245,2.19787,15678,1,367,51.437,3920,0,0.000884653,0.00549433,0.0421037,0,0,0,1,500,0.205,-3.33384e-05,6.44383e-05,1.32099e-05,6.83437e-06,1.43089e-05,4.012e-06,0.22443,0.0280161,-0.00990876,0.0408383,-0.204486,0.000123038,0.0019028,0.00302322,1.96711,2,0,0,0,0,0,-1,1,-9.04609e-07,-3.41781e-06,-0.204705,0,2.46506,1,1010,1010,1010,1010,0,0,0,0,2.46919,56,-0.027023,-0.00038367,56,0.000962146,0.0209297,56,0.00837338,0.017509,56,0.0191133,0.0150823,56,-0.00794821,0.00504967,56,-0.000539423,0.0122334,56,-0.0039842,0.0166132,56,0.00241156,0.0133113,52,-0.0294527,0.00109208
5003356326077,5003347059000,5003347059000,5003356312392,73729,9.25339,5003370699837,23.6408,0,16786,62218,0,0,1,0,0,0.01198,500,500,500,1,2.6265,3.59371,0.73058,0.320984,0.0212784,0.0895996,7.44007e-05,0.00018338,0.0128288,-0.00397802,1,0.0153072,-0.00621041,0.00621041,0.0153072,1,1,0.0054888,0.0142688,0.00072161,0.00103836,0,0,0,0,0,0,0,0,0,0,0,0,0,0,0,0,0,0,0,0,0,0,0,255,0.2,1.01019,0.2,0.00273637,0.0120015,1,1,1,1,0,1,1,0.092556,-3.28956,0.0990345,-0.018734,0.00817098,-0.0412245,17.2,15678,1,367,66.4391,3920,0,0.000884653,0.00549433,0.0421037,0,0,0,1,500,0.205,6.30716e-05,0.000155459,3.18692e-05,-1.29297e-05,2.85578e-05,-1.91283e-05,0.224459,0.027997,-0.00989799,0.0408304,-0.20454,0.000964725,0.00425727,-0.0015951,14.7692,1,0,0,0,0,0,-1,1,-9.04609e-07,-3.41781e-06,-0.204705,0,17.4643,1,1010,1010,1010,1010,0,0,0,0,17.4684,56,0.017993,0.0121418,56,0.000392585,0.0147558,56,0.00130095,0.0140837,56,-0.00233757,0.0105707,56,0.00657216,0.0172683,56,0.00387275,0.0118213,56,0.00358098,0.0166843,56,0.00495146,0.0180727,52,0.0123615,0.0140199
5003371243768,5003363103000,5003363103000,5003371238397,73729,8.1354,5003383847273,20.7443,1,16787,62219,0,0,1,0,0,0.016044,500,500,500,1,2.61393,3.81073,0.669394,0.318003,0.0525742,0.0459671,6.19003e-05,8.19286e-05,-0.00283574,0.00584155,1,0.0051065,-0.00385816,0.00385816,0.0051065,1,1,0.00286575,0.00475002,0.000992406,0.00035648,0,0,0,0,0,0,0,0,0,0,0,0,0,0,0,0,0,0,0,0,0,0,0,255,0.2,5.75979,0.2,0.00361963,0.000509556,1,1,1,1,0,1,1,0.092556,-3.28956,0.0990345,-0.018734,0.00817098,-0.0412245,30.3512,15678,1,367,79.5904,3920,0,0.000884653,0.00549433,0.0421037,0,0,0,1,500,0.205,5.2518e-05,6.9434e-05,1.4234e-05,-1.07662e-05,1.17427e-05,-1.34313e-05,0.224471,0.0279835,-0.00988996,0.0407946,-0.204577,0.00152643,0.00146157,-0.00203395,12.9023,1,0,0,0,0,0,-1,1,-9.04609e-07,-3.41781e-06,-0.204705,0,30.6429,1,1010,1010,1010,1010,0,0,0,0,30.647,56,0.00226574,0.0146529,56,0.00364856,-0.00117383,56,0.00606334,0.0063661,56,0.00863097,0.00103064,56,0.00270365,0.00490273,56,0.0073196,0.00665333,56,0.00989358,0.00225266,56,0.00318723,0.00540947,52,0.00030321,0.010291
5003384406444,5003375081000,5003375081000,5003384397629,73729,9.31663,5003396730873,21.6499,0,16787,62220,0,0,1,0,0,0.011978,500,500,500,1,2.62989,3.6641,0.703895,0.315688,0.0147858,-0.0480652,2.74688e-05,-8.2764e-05,0.000527254,-0.0133976,1,-0.00690966,-0.00229327,0.00229327,-0.00690966,1,1,0.00153723,-0.00640848,0.000756044,-0.000501184,0,0,0,0,0,0,0,0,0,0,0,0,0,0,0,0,0,0,0,0,0,0,0,255,0.2,8.34562,0.2,0.000186238,-0.00905332,1,1,1,1,0,1,1,0.092556,-3.28956,0.0990345,-0.018734,0.00817098,-0.0412245,43.2332,15678,1,367,92.4723,3920,0,0.000884653,0.00549433,0.0421037,0,0,0,1,500,0.205,2.33113e-05,-7.01123e-05,-1.4373e-05,-4.77882e-06,-1.50306e-05,-1.7615e-06,0.224456,0.0279818,-0.00987078,0.0407351,-0.204599,0.00177671,-0.00205485,-0.00105846,12.6385,1,0,0,0,0,0,-1,1,-9.04609e-07,-3.41781e-06,-0.204705,0,43.4996,1,1010,1010,1010,1010,0,0,0,0,0.220872,56,0.0162293,-0.00774038,56,-0.00151247,-0.00310151,56,0.000481371,-0.00781593,56,0.00573332,-0.00469458,56,0.00323228,-0.00255175,56,-0.00276489,-0.00843939,56,-0.00347204,-0.00410006,56,0.00352797,-0.00709086,52,0.0014971,-0.00740998
5003397267526,5003383128000,5003383128000,5003397256081,73729,14.1281,5003409888939,26.7609,0,16787,62221,0,0,1,0,0,0.008047,500,500,500,1,2.66941,3.79394,0.673765,0.322818,-0.0102844,-0.0599213,-3.94002e-05,-0.000103117,-0.00657808,-0.0143419,1,-0.0128143,0.00489626,-0.00489626,-0.0128143,1,1,-0.00536487,-0.0119387,0.000468604,-0.000875615,0,0,0,0,0,0,0,0,0,0,0,0,0,0,0,0,0,0,0,0,0,0,0,255,0.2,1.3246,0.2,-0.00432454,-0.0105214,1,1,1,1,1,1,1,0.0917564,-3.28949,0.0975026,-0.0187705,0.00859684,-0.0435413,13.1112,15679,1,367,105.633,3920,0,0.000884653,0.00549433,0.0421037,0,0,0,1,500,0.205,-3.33532e-05,-8.73457e-05,-1.79059e-05,6.83741e-06,-1.61312e-05,1.03305e-05,0.22444,0.0279921,-0.00986421,0.0406853,-0.204627,0.0016614,-0.00359002,-0.000207904,12.9216,1,0,0,0,0,0,-1,1,-9.04609e-07,-3.41781e-06,-0.204891,0,11.9976,1,1010,1010,1010,1010,0,0,0,0,13.3823,56,-0.0140661,-0.0186404,56,-0.0112793,-0.00504695,56,-0.00640503,-0.0188937,56,-0.00379198,-0.0118739,56,-0.00030233,-0.0138355,56,0.0128894,-0.0106448,56,-0.00071108,-0.0112129,56,-0.00452306,-0.00983641,52,-0.014344,-0.012282
5003410476647,5003395114000,5003395114000,5003410464943,73729,15.3509,5003423439377,28.3254,0,16787,62222,0,0,1,0,0,0.011986,500,500,488,0.976,2.65145,3.82403,0.595523,0.308743,0.0111694,-0.0165176,2.48216e-05,-8.19883e-06,0.00401903,-0.00462613,1,-0.000684034,-0.00207089,0.00207089,-0.000684034,1,1,0.00139817,-0.000486234,0.000672712,-0.000197799,0,0,0,0,0,0,0,0,0,0,0,0,0,0,0,0,0,0,0,0,0,0,0,255,0.2,4.36085,0.2,-0.000711121,0.00206595,1,1,1,1,0,1,1,0.0917564,-3.28949,0.0975026,-0.0187705,0.00859684,-0.0435413,26.6823,15679,1,367,119.204,3920,0,0.000884653,0.00549433,0.0421037,0,0,0,1,488,0.205,2.10841e-05,-6.94464e-06,-1.42365e-06,-4.32224e-06,-2.26972e-06,-3.94295e-06,0.224437,0.0279881,-0.00987317,0.0406575,-0.204723,0.00051695,-0.000810978,-0.00179294,13.2769,2,0,0,0,0,0,-1,1,-9.04609e-07,-3.41781e-06,-0.204891,0,25.5717,1,1010,1010,1010,1010,0,0,0,0,26.9564,55,-0.00510926,0.0117864,56,0.00645291,0.00261338,56,0.010887,-0.0025056,56,0.000713274,-0.00606053,56,0.0023809,-0.00836273,56,-0.0100815,0.00175095,45,-0.00379232,-0.00391484,56,0.00392589,-0.00418194,52,0.00996559,0.00614205
5003424019826,5003415114000,5003415114000,5003423996456,73729,8.88246,5003437432245,22.3182,1,16788,62223,0,0,1,0,0,0.02,500,500,488,0.976,2.6382,3.60168,0.755636,0.337522,-0.0187454,0.064209,-2.92907e-05,9.66122e-05,0.0049683,0.00267675,1,0.00483061,0.00146453,-0.00146453,0.00483061,1,1,-0.00221103,0.00418409,0.000746495,0.000646516,0,0,0,0,0,0,0,0,0,0,0,0,0,0,0,0,0,0,0,0,0,0,0,255,0.2,7.19724,0.2,-0.00202633,0.00581623,1,1,1,1,0,1,1,0.0917564,-3.28949,0.0975026,-0.0187705,0.00859684,-0.0435413,40.6511,15679,1,367,133.173,3920,0,0.000884653,0.00549433,0.0421037,0,0,0,1,488,0.205,-2.50113e-05,8.18425e-05,1.67777e-05,5.12732e-06,1.74541e-05,1.61198e-06,0.224455,0.0279898,-0.00986682,0.0406652,-0.204747,0.000442592,0.00265071,-0.00209443,13.7243,1,0,0,0,0,0,-1,1,-9.04609e-07,-3.41781e-06,-0.204891,0,39.5365,1,1010,1010,1010,1010,0,0,0,0,40.9213,56,-0.016619,0.00268925,55,0.0019574,0.0039948,56,-0.00715382,0.00862736,56,0.00290886,0.00673637,56,0.00508898,0.00146702,56,-0.000838346,0.00432371,45,-0.00086235,0.00648553,56,-0.00181406,0.00689291,52,-0.000934186,0.00623134
5003437957175,5003423089000,5003423089000,5003437944953,73729,14.856,5003449629099,26.5401,0,16788,62224,0,0,1,0,0,0.007975,500,500,483,0.966,2.66539,3.88462,0.591967,0.30728,-0.0364685,0.0215454,-5.38815e-05,4.58309e-05,-0.00176339,-0.00242796,1,0.00574682,0.0067563,-0.0067563,0.00574682,1,1,-0.00589739,0.00554513,-0.000858912,0.000201693,0,0,0,0,0,0,0,0,0,0,0,0,0,0,0,0,0,0,0,0,0,0,0,255,0.2,1.38894,0.2,-0.00661298,0.00241492,1,1,1,1,0,1,1,0.0917564,-3.28949,0.0975026,-0.0187705,0.00859684,-0.0435413,52.8492,15679,1,367,145.371,3920,0,0.000884653,0.00549433,0.0421037,0,0,0,1,483,0.205,-4.56676e-05,3.88126e-05,7.95659e-06,9.36186e-06,9.68323e-06,7.55078e-06,0.224464,0.0279973,-0.00986637,0.0406218,-0.204691,0.000449126,0.000826943,0.00317653,11.9266,2,0,0,0,0,0,-1,1,-9.04609e-07,-3.41781e-06,-0.204878,0,0.248595,1,1010,1010,1010,1010,0,0,0,0,0.252132,56,0.0137647,-0.00561484,56,-0.0178129,0.0182486,39,-0.0142958,-0.00412229,56,-0.0223289,0.0016041,56,-0.0188861,0.0114148,56,-0.00884336,0.0082712,56,-0.00183301,0.00646979,56,0.00521609,0.00251636,52,-3.7383e-05,0.00732203
5003450150881,5003435072000,5003435072000,5003450138715,73729,15.0667,5003462753090,27.6811,0,16788,62225,0,0,1,0,0,0.011983,500,500,437,0.874,2.6553,3.91696,0.656245,0.279928,0.00457764,-0.00228882,8.78862e-06,-6.25455e-06,-0.00270665,-0.00858256,1,-0.000521952,-0.000733424,0.000733424,-0.000521952,1,1,0.0025502,-6.71438e-05,-0.00181677,-0.000454808,0,0,0,0,0,0,0,0,0,0,0,0,0,0,0,0,0,0,0,0,0,0,0,255,0.2,3.41282,0.2,8.21742e-05,-0.00310218,1,1,1,1,1,1,1,0.0911893,-3.28947,0.0959182,-0.018571,0.00842864,-0.0457325,13.1338,15680,1,367,158.519,3920,0,0.000884653,0.00549433,0.0421037,0,0,0,1,437,0.205,7.46043e-06,-5.23776e-06,-1.07374e-06,-1.52939e-06,-1.36068e-06,-1.27948e-06,0.224463,0.027996,-0.00985992,0.0405797,-0.204661,0.00111878,-0.00186471,0.00685404,12.8955,1,0,0,0,0,0,-1,1,-9.04609e-07,-3.41781e-06,-0.204878,0,13.3878,1,1010,1010,1010,1010,0,0,0,0,13.3913,55,0.0125815,0.000256715,56,0.00568791,-0.00275041,48,-0.00190442,-7.32558e-05,45,0.0025291,-0.00389248,56,0.00169348,-0.00131078,56,0.00455242,-0.00158711,13,-0.00300347,0.00818353,56,-0.00253418,0.00486871,52,-0.0065347,0.00256064
5003463350095,5003455083000,5003455083000,5003463343836,73729,8.26084,5003476371345,21.2883,1,16789,62226,0,0,1,0,0,0.020011,500,500,499,0.998,2.62965,3.56512,0.597356,0.315132,0.000213623,-0.0758362,-4.09185e-06,-0.000138087,-0.00185853,-0.000406789,1,-0.00690058,0.00020448,-0.00020448,-0.00690058,1,1,0.00083438,-0.00635144,-0.00103886,-0.000549135,0,0,0,0,0,0,0,0,0,0,0,0,0,0,0,0,0,0,0,0,0,0,0,255,0.2,5.78949,0.2,-0.0013113,-0.00523367,1,1,1,1,0,1,1,0.0911893,-3.28947,0.0959182,-0.018571,0.00842864,-0.0457325,26.7285,15680,1,367,172.113,3920,0,0.000884653,0.00549433,0.0421037,0,0,0,1,499,0.205,-3.37329e-06,-0.000117,-2.39849e-05,6.91525e-07,-2.33247e-05,5.54814e-06,0.22444,0.0280016,-0.00984229,0.0405468,-0.20468,0.00135454,-0.00225145,0.00449109,13.3444,1,0,0,0,0,0,-1,1,-9.04609e-07,-3.41781e-06,-0.204878,0,27.0032,1,1010,1010,1010,1010,0,0,0,0,27.0067,56,0.00569765,-0.004342,56,8.34306e-05,-0.00284181,55,0.00440329,-0.00857817,56,-0.00157898,-0.00380157,56,-0.00157957,-0.00842661,56,-0.000518823,-0.00747995,56,-0.00529805,-0.00766566,56,0.00215023,-0.00767299,52,0.000276856,-0.00820154
5003476928386,5003463090000,5003463090000,5003476916590,73729,13.8266,5003488755163,25.6652,0,16789,62227,0,0,1,0,0,0.008007,500,500,500,1,2.651,3.63744,0.690895,0.320317,0.0171967,0.00256348,3.34697e-05,4.74934e-06,0.00540636,-0.00510141,1,0.000593148,-0.00418006,0.00418006,0.000593148,1,1,0.00313501,0.000508949,0.00104505,8.41992e-05,0,0,0,0,0,0,0,0,0,0,0,0,0,0,0,0,0,0,0,0,0,0,0,255,0.21,-0.273002,0.21,0.010571,0.325132,1,1,1,1,0,1,1,0.0911893,-3.28947,0.0959182,-0.018571,0.00842864,-0.0457325,39.1119,15680,1,367,184.496,3920,0,0.000884653,0.00549433,0.0421037,0,0,0,1,500,0.215,2.84071e-05,4.05254e-06,8.71297e-07,-6.10753e-06,-3.87378e-07,-6.15715e-06,0.224439,0.0279954,-0.00983838,0.0405494,-0.204818,0.00174419,0.000362056,-0.00219961,12.1037,2,0,0,0,0,0,-1,1,-9.04609e-07,-3.41781e-06,-0.204878,0,39.3787,1,1010,1010,1010,1010,0,0,0,0,39.3823,56,0.0207874,-0.00868787,56,0.000471748,-0.00367608,56,0.00282165,-0.000723536,56,0.00151555,-6.35241e-06,56,0.00202852,0.00528945,56,0.0053708,-0.00179753,56,0.0077498,0.00491276,56,0.00562809,0.0059375,52,0.0101198,0.00488531
5003489283538,5003475071000,5003475071000,5003489272908,73729,14.2019,5003502275676,27.2047,0,16789,62228,0,0,1,0,0,0.011981,500,500,500,1,2.70148,3.88762,0.607468,0.325522,0.0101089,0.0159302,-1.71041e-05,4.67875e-05,-8.30586e-05,-0.000838901,1,0.00390514,0.0014276,-0.0014276,0.00390514,1,1,-0.00249577,0.00350441,0.00106816,0.000400737,0,0,0,0,0,0,0,0,0,0,0,0,0,0,0,0,0,0,0,0,0,0,0,255,0.21,1.92094,0.21,0.00584601,0.154671,1,1,1,1,0,1,1,0.0907456,-3.28949,0.094187,-0.0167183,0.00807925,-0.050076,2.43137,15681,1,367,198.012,3920,0,0.000884653,0.00549433,0.0421037,0,0,0,1,500,0.215,-1.44194e-05,3.96747e-05,8.53006e-06,3.10016e-06,8.97431e-06,1.30126e-06,0.224448,0.0279967,-0.00984006,0.0405339,-0.204898,0.000284508,0.00172317,-0.00344687,2.20616,2,0,0,0,0,0,-1,1,-9.04609e-07,-3.41781e-06,-0.205115,0,2.70004,1,1010,1010,1010,1010,0,0,0,0,2.70422,56,0.00415716,0.00495267,56,-0.0122624,-0.00251777,56,0.0121332,0.00358844,56,0.00457985,0.00243402,56,0.00660192,-0.00073708,56,0.00162297,0.00356606,56,0.00243101,0.00224969,56,0.00147719,0.00413406,52,-0.00438529,0.00832958
5003502821235,5003483098000,5003483098000,5003502809328,73729,19.7113,5003514901663,31.8037,0,16789,62229,0,0,1,0,0,0.008027,500,500,500,1,2.65347,3.79114,0.694635,0.318632,0.0162201,0.0121765,6.98189e-05,1.77078e-05,0.0042045,0.0153279,1,0.00220603,-0.00869801,0.00869801,0.00220603,1,1,0.0080044,0.00194947,0.000693616,0.000256566,0,0,0,0,0,0,0,0,0,0,0,0,0,0,0,0,0,0,0,0,0,0,0,255,0.21,5.31365,0.21,0.00394547,0.00266278,1,1,1,1,1,1,1,0.0907456,-3.28949,0.094187,-0.0167183,0.00807925,-0.050076,15.0638,15681,1,367,12.6138,3921,0,0.000884653,0.00716504,0.0411759,0,0,0,1,500,0.215,5.90897e-05,1.49467e-05,3.21354e-06,-1.27043e-05,5.63909e-07,-1.30923e-05,0.224449,0.0279836,-0.00984006,0.0405339,-0.204898,3.71826e-05,0.00110323,-0.00235629,14.828,0,0,0,0,0,0,-1,1,-9.04609e-07,-3.41781e-06,-0.205115,0,15.3308,1,1010,1010,1010,1010,0,0,0,0,15.335,56,-0.00121382,-0.0121096,56,0.00857055,-0.000222379,56,0.000185595,0.0125271,56,0.00374888,0.00657279,56,0.00792686,0.00911822,56,0.000414918,0.00271296,56,0.00404533,-0.000315069,56,0.00547091,-0.00209478,52,0.00548992,-0.0108457
5003515503390,5003503090000,5003503090000,5003515495297,73729,12.4053,5003528420083,25.3301,1,16790,62230,0,0,1,0,0,0.019992,500,500,435,0.87,2.63289,3.6514,0.635561,0.286817,-0.0249329,0.00790405,-9.0221e-05,5.72713e-05,-0.00483228,-0.0119709,1,0.00286471,0.00451285,-0.00451285,0.00286471,1,1,-0.00440704,0.00320535,-0.000105817,-0.000340632,0,0,0,0,0,0,0,0,0,0,0,0,0,0,0,0,0,0,0,0,0,0,0,255,0.21,6.49607,0.21,-0.00229468,-0.00086913,1,1,1,1,0,1,1,0.0907456,-3.28949,0.094187,-0.0167183,0.00807925,-0.050076,28.5822,15681,1,367,26.1325,3921,0,0.000884653,0.00716504,0.0411759,0,0,0,1,435,0.215,-7.64532e-05,4.8519e-05,1.04316e-05,1.64374e-05,1.3543e-05,1.39733e-05,0.224462,0.0279976,-0.00983597,0.0404688,-0.204906,0.00042421,-0.00146472,0.000703379,13.2619,2,0,0,0,0,0,-1,1,-9.04609e-07,-3.41781e-06,-0.205115,0,28.8307,1,1010,1010,1010,1010,0,0,0,0,28.8349,56,-0.00814305,0.00487784,55,-0.000281939,0.00317793,7,-0.00720921,-0.0128527,56,-0.000449411,-0.00103394,56,-0.00124613,0.000164667,41,-0.0105107,-0.0028401,56,-0.00712575,0.0027904,56,-0.00392895,0.00604113,52,-0.00118139,0.0042524
5003528945735,5003515110000,5003515110000,5003528933235,73729,13.8232,5003544941248,29.8312,0,16790,62231,0,0,1,0,0,0.01202,500,500,500,1,2.64178,3.92103,0.668727,0.319854,-0.00640869,-0.0284424,-1.31291e-06,-4.89018e-05,0.00521348,0.00312492,1,-0.00406837,0.000109227,-0.000109227,-0.00406837,1,1,-0.000247883,-0.00378261,0.000138656,-0.000285752,0,0,0,0,0,0,0,0,0,0,0,0,0,0,0,0,0,0,0,0,0,0,0,255,0.21,0.958822,0.21,-0.00112766,-0.00324491,1,1,1,1,0,1,1,0.0907456,-3.28949,0.094187,-0.0167183,0.00807925,-0.050076,45.0997,15681,1,367,42.6497,3921,0,0.000884653,0.00716504,0.0411759,0,0,0,1,500,0.215,-1.10699e-06,-4.14392e-05,-8.90942e-06,2.38003e-07,-8.66748e-06,2.04473e-06,0.224454,0.0279997,-0.00982411,0.0404637,-0.204945,0.00129378,-0.00122874,0.000558046,16.2487,1,0,0,0,0,0,-1,1,-9.04609e-07,-3.41781e-06,-0.205115,0,45.3645,1,1010,1010,1010,1010,0,0,0,0,45.3687,56,-0.00466237,-0.00357711,56,-0.00324598,0.00134596,56,0.00196013,-0.0125525,56,-0.00299492,-0.0045397,56,-0.0021852,-0.00637084,56,-0.00289554,-0.00788639,56,0.00487676,0.00134708,56,0.000533288,-0.00831835,52,0.000522998,-0.0065114
5003545471808,5003535075000,5003535075000,5003545466752,73729,10.3918,5003557821534,22.7465,1,16791,62232,0,0,1,0,0,0.019965,500,500,500,1,2.65433,3.9031,0.701172,0.318132,-0.0019989,0.00411987,-3.74435e-05,4.12792e-05,-0.00652088,-0.00854158,1,0.00206758,0.00187546,-0.00187546,0.00206758,1,1,-0.00211379,0.00157844,0.000238331,0.000489136,0,0,0,0,0,0,0,0,0,0,0,0,0,0,0,0,0,0,0,0,0,0,0,255,0.2,7.31621,0.2,-0.00805958,-0.143202,1,1,1,1,0,1,1,0.0904617,-3.28956,0.092203,-0.0150978,0.00767543,-0.0542625,3.17232,15682,1,367,55.5299,3921,0,0.000884653,0.00716504,0.0411759,0,0,0,1,500,0.205,-3.16132e-05,3.50027e-05,7.17555e-06,6.4807e-06,8.33628e-06,4.88559e-06,0.224462,0.0280045,-0.00982795,0.040503,-0.205014,0.000784791,0.00200546,-0.000153894,2.90382,3,0,0,0,0,0,-1,1,-9.04609e-07,-3.41781e-06,-0.205238,0,3.43984,1,1010,1010,1010,1010,0,0,0,0,3.44486,56,0.00224155,0.00549948,56,-0.00696036,0.00199591,56,-0.000692053,-0.00143422,56,0.000445345,-0.0029686,56,-0.00412484,-0.00228656,56,0.00135054,0.00219048,56,-0.00338231,0.000287602,56,-0.000655824,0.00506892,52,-0.00032859,0.00744671
5003558367816,5003543083000,5003543083000,5003558355612,73729,15.2726,5003570308946,27.2259,0,16791,62233,0,0,1,0,0,0.008008,500,500,500,1,2.63769,3.82001,0.610005,0.322188,0.0181427,0.0348511,1.54231e-05,3.69006e-05,-0.0014741,0.00366088,1,0.00460796,-0.00192596,0.00192596,0.00460796,1,1,0.00215611,0.0039965,-0.000230146,0.000611465,0,0,0,0,0,0,0,0,0,0,0,0,0,0,0,0,0,0,0,0,0,0,0,255,0.2,-0.092797,0.2,-0.00386136,-0.156021,1,1,1,1,1,1,1,0.0904617,-3.28956,0.092203,-0.0150978,0.00767543,-0.0542625,15.6672,15682,1,367,68.0248,3921,0,0.000884653,0.00716504,0.0411759,0,0,0,1,500,0.205,1.30697e-05,3.13377e-05,6.42423e-06,-2.67929e-06,5.74015e-06,-3.93005e-06,0.224468,0.0280006,-0.00982795,0.040503,-0.205014,0.000257939,0.00250701,0.000961229,15.39,0,0,0,0,0,0,-1,1,-9.04609e-07,-3.41781e-06,-0.205238,0,15.9325,1,1010,1010,1010,1010,0,0,0,0,15.9375,56,0.0245693,0.0166631,56,0.00700016,0.00846842,56,-0.00100257,0.0093073,56,-0.00837177,0.0102513,56,0.00384936,0.0102786,56,0.0118564,0.00241792,56,-5.91375e-05,0.00700212,56,0.00938346,0.00340541,52,0.0042853,0.00383874
5003570895228,5003555064000,5003555064000,5003570883561,73729,15.8196,5003584029663,28.9657,0,16791,62234,0,0,1,0,0,0.011981,500,500,500,1,2.65032,3.82375,0.594783,0.319873,-0.0262222,0.0274353,-6.23798e-05,3.81937e-05,0.00462092,0.00489626,1,0.00318786,0.00520656,-0.00520656,0.00318786,1,1,-0.004174,0.00304034,-0.00103256,0.00014752,0,0,0,0,0,0,0,0,0,0,0,0,0,0,0,0,0,0,0,0,0,0,0,255,0.2,2.2707,0.2,-0.00544422,0.00162601,1,1,1,1,0,1,1,0.0904617,-3.28956,0.092203,-0.0150978,0.00767543,-0.0542625,29.3866,15682,1,367,81.7442,3921,0,0.000884653,0.00716504,0.0411759,0,0,0,1,500,0.205,-5.29231e-05,3.23199e-05,6.62558e-06,1.08492e-05,8.68562e-06,9.2749e-06,0.224477,0.0280099,-0.0098188,0.0404795,-0.204986,0.000570627,0.000604833,0.00384331,13.4527,1,0,0,0,0,0,-1,1,-9.04609e-07,-3.41781e-06,-0.205238,0,29.668,1,1010,1010,1010,1010,0,0,0,0,29.6731,56,-0.0151595,0.00184702,56,-0.00313568,-0.000474461,56,0.00114913,0.00376241,56,0.00118674,0.0121241,56,-0.00197401,0.000368971,56,-0.00338564,0.00742744,56,-0.00120517,0.000802126,56,-0.00712624,0.0057216,52,-0.0144582,0.00643649
5003584586297,5003571110000,5003571110000,5003584578871,73729,13.4689,5003597055691,25.9457,1,16792,62235,0,0,1,0,0,0.016046,500,500,500,1,2.62508,3.64025,0.619653,0.314836,-0.00319672,-0.0610046,-1.7662e-05,-8.40044e-05,-0.00306108,-0.00551489,1,-0.00523522,0.00110071,-0.00110071,-0.00523522,1,1,-0.00010154,-0.00466948,-0.000999171,-0.000565747,0,0,0,0,0,0,0,0,0,0,0,0,0,0,0,0,0,0,0,0,0,0,0,255,0.21,5.80267,0.21,0.00174395,0.0580748,1,1,1,1,0,1,1,0.0904617,-3.28956,0.092203,-0.0150978,0.00767543,-0.0542625,42.41,15682,1,367,94.7676,3921,0,0.000884653,0.00716504,0.0411759,0,0,0,1,500,0.215,-1.48726e-05,-7.11638e-05,-1.53002e-05,3.19762e-06,-1.43181e-05,6.24241e-06,0.224462,0.0280161,-0.00979568,0.0404299,-0.204969,0.00161392,-0.00243271,0.00472829,12.7795,1,0,0,0,0,0,-1,1,-9.04609e-07,-3.41781e-06,-0.205238,0,42.6751,1,1010,1010,1010,1010,0,0,0,0,0.223206,56,0.00579479,0.000465079,56,-0.00939458,0.00435605,56,-0.00106079,-0.0059264,56,-0.000421775,-0.0110448,56,-0.00429268,-0.00626285,56,0.00582394,-0.00811953,56,-0.00271573,-0.00607875,56,0.0019617,-0.00775058,52,0.00173306,-0.00339896
5003597577935,5003583084000,5003583084000,5003597566176,73729,14.4822,5003610203126,27.1191,0,16792,62236,0,0,1,0,0,0.011974,500,500,500,1,2.66826,3.90453,0.60156,0.323114,0.0256042,-0.0428848,4.28353e-05,-7.25014e-05,-0.00228639,0.00717989,1,-0.0060549,-0.00357736,0.00357736,-0.0060549,1,1,0.00361452,-0.0053071,-3.71625e-05,-0.000747799,0,0,0,0,0,0,0,0,0,0,0,0,0,0,0,0,0,0,0,0,0,0,0,255,0.21,7.67345,0.21,0.0190893,0.270458,1,1,1,1,0,1,1,0.0902462,-3.28965,0.0902776,-0.014535,0.00767263,-0.0582021,13.1046,15683,1,367,107.918,3921,0,0.000884653,0.00716504,0.0411759,0,0,0,1,500,0.215,3.62901e-05,-6.14498e-05,-1.32117e-05,-7.80237e-06,-1.45097e-05,-4.95207e-06,0.224448,0.0280112,-0.0097643,0.0404031,-0.204994,0.00315769,-0.00321554,0.00265399,12.9072,1,0,0,0,0,0,-1,1,-9.04609e-07,-3.41781e-06,-0.205266,0,0.257484,1,1010,1010,1010,1010,0,0,0,0,13.377,56,0.00829472,-0.00796582,56,0.00503242,-0.0110313,56,0.000637312,-0.00475316,56,0.00191449,-0.00630059,56,0.00847158,0.000958583,56,-0.00393095,-0.00771701,56,0.00897851,-0.0103583,56,-0.00389396,-0.0138422,52,0.00565669,-0.00102507
5003610756964,5003591103000,5003591103000,5003610745149,73729,19.6421,5003624865296,33.7623,0,16792,62237,0,0,1,0,0,0.008019,500,500,500,1,2.6532,4.77215,0.623505,0.348428,0.00331879,0.000564575,1.34787e-06,-1.00677e-05,0.000971496,0.00760006,1,-0.00125548,-0.000168084,0.000168084,-0.00125548,1,1,-0.00104438,-0.00120619,0.00121246,-4.92927e-05,0,0,0,0,0,0,0,0,0,0,0,0,0,0,0,0,0,0,0,0,0,0,0,255,0.2,1.49773,0.2,-0.00807131,-0.0636829,1,1,1,1,1,1,1,0.0902462,-3.28965,0.0902776,-0.014535,0.00767263,-0.0582021,27.7634,15683,1,367,122.577,3921,0,0.000884653,0.00716504,0.0411759,0,0,0,1,500,0.205,1.13239e-06,-8.54785e-06,-1.75231e-06,-2.3214e-07,-1.76137e-06,1.29318e-07,0.224446,0.0280113,-0.00975245,0.0404172,-0.205104,0.00207371,-0.0002021,-0.00231791,14.3803,2,0,0,0,0,0,-1,1,-9.04609e-07,-3.41781e-06,-0.205266,0,14.9128,1,1010,1010,1010,1010,0,0,0,0,28.0323,56,-0.0100133,-0.0161294,56,0.00245591,0.00654989,56,-0.00999161,-0.00853567,56,0.00610488,0.002232,56,0.00261819,-0.007103,56,-0.0025294,0.00375621,56,-0.00184096,-0.00372098,56,0.0068264,0.00187564,52,0.00191283,0.0145596
5003625463264,5003611098000,5003611098000,5003625457486,73729,14.3595,5003637943435,26.8454,1,16793,62238,0,0,1,0,0,0.019995,500,500,499,0.998,2.65146,3.65514,0.717542,0.312502,-0.00662231,0.036377,-6.30329e-07,5.8054e-05,0.00626509,-0.00319758,1,0.00290342,3.15243e-05,-3.15243e-05,0.00290342,1,1,-0.000720725,0.00244521,0.000689201,0.000458215,0,0,0,0,0,0,0,0,0,0,0,0,0,0,0,0,0,0,0,0,0,0,0,255,0.21,6.0597,0.21,-0.0149724,-0.139217,1,1,1,1,0,1,1,0.0902462,-3.28965,0.0902776,-0.014535,0.00767263,-0.0582021,40.8449,15683,1,367,135.658,3921,0,0.000884653,0.00716504,0.0411759,0,0,0,1,499,0.215,-5.39431e-07,4.91998e-05,1.0578e-05,1.15978e-07,1.03713e-05,-2.03958e-06,0.224456,0.0280093,-0.0097518,0.0404236,-0.205152,0.000645052,0.00197033,-0.00185481,12.8044,2,0,0,0,0,0,-1,1,-9.04609e-07,-3.41781e-06,-0.205266,0,27.9975,1,1010,1010,1010,1010,0,0,0,0,41.117,56,-0.000119982,0.00481162,56,0.00341832,-0.000359545,56,0.00262954,0.00394151,56,0.00318162,0.00485849,56,-0.00070191,0.00418416,56,0.000716013,0.0018869,56,-0.00325068,0.00328863,56,-0.0010947,0.0052421,51,-0.0043931,0.00363215
5003638504735,5003623078000,5003623078000,5003638491513,73729,15.4135,5003652663420,29.5854,0,16793,62239,0,0,1,0,0,0.01198,500,500,500,1,2.64576,3.85879,0.612227,0.323484,-0.0127716,0.00192261,-6.13379e-05,1.23066e-05,-0.00952194,-0.00606889,1,0.00102726,0.00512003,-0.00512003,0.00102726,1,1,-0.00507936,0.00113988,-4.06672e-05,-0.000112618,0,0,0,0,0,0,0,0,0,0,0,0,0,0,0,0,0,0,0,0,0,0,0,255,0.21,8.31243,0.21,0.00106514,0.290197,1,1,1,1,0,1,1,0.0902462,-3.28965,0.0902776,-0.014535,0.00767263,-0.0582021,55.5582,15683,1,367,150.371,3921,0,0.000884653,0.00716504,0.0411759,0,0,0,1,500,0.215,-5.18504e-05,1.04588e-05,2.24864e-06,1.11478e-05,4.46654e-06,1.04566e-05,0.224461,0.0280197,-0.00974051,0.0403968,-0.205177,0.00088016,-0.000484257,0.000844023,14.45,1,0,0,0,0,0,-1,1,-9.04609e-07,-3.41781e-06,-0.205416,0,0.254632,1,1010,1010,1010,1010,0,0,0,0,0.258187,56,0.0048673,-0.000852765,56,-0.0249535,0.00553262,56,0.00753822,-0.00223267,56,0.00312099,0.000330857,56,-0.00855472,-0.0118075,56,-0.010713,-0.0020272,56,-0.00257902,0.0032194,56,-0.00647906,0.00968842,52,-0.00129722,0.00538719
5003653193294,5003643079000,5003643079000,5003653188053,73729,10.1091,5003665322166,22.2432,1,16794,62240,0,0,1,0,0,0.020001,500,500,499,0.998,2.65643,3.59284,0.664949,0.318892,-0.0203857,-0.0127716,-7.34695e-05,-3.29468e-05,-0.00221664,0.00403484,1,-0.00164726,0.00367329,-0.00367329,-0.00164726,1,1,-0.00377489,-0.00128004,0.000101597,-0.000367214,0,0,0,0,0,0,0,0,0,0,0,0,0,0,0,0,0,0,0,0,0,0,0,255,0.21,3.31636,0.21,-0.00291844,-0.00194368,1,1,1,1,0,1,1,0.0901487,-3.28974,0.0882099,-0.0132938,0.00741988,-0.0603082,12.6492,15684,1,367,163.036,3921,0,0.000884653,0.00716504,0.0411759,0,0,0,1,499,0.215,-6.23835e-05,-2.80095e-05,-6.02205e-06,1.34125e-05,-3.16321e-06,1.43576e-05,0.224458,0.0280341,-0.009723,0.040378,-0.205201,0.00157027,-0.00157902,0.000906724,12.4126,1,0,0,0,0,0,-1,1,-9.04609e-07,-3.41781e-06,-0.205416,0,12.9183,1,1010,1010,1010,1010,0,0,0,0,12.9219,56,-0.0137171,5.11135e-05,55,-0.000255543,-0.00184821,56,-0.000563037,0.00527756,56,-0.00435757,-0.0033671,56,-0.000544407,0.0019347,56,-0.00289032,0.000901872,56,0.000679783,-0.00412078,56,-0.000609173,-0.00713588,52,-0.00306943,-0.00135875
5003665869578,5003651104000,5003651104000,5003665856152,73729,14.7522,5003677617558,26.5136,0,16794,62241,0,0,1,0,0,0.008025,500,500,500,1,2.65522,3.55217,0.665431,0.319596,-0.0121307,0.016983,-1.7488e-05,3.45691e-05,-0.00120761,-0.00645959,1,0.00430767,0.00217919,-0.00217919,0.00430767,1,1,-0.00245511,0.00445674,0.000275924,-0.000149069,0,0,0,0,0,0,0,0,0,0,0,0,0,0,0,0,0,0,0,0,0,0,0,255,0.21,5.60886,0.21,-0.00406081,0.00329991,1,1,1,1,1,1,1,0.0901487,-3.28974,0.0882099,-0.0132938,0.00741988,-0.0603082,24.9426,15684,1,367,175.329,3921,0,0.000884653,0.00716504,0.0411759,0,0,0,1,500,0.215,-1.48175e-05,2.93022e-05,6.29997e-06,3.18576e-06,6.81077e-06,1.83593e-06,0.224464,0.0280359,-0.00973187,0.0403899,-0.205266,0.000827776,-0.000640995,-0.000286957,11.9283,2,0,0,0,0,0,-1,1,-9.04609e-07,-3.41781e-06,-0.205416,0,25.2087,1,1010,1010,1010,1010,0,0,0,0,25.2123,56,-0.000871928,0.00578297,56,-0.00899368,0.00794497,56,0.00338449,-0.00386721,56,-0.00432431,0.00727928,56,-0.0102763,0.00253465,56,-0.011435,0.000960608,56,-0.00924232,0.00248629,56,0.00508748,0.00753506,52,0.00323208,0.00356835
5003678193063,5003663084000,5003663084000,5003678179229,73729,15.0952,5003691273794,28.1898,0,16794,62242,0,0,1,0,0,0.01198,500,500,500,1,2.65159,3.76034,0.668005,0.324169,-0.00180054,-0.00585938,-1.22494e-05,8.00856e-06,0.000114258,-0.00936719,1,0.000668494,0.00102249,-0.00102249,0.000668494,1,1,-0.00124605,0.000286299,0.000223562,0.000382195,0,0,0,0,0,0,0,0,0,0,0,0,0,0,0,0,0,0,0,0,0,0,0,255,0.21,7.67071,0.21,-0.00183779,0.0010539,1,1,1,1,0,1,1,0.0901487,-3.28974,0.0882099,-0.0132938,0.00741988,-0.0603082,38.605,15684,1,367,188.991,3921,0,0.000884653,0.00716504,0.0411759,0,0,0,1,500,0.215,-1.03244e-05,6.83843e-06,1.47026e-06,2.21976e-06,1.88983e-06,1.87375e-06,0.224466,0.0280378,-0.0097351,0.040429,-0.205289,0.000233309,0.00164344,-0.000582405,13.4119,1,0,0,0,0,0,-1,1,-9.04609e-07,-3.41781e-06,-0.205416,0,38.8842,1,1010,1010,1010,1010,0,0,0,0,38.8878,56,0.00363061,0.00847783,56,-0.00371848,-0.00145203,56,0.00538511,-0.00289146,56,0.00252823,-0.00380701,56,-0.000929828,-0.00344104,56,0.00184901,0.00357256,56,-0.00231899,0.00300904,56,-0.00246387,-0.000462647,52,-0.000581748,0.00456284
5003691834039,5003683083000,5003683083000,5003691828057,73729,8.74506,5003705605054,22.5221,1,16795,62243,0,0,1,0,0,0.019999,500,500,499,0.998,2.64058,4.0732,0.734413,0.315595,0.0435486,0.0192871,9.39152e-05,2.64562e-05,-0.000808494,0.00283111,1,0.00132288,-0.00469599,0.00469599,0.00132288,1,1,0.00456493,0.00102582,0.000131063,0.000297057,0,0,0,0,0,0,0,0,0,0,0,0,0,0,0,0,0,0,0,0,0,0,0,255,0.2,1.31708,0.2,-0.00654984,-0.205731,1,1,1,1,0,1,1,0.0898182,-3.28977,0.0860021,-0.0137463,0.0072517,-0.0639779,3.3584,15685,1,367,3.31799,3922,0,0.000884653,0.00940373,0.0415825,0,0,0,1,499,0.205,7.96371e-05,2.24172e-05,4.59553e-06,-1.63256e-05,1.17371e-06,-1.69194e-05,0.224468,0.0280209,-0.00970485,0.0404556,-0.205295,0.00126547,0.00121793,0.000582486,3.13319,2,0,0,0,0,0,-1,1,-9.04609e-07,-3.41781e-06,-0.205509,0,3.61906,1,1010,1010,1010,1010,0,0,0,0,3.62286,56,9.86873e-05,-0.00111618,56,0.0111138,-8.01634e-05,55,0.00345359,0.00424778,56,0.00491056,0.0042336,56,-0.00113172,0.00135632,56,0.00878306,0.00170367,56,0.00436853,0.000849763,56,-0.000752202,-0.00127305,52,0.00611367,0.000648649
5003706116687,5003691101000,5003691101000,5003706105761,73729,15.0048,5003719030028,27.929,0,16795,62244,0,0,1,0,0,0.008018,500,500,500,1,2.64426,3.54851,0.66269,0.317892,0.00448608,0.0214539,-1.37689e-05,2.03202e-05,-0.0158162,0.00620816,1,0.00253432,0.00171725,-0.00171725,0.00253432,1,1,-0.00119588,0.00267345,-0.000521368,-0.000139136,0,0,0,0,0,0,0,0,0,0,0,0,0,0,0,0,0,0,0,0,0,0,0,255,0.21,5.45302,0.21,0.000899943,0.0332113,1,1,1,1,0,1,1,0.0898182,-3.28977,0.0860021,-0.0137463,0.0072517,-0.0639779,16.7862,15685,1,367,16.7458,3922,0,0.000884653,0.00940373,0.0415825,0,0,0,1,500,0.215,-1.16982e-05,1.71593e-05,3.68925e-06,2.51511e-06,4.1205e-06,1.71106e-06,0.224472,0.0280226,-0.00968901,0.0404599,-0.205263,0.00200674,-0.000598286,0.0033989,13.1937,1,0,0,0,0,0,-1,1,-9.04609e-07,-3.41781e-06,-0.205509,0,17.0544,1,1010,1010,1010,1010,0,0,0,0,17.0582,56,-0.0201635,0.00445401,56,-0.000952731,0.00163356,56,-0.0104282,0.009451,56,-0.00523377,0.00166222,56,0.00605152,0.0150286,56,0.0100888,0.00905212,56,0.00276257,-0.00222342,56,-0.00171537,-0.00601235,52,0.00400232,-0.00374851
5003719554995,5003711098000,5003711098000,5003719546903,73729,8.4489,5003732212223,21.1142,1,16796,62245,0,0,1,0,0,0.019997,500,500,499,0.998,2.62258,3.95584,0.653264,0.34128,0.00900269,0.0118408,2.42907e-05,3.25159e-05,0.00286953,-0.00927282,1,0.00162604,-0.00121472,0.00121472,0.00162604,1,1,0.00215258,0.00219426,-0.000937867,-0.000568223,0,0,0,0,0,0,0,0,0,0,0,0,0,0,0,0,0,0,0,0,0,0,0,255,0.21,8.12197,0.21,0.00653971,0.203204,1,1,1,1,1,1,1,0.0898182,-3.28977,0.0860021,-0.0137463,0.0072517,-0.0639779,29.9801,15685,1,367,29.9397,3922,0,0.000884653,0.00940373,0.0415825,0,0,0,1,499,0.215,2.06097e-05,2.75999e-05,5.93398e-06,-4.43109e-06,4.90337e-06,-5.54661e-06,0.224477,0.028017,-0.0096874,0.0404338,-0.20524,0.00143994,-0.00244336,0.00437821,12.9005,1,0,0,0,0,0,-1,1,-9.04609e-07,-3.41781e-06,-0.205509,0,30.2446,1,1010,1010,1010,1010,0,0,0,0,30.2484,55,0.00702318,0.00290451,56,0.00363497,0.00405791,56,0.00148146,-0.00125561,56,0.000648959,0.000602726,56,-0.00252941,-0.000440882,56,-0.000275412,0.000576397,56,0.000312439,0.00298341,56,0.00206458,0.00615605,52,0.000145229,0.00271439
5003732792784,5003723067000,5003723067000,5003732779950,73729,9.71295,5003747424342,24.3573,0,16796,62246,0,0,1,0,0,0.011969,500,500,498,0.996,2.66384,4.74715,0.716654,0.318077,-0.036972,-0.0522919,-0.000106168,-8.3776e-05,-0.00994912,0.000144155,1,-0.00699941,0.00887025,-0.00887025,-0.00699941,1,1,-0.00803207,-0.00623278,-0.000838183,-0.000766629,0,0,0,0,0,0,0,0,0,0,0,0,0,0,0,0,0,0,0,0,0,0,0,255,0.21,1.64436,0.21,-0.016277,-0.277182,1,1,1,1,0,1,1,0.0898182,-3.28977,0.0860021,-0.0137463,0.0072517,-0.0639779,45.1832,15685,1,367,45.1427,3922,0,0.000884653,0.00940373,0.0415825,0,0,0,1,498,0.215,-8.9903e-05,-7.09769e-05,-1.526e-05,1.93291e-05,-1.09952e-05,2.20319e-05,0.224466,0.0280391,-0.00970782,0.0404203,-0.205267,-0.000406299,-0.0032965,0.00255831,14.9617,1,0,0,0,0,0,-1,1,-9.04609e-07,-3.41781e-06,-0.205509,0,45.451,1,1010,1010,1010,1010,0,0,0,0,0.198761,56,0.000205936,-0.0045355,56,-0.0227777,-0.00771588,56,-0.00446663,-0.0102496,56,-0.00423906,-0.00770773,56,-0.0127153,-0.00840944,56,-0.00877786,-0.00878509,56,-0.00765905,-0.0116967,56,-0.00697033,-0.00681207,50,-0.00241987,-6.3584e-05
5003747968809,5003731127000,5003731127000,5003747952846,73729,16.8258,5003759837438,28.7104,0,16796,62247,0,0,1,0,0,0.00806,500,500,500,1,2.6183,3.87472,0.599838,0.355688,-0.0275879,-0.0423813,-3.31208e-05,-5.85796e-05,0.0125279,0.00194311,1,-0.00726794,0.00410928,-0.00410928,-0.00726794,1,1,-0.00529315,-0.00755933,0.00118386,0.000291385,0,0,0,0,0,0,0,0,0,0,0,0,0,0,0,0,0,0,0,0,0,0,0,255,0.21,6.664,0.21,0.0308535,0.411788,1,1,1,1,0,1,1,0.0894949,-3.2898,0.0835746,-0.0133419,0.00752816,-0.0684013,3.70003,15686,1,367,57.5503,3922,0,0.000884653,0.00940373,0.0415825,0,0,0,1,500,0.215,-2.81551e-05,-4.96693e-05,-1.06789e-05,6.05334e-06,-9.21275e-06,8.10355e-06,0.224456,0.0280472,-0.00970498,0.0405024,-0.205506,-0.000149177,0.00125296,-0.00419183,3.42362,3,0,0,0,0,0,-1,1,-9.04609e-07,-3.41781e-06,-0.205653,0,3.98053,1,1010,1010,1010,1010,0,0,0,0,12.6203,56,-0.00756803,-0.0100557,56,0.0173303,0.00376493,56,-0.00396864,-0.0150085,56,-0.0131048,-0.0174682,56,-0.0105526,-0.00782499,56,0.00142173,-0.0130167,56,0.000332452,-0.000733533,56,-0.00471895,-0.0102765,52,-0.0182579,-0.0048361
5003760374480,5003751099000,5003751099000,5003760368720,73729,9.26972,5003773149431,22.0504,1,16797,62248,0,0,1,0,0,0.019972,500,500,498,0.996,2.61924,3.89005,0.649338,0.316799,0.00839996,0.0715332,4.85979e-05,0.00013778,0.0054932,-0.00695693,1,0.00689866,-0.0024333,0.0024333,0.00689866,1,1,0.000914748,0.00670693,0.00151856,0.000191735,0,0,0,0,0,0,0,0,0,0,0,0,0,0,0,0,0,0,0,0,0,0,0,255,0.21,8.92581,0.21,0.00142705,0.00716387,1,1,1,1,0,1,1,0.0894949,-3.2898,0.0835746,-0.0133419,0.00752816,-0.0684013,17.0278,15686,1,367,70.8781,3922,0,0.000884653,0.00940373,0.0415825,0,0,0,1,498,0.215,4.11781e-05,0.000116759,2.51032e-05,-8.85329e-06,2.27513e-05,-1.37862e-05,0.224479,0.0280334,-0.0096801,0.0404871,-0.205529,0.00255855,0.000824459,-0.00317699,7.21722,1,0,0,0,0,0,-1,1,-9.04609e-07,-3.41781e-06,-0.205653,0,17.2948,1,1010,1010,1010,1010,0,0,0,0,25.9346,54,0.000248127,0.0089344,56,-0.00622496,2.6819e-05,56,0.00258398,0.00663273,56,0.00359568,0.00708456,56,-0.00149163,0.00627022,56,-0.000115193,0.0121013,56,0.00245683,0.00715441,56,0.00281927,0.00525855,52,0.000317432,0.00789608
5003773707972,5003763075000,5003763075000,5003773695417,73729,10.6204,5003787102799,24.0278,0,16797,62249,0,0,1,0,0,0.011976,500,500,500,1,2.65726,3.59425,0.594838,0.317984,0.0111542,-0.0150528,1.51649e-05,-2.2992e-05,0.00554098,0.00660506,1,-0.00191984,-0.00126627,0.00126627,-0.00191984,1,1,-0.000326361,-0.00212092,0.00159263,0.000201088,0,0,0,0,0,0,0,0,0,0,0,0,0,0,0,0,0,0,0,0,0,0,0,255,0.2,1.92692,0.2,-0.00171039,-0.0539463,1,1,1,1,1,1,1,0.0894949,-3.2898,0.0835746,-0.0133419,0.00752816,-0.0684013,30.977,15686,1,367,84.8273,3922,0,0.000884653,0.00940373,0.0415825,0,0,0,1,500,0.205,1.27984e-05,-1.95323e-05,-4.00413e-06,-2.62367e-06,-4.45106e-06,-1.75202e-06,0.224475,0.0280316,-0.0096801,0.0404871,-0.205529,0.00255855,0.000824459,-0.00317699,21.1665,0,0,0,0,0,0,-1,1,-9.04609e-07,-3.41781e-06,-0.205653,0,31.2414,1,1010,1010,1010,1010,0,0,0,0,39.8812,56,-0.0107951,-0.00370389,56,0.0139786,0.000379701,56,0.0022225,-0.00504192,56,0.0040825,-0.0025466,56,0.0048889,-0.00147744,56,-0.00276613,-0.00849157,56,0.00284013,0.00130022,56,0.000611255,0.000788555,52,0.0034634,0.00192821
5003787712785,5003783079000,5003783079000,5003787706266,73729,4.62727,5003800244956,17.166,1,16798,62250,0,0,1,0,0,0.020004,500,500,500,1,2.65595,3.66751,0.634097,0.323447,0.0301895,-0.05867,9.17639e-05,-0.000128798,-0.000105351,0.00408574,1,-0.00643864,-0.00458728,0.00458728,-0.00643864,1,1,0.00465652,-0.00575066,-6.92392e-05,-0.000687977,0,0,0,0,0,0,0,0,0,0,0,0,0,0,0,0,0,0,0,0,0,0,0,255,0.2,5.77034,0.2,-0.00985779,-0.184105,1,1,1,1,0,1,1,0.0894949,-3.2898,0.0835746,-0.0133419,0.00752816,-0.0684013,44.1115,15686,1,367,97.9617,3922,0,0.000884653,0.00940373,0.0415825,0,0,0,1,500,0.205,7.78319e-05,-0.000109153,-2.23763e-05,-1.59555e-05,-2.51369e-05,-1.10586e-05,0.224449,0.0280206,-0.00965323,0.0405007,-0.205481,0.00295721,-0.00282071,0.00259287,12.8451,2,0,0,0,0,0,-1,1,-9.04609e-07,-3.41781e-06,-0.205671,0,0.260595,1,1010,1010,1010,1010,0,0,0,0,0.264687,56,0.00599124,-0.00796913,56,0.00469285,-0.00881497,56,0.00467815,-0.00413531,56,-0.00322005,-0.00417534,56,0.00191346,-0.00615426,56,0.002018,-0.00412975,56,0.00497674,-0.0056564,56,0.0020728,-0.00864765,52,0.00101503,-0.00855845
5003800803776,5003791100000,5003791100000,5003800790183,73729,9.69018,5003810347757,19.2478,0,16798,62251,0,0,1,0,0,0.008021,500,500,497,0.994,2.62372,3.88816,0.598524,0.314206,-0.0487976,0.0212708,-8.46105e-05,5.22848e-05,-0.0024123,-0.00567355,1,0.00651849,0.0105486,-0.0105486,0.00651849,1,1,-0.00939026,0.00657878,-0.00115837,-6.02927e-05,0,0,0,0,0,0,0,0,0,0,0,0,0,0,0,0,0,0,0,0,0,0,0,255,0.2,7.69895,0.2,-0.0117787,0.00801826,1,1,1,2,0,1,1,0.0887984,-3.28971,0.0812051,-0.0138343,0.00808011,-0.0712988,10.1075,15687,1,367,108.083,3922,0,0.000884653,0.00940373,0.0415825,0,0,0,1,497,0.205,-7.17544e-05,4.43006e-05,9.08161e-06,1.47097e-05,1.18785e-05,1.25495e-05,0.224461,0.0280331,-0.00966071,0.0405713,-0.205458,0.000441104,-0.0002472,0.00415232,9.85695,1,0,0,0,0,0,-1,1,-9.04609e-07,-3.41781e-06,-0.205671,0,10.365,1,1010,1010,1010,1010,0,0,0,0,10.3691,54,-0.0075598,0.0129326,56,-0.0190479,0.000454708,55,-0.0121637,0.00477563,56,0.00357883,0.00941393,56,-0.0109977,0.00857797,56,-0.0010446,0.00597649,56,-0.0184138,0.00452755,56,-0.00769299,0.0073594,52,-0.0212696,0.00887543
5003810879409,5003799119000,5003799119000,5003810868520,73729,11.7495,5003823726695,24.6077,0,16798,62252,0,0,1,0,0,0.008019,500,500,499,0.998,2.62632,3.90907,0.663116,0.320484,-0.0194397,0.0542297,-2.19082e-05,8.27693e-05,0.00433463,0.0168853,1,0.0103216,0.00273203,-0.00273203,0.0103216,1,1,-0.001429,0.00959586,-0.00130303,0.000725789,0,0,0,0,0,0,0,0,0,0,0,0,0,0,0,0,0,0,0,0,0,0,0,255,0.2,8.65168,0.2,-0.00559119,0.0127634,1,1,1,1,0,1,1,0.0887984,-3.28971,0.0812051,-0.0138343,0.00808011,-0.0712988,23.4905,15687,1,367,121.466,3922,0,0.000884653,0.00940373,0.0415825,0,0,0,1,499,0.205,-1.86442e-05,7.01122e-05,1.4373e-05,3.82205e-06,1.48373e-05,8.12183e-07,0.224476,0.0280339,-0.00966796,0.0406396,-0.205439,-0.000322187,0.00297573,0.00401619,13.0883,1,0,0,0,0,0,-1,1,-9.04609e-07,-3.41781e-06,-0.205671,0,23.7744,1,1010,1010,1010,1010,0,0,0,0,23.7785,55,-0.0128432,0.00870571,56,0.00424751,-0.00632355,56,-0.00690326,0.017181,56,-0.0036929,0.0163389,56,-0.00626546,0.009849,56,-0.0132536,0.00453086,56,0.00993322,0.0132584,56,-0.00691575,0.00965592,52,-0.0101264,0.00923566
5003824301403,5003811094000,5003811094000,5003824288366,73729,13.1944,5003835653695,24.5597,0,16798,62253,0,0,1,0,0,0.011975,500,500,500,1,2.62015,3.59669,0.623839,0.320595,-0.0143738,0.0359955,1.58509e-05,8.97277e-05,0.0090782,-0.0149282,1,0.00749292,-0.00132367,0.00132367,0.00749292,1,1,0.00207701,0.00686431,-0.000753344,0.00062861,0,0,0,0,0,0,0,0,0,0,0,0,0,0,0,0,0,0,0,0,0,0,0,255,0.2,1.74674,0.2,-0.00197891,0.00397684,1,1,1,1,1,1,1,0.0887984,-3.28971,0.0812051,-0.0138343,0.00808011,-0.0712988,35.395,15687,1,367,133.371,3922,0,0.000884653,0.00940373,0.0415825,0,0,0,1,500,0.205,1.34252e-05,7.60818e-05,1.55968e-05,-2.75217e-06,1.46958e-05,-5.8735e-06,0.224491,0.0280281,-0.00966268,0.0406837,-0.205442,0.00017594,0.0025773,0.00261172,11.6586,1,0,0,0,0,0,-1,1,-9.04609e-07,-3.41781e-06,-0.205671,0,35.6607,1,1010,1010,1010,1010,0,0,0,0,35.6648,56,0.00439771,0.0125552,56,0.00646928,0.0086326,56,0.00156511,-0.000893141,56,-0.000675775,0.00429856,56,-0.00538476,0.00361898,56,-0.00484082,0.00441966,56,-0.00582966,0.0130442,56,-0.000987967,0.00947535,52,0.00343335,0.00850174
5003836258811,5003819114000,5003819114000,5003836246125,73729,17.1321,5003848928465,29.8145,0,16798,62254,0,0,1,0,0,0.00802,500,500,499,0.998,2.59726,3.69375,0.694857,0.316817,-0.000839233,-0.00878906,-4.54981e-05,-1.74435e-05,-0.0208832,0.00530564,1,-0.002175,0.00567307,-0.00567307,-0.002175,1,1,-0.00607851,-0.00219428,0.000405433,1.92768e-05,0,0,0,0,0,0,0,0,0,0,0,0,0,0,0,0,0,0,0,0,0,0,0,255,0.2,3.52971,0.2,-0.000535412,-0.00423544,1,1,1,1,0,1,1,0.0887984,-3.28971,0.0812051,-0.0138343,0.00808011,-0.0712988,48.6703,15687,1,367,146.646,3922,0,0.000884653,0.00940373,0.0415825,0,0,0,1,499,0.205,-3.85359e-05,-1.47946e-05,-3.0329e-06,7.89986e-06,-1.35743e-06,8.35233e-06,0.22449,0.0280364,-0.00965912,0.0407275,-0.205535,0.00082184,7.90351e-05,-0.00067235,12.9862,2,0,0,0,0,0,-1,1,-9.04609e-07,-3.41781e-06,-0.205812,0,0.22902,1,1010,1010,1010,1010,0,0,0,0,0.232687,55,-0.0102145,0.00852153,56,-0.00244826,0.0105568,56,-0.00941923,0.00893542,56,-0.00468128,-0.00234826,56,0.00406763,-0.00819022,56,0.00881446,-0.00440809,56,-0.00395377,-0.0152851,56,-0.0070217,-0.00600393,52,-0.0158324,0.00247443
5003849483099,5003839110000,5003839110000,5003849475765,73729,10.3658,5003861123800,22.0138,1,16799,62255,0,0,1,0,0,0.019996,500,500,483,0.966,2.64413,3.98575,0.781247,0.306336,0.043457,-0.0723572,7.56429e-05,-0.000139841,0.00521995,0.00409698,1,-0.00699346,-0.0037829,0.0037829,-0.00699346,1,1,0.00301808,-0.00670358,0.000764826,-0.000289874,0,0,0,0,0,0,0,0,0,0,0,0,0,0,0,0,0,0,0,0,0,0,0,255,0.2,6.10488,0.2,0.00253471,-0.00703433,1,1,1,0,0,1,1,0.0877458,-3.28955,0.0788042,-0.017218,0.00816792,-0.0730933,12.1665,15688,1,367,158.851,3922,0,0.000884653,0.00940373,0.0415825,0,0,0,1,483,0.205,6.41371e-05,-0.000118539,-2.43004e-05,-1.31481e-05,-2.64474e-05,-7.91644e-06,0.224463,0.0280285,-0.00965912,0.0407275,-0.205535,0.00087147,-0.00118848,-0.00181145,25.2008,0,0,0,0,0,0,-1,1,-9.04609e-07,-3.41781e-06,-0.205812,0,12.4147,1,1010,1010,1010,1010,0,0,0,0,12.4184,39,-0.00714223,-0.0086951,56,-0.00167938,-0.0114907,56,0.00558225,-0.00767596,56,0.00419693,-0.0081224,56,0.00519845,-0.00494907,56,0.00563651,-0.00468917,56,0.00800059,-0.00691012,56,0.00464156,-0.00839889,52,0.00432603,-0.00450172
5003861633730,5003851095000,5003851095000,5003861622767,73729,10.5278,5003875364763,24.2698,0,16799,62256,0,0,1,0,0,0.011985,500,500,500,1,2.63158,3.71199,0.61456,0.315836,-0.00256348,-0.0281982,-2.36594e-05,-6.59336e-05,0.000219328,0.000888027,1,-0.00550135,0.00197409,-0.00197409,-0.00550135,1,1,-0.0034381,-0.00506689,0.00146401,-0.000434453,0,0,0,0,0,0,0,0,0,0,0,0,0,0,0,0,0,0,0,0,0,0,0,255,0.2,8.5959,0.2,-0.00145822,-0.00296283,1,1,1,1,0,1,1,0.0877458,-3.28955,0.0788042,-0.017218,0.00816792,-0.0730933,26.4023,15688,1,367,173.087,3922,0,0.000884653,0.00940373,0.0415825,0,0,0,1,500,0.205,-1.99782e-05,-5.58973e-05,-1.14589e-05,4.09553e-06,-1.03734e-05,6.34739e-06,0.224453,0.0280348,-0.00964804,0.040791,-0.205651,0.00140638,-0.00178126,-0.00367686,13.951,2,0,0,0,0,0,-1,1,-9.04609e-07,-3.41781e-06,-0.205812,0,26.6682,1,1010,1010,1010,1010,0,0,0,0,26.6719,56,-0.00183942,-0.0107655,56,-0.0151551,-0.00291722,56,0.0096287,-0.00208024,56,0.00538208,-0.00763606,56,0.00155469,-0.00355786,56,-0.00483037,-0.000881164,56,0.000834261,-0.00467535,56,-0.000298554,-0.0019351,52,-0.00480228,-0.0123258
5003875917045,5003859116000,5003859116000,5003875904989,73729,16.789,5003889206797,30.0908,0,16799,62257,0,0,1,0,0,0.008021,500,500,500,1,2.60795,3.51295,0.720116,0.345114,-0.00384521,0.0199738,-1.21565e-05,2.91927e-05,0.000577785,-0.00664935,1,0.00363954,0.00151558,-0.00151558,0.00363954,1,1,-0.00204154,0.00333642,0.000525955,0.000303112,0,0,0,0,0,0,0,0,0,0,0,0,0,0,0,0,0,0,0,0,0,0,0,255,0.2,2.5665,0.2,0.00811098,0.325515,1,1,1,1,1,1,1,0.0877458,-3.28955,0.0788042,-0.017218,0.00816792,-0.0730933,40.2357,15688,1,367,186.92,3922,0,0.000884653,0.00940373,0.0415825,0,0,0,1,500,0.205,-1.03329e-05,2.47224e-05,5.06809e-06,2.11824e-06,5.38889e-06,1.03951e-06,0.224458,0.0280359,-0.00966518,0.0409052,-0.205671,0.000519036,0.00124276,-0.0013099,13.562,2,0,0,0,0,0,-1,1,-9.04609e-07,-3.41781e-06,-0.205812,0,40.5027,1,1010,1010,1010,1010,0,0,0,0,40.5064,56,-0.00689216,0.0140613,56,-0.00206737,0.00990028,56,0.00317027,-0.00314373,56,0.000593794,-0.00679526,56,-0.00636005,0.00686959,56,0.00164837,0.013165,56,-0.00173697,0.00749417,56,-0.00245442,0.00566687,52,-0.00141829,0.00847397
5003889768393,5003879108000,5003879108000,5003889762801,73729,10.6548,5003903026034,23.918,1,16800,62258,0,0,1,0,0,0.019992,500,500,500,1,2.65272,4.15907,0.609357,0.32078,-0.0065918,0.0779266,1.34618e-05,0.000128908,-0.00271089,0.00882669,1,0.00644798,-0.000673361,0.000673361,0.00644798,1,1,0.00215472,0.00639551,-0.00148136,5.24636e-05,0,0,0,0,0,0,0,0,0,0,0,0,0,0,0,0,0,0,0,0,0,0,0,255,0.21,6.27321,0.21,-0.00032751,-0.00112369,1,1,1,1,0,1,1,0.0865414,-3.28935,0.0761439,-0.0191113,0.0091842,-0.0763458,2.39359,15689,1,367,200.738,3922,0,0.000884653,0.00940373,0.0415825,0,0,0,1,500,0.215,1.12819e-05,0.000109211,2.34803e-05,-2.42561e-06,2.24724e-05,-7.16386e-06,0.224481,0.0280287,-0.00965335,0.0409276,-0.205585,0.00039263,0.000225594,0.00540998,2.16979,2,0,0,0,0,0,-1,1,-9.04609e-07,-3.41781e-06,-0.205798,0,2.65798,1,1010,1010,1010,1010,0,0,0,0,2.66226,56,-0.00841294,0.00458974,56,0.0117644,0.00793493,56,-0.00486409,0.00861826,56,-0.00628874,0.00740765,56,0.00171372,0.00699276,56,-0.00617449,0.00324627,56,-0.000432683,0.00392533,56,-0.000527633,0.00661894,52,0.00100353,0.00633306
5003903510500,5003891092000,5003891092000,5003903501334,73729,12.4093,5003918034817,26.9428,0,16800,62259,0,0,1,0,0,0.011984,500,500,500,1,2.61059,4.59168,0.680079,0.322207,-0.0231323,-0.00480652,-5.8506e-05,7.10188e-06,-0.00631657,-0.00147716,1,0.000592613,0.00488201,-0.00488201,0.000592613,1,1,-0.00319,0.00078591,-0.00169201,-0.000193297,0,0,0,0,0,0,0,0,0,0,0,0,0,0,0,0,0,0,0,0,0,0,0,255,0.2,-0.289466,0.2,-0.000600332,0.148166,1,1,1,1,0,1,1,0.0865414,-3.28935,0.0761439,-0.0191113,0.0091842,-0.0763458,17.4071,15689,1,367,14.9914,3923,0,0.000884653,0.0122659,0.0400901,0,0,0,1,500,0.205,-4.96537e-05,5.98167e-06,1.22624e-06,1.0179e-05,3.27332e-06,9.7149e-06,0.224484,0.0280384,-0.00965335,0.0409276,-0.205585,0.00112041,-0.000792517,0.00644611,17.1774,0,0,0,0,0,0,-1,1,-9.04609e-07,-3.41781e-06,-0.205798,0,17.6832,1,1010,1010,1010,1010,0,0,0,0,17.6875,56,-0.000954179,0.0053385,56,0.00952065,-0.000992778,56,-0.00672932,-0.000961921,56,-0.00832488,0.00293117,56,-0.00228923,0.0100233,56,-0.00366529,-0.00270782,56,-0.004332,-0.00268145,56,-0.00981818,-0.00281868,52,0.000296964,-0.000542923
5003918537839,5003899155000,5003899155000,5003918527451,73729,19.3725,5003930402913,31.2479,0,16800,62260,0,0,1,0,0,0.008063,500,500,500,1,2.65039,3.66197,0.705784,0.331687,-0.00655365,-0.0328674,-3.63248e-05,-6.47131e-05,0.000498011,0.00401199,1,-0.00802593,0.00450512,-0.00450512,-0.00802593,1,1,-0.00421492,-0.00727347,-0.000290201,-0.000752457,0,0,0,0,0,0,0,0,0,0,0,0,0,0,0,0,0,0,0,0,0,0,0,255,0.2,4.55637,0.2,-0.0119964,-0.283366,1,1,1,1,0,1,1,0.0865414,-3.28935,0.0761439,-0.0191113,0.0091842,-0.0763458,29.7783,15689,1,367,27.3626,3923,0,0.000884653,0.0122659,0.0400901,0,0,0,1,500,0.205,-3.07762e-05,-5.48658e-05,-1.12475e-05,6.30912e-06,-9.71543e-06,8.47125e-06,0.224474,0.0280469,-0.00964363,0.0409034,-0.20565,0.00144289,-0.00308507,0.00210617,12.0968,2,0,0,0,0,0,-1,1,-9.04609e-07,-3.41781e-06,-0.205798,0,30.0449,1,1010,1010,1010,1010,0,0,0,0,30.0492,56,0.00325071,-0.00616433,56,-0.000992112,-0.00489824,56,0.00547515,-0.00625237,56,0.00307691,-0.0062028,56,0.00700097,-0.00639686,56,-0.00464631,-0.0125807,56,-0.00381848,-0.00881068,56,-0.00293708,-0.00926838,52,-0.0170531,-0.0120125
5003930909862,5003919112000,5003919112000,5003930904584,73729,11.7926,5003944254614,25.1426,1,16801,62261,0,0,1,0,0,0.019957,500,500,500,1,2.62776,4.05353,0.669543,0.317873,-0.00538635,-0.0698929,-2.60916e-05,-9.22017e-05,-0.00127001,-0.00743001,1,-0.00462002,0.00130739,-0.00130739,-0.00462002,1,1,-0.00330084,-0.0044123,0.00199345,-0.000207714,0,0,0,0,0,0,0,0,0,0,0,0,0,0,0,0,0,0,0,0,0,0,0,255,0.21,5.22993,0.21,-0.00219744,-0.00719757,1,1,1,1,1,1,1,0.0865414,-3.28935,0.0761439,-0.0191113,0.0091842,-0.0763458,43.6449,15689,1,367,41.2291,3923,0,0.000884653,0.0122659,0.0400901,0,0,0,1,500,0.215,-2.20407e-05,-7.81162e-05,-1.6795e-05,4.73875e-06,-1.54607e-05,8.06743e-06,0.224459,0.028055,-0.00963066,0.0409209,-0.205756,0.00187327,-0.00089317,-0.00535884,13.6068,1,0,0,0,0,0,-1,1,-9.04609e-07,-3.41781e-06,-0.205798,0,43.9217,1,1010,1010,1010,1010,0,0,0,0,43.926,56,-0.00270556,-0.00203745,56,-0.00833631,-0.00288773,56,0.00290839,-0.00770302,56,0.00254614,-0.00913333,56,-0.00249442,-0.00917803,56,0.00302331,-0.00169908,56,-0.00101565,-0.00570779,56,0.000467891,-0.00345208,52,-0.000717366,-0.00483877
5003944832266,5003931089000,5003931089000,5003944816470,73729,13.7275,5003959097433,28.0084,0,16801,62262,0,0,1,0,0,0.011977,500,500,500,1,2.85973,3.88399,0.655913,0.317873,0.0494766,0.0505829,0.000115595,9.60569e-05,0.0109148,0.00208976,1,0.00802012,-0.00965142,0.00965142,0.00802012,1,1,0.0079729,0.0072669,0.00167852,0.000753214,0,0,0,0,0,0,0,0,0,0,0,0,0,0,0,0,0,0,0,0,0,0,0,255,0.2,0.357558,0.2,0.00419054,-0.0148967,1,1,1,1,0,1,1,0.0854784,-3.28921,0.0733745,-0.0192686,0.00947966,-0.0797863,4.66052,15690,1,367,56.0511,3923,0,0.000884653,0.0122659,0.0400901,0,0,0,1,500,0.205,9.79818e-05,8.14027e-05,1.66875e-05,-2.00863e-05,1.22245e-05,-2.30706e-05,0.224471,0.0280319,-0.00960235,0.0409814,-0.205821,0.00221679,0.00308818,-0.00373211,4.42744,2,0,0,0,0,0,-1,1,-9.04609e-07,-3.41781e-06,-0.206033,0,4.92598,1,1010,1010,1010,1010,0,0,0,0,4.93048,56,0.0181553,0.00900819,56,0.0166642,0.00566741,56,0.0066783,0.0032644,56,0.00602316,0.0123765,56,0.00857546,0.0108161,56,0.0051924,0.00292467,56,0.00717693,0.00666223,56,0.00773039,0.00650307,52,0.0138881,0.0210424
5003959594714,5003951094000,5003951094000,5003959590029,73729,8.49603,5003971788643,20.6946,1,16802,62263,0,0,1,0,0,0.020005,500,500,453,0.906,2.62819,3.81533,0.591857,0.29278,0.0197754,0.0517273,6.2241e-05,7.49758e-05,0.00768016,-0.00136382,1,0.00374785,-0.00311127,0.00311127,0.00374785,1,1,0.0038696,0.00336873,-0.000758325,0.000379121,0,0,0,0,0,0,0,0,0,0,0,0,0,0,0,0,0,0,0,0,0,0,0,255,0.2,4.97261,0.2,0.0168549,-0.0930658,1,1,1,1,0,1,1,0.0854784,-3.28921,0.0733745,-0.0192686,0.00947966,-0.0797863,17.3599,15690,1,367,68.7508,3923,0,0.000884653,0.0122659,0.0400901,0,0,0,1,453,0.205,5.26846e-05,6.3543e-05,1.30263e-05,-1.08003e-05,1.05379e-05,-1.32325e-05,0.224481,0.0280187,-0.00960815,0.040948,-0.205801,0.00109191,0.0015544,0.00336084,12.4742,1,0,0,0,0,0,-1,1,-9.04609e-07,-3.41781e-06,-0.206033,0,17.6234,1,1010,1010,1010,1010,0,0,0,0,17.6279,56,0.00421719,0.00676639,55,0.0102931,0.0029199,15,0.0134572,0.00509168,56,-0.00131885,0.00689284,56,0.00115875,0.00642097,51,0.00395758,0.00599188,56,0.00541198,0.0078242,56,0.000609226,0.00303129,52,-0.00165872,0.000621986
5003972288980,5003959111000,5003959111000,5003972277943,73729,13.1669,5003983940182,24.8292,0,16802,62264,0,0,1,0,0,0.008017,500,500,500,1,2.64298,3.71262,0.629245,0.320002,-0.0145721,-0.00543976,-3.28248e-05,-8.83063e-07,-0.00632559,0.00728641,1,-0.000110149,0.0040944,-0.0040944,-0.000110149,1,1,-0.00249312,-2.40641e-05,-0.00160128,-8.60846e-05,0,0,0,0,0,0,0,0,0,0,0,0,0,0,0,0,0,0,0,0,0,0,0,255,0.2,7.29896,0.2,-0.00503675,-0.00335489,1,1,1,1,0,1,1,0.0854784,-3.28921,0.0733745,-0.0192686,0.00947966,-0.0797863,29.5304,15690,1,367,80.921,3923,0,0.000884653,0.0122659,0.0400901,0,0,0,1,500,0.205,-2.78596e-05,-8.33469e-07,-1.70861e-07,5.71121e-06,9.97715e-07,5.62578e-06,0.224482,0.0280243,-0.0096265,0.0409088,-0.2058,-0.000595135,-0.000352947,0.00477607,11.9029,1,0,0,0,0,0,-1,1,-9.04609e-07,-3.41781e-06,-0.206033,0,29.8198,1,1010,1010,1010,1010,0,0,0,0,29.8243,56,-0.0168465,-0.0071519,56,-0.003121,0.0176525,56,-0.0010665,-0.000915293,56,0.00438463,-0.00221772,56,-0.00746948,-6.22364e-05,56,-0.016089,-0.00249006,56,-0.00851718,-0.00408564,56,-0.00193811,-0.000251395,52,0.0120359,-0.00569906
5003984528594,5003971089000,5003971089000,5003984518242,73729,13.4292,5003997349452,26.2605,0,16802,62265,0,0,1,0,0,0.011978,500,500,500,1,2.64417,3.59342,0.696764,0.317299,-0.0401917,-0.0217209,-9.36101e-05,-4.41156e-05,-0.00507805,0.00337851,1,-0.00368305,0.00781517,-0.00781517,-0.00368305,1,1,-0.00714114,-0.00359877,-0.000674032,-8.42825e-05,0,0,0,0,0,0,0,0,0,0,0,0,0,0,0,0,0,0,0,0,0,0,0,255,0.2,-0.520504,0.2,-0.006644,-0.00415579,1,1,1,1,1,1,1,0.0854784,-3.28921,0.0733745,-0.0192686,0.00947966,-0.0797863,42.9159,15690,1,367,94.3065,3923,0,0.000884653,0.0122659,0.0400901,0,0,0,1,500,0.205,-7.93882e-05,-3.74404e-05,-7.67527e-06,1.62746e-05,-4.18616e-06,1.74992e-05,0.224478,0.0280418,-0.00968716,0.0408458,-0.205893,-0.00194537,-0.000345558,0.000654525,11.7136,2,0,0,0,0,0,-1,1,-9.04609e-07,-3.41781e-06,-0.206033,0,43.1808,1,1010,1010,1010,1010,0,0,0,0,0.206835,56,-0.0149662,-0.0180882,56,0.000538976,0.00310611,56,-0.0207002,-0.00612001,56,-0.00178401,-0.00487087,56,-0.00793306,-0.00500414,56,-0.00716437,-0.00587735,56,-0.0076545,-0.000981955,56,-0.00506723,-0.00312516,52,-0.00279635,-0.0053586
5003997921883,5003991089000,5003991089000,5003997916716,73729,6.82772,5004009261045,18.172,1,16803,62266,0,0,1,0,0,0.02,500,500,462,0.924,2.65761,3.80447,0.709228,0.304762,-0.0204544,0.069931,2.43707e-05,0.00010851,0.00416763,0.00732154,1,0.00542551,-0.00121853,0.00121853,0.00542551,1,1,0.000430493,0.0052741,0.000788041,0.00015141,0,0,0,0,0,0,0,0,0,0,0,0,0,0,0,0,0,0,0,0,0,0,0,255,0.2,2.67774,0.2,0.000167373,0.00552011,1,1,1,0,0,1,1,0.0847468,-3.28916,0.0708738,-0.0204124,0.00815,-0.0821012,2.45256,15691,1,367,106.212,3923,0,0.000884653,0.0122659,0.0400901,0,0,0,1,462,0.205,2.04808e-05,9.18952e-05,1.88385e-05,-4.19857e-06,1.75679e-05,-7.95963e-06,0.224496,0.0280338,-0.00967318,0.0407799,-0.205974,-8.23588e-05,0.000620783,-0.00265066,2.19331,2,0,0,0,0,0,-1,1,-9.04609e-07,-3.41781e-06,-0.206167,0,2.68967,1,1010,1010,1010,1010,0,0,0,0,12.0842,56,-0.00559737,0.000547351,55,-0.0011238,0.00242642,56,-0.00246279,0.00790868,56,-0.00161023,0.00749857,56,-0.00146351,0.00882622,52,-0.00386725,0.00426186,48,0.00252968,0.00222659,56,-0.000290441,0.0060918,27,-0.00138992,0.00246837
5004009728512,5003999112000,5003999112000,5004009720123,73729,10.6081,5004021577956,22.466,0,16803,62267,0,0,1,0,0,0.008023,500,500,500,1,2.66202,4.00179,0.594023,0.319817,0.0212173,0.0172577,6.16173e-05,2.92348e-05,0.00189794,-0.0024965,1,0.00364387,-0.00768008,0.00768008,0.00364387,1,1,0.00677214,0.00356475,0.000907947,7.91247e-05,0,0,0,0,0,0,0,0,0,0,0,0,0,0,0,0,0,0,0,0,0,0,0,255,0.21,4.33642,0.21,0.0233979,0.206689,1,1,1,1,0,1,1,0.0847468,-3.28916,0.0708738,-0.0204124,0.00815,-0.0821012,14.7837,15691,1,367,118.543,3923,0,0.000884653,0.0122659,0.0400901,0,0,0,1,500,0.215,5.22086e-05,2.47834e-05,5.32843e-06,-1.12249e-05,2.92019e-06,-1.20768e-05,0.224499,0.0280218,-0.00967318,0.0407799,-0.205974,0.00110125,0.000340236,-0.00224233,14.5024,0,0,0,0,0,0,-1,1,-9.04609e-07,-3.41781e-06,-0.206167,0,15.0615,1,1010,1010,1010,1010,0,0,0,0,24.456,56,-0.000286051,0.00346842,56,-0.0126326,-0.00327424,56,0.00930852,0.00745028,56,-0.00497237,-0.00616458,56,0.0132859,0.0088038,56,0.00356087,0.0110448,56,0.00561551,0.0076798,56,0.00788845,0.0126414,52,0.00215304,-0.00194232
5004022088756,5004007128000,5004007128000,5004022077515,73729,14.9495,5004035023283,27.8953,0,16803,62268,0,0,1,0,0,0.008016,500,500,499,0.998,2.64787,3.86444,0.74495,0.312317,0.0544739,-0.0483093,6.94836e-05,-7.71993e-05,-0.00624398,-0.00505787,1,-0.00963065,-0.00866811,0.00866811,-0.00963065,1,1,0.00838213,-0.00915118,0.000285984,-0.000479468,0,0,0,0,0,0,0,0,0,0,0,0,0,0,0,0,0,0,0,0,0,0,0,255,0.21,6.53527,0.21,0.0254324,0.308049,1,1,1,1,0,1,1,0.0847468,-3.28916,0.0708738,-0.0204124,0.00815,-0.0821012,28.2215,15691,1,367,131.981,3923,0,0.000884653,0.0122659,0.0400901,0,0,0,1,499,0.215,5.90313e-05,-6.54009e-05,-1.40612e-05,-1.26917e-05,-1.63431e-05,-9.55078e-06,0.224482,0.0280122,-0.0096554,0.0407118,-0.205955,0.00251149,-0.00206171,0.00102541,13.1899,1,0,0,0,0,0,-1,1,-9.04609e-07,-3.41781e-06,-0.206167,0,28.49,1,1010,1010,1010,1010,0,0,0,0,37.8846,55,0.00181283,-0.00591224,56,0.00650558,-0.00226181,56,0.021832,-0.0169553,56,0.0150038,-0.00656128,56,0.00417525,-0.0253807,56,0.0240669,-0.0083044,56,0.0119084,-0.0111445,56,0.00852637,-0.0178428,52,0.0101394,-0.00792208
5004035533509,5004027121000,5004027121000,5004035527342,73729,8.40634,5004047712307,20.5913,1,16804,62269,0,0,1,0,0,0.019993,500,500,496,0.992,2.62896,3.60718,0.659413,0.31715,0.0552521,-0.145988,8.47929e-05,-0.00028331,-0.00147054,0.00110308,1,-0.0141705,-0.00424113,0.00424113,-0.0141705,1,1,0.00444244,-0.0135608,-0.000201318,-0.000609672,0,0,0,0,0,0,0,0,0,0,0,0,0,0,0,0,0,0,0,0,0,0,0,255,0.21,-0.30815,0.21,0.00263169,-0.0108742,1,1,1,1,1,1,1,0.0847468,-3.28916,0.0708738,-0.0204124,0.00815,-0.0821012,40.9088,15691,1,367,144.668,3923,0,0.000884653,0.0122659,0.0400901,0,0,0,1,496,0.215,7.20284e-05,-0.000240111,-5.16239e-05,-1.54861e-05,-5.36521e-05,-4.61024e-06,0.224429,0.0280076,-0.00959821,0.0406436,-0.205967,0.00348445,-0.00262159,0.0034801,11.0632,2,0,0,0,0,0,-1,1,-9.04609e-07,-3.41781e-06,-0.206167,0,41.1864,1,1010,1010,1010,1010,0,0,0,0,0.243465,56,0.00926095,-0.0111858,56,-0.00409016,-0.0160983,52,0.0047212,-0.0181171,56,0.00786148,-0.0167616,56,0.00439414,-0.00899147,56,0.00914272,-0.0115579,56,0.00752138,-0.0154712,56,0.00276102,-0.0153709,52,0.00111564,-0.00906064
5004048264478,5004039107000,5004039107000,5004048252478,73729,9.14548,5004061210523,22.1035,0,16804,62270,0,0,1,0,0,0.011986,500,500,500,1,2.64317,3.61993,0.817914,0.327947,0.0115204,0.00122833,4.56559e-05,3.1664e-05,0.00387518,-0.00255912,1,0.00264175,-0.0038091,0.0038091,0.00264175,1,1,0.00393146,0.00304134,-0.000122361,-0.000399595,0,0,0,0,0,0,0,0,0,0,0,0,0,0,0,0,0,0,0,0,0,0,0,255,0.21,2.284,0.21,-0.00264858,0.0047383,1,1,1,0,0,1,1,0.0847468,-3.28916,0.0708738,-0.0204124,0.00815,-0.0821012,54.4083,15691,1,367,158.168,3923,0,0.000884653,0.0122659,0.0400901,0,0,0,1,500,0.215,3.85973e-05,2.67491e-05,5.75106e-06,-8.29841e-06,3.93096e-06,-9.2985e-06,0.224433,0.0279983,-0.00959821,0.0406436,-0.205967,0.00373118,-0.00171826,0.00340586,24.5431,0,0,0,0,0,0,-1,1,-9.04609e-07,-3.41781e-06,-0.206207,0,0.239632,1,1010,1010,1010,1010,0,0,0,0,13.7184,56,-0.0174903,0.00348343,56,0.0173353,0.00871101,56,0.00482347,0.00491796,56,0.00628743,0.00418181,56,0.00267262,0.00133971,56,-0.0127903,-0.00244179,56,0.00310191,0.000635708,56,0.00185583,-0.000453285,52,0.00349609,-0.00499207
5004061684508,5004047125000,5004047125000,5004061675601,73729,14.5506,5004073470026,26.345,0,16804,62271,0,0,1,0,0,0.008018,500,500,499,0.998,2.66132,3.89897,0.590042,0.313132,-0.0284729,0.0739441,-5.5496e-05,0.000140164,-0.0022087,0.00212739,1,0.0174811,0.00692143,-0.00692143,0.0174811,1,1,-0.00692349,0.017065,2.06786e-06,0.000416183,0,0,0,0,0,0,0,0,0,0,0,0,0,0,0,0,0,0,0,0,0,0,0,255,0.2,5.52021,0.2,-0.0118407,-0.0427372,1,1,1,1,0,1,1,0.0840645,-3.28922,0.0682483,-0.0167714,0.00954707,-0.0864741,12.271,15692,1,367,170.451,3923,0,0.000884653,0.0122659,0.0400901,0,0,0,1,499,0.205,-4.70922e-05,0.000118821,2.43582e-05,9.6539e-06,2.57946e-05,4.4713e-06,0.224458,0.0280028,-0.00961599,0.0405974,-0.206021,0.00164587,0.00170635,0.00130991,11.9819,2,0,0,0,0,0,-1,1,-9.04609e-07,-3.41781e-06,-0.206207,0,12.5365,1,1010,1010,1010,1010,0,0,0,0,26.0152,56,-0.00635063,0.00300713,55,-0.00902273,0.0225464,56,-0.0131823,0.0202737,56,-0.0170717,0.0117883,56,-0.00614548,0.0197489,56,0.00654131,0.0152224,56,-0.0102779,0.0161852,56,-0.00215714,0.0187883,52,-4.21384e-05,0.0176966
5004073988271,5004059107000,5004059107000,5004073976808,73729,14.8698,5004086804574,27.6976,0,16804,62272,0,0,1,0,0,0.011982,500,500,500,1,2.66939,3.62551,0.673672,0.319632,-0.0807419,0.0854721,-0.000140817,0.000151872,0.00111204,0.00476193,1,0.0126751,0.0117524,-0.0117524,0.0126751,1,1,-0.0112273,0.0121457,-0.000525103,0.000529356,0,0,0,0,0,0,0,0,0,0,0,0,0,0,0,0,0,0,0,0,0,0,0,255,0.2,7.68236,0.2,-0.0289927,-0.300627,1,1,1,1,0,1,1,0.0840645,-3.28922,0.0682483,-0.0167714,0.00954707,-0.0864741,25.5823,15692,1,367,183.763,3923,0,0.000884653,0.0122659,0.0400901,0,0,0,1,500,0.205,-0.000119463,0.000128683,2.63799e-05,2.44898e-05,3.08013e-05,1.85804e-05,0.224489,0.0280213,-0.00963638,0.0405499,-0.206032,-0.000442707,0.00217036,0.00136817,13.0562,1,0,0,0,0,0,-1,1,-9.04609e-07,-3.41781e-06,-0.206207,0,25.8531,1,1010,1010,1010,1010,0,0,0,0,39.3318,56,-0.0147053,0.0241752,56,-0.00296758,0.00676689,56,-0.00853646,0.0155599,56,-0.00793174,0.0141872,56,-0.023018,0.0063651,56,-0.0111587,0.0133588,56,-0.0128013,0.0124149,56,-0.0125661,0.00845591,52,-0.0151768,0.0152421
5004087337800,5004079101000,5004079101000,5004087332986,73729,8.23199,5004101196982,22.096,1,16805,62273,0,0,1,0,0,0.019994,500,500,473,0.946,2.62713,3.85205,0.820432,0.309743,-0.0995026,-0.0043335,-0.000128177,9.61961e-06,0.00933348,0.000289488,1,0.000481125,0.00641078,-0.00641078,0.000481125,1,1,-0.00595267,0.000876865,-0.000458112,-0.00039574,0,0,0,0,0,0,0,0,0,0,0,0,0,0,0,0,0,0,0,0,0,0,0,255,0.2,0.703486,0.2,-0.00725708,-0.001955,1,1,1,1,1,1,1,0.0839034,-3.2894,0.0655485,-0.017751,0.00680866,-0.0888389,0.186298,15693,1,367,198.146,3923,0,0.000884653,0.0122659,0.0400901,0,0,0,1,473,0.205,-0.000108855,8.13298e-06,1.66726e-06,2.23153e-05,6.1892e-06,2.15027e-05,0.224495,0.0280429,-0.00967504,0.0403981,-0.206128,-0.00136795,-0.00162253,0.000408243,14.1243,2,0,0,0,0,0,-1,1,-9.04609e-07,-3.41781e-06,-0.206455,0,0.445855,1,1010,1010,1010,1010,0,0,0,0,0.449614,56,-0.0106133,-0.00189539,56,-0.00125113,-0.00517703,56,-0.012421,-0.00203428,56,-0.0111221,0.00285593,56,-0.0014234,0.00882291,56,-0.00755849,-0.0040959,56,-0.00683689,0.0020819,42,-0.011986,0.00219476,39,-0.00917143,-0.00425827
5004101711801,5004087124000,5004087124000,5004101700949,73729,14.5769,5004113629246,26.5052,0,16805,62274,0,0,1,0,0,0.008023,500,500,499,0.998,2.65122,3.88296,0.677172,0.31465,0.00836182,-0.015625,1.399e-05,-4.51998e-05,0.00910762,0.0125096,1,-0.00563378,-0.00174374,0.00174374,-0.00563378,1,1,-0.000240089,-0.00542608,0.00198382,-0.0002077,0,0,0,0,0,0,0,0,0,0,0,0,0,0,0,0,0,0,0,0,0,0,0,255,0.2,4.92506,0.2,0.00347771,-0.00241694,1,1,1,1,0,1,1,0.0839034,-3.2894,0.0655485,-0.017751,0.00680866,-0.0888389,12.6509,15693,1,367,210.61,3923,0,0.000884653,0.0122659,0.0400901,0,0,0,1,499,0.205,1.18728e-05,-3.83099e-05,-7.85353e-06,-2.43393e-06,-8.17831e-06,-7.75475e-07,0.224487,0.0280421,-0.00965948,0.0403626,-0.206242,0.000816233,-0.000851569,-0.00585396,12.3954,1,0,0,0,0,0,-1,1,-9.04609e-07,-3.41781e-06,-0.206455,0,12.9271,1,1010,1010,1010,1010,0,0,0,0,12.9308,56,0.00900163,-0.0041035,56,-0.0309028,0.00135917,55,0.00456072,-0.00149357,56,0.0102799,-0.00489345,56,0.0104164,-0.00832076,56,0.00162904,-0.00682165,56,-0.00342656,-0.00735999,56,0.00596133,-0.013379,52,0.00630557,0.00122308
5004114175750,5004099133000,5004099133000,5004114164287,73729,15.0313,5004126550365,27.4174,0,16805,62275,0,0,1,0,0,0.012009,500,500,491,0.982,2.66845,3.57743,0.596986,0.305799,0.0599976,0.00497437,0.000129582,1.90299e-05,0.00543006,-0.00273105,1,0.00158464,-0.0107904,0.0107904,0.00158464,1,1,0.0075572,0.00126917,0.00323319,0.00031547,0,0,0,0,0,0,0,0,0,0,0,0,0,0,0,0,0,0,0,0,0,0,0,255,0.2,7.08104,0.2,0.00940514,0.00329142,1,1,1,1,0,1,1,0.0839034,-3.2894,0.0655485,-0.017751,0.00680866,-0.0888389,25.5507,15693,1,367,12.8805,3924,0,0.000884653,0.0164861,0.0402164,0,0,0,1,491,0.205,0.000109868,1.61436e-05,3.30944e-06,-2.25229e-05,-1.36907e-06,-2.27234e-05,0.224486,0.0280194,-0.00964059,0.0403428,-0.206339,0.00287417,0.00129343,-0.00830552,12.6469,1,0,0,0,0,0,-1,1,-9.04609e-07,-3.41781e-06,-0.206455,0,25.8298,1,1010,1010,1010,1010,0,0,0,0,25.8335,55,0.0113586,0.000880617,55,0.00978918,0.000643557,49,0.0158139,0.00154549,56,-0.00167486,0.00561089,56,0.00980866,0.000735283,56,0.0141475,0.00218583,56,0.0151476,0.00302278,56,0.00651532,-0.00326766,52,0.00941577,0.00149067
5004127064109,5004107130000,5004107130000,5004127053720,73729,19.9237,5004138591218,31.4612,0,16805,62276,0,0,1,0,0,0.007997,500,500,493,0.986,2.63006,3.63445,0.598634,0.314984,0.054657,0.0062561,7.61892e-05,1.83672e-05,0.00530438,-0.00259437,1,0.00229676,-0.00952723,0.00952723,0.00229676,1,1,0.00810443,0.00212267,0.00142279,0.000174092,0,0,0,0,0,0,0,0,0,0,0,0,0,0,0,0,0,0,0,0,0,0,0,255,0.2,-0.208095,0.2,0.00847325,0.0023643,1,1,1,1,0,1,1,0.0839034,-3.2894,0.0655485,-0.017751,0.00680866,-0.0888389,37.5886,15693,1,367,24.9183,3924,0,0.000884653,0.0164861,0.0402164,0,0,0,1,493,0.205,6.46378e-05,1.55912e-05,3.19619e-06,-1.32507e-05,4.16158e-07,-1.36244e-05,0.224486,0.0280057,-0.00959157,0.0402607,-0.206342,0.00339148,0.000713776,-0.00195358,11.7619,2,0,0,0,0,0,-1,1,-9.04609e-07,-3.41781e-06,-0.206455,0,37.8581,1,1010,1010,1010,1010,0,0,0,0,37.8619,56,0.0157552,0.00742149,56,0.00733235,0.00225418,49,0.0123239,0.00388167,56,0.0092816,-0.00241516,56,0.0138024,-0.0109848,56,0.00889889,0.00685185,56,0.0159496,-0.000287443,56,0.0198439,0.00662519,52,0.00554482,-6.67163e-05
5004139098777,5004127123000,5004127123000,5004139093129,73729,11.9701,5004153383240,26.2602,1,16806,62277,0,0,1,0,0,0.019993,500,500,500,1,2.64795,3.83701,0.719931,0.320021,0.0683899,-0.0304031,9.31432e-05,-4.80477e-05,-0.0101901,-0.00129687,1,-0.00240322,-0.00465879,0.00465879,-0.00240322,1,1,0.00653614,-0.0020135,-0.00187735,-0.000389728,0,0,0,0,0,0,0,0,0,0,0,0,0,0,0,0,0,0,0,0,0,0,0,255,0.2,1.68096,0.2,0.0029921,-0.0035884,1,1,1,1,1,1,1,0.0839034,-3.2894,0.0655485,-0.017751,0.00680866,-0.0888389,52.3771,15693,1,367,39.7069,3924,0,0.000884653,0.0164861,0.0402164,0,0,0,1,500,0.205,7.90623e-05,-4.07663e-05,-8.35709e-06,-1.62078e-05,-1.14867e-05,-1.41544e-05,0.224475,0.0279916,-0.00959625,0.0402157,-0.206276,0.00192629,-0.00159789,0.00769873,14.5281,1,0,0,0,0,0,-1,1,-9.04609e-07,-3.41781e-06,-0.206438,0,0.254594,1,1010,1010,1010,1010,0,0,0,0,0.258613,56,0.000531144,-0.00497601,56,0.0021695,-0.00197236,56,0.00824437,-0.00520571,56,0.00852025,-0.00450854,56,0.00401917,0.000639723,56,0.00624751,-0.000935474,56,0.00314012,-0.00521031,56,0.00863734,-0.00415353,52,0.00246731,0.00133417
5004153924429,5004139103000,5004139103000,5004153913281,73729,14.8103,5004168947769,29.8448,0,16806,62278,0,0,1,0,0,0.01198,500,500,499,0.998,2.65428,4.9568,0.70632,0.306966,-0.0102234,-0.0337524,2.10125e-06,-7.71961e-05,0.0137429,0.00839795,1,-0.00644375,-0.000175396,0.000175396,-0.00644375,1,1,0.00324024,-0.0059648,-0.00306484,-0.000478945,0,0,0,0,0,0,0,0,0,0,0,0,0,0,0,0,0,0,0,0,0,0,0,255,0.2,6.3647,0.2,-0.00552658,-0.00429751,1,1,1,1,0,1,1,0.0837121,-3.2896,0.0627104,-0.0148613,0.00829446,-0.09101,15.5544,15694,1,367,55.2748,3924,0,0.000884653,0.0164861,0.0402164,0,0,0,1,499,0.205,1.72139e-06,-6.54576e-05,-1.34188e-05,-3.52884e-07,-1.3196e-05,2.40009e-06,0.224462,0.027994,-0.00962867,0.0401859,-0.206226,-0.000708508,-0.00196367,0.00948588,15.3178,1,0,0,0,0,0,-1,1,-9.04609e-07,-3.41781e-06,-0.206438,0,15.8227,1,1010,1010,1010,1010,0,0,0,0,15.8267,56,0.00595122,-0.0106151,55,0.0126626,-0.00646062,56,-0.00390746,-0.00595149,56,-0.0023691,0.000319988,56,0.000176783,-0.00294312,56,-0.00482172,-0.00749506,56,0.00318128,-0.00116999,56,0.00163665,-0.00938348,52,-0.00100419,-0.0135176
5004169450124,5004159105000,5004159105000,5004169445365,73729,10.3404,5004182337225,23.2322,1,16807,62279,0,0,1,0,0,0.020002,500,500,491,0.982,2.67008,3.83338,0.792043,0.312076,-0.0965271,0.00801086,-0.000164693,3.55776e-05,-0.0036058,-0.000502013,1,0.0017787,0.00823384,-0.00823384,0.0017787,1,1,-0.00655511,0.00155985,-0.00167873,0.000218857,0,0,0,0,0,0,0,0,0,0,0,0,0,0,0,0,0,0,0,0,0,0,0,255,0.2,1.57983,0.2,-0.00890988,0.00271493,1,1,1,1,0,1,1,0.0837121,-3.2896,0.0627104,-0.0148613,0.00829446,-0.09101,28.9462,15694,1,367,68.6666,3924,0,0.000884653,0.0164861,0.0402164,0,0,0,1,491,0.205,-0.000139708,3.01789e-05,6.18667e-06,2.86402e-05,1.19053e-05,2.67679e-05,0.224474,0.0280207,-0.00965484,0.0401835,-0.206271,-0.00179078,0.000897314,0.00407361,13.1057,2,0,0,0,0,0,-1,1,-9.04609e-07,-3.41781e-06,-0.206438,0,29.2134,1,1010,1010,1010,1010,0,0,0,0,29.2174,55,-0.0113724,0.00241715,55,0.000218107,-0.000962479,54,-0.0158347,-3.44259e-05,56,-0.0144404,0.000511692,56,-0.00529083,0.00230376,53,-0.00874281,-0.00143707,56,-0.0104473,0.000711207,56,-0.0123672,0.00391922,50,-0.00657105,0.00145934
5004182834247,5004167135000,5004167135000,5004182822451,73729,15.6875,5004194765766,27.6308,0,16807,62280,0,0,1,0,0,0.00803,500,500,500,1,2.65521,3.74277,0.592598,0.316725,-0.00709534,0.0399933,-1.89333e-05,5.83197e-05,0.00520973,0.00293905,1,0.00726273,0.00235782,-0.00235782,0.00726273,1,1,-0.00305113,0.00679866,0.000693312,0.000464075,0,0,0,0,0,0,0,0,0,0,0,0,0,0,0,0,0,0,0,0,0,0,0,255,0.2,4.77861,0.2,0.00011743,0.00713754,1,1,1,1,0,1,1,0.0837121,-3.2896,0.0627104,-0.0148613,0.00829446,-0.09101,41.3977,15694,1,367,81.1181,3924,0,0.000884653,0.0164861,0.0402164,0,0,0,1,500,0.205,-1.60796e-05,4.94301e-05,1.01332e-05,3.29633e-06,1.05842e-05,1.15235e-06,0.224484,0.0280219,-0.0096359,0.0401754,-0.206318,0.000687831,0.00190271,-0.0017238,12.1843,1,0,0,0,0,0,-1,1,-9.04609e-07,-3.41781e-06,-0.206438,0,41.668,1,1010,1010,1010,1010,0,0,0,0,41.672,56,0.0133635,0.0107714,56,0.00178962,0.00886282,56,-0.00612082,0.00477809,56,-0.0101663,0.00702319,56,0.00493676,0.0105586,56,-0.00171981,0.00634058,56,0.00227258,0.01239,56,0.000398567,0.00250322,52,-0.00923845,0.0174634
5004195343381,5004187122000,5004187122000,5004195337807,73729,8.21581,5004207998461,20.8765,1,16808,62281,0,0,1,0,0,0.019987,500,500,500,1,2.64663,4.05507,0.60006,0.320688,0.0328674,-0.0247879,4.00015e-05,-3.55671e-05,-0.00225095,-0.00338727,1,-0.00177951,-0.00200138,0.00200138,-0.00177951,1,1,0.000617373,-0.00148922,0.001384,-0.000290294,0,0,0,0,0,0,0,0,0,0,0,0,0,0,0,0,0,0,0,0,0,0,0,255,0.2,7.08861,0.2,0.00290213,-0.00372027,1,1,1,1,1,1,1,0.0836631,-3.28983,0.0598511,-0.0152585,0.00682476,-0.0946774,1.99792,15695,1,367,94.3325,3924,0,0.000884653,0.0164861,0.0402164,0,0,0,1,500,0.205,3.3985e-05,-3.01341e-05,-6.1775e-06,-6.96693e-06,-7.4668e-06,-5.55408e-06,0.224477,0.0280163,-0.00956367,0.0400807,-0.20643,0.00304583,-0.00119021,-0.00210286,1.72033,3,0,0,0,0,0,-1,1,-9.04609e-07,-3.41781e-06,-0.206602,0,2.2665,1,1010,1010,1010,1010,0,0,0,0,2.2715,56,0.00606921,-0.00723815,56,-0.00884334,-0.00225611,56,0.00296909,-0.00202769,56,0.00752848,-0.00241054,56,0.00538807,-0.00114293,56,0.0082124,-0.00322711,56,0.00296093,-0.00121538,56,0.00175346,-0.00113503,52,-0.0022233,0.00102627
5004208578503,5004199104000,5004199104000,5004208566095,73729,9.46209,5004222428129,23.3241,0,16808,62282,0,0,1,0,0,0.011982,500,500,500,1,2.6586,3.58386,0.656616,0.322373,0.022049,-0.048645,2.94822e-05,-8.80083e-05,-0.00203939,0.00341426,1,-0.00734504,-0.00246054,0.00246054,-0.00734504,1,1,0.0010733,-0.00674654,0.00138724,-0.000598504,0,0,0,0,0,0,0,0,0,0,0,0,0,0,0,0,0,0,0,0,0,0,0,255,0.2,0.038315,0.2,0.000364768,-0.00589922,1,1,1,1,0,1,1,0.0836631,-3.28983,0.0598511,-0.0152585,0.00682476,-0.0946774,16.4196,15695,1,367,108.754,3924,0,0.000884653,0.0164861,0.0402164,0,0,0,1,500,0.205,2.49885e-05,-7.46515e-05,-1.53036e-05,-5.12264e-06,-1.60146e-05,-1.87984e-06,0.224461,0.0280145,-0.00956367,0.0400807,-0.20643,0.00310559,-0.00245387,-0.00206567,16.1545,0,0,0,0,0,0,-1,1,-9.04609e-07,-3.41781e-06,-0.206602,0,16.6818,1,1010,1010,1010,1010,0,0,0,0,16.6868,56,-0.00525689,-0.00756053,56,0.00726185,-0.0021895,56,0.00620816,-0.0072523,56,0.00481992,-0.009383,56,0.000494547,-0.00762965,56,-0.00174822,-0.00331385,56,0.00848801,-0.00905423,56,0.00371704,-0.0117163,52,0.0041299,-0.0111961
5004222922929,5004207126000,5004207126000,5004222914799,73729,15.7888,5004236627869,29.5019,0,16808,62283,0,0,1,0,0,0.008022,500,500,500,1,2.67148,3.76603,0.594301,0.320669,0.0209351,-0.0179596,0.00010864,-2.21248e-05,0.0121752,-0.0135016,1,-0.00275802,-0.0135428,0.0135428,-0.00275802,1,1,0.0122639,-0.00229823,0.00127889,-0.000459791,0,0,0,0,0,0,0,0,0,0,0,0,0,0,0,0,0,0,0,0,0,0,0,255,0.2,4.25118,0.2,0.00324863,-0.00234329,1,1,1,1,0,1,1,0.0836631,-3.28983,0.0598511,-0.0152585,0.00682476,-0.0946774,30.6405,15695,1,367,122.975,3924,0,0.000884653,0.0164861,0.0402164,0,0,0,1,500,0.205,9.20879e-05,-1.86717e-05,-3.82771e-06,-1.8878e-05,-7.60651e-06,-1.76935e-05,0.224453,0.0279968,-0.00957527,0.0400565,-0.206484,0.00160335,-0.00188514,-0.00291208,13.8791,1,0,0,0,0,0,-1,1,-9.04609e-07,-3.41781e-06,-0.206602,0,31.0053,1,1010,1010,1010,1010,0,0,0,0,31.0103,56,0.0202836,-0.00957677,56,0.0169786,-0.0129752,56,-0.00469021,0.00469156,56,-0.00114925,0.00323768,56,0.0141084,-0.00807995,56,0.00550436,-0.0158328,56,-0.000833173,0.0030376,56,0.00973676,0.00433286,52,0.0101788,-0.0101077
5004237324578,5004227161000,5004227161000,5004237315930,73729,10.1549,5004250473440,23.3124,1,16809,62284,0,0,1,0,0,0.020035,500,500,500,1,2.74189,4.10075,0.728895,0.320021,0.00752258,0.0619888,7.62659e-05,8.81712e-05,0.0121286,0.00526709,1,0.00440086,-0.00380663,0.00380663,0.00440086,1,1,0.00296623,0.00415454,0.0008404,0.000246314,0,0,0,0,0,0,0,0,0,0,0,0,0,0,0,0,0,0,0,0,0,0,0,255,0.2,8.08849,0.2,-0.000806614,0.00664747,1,1,1,1,0,1,1,0.0836803,-3.29008,0.0565783,-0.0135896,0.00698487,-0.0982808,0.139798,15696,1,367,136.798,3924,0,0.000884653,0.0164861,0.0402164,0,0,0,1,500,0.205,6.45672e-05,7.47097e-05,1.53155e-05,-1.32363e-05,1.2268e-05,-1.60941e-05,0.224465,0.0279807,-0.0095686,0.0400992,-0.206574,0.000301573,0.00100989,-0.00251525,13.3779,2,0,0,0,0,0,-1,1,-9.04609e-07,-3.41781e-06,-0.206749,0,0.405818,1,1010,1010,1010,1010,0,0,0,0,0.410874,56,0.00212391,0.00282261,56,-0.000547154,0.000693628,56,-0.000296284,0.00475746,56,0.00605577,0.00659339,56,0.00181377,0.012869,56,0.00352185,0.00640077,56,0.00232701,0.00568013,56,-0.000561905,0.0015498,52,0.00555234,0.00390411
5004250969036,5004235132000,5004235132000,5004250958703,73729,15.8267,5004265635113,30.5031,0,16809,62285,0,0,1,0,0,0.007971,500,500,500,1,2.67743,5.17132,0.762988,0.317724,0.000900269,0.0838852,-9.60259e-06,0.00013112,-0.000435108,0.015657,1,0.0164496,0.00120469,-0.00120469,0.0164496,1,1,-0.000749563,0.0159056,-0.000455127,0.000543969,0,0,0,0,0,0,0,0,0,0,0,0,0,0,0,0,0,0,0,0,0,0,0,255,0.21,1.81538,0.21,0.000672147,0.017436,1,1,1,1,1,1,1,0.0836803,-3.29008,0.0565783,-0.0135896,0.00698487,-0.0982808,15.3034,15696,1,367,151.961,3924,0,0.000884653,0.0164861,0.0402164,0,0,0,1,500,0.215,-8.21816e-06,0.000111083,2.38829e-05,1.7669e-06,2.37182e-05,-3.16437e-06,0.224489,0.0279775,-0.00956539,0.0400969,-0.206537,0.00103105,0.00233907,0.00239047,15.064,1,0,0,0,0,0,-1,1,-9.04609e-07,-3.41781e-06,-0.206749,0,15.576,1,1010,1010,1010,1010,0,0,0,0,15.581,56,-0.0110868,0.0252678,56,0.00830214,0.0154863,56,0.00618833,0.0292192,56,0.00193527,0.0181952,56,0.00704488,0.0174667,56,0.00330157,0.0272826,56,0.00111096,0.0162418,56,-0.00173238,0.00634946,52,-0.00684069,0.0102297
5004266199840,5004255150000,5004255150000,5004266193247,73729,11.0432,5004278498528,23.3485,1,16810,62286,0,0,1,0,0,0.020018,500,500,490,0.98,2.65882,3.63757,0.602023,0.315817,-0.0379181,-0.0127792,-6.15139e-05,-1.85884e-05,-0.00683401,0.00278567,1,-0.000928585,0.00307293,-0.00307293,-0.000928585,1,1,-0.00124504,-0.000841136,-0.00182789,-8.74493e-05,0,0,0,0,0,0,0,0,0,0,0,0,0,0,0,0,0,0,0,0,0,0,0,255,0.21,6.53037,0.21,-0.00564582,0.205738,1,1,1,1,0,1,1,0.0836803,-3.29008,0.0565783,-0.0135896,0.00698487,-0.0982808,28.1677,15696,1,367,164.826,3924,0,0.000884653,0.0164861,0.0402164,0,0,0,1,490,0.215,-5.21692e-05,-1.57908e-05,-3.39503e-06,1.12164e-05,-1.02501e-06,1.1674e-05,0.224488,0.0279892,-0.00956792,0.0400717,-0.206481,0.000394727,-0.000376032,0.00660372,12.6229,1,0,0,0,0,0,-1,1,-9.04609e-07,-3.41781e-06,-0.206749,0,28.4264,1,1010,1010,1010,1010,0,0,0,0,28.4315,56,-0.0100511,-0.000256007,56,-0.00183753,-0.000418666,56,-0.00389719,-0.000897737,56,-0.00464051,-0.00243167,56,-0.00400999,-0.00326252,55,-0.00818456,-0.00468056,56,-0.00394825,-0.00271159,56,-0.001544,0.00139631,43,-0.00449551,0.0037079
5004278989217,5004267121000,5004267121000,5004278981439,73729,11.8604,5004293301606,26.1806,0,16810,62287,0,0,1,0,0,0.011971,500,500,486,0.972,2.81275,3.71984,0.628042,0.327799,-0.00136566,-0.0802917,-1.88941e-05,-0.000147936,0.00524256,0.00466008,1,-0.0123578,0.00157832,-0.00157832,-0.0123578,1,1,-0.000594306,-0.0118343,-0.000984016,-0.00052355,0,0,0,0,0,0,0,0,0,0,0,0,0,0,0,0,0,0,0,0,0,0,0,255,0.2,-0.633949,0.2,-0.00232027,-0.0102569,1,1,1,1,0,1,1,0.0836803,-3.29008,0.0565783,-0.0135896,0.00698487,-0.0982808,42.9703,15696,1,367,179.628,3924,0,0.000884653,0.0164861,0.0402164,0,0,0,1,486,0.205,-1.60286e-05,-0.000125458,-2.57189e-05,3.28586e-06,-2.44796e-05,8.48589e-06,0.224464,0.0279977,-0.00955769,0.040046,-0.206528,0.000856734,-0.00214655,0.00391296,14.5354,2,0,0,0,0,0,-1,1,-9.04609e-07,-3.41781e-06,-0.206749,0,43.2345,1,1010,1010,1010,1010,0,0,0,0,43.2396,55,-0.000425689,-0.021009,55,-0.0104963,-0.0070503,56,-0.00376464,-0.0149189,56,-0.0042486,-0.0112836,56,0.00561732,-0.00938821,56,0.00176093,-0.0110275,44,0.00815514,-0.0121082,56,0.00613362,-0.0192885,52,-0.00605338,-0.0183144
5004293795814,5004275134000,5004275134000,5004293785295,73729,18.6513,5004305839000,30.705,0,16810,62288,0,0,1,0,0,0.008013,500,500,499,0.998,2.68048,4.11503,0.685395,0.310929,0.0195465,-0.0439148,7.8344e-06,-7.36995e-05,-0.00680206,0.00377089,1,-0.00919749,-0.000977711,0.000977711,-0.00919749,1,1,-0.000569512,-0.00932575,0.00154722,0.000128256,0,0,0,0,0,0,0,0,0,0,0,0,0,0,0,0,0,0,0,0,0,0,0,255,0.2,4.02859,0.2,-0.0169453,-0.292127,1,1,1,1,0,1,1,0.0837213,-3.29034,0.0533542,-0.011576,0.00604894,-0.101334,4.01812,15697,1,367,192.167,3924,0,0.000884653,0.0164861,0.0402164,0,0,0,1,499,0.205,6.65085e-06,-6.24621e-05,-1.28047e-05,-1.36342e-06,-1.28014e-05,1.29107e-06,0.224451,0.027999,-0.00957255,0.0400599,-0.206676,0.000161243,0.000525852,-0.0049459,3.7822,2,0,0,0,0,0,-1,1,-9.04609e-07,-3.41781e-06,-0.206888,0,4.28596,1,1010,1010,1010,1010,0,0,0,0,4.29052,55,-0.0263826,0.000184006,56,0.00227797,0.00118968,56,0.00664998,-0.00607176,56,0.00697835,-0.006947,56,0.00701489,-0.0162612,56,0.0108169,-0.00320265,56,0.00237911,-0.0143192,56,-0.00199428,-0.0175942,52,0.0102129,-0.0159248
5004306343356,5004295133000,5004295133000,5004306337133,73729,11.2041,5004318747471,23.6145,1,16811,62289,0,0,1,0,0,0.019999,500,500,500,1,2.686,3.57988,0.68545,0.31828,0.00445557,0.0443726,5.72651e-05,8.95327e-05,0.00910381,-0.00428268,1,0.00447686,-0.0028634,0.0028634,0.00447686,1,1,0.00194534,0.00404335,0.000918056,0.00043351,0,0,0,0,0,0,0,0,0,0,0,0,0,0,0,0,0,0,0,0,0,0,0,255,0.21,6.31992,0.21,0.00160531,0.0222429,1,1,1,1,1,1,1,0.0837213,-3.29034,0.0533542,-0.011576,0.00604894,-0.101334,16.9264,15697,1,367,12.8719,3925,0,0.000884653,0.0212406,0.0399613,0,0,0,1,500,0.215,4.85203e-05,7.59377e-05,1.63266e-05,-1.04319e-05,1.38297e-05,-1.35578e-05,0.224465,0.0279854,-0.00955149,0.0400666,-0.206668,0.000975268,0.00186409,-0.0023779,11.3008,1,0,0,0,0,0,-1,1,-9.04609e-07,-3.41781e-06,-0.206888,0,17.1944,1,1010,1010,1010,1010,0,0,0,0,17.199,56,0.00922373,0.00667096,56,0.00209512,0.0034615,56,0.000891936,0.0033463,56,-6.73084e-05,0.00265454,56,-0.00254893,0.00278814,56,0.00456523,-7.82065e-05,56,0.00243157,0.00790923,56,0.00154245,0.0050038,52,0.0029036,0.0084235
5004319299197,5004307110000,5004307110000,5004319287753,73729,12.1778,5004333504030,26.394,0,16811,62290,0,0,1,0,0,0.011977,500,500,500,1,2.63909,3.87255,0.678191,0.321095,0.0150223,0.0320282,-3.69718e-06,6.28871e-05,-0.00901078,0.0034063,1,0.00525065,0.00030869,-0.00030869,0.00525065,1,1,0.00051165,0.00538651,-0.000820341,-0.000135862,0,0,0,0,0,0,0,0,0,0,0,0,0,0,0,0,0,0,0,0,0,0,0,255,0.21,9.20641,0.21,0.00852432,0.172134,1,1,1,1,0,1,1,0.0837213,-3.29034,0.0533542,-0.011576,0.00604894,-0.101334,31.6865,15697,1,367,27.6322,3925,0,0.000884653,0.0212406,0.0399613,0,0,0,1,500,0.215,-3.1422e-06,5.32702e-05,1.14531e-05,6.75574e-07,1.13389e-05,-1.68642e-06,0.224476,0.0279837,-0.00955853,0.0400377,-0.20661,0.000953805,-0.000584207,0.00358502,14.4934,1,0,0,0,0,0,-1,1,-9.04609e-07,-3.41781e-06,-0.206888,0,31.951,1,1010,1010,1010,1010,0,0,0,0,31.9555,56,-0.0152134,0.000226221,56,-0.00133604,0.00353432,56,-0.00355141,0.00822653,56,0.0131021,0.000230455,56,0.00545622,0.00873012,56,-5.81878e-05,0.00880172,56,0.00323011,-0.0012047,56,0.000607739,0.00989858,52,0.000932865,0.0011047
5004334008719,5004315142000,5004315142000,5004333997849,73729,18.8558,5004347002079,31.8601,0,16811,62291,0,0,1,0,0,0.008032,500,500,448,0.896,2.85647,4.83563,0.696098,0.334595,-0.00913239,0.00804138,-1.61493e-05,3.0369e-05,-0.0212879,0.00614903,1,0.003781,0.00201062,-0.00201062,0.003781,1,1,1.68476e-05,0.00436358,-0.00202747,-0.000582574,0,0,0,0,0,0,0,0,0,0,0,0,0,0,0,0,0,0,0,0,0,0,0,255,0.21,3.61527,0.21,-0.000735452,0.00120727,1,1,1,1,0,1,1,0.0837213,-3.29034,0.0533542,-0.011576,0.00604894,-0.101334,45.183,15697,1,367,41.1288,3925,0,0.000884653,0.0212406,0.0399613,0,0,0,1,448,0.215,-1.37051e-05,2.57412e-05,5.53437e-06,2.9466e-06,6.01557e-06,1.74994e-06,0.224482,0.0279855,-0.00954515,0.0400107,-0.206554,0.00103694,-0.00250507,0.00780404,13.2701,1,0,0,0,0,0,-1,1,-9.04609e-07,-3.41781e-06,-0.206888,0,45.4487,1,1010,1010,1010,1010,0,0,0,0,0.21515,56,-0.00299678,0.0215509,56,0.0169439,-0.0118129,56,-0.00814472,0.00218685,56,-0.00982724,7.78824e-05,56,-0.00340182,-0.000888846,53,0.00280834,0.00403319,35,-0.00764334,0.00781392,56,-0.0157462,-0.000633803,24,-0.017394,-0.00394518
5004347507861,5004335135000,5004335135000,5004347501713,73729,12.3667,5004360063903,24.9289,1,16812,62292,0,0,1,0,0,0.019993,500,500,500,1,2.64976,3.67951,0.611986,0.317095,-0.0356522,-0.0653229,-9.58318e-05,-0.000124851,-0.00962515,0.000778877,1,-0.00624472,0.00479327,-0.00479327,-0.00624472,1,1,-0.00482141,-0.00594347,2.8138e-05,-0.000301241,0,0,0,0,0,0,0,0,0,0,0,0,0,0,0,0,0,0,0,0,0,0,0,255,0.21,6.61474,0.21,-0.00434571,-0.00427055,1,1,1,1,0,1,1,0.0837908,-3.29058,0.0505459,-0.0111381,0.00593668,-0.103576,3.74466,15698,1,367,54.1843,3925,0,0.000884653,0.0212406,0.0399613,0,0,0,1,500,0.215,-8.12046e-05,-0.000105836,-2.27547e-05,1.7459e-05,-1.86749e-05,2.17552e-05,0.224463,0.0280072,-0.00954687,0.040006,-0.206752,0.000622667,-0.00129534,0.000401339,3.46288,3,0,0,0,0,0,-1,1,-9.04609e-07,-3.41781e-06,-0.206837,0,4.01033,1,1010,1010,1010,1010,0,0,0,0,13.2706,56,-0.00539548,-0.00410606,56,-0.00630506,-0.00130567,56,-0.000203952,-0.00542487,56,-0.00542117,-0.00784133,56,-0.000477584,-0.00345237,56,-0.00753131,-0.00606025,56,-0.00626908,-0.00813232,56,-0.0023396,-0.00761956,52,-0.00385067,-0.00870358
5004360556592,5004347112000,5004347112000,5004360546703,73729,13.4347,5004374746277,27.6343,0,16812,62293,0,0,1,0,0,0.011977,500,500,492,0.984,2.66861,3.96377,0.598616,0.313409,-0.0235596,-0.0367355,-5.11889e-05,-6.50179e-05,-0.00028211,0.0104581,1,-0.00542857,0.00427393,-0.00427393,-0.00542857,1,1,-0.00630078,-0.00570015,0.00202684,0.000271585,0,0,0,0,0,0,0,0,0,0,0,0,0,0,0,0,0,0,0,0,0,0,0,255,0.21,-0.319966,0.21,-0.0038672,-0.00057754,1,1,1,1,1,1,1,0.0837908,-3.29058,0.0505459,-0.0111381,0.00593668,-0.103576,18.4413,15698,1,367,68.8808,3925,0,0.000884653,0.0212406,0.0399613,0,0,0,1,492,0.215,-4.34299e-05,-5.51843e-05,-1.18646e-05,9.33742e-06,-9.68942e-06,1.15725e-05,0.224454,0.0280188,-0.00954687,0.040006,-0.206752,0.000605719,0.00116782,-0.00648777,18.1548,0,0,0,0,0,0,-1,1,-9.04609e-07,-3.41781e-06,-0.206837,0,18.7089,1,1010,1010,1010,1010,0,0,0,0,27.9692,56,-0.00764585,-0.0118006,55,2.4511e-05,-0.0117105,55,-0.00511087,0.00051231,56,0.00209835,-0.0034312,56,-0.00172646,-0.00630603,56,-0.0128753,-0.00333417,50,-0.00265235,-0.011484,56,-0.00123457,-0.00407923,52,-0.00544846,-0.00794007
5004375306114,5004367117000,5004367117000,5004375297892,73729,8.18089,5004387554672,20.4377,1,16813,62294,0,0,1,0,0,0.020005,500,500,500,1,2.63128,3.65458,0.596208,0.321836,0.0373383,0.0788116,0.000121761,0.000141821,0.0155367,-0.00030303,1,0.00708928,-0.00608655,0.00608655,0.00708928,1,1,0.00316051,0.00632708,0.00292604,0.000762201,0,0,0,0,0,0,0,0,0,0,0,0,0,0,0,0,0,0,0,0,0,0,0,255,0.21,4.29203,0.21,0.00316438,0.0066687,1,1,1,1,0,1,1,0.0837908,-3.29058,0.0505459,-0.0111381,0.00593668,-0.103576,31.2389,15698,1,367,81.6785,3925,0,0.000884653,0.0212406,0.0399613,0,0,0,1,500,0.215,0.000103138,0.000120222,2.58478e-05,-2.21748e-05,2.07305e-05,-2.70073e-05,0.224474,0.0279918,-0.00955525,0.0400373,-0.20686,0.000455421,0.00327747,-0.00970123,12.558,1,0,0,0,0,0,-1,1,-9.04609e-07,-3.41781e-06,-0.206837,0,31.5036,1,1010,1010,1010,1010,0,0,0,0,40.7639,56,0.00846723,0.00585943,56,0.0113152,0.00466629,56,0.00270855,0.00515596,56,0.00546027,0.00787982,56,0.0100991,0.00629734,56,0.00736868,0.00838574,56,0.00533881,0.00658549,56,0.00551805,0.00591742,52,0.00208356,0.00921366
5004388069213,5004375128000,5004375128000,5004388060565,73729,12.9326,5004399555173,24.4272,0,16813,62295,0,0,1,0,0,0.008011,500,500,493,0.986,2.64456,3.5719,0.621375,0.339854,0.0159454,0.0392761,1.51435e-05,6.81061e-05,0.00146033,-0.00287377,1,0.00850157,-0.00189033,0.00189033,0.00850157,1,1,0.000718753,0.00832807,0.00117158,0.000173501,0,0,0,0,0,0,0,0,0,0,0,0,0,0,0,0,0,0,0,0,0,0,0,255,0.21,6.56216,0.21,0.00277981,0.00461226,1,1,1,1,0,1,1,0.0837908,-3.29058,0.0505459,-0.0111381,0.00593668,-0.103576,43.2396,15698,1,367,93.6792,3925,0,0.000884653,0.0212406,0.0399613,0,0,0,1,493,0.215,1.29088e-05,5.77305e-05,1.2412e-05,-2.7754e-06,1.15688e-05,-5.2634e-06,0.224486,0.0279865,-0.00951145,0.0400051,-0.206845,0.00174854,0.000746055,-0.00263141,11.7273,2,0,0,0,0,0,-1,1,-9.04608e-07,-3.41781e-06,-0.206987,0,0.25365,1,1010,1010,1010,1010,0,0,0,0,0.257631,56,-0.00163158,0.0036847,56,0.00288661,0.00394781,49,0.0119206,0.00658745,56,0.00503215,0.016373,56,-0.00334257,0.00140007,56,-0.00408486,0.0126814,56,0.0106673,0.0114446,56,-0.0036838,0.00978763,52,0.00522221,0.0132649
5004400089288,5004387107000,5004387107000,5004400080677,73729,12.9737,5004414199361,27.0924,0,16813,62296,0,0,1,0,0,0.011979,500,500,500,1,2.62958,3.88447,0.713302,0.321947,0.00398254,-0.0125427,5.25097e-06,-2.50166e-05,-0.00336218,-0.00111547,1,-0.00208837,-0.000438348,0.000438348,-0.00208837,1,1,0.000219601,-0.00186136,0.000218747,-0.000227009,0,0,0,0,0,0,0,0,0,0,0,0,0,0,0,0,0,0,0,0,0,0,0,255,0.2,8.74934,0.2,-0.00751338,-0.201989,1,1,1,1,0,1,1,0.0838976,-3.29084,0.047618,-0.0107026,0.00592054,-0.105227,14.6348,15699,1,367,108.328,3925,0,0.000884653,0.0212406,0.0399613,0,0,0,1,500,0.205,4.41558e-06,-2.12149e-05,-4.34905e-06,-9.05193e-07,-4.43849e-06,6.53591e-09,0.224481,0.0279865,-0.00951145,0.0400051,-0.206845,0.00250107,-0.000930738,0.00128336,26.367,0,0,0,0,0,0,-1,1,-9.04608e-07,-3.41781e-06,-0.206987,0,14.9003,1,1010,1010,1010,1010,0,0,0,0,14.9042,56,-0.00275275,-0.00602461,56,0.00327233,0.00799865,56,-0.00172029,-0.00879652,56,0.000623421,-0.00062558,56,0.00597677,-0.00313953,56,0.00396281,-0.00477802,56,-0.00461368,0.0017686,56,0.000563435,0.00543517,52,-0.00794503,-0.00340769
5004414699347,5004407109000,5004407109000,5004414695032,73729,7.58603,5004427749004,20.64,1,16814,62297,0,0,1,0,0,0.020002,500,500,483,0.966,2.66656,3.53877,0.658764,0.307688,-0.0353394,-0.084137,-7.63672e-05,-0.000144034,-0.00892911,-0.0089824,1,-0.00720099,0.00381798,-0.00381798,-0.00720099,1,1,-0.00195903,-0.00637234,-0.00185895,-0.000828656,0,0,0,0,0,0,0,0,0,0,0,0,0,0,0,0,0,0,0,0,0,0,0,255,0.2,3.04756,0.2,-0.00200114,-0.0996283,1,1,1,1,1,1,1,0.0838976,-3.29084,0.047618,-0.0107026,0.00592054,-0.105227,28.1806,15699,1,367,121.874,3925,0,0.000884653,0.0212406,0.0399613,0,0,0,1,483,0.205,-6.46488e-05,-0.000122034,-2.5017e-05,1.3253e-05,-2.17495e-05,1.81023e-05,0.22446,0.0280046,-0.00950681,0.0399317,-0.206733,0.00163611,-0.00339749,0.00740624,13.2665,2,0,0,0,0,0,-1,1,-9.04608e-07,-3.41781e-06,-0.206987,0,28.4589,1,1010,1010,1010,1010,0,0,0,0,28.4629,56,7.4716e-05,-0.00498421,55,-0.00876583,-0.00650086,44,-0.00180297,-0.0099041,56,-0.00615628,-0.00791033,56,-0.00450136,-0.00681137,53,-0.00291346,-0.00521286,56,-0.00403322,-0.00587956,56,-0.00570104,-0.00776935,51,-0.00616506,-0.00786348
5004428330378,5004415132000,5004415132000,5004428318767,73729,13.1868,5004441297831,26.1658,0,16814,62298,0,0,1,0,0,0.008023,500,500,480,0.96,2.63211,4.73518,0.687412,0.337243,-0.0185394,0.0245209,-3.83607e-05,3.95362e-05,0.00414329,-0.0111516,1,0.00492786,0.00478134,-0.00478134,0.00492786,1,1,-0.00433359,0.0045826,-0.000447749,0.000345268,0,0,0,0,0,0,0,0,0,0,0,0,0,0,0,0,0,0,0,0,0,0,0,255,0.2,6.48349,0.2,-0.0065942,0.00760047,1,1,1,1,0,1,1,0.0838976,-3.29084,0.047618,-0.0107026,0.00592054,-0.105227,41.7322,15699,1,367,135.426,3925,0,0.000884653,0.0212406,0.0399613,0,0,0,1,480,0.205,-3.25782e-05,3.35542e-05,6.87861e-06,6.67853e-06,8.09562e-06,5.12487e-06,0.224468,0.0280098,-0.00953685,0.0399973,-0.206841,-0.000414186,0.0014156,0.00113727,13.277,2,0,0,0,0,0,-1,1,-9.04608e-07,-3.41781e-06,-0.206987,0,41.994,1,1010,1010,1010,1010,0,0,0,0,41.998,36,-0.0188948,0.0126773,56,-0.00172602,0.00189089,56,-0.0181174,0.0140369,56,-0.014727,0.00469679,56,-0.0022276,0.0117192,56,-0.000569628,0.00147842,56,-0.00342972,0.00635628,56,-0.00585949,0.00754887,52,0.0128503,0.00405773
5004441792798,5004427109000,5004427109000,5004441784742,73729,14.6757,5004456206243,29.0972,0,16814,62299,0,0,1,0,0,0.011977,500,500,500,1,2.8641,4.73207,0.726413,0.327336,-0.0431442,0.0408249,-9.21884e-05,6.79536e-05,0.00215082,0.00629783,1,0.00567367,0.00769712,-0.00769712,0.00567367,1,1,-0.00867117,0.00504549,0.000974054,0.000628184,0,0,0,0,0,0,0,0,0,0,0,0,0,0,0,0,0,0,0,0,0,0,0,255,0.21,-0.342892,0.21,0.00946716,0.196402,1,1,1,1,0,1,1,0.0838976,-3.29084,0.047618,-0.0107026,0.00592054,-0.105227,56.6357,15699,1,367,150.329,3925,0,0.000884653,0.0212406,0.0399613,0,0,0,1,500,0.215,-7.81602e-05,5.75348e-05,1.237e-05,1.68045e-05,1.55422e-05,1.39075e-05,0.224483,0.0280237,-0.00954694,0.0400108,-0.206904,-0.000836719,0.00270119,-0.00402012,14.653,1,0,0,0,0,0,-1,1,-9.04609e-07,-3.41781e-06,-0.207138,0,0.26339,1,1010,1010,1010,1010,0,0,0,0,0.267224,56,0.00555671,-0.00034801,56,-0.0180325,0.00998533,56,-0.00584511,0.00176531,56,-0.00453558,0.0077905,56,-0.00786278,0.00630751,56,-0.00799008,0.00779766,56,-0.00619389,0.0071062,56,-0.00221993,0.00960661,52,-0.00243255,0.00591855
5004456733414,5004443168000,5004443168000,5004456727859,73729,13.5599,5004468919268,25.7513,1,16815,62300,0,0,1,0,0,0.016059,500,500,497,0.994,2.6473,3.60251,0.628746,0.314095,0.0337372,0.0744324,5.05721e-05,0.000129709,-0.000329495,-0.000259063,1,0.00807702,-0.00314914,0.00314914,0.00807702,1,1,0.00224091,0.00767201,0.00090823,0.000405013,0,0,0,0,0,0,0,0,0,0,0,0,0,0,0,0,0,0,0,0,0,0,0,255,0.21,4.46431,0.21,0.00247615,0.130713,1,1,1,1,0,1,1,0.0840106,-3.2911,0.0445296,-0.010663,0.00502991,-0.108467,12.6991,15700,1,367,163.043,3925,0,0.000884653,0.0212406,0.0399613,0,0,0,1,497,0.215,4.28546e-05,0.000109954,2.36401e-05,-9.21375e-06,2.12278e-05,-1.38706e-05,0.224505,0.0280098,-0.00952714,0.0400016,-0.206927,0.00101562,0.00174156,-0.00231181,12.4679,1,0,0,0,0,0,-1,1,-9.04609e-07,-3.41781e-06,-0.207138,0,12.9632,1,1010,1010,1010,1010,0,0,0,0,12.967,56,-0.00381685,0.014927,56,0.00972656,0.00184555,53,0.00590532,0.0102093,56,0.00851201,0.0125557,56,0.0045378,0.00603468,56,0.00382392,0.00812556,56,0.00220448,0.00869505,56,-0.000287398,0.00754791,52,0.00223751,0.0101774
5004469486124,5004455130000,5004455130000,5004469474402,73729,14.3444,5004482486429,27.3564,0,16815,62301,0,0,1,0,0,0.011962,500,500,500,1,2.65309,3.6964,0.593227,0.322429,-0.0022583,-0.0728607,-4.24795e-05,-0.00013279,-0.00771797,0.00343592,1,-0.011101,0.0035512,-0.0035512,-0.011101,1,1,-0.00325532,-0.0100129,-0.000295888,-0.00108808,0,0,0,0,0,0,0,0,0,0,0,0,0,0,0,0,0,0,0,0,0,0,0,255,0.21,6.63044,0.21,-0.000868707,-0.0116547,1,1,1,1,1,1,1,0.0840106,-3.2911,0.0445296,-0.010663,0.00502991,-0.108467,26.2658,15700,1,367,176.61,3925,0,0.000884653,0.0212406,0.0399613,0,0,0,1,500,0.215,-3.59934e-05,-0.000112565,-2.42014e-05,7.73858e-06,-2.20796e-05,1.25416e-05,0.224482,0.0280223,-0.00950839,0.0398905,-0.206907,0.00143668,-0.00467875,0.00216719,13.292,2,0,0,0,0,0,-1,1,-9.04609e-07,-3.41781e-06,-0.207138,0,26.5362,1,1010,1010,1010,1010,0,0,0,0,26.5401,56,-0.00134699,-0.00808936,56,0.00405992,-0.00810814,56,-0.000458407,-0.0102994,56,-0.00742507,-0.0151919,56,0.00508461,-0.0117288,56,-0.00554152,-0.00941686,56,-0.00206152,-0.0148055,56,0.000147084,-0.013183,52,-0.00867254,-0.0119968
5004483051026,5004463141000,5004463141000,5004483038822,73729,19.8978,5004496083665,32.9427,0,16815,62302,0,0,1,0,0,0.008011,500,500,500,1,2.63328,3.73108,0.598801,0.316465,0.018631,-0.027359,6.34545e-05,-4.453e-05,0.01147,-0.000940049,1,-0.00555861,-0.00792092,0.00792092,-0.00555861,1,1,0.00786388,-0.00486332,5.70384e-05,-0.000695291,0,0,0,0,0,0,0,0,0,0,0,0,0,0,0,0,0,0,0,0,0,0,0,255,0.21,0.294465,0.21,0.00364024,-0.00347568,1,1,1,1,0,1,1,0.0840106,-3.2911,0.0445296,-0.010663,0.00502991,-0.108467,39.8633,15700,1,367,190.207,3925,0,0.000884653,0.0212406,0.0399613,0,0,0,1,500,0.215,5.38536e-05,-3.77168e-05,-8.1091e-06,-1.15785e-05,-1.03042e-05,-9.66721e-06,0.224472,0.0280127,-0.0094811,0.0398561,-0.206924,0.0031791,-0.00298975,0.00234706,13.3414,1,0,0,0,0,0,-1,1,-9.04609e-07,-3.41781e-06,-0.207138,0,40.1403,1,1010,1010,1010,1010,0,0,0,0,40.1442,56,-0.000209089,0.00103536,56,0.00611954,-0.0049931,56,0.0221295,-0.00870799,56,0.00629173,-0.00161659,56,-0.0067422,-0.00580681,56,0.00110526,-0.00601689,56,0.0042694,-0.00592059,56,0.0122336,-0.00866367,52,0.0192085,-0.0114247
5004496598946,5004483155000,5004483155000,5004496593558,73729,13.4386,5004510009440,26.8544,1,16816,62303,0,0,1,0,0,0.020014,500,500,500,1,2.66402,4.13211,0.66082,0.314373,-0.00831604,-0.0885239,-6.76266e-05,-0.000156415,-0.00621013,-0.0062978,1,-0.00781527,0.00337897,-0.00337897,-0.00781527,1,1,-0.00457764,-0.00831302,0.00119867,0.00049775,0,0,0,0,0,0,0,0,0,0,0,0,0,0,0,0,0,0,0,0,0,0,0,255,0.21,3.64368,0.21,-0.00358363,-0.00234672,1,1,1,1,0,1,1,0.0843297,-3.29143,0.0410498,-0.00679147,0.00532012,-0.112342,7.2813,15701,1,367,204.133,3925,0,0.000884653,0.0212406,0.0399613,0,0,0,1,500,0.215,-5.72942e-05,-0.000132584,-2.85056e-05,1.23183e-05,-2.53462e-05,1.79118e-05,0.224447,0.0280306,-0.00948365,0.0399144,-0.207086,0.00114414,0.00214032,-0.00320812,7.04854,2,0,0,0,0,0,-1,1,-9.04609e-07,-3.41781e-06,-0.207296,0,7.54497,1,1010,1010,1010,1010,0,0,0,0,7.54947,56,-0.00743283,-0.0146839,56,-0.010315,-0.000288186,56,-0.0051243,-0.00912443,56,0.00354024,-0.00898572,56,-0.000398093,-0.00649664,56,-0.00191889,-0.00718219,56,-0.00260388,-0.00749525,56,-0.00161281,-0.00748066,52,-0.00524827,-0.00525967
5004510514036,5004495128000,5004495128000,5004510502406,73729,15.3744,5004524818333,29.6903,0,16816,62304,0,0,1,0,0,0.011973,500,500,499,0.998,2.64971,3.8376,0.856784,0.315021,0.0109558,0.0697937,4.17274e-05,0.000143016,0.0117672,-0.00719716,1,0.0119449,-0.00348512,0.00348512,0.0119449,1,1,0.00207775,0.0106612,0.00140737,0.00128371,0,0,0,0,0,0,0,0,0,0,0,0,0,0,0,0,0,0,0,0,0,0,0,255,0.21,7.42741,0.21,-0.000482114,0.0116986,1,1,1,1,0,1,1,0.0843297,-3.29143,0.0410498,-0.00679147,0.00532012,-0.112342,22.095,15701,1,367,14.8027,3926,0,0.000884653,0.0212345,0.0394272,0,0,0,1,499,0.215,3.53653e-05,0.000121253,2.60695e-05,-7.60354e-06,2.39312e-05,-1.27981e-05,0.224471,0.0280178,-0.00951004,0.0398918,-0.207125,0.000108141,0.00551995,-0.00475483,14.5671,1,0,0,0,0,0,-1,1,-9.04609e-07,-3.41781e-06,-0.207296,0,22.3618,1,1010,1010,1010,1010,0,0,0,0,22.3663,56,0.0123434,0.0174504,55,0.00727461,0.0042276,56,0.00696643,0.0109626,56,-0.00470334,0.012193,56,-0.000542924,0.00391946,56,0.00635249,0.0118583,56,0.00256958,0.0171693,56,0.00108514,0.0150108,52,0.00271229,0.0103994
5004525332114,5004515125000,5004515125000,5004525326133,73729,10.2011,5004537834749,22.7097,1,16817,62305,0,0,1,0,0,0.019997,500,500,495,0.99,2.67211,3.63706,0.590468,0.314021,-0.0408325,0.0812073,-4.27646e-05,0.000145058,0.00965478,0.00216391,1,0.00725397,0.00213855,-0.00213855,0.00725397,1,1,-0.00220035,0.00673267,6.18044e-05,0.000521302,0,0,0,0,0,0,0,0,0,0,0,0,0,0,0,0,0,0,0,0,0,0,0,255,0.21,1.94205,0.21,-0.00343524,0.00214134,1,1,1,1,1,1,1,0.0843297,-3.29143,0.0410498,-0.00679147,0.00532012,-0.112342,35.1586,15701,1,367,27.8691,3926,0,0.000884653,0.0212345,0.0394272,0,0,0,1,495,0.215,-3.63585e-05,0.000122922,2.64283e-05,7.81708e-06,2.74475e-05,2.2196e-06,0.224498,0.02802,-0.0095184,0.0398689,-0.207128,-0.00109893,0.0022416,-0.00109175,12.6425,1,0,0,0,0,0,-1,1,-9.04609e-07,-3.41781e-06,-0.207296,0,35.54,1,1010,1010,1010,1010,0,0,0,0,35.5445,56,0.00100965,0.0100076,56,0.00747119,0.00397036,51,-0.00538709,0.00636363,56,-0.00301282,0.00810143,56,-0.00196781,0.0068605,56,-0.0057506,0.00968933,56,-0.00101435,0.00703388,56,-0.00702693,0.00978589,52,-0.00135676,0.00475255
5004538609903,5004523147000,5004523147000,5004538596051,73729,15.4491,5004550932110,27.7851,0,16817,62306,0,0,1,0,0,0.008022,500,500,500,1,2.68176,4.27303,0.733765,0.361373,-0.0304413,-0.00537109,-6.43641e-05,-1.09165e-05,-0.00851033,0.0036209,1,-0.00136083,0.00802345,-0.00802345,-0.00136083,1,1,-0.00664264,-0.000521069,-0.00138082,-0.000839757,0,0,0,0,0,0,0,0,0,0,0,0,0,0,0,0,0,0,0,0,0,0,0,255,0.2,5.05493,0.2,-0.00427002,-0.00517538,1,1,1,1,0,1,1,0.0843297,-3.29143,0.0410498,-0.00679147,0.00532012,-0.112342,48.2055,15701,1,367,40.9135,3926,0,0.000884653,0.0212345,0.0394272,0,0,0,1,500,0.205,-5.45549e-05,-9.28436e-06,-1.90329e-06,1.11838e-05,4.34223e-07,1.13362e-05,0.224499,0.0280313,-0.00953985,0.0397169,-0.207099,-0.000610218,-0.003443,0.0040409,12.5438,2,0,0,0,0,0,-1,1,-9.04608e-07,-3.41781e-06,-0.207345,0,0.246168,1,1010,1010,1010,1010,0,0,0,0,0.249464,56,-0.00475316,-0.00612126,56,-0.0100754,0.0119993,56,-0.0132693,-0.0047244,56,0.00194195,-0.00304186,56,-0.0114511,0.00205408,56,-0.0108183,-0.00827902,56,-0.0119106,-0.00251218,56,-0.00933177,-0.00511719,52,-0.00915637,0.00158801
5004551476836,5004543150000,5004543150000,5004551471910,73729,8.32191,5004562304272,19.1543,1,16818,62307,0,0,1,0,0,0.020003,500,500,494,0.988,2.63391,3.9937,0.610227,0.317243,-0.00932312,-0.0766983,-3.16242e-05,-0.000127311,-0.00477286,-0.000615268,1,-0.00636461,0.00158097,-0.00158097,-0.00636461,1,1,-0.000720378,-0.00574379,-0.000860594,-0.000620818,0,0,0,0,0,0,0,0,0,0,0,0,0,0,0,0,0,0,0,0,0,0,0,255,0.2,7.42183,0.2,-0.00634354,-0.21583,1,1,1,2,0,1,1,0.0849392,-3.29182,0.0380046,-0.00634715,0.00340216,-0.114316,11.3473,15702,1,367,52.2996,3926,0,0.000884653,0.0212345,0.0394272,0,0,0,1,494,0.205,-2.68059e-05,-0.000107893,-2.21181e-05,5.49521e-06,-2.05003e-05,9.92307e-06,0.224478,0.0280413,-0.00955039,0.0397066,-0.207134,-0.000449211,-0.00254535,0.00246338,11.1003,1,0,0,0,0,0,-1,1,-9.04608e-07,-3.41781e-06,-0.207345,0,11.6033,1,1010,1010,1010,1010,0,0,0,0,11.6066,53,-0.00469089,-0.0061796,56,-0.00323248,-0.00157522,53,-0.000521508,-0.00739944,56,-0.00479524,-0.00851131,56,-0.000477366,-0.00984787,56,-0.00155665,-0.00780396,56,-0.00128204,-0.00790612,56,-3.66408e-05,-0.00599931,52,0.000197397,-0.00579854
5004563187594,5004555132000,5004555132000,5004563176261,73729,8.04426,5004576730422,21.5984,0,16818,62308,0,0,1,0,0,0.011982,500,500,492,0.984,2.62735,3.64131,0.709857,0.31154,0.0349121,0.010498,2.56494e-05,-7.70678e-06,-0.0169356,0.0168804,1,-0.000643197,-0.00214066,0.00214066,-0.000643197,1,1,0.00201476,-0.000857724,0.000125902,0.000214527,0,0,0,0,0,0,0,0,0,0,0,0,0,0,0,0,0,0,0,0,0,0,0,255,0.21,-0.842932,0.21,0.00453468,0.0520502,1,1,1,1,0,1,1,0.0849392,-3.29182,0.0380046,-0.00634715,0.00340216,-0.114316,25.7588,15702,1,367,66.7108,3926,0,0.000884653,0.0212345,0.0394272,0,0,0,1,492,0.215,2.17541e-05,-6.64579e-06,-1.42884e-06,-4.67713e-06,-2.35746e-06,-4.28361e-06,0.224476,0.028037,-0.00954161,0.0397079,-0.207171,0.000251169,0.000922465,-0.000232169,14.1374,1,0,0,0,0,0,-1,1,-9.04608e-07,-3.41781e-06,-0.207345,0,26.0217,1,1010,1010,1010,1010,0,0,0,0,26.025,56,-0.00260888,-0.00854228,56,0.000672116,0.00490917,48,0.003661,0.00513386,56,0.00587413,0.00182672,56,0.000836623,0.00412565,56,0.00481494,0.00330988,56,0.00514149,-0.006679,56,0.0034148,-0.00816021,52,0.00325531,0.000743518
5004577231333,5004563142000,5004563142000,5004577220703,73729,14.0787,5004590387472,27.2455,0,16818,62309,0,0,1,0,0,0.00801,500,500,499,0.998,2.67095,3.65149,0.594467,0.315428,0.0785522,0.0567017,0.000130427,0.000134529,0.00829526,-0.0263485,1,0.0167951,-0.0162831,0.0162831,0.0167951,1,1,0.0159069,0.0160528,0.000376201,0.000742288,0,0,0,0,0,0,0,0,0,0,0,0,0,0,0,0,0,0,0,0,0,0,0,255,0.21,3.06049,0.21,0.032731,0.437294,1,1,1,1,1,1,1,0.0849392,-3.29182,0.0380046,-0.00634715,0.00340216,-0.114316,39.414,15702,1,367,80.3661,3926,0,0.000884653,0.0212345,0.0394272,0,0,0,1,499,0.215,0.000110661,0.000114098,2.4531e-05,-2.37922e-05,1.91033e-05,-2.83256e-05,0.224495,0.0280086,-0.00946903,0.0397094,-0.207147,0.0032144,0.00319184,0.00127739,13.3811,2,0,0,0,0,0,-1,1,-9.04608e-07,-3.41781e-06,-0.207345,0,39.684,1,1010,1010,1010,1010,0,0,0,0,39.6873,56,0.0269015,0.0161676,56,0.021227,0.00661835,56,0.0346976,0.0148225,56,0.0276506,0.0209684,56,0.023938,0.00736538,55,0.0185621,0.0187474,56,0.0123705,0.0216551,56,0.0136067,0.019115,52,0.00194762,0.0145198
5004590935939,5004575118000,5004575118000,5004590924662,73729,15.8067,5004603977430,28.8594,0,16818,62310,0,0,1,0,0,0.011976,500,500,499,0.998,2.63715,4.10353,0.60943,0.315706,0.0345917,0.0262451,5.66167e-05,6.04121e-05,-0.005683,-0.00106351,1,0.00504443,-0.00472751,0.00472751,0.00504443,1,1,0.00584622,0.00584383,-0.00111871,-0.000799399,0,0,0,0,0,0,0,0,0,0,0,0,0,0,0,0,0,0,0,0,0,0,0,255,0.21,6.49159,0.21,0.00412735,0.0321068,1,1,1,1,0,1,1,0.0853853,-3.29216,0.034815,-0.00532992,0.00598949,-0.116182,1.62938,15703,1,367,93.9504,3926,0,0.000884653,0.0212345,0.0394272,0,0,0,1,499,0.215,4.80703e-05,5.12122e-05,1.10106e-05,-1.03351e-05,8.64599e-06,-1.23766e-05,0.224504,0.0279963,-0.00945617,0.0395983,-0.207072,0.00261216,-0.00343742,0.0059381,1.40475,2,0,0,0,0,0,-1,1,-9.04608e-07,-3.41781e-06,-0.207281,0,1.90496,1,1010,1010,1010,1010,0,0,0,0,1.90851,56,0.0070327,0.00948165,55,0.0110491,0.00843694,56,0.00698374,0.00244851,56,-4.34237e-05,-0.000226494,56,0.00397577,4.88479e-05,56,0.000366919,0.00354974,56,0.00525879,0.00398894,56,0.00332761,0.00766135,52,0.00789111,0.00527722
5004604482748,5004595126000,5004595126000,5004604476730,73729,9.35073,5004618062521,22.9365,1,16819,62311,0,0,1,0,0,0.020008,500,500,500,1,2.62078,3.77721,0.683135,0.317669,-0.0249557,-0.0610657,-2.94387e-05,-0.000123157,-0.00427867,0.00571464,1,-0.00615539,0.00147135,-0.00147135,-0.00615539,1,1,-0.000103579,-0.00492344,-0.00136777,-0.00123196,0,0,0,0,0,0,0,0,0,0,0,0,0,0,0,0,0,0,0,0,0,0,0,255,0.21,-0.158576,0.21,-0.00555776,-0.00635883,1,1,1,1,0,1,1,0.0853853,-3.29216,0.034815,-0.00532992,0.00598949,-0.116182,15.7227,15703,1,367,108.044,3926,0,0.000884653,0.0212345,0.0394272,0,0,0,1,500,0.215,-2.50481e-05,-0.000104472,-2.24615e-05,5.38535e-06,-2.08592e-05,9.88483e-06,0.224483,0.0280062,-0.00945617,0.0395983,-0.207072,0.00162186,-0.00529741,0.00600261,15.4833,0,0,0,0,0,0,-1,1,-9.04608e-07,-3.41781e-06,-0.207281,0,15.9941,1,1010,1010,1010,1010,0,0,0,0,15.9977,56,-0.0124836,-0.00703509,56,0.00586244,-0.000320707,56,-0.00241613,-0.00570594,56,-0.000864538,-0.00460792,56,-0.0050594,-0.00609436,56,-0.00303475,-0.00706587,56,-0.00283077,-0.00792469,56,-0.00584828,-0.00896174,52,-0.00204463,-0.00885977
5004618575340,5004603146000,5004603146000,5004618566617,73729,15.4206,5004630462284,27.3163,0,16819,62312,0,0,1,0,0,0.00802,500,500,499,0.998,2.64835,3.8551,0.715784,0.315002,-0.0644836,-0.0591431,-6.68629e-05,-0.000117162,0.022787,0.00450458,1,-0.0146087,0.00833702,-0.00833702,-0.0146087,1,1,-0.00901335,-0.013929,0.00067633,-0.000679737,0,0,0,0,0,0,0,0,0,0,0,0,0,0,0,0,0,0,0,0,0,0,0,255,0.21,3.78186,0.21,-0.0149205,-0.00872518,1,1,1,1,0,1,1,0.0853853,-3.29216,0.034815,-0.00532992,0.00598949,-0.116182,28.1225,15703,1,367,120.443,3926,0,0.000884653,0.0212345,0.0394272,0,0,0,1,499,0.215,-5.68382e-05,-9.93003e-05,-2.13496e-05,1.22202e-05,-1.83658e-05,1.63494e-05,0.224464,0.0280225,-0.00949649,0.0396417,-0.207285,-0.00107685,-0.00292287,-0.00318806,12.1156,2,0,0,0,0,0,-1,1,-9.04608e-07,-3.41781e-06,-0.207281,0,28.3879,1,1010,1010,1010,1010,0,0,0,0,28.3915,55,-0.0155175,-0.0281013,56,-0.0051346,-0.0213791,56,-0.0302487,-0.00837289,56,-0.0234168,-0.0163307,56,-0.000321941,-0.00294225,56,-0.00858858,-0.0121272,56,-0.0164199,-0.0082792,56,-0.00845908,-0.0175528,52,-0.00171121,-0.0431256
5004630961417,5004615115000,5004615115000,5004630950454,73729,15.8355,5004645607754,30.4928,0,16819,62313,0,0,1,0,0,0.011969,500,500,498,0.996,2.64645,4.78493,1.00006,0.337373,-0.0803833,0.00257874,-0.000204244,1.31263e-05,-0.00890605,-0.00914096,1,0.00109669,0.0170644,-0.0170644,0.00109669,1,1,-0.0203264,4.81809e-05,0.00326197,0.00104851,0,0,0,0,0,0,0,0,0,0,0,0,0,0,0,0,0,0,0,0,0,0,0,255,0.21,5.10385,0.21,-0.0124617,0.00563092,1,1,1,1,1,1,1,0.0853853,-3.29216,0.034815,-0.00532992,0.00598949,-0.116182,43.3169,15703,1,367,135.638,3926,0,0.000884653,0.0212345,0.0394272,0,0,0,1,498,0.215,-0.000173139,1.11308e-05,2.39312e-06,3.72249e-05,9.99247e-06,3.59356e-05,0.224474,0.0280584,-0.00952495,0.0397278,-0.207439,-0.0017098,0.00450859,-0.012589,14.8314,1,0,0,0,0,0,-1,1,-9.04608e-07,-3.41781e-06,-0.207281,0,43.627,1,1010,1010,1010,1010,0,0,0,0,43.6306,56,-0.0105928,0.00695797,56,-0.0148049,0.00379703,54,-0.00586048,-0.00398589,56,-0.0178092,-0.0011235,56,-0.0166368,-0.00538922,56,-0.0169103,-0.000648558,56,-0.01297,-0.000680547,56,-0.0093389,0.00333505,52,-0.0241057,0.0156301
5004646402408,5004635118000,5004635118000,5004646393649,73729,11.2756,5004663849377,28.7314,1,16820,62314,0,0,1,0,0,0.020003,500,500,500,1,2.91147,7.00765,0.825377,0.319706,-0.0211792,0.122475,-3.02159e-05,0.000265618,0.0128838,-0.0105461,1,0.0132789,0.00151057,-0.00151057,0.0132789,1,1,-0.00432256,0.0120092,0.00281199,0.00126978,0,0,0,0,0,0,0,0,0,0,0,0,0,0,0,0,0,0,0,0,0,0,0,255,0.21,1.10821,0.21,0.000130894,0.0100644,1,1,1,1,0,1,1,0.0853853,-3.29216,0.034815,-0.00532992,0.00598949,-0.116182,61.5143,15703,1,367,153.835,3926,0,0.000884653,0.0212345,0.0394272,0,0,0,1,500,0.215,-2.55958e-05,0.000225185,4.84149e-05,5.50309e-06,4.84704e-05,-4.58194e-06,0.224523,0.0280539,-0.00953005,0.0397758,-0.207519,-0.00122629,0.00546005,-0.0106543,17.9423,1,0,0,0,0,0,-1,1,-9.04608e-07,-3.41781e-06,-0.207703,0,0.264817,1,1010,1010,1010,1010,0,0,0,0,0.268817,56,0.00520784,0.0210327,56,-0.000320749,0.0196801,56,0.00473909,0.0100027,56,-0.00159877,0.00705332,56,-0.00146062,0.00790436,56,-0.00152932,0.00714753,56,-0.00154445,0.0155679,56,0.000307521,0.0156566,52,-0.00312039,0.0165684
5004664384881,5004651167000,5004651167000,5004664379603,73729,13.2126,5004678211507,27.0445,1,16821,62315,0,0,1,0,0,0.016049,500,500,500,1,2.68548,4.54335,0.664986,0.320409,0.0860672,-0.0656586,0.000114228,-0.000131824,-0.010149,0.00221382,1,-0.00821384,-0.00711743,0.00711743,-0.00821384,1,1,0.00715542,-0.00798422,-3.7983e-05,-0.000229619,0,0,0,0,0,0,0,0,0,0,0,0,0,0,0,0,0,0,0,0,0,0,0,255,0.21,8.96222,0.21,0.0100277,-0.0114313,1,1,1,1,0,1,1,0.08537,-3.29235,0.0312651,-0.00659214,0.00326156,-0.118471,14.3351,15704,1,367,168.191,3926,0,0.000884653,0.0212345,0.0394272,0,0,0,1,500,0.215,9.69988e-05,-0.000111696,-2.40146e-05,-2.08547e-05,-2.77681e-05,-1.54669e-05,0.224495,0.0280384,-0.00948452,0.039743,-0.207418,0.0017699,-0.000987362,0.00154658,14.0528,2,0,0,0,0,0,-1,1,-9.04608e-07,-3.41781e-06,-0.207703,0,14.6181,1,1010,1010,1010,1010,0,0,0,0,14.6221,56,0.0154225,-0.0111922,56,-0.00510402,-0.00731173,56,0.00707147,-0.00995028,56,0.012895,-0.00687208,56,0.00829215,-0.00919427,56,0.0117724,-0.00475191,56,0.00267208,-0.00982489,56,0.0100571,-0.00752444,52,0.00805254,-0.00762716
5004678753567,5004663136000,5004663136000,5004678743363,73729,15.6074,5004691076366,27.9404,0,16821,62316,0,0,1,0,0,0.011969,500,500,453,0.906,2.66658,4.67024,0.629301,0.298428,0.0223694,-0.0534668,8.28716e-07,-8.23782e-05,-0.00881463,-0.00252254,1,-0.00688263,-6.92385e-05,6.92385e-05,-0.00688263,1,1,0.0023598,-0.00582894,-0.00229056,-0.00105368,0,0,0,0,0,0,0,0,0,0,0,0,0,0,0,0,0,0,0,0,0,0,0,255,0.21,3.01771,0.21,0.000245634,-0.00563261,1,1,1,1,0,1,1,0.08537,-3.29235,0.0312651,-0.00659214,0.00326156,-0.118471,27.2005,15704,1,367,181.057,3926,0,0.000884653,0.0212345,0.0394272,0,0,0,1,453,0.215,7.11879e-07,-6.98472e-05,-1.50171e-05,-1.53054e-07,-1.47154e-05,2.93866e-06,0.22448,0.0280413,-0.00947983,0.0397642,-0.207306,0.00138942,-0.00453084,0.00899107,12.603,2,0,0,0,0,0,-1,1,-9.04608e-07,-3.41781e-06,-0.207703,0,27.4584,1,1010,1010,1010,1010,0,0,0,0,27.4624,56,-0.012648,0.00172776,55,0.00586178,0.00763345,56,0.00517684,-0.00593928,56,0.00128884,-0.0122682,56,0.00839726,-0.013118,54,-0.000213196,-0.00948149,56,0.00344477,-0.0124438,51,0.000191142,-0.00523257,13,-0.00132214,0.0112385
5004691576130,5004683141000,5004683141000,5004691570537,73729,8.42954,5004706951990,23.811,1,16822,62317,0,0,1,0,0,0.020005,500,500,499,0.998,2.61919,5.40895,0.603689,0.326521,0.0451965,0.0240631,8.83659e-05,3.06759e-05,-0.00262828,0.00221462,1,0.00153341,-0.00441719,0.00441719,0.00153341,1,1,0.00556561,0.000850348,-0.00114841,0.000683062,0,0,0,0,0,0,0,0,0,0,0,0,0,0,0,0,0,0,0,0,0,0,0,255,0.21,4.56448,0.21,0.000664926,0.00637774,1,1,1,1,1,1,1,0.0853059,-3.29256,0.027618,-0.00478114,0.00484329,-0.123442,0.503023,15705,1,367,0.465708,3927,0,0.000884653,0.0255975,0.0397333,0,0,0,1,499,0.215,7.49268e-05,2.60071e-05,5.59153e-06,-1.61093e-05,2.1581e-06,-1.69148e-05,0.224482,0.0280244,-0.00948983,0.0398947,-0.207294,-0.000183149,0.00293717,0.00380402,0.265687,2,0,0,0,0,0,-1,1,-9.04608e-07,-3.41781e-06,-0.207504,0,0.772395,1,1010,1010,1010,1010,0,0,0,0,9.56185,56,0.00880593,-0.00110866,55,0.00623857,0.00134497,56,0.00276373,0.00262141,56,0.00136832,0.00546733,56,0.00569199,0.00448751,56,0.00141188,0.00217152,56,0.000100153,0.000843063,56,0.00480317,-0.000331771,52,0.00688063,0.00161934
5004707520198,5004691160000,5004691160000,5004707508142,73729,16.3481,5004720437798,29.2778,0,16822,62318,0,0,1,0,0,0.008019,500,500,500,1,2.62217,4.66339,0.744284,0.383558,0.0153656,0.0754395,3.65114e-05,0.0001449,0.0016068,0.00194325,1,0.0180696,-0.00455312,0.00455312,0.0180696,1,1,0.00511378,0.0172964,-0.000560665,0.000773205,0,0,0,0,0,0,0,0,0,0,0,0,0,0,0,0,0,0,0,0,0,0,0,255,0.21,1.30866,0.21,0.00134473,0.0169315,1,1,1,1,0,1,1,0.0853059,-3.29256,0.027618,-0.00478114,0.00484329,-0.123442,13.9906,15705,1,367,13.9533,3927,0,0.000884653,0.0255975,0.0397333,0,0,0,1,500,0.215,3.09303e-05,0.000122794,2.64008e-05,-6.65001e-06,2.44491e-05,-1.19368e-05,0.224507,0.0280125,-0.00949097,0.0399136,-0.207278,0.000429095,0.00332478,0.00227196,13.2519,1,0,0,0,0,0,-1,1,-9.04608e-07,-3.41781e-06,-0.207504,0,14.2643,1,1010,1010,1010,1010,0,0,0,0,23.0537,56,0.0101626,0.0139972,56,0.00612058,0.0107311,56,0.00272144,0.0127291,56,0.00726483,0.0220671,56,0.00906712,0.0182161,56,0.00651777,0.0181511,56,0.00093091,0.021895,56,0.00148259,0.0150088,52,0.000786509,0.0144218
5004720946691,5004711167000,5004711167000,5004720941765,73729,9.77477,5004735094264,23.9273,1,16823,62319,0,0,1,0,0,0.020007,500,500,500,1,2.66635,5.05776,0.668227,0.320466,-0.0565796,0.0165405,-0.000125072,2.4253e-05,-0.00233227,-0.00321869,1,0.00121223,0.00625141,-0.00625141,0.00121223,1,1,-0.00585961,0.00133529,-0.000391795,-0.000123061,0,0,0,0,0,0,0,0,0,0,0,0,0,0,0,0,0,0,0,0,0,0,0,255,0.21,4.59102,0.21,-0.00479912,-0.00210804,1,1,1,1,0,1,1,0.0853059,-3.29256,0.027618,-0.00478114,0.00484329,-0.123442,28.6697,15705,1,367,28.6324,3927,0,0.000884653,0.0255975,0.0397333,0,0,0,1,500,0.215,-0.000106046,2.0566e-05,4.42169e-06,2.27999e-05,9.00735e-06,2.14033e-05,0.224516,0.0280339,-0.00948647,0.0398944,-0.20729,0.00068127,-0.000529164,0.00189279,14.3937,1,0,0,0,0,0,-1,1,-9.04608e-07,-3.41781e-06,-0.207504,0,28.9425,1,1010,1010,1010,1010,0,0,0,0,37.7319,56,-0.00551858,0.00657262,56,-0.00446011,0.00171933,56,-0.00272896,0.00296621,56,-0.00186025,-0.00275199,56,-0.00718744,-0.00285522,56,-0.0064581,0.00302417,56,-0.00590914,0.0041541,56,-0.00848906,0.000831811,52,-0.00446692,0.00276219
5004735647620,5004723139000,5004723139000,5004735636435,73729,12.4974,5004750653145,27.5141,0,16823,62320,0,0,1,0,0,0.011972,500,500,500,1,2.68961,4.81106,0.667097,0.320188,-0.0537949,-0.0571213,-0.00013258,-9.03558e-05,-0.00758198,-0.00654428,1,-0.00754726,0.0110741,-0.0110741,-0.00754726,1,1,-0.0121963,-0.00661877,0.00112216,-0.000928489,0,0,0,0,0,0,0,0,0,0,0,0,0,0,0,0,0,0,0,0,0,0,0,255,0.21,8.33758,0.21,-0.00784886,-0.0094941,1,1,1,1,0,1,1,0.0851817,-3.29272,0.0244138,-0.00521668,0.00449719,-0.12505,0.796469,15706,1,367,44.1664,3927,0,0.000884653,0.0255975,0.0397333,0,0,0,1,500,0.215,-0.000112349,-7.65715e-05,-1.64629e-05,2.4155e-05,-1.11307e-05,2.70262e-05,0.224505,0.0280609,-0.00948033,0.0398467,-0.207468,0.00100821,-0.0039925,-0.00305368,0.625857,2,0,0,0,0,0,-1,1,-9.04608e-07,-3.41781e-06,-0.207821,0,0.267798,1,1010,1010,1010,1010,0,0,0,0,1.07475,56,-0.0123413,-0.0155945,56,-0.0137754,0.00958968,56,-0.00906624,-0.0104296,56,-0.0106768,-0.0124172,56,-0.0129836,-0.00803535,56,-0.0169113,-0.0113309,56,-0.007307,-0.0120028,56,-0.00326895,-0.00237355,52,-0.00789788,-0.00318282
5004751159649,5004731158000,5004731158000,5004751149945,73729,19.9919,5004765313740,34.1557,0,16823,62321,0,0,1,0,0,0.008019,500,500,477,0.954,2.65867,4.87939,0.624839,0.307706,-0.00320435,-0.0497437,1.37089e-05,-8.05656e-05,0.0205158,0.0102111,1,-0.0100468,-0.00170956,0.00170956,-0.0100468,1,1,-0.00158913,-0.00987218,0.00329869,-0.000174655,0,0,0,0,0,0,0,0,0,0,0,0,0,0,0,0,0,0,0,0,0,0,0,255,0.21,4.32405,0.21,-0.00176109,-0.00729478,1,1,1,1,1,1,1,0.0851817,-3.29272,0.0244138,-0.00521668,0.00449719,-0.12505,15.4765,15706,1,367,58.8464,3927,0,0.000884653,0.0255975,0.0397333,0,0,0,1,477,0.215,1.16215e-05,-6.82726e-05,-1.46786e-05,-2.49863e-06,-1.48661e-05,5.78145e-07,0.22449,0.0280615,-0.00946745,0.0398713,-0.207612,0.00165657,-0.000751015,-0.0100222,13.0295,1,0,0,0,0,0,-1,1,-9.04608e-07,-3.41781e-06,-0.207821,0,14.9374,1,1010,1010,1010,1010,0,0,0,0,15.7444,56,-0.00275259,-0.00518199,56,0.00169019,-0.00989394,42,0.00839348,-0.00789621,56,-0.00245715,-0.0175783,56,-5.34532e-05,-0.0126847,50,0.00621022,-0.00435759,56,0.00967924,-0.00609223,56,-0.00489332,-0.0251206,49,0.00514791,-0.00946767
5004765892152,5004751170000,5004751170000,5004765887374,73729,14.7174,5004779762797,28.5928,1,16824,62322,0,0,1,0,0,0.020012,500,500,500,1,2.71919,4.64163,0.596838,0.316151,0.0355225,0.0062027,6.48656e-05,3.31987e-05,0.00490289,-0.0028098,1,0.00165894,-0.00324134,0.00324134,0.00165894,1,1,0.000137273,0.00119388,0.00310406,0.000465061,0,0,0,0,0,0,0,0,0,0,0,0,0,0,0,0,0,0,0,0,0,0,0,255,0.21,8.90777,0.21,0.00185659,0.0045446,1,1,1,1,0,1,1,0.0851817,-3.29272,0.0244138,-0.00521668,0.00449719,-0.12505,29.9111,15706,1,367,73.281,3927,0,0.000884653,0.0255975,0.0397333,0,0,0,1,500,0.215,5.5015e-05,2.81364e-05,6.04933e-06,-1.18282e-05,3.47992e-06,-1.28209e-05,0.224493,0.0280487,-0.00946994,0.0399021,-0.207706,0.00120812,0.00199976,-0.00971149,14.1533,1,0,0,0,0,0,-1,1,-9.04608e-07,-3.41781e-06,-0.207821,0,29.4024,1,1010,1010,1010,1010,0,0,0,0,30.2094,56,0.00539472,-0.00587576,56,0.00332847,0.000409752,56,0.00370949,0.000441809,56,0.00641569,0.00216072,56,0.00505239,0.000871721,56,0.000328102,-0.00290789,56,0.00362502,-0.000195722,56,0.00486414,0.00224043,52,0.00385796,0.00777442
5004780298912,5004771161000,5004771161000,5004780294431,73729,9.13343,5004795608179,24.4472,1,16825,62323,0,0,1,0,0,0.019991,500,500,500,1,2.64983,5.00104,0.675986,0.322817,-0.00799561,0.0623627,-2.95259e-06,9.61951e-05,-0.000888332,0.0025323,1,0.00481192,0.000147696,-0.000147696,0.00481192,1,1,-0.000479382,0.00421478,0.000331686,0.000597146,0,0,0,0,0,0,0,0,0,0,0,0,0,0,0,0,0,0,0,0,0,0,0,255,0.21,3.0046,0.21,-0.000404586,0.00328641,1,1,1,1,0,1,1,0.0851817,-3.29272,0.0244138,-0.00521668,0.00449719,-0.12505,45.7627,15706,1,367,89.1326,3927,0,0.000884653,0.0255975,0.0397333,0,0,0,1,500,0.215,-2.51235e-06,8.15037e-05,1.75233e-05,5.40154e-07,1.72443e-05,-3.08116e-06,0.224511,0.0280456,-0.00946005,0.0399399,-0.207649,0.00102491,0.00256773,-0.00032107,15.5654,2,0,0,0,0,0,-1,1,-9.04608e-07,-3.41781e-06,-0.207821,0,45.2288,1,1010,1010,1010,1010,0,0,0,0,46.0358,56,0.00105912,0.00881855,56,0.00332422,0.00526475,56,0.00202879,0.00611617,56,-0.00240133,0.00172438,56,-0.00364103,0.00326637,56,-0.000140181,0.0059563,56,-0.00106619,0.00579627,56,-0.00240956,0.00738511,52,-0.00328332,0.00239902
5004796156684,5004783137000,5004783137000,5004796145924,73729,13.0089,5004813062037,29.925,0,16825,62324,0,0,1,0,0,0.011976,500,500,499,0.998,2.76578,7.34819,0.806562,0.378133,0.0117493,0.00564575,3.20032e-05,-6.76535e-06,-0.000938181,0.00686112,1,-0.000564909,-0.00267228,0.00267228,-0.000564909,1,1,0.00596404,-0.000214415,-0.00329176,-0.000350494,0,0,0,0,0,0,0,0,0,0,0,0,0,0,0,0,0,0,0,0,0,0,0,255,0.2,8.64073,0.2,-0.000809101,-0.204616,1,1,1,1,0,1,1,0.0850569,-3.29289,0.0211713,-0.00616118,0.00388059,-0.125729,6.06723,15707,1,367,106.588,3927,0,0.000884653,0.0255975,0.0397333,0,0,0,1,499,0.205,2.70458e-05,-5.72062e-06,-1.17273e-06,-5.5444e-06,-2.28668e-06,-5.18429e-06,0.224508,0.0280404,-0.00948148,0.0399085,-0.207481,-0.000355443,-0.00143703,0.0105126,5.80993,2,0,0,0,0,0,-1,1,-9.04609e-07,-3.41781e-06,-0.207691,0,6.34377,1,1010,1010,1010,1010,0,0,0,0,6.34801,55,0.00670948,-0.00430769,56,0.00709843,-0.00958142,56,-0.00517441,0.00369957,56,-0.00545207,0.00642533,56,0.000168619,-0.00371544,56,0.000245461,0.00162939,56,0.00512807,0.00387419,56,0.00696378,0.000143263,52,0.00431802,-0.00254177
5004813588430,5004803137000,5004803137000,5004813583578,73729,10.4466,5004827274463,24.1375,1,16826,62325,0,0,1,0,0,0.02,500,500,453,0.906,2.69809,5.17439,0.641672,0.29454,-0.0101318,0.00038147,6.05795e-06,5.75324e-06,-0.00279761,0.00502677,1,0.000287662,-0.000302897,0.000302897,0.000287662,1,1,0.00284337,0.000756136,-0.00254047,-0.000468474,0,0,0,0,0,0,0,0,0,0,0,0,0,0,0,0,0,0,0,0,0,0,0,255,0.2,5.80612,0.2,-0.031504,-0.0774859,1,1,1,1,1,1,1,0.0850569,-3.29289,0.0211713,-0.00616118,0.00388059,-0.125729,20.2705,15707,1,367,120.791,3927,0,0.000884653,0.0255975,0.0397333,0,0,0,1,453,0.205,5.02982e-06,4.79835e-06,9.83662e-07,-1.03111e-06,7.49822e-07,-1.21148e-06,0.224509,0.0280392,-0.00947402,0.0399007,-0.207451,-0.000242806,-0.00192074,0.0081385,13.9649,1,0,0,0,0,0,-1,1,-9.04609e-07,-3.41781e-06,-0.207691,0,20.5277,1,1010,1010,1010,1010,0,0,0,0,20.5319,56,-0.0105295,-0.00362429,55,0.0023376,0.00248933,56,-0.00323353,-0.00182482,50,-0.00315221,0.000139608,56,0.000844025,0.007443,56,-0.000113399,0.00030383,16,-0.00701832,-0.00705033,56,-0.00437709,-0.00154561,52,0.000577951,-0.00485338
5004827848004,5004823137000,5004823137000,5004827843097,73729,4.7061,5004839844653,16.7077,1,16827,62326,0,0,1,0,0,0.02,500,500,477,0.954,2.64478,5.12289,0.732894,0.306132,0.010376,-0.0180359,-7.40228e-05,2.80997e-06,-0.00759691,-0.0185568,1,0.000140499,0.00370114,-0.00370114,0.000140499,1,1,-0.00363961,6.44604e-05,-6.15273e-05,7.60381e-05,0,0,0,0,0,0,0,0,0,0,0,0,0,0,0,0,0,0,0,0,0,0,0,255,0.21,-0.417689,0.21,-0.0215057,0.233066,1,1,1,2,0,1,1,0.0850569,-3.29289,0.0211713,-0.00616118,0.00388059,-0.125729,32.8431,15707,1,367,133.364,3927,0,0.000884653,0.0255975,0.0397333,0,0,0,1,477,0.215,-6.25382e-05,2.4955e-06,5.36532e-07,1.34457e-05,3.28997e-06,1.30472e-05,0.224512,0.0280522,-0.00945748,0.0399157,-0.207534,0.00137154,0.000326964,0.00130888,12.2878,2,0,0,0,0,0,-1,1,-9.04609e-07,-3.41781e-06,-0.207691,0,33.1157,1,1010,1010,1010,1010,0,0,0,0,33.12,56,0.00242004,0.00309783,56,-0.0240817,0.00742951,33,-0.0039233,-0.00275373,56,0.00510124,-0.00384869,56,-0.00269502,-0.00933673,56,0.00348537,0.00187491,56,-0.00586249,0.000715484,56,0.0039385,0.0053803,52,-0.00111022,0.00871847
5004840353083,5004831151000,5004831151000,5004840342490,73729,9.19149,5004853499741,22.3487,0,16827,62327,0,0,1,0,0,0.008014,500,500,496,0.992,2.63661,5.07756,0.665097,0.321521,0.0290222,-0.0122375,8.4632e-05,-2.23839e-05,0.0116772,0.00368848,1,-0.00279311,-0.0105605,0.0105605,-0.00279311,1,1,0.00916341,-0.00305628,0.00139711,0.00026317,0,0,0,0,0,0,0,0,0,0,0,0,0,0,0,0,0,0,0,0,0,0,0,255,0.21,2.0634,0.21,0.00465951,-0.00279173,1,1,1,1,0,1,1,0.0850569,-3.29289,0.0211713,-0.00616118,0.00388059,-0.125729,46.497,15707,1,367,147.018,3927,0,0.000884653,0.0255975,0.0397333,0,0,0,1,496,0.215,7.17579e-05,-1.89477e-05,-4.07375e-06,-1.5428e-05,-7.15714e-06,-1.42583e-05,0.224505,0.028038,-0.00943939,0.0399163,-0.207598,0.00197147,0.00113163,-0.00322887,13.3796,1,0,0,0,0,0,-1,1,-9.04609e-07,-3.41781e-06,-0.207862,0,0.253391,1,1010,1010,1010,1010,0,0,0,0,0.257446,56,0.00914431,0.00713276,56,0.0085113,-0.0101379,52,0.00993694,-0.0019617,56,0.00645782,0.00181359,56,0.00839253,0.00933144,56,-0.00223013,-0.00947055,56,0.00741534,-0.00259619,56,0.0140987,-0.00593851,52,0.0145158,-0.0122844
5004854024337,5004843128000,5004843128000,5004854014597,73729,10.8866,5004867660555,24.5326,0,16827,62328,0,0,1,0,0,0.011977,500,500,459,0.918,2.69889,5.26178,0.664172,0.295317,0.0181274,-0.00975037,7.31268e-05,-7.94336e-06,0.0112452,-0.00296175,1,-0.000663217,-0.0061056,0.0061056,-0.000663217,1,1,0.00457616,-0.000690517,0.00152944,2.72999e-05,0,0,0,0,0,0,0,0,0,0,0,0,0,0,0,0,0,0,0,0,0,0,0,255,0.21,5.5093,0.21,0.00122806,-0.0023665,1,1,1,1,0,1,1,0.0848642,-3.29307,0.0174262,-0.00594644,0.00538575,-0.128927,14.1464,15708,1,367,161.182,3927,0,0.000884653,0.0255975,0.0397333,0,0,0,1,459,0.215,6.20036e-05,-6.71173e-06,-1.44302e-06,-1.33308e-05,-4.1542e-06,-1.27476e-05,0.224501,0.0280252,-0.00942926,0.0399003,-0.207653,0.00224077,0.00011739,-0.00346866,13.9178,1,0,0,0,0,0,-1,1,-9.04609e-07,-3.41781e-06,-0.207862,0,14.4143,1,1010,1010,1010,1010,0,0,0,0,14.4183,56,0.00261642,0.00285934,56,0.00106359,-0.0110308,19,0.00223054,-0.00344963,56,0.00751051,0.000511436,56,0.00640544,0.00467453,52,0.00528138,-0.00222054,56,0.00590487,-0.00162972,56,0.00480341,-0.00400397,52,0.00445983,-0.000769618
5004868192485,5004863138000,5004863138000,5004868187762,73729,5.04976,5004882490448,19.3524,1,16828,62329,0,0,1,0,0,0.02001,500,500,442,0.884,2.65095,4.67974,0.685061,0.290132,-0.0621948,-0.0562592,-0.000107622,-0.000113902,0.000817756,-0.001106,1,-0.00569223,0.00537839,-0.00537839,-0.00569223,1,1,-0.00648106,-0.00523081,0.00110266,-0.000461423,0,0,0,0,0,0,0,0,0,0,0,0,0,0,0,0,0,0,0,0,0,0,0,255,0.2,-0.541948,0.2,0.0224546,-0.118149,1,1,1,1,1,1,1,0.0848642,-3.29307,0.0174262,-0.00594644,0.00538575,-0.128927,28.9723,15708,1,367,176.008,3927,0,0.000884653,0.0255975,0.0397333,0,0,0,1,442,0.205,-9.12019e-05,-9.65214e-05,-1.97869e-05,1.86964e-05,-1.54965e-05,2.23732e-05,0.224486,0.0280476,-0.00945424,0.0398467,-0.207766,0.000350759,-0.00189183,-0.00333613,14.5494,2,0,0,0,0,0,-1,1,-9.04609e-07,-3.41781e-06,-0.207862,0,29.2187,1,1010,1010,1010,1010,0,0,0,0,29.2227,56,0.000203222,-0.00795237,55,-0.00539594,-0.00553434,13,-0.00636233,-0.00466062,56,-0.00168453,-0.00411552,56,-0.00989659,-0.0115622,43,-0.000876409,-0.00913927,56,-0.00705018,-0.00278006,56,-0.00568568,-0.00448567,51,-0.00689452,-0.0035505
5004883045378,5004871153000,5004871153000,5004883034470,73729,11.8815,5004895876496,24.7235,0,16828,62330,0,0,1,0,0,0.008015,500,500,466,0.932,2.66258,5.04091,0.782561,0.303965,-0.0542755,0.01091,-0.00010446,3.3854e-05,0.00919126,0.00639005,1,0.00422383,0.0130331,-0.0130331,0.00422383,1,1,-0.0136485,0.00442703,0.000615427,-0.00020321,0,0,0,0,0,0,0,0,0,0,0,0,0,0,0,0,0,0,0,0,0,0,0,255,0.2,4.15487,0.2,0.0355829,-0.324078,1,1,1,1,0,1,1,0.0848642,-3.29307,0.0174262,-0.00594644,0.00538575,-0.128927,42.3841,15708,1,367,189.419,3927,0,0.000884653,0.0255975,0.0397333,0,0,0,1,466,0.205,-8.86774e-05,2.86451e-05,5.87224e-06,1.81789e-05,9.48512e-06,1.65778e-05,0.224495,0.0280642,-0.00946764,0.0398472,-0.207813,-0.00108962,-0.00083316,-0.0028903,13.1556,1,0,0,0,0,0,-1,1,-9.04609e-07,-3.41781e-06,-0.207862,0,42.6762,1,1010,1010,1010,1010,0,0,0,0,42.6803,56,-0.0357509,0.0124052,56,0.00579373,0.00991923,22,-0.000906499,0.0141104,56,-0.0128561,0.00347946,56,-0.00195334,0.000229539,56,-0.0200317,0.00849747,56,-0.00937372,-0.004773,56,-0.0201019,-0.00599328,52,-0.00469535,0.000998665
5004896437630,5004879166000,5004879166000,5004896426630,73729,17.2606,5004910926817,31.7608,0,16828,62331,0,0,1,0,0,0.008013,500,500,486,0.972,2.73432,5.32787,0.633505,0.312669,-0.0158539,0.0331879,-6.05987e-07,3.24461e-05,0.00699358,0.017424,1,0.00404918,7.56254e-05,-7.56254e-05,0.00404918,1,1,-0.000127445,0.00363319,5.18192e-05,0.000415991,0,0,0,0,0,0,0,0,0,0,0,0,0,0,0,0,0,0,0,0,0,0,0,255,0.2,7.39865,0.2,-0.00041686,0.00709578,1,1,1,1,0,1,1,0.0847246,-3.29319,0.0139914,-0.00620281,0.00357691,-0.131508,4.25627,15709,1,367,4.2072,3928,0,0.000884653,0.0299245,0.0392713,0,0,0,1,486,0.205,-6.00205e-07,2.74429e-05,5.6258e-06,1.23042e-07,5.52569e-06,-1.03956e-06,0.224501,0.0280631,-0.00947172,0.0398787,-0.207842,-0.000457365,0.00170556,-0.000535859,4.02848,2,0,0,0,0,0,-1,1,-9.04608e-07,-3.41781e-06,-0.208052,0,4.52109,1,1010,1010,1010,1010,0,0,0,0,4.52531,56,-0.00306346,-0.0022123,56,0.0259979,0.0124919,56,0.00318774,0.0110135,56,-0.00602463,0.00821787,56,0.00229071,0.00940152,56,-0.00986306,0.00248123,56,-0.00071758,0.00933927,56,0.0060386,0.00342071,38,-0.00911663,-0.00601598
5004911445710,5004899190000,5004899190000,5004911440265,73729,12.2503,5004925480856,26.2909,1,16829,62332,0,0,1,0,0,0.020024,500,500,499,0.998,2.63356,5.17943,0.672024,0.316114,0.0179749,0.025238,2.15021e-05,3.26597e-05,0.000384197,0.00286042,1,0.00163103,-0.00107382,0.00107382,0.00163103,1,1,0.00128324,0.00130154,-0.000209425,0.000329492,0,0,0,0,0,0,0,0,0,0,0,0,0,0,0,0,0,0,0,0,0,0,0,255,0.21,2.0884,0.21,0.00614119,0.215999,1,1,1,1,0,1,1,0.0847246,-3.29319,0.0139914,-0.00620281,0.00357691,-0.131508,18.8346,15709,1,367,18.7857,3928,0,0.000884653,0.0299245,0.0392713,0,0,0,1,499,0.215,1.82343e-05,2.76657e-05,5.94813e-06,-3.92037e-06,5.00808e-06,-5.06248e-06,0.224506,0.0280581,-0.00945535,0.0398748,-0.20783,0.00161839,0.00141682,0.00201514,14.3186,1,0,0,0,0,0,-1,1,-9.04608e-07,-3.41781e-06,-0.208052,0,19.111,1,1010,1010,1010,1010,0,0,0,0,19.1153,56,0.00183134,-0.00118735,55,0.00233517,0.00209441,56,0.000926536,0.00385981,56,0.000515284,0.00182543,56,0.00456934,0.00341324,56,0.00258278,0.000932084,56,0.00261365,0.00370801,56,0.00221786,0.00226036,52,-0.00155939,0.00273578
5004926019953,5004911153000,5004911153000,5004926009508,73729,14.8565,5004942861362,31.7084,0,16829,62333,0,0,1,0,0,0.011963,500,500,500,1,2.7601,4.684,0.782636,0.317836,0.03302,0.0124207,5.02933e-05,4.88332e-05,-0.00815184,-0.0128804,1,0.00408202,-0.00420407,0.00420407,0.00408202,1,1,0.00443184,0.00393861,-0.000227768,0.000143404,0,0,0,0,0,0,0,0,0,0,0,0,0,0,0,0,0,0,0,0,0,0,0,255,0.21,5.91419,0.21,0.00429902,0.0035162,1,1,1,1,1,1,1,0.0847246,-3.29319,0.0139914,-0.00620281,0.00357691,-0.131508,36.2004,15709,1,367,36.1516,3928,0,0.000884653,0.0299245,0.0392713,0,0,0,1,500,0.215,4.2718e-05,4.14328e-05,8.90806e-06,-9.18437e-06,6.81794e-06,-1.08236e-05,0.224512,0.0280473,-0.00942273,0.0398707,-0.207819,0.00286009,0.000616639,0.00307159,17.1005,1,0,0,0,0,0,-1,1,-9.04608e-07,-3.41781e-06,-0.208052,0,36.4763,1,1010,1010,1010,1010,0,0,0,0,36.4805,56,0.00918707,0.000874022,56,0.000169474,0.00124298,56,0.00101901,0.00510251,56,0.00594794,0.00373416,56,0.00227581,0.00843937,56,0.00951798,-8.37271e-05,56,-0.000906384,-0.00248355,56,0.00688527,0.00925842,52,0.00853167,0.00469884
5004943455607,5004931150000,5004931150000,5004943448848,73729,12.2988,5004958711615,27.5616,1,16830,62334,0,0,1,0,0,0.019997,500,500,500,1,2.85856,5.92297,0.657913,0.317225,0.0629883,-0.0101013,7.70969e-05,-1.97644e-05,-0.00441892,-0.00634129,1,-0.00098837,-0.00385542,0.00385542,-0.00098837,1,1,0.00464728,-0.000606165,-0.000791861,-0.000382205,0,0,0,0,0,0,0,0,0,0,0,0,0,0,0,0,0,0,0,0,0,0,0,255,0.21,3.63332,0.21,0.00160018,-0.00226679,1,1,1,1,0,1,1,0.0845443,-3.29339,0.0106965,-0.00584887,0.00503528,-0.133656,1.83844,15710,1,367,51.9946,3928,0,0.000884653,0.0299245,0.0392713,0,0,0,1,500,0.215,6.54922e-05,-1.67085e-05,-3.59233e-06,-1.40808e-05,-6.41212e-06,-1.30377e-05,0.224506,0.0280342,-0.00945177,0.0398051,-0.207814,0.00114161,-0.00164348,0.00363729,1.59579,3,0,0,0,0,0,-1,1,-9.04608e-07,-3.41781e-06,-0.208023,0,2.11615,1,1010,1010,1010,1010,0,0,0,0,2.12035,56,0.00597993,0.00474442,56,-0.00492415,0.0013058,56,0.00871462,-0.00107415,56,0.00616663,-0.00460328,56,0.00678034,-0.00646242,56,0.00580215,-0.00026867,56,0.00323852,0.00169716,56,0.0037989,-0.00180298,52,-0.00067463,0.00321175
5004959227248,5004939173000,5004939173000,5004959216600,73729,20.0436,5004972221738,33.0487,0,16830,62335,0,0,1,0,0,0.008023,500,500,500,1,2.63728,4.75731,0.675116,0.31904,0.0117722,-0.00263214,4.57231e-05,9.55131e-06,-0.00376071,-0.0069665,1,0.00119049,-0.005699,0.005699,0.00119049,1,1,0.00623395,0.00107507,-0.000534947,0.000115421,0,0,0,0,0,0,0,0,0,0,0,0,0,0,0,0,0,0,0,0,0,0,0,255,0.2,9.07477,0.2,0.000224924,0.00146254,1,1,1,1,0,1,1,0.0845443,-3.29339,0.0106965,-0.00584887,0.00503528,-0.133656,15.3504,15710,1,367,65.5065,3928,0,0.000884653,0.0299245,0.0392713,0,0,0,1,500,0.205,3.87678e-05,8.06674e-06,1.65368e-06,-7.94739e-06,-2.01723e-08,-8.11759e-06,0.224506,0.0280261,-0.00946034,0.03982,-0.207848,-0.00153096,0.000473227,0.000529857,13.241,1,0,0,0,0,0,-1,1,-9.04608e-07,-3.41781e-06,-0.208023,0,15.6232,1,1010,1010,1010,1010,0,0,0,0,15.6274,56,0.00213455,0.00617625,56,0.0259792,0.0125853,56,0.0123266,-0.00562186,56,0.00269699,0.00230813,56,-0.000782304,0.00576517,56,-0.00332096,-0.00331341,56,0.000178279,-0.00240563,56,0.000130595,0.00156486,52,0.00273197,-0.0106433
5004972761613,5004959209000,5004959209000,5004972755372,73729,13.5464,5004987324967,28.116,1,16831,62336,0,0,1,0,0,0.020036,500,500,500,1,2.66539,5.19465,0.663672,0.318761,-0.0747528,0.0112305,-0.000154043,-6.5131e-07,-0.00274922,0.000380664,1,-3.2507e-05,0.00768833,-0.00768833,-3.2507e-05,1,1,-0.00781143,-0.000534965,0.000123104,0.000502458,0,0,0,0,0,0,0,0,0,0,0,0,0,0,0,0,0,0,0,0,0,0,0,255,0.2,2.45578,0.2,-0.0156541,-0.199869,1,1,1,1,0,1,1,0.0845443,-3.29339,0.0106965,-0.00584887,0.00503528,-0.133656,30.4513,15710,1,367,80.6076,3928,0,0.000884653,0.0299245,0.0392713,0,0,0,1,500,0.205,-0.000130607,-5.49639e-07,-1.12676e-07,2.67745e-05,5.40597e-06,2.62221e-05,0.224511,0.0280523,-0.0094782,0.0398326,-0.207895,-0.00100745,0.00206008,-0.00120974,14.8173,1,0,0,0,0,0,-1,1,-9.04608e-07,-3.41781e-06,-0.208023,0,30.7301,1,1010,1010,1010,1010,0,0,0,0,30.7343,56,-0.00821813,-0.000231948,56,-0.0121518,-0.00264618,56,-0.00584409,0.00287063,56,-0.00479502,-0.000150353,56,-0.0127012,0.00200934,56,-0.00721663,6.01001e-05,56,-0.00620367,0.00282626,56,-0.00346897,0.00115634,52,-0.0106806,0.00352682
5004987843230,5004979177000,5004979177000,5004987838360,73729,8.66136,5005002527215,23.3502,1,16832,62337,0,0,1,0,0,0.019968,500,500,500,1,2.65791,4.89187,0.674061,0.322781,-0.0146942,-0.018158,-8.8387e-06,-3.48463e-05,0.00494123,0.00700032,1,-0.00174511,0.000442643,-0.000442643,-0.00174511,1,1,-0.0015188,-0.00167035,0.00107615,-7.47576e-05,0,0,0,0,0,0,0,0,0,0,0,0,0,0,0,0,0,0,0,0,0,0,0,255,0.2,6.36988,0.2,0.000497697,-0.00216876,1,1,1,1,1,1,1,0.0845443,-3.29339,0.0106965,-0.00584887,0.00503528,-0.133656,45.653,15710,1,367,95.8092,3928,0,0.000884653,0.0299245,0.0392713,0,0,0,1,500,0.205,-7.62516e-06,-2.96221e-05,-6.07254e-06,1.56316e-06,-5.61472e-06,2.78257e-06,0.224506,0.0280551,-0.00945702,0.0397696,-0.208008,0.000732032,-0.000306506,-0.00294416,13.5422,2,0,0,0,0,0,-1,1,-9.04608e-07,-3.41781e-06,-0.208279,0,0.207668,1,1010,1010,1010,1010,0,0,0,0,0.211742,56,-0.00852696,-0.00742797,56,0.000743075,-0.00102526,56,0.00159332,-0.00235498,56,-0.00393177,0.00153312,56,0.00651656,0.00137686,56,-0.00300958,-0.000444363,56,0.00122371,-0.00646333,56,-0.000521844,-0.00587299,52,0.00082939,-0.00711745
5005003103830,5004991148000,5004991148000,5005003093182,73729,11.9452,5005015147165,23.9992,0,16832,62338,0,0,1,0,0,0.011971,500,500,500,1,2.66987,5.09756,0.693413,0.322095,0.0235214,-0.0495911,7.73728e-05,-7.20283e-05,0.0188766,-0.0137613,1,-0.0060169,-0.00646335,0.00646335,-0.0060169,1,1,0.0044943,-0.00532643,0.00196905,-0.000690469,0,0,0,0,0,0,0,0,0,0,0,0,0,0,0,0,0,0,0,0,0,0,0,255,0.21,2.34126,0.21,0.00405175,0.0113158,1,1,1,2,0,1,1,0.084379,-3.29356,0.00705842,-0.00586732,0.00416563,-0.136293,12.592,15711,1,367,108.467,3928,0,0.000884653,0.0299245,0.0392713,0,0,0,1,500,0.215,6.55915e-05,-6.09687e-05,-1.31083e-05,-1.41022e-05,-1.57232e-05,-1.10928e-05,0.22449,0.028044,-0.00943745,0.0397452,-0.20807,0.00288555,-0.00296902,-0.00446511,12.3189,1,0,0,0,0,0,-1,1,-9.04608e-07,-3.41781e-06,-0.208279,0,12.8562,1,1010,1010,1010,1010,0,0,0,0,12.8602,56,0.0117661,-0.0105394,56,0.00902705,-0.00355883,56,-0.000524292,-0.0116904,56,0.00216793,5.70749e-05,56,0.00495786,-0.01109,56,-0.000315044,-0.00371496,56,0.00364703,-0.000692287,56,0.00451259,-0.00877522,52,0.0157771,0.00225039
5005015691354,5004999203000,5004999203000,5005015680576,73729,16.4776,5005028505898,29.3029,0,16832,62339,0,0,1,0,0,0.008055,500,500,500,1,2.69769,4.60239,0.625875,0.322947,0.0148773,-0.0205994,1.0766e-05,-6.06104e-05,-0.00367572,0.0147783,1,-0.00752456,-0.00133656,0.00133656,-0.00752456,1,1,-1.92605e-05,-0.00720341,0.00135582,-0.000321156,0,0,0,0,0,0,0,0,0,0,0,0,0,0,0,0,0,0,0,0,0,0,0,255,0.21,4.46726,0.21,0.0101869,0.423047,1,1,1,1,0,1,1,0.084379,-3.29356,0.00705842,-0.00586732,0.00416563,-0.136293,25.917,15711,1,367,121.792,3928,0,0.000884653,0.0299245,0.0392713,0,0,0,1,500,0.215,9.20212e-06,-5.13645e-05,-1.10434e-05,-1.97845e-06,-1.12046e-05,3.43975e-07,0.224479,0.0280444,-0.00944478,0.0397396,-0.208104,0.00142071,-0.00138097,-0.00352747,13.0248,1,0,0,0,0,0,-1,1,-9.04608e-07,-3.41781e-06,-0.208279,0,26.2015,1,1010,1010,1010,1010,0,0,0,0,26.2056,56,0.0026801,0.00858518,56,-0.00463034,-0.00538233,56,0.0136538,0.00260289,56,0.00613106,-0.0188558,56,-0.000103828,-0.00731542,56,0.00336513,-0.00901087,56,0.00337643,-0.00706926,56,0.00125035,-0.00844939,52,0.0035231,-0.0108829
5005029057199,5005019170000,5005019170000,5005029052643,73729,9.88264,5005042564026,23.394,1,16833,62340,0,0,1,0,0,0.019967,500,500,494,0.988,2.67606,4.92878,0.651524,0.316372,-0.032196,0.0402679,-7.41878e-05,9.15536e-05,-0.0011762,-0.00479692,1,0.00458525,0.00371552,-0.00371552,0.00458525,1,1,-0.00350036,0.00426231,-0.000215164,0.000322942,0,0,0,0,0,0,0,0,0,0,0,0,0,0,0,0,0,0,0,0,0,0,0,255,0.21,7.46702,0.21,-0.00484051,0.038412,1,1,1,1,0,1,1,0.084379,-3.29356,0.00705842,-0.00586732,0.00416563,-0.136293,39.9743,15711,1,367,135.849,3928,0,0.000884653,0.0299245,0.0392713,0,0,0,1,494,0.215,-6.28897e-05,7.7545e-05,1.66722e-05,1.35213e-05,1.9088e-05,9.78825e-06,0.224498,0.0280541,-0.00945197,0.0397829,-0.208101,0.000213197,0.00138865,0.00091072,13.7766,2,0,0,0,0,0,-1,1,-9.04608e-07,-3.41781e-06,-0.208279,0,40.2424,1,1010,1010,1010,1010,0,0,0,0,40.2465,56,-0.00165114,0.00462536,56,-0.00255998,0.0108307,50,-0.00602535,0.000441263,56,-0.00121712,0.00293615,56,-0.00648949,0.00453783,56,-0.00231235,0.00376193,56,-0.00445598,0.00227302,56,0.000272204,0.00729404,52,-0.00957626,0.00578756
5005043070567,5005031141000,5005031141000,5005043061937,73729,11.9209,5005058898912,27.7579,0,16833,62341,0,0,1,0,0,0.011971,500,500,500,1,2.64245,5.57451,0.683431,0.317929,-0.00166321,0.0482941,-1.76261e-05,9.98412e-05,-0.00426145,-0.0043812,1,0.00834025,0.0014724,-0.0014724,0.00834025,1,1,-1.29311e-05,0.00812105,-0.00145947,0.0002192,0,0,0,0,0,0,0,0,0,0,0,0,0,0,0,0,0,0,0,0,0,0,0,255,0.21,1.68136,0.21,-0.00161494,0.00609185,1,1,1,1,1,1,1,0.0842636,-3.29377,0.00337604,-0.00580775,0.00378103,-0.13792,1.11005,15712,1,367,152.179,3928,0,0.000884653,0.0299245,0.0392713,0,0,0,1,500,0.215,-1.49787e-05,8.45915e-05,1.81872e-05,3.22041e-06,1.84449e-05,-6.02163e-07,0.224516,0.0280535,-0.00945182,0.0397618,-0.208029,0.000539203,0.000942561,0.00545193,0.840007,3,0,0,0,0,0,-1,1,-9.04608e-07,-3.41781e-06,-0.208249,0,1.38401,1,1010,1010,1010,1010,0,0,0,0,1.38753,56,-0.0179796,0.00015999,56,0.00222812,0.0026354,56,-0.00252695,0.0105585,56,0.00523622,0.00887203,56,-0.000560684,0.00805985,56,-0.00219731,0.0102582,56,0.00176054,0.0127312,56,-0.00676091,0.00816315,52,-0.011338,0.00588258
5005059487120,5005051151000,5005051151000,5005059481472,73729,8.33047,5005071227212,20.0762,1,16834,62342,0,0,1,0,0,0.02001,500,500,486,0.972,2.64919,4.88609,0.630857,0.310132,0.0148163,0.0619354,6.16612e-05,0.000125886,0.00159396,0.00257771,1,0.00629114,-0.00308152,0.00308152,0.00629114,1,1,0.00450149,0.00645084,-0.00141997,-0.000159701,0,0,0,0,0,0,0,0,0,0,0,0,0,0,0,0,0,0,0,0,0,0,0,255,0.21,7.45967,0.21,0.00111392,0.00279717,1,1,1,2,0,1,1,0.0842636,-3.29377,0.00337604,-0.00580775,0.00378103,-0.13792,13.447,15712,1,367,164.516,3928,0,0.000884653,0.0299245,0.0392713,0,0,0,1,486,0.215,5.22811e-05,0.000106731,2.29473e-05,-1.12404e-05,2.01175e-05,-1.5734e-05,0.224536,0.0280378,-0.00945182,0.0397618,-0.208029,0.00057094,-0.000686716,0.00534144,13.1685,0,0,0,0,0,0,-1,1,-9.04608e-07,-3.41781e-06,-0.208249,0,13.7024,1,1010,1010,1010,1010,0,0,0,0,13.7059,56,0.0090674,0.0139912,56,3.85908e-06,0.00237382,42,0.00340852,0.00360987,56,-0.0014837,0.00691611,56,-0.000610893,0.00310242,56,0.00475912,0.00618545,56,-0.0012231,0.00414865,56,0.00501668,0.00657983,52,0.00475968,0.00771888
5005071726882,5005059173000,5005059173000,5005071716790,73729,12.5438,5005084867373,25.6944,0,16834,62343,0,0,1,0,0,0.008022,500,500,500,1,2.63546,5.0096,0.594745,0.322466,-0.00975037,-0.0269012,-3.31394e-05,-4.17903e-05,-0.00554229,-0.0121697,1,-0.00520947,0.00413106,-0.00413106,-0.00520947,1,1,-0.00353932,-0.0046287,-0.000591738,-0.000580765,0,0,0,0,0,0,0,0,0,0,0,0,0,0,0,0,0,0,0,0,0,0,0,255,0.21,-0.155816,0.21,-0.00370557,-0.00675933,1,1,1,1,0,1,1,0.0842636,-3.29377,0.00337604,-0.00580775,0.00378103,-0.13792,27.1018,15712,1,367,178.171,3928,0,0.000884653,0.0299245,0.0392713,0,0,0,1,500,0.215,-2.80431e-05,-3.53999e-05,-7.61098e-06,6.02926e-06,-6.19782e-06,7.47033e-06,0.22453,0.0280453,-0.00945743,0.0397262,-0.208059,0.000264745,-0.00249729,0.00224737,13.3668,1,0,0,0,0,0,-1,1,-9.04608e-07,-3.41781e-06,-0.208249,0,27.3759,1,1010,1010,1010,1010,0,0,0,0,27.3794,56,0.00178141,-0.0166824,56,-0.00863816,-0.0090016,56,0.00374048,-0.00643482,56,-0.0123544,-0.00661357,56,-0.00918158,0.000450817,56,-0.00112232,0.00361872,56,-0.00109074,-0.00542893,56,-0.000685162,-0.00440226,52,-0.00493329,-0.00636428
5005085418285,5005071146000,5005071146000,5005085407748,73729,14.2617,5005099442579,28.2966,0,16834,62344,0,0,1,0,0,0.011973,500,500,500,1,2.69208,4.7133,0.674432,0.316318,0.0173187,-0.0374603,3.5318e-05,-6.57016e-05,0.000999891,-0.00407053,1,-0.00548748,-0.0029498,0.0029498,-0.00548748,1,1,0.00216508,-0.00521514,0.000784719,-0.000272346,0,0,0,0,0,0,0,0,0,0,0,0,0,0,0,0,0,0,0,0,0,0,0,255,0.21,3.38503,0.21,0.000996126,-0.00433511,1,1,1,1,0,1,1,0.0842636,-3.29377,0.00337604,-0.00580775,0.00378103,-0.13792,41.6586,15712,1,367,192.728,3928,0,0.000884653,0.0299245,0.0392713,0,0,0,1,500,0.215,2.99695e-05,-5.56603e-05,-1.1967e-05,-6.44343e-06,-1.30285e-05,-3.83364e-06,0.224517,0.0280414,-0.00946011,0.0397326,-0.208143,0.000263828,-0.00117109,-0.00248837,14.3062,1,0,0,0,0,0,-1,1,-9.04608e-07,-3.41781e-06,-0.208249,0,41.9273,1,1010,1010,1010,1010,0,0,0,0,0.14639,56,0.0111886,0.00115014,56,-0.00144437,-0.00511726,56,0.00929328,-0.00644595,56,0.00267618,-0.00355734,56,0.00446127,-0.00726241,56,-0.00230168,-0.0132153,56,5.82213e-05,0.00108383,56,0.00291314,-0.00479724,52,-0.0021949,-0.00447719
5005099958676,5005087186000,5005087186000,5005099951250,73729,12.7652,5005115567612,28.3816,1,16835,62345,0,0,1,0,0,0.01604,500,500,499,0.998,2.67865,5.29354,0.714987,0.31341,0.0375366,0.00415039,0.000149419,-1.89419e-05,0.0170071,0.0109524,1,-0.00118092,-0.00931542,0.00931542,-0.00118092,1,1,0.00772944,-0.00134266,0.00158597,0.000161747,0,0,0,0,0,0,0,0,0,0,0,0,0,0,0,0,0,0,0,0,0,0,0,255,0.21,7.5243,0.21,0.00484344,0.00222278,1,1,1,1,1,1,1,0.0841578,-3.29396,0.000621528,-0.00555565,0.00420634,-0.14063,14.6684,15713,1,367,208.859,3928,0,0.000884653,0.0299245,0.0392713,0,0,0,1,499,0.215,0.00012653,-1.60744e-05,-3.45601e-06,-2.72039e-05,-8.99192e-06,-2.59034e-05,0.224508,0.0280155,-0.00947174,0.039732,-0.208218,-0.000115347,0.000695511,-0.00554802,15.8197,1,0,0,0,0,0,-1,1,-9.04609e-07,-3.41781e-06,-0.208466,0,0.26028,1,1010,1010,1010,1010,0,0,0,0,16.283,56,0.00223656,-0.00329,55,0.0213178,-0.00265468,56,0.00320028,0.000802688,56,0.00276538,0.000895207,56,0.00727347,0.00312296,56,0.00498778,-0.00327337,56,0.0110707,0.00164517,56,0.00484435,-0.00389554,52,0.0102016,-0.00104979
5005116160450,5005107220000,5005107220000,5005116155524,73729,8.93552,5005130947232,23.7272,1,16836,62346,0,0,1,0,0,0.020034,500,500,500,1,2.65265,4.69691,0.664579,0.317095,-0.00337219,-0.0377808,4.4221e-06,-4.71802e-05,-0.00307055,-0.00842522,1,-0.00235501,-0.00022073,0.00022073,-0.00235501,1,1,-0.00082819,-0.00258499,0.00104892,0.00022998,0,0,0,0,0,0,0,0,0,0,0,0,0,0,0,0,0,0,0,0,0,0,0,255,0.21,3.65962,0.21,0.00108677,-0.00330775,1,1,1,1,0,1,1,0.0841578,-3.29396,0.000621528,-0.00555565,0.00420634,-0.14063,30.0452,15713,1,367,15.3238,3929,0,0.000884653,0.0375125,0.0388619,0,0,0,1,500,0.215,3.89059e-06,-3.98938e-05,-8.57717e-06,-8.36476e-07,-8.55786e-06,9.53489e-07,0.2245,0.0280165,-0.00943111,0.0397222,-0.208251,0.00109838,0.000988913,-0.00272958,15.068,2,0,0,0,0,0,-1,1,-9.04609e-07,-3.41781e-06,-0.208466,0,15.6333,1,1010,1010,1010,1010,0,0,0,0,31.656,56,0.00586521,-0.000233364,56,-0.00243453,-0.0074286,56,0.000463711,-0.00131569,56,0.00445481,-0.00307819,56,-0.00162812,-0.00460022,56,-0.00162746,-0.00476973,56,-0.00506062,-0.00109362,56,-0.0014311,-0.00358399,52,0.00119839,0.00217469
5005131455773,5005119165000,5005119165000,5005131446273,73729,12.2813,5005145830440,26.6654,0,16836,62347,0,0,1,0,0,0.011945,500,500,500,1,2.63995,5.19795,0.597449,0.319947,-0.0446625,-0.0585938,-0.000120919,-0.000105877,-0.0145375,-0.00216687,1,-0.00886373,0.010123,-0.010123,-0.00886373,1,1,-0.0099192,-0.00841724,-0.000203809,-0.000446494,0,0,0,0,0,0,0,0,0,0,0,0,0,0,0,0,0,0,0,0,0,0,0,255,0.21,8.60009,0.21,-0.00809351,-0.00828783,1,1,1,1,0,1,1,0.0841578,-3.29396,0.000621528,-0.00555565,0.00420634,-0.14063,44.9394,15713,1,367,30.2181,3929,0,0.000884653,0.0375125,0.0388619,0,0,0,1,500,0.215,-0.000102473,-8.97768e-05,-1.9302e-05,2.20317e-05,-1.43233e-05,2.5544e-05,0.224485,0.028042,-0.00941095,0.0396849,-0.208253,0.00241348,-0.00191992,0.00263189,14.5411,2,0,0,0,0,0,-1,1,-9.04609e-07,-3.41781e-06,-0.208466,0,30.545,1,1010,1010,1010,1010,0,0,0,0,46.5677,56,-0.00829936,-0.00483864,56,-0.0106603,-0.00589142,56,-0.00240487,-0.0147313,56,-0.0040548,-0.012112,56,-0.0115618,-0.00918759,56,-0.00811219,-0.0065641,56,-0.0044116,-0.00831604,56,-0.0116893,-0.00320775,52,-0.022482,-0.01231
5005146390426,5005127181000,5005127181000,5005146382167,73729,19.2012,5005159337564,32.1566,0,16836,62348,0,0,1,0,0,0.008016,500,500,483,0.966,2.71467,5.04022,0.594615,0.302003,0.0128174,0.00230408,5.92092e-05,1.15139e-06,0.0267669,0.00286875,1,0.000143637,-0.00738637,0.00738637,0.000143637,1,1,0.00747394,-0.000197842,-8.75683e-05,0.000341478,0,0,0,0,0,0,0,0,0,0,0,0,0,0,0,0,0,0,0,0,0,0,0,255,0.2,3.41623,0.2,0.000531593,0.00235922,1,1,1,1,0,1,1,0.0841044,-3.29412,-0.00220641,-0.00406084,0.00365895,-0.141901,1.73111,15714,1,367,43.7082,3929,0,0.000884653,0.0375125,0.0388619,0,0,0,1,483,0.205,5.02023e-05,1.03689e-06,2.12563e-07,-1.02915e-05,-1.91716e-06,-1.01132e-05,0.224483,0.0280319,-0.00944909,0.0397291,-0.208358,-0.000361628,0.00140006,-2.07811e-06,1.46266,3,0,0,0,0,0,-1,1,-9.04609e-07,-3.41781e-06,-0.208534,0,1.99435,1,1010,1010,1010,1010,0,0,0,0,1.99818,56,0.0172547,0.00253178,55,0.00578321,0.00983986,43,0.0148122,-0.00369754,56,-0.000420634,0.00168233,56,0.00679468,-0.00923947,54,0.00162582,-0.000626532,56,0.00658249,0.0032702,56,0.00355503,0.00319493,51,0.0106468,-0.00121812
5005159837179,5005147178000,5005147178000,5005159832067,73729,12.6541,5005173974918,26.7969,1,16837,62349,0,0,1,0,0,0.019997,500,500,497,0.994,2.65985,5.06234,0.705487,0.303039,-0.0539856,0.105835,-9.15793e-05,0.000204796,-0.00193262,-0.00106617,1,0.0102414,0.00457965,-0.00457965,0.0102414,1,1,-0.00480411,0.00952514,0.00022446,0.000716219,0,0,0,0,0,0,0,0,0,0,0,0,0,0,0,0,0,0,0,0,0,0,0,255,0.2,6.20801,0.2,-0.0181829,-0.194132,1,1,1,1,1,1,1,0.0841044,-3.29412,-0.00220641,-0.00406084,0.00365895,-0.141901,16.3718,15714,1,367,58.349,3929,0,0.000884653,0.0375125,0.0388619,0,0,0,1,497,0.205,-7.77642e-05,0.0001735,3.55675e-05,1.59417e-05,3.80624e-05,8.24594e-06,0.224522,0.0280402,-0.00944909,0.0397291,-0.208358,-0.000550207,0.0029365,-0.00117639,16.1005,0,0,0,0,0,0,-1,1,-9.04609e-07,-3.41781e-06,-0.208534,0,16.6516,1,1010,1010,1010,1010,0,0,0,0,16.6554,55,-0.00327348,0.00841941,56,0.00346618,0.013184,56,-0.00826466,0.0105708,56,-0.00905834,0.0108539,56,-0.00469678,0.010826,56,-0.00864751,0.00644067,56,-0.00337856,0.0109862,56,-0.00525123,0.0103108,50,-0.000577267,0.010645
5005174563775,5005159158000,5005159158000,5005174551978,73729,15.394,5005189805671,30.6477,0,16837,62350,0,0,1,0,0,0.01198,500,500,500,1,2.68541,4.82783,0.599097,0.313947,0.000671387,0.0376434,4.22585e-06,2.66931e-05,-0.00286482,0.0115823,1,0.00222814,-0.000352742,0.000352742,0.00222814,1,1,5.69862e-05,0.0019939,0.000295756,0.000234241,0,0,0,0,0,0,0,0,0,0,0,0,0,0,0,0,0,0,0,0,0,0,0,255,0.2,1.1238,0.2,0.000875295,0.00278707,1,1,1,1,0,1,1,0.0841044,-3.29412,-0.00220641,-0.00406084,0.00365895,-0.141901,32.2018,15714,1,367,74.179,3929,0,0.000884653,0.0375125,0.0388619,0,0,0,1,500,0.205,3.54895e-06,2.26078e-05,4.6346e-06,-7.27535e-07,4.38052e-06,-1.66989e-06,0.224526,0.0280385,-0.00944672,0.039709,-0.208389,4.97879e-05,0.000960388,-0.000930249,15.5838,1,0,0,0,0,0,-1,1,-9.04609e-07,-3.41781e-06,-0.208534,0,32.4717,1,1010,1010,1010,1010,0,0,0,0,32.4755,56,-0.00355664,0.000558184,56,0.00503053,-0.00496795,56,-0.00669533,0.00442645,56,0.00476219,0.00361542,56,-0.00472143,0.00348617,56,-0.00585818,0.00926953,56,0.00318571,0.00472419,56,0.00239724,0.00376814,52,-0.000338363,0.00541525
5005190321193,5005179164000,5005179164000,5005190315971,73729,11.152,5005204571138,25.4071,1,16838,62351,0,0,1,0,0,0.020006,500,500,497,0.994,2.71748,5.14317,0.705598,0.327132,0.0656281,-0.0103607,0.000174838,-2.0952e-05,0.00961067,0.00519467,1,-0.00104728,-0.00873928,0.00873928,-0.00104728,1,1,0.00841302,-0.000700641,0.00032626,-0.000346644,0,0,0,0,0,0,0,0,0,0,0,0,0,0,0,0,0,0,0,0,0,0,0,255,0.2,6.71172,0.2,0.00617792,-0.00263746,1,1,1,1,0,1,1,0.0841044,-3.29412,-0.00220641,-0.00406084,0.00365895,-0.141901,46.9664,15714,1,367,88.9435,3929,0,0.000884653,0.0375125,0.0388619,0,0,0,1,497,0.205,0.000148206,-1.77298e-05,-3.6346e-06,-3.03823e-05,-9.82801e-06,-2.89745e-05,0.224516,0.0280095,-0.00941923,0.0396643,-0.20841,0.00140654,-0.00142124,5.50982e-05,14.4838,2,0,0,0,0,0,-1,1,-9.04609e-07,-3.41781e-06,-0.208613,0,0.257632,1,1010,1010,1010,1010,0,0,0,0,0.261317,56,0.00995597,0.0028928,56,0.00342298,-0.00244815,53,0.00932017,0.000299496,56,0.00702892,0.00295152,56,0.00784354,-0.00217213,56,0.0155179,-0.00148208,56,0.00548305,-0.00127955,56,0.00849317,-0.00416971,52,0.00465457,-0.00687972
5005205098271,5005187184000,5005187184000,5005205087549,73729,17.9035,5005219725255,32.5413,0,16838,62352,0,0,1,0,0,0.00802,500,500,500,1,2.73389,6.36146,0.686709,0.349355,0.0601578,-0.0185318,0.00011907,2.87972e-06,0.0128882,-0.0199551,1,0.000359068,-0.0148467,0.0148467,0.000359068,1,1,0.0149648,0.000869067,-0.000118122,-0.000509999,0,0,0,0,0,0,0,0,0,0,0,0,0,0,0,0,0,0,0,0,0,0,0,255,0.21,1.2111,0.21,0.0198521,0.189669,1,1,1,1,0,1,1,0.0839969,-3.29436,-0.00520662,-0.00531132,0.00334971,-0.143755,15.1461,15715,1,367,104.103,3929,0,0.000884653,0.0375125,0.0388619,0,0,0,1,500,0.215,0.000100949,2.44473e-06,5.25616e-07,-2.1704e-05,-3.9686e-06,-2.13438e-05,0.224512,0.0279882,-0.00940574,0.0396513,-0.208405,0.00199568,-0.002193,0.00200289,14.9039,1,0,0,0,0,0,-1,1,-9.04609e-07,-3.41781e-06,-0.208613,0,15.4328,1,1010,1010,1010,1010,0,0,0,0,15.4365,56,0.0195846,-0.000434388,56,0.0269104,0.00504494,56,0.00229709,-0.0134366,56,-0.00169126,-0.009791,56,0.0281935,0.00433444,56,0.0149217,0.00045496,56,0.0195969,0.00563173,56,0.0166774,-0.000470548,52,0.00944456,-0.00359834
5005220261278,5005207183000,5005207183000,5005220255741,73729,13.0727,5005234640723,27.4577,1,16839,62353,0,0,1,0,0,0.019999,500,500,500,1,2.67332,5.07358,0.611005,0.312317,0.043869,-0.0186615,5.4583e-05,-2.76758e-05,-0.00800323,-0.00525499,1,-0.00138386,-0.00272929,0.00272929,-0.00138386,1,1,0.00283361,-0.00123233,-0.000104319,-0.000151532,0,0,0,0,0,0,0,0,0,0,0,0,0,0,0,0,0,0,0,0,0,0,0,255,0.2,5.22191,0.2,0.00412329,0.0734733,1,1,1,1,1,1,1,0.0839969,-3.29436,-0.00520662,-0.00531132,0.00334971,-0.143755,30.0642,15715,1,367,119.021,3929,0,0.000884653,0.0375125,0.0388619,0,0,0,1,500,0.205,4.63432e-05,-2.34054e-05,-4.7981e-06,-9.50035e-06,-6.65286e-06,-8.303e-06,0.224505,0.0279799,-0.00939232,0.0396505,-0.208429,0.00158509,-0.000621282,0.00161024,14.5718,2,0,0,0,0,0,-1,1,-9.04609e-07,-3.41781e-06,-0.208613,0,30.337,1,1010,1010,1010,1010,0,0,0,0,30.3407,56,0.00455747,-0.00271326,56,-0.00161606,-0.000257323,56,0.00610878,-0.00116165,56,0.00618216,-0.00207961,56,0.00140422,0.000576259,56,0.00376612,-0.00387097,56,0.0012306,-0.00138029,56,0.000780293,0.00119425,52,0.00670014,-0.00222161
5005235223469,5005219161000,5005219161000,5005235211543,73729,16.0505,5005251718152,32.5572,0,16839,62354,0,0,1,0,0,0.011978,500,500,488,0.976,2.66824,6.16282,0.666839,0.315133,-0.0307846,-0.0245819,-8.21385e-05,-4.17243e-05,-0.000910787,0.00646349,1,-0.00348341,0.00685744,-0.00685744,-0.00348341,1,1,-0.00674357,-0.0037873,-0.000113871,0.000303884,0,0,0,0,0,0,0,0,0,0,0,0,0,0,0,0,0,0,0,0,0,0,0,255,0.2,0.8376,0.2,-0.00762272,-0.259815,1,1,1,1,0,1,1,0.0839141,-3.29454,-0.00859116,-0.00462349,0.0039015,-0.146055,0.833932,15716,1,367,136.094,3929,0,0.000884653,0.0375125,0.0388619,0,0,0,1,488,0.205,-6.95899e-05,-3.53901e-05,-7.25497e-06,1.42659e-05,-4.14483e-06,1.54579e-05,0.224501,0.0279953,-0.00942963,0.0396681,-0.208489,-0.000424159,0.00124593,3.41704e-05,0.660524,2,0,0,0,0,0,-1,1,-9.04609e-07,-3.41781e-06,-0.208739,0,0.28215,1,1010,1010,1010,1010,0,0,0,0,1.12573,56,-0.0105766,-0.00730989,55,-0.0166999,0.00834522,45,-0.00159319,0.00301654,56,-0.00551339,-0.00824709,56,-0.00571935,-0.0132225,56,0.00563228,0.00287129,56,-0.00243467,-0.00537654,56,-0.00474023,-0.00860912,52,-0.00725614,0.000808501
5005252277527,5005239217000,5005239217000,5005252272083,73729,13.0551,5005266343081,27.1261,1,16840,62355,0,0,1,0,0,0.020056,500,500,500,1,2.68056,5.34999,0.768062,0.313503,-0.0918732,0.0124359,-0.000131069,2.00819e-05,0.00294825,0.00706,1,0.00100129,0.00653514,-0.00653514,0.00100129,1,1,-0.00631141,0.000705925,-0.000223726,0.000295365,0,0,0,0,0,0,0,0,0,0,0,0,0,0,0,0,0,0,0,0,0,0,0,255,0.2,7.355,0.2,-0.00776053,0.0008491,1,1,1,1,0,1,1,0.0839141,-3.29454,-0.00859116,-0.00462349,0.0039015,-0.146055,15.4824,15716,1,367,150.742,3929,0,0.000884653,0.0375125,0.0388619,0,0,0,1,500,0.205,-0.000111322,1.69489e-05,3.47452e-06,2.28211e-05,8.1116e-06,2.16091e-05,0.224509,0.0280169,-0.00942963,0.0396681,-0.208489,-0.000938734,0.001211,-1.71645e-05,15.2912,0,0,0,0,0,0,-1,1,-9.04609e-07,-3.41781e-06,-0.208739,0,14.9126,1,1010,1010,1010,1010,0,0,0,0,15.7562,56,-0.0171863,0.000507238,56,0.0137722,0.00317326,56,-0.0108615,-0.00171427,56,-0.0103581,0.00285339,56,-0.00805177,0.0015786,56,-0.0103138,-0.00342703,56,-0.00818947,0.001265,56,-0.00684118,-8.61117e-05,52,-0.00856137,0.00125417
5005266906956,5005259181000,5005259181000,5005266899715,73729,7.71871,5005281750553,22.5696,1,16841,62356,0,0,1,0,0,0.019964,500,500,500,1,2.69919,4.61068,0.67745,0.338892,-0.037178,-0.0172272,-5.75216e-05,-3.49463e-05,0.00632698,-0.00266501,1,-0.00175047,0.00288126,-0.00288126,-0.00175047,1,1,-0.00321004,-0.0017155,0.000328779,-3.49686e-05,0,0,0,0,0,0,0,0,0,0,0,0,0,0,0,0,0,0,0,0,0,0,0,255,0.21,2.059,0.21,0.00439793,0.0923162,1,1,1,1,0,1,1,0.0839141,-3.29454,-0.00859116,-0.00462349,0.0039015,-0.146055,30.8664,15716,1,367,166.126,3929,0,0.000884653,0.0375125,0.0388619,0,0,0,1,500,0.215,-4.87663e-05,-2.95719e-05,-6.35795e-06,1.04848e-05,-4.04816e-06,1.15734e-05,0.224505,0.0280285,-0.00942382,0.039645,-0.208575,-0.000129159,-0.000150365,-0.00123433,15.0981,2,0,0,0,0,0,-1,1,-9.04609e-07,-3.41781e-06,-0.208739,0,30.2992,1,1010,1010,1010,1010,0,0,0,0,31.1427,56,-0.00478765,0.00127756,56,-0.0129966,-0.00509366,56,-0.000672049,-0.00123719,56,0.000656303,-0.00278429,56,-0.00148747,-0.000907074,56,-0.00544601,0.000981303,56,-0.00302628,-0.00149736,56,-0.00250865,0.000151244,52,0.00136962,-0.00329846
5005282255908,5005267176000,5005267176000,5005282246945,73729,15.0709,5005295652290,28.4763,0,16841,62357,0,0,1,0,0,0.007995,500,500,500,1,2.67467,5.25217,0.606783,0.346262,0.0272064,-0.0254669,6.17453e-05,-2.16423e-05,-3.39548e-05,-0.0060216,1,-0.00270697,-0.00772299,0.00772299,-0.00270697,1,1,0.00668462,-0.00240353,0.00103837,-0.000303439,0,0,0,0,0,0,0,0,0,0,0,0,0,0,0,0,0,0,0,0,0,0,0,255,0.21,7.18185,0.21,0.0187905,0.301043,1,1,1,1,1,1,1,0.0839141,-3.29454,-0.00859116,-0.00462349,0.0039015,-0.146055,44.786,15716,1,367,180.046,3929,0,0.000884653,0.0375125,0.0388619,0,0,0,1,500,0.215,5.23625e-05,-1.8366e-05,-3.94869e-06,-1.12579e-05,-6.18774e-06,-1.01969e-05,0.224499,0.0280183,-0.00937809,0.0396366,-0.208646,0.00214803,-0.00130479,-0.00185356,13.5545,2,0,0,0,0,0,-1,1,-9.04609e-07,-3.41781e-06,-0.208739,0,44.2158,1,1010,1010,1010,1010,0,0,0,0,45.0593,56,0.0136372,-0.010802,56,0.0114097,0.00532054,56,0.0116288,-0.00383665,56,0.00338594,-0.00159326,56,0.0133879,-0.0100474,56,-0.00229598,-0.00264023,56,0.010317,-0.00591935,56,0.000722582,-0.00133791,52,-0.00254966,-0.0128753
5005296312351,5005287179000,5005287179000,5005296307277,73729,9.12828,5005310211237,23.0322,1,16842,62358,0,0,1,0,0,0.020003,500,500,463,0.926,2.69411,5.51715,0.621893,0.301372,0.0630188,-0.00845337,0.000136105,-9.93802e-06,0.000838687,-0.00692571,1,-0.000496827,-0.00680425,0.00680425,-0.000496827,1,1,0.00642696,-0.000576769,0.000377291,7.99427e-05,0,0,0,0,0,0,0,0,0,0,0,0,0,0,0,0,0,0,0,0,0,0,0,255,0.2,0.987008,0.2,-0.00875866,-0.039435,1,1,1,1,0,1,1,0.0834297,-3.29464,-0.0113358,-0.00451379,0.00316881,-0.148434,6.11944,15717,1,367,194.59,3929,0,0.000884653,0.0375125,0.0388619,0,0,0,1,463,0.205,0.000115417,-8.41502e-06,-1.72508e-06,-2.36606e-05,-6.57845e-06,-2.27912e-05,0.224493,0.0279955,-0.00935874,0.0397229,-0.208646,0.00211499,0.000327765,0.000454476,5.88999,2,0,0,0,0,0,-1,1,-9.04609e-07,-3.41781e-06,-0.208852,0,6.37677,1,1010,1010,1010,1010,0,0,0,0,6.38116,44,0.00633545,-0.00160454,56,0.0040263,0.00582118,56,0.00409564,-0.00213147,46,0.00765188,-0.00418728,56,0.0063122,0.00146811,56,0.00404552,0.0012568,41,0.00488637,0.00231027,56,0.0109753,-9.29876e-05,52,0.00584658,0.00218689
5005310713611,5005295185000,5005295185000,5005310703315,73729,15.5183,5005324949981,29.765,0,16842,62359,0,0,1,0,0,0.008006,500,500,499,0.998,2.68767,5.26428,0.689394,0.309021,0.0098877,0.0305176,-6.2243e-06,3.62399e-05,-0.00431192,0.016267,1,0.0045266,0.000777455,-0.000777455,0.0045266,1,1,-2.40081e-05,0.00434222,-0.000753447,0.000184376,0,0,0,0,0,0,0,0,0,0,0,0,0,0,0,0,0,0,0,0,0,0,0,255,0.2,5.23932,0.2,-0.0241513,-0.409647,1,1,1,1,0,1,1,0.0834297,-3.29464,-0.0113358,-0.00451379,0.00316881,-0.148434,20.8623,15717,1,367,14.7082,3930,0,0.000884653,0.037612,0.038816,0,0,0,1,499,0.205,-5.27011e-06,3.07414e-05,6.30199e-06,1.08037e-06,6.38383e-06,-2.47167e-07,0.224499,0.0279953,-0.00936874,0.0397602,-0.208616,0.000618916,0.000755942,0.00296644,14.4624,1,0,0,0,0,0,-1,1,-9.04609e-07,-3.41781e-06,-0.208852,0,21.1296,1,1010,1010,1010,1010,0,0,0,0,21.134,55,-0.00658203,0.00943598,56,0.0136631,-0.00167136,56,0.00204679,0.010383,56,0.00993065,0.0128318,56,0.00244386,0.00219947,56,-0.00102409,0.000342994,56,7.13127e-05,0.00629754,56,-0.0110472,-0.000173842,52,0.00576633,0.00995617
5005325494726,5005315183000,5005315183000,5005325489930,73729,10.3069,5005339661225,24.4782,1,16843,62360,0,0,1,0,0,0.019998,500,500,500,1,2.70021,4.9715,0.769413,0.30854,-0.0190735,0.0846405,-1.9926e-05,0.000110254,0.00102496,0.0135071,1,0.00551327,0.000996398,-0.000996398,0.00551327,1,1,0.000621768,0.00542619,-0.00161817,8.70859e-05,0,0,0,0,0,0,0,0,0,0,0,0,0,0,0,0,0,0,0,0,0,0,0,255,0.2,-0.291262,0.2,-0.00339038,0.00234485,1,1,1,1,0,1,1,0.0834297,-3.29464,-0.0113358,-0.00451379,0.00316881,-0.148434,35.5687,15717,1,367,29.4143,3930,0,0.000884653,0.037612,0.038816,0,0,0,1,500,0.205,-1.70805e-05,9.33365e-05,1.9134e-05,3.5015e-06,1.94282e-05,-5.33434e-07,0.224518,0.0279948,-0.00939945,0.0397974,-0.208591,-0.00152138,0.000357052,0.00409048,14.454,1,0,0,0,0,0,-1,1,-9.04609e-07,-3.41781e-06,-0.208852,0,35.8546,1,1010,1010,1010,1010,0,0,0,0,35.8589,56,-0.00819702,-0.00194647,56,0.00731372,0.0047068,56,-0.00602677,0.00774539,56,-0.00671602,0.00919022,56,-0.000967771,0.0136901,56,-0.0080757,0.00727741,56,0.00271257,0.00676025,56,-0.000633636,0.00376939,52,-0.00192908,0.00351809
5005340202544,5005327171000,5005327171000,5005340192951,73729,13.022,5005355121975,27.951,0,16843,62361,0,0,1,0,0,0.011988,500,500,499,0.998,2.66924,4.92596,0.600116,0.314614,-0.00900269,0.015686,-2.42011e-05,1.54165e-05,-0.00317778,-0.000589019,1,0.001286,0.00201878,-0.00201878,0.001286,1,1,-0.00141616,0.00140801,-0.000602615,-0.000122011,0,0,0,0,0,0,0,0,0,0,0,0,0,0,0,0,0,0,0,0,0,0,0,255,0.2,4.24422,0.2,-0.00169289,0.000732571,1,1,1,1,1,1,1,0.0824907,-3.29461,-0.0142498,-0.00778355,0.00377654,-0.150872,1.20792,15718,1,367,44.8649,3930,0,0.000884653,0.037612,0.038816,0,0,0,1,499,0.205,-2.0559e-05,1.30084e-05,2.66672e-06,4.21459e-06,3.47832e-06,3.57129e-06,0.224522,0.0279983,-0.00940553,0.0398923,-0.208676,-0.000601797,-0.000500245,0.00149514,0.972637,3,0,0,0,0,0,-1,1,-9.04609e-07,-3.41781e-06,-0.208884,0,1.47573,1,1010,1010,1010,1010,0,0,0,0,1.47981,56,-0.0137395,0.00297265,55,-0.000120516,0.00178569,56,-0.00375221,0.00319474,56,-0.000989952,0.00757213,56,0.0049596,-0.00510356,56,-0.00198079,0.00377715,56,-0.00264868,0.00326951,56,-0.00145135,0.00392598,52,-0.000994884,-0.00418394
5005355694850,5005347183000,5005347183000,5005355689998,73729,8.507,5005369016102,21.8331,1,16844,62362,0,0,1,0,0,0.020012,500,500,493,0.986,2.68919,4.77572,0.594431,0.313891,-0.0107422,-0.0567322,1.17062e-05,-9.90669e-05,0.00424956,-0.000761871,1,-0.00495038,-0.00058496,0.00058496,-0.00495038,1,1,-6.20885e-05,-0.00487466,0.000647048,-7.5719e-05,0,0,0,0,0,0,0,0,0,0,0,0,0,0,0,0,0,0,0,0,0,0,0,255,0.2,-0.576708,0.2,0.000578085,-0.00410383,1,1,1,1,0,1,1,0.0824907,-3.29461,-0.0142498,-0.00778355,0.00377654,-0.150872,15.1086,15718,1,367,58.7655,3930,0,0.000884653,0.037612,0.038816,0,0,0,1,493,0.205,9.88804e-06,-8.39615e-05,-1.72121e-05,-2.02705e-06,-1.72445e-05,1.57976e-06,0.224505,0.0279999,-0.00940553,0.0398923,-0.208676,0.000528861,-0.000310448,-0.00169923,14.8689,0,0,0,0,0,0,-1,1,-9.04609e-07,-3.41781e-06,-0.208884,0,15.3863,1,1010,1010,1010,1010,0,0,0,0,15.3904,56,0.00759342,-0.00576731,56,-0.00390946,-0.00997778,49,-0.00263727,-0.00553116,56,-0.00326652,-0.00583284,56,0.00238397,0.000645543,56,-0.000236731,-0.00359278,56,-0.000939698,-0.00475979,56,-0.00184056,-0.00560956,52,-0.00242008,-0.0079909
5005369544457,5005355194000,5005355194000,5005369535994,73729,14.342,5005382117444,26.9234,0,16844,62363,0,0,1,0,0,0.008011,500,500,497,0.994,2.67278,4.96308,0.601746,0.315003,0.0266113,-0.0114136,5.94432e-05,-2.97225e-05,0.00665802,0.0103229,1,-0.00371021,-0.0074202,0.0074202,-0.00371021,1,1,0.00549322,-0.00379366,0.00192698,8.34505e-05,0,0,0,0,0,0,0,0,0,0,0,0,0,0,0,0,0,0,0,0,0,0,0,255,0.21,3.12808,0.21,0.00548605,-0.000996239,1,1,1,1,0,1,1,0.0824907,-3.29461,-0.0142498,-0.00778355,0.00377654,-0.150872,28.2164,15718,1,367,71.8732,3930,0,0.000884653,0.037612,0.038816,0,0,0,1,497,0.215,5.03631e-05,-2.5205e-05,-5.41907e-06,-1.08281e-05,-7.53777e-06,-9.4707e-06,0.224497,0.0279904,-0.0093784,0.0399575,-0.20882,0.00147572,0.000358837,-0.00544824,12.7665,2,0,0,0,0,0,-1,1,-9.04609e-07,-3.41781e-06,-0.208884,0,28.4848,1,1010,1010,1010,1010,0,0,0,0,28.4889,56,0.00394638,-0.00585306,56,0.0196843,-0.00344849,53,0.0105234,-0.00016033,56,0.0154796,0.00245231,56,0.007276,-0.0122016,56,0.00471945,0.0016077,56,0.00424438,-0.00648703,56,0.00553232,-0.00568716,52,0.00815551,-0.00636306
5005382657152,5005367210000,5005367210000,5005382645893,73729,15.4359,5005397128579,29.9186,0,16844,62364,0,0,1,0,0,0.012016,500,500,500,1,2.67746,5.23561,0.685246,0.319002,0.03479,-0.0276794,7.46604e-05,-4.99839e-05,0.00628171,-0.000367721,1,-0.00415978,-0.00621341,0.00621341,-0.00415978,1,1,0.00476894,-0.0042329,0.00144447,7.31195e-05,0,0,0,0,0,0,0,0,0,0,0,0,0,0,0,0,0,0,0,0,0,0,0,255,0.21,6.06901,0.21,0.0284982,0.364654,1,1,1,1,0,1,1,0.0824907,-3.29461,-0.0142498,-0.00778355,0.00377654,-0.150872,43.2364,15718,1,367,86.8932,3930,0,0.000884653,0.037612,0.038816,0,0,0,1,500,0.215,6.33213e-05,-4.23716e-05,-9.1099e-06,-1.36141e-05,-1.17222e-05,-1.14316e-05,0.224485,0.027979,-0.00936014,0.0399823,-0.208833,0.00233905,0.000314414,-0.00309775,14.6564,1,0,0,0,0,0,-1,1,-9.04609e-07,-3.41781e-06,-0.208884,0,43.5096,1,1010,1010,1010,1010,0,0,0,0,43.5137,56,0.00771965,-0.0112205,56,-0.00298332,0.00482214,56,0.00636676,-0.00108797,56,-0.00305137,-0.00541074,56,-0.000522488,0.00285318,56,0.0079916,-0.00496481,56,0.0108864,-0.00411736,56,0.00779925,-0.0113436,52,0.0121454,-0.00344167
5005397671343,5005387172000,5005387172000,5005397664547,73729,10.4925,5005412850146,25.6781,1,16845,62365,0,0,1,0,0,0.019962,500,500,500,1,2.72391,5.28584,0.66345,0.309484,-0.0116119,-0.0123596,-2.91953e-05,-2.72523e-05,-0.00412572,-7.55696e-05,1,-0.00136521,0.00146255,-0.00146255,-0.00136521,1,1,-0.000649851,-0.00113143,-0.000812695,-0.000233778,0,0,0,0,0,0,0,0,0,0,0,0,0,0,0,0,0,0,0,0,0,0,0,255,0.2,0.768117,0.2,-0.012902,-0.212156,1,1,1,1,1,1,1,0.0815172,-3.29456,-0.0174179,-0.00775136,0.00480949,-0.153002,4.68724,15719,1,367,102.6,3930,0,0.000884653,0.037612,0.038816,0,0,0,1,500,0.205,-2.46984e-05,-2.30893e-05,-4.73331e-06,5.06316e-06,-3.57949e-06,5.93355e-06,0.224482,0.0279849,-0.00936097,0.0400051,-0.208748,0.00111678,-0.000958491,0.00355907,4.44789,2,0,0,0,0,0,-1,1,-9.04609e-07,-3.41781e-06,-0.208955,0,4.95393,1,1010,1010,1010,1010,0,0,0,0,4.95878,56,0.00146973,-0.00305471,56,-0.00759212,-0.0017551,56,0.00378192,-0.00112705,56,-0.00222309,-0.00146792,56,-0.000321523,-0.00233159,56,-0.00399881,-0.00186603,56,0.00158515,-0.00152973,56,-0.000675967,0.00367442,52,-0.00315589,-0.00162141
5005413410039,5005395185000,5005395185000,5005413397428,73729,18.2124,5005426639309,31.4543,0,16845,62366,0,0,1,0,0,0.008013,500,500,500,1,2.71484,4.95311,0.618171,0.312539,-0.0148621,0.00195312,-3.4345e-05,-1.45788e-05,-0.00128807,0.0181121,1,-0.00181939,0.00428616,-0.00428616,-0.00181939,1,1,-0.00223709,-0.0016542,-0.00204907,-0.000165193,0,0,0,0,0,0,0,0,0,0,0,0,0,0,0,0,0,0,0,0,0,0,0,255,0.2,6.35588,0.2,-0.00546722,6.58013e-05,1,1,1,1,0,1,1,0.0815172,-3.29456,-0.0174179,-0.00775136,0.00480949,-0.153002,18.5067,15719,1,367,116.42,3930,0,0.000884653,0.037612,0.038816,0,0,0,1,500,0.205,-2.92133e-05,-1.23959e-05,-2.54116e-06,5.98873e-06,-1.24543e-06,6.38508e-06,0.224481,0.0279913,-0.00937111,0.0400192,-0.208709,-0.000371618,-0.00067729,0.00642367,13.4822,1,0,0,0,0,0,-1,1,-9.04609e-07,-3.41781e-06,-0.208955,0,18.7823,1,1010,1010,1010,1010,0,0,0,0,18.7871,56,-0.0177599,-0.00715141,56,0.0217421,0.000470093,56,-0.0109872,-0.00618755,56,0.00719194,-0.000170742,56,-0.00592883,0.00432349,56,-0.00916463,0.00298597,56,-0.00401084,0.000136136,56,-0.0048477,-0.00519706,52,0.00881298,-0.0025731
5005427204054,5005415194000,5005415194000,5005427198850,73729,12.0048,5005441069217,25.8752,1,16846,62367,0,0,1,0,0,0.020009,500,500,500,1,2.68435,4.89996,0.700172,0.305298,-0.0513458,0.0553894,-7.24984e-05,9.9418e-05,0.00204457,-0.00545624,1,0.00496866,0.00362329,-0.00362329,0.00496866,1,1,-0.00229833,0.00482687,-0.00132496,0.000141791,0,0,0,0,0,0,0,0,0,0,0,0,0,0,0,0,0,0,0,0,0,0,0,255,0.2,-0.148149,0.2,-0.00486455,0.00492839,1,1,1,1,0,1,1,0.0815172,-3.29456,-0.0174179,-0.00775136,0.00480949,-0.153002,32.9093,15719,1,367,130.822,3930,0,0.000884653,0.037612,0.038816,0,0,0,1,500,0.205,-6.15125e-05,8.43038e-05,1.72823e-05,1.26101e-05,1.95018e-05,8.75859e-06,0.2245,0.0280001,-0.00938405,0.0400516,-0.208725,-0.000677622,0.000581345,0.00380376,14.1451,1,0,0,0,0,0,-1,1,-9.04609e-07,-3.41781e-06,-0.208955,0,33.1744,1,1010,1010,1010,1010,0,0,0,0,33.1792,56,-0.00122477,0.010472,56,-0.00375601,0.00587134,56,-0.00375716,0.00606923,56,-0.00656958,0.00906767,56,-0.00441602,0.00575253,56,0.00279847,0.0034692,56,-0.00597131,0.0075817,56,-0.00602691,0.00316707,52,-0.00848805,-0.000141059
5005441577073,5005427196000,5005427196000,5005441566684,73729,14.3707,5005458505872,31.3099,0,16846,62368,0,0,1,0,0,0.012002,500,500,500,1,2.69391,4.95143,0.603375,0.307002,0.00566101,0.00878906,-9.79753e-06,-1.19097e-05,-0.00297313,0.00736162,1,-0.000992312,0.000816325,-0.000816325,-0.000992312,1,1,-0.00197289,-0.00124818,0.00115657,0.000255871,0,0,0,0,0,0,0,0,0,0,0,0,0,0,0,0,0,0,0,0,0,0,0,255,0.2,4.04529,0.2,0.000569078,1.61784e-05,1,1,1,1,0,1,1,0.0805652,-3.29454,-0.0209394,-0.0103462,0.00387153,-0.155724,0.707413,15720,1,367,148.251,3930,0,0.000884653,0.037612,0.038816,0,0,0,1,500,0.205,-8.33654e-06,-1.01332e-05,-2.0773e-06,1.70899e-06,-1.67665e-06,2.10242e-06,0.224498,0.0280022,-0.00936612,0.0400727,-0.208942,0.000648623,0.00104907,-0.00327465,0.469559,3,0,0,0,0,0,-1,1,-9.04609e-07,-3.41781e-06,-0.209149,0,0.980415,1,1010,1010,1010,1010,0,0,0,0,0.984396,56,-0.0112255,-0.00121266,56,0.00483891,-0.00373707,56,0.00745323,0.00313947,56,0.00214368,0.00206825,56,0.00353191,-0.00582237,56,-0.00765637,0.00194598,56,7.98075e-06,-8.94565e-05,56,0.00317659,0.000411619,52,-0.00243855,-0.0048517
5005458999986,5005447165000,5005447165000,5005458994523,73729,11.8295,5005472422109,25.2571,1,16847,62369,0,0,1,0,0,0.019969,500,500,500,1,2.6843,4.52207,0.670042,0.343299,0.0662842,-0.00902557,0.000101684,-5.53975e-06,-0.000777728,-0.00192364,1,-0.000277418,-0.00509208,0.00509208,-0.000277418,1,1,0.00371454,-4.04209e-05,0.00137755,-0.000236997,0,0,0,0,0,0,0,0,0,0,0,0,0,0,0,0,0,0,0,0,0,0,0,255,0.2,1.12527,0.2,0.00511927,-0.00175092,1,1,1,1,1,1,1,0.0805652,-3.29454,-0.0209394,-0.0103462,0.00387153,-0.155724,14.632,15720,1,367,162.175,3930,0,0.000884653,0.037612,0.038816,0,0,0,1,500,0.205,8.63493e-05,-4.6296e-06,-9.49068e-07,-1.77016e-05,-4.59336e-06,-1.71204e-05,0.224494,0.0279851,-0.00935799,0.040053,-0.208976,0.00134573,-0.000971686,-0.00344176,12.2824,1,0,0,0,0,0,-1,1,-9.04609e-07,-3.41781e-06,-0.209149,0,14.8978,1,1010,1010,1010,1010,0,0,0,0,14.9017,56,0.0145524,0.00107878,56,-8.44653e-05,-0.000368389,56,0.00905688,-0.000189944,56,0.00147993,-0.00187335,56,0.00708254,0.00161454,56,0.00560677,-0.00200258,56,0.00669133,-0.0010119,56,0.00318564,-0.00250207,52,0.00430522,0.00460134
5005472997299,5005455190000,5005455190000,5005472986021,73729,17.796,5005486220939,31.0309,0,16847,62370,0,0,1,0,0,0.008025,500,500,500,1,2.70065,5.02771,0.590931,0.31615,0.0372543,-0.00712585,6.0657e-05,-1.77084e-06,-0.00289226,-0.000863588,1,-0.000220666,-0.00755851,0.00755851,-0.000220666,1,1,0.0070429,0.000180925,0.000515608,-0.000401591,0,0,0,0,0,0,0,0,0,0,0,0,0,0,0,0,0,0,0,0,0,0,0,255,0.2,5.01404,0.2,0.00633462,-0.00127609,1,1,1,1,0,1,1,0.0805652,-3.29454,-0.0209394,-0.0103462,0.00387153,-0.155724,28.4566,15720,1,367,176,3930,0,0.000884653,0.037612,0.038816,0,0,0,1,500,0.205,5.14484e-05,-1.51479e-06,-3.10532e-07,-1.05469e-05,-2.48771e-06,-1.02534e-05,0.224491,0.0279748,-0.009346,0.040031,-0.208984,0.00151214,-0.00164652,-0.000481481,13.4535,1,0,0,0,0,0,-1,1,-9.04609e-07,-3.41781e-06,-0.209149,0,28.7421,1,1010,1010,1010,1010,0,0,0,0,28.7461,56,-0.00184041,0.0195283,56,0.00307357,0.00310923,56,0.00925009,0.00309887,56,0.0108404,-0.00657829,56,0.0120321,0.00145981,56,0.0105566,0.000147497,56,0.0059324,-0.00781123,56,0.00920702,-0.00540995,52,0.0135986,-0.00228449
5005486788499,5005475190000,5005475190000,5005486782962,73729,11.593,5005501426557,26.2366,1,16848,62371,0,0,1,0,0,0.02,500,500,492,0.984,2.72711,5.6854,0.623746,0.303132,-0.0273438,-0.0267105,-0.000105555,-5.58519e-05,-0.0126977,0.00630272,1,-0.0027926,0.00527775,-0.00527775,-0.0027926,1,1,-0.00446702,-0.00270521,-0.000810737,-8.73821e-05,0,0,0,0,0,0,0,0,0,0,0,0,0,0,0,0,0,0,0,0,0,0,0,255,0.21,7.7288,0.21,0.00663698,0.133545,1,1,1,1,0,1,1,0.0797449,-3.29448,-0.0234606,-0.00948827,0.00528342,-0.157476,0.316132,15721,1,367,191.174,3930,0,0.000884653,0.037612,0.038816,0,0,0,1,492,0.215,-8.9431e-05,-4.7391e-05,-1.01891e-05,1.92277e-05,-5.97811e-06,2.0922e-05,0.224485,0.0279957,-0.00935716,0.0400375,-0.208956,0.000394508,-0.000375743,0.00310454,0.141964,2,0,0,0,0,0,-1,1,-9.04609e-07,-3.41781e-06,-0.209149,0,43.8958,1,1010,1010,1010,1010,0,0,0,0,0.585727,56,-0.00697651,-0.00281368,56,-0.0094075,-0.000961846,56,-0.00220039,9.65404e-05,56,-0.00225251,-0.00938914,56,-0.00561337,-0.00329393,56,-0.00645989,0.000326619,48,-0.00338471,-0.00769003,56,-0.000396103,-0.00319455,52,-0.00362672,-0.00153573
5005501919987,5005487169000,5005487169000,5005501910116,73729,14.7411,5005516708824,29.5398,0,16848,62372,0,0,1,0,0,0.011979,500,500,474,0.948,2.71276,5.0583,0.613264,0.303077,-0.0391998,0.00256348,-5.81081e-05,-1.39272e-05,0.00111898,0.00265501,1,-0.00116263,0.00485083,-0.00485083,-0.00116263,1,1,-0.00366893,-0.00129408,-0.0011819,0.000131448,0,0,0,0,0,0,0,0,0,0,0,0,0,0,0,0,0,0,0,0,0,0,0,255,0.2,3.46142,0.2,0.0126825,-0.204002,1,1,1,1,0,1,1,0.0797449,-3.29448,-0.0234606,-0.00948827,0.00528342,-0.157476,15.6116,15721,1,367,206.469,3930,0,0.000884653,0.037612,0.038816,0,0,0,1,474,0.205,-4.92801e-05,-1.18625e-05,-2.43182e-06,1.01024e-05,-2.85176e-07,1.03871e-05,0.224485,0.0280061,-0.00935716,0.0400375,-0.208956,-7.71875e-05,0.000538935,0.00381487,15.4443,0,0,0,0,0,0,-1,1,-9.04609e-07,-3.41781e-06,-0.209146,0,0.255372,1,1010,1010,1010,1010,0,0,0,0,15.8853,56,-0.00951542,-0.00328193,56,-0.00936496,-0.00492945,30,-0.00959184,-0.00691224,56,0.00110284,0.00579709,56,-0.00592117,-0.00142331,56,-0.00283234,0.00133975,56,-0.00477279,-0.00209486,56,-0.00777322,0.000274972,52,-0.00574055,0.00276879
5005517232217,5005507171000,5005507171000,5005517226328,73729,10.0553,5005530420579,23.2496,1,16849,62373,0,0,1,0,0,0.020002,500,500,499,0.998,2.73387,4.61237,0.680542,0.305577,-0.0611572,0.0591583,-0.000111562,0.000104943,0.000351758,0.000255645,1,0.00524663,0.00557754,-0.00557754,0.00524663,1,1,-0.00421484,0.00486811,-0.0013627,0.000378511,0,0,0,0,0,0,0,0,0,0,0,0,0,0,0,0,0,0,0,0,0,0,0,255,0.2,8.38886,0.2,-0.0073797,-0.0232295,1,1,1,1,1,1,1,0.0797449,-3.29448,-0.0234606,-0.00948827,0.00528342,-0.157476,29.3165,15721,1,367,13.6501,3931,0,0.000884653,0.0453605,0.0384059,0,0,0,1,499,0.205,-9.4659e-05,8.89434e-05,1.82334e-05,1.94051e-05,2.18402e-05,1.52048e-05,0.224507,0.0280213,-0.00938508,0.0400388,-0.208936,-0.00096385,0.0015519,0.00369856,13.4112,2,0,0,0,0,0,-1,1,-9.04609e-07,-3.41781e-06,-0.209146,0,13.9616,1,1010,1010,1010,1010,0,0,0,0,29.5915,56,-0.00420115,0.00696436,55,-0.00174065,0.0019514,56,-0.00537955,0.00623693,56,-0.00550079,0.00641069,56,-0.00564188,0.00622997,56,-0.00854223,0.0047772,56,-0.00419459,0.00734988,56,-0.00973032,0.00459412,52,-0.00484726,0.00423475
5005530987435,5005515184000,5005515184000,5005530974805,73729,15.7908,5005543976184,28.7922,0,16849,62374,0,0,1,0,0,0.008013,500,500,500,1,2.67876,4.95822,0.624078,0.310669,0.0266266,0.000236511,0.00010946,8.88046e-06,0.0260785,-0.00619913,1,0.00110826,-0.0136603,0.0136603,0.00110826,1,1,0.0136558,0.00109974,4.45322e-06,8.51391e-06,0,0,0,0,0,0,0,0,0,0,0,0,0,0,0,0,0,0,0,0,0,0,0,255,0.21,2.0607,0.21,0.0287584,0.344676,1,1,1,1,0,1,1,0.0797449,-3.29448,-0.0234606,-0.00948827,0.00528342,-0.157476,42.8888,15721,1,367,27.2224,3931,0,0.000884653,0.0453605,0.0384059,0,0,0,1,500,0.215,9.27411e-05,7.57856e-06,1.62939e-06,-1.99393e-05,-2.537e-06,-1.98439e-05,0.224504,0.0280015,-0.00935791,0.0399946,-0.209004,0.000863396,3.66098e-05,0.000675398,13.2731,2,0,0,0,0,0,-1,1,-9.04609e-07,-3.41781e-06,-0.209146,0,27.5388,1,1010,1010,1010,1010,0,0,0,0,43.1687,56,0.0143044,0.00330422,56,0.0292518,0.00342378,56,0.00415123,-0.00225561,56,0.00999824,0.0112397,56,0.0084243,-0.0105805,56,0.0143877,-0.01121,56,-0.00413234,0.00738051,56,0.00460048,0.00284208,52,0.0140499,0.00779645
5005544518466,5005535188000,5005535188000,5005544513892,73729,9.32589,5005558807374,23.6194,1,16850,62375,0,0,1,0,0,0.020004,500,500,499,0.998,2.66532,5.57284,0.682394,0.308669,0.0422058,-0.0319519,2.19667e-05,-7.15086e-05,-0.00717806,0.00293259,1,-0.00357472,-0.00109811,0.00109811,-0.00357472,1,1,-5.52245e-05,-0.00344544,0.00115334,-0.00012928,0,0,0,0,0,0,0,0,0,0,0,0,0,0,0,0,0,0,0,0,0,0,0,255,0.21,5.06948,0.21,0.00345054,0.0724568,1,1,1,1,0,1,1,0.0789381,-3.29455,-0.0248518,-0.0108107,0.00447816,-0.159201,4.28103,15722,1,367,42.0303,3931,0,0.000884653,0.0453605,0.0384059,0,0,0,1,499,0.215,1.86872e-05,-6.06442e-05,-1.30385e-05,-4.01774e-06,-1.35768e-05,-1.22596e-06,0.224491,0.0280003,-0.00932651,0.0399682,-0.209103,0.00235317,-0.000555902,-0.00208495,3.8816,2,0,0,0,0,0,-1,1,-9.04609e-07,-3.41781e-06,-0.209309,0,4.39215,1,1010,1010,1010,1010,0,0,0,0,4.55354,56,-0.00570735,-0.00465983,55,-0.00382302,0.00172167,56,0.00305016,-0.00315593,56,0.00818989,-0.0040691,56,0.00227987,0.000648105,56,0.00835894,-0.00191071,56,0.00199684,-0.00544223,56,0.00318109,-0.00415308,52,0.00154403,-0.0033444
5005559315915,5005543198000,5005543198000,5005559307100,73729,16.1091,5005573143467,29.9455,0,16850,62376,0,0,1,0,0,0.00801,500,500,500,1,2.65965,4.64765,0.719506,0.316725,0.00849915,0.0157318,2.4719e-05,4.12913e-05,0.00613017,-0.0113159,1,0.00515497,-0.00308602,0.00308602,0.00515497,1,1,0.00191422,0.00512343,0.0011718,3.15388e-05,0,0,0,0,0,0,0,0,0,0,0,0,0,0,0,0,0,0,0,0,0,0,0,255,0.2,-0.093297,0.2,-0.00759422,-0.191216,1,1,1,1,0,1,1,0.0789381,-3.29455,-0.0248518,-0.0108107,0.00447816,-0.159201,18.6258,15722,1,367,56.3751,3931,0,0.000884653,0.0453605,0.0384059,0,0,0,1,500,0.205,2.09778e-05,3.49691e-05,7.16867e-06,-4.30045e-06,6.11582e-06,-5.69382e-06,0.224497,0.0279946,-0.00932651,0.0399682,-0.209103,0.00215262,0.000129309,-0.0021214,18.22,0,0,0,0,0,0,-1,1,-9.04609e-07,-3.41781e-06,-0.209309,0,18.7414,1,1010,1010,1010,1010,0,0,0,0,18.9028,56,0.00929971,0.0119682,56,-0.00826147,0.00205052,56,0.0094893,0.00961467,56,0.0014499,0.00211712,56,0.00308002,0.00964509,56,-0.00981546,0.00137741,56,0.0051372,0.00708676,56,0.0054136,0.00457517,52,-0.000972887,0.00779146
5005573663545,5005563209000,5005563209000,5005573658897,73729,10.4499,5005587888378,24.6794,1,16851,62377,0,0,1,0,0,0.020011,500,500,500,1,2.69284,5.0895,0.66495,0.306372,0.0112991,0.00596619,3.1896e-05,1.84115e-05,-0.000168569,-0.0062116,1,0.000920069,-0.00159392,0.00159392,0.000920069,1,1,0.000910951,0.000643457,0.000682972,0.000276612,0,0,0,0,0,0,0,0,0,0,0,0,0,0,0,0,0,0,0,0,0,0,0,255,0.2,4.00314,0.2,-0.0120524,-0.13055,1,1,1,1,1,1,1,0.0789381,-3.29455,-0.0248518,-0.0108107,0.00447816,-0.159201,33.3707,15722,1,367,71.1202,3931,0,0.000884653,0.0453605,0.0384059,0,0,0,1,500,0.205,2.70511e-05,1.56841e-05,3.21525e-06,-5.54548e-06,1.99324e-06,-6.0919e-06,0.224499,0.0279885,-0.00932202,0.0399211,-0.209167,0.00175753,0.00113411,-0.000834125,14.448,2,0,0,0,0,0,-1,1,-9.04609e-07,-3.41781e-06,-0.209309,0,33.4919,1,1010,1010,1010,1010,0,0,0,0,33.6532,56,0.00139927,-0.00224404,56,0.00155574,-0.00389684,56,-0.00146825,0.00227819,56,-0.00093887,-0.00163089,56,0.00316667,0.00368872,56,0.00161714,0.00218005,56,0.00186236,0.00172391,56,-0.000705442,0.00569631,52,0.00354525,0.000502483
5005588466993,5005575185000,5005575185000,5005588457623,73729,13.2726,5005602646659,27.4617,0,16851,62378,0,0,1,0,0,0.011976,500,500,455,0.91,2.68156,4.66541,0.653301,0.284225,-0.0314331,0.0186615,-5.542e-05,7.08914e-05,-0.00204119,-0.00847709,1,0.00591946,0.00462759,-0.00462759,0.00591946,1,1,-0.00428734,0.00581032,-0.000340255,0.000109138,0,0,0,0,0,0,0,0,0,0,0,0,0,0,0,0,0,0,0,0,0,0,0,255,0.2,8.73275,0.2,-0.00548038,0.00215868,1,1,1,1,0,1,1,0.0794009,-3.29493,-0.0282248,-0.00820725,0.00406034,-0.16069,0.377577,15723,1,367,85.87,3931,0,0.000884653,0.0453605,0.0384059,0,0,0,1,455,0.205,-4.69357e-05,6.00474e-05,1.23097e-05,9.62183e-06,1.40265e-05,6.85784e-06,0.224513,0.0279953,-0.00935671,0.0397905,-0.209208,-0.000234476,0.000447465,0.000928455,0.196798,2,0,0,0,0,0,-1,1,-9.04609e-07,-3.41781e-06,-0.209448,0,0.619172,1,1010,1010,1010,1010,0,0,0,0,0.643153,56,-0.00422273,0.0117503,55,-0.0115155,0.0127952,56,0.00143418,0.000782674,55,-0.00291733,0.00445838,56,-0.00600522,0.0042746,56,-0.00371247,0.000900235,26,-0.00943054,0.0038181,56,-0.00517655,0.00259311,39,-0.00472531,-0.000225918
5005603151922,5005583201000,5005583201000,5005603141256,73729,19.9403,5005616384025,33.183,0,16851,62379,0,0,1,0,0,0.008016,500,500,500,1,2.66943,5.14054,0.681486,0.315261,-0.0310822,0.00761414,-9.36589e-05,2.2581e-05,-0.0143541,-0.015517,1,0.00281699,0.011684,-0.011684,0.00281699,1,1,-0.0112369,0.00279067,-0.000447135,2.63181e-05,0,0,0,0,0,0,0,0,0,0,0,0,0,0,0,0,0,0,0,0,0,0,0,255,0.21,3.11515,0.21,-0.00346808,0.183689,1,1,1,1,0,1,1,0.0794009,-3.29493,-0.0282248,-0.00820725,0.00406034,-0.16069,14.1393,15723,1,367,99.6318,3931,0,0.000884653,0.0453605,0.0384059,0,0,0,1,500,0.215,-7.93225e-05,1.91973e-05,4.12742e-06,1.70543e-05,7.5698e-06,1.58265e-05,0.22452,0.0280112,-0.00935671,0.0397905,-0.209208,-0.000609618,0.000113168,0.00105045,13.9155,0,0,0,0,0,0,-1,1,-9.04609e-07,-3.41781e-06,-0.209448,0,14.3919,1,1010,1010,1010,1010,0,0,0,0,14.4159,56,0.000833672,-0.000254987,56,-0.0226253,0.0075288,56,-0.00426434,0.00111781,56,-0.00214722,0.00690033,56,-0.0195647,-0.00702641,56,-0.0144514,0.000304395,56,-0.0100683,0.0077453,56,-0.00949606,0.00231775,52,-0.00576827,0.0107348
5005616926566,5005603208000,5005603208000,5005616921177,73729,13.7132,5005632198611,28.9906,1,16852,62380,0,0,1,0,0,0.020007,500,500,500,1,2.72639,4.64685,0.58756,0.311596,-0.0275726,-0.0374451,-6.2762e-05,-5.96443e-05,-0.00173553,0.00477627,1,-0.00298117,0.003137,-0.003137,-0.00298117,1,1,-0.00303403,-0.00274824,-0.000102974,-0.000232926,0,0,0,0,0,0,0,0,0,0,0,0,0,0,0,0,0,0,0,0,0,0,0,255,0.21,6.56609,0.21,0.00843827,0.142196,1,1,1,1,0,1,1,0.0794009,-3.29493,-0.0282248,-0.00820725,0.00406034,-0.16069,29.9335,15723,1,367,115.426,3931,0,0.000884653,0.0453605,0.0384059,0,0,0,1,500,0.215,-5.32496e-05,-5.06016e-05,-1.08794e-05,1.14487e-05,-8.25936e-06,1.34577e-05,0.224512,0.0280246,-0.00937123,0.0396362,-0.20928,-0.000420331,-0.00100158,1.79668e-05,15.4869,2,0,0,0,0,0,-1,1,-9.04609e-07,-3.41781e-06,-0.209448,0,30.1861,1,1010,1010,1010,1010,0,0,0,0,30.21,56,-0.00442638,-0.00408959,56,0.00318407,-0.00299501,56,-0.00561326,-0.00288966,56,-0.00492747,-0.00526662,56,-0.00307571,-0.00168716,56,-0.00239091,-0.00324064,56,-0.00150938,-0.00556075,56,-0.00233384,-0.00125802,52,-0.00341762,-0.00798947
5005632708430,5005623206000,5005623206000,5005632703282,73729,9.49728,5005647800418,24.5944,1,16853,62381,0,0,1,0,0,0.019998,500,500,500,1,2.67932,4.97622,0.655134,0.315521,0.0325699,-0.0186768,7.06915e-05,-1.43503e-05,0.00309821,-0.00287284,1,-0.000717585,-0.00353493,0.00353493,-0.000717585,1,1,0.00285822,-0.000659729,0.000676707,-5.78562e-05,0,0,0,0,0,0,0,0,0,0,0,0,0,0,0,0,0,0,0,0,0,0,0,255,0.2,2.2145,0.2,-0.0070387,-0.205083,1,1,1,1,1,1,1,0.0794009,-3.29493,-0.0282248,-0.00820725,0.00406034,-0.16069,45.5477,15723,1,367,131.04,3931,0,0.000884653,0.0453605,0.0384059,0,0,0,1,500,0.205,5.99939e-05,-1.21553e-05,-2.49183e-06,-1.22988e-05,-4.98722e-06,-1.15131e-05,0.224507,0.0280131,-0.00937649,0.0395233,-0.209375,0.000825855,-0.00023721,-0.00155891,15.3186,2,0,0,0,0,0,-1,1,-9.04609e-07,-3.41781e-06,-0.209448,0,45.8072,1,1010,1010,1010,1010,0,0,0,0,45.8312,56,0.00435981,0.00125081,56,0.00192833,0.00433307,56,0.00309401,-0.00208698,56,0.00471522,-0.00326478,56,-0.000296927,-0.0010033,56,0.00426358,0.00122127,56,0.0027863,-0.00176047,56,0.00569114,-0.00398537,52,0.00354243,0.00307905
5005648384255,5005635178000,5005635178000,5005648372385,73729,13.1944,5005662489587,27.3116,0,16853,62382,0,0,1,0,0,0.011972,500,500,500,1,2.64724,5.0955,0.587727,0.313077,0.0269165,0.0168228,2.64457e-05,3.27168e-05,-0.00523132,-0.00257896,1,0.00273278,-0.00220896,0.00220896,0.00273278,1,1,0.00279965,0.00259637,-0.000590687,0.000136412,0,0,0,0,0,0,0,0,0,0,0,0,0,0,0,0,0,0,0,0,0,0,0,255,0.2,7.17813,0.2,0.0020509,0.00255984,1,1,1,1,0,1,1,0.0800995,-3.29532,-0.030705,-0.00532511,0.00325698,-0.163119,3.80958,15724,1,367,145.725,3931,0,0.000884653,0.0453605,0.0384059,0,0,0,1,500,0.205,2.241e-05,2.77189e-05,5.68238e-06,-4.59405e-06,4.60085e-06,-5.67399e-06,0.224512,0.0280074,-0.00937787,0.0394058,-0.209365,0.000476401,0.000559291,0.00231857,3.54912,2,0,0,0,0,0,-1,1,-9.04609e-07,-3.41781e-06,-0.209573,0,4.08413,1,1010,1010,1010,1010,0,0,0,0,4.08816,56,-0.000594648,0.0128139,56,0.0094165,-0.00811809,56,0.00728387,0.00872337,56,0.00116,0.00492031,56,0.00378592,0.00860553,56,2.52819e-05,-0.000123269,56,0.00570652,0.00389168,56,0.00872455,0.000725364,52,-0.00427963,-0.00266896
5005663006295,5005643204000,5005643204000,5005662995665,73729,19.7917,5005676867181,33.6632,0,16853,62383,0,0,1,0,0,0.008026,500,500,500,1,2.75928,5.56745,0.673005,0.312058,-0.00102234,0.0361252,3.08022e-05,7.1638e-05,0.0211571,-0.00180687,1,0.00892574,-0.0038378,0.0038378,0.00892574,1,1,0.00527036,0.00911252,-0.00143256,-0.000186784,0,0,0,0,0,0,0,0,0,0,0,0,0,0,0,0,0,0,0,0,0,0,0,255,0.21,2.03363,0.21,0.00465338,0.119669,1,1,1,1,0,1,1,0.0800995,-3.29532,-0.030705,-0.00532511,0.00325698,-0.163119,18.1954,15724,1,367,160.111,3931,0,0.000884653,0.0453605,0.0384059,0,0,0,1,500,0.215,2.60997e-05,6.0682e-05,1.30466e-05,-5.61143e-06,1.15878e-05,-8.19841e-06,0.224523,0.0279992,-0.00938789,0.0393379,-0.209351,8.77294e-05,-0.00080317,0.00499818,14.1192,1,0,0,0,0,0,-1,1,-9.04609e-07,-3.41781e-06,-0.209573,0,18.4635,1,1010,1010,1010,1010,0,0,0,0,18.4675,56,0.00450965,0.00230138,56,-0.00194603,0.0226782,56,0.0157802,0.00213576,56,0.0147352,0.0151705,56,-0.000819616,0.013702,56,-0.000223185,0.00550052,56,-0.00131267,0.00808988,56,0.00241276,0.00752273,52,-0.00749397,0.00413813
5005677399018,5005663199000,5005663199000,5005677393722,73729,14.1947,5005691180051,27.9811,1,16854,62384,0,0,1,0,0,0.019995,500,500,500,1,2.678,4.63352,0.715876,0.307224,-0.022789,-0.00819397,-8.46186e-05,-2.6565e-06,-0.0116174,-0.00258875,1,-0.000132858,0.00423199,-0.00423199,-0.000132858,1,1,-0.00320879,0.000103625,-0.0010232,-0.000236483,0,0,0,0,0,0,0,0,0,0,0,0,0,0,0,0,0,0,0,0,0,0,0,255,0.2,5.20361,0.2,0.00378185,0.12785,1,1,1,1,0,1,1,0.0800995,-3.29532,-0.030705,-0.00532511,0.00325698,-0.163119,32.4932,15724,1,367,174.409,3931,0,0.000884653,0.0453605,0.0384059,0,0,0,1,500,0.205,-7.17105e-05,-2.27146e-06,-4.6565e-07,1.47007e-05,2.59489e-06,1.44768e-05,0.224526,0.0280137,-0.00939259,0.0392791,-0.209371,2.2946e-05,-0.000969579,0.00337446,14.0469,1,0,0,0,0,0,-1,1,-9.04609e-07,-3.41781e-06,-0.209573,0,32.7635,1,1010,1010,1010,1010,0,0,0,0,32.7675,56,-0.00813867,-0.000855617,56,-0.00138016,0.00174618,56,-0.00271692,-9.78948e-05,56,-0.000879012,-0.00256145,56,-0.0026316,-0.00116272,56,-0.00577809,0.00165164,56,-0.0054908,-0.00105275,56,-0.00707286,0.00149096,52,-0.0012736,-0.00232907
5005691695703,5005683197000,5005683197000,5005691691129,73729,8.49413,5005706839173,23.6422,1,16855,62385,0,0,1,0,0,0.019998,500,500,499,0.998,2.62423,5.03704,0.738025,0.316243,0.00473022,-0.00442505,3.70994e-05,-3.94733e-06,0.00654188,0.000284308,1,-0.000197386,-0.00185516,0.00185516,-0.000197386,1,1,0.00131977,-0.000195425,0.000535385,-1.96182e-06,0,0,0,0,0,0,0,0,0,0,0,0,0,0,0,0,0,0,0,0,0,0,0,255,0.2,0.257131,0.2,-0.00866035,-0.166978,1,1,1,1,1,1,1,0.0800995,-3.29532,-0.030705,-0.00532511,0.00325698,-0.163119,48.1507,15724,1,367,190.066,3931,0,0.000884653,0.0453605,0.0384059,0,0,0,1,499,0.205,3.13469e-05,-3.36583e-06,-6.89994e-07,-6.42612e-06,-2.00852e-06,-6.14242e-06,0.224524,0.0280076,-0.0094153,0.0392071,-0.209511,-0.000485321,-8.04345e-06,-0.00214432,15.3433,2,0,0,0,0,0,-1,1,-9.04609e-07,-3.41781e-06,-0.209802,0,0.252724,1,1010,1010,1010,1010,0,0,0,0,0.256724,55,-0.00171901,-0.000307091,56,0.00743155,-0.000923705,56,-0.00240029,-0.000898245,56,-0.00290305,0.0022942,56,0.0019948,-0.00201038,56,0.0071868,-0.0012545,56,0.00349002,0.00135486,56,0.000887685,-0.00392309,52,-0.000403821,0.0023331
5005707399214,5005695173000,5005695173000,5005707391048,73729,12.218,5005720996116,25.8231,0,16855,62386,0,0,1,0,0,0.011976,500,500,500,1,2.64982,4.63981,0.612708,0.317002,0.00227356,0.00872803,1.03754e-05,1.89102e-05,0.0066548,0.00284092,1,0.00157901,-0.000866345,0.000866345,0.00157901,1,1,-0.000931886,0.00125623,0.00179823,0.000322776,0,0,0,0,0,0,0,0,0,0,0,0,0,0,0,0,0,0,0,0,0,0,0,255,0.2,5.79486,0.2,0.00153696,0.00158839,1,1,1,1,0,1,1,0.081075,-3.29575,-0.0332049,-0.00296032,0.00238752,-0.165541,14.1449,15725,1,367,14.1091,3932,0,0.000884653,0.0498039,0.0378735,0,0,0,1,500,0.205,8.83183e-06,1.59975e-05,3.27948e-06,-1.81053e-06,2.82921e-06,-2.45278e-06,0.224527,0.0280051,-0.00940973,0.0391699,-0.209594,0.00012415,0.00132338,-0.00579888,13.9027,1,0,0,0,0,0,-1,1,-9.04609e-07,-3.41781e-06,-0.209802,0,14.4257,1,1010,1010,1010,1010,0,0,0,0,14.4297,56,0.00646025,-0.00588109,56,-0.000786737,0.000722475,56,0.00492519,-0.00550023,56,-0.00111053,0.00439916,56,7.11247e-05,0.00324624,56,0.000107681,0.00319861,56,0.00169529,-0.000589099,56,0.00017936,0.00377467,52,8.82259e-06,-0.00116718
5005721524046,5005715178000,5005715178000,5005721519046,73729,6.34105,5005735691397,20.5134,1,16856,62387,0,0,1,0,0,0.020005,500,500,500,1,2.66271,5.27278,0.597708,0.313077,-0.00341797,-0.0234222,-6.08364e-05,-6.89697e-05,-0.00468192,0.00600566,1,-0.00344762,0.00304106,-0.00304106,-0.00344762,1,1,-0.00407509,-0.00336689,0.00103403,-8.07365e-05,0,0,0,0,0,0,0,0,0,0,0,0,0,0,0,0,0,0,0,0,0,0,0,255,0.2,-0.3963,0.2,-0.000634813,-0.00308678,1,1,1,1,0,1,1,0.081075,-3.29575,-0.0332049,-0.00296032,0.00238752,-0.165541,28.8434,15725,1,367,28.8075,3932,0,0.000884653,0.0498039,0.0378735,0,0,0,1,500,0.205,-5.1563e-05,-5.84907e-05,-1.19906e-05,1.05704e-05,-9.52323e-06,1.28328e-05,0.224517,0.0280179,-0.0094046,0.0390595,-0.209641,0.000708119,-0.000331019,-0.00282513,14.4108,2,0,0,0,0,0,-1,1,-9.04609e-07,-3.41781e-06,-0.209802,0,29.1307,1,1010,1010,1010,1010,0,0,0,0,29.1347,56,-0.0109033,-0.000295255,56,-0.0101778,0.000297369,56,1.7529e-06,0.00242453,56,0.00318461,-0.00726133,56,0.000609602,-0.00775472,56,-0.000649099,0.00078991,56,0.000896762,-0.00619875,56,-0.00287042,-0.00539995,52,-0.00109873,0.000334194
5005736227939,5005723198000,5005723198000,5005736218550,73729,13.0206,5005750056398,26.8584,0,16856,62388,0,0,1,0,0,0.00802,500,500,500,1,2.65304,5.45802,0.780858,0.364873,-0.0198364,-0.0118713,-7.85064e-05,2.99537e-05,-0.0122263,-0.037313,1,0.00373487,0.00978883,-0.00978883,0.00373487,1,1,-0.00915069,0.00418341,-0.000638133,-0.000448542,0,0,0,0,0,0,0,0,0,0,0,0,0,0,0,0,0,0,0,0,0,0,0,255,0.2,4.1582,0.2,-0.00542404,-0.000744114,1,1,1,1,0,1,1,0.081075,-3.29575,-0.0332049,-0.00296032,0.00238752,-0.165541,43.2003,15725,1,367,43.1645,3932,0,0.000884653,0.0498039,0.0378735,0,0,0,1,500,0.205,-6.64363e-05,2.54248e-05,5.21209e-06,1.36194e-05,7.92324e-06,1.2238e-05,0.224525,0.0280302,-0.00940221,0.0390024,-0.209626,0.000831134,-0.00183902,0.00275798,14.1006,1,0,0,0,0,0,-1,1,-9.04609e-07,-3.41781e-06,-0.209802,0,43.4706,1,1010,1010,1010,1010,0,0,0,0,0.146853,56,0.0247134,0.0248704,56,-0.0166042,0.0155243,56,0.00498068,-0.0131175,56,-0.00190354,-0.00524878,56,-0.0186861,-0.00714575,56,0.000804574,-0.00189678,56,-0.0109339,0.00433379,56,-0.00883577,0.00937214,52,-0.0141096,0.00944792
5005750560439,5005731224000,5005731224000,5005750549772,73729,19.3258,5005764754512,33.5305,0,16856,62389,0,0,1,0,0,0.008026,500,500,499,0.998,2.69232,4.98335,0.707969,0.331466,-0.0237122,-0.0284119,-6.02834e-05,-6.65151e-05,-0.00756962,0.00927584,1,-0.00828746,0.00751102,-0.00751102,-0.00828746,1,1,-0.00617433,-0.00797641,-0.00133668,-0.00031105,0,0,0,0,0,0,0,0,0,0,0,0,0,0,0,0,0,0,0,0,0,0,0,255,0.2,7.84801,0.2,-0.00592995,-0.00493414,1,1,1,1,1,1,1,0.0823461,-3.29625,-0.0358099,0.000657625,0.00173655,-0.167735,13.3347,15726,1,367,57.8699,3932,0,0.000884653,0.0498039,0.0378735,0,0,0,1,499,0.205,-5.11157e-05,-5.63778e-05,-1.15575e-05,1.04787e-05,-9.11941e-06,1.26527e-05,0.224516,0.0280428,-0.00940148,0.0389711,-0.209607,0.00059421,-0.0012753,0.00485969,14.4544,1,0,0,0,0,0,-1,1,-9.04609e-07,-3.41781e-06,-0.209821,0,0.263687,1,1010,1010,1010,1010,0,0,0,0,14.8574,56,-0.00525459,-0.0102549,55,-0.00372577,-0.0186933,56,-0.00454867,-0.00305553,56,-0.0086188,-0.00815965,56,0.000376216,-0.00947187,56,-0.0161969,-0.00256162,56,-0.00570642,-0.00527,56,-0.0104169,-0.00547824,52,-0.00303576,-0.0165546
5005765332387,5005751207000,5005751207000,5005765325276,73729,14.1183,5005779436904,28.2299,1,16857,62390,0,0,1,0,0,0.019983,500,500,499,0.998,2.67041,4.85708,0.581264,0.318021,-0.0220947,0.0283508,-1.64929e-05,5.10931e-05,0.000154323,0.00299675,1,0.00255683,0.000825347,-0.000825347,0.00255683,1,1,4.12981e-05,0.00238509,-0.000866645,0.000171738,0,0,0,0,0,0,0,0,0,0,0,0,0,0,0,0,0,0,0,0,0,0,0,255,0.2,2.7778,0.2,-0.00226551,0.00394372,1,1,1,1,0,1,1,0.0823461,-3.29625,-0.0358099,0.000657625,0.00173655,-0.167735,28.014,15726,1,367,72.5492,3932,0,0.000884653,0.0498039,0.0378735,0,0,0,1,499,0.205,-1.40227e-05,4.3218e-05,8.8597e-06,2.87465e-06,9.25632e-06,9.69505e-07,0.224525,0.0280438,-0.00939962,0.0389507,-0.209632,0.000343932,0.000704124,0.00311774,14.3803,2,0,0,0,0,0,-1,1,-9.04609e-07,-3.41781e-06,-0.209821,0,14.9362,1,1010,1010,1010,1010,0,0,0,0,29.5299,56,-0.00777774,0.00257359,56,-0.00464051,0.00974104,55,-0.00190953,0.00471824,56,-0.00158173,0.00233199,56,0.00109638,-0.00104753,56,0.000563993,0.00362213,56,0.000983623,0.000879737,56,-0.0009208,-0.000954454,52,-0.00358852,0.00227123
5005779952334,5005771216000,5005771216000,5005779947797,73729,8.7318,5005794297872,23.0819,1,16858,62391,0,0,1,0,0,0.020009,500,500,500,1,2.61732,4.7348,0.60269,0.322021,-0.00253296,0.03582,-1.68798e-06,7.33291e-05,-0.00201802,-0.00736714,1,0.00366481,8.43612e-05,-8.43612e-05,0.00366481,1,1,-0.000175311,0.0033805,9.09496e-05,0.000284304,0,0,0,0,0,0,0,0,0,0,0,0,0,0,0,0,0,0,0,0,0,0,0,255,0.2,6.22983,0.2,-0.000613556,0.00184755,1,1,1,1,0,1,1,0.0823461,-3.29625,-0.0358099,0.000657625,0.00173655,-0.167735,42.8789,15726,1,367,87.4141,3932,0,0.000884653,0.0498039,0.0378735,0,0,0,1,500,0.205,-1.33405e-06,6.21946e-05,1.27499e-05,2.73481e-07,1.2518e-05,-2.38442e-06,0.224538,0.0280414,-0.00939907,0.038924,-0.209686,0.000270941,0.00116565,-8.15621e-05,14.5293,2,0,0,0,0,0,-1,1,-9.04609e-07,-3.41781e-06,-0.209821,0,29.8044,1,1010,1010,1010,1010,0,0,0,0,44.3981,56,0.0120597,0.00373148,56,-0.00382958,0.000558552,56,0.00385951,0.00276729,56,0.000189888,0.00249674,56,-0.00333307,0.00734786,56,-0.00576658,-0.000341717,56,-0.000940469,0.00592222,56,0.000586808,0.00744984,52,-0.000522026,0.00645362
5005794819172,5005783195000,5005783195000,5005794808876,73729,11.6139,5005811053743,27.8587,0,16858,62392,0,0,1,0,0,0.011979,500,500,492,0.984,2.65228,5.63747,0.667042,0.309484,0.0305176,-0.00830078,5.84588e-05,-2.77504e-05,-0.00669058,0.0115301,1,-0.00231658,-0.00488011,0.00488011,-0.00231658,1,1,0.00421283,-0.00194212,0.000667281,-0.000374463,0,0,0,0,0,0,0,0,0,0,0,0,0,0,0,0,0,0,0,0,0,0,0,255,0.2,1.81681,0.2,0.00453116,-0.00228509,1,1,1,1,0,1,1,0.0834831,-3.29676,-0.0391403,0.00217716,0.000968076,-0.168994,5.93979,15727,1,367,104.161,3932,0,0.000884653,0.0498039,0.0378735,0,0,0,1,492,0.205,4.9528e-05,-2.3501e-05,-4.8177e-06,-1.01532e-05,-6.81899e-06,-8.92861e-06,0.224531,0.0280325,-0.00940828,0.0388682,-0.209762,0.000637207,-0.0015353,-0.00167892,5.7043,2,0,0,0,0,0,-1,1,-9.04608e-07,-3.41781e-06,-0.20997,0,6.2102,1,1010,1010,1010,1010,0,0,0,0,6.21451,56,-0.00669133,-0.00594179,56,0.0230711,-0.00147207,48,-0.00289872,0.00140556,56,0.00112494,-0.000156868,56,0.00859488,-0.00512505,56,0.0126923,0.00148231,56,0.0035786,-0.00569088,56,0.000790628,-0.00571455,52,0.00983841,-0.0098058
5005811555524,5005803201000,5005803201000,5005811549728,73729,8.34873,5005826114471,22.9135,1,16859,62393,0,0,1,0,0,0.020006,500,500,500,1,2.62559,5.17982,0.781747,0.312743,0.0225525,-0.0446243,8.53098e-05,-8.06856e-05,0.0106164,-0.000400627,1,-0.00403307,-0.00426421,0.00426421,-0.00403307,1,1,0.00343014,-0.00378141,0.000834069,-0.000251663,0,0,0,0,0,0,0,0,0,0,0,0,0,0,0,0,0,0,0,0,0,0,0,255,0.2,7.66326,0.2,0.00133764,-0.00305645,1,1,1,1,1,1,1,0.0834831,-3.29676,-0.0391403,0.00217716,0.000968076,-0.168994,21.0085,15727,1,367,119.23,3932,0,0.000884653,0.0498039,0.0378735,0,0,0,1,500,0.205,7.22297e-05,-6.84009e-05,-1.40222e-05,-1.48071e-05,-1.67828e-05,-1.15647e-05,0.224514,0.0280209,-0.00940948,0.0388689,-0.209808,-0.000187921,-0.00103182,-0.00288608,14.7916,1,0,0,0,0,0,-1,1,-9.04608e-07,-3.41781e-06,-0.20997,0,21.2883,1,1010,1010,1010,1010,0,0,0,0,21.2926,56,0.00216963,-0.012537,56,0.00982915,-0.00385166,56,0.00436313,-0.00267831,56,-8.22616e-05,-0.00403132,56,0.00403827,0.000494622,56,0.0005502,-0.00626248,56,0.00390112,-0.000394442,56,0.00341738,-0.00265389,52,0.00321842,-0.00945316
5005826686679,5005811239000,5005811239000,5005826675679,73729,15.4367,5005839818818,28.5798,0,16859,62394,0,0,1,0,0,0.008038,500,500,499,0.998,2.64498,5.12124,0.708358,0.310095,-0.00430298,0.00646973,-5.83954e-05,1.51283e-05,-0.0111134,-0.0175927,1,0.0018821,0.00726491,-0.00726491,0.0018821,1,1,-0.00797985,0.00167734,0.000714941,0.000204759,0,0,0,0,0,0,0,0,0,0,0,0,0,0,0,0,0,0,0,0,0,0,0,255,0.2,3.20358,0.2,-0.0026395,0.0031313,1,1,1,1,0,1,1,0.0834831,-3.29676,-0.0391403,0.00217716,0.000968076,-0.168994,34.713,15727,1,367,132.935,3932,0,0.000884653,0.0498039,0.0378735,0,0,0,1,499,0.205,-4.93734e-05,1.28945e-05,2.64338e-06,1.01216e-05,4.68811e-06,9.34964e-06,0.224519,0.0280303,-0.00941827,0.0388894,-0.209844,-0.000261949,0.000839512,-0.00255457,13.444,1,0,0,0,0,0,-1,1,-9.04608e-07,-3.41781e-06,-0.20997,0,34.9956,1,1010,1010,1010,1010,0,0,0,0,34.9999,56,-0.0158978,0.0174618,56,-0.0240791,-0.00352272,55,0.00572839,0.00512176,56,0.0118722,0.000813744,56,-0.00681494,-0.00813547,56,0.00668908,0.00587059,56,-0.00863512,0.00172945,56,0.000778632,0.00768775,52,-0.013086,0.0174812
5005840362526,5005831218000,5005831218000,5005840357434,73729,9.13943,5005853587999,22.37,1,16860,62395,0,0,1,0,0,0.019979,500,500,499,0.998,2.63511,4.87807,0.631042,0.309465,-0.00317383,0.0508118,-4.98061e-05,9.50852e-05,-0.00532735,-0.000166996,1,0.00475926,0.00249292,-0.00249292,0.00475926,1,1,-0.0022296,0.00460671,-0.000263318,0.00015255,0,0,0,0,0,0,0,0,0,0,0,0,0,0,0,0,0,0,0,0,0,0,0,255,0.2,6.45301,0.2,-0.000555778,0.00429944,1,1,1,1,0,1,1,0.0834831,-3.29676,-0.0391403,0.00217716,0.000968076,-0.168994,48.4797,15727,1,367,146.701,3932,0,0.000884653,0.0498039,0.0378735,0,0,0,1,499,0.205,-4.21463e-05,8.05957e-05,1.65221e-05,8.63999e-06,1.7944e-05,5.01207e-06,0.224537,0.0280353,-0.00939983,0.0388993,-0.209821,0.000613058,0.000625454,0.00135413,13.4761,2,0,0,0,0,0,-1,1,-9.04608e-07,-3.41781e-06,-0.210014,0,0.232946,1,1010,1010,1010,1010,0,0,0,0,0.236409,56,0.00825221,0.0110531,55,0.000601388,0.00271701,56,0.000254147,0.00315893,56,-0.00214115,0.0013391,56,-0.000342726,0.00446088,56,-0.00397698,0.00141577,56,-0.0012846,0.00456461,56,-0.00224171,0.00980566,52,-0.00697698,0.00830897
5005854098633,5005843192000,5005843192000,5005854088929,73729,10.8969,5005866639212,23.4472,0,16860,62396,0,0,1,0,0,0.011974,500,500,500,1,2.68274,4.92219,0.584893,0.309076,0.0161972,-0.0239868,-3.07135e-06,-3.83716e-05,-0.00889994,-0.00585766,1,-0.00320458,0.000256502,-0.000256502,-0.00320458,1,1,0.000353101,-0.00321171,-0.000609603,7.12723e-06,0,0,0,0,0,0,0,0,0,0,0,0,0,0,0,0,0,0,0,0,0,0,0,255,0.2,0.157038,0.2,0.00114552,-0.00436469,1,1,1,0,0,1,1,0.0845175,-3.29722,-0.0412519,0.00336925,0.000595221,-0.170463,13.0285,15728,1,367,159.77,3932,0,0.000884653,0.0498039,0.0378735,0,0,0,1,500,0.205,-2.56651e-06,-3.25197e-05,-6.66653e-06,5.26134e-07,-6.406e-06,1.9021e-06,0.224531,0.0280372,-0.00939983,0.0388993,-0.209821,0.00118331,2.92216e-05,0.00294615,26.5273,0,0,0,0,0,0,-1,1,-9.04608e-07,-3.41781e-06,-0.210014,0,13.2888,1,1010,1010,1010,1010,0,0,0,0,13.2923,56,-0.00577262,-0.00302247,56,-0.0065472,-0.00544142,56,0.00123434,-0.000120528,56,0.00296317,-0.00865649,56,-0.00225357,-0.00297861,56,0.00121478,0.0013366,56,-0.00064856,-0.00494226,56,0.0067306,-0.00670039,52,0.00467141,0.0013203
5005867166512,5005851244000,5005851244000,5005867154123,73729,15.9101,5005879968871,28.7249,0,16860,62397,0,0,1,0,0,0.008052,500,500,500,1,2.67143,4.61572,0.590838,0.311724,-0.00440979,-0.0341492,-2.86235e-05,-5.72906e-05,-0.0122544,0.00822342,1,-0.00711507,0.00355483,-0.00355483,-0.00711507,1,1,-0.0027915,-0.00677689,-0.000763331,-0.000338181,0,0,0,0,0,0,0,0,0,0,0,0,0,0,0,0,0,0,0,0,0,0,0,255,0.2,3.04904,0.2,-0.00331424,-0.00607012,1,1,1,1,1,1,1,0.0845175,-3.29722,-0.0412519,0.00336925,0.000595221,-0.170463,26.3547,15728,1,367,173.096,3932,0,0.000884653,0.0498039,0.0378735,0,0,0,1,500,0.205,-2.41843e-05,-4.86076e-05,-9.96455e-06,4.95778e-06,-8.70786e-06,6.92308e-06,0.224522,0.0280441,-0.00938823,0.0388832,-0.209817,0.00135771,-0.00138654,0.00358989,13.0064,2,0,0,0,0,0,-1,1,-9.04608e-07,-3.41781e-06,-0.210014,0,26.6295,1,1010,1010,1010,1010,0,0,0,0,26.6329,56,-0.00168629,-0.00911281,56,-0.0041515,-0.00229935,56,-0.00245053,-0.0128955,56,0.00133758,-0.0115663,56,-0.000940106,-0.00757035,56,-0.0104665,-0.0124592,56,0.00142152,-0.0111301,56,-0.0195102,-0.00796075,52,0.000852095,-0.00561965
5005880558950,5005871229000,5005871229000,5005880553561,73729,9.32456,5005893783479,22.5545,1,16861,62398,0,0,1,0,0,0.019985,500,500,486,0.972,2.66945,4.80898,0.601542,0.301872,-0.0133896,-0.0162811,-1.30098e-05,-1.3303e-05,-0.00367861,-0.00722449,1,-0.000665649,0.000650978,-0.000650978,-0.000665649,1,1,-0.000768233,-0.000717376,0.000117255,5.17272e-05,0,0,0,0,0,0,0,0,0,0,0,0,0,0,0,0,0,0,0,0,0,0,0,255,0.21,5.20452,0.21,-0.00521695,0.142072,1,1,1,1,0,1,1,0.0845175,-3.29722,-0.0412519,0.00336925,0.000595221,-0.170463,40.1584,15728,1,367,186.9,3932,0,0.000884653,0.0498039,0.0378735,0,0,0,1,486,0.215,-1.09669e-05,-1.12338e-05,-2.41527e-06,2.35789e-06,-1.87009e-06,2.80905e-06,0.22452,0.0280469,-0.00939414,0.0389352,-0.209882,-8.53247e-05,0.000222427,-0.000471616,13.5227,2,0,0,0,0,0,-1,1,-9.04608e-07,-3.41781e-06,-0.210014,0,40.4257,1,1010,1010,1010,1010,0,0,0,0,40.4291,56,0.00466637,0.000444505,55,-0.0109802,-0.00772124,43,0.000313761,-0.00237279,56,0.000266585,0.00165669,56,-0.000468239,-0.00353456,56,-0.00249691,0.000886635,56,-0.00419638,-0.00046523,56,-5.72109e-05,0.000234874,52,-0.00362471,1.95537e-05
5005894304742,5005883185000,5005883185000,5005894291520,73729,11.1065,5005910140643,26.9556,0,16861,62399,0,0,1,0,0,0.011956,500,500,500,1,2.66428,5.56427,0.694672,0.310558,0.0231552,0.0352859,7.99636e-05,5.98411e-05,0.0166471,0.0123693,1,0.00500511,-0.00668816,0.00668816,0.00500511,1,1,0.00634684,0.00470749,0.000341321,0.000297622,0,0,0,0,0,0,0,0,0,0,0,0,0,0,0,0,0,0,0,0,0,0,0,255,0.2,-0.26665,0.2,0.00980837,0.131555,1,1,1,1,0,1,1,0.085471,-3.29763,-0.0436125,0.00487701,0.00015848,-0.171708,5.11156,15729,1,367,203.251,3932,0,0.000884653,0.0498039,0.0378735,0,0,0,1,500,0.205,6.7664e-05,5.06723e-05,1.03878e-05,-1.38711e-05,7.26691e-06,-1.57299e-05,0.224527,0.0280312,-0.00938678,0.0389683,-0.209905,0.000413463,0.00122025,-0.000788762,4.87261,2,0,0,0,0,0,-1,1,-9.04608e-07,-3.41781e-06,-0.210112,0,5.37993,1,1010,1010,1010,1010,0,0,0,0,5.38454,56,-0.00466043,0.00394553,56,0.0213054,0.00936725,56,-0.000561645,0.00498071,56,-0.00114037,0.00244685,56,0.0012851,0.00780471,56,0.00593105,0.00562681,56,0.0125465,0.00537052,56,0.00298957,0.00370897,52,0.00866108,-0.00550947
5005910648128,5005903194000,5005903194000,5005910642443,73729,7.44844,5005922532313,19.3383,1,16862,62400,0,0,1,0,0,0.020009,500,500,489,0.978,2.66808,4.94669,0.789006,0.322632,0.0203857,0.0207367,6.27786e-05,1.81714e-05,-0.000108389,0.00787569,1,0.000908163,-0.00313752,0.00313752,0.000908163,1,1,0.00317586,0.00121217,-3.83441e-05,-0.000304003,0,0,0,0,0,0,0,0,0,0,0,0,0,0,0,0,0,0,0,0,0,0,0,255,0.2,5.91079,0.2,0.00648322,-0.213974,1,1,1,2,0,1,1,0.085471,-3.29763,-0.0436125,0.00487701,0.00015848,-0.171708,17.5092,15729,1,367,12.3085,3933,0,0.000884653,0.0532296,0.037829,0,0,0,1,489,0.205,5.31758e-05,1.53665e-05,3.15012e-06,-1.0901e-05,8.11221e-07,-1.1318e-05,0.224528,0.0280199,-0.00937379,0.0389507,-0.209905,0.00127756,-0.00124641,0.00114782,12.0632,1,0,0,0,0,0,-1,1,-9.04608e-07,-3.41781e-06,-0.210112,0,17.7649,1,1010,1010,1010,1010,0,0,0,0,17.7695,56,0.0044112,0.000171663,56,0.00673483,-0.00341742,46,-0.00121712,0.00335356,56,-0.00105721,0.00877674,56,0.00450394,0.0034537,56,0.00131987,-0.00128294,56,0.00164801,0.00326186,56,0.00123351,0.000482856,51,0.00212364,-0.00232818
5005923105818,5005911213000,5005911213000,5005923092632,73729,11.8796,5005936359069,25.1461,0,16862,62401,0,0,1,0,0,0.008019,500,500,458,0.916,2.64972,5.32819,0.707542,0.292298,-0.0111618,-0.017952,-4.70752e-05,3.58203e-05,0.0024689,-0.0613566,1,0.00446693,0.00587045,-0.00587045,0.00446693,1,1,-0.00600329,0.00497847,0.000132837,-0.000511538,0,0,0,0,0,0,0,0,0,0,0,0,0,0,0,0,0,0,0,0,0,0,0,255,0.21,7.41143,0.21,-0.0683648,0.350619,1,1,1,1,1,1,1,0.085471,-3.29763,-0.0436125,0.00487701,0.00015848,-0.171708,31.3409,15729,1,367,26.1401,3933,0,0.000884653,0.0532296,0.037829,0,0,0,1,458,0.215,-3.98533e-05,3.04766e-05,6.55247e-06,8.56846e-06,8.18622e-06,7.01618e-06,0.224536,0.0280269,-0.00936125,0.038947,-0.20993,0.00147289,-0.00219961,0.000721355,13.5637,1,0,0,0,0,0,-1,1,-9.04608e-07,-3.41781e-06,-0.210112,0,31.5936,1,1010,1010,1010,1010,0,0,0,0,31.5982,56,-0.00870531,0.0111838,56,-0.00706684,0.0130959,25,-0.00842112,0.00414863,56,-0.00522447,-0.00692833,56,-0.00251832,-0.0136251,47,-0.00483265,-0.0011581,56,-0.00833024,0.00928806,56,0.00195946,0.0105489,50,0.00658654,0.0150259
5005936942740,5005923188000,5005923188000,5005936930277,73729,13.7423,5005953627518,30.4395,0,16862,62402,0,0,1,0,0,0.011975,500,500,500,1,2.66826,7.22785,0.889118,0.345225,-0.037796,-0.0123901,-0.000110993,-1.03171e-05,-0.0109995,-0.00673159,1,-0.000861556,0.00926876,-0.00926876,-0.000861556,1,1,-0.00995876,-0.000779723,0.000690001,-8.18329e-05,0,0,0,0,0,0,0,0,0,0,0,0,0,0,0,0,0,0,0,0,0,0,0,255,0.2,1.66305,0.2,-0.0153423,-0.138384,1,1,1,1,0,1,1,0.0865173,-3.29811,-0.0462156,0.00627561,-0.000268741,-0.172943,1.09636,15730,1,367,43.3947,3933,0,0.000884653,0.0532296,0.037829,0,0,0,1,500,0.205,-9.39983e-05,-8.7488e-06,-1.7935e-06,1.92696e-05,2.25785e-06,1.92204e-05,0.224538,0.0280461,-0.0093742,0.0389806,-0.210038,0.000655252,-0.000335515,-0.001739,0.899859,2,0,0,0,0,0,-1,1,-9.04608e-07,-3.41781e-06,-0.210291,0,0.212483,1,1010,1010,1010,1010,0,0,0,0,1.37807,56,-0.00674843,0.000521835,56,-0.0255607,0.00333342,56,-0.00412253,-0.00240027,56,-0.00360825,-0.00723254,56,-0.0115992,0.00224045,56,-0.00303304,0.00346712,56,-0.00917288,-0.00359606,56,-0.00346022,-0.000156206,52,-0.00694587,0.00114242
5005954138170,5005943191000,5005943191000,5005954133670,73729,10.9427,5005967059641,23.8686,1,16863,62403,0,0,1,0,0,0.020003,500,500,500,1,2.67906,5.00663,0.702301,0.313336,0.000938416,0.0325775,2.07683e-05,2.81148e-05,0.0088859,0.00237983,1,0.00140553,-0.00103826,0.00103826,0.00140553,1,1,0.000366106,0.00100275,0.000672151,0.000402775,0,0,0,0,0,0,0,0,0,0,0,0,0,0,0,0,0,0,0,0,0,0,0,255,0.21,8.68098,0.21,0.00465218,0.127116,1,1,1,2,0,1,1,0.0865173,-3.29811,-0.0462156,0.00627561,-0.000268741,-0.172943,14.5552,15730,1,367,56.8534,3933,0,0.000884653,0.0532296,0.037829,0,0,0,1,500,0.215,1.74691e-05,2.3818e-05,5.12086e-06,-3.75586e-06,4.2226e-06,-4.74051e-06,0.224543,0.0280414,-0.00939426,0.0389846,-0.210083,-0.000929277,0.00173193,-0.00305562,13.1259,1,0,0,0,0,0,-1,1,-9.04608e-07,-3.41781e-06,-0.210291,0,13.7337,1,1010,1010,1010,1010,0,0,0,0,14.8992,56,-0.00769457,-0.00228238,56,0.00872125,-0.00160592,56,0.00388189,0.00675527,56,0.00235747,0.00356407,56,0.000687565,0.00235948,56,-0.00378877,0.00320434,56,0.00547698,0.00550241,56,0.00105109,0.00170073,52,-0.00193855,0.00622582
5005967671886,5005959232000,5005959232000,5005967666405,73729,8.4344,5005982359704,23.1277,1,16864,62404,0,0,1,0,0,0.016041,500,500,500,1,2.63689,4.59187,0.615561,0.315465,-0.0160675,0.0364914,-2.58517e-05,7.84807e-05,0.00230607,-0.00832323,1,0.00489251,0.0016116,-0.0016116,0.00489251,1,1,-0.00168816,0.0045806,7.65594e-05,0.00031191,0,0,0,0,0,0,0,0,0,0,0,0,0,0,0,0,0,0,0,0,0,0,0,255,0.21,1.98979,0.21,-0.000576115,0.0599887,1,1,1,1,0,1,1,0.0865173,-3.29811,-0.0462156,0.00627561,-0.000268741,-0.172943,29.8324,15730,1,367,72.1308,3933,0,0.000884653,0.0532296,0.037829,0,0,0,1,500,0.215,-2.18734e-05,6.65171e-05,1.43012e-05,4.70277e-06,1.49551e-05,1.61924e-06,0.224558,0.028043,-0.00940301,0.0389931,-0.210095,-0.00106387,0.00134121,-0.00111446,14.9946,1,0,0,0,0,0,-1,1,-9.04608e-07,-3.41781e-06,-0.210291,0,28.9361,1,1010,1010,1010,1010,0,0,0,0,30.1016,56,0.00629299,0.00782921,56,0.00188954,0.000398628,56,0.00126862,0.00254441,56,0.00251744,0.00748649,56,-0.00431484,0.00981473,56,-0.00323826,0.00281217,56,-0.00258997,0.00523368,56,-0.00334343,0.0103285,52,-0.00555774,0.00275997
5005982856449,5005971208000,5005971208000,5005982846745,73729,11.6387,5005995813661,24.6057,0,16864,62405,0,0,1,0,0,0.011976,500,500,499,0.998,2.65183,5.03496,0.610264,0.317891,0.0067749,-0.0341187,1.7273e-07,-6.44668e-05,-0.00382573,0.00181833,1,-0.005383,-1.4423e-05,1.4423e-05,-0.005383,1,1,0.000472636,-0.00508461,-0.000458213,-0.000298389,0,0,0,0,0,0,0,0,0,0,0,0,0,0,0,0,0,0,0,0,0,0,0,255,0.21,7.02574,0.21,0.00204273,-0.00571034,1,1,1,1,1,1,1,0.0865173,-3.29811,-0.0462156,0.00627561,-0.000268741,-0.172943,43.2978,15730,1,367,85.596,3933,0,0.000884653,0.0532296,0.037829,0,0,0,1,499,0.215,1.89777e-07,-5.4657e-05,-1.17513e-05,-4.08021e-08,-1.14927e-05,2.40886e-06,0.224546,0.0280454,-0.0093875,0.0389167,-0.210083,0.000670269,-0.00128307,0.00211247,13.1098,2,0,0,0,0,0,-1,1,-9.04608e-07,-3.41781e-06,-0.210291,0,42.4274,1,1010,1010,1010,1010,0,0,0,0,43.593,56,-0.00850184,0.001505,56,-0.00805635,0.00309917,56,0.0136152,-0.00451472,56,0.000593729,-0.0122933,56,0.00641006,-0.0038927,56,0.00776575,-0.00341642,56,-0.00164968,-0.0084215,56,-0.00166471,-0.00233664,51,0.00114872,-0.0126601
5005996407314,5005979223000,5005979223000,5005996395980,73729,17.173,5006010968168,31.7452,0,16864,62406,0,0,1,0,0,0.008015,500,500,500,1,2.64408,5.39262,0.59406,0.309577,0.0371704,-0.0505981,9.83898e-05,-7.49274e-05,0.00533978,-0.00723422,1,-0.0093484,-0.0122757,0.0122757,-0.0093484,1,1,0.012177,-0.00896921,9.87197e-05,-0.000379182,0,0,0,0,0,0,0,0,0,0,0,0,0,0,0,0,0,0,0,0,0,0,0,255,0.2,0.267317,0.2,0.00044473,-0.181173,1,1,1,1,0,1,1,0.087842,-3.29871,-0.0492285,0.00870374,-0.000691126,-0.174573,1.91842,15731,1,367,100.738,3933,0,0.000884653,0.0532296,0.037829,0,0,0,1,500,0.205,8.33878e-05,-6.34619e-05,-1.30097e-05,-1.70945e-05,-1.6273e-05,-1.40079e-05,0.22453,0.0280314,-0.009353,0.0388844,-0.210103,0.00226608,-0.00155465,0.00148906,1.67835,2,0,0,0,0,0,-1,1,-9.04608e-07,-3.41781e-06,-0.21031,0,2.18479,1,1010,1010,1010,1010,0,0,0,0,2.18879,56,0.0228057,-0.00902573,56,0.00914043,-0.0220732,56,0.00747167,-0.00616038,56,-0.00435792,-0.000395037,56,0.025452,-0.00589423,56,0.0129704,-0.0139785,56,0.0105014,-0.00956552,56,0.00274008,-0.0193488,52,0.009029,-0.00543478
5006011473542,5005999228000,5005999228000,5006011468338,73729,12.2403,5006025319464,26.0915,1,16865,62407,0,0,1,0,0,0.020005,500,500,499,0.998,2.62343,5.2441,0.706561,0.314762,0.0372925,0.0107727,5.29056e-05,-7.75661e-06,-0.000887368,0.00702146,1,-0.000387734,-0.00264462,0.00264462,-0.000387734,1,1,0.00290387,-0.000683714,-0.000259248,0.00029598,0,0,0,0,0,0,0,0,0,0,0,0,0,0,0,0,0,0,0,0,0,0,0,255,0.21,5.16698,0.21,-0.00242151,-0.0732369,1,1,1,1,0,1,1,0.087842,-3.29871,-0.0492285,0.00870374,-0.000691126,-0.174573,16.2746,15731,1,367,115.094,3933,0,0.000884653,0.0532296,0.037829,0,0,0,1,499,0.215,4.4773e-05,-6.58279e-06,-1.4153e-06,-9.6262e-06,-3.38715e-06,-9.11992e-06,0.224526,0.0280223,-0.00936051,0.0388827,-0.210091,0.000989961,0.00127272,0.00168378,14.0498,1,0,0,0,0,0,-1,1,-9.04608e-07,-3.41781e-06,-0.21031,0,16.5468,1,1010,1010,1010,1010,0,0,0,0,16.5508,55,-0.00265704,-0.00675544,56,0.0138765,0.00243196,56,-0.0058443,0.00592678,56,0.00471396,0.000239038,56,0.00515427,0.00422062,56,0.00490768,0.00173532,56,0.00468884,-0.00119445,56,0.00201634,-0.000345531,52,0.00641568,-0.00157739
5006025839468,5006011208000,5006011208000,5006025828339,73729,14.6203,5006041333256,30.1253,0,16865,62408,0,0,1,0,0,0.01198,500,500,499,0.998,2.68441,5.13152,0.777932,0.308761,-0.023407,0.0432281,-6.75786e-05,8.33491e-05,-0.0032029,-0.010128,1,0.00695736,0.00564096,-0.00564096,0.00695736,1,1,-0.00481027,0.00667275,-0.000830687,0.000284604,0,0,0,0,0,0,0,0,0,0,0,0,0,0,0,0,0,0,0,0,0,0,0,255,0.2,-0.772858,0.2,-0.00413771,0.0832402,1,1,1,1,0,1,1,0.087842,-3.29871,-0.0492285,0.00870374,-0.000691126,-0.174573,32.2851,15731,1,367,131.105,3933,0,0.000884653,0.0532296,0.037829,0,0,0,1,499,0.205,-5.72715e-05,7.06663e-05,1.44866e-05,1.17407e-05,1.66015e-05,8.46415e-06,0.224543,0.0280307,-0.00935802,0.0388585,-0.210083,0.000501844,0.00116688,0.00312613,15.7335,1,0,0,0,0,0,-1,1,-9.04608e-07,-3.41781e-06,-0.21031,0,32.5521,1,1010,1010,1010,1010,0,0,0,0,32.5561,55,-0.00161459,0.0152182,56,-0.0113605,0.00107791,56,0.0038167,0.00441239,56,-0.00168057,0.0055124,56,-0.00586542,-0.00556772,56,-0.0120177,0.0103886,56,-0.00703928,0.00993463,56,0.00192101,0.0130065,52,-0.0129992,0.0133875
5006041844371,5006031202000,5006031202000,5006041839148,73729,10.6371,5006055920128,24.7181,1,16866,62409,0,0,1,0,0,0.019994,500,500,500,1,2.67109,4.89598,0.602375,0.310558,-0.0689545,-0.0575256,-0.000154214,-9.07304e-05,-0.00053003,-0.00253455,1,-0.00453788,0.007713,-0.007713,-0.00453788,1,1,-0.00728292,-0.00436249,-0.000430077,-0.00017539,0,0,0,0,0,0,0,0,0,0,0,0,0,0,0,0,0,0,0,0,0,0,0,255,0.2,5.07397,0.2,-0.00859642,-0.115365,1,1,1,1,1,1,1,0.087842,-3.29871,-0.0492285,0.00870374,-0.000691126,-0.174573,46.8714,15731,1,367,145.691,3933,0,0.000884653,0.0532296,0.037829,0,0,0,1,500,0.205,-0.000130695,-7.68925e-05,-1.5763e-05,2.67925e-05,-9.82506e-06,2.94898e-05,0.224533,0.0280602,-0.00937681,0.0387766,-0.210156,-0.000146362,-0.000719099,0.00129356,14.2415,2,0,0,0,0,0,-1,1,-9.04608e-07,-3.41781e-06,-0.210459,0,0.267151,1,1010,1010,1010,1010,0,0,0,0,0.271077,56,0.000268375,-0.0111779,56,-0.0145564,-0.00720425,56,-0.00507243,-0.00614886,56,-0.00135327,-0.00328091,56,-0.00470593,-0.00555314,56,-0.00408249,-0.00400167,56,-0.00790478,0.000903217,56,-0.00674399,-0.00357698,52,-0.010746,-0.00554592
5006056489614,5006039226000,5006039226000,5006056478614,73729,17.2526,5006069212824,29.9868,0,16866,62410,0,0,1,0,0,0.008024,500,500,499,0.998,2.68302,4.71798,0.667968,0.308243,0.00775146,0.000305176,1.71412e-05,-1.32009e-06,-0.00021849,-0.000700125,1,-0.000164517,-0.00213624,0.00213624,-0.000164517,1,1,0.00098138,8.0957e-05,0.00115486,-0.000245474,0,0,0,0,0,0,0,0,0,0,0,0,0,0,0,0,0,0,0,0,0,0,0,255,0.2,-0.587375,0.2,0.000616876,7.59142e-05,1,1,1,1,0,1,1,0.0892376,-3.29924,-0.0510759,0.00967657,-0.00150951,-0.174799,13.2831,15732,1,367,158.987,3933,0,0.000884653,0.0532296,0.037829,0,0,0,1,499,0.205,1.45389e-05,-1.08723e-06,-2.22882e-07,-2.98048e-06,-8.3877e-07,-2.86846e-06,0.224532,0.0280573,-0.00937732,0.0387603,-0.210252,-0.000295867,-0.00100644,-0.00402463,13.038,1,0,0,0,0,0,-1,1,-9.04608e-07,-3.41781e-06,-0.210459,0,13.5691,1,1010,1010,1010,1010,0,0,0,0,13.573,55,-0.00498959,0.00889815,56,0.0141827,-0.0113203,56,-0.000871431,-0.0083398,56,-0.000248922,0.0151614,56,-0.00291329,0.0144193,56,0.00341397,-0.00326671,56,-0.00103629,-0.00643454,56,0.00199701,-0.00487239,52,0.0107167,0.00957288
5006069751458,5006059229000,5006059229000,5006069745162,73729,10.5162,5006082826411,23.5974,1,16867,62411,0,0,1,0,0,0.020003,500,500,499,0.998,2.66778,4.57846,0.672579,0.31504,0.0242767,0.0270386,5.33996e-05,4.60105e-05,0.00482335,-0.00136744,1,0.00230018,-0.00266958,0.00266958,0.00230018,1,1,0.000686862,0.0021977,0.00198272,0.000102475,0,0,0,0,0,0,0,0,0,0,0,0,0,0,0,0,0,0,0,0,0,0,0,255,0.2,2.43996,0.2,0.0021445,0.00310531,1,1,1,1,0,1,1,0.0892376,-3.29924,-0.0510759,0.00967657,-0.00150951,-0.174799,26.8973,15732,1,367,172.601,3933,0,0.000884653,0.0532296,0.037829,0,0,0,1,499,0.205,4.52488e-05,3.90213e-05,7.99936e-06,-9.27601e-06,5.88396e-06,-1.07407e-05,0.224538,0.0280466,-0.0093726,0.0387558,-0.210325,0.000609192,0.000420149,-0.00601595,13.3669,1,0,0,0,0,0,-1,1,-9.04608e-07,-3.41781e-06,-0.210459,0,27.1654,1,1010,1010,1010,1010,0,0,0,0,27.1694,55,0.00344566,0.002028,56,0.00133939,0.00697033,56,0.00252636,0.001466,56,0.00269901,0.00342975,56,0.00199402,-0.00521442,56,-0.00377692,0.00240283,56,0.00538674,0.00256811,56,0.00331071,0.0038826,52,0.0100009,0.0048314
5006083352582,5006071206000,5006071206000,5006083342453,73729,12.1365,5006098505682,27.2997,0,16867,62412,0,0,1,0,0,0.011977,500,500,491,0.982,2.62872,5.10613,0.61869,0.313132,0.032196,-0.00489807,6.40018e-05,1.2233e-05,0.00625751,-0.0195852,1,0.00102138,-0.00534373,0.00534373,0.00102138,1,1,0.00422553,0.000975445,0.0011182,4.59307e-05,0,0,0,0,0,0,0,0,0,0,0,0,0,0,0,0,0,0,0,0,0,0,0,255,0.2,5.51669,0.2,0.00349981,-0.000965649,1,1,1,1,0,1,1,0.0892376,-3.29924,-0.0510759,0.00967657,-0.00150951,-0.174799,42.5867,15732,1,367,188.291,3933,0,0.000884653,0.0532296,0.037829,0,0,0,1,491,0.205,5.43009e-05,1.04256e-05,2.13725e-06,-1.11317e-05,-2.31815e-07,-1.13326e-05,0.224538,0.0280353,-0.0093522,0.0387584,-0.21036,0.00123068,0.000188316,-0.00268315,15.3907,2,0,0,0,0,0,-1,1,-9.04608e-07,-3.41781e-06,-0.210459,0,42.8603,1,1010,1010,1010,1010,0,0,0,0,42.8642,56,0.0188653,0.00728263,56,0.00761996,-0.00127511,48,0.0116314,-0.00142806,56,0.00298445,0.00338128,56,0.00955282,0.00224669,55,0.00950072,0.00155544,56,0.00285202,0.00289743,56,0.00135811,0.00660183,52,0.00193862,-0.00588445
5006099045464,5006079228000,5006079228000,5006099034038,73729,19.806,5006112579421,33.3514,0,16867,62413,0,0,1,0,0,0.008022,500,500,500,1,2.6578,5.31721,0.612283,0.312947,0.00837708,0.0112991,1.46374e-05,4.82392e-05,0.000483536,-0.00515182,1,0.00601336,-0.00182465,0.00182465,0.00601336,1,1,0.0031975,0.00622581,-0.00137285,-0.000212444,0,0,0,0,0,0,0,0,0,0,0,0,0,0,0,0,0,0,0,0,0,0,0,255,0.2,1.34229,0.2,0.00100212,0.00332663,1,1,1,1,1,1,1,0.0902119,-3.2997,-0.0530054,0.0104675,-0.00156262,-0.175705,5.18745,15733,1,367,5.13452,3934,0,0.000884653,0.056508,0.0379125,0,0,0,1,500,0.205,1.23523e-05,4.08431e-05,8.37284e-06,-2.53223e-06,7.65465e-06,-4.22287e-06,0.224546,0.0280311,-0.00935924,0.0387392,-0.210273,0.000307513,-0.000871019,0.00474896,4.94245,2,0,0,0,0,0,-1,1,-9.04608e-07,-3.41781e-06,-0.21048,0,5.45839,1,1010,1010,1010,1010,0,0,0,0,5.46271,56,-0.0191367,-0.00267888,56,0.0114217,0.0231004,56,0.0015693,0.0027383,56,0.00329637,0.00588382,56,0.0183825,-0.000911373,56,0.00514443,0.00699188,56,-0.00213374,-0.00212546,56,0.00322847,-0.00143966,52,-0.00543506,0.00450986
5006113147684,5006099223000,5006099223000,5006113139018,73729,13.916,5006127629519,28.4065,1,16868,62414,0,0,1,0,0,0.019995,500,500,499,0.998,2.681,5.35162,0.660894,0.316058,-0.00192261,-0.0252075,-2.40022e-05,-4.25295e-05,-0.00476538,0.00212966,1,-0.00212701,0.00120041,-0.00120041,-0.00212701,1,1,0.000558268,-0.00183722,-0.00175868,-0.000289786,0,0,0,0,0,0,0,0,0,0,0,0,0,0,0,0,0,0,0,0,0,0,0,255,0.2,5.28021,0.2,-0.00185717,-0.00155853,1,1,1,1,0,1,1,0.0902119,-3.2997,-0.0530054,0.0104675,-0.00156262,-0.175705,20.2442,15733,1,367,20.191,3934,0,0.000884653,0.056508,0.0379125,0,0,0,1,499,0.205,-2.03019e-05,-3.60244e-05,-7.38501e-06,4.16188e-06,-6.34992e-06,5.61044e-06,0.224539,0.0280367,-0.00935816,0.0387347,-0.210241,0.000150879,-0.00118812,0.00588917,14.8048,1,0,0,0,0,0,-1,1,-9.04608e-07,-3.41781e-06,-0.21048,0,20.5175,1,1010,1010,1010,1010,0,0,0,0,20.5219,55,0.00194072,-0.00553327,56,0.00115357,-0.0068638,56,-0.000914814,-7.11845e-05,56,-0.00400965,-0.00311667,56,-0.0043972,0.00482379,56,0.00225052,-0.00507597,56,4.31127e-05,-0.00054737,56,-0.00489033,-0.00260423,52,0.000120733,-0.00512868
5006128176209,5006119222000,5006119222000,5006128171023,73729,8.94902,5006143134566,23.9126,1,16869,62415,0,0,1,0,0,0.019999,500,500,500,1,2.64663,4.7682,0.83021,0.312114,-0.0226593,-0.00785065,-8.30437e-05,-1.47829e-05,-0.0046028,-0.00233185,1,-0.000739183,0.00415239,-0.00415239,-0.000739183,1,1,-0.0033088,-0.000590753,-0.00084359,-0.00014843,0,0,0,0,0,0,0,0,0,0,0,0,0,0,0,0,0,0,0,0,0,0,0,255,0.2,-0.016944,0.2,-0.00315532,0.00026694,1,1,1,1,0,1,1,0.0902119,-3.2997,-0.0530054,0.0104675,-0.00156262,-0.175705,35.7464,15733,1,367,35.6934,3934,0,0.000884653,0.056508,0.0379125,0,0,0,1,500,0.205,-7.02715e-05,-1.24977e-05,-2.56203e-06,1.44057e-05,4.97873e-07,1.46232e-05,0.22454,0.0280513,-0.00937022,0.0387488,-0.210272,-1.3932e-05,-0.000608562,0.00275583,15.2439,1,0,0,0,0,0,-1,1,-9.04608e-07,-3.41781e-06,-0.21048,0,36.0127,1,1010,1010,1010,1010,0,0,0,0,36.017,56,0.000944878,0.00276739,56,-0.0163969,0.0014125,56,0.00409114,-0.00286032,56,-0.000570894,-0.00228932,56,-0.00394213,-0.00433195,56,-0.00869163,-0.0010691,56,-0.00206021,0.00111122,56,-0.00280023,0.000328985,52,-0.0019568,0.00434081
5006143645088,5006131198000,5006131198000,5006143634162,73729,12.4362,5006159357747,28.1597,0,16869,62416,0,0,1,0,0,0.011976,500,500,484,0.968,2.62508,5.15072,0.600338,0.305484,-0.0143356,0.0154266,-2.37631e-05,4.22808e-05,-9.82847e-06,-0.0126889,1,0.00353046,0.00198423,-0.00198423,0.00353046,1,1,-0.00253966,0.00341672,0.000555432,0.00011374,0,0,0,0,0,0,0,0,0,0,0,0,0,0,0,0,0,0,0,0,0,0,0,255,0.21,5.29876,0.21,-0.00869427,0.115054,1,1,1,1,0,1,1,0.0910402,-3.30016,-0.055771,0.0103565,-0.00201039,-0.177374,3.75668,15734,1,367,51.8991,3934,0,0.000884653,0.056508,0.0379125,0,0,0,1,484,0.215,-2.01825e-05,3.58425e-05,7.70615e-06,4.33923e-06,8.43518e-06,2.63554e-06,0.224548,0.0280539,-0.00935373,0.0388024,-0.21039,0.000410626,0.000489083,-0.00158219,3.53536,3,0,0,0,0,0,-1,1,-9.04608e-07,-3.41781e-06,-0.210596,0,4.02566,1,1010,1010,1010,1010,0,0,0,0,4.02992,56,-0.00255746,0.00320092,56,-0.00572296,-0.00259024,44,-0.00229762,0.00499101,56,0.00157282,0.00525561,56,-0.00676643,0.0073295,52,0.00452113,0.00793477,56,-0.00529056,0.00126444,56,-0.00129867,0.00585664,52,-0.00402227,0.0017473
5006159846788,5006151235000,5006151235000,5006159841584,73729,8.60658,5006173078095,21.8431,1,16870,62417,0,0,1,0,0,0.020037,500,500,490,0.98,2.64226,4.60318,0.65432,0.31378,0.0266571,0.0210495,7.56499e-05,2.20228e-05,0.00856959,0.00580473,1,0.00109911,-0.00377551,0.00377551,0.00109911,1,1,0.0031411,0.00107255,0.000634409,2.65596e-05,0,0,0,0,0,0,0,0,0,0,0,0,0,0,0,0,0,0,0,0,0,0,0,255,0.2,1.21312,0.2,0.00530626,-0.0636791,1,1,1,1,1,1,1,0.0910402,-3.30016,-0.055771,0.0103565,-0.00201039,-0.177374,17.4929,15734,1,367,65.6351,3934,0,0.000884653,0.056508,0.0379125,0,0,0,1,490,0.205,6.4073e-05,1.87038e-05,3.83428e-06,-1.3135e-05,1.00819e-06,-1.36459e-05,0.224549,0.0280403,-0.00934653,0.0388013,-0.210417,0.00148578,0.000108894,-0.000892242,12.1199,1,0,0,0,0,0,-1,1,-9.04608e-07,-3.41781e-06,-0.210596,0,17.7561,1,1010,1010,1010,1010,0,0,0,0,17.7604,56,-0.000150037,-0.00122331,56,0.0108081,0.00159537,46,-0.00143966,0.00140871,56,0.006018,8.15348e-05,56,0.00423293,-0.00205034,56,0.0044898,-0.000472646,56,0.00499341,0.00316379,56,0.00143803,-0.000817344,52,-0.000622204,0.00243061
5006173644673,5006159261000,5006159261000,5006173632914,73729,14.3719,5006186908665,27.6477,0,16870,62418,0,0,1,0,0,0.008026,500,500,500,1,2.67078,5.12095,0.660338,0.312632,0.00574493,-0.0166168,-1.04006e-05,-2.35132e-05,-0.0106052,-0.0127634,1,-0.00292963,0.00129587,-0.00129587,-0.00292963,1,1,-0.00185635,-0.00287261,0.000560489,-5.70224e-05,0,0,0,0,0,0,0,0,0,0,0,0,0,0,0,0,0,0,0,0,0,0,0,255,0.2,4.67472,0.2,-0.000895819,-0.0037508,1,1,1,1,0,1,1,0.0910402,-3.30016,-0.055771,0.0103565,-0.00201039,-0.177374,31.3336,15734,1,367,79.4759,3934,0,0.000884653,0.056508,0.0379125,0,0,0,1,500,0.205,-8.7354e-06,-1.99008e-05,-4.07967e-06,1.79076e-06,-3.61321e-06,2.60292e-06,0.224546,0.0280429,-0.00934415,0.0388244,-0.210452,0.00117437,-0.000233792,-0.000898903,13.5566,1,0,0,0,0,0,-1,1,-9.04608e-07,-3.41781e-06,-0.210596,0,31.6188,1,1010,1010,1010,1010,0,0,0,0,31.623,56,0.0161807,0.00297641,56,-0.0275839,-0.0159802,56,0.00361525,-0.00484951,56,0.000862548,-0.00295362,56,-0.00122304,0.00373753,56,-0.011448,0.00593148,56,-0.00298265,-0.00436808,56,0.0110518,0.00446667,52,-0.00737541,-0.000805772
5006187460725,5006179215000,5006179215000,5006187455225,73729,8.24022,5006200876255,21.6613,1,16871,62419,0,0,1,0,0,0.019954,500,500,500,1,2.6283,4.678,0.650042,0.306336,0.00570679,-0.00776672,-3.95872e-06,-3.37037e-05,-0.000850436,0.00640245,1,-0.00168907,0.000198392,-0.000198392,-0.00168907,1,1,-0.000717466,-0.00153669,0.000519073,-0.000152381,0,0,0,0,0,0,0,0,0,0,0,0,0,0,0,0,0,0,0,0,0,0,0,255,0.2,8.16975,0.2,-0.000769024,-0.00093631,1,1,1,1,0,1,1,0.0910402,-3.30016,-0.055771,0.0103565,-0.00201039,-0.177374,45.2882,15734,1,367,93.4304,3934,0,0.000884653,0.056508,0.0379125,0,0,0,1,500,0.205,-3.39762e-06,-2.85681e-05,-5.85647e-06,6.96512e-07,-5.57764e-06,1.90381e-06,0.22454,0.0280448,-0.00933751,0.0388244,-0.210477,0.000962374,-0.000624761,-0.000932662,13.6107,1,0,0,0,0,0,-1,1,-9.04608e-07,-3.41781e-06,-0.210596,0,45.5555,1,1010,1010,1010,1010,0,0,0,0,0.218261,56,-0.00806054,0.00326156,56,0.00960719,0.000531779,56,-0.00189691,0.000504209,56,0.000891349,-0.00432578,56,0.0046316,-0.00148044,56,0.000888878,-0.00240026,56,0.000481814,-0.00362835,56,-0.00316917,-5.124e-05,52,-0.000933261,-0.00232295
5006201376611,5006187228000,5006187228000,5006201369111,73729,14.1411,5006220251480,33.0235,0,16871,62420,0,0,1,0,0,0.008013,500,500,500,1,2.68387,4.76413,0.597412,0.313892,-0.00606537,-0.0139008,1.72121e-06,-1.26114e-05,-0.0023814,-0.00166597,1,-0.00157387,-0.000214803,0.000214803,-0.00157387,1,1,3.93596e-05,-0.00157646,0.000175443,2.59737e-06,0,0,0,0,0,0,0,0,0,0,0,0,0,0,0,0,0,0,0,0,0,0,0,255,0.2,2.05852,0.2,-0.00117091,-0.00100482,1,1,1,1,0,1,1,0.0916819,-3.30054,-0.0580627,0.0105148,-0.0020086,-0.178982,9.69019,15735,1,367,112.803,3934,0,0.000884653,0.056508,0.0379125,0,0,0,1,500,0.205,1.4316e-06,-1.07196e-05,-2.19752e-06,-2.93479e-07,-2.2086e-06,1.71853e-07,0.224538,0.028045,-0.00933744,0.0388764,-0.210519,0.000434509,1.06492e-05,-0.000227846,4.57441,3,0,0,0,0,0,-1,1,-9.04608e-07,-3.41781e-06,-0.210718,0,9.96417,1,1010,1010,1010,1010,0,0,0,0,19.5979,56,-0.00575894,0.00573459,56,0.00450397,0.00946145,56,0.00282472,-0.0028461,56,-0.0100558,0.00658344,56,0.00103831,-0.000655867,56,-0.00265137,-0.00583434,56,-0.00529479,-0.00865831,56,0.00107428,-0.00723885,52,-0.00152551,-0.00169637
5006220761799,5006207242000,5006207242000,5006220757095,73729,13.5151,5006234832001,27.59,1,16872,62421,0,0,1,0,0,0.020014,500,500,500,1,2.64056,4.68042,0.677617,0.315613,0.00719452,0.0227661,4.11755e-05,2.67202e-05,0.00581974,0.00224126,1,0.00133508,-0.00205734,0.00205734,0.00133508,1,1,0.00246412,0.00129329,-0.000406782,4.17891e-05,0,0,0,0,0,0,0,0,0,0,0,0,0,0,0,0,0,0,0,0,0,0,0,255,0.2,1.18712,0.2,0.000208346,0.00160921,1,1,1,1,1,1,1,0.0916819,-3.30054,-0.0580627,0.0105148,-0.0020086,-0.178982,24.2754,15735,1,367,127.388,3934,0,0.000884653,0.056508,0.0379125,0,0,0,1,500,0.205,3.48572e-05,2.26311e-05,4.63938e-06,-7.14573e-06,3.04299e-06,-7.95693e-06,0.224541,0.028037,-0.00933811,0.0388853,-0.210509,-0.000169859,0.000171335,0.00119836,14.3182,1,0,0,0,0,0,-1,1,-9.04608e-07,-3.41781e-06,-0.210718,0,24.5451,1,1010,1010,1010,1010,0,0,0,0,34.1789,56,0.00026213,-0.00180272,56,0.0075842,-0.00340171,56,0.00206457,0.00223505,56,0.00195951,0.00511534,56,0.00254416,0.00150346,56,-0.00177427,0.00141504,56,0.00345563,0.00353481,56,0.000271133,0.00217137,52,0.00139405,-0.00214581
5006235409931,5006227238000,5006227238000,5006235402320,73729,8.16432,5006250522882,23.2849,1,16873,62422,0,0,1,0,0,0.019996,500,500,500,1,2.63326,4.99395,0.69508,0.312928,-0.0280075,-0.0167542,-9.57776e-05,-5.62022e-05,-0.00269693,0.00808582,1,-0.00281067,0.00478984,-0.00478984,-0.00281067,1,1,-0.00427657,-0.00268468,-0.000513263,-0.000125995,0,0,0,0,0,0,0,0,0,0,0,0,0,0,0,0,0,0,0,0,0,0,0,255,0.2,5.60856,0.2,-0.00274606,-0.00201718,1,1,1,1,0,1,1,0.0916819,-3.30054,-0.0580627,0.0105148,-0.0020086,-0.178982,39.9669,15735,1,367,143.08,3934,0,0.000884653,0.056508,0.0379125,0,0,0,1,500,0.205,-8.12445e-05,-4.77042e-05,-9.77936e-06,1.66551e-05,-6.08212e-06,1.83299e-05,0.224535,0.0280553,-0.00932582,0.0388875,-0.210507,0.000295426,-0.00051658,0.00191984,15.4373,1,0,0,0,0,0,-1,1,-9.04608e-07,-3.41781e-06,-0.210718,0,40.2382,1,1010,1010,1010,1010,0,0,0,0,0.151723,56,-0.00516796,-0.00618734,56,-0.000601978,-0.000226488,56,-0.00489818,-0.00238264,56,-0.000718537,-0.00641935,56,-0.00530233,-0.00133798,56,-0.00448429,0.000782124,56,0.000518108,-0.00358911,56,-0.0044206,-0.00216428,52,-0.00255754,-0.0032256
5006251046275,5006239222000,5006239222000,5006251035775,73729,11.8138,5006265027958,25.806,0,16873,62423,0,0,1,0,0,0.011984,500,500,491,0.982,2.66109,4.88408,0.714191,0.313799,0.024231,-0.0171051,5.02185e-05,-3.14058e-05,0.00223483,-0.00717365,1,-0.00262065,-0.00419046,0.00419046,-0.00262065,1,1,0.00422076,-0.00255315,-3.02993e-05,-6.74914e-05,0,0,0,0,0,0,0,0,0,0,0,0,0,0,0,0,0,0,0,0,0,0,0,255,0.2,0.984637,0.2,0.0027679,-0.002701,1,1,1,1,0,1,1,0.0922038,-3.30088,-0.0600494,0.010606,-0.00246148,-0.180049,4.67454,15736,1,367,157.583,3934,0,0.000884653,0.056508,0.0379125,0,0,0,1,491,0.205,4.25879e-05,-2.65585e-05,-5.44449e-06,-8.73052e-06,-7.14183e-06,-7.40087e-06,0.224528,0.0280479,-0.00930608,0.03893,-0.210567,0.00105014,-0.000276715,0.000939497,4.36253,3,0,0,0,0,0,-1,1,-9.04608e-07,-3.41781e-06,-0.210751,0,4.94478,1,1010,1010,1010,1010,0,0,0,0,14.6538,56,0.0149204,-0.00966562,56,0.00797301,-0.00967507,48,0.00739978,-0.00123006,56,-0.00332785,0.000314114,56,-0.000960743,0.00076004,55,0.000102113,-0.000401785,56,0.00112628,0.000528463,56,0.00959844,-0.00114652,52,0.00169068,5.70262e-06
5006265541406,5006247231000,5006247231000,5006265533277,73729,18.3023,5006278650916,31.4199,0,16873,62424,0,0,1,0,0,0.008009,500,500,500,1,2.65502,4.90317,0.676876,0.309299,-0.00341034,0.0129089,-4.96011e-05,3.4147e-05,-0.0252649,-0.00801386,1,0.00426357,0.00619317,-0.00619317,0.00426357,1,1,-0.00637061,0.00412186,0.000177439,0.000141716,0,0,0,0,0,0,0,0,0,0,0,0,0,0,0,0,0,0,0,0,0,0,0,255,0.2,5.28758,0.2,-0.00252698,0.00329748,1,1,1,1,0,1,1,0.0922038,-3.30088,-0.0600494,0.010606,-0.00246148,-0.180049,18.318,15736,1,367,171.227,3934,0,0.000884653,0.056508,0.0379125,0,0,0,1,500,0.205,-4.20009e-05,2.89182e-05,5.92822e-06,8.61018e-06,7.58942e-06,7.18215e-06,0.224535,0.0280551,-0.00930608,0.03893,-0.210567,0.000821933,0.000581036,7.55465e-05,17.9833,0,0,0,0,0,0,-1,1,-9.04608e-07,-3.41781e-06,-0.210751,0,18.5949,1,1010,1010,1010,1010,0,0,0,0,28.3039,56,-0.0135803,0.0304138,56,-0.0111434,0.00215785,56,0.00369468,0.00633358,56,-0.00265231,-0.00473711,56,-0.000264501,-0.000750504,56,0.000190444,0.00721331,56,0.00318413,-0.001207,56,-0.014712,0.00453621,52,-0.00372573,-0.00116104
5006279204142,5006267235000,5006267235000,5006279198827,73729,11.9638,5006292939286,25.7043,1,16874,62425,0,0,1,0,0,0.020004,500,500,500,1,2.66126,4.61372,0.681283,0.309114,-0.0149841,0.0459595,-3.37572e-05,8.32866e-05,0.00298512,0.00133948,1,0.00416349,0.00168752,-0.00168752,0.00416349,1,1,-0.0017609,0.00387038,7.33792e-05,0.000293119,0,0,0,0,0,0,0,0,0,0,0,0,0,0,0,0,0,0,0,0,0,0,0,255,0.2,8.61721,0.2,-0.00266914,0.00404673,1,1,1,1,1,1,1,0.0922038,-3.30088,-0.0600494,0.010606,-0.00246148,-0.180049,32.5874,15736,1,367,185.496,3934,0,0.000884653,0.056508,0.0379125,0,0,0,1,500,0.205,-2.86291e-05,7.06401e-05,1.44812e-05,5.86897e-06,1.53752e-05,2.71492e-06,0.224551,0.0280578,-0.00929645,0.0389456,-0.210575,0.000742433,0.00120179,0.000353263,13.9982,1,0,0,0,0,0,-1,1,-9.04608e-07,-3.41781e-06,-0.210751,0,32.8514,1,1010,1010,1010,1010,0,0,0,0,42.5604,56,-0.00111465,-0.00155953,56,0.000618963,0.0027994,56,-0.00142758,0.00487295,56,0.000573361,0.00605905,56,-0.00326149,0.00555214,56,-0.00117206,0.00526894,56,-0.00167215,0.00395069,56,0.00141328,0.00282904,52,-0.00140462,0.00673331
5006293492475,5006279233000,5006279233000,5006293480827,73729,14.2478,5006308994670,29.7617,0,16874,62426,0,0,1,0,0,0.011998,500,500,500,1,2.6577,5.03128,0.678264,0.31278,0.0166855,-0.00297546,2.65932e-05,2.91262e-06,0.00224816,0.00444732,1,0.000242759,-0.00221647,0.00221647,0.000242759,1,1,0.00224484,0.000399773,-2.83699e-05,-0.000157015,0,0,0,0,0,0,0,0,0,0,0,0,0,0,0,0,0,0,0,0,0,0,0,255,0.2,2.73195,0.2,0.000738892,-0.000768524,1,1,1,1,0,1,1,0.0925781,-3.30116,-0.0618504,0.00931797,-0.00180333,-0.180755,2.60608,15737,1,367,201.548,3934,0,0.000884653,0.056508,0.0379125,0,0,0,1,500,0.205,2.2505e-05,2.39446e-06,4.90865e-07,-4.61353e-06,-4.83207e-07,-4.61428e-06,0.22455,0.0280532,-0.00928618,0.0389364,-0.21062,0.000625868,-0.00064376,0.000593748,2.36544,3,0,0,0,0,0,-1,1,-9.04608e-07,-3.41781e-06,-0.210825,0,2.88813,1,1010,1010,1010,1010,0,0,0,0,2.89234,56,-0.00989873,-0.00451624,56,0.00899268,-0.000807358,56,0.00589869,0.00118162,56,0.00192501,9.7009e-05,56,-0.00254353,0.00462047,56,-0.00182475,-0.00195832,56,0.00684221,-0.00319269,56,0.00446237,0.0011191,52,0.00301715,-0.00297124
5006309523341,5006299234000,5006299234000,5006309518637,73729,10.2846,5006323108391,23.8744,1,16875,62427,0,0,1,0,0,0.020001,500,500,498,0.996,2.68189,4.80396,0.656042,0.309558,0.0328751,0.00191498,6.55738e-05,-1.51778e-05,0.00141537,0.00515942,1,-0.000758853,-0.00327852,0.00327852,-0.000758853,1,1,0.00310819,-0.000432804,0.000170333,-0.00032605,0,0,0,0,0,0,0,0,0,0,0,0,0,0,0,0,0,0,0,0,0,0,0,255,0.21,7.49985,0.21,0.0128815,0.16238,1,1,1,1,0,1,1,0.0925781,-3.30116,-0.0618504,0.00931797,-0.00180333,-0.180755,16.7205,15737,1,367,14.1029,3935,0,0.000884653,0.0593705,0.0370796,0,0,0,1,498,0.215,5.55196e-05,-1.28551e-05,-2.76384e-06,-1.19367e-05,-5.19195e-06,-1.10959e-05,0.224545,0.0280421,-0.00928618,0.0389364,-0.21062,0.000533561,-0.00140201,-0.000159096,16.4798,0,0,0,0,0,0,-1,1,-9.04608e-07,-3.41781e-06,-0.210825,0,16.9869,1,1010,1010,1010,1010,0,0,0,0,16.9911,56,-0.00012207,-0.000237021,56,0.00904054,-0.00548653,55,0.00144945,0.001802,56,0.00136532,0.00398775,56,0.00675548,-6.29515e-07,56,0.00719016,0.000132083,55,0.00135045,0.000326122,56,-0.000293195,-0.00459655,52,0.00354822,-0.00752652
5006323612043,5006307236000,5006307236000,5006323604080,73729,16.3681,5006339078774,31.8428,0,16875,62428,0,0,1,0,0,0.008002,500,500,499,0.998,2.63395,5.93808,0.679672,0.307188,0.00088501,-0.00311279,5.09077e-06,-2.17296e-05,-0.00330695,0.0159263,1,-0.00271552,-0.000636188,0.000636188,-0.00271552,1,1,0.000269242,-0.00256806,0.000366946,-0.000147457,0,0,0,0,0,0,0,0,0,0,0,0,0,0,0,0,0,0,0,0,0,0,0,255,0.21,2.39591,0.21,0.00531079,0.131998,1,1,1,1,0,1,1,0.0925781,-3.30116,-0.0618504,0.00931797,-0.00180333,-0.180755,32.6995,15737,1,367,30.0817,3935,0,0.000884653,0.0593705,0.0370796,0,0,0,1,499,0.215,4.30291e-06,-1.84147e-05,-3.95915e-06,-9.25126e-07,-4.0618e-06,-7.73714e-08,0.224541,0.028042,-0.00929385,0.0389559,-0.21068,4.66233e-05,-0.000634066,-0.00122499,15.6871,2,0,0,0,0,0,-1,1,-9.04608e-07,-3.41781e-06,-0.210825,0,32.9894,1,1010,1010,1010,1010,0,0,0,0,32.9936,56,0.00888661,0.0082163,55,-0.00844821,-0.0130823,56,0.00715969,-0.000123665,56,-0.00734151,-0.00821233,56,-0.00751379,-0.00954635,56,0.000330433,-0.00195639,56,0.00409831,-0.00527575,56,0.000320486,0.00498542,52,-0.00347543,-0.00526244
5006339622964,5006327241000,5006327241000,5006339615315,73729,12.3743,5006353214273,25.9733,1,16876,62429,0,0,1,0,0,0.020005,500,500,500,1,2.6533,4.63372,0.617894,0.309058,-0.0282898,-0.00927734,-4.28841e-05,-1.68675e-05,0.00562623,-0.00481092,1,-0.000843165,0.00214367,-0.00214367,-0.000843165,1,1,-0.00275368,-0.000975471,0.000610009,0.000132306,0,0,0,0,0,0,0,0,0,0,0,0,0,0,0,0,0,0,0,0,0,0,0,255,0.2,7.92269,0.2,-0.012638,-0.117843,1,1,1,1,1,1,1,0.0925781,-3.30116,-0.0618504,0.00931797,-0.00180333,-0.180755,46.8274,15737,1,367,44.2095,3935,0,0.000884653,0.0593705,0.0370796,0,0,0,1,500,0.205,-3.6375e-05,-1.42594e-05,-2.92317e-06,7.45687e-06,-1.29892e-06,7.90321e-06,0.22454,0.0280499,-0.00929115,0.038974,-0.210774,9.6825e-06,0.000542453,-0.00199308,12.4677,2,0,0,0,0,0,-1,1,-9.04608e-07,-3.41781e-06,-0.210825,0,47.0928,1,1010,1010,1010,1010,0,0,0,0,0.177927,56,0.00339131,-9.5754e-05,56,-0.00131027,-0.000414249,56,-0.00433174,-0.00127239,56,-0.0060631,0.0006504,56,-0.00173073,-1.96474e-05,56,-0.00298487,-0.000292421,56,-0.00111302,0.000537161,56,-0.00133255,-0.00124835,52,0.00247138,0.00204878
5006353767666,5006339214000,5006339214000,5006353755462,73729,14.5415,5006368778005,29.564,0,16876,62430,0,0,1,0,0,0.011973,500,500,498,0.996,2.69415,5.207,0.707412,0.310206,0.00767517,-0.0289154,5.64117e-06,-7.1347e-05,-0.000452057,0.00882261,1,-0.00595899,-0.000471157,0.000471157,-0.00595899,1,1,-0.000236803,-0.00604569,0.00070796,8.66943e-05,0,0,0,0,0,0,0,0,0,0,0,0,0,0,0,0,0,0,0,0,0,0,0,255,0.2,2.14328,0.2,-0.0041325,-0.155447,1,1,1,1,0,1,1,0.0927414,-3.30146,-0.0648097,0.00885977,-0.0020892,-0.182206,15.4831,15738,1,367,59.7838,3935,0,0.000884653,0.0593705,0.0370796,0,0,0,1,498,0.205,4.72394e-06,-6.0498e-05,-1.24021e-05,-9.68408e-07,-1.23207e-05,1.64574e-06,0.224527,0.0280516,-0.00929115,0.038974,-0.210774,0.000263066,0.000355447,-0.00211166,28.0379,0,0,0,0,0,0,-1,1,-9.04608e-07,-3.41781e-06,-0.211,0,0.257928,1,1010,1010,1010,1010,0,0,0,0,15.7594,56,-0.0116205,-0.0082982,56,0.00410554,-0.00231825,54,0.000855578,-0.00437538,56,0.00109865,-0.00653132,56,0.00110993,-0.00216919,56,0.00750282,-0.00615995,56,0.00218595,-0.00577592,56,0.00870125,-0.00518098,52,-0.00944422,-0.0107971
5006369310009,5006359257000,5006359257000,5006369304713,73729,10.0477,5006382805911,23.5489,1,16877,62431,0,0,1,0,0,0.020043,500,500,500,1,2.69191,4.64815,0.655376,0.32065,0.0357513,-0.0334549,7.86492e-05,-6.98795e-05,-0.000335714,-0.0034318,1,-0.00348648,-0.00392402,0.00392402,-0.00348648,1,1,0.00340856,-0.00334051,0.000515462,-0.000145964,0,0,0,0,0,0,0,0,0,0,0,0,0,0,0,0,0,0,0,0,0,0,0,255,0.2,6.79637,0.2,0.00273907,-0.00336481,1,1,1,1,0,1,1,0.0927414,-3.30146,-0.0648097,0.00885977,-0.0020892,-0.182206,29.5041,15738,1,367,73.805,3935,0,0.000884653,0.0593705,0.0370796,0,0,0,1,500,0.205,6.66941e-05,-5.91983e-05,-1.21357e-05,-1.36723e-05,-1.47138e-05,-1.08328e-05,0.224513,0.0280408,-0.00925278,0.0389773,-0.210796,0.00203414,-0.000598454,-6.34067e-05,13.7213,2,0,0,0,0,0,-1,1,-9.04608e-07,-3.41781e-06,-0.211,0,14.2757,1,1010,1010,1010,1010,0,0,0,0,29.7771,56,0.016657,-0.0111743,56,0.0106942,-0.00770728,56,0.000287902,-0.00269235,56,0.00059498,0.000560289,56,0.0035679,-0.000855118,56,-0.00341806,-0.00536459,56,0.00148539,-0.0024633,56,0.00406674,-0.00148957,52,0.00493495,-0.00310733
5006383336933,5006379212000,5006379212000,5006383330933,73729,4.11893,5006397100670,17.8887,1,16878,62432,0,0,1,0,0,0.019955,500,500,500,1,2.62535,4.98898,0.696728,0.317817,-0.000450134,0.0149841,-2.47594e-05,2.61606e-05,-0.00282308,0.00251095,1,0.00131098,0.00124076,-0.00124076,0.00131098,1,1,-0.000585317,0.00131418,-0.000655446,-3.19714e-06,0,0,0,0,0,0,0,0,0,0,0,0,0,0,0,0,0,0,0,0,0,0,0,255,0.21,1.26275,0.21,0.00644249,0.158857,1,1,1,1,0,1,1,0.0927414,-3.30146,-0.0648097,0.00885977,-0.0020892,-0.182206,43.7991,15738,1,367,88.0999,3935,0,0.000884653,0.0593705,0.0370796,0,0,0,1,500,0.215,-2.09766e-05,2.2146e-05,4.76139e-06,4.50997e-06,5.59438e-06,3.41495e-06,0.224518,0.0280442,-0.00925262,0.0390027,-0.210767,0.00109051,-1.37477e-05,0.00312714,13.939,2,0,0,0,0,0,-1,1,-9.04608e-07,-3.41781e-06,-0.211,0,28.5682,1,1010,1010,1010,1010,0,0,0,0,44.0697,56,-0.000964303,0.00147,56,-0.00374054,0.00280317,56,0.00112242,0.00154813,56,0.00299376,0.0018637,56,0.000694816,0.00275399,56,0.00272243,0.00230912,56,-0.000764324,0.00278967,56,-0.00283343,-0.000949176,52,-0.004284,-0.000233286
5006397613841,5006387225000,5006387225000,5006397603544,73729,10.3785,5006410417755,23.1928,0,16878,62433,0,0,1,0,0,0.008013,500,500,448,0.896,2.69606,5.26336,0.663597,0.295817,-0.0489044,0.0254059,-9.02769e-05,4.22445e-05,-0.00791188,-0.00664419,1,0.005272,0.0112663,-0.0112663,0.005272,1,1,-0.00983489,0.0050604,-0.00143142,0.000211594,0,0,0,0,0,0,0,0,0,0,0,0,0,0,0,0,0,0,0,0,0,0,0,255,0.21,5.36699,0.21,-0.0338302,0.113517,1,1,1,1,1,1,1,0.0927414,-3.30146,-0.0648097,0.00885977,-0.0020892,-0.182206,57.1142,15738,1,367,101.415,3935,0,0.000884653,0.0593705,0.0370796,0,0,0,1,448,0.215,-7.66229e-05,3.58197e-05,7.70122e-06,1.64739e-05,1.09653e-05,1.45002e-05,0.224529,0.0280587,-0.00927258,0.0390351,-0.210745,-0.000923412,0.000909854,0.00418534,13.0703,1,0,0,0,0,0,-1,1,-9.04608e-07,-3.41781e-06,-0.210954,0,0.24328,1,1010,1010,1010,1010,0,0,0,0,0.247002,56,-0.010772,-0.00297241,56,-0.0126771,0.00240085,56,-0.0219526,0.0057392,56,-0.012971,0.00977658,56,-0.0107109,0.00709523,56,-0.0111015,0.00955631,56,-0.0119891,0.007755,39,-0.00944455,0.00405513,17,-0.0159331,0.0122742
5006410968778,5006395242000,5006395242000,5006410956666,73729,15.7147,5006424578884,29.3369,0,16878,62434,0,0,1,0,0,0.008017,500,500,488,0.976,2.65284,4.55698,0.606098,0.358707,-0.0210571,0.0259552,-2.72082e-05,7.21139e-05,-0.00664738,-0.00990282,1,0.00899512,0.00339381,-0.00339381,0.00899512,1,1,-0.00222442,0.00879796,-0.00116938,0.000197156,0,0,0,0,0,0,0,0,0,0,0,0,0,0,0,0,0,0,0,0,0,0,0,255,0.21,8.28242,0.21,-0.00347578,0.00512953,1,1,1,1,0,1,1,0.0926068,-3.30159,-0.066446,0.00788511,-0.00166787,-0.182925,14.1459,15739,1,367,115.577,3935,0,0.000884653,0.0593705,0.0370796,0,0,0,1,488,0.215,-2.30643e-05,6.11087e-05,1.31384e-05,4.95882e-06,1.38734e-05,2.10292e-06,0.224543,0.0280608,-0.00927726,0.0390643,-0.210749,-0.00113624,0.000847772,0.00311369,13.9034,1,0,0,0,0,0,-1,1,-9.04608e-07,-3.41781e-06,-0.210954,0,14.4134,1,1010,1010,1010,1010,0,0,0,0,14.4171,56,0.00687155,0.0213446,56,0.00560917,0.0170495,44,-0.0135854,-0.00623106,56,-0.0115365,-0.0010033,56,0.00475521,0.00300309,56,-0.00898813,0.0147988,56,-0.00995591,0.0114141,56,-0.00819408,0.0117411,52,-0.000199973,0.00662532
5006425101554,5006415249000,5006415249000,5006425096499,73729,9.8475,5006439344424,24.0954,1,16879,62435,0,0,1,0,0,0.020007,500,500,500,1,2.67182,5.20434,0.659079,0.315947,-0.0045166,0.0184326,7.87846e-06,2.90147e-05,0.00277671,0.00223789,1,0.00145023,-0.000393785,0.000393785,0.00145023,1,1,0.000279017,0.00148584,0.000114768,-3.56067e-05,0,0,0,0,0,0,0,0,0,0,0,0,0,0,0,0,0,0,0,0,0,0,0,255,0.2,2.3708,0.2,-0.00899096,-0.206738,1,1,1,1,0,1,1,0.0926068,-3.30159,-0.066446,0.00788511,-0.00166787,-0.182925,28.9312,15739,1,367,130.362,3935,0,0.000884653,0.0593705,0.0370796,0,0,0,1,500,0.205,6.59316e-06,2.45827e-05,5.03945e-06,-1.3516e-06,4.64173e-06,-2.37554e-06,0.224548,0.0280584,-0.00928141,0.039098,-0.210834,-0.000735442,-0.000145988,-0.000964794,14.407,2,0,0,0,0,0,-1,1,-9.04608e-07,-3.41781e-06,-0.210954,0,29.2078,1,1010,1010,1010,1010,0,0,0,0,29.2115,56,0.00104838,0.00569478,56,0.00364515,0.00103121,56,-0.00265513,0.00205534,56,-0.000703316,0.00379896,56,0.00161368,-0.00235956,56,0.000165955,0.00155468,56,-0.000345209,0.000764588,56,-0.000749071,0.000638283,52,-0.0031316,0.00459544
5006439901540,5006427230000,5006427230000,5006439891132,73729,12.6611,5006454430375,27.2004,0,16879,62436,0,0,1,0,0,0.011981,500,500,468,0.936,2.67369,4.81319,0.645598,0.30615,0.0689011,-0.0223236,0.000186664,-2.26302e-05,0.017883,0.0013199,1,-0.00188884,-0.01558,0.01558,-0.00188884,1,1,0.0135296,-0.00160232,0.00205046,-0.000286522,0,0,0,0,0,0,0,0,0,0,0,0,0,0,0,0,0,0,0,0,0,0,0,255,0.2,6.08134,0.2,0.0112351,-0.0017198,1,1,1,1,0,1,1,0.0920374,-3.30166,-0.0682001,0.00601434,-0.00107941,-0.1844,1.09069,15740,1,367,145.42,3935,0,0.000884653,0.0593705,0.0370796,0,0,0,1,468,0.205,0.000158195,-1.91528e-05,-3.92631e-06,-3.243e-05,-1.06164e-05,-3.08902e-05,0.224537,0.0280275,-0.00925216,0.0391255,-0.210994,0.00150338,-0.00117474,-0.0055228,0.908118,2,0,0,0,0,0,-1,1,-9.04608e-07,-3.41781e-06,-0.211234,0,0.194686,1,1010,1010,1010,1010,0,0,0,0,1.35055,56,0.0171574,0.000633961,56,0.0244894,-0.00295517,26,0.0123418,-0.00247409,56,0.00693451,-0.0046141,56,0.0123932,0.00661378,54,0.0137973,0.000310386,56,0.0118489,-0.0047346,56,0.0182792,-0.00851887,52,0.0135244,-0.0125774
5006454929657,5006435250000,5006435250000,5006454919990,73729,19.67,5006468115352,32.8654,0,16879,62437,0,0,1,0,0,0.00802,500,500,492,0.984,2.70226,5.08902,0.703968,0.317317,0.0402069,-0.0156708,0.000110898,-3.90572e-05,0.0019854,0.0070321,1,-0.00486998,-0.0138277,0.0138277,-0.00486998,1,1,0.0124403,-0.00478323,0.00138734,-8.6755e-05,0,0,0,0,0,0,0,0,0,0,0,0,0,0,0,0,0,0,0,0,0,0,0,255,0.2,1.70179,0.2,0.0103605,-0.00299659,1,1,1,1,1,1,1,0.0920374,-3.30166,-0.0682001,0.00601434,-0.00107941,-0.1844,14.804,15740,1,367,159.133,3935,0,0.000884653,0.0593705,0.0370796,0,0,0,1,492,0.205,9.40311e-05,-3.31341e-05,-6.7925e-06,-1.92764e-05,-1.06675e-05,-1.74277e-05,0.224526,0.0280101,-0.00924401,0.0391464,-0.211029,0.00120608,-0.000355695,-0.00358561,12.0162,1,0,0,0,0,0,-1,1,-9.04608e-07,-3.41781e-06,-0.211234,0,13.9263,1,1010,1010,1010,1010,0,0,0,0,15.0822,56,0.013975,-0.00500804,56,0.00557655,-0.00690041,48,0.00691954,-0.00908617,56,2.2038e-05,-0.00819801,56,0.0104863,0.0146702,56,0.026267,-0.00265984,56,0.0142889,-0.00583961,56,0.00937079,-0.000276413,52,0.00122807,-0.0146349
