mono_ns,camera_ts_ns,v4l2_timestamp_ns,camera_dequeue_ns,v4l2_flags,v4l2_to_dequeue_ms,flow_send_ns,frame_pipeline_latency_ms,camera_queue_dropped,camera_queue_dropped_total,frame,guide_leg,guide_stage,valid,invalid_reason,bridge_pending,dt_s,features,tracked,inliers,inlier_ratio,t_features_ms,t_lk_ms,t_ransac_ms,t_post_ms,du_px,dv_px,du_norm,dv_norm,yaw_rate_cam_z,scale_rate,lk_height_scale,flow_cam_x,flow_cam_y,flow_body_x,flow_body_y,lever_valid,lever_production_applied,lever_flow_body_x,lever_flow_body_y,lever_pred_flow_x,lever_pred_flow_y,ab_fb_enabled,ab_fb_max_px,ab_fb_checked,ab_fb_pass,ab_fb_ratio,ab_fb_inliers,ab_fb_valid,ab_fb_flow_body_x,ab_fb_flow_body_y,ab_fb_t_ms,ab_robust_valid,ab_robust_flow_body_x,ab_robust_flow_body_y,ab_robust_sigma,ab_robust_mean_weight,ab_robust_downweighted,ab_robust_iters,ab_obs_valid,ab_obs_flow_body_x,ab_obs_flow_body_y,ab_obs_median_ratio,ab_obs_mean_weight,ab_obs_downweighted,quality,luna_m,luna_age_ms,range_to_fc_m,flow_send_x,flow_send_y,flow_sent,stabilised_publish_mode,stabilised_publish_ready,stabilised_publish_source,range_sent,fc_armed,ekf_local_valid,ekf_x_ned,ekf_y_ned,ekf_z_ned,ekf_vx_ned,ekf_vy_ned,ekf_vz_ned,ekf_age_ms,ekf_count,ekf_status_valid,ekf_flags,ekf_status_age_ms,ekf_status_count,ekf_vel_var,ekf_pos_h_var,ekf_pos_v_var,ekf_compass_var,ekf_terrain_var,return_event,rc_zero_seq,worked5_valid,worked5_points,worked5_hcam_m,worked5_du_norm,worked5_dv_norm,worked5_dx_m,worked5_dy_m,worked5_dN_m,worked5_dE_m,worked5_acc_n_m,worked5_acc_e_m,fc_roll,fc_pitch,fc_yaw,fc_gyro_x,fc_gyro_y,fc_gyro_z,fc_gyro_age_ms,fc_gyro_samples,ctrl_target_valid,ctrl_target_x,ctrl_target_y,ctrl_target_vx,ctrl_target_vy,ctrl_target_age_ms,att_target_valid,att_target_roll,att_target_pitch,att_target_yaw,att_target_thrust,att_target_age_ms,outputs_valid,out1,out2,out3,out4,out5,out6,out7,out8,outputs_age_ms,c0_n,c0_bx,c0_by,c1_n,c1_bx,c1_by,c2_n,c2_bx,c2_by,c3_n,c3_bx,c3_by,c4_n,c4_bx,c4_by,c5_n,c5_bx,c5_by,c6_n,c6_bx,c6_by,c7_n,c7_bx,c7_by,c8_n,c8_bx,c8_by
4705991710580,4705975997000,4705975997000,4705991690024,73729,15.693,4706003277230,27.2802,0,10549,38495,0,0,1,0,0,0.011969,355,355,354,0.997183,2.65556,3.59699,0.524652,0.246577,0.0317841,-0.0916595,8.12511e-05,-0.00018448,0.0142664,-0.00153183,1,-0.0154131,-0.00678846,0.00678846,-0.0154131,1,1,0.00563626,-0.0124819,0.0011522,-0.0029312,0,0,0,0,0,0,0,0,0,0,0,0,0,0,0,0,0,0,0,0,0,0,0,255,0.27,6.86902,0.27,-0.0307146,-0.0230782,1,1,1,1,1,1,1,-0.337256,-3.19296,0.163587,0.0177567,0.00758474,0.109975,14.6954,9743,1,367,113.988,2436,0,0.000884653,0.0253092,0.0186769,0,0,0,1,354,0.275,6.88782e-05,-0.000156436,-4.30199e-05,-1.89415e-05,-4.46918e-05,-9.5416e-06,-0.172906,0.059643,-0.0014604,0.258026,-0.217036,-0.00919825,-0.0161216,-0.0124283,14.5005,0,0,0,0,0,0,-1,1,-9.04587e-07,-3.41782e-06,-0.217069,0,14.9157,1,1010,1010,1010,1010,0,0,0,0,14.9198,56,0.0100023,-0.0179748,55,-0.00297089,-0.012424,50,0.011427,-0.0184211,28,0.00283952,-0.0137582,9,-0.0062255,-0.011471,36,0.00161993,-0.0162369,8,0.00811241,-0.00729747,56,0.00571695,-0.0146938,56,0.00743888,-0.0143653
4706003890754,4705984052000,4705984052000,4706003868124,73729,19.8161,4706014688935,30.6369,0,10549,38496,0,0,1,0,0,0.008055,367,365,361,0.989041,2.58476,3.81155,0.496727,0.282725,-0.206589,-0.18837,-0.000309454,-0.000382196,0.0340834,0.0513284,1,-0.0474483,0.0384176,-0.0384176,-0.0474483,1,1,-0.0324616,-0.0434612,-0.00595605,-0.00398706,0,0,0,0,0,0,0,0,0,0,0,0,0,0,0,0,0,0,0,0,0,0,0,255,0.27,8.95424,0.27,-0.0546963,-0.0355968,1,1,1,1,0,1,1,-0.337256,-3.19296,0.163587,0.0177567,0.00758474,0.109975,26.1063,9743,1,367,125.399,2436,0,0.000884653,0.0253092,0.0186769,0,0,0,1,361,0.275,-0.000262594,-0.000324051,-8.91139e-05,7.22135e-05,-6.8665e-05,8.90586e-05,-0.172974,0.0597321,-0.00191024,0.257701,-0.216686,-0.0298542,-0.0219288,0.00232326,11.1753,2,0,0,0,0,0,-1,1,-9.04587e-07,-3.41782e-06,-0.217069,0,26.3315,1,1010,1010,1010,1010,0,0,0,0,26.3356,53,-0.046166,-0.0473761,55,-0.0236847,-0.0441869,51,-0.0554342,-0.0566231,33,-0.0504597,-0.0441953,13,-0.0457384,-0.0530355,37,0.000200711,-0.0472171,7,-0.0249767,-0.0397555,56,-0.0483615,-0.05067,56,-0.0542607,-0.0562367
4706015227717,4706004034000,4706004034000,4706015219995,73729,11.186,4706034290004,30.256,1,10550,38497,0,0,1,0,0,0.019982,353,352,352,1,2.59735,3.83157,0.591801,0.247613,-0.362961,-0.283806,-0.000694096,-0.000543917,-0.00542147,0.0359461,1,-0.0272203,0.0347361,-0.0347361,-0.0272203,1,1,-0.023094,-0.02566,-0.0116421,-0.00156037,0,0,0,0,0,0,0,0,0,0,0,0,0,0,0,0,0,0,0,0,0,0,0,255,0.27,-0.041964,0.27,-0.008768,-0.0021595,1,1,1,1,0,1,1,-0.337256,-3.19296,0.163587,0.0177567,0.00758474,0.109975,45.7046,9743,1,367,144.998,2436,0,0.000884653,0.0253092,0.0186769,0,0,0,1,352,0.275,-0.000589042,-0.000461319,-0.000126863,0.000161987,-8.51647e-05,0.000184536,-0.17306,0.0599166,-0.00182878,0.257732,-0.216072,-0.0152948,-0.00858206,0.0389892,19.3832,1,0,0,0,0,0,-1,1,-9.04587e-07,-3.41782e-06,-0.217069,0,45.9267,1,1010,1010,1010,1010,0,0,0,0,0.057352,56,-0.0452586,-0.0261466,56,-0.0203652,-0.0302776,46,-0.0425351,-0.0312278,25,-0.0357471,-0.0248046,13,-0.0245909,-0.0198199,36,-0.0283062,-0.0300399,8,-0.039408,-0.0173202,56,-0.0409906,-0.0270195,56,-0.0423855,-0.0334668
4706034825693,4706024027000,4706024027000,4706034817230,73729,10.7902,4706050955289,26.9283,1,10551,38498,0,0,1,0,0,0.019993,341,340,339,0.997059,2.85756,8.00999,0.450652,0.239521,-0.233276,0.0525513,-0.000615606,9.24115e-05,-0.052768,0.0418996,1,0.0046222,0.0307911,-0.0307911,0.0046222,1,1,-0.0154905,0.00473603,-0.0153005,-0.000113837,0,0,0,0,0,0,0,0,0,0,0,0,0,0,0,0,0,0,0,0,0,0,0,255,0.27,-0.753358,0.27,0.00222017,0.0211811,1,1,1,1,0,1,1,-0.337256,-3.19296,0.163587,0.0177567,0.00758474,0.109975,62.3798,9743,1,367,161.673,2436,0,0.000884653,0.0253092,0.0186769,0,0,0,1,339,0.275,-0.000521912,7.81552e-05,2.14927e-05,0.000143526,5.09065e-05,0.000135785,-0.173009,0.0600524,-0.00166088,0.25777,-0.215302,-0.00422127,-0.000626102,0.0639454,16.3903,1,0,0,0,0,0,-1,1,-9.04587e-07,-3.41782e-06,-0.214614,0,0.196575,1,1010,1010,1010,1010,0,0,0,0,16.7278,56,-0.0287517,0.00896248,56,-0.0219265,-0.00351844,43,-0.0358076,0.00400521,23,-0.0327963,0.0120398,9,-0.0387554,0.00639486,34,-0.0285485,0.00320167,6,-0.0258304,0.00645825,56,-0.0334738,0.00828736,56,-0.0377152,0.0028415
4706051491774,4706035995000,4706035995000,4706051477719,73729,15.4827,4706062736774,26.7418,0,10551,38499,0,0,1,0,0,0.011968,352,352,346,0.982955,2.59452,3.58194,0.453244,0.240816,-0.128738,-0.0458984,-0.000369633,-3.68412e-05,-0.0598105,0.03103,1,-0.00307831,0.0308851,-0.0308851,-0.00307831,1,1,-0.0153298,-0.0024354,-0.0155553,-0.000642908,0,0,0,0,0,0,0,0,0,0,0,0,0,0,0,0,0,0,0,0,0,0,0,255,0.27,4.17492,0.27,-0.0180545,-0.00100869,1,1,1,1,1,1,1,-0.336534,-3.19271,0.165715,0.0211428,0.00870726,0.109681,11.7552,9744,1,367,173.448,2436,0,0.000884653,0.0253092,0.0186769,0,0,0,1,346,0.275,-0.000313541,-3.13901e-05,-8.63228e-06,8.62237e-05,1.01306e-05,8.60354e-05,-0.172999,0.0601384,-0.00142044,0.257684,-0.214076,0.000726968,-0.00353599,0.0690248,11.5333,2,0,0,0,0,0,-1,1,-9.04587e-07,-3.41782e-06,-0.214614,0,11.9872,1,1010,1010,1010,1010,0,0,0,0,28.5184,54,-0.0308236,-0.00820198,56,-0.0172495,0.000962755,51,-0.0296173,-0.00977541,26,-0.0107722,-0.00273061,9,-0.0135423,-0.00932308,35,-0.0398841,-0.00383207,7,-0.0485203,-0.00233172,56,-0.0335047,-0.00899967,52,-0.0377696,-0.00523408
4706063360187,4706052078000,4706052078000,4706063347279,73729,11.2693,4706073327195,21.2492,1,10552,38500,0,0,1,0,0,0.016083,359,359,357,0.994429,2.56708,3.63873,0.480541,0.238761,-0.328003,-0.224045,-0.000601224,-0.000441041,-0.0256222,0.035234,1,-0.0274228,0.0373826,-0.0373826,-0.0274228,1,1,-0.0266064,-0.0251953,-0.0107762,-0.00222746,0,0,0,0,0,0,0,0,0,0,0,0,0,0,0,0,0,0,0,0,0,0,0,255,0.27,7.02048,0.27,-0.0380215,-0.0164751,1,1,1,1,0,1,1,-0.336534,-3.19271,0.165715,0.0211428,0.00870726,0.109681,22.3463,9744,1,367,184.039,2436,0,0.000884653,0.0253092,0.0186769,0,0,0,1,357,0.275,-0.000510043,-0.000374039,-0.000102861,0.000140262,-6.7491e-05,0.000158187,-0.173066,0.0602966,-0.00154202,0.257555,-0.213839,-0.00817899,-0.012251,0.040872,10.3972,1,0,0,0,0,0,-1,1,-9.04587e-07,-3.41782e-06,-0.214614,0,22.5749,1,1010,1010,1010,1010,0,0,0,0,39.1061,55,-0.0452716,-0.0260731,55,-0.0187003,-0.0282946,52,-0.0511075,-0.0327201,30,-0.0484634,-0.0160978,7,-0.00362994,-0.0288846,39,-0.0104253,-0.0281148,7,-0.0208708,-0.00571169,56,-0.0485747,-0.0294326,56,-0.0537294,-0.0333903
4706073936514,4706064050000,4706064050000,4706073925533,73729,9.87553,4706084666380,20.6164,0,10552,38501,0,0,1,0,0,0.011972,360,359,357,0.994429,2.5925,3.63577,0.488133,0.240243,-0.192688,-0.134216,-0.000367573,-0.000241553,1.53105e-05,0.0132857,1,-0.0201765,0.0307027,-0.0307027,-0.0201765,1,1,-0.0257076,-0.0173259,-0.00499508,-0.00285055,0,0,0,0,0,0,0,0,0,0,0,0,0,0,0,0,0,0,0,0,0,0,0,255,0.27,7.86399,0.27,-0.0232025,-0.00340411,1,1,1,1,0,1,1,-0.336534,-3.19271,0.165715,0.0211428,0.00870726,0.109681,33.6834,9744,1,367,195.377,2436,0,0.000884653,0.0253092,0.0186769,0,0,0,1,357,0.275,-0.000311926,-0.000204874,-5.63402e-05,8.57797e-05,-3.50922e-05,9.53918e-05,-0.173101,0.060392,-0.00178187,0.257295,-0.213701,-0.015336,-0.015678,0.00970955,11.1055,2,0,0,0,0,0,-1,1,-9.04587e-07,-3.41782e-06,-0.214614,0,33.9008,1,1010,1010,1010,1010,0,0,0,0,0.184057,55,-0.0392581,-0.0149179,55,-0.0237667,-0.0221341,53,-0.0322213,-0.0278721,29,-0.0206664,-0.0126927,11,-0.0127095,-0.0206291,34,-0.0388717,-0.0222778,8,-0.0412699,-0.0217848,56,-0.0351119,-0.0213091,56,-0.0348809,-0.0239493
4706085186033,4706072092000,4706072092000,4706085172959,73729,13.081,4706096100826,24.0088,0,10552,38502,0,0,1,0,0,0.008042,345,345,344,0.997101,2.61206,3.62008,0.496578,0.236706,-0.143173,-0.110367,-0.00026259,-0.000189762,-0.00695706,0.0111241,1,-0.0235964,0.0326523,-0.0326523,-0.0235964,1,1,-0.0304048,-0.0220297,-0.00224749,-0.00156667,0,0,0,0,0,0,0,0,0,0,0,0,0,0,0,0,0,0,0,0,0,0,0,255,0.27,8.96633,0.27,-0.0128382,-0.00340283,1,1,1,1,0,1,1,-0.33588,-3.19232,0.167901,0.0216206,0.00954969,0.105319,2.17137,9745,1,367,2.12446,2437,0,0.000884653,0.0278313,0.0279208,0,0,0,1,344,0.275,-0.000222769,-0.000160935,-4.42571e-05,6.12614e-05,-2.88842e-05,6.89391e-05,-0.17313,0.0604609,-0.00149842,0.257209,-0.213324,0.00181983,-0.0086167,0.0113448,1.92176,2,0,0,0,0,0,-1,1,-9.04587e-07,-3.41781e-06,-0.213565,0,2.38787,1,1010,1010,1010,1010,0,0,0,0,11.6137,56,-0.0400208,-0.0315284,56,-0.0148753,-0.0221629,47,-0.0289746,-0.0295636,23,-0.0415036,-0.0159546,7,-0.0170075,-0.0187065,35,-0.0250327,-0.0200824,8,-0.0144462,-0.00923886,56,-0.0443244,-0.0264505,56,-0.0413642,-0.0291947
4706096613627,4706084019000,4706084019000,4706096601219,73729,12.5822,4706107192658,23.1737,0,10552,38503,0,0,1,0,0,0.011927,353,353,350,0.991501,2.56174,2.78274,0.468319,0.245373,-0.0648956,-0.0324707,-0.000103009,-5.44874e-05,-0.00405171,0.00733288,1,-0.00456841,0.00863662,-0.00863662,-0.00456841,1,1,-0.00670228,-0.00336077,-0.00193434,-0.00120764,0,0,0,0,0,0,0,0,0,0,0,0,0,0,0,0,0,0,0,0,0,0,0,255,0.27,0.05239,0.27,0.00745635,0.0133297,1,1,1,1,0,1,1,-0.33588,-3.19232,0.167901,0.0216206,0.00954969,0.105319,13.267,9745,1,367,13.22,2437,0,0.000884653,0.0278313,0.0279208,0,0,0,1,350,0.275,-8.73808e-05,-4.62427e-05,-1.27168e-05,2.40297e-05,-6.94129e-06,2.60906e-05,-0.173137,0.060487,-0.00149842,0.257209,-0.213324,0.0083382,-0.00664202,0.0151816,13.0395,0,0,0,0,0,0,-1,1,-9.04587e-07,-3.41781e-06,-0.213565,0,13.4998,1,1010,1010,1010,1010,0,0,0,0,22.7257,54,-0.0122203,0.00316489,55,-0.00533989,-0.00776422,51,-0.0123683,-0.00825993,29,0.00102063,0.00424213,5,0.017016,0.00471417,36,0.00685643,-0.00147398,8,-0.00251583,0.00794191,56,-0.0154183,-0.00693053,56,-0.0141041,-0.0071408
4706107723903,4706092059000,4706092059000,4706107711403,73729,15.6524,4706117577817,25.5188,0,10552,38504,0,0,1,0,0,0.00804,352,352,352,1,2.55532,2.86593,0.486448,0.243409,-0.00111389,-0.000289917,-7.46071e-05,1.67321e-05,-0.0358523,0.00947683,1,0.00208111,0.00927949,-0.00927949,0.00208111,1,1,-0.00871704,0.0032402,-0.000562443,-0.00115909,0,0,0,0,0,0,0,0,0,0,0,0,0,0,0,0,0,0,0,0,0,0,0,255,0.27,1.01218,0.27,0.00455871,0.0131455,1,1,1,1,1,1,1,-0.33588,-3.19232,0.167901,0.0216206,0.00954969,0.105319,23.6529,9745,1,367,23.6059,2437,0,0.000884653,0.0278313,0.0279208,0,0,0,1,352,0.275,-6.32959e-05,1.41614e-05,3.89438e-06,1.74064e-05,7.35861e-06,1.62165e-05,-0.17313,0.0605032,-0.00132142,0.257151,-0.213218,0.0154204,-0.00637501,0.014811,10.1925,1,0,0,0,0,0,-1,1,-9.04587e-07,-3.41781e-06,-0.213565,0,23.8756,1,1010,1010,1010,1010,0,0,0,0,33.1015,56,-0.0114589,0.00948198,56,0.00373252,0.00145866,56,0.00110764,0.00672959,25,-0.0122475,-0.00977616,7,-0.0353656,0.00359439,33,-0.0199782,-0.00157808,7,-0.0243462,-0.0118029,56,-0.00612386,-0.000183415,56,-0.0106791,0.00562861
4706118156655,4706104040000,4706104040000,4706118142600,73729,14.1026,4706129791769,25.7518,0,10552,38505,0,0,1,0,0,0.011981,350,350,350,1,2.59163,3.02588,0.474837,0.24052,0.0282288,0.0297852,4.56565e-05,6.41333e-05,-0.0145862,-0.00799405,1,0.00535292,-0.00381074,0.00381074,0.00535292,1,1,0.00254361,0.00646357,0.00126713,-0.00111065,0,0,0,0,0,0,0,0,0,0,0,0,0,0,0,0,0,0,0,0,0,0,0,255,0.27,1.29495,0.27,-0.00190341,0.0127876,1,1,1,1,0,1,1,-0.33588,-3.19232,0.167901,0.0216206,0.00954969,0.105319,35.8727,9745,1,367,35.8256,2437,0,0.000884653,0.0278313,0.0279208,0,0,0,1,350,0.275,3.87388e-05,5.43987e-05,1.49597e-05,-1.06532e-05,1.18895e-05,-1.34738e-05,-0.173118,0.0604898,-0.00117752,0.257116,-0.213192,0.0163255,-0.00610858,0.00748506,12.0275,1,0,0,0,0,0,-1,1,-9.04587e-07,-3.41781e-06,-0.213565,0,36.0903,1,1010,1010,1010,1010,0,0,0,0,45.3161,56,0.0023436,0.00822984,56,0.0015923,0.00499426,53,0.00318777,0.00801532,27,0.00912913,0.0026307,9,0.013133,0.00894123,31,0.00314403,0.00823776,6,0.0177814,0.000724375,56,0.00259073,0.00933869,56,0.0034717,0.00766007
4706130317237,4706112046000,4706112046000,4706130304014,73729,18.258,4706141958443,29.9124,0,10552,38506,0,0,1,0,0,0.008006,355,354,350,0.988701,2.61441,3.26843,0.510227,0.246928,0.026535,0.0477142,2.38496e-05,7.71077e-05,0.00966925,0.00787616,1,0.00963124,-0.00297897,0.00297897,0.00963124,1,1,0.000435838,0.0100869,0.00254313,-0.000455607,0,0,0,0,0,0,0,0,0,0,0,0,0,0,0,0,0,0,0,0,0,0,0,255,0.27,3.27714,0.27,-0.0122001,0.0171723,1,1,1,1,0,1,1,-0.335127,-3.19195,0.16995,0.0223292,0.0104207,0.104439,3.04575,9746,1,367,47.98,2437,0,0.000884653,0.0278313,0.0279208,0,0,0,1,350,0.275,2.0278e-05,6.53261e-05,1.79647e-05,-5.57644e-06,1.58031e-05,-9.12456e-06,-0.173102,0.0604806,-0.00081161,0.257123,-0.213072,0.0165721,-0.00250584,0.00206788,2.86554,2,0,0,0,0,0,-1,1,-9.04587e-07,-3.41781e-06,-0.21309,0,3.26536,1,1010,1010,1010,1010,0,0,0,0,3.2698,53,0.0227815,0.0074141,56,-0.00920555,0.00906642,56,0.0112926,0.00876578,24,0.0209128,0.0231011,5,-0.0165416,-0.00180206,36,0.0180339,0.0158023,8,0.00630743,0.00744526,56,-4.89504e-06,0.00783224,56,0.00378634,0.0059699
4706142431892,4706132035000,4706132035000,4706142425595,73729,10.3906,4706153730318,21.6953,1,10553,38507,0,0,1,0,0,0.019989,362,361,360,0.99723,2.5868,2.90908,0.53406,0.246762,0.067749,0.127731,0.000142066,0.000268287,-0.00372688,-0.0163268,1,0.0134217,-0.00710723,0.00710723,0.0134217,1,1,0.0046148,0.0136983,0.00249243,-0.000276541,0,0,0,0,0,0,0,0,0,0,0,0,0,0,0,0,0,0,0,0,0,0,0,255,0.27,5.24604,0.27,-0.0118737,0.0162789,1,1,1,1,0,1,1,-0.335127,-3.19195,0.16995,0.0223292,0.0104207,0.104439,14.8247,9746,1,367,59.7592,2437,0,0.000884653,0.0278313,0.0279208,0,0,0,1,360,0.275,0.000120632,0.00022747,6.25544e-05,-3.31737e-05,5.21215e-05,-4.5218e-05,-0.17305,0.0604354,-0.00081161,0.257123,-0.213072,0.0170651,-0.00152098,0.00268536,14.6388,0,0,0,0,0,0,-1,1,-9.04587e-07,-3.41781e-06,-0.21309,0,15.041,1,1010,1010,1010,1010,0,0,0,0,15.0455,55,0.0124129,0.0138393,56,0.00718977,0.0139563,53,0.00873589,0.0117618,28,0.0060106,0.0167511,10,0.0120247,0.01008,40,0.00279923,0.0122406,6,-0.00269562,0.00710894,56,0.00764307,0.016927,56,0.00840163,0.0164538
4706154253285,4706144012000,4706144012000,4706154240026,73729,10.228,4706165009522,20.9975,0,10553,38508,0,0,1,0,0,0.011977,351,351,350,0.997151,2.59013,2.67698,0.465615,0.244502,0.00178528,0.0216446,-3.31339e-05,6.3682e-05,-0.0162668,-0.00087044,1,0.00531702,0.00276646,-0.00276646,0.00531702,1,1,-0.00236512,0.00550409,-0.000401341,-0.000187065,0,0,0,0,0,0,0,0,0,0,0,0,0,0,0,0,0,0,0,0,0,0,0,255,0.27,6.82557,0.27,-0.0174362,0.00509361,1,1,1,1,0,1,1,-0.335127,-3.19195,0.16995,0.0223292,0.0104207,0.104439,26.1048,9746,1,367,71.039,2437,0,0.000884653,0.0278313,0.0279208,0,0,0,1,350,0.275,-2.79147e-05,5.4011e-05,1.4853e-05,7.67655e-06,1.56602e-05,4.47266e-06,-0.173034,0.0604399,-0.000403058,0.257177,-0.212617,0.0165468,-0.00102886,0.0150034,11.0517,2,0,0,0,0,0,-1,1,-9.04587e-07,-3.41781e-06,-0.21309,0,26.3269,1,1010,1010,1010,1010,0,0,0,0,26.3313,55,0.00167876,0.0078638,56,-0.00885046,-0.00174491,52,0.00502284,0.00493783,25,0.00661056,0.00432238,9,-0.00189639,0.0120016,35,0.000580956,0.00961703,6,0.00188576,0.00501937,56,-0.0037259,0.0080415,56,-0.00451299,0.00330139
4706165531896,4706152035000,4706152035000,4706165518026,73729,13.483,4706175072215,23.0372,0,10553,38509,0,0,1,0,0,0.008023,355,353,351,0.994334,2.62693,2.66137,0.477467,0.261947,0.00198364,0.0166626,-3.28465e-05,6.07429e-05,-0.0221697,0.0004693,1,0.0075711,0.00409405,-0.00409405,0.0075711,1,1,-0.00173754,0.0075986,-0.0023565,-2.75036e-05,0,0,0,0,0,0,0,0,0,0,0,0,0,0,0,0,0,0,0,0,0,0,0,255,0.27,8.02907,0.27,-0.0205255,0.00674921,1,1,1,1,1,1,1,-0.335127,-3.19195,0.16995,0.0223292,0.0104207,0.104439,36.165,9746,1,367,81.0992,2437,0,0.000884653,0.0278313,0.0279208,0,0,0,1,351,0.275,-2.79302e-05,5.14226e-05,1.41412e-05,7.68082e-06,1.49874e-05,4.62567e-06,-0.173019,0.0604445,-0.000185493,0.257198,-0.212374,0.0164986,-0.00015127,0.0235675,9.84221,1,0,0,0,0,0,-1,1,-9.04587e-07,-3.41781e-06,-0.21309,0,36.3834,1,1010,1010,1010,1010,0,0,0,0,36.3879,56,-0.0301044,0.00420685,55,0.0160087,0.0106439,53,-0.00265002,0.0048122,24,-0.0151637,0.0148861,10,0.00110301,-0.00343643,35,-0.0190043,0.00482656,6,0.0152725,0.0268667,56,-0.00416627,0.00555193,56,-0.00663704,0.00604685
4706175657479,4706164019000,4706164019000,4706175641905,73729,11.6229,4706186052250,22.0332,0,10553,38510,0,0,1,0,0,0.011984,354,354,351,0.991525,2.56885,2.68032,0.509134,0.26641,-0.02034,-0.012085,-1.72044e-05,2.53934e-06,-0.00678284,0.00523917,1,0.000211894,0.00143561,-0.00143561,0.000211894,1,1,0.000987053,0.000475781,-0.00242267,-0.000263887,0,0,0,0,0,0,0,0,0,0,0,0,0,0,0,0,0,0,0,0,0,0,0,255,0.27,7.98331,0.27,-0.0199028,0.000639122,1,1,1,1,0,1,1,-0.335127,-3.19195,0.16995,0.0223292,0.0104207,0.104439,47.1456,9746,1,367,92.0798,2437,0,0.000884653,0.0278313,0.0279208,0,0,0,1,351,0.275,-1.45302e-05,2.12949e-06,5.85609e-07,3.99581e-06,1.39507e-06,3.78695e-06,-0.173018,0.0604483,-4.93638e-05,0.257208,-0.212179,0.014129,-0.00145138,0.021963,10.7947,1,0,0,0,0,0,-1,1,-9.04587e-07,-3.41781e-06,-0.21309,0,47.3645,1,1010,1010,1010,1010,0,0,0,0,0.210632,54,0.00716763,0.00640953,55,-0.00495878,-0.000555178,54,-0.00701983,-0.00582068,22,-0.00193523,0.00384844,10,-0.0021927,0.00319215,39,0.00192965,-0.00230725,5,0.00218538,-0.0051247,56,-0.00691641,0.000431825,56,-0.00587247,-0.00290512
4706186582662,4706172060000,4706172060000,4706186569384,73729,14.5094,4706195871701,23.8117,0,10553,38511,0,0,1,0,0,0.008041,354,352,351,0.997159,2.58817,2.86645,0.5058,0.240002,-0.0693359,-0.0308228,-0.000152122,-5.59928e-05,-0.0306408,-0.0054895,1,-0.00696341,0.0189182,-0.0189182,-0.00696341,1,1,-0.0164956,-0.00669952,-0.00242267,-0.000263887,0,0,0,0,0,0,0,0,0,0,0,0,0,0,0,0,0,0,0,0,0,0,0,255,0.27,8.75087,0.27,-0.0329756,-0.00479817,1,1,1,1,0,1,1,-0.334568,-3.19155,0.171448,0.0181728,0.0121654,0.111586,9.80827,9747,1,367,101.901,2437,0,0.000884653,0.0278313,0.0279208,0,0,0,1,351,0.275,-0.000128987,-4.74554e-05,-1.30502e-05,3.54714e-05,-4.8684e-06,3.73339e-05,-0.173023,0.0604856,-4.93638e-05,0.257208,-0.212179,0.014129,-0.00145138,0.021963,20.6167,0,0,0,0,0,0,-1,1,-9.04587e-07,-3.41781e-06,-0.212111,0,0.222094,1,1010,1010,1010,1010,0,0,0,0,10.046,56,-0.0138594,0.00144912,55,-0.0109791,-0.00496302,55,-0.00866357,-0.0145383,20,-0.0272737,-0.00195619,7,-0.0162044,-0.000567238,38,-0.00354826,-0.00444498,8,-0.0151222,0.0133371,56,-0.0340488,-0.00625101,56,-0.0243447,-0.00179743
4706196415261,4706184012000,4706184012000,4706196402372,73729,12.3904,4706208580305,24.5683,0,10553,38512,0,0,1,0,0,0.011952,354,351,350,0.997151,2.5678,3.52612,0.602375,0.241724,-0.126602,-0.0952301,-0.000195992,-0.000146883,0.00561689,0.0101989,1,-0.0122894,0.0163983,-0.0163983,-0.0122894,1,1,-0.0144396,-0.0113781,-0.00195869,-0.00091129,0,0,0,0,0,0,0,0,0,0,0,0,0,0,0,0,0,0,0,0,0,0,0,255,0.27,8.28231,0.27,-0.032497,-0.00847388,1,1,1,1,0,1,1,-0.334568,-3.19155,0.171448,0.0181728,0.0121654,0.111586,22.5162,9747,1,367,114.609,2437,0,0.000884653,0.0278313,0.0279208,0,0,0,1,350,0.275,-0.000166368,-0.000124558,-3.42533e-05,4.57513e-05,-2.27547e-05,5.17011e-05,-0.173045,0.0605373,-0.000216726,0.257099,-0.212132,0.000550046,-0.00501209,0.00905829,12.4815,2,0,0,0,0,0,-1,1,-9.04587e-07,-3.41781e-06,-0.212111,0,12.9177,1,1010,1010,1010,1010,0,0,0,0,22.7416,56,-0.024663,-0.0112257,55,0.00460959,-0.0111115,56,-0.0224491,-0.0184283,21,-0.0207989,-0.0168187,8,0.00985065,-0.0182109,35,-0.00544635,-0.0174908,7,-0.0146269,-0.0205208,56,-0.0257756,-0.0149237,56,-0.0226093,-0.0187559
4706209101550,4706192063000,4706192063000,4706209089143,73729,17.0261,4706219183670,27.1207,0,10553,38513,0,0,1,0,0,0.008051,353,353,348,0.985836,2.58085,3.1023,0.543264,0.239076,-0.218689,-0.186707,-0.000380578,-0.0003656,0.0229048,-0.00402291,1,-0.0454106,0.0472709,-0.0472709,-0.0454106,1,1,-0.0454739,-0.0432904,-0.001797,-0.0021202,0,0,0,0,0,0,0,0,0,0,0,0,0,0,0,0,0,0,0,0,0,0,0,255,0.27,0.783173,0.27,-0.053111,-0.0329013,1,1,1,1,0,1,1,-0.334568,-3.19155,0.171448,0.0181728,0.0121654,0.111586,33.1299,9747,1,367,125.222,2437,0,0.000884653,0.0278313,0.0279208,0,0,0,1,348,0.275,-0.000322992,-0.00030997,-8.52418e-05,8.88229e-05,-6.18929e-05,0.000104197,-0.173107,0.0606415,-0.000432283,0.256994,-0.212226,-0.016539,-0.0116611,-0.00532437,10.4171,1,0,0,0,0,0,-1,1,-9.04587e-07,-3.41781e-06,-0.212111,0,23.5253,1,1010,1010,1010,1010,0,0,0,0,33.3492,56,-0.0558976,-0.0401695,56,-0.0358388,-0.0535568,54,-0.045764,-0.0504131,23,-0.0619301,-0.0320334,8,-0.0715104,-0.045891,37,-0.0660373,-0.0481131,7,-0.0425136,-0.0154993,56,-0.0498049,-0.0439275,51,-0.0467555,-0.0472863
4706219703063,4706204048000,4706204048000,4706219690045,73729,15.642,4706231197047,27.149,0,10553,38514,0,0,1,0,0,0.011985,359,359,357,0.994429,2.56252,3.11169,0.465837,0.241335,-0.197357,-0.199615,-0.000278406,-0.000372347,0.0105707,-0.0133514,1,-0.0310677,0.0232296,-0.0232296,-0.0310677,1,1,-0.0223394,-0.029801,-0.000890161,-0.0012667,0,0,0,0,0,0,0,0,0,0,0,0,0,0,0,0,0,0,0,0,0,0,0,255,0.27,1.2284,0.27,-0.0221988,-0.0206233,1,1,1,1,1,1,1,-0.334568,-3.19155,0.171448,0.0181728,0.0121654,0.111586,45.1475,9747,1,367,137.24,2437,0,0.000884653,0.0278313,0.0279208,0,0,0,1,357,0.275,-0.00023623,-0.000315701,-8.68179e-05,6.49631e-05,-6.84025e-05,8.1197e-05,-0.173176,0.0607227,-0.000530522,0.257051,-0.212275,-0.015345,-0.00696684,-0.00835928,11.8065,1,0,0,0,0,0,-1,1,-9.04587e-07,-3.41781e-06,-0.212111,0,35.5526,1,1010,1010,1010,1010,0,0,0,0,45.3766,55,-0.028845,-0.0313056,55,-0.0209415,-0.0280307,54,-0.0279569,-0.0387766,32,-0.022247,-0.0293319,6,-0.0285561,-0.0304815,35,-0.0170453,-0.0289822,8,-0.0127717,-0.00723836,56,-0.031758,-0.0304748,56,-0.0310815,-0.0296472
4706231821070,4706224012000,4706224012000,4706231813033,73729,7.80103,4706242911939,18.8999,1,10554,38515,0,0,1,0,0,0.019964,350,350,347,0.991429,2.5703,3.16647,0.509226,0.236928,-0.0975647,0.0101929,-0.000161356,8.30875e-05,-0.00197157,-0.0109229,1,0.00416187,0.00808233,-0.00808233,0.00416187,1,1,-0.00788091,0.000702389,-0.000201414,0.00345948,0,0,0,0,0,0,0,0,0,0,0,0,0,0,0,0,0,0,0,0,0,0,0,255,0.27,3.17051,0.27,0.00926206,0.0113602,1,1,1,1,0,1,1,-0.334187,-3.19132,0.172951,0.0189173,0.00846411,0.104667,3.9587,9748,1,367,148.936,2437,0,0.000884653,0.0278313,0.0279208,0,0,0,1,347,0.275,-0.000136839,7.04593e-05,1.93763e-05,3.76307e-05,2.62329e-05,3.28468e-05,-0.173149,0.0607556,-0.000131752,0.257697,-0.211971,0.00622597,0.0190271,0.005867,3.78349,2,0,0,0,0,0,-1,1,-9.04587e-07,-3.41781e-06,-0.211974,0,4.17252,1,1010,1010,1010,1010,0,0,0,0,4.17711,54,-0.00208529,0.00804977,55,-0.00836321,0.00655274,47,-0.00760177,0.00160934,28,-0.0108107,-2.66892e-05,6,6.25326e-05,0.000128505,35,-0.00637477,0.00279258,10,-0.0117546,0.0021763,56,-0.00993861,0.00133183,56,-0.00853092,0.00146829
4706243413592,4706232034000,4706232034000,4706243401091,73729,11.3671,4706252782706,20.7487,0,10554,38516,0,0,1,0,0,0.008022,348,348,346,0.994253,2.57204,2.7746,0.490948,0.23902,0.112717,0.202568,0.000173424,0.000410263,-0.0387229,-0.0245076,1,0.0511422,-0.0216186,0.0216186,0.0511422,1,1,0.0217388,0.0461799,-0.000120269,0.00496232,0,0,0,0,0,0,0,0,0,0,0,0,0,0,0,0,0,0,0,0,0,0,0,255,0.27,4.63113,0.27,0.0278875,0.0325996,1,1,1,1,0,1,1,-0.334187,-3.19132,0.172951,0.0189173,0.00846411,0.104667,13.8357,9748,1,367,158.813,2437,0,0.000884653,0.0278313,0.0279208,0,0,0,1,346,0.275,0.000147233,0.000347845,9.56575e-05,-4.0489e-05,8.19115e-05,-5.90436e-05,-0.173068,0.0606965,-0.000131752,0.257697,-0.211971,0.0148012,0.0272928,0.0123701,13.6458,0,0,0,0,0,0,-1,1,-9.04587e-07,-3.41781e-06,-0.211974,0,14.0636,1,1010,1010,1010,1010,0,0,0,0,14.0682,54,0.0363432,0.0592053,56,0.0269585,0.0560021,45,0.0256367,0.0582437,26,0.0222894,0.0497671,10,0.0251693,0.0535461,36,0.030764,0.0530634,7,-0.00232167,0.0208464,56,0.0235924,0.047311,56,0.0197277,0.058656
4706253332284,4706244022000,4706244022000,4706253315914,73729,9.29391,4706263269995,19.248,0,10554,38517,0,0,1,0,0,0.011988,353,353,351,0.994334,2.58382,2.7338,0.582302,0.238984,0.0481262,0.123535,7.10445e-05,0.000269398,-0.0219932,-0.0205014,1,0.0224723,-0.0059263,0.0059263,0.0224723,1,1,0.00690492,0.017146,-0.00097862,0.0053263,0,0,0,0,0,0,0,0,0,0,0,0,0,0,0,0,0,0,0,0,0,0,0,255,0.27,4.30813,0.27,-0.00582791,-0.00624114,1,1,1,1,0,1,1,-0.334187,-3.19132,0.172951,0.0189173,0.00846411,0.104667,24.3211,9748,1,367,169.299,2437,0,0.000884653,0.0278313,0.0279208,0,0,0,1,351,0.275,6.04819e-05,0.000228443,6.28218e-05,-1.66325e-05,5.58913e-05,-2.90259e-05,-0.173012,0.0606675,8.8457e-05,0.257959,-0.211722,0.0222315,0.0292947,0.0220911,10.2949,1,0,0,0,0,0,-1,1,-9.04587e-07,-3.41781e-06,-0.211974,0,24.5376,1,1010,1010,1010,1010,0,0,0,0,24.5422,55,0.0073364,0.0228798,56,-0.00338639,0.0235049,48,0.0107723,0.024496,30,0.0144682,0.0145629,7,0.00576904,0.0118861,36,0.00498451,0.0220854,7,0.00869591,0.0127269,56,0.00663723,0.0278064,56,0.00974841,0.0230536
4706263803555,4706252039000,4706252039000,4706263790500,73729,11.7515,4706272954297,20.9153,0,10554,38518,0,0,1,0,0,0.008017,347,347,347,1,2.54982,2.73187,0.495208,0.239205,-0.085144,0.02948,-0.000135779,0.00012901,-0.0242372,-0.0448364,1,0.0160921,0.0169364,-0.0169364,0.0160921,1,1,-0.013897,0.0118753,-0.00303939,0.00421685,0,0,0,0,0,0,0,0,0,0,0,0,0,0,0,0,0,0,0,0,0,0,0,255,0.27,4.6587,0.27,-0.0404221,-0.0215038,1,1,1,1,0,1,1,-0.334187,-3.19132,0.172951,0.0189173,0.00846411,0.104667,34.0365,9748,1,367,179.014,2437,0,0.000884653,0.0278313,0.0279208,0,0,0,1,347,0.275,-0.000115134,0.000109416,3.00893e-05,3.16618e-05,3.50922e-05,2.48477e-05,-0.172977,0.0606924,0.000114307,0.258168,-0.211532,0.0125498,0.0231927,0.0234131,9.48865,1,0,0,0,0,0,-1,1,-9.04587e-07,-3.41781e-06,-0.211974,0,34.2649,1,1010,1010,1010,1010,0,0,0,0,34.2695,56,-0.00569541,0.0226658,56,-0.00412849,0.0141847,55,-0.0185697,0.011099,24,-0.0306271,0.0232206,8,-0.00900786,-0.016269,29,-0.0183786,0.020914,7,-0.0378029,0.0138765,56,-0.023968,0.00905061,56,-0.0204322,0.0117293
4706273532839,4706260067000,4706260067000,4706273519043,73729,13.452,4706283614940,23.5479,0,10554,38519,0,0,1,0,0,0.008028,354,353,351,0.994334,2.61058,2.7035,0.526967,0.241706,-0.169586,0.0232849,-0.000241318,0.000123708,-0.0104074,-0.0622331,1,0.0154096,0.0300596,-0.0300596,0.0154096,1,1,-0.0278287,0.0114567,-0.00223086,0.0039529,0,0,0,0,0,0,0,0,0,0,0,0,0,0,0,0,0,0,0,0,0,0,0,255,0.27,4.14707,0.27,-0.0493946,-0.0188659,1,1,1,1,1,1,1,-0.334187,-3.19132,0.172951,0.0189173,0.00846411,0.104667,44.667,9748,1,367,189.645,2437,0,0.000884653,0.0278313,0.0279208,0,0,0,1,351,0.275,-0.000204716,0.000104949,2.8861e-05,5.6297e-05,3.9097e-05,4.91872e-05,-0.172937,0.0607415,0.000216018,0.258732,-0.211441,0.00193097,0.0217409,0.0113606,8.93774,2,0,0,0,0,0,-1,1,-9.04587e-07,-3.41781e-06,-0.211974,0,44.8899,1,1010,1010,1010,1010,0,0,0,0,44.8945,56,-0.040472,0.0194983,55,-0.0208725,0.0126367,56,-0.0339277,0.00546045,20,-0.0224226,0.0210769,8,-0.0328983,0.0195383,36,-0.028172,0.0122152,8,-0.0216123,0.0156904,56,-0.0406466,0.0120734,56,-0.0290799,0.009784
4706284239464,4706272048000,4706272048000,4706284224297,73729,12.1763,4706294765143,22.7171,0,10554,38520,0,0,1,0,0,0.011981,362,359,356,0.991643,2.58756,3.08436,0.463967,0.245705,-0.0135345,0.0895004,-8.9174e-06,0.00020202,-0.00323945,-0.03332,1,0.0168617,0.000744295,-0.000744295,0.0168617,1,1,-0.00230019,0.0111181,0.00155589,0.00574361,0,0,0,0,0,0,0,0,0,0,0,0,0,0,0,0,0,0,0,0,0,0,0,255,0.27,4.7838,0.27,-0.0112141,-0.00830965,1,1,1,1,0,1,1,-0.333789,-3.19115,0.174686,0.0151372,0.00829781,0.106674,1.70481,9749,1,367,1.66612,2438,0,0.000884653,0.0301479,0.0263556,0,0,0,1,356,0.275,-7.48965e-06,0.000171365,4.71254e-05,2.05965e-06,4.49703e-05,-7.54706e-06,-0.172893,0.060734,0.000324942,0.25909,-0.211458,0.0102144,0.0315898,0.00132559,1.52579,1,0,0,0,0,0,-1,1,-9.04587e-07,-3.41781e-06,-0.21145,0,1.92489,1,1010,1010,1010,1010,0,0,0,0,1.92966,54,0.00687565,0.0159251,55,-0.00319826,0.0201825,56,0.000492308,0.0187433,23,-0.00509259,0.0155644,11,-0.0185077,0.0188199,37,-0.0084284,0.0173874,8,-0.0136548,0.00479434,56,0.00430712,0.0164971,56,0.00317468,0.019457
4706295290610,4706280055000,4706280055000,4706295267999,73729,15.213,4706305276729,25.2217,0,10554,38521,0,0,1,0,0,0.008007,355,355,353,0.994366,2.31815,2.79889,0.553986,0.244188,0.0473328,0.15387,0.000124866,0.000344558,-0.00806844,-0.0868456,1,0.0430321,-0.0155946,0.0155946,0.0430321,1,1,0.0131831,0.0369302,0.0024115,0.00610184,0,0,0,0,0,0,0,0,0,0,0,0,0,0,0,0,0,0,0,0,0,0,0,255,0.27,5.24138,0.27,0.00506729,0.00947638,1,1,1,1,0,1,1,-0.333789,-3.19115,0.174686,0.0151372,0.00829781,0.106674,12.2192,9749,1,367,12.1805,2438,0,0.000884653,0.0301479,0.0263556,0,0,0,1,353,0.275,0.000106039,0.000292213,8.03586e-05,-2.91606e-05,6.98154e-05,-4.48141e-05,-0.172823,0.0606892,0.000404958,0.259406,-0.211484,0.0120047,0.0335601,-0.00100681,10.3295,1,0,0,0,0,0,-1,1,-9.04587e-07,-3.41781e-06,-0.21145,0,12.4353,1,1010,1010,1010,1010,0,0,0,0,12.4401,54,0.0183201,0.0438083,56,3.74304e-05,0.0486918,56,0.0235087,0.0395348,26,0.00663164,0.0406175,12,-0.00440506,0.0426796,30,-0.00980678,0.0342519,7,-0.00302451,0.034721,56,0.0189047,0.0510256,56,0.0302524,0.055352
4706305796678,4706292071000,4706292071000,4706305784567,73729,13.7136,4706318152354,26.0814,0,10554,38522,0,0,1,0,0,0.012016,348,348,339,0.974138,2.59393,2.75526,0.498856,0.23228,0.0405426,0.118301,0.000126581,0.000279165,-0.0101746,-0.0385526,1,0.0232328,-0.0105344,0.0105344,0.0232328,1,1,0.00873067,0.0176528,0.00180372,0.00558003,0,0,0,0,0,0,0,0,0,0,0,0,0,0,0,0,0,0,0,0,0,0,0,255,0.27,5.75975,0.27,-0.00229918,-0.012854,1,1,1,1,0,1,1,-0.333789,-3.19115,0.174686,0.0151372,0.00829781,0.106674,25.093,9749,1,367,25.0543,2438,0,0.000884653,0.0301479,0.0263556,0,0,0,1,339,0.275,0.000107523,0.00023679,6.51172e-05,-2.95688e-05,5.5321e-05,-4.21201e-05,-0.172767,0.0606471,0.000437483,0.259713,-0.21149,0.00900309,0.0306902,-0.000733917,12.6677,1,0,0,0,0,0,-1,1,-9.04587e-07,-3.41781e-06,-0.21145,0,25.3076,1,1010,1010,1010,1010,0,0,0,0,25.3124,56,0.0131726,0.0230102,54,0.00312773,0.0226081,52,0.0116483,0.0233356,19,0.00679255,0.0235093,11,0.0129438,0.0161932,35,0.0101999,0.0247701,0,0,0,56,0.00681604,0.02337,56,0.0112629,0.0232791
4706318636765,4706300058000,4706300058000,4706318615728,73729,18.5577,4706328509939,28.4519,0,10554,38523,0,0,1,0,0,0.007987,353,353,352,0.997167,2.34574,3.13419,0.475671,0.24028,0.00242615,0.0274963,6.87604e-06,0.000107561,-0.0158938,-0.0417446,1,0.013467,-0.000860904,0.000860904,0.013467,1,1,0.00063934,0.00779679,0.000221564,0.00567025,0,0,0,0,0,0,0,0,0,0,0,0,0,0,0,0,0,0,0,0,0,0,0,255,0.27,8.32233,0.27,-0.0115552,-0.0269845,1,1,1,1,0,1,1,-0.333789,-3.19115,0.174686,0.0151372,0.00829781,0.106674,35.4599,9749,1,367,35.4214,2438,0,0.000884653,0.0301479,0.0263556,0,0,0,1,352,0.275,5.95049e-06,9.11904e-05,2.50774e-05,-1.63639e-06,2.33507e-05,-6.68618e-06,-0.172744,0.0606404,0.000435717,0.260065,-0.211453,0.00360852,0.0311864,0.00191193,10.1709,1,0,0,0,0,0,-1,1,-9.04587e-07,-3.41781e-06,-0.21145,0,35.6799,1,1010,1010,1010,1010,0,0,0,0,35.6847,55,0.00345931,0.0169938,56,-0.0169655,0.0243611,53,0.000752703,0.0102272,28,0.00190086,0.00258108,11,0.00599694,0.0103221,31,0.0341045,0.015292,6,-0.00133821,0.00672587,56,-0.000222636,0.00478858,56,0.00683811,0.0124176
4706329049906,4706320060000,4706320060000,4706329043350,73729,8.98335,4706340556834,20.4968,1,10555,38524,0,0,1,0,0,0.020002,353,353,352,0.997167,2.58495,3.09956,0.554227,0.246872,-0.168488,0.0667725,-0.000219304,0.000242016,-0.00331885,-0.0504268,1,0.0120996,0.0109641,-0.0109641,0.0120996,1,1,-0.0101541,0.00660447,-0.000810014,0.00549511,0,0,0,0,0,0,0,0,0,0,0,0,0,0,0,0,0,0,0,0,0,0,0,255,0.27,8.96492,0.27,-0.0219784,-0.0263636,1,1,1,1,1,1,1,-0.333537,-3.19108,0.176196,0.0119461,0.00807375,0.108918,0.940897,9750,1,367,47.4534,2438,0,0.000884653,0.0301479,0.0263556,0,0,0,1,352,0.275,-0.000185923,0.00020533,5.64658e-05,5.11288e-05,6.40786e-05,3.85393e-05,-0.17268,0.0606789,0.000369348,0.260633,-0.211435,-0.000768428,0.0302231,0.00294932,0.765229,2,0,0,0,0,0,-1,1,-9.04588e-07,-3.41781e-06,-0.211427,0,1.16277,1,1010,1010,1010,1010,0,0,0,0,1.1669,55,-0.0102277,0.0141277,56,-0.000224955,0.0140461,49,-0.00699206,0.00855202,28,-0.0171385,0.0126299,9,-0.0156732,0.00692512,36,-0.0254837,0.0117618,7,-0.0208624,0.00794541,56,-0.0142064,0.0113098,56,-0.00426983,0.0109802
4706341118153,4706332022000,4706332022000,4706341095024,73729,9.07302,4706351726611,19.7046,0,10555,38525,0,0,1,0,0,0.011962,353,353,347,0.983003,2.37207,2.86793,0.476874,0.271335,-0.107513,-0.0466309,-0.000149997,-9.91117e-05,0.0030858,-0.0120904,1,-0.00828555,0.0125394,-0.0125394,-0.00828555,1,1,-0.0116511,-0.0133963,-0.000888285,0.00511078,0,0,0,0,0,0,0,0,0,0,0,0,0,0,0,0,0,0,0,0,0,0,0,255,0.27,0.731469,0.27,-0.0148411,-0.0394963,1,1,1,1,0,1,1,-0.333537,-3.19108,0.176196,0.0119461,0.00807375,0.108918,12.1423,9750,1,367,58.6549,2438,0,0.000884653,0.0301479,0.0263556,0,0,0,1,347,0.275,-0.000127352,-8.40346e-05,-2.31095e-05,3.50219e-05,-1.44787e-05,3.89273e-05,-0.172694,0.0607178,0.000369348,0.260633,-0.211435,-0.00202233,0.0281093,0.00229059,11.9404,0,0,0,0,0,0,-1,1,-9.04588e-07,-3.41781e-06,-0.211427,0,12.3598,1,1010,1010,1010,1010,0,0,0,0,12.364,55,-0.0187269,-0.000864913,55,-0.00729416,0.000373907,48,-0.0185822,2.3458e-05,27,-0.0239584,-0.00992983,11,-0.025601,-0.00905378,32,0.00329986,-0.00822568,7,0.00137733,-0.0092062,56,-0.00962387,-0.0120138,56,-0.0144523,-0.0144165
4706352293967,4706340043000,4706340043000,4706352282134,73729,12.2391,4706361718934,21.6759,0,10555,38526,0,0,1,0,0,0.008021,354,354,352,0.99435,2.60624,2.77249,0.456374,0.241742,-0.0693512,-0.0594101,-3.26411e-05,-3.61299e-05,0.00764529,-0.0930186,1,-0.00450441,0.00406946,-0.00406946,-0.00450441,1,1,-0.00372055,-0.00888629,-0.000348906,0.00438188,0,0,0,0,0,0,0,0,0,0,0,0,0,0,0,0,0,0,0,0,0,0,0,255,0.27,1.71125,0.27,-0.00933687,-0.0414531,1,1,1,1,0,1,1,-0.333537,-3.19108,0.176196,0.0119461,0.00807375,0.108918,22.1379,9750,1,367,68.6504,2438,0,0.000884653,0.0301479,0.0263556,0,0,0,1,352,0.275,-2.7643e-05,-3.05263e-05,-8.39473e-06,7.60184e-06,-6.33345e-06,9.13506e-06,-0.172701,0.060727,0.000280768,0.260885,-0.211514,-0.00448083,0.0241003,-0.00204948,9.77452,1,0,0,0,0,0,-1,1,-9.04588e-07,-3.41781e-06,-0.211427,0,22.3603,1,1010,1010,1010,1010,0,0,0,0,22.3644,54,0.00145897,-0.00582182,56,0.00488244,-0.00376311,48,0.000854365,-0.0175111,26,-0.00576933,-0.00662355,11,0.000558337,0.000169813,37,-0.0211439,-0.00903688,8,-0.0369638,-0.0039812,56,-0.00957196,-0.00470355,56,0.00377305,-0.00143628
4706362266549,4706352016000,4706352016000,4706362252660,73729,10.2367,4706372533856,20.5179,0,10555,38527,0,0,1,0,0,0.011973,361,361,360,0.99723,2.64108,2.79943,0.462171,0.251335,-0.0278625,-0.00325775,-3.5451e-05,3.65218e-05,-0.00443442,-0.0271354,1,0.00305035,0.00296091,-0.00296091,0.00305035,1,1,-0.00377441,-0.0016263,0.000813498,0.00467665,0,0,0,0,0,0,0,0,0,0,0,0,0,0,0,0,0,0,0,0,0,0,0,255,0.27,1.54405,0.27,-0.000552855,-0.0267063,1,1,1,1,0,1,1,-0.333537,-3.19108,0.176196,0.0119461,0.00807375,0.108918,32.9534,9750,1,367,79.466,2438,0,0.000884653,0.0301479,0.0263556,0,0,0,1,360,0.275,-3.01375e-05,3.0961e-05,8.51427e-06,8.2878e-06,9.78318e-06,6.37513e-06,-0.172691,0.0607334,0.000208743,0.261211,-0.211618,-0.00447054,0.0257216,-0.00715582,10.5885,1,0,0,0,0,0,-1,1,-9.04588e-07,-3.41781e-06,-0.211427,0,33.1781,1,1010,1010,1010,1010,0,0,0,0,33.1823,55,-0.0173286,0.00722622,56,0.00883351,0.0125289,52,-6.37659e-05,0.00415155,29,-0.00996623,-0.00238968,10,-0.00708625,-0.000536955,39,-0.003028,0.000793675,7,0.00437851,-0.00423477,56,-0.001948,-0.00486298,56,-0.00222627,-0.00249557
4706373107305,4706360064000,4706360064000,4706373092379,73729,13.0284,4706382289954,22.226,0,10555,38528,0,0,1,0,0,0.008048,353,352,348,0.988636,2.37972,2.71073,0.444597,0.241391,-0.0280914,0.139931,-2.27199e-05,0.000318029,-0.00347923,-0.0856164,1,0.0395165,0.00282305,-0.00282305,0.0395165,1,1,-0.00407825,0.0330996,0.0012552,0.00641687,0,0,0,0,0,0,0,0,0,0,0,0,0,0,0,0,0,0,0,0,0,0,0,255,0.27,2.20439,0.27,-0.00316799,0.000437844,1,1,1,1,0,1,1,-0.333537,-3.19108,0.176196,0.0119461,0.00807375,0.108918,42.7108,9750,1,367,89.2233,2438,0,0.000884653,0.0301479,0.0263556,0,0,0,1,348,0.275,-1.92498e-05,0.000269691,7.41649e-05,5.2937e-06,7.11534e-05,-9.87859e-06,-0.17262,0.0607235,0.000127625,0.261663,-0.211712,-0.00409147,0.0352928,-0.00879605,9.5305,1,0,0,0,0,0,-1,1,-9.04588e-07,-3.41781e-06,-0.211427,0,42.9358,1,1010,1010,1010,1010,0,0,0,0,42.9399,54,-0.00777684,0.0381143,54,-0.0244909,0.0467911,48,-0.00117211,0.0386409,25,-0.0182558,0.0369528,13,0.0137588,0.036525,36,-0.0178571,0.040572,6,-0.0308891,0.017296,56,0.00509469,0.0359327,56,0.0109698,0.0398785
4706382875367,4706372024000,4706372024000,4706382855237,73729,10.8312,4706394150015,22.126,0,10555,38529,0,0,1,0,0,0.01196,359,359,358,0.997214,2.3847,3.29099,0.470115,0.245428,-0.0186462,0.14827,4.90752e-05,0.000343944,0.00356691,-0.063689,1,0.0287578,-0.00410328,0.00410328,0.0287578,1,1,0.0032637,0.0211151,0.000839585,0.00764278,0,0,0,0,0,0,0,0,0,0,0,0,0,0,0,0,0,0,0,0,0,0,0,255,0.27,1.8317,0.27,0.00295579,-0.010953,1,1,1,1,1,1,1,-0.333322,-3.19122,0.177389,0.0125254,0.00367603,0.104026,0.162557,9751,1,367,101.048,2438,0,0.000884653,0.0301479,0.0263556,0,0,0,1,358,0.275,4.16777e-05,0.000291752,8.02317e-05,-1.14614e-05,7.3351e-05,-2.74945e-05,-0.172546,0.060696,3.44291e-05,0.262098,-0.211786,-0.00447453,0.0420353,-0.0072738,11.6299,1,0,0,0,0,0,-1,1,-9.04587e-07,-3.41781e-06,-0.211831,0,0.381725,1,1010,1010,1010,1010,0,0,0,0,0.38641,55,-0.000740469,0.0306241,56,-0.0015094,0.0309936,56,0.00184823,0.030908,26,0.00135524,0.0239165,10,-0.001602,0.0177649,36,-0.00131537,0.0258982,7,-0.00570229,0.0263768,56,0.00437035,0.0289951,56,0.0119133,0.0371017
4706394728038,4706380071000,4706380071000,4706394711575,73729,14.6406,4706403820742,23.7497,0,10555,38530,0,0,1,0,0,0.008047,368,368,323,0.877717,2.35922,2.91997,0.512041,0.221965,-0.044281,0.0858612,6.88154e-05,0.000228043,0.00256064,-0.0949084,1,0.0283389,-0.00855168,0.00855168,0.0283389,1,1,0.00901103,0.0220453,-0.00045935,0.00629357,0,0,0,0,0,0,0,0,0,0,0,0,0,0,0,0,0,0,0,0,0,0,0,255,0.27,3.5136,0.27,-0.00147073,-0.0251383,1,1,1,1,0,1,1,-0.333322,-3.19122,0.177389,0.0125254,0.00367603,0.104026,9.84229,9751,1,367,110.728,2438,0,0.000884653,0.0301479,0.0263556,0,0,0,1,323,0.275,5.84329e-05,0.000193382,5.318e-05,-1.6069e-05,4.68275e-05,-2.65098e-05,-0.1725,0.0606695,-0.00017124,0.262765,-0.211884,-0.00749132,0.0346146,-0.00397192,9.63517,2,0,0,0,0,0,-1,1,-9.04587e-07,-3.41781e-06,-0.211831,0,10.0748,1,1010,1010,1010,1010,0,0,0,0,10.0795,35,0.00443787,0.0338572,54,-0.0101144,0.0303279,53,0.00512208,0.0235219,26,0.0144435,0.0160463,11,-0.000907602,0.0331864,42,0.0357265,0.0354705,0,0,0,46,0.0105514,0.0258753,56,0.00469509,0.0194945
4706404364728,4706392032000,4706392032000,4706404351099,73729,12.3191,4706415247503,23.2155,0,10555,38531,0,0,1,0,0,0.011961,361,361,358,0.99169,2.34632,2.86041,0.511152,0.246299,-0.0383759,0.0379333,-4.08158e-05,0.000144092,-0.0114299,-0.0606891,1,0.0120468,0.00341241,-0.00341241,0.0120468,1,1,-0.00329937,0.00589826,-0.000113036,0.00614855,0,0,0,0,0,0,0,0,0,0,0,0,0,0,0,0,0,0,0,0,0,0,0,255,0.27,2.98851,0.27,0.00168225,-0.0359977,1,1,1,1,0,1,1,-0.333322,-3.19122,0.177389,0.0125254,0.00367603,0.104026,21.2693,9751,1,367,122.155,2438,0,0.000884653,0.0301479,0.0263556,0,0,0,1,358,0.275,-3.44995e-05,0.000122288,3.36293e-05,9.48736e-06,3.37402e-05,2.44315e-06,-0.172466,0.0606719,-0.000279162,0.263155,-0.211983,-0.00720565,0.033817,-0.00526716,11.2094,1,0,0,0,0,0,-1,1,-9.04587e-07,-3.41781e-06,-0.211831,0,21.4894,1,1010,1010,1010,1010,0,0,0,0,21.4941,56,-0.00304208,0.0122438,53,-0.0140052,0.0162771,53,0.00226569,0.013592,28,-0.00489516,0.0096995,14,-0.0123953,0.0131494,36,-0.00200866,0.0106675,6,-0.0193739,-0.00552224,56,0.000836461,0.00955268,56,0.00112175,0.0121449
4706415777304,4706400061000,4706400061000,4706415762970,73729,15.702,4706425457457,25.3965,0,10555,38532,0,0,1,0,0,0.008029,364,363,362,0.997245,2.57913,2.82504,0.539801,0.249095,0.000976562,0.0971146,4.86563e-05,0.000215871,-0.00306312,-0.063595,1,0.0268864,-0.00606007,0.00606007,0.0268864,1,1,0.00570135,0.020656,0.000358716,0.00623036,0,0,0,0,0,0,0,0,0,0,0,0,0,0,0,0,0,0,0,0,0,0,0,255,0.27,4.19244,0.27,0.00991955,-0.0177153,1,1,1,1,0,1,1,-0.333322,-3.19122,0.177389,0.0125254,0.00367603,0.104026,31.4786,9751,1,367,132.364,2438,0,0.000884653,0.0301479,0.0263556,0,0,0,1,362,0.275,4.13214e-05,0.00018305,5.03387e-05,-1.13634e-05,4.5121e-05,-2.13414e-05,-0.172421,0.0606506,-0.000476971,0.263488,-0.212124,-0.0103187,0.034267,-0.00983333,9.9869,1,0,0,0,0,0,-1,1,-9.04587e-07,-3.41781e-06,-0.211831,0,31.7069,1,1010,1010,1010,1010,0,0,0,0,31.7116,56,-0.00318271,0.0265612,55,0.00274992,0.0346708,56,0.00212874,0.0305487,29,0.00311497,0.0207349,11,0.0139706,0.0296018,37,0.0152471,0.0357965,6,0.0485745,0.0361134,56,0.0128001,0.0235496,56,0.00955105,0.0228008
4706425990313,4706412036000,4706412036000,4706425977017,73729,13.941,4706437375574,25.3396,0,10555,38533,0,0,1,0,0,0.011975,363,362,348,0.961326,2.58291,2.93215,0.47317,0.251595,-0.0608292,0.0636139,-6.57863e-05,0.000218968,-0.00516224,-0.0595101,1,0.0182854,0.00549364,-0.00549364,0.0182854,1,1,-0.0054778,0.012921,-1.58365e-05,0.00536443,0,0,0,0,0,0,0,0,0,0,0,0,0,0,0,0,0,0,0,0,0,0,0,255,0.27,4.29866,0.27,-3.7813e-05,-0.0240138,1,1,1,1,0,1,1,-0.333322,-3.19122,0.177389,0.0125254,0.00367603,0.104026,43.3939,9751,1,367,144.28,2438,0,0.000884653,0.0301479,0.0263556,0,0,0,1,348,0.275,-5.56258e-05,0.00018575,5.10812e-05,1.52971e-05,5.14279e-05,4.56462e-06,-0.172369,0.0606551,-0.000730883,0.263748,-0.212272,-0.0171425,0.0295044,-0.0136443,11.7027,1,0,0,0,0,0,-1,1,-9.04587e-07,-3.41781e-06,-0.212407,0,0.200743,1,1010,1010,1010,1010,0,0,0,0,0.204354,56,-0.00166073,0.0179491,56,-0.0154907,0.0187882,54,-0.000111888,0.0223298,26,-0.00010388,0.00305089,12,-0.0166673,0.00930407,35,-0.000933119,0.0167867,0,0,0,53,-0.00395355,0.0144907,56,0.00130182,0.0189842
4706437908041,4706420046000,4706420046000,4706437892819,73729,17.8468,4706447567398,27.5214,0,10555,38534,0,0,1,0,0,0.00801,368,367,332,0.904632,2.62297,3.05136,0.474486,0.231002,-0.0806274,0.0247269,-0.00012844,4.99362e-05,0.00290077,-0.043725,1,0.00623423,0.016035,-0.016035,0.00623423,1,1,-0.0161467,0.00159689,0.000111705,0.00463734,0,0,0,0,0,0,0,0,0,0,0,0,0,0,0,0,0,0,0,0,0,0,0,255,0.27,5.86764,0.27,-0.00764675,-0.0326091,1,1,1,1,1,1,1,-0.33318,-3.19149,0.178193,0.0141848,0.00134163,0.105923,10.1802,9752,1,367,154.475,2438,0,0.000884653,0.0301479,0.0263556,0,0,0,1,332,0.275,-0.000109041,4.23757e-05,1.16533e-05,2.99864e-05,1.7311e-05,2.69427e-05,-0.172352,0.0606821,-0.000874292,0.26403,-0.212387,-0.0168875,0.0255054,-0.0140015,8.52944,1,0,0,0,0,0,-1,1,-9.04587e-07,-3.41781e-06,-0.212407,0,10.3973,1,1010,1010,1010,1010,0,0,0,0,10.4009,55,-0.0275679,0.00794335,55,-0.00706861,0.0125655,55,-0.0272074,0.0129764,27,-0.0244357,0.00677493,13,-0.0397887,-0.00379547,40,-0.0195108,0.0175631,6,-0.0325552,-0.0290563,56,-0.00610081,-0.00371271,25,-0.00505551,-0.0115918
4706448166662,4706440040000,4706440040000,4706448159125,73729,8.11913,4706459734628,19.6946,1,10556,38535,0,0,1,0,0,0.019994,352,350,350,1,2.58137,3.04549,0.582709,0.244613,0.0337067,0.0669327,0.000177277,0.000281778,0.00187564,-0.0671363,1,0.0140931,-0.0088665,0.0088665,0.0140931,1,1,0.00841418,0.00836312,0.000452324,0.00572998,0,0,0,0,0,0,0,0,0,0,0,0,0,0,0,0,0,0,0,0,0,0,0,255,0.27,6.14957,0.27,0.0207069,-0.0240456,1,1,1,1,0,1,1,-0.33318,-3.19149,0.178193,0.0141848,0.00134163,0.105923,22.3488,9752,1,367,166.643,2438,0,0.000884653,0.0301479,0.0263556,0,0,0,1,350,0.275,0.000150456,0.000239108,6.57548e-05,-4.13753e-05,5.3328e-05,-5.38296e-05,-0.172299,0.0606282,-0.000926048,0.26445,-0.212443,-0.00941912,0.0315149,-0.00952552,11.9502,1,0,0,0,0,0,-1,1,-9.04587e-07,-3.41781e-06,-0.212407,0,22.5645,1,1010,1010,1010,1010,0,0,0,0,22.5681,56,0.0108594,0.018845,56,0.0113877,0.020101,45,0.00894367,0.0143595,26,0.00374499,0.00461454,10,0.00959344,0.018155,38,0.0105479,0.0109045,7,-0.0017014,0.0117722,56,0.0103936,0.0162451,56,0.0142576,0.0163198
4706460272188,4706452026000,4706452026000,4706460259613,73729,8.23361,4706471478909,19.4529,0,10556,38536,0,0,1,0,0,0.011986,360,360,360,1,2.56841,2.97825,0.498227,0.247206,0.0691528,0.174316,9.28436e-05,0.000368824,-0.00326988,-0.0372691,1,0.0307712,-0.007746,0.007746,0.0307712,1,1,0.0073238,0.0235099,0.000422202,0.00726128,0,0,0,0,0,0,0,0,0,0,0,0,0,0,0,0,0,0,0,0,0,0,0,255,0.27,8.09383,0.27,0.0209695,-0.00654492,1,1,1,1,0,1,1,-0.33318,-3.19149,0.178193,0.0141848,0.00134163,0.105923,34.1144,9752,1,367,178.409,2438,0,0.000884653,0.0301479,0.0263556,0,0,0,1,360,0.275,7.88165e-05,0.000312751,8.60066e-05,-2.16745e-05,7.65742e-05,-3.86933e-05,-0.172222,0.0605896,-0.000978041,0.264903,-0.212483,-0.00371181,0.039937,-0.00482714,11.5488,1,0,0,0,0,0,-1,1,-9.04587e-07,-3.41781e-06,-0.212407,0,34.3406,1,1010,1010,1010,1010,0,0,0,0,34.3442,56,0.0120617,0.021784,56,0.00937856,0.033868,51,0.0132239,0.0325424,28,0.0105206,0.0323246,12,0.0160373,0.0246365,41,-0.00432784,0.037203,4,-0.00374645,0.0134244,56,0.0143703,0.0266017,56,0.0205859,0.0316321
4706472057655,4706460037000,4706460037000,4706472043562,73729,12.0066,4706481648585,21.6116,0,10556,38537,0,0,1,0,0,0.008011,360,360,358,0.994444,2.60352,2.83623,0.453281,0.24378,0.0117798,0.170029,4.33431e-05,0.000382472,-0.0147647,-0.070559,1,0.0477433,-0.00541045,0.00541045,0.0477433,1,1,0.00558961,0.0404729,-0.000179165,0.00727043,0,0,0,0,0,0,0,0,0,0,0,0,0,0,0,0,0,0,0,0,0,0,0,255,0.28,-0.441189,0.28,0.00908527,-0.00305378,1,1,1,1,0,1,1,-0.33318,-3.19149,0.178193,0.0141848,0.00134163,0.105923,44.289,9752,1,367,188.584,2438,0,0.000884653,0.0301479,0.0263556,0,0,0,1,358,0.285,3.6969e-05,0.000324359,9.24423e-05,-1.05362e-05,8.49809e-05,-2.91176e-05,-0.172137,0.0605604,-0.00110574,0.265311,-0.212541,-0.00586066,0.0414415,-0.00387153,9.94729,1,0,0,0,0,0,-1,1,-9.04587e-07,-3.41781e-06,-0.212407,0,44.5131,1,1010,1010,1010,1010,0,0,0,0,44.5168,55,0.00745234,0.0504787,55,-0.00784148,0.0533849,51,0.00644759,0.0429561,32,0.0152027,0.0306226,10,-0.0116342,0.0406247,37,0.0371627,0.0518947,6,-0.002011,0.0361714,56,0.0127161,0.0450915,56,0.0109773,0.0479613
4706482211164,4706472020000,4706472020000,4706482199701,73729,10.1797,4706494636618,22.6166,0,10556,38538,0,0,1,0,0,0.011983,358,358,356,0.994413,2.62921,3.25734,0.460448,0.248039,-0.0448151,0.0845337,-4.26897e-05,0.000242804,-0.00546022,-0.0569577,1,0.0202623,0.00356252,-0.00356252,0.0202623,1,1,-0.00379174,0.0146174,0.000229218,0.00564497,0,0,0,0,0,0,0,0,0,0,0,0,0,0,0,0,0,0,0,0,0,0,0,255,0.28,-0.435781,0.28,0.186522,0.128278,1,1,1,1,0,1,1,-0.332819,-3.19175,0.179917,0.0146323,0.00353937,0.110876,4.62761,9753,1,367,201.535,2438,0,0.000884653,0.0301479,0.0263556,0,0,0,1,356,0.285,-3.61513e-05,0.000205954,5.86968e-05,1.03031e-05,5.75296e-05,-1.89296e-06,-0.17208,0.0605585,-0.00146696,0.265825,-0.212857,-0.0116885,0.0321763,-0.010396,4.44698,2,0,0,0,0,0,-1,1,-9.04587e-07,-3.41781e-06,-0.212891,0,4.84935,1,1010,1010,1010,1010,0,0,0,0,4.85372,55,-0.00644337,0.0209201,56,-0.00435986,0.0189264,51,0.00382356,0.0209884,26,-0.00429946,0.0100579,11,0.00523195,0.0311715,38,-0.0208594,0.0165602,7,-0.0247063,0.00751279,56,-0.00284929,0.021712,56,0.00357268,0.0247119
4706495125196,4706480060000,4706480060000,4706495113011,73729,15.053,4706504942314,24.8823,0,10556,38539,0,0,1,0,0,0.00804,355,353,350,0.991501,2.55997,2.7723,0.455503,0.243428,-0.0653229,0.00871277,-8.11059e-05,3.39114e-05,0.0113711,-0.0363089,1,0.00421784,0.0100878,-0.0100878,0.00421784,1,1,-0.011872,0.0013838,0.00178422,0.00283404,0,0,0,0,0,0,0,0,0,0,0,0,0,0,0,0,0,0,0,0,0,0,0,255,0.28,2.31439,0.28,0.00934115,-0.0260874,1,1,1,1,1,1,1,-0.332819,-3.19175,0.179917,0.0146323,0.00353937,0.110876,14.9386,9753,1,367,10.3045,2439,0,0.000884653,0.0317996,0.0255737,0,0,0,1,350,0.285,-6.88856e-05,2.87375e-05,8.19019e-06,1.96324e-05,1.1867e-05,1.7519e-05,-0.172068,0.0605761,-0.00166913,0.265949,-0.213091,-0.0156586,0.016154,-0.020663,10.1184,1,0,0,0,0,0,-1,1,-9.04587e-07,-3.41781e-06,-0.212891,0,15.1586,1,1010,1010,1010,1010,0,0,0,0,15.163,56,-0.0127474,0.00879655,55,-0.011314,0.0152364,49,-0.0144252,0.00407739,25,-0.012067,0.00298727,9,-0.0265032,0.00697535,38,-0.011987,0.0108193,6,-0.0100774,-0.0114383,56,-0.00514081,-0.0044136,56,-0.00641554,-0.0100583
4706505556911,4706488069000,4706488069000,4706505529300,73729,17.4603,4706516025960,27.957,0,10556,38540,0,0,1,0,0,0.008009,366,364,363,0.997253,2.62343,2.74419,0.572671,0.248187,-0.0802307,-0.0822144,-0.000115936,-0.000141813,0.0411348,-0.0399316,1,-0.0177067,0.0144757,-0.0144757,-0.0177067,1,1,-0.0175739,-0.0200437,0.00309816,0.00233702,0,0,0,0,0,0,0,0,0,0,0,0,0,0,0,0,0,0,0,0,0,0,0,255,0.28,2.56776,0.28,-0.0040541,-0.0532372,1,1,1,1,0,1,1,-0.332819,-3.19175,0.179917,0.0146323,0.00353937,0.110876,26.0266,9753,1,367,21.3929,2439,0,0.000884653,0.0317996,0.0255737,0,0,0,1,363,0.285,-9.85235e-05,-0.000120244,-3.42694e-05,2.80792e-05,-2.63831e-05,3.44439e-05,-0.172094,0.0606105,-0.00173635,0.266131,-0.213275,-0.00988072,0.013321,-0.0220322,10.8738,1,0,0,0,0,0,-1,1,-9.04587e-07,-3.41781e-06,-0.212891,0,26.2674,1,1010,1010,1010,1010,0,0,0,0,26.2718,55,-0.0182635,-0.0203754,56,0.000475301,-0.00928687,52,-0.00923738,-0.0267293,27,-0.0270617,-0.0199054,11,-0.0151728,-0.0285411,44,-0.0267518,-0.010178,6,-0.0343901,-0.0119457,56,-0.00370008,-0.0186188,56,-0.00537698,-0.0225865
4706516578002,4706508052000,4706508052000,4706516571557,73729,8.51956,4706527585759,19.5338,1,10557,38541,0,0,1,0,0,0.019983,352,351,337,0.960114,2.56456,2.75087,0.524819,0.256224,0.04422,0.00878906,0.000151652,9.80178e-05,0.00461552,-0.0183507,1,0.00490506,-0.00758907,0.00758907,0.00490506,1,1,0.00445875,0.00145541,0.00313032,0.00344965,0,0,0,0,0,0,0,0,0,0,0,0,0,0,0,0,0,0,0,0,0,0,0,255,0.28,3.42806,0.28,0.0207302,-0.0195968,1,1,1,1,0,1,1,-0.332819,-3.19175,0.179917,0.0146323,0.00353937,0.110876,37.5837,9753,1,367,32.9497,2439,0,0.000884653,0.0317996,0.0255737,0,0,0,1,337,0.285,0.000128602,8.32009e-05,2.37123e-05,-3.66515e-05,1.46137e-05,-4.06672e-05,-0.17208,0.0605698,-0.00170763,0.266417,-0.213326,-0.000870946,0.019663,-0.014971,11.3171,1,0,0,0,0,0,-1,1,-9.04587e-07,-3.41781e-06,-0.212891,0,37.7923,1,1010,1010,1010,1010,0,0,0,0,37.7966,55,0.00539461,0.00347936,53,0.00159721,0.00466214,53,0.0084584,0.00989945,15,0.00397105,-0.00926681,11,0.00737182,0.00165649,38,0.0150076,0.00374846,0,0,0,56,0.00711711,0.000311961,56,0.00786247,0.000874307
4706528144634,4706520033000,4706520033000,4706528123449,73729,8.09045,4706539365985,19.333,0,10557,38542,0,0,1,0,0,0.011981,354,354,352,0.99435,2.53871,2.96756,0.4713,0.242576,0.030838,0.110825,0.000104668,0.000217817,0.00305815,-0.0319403,1,0.0181802,-0.00873613,0.00873613,0.0181802,1,1,0.00744166,0.014083,0.00129447,0.00409719,0,0,0,0,0,0,0,0,0,0,0,0,0,0,0,0,0,0,0,0,0,0,0,255,0.28,4.82919,0.28,0.0141028,-0.00280579,1,1,1,1,0,1,1,-0.332819,-3.19175,0.179917,0.0146323,0.00353937,0.110876,49.3628,9753,1,367,44.7287,2439,0,0.000884653,0.0317996,0.0255737,0,0,0,1,352,0.285,8.88577e-05,0.000184776,5.26612e-05,-2.53244e-05,4.43003e-05,-3.55045e-05,-0.172035,0.0605343,-0.00165502,0.266655,-0.213255,0.00443716,0.023354,-0.00235305,11.5912,1,0,0,0,0,0,-1,1,-9.04588e-07,-3.41781e-06,-0.21318,0,0.207964,1,1010,1010,1010,1010,0,0,0,0,0.211353,55,0.0128009,0.0156161,56,0.00555146,0.018076,50,0.00627691,0.0176466,30,0.0123735,0.026618,9,0.0127491,0.00582308,34,0.00278208,0.0108909,6,-0.0075999,0.0223795,56,0.00958335,0.0210713,56,0.0119305,0.0231558
4706539892786,4706528079000,4706528079000,4706539872341,73729,11.7933,4706548195150,20.1161,0,10557,38543,0,0,1,0,0,0.008046,366,365,363,0.994521,2.55082,3.0388,0.496448,0.24352,-0.0496826,0.0153809,-0.000119855,7.9687e-05,-0.0379064,-0.00262311,1,0.00990393,0.0148963,-0.0148963,0.00990393,1,1,-0.0137175,0.00678713,-0.00117877,0.0031168,0,0,0,0,0,0,0,0,0,0,0,0,0,0,0,0,0,0,0,0,0,0,0,255,0.27,5.60105,0.27,-0.173313,-0.111674,1,1,1,2,0,1,1,-0.332451,-3.19192,0.18084,0.0194712,0.0055237,0.10944,8.83889,9754,1,367,53.5817,2439,0,0.000884653,0.0317996,0.0255737,0,0,0,1,363,0.275,-0.000101503,6.7584e-05,1.85856e-05,2.79133e-05,2.34152e-05,2.34918e-05,-0.172012,0.0605578,-0.00164405,0.266783,-0.213143,0.00253465,0.0171424,0.00721429,8.58516,1,0,0,0,0,0,-1,1,-9.04588e-07,-3.41781e-06,-0.21318,0,9.05682,1,1010,1010,1010,1010,0,0,0,0,9.0602,56,-0.00167528,0.00796346,55,-0.011236,0.0137372,56,-0.0154997,0.0163427,24,-0.0167162,-0.00729747,7,0.00534806,0.01486,47,-0.00498426,0.00901119,6,0.00581825,-0.0224604,56,-0.0157502,0.00588424,56,-0.0191864,0.00495195
4706548760785,4706540037000,4706540037000,4706548738988,73729,8.70199,4706559215759,19.1788,0,10557,38544,0,0,1,0,0,0.011958,367,365,365,1,2.56552,3.10517,0.474133,0.272558,-0.0915833,-0.0574188,-0.000193188,-5.58655e-05,-0.0167311,-0.0340094,1,-0.00467181,0.0161555,-0.0161555,-0.00467181,1,1,-0.0140773,-0.0068851,-0.00207819,0.00221328,0,0,0,0,0,0,0,0,0,0,0,0,0,0,0,0,0,0,0,0,0,0,0,255,0.27,5.09101,0.27,-0.142893,-0.113581,1,1,1,1,1,1,1,-0.332451,-3.19192,0.18084,0.0194712,0.0055237,0.10944,19.8408,9754,1,367,64.5834,2439,0,0.000884653,0.0317996,0.0255737,0,0,0,1,365,0.275,-0.000163923,-4.73881e-05,-1.30317e-05,4.50789e-05,-2.77238e-06,4.67217e-05,-0.172015,0.0606045,-0.00163465,0.266944,-0.213072,-0.000134123,0.0121731,0.00903673,10.7703,1,0,0,0,0,0,-1,1,-9.04588e-07,-3.41781e-06,-0.21318,0,20.0659,1,1010,1010,1010,1010,0,0,0,0,20.0693,56,-0.0198386,-0.00544916,56,-0.00324239,-0.00501747,54,-0.00966587,-0.00236824,25,-0.000655505,-0.00737437,13,-0.0202051,-0.00462437,42,-0.0424349,-0.00360708,7,-0.0229367,-0.00193876,56,-0.0143484,-0.00915727,56,-0.0134007,-0.00439821
4706559823727,4706548077000,4706548077000,4706559799153,73729,11.7222,4706569997441,21.9204,0,10557,38545,0,0,1,0,0,0.00804,372,372,371,0.997312,2.54672,3.33951,0.561023,0.251114,-0.0708618,0.00170898,-0.000100527,4.44008e-05,-0.015605,-0.0510776,1,0.00552249,0.0125034,-0.0125034,0.00552249,1,1,-0.0114625,0.00281545,-0.00104088,0.00270704,0,0,0,0,0,0,0,0,0,0,0,0,0,0,0,0,0,0,0,0,0,0,0,255,0.27,6.00518,0.27,-0.0170744,-0.0155932,1,1,1,1,0,1,1,-0.332451,-3.19192,0.18084,0.0194712,0.0055237,0.10944,30.6338,9754,1,367,75.3766,2439,0,0.000884653,0.0317996,0.0255737,0,0,0,1,371,0.275,-8.52227e-05,3.77216e-05,1.03734e-05,2.34362e-05,1.4725e-05,2.07928e-05,-0.172,0.0606253,-0.00159974,0.267163,-0.213054,0.000862719,0.0148887,0.00527006,10.582,1,0,0,0,0,0,-1,1,-9.04588e-07,-3.41781e-06,-0.21318,0,30.8618,1,1010,1010,1010,1010,0,0,0,0,30.8652,55,0.00580442,0.00071282,56,-0.020721,0.00849694,55,-0.0146392,0.000715775,30,-0.0446929,0.00795604,14,-0.0344298,0.00866,42,-0.0101715,0.00410681,7,0.0031063,0.00659984,56,-0.00647954,0.00853074,56,-0.00791773,0.0070738
4706570546908,4706560049000,4706560049000,4706570525093,73729,10.4761,4706581859297,21.8103,0,10557,38546,0,0,1,0,0,0.011972,364,364,332,0.912088,2.58924,3.12088,0.490337,0.234447,-0.0196075,0.0700989,2.92006e-05,0.000151578,0.00746536,-0.0225585,1,0.012661,-0.00243907,0.00243907,0.012661,1,1,0.00211936,0.00890069,0.000319708,0.00376034,0,0,0,0,0,0,0,0,0,0,0,0,0,0,0,0,0,0,0,0,0,0,0,255,0.27,6.50252,0.27,-0.00228989,-0.00417582,1,1,1,1,0,1,1,-0.332451,-3.19192,0.18084,0.0194712,0.0055237,0.10944,42.504,9754,1,367,87.2467,2439,0,0.000884653,0.0317996,0.0255737,0,0,0,1,332,0.275,2.47788e-05,0.000128565,3.53554e-05,-6.81417e-06,3.189e-05,-1.3869e-05,-0.171968,0.0606115,-0.00148839,0.267444,-0.213002,0.00543885,0.0206819,0.00294436,11.66,1,0,0,0,0,0,-1,1,-9.04588e-07,-3.41781e-06,-0.21318,0,42.7251,1,1010,1010,1010,1010,0,0,0,0,42.7285,56,-0.0134641,0.0162582,48,0.00911036,0.0100701,34,-0.000535071,0.0121343,26,0.0111879,0.010792,12,0.00858146,0.0142029,37,0.00809185,0.0104767,7,-0.00282995,0.02058,56,-0.0012504,0.0158321,56,-0.0015679,0.0115245
4706582438154,4706568075000,4706568075000,4706582417061,73729,14.3421,4706592585182,24.5102,0,10557,38547,0,0,1,0,0,0.008026,366,366,364,0.994536,2.61358,3.16741,0.499616,0.248243,0.0229797,0.136536,0.000104722,0.000323112,-0.0205523,-0.0608259,1,0.0402582,-0.0130479,0.0130479,0.0402582,1,1,0.012689,0.0350951,0.000358874,0.00516313,0,0,0,0,0,0,0,0,0,0,0,0,0,0,0,0,0,0,0,0,0,0,0,255,0.27,8.34138,0.27,0.00492696,0.0132395,1,1,1,1,0,1,1,-0.331871,-3.19201,0.181695,0.0234477,0.00566337,0.108347,2.38376,9755,1,367,97.9421,2439,0,0.000884653,0.0317996,0.0255737,0,0,0,1,364,0.275,8.89516e-05,0.000274043,7.5362e-05,-2.44617e-05,6.58734e-05,-3.9256e-05,-0.171902,0.0605722,-0.0011426,0.268098,-0.212753,0.0138162,0.0283972,0.00947395,2.20396,2,0,0,0,0,0,-1,1,-9.04588e-07,-3.41781e-06,-0.212779,0,2.60287,1,1010,1010,1010,1010,0,0,0,0,2.6071,56,0.0264804,0.0521251,54,0.00343368,0.0395509,54,0.014067,0.0380734,25,0.00418163,0.0399886,13,-0.00335699,0.0430313,42,0.0148138,0.0440684,8,-0.00950288,0.0246715,56,0.00675373,0.0380399,56,0.0113475,0.0458198
4706593099871,4706580045000,4706580045000,4706593079167,73729,13.0342,4706604187055,24.1421,0,10557,38548,0,0,1,0,0,0.01197,358,357,351,0.983193,2.6245,2.7505,0.501356,0.299465,0.0409241,0.188995,8.18397e-05,0.00040435,-0.0113196,-0.0304539,1,0.0337803,-0.00683707,0.00683707,0.0337803,1,1,0.00673914,0.0282527,9.7931e-05,0.00552764,0,0,0,0,0,0,0,0,0,0,0,0,0,0,0,0,0,0,0,0,0,0,0,255,0.27,8.86152,0.27,-0.00474171,0.00287837,1,1,1,1,0,1,1,-0.331871,-3.19201,0.181695,0.0234477,0.00566337,0.108347,13.9944,9755,1,367,109.553,2439,0,0.000884653,0.0317996,0.0255737,0,0,0,1,351,0.275,6.95617e-05,0.000342838,9.42806e-05,-1.91295e-05,8.48292e-05,-3.78957e-05,-0.171817,0.0605343,-0.0011426,0.268098,-0.212753,0.0153143,0.030402,0.0118206,13.8007,0,0,0,0,0,0,-1,1,-9.04588e-07,-3.41781e-06,-0.212779,0,14.2209,1,1010,1010,1010,1010,0,0,0,0,14.2252,53,0.00978685,0.0312237,55,-0.00150013,0.0395419,54,0.0106479,0.0327305,21,0.00635877,0.0293807,10,-0.00321579,0.0322912,39,0.00966591,0.0318358,7,-0.00575992,0.0281268,56,0.00631718,0.0360788,56,0.0117332,0.0365311
4706604740504,4706588072000,4706588072000,4706604718911,73729,16.6469,4706614415139,26.3431,0,10557,38549,0,0,1,0,0,0.008027,362,361,360,0.99723,2.57558,2.77761,0.458504,0.248243,-0.0354614,0.157593,-7.00136e-05,0.000345662,-0.0179675,-0.0647118,1,0.0430624,0.00872226,-0.00872226,0.0430624,1,1,-0.00847001,0.0395343,-0.000252258,0.00352813,0,0,0,0,0,0,0,0,0,0,0,0,0,0,0,0,0,0,0,0,0,0,0,255,0.28,0.183446,0.28,-0.0236154,0.00374557,1,1,1,1,1,1,1,-0.331871,-3.19201,0.181695,0.0234477,0.00566337,0.108347,24.2229,9755,1,367,119.781,2439,0,0.000884653,0.0317996,0.0255737,0,0,0,1,360,0.285,-5.9277e-05,0.00029312,8.35391e-05,1.68939e-05,8.22945e-05,-4.99967e-07,-0.171735,0.0605338,-0.00124696,0.268362,-0.212828,0.00362654,0.0201103,0.00405153,8.53553,2,0,0,0,0,0,-1,1,-9.04588e-07,-3.41781e-06,-0.212779,0,24.4417,1,1010,1010,1010,1010,0,0,0,0,24.4459,55,-0.0136977,0.0484881,56,-0.00637329,0.0448489,55,0.00512561,0.0341206,25,-0.0102899,0.0494129,11,-0.0169279,0.0458613,40,-0.0318499,0.0477417,6,-0.0124326,0.0378209,56,-0.00890645,0.047947,56,0.00193564,0.0453628
4706615035236,4706600057000,4706600057000,4706615018070,73729,14.9611,4706626187143,26.1301,0,10557,38550,0,0,1,0,0,0.011985,367,366,365,0.997268,2.58485,2.83569,0.486578,0.24728,-0.123962,0.0393677,-0.000159517,8.55364e-05,0.00205037,-0.0163658,1,0.00713695,0.0133097,-0.0133097,0.00713695,1,1,-0.0149069,0.00677272,0.00159725,0.000364235,0,0,0,0,0,0,0,0,0,0,0,0,0,0,0,0,0,0,0,0,0,0,0,255,0.28,0.300798,0.28,0.0949575,0.0634681,1,1,1,1,0,1,1,-0.331871,-3.19201,0.181695,0.0234477,0.00566337,0.108347,35.9928,9755,1,367,131.551,2439,0,0.000884653,0.0317996,0.0255737,0,0,0,1,365,0.285,-0.000135437,7.24882e-05,2.06591e-05,3.85994e-05,2.76147e-05,3.35204e-05,-0.171707,0.0605673,-0.00126208,0.268377,-0.212947,-0.00391754,0.00207614,-0.0104175,11.5498,1,0,0,0,0,0,-1,1,-9.04588e-07,-3.41781e-06,-0.212779,0,36.218,1,1010,1010,1010,1010,0,0,0,0,36.2222,55,-0.0275031,0.00292964,56,0.00451846,0.00907254,56,-0.0238929,0.0112787,27,-0.0113986,0.00980002,13,-0.0045557,0.0146595,40,-0.0237984,0.00662863,6,-0.0154701,0.00703934,56,-0.0192904,0.0060362,56,-0.0184024,0.00380194
4706626721944,4706608050000,4706608050000,4706626700610,73729,18.6506,4706636533358,28.4834,0,10557,38551,0,0,1,0,0,0.007993,367,367,366,0.997275,2.56317,2.82871,0.459078,0.258928,-0.0948639,-0.0736542,-6.7627e-05,-0.000130952,0.034177,-0.00984649,1,-0.0163834,0.00846077,-0.00846077,-0.0163834,1,1,-0.0121343,-0.0167145,0.00367351,0.000331079,0,0,0,0,0,0,0,0,0,0,0,0,0,0,0,0,0,0,0,0,0,0,0,255,0.28,1.83779,0.28,0.133657,0.0664889,1,1,1,1,0,1,1,-0.331871,-3.19201,0.181695,0.0234477,0.00566337,0.108347,46.3381,9755,1,367,141.897,2439,0,0.000884653,0.0317996,0.0255737,0,0,0,1,366,0.285,-5.74421e-05,-0.00011097,-3.16265e-05,1.6371e-05,-2.63475e-05,2.24496e-05,-0.171734,0.0605898,-0.00117109,0.268474,-0.213053,0.00478476,0.00188715,-0.0129234,10.1236,1,0,0,0,0,0,-1,1,-9.04588e-07,-3.41781e-06,-0.212779,0,46.5573,1,1010,1010,1010,1010,0,0,0,0,0.210391,55,-0.0125391,-0.0121349,56,-0.0182529,0.000770273,55,-0.0217425,-0.0247866,26,-0.0292877,-0.0268238,11,-0.0147149,-0.0294673,44,0.00609763,-0.0195521,7,-0.0238394,-0.0171901,56,-0.0112401,-0.0182951,56,-0.0194242,-0.0244382
4706637102899,4706628051000,4706628051000,4706637095436,73729,9.04444,4706646428494,18.3775,1,10558,38552,0,0,1,0,0,0.020001,349,349,346,0.991404,2.58852,2.68034,0.528708,0.272687,0.153183,0.0354996,0.000312038,9.02469e-05,0.00596719,-0.0131562,1,0.00451212,-0.0156011,0.0156011,0.00451212,1,1,0.0124307,0.00367697,0.00317047,0.000835144,0,0,0,0,0,0,0,0,0,0,0,0,0,0,0,0,0,0,0,0,0,0,0,255,0.28,2.05355,0.28,0.0151194,-0.00414824,1,1,1,0,0,1,1,-0.331258,-3.19219,0.182665,0.0252906,0.000532341,0.1114,0.902008,9756,1,367,151.785,2439,0,0.000884653,0.0317996,0.0255737,0,0,0,1,346,0.285,0.000264707,7.65741e-05,2.18236e-05,-7.54414e-05,4.62641e-06,-7.81905e-05,-0.171729,0.0605116,-0.00121056,0.268556,-0.213196,0.00611785,0.00476032,-0.00956309,0.686284,2,0,0,0,0,0,-1,1,-9.04587e-07,-3.41781e-06,-0.21315,0,1.10436,1,1010,1010,1010,1010,0,0,0,0,10.0832,50,0.0141853,0.0016257,56,0.0120199,0.00505905,53,0.020347,0.00650716,20,0.0154091,0.00271012,13,0.0115283,0.00756023,36,0.0169681,0.00207229,6,0.00921542,-0.00120756,56,0.0183244,0.00446543,56,0.0178586,0.00630987
4706648110156,4706640031000,4706640031000,4706648089119,73729,8.05812,4706658974060,18.9431,0,10558,38553,0,0,1,0,0,0.01198,373,373,331,0.887399,2.55034,2.86332,0.528374,0.227464,0.0365601,0.0556946,3.61617e-05,9.94251e-05,0.00294759,-0.00306255,1,0.00829926,-0.0030185,0.0030185,0.00829926,1,1,0.000521204,0.00767007,0.0024973,0.000629188,0,0,0,0,0,0,0,0,0,0,0,0,0,0,0,0,0,0,0,0,0,0,0,255,0.27,2.86889,0.27,-0.157465,-0.0714931,1,1,1,1,0,1,1,-0.331258,-3.19219,0.182665,0.0252906,0.000532341,0.1114,13.4528,9756,1,367,164.336,2439,0,0.000884653,0.0317996,0.0255737,0,0,0,1,331,0.275,3.06821e-05,8.42617e-05,2.3172e-05,-8.43759e-06,2.00529e-05,-1.29742e-05,-0.171709,0.0604986,-0.00121056,0.268556,-0.213196,0.00303913,0.00346054,-0.00855682,13.2458,0,0,0,0,0,0,-1,1,-9.04587e-07,-3.41781e-06,-0.21315,0,13.6657,1,1010,1010,1010,1010,0,0,0,0,22.6445,40,0.020043,0.00634607,56,-0.00900714,0.00867898,55,0.00483053,0.00848214,10,-0.0188408,0.00979688,12,-0.00469467,0.00741706,46,-0.00650025,0.0106985,0,0,0,56,0.00976761,0.00890349,56,0.0103237,0.00881022
4706659495768,4706648054000,4706648054000,4706659475157,73729,11.4212,4706670638971,22.585,0,10558,38554,0,0,1,0,0,0.008023,355,353,350,0.991501,2.54245,2.99971,0.485412,0.241577,-0.0203552,-0.0288239,-5.41439e-05,-6.33975e-05,0.00249482,0.000743782,1,-0.00790197,0.00674859,-0.00674859,-0.00790197,1,1,-0.0071844,-0.00704308,0.000435816,-0.000858888,0,0,0,0,0,0,0,0,0,0,0,0,0,0,0,0,0,0,0,0,0,0,0,255,0.27,4.12024,0.27,-0.180838,-0.124401,1,1,1,1,1,1,1,-0.331258,-3.19219,0.182665,0.0252906,0.000532341,0.1114,25.1237,9756,1,367,176.007,2439,0,0.000884653,0.0317996,0.0255737,0,0,0,1,350,0.275,-4.60595e-05,-5.38134e-05,-1.47987e-05,1.26664e-05,-1.12692e-05,1.54e-05,-0.17172,0.060514,-0.00133311,0.268479,-0.213239,-0.00609199,-0.00472388,-0.00679118,11.4765,1,0,0,0,0,0,-1,1,-9.04587e-07,-3.41781e-06,-0.21315,0,25.3426,1,1010,1010,1010,1010,0,0,0,0,34.3214,48,-0.0282878,-0.0170318,56,0.0159423,-0.00905489,52,0.000626852,0.000622779,24,-0.00370901,-0.00817153,12,0.0151377,-0.0037926,42,-0.0342759,-0.0114468,7,0.0194752,-0.00757486,56,-0.00454462,-0.00937786,53,-0.0104023,-0.00728959
4706671162605,4706660023000,4706660023000,4706671139586,73729,11.1166,4706681541579,21.5186,0,10558,38555,0,0,1,0,0,0.011969,365,364,363,0.997253,2.57637,2.93169,0.530504,0.243391,-0.0169373,-0.045929,1.03402e-05,-0.000103366,0.0137435,0.00750291,1,-0.00863613,-0.000863918,0.000863918,-0.00863613,1,1,0.00133987,-0.00739846,-0.000475954,-0.00123767,0,0,0,0,0,0,0,0,0,0,0,0,0,0,0,0,0,0,0,0,0,0,0,255,0.28,5.56703,0.28,0.109832,0.0567995,1,1,1,1,0,1,1,-0.331258,-3.19219,0.182665,0.0252906,0.000532341,0.1114,36.045,9756,1,367,186.928,2439,0,0.000884653,0.0317996,0.0255737,0,0,0,1,363,0.285,8.80717e-06,-8.75573e-05,-2.49538e-05,-2.51004e-06,-2.40453e-05,2.63963e-06,-0.171744,0.0605167,-0.00142699,0.268444,-0.213291,-0.00881755,-0.00705473,-0.00488369,10.7037,1,0,0,0,0,0,-1,1,-9.04587e-07,-3.41781e-06,-0.21315,0,36.2714,1,1010,1010,1010,1010,0,0,0,0,45.2502,55,0.00564075,-0.00590349,56,-0.00123199,-0.0114037,53,-0.00934302,-0.00885542,25,-0.00176441,-0.00546109,11,-0.0130589,-0.00444652,45,0.0198697,-0.00688328,6,-0.00407301,-0.00349886,56,-0.00185418,-0.00990725,56,-0.00433188,-0.0127027
4706682130102,4706668060000,4706668060000,4706682103473,73729,14.0435,4706692103351,24.0434,0,10558,38556,0,0,1,0,0,0.008037,362,359,356,0.991643,2.63184,3.15456,0.474633,0.243779,-0.0133972,-0.0253067,-8.56318e-05,-5.30446e-05,-0.00389001,-0.00511487,1,-0.00660005,0.0106547,-0.0106547,-0.00660005,1,1,-0.0105602,-0.00550548,-9.45413e-05,-0.00109458,0,0,0,0,0,0,0,0,0,0,0,0,0,0,0,0,0,0,0,0,0,0,0,255,0.28,6.29635,0.28,0.161357,0.131091,1,1,1,1,0,1,1,-0.330382,-3.19277,0.184107,0.0288277,-0.00180739,0.111976,1.86781,9757,1,367,197.462,2439,0,0.000884653,0.0317996,0.0255737,0,0,0,1,356,0.285,-7.25949e-05,-4.49714e-05,-1.28168e-05,2.06896e-05,-7.70421e-06,2.28394e-05,-0.171752,0.0605395,-0.00157771,0.268371,-0.213412,-0.00573234,-0.00623909,-0.00415476,1.6689,2,0,0,0,0,0,-1,1,-9.04587e-07,-3.41781e-06,-0.213448,0,2.09257,1,1010,1010,1010,1010,0,0,0,0,2.09668,53,0.0045618,-0.0169042,56,-0.00574417,-0.00334875,49,0.00133131,-0.00209971,25,-0.00309526,-0.0186494,13,0.000236545,-0.0119421,41,-0.0306999,-0.0114105,7,-0.0242064,-0.0142448,56,-0.000582768,-0.00108146,56,-0.00413498,-0.00010239
4706692618077,4706680038000,4706680038000,4706692607059,73729,12.5691,4706703637390,23.5994,0,10558,38557,0,0,1,0,0,0.011978,361,361,360,0.99723,2.68352,2.6796,0.52543,0.247409,0.0284119,-0.0209351,1.29994e-05,-2.8783e-05,-0.00146313,0.00691883,1,-0.00240299,-0.00108527,0.00108527,-0.00240299,1,1,0.000984103,-0.00134891,0.000101172,-0.00105408,0,0,0,0,0,0,0,0,0,0,0,0,0,0,0,0,0,0,0,0,0,0,0,255,0.27,6.7695,0.27,-0.0797223,-0.0577621,1,1,1,1,0,1,1,-0.330382,-3.19277,0.184107,0.0288277,-0.00180739,0.111976,13.4382,9757,1,367,11.5493,2440,0,0.000884653,0.0342975,0.0263138,0,0,0,1,360,0.275,1.08836e-05,-2.44734e-05,-6.73019e-06,-2.993e-06,-6.97474e-06,-1.55097e-06,-0.171759,0.060538,-0.00157771,0.268371,-0.213412,-0.00461158,-0.00579744,-0.00413442,13.222,0,0,0,0,0,0,-1,1,-9.04587e-07,-3.41781e-06,-0.213448,0,13.6883,1,1010,1010,1010,1010,0,0,0,0,13.6924,53,-0.00923745,-0.00342374,56,0.010178,-0.00329448,54,0.0054678,-0.00349905,27,-0.00108611,-0.0104553,12,0.00999988,0.00060555,41,-0.0166853,0.00144915,5,-0.0144542,-0.0143848,56,0.004042,-0.00404195,56,0.00225521,-0.00281628
4706704282340,4706696064000,4706696064000,4706704275210,73729,8.21121,4706714269792,18.2058,1,10559,38558,0,0,1,0,0,0.016026,367,366,365,0.997268,2.56069,2.837,0.482449,0.247891,0.140198,0.178925,0.0002653,0.00030148,0.0100239,0.0108523,1,0.018812,-0.0165544,0.0165544,0.018812,1,1,0.0158418,0.0189338,0.000712519,-0.0001218,0,0,0,0,0,0,0,0,0,0,0,0,0,0,0,0,0,0,0,0,0,0,0,255,0.27,8.20192,0.27,-0.0744884,-0.0445031,1,1,1,1,0,1,1,-0.330382,-3.19277,0.184107,0.0288277,-0.00180739,0.111976,24.043,9757,1,367,22.1541,2440,0,0.000884653,0.0342975,0.0263138,0,0,0,1,365,0.275,0.000225075,0.000255606,7.02917e-05,-6.18957e-05,5.3149e-05,-7.48544e-05,-0.171706,0.0604631,-0.00160481,0.268435,-0.213469,-0.00131373,-0.000669897,-0.00418607,10.3883,1,0,0,0,0,0,-1,1,-9.04587e-07,-3.41781e-06,-0.213448,0,24.2651,1,1010,1010,1010,1010,0,0,0,0,24.2692,56,0.0185645,0.017484,55,0.00338719,0.0159274,51,0.0129434,0.0250234,28,0.0223614,0.0192651,16,0.0270461,0.0170202,42,0.0202314,0.0184966,5,0.0282946,0.0204576,56,0.0191858,0.0198594,56,0.0156753,0.0193181
4706716113215,4706708045000,4706708045000,4706716098715,73729,8.05372,4706726536615,18.4916,0,10559,38559,0,0,1,0,0,0.011981,369,369,367,0.99458,2.57009,2.85067,0.519263,0.249854,0.0406799,0.115097,3.28703e-05,0.000205921,-0.0101346,-0.00172517,1,0.0171873,-0.00274353,0.00274353,0.0171873,1,1,0.00242056,0.0166935,0.000322972,0.000493774,0,0,0,0,0,0,0,0,0,0,0,0,0,0,0,0,0,0,0,0,0,0,0,255,0.28,-0.227279,0.28,0.0452507,0.0442045,1,1,1,1,1,1,1,-0.330382,-3.19277,0.184107,0.0288277,-0.00180739,0.111976,36.3057,9757,1,367,34.4168,2440,0,0.000884653,0.0342975,0.0263138,0,0,0,1,367,0.285,2.79845e-05,0.0001746,4.97611e-05,-7.97559e-06,4.5203e-05,-1.79582e-05,-0.171661,0.0604451,-0.00159952,0.268524,-0.213441,0.00145324,0.00281451,-0.000310157,9.27724,2,0,0,0,0,0,-1,1,-9.04587e-07,-3.41781e-06,-0.213448,0,36.5318,1,1010,1010,1010,1010,0,0,0,0,36.5359,55,0.00824328,0.0172518,55,0.000540596,0.00895645,56,0.00781639,0.0206804,25,0.0133232,0.0162411,12,-0.00356323,0.027526,44,-0.0142253,0.0147304,8,-0.00854795,0.00510975,56,0.00444412,0.0190165,56,0.0103746,0.0268441
4706727140009,4706716074000,4706716074000,4706727116842,73729,11.0428,4706737757207,21.6832,0,10559,38560,0,0,1,0,0,0.008029,365,365,364,0.99726,2.56534,2.78413,0.467652,0.251595,0.0848236,0.121864,0.000151291,0.000222911,-0.0115472,0.00572987,1,0.0277633,-0.0188431,0.0188431,0.0277633,1,1,0.0193569,0.0279313,-0.000513823,-0.000168033,0,0,0,0,0,0,0,0,0,0,0,0,0,0,0,0,0,0,0,0,0,0,0,255,0.28,0.65582,0.28,0.250896,0.205921,1,1,1,1,0,1,1,-0.330382,-3.19277,0.184107,0.0288277,-0.00180739,0.111976,47.5256,9757,1,367,45.6369,2440,0,0.000884653,0.0342975,0.0263138,0,0,0,1,364,0.285,0.000128419,0.000189025,5.38722e-05,-3.65995e-05,4.30273e-05,-4.6773e-05,-0.171618,0.0603984,-0.00156696,0.268506,-0.213401,0.00389432,-0.000957787,0.00545849,11.0246,1,0,0,0,0,0,-1,1,-9.04587e-07,-3.41781e-06,-0.213448,0,47.7493,1,1010,1010,1010,1010,0,0,0,0,0.213446,55,0.0207046,0.0375416,56,0.0141565,0.0265156,51,0.0163598,0.0283469,29,0.0110018,0.0194327,14,0.0498696,0.0236397,39,0.0179946,0.0173029,8,0.00759529,0.0238857,56,0.0175,0.0361028,56,0.0180004,0.0293853
4706738287453,4706728048000,4706728048000,4706738266693,73729,10.2187,4706746894801,18.8468,0,10559,38561,0,0,1,0,0,0.011974,358,357,336,0.941176,2.60528,2.84587,0.471374,0.238613,0.0751343,0.0502853,0.000156486,6.28107e-05,0.00163649,0.0089753,1,0.00524559,-0.0130688,0.0130688,0.00524559,1,1,0.0136013,0.00541973,-0.000532508,-0.000174143,0,0,0,0,0,0,0,0,0,0,0,0,0,0,0,0,0,0,0,0,0,0,0,255,0.27,1.62464,0.27,-0.0245425,-0.0244048,1,1,1,0,0,1,1,-0.329356,-3.19364,0.18465,0.0321489,-0.00284349,0.113316,9.12633,9758,1,367,54.7774,2440,0,0.000884653,0.0342975,0.0263138,0,0,0,1,336,0.275,0.000132769,5.32541e-05,1.46449e-05,-3.65115e-05,6.08209e-06,-3.86769e-05,-0.171612,0.0603597,-0.00156696,0.268506,-0.213401,0.00389432,-0.000957787,0.00545849,20.1606,0,0,0,0,0,0,-1,1,-9.04587e-07,-3.41781e-06,-0.213418,0,0.18865,1,1010,1010,1010,1010,0,0,0,0,9.33169,37,0.0168627,0.0010333,55,0.00650442,-0.000723561,50,0.0124828,0.00797746,24,0.0119033,0.0128908,9,-0.00252046,0.0113724,40,0.0118697,0.0102796,9,0.0118762,0.00762082,56,0.010968,0.0045317,56,0.0121479,0.00692135
4706747419935,4706736067000,4706736067000,4706747398064,73729,11.3311,4706756998254,20.9313,0,10559,38562,0,0,1,0,0,0.008019,359,357,351,0.983193,2.56021,2.70506,0.578171,0.235928,0.0184326,-0.0419312,-4.13335e-05,-9.31865e-05,-0.00705663,0.0287671,1,-0.0116207,0.00515445,-0.00515445,-0.0116207,1,1,-0.00461061,-0.00887354,-0.000543839,-0.00274717,0,0,0,0,0,0,0,0,0,0,0,0,0,0,0,0,0,0,0,0,0,0,0,255,0.27,0.611487,0.27,-0.30739,-0.186886,1,1,1,1,0,1,1,-0.329356,-3.19364,0.18465,0.0321489,-0.00284349,0.113316,19.2279,9758,1,367,64.879,2440,0,0.000884653,0.0342975,0.0263138,0,0,0,1,351,0.275,-3.51037e-05,-7.90676e-05,-2.17436e-05,9.65352e-06,-1.84504e-05,1.38767e-05,-0.17163,0.0603736,-0.00168214,0.268085,-0.213445,0.00198942,-0.0151094,0.00398443,9.87206,2,0,0,0,0,0,-1,1,-9.04587e-07,-3.41781e-06,-0.213418,0,10.3102,1,1010,1010,1010,1010,0,0,0,0,19.4532,50,-0.00992291,-0.0149621,56,0.00137009,-0.012144,56,0.00652392,-0.00787848,24,0.00756939,-0.00991857,11,0.0359669,-0.0127916,41,-0.0140271,-0.0181193,1,0,0,56,-0.00431483,-0.011182,56,0.00165821,-0.0106917
4706757530685,4706748049000,4706748049000,4706757509703,73729,9.4607,4706768602535,20.5535,0,10559,38563,0,0,1,0,0,0.011982,364,362,361,0.997238,2.55252,2.7453,0.544005,0.246131,-0.00167847,-0.0984955,7.66506e-05,-0.000243859,0.0241893,0.0298313,1,-0.0203521,-0.00639714,0.00639714,-0.0203521,1,1,0.00601775,-0.0148089,0.000379391,-0.00554328,0,0,0,0,0,0,0,0,0,0,0,0,0,0,0,0,0,0,0,0,0,0,0,255,0.27,0.551264,0.27,-0.0100956,-0.0143225,1,1,1,1,0,1,1,-0.329356,-3.19364,0.18465,0.0321489,-0.00284349,0.113316,30.8323,9758,1,367,76.4834,2440,0,0.000884653,0.0342975,0.0263138,0,0,0,1,361,0.275,6.4872e-05,-0.000206735,-5.68522e-05,-1.78398e-05,-5.73533e-05,-5.81505e-06,-0.171687,0.0603678,-0.00182233,0.267774,-0.213584,-0.00578799,-0.030488,-0.00629971,11.41,1,0,0,0,0,0,-1,1,-9.04587e-07,-3.41781e-06,-0.213418,0,21.9135,1,1010,1010,1010,1010,0,0,0,0,31.0565,56,0.00385271,-0.0195997,55,0.00810286,-0.0254654,48,-0.00709811,-0.0219736,26,0.0033159,-0.0218222,12,0.00424634,-0.0182636,45,0.0134691,-0.0200704,7,0.0222276,0.000891687,56,0.00405804,-0.0107357,56,-0.00309328,-0.0227326
4706769154243,4706756069000,4706756069000,4706769133484,73729,13.0645,4706779263715,23.1947,0,10559,38564,0,0,1,0,0,0.00802,371,369,366,0.99187,2.56065,3.1066,0.495041,0.250373,-0.0220337,-0.0938034,-8.78529e-05,-0.000209078,0.0185061,0.0511922,1,-0.0260696,0.0109542,-0.0109542,-0.0260696,1,1,-0.0125297,-0.0195627,0.00157551,-0.00650691,0,0,0,0,0,0,0,0,0,0,0,0,0,0,0,0,0,0,0,0,0,0,0,255,0.27,2.03552,0.27,-0.00453512,0.00378026,1,1,1,1,1,1,1,-0.329356,-3.19364,0.18465,0.0321489,-0.00284349,0.113316,41.4965,9758,1,367,87.1476,2440,0,0.000884653,0.0342975,0.0263138,0,0,0,1,366,0.275,-7.46524e-05,-0.000177324,-4.87641e-05,2.05294e-05,-4.16162e-05,3.00405e-05,-0.171729,0.0603978,-0.00194726,0.26742,-0.213742,-0.00745881,-0.035788,-0.0128993,10.4683,1,0,0,0,0,0,-1,1,-9.04587e-07,-3.41781e-06,-0.213418,0,32.5831,1,1010,1010,1010,1010,0,0,0,0,41.7261,53,-0.0116836,-0.0338052,56,-0.00198225,-0.0290893,51,-0.00837799,-0.0277531,25,-0.0247789,-0.0304393,16,0.00505143,-0.0341291,47,-0.0110868,-0.0277405,6,-0.00297662,-0.030174,56,-0.00853088,-0.028509,56,-0.0172362,-0.0249208
4706779868757,4706768048000,4706768048000,4706779844331,73729,11.7963,4706791637780,23.5898,0,10559,38565,0,0,1,0,0,0.011979,373,372,365,0.981183,2.66756,3.37662,0.472356,0.253909,0.0421143,-0.0292969,2.74703e-05,-0.000123129,0.0114158,0.0458255,1,-0.0102787,-0.00229321,0.00229321,-0.0102787,1,1,0.000662126,-0.00491703,0.00163108,-0.00536167,0,0,0,0,0,0,0,0,0,0,0,0,0,0,0,0,0,0,0,0,0,0,0,255,0.27,2.56735,0.27,0.0121208,0.0257423,1,1,1,1,0,1,1,-0.328103,-3.19463,0.185337,0.0409442,-0.00657732,0.110787,1.54949,9759,1,367,99.5143,2440,0,0.000884653,0.0342975,0.0263138,0,0,0,1,365,0.275,2.31927e-05,-0.000104473,-2.873e-05,-6.37798e-06,-2.84312e-05,-3.55806e-07,-0.171757,0.0603974,-0.00186434,0.267006,-0.213724,0.00160293,-0.0294892,-0.00589441,1.36794,2,0,0,0,0,0,-1,1,-9.04587e-07,-3.41781e-06,-0.213766,0,1.78103,1,1010,1010,1010,1010,0,0,0,0,1.78475,51,-0.0095964,-0.0126625,55,0.00712885,-0.0155241,55,0.000528761,-0.00338684,30,0.0144671,-0.00805646,12,0.0190926,-0.00979976,40,-0.00529056,-0.0138357,10,0.0076521,-0.00897494,56,0.00628665,-0.0114545,56,-0.000884036,-0.0128561
4706792200951,4706776068000,4706776068000,4706792179840,73729,16.1118,4706801990291,25.9223,0,10559,38566,0,0,1,0,0,0.00802,361,360,357,0.991667,2.5855,2.82669,0.492578,0.247854,0.103271,0.0785522,0.000187155,9.22202e-05,0.0196082,0.0498258,1,0.0114988,-0.023336,0.023336,0.0114988,1,1,0.0221721,0.0160961,0.00116393,-0.00459727,0,0,0,0,0,0,0,0,0,0,0,0,0,0,0,0,0,0,0,0,0,0,0,255,0.27,4.65315,0.27,0.030634,0.0507594,1,1,1,1,0,1,1,-0.328103,-3.19463,0.185337,0.0409442,-0.00657732,0.110787,11.9319,9759,1,367,109.897,2440,0,0.000884653,0.0342975,0.0263138,0,0,0,1,357,0.275,0.000158698,7.81411e-05,2.14888e-05,-4.36418e-05,1.10203e-05,-4.70496e-05,-0.171746,0.0603504,-0.00186434,0.267006,-0.213724,0.0049241,-0.025285,-0.00118203,11.7227,0,0,0,0,0,0,-1,1,-9.04587e-07,-3.41781e-06,-0.213766,0,12.1534,1,1010,1010,1010,1010,0,0,0,0,12.1571,54,0.0304148,0.014624,56,0.0150259,0.0119834,49,0.0131198,0.0137543,29,0.02947,0.0108223,7,0.0489908,0.0177016,42,0.0316471,0.0138406,8,0.00261576,0.00459193,56,0.0257762,0.00554582,56,0.0188406,0.0112622
4706802565277,4706788057000,4706788057000,4706802542184,73729,14.4852,4706814826322,26.7693,0,10559,38567,0,0,1,0,0,0.011989,370,369,368,0.99729,2.63254,3.65972,0.466578,0.25215,0.0675812,0.145111,0.000123018,0.000243577,-0.00669058,0.0202,1,0.0203167,-0.0102609,0.0102609,0.0203167,1,1,0.0107222,0.0246265,-0.000461318,-0.00430976,0,0,0,0,0,0,0,0,0,0,0,0,0,0,0,0,0,0,0,0,0,0,0,255,0.27,4.72906,0.27,0.0117104,0.0520526,1,1,1,1,0,1,1,-0.328103,-3.19463,0.185337,0.0409442,-0.00657732,0.110787,24.7452,9759,1,367,122.71,2440,0,0.000884653,0.0342975,0.0263138,0,0,0,1,368,0.275,0.000104478,0.000206495,5.6786e-05,-2.87316e-05,4.74537e-05,-3.96954e-05,-0.171699,0.0603107,-0.00182751,0.266765,-0.213647,0.00507273,-0.0237037,0.00608798,12.6036,1,0,0,0,0,0,-1,1,-9.04587e-07,-3.41781e-06,-0.213766,0,24.9762,1,1010,1010,1010,1010,0,0,0,0,24.9799,56,0.0124594,0.0178593,56,0.0113831,0.00892761,52,0.0068935,0.0222342,32,0.00893989,0.0311761,13,-0.0065937,0.0159855,39,0.0172969,0.0223877,8,0.00906621,0.0345065,56,0.00678468,0.0184739,56,0.00685792,0.0273883
4706815397678,4706796102000,4706796102000,4706815374863,73729,19.2729,4706825358945,29.2569,0,10559,38568,0,0,1,0,0,0.008045,365,365,365,1,2.65893,2.82482,0.494912,0.247965,0.0440979,0.123962,3.21357e-05,0.000189841,0.000538964,0.0513239,1,0.0235974,-0.0039945,0.0039945,0.0235974,1,1,0.00425553,0.0288246,-0.000261034,-0.00522719,0,0,0,0,0,0,0,0,0,0,0,0,0,0,0,0,0,0,0,0,0,0,0,255,0.27,7.35649,0.27,0.00125933,0.0502131,1,1,1,1,0,1,1,-0.328103,-3.19463,0.185337,0.0409442,-0.00657732,0.110787,35.2741,9759,1,367,133.239,2440,0,0.000884653,0.0342975,0.0263138,0,0,0,1,365,0.275,2.73034e-05,0.000160946,4.42601e-05,-7.50844e-06,4.01387e-05,-1.63922e-05,-0.171659,0.0602943,-0.00181881,0.266456,-0.213662,0.00390834,-0.0287495,0.00427522,10.3216,1,0,0,0,0,0,-1,1,-9.04587e-07,-3.41781e-06,-0.213766,0,35.4956,1,1010,1010,1010,1010,0,0,0,0,35.4993,56,-0.000145378,0.023273,56,0.00177802,0.0125166,54,0.00153158,0.0326066,28,0.00807373,0.0173932,10,-0.00893073,0.0395215,44,-0.0101395,0.0195981,5,-0.0382874,0.0104702,56,0.00841839,0.0300591,56,0.00238437,0.0273204
4706825927821,4706816065000,4706816065000,4706825916395,73729,9.8514,4706837327340,21.2623,1,10560,38569,0,0,1,0,0,0.019963,355,355,352,0.991549,2.62195,2.81167,0.441263,0.24628,0.0141296,0.0451431,4.51859e-05,-9.67002e-05,0.0180364,0.0667354,1,-0.00484397,-0.00226348,0.00226348,-0.00484397,1,1,0.000215899,0.0034727,0.00204758,-0.00831667,0,0,0,0,0,0,0,0,0,0,0,0,0,0,0,0,0,0,0,0,0,0,0,255,0.27,7.9971,0.27,-0.00312323,0.0288884,1,1,1,1,1,1,1,-0.328103,-3.19463,0.185337,0.0409442,-0.00657732,0.110787,47.2426,9759,1,367,145.208,2440,0,0.000884653,0.0342975,0.0263138,0,0,0,1,352,0.275,3.81566e-05,-8.21642e-05,-2.25952e-05,-1.04931e-05,-2.35297e-05,-5.62451e-06,-0.171682,0.0602887,-0.00202826,0.265386,-0.213992,-0.00269168,-0.0457417,-0.0111627,11.7371,2,0,0,0,0,0,-1,1,-9.04587e-07,-3.41781e-06,-0.213766,0,47.464,1,1010,1010,1010,1010,0,0,0,0,0.208835,54,-0.00132629,-0.00180336,56,-0.00478795,-0.0127305,51,-0.00585844,0.00127386,27,0.00702857,0.00296909,11,0.024091,0.000533119,36,0.0373651,0.00048173,5,0.023418,-0.000192102,56,0.00199759,-0.00288446,56,-0.0101928,-0.00639844
4706837920141,4706828039000,4706828039000,4706837905474,73729,9.86647,4706848922509,20.8835,0,10560,38570,0,0,1,0,0,0.011974,362,361,354,0.980609,2.57826,2.92075,0.518319,0.247279,0.00306702,-0.139977,4.73754e-05,-0.000332575,0.0311543,0.0407816,1,-0.0277748,-0.00395653,0.00395653,-0.0277748,1,1,0.00100446,-0.0182011,0.00295207,-0.00957366,0,0,0,0,0,0,0,0,0,0,0,0,0,0,0,0,0,0,0,0,0,0,0,255,0.27,-0.33367,0.27,0.215297,0.182404,1,1,1,0,0,1,1,-0.32662,-3.19558,0.186293,0.042333,-0.00734049,0.115608,11.5784,9760,1,367,156.802,2440,0,0.000884653,0.0342975,0.0263138,0,0,0,1,354,0.275,4.00754e-05,-0.00028199,-7.75473e-05,-1.10207e-05,-7.54603e-05,5.12104e-06,-0.171758,0.0602938,-0.00202826,0.265386,-0.213992,-0.00533938,-0.0526551,-0.0172606,23.3141,0,0,0,0,0,0,-1,1,-9.04587e-07,-3.41781e-06,-0.214347,0,0.195038,1,1010,1010,1010,1010,0,0,0,0,11.7901,54,0.0106726,-0.0319279,56,-0.00139728,-0.0332723,48,-0.00237408,-0.0317688,28,-0.00485589,-0.0273784,12,0.0115262,-0.0297238,38,-0.00309533,-0.0292241,6,-0.00505872,-0.0150543,56,0.00423152,-0.028371,56,-0.00499393,-0.0264834
4706849396495,4706836090000,4706836090000,4706849384754,73729,13.2948,4706859468911,23.3789,0,10560,38571,0,0,1,0,0,0.008051,367,367,367,1,2.56048,3.19579,0.521393,0.248594,-0.0231323,-0.232468,-7.2255e-05,-0.000554571,0.0510238,0.111202,1,-0.0688823,0.00897466,-0.00897466,-0.0688823,1,1,-0.0149314,-0.0556794,0.00595677,-0.0132029,0,0,0,0,0,0,0,0,0,0,0,0,0,0,0,0,0,0,0,0,0,0,0,255,0.27,0.989953,0.27,-0.22726,-0.17422,1,1,1,1,0,1,1,-0.32662,-3.19558,0.186293,0.042333,-0.00734049,0.115608,22.1284,9760,1,367,167.352,2440,0,0.000884653,0.0342975,0.0263138,0,0,0,1,367,0.275,-6.16546e-05,-0.000470344,-0.000129345,1.6955e-05,-0.000118398,4.31778e-05,-0.171876,0.060337,-0.00245883,0.263831,-0.21475,-0.00958768,-0.0726162,-0.0338799,10.3147,2,0,0,0,0,0,-1,1,-9.04587e-07,-3.41781e-06,-0.214347,0,10.7611,1,1010,1010,1010,1010,0,0,0,0,22.3562,56,-0.022729,-0.0676121,56,0.0222559,-0.0786439,53,-0.0108185,-0.0599834,27,0.00538909,-0.0643741,15,0.00810244,-0.0660198,42,-0.0172154,-0.0680286,6,0.0437235,-0.047759,56,-0.00357858,-0.0666979,56,-0.0209866,-0.0770959
4706860030212,4706848036000,4706848036000,4706859990100,73729,11.9541,4706870853745,22.8177,0,10560,38572,0,0,1,0,0,0.011946,358,357,356,0.997199,2.55791,3.14503,0.493078,0.244428,-0.0322418,-0.233086,1.3544e-05,-0.000631267,0.0618605,0.0633096,1,-0.0528433,-0.00113377,0.00113377,-0.0528433,1,1,-0.00860042,-0.0371192,0.00973419,-0.0157242,0,0,0,0,0,0,0,0,0,0,0,0,0,0,0,0,0,0,0,0,0,0,0,255,0.27,1.44981,0.27,-0.0299243,-0.00883502,1,1,1,1,0,1,1,-0.32662,-3.19558,0.186293,0.042333,-0.00734049,0.115608,33.5186,9760,1,367,178.742,2440,0,0.000884653,0.0342975,0.0263138,0,0,0,1,356,0.275,1.12303e-05,-0.00053527,-0.000147199,-3.08832e-06,-0.000139514,2.73605e-05,-0.172016,0.0603643,-0.00278277,0.262945,-0.21538,-0.0163679,-0.0864829,-0.0559247,11.189,1,0,0,0,0,0,-1,1,-9.04587e-07,-3.41781e-06,-0.214347,0,22.1481,1,1010,1010,1010,1010,0,0,0,0,33.7431,55,-0.00547525,-0.053243,56,0.00670469,-0.0680675,50,-0.00140803,-0.0525099,28,0.000278394,-0.0476611,12,0.00948994,-0.0474855,38,-0.00208406,-0.0533391,5,0.00486573,-0.04188,56,-0.00168227,-0.0460394,56,-0.00700832,-0.0552886
4706871384601,4706856093000,4706856093000,4706871372453,73729,15.2795,4706881317720,25.2247,0,10560,38573,0,0,1,0,0,0.008057,358,358,356,0.994413,2.56332,2.96182,0.471522,0.244799,0.0292816,-0.264229,0.000149448,-0.000720743,0.119644,0.159045,1,-0.0894555,-0.0185489,0.0185489,-0.0894555,1,1,0.00511058,-0.0731836,0.0134383,-0.0162719,0,0,0,0,0,0,0,0,0,0,0,0,0,0,0,0,0,0,0,0,0,0,0,255,0.27,2.65191,0.27,0.0302052,0.0225056,1,1,1,1,0,1,1,-0.32662,-3.19558,0.186293,0.042333,-0.00734049,0.115608,43.977,9760,1,367,189.201,2440,0,0.000884653,0.0342975,0.0263138,0,0,0,1,356,0.275,0.000126386,-0.000611145,-0.000168065,-3.47562e-05,-0.000165977,8.51108e-07,-0.172182,0.0603652,-0.00300401,0.262072,-0.216089,-0.0134357,-0.0894955,-0.0698772,10.2404,1,0,0,0,0,0,-1,1,-9.04587e-07,-3.41781e-06,-0.214347,0,32.6067,1,1010,1010,1010,1010,0,0,0,0,44.2017,56,0.0102465,-0.0903902,55,-0.00319056,-0.090726,45,-0.00145668,-0.0840548,28,0.0219828,-0.0789776,12,0.0269442,-0.0877246,42,0.0822371,-0.0893815,6,0.0340526,-0.065075,56,0.0267364,-0.0855345,56,-0.00250536,-0.101362
4706881850206,4706868045000,4706868045000,4706881836595,73729,13.7916,4706893633117,25.5881,0,10560,38574,0,0,1,0,0,0.011952,360,360,356,0.988889,2.59698,3.19734,0.565097,0.243854,0.181122,-0.14045,0.000338372,-0.000467025,0.0665575,0.085126,1,-0.039075,-0.0283109,0.0283109,-0.039075,1,1,0.0116472,-0.0254232,0.0166637,-0.0136519,0,0,0,0,0,0,0,0,0,0,0,0,0,0,0,0,0,0,0,0,0,0,0,255,0.27,2.92315,0.27,0.0497787,0.0651946,1,1,1,1,1,1,1,-0.325056,-3.19654,0.187564,0.0526419,-0.0142801,0.113148,2.29593,9761,1,367,201.51,2440,0,0.000884653,0.0342975,0.0263138,0,0,0,1,356,0.275,0.000286809,-0.000396049,-0.000108913,-7.88724e-05,-0.000119692,-5.43753e-05,-0.172301,0.0603108,-0.00263098,0.26081,-0.217021,0.0123762,-0.0750852,-0.0634195,2.12022,2,0,0,0,0,0,-1,1,-9.04587e-07,-3.41781e-06,-0.217081,0,2.52156,1,1010,1010,1010,1010,0,0,0,0,2.52585,53,0.0286291,-0.0461267,55,0.0141334,-0.0386345,56,0.025221,-0.035192,26,0.0290479,-0.0350926,10,0.0437176,-0.0377883,38,0.0298459,-0.0345244,6,0.0726464,-0.0150124,56,0.0365165,-0.0377901,56,0.0261185,-0.0387597
4706894219400,4706888043000,4706888043000,4706894210085,73729,6.16709,4706904112907,16.0699,1,10561,38575,0,0,1,0,0,0.019998,353,351,350,0.997151,2.55602,3.00101,0.513356,0.240705,0.812027,0.239182,0.00148962,0.00011474,0.0536404,0.091388,1,0.0057376,-0.0744885,0.0744885,0.0057376,1,1,0.0575421,0.0179591,0.0169464,-0.0122215,0,0,0,0,0,0,0,0,0,0,0,0,0,0,0,0,0,0,0,0,0,0,0,255,0.27,5.12689,0.27,0.0785346,0.0997514,1,1,1,2,0,1,1,-0.325056,-3.19654,0.187564,0.0526419,-0.0142801,0.113148,12.8143,9761,1,367,10.5108,2441,0,0.000884653,0.0357319,0.0261038,0,0,0,1,350,0.275,0.00126342,9.71638e-05,2.67201e-05,-0.000347439,-4.93699e-05,-0.000344898,-0.172351,0.0599659,-0.00263098,0.26081,-0.217021,0.0239116,-0.0672182,-0.055435,12.5662,0,0,0,0,0,0,-1,1,-9.04587e-07,-3.41781e-06,-0.217081,0,13.0313,1,1010,1010,1010,1010,0,0,0,0,13.0356,56,0.0757395,-0.0057377,56,0.0533593,-0.00626246,48,0.0788801,0.0147406,26,0.0840279,0.0117473,10,0.109515,0.0222433,38,0.080937,0.0140111,4,0.0978591,0.0124844,56,0.0827317,0.0101549,56,0.069537,0.0145616
4706904688875,4706896058000,4706896058000,4706904675153,73729,8.61715,4706914043637,17.9856,0,10561,38576,0,0,1,0,0,0.008015,370,370,369,0.997297,2.55793,2.95508,0.473504,0.251483,0.613068,0.20903,0.00100542,0.000296045,0.0310259,0.138587,1,0.0369363,-0.125442,0.125442,0.0369363,1,1,0.109584,0.0466627,0.0158581,-0.00972635,0,0,0,0,0,0,0,0,0,0,0,0,0,0,0,0,0,0,0,0,0,0,0,255,0.27,5.43003,0.27,0.0973963,0.108953,1,1,1,1,0,1,1,-0.325056,-3.19654,0.187564,0.0526419,-0.0142801,0.113148,22.7383,9761,1,367,20.4347,2441,0,0.000884653,0.0357319,0.0261038,0,0,0,1,369,0.275,0.00085285,0.000250903,6.89984e-05,-0.000234534,1.47108e-05,-0.000243415,-0.172336,0.0597225,-0.00201833,0.260356,-0.217092,0.04744,-0.0534949,-0.0318236,9.68658,1,0,0,0,0,0,-1,1,-9.04587e-07,-3.41781e-06,-0.217081,0,22.9653,1,1010,1010,1010,1010,0,0,0,0,22.9696,56,0.140506,0.0244625,55,0.100668,0.0249898,56,0.121849,0.0503226,32,0.141962,0.0252433,11,0.175942,0.0574921,41,0.100014,0.0403968,6,0.131924,0.0222714,56,0.144335,0.0565963,56,0.134852,0.0486989
4706914605234,4706908039000,4706908039000,4706914591604,73729,6.5526,4706923569604,15.5306,0,10561,38577,0,0,1,0,0,0.011981,358,358,357,0.997207,2.59169,2.91447,0.48856,0.24341,0.553589,0.106506,0.000918328,5.60072e-05,0.00687682,0.0974152,1,0.00467467,-0.0766487,0.0766487,0.00467467,1,1,0.0623581,0.014835,0.0142906,-0.0101603,0,0,0,0,0,0,0,0,0,0,0,0,0,0,0,0,0,0,0,0,0,0,0,255,0.27,4.25813,0.27,0.0270691,0.0669726,1,1,1,2,0,1,1,-0.325056,-3.19654,0.187564,0.0526419,-0.0142801,0.113148,32.2682,9761,1,367,29.9645,2441,0,0.000884653,0.0357319,0.0261038,0,0,0,1,357,0.275,0.000779015,4.73851e-05,1.30309e-05,-0.000214229,-3.37737e-05,-0.000211929,-0.17237,0.0595106,-0.00142878,0.259752,-0.217119,0.0588143,-0.0558818,-0.0158271,9.29,1,0,0,0,0,0,-1,1,-9.04587e-07,-3.41781e-06,-0.217081,0,32.4882,1,1010,1010,1010,1010,0,0,0,0,32.4925,55,0.0649766,-0.0021976,56,0.0708557,-0.0118081,48,0.0800802,0.0179371,25,0.0903121,0.0131071,15,0.0671581,0.00751113,39,0.0935109,0.0163472,7,0.0869407,0.00260104,56,0.0847169,0.00611867,56,0.0726413,0.0141801
4706924180998,4706916058000,4706916058000,4706924167257,73729,8.10926,4706933294499,17.2365,0,10561,38578,0,0,1,0,0,0.008019,353,353,351,0.994334,2.5561,2.88352,0.446392,0.24128,0.401611,-0.020401,0.00064497,-0.000192436,0.0516505,0.173079,1,-0.0239975,-0.0804303,0.0804303,-0.0239975,1,1,0.0682194,-0.0114874,0.0122109,-0.0125101,0,0,0,0,0,0,0,0,0,0,0,0,0,0,0,0,0,0,0,0,0,0,0,255,0.27,4.58102,0.27,0.0182252,0.0508072,1,1,1,1,0,1,1,-0.325056,-3.19654,0.187564,0.0526419,-0.0142801,0.113148,41.9881,9761,1,367,39.6844,2441,0,0.000884653,0.0357319,0.0261038,0,0,0,1,351,0.275,0.00054697,-0.000163285,-4.49033e-05,-0.000150417,-7.47602e-05,-0.000137537,-0.172445,0.059373,-0.00107611,0.259029,-0.217207,0.0500736,-0.0688057,-0.0136691,9.48941,1,0,0,0,0,0,-1,1,-9.04587e-07,-3.41781e-06,-0.217081,0,42.2119,1,1010,1010,1010,1010,0,0,0,0,42.2162,56,0.0844573,-0.0450958,56,0.0558546,-0.043271,53,0.0804742,-0.0179062,21,0.08758,-0.0203831,12,0.129233,-0.0227906,34,0.0908719,-0.0101172,7,0.116208,-0.0126162,56,0.0969361,-0.0183446,56,0.0740414,-0.0193492
4706933860429,4706924120000,4706924120000,4706933845688,73729,9.72569,4706944246700,20.1267,0,10561,38579,0,0,1,0,0,0.008062,357,356,341,0.957865,2.59169,3.32542,0.502597,0.241483,0.203918,-0.160858,0.000357855,-0.000485789,0.0558672,0.171636,1,-0.0602566,-0.0443879,0.0443879,-0.0602566,1,1,0.0341145,-0.0452503,0.0102734,-0.0150064,0,0,0,0,0,0,0,0,0,0,0,0,0,0,0,0,0,0,0,0,0,0,0,255,0.27,4.02157,0.27,-0.00733884,0.0345904,1,1,1,1,1,1,1,-0.325056,-3.19654,0.187564,0.0526419,-0.0142801,0.113148,52.913,9761,1,367,50.6093,2441,0,0.000884653,0.0357319,0.0261038,0,0,0,1,341,0.275,0.000303392,-0.000411961,-0.000113289,-8.34329e-05,-0.000124934,-5.78428e-05,-0.17257,0.0593152,-0.00101392,0.258162,-0.21744,0.0269896,-0.082535,-0.0236113,10.7222,1,0,0,0,0,0,-1,1,-9.04587e-07,-3.41781e-06,-0.21783,0,0.20065,1,1010,1010,1010,1010,0,0,0,0,0.206298,56,0.0381679,-0.0743173,56,0.0192308,-0.0915916,46,0.0372661,-0.0525454,21,0.0610945,-0.06066,14,0.0612824,-0.038268,39,0.0404834,-0.0547916,10,0.105287,-0.0233831,56,0.0528825,-0.046516,43,0.0343914,-0.0530034
4706944820853,4706936051000,4706936051000,4706944806260,73729,8.75526,4706955350921,19.2999,0,10561,38580,0,0,1,0,0,0.011931,363,362,360,0.994475,2.84443,2.88395,0.495467,0.24341,-0.00489807,-0.327431,-3.91795e-05,-0.000868559,0.0660599,0.136099,1,-0.0727985,0.00328384,-0.00328384,-0.0727985,1,1,-0.0115119,-0.0547411,0.00822801,-0.0180574,0,0,0,0,0,0,0,0,0,0,0,0,0,0,0,0,0,0,0,0,0,0,0,255,0.27,4.94821,0.27,-0.0302608,0.0345122,1,1,1,1,0,1,1,-0.323809,-3.19712,0.188127,0.0472735,-0.00887506,0.127357,11.0916,9762,1,367,61.7164,2441,0,0.000884653,0.0357319,0.0261038,0,0,0,1,360,0.275,-3.3711e-05,-0.000736585,-0.000202561,9.27054e-06,-0.000189274,5.13834e-05,-0.172759,0.0593666,-0.00127928,0.257105,-0.217801,-0.00178986,-0.0993156,-0.0376351,10.9024,1,0,0,0,0,0,-1,1,-9.04587e-07,-3.41781e-06,-0.21783,0,11.3108,1,1010,1010,1010,1010,0,0,0,0,11.3164,55,-0.00436373,-0.0764805,56,0.0115038,-0.0774523,49,-0.011129,-0.0726505,32,-0.00497638,-0.0528844,11,0.0138899,-0.0664253,39,-0.00451882,-0.067561,6,0.00993266,-0.0444677,56,-0.00672312,-0.0692252,56,-0.0143152,-0.0731978
4706955886740,4706944082000,4706944082000,4706955872592,73729,11.7906,4706966003934,21.9219,0,10561,38581,0,0,1,0,0,0.008031,356,356,353,0.991573,2.54685,2.96965,0.529523,0.239521,-0.136993,-0.435959,-0.000175835,-0.00107122,0.109858,0.234126,1,-0.133386,0.0218946,-0.0218946,-0.133386,1,1,-0.0263361,-0.111664,0.00444151,-0.0217216,0,0,0,0,0,0,0,0,0,0,0,0,0,0,0,0,0,0,0,0,0,0,0,255,0.27,5.66408,0.27,-0.0173996,0.00717333,1,1,1,1,0,1,1,-0.323809,-3.19712,0.188127,0.0472735,-0.00887506,0.127357,21.7429,9762,1,367,72.368,2441,0,0.000884653,0.0357319,0.0261038,0,0,0,1,353,0.275,-0.000149667,-0.000908425,-0.000249817,4.11584e-05,-0.000227112,9.25819e-05,-0.172986,0.0594592,-0.00208143,0.254698,-0.218468,-0.0336843,-0.119469,-0.0464901,10.4218,2,0,0,0,0,0,-1,1,-9.04587e-07,-3.41781e-06,-0.21783,0,21.9608,1,1010,1010,1010,1010,0,0,0,0,21.9664,55,-0.0627425,-0.139564,54,-0.018858,-0.174455,45,-0.0459037,-0.135773,30,-0.0252335,-0.118251,12,0.012143,-0.118111,38,0.0401016,-0.128529,7,0.0712311,-0.0707701,56,-0.0310168,-0.132337,56,-0.0549449,-0.154381
4706966532068,4706956051000,4706956051000,4706966517290,73729,10.4663,4706977400991,21.35,0,10561,38582,0,0,1,0,0,0.011969,356,355,336,0.946479,2.55741,2.96865,0.54419,0.233872,-0.0159454,-0.418159,4.77302e-05,-0.00102993,0.0694492,0.161038,1,-0.0860499,-0.00398782,0.00398782,-0.0860499,1,1,0.00178696,-0.0650289,0.00220085,-0.0210211,0,0,0,0,0,0,0,0,0,0,0,0,0,0,0,0,0,0,0,0,0,0,0,255,0.27,6.34098,0.27,0.0304263,0.0553627,1,1,1,1,0,1,1,-0.323809,-3.19712,0.188127,0.0472735,-0.00887506,0.127357,33.1393,9762,1,367,83.7641,2441,0,0.000884653,0.0357319,0.0261038,0,0,0,1,336,0.275,4.01688e-05,-0.000873393,-0.000240183,-1.10464e-05,-0.000229358,3.95987e-05,-0.173215,0.0594988,-0.0020442,0.253708,-0.218443,-0.0204134,-0.115616,-0.0260145,11.1844,1,0,0,0,0,0,-1,1,-9.04587e-07,-3.41781e-06,-0.21783,0,33.3533,1,1010,1010,1010,1010,0,0,0,0,33.359,56,-0.0130112,-0.0940518,55,-0.00712348,-0.105875,40,-0.0112669,-0.0889812,30,0.0155635,-0.0798237,7,-0.00410029,-0.0642271,39,0.0179126,-0.0830824,8,-0.0117993,-0.074254,56,0.000702033,-0.0841441,45,-0.0119596,-0.0895155
4706977938217,4706964102000,4706964102000,4706977924569,73729,13.8226,4706987573722,23.4717,0,10561,38583,0,0,1,0,0,0.008051,349,349,343,0.982808,2.55454,2.86413,0.527708,0.236965,0.213684,-0.205948,0.000233373,-0.000544922,0.0344429,0.217853,1,-0.0676838,-0.0289868,0.0289868,-0.0676838,1,1,0.0294534,-0.0502521,-0.000466593,-0.0174317,0,0,0,0,0,0,0,0,0,0,0,0,0,0,0,0,0,0,0,0,0,0,0,255,0.27,7.58091,0.27,0.0801023,0.0867701,1,1,1,1,0,1,1,-0.323809,-3.19712,0.188127,0.0472735,-0.00887506,0.127357,43.3138,9762,1,367,93.9387,2441,0,0.000884653,0.0357319,0.0261038,0,0,0,1,343,0.275,0.000197786,-0.000462183,-0.0001271,-5.43912e-05,-0.000131885,-2.64802e-05,-0.173347,0.0594723,-0.00181867,0.252963,-0.218112,0.00182088,-0.0958742,0.00350971,9.95493,1,0,0,0,0,0,-1,1,-9.04587e-07,-3.41781e-06,-0.21783,0,43.5265,1,1010,1010,1010,1010,0,0,0,0,0.201854,53,0.0109203,-0.0831914,53,0.0285463,-0.0898128,46,0.0253155,-0.0640074,26,0.0578769,-0.0536922,10,0.0397532,-0.0578532,37,0.026037,-0.0663756,6,0.0554116,-0.0411388,56,0.0413899,-0.0525496,56,0.0213955,-0.0599361
4706988136412,4706976051000,4706976051000,4706988121486,73729,12.0705,4706998733351,22.6824,0,10561,38584,0,0,1,0,0,0.011949,342,340,337,0.991176,2.53578,2.83269,0.499912,0.23278,0.307892,0.104431,0.000404798,-2.63354e-05,-0.00219212,0.144159,1,-0.00220398,-0.0338772,0.0338772,-0.00220398,1,1,0.0343438,0.0152277,-0.000466593,-0.0174317,0,0,0,0,0,0,0,0,0,0,0,0,0,0,0,0,0,0,0,0,0,0,0,255,0.27,7.62838,0.27,0.0673423,0.13009,1,1,1,1,1,1,1,-0.322433,-3.19772,0.189234,0.0589275,-0.0132185,0.121782,9.62747,9763,1,367,105.098,2441,0,0.000884653,0.0357319,0.0261038,0,0,0,1,337,0.275,0.000343273,-2.2619e-05,-6.22022e-06,-9.44e-05,-2.62645e-05,-9.08694e-05,-0.173373,0.0593814,-0.00181867,0.252963,-0.218112,0.00182088,-0.0958742,0.00350971,21.1215,0,0,0,0,0,0,-1,1,-9.04587e-07,-3.41781e-06,-0.217674,0,9.84841,1,1010,1010,1010,1010,0,0,0,0,11.3699,53,0.0286972,-0.00384817,46,0.0212561,-2.78079e-05,49,0.0307573,-0.00763698,24,0.0387437,0.00835872,10,0.0700023,0.00392687,37,0.0351802,0.000858468,6,0.0646886,0.00474452,56,0.0340854,0.00215973,56,0.0215759,0.00040983
4706999310078,4706984082000,4706984082000,4706999294559,73729,15.2126,4707009229548,25.1475,0,10561,38585,0,0,1,0,0,0.008031,344,344,344,1,2.52513,3.07941,0.519912,0.237372,0.284363,0.121475,0.000409273,6.91977e-05,-0.00271031,0.185016,1,0.00861633,-0.0509617,0.0509617,0.00861633,1,1,0.0561661,0.0241192,-0.0052044,-0.0155029,0,0,0,0,0,0,0,0,0,0,0,0,0,0,0,0,0,0,0,0,0,0,0,255,0.27,8.65664,0.27,0.0557275,0.123287,1,1,1,1,0,1,1,-0.322433,-3.19772,0.189234,0.0589275,-0.0132185,0.121782,20.1246,9763,1,367,115.595,2441,0,0.000884653,0.0357319,0.0261038,0,0,0,1,344,0.275,0.000347205,5.84962e-05,1.60864e-05,-9.54815e-05,-5.33448e-06,-9.66023e-05,-0.173379,0.0592848,-0.0013454,0.251306,-0.21725,0.0138502,-0.0852661,0.0339795,10.2688,2,0,0,0,0,0,-1,1,-9.04587e-07,-3.41781e-06,-0.217674,0,20.3368,1,1010,1010,1010,1010,0,0,0,0,21.8583,56,0.0642153,-0.00454422,42,0.0418834,-0.0218473,56,0.0377458,0.00200761,23,0.0716285,0.0406548,12,0.0847136,0.03669,36,0.0651899,0.0130501,7,0.0624012,0.0389262,56,0.0473772,0.0311199,56,0.033277,0.0193343
4707009758386,4706996089000,4706996089000,4707009743034,73729,13.654,4707022769011,26.68,0,10561,38586,0,0,1,0,0,0.012007,353,353,352,0.997167,2.57972,3.16097,0.545764,0.24678,0.230743,-0.0352478,0.000230746,-0.000168201,-0.009193,0.160764,1,-0.0140086,-0.0192176,0.0192176,-0.0140086,1,1,0.0238746,0.00407804,-0.00465698,-0.0180866,0,0,0,0,0,0,0,0,0,0,0,0,0,0,0,0,0,0,0,0,0,0,0,255,0.27,8.93572,0.27,0.014694,0.0914855,1,1,1,1,0,1,1,-0.322433,-3.19772,0.189234,0.0589275,-0.0132185,0.121782,33.6622,9763,1,367,129.133,2441,0,0.000884653,0.0357319,0.0261038,0,0,0,1,352,0.275,0.000195714,-0.000142819,-3.92753e-05,-5.38214e-05,-4.87341e-05,-4.43659e-05,-0.173427,0.0592404,-0.00131678,0.250269,-0.217092,0.00693894,-0.0994763,0.0260419,13.3438,1,0,0,0,0,0,-1,1,-9.04587e-07,-3.41781e-06,-0.217674,0,33.8802,1,1010,1010,1010,1010,0,0,0,0,35.4016,56,0.0124478,-0.0195005,42,0.00143137,-0.0333078,56,0.0141745,-0.00823253,29,0.0340008,-0.0203075,12,0.0334222,0.00506637,35,0.050627,-0.00635974,10,0.0354661,-0.00670574,56,0.0285959,-0.00714293,56,0.00174739,-0.00941434
4707023253663,4707004076000,4707004076000,4707023240663,73729,19.1647,4707032431998,28.356,0,10561,38587,0,0,1,0,0,0.007987,325,325,323,0.993846,2.55782,2.6576,0.433244,0.221039,0.142914,-0.124878,9.86434e-05,-0.000420795,0.0355534,0.234208,1,-0.052685,-0.0123505,0.0123505,-0.052685,1,1,0.0143681,-0.0316988,-0.00201765,-0.0209862,0,0,0,0,0,0,0,0,0,0,0,0,0,0,0,0,0,0,0,0,0,0,0,255,0.27,2.10524,0.27,0.00682303,0.0689833,1,1,1,1,0,1,1,-0.322433,-3.19772,0.189234,0.0589275,-0.0132185,0.121782,43.3526,9763,1,367,138.823,2441,0,0.000884653,0.0357319,0.0261038,0,0,0,1,323,0.275,8.3474e-05,-0.00035704,-9.8186e-05,-2.29553e-05,-9.78589e-05,-1.91617e-06,-0.173525,0.0592385,-0.00149691,0.249069,-0.217157,-0.00760839,-0.115424,0.00279094,9.47874,1,0,0,0,0,0,-1,1,-9.04587e-07,-3.41781e-06,-0.217674,0,43.5627,1,1010,1010,1010,1010,0,0,0,0,45.0841,56,0.0102248,-0.0548696,37,0.0319742,-0.0827922,56,0.0030293,-0.0552446,22,0.0244288,-0.0198611,7,-0.00389631,-0.0408934,29,0.0138882,-0.0549738,4,0.0667692,-0.0175412,56,0.0152634,-0.0430094,56,-0.00522762,-0.04776
4707033009225,4707024069000,4707024069000,4707033000336,73729,8.93134,4707043965074,19.8961,1,10562,38588,0,0,1,0,0,0.019993,343,343,306,0.892128,2.55424,3.35295,0.509133,0.217187,0.0291138,-0.406677,2.53182e-05,-0.00137715,0.0611312,0.160278,1,-0.0688817,-0.00126635,0.00126635,-0.0688817,1,1,-0.000660979,-0.0457933,0.00192733,-0.0230884,0,0,0,0,0,0,0,0,0,0,0,0,0,0,0,0,0,0,0,0,0,0,0,255,0.27,1.69344,0.27,0.00578114,0.0730634,1,1,1,1,0,1,1,-0.320946,-3.19814,0.190649,0.0569254,-0.0093631,0.123852,3.06065,9764,1,367,150.326,2441,0,0.000884653,0.0357319,0.0261038,0,0,0,1,306,0.275,2.11805e-05,-0.0011678,-0.000321146,-5.82463e-06,-0.000305352,6.14906e-05,-0.173831,0.0593,-0.00172187,0.246614,-0.217419,-0.0143936,-0.126986,-0.0199951,2.89571,2,0,0,0,0,0,-1,1,-9.04587e-07,-3.41781e-06,-0.217459,0,3.33342,1,1010,1010,1010,1010,0,0,0,0,3.33777,36,-0.00670315,-0.08716,44,-0.0057294,-0.089678,56,0.000719132,-0.0772424,18,0.0276662,-0.045225,7,-0.00408298,-0.0455119,28,0.00834544,-0.0655471,5,0.00479877,-0.0381849,56,-0.00110348,-0.0534197,56,-0.0136584,-0.0644076
4707044541653,4707036050000,4707036050000,4707044530134,73729,8.48013,4707054891794,18.8418,0,10562,38589,0,0,1,0,0,0.011981,335,334,333,0.997006,2.57202,2.70041,0.432911,0.231094,0.130127,-0.146027,0.000134333,-0.000532888,0.0365859,0.170751,1,-0.0444777,-0.0112122,0.0112122,-0.0444777,1,1,0.00870741,-0.0228648,0.00250477,-0.021613,0,0,0,0,0,0,0,0,0,0,0,0,0,0,0,0,0,0,0,0,0,0,0,255,0.27,3.08047,0.27,0.0352134,0.106061,1,1,1,1,1,1,1,-0.320946,-3.19814,0.190649,0.0569254,-0.0093631,0.123852,13.9908,9764,1,367,161.256,2441,0,0.000884653,0.0357319,0.0261038,0,0,0,1,333,0.275,0.000113699,-0.000452103,-0.000124328,-3.12673e-05,-0.000124493,-4.52986e-06,-0.173955,0.0592955,-0.00160679,0.245528,-0.217333,0.000409486,-0.118871,-0.0106934,9.22313,1,0,0,0,0,0,-1,1,-9.04587e-07,-3.41781e-06,-0.217459,0,14.2001,1,1010,1010,1010,1010,0,0,0,0,14.2045,56,0.0115311,-0.0511899,39,-0.0130609,-0.0700371,56,0.00871858,-0.0407014,19,0.00687557,-0.0246081,8,0.0189883,-0.0405893,35,0.0200647,-0.0411098,8,0.0404295,-0.0240546,56,0.0163157,-0.0430824,56,-0.00393642,-0.0415565
4707055488891,4707044144000,4707044144000,4707055474558,73729,11.3306,4707064620522,20.4765,0,10562,38590,0,0,1,0,0,0.008094,340,340,336,0.988235,2.53261,2.78958,0.510375,0.233594,0.187073,-0.0974503,0.000133309,-0.000389809,0.0176194,0.262914,1,-0.0481603,-0.0164701,0.0164701,-0.0481603,1,1,0.0139653,-0.0265473,0.00250477,-0.021613,0,0,0,0,0,0,0,0,0,0,0,0,0,0,0,0,0,0,0,0,0,0,0,255,0.27,3.84905,0.27,0.0521826,0.108965,1,1,1,1,0,1,1,-0.320946,-3.19814,0.190649,0.0569254,-0.0093631,0.123852,23.722,9764,1,367,170.988,2441,0,0.000884653,0.0357319,0.0261038,0,0,0,1,336,0.275,0.000112949,-0.000330809,-9.09725e-05,-3.1061e-05,-9.28541e-05,-1.13051e-05,-0.174048,0.0592842,-0.00160679,0.245528,-0.217333,0.000409486,-0.118871,-0.0106934,18.9302,0,0,0,0,0,0,-1,1,-9.04587e-07,-3.41781e-06,-0.217459,0,23.9566,1,1010,1010,1010,1010,0,0,0,0,23.961,54,0.0117721,-0.0747349,54,0.00598217,-0.0723737,56,0.0164504,-0.0401055,16,0.0589165,-0.019762,6,0.0437642,-0.0231412,32,0.0363561,-0.0380313,6,0.0536984,-0.0392369,56,0.0311691,-0.0416151,56,0.000185916,-0.0449119
4707065178267,4707056078000,4707056078000,4707065165841,73729,9.08784,4707074714253,18.6363,0,10562,38591,0,0,1,0,0,0.011934,337,337,335,0.994065,2.56911,2.71221,0.437171,0.261854,0.155426,-0.258102,0.000166322,-0.000637586,0.0253112,0.147858,1,-0.053426,-0.0139368,0.0139368,-0.053426,1,1,0.0138535,-0.0314456,8.32682e-05,-0.0219803,0,0,0,0,0,0,0,0,0,0,0,0,0,0,0,0,0,0,0,0,0,0,0,255,0.27,3.36684,0.27,0.0252469,0.094736,1,1,1,1,0,1,1,-0.320946,-3.19814,0.190649,0.0569254,-0.0093631,0.123852,33.8166,9764,1,367,181.082,2441,0,0.000884653,0.0357319,0.0261038,0,0,0,1,335,0.275,0.000140947,-0.000540685,-0.000148688,-3.87603e-05,-0.000149223,-6.76612e-06,-0.174197,0.0592774,-0.00156276,0.244279,-0.217174,0.00433913,-0.120892,0.00310493,9.79582,1,0,0,0,0,0,-1,1,-9.04587e-07,-3.41781e-06,-0.217459,0,34.0316,1,1010,1010,1010,1010,0,0,0,0,34.036,55,0.0192429,-0.0625747,55,0.0152113,-0.0750105,51,0.00723759,-0.0591959,16,0.0159117,-0.0388944,4,0.0139675,-0.04566,34,0.0107317,-0.0538491,8,0.051081,-0.0122769,56,0.00983724,-0.043875,56,0.00455077,-0.0489573
4707075243535,4707064079000,4707064079000,4707075229849,73729,11.1508,4707084517426,20.4384,0,10562,38592,0,0,1,0,0,0.008001,340,340,333,0.979412,2.53885,2.85095,0.593709,0.228428,0.15509,-0.340942,7.47283e-05,-0.000825707,0.033503,0.301225,1,-0.1032,-0.00933987,0.00933987,-0.1032,1,1,0.0106649,-0.0789404,-0.00132501,-0.02426,0,0,0,0,0,0,0,0,0,0,0,0,0,0,0,0,0,0,0,0,0,0,0,255,0.27,3.28482,0.27,0.0258155,0.0633611,1,1,1,1,0,1,1,-0.320946,-3.19814,0.190649,0.0569254,-0.0093631,0.123852,43.6184,9764,1,367,190.884,2441,0,0.000884653,0.0357319,0.0261038,0,0,0,1,333,0.275,6.30941e-05,-0.000700333,-0.000192591,-1.73509e-05,-0.000186283,2.33113e-05,-0.174384,0.0593007,-0.00150463,0.242875,-0.217045,0.00277928,-0.13343,0.00805348,9.60499,1,0,0,0,0,0,-1,1,-9.04587e-07,-3.41781e-06,-0.217459,0,43.8386,1,1010,1010,1010,1010,0,0,0,0,43.843,54,-0.00886058,-0.120941,52,0.0168596,-0.126762,55,0.00828048,-0.107624,14,-0.00149703,-0.0729091,7,-0.00685599,-0.0869251,32,0.0365303,-0.100496,7,0.0814104,-0.0734017,56,0.0215802,-0.0979974,56,-0.0199083,-0.110781
4707085061541,4707076097000,4707076097000,4707085048375,73729,8.95137,4707096756323,20.6593,0,10562,38593,0,0,1,0,0,0.012018,339,339,334,0.985251,2.60963,3.25286,0.586561,0.232576,0.141495,-0.18763,0.000161479,-0.000582659,0.0332158,0.157678,1,-0.0484822,-0.0134365,0.0134365,-0.0484822,1,1,0.0141794,-0.0248414,-0.000742987,-0.0236409,0,0,0,0,0,0,0,0,0,0,0,0,0,0,0,0,0,0,0,0,0,0,0,255,0.27,2.93749,0.27,0.0173488,0.11066,1,1,1,1,0,1,1,-0.319561,-3.19844,0.191746,0.0609212,-0.00723337,0.12379,5.65308,9765,1,367,203.117,2441,0,0.000884653,0.0357319,0.0261038,0,0,0,1,334,0.275,0.000136845,-0.000494259,-0.000135921,-3.76323e-05,-0.000137002,-8.35653e-06,-0.174521,0.0592924,-0.00134334,0.240498,-0.216811,0.0032103,-0.130025,0.00583738,5.47527,2,0,0,0,0,0,-1,1,-9.04587e-07,-3.41781e-06,-0.216841,0,5.8764,1,1010,1010,1010,1010,0,0,0,0,5.88055,55,0.0115766,-0.0609047,52,-0.0205867,-0.0472635,56,0.0172233,-0.0541787,17,0.0315659,-0.0231023,7,0.028501,-0.0303657,29,0.0200378,-0.0419638,6,0.0322695,-0.0214083,56,0.0163429,-0.0414537,56,0.00406392,-0.0437991
4707097267679,4707084077000,4707084077000,4707097256030,73729,13.179,4707107377873,23.3009,0,10562,38594,0,0,1,0,0,0.00798,338,337,316,0.937685,2.84537,3.20301,0.487449,0.222798,0.127899,-0.0479279,-6.96522e-06,-0.000260556,-0.00743972,0.275878,1,-0.0326511,0.000872835,-0.000872835,-0.0326511,1,1,-0.000134508,-0.0112201,-0.000738327,-0.021431,0,0,0,0,0,0,0,0,0,0,0,0,0,0,0,0,0,0,0,0,0,0,0,255,0.27,5.00587,0.27,0.0237656,0.135822,1,1,1,1,1,1,1,-0.319561,-3.19844,0.191746,0.0609212,-0.00723337,0.12379,16.2762,9765,1,367,10.5944,2442,0,0.000884653,0.0366694,0.0271169,0,0,0,1,316,0.275,-5.82444e-06,-0.000221168,-6.08212e-05,1.60172e-06,-5.73627e-05,1.42597e-05,-0.174578,0.0593066,-0.00109328,0.239413,-0.216549,0.0114545,-0.11787,0.0124122,10.4251,1,0,0,0,0,0,-1,1,-9.04587e-07,-3.41781e-06,-0.216841,0,16.4836,1,1010,1010,1010,1010,0,0,0,0,16.4877,39,0.0140595,-0.0494638,52,-0.0324695,-0.0424452,56,0.0128788,-0.0307065,16,0.0538758,0.00195906,5,0.000463785,-0.0177456,30,0.00796457,-0.0228443,6,0.0515158,-0.0134894,56,0.0039975,-0.0322342,56,-0.0207921,-0.0231398
4707107938859,4707096051000,4707096051000,4707107923007,73729,11.872,4707118847393,22.7964,0,10562,38595,0,0,1,0,0,0.011974,329,329,324,0.984802,2.52028,2.76378,0.501597,0.228113,0.20224,-0.0788956,0.000186063,-0.000289968,0.0195636,0.182865,1,-0.0242164,-0.0155389,0.0155389,-0.0242164,1,1,0.0171808,-0.00273253,-0.00164194,-0.0214839,0,0,0,0,0,0,0,0,0,0,0,0,0,0,0,0,0,0,0,0,0,0,0,255,0.27,5.40249,0.27,0.0226968,0.130509,1,1,1,1,0,1,1,-0.319561,-3.19844,0.191746,0.0609212,-0.00723337,0.12379,27.7462,9765,1,367,22.0645,2442,0,0.000884653,0.0366694,0.0271169,0,0,0,1,324,0.275,0.000157688,-0.000246106,-6.7679e-05,-4.33643e-05,-7.35303e-05,-2.82501e-05,-0.174651,0.0592784,-0.00074321,0.23826,-0.216172,0.0216072,-0.118161,0.0245103,11.2903,1,0,0,0,0,0,-1,1,-9.04587e-07,-3.41781e-06,-0.216841,0,27.951,1,1010,1010,1010,1010,0,0,0,0,27.9552,54,0.015742,-0.0344587,53,3.85542e-05,-0.0599454,55,0.0089171,-0.0212711,12,0.0403143,-0.00310123,6,0.0193991,-0.00392023,26,0.00885943,-0.0124658,6,0.0513294,0.00437935,56,0.0243548,-0.00562402,56,0.000668522,-0.0131361
4707119361730,4707104070000,4707104070000,4707119348582,73729,15.2786,4707128756493,24.6865,0,10562,38596,0,0,1,0,0,0.008019,330,329,305,0.927052,2.53226,3.07419,0.444263,0.219335,0.213928,0.0141296,0.000159652,-0.000260875,-0.00901991,0.253588,1,-0.0325321,-0.0199092,0.0199092,-0.0325321,1,1,0.0228606,-0.00966886,-0.00295142,-0.0228632,0,0,0,0,0,0,0,0,0,0,0,0,0,0,0,0,0,0,0,0,0,0,0,255,0.27,6.78155,0.27,0.0280393,0.115168,1,1,1,1,0,1,1,-0.319561,-3.19844,0.191746,0.0609212,-0.00723337,0.12379,37.6585,9765,1,367,31.9768,2442,0,0.000884653,0.0366694,0.0271169,0,0,0,1,305,0.275,0.000135354,-0.00022148,-6.0907e-05,-3.72224e-05,-6.57974e-05,-2.36834e-05,-0.174717,0.0592547,-0.000460953,0.236997,-0.215786,0.0244729,-0.125748,0.0325646,9.73101,1,0,0,0,0,0,-1,1,-9.04587e-07,-3.41781e-06,-0.216841,0,37.8641,1,1010,1010,1010,1010,0,0,0,0,37.8682,34,-0.0125676,-0.0529932,54,0.0139589,-0.0351904,52,0.0272324,-0.0465007,14,0.0662368,-0.0234334,4,0.0350326,-0.0233282,28,0.062695,-0.019504,7,0.0523269,-0.00568353,56,0.0209538,-0.0295562,56,0.00224129,-0.0335134
4707129269904,4707116077000,4707116077000,4707129256219,73729,13.1792,4707140342495,24.2655,0,10562,38597,0,0,1,0,0,0.012007,321,320,318,0.99375,2.51719,2.85791,0.593338,0.225909,0.113083,-0.231651,5.98437e-05,-0.000680608,0.0123329,0.180893,1,-0.0566842,-0.00498407,0.00498407,-0.0566842,1,1,0.00806889,-0.0305587,-0.00308482,-0.0261255,0,0,0,0,0,0,0,0,0,0,0,0,0,0,0,0,0,0,0,0,0,0,0,255,0.26,6.52337,0.26,-0.0681986,0.0153999,1,1,1,1,0,1,1,-0.319561,-3.19844,0.191746,0.0609212,-0.00723337,0.12379,49.2403,9765,1,367,43.5585,2442,0,0.000884653,0.0366694,0.0271169,0,0,0,1,318,0.265,5.0733e-05,-0.000577295,-0.000152983,-1.34442e-05,-0.000148189,1.86884e-05,-0.174865,0.0592734,-0.000345495,0.235583,-0.215582,0.017348,-0.138465,0.0269581,11.4004,1,0,0,0,0,0,-1,1,-9.04587e-07,-3.41781e-06,-0.21562,0,0.152501,1,1010,1010,1010,1010,0,0,0,0,0.156519,55,0.00589756,-0.0579819,55,-0.0110034,-0.0658918,45,0.0095432,-0.0602409,14,0.0237342,-0.0225764,5,0.0066485,-0.036897,25,0.00988973,-0.0545594,7,0.0299741,-0.0241656,56,0.00630275,-0.0494006,56,-0.0124548,-0.0555001
4707140865592,4707132086000,4707132086000,4707140856555,73729,8.77055,4707149953519,17.8675,1,10563,38598,0,0,1,0,0,0.016009,328,328,292,0.890244,2.55835,3.26532,0.519449,0.207094,-0.236359,-0.623627,-0.000620156,-0.00208959,0.0550511,0.230534,1,-0.130526,0.038738,-0.038738,-0.130526,1,1,-0.0373875,-0.102871,-0.00135049,-0.027655,0,0,0,0,0,0,0,0,0,0,0,0,0,0,0,0,0,0,0,0,0,0,0,255,0.27,7.92986,0.27,0.0177821,0.107638,1,1,1,2,0,1,1,-0.318392,-3.1984,0.192437,0.0527908,0.00494706,0.127,9.57362,9766,1,367,53.1831,2442,0,0.000884653,0.0366694,0.0271169,0,0,0,1,292,0.275,-0.000526289,-0.00177172,-0.000487223,0.00014473,-0.000432017,0.000242778,-0.175297,0.0595162,-0.000445303,0.234047,-0.215609,0.00255537,-0.152102,0.00798643,9.398,1,0,0,0,0,0,-1,1,-9.04587e-07,-3.41781e-06,-0.21562,0,9.76514,1,1010,1010,1010,1010,0,0,0,0,9.76915,35,-0.0503233,-0.138139,43,-0.0233564,-0.152068,48,-0.0281643,-0.156955,12,-0.0570318,-0.0811133,6,-0.040085,-0.099647,29,-0.0464798,-0.129598,7,-0.0100365,-0.0794228,56,-0.0508745,-0.116709,56,-0.0658573,-0.133894
4707152113722,4707144061000,4707144061000,4707152101647,73729,8.04065,4707161926635,17.8656,0,10563,38599,0,0,1,0,0,0.011975,324,324,321,0.990741,2.5503,2.98701,0.496912,0.22002,-0.241318,-0.47348,-0.000475704,-0.00116061,0.0549653,0.171465,1,-0.0969198,0.0397247,-0.0397247,-0.0969198,1,1,-0.0398985,-0.0671397,0.000173705,-0.0297801,0,0,0,0,0,0,0,0,0,0,0,0,0,0,0,0,0,0,0,0,0,0,0,255,0.26,9.04733,0.26,-0.203232,-0.102532,1,1,1,1,1,1,1,-0.318392,-3.1984,0.192437,0.0527908,0.00494706,0.127,21.5563,9766,1,367,65.1653,2442,0,0.000884653,0.0366694,0.0271169,0,0,0,1,321,0.265,-0.000403813,-0.000984339,-0.00026085,0.000107011,-0.000225063,0.00015886,-0.175522,0.059675,-0.000610474,0.23249,-0.215689,-0.0111797,-0.157834,-0.00968028,11.7489,1,0,0,0,0,0,-1,1,-9.04587e-07,-3.41781e-06,-0.21562,0,21.7701,1,1010,1010,1010,1010,0,0,0,0,21.7741,56,-0.054663,-0.0956434,53,-0.0291075,-0.0996426,51,-0.0348492,-0.108664,14,0.0183208,-0.064452,8,-0.0405317,-0.0888476,21,-0.0365557,-0.0983638,6,0.0157994,-0.0484587,56,-0.0449699,-0.0837668,56,-0.060141,-0.0981294
4707162538474,4707152074000,4707152074000,4707162522900,73729,10.4489,4707172251109,20.1771,0,10563,38600,0,0,1,0,0,0.008013,308,308,301,0.977273,2.54859,2.8795,0.456559,0.213113,-0.201538,-0.324203,-0.00033405,-0.000908373,0.0560267,0.22274,1,-0.113362,0.0416885,-0.0416885,-0.113362,1,1,-0.0419403,-0.0847651,0.000251783,-0.0285973,0,0,0,0,0,0,0,0,0,0,0,0,0,0,0,0,0,0,0,0,0,0,0,255,0.26,-0.854192,0.26,-0.0255638,0.0876153,1,1,1,1,0,1,1,-0.318392,-3.1984,0.192437,0.0527908,0.00494706,0.127,31.8847,9766,1,367,75.4937,2442,0,0.000884653,0.0366694,0.0271169,0,0,0,1,301,0.265,-0.00028348,-0.000770386,-0.000204152,7.51222e-05,-0.000178062,0.000115898,-0.175701,0.0597909,-0.000587981,0.231137,-0.215596,-0.00913889,-0.151566,-0.00837867,10.1213,1,0,0,0,0,0,-1,1,-9.04587e-07,-3.41781e-06,-0.21562,0,32.0871,1,1010,1010,1010,1010,0,0,0,0,32.0912,55,-0.0390984,-0.104431,50,-0.050779,-0.124649,38,-0.0349348,-0.11964,10,-0.0438409,-0.0361788,6,-0.0773173,-0.0843281,22,-0.0197071,-0.118679,8,-0.0042686,-0.0707013,56,-0.0451739,-0.0974977,56,-0.0718369,-0.115771
4707172856096,4707164070000,4707164070000,4707172842855,73729,8.77285,4707182319266,18.2493,0,10563,38601,0,0,1,0,0,0.011996,315,314,305,0.971338,2.57169,2.70582,0.488189,0.215039,-0.101532,-0.119995,-0.000311319,-0.000546377,0.0109166,0.183244,1,-0.0455466,0.0259519,-0.0259519,-0.0455466,1,1,-0.0234551,-0.0195898,-0.00249684,-0.0259568,0,0,0,0,0,0,0,0,0,0,0,0,0,0,0,0,0,0,0,0,0,0,0,255,0.26,-0.68845,0.26,-0.00198433,0.137667,1,1,1,1,0,1,1,-0.318392,-3.1984,0.192437,0.0527908,0.00494706,0.127,41.9556,9766,1,367,85.5649,2442,0,0.000884653,0.0366694,0.0271169,0,0,0,1,305,0.265,-0.000264095,-0.000463499,-0.000122827,6.99852e-05,-0.000101894,9.39131e-05,-0.175802,0.0598848,-0.000394393,0.229966,-0.215224,0.00191698,-0.137571,0.0121202,9.86225,1,0,0,0,0,0,-1,1,-9.04587e-07,-3.41781e-06,-0.21562,0,42.17,1,1010,1010,1010,1010,0,0,0,0,42.1741,48,-0.0201015,-0.043423,55,-0.0215665,-0.0556088,40,-0.0200924,-0.0519328,16,-0.00963291,-0.0194388,6,-0.00313714,-0.0415449,21,-0.00117442,-0.0379854,7,-0.0209842,-0.0356736,56,-0.025767,-0.040475,56,-0.0473026,-0.049135
4707182864696,4707172083000,4707172083000,4707182851011,73729,10.768,4707192958038,20.875,0,10563,38602,0,0,1,0,0,0.008013,302,302,263,0.870861,2.5635,2.91684,0.440485,0.192187,-0.0421448,0.0927429,-0.000262676,-0.000157435,-0.0424535,0.213228,1,-0.0196474,0.0327812,-0.0327812,-0.0196474,1,1,-0.0275385,0.00273915,-0.00524267,-0.0223866,0,0,0,0,0,0,0,0,0,0,0,0,0,0,0,0,0,0,0,0,0,0,0,255,0.26,-0.841841,0.26,-0.0115175,0.154356,1,1,1,1,0,1,1,-0.317319,-3.1982,0.192715,0.0572319,0.00236004,0.118168,1.69618,9767,1,367,96.1692,2442,0,0.000884653,0.0366694,0.0271169,0,0,0,1,263,0.265,-0.000222616,-0.000133679,-3.54249e-05,5.89934e-05,-2.11762e-05,6.4979e-05,-0.175824,0.0599498,0.00048206,0.227796,-0.214179,0.0265532,-0.118649,0.0434715,1.54781,2,0,0,0,0,0,-1,1,-9.04587e-07,-3.41781e-06,-0.214168,0,1.88418,1,1010,1010,1010,1010,0,0,0,0,1.88831,54,-0.0247365,-0.0324065,54,-0.0282718,-0.0441366,12,-0.0106321,-0.0357838,9,0.0222237,0.00242935,6,-0.052215,0.00435069,10,-0.0420757,-0.0143072,7,0.0471234,0.012091,56,-0.0302731,-0.000750463,55,-0.0385505,-0.00293447
4707193397598,4707184063000,4707184063000,4707193386264,73729,9.32326,4707203473403,19.4104,0,10563,38603,0,0,1,0,0,0.01198,305,305,298,0.977049,2.56243,2.56054,0.498634,0.248354,0.100937,0.0270081,8.95817e-05,-0.000264164,0.0172752,0.144129,1,-0.0220504,-0.00747761,0.00747761,-0.0220504,1,1,0.0128502,-0.000253679,-0.00537264,-0.0217967,0,0,0,0,0,0,0,0,0,0,0,0,0,0,0,0,0,0,0,0,0,0,0,255,0.26,-0.45417,0.26,-0.00527901,0.128777,1,1,1,1,0,1,1,-0.317319,-3.1982,0.192715,0.0572319,0.00236004,0.118168,12.2437,9767,1,367,106.717,2442,0,0.000884653,0.0366694,0.0271169,0,0,0,1,298,0.265,7.59697e-05,-0.000224083,-5.9382e-05,-2.0132e-05,-6.08073e-05,-7.3762e-06,-0.175884,0.0599424,0.00048206,0.227796,-0.214179,0.0333016,-0.115523,0.0494212,12.0519,0,0,0,0,0,0,-1,1,-9.04587e-07,-3.41781e-06,-0.214168,0,12.4527,1,1010,1010,1010,1010,0,0,0,0,12.4568,50,0.00519046,-0.0120948,55,0.000178906,-0.0446208,40,0.00479919,-0.0286407,10,-0.0258866,0.0168494,4,-0.00340323,0.00369843,19,0.00449598,-0.0229519,8,0.00862319,0.00987557,56,0.00916992,-0.0122146,56,-0.00682368,-0.0184557
4707204067259,4707192088000,4707192088000,4707204053278,73729,11.9653,4707213929285,21.8413,0,10563,38604,0,0,1,0,0,0.008025,317,317,314,0.990536,2.84593,3.07643,0.518671,0.222039,-0.0138855,-0.0937576,-3.93919e-05,-0.000397969,0.0212219,0.220044,1,-0.0495911,0.00490865,-0.00490865,-0.0495911,1,1,-0.00117612,-0.027131,-0.00373253,-0.0224601,0,0,0,0,0,0,0,0,0,0,0,0,0,0,0,0,0,0,0,0,0,0,0,255,0.26,0.00987,0.26,-0.0301971,0.104972,1,1,1,1,1,1,1,-0.317319,-3.1982,0.192715,0.0572319,0.00236004,0.118168,22.6865,9767,1,367,117.16,2442,0,0.000884653,0.0366694,0.0271169,0,0,0,1,314,0.265,-3.34386e-05,-0.000337657,-8.9479e-05,8.86123e-06,-8.33212e-05,2.71695e-05,-0.175968,0.0599696,0.000706799,0.226611,-0.213926,0.0296329,-0.119039,0.0395322,10.2399,1,0,0,0,0,0,-1,1,-9.04587e-07,-3.41781e-06,-0.214168,0,22.891,1,1010,1010,1010,1010,0,0,0,0,22.8952,55,-0.0211765,-0.0463725,54,-0.00743384,-0.0882368,49,-0.0156256,-0.0662683,14,0.0535629,0.0360381,4,-0.0146711,-0.0212728,18,0.0342412,-0.0399432,8,0.0385922,0.00421685,56,-0.0175639,-0.0333018,56,-0.039477,-0.0448609
4707214505086,4707204070000,4707204070000,4707214490326,73729,10.4203,4707224736318,20.6663,0,10563,38605,0,0,1,0,0,0.011982,314,314,313,0.996815,2.59556,2.69487,0.580375,0.215354,-0.154938,-0.165955,-0.000332888,-0.000528801,0.0269866,0.151206,1,-0.0441329,0.0277824,-0.0277824,-0.0441329,1,1,-0.0264438,-0.0204256,-0.00133856,-0.0237073,0,0,0,0,0,0,0,0,0,0,0,0,0,0,0,0,0,0,0,0,0,0,0,255,0.26,0.321855,0.26,-0.0524227,0.101218,1,1,1,1,0,1,1,-0.317319,-3.1982,0.192715,0.0572319,0.00236004,0.118168,33.4833,9767,1,367,127.957,2442,0,0.000884653,0.0366694,0.0271169,0,0,0,1,313,0.265,-0.000282443,-0.000448571,-0.000118871,7.48475e-05,-9.73259e-05,9.77363e-05,-0.176065,0.0600673,0.000657544,0.225308,-0.213916,0.011294,-0.125649,0.0147107,10.6063,1,0,0,0,0,0,-1,1,-9.04587e-07,-3.41781e-06,-0.214168,0,33.69,1,1010,1010,1010,1010,0,0,0,0,33.6942,51,-0.024288,-0.0369194,55,-0.0178911,-0.0536424,55,-0.0202054,-0.0558001,10,-0.0442363,-0.0442334,6,0.0102928,-0.0392389,16,-0.0275635,-0.0396177,8,0.00870516,-0.0183232,56,-0.0311348,-0.0373559,56,-0.0452535,-0.0425157
4707225271063,4707212092000,4707212092000,4707225257248,73729,13.1652,4707234127951,22.036,0,10563,38606,0,0,1,0,0,0.008022,314,314,311,0.990446,2.53182,2.6083,0.490226,0.262687,-0.196625,-0.176636,-0.000399682,-0.000656224,0.0530204,0.227137,1,-0.0818031,0.0498233,-0.0498233,-0.0818031,1,1,-0.0496049,-0.0570267,-0.000218407,-0.0247764,0,0,0,0,0,0,0,0,0,0,0,0,0,0,0,0,0,0,0,0,0,0,0,255,0.26,0.915267,0.26,-0.0576941,0.083454,1,1,1,1,0,1,1,-0.317319,-3.1982,0.192715,0.0572319,0.00236004,0.118168,42.9037,9767,1,367,137.377,2442,0,0.000884653,0.0366694,0.0271169,0,0,0,1,311,0.265,-0.000339198,-0.000556657,-0.000147514,8.98875e-05,-0.000121448,0.000118381,-0.176187,0.0601857,0.000450272,0.224016,-0.21401,-0.00819277,-0.131315,-0.00562817,9.21409,1,0,0,0,0,0,-1,1,-9.04587e-07,-3.41781e-06,-0.214168,0,43.1082,1,1010,1010,1010,1010,0,0,0,0,43.1123,56,-0.0596234,-0.0743207,46,-0.0304584,-0.100486,50,-0.0351891,-0.101006,14,-0.00402782,-0.0507539,7,-0.0614066,-0.0673632,17,-0.0538799,-0.0781711,9,0.0157336,-0.0220185,56,-0.052503,-0.0708746,56,-0.0852943,-0.0854461
4707234681733,4707224062000,4707224062000,4707234667140,73729,10.6051,4707245760268,21.6983,0,10563,38607,0,0,1,0,0,0.01197,299,298,296,0.993289,2.57032,3.56008,0.439299,0.210891,-0.178085,-0.245422,-0.000245267,-0.000827241,0.0638079,0.143839,1,-0.0691095,0.0204901,-0.0204901,-0.0691095,1,1,-0.0202959,-0.0425801,-0.000194213,-0.0265294,0,0,0,0,0,0,0,0,0,0,0,0,0,0,0,0,0,0,0,0,0,0,0,255,0.26,0.174427,0.26,-0.0179916,0.091759,1,1,1,1,0,1,1,-0.316358,-3.19821,0.193124,0.0504371,-0.0048986,0.122092,4.37972,9768,1,367,148.974,2442,0,0.000884653,0.0366694,0.0271169,0,0,0,1,296,0.265,-0.000208349,-0.00070151,-0.0001859,5.52124e-05,-0.000165497,9.24862e-05,-0.176352,0.0602782,0.000228506,0.221183,-0.214096,-0.0153393,-0.140606,-0.011448,4.22202,2,0,0,0,0,0,-1,1,-9.04587e-07,-3.41781e-06,-0.214091,0,4.57639,1,1010,1010,1010,1010,0,0,0,0,4.58124,49,-0.0383413,-0.0662485,41,0.0122463,-0.112009,45,-0.0274623,-0.0891778,14,-0.00666906,-0.0436271,8,-0.0262115,-0.0480384,18,-0.0338152,-0.0727655,9,0.0037268,-0.0269737,56,-0.0302864,-0.061533,56,-0.0375794,-0.0697996
4707246254235,4707232090000,4707232090000,4707246240643,73729,14.1506,4707254681842,22.5918,0,10563,38608,0,0,1,0,0,0.008028,285,284,277,0.975352,2.51754,2.54489,0.407615,0.198743,-0.057251,-0.240356,-0.000257198,-0.000897803,0.038506,0.272748,1,-0.111834,0.0320376,-0.0320376,-0.111834,1,1,-0.0345899,-0.0856108,0.0025523,-0.0262232,0,0,0,0,0,0,0,0,0,0,0,0,0,0,0,0,0,0,0,0,0,0,0,255,0.26,1.58022,0.26,0.00165117,0.0708196,1,1,1,1,0,1,1,-0.316358,-3.19821,0.193124,0.0504371,-0.0048986,0.122092,13.3378,9768,1,367,157.932,2442,0,0.000884653,0.0366694,0.0271169,0,0,0,1,277,0.265,-0.000218307,-0.000761474,-0.000201791,5.78514e-05,-0.000180131,9.8381e-05,-0.176532,0.0603766,0.000371017,0.219942,-0.214157,0.00356275,-0.138983,-0.00797157,8.74811,1,0,0,0,0,0,-1,1,-9.04587e-07,-3.41781e-06,-0.214091,0,13.5354,1,1010,1010,1010,1010,0,0,0,0,13.5403,49,-0.0257506,-0.114718,46,-0.0906317,-0.104547,39,-0.00966429,-0.113952,6,0.0322132,-0.0387782,6,0.00595358,-0.0972128,13,-0.0323852,-0.107484,6,0.00711888,-0.0916058,56,-0.0154916,-0.111135,56,-0.0487757,-0.120296
4707255224031,4707244057000,4707244057000,4707255210124,73729,11.1531,4707265134483,21.0775,0,10563,38609,0,0,1,0,0,0.011967,286,285,274,0.961404,2.51095,2.56343,0.430855,0.194242,0.176765,-0.223206,0.000329136,-0.000696472,0.0575662,0.153349,1,-0.0581993,-0.0275036,0.0275036,-0.0581993,1,1,0.0215039,-0.0350572,0.00599969,-0.0231421,0,0,0,0,0,0,0,0,0,0,0,0,0,0,0,0,0,0,0,0,0,0,0,255,0.26,0.398596,0.26,0.0455662,0.115715,1,1,1,1,1,1,1,-0.316358,-3.19821,0.193124,0.0504371,-0.0048986,0.122092,23.7587,9768,1,367,168.353,2442,0,0.000884653,0.0366694,0.0271169,0,0,0,1,274,0.265,0.000278822,-0.000590672,-0.000156528,-7.38878e-05,-0.000165019,-3.9704e-05,-0.176697,0.0603369,0.000541884,0.218897,-0.21429,0.0176325,-0.122653,-0.0113327,8.74452,1,0,0,0,0,0,-1,1,-9.04587e-07,-3.41781e-06,-0.214091,0,23.9553,1,1010,1010,1010,1010,0,0,0,0,23.9601,55,0.0231418,-0.0565601,39,0.0266097,-0.0777422,45,0.0309984,-0.0721947,6,0.0332663,-0.0156248,5,0.0343236,-0.0447567,12,-0.00587742,-0.0649482,0,0,0,56,0.0318231,-0.0424059,56,0.0155166,-0.0585654
4707265712988,4707252092000,4707252092000,4707265696488,73729,13.6045,4707274287336,22.1953,0,10563,38610,0,0,1,0,0,0.008035,296,296,293,0.989865,2.52554,2.52928,0.485504,0.205742,0.329041,-0.0497742,0.000414915,-0.000333595,0.0283608,0.27104,1,-0.0415178,-0.0516385,0.0516385,-0.0415178,1,1,0.0456388,-0.0183756,0.00599969,-0.0231421,0,0,0,0,0,0,0,0,0,0,0,0,0,0,0,0,0,0,0,0,0,0,0,255,0.26,0.717821,0.26,0.0715681,0.140738,1,1,1,1,0,1,1,-0.316358,-3.19821,0.193124,0.0504371,-0.0048986,0.122092,32.9419,9768,1,367,177.536,2442,0,0.000884653,0.0366694,0.0271169,0,0,0,1,293,0.265,0.000352,-0.000283164,-7.50385e-05,-9.328e-05,-9.14196e-05,-7.55677e-05,-0.176789,0.0602613,0.000541884,0.218897,-0.21429,0.0176325,-0.122653,-0.0113327,17.9122,0,0,0,0,0,0,-1,1,-9.04587e-07,-3.41781e-06,-0.214091,0,33.1407,1,1010,1010,1010,1010,0,0,0,0,33.1456,43,0.0836435,-0.0440477,48,6.48253e-05,-0.0821539,56,0.081375,-0.0366925,5,0.0873251,-0.0105018,5,0.0839195,-0.0273001,15,0.0291818,-0.0249481,9,0.109023,-0.0290386,56,0.0714047,-0.029124,56,0.0348772,-0.0288468
4707274831451,4707264060000,4707264060000,4707274816951,73729,10.757,4707284731959,20.672,0,10563,38611,0,0,1,0,0,0.011968,300,299,297,0.993311,2.52958,2.66647,0.485652,0.20628,0.286926,0.12265,0.000383756,-9.41112e-05,0.0342552,0.178662,1,-0.00786357,-0.0320651,0.0320651,-0.00786357,1,1,0.0249376,0.0120979,0.00712751,-0.0199615,0,0,0,0,0,0,0,0,0,0,0,0,0,0,0,0,0,0,0,0,0,0,0,255,0.26,-0.312799,0.26,0.0268358,0.146007,1,1,1,1,0,1,1,-0.316358,-3.19821,0.193124,0.0504371,-0.0048986,0.122092,43.3835,9768,1,367,187.978,2442,0,0.000884653,0.0366694,0.0271169,0,0,0,1,297,0.265,0.000325436,-8.00726e-05,-2.12192e-05,-8.62407e-05,-3.86068e-05,-7.98539e-05,-0.176827,0.0601815,0.000600923,0.217896,-0.21445,0.0172572,-0.105796,-0.0164149,10.2297,1,0,0,0,0,0,-1,1,-9.04587e-07,-3.41781e-06,-0.214091,0,43.5879,1,1010,1010,1010,1010,0,0,0,0,43.5927,55,0.0394555,-0.00855692,40,-0.00146688,-0.0240981,56,0.0372509,-0.00765033,7,0.0538578,0.0180786,8,0.0215685,0.00523233,11,0.0449501,0.0178179,8,0.0463642,0.00310612,56,0.0457535,-0.00792567,56,0.0263728,-0.00551276
4707285277482,4707272085000,4707272085000,4707285263389,73729,13.1784,4707294366260,22.2813,0,10563,38612,0,0,1,0,0,0.008025,300,300,297,0.99,2.52571,2.94,0.559856,0.209298,0.242523,0.0947113,0.000290984,-9.86738e-05,0.0360936,0.234805,1,-0.0122958,-0.0362597,0.0362597,-0.0122958,1,1,0.0300661,0.00698625,0.00619364,-0.019282,0,0,0,0,0,0,0,0,0,0,0,0,0,0,0,0,0,0,0,0,0,0,0,255,0.26,-0.042093,0.26,0.0305707,0.1308,1,1,1,1,0,1,1,-0.315523,-3.19861,0.193392,0.0478598,-0.00638293,0.120782,2.94127,9769,1,367,197.582,2442,0,0.000884653,0.0366694,0.0271169,0,0,0,1,297,0.265,0.000246848,-8.38387e-05,-2.22173e-05,-6.54146e-05,-3.51446e-05,-5.92915e-05,-0.176862,0.0601222,0.000993632,0.215885,-0.214546,0.0167817,-0.102195,-0.0128357,2.78336,2,0,0,0,0,0,-1,1,-9.04587e-07,-3.41781e-06,-0.214524,0,3.13786,1,1010,1010,1010,1010,0,0,0,0,3.14258,43,0.0437626,-0.018065,53,0.01229,-0.0493408,48,0.0384446,-0.00820464,10,0.118077,0.0179686,3,0.000538738,0.02454,20,0.0371207,0.00928016,8,0.105501,0.0304513,56,0.0533698,0.00115474,56,0.0187756,0.00105739
4707294869560,4707284058000,4707284058000,4707294855431,73729,10.7974,4707304976255,20.9183,0,10563,38613,0,0,1,0,0,0.011973,297,296,288,0.972973,2.65515,2.60684,0.527542,0.209039,0.324493,-0.0303268,0.000421252,-0.000269416,0.0222732,0.175787,1,-0.022502,-0.0351835,0.0351835,-0.022502,1,1,0.0291578,-0.00294918,0.00602571,-0.0195528,0,0,0,0,0,0,0,0,0,0,0,0,0,0,0,0,0,0,0,0,0,0,0,255,0.26,-0.58419,0.26,0.0284319,0.103868,1,1,1,1,0,1,1,-0.315523,-3.19861,0.193392,0.0478598,-0.00638293,0.120782,13.5833,9769,1,367,10.6119,2443,0,0.000884653,0.0351321,0.0240531,0,0,0,1,288,0.265,0.000357396,-0.000228718,-6.06103e-05,-9.47099e-05,-7.80299e-05,-7.99295e-05,-0.17694,0.0600422,0.000993632,0.215885,-0.214546,0.0198261,-0.10363,-0.00968816,13.3905,0,0,0,0,0,0,-1,1,-9.04587e-07,-3.41781e-06,-0.214524,0,13.7869,1,1010,1010,1010,1010,0,0,0,0,13.7917,40,0.046888,-0.0263652,54,-0.0106885,-0.0263299,55,0.0488061,-0.0246093,5,0.0463555,-0.00609111,5,0.0200238,-0.0117599,14,0.0429281,-0.0119009,8,0.0724099,-0.0086302,56,0.0465946,-0.00867975,51,0.0298919,-0.0176175
4707305546556,4707292148000,4707292148000,4707305521944,73729,13.3739,4707314248238,22.1002,0,10563,38614,0,0,1,0,0,0.00809,306,306,303,0.990196,2.5463,2.55845,0.448245,0.218669,0.233551,-0.0989075,0.000241323,-0.000449228,0.0368667,0.246503,1,-0.0555288,-0.0298297,0.0298297,-0.0555288,1,1,0.0253576,-0.0325772,0.00447213,-0.0229516,0,0,0,0,0,0,0,0,0,0,0,0,0,0,0,0,0,0,0,0,0,0,0,255,0.26,-0.13439,0.26,0.0226819,0.079953,1,1,1,1,1,1,1,-0.315523,-3.19861,0.193392,0.0478598,-0.00638293,0.120782,22.8576,9769,1,367,19.8867,2443,0,0.000884653,0.0351321,0.0240531,0,0,0,1,303,0.265,0.000204503,-0.000381103,-0.000100992,-5.41932e-05,-0.000108,-3.18886e-05,-0.177048,0.0600103,0.000659566,0.213254,-0.214971,0.00634631,-0.121643,-0.0138848,7.58877,2,0,0,0,0,0,-1,1,-9.04587e-07,-3.41781e-06,-0.214524,0,23.0601,1,1010,1010,1010,1010,0,0,0,0,23.0649,53,0.0190326,-0.0651421,54,-0.0167399,-0.0722759,49,0.0468911,-0.052116,8,0.0589492,-0.0252866,6,0.039295,-0.0426183,14,0.00789887,-0.0469185,7,0.082645,-0.0284158,56,0.0465217,-0.0520705,56,0.0226884,-0.0524784
4707314868595,4707304058000,4707304058000,4707314840132,73729,10.7821,4707324908974,20.851,0,10563,38615,0,0,1,0,0,0.01191,308,306,301,0.98366,2.55752,2.7263,0.42967,0.213039,-0.0728149,-0.36113,-0.000190172,-0.00102653,0.0457418,0.173535,1,-0.0861905,0.0159674,-0.0159674,-0.0861905,1,1,-0.0197484,-0.0612497,0.00378097,-0.0249408,0,0,0,0,0,0,0,0,0,0,0,0,0,0,0,0,0,0,0,0,0,0,0,255,0.26,-0.941749,0.26,-0.0233881,0.0563264,1,1,1,1,0,1,1,-0.315523,-3.19861,0.193392,0.0478598,-0.00638293,0.120782,33.4901,9769,1,367,30.5186,2443,0,0.000884653,0.0351321,0.0240531,0,0,0,1,301,0.265,-0.000161449,-0.000870539,-0.000230693,4.27841e-05,-0.000211145,8.98946e-05,-0.17726,0.0601002,0.000659566,0.213254,-0.214971,-0.00592803,-0.132186,-0.0207737,18.2343,0,0,0,0,0,0,-1,1,-9.04587e-07,-3.41781e-06,-0.214524,0,33.6944,1,1010,1010,1010,1010,0,0,0,0,33.6992,46,-0.0128348,-0.0912147,52,-0.0318687,-0.0963111,56,-0.00340984,-0.0936411,7,0.00538667,-0.0579006,5,0.0167925,-0.0791878,15,-0.0227678,-0.0737045,8,0.00813016,-0.0628205,56,-0.0134356,-0.0782411,56,-0.0305805,-0.0862126
4707325447941,4707312079000,4707312079000,4707325422348,73729,13.3433,4707334021197,21.9422,0,10563,38616,0,0,1,0,0,0.008021,300,300,262,0.873333,2.52978,2.55747,0.463449,0.229705,-0.02491,-0.372452,-5.54589e-05,-0.00113685,0.0938801,0.222966,1,-0.141734,0.00691421,-0.00691421,-0.141734,1,1,-0.0124129,-0.115331,0.00549873,-0.0264032,0,0,0,0,0,0,0,0,0,0,0,0,0,0,0,0,0,0,0,0,0,0,0,255,0.26,-0.503023,0.26,-0.0119023,0.0301754,1,1,1,1,0,1,1,-0.315523,-3.19861,0.193392,0.0478598,-0.00638293,0.120782,42.6306,9769,1,367,39.6591,2443,0,0.000884653,0.0351321,0.0240531,0,0,0,1,262,0.265,-4.73017e-05,-0.000963795,-0.000255406,1.2535e-05,-0.000241231,6.5631e-05,-0.177501,0.0601659,0.000353146,0.212032,-0.215477,-0.0246172,-0.139937,-0.0430084,8.94765,1,0,0,0,0,0,-1,1,-9.04587e-07,-3.41781e-06,-0.214524,0,42.8213,1,1010,1010,1010,1010,0,0,0,0,42.8261,42,-0.00457755,-0.163796,52,-0.0288872,-0.150854,28,0.0173194,-0.164634,6,0.0372934,-0.106585,7,-0.0369417,-0.1238,8,-0.0219956,-0.128851,7,0.0323192,-0.107992,56,-0.00119101,-0.137094,56,-0.0149257,-0.139619
4707334551997,4707324062000,4707324062000,4707334541016,73729,10.479,4707345723867,21.6619,0,10563,38617,0,0,1,0,0,0.011983,311,310,308,0.993548,2.54485,3.65742,0.466319,0.216502,0.0911026,-0.221069,0.000128472,-0.000686274,0.0531039,0.16021,1,-0.0572706,-0.0107212,0.0107212,-0.0572706,1,1,0.00118734,-0.0354565,0.00953387,-0.0218141,0,0,0,0,0,0,0,0,0,0,0,0,0,0,0,0,0,0,0,0,0,0,0,255,0.26,8.60103,0.26,0.0352907,0.106362,1,1,1,1,0,1,1,-0.315109,-3.19896,0.193915,0.040229,-0.00881546,0.119971,4.04094,9770,1,367,51.3256,2443,0,0.000884653,0.0351321,0.0240531,0,0,0,1,308,0.265,0.000108764,-0.00058216,-0.000154272,-2.88226e-05,-0.000153557,4.25196e-06,-0.177654,0.0601701,-2.01948e-05,0.209859,-0.216429,-0.016959,-0.115615,-0.0539908,3.87873,2,0,0,0,0,0,-1,1,-9.04587e-07,-3.41781e-06,-0.21643,0,4.23922,1,1010,1010,1010,1010,0,0,0,0,4.24407,56,0.00571973,-0.0593932,54,-0.011327,-0.0574686,54,0.0211366,-0.0680135,6,0.0418071,-0.0483359,3,0.0515458,-0.0361583,16,0.0124762,-0.0492132,7,0.0524615,-0.0343886,56,0.0157157,-0.050497,56,-0.00341558,-0.0533726
4707346246408,4707332088000,4707332088000,4707346219315,73729,14.1313,4707355117537,23.0295,0,10563,38618,0,0,1,0,0,0.008026,307,306,296,0.96732,2.52893,2.68395,0.416429,0.210594,0.186935,-0.155128,0.000291961,-0.00066924,0.103344,0.245605,1,-0.083384,-0.036377,0.036377,-0.083384,1,1,0.0263292,-0.0628989,0.0100477,-0.0204851,0,0,0,0,0,0,0,0,0,0,0,0,0,0,0,0,0,0,0,0,0,0,0,255,0.26,-0.030241,0.26,0.0737139,0.0880512,1,1,1,1,0,1,1,-0.315109,-3.19896,0.193915,0.040229,-0.00881546,0.119971,13.4708,9770,1,367,60.7555,2443,0,0.000884653,0.0351321,0.0240531,0,0,0,1,296,0.265,0.000247208,-0.00056772,-0.000150446,-6.55101e-05,-0.000157821,-3.23323e-05,-0.177812,0.0601378,-5.4799e-06,0.208827,-0.216708,-0.000570292,-0.108571,-0.0430586,9.21307,1,0,0,0,0,0,-1,1,-9.04587e-07,-3.41781e-06,-0.21643,0,13.6866,1,1010,1010,1010,1010,0,0,0,0,13.6915,48,0.0314657,-0.0930885,49,0.0412722,-0.102155,56,0.0484333,-0.0850859,5,0.0325694,-0.0636537,5,0.0064552,-0.0677243,15,0.00229752,-0.0780878,6,0.0921652,-0.045319,56,0.0562649,-0.0787998,56,0.0230189,-0.09081
4707355695264,4707340101000,4707340101000,4707355671412,73729,15.5704,4707366769762,26.6688,0,10563,38619,0,0,1,0,0,0.008013,309,306,296,0.96732,2.54211,2.66573,0.481263,0.208057,0.252838,-0.173889,0.000333464,-0.00055241,0.0285379,0.210355,1,-0.0689393,-0.0416153,0.0416153,-0.0689393,1,1,0.0327773,-0.0492632,0.00883802,-0.0196761,0,0,0,0,0,0,0,0,0,0,0,0,0,0,0,0,0,0,0,0,0,0,0,255,0.26,-0.729876,0.26,0.0777425,0.0785773,1,1,1,1,1,1,1,-0.315109,-3.19896,0.193915,0.040229,-0.00881546,0.119971,25.0869,9770,1,367,72.3716,2443,0,0.000884653,0.0351321,0.0240531,0,0,0,1,296,0.265,0.000282919,-0.000468571,-0.000124171,-7.49735e-05,-0.000134788,-4.70717e-05,-0.177947,0.0600907,0.000128414,0.207823,-0.216882,0.0109775,-0.104283,-0.0286912,9.93554,1,0,0,0,0,0,-1,1,-9.04587e-07,-3.41781e-06,-0.21643,0,25.2837,1,1010,1010,1010,1010,0,0,0,0,25.2886,46,0.0630943,-0.10204,48,-0.011652,-0.0737034,56,0.062132,-0.0696544,9,0.0877821,-0.0686146,6,0.0587297,-0.0487556,13,0.0466025,-0.0437601,6,0.112352,-0.0506028,56,0.0583115,-0.0618544,56,0.0349178,-0.0627135
4707367282859,4707352084000,4707352084000,4707367269785,73729,15.1858,4707376564861,24.4809,0,10563,38620,0,0,1,0,0,0.011983,298,297,283,0.952862,2.49985,2.6203,0.478911,0.202446,0.319824,-0.1091,0.000371971,-0.000441919,0.0118176,0.161174,1,-0.0368788,-0.0310415,0.0310415,-0.0368788,1,1,0.0232014,-0.0192348,0.00784014,-0.0176441,0,0,0,0,0,0,0,0,0,0,0,0,0,0,0,0,0,0,0,0,0,0,0,255,0.26,0.693376,0.26,0.0535028,0.0954047,1,1,1,1,0,1,1,-0.315109,-3.19896,0.193915,0.040229,-0.00881546,0.119971,34.8868,9770,1,367,82.1715,2443,0,0.000884653,0.0351321,0.0240531,0,0,0,1,283,0.265,0.000315286,-0.000374943,-9.936e-05,-8.35507e-05,-0.000112951,-6.06546e-05,-0.17806,0.0600301,0.000307802,0.207042,-0.217001,0.0177769,-0.0935136,-0.0190207,9.61006,1,0,0,0,0,0,-1,1,-9.04587e-07,-3.41781e-06,-0.21643,0,35.0823,1,1010,1010,1010,1010,0,0,0,0,35.0871,35,0.0362511,-0.0549813,53,0.0111602,-0.0345589,54,0.0452705,-0.0316912,8,0.0667852,-0.0308259,7,0.0502028,-0.0309771,10,0.0225732,-0.020426,7,0.077676,-0.0342861,56,0.0465414,-0.0343566,53,0.0272826,-0.0274932
4707377087050,4707360085000,4707360085000,4707377072995,73729,16.988,4707386748704,26.6637,0,10563,38621,0,0,1,0,0,0.008001,303,302,301,0.996689,2.64548,2.53709,0.5003,0.207243,0.399445,0.0178833,0.000500104,-0.000194624,0.0086211,0.235271,1,-0.024325,-0.0625052,0.0625052,-0.024325,1,1,0.0542057,-0.00876794,0.00829953,-0.015557,0,0,0,0,0,0,0,0,0,0,0,0,0,0,0,0,0,0,0,0,0,0,0,255,0.26,0.347539,0.26,0.0786769,0.109878,1,1,1,1,0,1,1,-0.315109,-3.19896,0.193915,0.040229,-0.00881546,0.119971,45.0712,9770,1,367,92.3558,2443,0,0.000884653,0.0351321,0.0240531,0,0,0,1,301,0.265,0.000424414,-0.000165229,-4.37857e-05,-0.00011247,-6.60961e-05,-0.000100591,-0.178126,0.0599295,0.000529159,0.206299,-0.217171,0.0225963,-0.0824522,-0.017113,9.98777,1,0,0,0,0,0,-1,1,-9.04587e-07,-3.41781e-06,-0.21643,0,45.2666,1,1010,1010,1010,1010,0,0,0,0,0.129316,43,0.105272,-0.0352572,55,0.0169291,-0.0646643,56,0.0836816,-0.00769114,7,0.126617,0.0139899,6,0.0239291,-0.00902052,14,0.0619658,0.0044079,8,0.102417,-0.0361507,56,0.087207,-0.0144738,56,0.0558545,-0.0048025
4707387269541,4707372075000,4707372075000,4707387255115,73729,15.1801,4707397831739,25.7567,0,10563,38622,0,0,1,0,0,0.01199,313,313,306,0.977636,2.52748,2.84863,0.510689,0.216854,0.427078,0.167526,0.000628327,6.7083e-05,0.0112898,0.120286,1,0.00559492,-0.0524043,0.0524043,0.00559492,1,1,0.0404367,0.0210028,0.0119676,-0.0154079,0,0,0,0,0,0,0,0,0,0,0,0,0,0,0,0,0,0,0,0,0,0,0,255,0.26,0.349669,0.26,0.0432756,0.118239,1,1,1,1,0,1,1,-0.314766,-3.19945,0.194023,0.0380842,-0.00717015,0.112792,1.25629,9771,1,367,103.433,2443,0,0.000884653,0.0351321,0.0240531,0,0,0,1,306,0.265,0.000532905,5.66835e-05,1.50211e-05,-0.00014122,-1.61848e-05,-0.000141055,-0.178142,0.0597884,0.000966303,0.204658,-0.21782,0.0268353,-0.081662,-0.0292742,1.06008,2,0,0,0,0,0,-1,1,-9.04587e-07,-3.41781e-06,-0.217434,0,1.45842,1,1010,1010,1010,1010,0,0,0,0,11.2124,51,0.0542794,-0.00309275,49,0.0119415,-0.00752881,56,0.058958,0.00954803,7,0.0891412,0.0142591,7,0.0683836,0.023716,16,0.0208438,0.0198502,8,0.0783931,0.0070155,56,0.0660147,0.0136616,56,0.0591641,0.0135422
4707398340651,4707380095000,4707380095000,4707398329206,73729,18.2342,4707407418318,27.3233,0,10563,38623,0,0,1,0,0,0.00802,303,302,298,0.986755,2.54754,2.67895,0.462356,0.211798,0.424789,0.104134,0.0006436,-3.62662e-05,0.0348731,0.200823,1,-0.00452197,-0.0802494,0.0802494,-0.00452197,1,1,0.0668318,0.0112688,0.0134176,-0.0157907,0,0,0,0,0,0,0,0,0,0,0,0,0,0,0,0,0,0,0,0,0,0,0,255,0.26,1.2772,0.26,0.0632836,0.106996,1,1,1,1,0,1,1,-0.314766,-3.19945,0.194023,0.0380842,-0.00717015,0.112792,10.848,9771,1,367,113.025,2443,0,0.000884653,0.0351321,0.0240531,0,0,0,1,298,0.265,0.000545956,-3.09304e-05,-8.19656e-06,-0.000144678,-3.91288e-05,-0.000139519,-0.178181,0.0596489,0.000966303,0.204658,-0.21782,0.0278584,-0.0836909,-0.0346038,10.6512,0,0,0,0,0,0,-1,1,-9.04587e-07,-3.41781e-06,-0.217434,0,11.0462,1,1010,1010,1010,1010,0,0,0,0,20.8002,43,0.0963336,-0.0192215,52,0.00601871,-0.0290912,56,0.0886998,0.00784796,6,0.0895111,-0.00440701,5,0.110086,0.0019361,16,0.0863594,0.0240145,8,0.0873984,-0.011969,56,0.103388,0.0017635,56,0.0728258,0.00795605
4707407930248,4707392073000,4707392073000,4707407916211,73729,15.8432,4707418195203,26.1222,0,10563,38624,0,0,1,0,0,0.011978,298,297,294,0.989899,2.499,2.66282,0.401189,0.208927,0.423508,0.0014267,0.000643069,-0.000232741,0.028442,0.132172,1,-0.0194307,-0.0536875,0.0536875,-0.0194307,1,1,0.0391154,-0.00323966,0.0145721,-0.0161911,0,0,0,0,0,0,0,0,0,0,0,0,0,0,0,0,0,0,0,0,0,0,0,255,0.26,0.701802,0.26,0.0347119,0.0800026,1,1,1,1,1,1,1,-0.314766,-3.19945,0.194023,0.0380842,-0.00717015,0.112792,21.6227,9771,1,367,123.8,2443,0,0.000884653,0.0351321,0.0240531,0,0,0,1,294,0.265,0.000545316,-0.000197628,-5.23714e-05,-0.000144509,-8.13847e-05,-0.000129973,-0.178263,0.0595189,0.00108783,0.203839,-0.218204,0.0251718,-0.0858127,-0.0416483,10.6077,1,0,0,0,0,0,-1,1,-9.04587e-07,-3.41781e-06,-0.217434,0,21.8202,1,1010,1010,1010,1010,0,0,0,0,31.5742,38,0.0634131,-0.0298857,53,0.031905,-0.0299935,56,0.0605132,-0.0149917,7,0.0870678,-0.0148641,4,0.0700098,-0.00934253,16,0.0378758,-0.00781997,8,0.0821818,-0.0174496,56,0.0713288,-0.014862,56,0.0434623,-0.0154885
4707418755763,4707400096000,4707400096000,4707418740022,73729,18.644,4707427906468,27.8105,0,10563,38625,0,0,1,0,0,0.008023,309,309,303,0.980583,2.53558,2.71941,0.537283,0.217299,0.272827,-0.0751038,0.000525382,-0.000396087,0.0969834,0.161227,1,-0.049369,-0.0654845,0.0654845,-0.049369,1,1,0.052796,-0.0330663,0.0126885,-0.0163027,0,0,0,0,0,0,0,0,0,0,0,0,0,0,0,0,0,0,0,0,0,0,0,255,0.26,1.37051,0.26,0.0337668,0.0598764,1,1,1,1,0,1,1,-0.314766,-3.19945,0.194023,0.0380842,-0.00717015,0.112792,31.3354,9771,1,367,133.513,2443,0,0.000884653,0.0351321,0.0240531,0,0,0,1,303,0.265,0.000445555,-0.000335936,-8.9023e-05,-0.000118072,-0.000110745,-9.63556e-05,-0.178373,0.0594226,0.00113747,0.202946,-0.21852,0.0164995,-0.0864042,-0.0405997,9.54002,1,0,0,0,0,0,-1,1,-9.04587e-07,-3.41781e-06,-0.217434,0,31.5568,1,1010,1010,1010,1010,0,0,0,0,41.3108,48,0.0639746,-0.0546232,52,0.0305101,-0.0715528,56,0.0819179,-0.0524282,7,0.119945,-0.00866713,7,0.0805366,-0.0454261,13,0.0394709,-0.041221,8,0.108188,-0.0285325,56,0.0770631,-0.040087,56,0.063077,-0.0400516
4707428445824,4707420100000,4707420100000,4707428435157,73729,8.33516,4707438787353,18.6874,1,10564,38626,0,0,1,0,0,0.020004,315,315,276,0.87619,2.5105,2.76137,0.445282,0.200224,0.241409,-0.34478,0.000398344,-0.00102263,0.0572652,0.154764,1,-0.0511214,-0.0199132,0.0199132,-0.0511214,1,1,0.0114945,-0.0342617,0.00841872,-0.0168598,0,0,0,0,0,0,0,0,0,0,0,0,0,0,0,0,0,0,0,0,0,0,0,255,0.25,0.882322,0.25,-0.0303179,0.0237686,1,1,1,1,0,1,1,-0.314766,-3.19945,0.194023,0.0380842,-0.00717015,0.112792,42.2154,9771,1,367,144.392,2443,0,0.000884653,0.0351321,0.0240531,0,0,0,1,276,0.255,0.000337591,-0.000867346,-0.000221173,-8.60857e-05,-0.000230203,-3.70375e-05,-0.178604,0.0593855,0.00110617,0.202137,-0.218633,0.00658487,-0.0859849,-0.0290805,10.7163,1,0,0,0,0,0,-1,1,-9.04587e-07,-3.41781e-06,-0.217434,0,42.4194,1,1010,1010,1010,1010,0,0,0,0,0.191779,52,0.0256635,-0.0505863,56,0.00135872,-0.0765736,52,0.021217,-0.0481598,4,0.0716171,-0.0335523,8,0.0202759,-0.0357023,9,0.012169,-0.0320374,0,0,0,56,0.0283192,-0.0455923,39,0.0124533,-0.0493158
4707440126994,4707432074000,4707432074000,4707440116272,73729,8.04227,4707449273569,17.1996,0,10564,38627,0,0,1,0,0,0.011974,315,314,305,0.971338,2.52841,2.98954,0.456059,0.220039,-0.0115662,-0.152008,-0.000100532,-0.000471502,0.0227854,0.121855,1,-0.0393772,0.00839587,-0.00839587,-0.0393772,1,1,-0.0168146,-0.0225174,0.00841872,-0.0168598,0,0,0,0,0,0,0,0,0,0,0,0,0,0,0,0,0,0,0,0,0,0,0,255,0.25,2.43102,0.25,-0.139456,-0.0753542,1,1,1,0,0,1,1,-0.314565,-3.19957,0.194722,0.0340798,-0.00119722,0.113486,10.4734,9772,1,367,154.882,2443,0,0.000884653,0.0351321,0.0240531,0,0,0,1,305,0.255,-8.54292e-05,-0.000400028,-0.000102007,2.17845e-05,-9.28218e-05,4.29392e-05,-0.178696,0.0594285,0.00110617,0.202137,-0.218633,0.00658487,-0.0859849,-0.0290805,21.1854,0,0,0,0,0,0,-1,1,-9.04587e-07,-3.41781e-06,-0.218534,0,0.182039,1,1010,1010,1010,1010,0,0,0,0,10.6705,54,-0.01299,-0.0464586,49,-0.0107005,-0.0365324,56,-0.000500697,-0.0465406,9,0.0135648,-0.0122344,6,0.00794478,-0.0169972,12,-0.0255755,-0.0273537,7,0.0333489,-0.0154202,56,-0.00594688,-0.0383103,56,-0.0183433,-0.0379375
4707449786944,4707440090000,4707440090000,4707449761703,73729,9.6717,4707458663017,18.573,0,10564,38628,0,0,1,0,0,0.008016,307,307,298,0.970684,2.53287,2.5858,0.468615,0.21452,0.011322,-0.0823441,-6.48078e-06,-0.000370098,0.0297181,0.163007,1,-0.0461699,0.000808481,-0.000808481,-0.0461699,1,1,7.3982e-05,-0.031186,-0.000882463,-0.0149839,0,0,0,0,0,0,0,0,0,0,0,0,0,0,0,0,0,0,0,0,0,0,0,255,0.26,1.89916,0.26,0.071366,0.132265,1,1,1,1,0,1,1,-0.314565,-3.19957,0.194722,0.0340798,-0.00119722,0.113486,19.8609,9772,1,367,164.269,2443,0,0.000884653,0.0351321,0.0240531,0,0,0,1,298,0.265,-5.54675e-06,-0.000313932,-8.31919e-05,1.46989e-06,-7.92687e-05,1.90893e-05,-0.178776,0.0594476,0.00110254,0.200705,-0.21829,-0.00459012,-0.0794146,6.9547e-05,9.18041,2,0,0,0,0,0,-1,1,-9.04587e-07,-3.41781e-06,-0.218534,0,9.57921,1,1010,1010,1010,1010,0,0,0,0,20.0677,55,-0.00598486,-0.0383071,52,-0.019857,-0.0554747,52,0.00387314,-0.0547288,8,0.0195772,-2.4685e-05,5,-0.00819931,-0.0312255,6,0.00386086,-0.045818,8,0.0483949,-0.007643,56,-0.0031234,-0.0363542,56,-0.0207281,-0.0462771
4707460146121,4707452069000,4707452069000,4707460123621,73729,8.05462,4707470074944,18.0059,0,10564,38629,0,0,1,0,0,0.011979,311,311,304,0.977492,2.50606,2.95306,0.50943,0.215298,0.0785828,0.0947876,-0.000105547,3.61738e-06,-0.0431103,0.105696,1,0.000301977,0.00881103,-0.00881103,0.000301977,1,1,-0.00293415,0.0118089,-0.00587688,-0.0115069,0,0,0,0,0,0,0,0,0,0,0,0,0,0,0,0,0,0,0,0,0,0,0,255,0.26,2.11492,0.26,0.161721,0.230628,1,1,1,1,1,1,1,-0.314565,-3.19957,0.194722,0.0340798,-0.00119722,0.113486,31.2713,9772,1,367,175.68,2443,0,0.000884653,0.0351321,0.0240531,0,0,0,1,304,0.265,-8.9151e-05,2.91189e-06,7.7165e-07,2.3625e-05,5.85099e-06,2.29017e-05,-0.17877,0.0594705,0.00129477,0.200276,-0.217877,0.00445437,-0.0609868,0.0284815,11.2396,1,0,0,0,0,0,-1,1,-9.04587e-07,-3.41781e-06,-0.218534,0,20.9872,1,1010,1010,1010,1010,0,0,0,0,31.4756,54,0.00728621,-0.00852795,51,-0.044683,-0.0228688,56,0.00754107,0.00238682,7,0.0191343,0.0168524,7,0.0078205,0.0209067,9,-0.000766349,0.00749919,8,0.0156325,0.000169477,56,-0.00334872,0.00419003,56,-0.0152759,0.0081742
4707470639504,4707460092000,4707460092000,4707470614392,73729,10.5224,4707480269898,20.1779,0,10564,38630,0,0,1,0,0,0.008023,313,312,308,0.987179,2.55293,3.19106,0.471559,0.217687,0.0504456,0.111542,-1.21134e-05,-4.17483e-05,0.0230767,0.224515,1,-0.00520358,0.00150983,-0.00150983,-0.00520358,1,1,0.00567565,0.0030601,-0.00718548,-0.00826368,0,0,0,0,0,0,0,0,0,0,0,0,0,0,0,0,0,0,0,0,0,0,0,255,0.26,2.44215,0.26,0.011372,0.0910122,1,1,1,1,0,1,1,-0.314565,-3.19957,0.194722,0.0340798,-0.00119722,0.113486,41.4697,9772,1,367,185.878,2443,0,0.000884653,0.0351321,0.0240531,0,0,0,1,308,0.265,-1.02804e-05,-3.56338e-05,-9.44297e-06,2.72431e-06,-8.44826e-06,4.65648e-06,-0.178778,0.0594751,0.00150548,0.200028,-0.217438,0.0112419,-0.0437975,0.03946,10.0207,1,0,0,0,0,0,-1,1,-9.04587e-07,-3.41781e-06,-0.218534,0,31.1954,1,1010,1010,1010,1010,0,0,0,0,41.6839,55,-0.00943106,0.00563315,53,0.0226665,-0.0531708,56,-0.00583631,-0.0098989,7,0.0482866,0.0540761,7,-0.00809696,0.0273123,12,-0.0472486,-0.001186,6,0.0246892,0.0182179,56,0.00383484,0.0169476,56,-0.023003,-0.00145218
4707480801384,4707472069000,4707472069000,4707480777957,73729,8.70896,4707491059209,18.9902,0,10564,38631,0,0,1,0,0,0.011977,315,314,279,0.888535,2.51371,2.99738,0.44817,0.20265,-0.00976562,0.240189,-0.000398806,0.000159896,-0.0269118,0.186333,1,0.0133502,0.0332977,-0.0332977,0.0133502,1,1,-0.0271136,0.0175648,-0.00618407,-0.00421456,0,0,0,0,0,0,0,0,0,0,0,0,0,0,0,0,0,0,0,0,0,0,0,255,0.26,2.4558,0.26,-0.0158247,0.0865044,1,1,1,1,0,1,1,-0.314565,-3.19957,0.194722,0.0340798,-0.00119722,0.113486,52.2574,9772,1,367,196.666,2443,0,0.000884653,0.0351321,0.0240531,0,0,0,1,279,0.265,-0.000337983,0.000135265,3.58452e-05,8.95656e-05,5.36269e-05,7.98907e-05,-0.178725,0.059555,0.0017857,0.200005,-0.21707,0.017107,-0.0223372,0.0399061,10.6213,1,0,0,0,0,0,-1,1,-9.04588e-07,-3.41781e-06,-0.216782,0,0.17802,1,1010,1010,1010,1010,0,0,0,0,0.181723,30,-0.015959,0.0207609,49,-0.0325927,-0.0033516,56,-0.0283214,0.0289363,6,0.0191134,0.0277017,9,-0.0256951,0.0287364,10,-0.0424946,0.0365107,7,0.0155002,0.0289456,56,-0.0203053,0.0129101,56,-0.0483834,0.0179435
4707491583083,4707480095000,4707480095000,4707491559120,73729,11.4641,4707499710057,19.6151,0,10564,38632,0,0,1,0,0,0.008026,309,309,305,0.987055,2.51463,3.06086,0.513115,0.213094,-0.0453796,0.355072,-0.000247862,0.000430833,0.0134833,0.200052,1,0.0536797,0.0308824,-0.0308824,0.0536797,1,1,-0.0258699,0.056227,-0.00501245,-0.00254729,0,0,0,0,0,0,0,0,0,0,0,0,0,0,0,0,0,0,0,0,0,0,0,255,0.25,3.05262,0.25,-0.0823183,0.0455412,1,1,1,2,0,1,1,-0.314586,-3.19949,0.194186,0.0328075,0.00204107,0.106177,8.63865,9773,1,367,205.321,2443,0,0.000884653,0.0351321,0.0240531,0,0,0,1,305,0.255,-0.000210186,0.00036501,9.30775e-05,5.35974e-05,0.000100639,3.27129e-05,-0.178624,0.0595877,0.00183711,0.199831,-0.216824,0.01381,-0.0129912,0.0314988,8.46537,1,0,0,0,0,0,-1,1,-9.04588e-07,-3.41781e-06,-0.216782,0,8.83594,1,1010,1010,1010,1010,0,0,0,0,8.83965,56,-0.024154,0.0562853,52,-0.0583268,0.0124918,56,-0.0200501,0.046587,6,-0.0144708,0.101021,5,-0.0340271,0.0837845,11,-0.0632386,0.0730679,7,0.015034,0.0801004,56,-0.0138043,0.0710756,56,-0.0483431,0.0533246
4707500263173,4707492063000,4707492063000,4707500251525,73729,8.18853,4707510783871,18.7209,0,10564,38633,0,0,1,0,0,0.011968,310,310,306,0.987097,2.48274,2.87786,0.466596,0.218001,-0.10965,0.170029,-0.000276408,0.00015406,0.0128336,0.0942445,1,0.0128727,0.0230956,-0.0230956,0.0128727,1,1,-0.0182304,0.0203278,-0.00486524,-0.00745516,0,0,0,0,0,0,0,0,0,0,0,0,0,0,0,0,0,0,0,0,0,0,0,255,0.25,1.58649,0.25,-0.170162,-0.109382,1,1,1,1,0,1,1,-0.314586,-3.19949,0.194186,0.0328075,0.00204107,0.106177,19.7101,9773,1,367,11.0349,2444,0,0.000884653,0.0373428,0.0230864,0,0,0,1,306,0.255,-0.000234461,0.000130381,3.32471e-05,5.97876e-05,4.47028e-05,5.13776e-05,-0.178579,0.0596391,0.00175853,0.199172,-0.216701,-0.00189184,-0.0380213,0.0183367,10.8702,1,0,0,0,0,0,-1,1,-9.04588e-07,-3.41781e-06,-0.216782,0,19.916,1,1010,1010,1010,1010,0,0,0,0,19.9197,56,-0.0283999,0.0174867,52,0.00720174,-0.00465877,56,-0.0296183,0.0120696,7,-0.00677806,0.0338558,9,-0.0127361,0.0358498,8,-0.0409547,0.0157966,6,0.00346366,0.0322298,56,-0.0218437,0.0205401,56,-0.0337925,0.0117042
4707511307171,4707500096000,4707500096000,4707511296115,73729,11.2001,4707520700156,20.6042,0,10564,38634,0,0,1,0,0,0.008033,307,307,302,0.983713,2.49622,2.96662,0.493096,0.215631,-0.0989227,-0.251266,-0.000161325,-0.000587258,0.0309023,0.0750131,1,-0.0731057,0.0200827,-0.0200827,-0.0731057,1,1,-0.0170899,-0.0583765,-0.00299281,-0.0147292,0,0,0,0,0,0,0,0,0,0,0,0,0,0,0,0,0,0,0,0,0,0,0,255,0.25,2.46374,0.25,-0.0286011,-0.0331641,1,1,1,1,1,1,1,-0.314586,-3.19949,0.194186,0.0328075,0.00204107,0.106177,29.6254,9773,1,367,20.9504,2444,0,0.000884653,0.0373428,0.0230864,0,0,0,1,302,0.255,-0.000136862,-0.000497987,-0.000126987,3.48998e-05,-0.000114072,6.08511e-05,-0.178693,0.0597,0.00161752,0.198272,-0.216715,-0.0107759,-0.0751189,0.00358998,9.73786,1,0,0,0,0,0,-1,1,-9.04588e-07,-3.41781e-06,-0.216782,0,29.827,1,1010,1010,1010,1010,0,0,0,0,29.8307,56,-0.0130561,-0.0682369,51,-0.0194536,-0.0883159,56,-0.0135476,-0.0867532,8,0.0330885,-0.0372269,6,-0.0196077,-0.0637647,6,-0.020108,-0.0615209,7,-0.0111012,-0.0319045,56,-0.0340437,-0.0644031,56,-0.0336534,-0.0719381
4707521257271,4707512064000,4707512064000,4707521241882,73729,9.17788,4707531614023,19.55,0,10564,38635,0,0,1,0,0,0.011968,294,294,286,0.972789,2.50608,2.88651,0.485838,0.208576,-0.191833,-0.373566,-0.000379082,-0.000834869,0.0197843,0.0669697,1,-0.0697585,0.0316747,-0.0316747,-0.0697585,1,1,-0.0309085,-0.0515783,-0.000766185,-0.0181802,0,0,0,0,0,0,0,0,0,0,0,0,0,0,0,0,0,0,0,0,0,0,0,255,0.25,2.26457,0.25,-0.0214845,-4.41123e-05,1,1,1,1,0,1,1,-0.314586,-3.19949,0.194186,0.0328075,0.00204107,0.106177,40.5447,9773,1,367,31.8695,2444,0,0.000884653,0.0373428,0.0230864,0,0,0,1,286,0.255,-0.000321847,-0.00070793,-0.000180522,8.20709e-05,-0.000155186,0.000118238,-0.178849,0.0598182,0.00133071,0.197395,-0.216901,-0.0198682,-0.0927188,-0.0127685,10.7496,1,0,0,0,0,0,-1,1,-9.04588e-07,-3.41781e-06,-0.216782,0,40.75,1,1010,1010,1010,1010,0,0,0,0,40.7537,43,-0.0473481,-0.0651078,51,-0.0319799,-0.0856033,56,-0.0272637,-0.0762942,7,-0.0274531,-0.0577221,4,-0.0277907,-0.0660807,7,-0.0520687,-0.0682667,6,-0.00776531,-0.0622033,56,-0.0305523,-0.0695515,56,-0.0381947,-0.0709293
4707532167065,4707520113000,4707520113000,4707532144120,73729,12.0311,4707542657484,22.5445,0,10564,38636,0,0,1,0,0,0.008049,314,313,305,0.974441,2.50202,2.94339,0.469874,0.214724,-0.161316,-0.207321,-0.000218022,-0.000553719,0.0741388,0.089527,1,-0.0687935,0.0270869,-0.0270869,-0.0687935,1,1,-0.0304932,-0.0558477,0.00340634,-0.0129458,0,0,0,0,0,0,0,0,0,0,0,0,0,0,0,0,0,0,0,0,0,0,0,255,0.26,2.9931,0.26,0.0356695,0.0638943,1,1,1,1,0,1,1,-0.314824,-3.19938,0.193523,0.0322529,-0.00286432,0.100681,0.80447,9774,1,367,42.8959,2444,0,0.000884653,0.0373428,0.0230864,0,0,0,1,305,0.265,-0.000185229,-0.000469561,-0.000124434,4.90857e-05,-0.000108584,7.42259e-05,-0.178957,0.0598924,0.0013543,0.196452,-0.217174,-0.0111252,-0.0686127,-0.023343,0.649338,2,0,0,0,0,0,-1,1,-9.04587e-07,-3.41781e-06,-0.217143,0,1.00497,1,1010,1010,1010,1010,0,0,0,0,1.00877,53,-0.0430893,-0.0653607,50,0.0247406,-0.0806416,56,-0.0335781,-0.0755552,9,-0.0235218,-0.0293247,9,-0.0413288,-0.0514008,10,-0.0469861,-0.0763706,6,0.00903187,-0.000325215,56,-0.0218064,-0.0569448,56,-0.0457466,-0.0745675
4707543118895,4707532081000,4707532081000,4707543098728,73729,11.0177,4707554194523,22.1135,0,10564,38637,0,0,1,0,0,0.011968,308,308,304,0.987013,2.5183,3.46234,0.429263,0.214021,0.0716705,0.0728683,9.74469e-05,-1.95309e-05,0.0361409,0.0741704,1,-0.00163193,-0.00814229,0.00814229,-0.00163193,1,1,0.00351868,0.0089515,0.00462361,-0.0105834,0,0,0,0,0,0,0,0,0,0,0,0,0,0,0,0,0,0,0,0,0,0,0,255,0.26,3.78042,0.26,0.205263,0.242767,1,1,1,1,0,1,1,-0.314824,-3.19938,0.193523,0.0322529,-0.00286432,0.100681,12.3737,9774,1,367,54.4651,2444,0,0.000884653,0.0373428,0.0230864,0,0,0,1,304,0.265,8.26194e-05,-1.66583e-05,-4.41446e-06,-2.18941e-05,-8.95103e-06,-2.04457e-05,-0.178966,0.059872,0.0013543,0.196452,-0.217174,-0.00148965,-0.0560921,-0.0207958,12.1867,0,0,0,0,0,0,-1,1,-9.04587e-07,-3.41781e-06,-0.217143,0,12.5806,1,1010,1010,1010,1010,0,0,0,0,12.5844,53,0.0139661,0.00731937,55,-0.00528925,-0.0197134,56,0.00322729,-0.000660109,5,0.0359542,-0.00668432,7,0.0299523,0.00816881,9,0.00140793,0.00989067,7,-0.00737049,-0.0202822,56,0.0152393,0.00143959,56,0.00156256,0.0013319
4707554750176,4707540091000,4707540091000,4707554727583,73729,14.6366,4707563884195,23.7932,0,10564,38638,0,0,1,0,0,0.00801,314,313,309,0.98722,2.59445,2.77319,0.479634,0.21639,0.275879,0.325134,0.000357824,0.000516896,-0.0305586,0.0875668,1,0.0645313,-0.0446722,0.0446722,0.0645313,1,1,0.0415363,0.0716184,0.00313591,-0.00708706,0,0,0,0,0,0,0,0,0,0,0,0,0,0,0,0,0,0,0,0,0,0,0,255,0.25,4.73706,0.25,0.0425531,0.110453,1,1,1,1,0,1,1,-0.314824,-3.19938,0.193523,0.0322529,-0.00286432,0.100681,22.0736,9774,1,367,64.165,2444,0,0.000884653,0.0373428,0.0230864,0,0,0,1,309,0.255,0.000303774,0.000438192,0.000111739,-7.74625e-05,9.03335e-05,-9.92268e-05,-0.178876,0.0597727,0.00165987,0.196183,-0.216895,0.0196363,-0.036144,0.0029145,9.49212,1,0,0,0,0,0,-1,1,-9.04587e-07,-3.41781e-06,-0.217143,0,22.3057,1,1010,1010,1010,1010,0,0,0,0,22.3095,55,0.0613315,0.0675147,53,-0.000997359,0.0373334,56,0.0660625,0.0822391,7,0.0895018,0.0795699,6,0.052793,0.0619479,11,0.0425528,0.0846797,9,0.0804952,0.052579,56,0.0518842,0.0677869,56,0.0394882,0.0732032
4707564464478,4707552069000,4707552069000,4707564441422,73729,12.3724,4707575446809,23.3778,0,10564,38639,0,0,1,0,0,0.011978,308,306,294,0.960784,2.55422,3.41249,0.45093,0.240335,0.205727,0.243927,0.000283397,0.000287852,0.0055338,0.0889446,1,0.0240317,-0.0236598,0.0236598,0.0240317,1,1,0.0257881,0.0298077,-0.00212832,-0.00577595,0,0,0,0,0,0,0,0,0,0,0,0,0,0,0,0,0,0,0,0,0,0,0,255,0.25,4.7676,0.25,-0.188042,-0.0910937,1,1,1,1,1,1,1,-0.314824,-3.19938,0.193523,0.0322529,-0.00286432,0.100681,33.6303,9774,1,367,75.7216,2444,0,0.000884653,0.0373428,0.0230864,0,0,0,1,294,0.255,0.000240413,0.000243894,6.21929e-05,-6.13053e-05,4.63868e-05,-7.29737e-05,-0.178829,0.0596998,0.00187635,0.195976,-0.216508,0.0227276,-0.0294574,0.0268656,11.3514,1,0,0,0,0,0,-1,1,-9.04587e-07,-3.41781e-06,-0.217143,0,33.8353,1,1010,1010,1010,1010,0,0,0,0,33.8391,52,0.0219396,0.0181093,46,0.00651487,0.00343128,56,0.0178208,0.0234549,5,0.0273652,0.0615684,4,0.00846916,0.0507423,11,0.035953,0.036932,8,0.0526503,0.0379629,56,0.0335891,0.0350565,56,0.0137116,0.0265977
4707576079407,4707560094000,4707560094000,4707576056444,73729,15.9624,4707585226760,25.1328,0,10564,38640,0,0,1,0,0,0.008025,309,308,295,0.957792,2.52,2.8886,0.524393,0.203668,0.137909,0.278046,0.000148915,0.000120411,0.0621617,0.235688,1,0.0150045,-0.0185563,0.0185563,0.0150045,1,1,0.0232394,0.01554,-0.00468302,-0.000535483,0,0,0,0,0,0,0,0,0,0,0,0,0,0,0,0,0,0,0,0,0,0,0,255,0.26,5.79045,0.26,0.016447,0.0964283,1,1,1,1,0,1,1,-0.314824,-3.19938,0.193523,0.0322529,-0.00286432,0.100681,43.4115,9774,1,367,85.5029,2444,0,0.000884653,0.0373428,0.0230864,0,0,0,1,295,0.265,0.000126305,0.000101901,2.70037e-05,-3.34709e-05,1.86744e-05,-3.83706e-05,-0.178811,0.0596614,0.00206198,0.196312,-0.216219,0.0178071,-0.00283806,0.0341017,9.57786,1,0,0,0,0,0,-1,1,-9.04587e-07,-3.41781e-06,-0.217143,0,43.6122,1,1010,1010,1010,1010,0,0,0,0,43.616,54,0.0138661,0.00508775,45,-0.00549489,-0.0467508,56,0.00889362,0.0134847,7,0.0906828,0.115821,7,0.0233146,0.0781633,5,0.0103243,0.0600191,9,0.0909254,0.0862608,56,0.0388313,0.0516758,56,-0.000960386,0.0297756
4707585806172,4707568112000,4707568112000,4707585784172,73729,17.6722,4707595622160,27.5102,0,10564,38641,0,0,1,0,0,0.008018,293,292,279,0.955479,2.55784,3.03897,0.454485,0.200613,0.133789,0.786499,-7.42643e-05,0.00102541,-0.0389486,0.273343,1,0.127888,0.0092622,-0.0092622,0.127888,1,1,-0.00364903,0.123103,-0.00561317,0.004785,0,0,0,0,0,0,0,0,0,0,0,0,0,0,0,0,0,0,0,0,0,0,0,255,0.26,5.83796,0.26,0.174898,0.383907,1,1,1,1,0,1,1,-0.314647,-3.19958,0.192973,0.0336876,-0.00542266,0.101671,3.56888,9775,1,367,95.8676,2444,0,0.000884653,0.0373428,0.0230864,0,0,0,1,279,0.265,-6.27611e-05,0.000868982,0.00023028,1.66317e-05,0.000224166,-3.21198e-05,-0.178587,0.0596293,0.00190873,0.196738,-0.215826,-0.000770432,0.0253605,0.0231835,3.41121,2,0,0,0,0,0,-1,1,-9.04588e-07,-3.41781e-06,-0.215783,0,3.76516,1,1010,1010,1010,1010,0,0,0,0,3.76936,51,0.000435145,0.133623,47,-0.0428859,0.0576649,46,-0.0213072,0.129753,7,0.114029,0.194484,5,0.0398909,0.163891,4,-0.00217608,0.194252,7,0.0930318,0.14268,56,0.0225734,0.144922,56,-0.0433154,0.151405
4707596178812,4707588099000,4707588099000,4707596171479,73729,8.07248,4707606449026,18.35,1,10565,38642,0,0,1,0,0,0.019987,307,306,300,0.980392,2.50817,2.90236,0.52406,0.206502,0.0820007,1.28434,-1.79153e-05,0.00169656,0.0334443,0.163683,1,0.0848832,0.000896348,-0.000896348,0.0848832,1,1,0.00546895,0.0805333,-0.0063653,0.00434994,0,0,0,0,0,0,0,0,0,0,0,0,0,0,0,0,0,0,0,0,0,0,0,255,0.26,6.05712,0.26,0.0160449,0.10351,1,1,1,1,0,1,1,-0.314647,-3.19958,0.192973,0.0336876,-0.00542266,0.101671,14.4011,9775,1,367,106.7,2444,0,0.000884653,0.0373428,0.0230864,0,0,0,1,300,0.265,-1.51599e-05,0.00143796,0.000381059,4.01737e-06,0.0003659,-7.61075e-05,-0.178221,0.0595532,0.00190873,0.196738,-0.215826,-0.00828652,0.0230547,0.0203597,14.2342,0,0,0,0,0,0,-1,1,-9.04588e-07,-3.41781e-06,-0.215783,0,14.5978,1,1010,1010,1010,1010,0,0,0,0,14.602,51,0.00126178,0.0927702,51,0.000675869,0.017923,56,-0.00950445,0.088431,9,0.0410457,0.127647,4,0.0107206,0.117014,8,-0.0222419,0.108182,9,0.0668919,0.140509,56,0.00881771,0.107669,56,-0.0229164,0.0947759
4707608148096,4707600112000,4707600112000,4707608135392,73729,8.02339,4707617283838,17.1718,0,10565,38643,0,0,1,0,0,0.012013,309,308,301,0.977273,2.60406,2.72047,0.515319,0.205909,-0.00410461,0.245056,-0.000263248,8.19581e-05,-0.0097228,0.161172,1,0.00682245,0.0219136,-0.0219136,0.00682245,1,1,-0.0128795,0.0100034,-0.00903409,-0.0031809,0,0,0,0,0,0,0,0,0,0,0,0,0,0,0,0,0,0,0,0,0,0,0,255,0.26,7.41845,0.26,-0.000409506,-0.00118176,1,1,1,2,0,1,1,-0.314647,-3.19958,0.192973,0.0336876,-0.00542266,0.101671,25.2341,9775,1,367,117.533,2444,0,0.000884653,0.0373428,0.0230864,0,0,0,1,301,0.265,-0.000223198,6.92346e-05,1.83472e-05,5.91474e-05,3.0236e-05,5.39323e-05,-0.17819,0.0596071,0.00161546,0.196102,-0.215328,-0.0170431,-0.0168588,0.0246701,10.6094,2,0,0,0,0,0,-1,1,-9.04588e-07,-3.41781e-06,-0.215783,0,25.4265,1,1010,1010,1010,1010,0,0,0,0,25.4307,55,-0.00452341,-0.00108948,50,-0.0387223,-0.0557562,56,-0.022313,0.0194871,9,0.0724121,0.0766673,2,0,0,9,-0.058341,0.0384547,8,0.0004588,0.0234617,56,-0.00190279,0.024198,56,-0.036614,0.0206748
4707617794360,4707608109000,4707608109000,4707617774786,73729,9.66579,4707626932935,18.8239,0,10565,38644,0,0,1,0,0,0.007997,307,306,299,0.977124,2.54598,2.72993,0.552245,0.207242,0.0973511,0.15564,9.49907e-05,-0.000106743,0.0890956,0.270757,1,-0.0133479,-0.0118783,0.0118783,-0.0133479,1,1,0.0186098,-0.00595268,-0.0067315,-0.00739522,0,0,0,0,0,0,0,0,0,0,0,0,0,0,0,0,0,0,0,0,0,0,0,255,0.26,7.33884,0.26,0.0285065,0.0231386,1,1,1,1,1,1,1,-0.314647,-3.19958,0.192973,0.0336876,-0.00542266,0.101671,34.8831,9775,1,367,127.182,2444,0,0.000884653,0.0373428,0.0230864,0,0,0,1,299,0.265,8.02305e-05,-9.07648e-05,-2.40527e-05,-2.12611e-05,-2.75962e-05,-1.57288e-05,-0.178218,0.0595914,0.00146991,0.195836,-0.215289,-0.0187615,-0.0391946,0.0135324,9.43867,1,0,0,0,0,0,-1,1,-9.04588e-07,-3.41781e-06,-0.215783,0,35.0949,1,1010,1010,1010,1010,0,0,0,0,35.0991,56,-0.0126208,-0.00611828,49,0.0166895,-0.11105,56,-0.0178779,-0.0146511,9,0.0190936,0.0527604,1,0,0,8,-0.0150479,0.0374452,8,0.111413,0.0620993,56,0.0309854,0.0198161,56,-0.0126153,-0.0104462
4707628152612,4707620086000,4707620086000,4707628133612,73729,8.04761,4707636485347,16.3993,0,10565,38645,0,0,1,0,0,0.011977,294,292,291,0.996575,2.492,2.60002,0.509245,0.204854,0.26825,0.513641,0.000411528,0.00053615,0.0572727,0.140831,1,0.044765,-0.0343598,0.0343598,0.044765,1,1,0.036284,0.0495308,-0.00192419,-0.00476582,0,0,0,0,0,0,0,0,0,0,0,0,0,0,0,0,0,0,0,0,0,0,0,255,0.26,7.55754,0.26,0.0501296,0.0896095,1,1,1,2,0,1,1,-0.314647,-3.19958,0.192973,0.0336876,-0.00542266,0.101671,44.4382,9775,1,367,136.737,2444,0,0.000884653,0.0373428,0.0230864,0,0,0,1,291,0.265,0.000348862,0.000454386,0.000120412,-9.24485e-05,9.56113e-05,-0.00011554,-0.178122,0.0594758,0.00153258,0.195713,-0.215279,-0.00552858,-0.0252589,0.00373568,9.36917,1,0,0,0,0,0,-1,1,-9.04588e-07,-3.41781e-06,-0.215783,0,44.6283,1,1010,1010,1010,1010,0,0,0,0,44.6325,39,0.0388924,0.0510048,54,0.030768,-0.0087061,56,0.019118,0.0507685,11,0.0884754,0.0912147,2,0,0,9,0.0174899,0.0671426,8,0.035185,0.0471664,56,0.0502775,0.0591219,56,0.0243299,0.0508427
4707637006814,4707628106000,4707628106000,4707636985740,73729,8.87974,4707645610978,17.505,0,10565,38646,0,0,1,0,0,0.00802,295,295,289,0.979661,2.53863,3.00515,0.4913,0.214354,0.475464,0.82515,0.00070545,0.0010438,0.0356703,0.246208,1,0.13015,-0.0879614,0.0879614,0.13015,1,1,0.089961,0.135102,-0.00199964,-0.00495272,0,0,0,0,0,0,0,0,0,0,0,0,0,0,0,0,0,0,0,0,0,0,0,255,0.25,6.22699,0.25,-0.162306,-0.0314573,1,1,1,1,0,1,1,-0.314647,-3.19958,0.192973,0.0336876,-0.00542266,0.101671,53.5617,9775,1,367,145.86,2444,0,0.000884653,0.0373428,0.0230864,0,0,0,1,289,0.255,0.000598539,0.000884798,0.000225623,-0.000152627,0.000183559,-0.000196372,-0.177939,0.0592795,0.00153258,0.195713,-0.215279,-0.00552858,-0.0252589,0.00373568,18.5078,0,0,0,0,0,0,-1,1,-9.04588e-07,-3.41782e-06,-0.215031,0,0.178094,1,1010,1010,1010,1010,0,0,0,0,0.182242,43,0.111501,0.140802,51,0.0654627,0.00729247,56,0.071066,0.149857,8,0.250207,0.224356,2,0,0,11,0.0534646,0.181999,6,0.212098,0.19166,56,0.121023,0.166438,56,0.0667595,0.149808
4707648156869,4707640079000,4707640079000,4707648136443,73729,8.05744,4707657277944,17.1989,0,10565,38647,0,0,1,0,0,0.011973,305,305,266,0.872131,2.52021,2.82676,0.509411,0.184613,0.605347,1.10808,0.000764916,0.00170017,-0.00531377,0.173579,1,0.142,-0.0638867,0.0638867,0.142,1,1,0.0633255,0.141869,0.000561227,0.000131873,0,0,0,0,0,0,0,0,0,0,0,0,0,0,0,0,0,0,0,0,0,0,0,255,0.26,7.10956,0.26,0.193689,0.225695,1,1,1,2,0,1,1,-0.31385,-3.20038,0.192636,0.0492156,-0.0178019,0.0916395,11.6504,9776,1,367,157.526,2444,0,0.000884653,0.0373428,0.0230864,0,0,0,1,266,0.265,0.000649222,0.00144139,0.000381969,-0.000172044,0.000329251,-0.000248026,-0.17761,0.0590314,0.00185501,0.195932,-0.215073,0.016557,0.000698928,0.010866,11.4867,1,0,0,0,0,0,-1,1,-9.04588e-07,-3.41782e-06,-0.215031,0,11.8379,1,1010,1010,1010,1010,0,0,0,0,11.8421,56,0.104314,0.119348,46,-0.0334117,0.0832598,55,0.0597685,0.161205,3,0.125348,0.114925,1,0,0,8,0.0454997,0.196241,0,0,0,56,0.101531,0.164673,41,0.0626479,0.167689
4707657801985,4707648108000,4707648108000,4707657778022,73729,9.67002,4707666346000,18.238,0,10565,38648,0,0,1,0,0,0.008029,302,302,279,0.923841,2.53445,2.79284,0.491134,0.189835,0.718475,1.36955,0.000867929,0.00192436,0.0531614,0.38927,1,0.239676,-0.108099,0.108099,0.239676,1,1,0.106383,0.228368,0.00171615,0.0113079,0,0,0,0,0,0,0,0,0,0,0,0,0,0,0,0,0,0,0,0,0,0,0,255,0.26,6.70456,0.26,0.149586,0.289783,1,1,1,1,0,1,1,-0.31385,-3.20038,0.192636,0.0492156,-0.0178019,0.0916395,20.7218,9776,1,367,166.597,2444,0,0.000884653,0.0373428,0.0230864,0,0,0,1,279,0.265,0.000736595,0.00163137,0.000432313,-0.000195198,0.000372555,-0.000280851,-0.177237,0.0587506,0.00328535,0.197771,-0.214303,0.054678,0.0599318,0.036466,8.85878,2,0,0,0,0,0,-1,1,-9.04588e-07,-3.41782e-06,-0.215031,0,20.9152,1,1010,1010,1010,1010,0,0,0,0,20.9193,53,0.187222,0.203453,49,-0.0263349,0.113523,52,0.0961699,0.289959,1,0,0,2,0,0,9,0.0751287,0.324719,1,0,0,56,0.175564,0.283593,56,0.105902,0.265337
4707668155089,4707660082000,4707660082000,4707668135570,73729,8.05357,4707678716009,18.634,0,10565,38649,0,0,1,0,0,0.011974,304,304,296,0.973684,2.50704,2.93401,0.524671,0.206761,0.712341,1.99063,0.000777362,0.00267302,0.0131704,0.346295,1,0.223235,-0.0649208,0.0649208,0.223235,1,1,0.0601934,0.193023,0.00472745,0.0302123,0,0,0,0,0,0,0,0,0,0,0,0,0,0,0,0,0,0,0,0,0,0,0,255,0.26,6.91935,0.26,0.0273703,0.184764,1,1,1,1,1,1,1,-0.31385,-3.20038,0.192636,0.0492156,-0.0178019,0.0916395,33.0888,9776,1,367,178.964,2444,0,0.000884653,0.0373428,0.0230864,0,0,0,1,296,0.265,0.000659851,0.00226584,0.000600446,-0.000174861,0.000537798,-0.000295767,-0.176699,0.0584548,0.0042506,0.200017,-0.213913,0.0862107,0.160125,0.0489242,9.45974,1,0,0,0,0,0,-1,1,-9.04588e-07,-3.41782e-06,-0.215031,0,33.289,1,1010,1010,1010,1010,0,0,0,0,33.2932,55,0.115818,0.189061,51,-0.0410953,0.10214,49,0.0646863,0.225839,10,0.177987,0.27303,0,0,0,12,0.0201864,0.313037,7,0.210674,0.285396,56,0.110495,0.265781,56,0.0343975,0.256907
4707679294680,4707668106000,4707668106000,4707679275662,73729,11.1697,4707688615294,20.5093,0,10565,38650,0,0,1,0,0,0.008024,303,303,270,0.891089,2.49902,3.07714,0.533874,0.194261,0.744034,2.89377,0.000896252,0.00382988,-0.0238486,0.677589,1,0.477303,-0.111696,0.111696,0.477303,1,1,0.109,0.430098,0.00269664,0.0472052,0,0,0,0,0,0,0,0,0,0,0,0,0,0,0,0,0,0,0,0,0,0,0,255,0.26,7.87936,0.26,0.0515949,0.400042,1,1,1,1,0,1,1,-0.31385,-3.20038,0.192636,0.0492156,-0.0178019,0.0916395,42.9891,9776,1,367,188.864,2444,0,0.000884653,0.0373428,0.0230864,0,0,0,1,270,0.265,0.000760643,0.0032462,0.000860243,-0.00020157,0.00078055,-0.000375522,-0.175919,0.0580793,0.00470925,0.202898,-0.213552,0.0756084,0.250187,0.049053,9.7341,1,0,0,0,0,0,-1,1,-9.04588e-07,-3.41782e-06,-0.215031,0,43.1795,1,1010,1010,1010,1010,0,0,0,0,0.18002,48,0.147628,0.453412,46,0.0365512,0.216675,35,0.0846451,0.44751,8,0.421302,0.748815,0,0,0,10,0.000980439,0.658184,11,0.480109,0.600944,56,0.165373,0.549639,56,0.0185656,0.551053
4707689107002,4707680079000,4707680079000,4707689087224,73729,9.00822,4707698208947,18.1299,0,10565,38651,0,0,1,0,0,0.011973,311,310,274,0.883871,2.57091,2.99136,0.574968,0.200558,0.289932,3.31416,0.000246351,0.0054169,0.0218619,0.227164,1,0.452426,-0.0205755,0.0205755,0.452426,1,1,0.0264174,0.417321,-0.00584189,0.0351048,0,0,0,0,0,0,0,0,0,0,0,0,0,0,0,0,0,0,0,0,0,0,0,255,0.26,7.54214,0.26,-0.0667423,0.235662,1,1,1,0,0,1,1,-0.311831,-3.20137,0.191657,0.0605982,-0.0121675,0.0831786,0.573579,9777,1,367,0.534505,2445,0,0.000884653,0.0356495,0.0243117,0,0,0,1,274,0.265,0.000209431,0.00459234,0.00121697,-5.54992e-05,0.00115265,-0.000306443,-0.174766,0.0577729,0.00427157,0.205164,-0.2133,0.003062,0.186056,0.0272192,0.37704,2,0,0,0,0,0,-1,1,-9.04588e-07,-3.41781e-06,-0.213269,0,0.751747,1,1010,1010,1010,1010,0,0,0,0,9.75782,47,0.0728498,0.427557,29,-0.0389478,0.310332,56,-0.000967693,0.443385,8,0.183646,0.544985,0,0,0,14,-0.0121022,0.501806,8,0.148305,0.515929,56,0.0637012,0.494168,56,-0.00809718,0.479149
4707698703599,4707688159000,4707688159000,4707698683339,73729,10.5243,4707708061787,19.9028,0,10565,38652,0,0,1,0,0,0.00808,318,317,301,0.949527,2.53913,2.95675,0.540467,0.229947,-0.00668335,2.16388,-0.00024655,0.00309799,0.102713,0.423533,1,0.383414,0.0305136,-0.0305136,0.383414,1,1,-0.022895,0.35865,-0.00761863,0.0247643,0,0,0,0,0,0,0,0,0,0,0,0,0,0,0,0,0,0,0,0,0,0,0,255,0.26,6.97458,0.26,-0.0987374,0.11586,1,1,1,1,0,1,1,-0.311831,-3.20137,0.191657,0.0605982,-0.0121675,0.0831786,10.4322,9777,1,367,10.3932,2445,0,0.000884653,0.0356495,0.0243117,0,0,0,1,301,0.265,-0.000209044,0.00262636,0.000695985,5.53967e-05,0.000677721,-9.01097e-05,-0.174088,0.0576827,0.00427157,0.205164,-0.2133,-0.0177675,0.131251,0.0180889,10.197,0,0,0,0,0,0,-1,1,-9.04588e-07,-3.41781e-06,-0.213269,0,10.6375,1,1010,1010,1010,1010,0,0,0,0,19.6436,48,-0.00269316,0.373576,48,0.0299833,0.173968,56,-0.0665958,0.370425,12,0.065311,0.573909,0,0,0,18,-0.126021,0.482503,7,0.174383,0.503994,56,0.020461,0.437035,56,-0.0807684,0.403969
4707708582865,4707700082000,4707700082000,4707708562828,73729,8.48083,4707720847725,20.7657,0,10565,38653,0,0,1,0,0,0.011923,315,312,281,0.900641,2.51632,3.66523,0.515912,0.203965,-0.185699,1.30731,-0.000483771,0.00120302,0.149109,0.3442,1,0.100899,0.0405746,-0.0405746,0.100899,1,1,-0.0308389,0.0885783,-0.00973571,0.0123209,0,0,0,0,0,0,0,0,0,0,0,0,0,0,0,0,0,0,0,0,0,0,0,255,0.26,6.70405,0.26,-0.0510087,-0.0953929,1,1,1,1,0,1,1,-0.311831,-3.20137,0.191657,0.0605982,-0.0121675,0.0831786,23.214,9777,1,367,23.1749,2445,0,0.000884653,0.0356495,0.0243117,0,0,0,1,281,0.265,-0.000410606,0.00101973,0.000270227,0.000108811,0.00028165,5.02837e-05,-0.173807,0.057733,0.00351271,0.205774,-0.213468,-0.0511794,0.0653007,0.000335872,12.6191,1,0,0,0,0,0,-1,1,-9.04588e-07,-3.41781e-06,-0.213269,0,23.4034,1,1010,1010,1010,1010,0,0,0,0,32.4095,43,-0.0424725,0.104363,50,-0.0285854,0.00708196,49,-0.0839881,0.0980932,6,0.0917505,0.24359,0,0,0,19,-0.0897822,0.167384,2,0,0,56,0.0172141,0.156303,56,-0.0679694,0.111951
4707721300673,4707708111000,4707708111000,4707721283155,73729,13.1722,4707730661954,22.551,0,10565,38654,0,0,1,0,0,0.008029,322,322,285,0.885093,2.5313,3.18656,0.508356,0.201576,-0.426758,1.58118,-0.000957649,0.0017143,0.116082,0.498015,1,0.213514,0.119274,-0.119274,0.213514,1,1,-0.110324,0.203868,-0.00895011,0.00964559,0,0,0,0,0,0,0,0,0,0,0,0,0,0,0,0,0,0,0,0,0,0,0,255,0.26,-0.909971,0.26,-0.0715137,0.117424,1,1,1,1,1,1,1,-0.311831,-3.20137,0.191657,0.0605982,-0.0121675,0.0831786,33.0354,9777,1,367,32.9964,2445,0,0.000884653,0.0356495,0.0243117,0,0,0,1,285,0.265,-0.000812542,0.0014528,0.000384992,0.000215324,0.000414062,0.000130385,-0.173393,0.0578634,0.00252424,0.206295,-0.21394,-0.0813353,0.0511216,-0.0271198,9.65199,1,0,0,0,0,0,-1,1,-9.04588e-07,-3.41781e-06,-0.213269,0,33.2395,1,1010,1010,1010,1010,0,0,0,0,42.2456,39,-0.163636,0.246482,49,-0.051304,0.0328055,46,-0.170252,0.221761,14,0.0606075,0.401149,0,0,0,19,-0.180058,0.303335,10,0.101589,0.327137,56,-0.0763546,0.254154,52,-0.199858,0.228455
4707731238810,4707720083000,4707720083000,4707731216570,73729,11.1336,4707741729989,21.647,0,10565,38655,0,0,1,0,0,0.011972,302,301,291,0.966777,2.50809,3.07588,0.559394,0.202779,-0.445496,1.62772,-0.000667838,0.00232444,0.0964265,0.166307,1,0.194156,0.0557834,-0.0557834,0.194156,1,1,-0.0511876,0.189713,-0.0045958,0.00444358,0,0,0,0,0,0,0,0,0,0,0,0,0,0,0,0,0,0,0,0,0,0,0,255,0.26,9.02817,0.26,-0.00260951,0.119602,1,1,1,1,0,1,1,-0.311831,-3.20137,0.191657,0.0605982,-0.0121675,0.0831786,44.0976,9777,1,367,44.0586,2445,0,0.000884653,0.0356495,0.0243117,0,0,0,1,291,0.265,-0.000566555,0.00197054,0.000522193,0.000150137,0.000531424,3.79783e-05,-0.172861,0.0579014,0.00191407,0.206218,-0.214325,-0.080164,0.0235509,-0.044645,10.8924,1,0,0,0,0,0,-1,1,-9.04588e-07,-3.41781e-06,-0.214295,0,0.17965,1,1010,1010,1010,1010,0,0,0,0,0.183372,51,-0.0294963,0.208508,51,-0.0181148,0.0823412,30,-0.0824291,0.178066,15,-0.0128504,0.265501,0,0,0,22,-0.0897759,0.22544,10,0.00929178,0.272072,56,-0.047757,0.230831,56,-0.0924898,0.213027
4707742234567,4707728101000,4707728101000,4707742212808,73729,14.1118,4707751239752,23.1388,0,10565,38656,0,0,1,0,0,0.008018,310,308,300,0.974026,2.52178,3.07638,0.491078,0.208983,-0.174881,1.23213,-0.000296411,0.00187107,0.0913502,0.245792,1,0.233359,0.0369682,-0.0369682,0.233359,1,1,-0.0356883,0.239643,-0.00127986,-0.00628388,0,0,0,0,0,0,0,0,0,0,0,0,0,0,0,0,0,0,0,0,0,0,0,255,0.26,-0.292169,0.26,0.0519735,0.180763,1,1,1,1,0,1,1,-0.309864,-3.20189,0.190723,0.0607348,-0.0104623,0.0975903,9.50984,9778,1,367,53.5836,2445,0,0.000884653,0.0356495,0.0243117,0,0,0,1,300,0.265,-0.000251491,0.00158607,0.000420308,6.66451e-05,0.000416262,-2.24058e-05,-0.172445,0.057879,0.00178459,0.205335,-0.214335,-0.0470702,-0.0333046,-0.0322296,9.33311,1,0,0,0,0,0,-1,1,-9.04588e-07,-3.41781e-06,-0.214295,0,9.70819,1,1010,1010,1010,1010,0,0,0,0,9.71191,56,-0.03479,0.24317,47,-0.0389724,0.122661,37,-0.0674294,0.229693,19,0.0379283,0.301926,0,0,0,20,-0.0504283,0.275735,9,0.0568525,0.308467,56,-0.0271779,0.273669,56,-0.0826901,0.249202
4707751764238,4707740117000,4707740117000,4707751743071,73729,11.6261,4707762574623,22.4576,0,10565,38657,0,0,1,0,0,0.012016,327,326,318,0.97546,2.50515,3.11723,0.509338,0.221132,0.0901718,0.57724,0.000105314,0.000760426,0.0335679,0.131789,1,0.0632845,-0.00876444,0.00876444,0.0632845,1,1,0.00967565,0.0873816,-0.000911212,-0.0240972,0,0,0,0,0,0,0,0,0,0,0,0,0,0,0,0,0,0,0,0,0,0,0,255,0.26,-0.942156,0.26,0.0911097,0.0490701,1,1,1,1,0,1,1,-0.309864,-3.20189,0.190723,0.0607348,-0.0104623,0.0975903,20.8351,9778,1,367,64.9089,2445,0,0.000884653,0.0356495,0.0243117,0,0,0,1,318,0.265,8.93607e-05,0.000644543,0.000170804,-2.36806e-05,0.000158426,-5.86722e-05,-0.172287,0.0578203,0.00197314,0.203404,-0.21405,-0.00872347,-0.127715,-0.00311524,11.1171,1,0,0,0,0,0,-1,1,-9.04588e-07,-3.41781e-06,-0.214295,0,21.04,1,1010,1010,1010,1010,0,0,0,0,21.0437,55,0.0215815,0.0751794,48,-0.0101181,0.0163624,48,0.00610398,0.0624498,24,-0.00203537,0.104671,0,0,0,22,-0.00274407,0.0807056,9,0.0540539,0.0966617,56,0.0091504,0.0748367,56,-0.00749511,0.0689619
4707763104702,4707748109000,4707748109000,4707763083979,73729,14.975,4707772888171,24.7792,0,10565,38658,0,0,1,0,0,0.007992,321,319,316,0.990596,2.528,3.07091,0.566819,0.218798,0.208771,-0.205925,0.000186359,-0.000730504,0.00309133,0.266055,1,-0.0914043,-0.0233182,0.0233182,-0.0914043,1,1,0.0248859,-0.0523435,-0.00156771,-0.0390609,0,0,0,0,0,0,0,0,0,0,0,0,0,0,0,0,0,0,0,0,0,0,0,255,0.26,0.265317,0.26,0.0842819,-0.021961,1,1,1,1,0,1,1,-0.309864,-3.20189,0.190723,0.0607348,-0.0104623,0.0975903,31.1617,9778,1,367,75.2355,2445,0,0.000884653,0.0356495,0.0243117,0,0,0,1,316,0.265,0.000157824,-0.000619707,-0.000164222,-4.18233e-05,-0.000166141,-6.73887e-06,-0.172453,0.0578136,0.00223462,0.20108,-0.213718,0.0147085,-0.207023,0.0184139,10.1304,1,0,0,0,0,0,-1,1,-9.04588e-07,-3.41781e-06,-0.214295,0,31.3723,1,1010,1010,1010,1010,0,0,0,0,31.3761,53,-0.011423,-0.114227,55,0.0344649,-0.0736945,39,0.0367565,-0.130879,20,0.0691477,-0.0512061,0,0,0,28,0.0318869,-0.0917088,9,0.0947636,-0.0689618,56,0.0258075,-0.0900756,56,0.00342101,-0.0984246
4707773436250,4707760083000,4707760083000,4707773415712,73729,13.3327,4707784249616,24.1666,0,10565,38659,0,0,1,0,0,0.011974,326,324,316,0.975309,2.57871,2.96025,0.544338,0.221076,0.219498,-0.518814,6.02522e-05,-0.0013491,-0.0127908,0.220487,1,-0.112669,-0.00503192,0.00503192,-0.112669,1,1,0.0044663,-0.0689128,0.000565615,-0.0437565,0,0,0,0,0,0,0,0,0,0,0,0,0,0,0,0,0,0,0,0,0,0,0,255,0.26,0.415522,0.26,0.0285235,0.058378,1,1,1,1,1,1,1,-0.309864,-3.20189,0.190723,0.0607348,-0.0104623,0.0975903,42.5257,9778,1,367,86.5995,2445,0,0.000884653,0.0356495,0.0243117,0,0,0,1,316,0.265,5.08975e-05,-0.00114438,-0.000303261,-1.34878e-05,-0.000293387,4.98676e-05,-0.172746,0.0578634,0.0023704,0.19889,-0.213701,0.0173399,-0.23191,0.0114737,11.1537,1,0,0,0,0,0,-1,1,-9.04588e-07,-3.41781e-06,-0.214295,0,42.7324,1,1010,1010,1010,1010,0,0,0,0,42.7362,53,-0.0152846,-0.139877,50,0.022546,-0.0723491,42,0.0267694,-0.127269,24,0.0407571,-0.0971184,0,0,0,26,0.0174159,-0.105905,9,0.0643989,-0.104233,56,0.0187206,-0.110053,56,-0.010965,-0.115136
4707784866566,4707776162000,4707776162000,4707784857862,73729,8.69586,4707795036205,18.8742,1,10566,38660,0,0,1,0,0,0.016079,324,323,304,0.941176,2.58428,3.33155,0.539838,0.217964,0.321915,-0.70742,0.000233656,-0.00231637,0.0575598,0.425568,1,-0.144062,-0.0145318,0.0145318,-0.144062,1,1,0.00686311,-0.101306,0.00766864,-0.0427562,0,0,0,0,0,0,0,0,0,0,0,0,0,0,0,0,0,0,0,0,0,0,0,255,0.26,1.69164,0.26,0.0199784,0.157561,1,1,1,1,0,1,1,-0.30786,-3.20215,0.191985,0.0681712,-0.00867561,0.135862,2.59608,9779,1,367,97.3629,2445,0,0.000884653,0.0356495,0.0243117,0,0,0,1,304,0.265,0.00019754,-0.00196507,-0.000520743,-5.23481e-05,-0.000510393,5.74867e-05,-0.173256,0.0579209,0.0023801,0.194523,-0.214256,0.00828006,-0.226608,-0.025891,2.43519,2,0,0,0,0,0,-1,1,-9.04588e-07,-3.41781e-06,-0.214203,0,2.79443,1,1010,1010,1010,1010,0,0,0,0,2.79849,52,0.00037731,-0.193946,40,0.038471,-0.100577,40,0.0314053,-0.179628,22,0.053768,-0.109602,0,0,0,27,0.0102288,-0.122424,11,0.0754004,-0.121843,56,0.0284919,-0.14382,56,-0.00580313,-0.14379
4707796147140,4707788102000,4707788102000,4707796129566,73729,8.02757,4707805559013,17.457,0,10566,38661,0,0,1,0,0,0.01194,315,314,309,0.984076,2.51859,2.80613,0.483596,0.21115,0.162262,-0.310028,0.00013946,-0.00100194,0.0324485,0.325139,1,-0.0839149,-0.0116801,0.0116801,-0.0839149,1,1,0.00236081,-0.0415367,0.00931925,-0.0423781,0,0,0,0,0,0,0,0,0,0,0,0,0,0,0,0,0,0,0,0,0,0,0,255,0.26,2.80893,0.26,0.0121755,0.20198,1,1,1,1,0,1,1,-0.30786,-3.20215,0.191985,0.0681712,-0.00867561,0.135862,13.1478,9779,1,367,107.915,2445,0,0.000884653,0.0356495,0.0243117,0,0,0,1,309,0.265,0.000118039,-0.000850132,-0.000225285,-3.12803e-05,-0.000222647,1.64349e-05,-0.173479,0.0579374,0.0023801,0.194523,-0.214256,0.00462248,-0.224604,-0.0358156,12.9542,0,0,0,0,0,0,-1,1,-9.04588e-07,-3.41781e-06,-0.214203,0,13.3488,1,1010,1010,1010,1010,0,0,0,0,13.3528,54,-0.00795206,-0.104085,52,-0.0159575,-0.0462905,42,0.0348683,-0.116375,19,0.064003,-0.0560957,0,0,0,21,0.0134825,-0.0724997,9,0.0689608,-0.0578941,56,0.0160384,-0.0769755,56,-0.00933863,-0.0788
4707806119555,4707796107000,4707796107000,4707806100851,73729,9.99385,4707815958580,19.8516,0,10566,38662,0,0,1,0,0,0.008005,330,328,320,0.97561,2.66715,2.94065,0.435059,0.222854,0.41185,-0.318962,0.000465582,-0.00108824,0.0545879,0.558119,1,-0.135945,-0.0581614,0.0581614,-0.135945,1,1,0.0493577,-0.0902015,0.00880376,-0.0457436,0,0,0,0,0,0,0,0,0,0,0,0,0,0,0,0,0,0,0,0,0,0,0,255,0.25,2.59995,0.25,0.00342622,0.057117,1,1,1,1,0,1,1,-0.30786,-3.20215,0.191985,0.0681712,-0.00867561,0.135862,23.5846,9779,1,367,118.351,2445,0,0.000884653,0.0356495,0.0243117,0,0,0,1,320,0.255,0.000394646,-0.000923376,-0.000235461,-0.000100635,-0.000247287,-4.91915e-05,-0.173726,0.0578882,0.00264652,0.192153,-0.21421,0.00943841,-0.233292,-0.0283686,10.1905,1,0,0,0,0,0,-1,1,-9.04588e-07,-3.41781e-06,-0.214203,0,23.8026,1,1010,1010,1010,1010,0,0,0,0,23.8066,56,0.0540878,-0.173899,48,0.0625062,-0.0954371,55,0.0650145,-0.190863,20,0.0846075,-0.0539528,0,0,0,20,0.0498795,-0.121292,9,0.14504,-0.0977783,56,0.0804848,-0.122031,56,0.0271499,-0.127197
4707816579678,4707808120000,4707808120000,4707816560270,73729,8.44027,4707826192498,18.0725,0,10566,38663,0,0,1,0,0,0.012013,315,313,302,0.964856,2.55221,2.80752,0.52156,0.21215,0.521729,-0.242203,0.000500275,-0.000724337,-0.0302288,0.383882,1,-0.0602961,-0.0416445,0.0416445,-0.0602961,1,1,0.0376351,-0.0155434,0.00400941,-0.0447527,0,0,0,0,0,0,0,0,0,0,0,0,0,0,0,0,0,0,0,0,0,0,0,255,0.26,2.90452,0.26,0.000764586,0.140311,1,1,1,1,0,1,1,-0.30786,-3.20215,0.191985,0.0681712,-0.00867561,0.135862,33.7593,9779,1,367,128.526,2445,0,0.000884653,0.0356495,0.0243117,0,0,0,1,302,0.265,0.000424363,-0.000614877,-0.000162942,-0.000112456,-0.000180289,-7.59484e-05,-0.173907,0.0578122,0.00322615,0.189901,-0.213698,0.0308609,-0.23719,0.00768883,9.98616,1,0,0,0,0,0,-1,1,-9.04588e-07,-3.41781e-06,-0.214203,0,33.9733,1,1010,1010,1010,1010,0,0,0,0,33.9774,54,0.0438736,-0.0864674,45,0.0104421,-0.0286626,43,0.0593629,-0.0904945,15,0.0813835,-0.0431354,0,0,0,23,0.0354381,-0.0430731,10,0.105168,-0.0333204,56,0.0543028,-0.0529995,56,0.029181,-0.0513037
4707826722891,4707816127000,4707816127000,4707826703557,73729,10.5766,4707835749150,19.6221,0,10566,38664,0,0,1,0,0,0.008007,327,326,318,0.97546,2.56982,2.91491,0.445041,0.223872,0.566406,-0.150925,0.000714705,-0.000547143,-0.0789542,0.555506,1,-0.068333,-0.0892601,0.0892601,-0.068333,1,1,0.0919783,-0.0233695,-0.00271827,-0.0449635,0,0,0,0,0,0,0,0,0,0,0,0,0,0,0,0,0,0,0,0,0,0,0,255,0.26,2.88876,0.26,0.206215,0.378244,1,1,1,1,1,1,1,-0.30786,-3.20215,0.191985,0.0681712,-0.00867561,0.135862,43.3447,9779,1,367,138.112,2445,0,0.000884653,0.0356495,0.0243117,0,0,0,1,318,0.265,0.000606499,-0.000464634,-0.000123128,-0.000160722,-0.000152281,-0.00013162,-0.174059,0.0576806,0.00494157,0.185126,-0.212042,0.0620519,-0.238307,0.061167,7.92412,2,0,0,0,0,0,-1,1,-9.04588e-07,-3.41781e-06,-0.214203,0,43.5704,1,1010,1010,1010,1010,0,0,0,0,43.5744,56,0.106123,-0.113817,49,0.0395756,-0.0108388,47,0.113295,-0.135598,22,0.16996,-0.00647535,0,0,0,22,0.101807,-0.0492696,10,0.14508,-0.0847912,56,0.0955598,-0.0537413,56,0.0612381,-0.0512119
4707836405767,4707828092000,4707828092000,4707836384896,73729,8.2929,4707847448746,19.3567,0,10566,38665,0,0,1,0,0,0.011965,320,319,314,0.984326,2.51617,3.16641,0.481893,0.21541,0.599075,-0.275566,0.000673867,-0.000803324,-0.022164,0.385925,1,-0.0671395,-0.0563199,0.0563199,-0.0671395,1,1,0.0595659,-0.01793,-0.00324602,-0.0492095,0,0,0,0,0,0,0,0,0,0,0,0,0,0,0,0,0,0,0,0,0,0,0,255,0.25,2.41071,0.25,-0.064148,0.13046,1,1,1,1,0,1,1,-0.305191,-3.20259,0.193691,0.0764858,-0.00329692,0.138679,4.46842,9780,1,367,149.776,2445,0,0.000884653,0.0356495,0.0243117,0,0,0,1,314,0.255,0.00057171,-0.00068185,-0.000173872,-0.000145786,-0.000197918,-0.000106609,-0.174257,0.057574,0.00548767,0.182625,-0.211513,0.0652393,-0.250968,0.0654352,4.30039,1,0,0,0,0,0,-1,1,-9.04588e-07,-3.41781e-06,-0.21139,0,4.672,1,1010,1010,1010,1010,0,0,0,0,4.67685,54,0.0506455,-0.0660396,53,0.0398557,-0.063516,51,0.0748149,-0.0908323,21,0.0861229,-0.0457611,0,0,0,18,0.0416824,-0.0475263,5,0.0821917,-0.0752188,56,0.0656707,-0.0592277,56,0.0401784,-0.0629887
4707847966380,4707836121000,4707836121000,4707847947602,73729,11.8266,4707856963065,20.8421,0,10566,38666,0,0,1,0,0,0.008029,330,327,304,0.929664,2.50376,2.90762,0.557505,0.207539,0.332748,-0.132187,0.000417838,-0.000834906,0.00155621,0.505891,1,-0.103986,-0.0520411,0.0520411,-0.103986,1,1,0.0526266,-0.051344,-0.00058551,-0.0526423,0,0,0,0,0,0,0,0,0,0,0,0,0,0,0,0,0,0,0,0,0,0,0,255,0.25,3.79731,0.25,-0.137521,-0.000840384,1,1,1,1,0,1,1,-0.305191,-3.20259,0.193691,0.0764858,-0.00329692,0.138679,13.9858,9780,1,367,159.294,2445,0,0.000884653,0.0356495,0.0243117,0,0,0,1,304,0.255,0.000354087,-0.000708419,-0.000180647,-9.02923e-05,-0.000192815,-5.09612e-05,-0.17445,0.057523,0.00557491,0.179758,-0.211434,0.0342431,-0.268476,0.0297833,9.34671,1,0,0,0,0,0,-1,1,-9.04588e-07,-3.41781e-06,-0.21139,0,14.1862,1,1010,1010,1010,1010,0,0,0,0,14.1911,55,0.022637,-0.122743,47,0.056935,-0.0892362,43,0.0682327,-0.176301,23,0.0986597,-0.0355439,0,0,0,16,0.0414644,-0.110871,8,0.0772781,-0.0681565,56,0.0430066,-0.0977178,56,0.0187501,-0.0998813
4707857484958,4707848096000,4707848096000,4707857466791,73729,9.37079,4707867784228,19.6882,0,10566,38667,0,0,1,0,0,0.011975,326,323,313,0.96904,2.53741,2.85063,0.575097,0.215909,0.0718994,-0.530685,-0.000168298,-0.00132069,0.0279878,0.37111,1,-0.110288,0.0140542,-0.0140542,-0.110288,1,1,-0.0161847,-0.0545968,0.00213057,-0.0556909,0,0,0,0,0,0,0,0,0,0,0,0,0,0,0,0,0,0,0,0,0,0,0,255,0.25,3.15993,0.25,-0.0604398,0.198696,1,1,1,1,0,1,1,-0.305191,-3.20259,0.193691,0.0764858,-0.00329692,0.138679,24.8076,9780,1,367,170.116,2445,0,0.000884653,0.0356495,0.0243117,0,0,0,1,313,0.255,-0.000143194,-0.00112067,-0.00028577,3.65146e-05,-0.000267327,9.47874e-05,-0.174717,0.0576178,0.00533801,0.176939,-0.211649,-0.000936813,-0.284023,-0.00944217,10.6176,1,0,0,0,0,0,-1,1,-9.04588e-07,-3.41781e-06,-0.21139,0,25.0206,1,1010,1010,1010,1010,0,0,0,0,25.0255,55,-0.0314689,-0.116965,45,0.00591036,-0.0983451,56,-0.0115758,-0.140617,22,0.00941277,-0.0832807,0,0,0,16,-0.032556,-0.0895387,7,0.0378519,-0.0724997,56,-0.0160713,-0.106133,56,-0.0444703,-0.112967
4707868332881,4707856119000,4707856119000,4707868314899,73729,12.1959,4707877365844,21.2468,0,10566,38668,0,0,1,0,0,0.008023,329,328,315,0.960366,2.49763,2.96336,0.579764,0.219317,-0.208435,-0.486237,-0.000653475,-0.00137998,0.0405638,0.546451,1,-0.172003,0.0814502,-0.0814502,-0.172003,1,1,-0.0835284,-0.114984,0.0020782,-0.0570184,0,0,0,0,0,0,0,0,0,0,0,0,0,0,0,0,0,0,0,0,0,0,0,255,0.25,3.87533,0.25,-0.0715108,0.185282,1,1,1,1,0,1,1,-0.305191,-3.20259,0.193691,0.0764858,-0.00329692,0.138679,34.3878,9780,1,367,179.696,2445,0,0.000884653,0.0356495,0.0243117,0,0,0,1,315,0.255,-0.000554627,-0.00117092,-0.000298583,0.00014143,-0.000257631,0.00020009,-0.174975,0.0578179,0.00483633,0.174084,-0.211908,-0.030015,-0.290794,-0.032491,9.37915,1,0,0,0,0,0,-1,1,-9.04588e-07,-3.41781e-06,-0.21139,0,34.5946,1,1010,1010,1010,1010,0,0,0,0,34.5994,54,-0.119707,-0.185739,42,-0.0671336,-0.151882,56,-0.0375328,-0.226616,22,-0.0350385,-0.12345,0,0,0,21,-0.068519,-0.156705,8,-0.0228716,-0.166757,56,-0.0883748,-0.172609,56,-0.131475,-0.17569
4707877881478,4707868103000,4707868103000,4707877864163,73729,9.76116,4707889901854,21.7989,0,10566,38669,0,0,1,0,0,0.011984,322,319,309,0.968652,2.55741,2.89615,0.490505,0.216317,-0.414642,-0.567749,-0.000923368,-0.0014554,0.0523341,0.341241,1,-0.121445,0.0770501,-0.0770501,-0.121445,1,1,-0.0755418,-0.0625828,-0.00150829,-0.0588626,0,0,0,0,0,0,0,0,0,0,0,0,0,0,0,0,0,0,0,0,0,0,0,255,0.25,3.2454,0.25,-0.0527753,0.224003,1,1,1,1,1,1,1,-0.305191,-3.20259,0.193691,0.0764858,-0.00329692,0.138679,46.9207,9780,1,367,192.229,2445,0,0.000884653,0.0356495,0.0243117,0,0,0,1,309,0.255,-0.000783738,-0.00123492,-0.000314904,0.000199853,-0.000261176,0.000260617,-0.175236,0.0580785,0.00450728,0.171136,-0.211921,-0.0445924,-0.300199,-0.0295201,12.3365,1,0,0,0,0,0,-1,1,-9.04588e-07,-3.41781e-06,-0.21139,0,47.1231,1,1010,1010,1010,1010,0,0,0,0,0.192335,56,-0.104205,-0.117286,40,-0.0489992,-0.102722,56,-0.0576832,-0.151323,20,-0.0773792,-0.0798813,0,0,0,18,-0.0912061,-0.11199,7,-0.0534956,-0.087668,56,-0.0794962,-0.118196,56,-0.108462,-0.12263
4707890419803,4707876122000,4707876122000,4707890401766,73729,14.2798,4707899424710,23.3027,0,10566,38670,0,0,1,0,0,0.008019,324,323,314,0.972136,2.56771,2.98614,0.47367,0.217131,-0.294434,-0.520294,-0.000799667,-0.00129829,0.00860201,0.502759,1,-0.161902,0.0997215,-0.0997215,-0.161902,1,1,-0.0982132,-0.10304,-0.00150829,-0.0588626,0,0,0,0,0,0,0,0,0,0,0,0,0,0,0,0,0,0,0,0,0,0,0,255,0.25,5.65071,0.25,-0.0216327,0.2062,1,1,1,1,0,1,1,-0.302684,-3.20253,0.194651,0.0861846,0.000579809,0.120722,9.51311,9781,1,367,201.756,2445,0,0.000884653,0.0356495,0.0243117,0,0,0,1,314,0.255,-0.000678386,-0.00110161,-0.00028091,0.000172988,-0.000234099,0.000227312,-0.17547,0.0583058,0.00450728,0.171136,-0.211921,-0.0445924,-0.300199,-0.0295201,21.8612,0,0,0,0,0,0,-1,1,-9.04588e-07,-3.41781e-06,-0.211164,0,0.188353,1,1010,1010,1010,1010,0,0,0,0,9.71782,53,-0.0905999,-0.156528,46,-0.106434,-0.143934,56,-0.0798187,-0.214382,18,-0.0317407,-0.116101,0,0,0,22,-0.0916078,-0.130661,7,-0.043648,-0.116812,56,-0.115351,-0.152196,56,-0.148615,-0.16029
4707899938511,4707888126000,4707888126000,4707899920547,73729,11.7945,4707910626969,22.501,0,10566,38671,0,0,1,0,0,0.012004,323,323,313,0.96904,2.48795,3.01378,0.4688,0.22478,0.0684814,0.0928497,-0.00033061,-0.000142574,-0.059425,0.300803,1,-0.0118772,0.0275417,-0.0275417,-0.0118772,1,1,-0.0199239,0.0385869,-0.00761776,-0.0504641,0,0,0,0,0,0,0,0,0,0,0,0,0,0,0,0,0,0,0,0,0,0,0,255,0.25,4.58841,0.25,0.046003,0.317015,1,1,1,1,0,1,1,-0.302684,-3.20253,0.194651,0.0861846,0.000579809,0.120722,20.7139,9781,1,367,11.1539,2446,0,0.000884653,0.0381695,0.0231573,0,0,0,1,313,0.255,-0.000280197,-0.000121647,-3.102e-05,7.14502e-05,-1.49537e-05,7.62425e-05,-0.175485,0.0583821,0.00570081,0.16683,-0.210042,0.0120568,-0.257367,0.0407259,10.9901,2,0,0,0,0,0,-1,1,-9.04588e-07,-3.41781e-06,-0.211164,0,11.4001,1,1010,1010,1010,1010,0,0,0,0,20.9295,55,-0.0163785,-0.00658093,44,-0.0367652,-0.0173756,53,-0.00270429,-0.0400417,18,0.0278226,0.0183703,0,0,0,23,-0.038565,0.00123675,8,0.012361,-0.0094397,56,-0.0367965,-0.0100688,56,-0.0544566,-0.00364817
4707911149121,4707896118000,4707896118000,4707911132417,73729,15.0144,4707920214677,24.0967,0,10566,38672,0,0,1,0,0,0.007992,310,308,303,0.983766,2.50015,2.85356,0.43706,0.210335,0.161621,0.311462,-0.000116282,0.000333595,-0.0850293,0.410796,1,0.0417411,0.0145498,-0.0145498,0.0417411,1,1,0.00272877,0.0875551,-0.0172786,-0.045814,0,0,0,0,0,0,0,0,0,0,0,0,0,0,0,0,0,0,0,0,0,0,0,255,0.25,5.65612,0.25,0.0326708,0.349546,1,1,1,1,0,1,1,-0.302684,-3.20253,0.194651,0.0861846,0.000579809,0.120722,30.3057,9781,1,367,20.7456,2446,0,0.000884653,0.0381695,0.0231573,0,0,0,1,303,0.255,-9.84377e-05,0.000282352,7.19997e-05,2.51016e-05,7.47139e-05,9.84939e-06,-0.17541,0.0583919,0.00674628,0.164364,-0.208497,0.0653864,-0.233652,0.122806,9.411,1,0,0,0,0,0,-1,1,-9.04588e-07,-3.41781e-06,-0.211164,0,20.981,1,1010,1010,1010,1010,0,0,0,0,30.5105,54,-0.0122387,0.047753,41,0.0324379,0.00715131,56,0.00453998,0.0057947,15,0.0134487,0.0867039,0,0,0,19,-0.0409443,0.0406161,7,0.0148987,0.0812674,55,-0.0211201,0.0645395,56,-0.0438247,0.0553315
4707920735441,4707908090000,4707908090000,4707920716626,73729,12.6266,4707931498881,23.4089,0,10566,38673,0,0,1,0,0,0.011972,327,325,317,0.975385,2.52413,2.99486,0.466596,0.221205,0.152679,0.192825,-0.000104912,5.03057e-05,-0.0792254,0.284536,1,0.00420195,0.00876308,-0.00876308,0.00420195,1,1,0.00978899,0.0533592,-0.0185521,-0.0491573,0,0,0,0,0,0,0,0,0,0,0,0,0,0,0,0,0,0,0,0,0,0,0,255,0.25,5.20662,0.25,-0.0123486,0.280026,1,1,1,1,0,1,1,-0.302684,-3.20253,0.194651,0.0861846,0.000579809,0.120722,41.5915,9781,1,367,32.0315,2446,0,0.000884653,0.0381695,0.0231573,0,0,0,1,317,0.255,-8.86078e-05,4.20125e-05,1.07132e-05,2.2595e-05,1.5021e-05,1.99312e-05,-0.175395,0.0584119,0.00762642,0.16188,-0.207136,0.0766774,-0.250702,0.137034,11.104,1,0,0,0,0,0,-1,1,-9.04588e-07,-3.41781e-06,-0.211164,0,32.2718,1,1010,1010,1010,1010,0,0,0,0,41.8013,56,-4.14139e-05,0.0134396,44,-0.00726766,0.000188238,56,0.000356071,-0.0250258,18,-0.0106312,0.0353394,0,0,0,22,-0.0307199,0.0129041,9,0.0495614,0.0357678,56,-0.0126665,0.00896348,56,-0.0366318,0.00759466
4707932031070,4707916133000,4707916133000,4707931994644,73729,15.8616,4707941663687,25.5307,0,10566,38674,0,0,1,0,0,0.008043,335,328,323,0.984756,2.52237,3.19901,0.473578,0.219798,0.107147,-0.0337067,-0.000355775,-0.000358771,-0.126013,0.431385,1,-0.0446066,0.0442342,-0.0442342,-0.0446066,1,1,-0.0260308,0.00837361,-0.0182034,-0.0529802,0,0,0,0,0,0,0,0,0,0,0,0,0,0,0,0,0,0,0,0,0,0,0,255,0.25,6.61531,0.25,-0.0692895,0.240244,1,1,1,1,1,1,1,-0.302684,-3.20253,0.194651,0.0861846,0.000579809,0.120722,51.756,9781,1,367,42.1964,2446,0,0.000884653,0.0381695,0.0231573,0,0,0,1,323,0.255,-0.000301756,-0.000304925,-7.77557e-05,7.69478e-05,-5.93075e-05,9.10081e-05,-0.175454,0.0585029,0.00798308,0.159095,-0.206097,0.0515311,-0.270199,0.115495,9.95934,1,0,0,0,0,0,-1,1,-9.04588e-07,-3.41781e-06,-0.205195,0,0.131075,1,1010,1010,1010,1010,0,0,0,0,0.136187,55,-0.0577665,-0.0336447,46,-0.0043581,-0.0467908,56,-0.025185,-0.0734944,22,0.030052,-0.00197647,0,0,0,22,-0.0603873,-0.0341734,10,-0.0204266,-0.060303,56,-0.041106,-0.0310784,56,-0.0748159,-0.034247
4707942290636,4707928105000,4707928105000,4707942272432,73729,14.1674,4707954061788,25.9568,0,10566,38675,0,0,1,0,0,0.011972,337,333,324,0.972973,2.66961,4.18242,0.476782,0.223131,-0.250351,-0.162842,-0.000882059,-0.000779453,-0.0450904,0.318795,1,-0.0651063,0.0736769,-0.0736769,-0.0651063,1,1,-0.0547835,-0.0120812,-0.0188934,-0.0530252,0,0,0,0,0,0,0,0,0,0,0,0,0,0,0,0,0,0,0,0,0,0,0,255,0.25,6.70539,0.25,-0.128086,0.230787,1,1,1,1,0,1,1,-0.300229,-3.202,0.194351,0.0809418,0.014826,0.120899,12.2931,9782,1,367,54.6054,2446,0,0.000884653,0.0381695,0.0231573,0,0,0,1,324,0.255,-0.000748288,-0.000661743,-0.000168745,0.000190813,-0.000124033,0.00022074,-0.175578,0.0587236,0.00788865,0.156711,-0.205372,0.00814216,-0.270428,0.0835988,12.1046,1,0,0,0,0,0,-1,1,-9.04588e-07,-3.41781e-06,-0.205195,0,12.5024,1,1010,1010,1010,1010,0,0,0,0,12.5075,54,-0.0832424,-0.0496044,43,-0.0592468,-0.100352,56,-0.0645138,-0.0941276,25,-0.0358643,-0.022895,2,0,0,23,-0.0980284,-0.0425175,9,-0.040972,-0.0435712,56,-0.083968,-0.0580236,56,-0.107803,-0.0701475
4707954608959,4707948109000,4707948109000,4707954601459,73729,6.49246,4707965216380,17.1074,1,10567,38676,0,0,1,0,0,0.020004,322,319,282,0.884013,2.5395,3.26855,0.568838,0.203501,-1.61853,0.557724,-0.00389835,-0.000333767,-0.0451432,0.436506,1,-0.016685,0.194878,-0.194878,-0.016685,1,1,-0.173213,0.0277588,-0.0216651,-0.0444438,0,0,0,0,0,0,0,0,0,0,0,0,0,0,0,0,0,0,0,0,0,0,0,255,0.25,8.85591,0.25,-0.179565,0.323294,1,1,1,1,0,1,1,-0.300229,-3.202,0.194351,0.0809418,0.014826,0.120899,23.4557,9782,1,367,65.7679,2446,0,0.000884653,0.0381695,0.0231573,0,0,0,1,282,0.255,-0.00330719,-0.000285426,-7.27837e-05,0.000843333,0.000101885,0.000840129,-0.175477,0.0595637,0.00766613,0.155122,-0.204573,-0.0234402,-0.226664,0.0696413,10.9286,1,0,0,0,0,0,-1,1,-9.04588e-07,-3.41781e-06,-0.205195,0,23.6485,1,1010,1010,1010,1010,0,0,0,0,23.6536,46,-0.185223,-0.0149227,33,-0.209131,-0.0924348,40,-0.165157,-0.0446726,21,-0.157365,0.0357235,0,0,0,23,-0.22793,0.0195681,7,-0.114926,0.0124639,56,-0.192293,-0.013808,56,-0.240927,-0.011158
4707965759347,4707956125000,4707956125000,4707965742699,73729,9.6177,4707974874107,18.7491,0,10567,38677,0,0,1,0,0,0.008016,332,328,315,0.960366,2.56713,3.02475,0.549227,0.215669,-0.746964,1.50443,-0.00175941,0.00202985,-0.080154,0.486541,1,0.253225,0.219487,-0.219487,0.253225,1,1,-0.190151,0.282978,-0.0293363,-0.0297538,0,0,0,0,0,0,0,0,0,0,0,0,0,0,0,0,0,0,0,0,0,0,0,255,0.24,-0.337244,0.24,-0.154805,0.495354,1,1,1,1,0,1,1,-0.300229,-3.202,0.194351,0.0809418,0.014826,0.120899,33.1194,9782,1,367,75.4315,2446,0,0.000884653,0.0381695,0.0231573,0,0,0,1,315,0.245,-0.00149215,0.00172017,0.00042144,0.000365578,0.000482103,0.000273831,-0.174994,0.0598376,0.00757036,0.154381,-0.20339,-0.0337653,-0.145794,0.0879861,9.4398,1,0,0,0,0,0,-1,1,-9.04588e-07,-3.41781e-06,-0.205195,0,33.3285,1,1010,1010,1010,1010,0,0,0,0,33.3336,55,-0.186211,0.321963,41,-0.129725,0.0699815,55,-0.215081,0.187211,19,-0.129434,0.363805,1,0,0,26,-0.319405,0.306239,6,-0.151707,0.309703,56,-0.240796,0.27693,56,-0.303686,0.263141
4707975423075,4707968090000,4707968090000,4707975406760,73729,7.31676,4707985262230,17.1722,0,10567,38678,0,0,1,0,0,0.011965,324,324,316,0.975309,2.55141,2.94438,0.550357,0.225946,-0.601906,1.90606,-0.00141767,0.00284319,-0.0673469,0.304244,1,0.237625,0.118484,-0.118484,0.237625,1,1,-0.0813213,0.253109,-0.0371632,-0.0154841,0,0,0,0,0,0,0,0,0,0,0,0,0,0,0,0,0,0,0,0,0,0,0,255,0.24,-0.794451,0.24,-0.235,0.180664,1,1,1,1,0,1,1,-0.300229,-3.202,0.194351,0.0809418,0.014826,0.120899,43.4965,9782,1,367,85.8088,2446,0,0.000884653,0.0381695,0.0231573,0,0,0,1,316,0.245,-0.00120212,0.00240968,0.000590372,0.00029452,0.000630902,0.00017163,-0.174364,0.0600092,0.0078531,0.153941,-0.201645,-0.0159687,-0.0758721,0.132905,10.1654,1,0,0,0,0,0,-1,1,-9.04588e-07,-3.41781e-06,-0.205195,0,43.7051,1,1010,1010,1010,1010,0,0,0,0,43.7102,49,-0.111347,0.292014,44,-0.0467164,0.0764939,50,-0.118457,0.209618,23,-0.0849077,0.311188,4,-0.0491852,0.26222,26,-0.186918,0.273893,8,-0.0422457,0.293726,56,-0.132689,0.258918,56,-0.175968,0.238133
4707985808567,4707976112000,4707976112000,4707985792475,73729,9.68047,4707995490999,19.379,0,10567,38679,0,0,1,0,0,0.008022,332,332,302,0.909639,2.55354,3.56982,0.584468,0.214131,-0.602692,2.0555,-0.00180314,0.00329747,-0.224948,0.414026,1,0.411053,0.224774,-0.224774,0.411053,1,1,-0.180322,0.419951,-0.0444519,-0.00889836,0,0,0,0,0,0,0,0,0,0,0,0,0,0,0,0,0,0,0,0,0,0,0,255,0.24,-0.607968,0.24,-0.139179,0.481278,1,1,1,1,1,1,1,-0.300229,-3.202,0.194351,0.0809418,0.014826,0.120899,53.7074,9782,1,367,96.0194,2446,0,0.000884653,0.0381695,0.0231573,0,0,0,1,302,0.245,-0.00152883,0.00279445,0.000684641,0.000374563,0.000737883,0.00023279,-0.173626,0.060242,0.00813297,0.153725,-0.199713,0.00180782,-0.0436019,0.175698,10.0274,1,0,0,0,0,0,-1,1,-9.04588e-07,-3.41781e-06,-0.197737,0,0.178853,1,1010,1010,1010,1010,0,0,0,0,0.182964,54,-0.178339,0.410812,30,-0.331819,0.222731,46,-0.202127,0.363502,20,-0.114721,0.489439,7,-0.0365612,0.454069,27,-0.271963,0.470178,6,-0.113886,0.438321,56,-0.205945,0.429514,56,-0.285654,0.42604
4707996065300,4707988090000,4707988090000,4707996048392,73729,7.95839,4708006814314,18.7243,0,10567,38680,0,0,1,0,0,0.011978,340,337,320,0.949555,2.53722,3.20338,0.55356,0.22941,-0.762604,2.19389,-0.00160439,0.00355847,-0.11043,0.237266,1,0.297083,0.133945,-0.133945,0.297083,1,1,-0.0859096,0.302411,-0.0480352,-0.00532785,0,0,0,0,0,0,0,0,0,0,0,0,0,0,0,0,0,0,0,0,0,0,0,255,0.24,-0.470393,0.24,-0.120452,0.338777,1,1,1,1,0,1,1,-0.297268,-3.20147,0.193541,0.097302,0.0125535,0.091098,11.3053,9783,1,367,107.341,2446,0,0.000884653,0.0381695,0.0231573,0,0,0,1,320,0.245,-0.00136042,0.00301616,0.00073896,0.000333303,0.000781962,0.000183106,-0.172844,0.0604251,0.00837179,0.153561,-0.197924,0.00362823,-0.0261065,0.191201,11.1272,1,0,0,0,0,0,-1,1,-9.04588e-07,-3.41781e-06,-0.197737,0,11.5229,1,1010,1010,1010,1010,0,0,0,0,11.5271,48,-0.126534,0.346831,42,-0.0798532,0.149801,54,-0.131417,0.263144,21,-0.0834617,0.369261,3,0.159455,0.339852,30,-0.208812,0.324178,10,-0.0794253,0.351751,56,-0.154491,0.317401,56,-0.196537,0.303885
4708007349115,4707996137000,4707996137000,4708007333596,73729,11.1966,4708016918415,20.7814,0,10567,38681,0,0,1,0,0,0.008047,365,363,347,0.955923,2.53715,3.18873,0.550116,0.237225,-0.858673,1.83946,-0.00192024,0.00297961,-0.161017,0.335926,1,0.370276,0.238627,-0.238627,0.370276,1,1,-0.19477,0.379277,-0.0438577,-0.00900166,0,0,0,0,0,0,0,0,0,0,0,0,0,0,0,0,0,0,0,0,0,0,0,255,0.25,0.662765,0.25,-0.206181,0.381736,1,1,1,1,0,1,1,-0.297268,-3.20147,0.193541,0.097302,0.0125535,0.091098,21.4116,9783,1,367,117.448,2446,0,0.000884653,0.0381695,0.0231573,0,0,0,1,347,0.255,-0.00162795,0.00252499,0.000643872,0.000415126,0.000705666,0.000282804,-0.172138,0.0607079,0.00828305,0.152872,-0.196465,-0.00698669,-0.0459084,0.17335,9.90271,1,0,0,0,0,0,-1,1,-9.04588e-07,-3.41781e-06,-0.197737,0,21.6238,1,1010,1010,1010,1010,0,0,0,0,21.6279,55,-0.224967,0.418248,52,-0.22794,0.21169,46,-0.198499,0.34497,26,-0.147084,0.449548,13,-0.30792,0.412762,35,-0.326665,0.413436,8,-0.10492,0.449878,56,-0.258532,0.384545,56,-0.313765,0.373448
4708017448198,4708004121000,4708004121000,4708017430549,73729,13.3095,4708028201453,24.0805,0,10567,38682,0,0,1,0,0,0.007984,372,372,358,0.962366,2.58278,3.26384,0.590097,0.248225,-1.17555,1.5037,-0.00224586,0.0022601,-0.0537876,0.316341,1,0.283079,0.281295,-0.281295,0.283079,1,1,-0.237816,0.299008,-0.0434789,-0.0159291,0,0,0,0,0,0,0,0,0,0,0,0,0,0,0,0,0,0,0,0,0,0,0,255,0.24,0.56332,0.24,-0.0646709,0.518267,1,1,1,1,0,1,1,-0.297268,-3.20147,0.193541,0.097302,0.0125535,0.091098,32.6904,9783,1,367,128.727,2446,0,0.000884653,0.0381695,0.0231573,0,0,0,1,358,0.245,-0.00190487,0.00191499,0.000469173,0.000466694,0.000546063,0.000367686,-0.171592,0.0610756,0.00781289,0.152021,-0.195331,-0.038648,-0.0780524,0.139519,11.078,1,0,0,0,0,0,-1,1,-9.04588e-07,-3.41781e-06,-0.197737,0,32.9119,1,1010,1010,1010,1010,0,0,0,0,32.916,55,-0.265701,0.360521,52,-0.215385,0.0569474,52,-0.281301,0.264231,30,-0.242215,0.393402,15,-0.20471,0.356016,37,-0.369038,0.321521,8,-0.190214,0.368124,56,-0.310585,0.299111,53,-0.366543,0.284775
4708028746476,4708016110000,4708016110000,4708028727531,73729,12.6175,4708038944226,22.8342,0,10567,38683,0,0,1,0,0,0.011989,364,364,316,0.868132,2.53965,3.11586,0.581134,0.267798,-1.29471,1.67995,-0.00234344,0.00229907,0.0104983,0.258206,1,0.191765,0.195466,-0.195466,0.191765,1,1,-0.159246,0.203497,-0.0362203,-0.0117326,0,0,0,0,0,0,0,0,0,0,0,0,0,0,0,0,0,0,0,0,0,0,0,255,0.24,1.74713,0.24,-0.161944,0.104841,1,1,1,1,0,1,1,-0.297268,-3.20147,0.193541,0.097302,0.0125535,0.091098,43.4346,9783,1,367,139.471,2446,0,0.000884653,0.0381695,0.0231573,0,0,0,1,316,0.245,-0.00198708,0.00194724,0.000477073,0.000486835,0.000557094,0.000386618,-0.171035,0.0614622,0.00627793,0.151843,-0.194129,-0.0737025,-0.0574896,0.0830214,10.5365,2,0,0,0,0,0,-1,1,-9.04588e-07,-3.41781e-06,-0.197737,0,43.634,1,1010,1010,1010,1010,0,0,0,0,0.164779,56,-0.172682,0.24024,47,-0.121114,0.018021,27,-0.175962,0.120663,28,-0.163102,0.272338,19,-0.194572,0.259796,27,-0.266225,0.2325,4,-0.133011,0.251352,54,-0.19595,0.202024,54,-0.261978,0.183933
4708039447249,4708024125000,4708024125000,4708039431174,73729,15.3062,4708049756833,25.6318,0,10567,38684,0,0,1,0,0,0.008015,373,372,321,0.862903,2.55184,3.33721,0.586097,0.238779,-1.33267,2.4574,-0.00236402,0.00446724,-0.00961024,0.074766,1,0.55736,0.294949,-0.294949,0.55736,1,1,-0.261558,0.563629,-0.0333908,-0.00626908,0,0,0,0,0,0,0,0,0,0,0,0,0,0,0,0,0,0,0,0,0,0,0,255,0.24,2.27641,0.24,-0.238242,0.516068,1,1,1,1,1,1,1,-0.294358,-3.20086,0.19176,0.10092,0.00616339,0.0737202,9.38861,9784,1,367,150.284,2446,0,0.000884653,0.0381695,0.0231573,0,0,0,1,321,0.245,-0.0020049,0.00378549,0.000927446,0.000491201,0.000994769,0.000305018,-0.17004,0.0617672,0.00627793,0.151843,-0.194129,-0.0835797,-0.0307185,0.0640281,21.348,0,0,0,0,0,0,-1,1,-9.04588e-07,-3.41781e-06,-0.193703,0,0.19565,1,1010,1010,1010,1010,0,0,0,0,10.9834,41,-0.319037,0.577113,29,-0.155353,0.773879,45,-0.278452,0.503254,33,-0.317281,0.583787,19,-0.187309,0.548468,42,-0.349338,0.545376,6,-0.285657,0.562583,50,-0.320207,0.590849,56,-0.339749,0.560795
4708050330060,4708036115000,4708036115000,4708050313319,73729,14.1983,4708063771504,27.6565,0,10567,38685,0,0,1,0,0,0.01199,392,390,351,0.9,2.5588,3.6062,0.698672,0.245242,-1.06641,3.0638,-0.00199001,0.00544606,-0.01081,0.084628,1,0.454217,0.165972,-0.165972,0.454217,1,1,-0.14228,0.446854,-0.0236927,0.00736243,0,0,0,0,0,0,0,0,0,0,0,0,0,0,0,0,0,0,0,0,0,0,0,255,0.24,2.9568,0.24,-0.0715275,0.450534,1,1,1,1,0,1,1,-0.294358,-3.20086,0.19176,0.10092,0.00616339,0.0737202,23.4028,9784,1,367,164.298,2446,0,0.000884653,0.0381695,0.0231573,0,0,0,1,351,0.245,-0.00168775,0.00461574,0.00113086,0.000413499,0.00117664,0.00019119,-0.168863,0.0619584,0.00551013,0.152628,-0.193151,-0.0654051,0.0360759,0.0405515,13.7859,2,0,0,0,0,0,-1,1,-9.04588e-07,-3.41781e-06,-0.193703,0,14.2256,1,1010,1010,1010,1010,0,0,0,0,25.0133,56,-0.145886,0.484193,29,-0.105559,0.288758,55,-0.17363,0.444588,35,-0.141079,0.488469,18,-0.167826,0.45705,51,-0.213052,0.474412,10,-0.114537,0.50281,49,-0.177795,0.464318,48,-0.195029,0.466926
4708064263878,4708056108000,4708056108000,4708064258249,73729,8.15025,4708075711287,19.6033,1,10568,38686,0,0,1,0,0,0.019993,377,373,274,0.734584,2.55204,3.87946,0.700488,0.203798,-1.30464,5.50844,-0.0026367,0.0103371,-0.061427,0.0126612,1,0.517037,0.131881,-0.131881,0.517037,1,1,-0.10795,0.511832,-0.0239312,0.00520489,0,0,0,0,0,0,0,0,0,0,0,0,0,0,0,0,0,0,0,0,0,0,0,255,0.24,6.74598,0.24,-0.0411915,0.404153,1,1,1,1,0,1,1,-0.294358,-3.20086,0.19176,0.10092,0.00616339,0.0737202,35.3676,9784,1,367,176.263,2446,0,0.000884653,0.0381695,0.0231573,0,0,0,1,274,0.245,-0.00223656,0.0087597,0.00214613,0.000547957,0.00218711,0.00013287,-0.166676,0.0620913,0.00559648,0.152988,-0.19208,-0.0201027,0.025504,0.0777283,11.7762,1,0,0,0,0,0,-1,1,-9.04588e-07,-3.41781e-06,-0.193703,0,26.1604,1,1010,1010,1010,1010,0,0,0,0,36.9482,44,-0.116882,0.518857,3,-0.0267627,0.476365,42,-0.137495,0.498146,35,-0.119725,0.528545,14,-0.111839,0.526657,51,-0.14709,0.516019,6,-0.0976315,0.549108,32,-0.137225,0.528041,47,-0.145044,0.527176
4708076262829,4708064124000,4708064124000,4708076247921,73729,12.1239,4708086447375,22.3234,0,10568,38687,0,0,1,0,0,0.008016,413,410,359,0.87561,2.60582,3.53183,0.667635,0.271855,-0.720856,3.11636,-0.00132843,0.00577637,-0.038662,0.0530257,1,0.720605,0.165722,-0.165722,0.720605,1,1,-0.134393,0.70938,-0.0313292,0.0112244,0,0,0,0,0,0,0,0,0,0,0,0,0,0,0,0,0,0,0,0,0,0,0,255,0.24,8.62144,0.24,-0.117233,0.577979,1,1,1,1,0,1,1,-0.294358,-3.20086,0.19176,0.10092,0.00616339,0.0737202,46.1082,9784,1,367,187.003,2446,0,0.000884653,0.0381695,0.0231573,0,0,0,1,359,0.245,-0.00112697,0.00489401,0.00119903,0.000276108,0.00121592,4.61239e-05,-0.16546,0.0621374,0.00535838,0.15409,-0.19099,-0.0194508,0.0549995,0.10725,10.5117,1,0,0,0,0,0,-1,1,-9.04588e-07,-3.41781e-06,-0.193703,0,36.9399,1,1010,1010,1010,1010,0,0,0,0,47.7277,51,-0.180082,0.749135,25,-0.0358262,0.77366,44,-0.191581,0.699032,52,-0.157942,0.763442,38,-0.13194,0.7409,56,-0.217586,0.709435,8,-0.181378,0.74814,37,-0.162367,0.751456,48,-0.187804,0.724953
4708087020713,4708076109000,4708076109000,4708087005472,73729,10.8965,4708099009775,22.9008,0,10568,38688,0,0,1,0,0,0.011985,418,418,350,0.837321,2.64935,4.09181,0.661394,0.242706,-0.677773,3.91656,-0.00133647,0.00747934,-0.0735423,-0.0404625,1,0.624059,0.111512,-0.111512,0.624059,1,1,-0.0812257,0.594314,-0.0302865,0.0297442,0,0,0,0,0,0,0,0,0,0,0,0,0,0,0,0,0,0,0,0,0,0,0,255,0.24,9.21069,0.24,-0.0852413,0.472734,1,1,1,1,0,1,1,-0.291027,-3.20081,0.189665,0.102869,-0.00449775,0.0715718,4.376,9785,1,367,4.31913,2447,0,0.000884653,0.0368804,0.0153692,0,0,0,1,350,0.245,-0.00113316,0.00633621,0.00155237,0.000277625,0.00155819,-1.65331e-05,-0.163902,0.0621209,0.00460126,0.157553,-0.189726,-0.0341851,0.145747,0.0913749,4.1977,2,0,0,0,0,0,-1,1,-9.04588e-07,-3.41781e-06,-0.189623,0,4.58974,1,1010,1010,1010,1010,0,0,0,0,4.59428,44,-0.111744,0.621614,23,-0.0306856,0.658768,41,-0.113736,0.605545,54,-0.111528,0.626626,54,-0.0907072,0.613158,56,-0.133835,0.61383,4,-0.137114,0.641711,33,-0.124188,0.638387,41,-0.118649,0.639677
4708099523205,4708084138000,4708084138000,4708099507594,73729,15.3696,4708109980235,25.8422,0,10568,38689,0,0,1,0,0,0.008029,408,408,341,0.835784,2.5815,3.61903,0.650801,0.237965,-0.679871,4.16367,-0.00128378,0.00783566,-0.0630041,-0.0264927,1,0.97592,0.159893,-0.159893,0.97592,1,1,-0.132841,0.94812,-0.027052,0.0277999,0,0,0,0,0,0,0,0,0,0,0,0,0,0,0,0,0,0,0,0,0,0,0,255,0.25,1.39466,0.25,-0.124828,0.723076,1,1,1,1,1,1,1,-0.291027,-3.20081,0.189665,0.102869,-0.00449775,0.0715718,15.3488,9785,1,367,15.2919,2447,0,0.000884653,0.0368804,0.0153692,0,0,0,1,341,0.255,-0.00108887,0.00663795,0.00169268,0.000277663,0.00169403,-4.17508e-05,-0.162208,0.0620791,0.00392234,0.158448,-0.189239,-0.0667378,0.141779,0.056982,10.7915,1,0,0,0,0,0,-1,1,-9.04588e-07,-3.41781e-06,-0.189623,0,15.5696,1,1010,1010,1010,1010,0,0,0,0,15.5741,48,-0.150584,0.982943,24,-0.0655842,1.01916,46,-0.179032,0.962596,56,-0.158639,0.989301,54,-0.137255,0.986469,56,-0.19327,0.978758,5,-0.203724,1.0077,26,-0.171098,0.984869,26,-0.175514,0.985222
4708110551999,4708096104000,4708096104000,4708110535610,73729,14.4316,4708122607913,26.5039,0,10568,38690,0,0,1,0,0,0.011966,401,401,375,0.935162,2.39715,3.64936,0.802803,0.262225,-0.78299,3.52487,-0.00131565,0.00622317,-0.0182591,0.129956,1,0.520071,0.109949,-0.109949,0.520071,1,1,-0.0825012,0.498148,-0.0274481,0.0219236,0,0,0,0,0,0,0,0,0,0,0,0,0,0,0,0,0,0,0,0,0,0,0,255,0.25,2.26506,0.25,-0.0215811,0.463164,1,1,1,1,0,1,1,-0.291027,-3.20081,0.189665,0.102869,-0.00449775,0.0715718,27.981,9785,1,367,27.9242,2447,0,0.000884653,0.0368804,0.0153692,0,0,0,1,375,0.255,-0.00111576,0.00527166,0.00134427,0.00028452,0.00135711,3.06207e-05,-0.160851,0.0621097,0.00343175,0.159772,-0.188603,-0.0672861,0.11181,0.0581595,12.4345,1,0,0,0,0,0,-1,1,-9.04588e-07,-3.41781e-06,-0.189623,0,28.2028,1,1010,1010,1010,1010,0,0,0,0,28.2073,56,-0.093342,0.523809,44,-0.062511,0.530891,43,-0.1359,0.53267,56,-0.0940787,0.567977,55,-0.0934647,0.547955,56,-0.18654,0.547668,7,-0.0628928,0.579967,28,-0.119235,0.513255,30,-0.164775,0.509711
4708123135047,4708104132000,4708104132000,4708123119713,73729,18.9877,4708133824931,29.6929,0,10568,38691,0,0,1,0,0,0.008028,396,396,367,0.926768,2.37189,3.90418,0.65371,0.248057,-0.57782,3.39417,-0.00106758,0.00603302,-0.0185533,0.217479,1,0.751498,0.132983,-0.132983,0.751498,1,1,-0.105065,0.720794,-0.0279171,0.0307036,0,0,0,0,0,0,0,0,0,0,0,0,0,0,0,0,0,0,0,0,0,0,0,255,0.25,4.66489,0.25,-0.0417829,0.571217,1,1,1,1,0,1,1,-0.291027,-3.20081,0.189665,0.102869,-0.00449775,0.0715718,39.2145,9785,1,367,39.1579,2447,0,0.000884653,0.0368804,0.0153692,0,0,0,1,367,0.255,-0.000905537,0.00511027,0.00130312,0.000230912,0.00130668,-1.36409e-05,-0.159544,0.0620961,0.00291698,0.161896,-0.188078,-0.0623959,0.156588,0.0639853,11.0201,1,0,0,0,0,0,-1,1,-9.04588e-07,-3.41781e-06,-0.189623,0,39.442,1,1010,1010,1010,1010,0,0,0,0,39.4465,52,-0.127161,0.760099,39,-0.104678,0.862964,49,-0.178665,0.757158,56,-0.0953555,0.798728,56,-0.107402,0.775505,55,-0.219494,0.758324,7,-0.0712135,0.764965,28,-0.102702,0.763288,25,-0.197549,0.73504
4708134383528,4708124124000,4708124124000,4708134377380,73729,10.2534,4708146704962,22.581,1,10569,38692,0,0,1,0,0,0.019992,384,384,314,0.817708,2.4178,4.25768,0.809451,0.225835,-0.637848,9.19943,-0.00132693,0.0172075,-0.0326218,-9.19134e-05,1,0.860719,0.066373,-0.066373,0.860719,1,1,-0.0492094,0.812607,-0.0171636,0.0481114,0,0,0,0,0,0,0,0,0,0,0,0,0,0,0,0,0,0,0,0,0,0,0,255,0.25,5.68055,0.25,0.00387525,0.588824,1,1,1,1,0,1,1,-0.287269,-3.20165,0.188021,0.111765,-0.0201235,0.0656063,3.56042,9786,1,367,52.0139,2447,0,0.000884653,0.0368804,0.0153692,0,0,0,1,314,0.255,-0.00112591,0.0145756,0.00371679,0.000287106,0.00365407,-0.000401268,-0.15589,0.0616948,0.00260318,0.167634,-0.187557,-0.0318725,0.245368,0.0445296,3.39714,2,0,0,0,0,0,-1,1,-9.04588e-07,-3.41781e-06,-0.187499,0,3.7607,1,1010,1010,1010,1010,0,0,0,0,3.76485,37,-0.0581714,0.849244,25,-0.0562759,0.905565,38,-0.0837954,0.857094,56,-0.0514898,0.87073,54,-0.0291878,0.864198,56,-0.0914519,0.84675,3,-0.0369195,0.89817,22,-0.0629184,0.893278,23,-0.0689917,0.888806
4708147201226,4708136103000,4708136103000,4708147187041,73729,11.084,4708158596875,22.4939,0,10569,38693,0,0,1,0,0,0.011979,358,358,328,0.916201,2.38837,3.35716,0.723302,0.234039,-0.0488434,5.19032,-0.000108429,0.00914243,0.0368766,0.192803,1,0.763205,0.0090516,-0.0090516,0.763205,1,1,0.00428124,0.710128,-0.0133328,0.0530767,0,0,0,0,0,0,0,0,0,0,0,0,0,0,0,0,0,0,0,0,0,0,0,255,0.25,8.41914,0.25,0.0431688,0.485174,1,1,1,1,0,1,1,-0.287269,-3.20165,0.188021,0.111765,-0.0201235,0.0656063,15.4591,9786,1,367,63.9124,2447,0,0.000884653,0.0368804,0.0153692,0,0,0,1,328,0.255,-9.246e-05,0.00774396,0.00197471,2.35773e-05,0.00191729,-0.00033988,-0.153973,0.061355,0.00260318,0.167634,-0.187557,-0.0202868,0.270691,0.0381686,15.2807,0,0,0,0,0,0,-1,1,-9.04588e-07,-3.41781e-06,-0.187499,0,15.673,1,1010,1010,1010,1010,0,0,0,0,15.6771,50,-0.00787664,0.688441,37,-0.028665,0.814534,51,-0.0531849,0.800185,56,0.0631038,0.817744,56,0.0153789,0.824869,56,-0.078269,0.786304,4,0.0772392,0.781061,8,0.0336204,0.776617,10,-0.0366862,0.752237
4708159138213,4708144153000,4708144153000,4708159124379,73729,14.9714,4708168865552,24.7126,0,10569,38694,0,0,1,0,0,0.00805,356,356,289,0.811798,2.42271,3.36514,0.699376,0.199187,0.0299988,5.42688,7.84798e-05,0.00920614,-0.0498925,0.464056,1,1.14362,-0.00974904,0.00974904,1.14362,1,1,0.0164545,1.07803,-0.00670546,0.0655932,0,0,0,0,0,0,0,0,0,0,0,0,0,0,0,0,0,0,0,0,0,0,0,255,0.25,0.038649,0.25,0.0353749,0.792924,1,1,1,1,1,1,1,-0.287269,-3.20165,0.188021,0.111765,-0.0201235,0.0656063,25.7245,9786,1,367,74.1778,2447,0,0.000884653,0.0368804,0.0153692,0,0,0,1,289,0.255,6.63066e-05,0.00779729,0.00198831,-1.69082e-05,0.00192046,-0.000382096,-0.152053,0.0609729,0.00220554,0.174713,-0.187761,-0.0124528,0.334525,0.017396,10.0523,2,0,0,0,0,0,-1,1,-9.04588e-07,-3.41781e-06,-0.187499,0,25.9173,1,1010,1010,1010,1010,0,0,0,0,25.9215,45,0.0518916,1.0722,34,-0.0518145,1.09972,39,0.0704039,0.975216,56,0.135683,1.23849,55,0.0342696,1.26436,55,-0.177781,1.25486,2,0,0,3,0.00441708,1.16778,0,0,0
4708169423316,4708156103000,4708156103000,4708169409093,73729,13.3061,4708180029755,23.9268,0,10569,38695,0,0,1,0,0,0.01195,353,353,296,0.838527,2.44172,3.28771,0.756229,0.223001,0.161606,5.81305,0.000341323,0.0101498,-0.0477854,0.234612,1,0.849353,-0.0285626,0.0285626,0.849353,1,1,0.0266028,0.780409,0.00195977,0.0689438,0,0,0,0,0,0,0,0,0,0,0,0,0,0,0,0,0,0,0,0,0,0,0,255,0.25,0.177835,0.25,0.0371143,0.45704,1,1,1,1,0,1,1,-0.287269,-3.20165,0.188021,0.111765,-0.0201235,0.0656063,36.8916,9786,1,367,85.345,2447,0,0.000884653,0.0368804,0.0153692,0,0,0,1,296,0.255,0.000289091,0.00859695,0.00219222,-7.37183e-05,0.00210562,-0.000476436,-0.149947,0.0604964,0.0018745,0.177933,-0.188368,-0.0180133,0.351613,-0.0224065,10.9836,1,0,0,0,0,0,-1,1,-9.04588e-07,-3.41781e-06,-0.187499,0,37.099,1,1010,1010,1010,1010,0,0,0,0,37.1031,47,0.0718847,0.847797,26,-0.0013473,0.863393,53,0.063542,0.767859,56,0.090406,0.888794,56,0.0281046,0.920404,56,-0.0775656,0.911519,2,0,0,0,0,0,0,0,0
4708180556222,4708176103000,4708176103000,4708180547277,73729,4.44428,4708191495219,15.3922,1,10570,38696,0,0,1,0,0,0.02,341,341,242,0.709677,2.40796,3.63727,0.793099,0.17789,0.427948,10.898,0.000785984,0.0205442,0.0839466,-0.0695129,1,1.02721,-0.0392992,0.0392992,1.02721,1,1,0.0306589,0.965937,0.00864031,0.0612715,0,0,0,0,0,0,0,0,0,0,0,0,0,0,0,0,0,0,0,0,0,0,0,255,0.25,1.13849,0.25,0.0489748,0.511221,1,1,1,1,0,1,1,-0.287269,-3.20165,0.188021,0.111765,-0.0201235,0.0656063,48.3546,9786,1,367,96.8081,2447,0,0.000884653,0.0368804,0.0153692,0,0,0,1,242,0.255,0.000664824,0.0173978,0.00443643,-0.00016953,0.00425437,-0.000987774,-0.145693,0.0595087,0.00129578,0.180598,-0.189311,-0.0295715,0.312485,-0.0589096,11.3128,1,0,0,0,0,0,-1,1,-9.04588e-07,-3.41781e-06,-0.190406,0,0.162575,1,1010,1010,1010,1010,0,0,0,0,0.166242,33,0.0503724,1.00792,28,0.0241557,0.98851,13,0.0272975,1.00288,55,0.0517599,1.04993,55,0.0710331,1.05688,56,0.0180444,1.03429,0,0,0,2,0,0,0,0,0
4708192163613,4708184127000,4708184127000,4708192149910,73729,8.02291,4708200762554,16.6356,0,10570,38697,0,0,1,0,0,0.008024,377,377,339,0.899204,2.4245,3.60903,0.70195,0.26478,0.23053,4.65826,0.000532043,0.00828865,0.0564933,0.226882,1,1.03298,-0.0663065,0.0663065,1.03298,1,1,0.0576662,0.971711,0.00864031,0.0612715,0,0,0,0,0,0,0,0,0,0,0,0,0,0,0,0,0,0,0,0,0,0,0,255,0.25,2.60365,0.25,0.0755376,0.566741,1,1,1,0,0,1,1,-0.283445,-3.20311,0.185767,0.105009,-0.028057,0.056418,9.26495,9787,1,367,106.086,2447,0,0.000884653,0.0368804,0.0153692,0,0,0,1,339,0.255,0.000450321,0.00702054,0.00179024,-0.000114832,0.00170802,-0.000444187,-0.143985,0.0590645,0.00129578,0.180598,-0.189311,-0.0295715,0.312485,-0.0589096,20.5432,0,0,0,0,0,0,-1,1,-9.04588e-07,-3.41781e-06,-0.190406,0,9.46897,1,1010,1010,1010,1010,0,0,0,0,9.47263,38,0.105824,1.04443,37,0.0617462,0.993376,55,0.0928648,0.928823,56,0.123947,1.07443,56,0.0625033,1.10628,56,-0.0477829,1.10027,14,0.0908744,1.09043,13,0.0581863,1.09889,14,-0.0510245,1.1209
4708201280188,4708196101000,4708196101000,4708201266077,73729,5.16508,4708211895442,15.7944,0,10570,38698,0,0,1,0,0,0.011974,397,397,323,0.813602,2.4648,3.73855,0.591357,0.225168,0.436737,4.05331,0.000928633,0.00750032,0.0671556,0.0304446,1,0.626384,-0.0775541,0.0775541,0.626384,1,1,0.0608929,0.586872,0.0166613,0.0395114,0,0,0,0,0,0,0,0,0,0,0,0,0,0,0,0,0,0,0,0,0,0,0,255,0.25,1.54048,0.25,0.0998592,0.251007,1,1,1,1,0,1,1,-0.283445,-3.20311,0.185767,0.105009,-0.028057,0.056418,20.394,9787,1,367,117.215,2447,0,0.000884653,0.0368804,0.0153692,0,0,0,1,323,0.255,0.000786488,0.00635201,0.00161976,-0.000200555,0.00152528,-0.000499893,-0.142459,0.0585646,0.000410002,0.183573,-0.191432,-0.0348512,0.201508,-0.0958589,10.9055,2,0,0,0,0,0,-1,1,-9.04588e-07,-3.41781e-06,-0.190406,0,20.6275,1,1010,1010,1010,1010,0,0,0,0,20.6312,29,0.0929974,0.623262,28,0.110412,0.614823,41,0.0882339,0.573144,56,0.0953133,0.637103,56,0.0845817,0.635263,56,0.0477513,0.646418,16,0.0735216,0.645867,22,0.073418,0.643325,19,0.0464653,0.660884
4708212441873,4708204121000,4708204121000,4708212428428,73729,8.30743,4708222880884,18.7599,0,10570,38699,0,0,1,0,0,0.00802,412,412,351,0.851942,2.44756,3.87614,0.74871,0.242817,0.565186,4.00256,0.00110022,0.00727541,0.0706304,0.109999,1,0.907158,-0.137185,0.137185,0.907158,1,1,0.118197,0.881884,0.0189875,0.0252738,0,0,0,0,0,0,0,0,0,0,0,0,0,0,0,0,0,0,0,0,0,0,0,255,0.25,2.55658,0.25,0.155114,0.575717,1,1,1,1,1,1,1,-0.283445,-3.20311,0.185767,0.105009,-0.028057,0.056418,31.3834,9787,1,367,128.204,2447,0,0.000884653,0.0368804,0.0153692,0,0,0,1,351,0.255,0.000932018,0.00616206,0.00157133,-0.000237665,0.00147067,-0.000528273,-0.140989,0.0580363,0.000280157,0.185031,-0.192171,-0.0135311,0.128896,-0.0882937,10.7905,1,0,0,0,0,0,-1,1,-9.04588e-07,-3.41781e-06,-0.190406,0,31.5999,1,1010,1010,1010,1010,0,0,0,0,31.6036,35,0.118291,0.841073,33,0.118918,0.92845,41,0.139028,0.840145,56,0.189284,0.928401,56,0.138325,0.936175,56,0.0873286,0.944022,20,0.214858,0.945148,26,0.167762,0.937379,28,0.0929001,0.945765
4708223484648,4708212140000,4708212140000,4708223469741,73729,11.3297,4708237423763,25.2838,0,10570,38700,0,0,1,0,0,0.008019,429,429,366,0.853147,2.47137,4.89926,0.792914,0.253947,0.574364,4.37343,0.00114623,0.00792688,0.126665,0.153198,1,0.988513,-0.142939,0.142939,0.988513,1,1,0.126125,0.95759,0.0168144,0.0309228,0,0,0,0,0,0,0,0,0,0,0,0,0,0,0,0,0,0,0,0,0,0,0,255,0.25,3.41814,0.25,0.147454,0.693829,1,1,1,1,0,1,1,-0.283445,-3.20311,0.185767,0.105009,-0.028057,0.056418,45.9152,9787,1,367,142.736,2447,0,0.000884653,0.0368804,0.0153692,0,0,0,1,366,0.255,0.000970837,0.00671361,0.00171197,-0.000247563,0.00160347,-0.000565232,-0.139385,0.0574711,0.000360008,0.187171,-0.192776,0.0076812,0.157706,-0.0624579,14.3295,1,0,0,0,0,0,-1,1,-9.04588e-07,-3.41781e-06,-0.190406,0,46.1379,1,1010,1010,1010,1010,0,0,0,0,46.1416,39,0.0994571,0.860918,32,0.157111,0.981565,34,0.120716,0.913506,56,0.201475,1.02929,56,0.164014,1.03578,56,0.0891198,1.00989,26,0.200524,1.01474,35,0.14977,1.01315,32,0.0905447,1.01541
4708237977434,4708224121000,4708224121000,4708237965249,73729,13.8442,4708251162839,27.0418,0,10570,38701,0,0,1,0,0,0.011981,438,438,396,0.90411,2.50633,5.00002,0.832136,0.270558,0.467133,4.772,0.000874407,0.0083323,0.0381306,0.206808,1,0.695459,-0.0729828,0.0729828,0.695459,1,1,0.0627919,0.652729,0.0101909,0.0427301,0,0,0,0,0,0,0,0,0,0,0,0,0,0,0,0,0,0,0,0,0,0,0,255,0.25,7.77082,0.25,0.0741386,0.469108,1,1,1,1,0,1,1,-0.27975,-3.20474,0.18299,0.115261,-0.0263973,0.0668572,4.44404,9788,1,367,156.473,2447,0,0.000884653,0.0368804,0.0153692,0,0,0,1,396,0.255,0.000740338,0.00705723,0.00179959,-0.000188786,0.00169733,-0.000524736,-0.137688,0.0569463,0.000341609,0.191958,-0.19337,0.011395,0.217923,-0.0324628,4.24902,2,0,0,0,0,0,-1,1,-9.04588e-07,-3.41782e-06,-0.193362,0,4.67169,1,1010,1010,1010,1010,0,0,0,0,4.67582,42,0.0573937,0.614261,33,0.0701307,0.722179,51,0.0574721,0.632779,56,0.14758,0.739867,56,0.0840501,0.724398,56,0.0187124,0.737256,32,0.125073,0.723925,37,0.0879126,0.719522,33,0.0143767,0.727366
4708251700343,4708232134000,4708232134000,4708251687973,73729,19.554,4708264915266,32.7813,0,10570,38702,0,0,1,0,0,0.008013,454,454,384,0.845815,2.49661,5.28273,0.753987,0.260743,0.357315,5.02534,0.000813054,0.00904761,0.0192708,0.231238,1,1.12912,-0.101467,0.101467,1.12912,1,1,0.100149,1.08234,0.00131827,0.0467728,0,0,0,0,0,0,0,0,0,0,0,0,0,0,0,0,0,0,0,0,0,0,0,255,0.26,1.17997,0.26,0.0660123,0.798276,1,1,1,1,0,1,1,-0.27975,-3.20474,0.18299,0.115261,-0.0263973,0.0668572,18.2072,9788,1,367,170.236,2447,0,0.000884653,0.0368804,0.0153692,0,0,0,1,384,0.265,0.000688684,0.00766282,0.00203065,-0.000182501,0.00192011,-0.000562268,-0.135768,0.0563841,7.35298e-05,0.194395,-0.193524,-0.00755795,0.247896,-0.0116358,13.5579,1,0,0,0,0,0,-1,1,-9.04588e-07,-3.41782e-06,-0.193362,0,18.4359,1,1010,1010,1010,1010,0,0,0,0,18.44,30,0.115189,1.13328,28,0.076701,1.14749,42,0.173713,0.98677,56,0.155059,1.16507,56,0.077522,1.14269,54,0.0166696,1.15403,31,0.129445,1.16571,40,0.0911148,1.16469,47,0.0129163,1.16111
4708265451678,4708252139000,4708252139000,4708265445030,73729,13.306,4708278523526,26.3845,1,10571,38703,0,0,1,0,0,0.020005,465,465,353,0.75914,2.55259,4.62985,0.69045,0.243558,0.167297,10.1851,0.000275108,0.0189192,-0.0227968,0.069907,1,0.945724,-0.0137519,0.0137519,0.945724,1,1,0.0185423,0.901772,-0.00479036,0.0439522,0,0,0,0,0,0,0,0,0,0,0,0,0,0,0,0,0,0,0,0,0,0,0,255,0.26,4.74315,0.26,0.0486785,0.795653,1,1,1,1,1,1,1,-0.27975,-3.20474,0.18299,0.115261,-0.0263973,0.0668572,31.8102,9788,1,367,183.839,2447,0,0.000884653,0.0368804,0.0153692,0,0,0,1,353,0.265,0.000231324,0.0160212,0.00424561,-6.13009e-05,0.00407432,-0.000861322,-0.131693,0.0555227,-0.000418447,0.196489,-0.193614,-0.0316438,0.232947,-0.00500387,13.4025,1,0,0,0,0,0,-1,1,-9.04588e-07,-3.41782e-06,-0.193362,0,32.0292,1,1010,1010,1010,1010,0,0,0,0,32.0333,19,0.0283788,0.935329,19,0.00178638,0.915982,24,0.0294114,0.871196,56,0.0460051,0.945807,56,0.0145839,0.955337,56,-0.00798725,0.952532,35,0.0177707,0.95661,41,0.0178605,0.972897,47,-0.0112196,0.968383
4708279109864,4708264113000,4708264113000,4708279095438,73729,14.9824,4708292184823,28.0718,0,10571,38704,0,0,1,0,0,0.011974,500,500,388,0.776,2.566,4.13213,0.705062,0.262799,-0.109329,4.81522,-0.000161469,0.00894534,0.00913684,0.0578621,1,0.747063,0.013485,-0.013485,0.747063,1,1,-5.29113e-05,0.713522,-0.013432,0.0335415,0,0,0,0,0,0,0,0,0,0,0,0,0,0,0,0,0,0,0,0,0,0,0,255,0.26,7.17787,0.26,0.00330069,0.372294,1,1,1,1,0,1,1,-0.27975,-3.20474,0.18299,0.115261,-0.0263973,0.0668572,45.47,9788,1,367,197.499,2447,0,0.000884653,0.0368804,0.0153692,0,0,0,1,388,0.265,-0.000138028,0.00757517,0.00200742,3.65773e-05,0.00193794,-0.00034203,-0.129755,0.0551807,-0.00157629,0.199604,-0.19328,-0.0570488,0.17777,0.0113129,13.4154,2,0,0,0,0,0,-1,1,-9.04588e-07,-3.41782e-06,-0.192952,0,0.193261,1,1010,1010,1010,1010,0,0,0,0,0.196817,22,-0.0151432,0.709916,26,-0.010568,0.737992,13,-0.0044261,0.71881,56,0.00394383,0.746146,56,-0.0205915,0.745893,54,-0.0257246,0.740722,51,-0.00896456,0.763697,55,-0.0163747,0.768206,55,-0.0223556,0.758843
4708292732754,4708284118000,4708284118000,4708292726124,73729,8.60812,4708303576899,19.4589,1,10572,38705,0,0,1,0,0,0.020005,500,500,390,0.78,2.58369,4.81726,0.723246,0.264836,-0.346191,8.91348,-0.000757103,0.0165556,-0.0530326,0.0864851,1,0.827573,0.0378457,-0.0378457,0.827573,1,1,-0.0215887,0.797615,-0.016257,0.0299581,0,0,0,0,0,0,0,0,0,0,0,0,0,0,0,0,0,0,0,0,0,0,0,255,0.26,1.56518,0.26,0.0221849,0.485024,1,1,1,0,0,1,1,-0.275628,-3.20632,0.180664,0.115719,-0.0241518,0.0733434,11.3687,9789,1,367,208.908,2447,0,0.000884653,0.0368804,0.0153692,0,0,0,1,390,0.265,-0.000644214,0.0140196,0.0037152,0.000170717,0.00360636,-0.000531895,-0.126149,0.0546488,-0.00157629,0.199604,-0.19328,-0.0622321,0.158778,0.0191439,24.8108,0,0,0,0,0,0,-1,1,-9.04588e-07,-3.41782e-06,-0.192952,0,11.5942,1,1010,1010,1010,1010,0,0,0,0,11.5977,21,-0.0373469,0.794732,20,-0.0373454,0.804799,17,-0.0381536,0.774473,56,-0.0176377,0.824577,56,-0.0428286,0.827164,56,-0.0533868,0.826665,56,-0.039176,0.843065,56,-0.0334615,0.849257,52,-0.0667636,0.837861
4708304152107,4708292136000,4708292136000,4708304138496,73729,12.0025,4708316507227,24.3712,0,10572,38706,0,0,1,0,0,0.008018,500,500,478,0.956,2.57769,4.33516,0.911119,0.321614,-0.266647,4.19038,-0.000450416,0.00670214,0.0135056,0.567344,1,0.835887,0.0561756,-0.0561756,0.835887,1,1,-0.0357124,0.812337,-0.0204632,0.0235503,0,0,0,0,0,0,0,0,0,0,0,0,0,0,0,0,0,0,0,0,0,0,0,255,0.26,2.79752,0.26,0.00844822,0.639835,1,1,1,1,0,1,1,-0.275628,-3.20632,0.180664,0.115719,-0.0241518,0.0733434,24.3043,9789,1,367,12.8767,2448,0,0.000884653,0.0322937,0.00855972,0,0,0,1,478,0.265,-0.000383003,0.00567697,0.0015044,0.000101496,0.00146594,-0.000182404,-0.124683,0.0544664,-0.00263052,0.202007,-0.192552,-0.0611245,0.124817,0.0378643,12.6314,2,0,0,0,0,0,-1,1,-9.04588e-07,-3.41782e-06,-0.192952,0,24.5655,1,1010,1010,1010,1010,0,0,0,0,24.5691,51,-0.0684088,0.671602,44,0.039516,0.736953,51,-0.031814,0.729085,56,0.0694948,0.937724,56,-0.0852,0.914504,56,-0.161219,0.88104,56,0.0317885,0.90361,56,-0.04929,0.908889,52,-0.205737,0.862682
4708317113454,4708304113000,4708304113000,4708317099232,73729,12.9862,4708330207506,26.0945,0,10572,38707,0,0,1,0,0,0.011977,500,500,480,0.96,2.61735,4.16674,0.9481,0.315133,-0.238892,3.95255,-0.000419173,0.00632567,-0.0114021,0.358405,1,0.528152,0.0349981,-0.0349981,0.528152,1,1,-0.0202187,0.51622,-0.0147794,0.0119313,0,0,0,0,0,0,0,0,0,0,0,0,0,0,0,0,0,0,0,0,0,0,0,255,0.26,5.16567,0.26,0.0269106,0.372629,1,1,1,1,1,1,1,-0.275628,-3.20632,0.180664,0.115719,-0.0241518,0.0733434,37.9819,9789,1,367,26.5544,2448,0,0.000884653,0.0322937,0.00855972,0,0,0,1,480,0.265,-0.000356207,0.00535807,0.00141989,9.4395e-05,0.00138315,-0.000173231,-0.1233,0.0542932,-0.00345546,0.202689,-0.192364,-0.0480296,0.0632357,0.024241,11.9312,2,0,0,0,0,0,-1,1,-9.04588e-07,-3.41782e-06,-0.192952,0,38.2474,1,1010,1010,1010,1010,0,0,0,0,38.251,48,-0.0330639,0.429721,50,0.0206248,0.423101,50,-0.0207821,0.470567,56,0.0447392,0.596473,56,-0.0492297,0.576308,56,-0.111804,0.573586,56,0.0194583,0.568444,56,-0.0217192,0.558561,52,-0.126955,0.552062
4708330822400,4708312145000,4708312145000,4708330808900,73729,18.6639,4708342896110,30.7511,0,10572,38708,0,0,1,0,0,0.008032,500,500,433,0.866,2.63606,4.30563,0.939304,0.294539,-0.0726929,3.56763,-0.000122044,0.00559978,-0.0232208,0.56297,1,0.697184,0.0151948,-0.0151948,0.697184,1,1,-0.00969226,0.699817,-0.00550249,-0.00263256,0,0,0,0,0,0,0,0,0,0,0,0,0,0,0,0,0,0,0,0,0,0,0,255,0.26,8.81791,0.26,0.0401025,0.57275,1,1,1,1,0,1,1,-0.275628,-3.20632,0.180664,0.115719,-0.0241518,0.0733434,50.6702,9789,1,367,39.2427,2448,0,0.000884653,0.0322937,0.00855972,0,0,0,1,433,0.265,-0.000103824,0.00474272,0.00125682,2.75133e-05,0.00121364,-0.000208794,-0.122086,0.0540844,-0.00409461,0.202338,-0.192716,-0.0469992,-0.0139526,-0.0142688,12.445,1,0,0,0,0,0,-1,1,-9.04587e-07,-3.41781e-06,-0.193461,0,0.226743,1,1010,1010,1010,1010,0,0,0,0,0.230354,48,0.0569508,0.688623,50,-0.0201274,0.638328,19,0.116777,0.523565,52,0.0894431,0.768671,56,-0.0402654,0.776184,52,-0.10563,0.762043,50,0.0633063,0.744775,54,-0.0168777,0.759629,52,-0.133385,0.735242
4708343462670,4708332136000,4708332136000,4708343456041,73729,11.32,4708355874087,23.7381,1,10573,38709,0,0,1,0,0,0.019991,500,500,373,0.746,2.59706,4.82074,0.863525,0.255391,-0.247864,6.08112,-0.000106778,0.0100633,0.0159303,0.344924,1,0.503391,0.00534129,-0.00534129,0.503391,1,1,-0.00567151,0.510085,0.000330219,-0.0066945,0,0,0,0,0,0,0,0,0,0,0,0,0,0,0,0,0,0,0,0,0,0,0,255,0.26,1.4861,0.26,0.0254249,0.414822,1,1,1,2,0,1,1,-0.271599,-3.20775,0.179525,0.111369,-0.0262186,0.0878904,12.9909,9790,1,367,52.2485,2448,0,0.000884653,0.0322937,0.00855972,0,0,0,1,373,0.265,-9.22066e-05,0.00852174,0.00225826,2.44347e-05,0.00217577,-0.000401114,-0.119911,0.0536833,-0.00484496,0.202036,-0.193352,-0.0576212,-0.0354809,-0.0474971,12.7658,1,0,0,0,0,0,-1,1,-9.04587e-07,-3.41781e-06,-0.193461,0,13.2227,1,1010,1010,1010,1010,0,0,0,0,13.2263,24,-0.010216,0.459014,17,-0.0243088,0.542042,29,0.104097,0.34521,56,0.0361507,0.52221,56,-0.0260917,0.529106,56,-0.0666776,0.522909,56,0.013543,0.511868,56,-0.0254177,0.51709,23,-0.0676954,0.515701
4708356448129,4708344114000,4708344114000,4708356435277,73729,12.3213,4708370990470,26.8765,0,10573,38710,0,0,1,0,0,0.011978,500,500,439,0.878,2.64135,5.19173,0.781433,0.292984,-0.107178,3.09671,-2.49509e-05,0.00521213,0.0838489,0.266205,1,0.435142,0.00208306,-0.00208306,0.435142,1,1,-0.00550913,0.443173,0.00342607,-0.00803108,0,0,0,0,0,0,0,0,0,0,0,0,0,0,0,0,0,0,0,0,0,0,0,255,0.26,4.30492,0.26,0.0429967,0.421886,1,1,1,1,0,1,1,-0.271599,-3.20775,0.179525,0.111369,-0.0262186,0.0878904,28.0799,9790,1,367,67.3375,2448,0,0.000884653,0.0322937,0.00855972,0,0,0,1,439,0.265,-2.21146e-05,0.00441451,0.00116984,5.86038e-06,0.00112579,-0.000215115,-0.118785,0.0534682,-0.00552103,0.201598,-0.193915,-0.062371,-0.0425647,-0.0644233,14.8286,1,0,0,0,0,0,-1,1,-9.04587e-07,-3.41781e-06,-0.193461,0,28.3247,1,1010,1010,1010,1010,0,0,0,0,28.3283,51,-0.00133825,0.360339,26,-0.0132707,0.449223,30,0.0352718,0.407584,56,0.0335406,0.461132,56,-0.0125452,0.447334,56,-0.0285095,0.441557,56,0.0280622,0.462612,56,0.00711143,0.455645,52,-0.0349914,0.437392
4708371557808,4708352199000,4708352199000,4708371547271,73729,19.3483,4708383531925,31.3329,0,10573,38711,0,0,1,0,0,0.008085,500,500,447,0.894,2.60893,4.3485,0.811785,0.291798,0.0598755,3.12946,0.00022594,0.00508459,0.0246405,0.473564,1,0.628892,-0.0279455,0.0279455,0.628892,1,1,0.0304278,0.63696,-0.0024823,-0.00806834,0,0,0,0,0,0,0,0,0,0,0,0,0,0,0,0,0,0,0,0,0,0,0,255,0.26,-0.89586,0.26,0.0810602,0.635403,1,1,1,1,1,1,1,-0.271599,-3.20775,0.179525,0.111369,-0.0262186,0.0878904,40.6246,9790,1,367,79.8823,2448,0,0.000884653,0.0322937,0.00855972,0,0,0,1,447,0.265,0.000190881,0.00430682,0.00114131,-5.05835e-05,0.0010878,-0.000264695,-0.117697,0.0532035,-0.00576894,0.200983,-0.193496,-0.0361254,-0.0427622,-0.0183754,12.2874,2,0,0,0,0,0,-1,1,-9.04587e-07,-3.41781e-06,-0.193461,0,40.8684,1,1010,1010,1010,1010,0,0,0,0,40.872,48,0.0473115,0.555373,24,0.0166598,0.679632,51,0.0695875,0.524441,56,0.100586,0.666526,56,0.0112792,0.671356,56,-0.0425469,0.667891,56,0.0774449,0.660052,56,0.0124352,0.663203,44,-0.0643336,0.662735
4708384183171,4708372153000,4708372153000,4708384169375,73729,12.0164,4708397268631,25.1156,1,10574,38712,0,0,1,0,0,0.019954,500,500,356,0.712,2.62841,5.13489,0.768561,0.253391,0.543442,6.8015,0.000941989,0.0120488,-0.0534976,0.221343,1,0.603829,-0.047208,0.047208,0.603829,1,1,0.0575436,0.605762,-0.0103356,-0.00193314,0,0,0,0,0,0,0,0,0,0,0,0,0,0,0,0,0,0,0,0,0,0,0,255,0.26,1.55597,0.26,0.105208,0.573061,1,1,1,1,0,1,1,-0.267376,-3.20931,0.179287,0.120986,-0.0268415,0.0936836,0.077649,9791,1,367,93.6068,2448,0,0.000884653,0.0322937,0.00855972,0,0,0,1,356,0.265,0.000797253,0.0102032,0.00270385,-0.000211272,0.00255989,-0.000715252,-0.115137,0.0524882,-0.00549826,0.20123,-0.192889,0.00496948,-0.0102456,0.0477986,13.5385,1,0,0,0,0,0,-1,1,-9.04588e-07,-3.41781e-06,-0.192531,0,0.297595,1,1010,1010,1010,1010,0,0,0,0,0.301354,22,0.0334608,0.563829,18,0.035212,0.5924,6,0.0218648,0.592382,56,0.0700761,0.599433,56,0.0425995,0.60707,53,0.0435139,0.605845,56,0.0535881,0.618079,56,0.051034,0.617544,33,0.0314386,0.617087
4708397776394,4708384120000,4708384120000,4708397763450,73729,13.6434,4708412743221,28.6232,0,10574,38713,0,0,1,0,0,0.011967,500,500,447,0.894,2.6638,4.11576,0.874378,0.29528,0.401184,3.88223,0.000816028,0.00637139,-0.0518279,0.357699,1,0.532413,-0.0681899,0.0681899,0.532413,1,1,0.0775611,0.525694,-0.00937129,0.0067189,0,0,0,0,0,0,0,0,0,0,0,0,0,0,0,0,0,0,0,0,0,0,0,255,0.26,4.88567,0.26,0.0655496,0.527136,1,1,1,1,0,1,1,-0.267376,-3.20931,0.179287,0.120986,-0.0268415,0.0936836,15.558,9791,1,367,109.087,2448,0,0.000884653,0.0322937,0.00855972,0,0,0,1,447,0.265,0.000691565,0.00539659,0.0014301,-0.000183265,0.00134031,-0.000447835,-0.113797,0.0520404,-0.00513239,0.201963,-0.192415,0.0231652,0.0356102,0.0582664,15.3443,1,0,0,0,0,0,-1,1,-9.04588e-07,-3.41781e-06,-0.192531,0,15.8022,1,1010,1010,1010,1010,0,0,0,0,15.806,45,0.103537,0.49344,24,0.0586389,0.590116,46,0.146055,0.366053,56,0.110174,0.562732,56,0.0405559,0.556389,56,0.0207088,0.560305,56,0.102297,0.550874,56,0.0522121,0.551273,52,-0.00145453,0.548534
4708413259151,4708404115000,4708404115000,4708413253651,73729,9.13865,4708425615752,21.5008,1,10575,38714,0,0,1,0,0,0.019995,500,500,331,0.662,2.6476,4.78289,0.811969,0.229761,0.380676,7.96469,0.00114681,0.0138788,-0.0190044,0.324677,1,0.694112,-0.0573551,0.0573551,0.694112,1,1,0.0643332,0.686004,-0.00697808,0.00810754,0,0,0,0,0,0,0,0,0,0,0,0,0,0,0,0,0,0,0,0,0,0,0,255,0.26,0.165279,0.26,0.0128553,0.586089,1,1,1,1,0,1,1,-0.267376,-3.20931,0.179287,0.120986,-0.0268415,0.0936836,28.4588,9791,1,367,121.988,2448,0,0.000884653,0.0322937,0.00855972,0,0,0,1,331,0.265,0.000970229,0.0117539,0.00311477,-0.000257111,0.00294667,-0.000833903,-0.11085,0.0512065,-0.00490781,0.20217,-0.191731,0.014481,0.04297,0.0411718,12.6557,2,0,0,0,0,0,-1,1,-9.04588e-07,-3.41781e-06,-0.192531,0,28.6727,1,1010,1010,1010,1010,0,0,0,0,28.6764,33,0.0430874,0.670986,10,0.0498021,0.677201,14,0.153212,0.670282,56,0.0830083,0.711269,56,0.0336485,0.70345,55,0.0158554,0.693349,53,0.0744913,0.71495,35,0.0383124,0.70591,19,0.0114254,0.702588
4708426173053,4708412154000,4708412154000,4708426158534,73729,14.0045,4708437985687,25.8317,0,10575,38715,0,0,1,0,0,0.008039,500,500,477,0.954,2.68641,4.03879,0.805914,0.304225,0.181885,2.93695,0.000272929,0.00438851,-0.087172,0.611668,1,0.545903,-0.0339506,0.0339506,0.545903,1,1,0.0417698,0.557779,-0.00781921,-0.0118757,0,0,0,0,0,0,0,0,0,0,0,0,0,0,0,0,0,0,0,0,0,0,0,255,0.26,2.89434,0.26,0.00790035,0.501482,1,1,1,1,1,1,1,-0.267376,-3.20931,0.179287,0.120986,-0.0268415,0.0936836,40.8033,9791,1,367,134.333,2448,0,0.000884653,0.0322937,0.00855972,0,0,0,1,477,0.265,0.000231069,0.0037172,0.000985058,-6.12332e-05,0.00093605,-0.000243658,-0.109914,0.0509628,-0.00493596,0.200919,-0.191304,-0.000994217,-0.0629412,0.0323581,12.1006,1,0,0,0,0,0,-1,1,-9.04588e-07,-3.41781e-06,-0.192531,0,41.0599,1,1010,1010,1010,1010,0,0,0,0,41.0636,50,0.0574159,0.545649,41,0.0745961,0.508554,54,0.0571828,0.364223,56,0.115396,0.604814,56,0.0129734,0.612508,56,-0.0564877,0.612021,56,0.0929384,0.579117,56,6.74282e-05,0.588922,52,-0.068143,0.591954
4708438636063,4708420167000,4708420167000,4708438619803,73729,18.4528,4708451426835,31.2598,0,10575,38716,0,0,1,0,0,0.008013,500,500,440,0.88,2.66921,4.13638,0.834044,0.292003,-0.0249481,2.18608,8.45207e-05,0.00297399,-0.0530356,0.637686,1,0.371145,-0.0105479,0.0105479,0.371145,1,1,0.0248481,0.410023,-0.0143001,-0.0388783,0,0,0,0,0,0,0,0,0,0,0,0,0,0,0,0,0,0,0,0,0,0,0,255,0.26,4.77434,0.26,-0.0185404,0.396048,1,1,1,1,0,1,1,-0.263384,-3.21052,0.179045,0.103763,-0.0173302,0.0977121,3.2696,9792,1,367,147.769,2448,0,0.000884653,0.0322937,0.00855972,0,0,0,1,440,0.265,7.13851e-05,0.00251863,0.000667438,-1.89171e-05,0.000639687,-0.000141669,-0.109274,0.0508211,-0.00484331,0.194165,-0.189072,-0.012743,-0.206055,0.0504382,3.01039,3,0,0,0,0,0,-1,1,-9.04588e-07,-3.41782e-06,-0.190211,0,3.52186,1,1010,1010,1010,1010,0,0,0,0,3.52671,49,0.0393543,0.392897,52,-0.0183732,0.23712,33,0.0937618,0.299394,56,0.0901572,0.425353,56,-0.0145699,0.433991,37,-0.0660134,0.424957,56,0.0607086,0.395034,56,-0.00673519,0.40702,45,-0.0975899,0.395769
4708451979098,4708440143000,4708440143000,4708451968839,73729,11.8258,4708464808185,24.6652,1,10576,38717,0,0,1,0,0,0.019976,500,500,445,0.89,2.62098,4.63982,0.783933,0.291318,-0.122498,3.2851,-0.000444616,0.00455441,-0.097234,0.400457,1,0.227994,0.0222575,-0.0222575,0.227994,1,1,-0.00465055,0.274602,-0.017607,-0.0466079,0,0,0,0,0,0,0,0,0,0,0,0,0,0,0,0,0,0,0,0,0,0,0,255,0.26,8.28316,0.26,-0.00948625,0.360907,1,1,1,1,0,1,1,-0.263384,-3.21052,0.179045,0.103763,-0.0173302,0.0977121,16.6684,9792,1,367,161.168,2448,0,0.000884653,0.0322937,0.00855972,0,0,0,1,445,0.265,-0.000377039,0.00385643,0.00102195,9.99153e-05,0.00100357,-9.03132e-05,-0.108271,0.0507308,-0.00484331,0.194165,-0.189072,-0.0087083,-0.247022,0.0676869,16.3859,0,0,0,0,0,0,-1,1,-9.04588e-07,-3.41782e-06,-0.190211,0,16.9132,1,1010,1010,1010,1010,0,0,0,0,16.9181,38,-0.00783233,0.231095,35,-0.0358686,0.25464,40,0.02964,0.139948,56,0.0153784,0.245707,56,-0.0315558,0.252742,56,-0.060618,0.259556,56,0.00905258,0.234559,56,-0.0349025,0.240503,52,-0.0749051,0.248429
4708465379782,4708452130000,4708452130000,4708465365616,73729,13.2356,4708479277563,27.1476,0,10576,38718,0,0,1,0,0,0.011987,500,500,491,0.982,2.66078,4.01281,0.875859,0.314577,-0.0320435,1.71921,-0.000220294,0.00212723,-0.110579,0.420138,1,0.177462,0.0183777,-0.0183777,0.177462,1,1,0.00261892,0.21671,-0.0209966,-0.039248,0,0,0,0,0,0,0,0,0,0,0,0,0,0,0,0,0,0,0,0,0,0,0,255,0.26,1.4704,0.26,0.0037823,0.443108,1,1,1,1,0,1,1,-0.263384,-3.21052,0.179045,0.103763,-0.0173302,0.0977121,31.124,9792,1,367,175.624,2448,0,0.000884653,0.0322937,0.00855972,0,0,0,1,491,0.265,-0.000186823,0.00180128,0.000477339,4.95081e-05,0.000469457,-3.88685e-05,-0.107801,0.050692,-0.00443069,0.192788,-0.187898,0.00792738,-0.208015,0.0953676,14.2156,1,0,0,0,0,0,-1,1,-9.04588e-07,-3.41782e-06,-0.190211,0,31.3858,1,1010,1010,1010,1010,0,0,0,0,31.3907,52,0.00547808,0.179924,53,-0.0104868,0.131083,54,-0.00515108,0.107284,56,0.0375556,0.214676,56,-0.0335723,0.220067,56,-0.0667263,0.228002,56,0.0218462,0.198669,56,-0.0289861,0.193479,52,-0.0867976,0.205317
4708479861031,4708460147000,4708460147000,4708479846475,73729,19.6995,4708492174151,32.0272,0,10576,38719,0,0,1,0,0,0.008017,500,500,484,0.968,2.61706,4.00594,0.923081,0.321132,0.101959,2.45474,2.22506e-05,0.00357652,-0.168144,0.576229,1,0.446116,-0.00277542,0.00277542,0.446116,1,1,0.0223723,0.470886,-0.0195968,-0.0247696,0,0,0,0,0,0,0,0,0,0,0,0,0,0,0,0,0,0,0,0,0,0,0,255,0.26,5.79384,0.26,0.0147973,0.719259,1,1,1,1,1,1,1,-0.263384,-3.21052,0.179045,0.103763,-0.0173302,0.0977121,44.019,9792,1,367,188.519,2448,0,0.000884653,0.0322937,0.00855972,0,0,0,1,484,0.265,1.87982e-05,0.00302924,0.000802749,-4.98152e-06,0.000773704,-0.000150624,-0.107028,0.0505413,-0.00367631,0.190612,-0.185954,0.0246468,-0.131279,0.102808,12.6096,2,0,0,0,0,0,-1,1,-9.04588e-07,-3.41782e-06,-0.18546,0,0.245743,1,1010,1010,1010,1010,0,0,0,0,0.249502,51,0.0333899,0.449903,46,-0.0178866,0.474205,55,0.0270437,0.335688,56,0.0692633,0.49726,56,-0.00783551,0.506853,56,-0.0680551,0.507916,56,0.0515928,0.465916,56,-0.0176868,0.482898,52,-0.0969762,0.48681
4708492823008,4708480142000,4708480142000,4708492814582,73729,12.6726,4708503977266,23.8353,1,10577,38720,0,0,1,0,0,0.019995,500,500,396,0.792,2.63597,4.676,0.868729,0.275206,0.0379333,5.42409,-0.000109622,0.00888966,-0.125977,0.315391,1,0.444594,0.00548246,-0.00548246,0.444594,1,1,0.0129041,0.467004,-0.0183866,-0.0224103,0,0,0,0,0,0,0,0,0,0,0,0,0,0,0,0,0,0,0,0,0,0,0,255,0.26,7.96232,0.26,-0.0277756,0.592626,1,1,1,0,0,1,1,-0.259924,-3.21147,0.178077,0.109455,-0.0173184,0.0987738,11.836,9793,1,367,200.366,2448,0,0.000884653,0.0322937,0.00855972,0,0,0,1,396,0.265,-9.32738e-05,0.00752826,0.00199499,2.47175e-05,0.00192964,-0.000337868,-0.105098,0.0502035,-0.00367631,0.190612,-0.185954,0.0248255,-0.118775,0.0978196,24.4615,0,0,0,0,0,0,-1,1,-9.04588e-07,-3.41782e-06,-0.18546,0,12.0614,1,1010,1010,1010,1010,0,0,0,0,12.0652,32,0.00785471,0.432738,26,-0.0189952,0.449747,21,0.0361445,0.363679,56,0.019742,0.446099,56,-0.0194233,0.460302,49,-0.0211392,0.462796,56,0.00642109,0.449035,56,-0.0181582,0.457129,44,-0.0321771,0.463516
4708504553511,4708492123000,4708492123000,4708504537604,73729,12.4146,4708518598219,26.4752,0,10577,38721,0,0,1,0,0,0.011981,500,500,434,0.868,2.64254,4.18585,0.82647,0.288132,-0.205734,3.06462,-0.000387777,0.00507779,-0.0474288,0.285143,1,0.42382,0.032366,-0.032366,0.42382,1,1,-0.0173718,0.438684,-0.0149942,-0.0148642,0,0,0,0,0,0,0,0,0,0,0,0,0,0,0,0,0,0,0,0,0,0,0,255,0.26,0.000463,0.26,-0.061187,0.509385,1,1,1,1,0,1,1,-0.259924,-3.21147,0.178077,0.109455,-0.0173184,0.0987738,26.416,9793,1,367,14.523,2449,0,0.000884653,0.0353903,0.00880021,0,0,0,1,434,0.265,-0.00032926,0.00430068,0.00113968,8.72539e-05,0.00111617,-0.000120255,-0.103982,0.0500832,-0.00407356,0.189396,-0.185126,-0.0064085,-0.0787804,0.0584486,14.307,2,0,0,0,0,0,-1,1,-9.04588e-07,-3.41782e-06,-0.18546,0,26.6571,1,1010,1010,1010,1010,0,0,0,0,26.6608,45,-0.0437367,0.39544,27,-0.0567525,0.414404,30,-0.00150044,0.353914,56,-0.00144776,0.439766,56,-0.039917,0.442378,56,-0.0656278,0.443464,56,-0.0101793,0.4393,56,-0.0381491,0.44129,52,-0.0600553,0.440751
4708519153816,4708500155000,4708500155000,4708519140113,73729,18.9851,4708531184378,31.0294,0,10577,38722,0,0,1,0,0,0.008032,500,500,485,0.97,2.60906,3.98772,0.925581,0.34628,-0.250275,2.97168,-0.000449056,0.00435018,-0.0468642,0.64948,1,0.541606,0.0559084,-0.0559084,0.541606,1,1,-0.045654,0.560993,-0.0102544,-0.0193869,0,0,0,0,0,0,0,0,0,0,0,0,0,0,0,0,0,0,0,0,0,0,0,255,0.26,4.44631,0.26,-0.0681131,0.656494,1,1,1,1,0,1,1,-0.259924,-3.21147,0.178077,0.109455,-0.0173184,0.0987738,39.0018,9793,1,367,27.1089,2449,0,0.000884653,0.0353903,0.00880021,0,0,0,1,485,0.265,-0.000381294,0.00368481,0.000976476,0.000101043,0.000961655,-7.64956e-05,-0.10302,0.0500067,-0.00403672,0.186942,-0.184311,-0.0241199,-0.102751,0.0241828,12.3175,2,0,0,0,0,0,-1,1,-9.04588e-07,-3.41782e-06,-0.18546,0,39.2566,1,1010,1010,1010,1010,0,0,0,0,39.2604,54,-0.00772102,0.545382,53,-0.0375865,0.305867,53,-0.0441506,0.44578,56,0.0447365,0.618609,56,-0.0868527,0.61795,56,-0.151793,0.617196,54,0.0323196,0.583211,56,-0.0777569,0.582886,47,-0.152682,0.576964
4708531749512,4708520153000,4708520153000,4708531741642,73729,11.5886,4708544918991,24.766,1,10578,38723,0,0,1,0,0,0.019998,500,498,398,0.799197,2.59263,4.932,0.735728,0.271965,0.233871,5.21767,0.00026361,0.00888771,-0.059996,0.263627,1,0.44443,-0.0131818,0.0131818,0.44443,1,1,0.0218706,0.469683,-0.00868874,-0.0252529,0,0,0,0,0,0,0,0,0,0,0,0,0,0,0,0,0,0,0,0,0,0,0,255,0.25,6.85285,0.25,0.0418935,0.328602,1,1,1,1,1,1,1,-0.259924,-3.21147,0.178077,0.109455,-0.0173184,0.0987738,52.7329,9793,1,367,40.84,2449,0,0.000884653,0.0353903,0.00880021,0,0,0,1,398,0.255,0.000222952,0.00752704,0.00191939,-5.68529e-05,0.00184432,-0.000400176,-0.101176,0.0496065,-0.00335635,0.185831,-0.183536,0.0241213,-0.12879,0.0547471,13.4994,1,0,0,0,0,0,-1,1,-9.04588e-07,-3.41782e-06,-0.182777,0,0.216669,1,1010,1010,1010,1010,0,0,0,0,0.220335,29,0.0250671,0.430778,18,-0.0157407,0.452891,21,0.0426191,0.369878,56,0.0272553,0.445369,56,0.00797805,0.449885,56,0.00254747,0.450499,56,0.0209049,0.4511,54,0.00767741,0.458469,52,-0.0108195,0.457857
4708545500014,4708532122000,4708532122000,4708545483662,73729,13.3617,4708559629519,27.5075,0,10578,38724,0,0,1,0,0,0.011969,500,500,478,0.956,2.6501,4.14987,0.873007,0.30491,0.484253,2.66798,0.000870327,0.00395702,-0.0697012,0.363049,1,0.330606,-0.0727151,0.0727151,0.330606,1,1,0.0757155,0.353628,-0.00300044,-0.0230218,0,0,0,0,0,0,0,0,0,0,0,0,0,0,0,0,0,0,0,0,0,0,0,255,0.26,0.312669,0.26,0.0704399,0.541117,1,1,1,1,0,1,1,-0.255837,-3.21249,0.178862,0.10922,-0.02168,0.0852968,14.6999,9794,1,367,55.5538,2449,0,0.000884653,0.0353903,0.00880021,0,0,0,1,478,0.265,0.000738078,0.00335199,0.000888278,-0.000195591,0.000823165,-0.000351014,-0.100353,0.0492555,-0.00216966,0.184716,-0.182728,0.0729164,-0.122015,0.071055,14.4732,1,0,0,0,0,0,-1,1,-9.04588e-07,-3.41782e-06,-0.182777,0,14.9545,1,1010,1010,1010,1010,0,0,0,0,14.9582,51,0.0837793,0.318635,44,0.0494154,0.124113,51,0.0788524,0.29951,56,0.13826,0.371192,56,0.0534171,0.372554,56,0.0287888,0.371518,56,0.123098,0.350028,56,0.0554944,0.352493,52,0.0220737,0.359746
4708560212320,4708552130000,4708552130000,4708560206191,73729,8.07619,4708572955684,20.8257,1,10579,38725,0,0,1,0,0,0.020008,500,500,415,0.83,2.60961,4.60646,0.713135,0.277261,1.97388,6.21475,0.00364193,0.0103247,-0.0888988,0.289232,1,0.516027,-0.182024,0.182024,0.516027,1,1,0.171541,0.528165,0.0104823,-0.0121374,0,0,0,0,0,0,0,0,0,0,0,0,0,0,0,0,0,0,0,0,0,0,0,255,0.26,4.85735,0.26,0.0904632,0.672336,1,1,1,1,0,1,1,-0.255837,-3.21249,0.178862,0.10922,-0.02168,0.0852968,28.0246,9794,1,367,68.8786,2449,0,0.000884653,0.0353903,0.00880021,0,0,0,1,415,0.265,0.00308878,0.00874474,0.00231736,-0.000818528,0.00209244,-0.00121699,-0.0982603,0.0480385,0.000699673,0.18427,-0.181843,0.128722,-0.0643283,0.0585329,13.0796,2,0,0,0,0,0,-1,1,-9.04588e-07,-3.41782e-06,-0.182777,0,28.2729,1,1010,1010,1010,1010,0,0,0,0,28.2766,29,0.197503,0.508277,18,0.140541,0.522298,37,0.227971,0.45235,56,0.219118,0.522982,56,0.164869,0.535437,55,0.161772,0.53786,56,0.208637,0.520321,56,0.169512,0.53141,52,0.149158,0.544308
4708573498096,4708560160000,4708560160000,4708573485133,73729,13.3251,4708586983003,26.823,0,10579,38726,0,0,1,0,0,0.00803,500,500,441,0.882,2.62715,4.34422,0.776544,0.285632,0.990479,3.66299,0.00169398,0.0053711,-0.119006,0.729552,1,0.668879,-0.210956,0.210956,0.668879,1,1,0.193503,0.66489,0.0174533,0.0039895,0,0,0,0,0,0,0,0,0,0,0,0,0,0,0,0,0,0,0,0,0,0,0,255,0.25,7.57256,0.25,0.0464693,0.50683,1,1,1,1,0,1,1,-0.255837,-3.21249,0.178862,0.10922,-0.02168,0.0852968,42.0653,9794,1,367,82.9192,2449,0,0.000884653,0.0353903,0.00880021,0,0,0,1,441,0.255,0.00143626,0.00454965,0.00116016,-0.000366245,0.00105532,-0.000566301,-0.097205,0.0474722,0.00158617,0.184832,-0.181731,0.121498,0.0203464,0.0259892,13.8075,1,0,0,0,0,0,-1,1,-9.04588e-07,-3.41782e-06,-0.182777,0,42.3092,1,1010,1010,1010,1010,0,0,0,0,42.3129,36,0.240493,0.652386,49,0.0941385,0.228371,56,0.225001,0.643172,56,0.399339,0.752403,56,0.202326,0.76307,56,0.0978422,0.79877,44,0.356897,0.682052,56,0.1996,0.711624,32,0.0960017,0.720641
4708587532304,4708572118000,4708572118000,4708587518489,73729,15.4005,4708603120969,31.003,0,10579,38727,0,0,1,0,0,0.011958,500,500,469,0.938,2.61285,6.2729,0.996545,0.351892,0.622818,3.99054,0.00115734,0.00638868,-0.0372639,0.353166,1,0.53426,-0.0967839,0.0967839,0.53426,1,1,0.0908938,0.535055,0.00589008,-0.000795162,0,0,0,0,0,0,0,0,0,0,0,0,0,0,0,0,0,0,0,0,0,0,0,255,0.25,1.69918,0.25,-0.0653161,0.320435,1,1,1,1,1,1,1,-0.251917,-3.21353,0.177926,0.0982916,-0.0163147,0.0783832,5.10588,9795,1,367,99.0408,2449,0,0.000884653,0.0353903,0.00880021,0,0,0,1,469,0.255,0.000981384,0.00541223,0.00138012,-0.000250253,0.00128927,-0.000491295,-0.0959157,0.0469809,0.00135677,0.183779,-0.181687,0.0316223,-0.00405533,0.00126629,4.88098,2,0,0,0,0,0,-1,1,-9.04587e-07,-3.41782e-06,-0.181656,0,5.36108,1,1010,1010,1010,1010,0,0,0,0,5.36643,47,0.124053,0.545945,40,0.0328446,0.324752,54,0.096782,0.517575,56,0.177673,0.575382,56,0.0924293,0.58263,56,0.0343661,0.58751,52,0.160668,0.559071,56,0.0841442,0.563627,52,0.0218493,0.573227
4708603727585,4708592126000,4708592126000,4708603719863,73729,11.5939,4708617660088,25.5341,1,10580,38728,0,0,1,0,0,0.020008,500,500,413,0.826,2.60606,4.79645,0.784284,0.274891,-0.206879,6.09607,-0.000361242,0.0104838,-0.0193629,0.221667,1,0.523981,0.0180549,-0.0180549,0.523981,1,1,-0.0059894,0.53892,-0.0120655,-0.0149386,0,0,0,0,0,0,0,0,0,0,0,0,0,0,0,0,0,0,0,0,0,0,0,255,0.25,7.70723,0.25,-0.098743,0.445763,1,1,1,1,0,1,1,-0.251917,-3.21353,0.177926,0.0982916,-0.0163147,0.0783832,19.6696,9795,1,367,113.605,2449,0,0.000884653,0.0353903,0.00880021,0,0,0,1,413,0.255,-0.000307474,0.00887973,0.00226433,7.84058e-05,0.00220414,-0.000324082,-0.0937116,0.0466569,0.00101468,0.183196,-0.181188,-0.0379204,-0.0761868,0.0188908,14.3271,1,0,0,0,0,0,-1,1,-9.04587e-07,-3.41782e-06,-0.181656,0,19.9043,1,1010,1010,1010,1010,0,0,0,0,19.9096,32,-0.00254145,0.505955,17,-0.0469926,0.504109,32,-0.0021774,0.499904,56,0.0107596,0.536038,56,-0.0266842,0.539755,56,-0.0370574,0.539048,56,0.00412373,0.537825,56,-0.0195694,0.536387,52,-0.0432215,0.539159
4708618234482,4708612127000,4708612127000,4708618228019,73729,6.10102,4708629444611,17.3176,1,10581,38729,0,0,1,0,0,0.020001,500,500,394,0.788,2.61345,4.44915,0.780192,0.264577,-0.727921,6.72641,-0.00170642,0.0118268,-0.0879648,0.185542,1,0.591313,0.0853166,-0.0853166,0.591313,1,1,-0.0610913,0.59962,-0.0242253,-0.00830741,0,0,0,0,0,0,0,0,0,0,0,0,0,0,0,0,0,0,0,0,0,0,0,255,0.25,1.93657,0.25,-0.0333946,0.573974,1,1,1,2,0,1,1,-0.251917,-3.21353,0.177926,0.0982916,-0.0163147,0.0783832,31.4332,9795,1,367,125.368,2449,0,0.000884653,0.0353903,0.00880021,0,0,0,1,394,0.255,-0.00144883,0.0100163,0.00255416,0.000369452,0.00253695,-8.68697e-05,-0.0911746,0.04657,0.000677943,0.18333,-0.18029,-0.0493954,-0.0423678,0.0593229,11.542,1,0,0,0,0,0,-1,1,-9.04587e-07,-3.41782e-06,-0.181656,0,31.6581,1,1010,1010,1010,1010,0,0,0,0,31.6634,21,-0.105406,0.55911,15,-0.113656,0.586887,26,-0.0832522,0.566832,56,-0.057915,0.596262,56,-0.0808761,0.604011,56,-0.0932881,0.597608,56,-0.0592623,0.601515,56,-0.0818673,0.60271,52,-0.109725,0.603525
4708629988875,4708620147000,4708620147000,4708629977819,73729,9.83082,4708641167929,21.0209,0,10581,38730,0,0,1,0,0,0.00802,500,500,418,0.836,2.61491,4.08592,0.812766,0.280539,-0.291847,4.29245,-0.000735244,0.00752674,-0.168831,0.257336,1,0.938496,0.0916763,-0.0916763,0.938496,1,1,-0.058829,0.924858,-0.0328473,0.0136386,0,0,0,0,0,0,0,0,0,0,0,0,0,0,0,0,0,0,0,0,0,0,0,255,0.25,3.49018,0.25,-0.0105159,0.860534,1,1,1,1,0,1,1,-0.251917,-3.21353,0.177926,0.0982916,-0.0163147,0.0783832,43.1555,9795,1,367,137.09,2449,0,0.000884653,0.0353903,0.00880021,0,0,0,1,418,0.255,-0.000624097,0.00637525,0.00162569,0.000159145,0.0016006,-0.000126377,-0.089574,0.0464436,0.000473753,0.185976,-0.178076,-0.0366575,0.0695567,0.104691,11.4084,2,0,0,0,0,0,-1,1,-9.04587e-07,-3.41782e-06,-0.181656,0,43.3932,1,1010,1010,1010,1010,0,0,0,0,0.17602,34,-0.0657488,0.857998,20,-0.120568,0.949085,32,-0.0685775,0.92335,56,-0.0329414,0.960631,56,-0.111798,0.972405,56,-0.128779,0.947548,56,-0.0556039,0.961269,56,-0.0983058,0.963494,52,-0.13672,0.975029
4708641717638,4708632118000,4708632118000,4708641704489,73729,9.58649,4708652587153,20.4692,0,10581,38731,0,0,1,0,0,0.011971,500,500,403,0.806,2.62695,4.57854,0.750339,0.264706,-0.281158,4.88931,-0.000805786,0.0087725,-0.105763,0.148889,1,0.732813,0.0673115,-0.0673115,0.732813,1,1,-0.033345,0.71054,-0.0339665,0.0222729,0,0,0,0,0,0,0,0,0,0,0,0,0,0,0,0,0,0,0,0,0,0,0,255,0.25,4.13366,0.25,-0.0107843,0.586441,1,1,1,0,1,1,1,-0.247828,-3.21448,0.177015,0.111545,-0.0192959,0.0667068,9.9408,9796,1,367,148.515,2449,0,0.000884653,0.0353903,0.00880021,0,0,0,1,403,0.255,-0.000684052,0.00743012,0.00189468,0.000174433,0.00186348,-0.000158157,-0.0877106,0.0462855,0.000473753,0.185976,-0.178076,-0.0300718,0.113592,0.114526,22.8273,0,0,0,0,0,0,-1,1,-9.04588e-07,-3.41782e-06,-0.177232,0,10.163,1,1010,1010,1010,1010,0,0,0,0,11.5862,31,-0.0706167,0.679026,19,-0.171339,0.702911,21,-0.0456229,0.70951,56,-0.0237967,0.747488,56,-0.0662355,0.756722,56,-0.089793,0.747323,56,-0.0361588,0.749178,56,-0.0721789,0.746556,52,-0.0899172,0.744702
4708653176935,4708640145000,4708640145000,4708653163361,73729,13.0184,4708665184626,25.0396,0,10581,38732,0,0,1,0,0,0.008027,500,500,362,0.724,2.6175,4.6053,0.9126,0.250095,-0.297501,5.09109,-0.000691435,0.00788153,-0.393486,0.625007,1,0.981877,0.0861387,-0.0861387,0.981877,1,1,-0.056513,0.94503,-0.0296257,0.0368476,0,0,0,0,0,0,0,0,0,0,0,0,0,0,0,0,0,0,0,0,0,0,0,255,0.25,5.11993,0.25,-0.0309597,0.847921,1,1,1,1,0,1,1,-0.247828,-3.21448,0.177015,0.111545,-0.0192959,0.0667068,22.5515,9796,1,367,161.126,2449,0,0.000884653,0.0353903,0.00880021,0,0,0,1,362,0.255,-0.000587046,0.00667631,0.00170246,0.000149697,0.00167216,-0.000146405,-0.0860384,0.0461391,-2.62633e-06,0.189866,-0.176632,-0.0305582,0.187923,0.0964264,12.3557,2,0,0,0,0,0,-1,1,-9.04588e-07,-3.41782e-06,-0.177232,0,22.7716,1,1010,1010,1010,1010,0,0,0,0,24.1948,33,0.0596722,1.00745,37,-0.117259,0.622126,36,-0.0777857,0.591172,56,0.0490461,1.05145,56,-0.121562,1.13233,56,-0.270407,1.19237,52,-0.030271,1.00342,34,-0.138876,1.0425,2,0,0
4708665724501,4708648197000,4708648197000,4708665711057,73729,17.5141,4708678935147,30.7381,0,10581,38733,0,0,1,0,0,0.008052,500,499,424,0.849699,2.63156,4.30174,0.906044,0.298929,-0.227394,4.94662,-0.000611873,0.00842155,-0.196635,0.365471,1,1.0459,0.0759902,-0.0759902,1.0459,1,1,-0.0530448,1.01205,-0.0229454,0.0338487,0,0,0,0,0,0,0,0,0,0,0,0,0,0,0,0,0,0,0,0,0,0,0,255,0.25,8.77904,0.25,-0.0282281,0.758188,1,1,1,1,0,1,1,-0.247828,-3.21448,0.177015,0.111545,-0.0192959,0.0667068,36.2842,9796,1,367,174.859,2449,0,0.000884653,0.0353903,0.00880021,0,0,0,1,424,0.255,-0.000519522,0.00713366,0.00181908,0.000132478,0.00178147,-0.000182839,-0.0842569,0.0459562,-0.000559602,0.191205,-0.17632,-0.0469937,0.172628,0.0560223,13.5104,1,0,0,0,0,0,-1,1,-9.04588e-07,-3.41782e-06,-0.177232,0,36.5225,1,1010,1010,1010,1010,0,0,0,0,37.9456,34,-0.0318503,0.968446,21,-0.0948453,1.02305,38,0.0178741,0.712874,56,0.013629,1.0767,55,-0.0825696,1.1145,56,-0.179547,1.12986,56,-0.0155167,1.06302,56,-0.0913326,1.09444,52,-0.166864,1.10811
4708679486466,4708668155000,4708668155000,4708679480670,73729,11.3257,4708692686278,24.5313,1,10582,38734,0,0,1,0,0,0.019958,500,500,378,0.756,2.59174,4.50635,0.737006,0.261688,-0.671097,8.34529,-0.00137835,0.0153201,-0.0478424,0.0822656,1,0.767618,0.0690625,-0.0690625,0.767618,1,1,-0.0482624,0.752419,-0.0208001,0.0151998,0,0,0,0,0,0,0,0,0,0,0,0,0,0,0,0,0,0,0,0,0,0,0,255,0.25,2.22111,0.25,-0.0231291,0.443509,1,1,1,1,0,1,1,-0.247828,-3.21448,0.177015,0.111545,-0.0192959,0.0667068,50.0333,9796,1,367,188.608,2449,0,0.000884653,0.0353903,0.00880021,0,0,0,1,378,0.255,-0.00117067,0.0129749,0.00330859,0.000298521,0.00324976,-0.000274177,-0.0810072,0.045682,-0.00205177,0.192106,-0.175832,-0.0733693,0.077519,0.0261689,13.49,2,0,0,0,0,0,-1,1,-9.04587e-07,-3.41782e-06,-0.175547,0,0.185409,1,1010,1010,1010,1010,0,0,0,0,0.189242,24,-0.0559014,0.738832,16,-0.0848237,0.748635,6,-0.0489614,0.751318,56,-0.0561192,0.765838,56,-0.0736208,0.770469,56,-0.0760378,0.760112,56,-0.0600381,0.782314,56,-0.0697464,0.78073,52,-0.0864429,0.782064
4708693207060,4708680141000,4708680141000,4708693194301,73729,13.0533,4708706809839,26.6688,0,10582,38735,0,0,1,0,0,0.011986,500,500,472,0.944,2.60978,4.35052,0.870859,0.32165,-0.253433,3.54819,-0.000435494,0.00529359,-0.0634915,0.359739,1,0.441647,0.0363335,-0.0363335,0.441647,1,1,-0.01581,0.435565,-0.0205235,0.00608238,0,0,0,0,0,0,0,0,0,0,0,0,0,0,0,0,0,0,0,0,0,0,0,255,0.25,5.71268,0.25,0.0318651,0.318738,1,1,1,1,1,1,1,-0.243935,-3.21558,0.175887,0.0984038,-0.0274597,0.0625883,14.1003,9797,1,367,202.746,2449,0,0.000884653,0.0353903,0.00880021,0,0,0,1,472,0.255,-0.000369841,0.0044843,0.0011435,9.43094e-05,0.00112152,-0.000103081,-0.0798857,0.045579,-0.00253409,0.192683,-0.17549,-0.0699119,0.0310201,0.0278063,12.4436,1,0,0,0,0,0,-1,1,-9.04587e-07,-3.41782e-06,-0.175547,0,14.3643,1,1010,1010,1010,1010,0,0,0,0,14.3681,46,0.0213385,0.459394,39,-0.0357726,0.169388,55,0.00442613,0.278366,56,0.0386166,0.500759,56,-0.03802,0.510523,56,-0.13354,0.526934,56,0.0327455,0.471474,56,-0.0463428,0.481962,52,-0.150008,0.474876
4708707438640,4708688157000,4708688157000,4708707425973,73729,19.269,4708719526202,31.3692,0,10582,38736,0,0,1,0,0,0.008016,500,500,415,0.83,2.67011,4.49304,0.776118,0.275558,-0.0727234,3.78668,-0.000215223,0.00660069,-0.118218,0.242311,1,0.82344,0.0268492,-0.0268492,0.82344,1,1,-0.00860484,0.810102,-0.0182443,0.0133378,0,0,0,0,0,0,0,0,0,0,0,0,0,0,0,0,0,0,0,0,0,0,0,255,0.26,-0.312577,0.26,0.0673635,0.66843,1,1,1,1,0,1,1,-0.243935,-3.21558,0.175887,0.0984038,-0.0274597,0.0625883,26.8028,9797,1,367,12.6577,2450,0,0.000884653,0.0336943,0.00121301,0,0,0,1,415,0.265,-0.000183068,0.00559081,0.00148157,4.85129e-05,0.00143996,-0.000205727,-0.0784457,0.0453732,-0.00302759,0.193902,-0.175267,-0.0587492,0.0706905,0.0303566,12.452,1,0,0,0,0,0,-1,1,-9.04587e-07,-3.41782e-06,-0.175547,0,27.0363,1,1010,1010,1010,1010,0,0,0,0,27.0401,32,-0.0104913,0.809707,23,-0.0149577,0.885626,28,0.0493603,0.576286,56,0.0224057,0.835805,56,-0.023336,0.849316,56,-0.083394,0.866555,56,0.00945077,0.82781,56,-0.0495402,0.850043,52,-0.0832003,0.855557
4708720083448,4708708159000,4708708159000,4708720076577,73729,11.9176,4708732555494,24.3965,1,10583,38737,0,0,1,0,0,0.020002,500,500,369,0.738,2.55582,4.88559,0.90236,0.260224,0.132751,9.46274,0.000145049,0.0172866,-0.0493381,0.0989775,1,0.864245,-0.0072517,0.0072517,0.864245,1,1,0.0185248,0.829172,-0.0112731,0.0350725,0,0,0,0,0,0,0,0,0,0,0,0,0,0,0,0,0,0,0,0,0,0,0,255,0.26,2.13398,0.26,0.0186868,0.986163,1,1,1,1,0,1,1,-0.243935,-3.21558,0.175887,0.0984038,-0.0274597,0.0625883,39.8323,9797,1,367,25.6872,2450,0,0.000884653,0.0336943,0.00121301,0,0,0,1,369,0.265,0.000121221,0.01464,0.00387959,-3.21236e-05,0.00373929,-0.000695193,-0.0747064,0.044678,-0.00380218,0.198776,-0.175371,-0.0440179,0.185884,0.0125836,12.7984,2,0,0,0,0,0,-1,1,-9.04587e-07,-3.41782e-06,-0.175547,0,40.0561,1,1010,1010,1010,1010,0,0,0,0,40.06,18,0.0404402,0.845725,17,-0.000181047,0.820729,7,0.0535448,0.735669,56,0.0282037,0.859354,56,0.00219014,0.866813,51,-0.0144837,0.862493,56,0.021641,0.879711,56,0.00618849,0.881763,52,-0.017005,0.883952
4708733072406,4708720139000,4708720139000,4708733060536,73729,12.9215,4708746755166,26.6162,0,10583,38738,0,0,1,0,0,0.01198,500,500,339,0.678,2.59223,4.71459,0.874952,0.23815,0.215851,5.80905,0.000498331,0.00837435,-0.152498,0.717981,1,0.699028,-0.0415969,0.0415969,0.699028,1,1,0.0473627,0.636883,-0.00576573,0.062145,0,0,0,0,0,0,0,0,0,0,0,0,0,0,0,0,0,0,0,0,0,0,0,255,0.26,4.65356,0.26,0.0868929,0.596853,1,1,1,1,0,1,1,-0.23928,-3.21726,0.174704,0.1108,-0.037213,0.0593439,1.89353,9798,1,367,39.879,2450,0,0.000884653,0.0336943,0.00121301,0,0,0,1,339,0.265,0.000420797,0.00709253,0.00187952,-0.000111511,0.00179216,-0.000431921,-0.0729143,0.0442461,-0.00489403,0.205477,-0.175971,-0.0442636,0.329369,-0.0109642,1.72603,2,0,0,0,0,0,-1,1,-9.04587e-07,-3.41782e-06,-0.176081,0,2.09968,1,1010,1010,1010,1010,0,0,0,0,2.10389,13,-0.0811552,0.488707,32,0.00822654,0.258889,40,0.150463,0.519246,38,0.153649,0.764628,55,0.0442796,0.826394,33,-0.160021,0.881434,56,0.195338,0.703195,50,0.00763759,0.732848,22,-0.139622,0.790012
4708747239004,4708728164000,4708728164000,4708747227930,73729,19.0639,4708760060165,31.8962,0,10583,38739,0,0,1,0,0,0.008025,500,500,346,0.692,2.56621,4.21018,0.852452,0.267058,0.259964,6.37971,0.000425047,0.0100708,-0.150563,0.763787,1,1.25493,-0.0529653,0.0529653,1.25493,1,1,0.0580304,1.19076,-0.00506512,0.0641714,0,0,0,0,0,0,0,0,0,0,0,0,0,0,0,0,0,0,0,0,0,0,0,255,0.26,8.57892,0.26,0.0965527,0.958361,1,1,1,1,1,1,1,-0.23928,-3.21726,0.174704,0.1108,-0.037213,0.0593439,15.2058,9798,1,367,53.1913,2450,0,0.000884653,0.0336943,0.00121301,0,0,0,1,346,0.265,0.000358089,0.00852912,0.00226022,-9.48935e-05,0.00216198,-0.000480802,-0.0707523,0.0437653,-0.00489403,0.205477,-0.175971,-0.0483496,0.340108,-0.0172036,15.0099,0,0,0,0,0,0,-1,1,-9.04587e-07,-3.41782e-06,-0.176081,0,15.4381,1,1010,1010,1010,1010,0,0,0,0,15.4423,3,-0.572409,0.828844,16,0.0806256,0.300732,38,0.184628,0.846966,34,0.178229,1.34109,52,0.0533138,1.37963,56,-0.173582,1.41763,56,0.233035,1.28653,56,0.0256107,1.30423,35,-0.138888,1.36922
4708760626854,4708748160000,4708748160000,4708760617762,73729,12.4578,4708773046271,24.8863,1,10584,38740,0,0,1,0,0,0.019996,500,500,361,0.722,2.57678,4.83802,0.966044,0.247539,0.482971,11.5702,0.000956655,0.0215564,0.000172004,0.0563694,1,1.07804,-0.0478423,0.0478423,1.07804,1,1,0.0505882,1.02968,-0.00274585,0.0483546,0,0,0,0,0,0,0,0,0,0,0,0,0,0,0,0,0,0,0,0,0,0,0,255,0.26,2.09037,0.26,0.0884335,0.55427,1,1,1,1,0,1,1,-0.23928,-3.21726,0.174704,0.1108,-0.037213,0.0593439,28.1944,9798,1,367,66.1799,2450,0,0.000884653,0.0336943,0.00121301,0,0,0,1,361,0.265,0.000809284,0.0182549,0.00483754,-0.00021446,0.0046205,-0.0010435,-0.0661318,0.0427218,-0.00604715,0.209524,-0.176826,-0.0511596,0.256279,-0.0292852,12.6681,2,0,0,0,0,0,-1,1,-9.04587e-07,-3.41782e-06,-0.176081,0,28.408,1,1010,1010,1010,1010,0,0,0,0,28.4122,16,0.0625127,1.03912,14,0.0209801,1.09498,2,0,0,56,0.064453,1.067,56,0.0480759,1.07853,54,0.033035,1.07123,56,0.0592133,1.08957,56,0.0527883,1.10208,51,0.0285743,1.09936
4708773570442,4708760138000,4708760138000,4708773557146,73729,13.4191,4708786861422,26.7234,0,10584,38741,0,0,1,0,0,0.011978,500,499,379,0.759519,2.56743,4.46746,0.825507,0.259743,0.31192,4.72202,0.000370041,0.0072053,-0.0696504,0.431674,1,0.601544,-0.0308934,0.0308934,0.601544,1,1,0.0303463,0.576348,0.000547069,0.0251958,0,0,0,0,0,0,0,0,0,0,0,0,0,0,0,0,0,0,0,0,0,0,0,255,0.26,4.64972,0.26,0.096897,0.271767,1,1,1,1,0,1,1,-0.23928,-3.21726,0.174704,0.1108,-0.037213,0.0593439,42.0322,9798,1,367,80.0178,2450,0,0.000884653,0.0336943,0.00121301,0,0,0,1,379,0.265,0.000312562,0.00610249,0.00161716,-8.28289e-05,0.0015422,-0.000360628,-0.0645896,0.0423612,-0.00670009,0.210318,-0.177392,-0.0547448,0.133538,-0.0461154,13.5868,1,0,0,0,0,0,-1,1,-9.04587e-07,-3.41782e-06,-0.176081,0,42.2625,1,1010,1010,1010,1010,0,0,0,0,42.2667,4,-0.311013,0.264451,25,-0.0177818,0.155765,47,0.0957385,0.439749,37,0.133203,0.660501,50,0.0684219,0.682837,56,-0.0739997,0.706937,52,0.142044,0.614859,56,0.0281588,0.633122,52,-0.07603,0.657767
4708787432463,4708768162000,4708768162000,4708787418871,73729,19.2569,4708799653767,31.4918,0,10584,38742,0,0,1,0,0,0.008024,500,500,437,0.874,2.53995,4.5133,0.957045,0.288558,0.295471,4.01575,0.000714892,0.00601367,0.0142879,0.566854,1,0.74946,-0.0890942,0.0890942,0.74946,1,1,0.0861766,0.736202,0.0029176,0.0132575,0,0,0,0,0,0,0,0,0,0,0,0,0,0,0,0,0,0,0,0,0,0,0,255,0.26,8.24997,0.26,0.122164,0.520141,1,1,1,1,0,1,1,-0.234935,-3.21919,0.172691,0.0995087,-0.038036,0.0605306,1.51716,9799,1,367,92.7816,2450,0,0.000884653,0.0336943,0.00121301,0,0,0,1,437,0.265,0.000605995,0.00509412,0.00134994,-0.000160589,0.00127051,-0.000392786,-0.0633191,0.0419684,-0.00818494,0.211602,-0.178787,-0.0611488,0.070265,-0.0612897,1.31058,2,0,0,0,0,0,-1,1,-9.04587e-07,-3.41782e-06,-0.178971,0,1.7537,1,1010,1010,1010,1010,0,0,0,0,1.75792,45,0.182952,0.590636,36,0.0287464,0.215736,36,0.146453,0.544962,56,0.216449,0.876802,54,0.0917766,0.912313,46,-0.08098,0.874826,56,0.227653,0.823782,56,0.0804203,0.821083,52,-0.0803526,0.826808
4708800225661,4708788200000,4708788200000,4708800218457,73729,12.0185,4708812882154,24.6822,1,10585,38743,0,0,1,0,0,0.020038,500,500,338,0.676,2.54246,4.56794,0.970119,0.240798,0.479202,7.76363,0.00098071,0.0139957,0.0178919,0.132178,1,0.698457,-0.0489425,0.0489425,0.698457,1,1,0.0418994,0.68631,0.00704306,0.0121466,0,0,0,0,0,0,0,0,0,0,0,0,0,0,0,0,0,0,0,0,0,0,0,255,0.26,1.03188,0.26,0.0999022,0.466843,1,1,1,1,1,1,1,-0.234935,-3.21919,0.172691,0.0995087,-0.038036,0.0605306,14.7496,9799,1,367,106.014,2450,0,0.000884653,0.0336943,0.00121301,0,0,0,1,338,0.265,0.000831317,0.0118522,0.00314084,-0.000220299,0.00298192,-0.000765632,-0.0603372,0.0412028,-0.00894397,0.212282,-0.179713,-0.0622408,0.0643768,-0.0796552,13.0406,1,0,0,0,0,0,-1,1,-9.04587e-07,-3.41782e-06,-0.178971,0,14.9622,1,1010,1010,1010,1010,0,0,0,0,14.9664,19,0.0655756,0.684087,6,0.0273425,0.724171,13,0.0995136,0.425166,53,0.0771704,0.702985,55,0.0492756,0.706599,56,0.0225966,0.715773,27,0.0692131,0.709058,56,0.0442701,0.71964,53,0.0141561,0.72617
4708813461640,4708800148000,4708800148000,4708813448140,73729,13.3001,4708827126586,26.9786,0,10585,38744,0,0,1,0,0,0.011948,500,499,401,0.803607,2.55804,4.46037,0.853451,0.266151,0.303223,3.96643,0.000696361,0.00679808,0.0104447,0.22074,1,0.568973,-0.0582827,0.0582827,0.568973,1,1,0.0480206,0.554351,0.0102621,0.0146221,0,0,0,0,0,0,0,0,0,0,0,0,0,0,0,0,0,0,0,0,0,0,0,255,0.26,4.11131,0.26,0.115833,0.438941,1,1,1,1,0,1,1,-0.234935,-3.21919,0.172691,0.0995087,-0.038036,0.0605306,29.0148,9799,1,367,120.279,2450,0,0.000884653,0.0336943,0.00121301,0,0,0,1,401,0.265,0.000589932,0.00575759,0.00152576,-0.000156332,0.00143915,-0.000421903,-0.058898,0.0407809,-0.00975457,0.21316,-0.180745,-0.0614882,0.0774969,-0.0927017,14.0374,1,0,0,0,0,0,-1,1,-9.04587e-07,-3.41782e-06,-0.178971,0,29.257,1,1010,1010,1010,1010,0,0,0,0,29.2612,27,0.0562965,0.550195,3,-0.0123479,0.635871,39,0.146931,0.420906,56,0.0967404,0.585855,56,0.0567792,0.606982,56,0.0058033,0.598115,56,0.0965276,0.574266,56,0.0468905,0.586973,52,-0.0171814,0.602815
4708827707887,4708820145000,4708820145000,4708827701479,73729,7.55648,4708839764060,19.6191,1,10586,38745,0,0,1,0,0,0.019997,500,500,332,0.664,2.55597,4.68108,0.799877,0.227502,0.532005,8.61446,0.00135387,0.0157509,0.074169,0.113999,1,0.787665,-0.0677039,0.0677039,0.787665,1,1,0.0566009,0.76958,0.011103,0.0180856,0,0,0,0,0,0,0,0,0,0,0,0,0,0,0,0,0,0,0,0,0,0,0,255,0.26,8.04483,0.26,0.123324,0.57984,1,1,1,1,0,1,1,-0.234935,-3.21919,0.172691,0.0995087,-0.038036,0.0605306,41.636,9799,1,367,132.9,2450,0,0.000884653,0.0336943,0.00121301,0,0,0,1,332,0.265,0.00114661,0.0133368,0.00353426,-0.000303851,0.00334224,-0.000923707,-0.0555558,0.0398572,-0.0107767,0.214185,-0.181908,-0.06935,0.0958536,-0.102557,12.421,1,0,0,0,0,0,-1,1,-9.04587e-07,-3.41782e-06,-0.178971,0,41.8607,1,1010,1010,1010,1010,0,0,0,0,0.144909,11,0.069643,0.767278,1,0,0,1,0,0,54,0.0816158,0.77273,56,0.0584763,0.776162,45,0.0680193,0.784034,56,0.0819762,0.800998,56,0.0666666,0.799551,52,0.0527257,0.798978
4708840333101,4708828191000,4708828191000,4708840320824,73729,12.1298,4708853630970,25.44,0,10586,38746,0,0,1,0,0,0.008046,500,500,440,0.88,2.50721,5.57671,0.904581,0.299521,0.30545,4.17581,0.000849002,0.00632478,0.103005,0.63576,1,0.786077,-0.105519,0.105519,0.786077,1,1,0.0967942,0.768956,0.00872436,0.0171217,0,0,0,0,0,0,0,0,0,0,0,0,0,0,0,0,0,0,0,0,0,0,0,255,0.26,0.510763,0.26,0.15195,0.68402,1,1,1,1,0,1,1,-0.23047,-3.2212,0.171421,0.106443,-0.0426334,0.0744398,4.22646,9800,1,367,146.76,2450,0,0.000884653,0.0336943,0.00121301,0,0,0,1,440,0.265,0.000719239,0.00535738,0.00141971,-0.000190598,0.00132842,-0.000442059,-0.0542273,0.0394151,-0.0133857,0.216823,-0.184694,-0.0729759,0.0907452,-0.095372,3.96927,3,0,0,0,0,0,-1,1,-9.04587e-07,-3.41782e-06,-0.184171,0,4.47011,1,1010,1010,1010,1010,0,0,0,0,14.0243,35,0.182916,0.666907,21,0.0856919,0.108328,52,0.173948,0.596621,56,0.215603,0.902713,56,0.112426,0.903532,56,-0.0491515,0.881617,56,0.221757,0.862207,56,0.0808144,0.835287,52,-0.0788158,0.866483
4708854175752,4708840155000,4708840155000,4708854162530,73729,14.0075,4708867236007,27.081,0,10586,38747,0,0,1,0,0,0.011964,499,499,428,0.857715,2.53248,4.49981,0.822674,0.288058,0.308823,4.17368,0.000308121,0.00573067,-0.0223328,0.616318,1,0.478993,-0.025754,0.025754,0.478993,1,1,0.0191497,0.462007,0.0066043,0.0169853,0,0,0,0,0,0,0,0,0,0,0,0,0,0,0,0,0,0,0,0,0,0,0,255,0.26,4.18174,0.26,0.138725,0.427715,1,1,1,1,1,1,1,-0.23047,-3.2212,0.171421,0.106443,-0.0426334,0.0744398,17.8522,9800,1,367,160.386,2450,0,0.000884653,0.0336943,0.00121301,0,0,0,1,428,0.265,0.000260493,0.00485317,0.00128609,-6.90307e-05,0.00122214,-0.000298542,-0.0530052,0.0391166,-0.0133857,0.216823,-0.184694,-0.0675821,0.0900221,-0.0820679,17.5769,0,0,0,0,0,0,-1,1,-9.04587e-07,-3.41782e-06,-0.184171,0,18.0911,1,1010,1010,1010,1010,0,0,0,0,27.6454,20,-0.238704,0.265425,44,-0.0853015,0.128265,41,0.0821176,0.394837,48,0.163669,0.566054,51,0.0771274,0.589717,56,-0.0736769,0.583951,56,0.18559,0.501383,56,0.0348002,0.513183,56,-0.118532,0.541866
4708867887679,4708856171000,4708856171000,4708867874976,73729,11.704,4708880239114,24.0681,1,10587,38748,0,0,1,0,0,0.016016,500,500,340,0.68,2.51048,4.66371,0.888896,0.234521,0.621338,8.90143,0.00144921,0.015989,0.034194,0.228338,1,0.998315,-0.0904853,0.0904853,0.998315,1,1,0.0858186,0.979093,0.00466662,0.0192219,0,0,0,0,0,0,0,0,0,0,0,0,0,0,0,0,0,0,0,0,0,0,0,255,0.26,7.58764,0.26,0.160861,0.751263,1,1,1,1,0,1,1,-0.23047,-3.2212,0.171421,0.106443,-0.0426334,0.0744398,30.8386,9800,1,367,173.373,2450,0,0.000884653,0.0336943,0.00121301,0,0,0,1,340,0.265,0.00122684,0.0135388,0.00358778,-0.000325112,0.00338402,-0.000965329,-0.0496212,0.0381512,-0.0140998,0.21786,-0.185371,-0.0635909,0.101876,-0.0706592,12.7822,1,0,0,0,0,0,-1,1,-9.04587e-07,-3.41782e-06,-0.184171,0,31.0533,1,1010,1010,1010,1010,0,0,0,0,40.6075,9,0.0676598,0.929007,0,0,0,9,0.0996047,0.922949,54,0.108008,0.988465,56,0.0803974,1.00004,48,0.0934028,0.993006,56,0.108923,1.02202,56,0.100935,1.01426,52,0.0622042,1.02306
4708880724489,4708868186000,4708868186000,4708880714044,73729,12.528,4708892891588,24.7056,0,10587,38749,0,0,1,0,0,0.012015,496,496,405,0.816532,2.49519,4.45404,0.808969,0.283743,0.38681,4.45529,0.000940247,0.00704879,0.00344586,0.432865,1,0.586666,-0.0782561,0.0782561,0.586666,1,1,0.0751281,0.567317,0.003128,0.0193488,0,0,0,0,0,0,0,0,0,0,0,0,0,0,0,0,0,0,0,0,0,0,0,255,0.26,0.270003,0.26,0.136712,0.461327,1,1,1,1,0,1,1,-0.23047,-3.2212,0.171421,0.106443,-0.0426334,0.0744398,43.4888,9800,1,367,186.023,2450,0,0.000884653,0.0336943,0.00121301,0,0,0,1,405,0.265,0.000796732,0.00597001,0.00158205,-0.000211134,0.00147884,-0.000493714,-0.0481423,0.0376575,-0.0151607,0.219708,-0.186393,-0.0499543,0.102548,-0.0532261,12.4074,2,0,0,0,0,0,-1,1,-9.04587e-07,-3.41782e-06,-0.187064,0,0.168242,1,1010,1010,1010,1010,0,0,0,0,0.171927,28,0.065685,0.519417,6,0.105467,0.23066,43,0.182539,0.409621,56,0.14863,0.638437,48,0.0728838,0.633623,56,-0.000181155,0.612845,56,0.142258,0.606215,56,0.0647234,0.614366,56,-0.035385,0.621831
4708893429704,4708876161000,4708876161000,4708893417130,73729,17.2561,4708905687823,29.5268,0,10587,38750,0,0,1,0,0,0.007975,497,497,401,0.806841,2.51143,4.49646,0.760265,0.265891,0.404297,4.29834,0.000976533,0.0066724,0.0557934,0.713538,1,0.836664,-0.122449,0.122449,0.836664,1,1,0.119943,0.81833,0.00250632,0.0183339,0,0,0,0,0,0,0,0,0,0,0,0,0,0,0,0,0,0,0,0,0,0,0,255,0.26,2.75517,0.26,0.155375,0.709671,1,1,1,1,0,1,1,-0.225748,-3.22314,0.171344,0.105988,-0.0410215,0.0833889,12.7382,9801,1,367,198.825,2450,0,0.000884653,0.0336943,0.00121301,0,0,0,1,401,0.265,0.00082715,0.00565147,0.00149764,-0.000219195,0.00139642,-0.000486372,-0.0467459,0.0371711,-0.0151607,0.219708,-0.186393,-0.0452313,0.0971699,-0.0468118,25.2064,0,0,0,0,0,0,-1,1,-9.04587e-07,-3.41782e-06,-0.187064,0,12.9737,1,1010,1010,1010,1010,0,0,0,0,12.9774,35,0.0194692,0.63111,5,0.542136,0.273121,42,0.238639,0.576072,56,0.216569,0.934092,48,0.117216,0.918903,56,0.0132815,0.880084,52,0.230519,0.885818,56,0.117775,0.878789,51,-0.0391077,0.871845
4708906222031,4708896167000,4708896167000,4708906215142,73729,10.0481,4708918596874,22.4299,1,10588,38751,0,0,1,0,0,0.020006,487,487,310,0.63655,2.5163,4.88058,0.883489,0.217557,1.10735,7.31931,0.00209517,0.0117215,-0.00991602,0.405579,1,0.585897,-0.104727,0.104727,0.585897,1,1,0.101648,0.582747,0.00307872,0.00315019,0,0,0,0,0,0,0,0,0,0,0,0,0,0,0,0,0,0,0,0,0,0,0,255,0.26,5.39867,0.26,0.148459,0.458052,1,1,1,1,1,1,1,-0.225748,-3.22314,0.171344,0.105988,-0.0410215,0.0833889,25.6464,9801,1,367,12.8578,2451,0,0.000884653,0.0300107,0.00374637,0,0,0,1,310,0.265,0.00177385,0.00992372,0.00262979,-0.000470069,0.00243632,-0.000939321,-0.0443096,0.0362318,-0.0155763,0.219161,-0.186997,-0.0250544,0.016696,-0.0330972,12.6781,2,0,0,0,0,0,-1,1,-9.04587e-07,-3.41782e-06,-0.187064,0,25.8474,1,1010,1010,1010,1010,0,0,0,0,25.8511,9,-0.106618,0.365158,1,0,0,12,0.145219,0.567465,30,0.153955,0.600203,41,0.108839,0.608415,51,0.0784494,0.590498,56,0.164833,0.591631,54,0.110421,0.590752,56,0.0503382,0.607884
4708919145841,4708908147000,4708908147000,4708919133526,73729,10.9865,4708933789665,25.6427,0,10588,38752,0,0,1,0,0,0.01198,488,486,464,0.954733,2.49595,4.07333,0.844747,0.308799,0.639557,2.78044,0.00110616,0.00351326,-0.0576066,0.587071,1,0.293261,-0.0923336,0.0923336,0.293261,1,1,0.0856181,0.306454,0.00671549,-0.0131939,0,0,0,0,0,0,0,0,0,0,0,0,0,0,0,0,0,0,0,0,0,0,0,255,0.26,8.07259,0.26,0.125883,0.331403,1,1,1,1,0,1,1,-0.225748,-3.22314,0.171344,0.105988,-0.0410215,0.0833889,40.8342,9801,1,367,28.0456,2451,0,0.000884653,0.0300107,0.00374637,0,0,0,1,464,0.265,0.000937974,0.00297534,0.000788466,-0.000248563,0.000710855,-0.000387669,-0.0435987,0.0358442,-0.0155878,0.218223,-0.187286,-0.00218372,-0.0699278,-0.0302207,14.9555,1,0,0,0,0,0,-1,1,-9.04587e-07,-3.41782e-06,-0.187064,0,41.0932,1,1010,1010,1010,1010,0,0,0,0,41.0969,49,0.068883,0.225967,43,0.00446784,0.0216374,55,0.150861,0.23712,56,0.190614,0.349976,41,0.131308,0.361465,54,0.0292364,0.3735,56,0.195808,0.307544,54,0.102104,0.31812,56,-0.0235326,0.352
4708934303540,4708916164000,4708916164000,4708934292021,73729,18.128,4708946086396,29.9224,0,10588,38753,0,0,1,0,0,0.008017,484,483,415,0.859213,2.50308,4.58202,0.761432,0.272817,0.747101,2.56021,0.00143056,0.00348055,-0.0399722,0.717359,1,0.434146,-0.178441,0.178441,0.434146,1,1,0.166089,0.458621,0.0123527,-0.0244749,0,0,0,0,0,0,0,0,0,0,0,0,0,0,0,0,0,0,0,0,0,0,0,255,0.26,3.03808,0.26,0.174772,0.533605,1,1,1,1,0,1,1,-0.225748,-3.22314,0.171344,0.105988,-0.0410215,0.0833889,53.1302,9801,1,367,40.3416,2451,0,0.000884653,0.0300107,0.00374637,0,0,0,1,415,0.265,0.00121304,0.00294704,0.000780965,-0.000321456,0.000690484,-0.000458509,-0.0429083,0.0353856,-0.0150803,0.215145,-0.187952,0.019064,-0.129717,-0.0371242,12.0534,2,0,0,0,0,0,-1,1,-9.04587e-07,-3.41782e-06,-0.188635,0,0.233187,1,1010,1010,1010,1010,0,0,0,0,0.236891,36,0.106261,0.333976,15,0.142425,0.134822,51,0.270676,0.281856,54,0.279111,0.491064,39,0.180055,0.507321,56,0.11133,0.509193,56,0.290369,0.433237,52,0.186652,0.454769,56,0.0360854,0.482879
4708946738364,4708936165000,4708936165000,4708946729216,73729,10.5642,4708958731148,22.5661,1,10589,38754,0,0,1,0,0,0.020001,474,474,341,0.719409,2.69124,4.57413,0.742117,0.236761,2.16434,4.29959,0.00403779,0.00592237,0.00540563,0.488581,1,0.296103,-0.201879,0.201879,0.296103,1,1,0.184967,0.330229,0.0169121,-0.0341251,0,0,0,0,0,0,0,0,0,0,0,0,0,0,0,0,0,0,0,0,0,0,0,255,0.26,5.21752,0.26,0.167039,0.441738,1,1,1,1,0,1,1,-0.221178,-3.2251,0.171525,0.0939789,-0.0376945,0.094257,12.6349,9802,1,367,52.9908,2451,0,0.000884653,0.0300107,0.00374637,0,0,0,1,341,0.265,0.00342497,0.00501338,0.00132854,-0.000907618,0.00110844,-0.00113507,-0.0417998,0.0342506,-0.0148813,0.213204,-0.188299,0.0365107,-0.180863,-0.0424988,12.4513,1,0,0,0,0,0,-1,1,-9.04587e-07,-3.41782e-06,-0.188635,0,12.8429,1,1010,1010,1010,1010,0,0,0,0,12.8466,10,0.213561,0.323692,8,0.151492,0.110478,47,0.293372,0.159518,54,0.249051,0.329138,33,0.196404,0.330771,56,0.156274,0.326855,28,0.240559,0.30849,49,0.199798,0.306721,56,0.113441,0.323106
4708959255856,4708948161000,4708948161000,4708959243615,73729,11.0826,4708971888607,23.7276,0,10589,38755,0,0,1,0,0,0.011996,472,470,389,0.82766,2.49078,4.14246,0.714154,0.257909,0.682083,2.07486,0.00155791,0.00264407,0.0013251,0.462695,1,0.220413,-0.129869,0.129869,0.220413,1,1,0.118413,0.247087,0.0114563,-0.0266741,0,0,0,0,0,0,0,0,0,0,0,0,0,0,0,0,0,0,0,0,0,0,0,255,0.26,7.65553,0.26,0.0763879,0.434221,1,1,1,1,1,1,1,-0.221178,-3.2251,0.171525,0.0939789,-0.0376945,0.094257,25.7956,9802,1,367,66.1515,2451,0,0.000884653,0.0300107,0.00374637,0,0,0,1,389,0.265,0.00132137,0.00223846,0.000593191,-0.000350162,0.000505047,-0.000452896,-0.0412948,0.0337977,-0.0146344,0.211623,-0.188691,0.0173992,-0.141373,-0.0346552,11.5454,2,0,0,0,0,0,-1,1,-9.04587e-07,-3.41782e-06,-0.188635,0,26.0366,1,1010,1010,1010,1010,0,0,0,0,26.0403,23,0.0820512,0.201326,12,0.300754,0.0516947,51,0.198982,0.0879823,56,0.170323,0.260009,30,0.095846,0.267079,56,0.0872662,0.250433,56,0.177697,0.231415,49,0.11563,0.227523,56,0.0300915,0.251443
4708972509927,4708956174000,4708956174000,4708972498872,73729,16.3249,4708984112985,27.939,0,10589,38756,0,0,1,0,0,0.008013,474,474,394,0.831224,2.47624,4.40822,0.739543,0.262854,0.669022,2.94792,0.00136073,0.00409796,-0.0755292,0.748062,1,0.511414,-0.169816,0.169816,0.511414,1,1,0.163495,0.515435,0.00632138,-0.00402083,0,0,0,0,0,0,0,0,0,0,0,0,0,0,0,0,0,0,0,0,0,0,0,255,0.26,0.59256,0.26,0.128642,0.736945,1,1,1,1,0,1,1,-0.221178,-3.2251,0.171525,0.0939789,-0.0376945,0.094257,38.0151,9802,1,367,78.3708,2451,0,0.000884653,0.0300107,0.00374637,0,0,0,1,394,0.265,0.00115413,0.00347042,0.00091966,-0.000305846,0.000826748,-0.00046915,-0.040468,0.0333285,-0.0143577,0.211705,-0.188616,0.0254783,-0.0213104,-0.00641998,11.9646,1,0,0,0,0,0,-1,1,-9.04587e-07,-3.41782e-06,-0.188635,0,38.2437,1,1010,1010,1010,1010,0,0,0,0,38.2474,24,0.10496,0.494297,13,0.23348,0.140247,53,0.249418,0.310679,56,0.249293,0.57706,29,0.16914,0.565003,56,0.111047,0.560069,56,0.250686,0.527224,51,0.146576,0.545495,56,0.0141935,0.576629
4708984641231,4708976175000,4708976175000,4708984632434,73729,8.45743,4708996775201,20.6002,1,10590,38757,0,0,1,0,0,0.020001,474,473,331,0.699789,2.4845,5.14487,0.731802,0.227872,1.31201,7.12195,0.00273673,0.0118982,-0.0433391,0.357859,1,0.594879,-0.13683,0.13683,0.594879,1,1,0.132449,0.597499,0.00438107,-0.00261966,0,0,0,0,0,0,0,0,0,0,0,0,0,0,0,0,0,0,0,0,0,0,0,255,0.26,2.57945,0.26,0.102484,0.649775,1,1,1,1,0,1,1,-0.217052,-3.22664,0.171609,0.0933511,-0.0324556,0.0841971,1.91172,9803,1,367,91.0238,2451,0,0.000884653,0.0300107,0.00374637,0,0,0,1,331,0.265,0.00232031,0.0100762,0.00267018,-0.000614882,0.00245159,-0.00109239,-0.0380164,0.0322361,-0.0128918,0.211077,-0.188048,0.0496828,-0.0138842,0.0211705,1.74357,2,0,0,0,0,0,-1,1,-9.04587e-07,-3.41782e-06,-0.188339,0,2.12455,1,1010,1010,1010,1010,0,0,0,0,2.12904,10,0.125755,0.588074,0,0,0,17,0.205893,0.442498,56,0.161139,0.601122,35,0.124223,0.612129,55,0.126652,0.584293,56,0.162324,0.600767,46,0.13553,0.615678,56,0.083016,0.621296
4708997265501,4708988152000,4708988152000,4708997254390,73729,9.10239,4709010614351,22.4624,0,10590,38758,0,0,1,0,0,0.011977,466,465,408,0.877419,2.49267,4.84769,0.735506,0.273483,1.03802,3.08638,0.00173123,0.00419449,-0.120183,0.519103,1,0.350212,-0.144546,0.144546,0.350212,1,1,0.138807,0.354523,0.00573917,-0.00431083,0,0,0,0,0,0,0,0,0,0,0,0,0,0,0,0,0,0,0,0,0,0,0,255,0.26,5.02576,0.26,0.115109,0.395018,1,1,1,1,0,1,1,-0.217052,-3.22664,0.171609,0.0933511,-0.0324556,0.0841971,15.7621,9803,1,367,104.874,2451,0,0.000884653,0.0300107,0.00374637,0,0,0,1,408,0.265,0.00146874,0.00355247,0.000941405,-0.000389215,0.000832562,-0.0005546,-0.0371839,0.0316815,-0.0128918,0.211077,-0.188048,0.0645063,-0.0228474,0.027271,15.5564,0,0,0,0,0,0,-1,1,-9.04587e-07,-3.41782e-06,-0.188339,0,15.9917,1,1010,1010,1010,1010,0,0,0,0,15.9962,32,0.13615,0.357926,31,-0.021059,0.0481516,48,0.208761,0.230756,56,0.242198,0.400108,24,0.171338,0.407412,56,0.100032,0.439872,56,0.216193,0.367228,49,0.154436,0.374458,56,0.0365886,0.414585
4709011157263,4708996171000,4708996171000,4709011144096,73729,14.9731,4709022122946,25.9519,0,10590,38759,0,0,1,0,0,0.008019,463,461,377,0.817787,2.47804,4.01288,0.747043,0.259261,1.00546,2.66623,0.00161477,0.00365323,-0.148347,0.699965,1,0.455572,-0.201368,0.201368,0.455572,1,1,0.186997,0.471614,0.0143713,-0.0160415,0,0,0,0,0,0,0,0,0,0,0,0,0,0,0,0,0,0,0,0,0,0,0,255,0.26,8.76729,0.26,0.152317,0.514376,1,1,1,1,1,1,1,-0.217052,-3.22664,0.171609,0.0933511,-0.0324556,0.0841971,27.2684,9803,1,367,116.38,2451,0,0.000884653,0.0300107,0.00374637,0,0,0,1,377,0.265,0.00136986,0.00309426,0.000819978,-0.000363012,0.00072086,-0.000506909,-0.036463,0.0311746,-0.011478,0.208893,-0.18833,0.0783411,-0.0850201,0.00173843,11.2733,2,0,0,0,0,0,-1,1,-9.04587e-07,-3.41782e-06,-0.188339,0,27.4924,1,1010,1010,1010,1010,0,0,0,0,27.4969,41,0.158751,0.426808,26,0.00809192,0.0696576,20,0.234346,0.413133,56,0.322177,0.497577,20,0.248124,0.535485,55,0.195495,0.557319,54,0.309717,0.459418,49,0.249939,0.480354,56,0.0892327,0.523871
4709022689672,4709008142000,4709008142000,4709022677395,73729,14.5354,4709034988588,26.8466,0,10590,38760,0,0,1,0,0,0.011971,460,456,416,0.912281,2.48774,4.18726,0.795858,0.275132,0.923035,2.25882,0.00153412,0.0026629,-0.0469472,0.530608,1,0.222446,-0.128153,0.128153,0.222446,1,1,0.106181,0.247846,0.0219715,-0.0254003,0,0,0,0,0,0,0,0,0,0,0,0,0,0,0,0,0,0,0,0,0,0,0,255,0.26,-0.025945,0.26,0.0535525,0.317865,1,1,1,1,0,1,1,-0.217052,-3.22664,0.171609,0.0933511,-0.0324556,0.0841971,40.1349,9803,1,367,129.247,2451,0,0.000884653,0.0300107,0.00374637,0,0,0,1,416,0.265,0.00130116,0.00225474,0.000597506,-0.000344808,0.000510386,-0.000448516,-0.0359526,0.0307261,-0.0108689,0.20737,-0.188748,0.0711899,-0.134622,-0.0362073,12.6589,1,0,0,0,0,0,-1,1,-9.04587e-07,-3.41782e-06,-0.188339,0,40.3684,1,1010,1010,1010,1010,0,0,0,0,40.3729,37,0.0400883,0.107345,40,-0.021031,0.0205666,52,0.2081,0.189604,54,0.229811,0.27441,17,0.133646,0.282472,56,0.077239,0.298071,56,0.229192,0.234286,48,0.156292,0.246903,56,0.023378,0.259131
4709035522278,4709028169000,4709028169000,4709035515481,73729,7.34648,4709048279994,20.111,1,10591,38761,0,0,1,0,0,0.020027,457,457,327,0.715536,2.44059,4.71898,0.81221,0.227298,1.58337,3.99066,0.00354373,0.00602333,0.0189186,0.338006,1,0.300761,-0.176948,0.176948,0.300761,1,1,0.153162,0.329054,0.0237855,-0.0282929,0,0,0,0,0,0,0,0,0,0,0,0,0,0,0,0,0,0,0,0,0,0,0,255,0.26,2.64436,0.26,0.0649553,0.414841,1,1,1,1,0,1,1,-0.213381,-3.22786,0.171077,0.0802598,-0.0200217,0.0804537,0.041408,9804,1,367,142.566,2451,0,0.000884653,0.0300107,0.00374637,0,0,0,1,327,0.265,0.003006,0.00509999,0.0013515,-0.000796589,0.00115116,-0.0010315,-0.0348015,0.0296946,-0.0104124,0.205924,-0.189235,0.0626731,-0.149952,-0.0507122,13.1063,1,0,0,0,0,0,-1,1,-9.04587e-07,-3.41782e-06,-0.190029,0,0.262002,1,1010,1010,1010,1010,0,0,0,0,0.266521,15,0.137992,0.304454,0,0,0,26,0.261142,0.17639,56,0.202306,0.315486,18,0.158668,0.325049,56,0.175386,0.310175,53,0.198402,0.304905,47,0.172311,0.311009,56,0.11503,0.324119
4709048821183,4709036166000,4709036166000,4709048809461,73729,12.6435,4709059541345,23.3753,0,10591,38762,0,0,1,0,0,0.007997,460,456,370,0.811404,2.43589,3.83631,0.839433,0.258576,0.570236,1.99039,0.00105462,0.00228025,-0.0342058,0.738933,1,0.285138,-0.131876,0.131876,0.285138,1,1,0.110211,0.309613,0.0216656,-0.0244755,0,0,0,0,0,0,0,0,0,0,0,0,0,0,0,0,0,0,0,0,0,0,0,255,0.26,5.30136,0.26,0.0682872,0.50545,1,1,1,1,0,1,1,-0.213381,-3.22786,0.171077,0.0802598,-0.0200217,0.0804537,11.2808,9804,1,367,153.805,2451,0,0.000884653,0.0300107,0.00374637,0,0,0,1,370,0.265,0.000894147,0.00193057,0.0005116,-0.000236949,0.000447691,-0.000327274,-0.0343538,0.0293673,-0.0103237,0.204912,-0.189796,0.0423103,-0.12972,-0.0580139,11.0782,1,0,0,0,0,0,-1,1,-9.04587e-07,-3.41782e-06,-0.190029,0,11.5018,1,1010,1010,1010,1010,0,0,0,0,11.5063,12,-0.0260987,0.133459,48,0.0671163,0.00159976,56,0.184516,0.218869,41,0.234837,0.36328,13,0.17405,0.344379,56,0.039314,0.394663,56,0.236898,0.307592,53,0.150031,0.322632,35,-0.021852,0.332282
4709060101054,4709048143000,4709048143000,4709060088350,73729,11.9453,4709071919243,23.7762,0,10591,38763,0,0,1,0,0,0.011977,456,452,443,0.980088,2.4408,3.8945,0.873471,0.320595,0.210297,2.15567,0.00044759,0.00253263,0.0245988,0.500667,1,0.211458,-0.0373708,0.0373708,0.211458,1,1,0.0216716,0.230977,0.0156993,-0.0195195,0,0,0,0,0,0,0,0,0,0,0,0,0,0,0,0,0,0,0,0,0,0,0,255,0.26,6.00809,0.26,-0.00905737,0.397782,1,1,1,1,0,1,1,-0.213381,-3.22786,0.171077,0.0802598,-0.0200217,0.0804537,23.654,9804,1,367,166.179,2451,0,0.000884653,0.0300107,0.00374637,0,0,0,1,443,0.265,0.000378959,0.00214496,0.000568416,-0.000100424,0.000527795,-0.000203946,-0.033826,0.0291634,-0.0105758,0.203986,-0.190321,0.00762977,-0.103453,-0.060461,12.1537,1,0,0,0,0,0,-1,1,-9.04587e-07,-3.41782e-06,-0.190029,0,23.9129,1,1010,1010,1010,1010,0,0,0,0,23.9174,49,-0.035708,0.133914,52,0.0303635,0.00713933,56,0.0882284,0.175198,56,0.125506,0.290281,15,0.0493028,0.278172,56,-0.0349186,0.288296,56,0.114916,0.23971,47,0.0656072,0.239378,56,-0.0642209,0.235844
4709072490803,4709068143000,4709068143000,4709072483581,73729,4.34058,4709085025629,16.8826,1,10592,38764,0,0,1,0,0,0.02,457,454,349,0.768722,2.42285,4.6023,0.769377,0.241817,0.216675,5.02103,-0.000222975,0.00604195,-0.0930452,0.58068,1,0.302097,0.0111487,-0.0111487,0.302097,1,1,-0.0131106,0.315967,0.00196185,-0.0138696,0,0,0,0,0,0,0,0,0,0,0,0,0,0,0,0,0,0,0,0,0,0,0,255,0.26,9.14556,0.26,0.0259731,0.475356,1,1,1,1,1,1,1,-0.213381,-3.22786,0.171077,0.0802598,-0.0200217,0.0804537,36.7583,9804,1,367,179.283,2451,0,0.000884653,0.0300107,0.00374637,0,0,0,1,349,0.265,-0.000189917,0.00511647,0.00135586,5.0328e-05,0.00131359,-0.000201298,-0.0325124,0.0289621,-0.0106232,0.202781,-0.189938,-0.0127364,-0.0735091,-0.0185074,12.8785,2,0,0,0,0,0,-1,1,-9.04587e-07,-3.41782e-06,-0.190029,0,36.9729,1,1010,1010,1010,1010,0,0,0,0,36.9774,24,-0.145167,0.150111,25,-0.0924981,0.0642414,35,0.0368086,0.179105,38,0.106557,0.367707,13,0.0365229,0.394727,53,-0.0591453,0.37604,54,0.0927592,0.323997,53,0.0202268,0.337572,54,-0.134868,0.353741
4709085592985,4709076173000,4709076173000,4709085580411,73729,9.40741,4709098276515,22.1035,0,10592,38765,0,0,1,0,0,0.00803,450,447,414,0.926174,2.48309,5.59032,0.781358,0.27841,0.159317,2.74631,0.00018067,0.00363103,-0.111848,0.68197,1,0.452183,-0.0224993,0.0224993,0.452183,1,1,0.0381914,0.455569,-0.0156921,-0.00338594,0,0,0,0,0,0,0,0,0,0,0,0,0,0,0,0,0,0,0,0,0,0,0,255,0.26,1.8989,0.26,0.0545957,0.566256,1,1,1,1,0,1,1,-0.209624,-3.22869,0.170846,0.0874926,-0.0176968,0.0689215,3.21779,9805,1,367,192.533,2451,0,0.000884653,0.0300107,0.00374637,0,0,0,1,414,0.265,0.000153071,0.00307598,0.000815135,-4.05638e-05,0.00077682,-0.000189111,-0.0317356,0.028773,-0.00981048,0.203001,-0.188043,0.0119744,-0.0179455,0.076114,3.01747,2,0,0,0,0,0,-1,1,-9.04587e-07,-3.41782e-06,-0.188264,0,3.45432,1,1010,1010,1010,1010,0,0,0,0,3.45877,40,0.00752335,0.298632,44,0.00813938,0.0566212,52,0.0816282,0.368806,56,0.133721,0.567957,9,0.0940385,0.582502,53,-0.0779286,0.558696,56,0.121017,0.512062,48,0.0399607,0.494591,56,-0.136728,0.503135
4709098799797,4709084170000,4709084170000,4709098788001,73729,14.618,4709112216259,28.0463,0,10592,38766,0,0,1,0,0,0.007997,460,454,425,0.936123,2.44824,3.95144,0.728487,0.285114,0.218658,3.00583,0.000120702,0.00400057,-0.198332,0.709001,1,0.500259,-0.0150934,0.0150934,0.500259,1,1,0.0332817,0.500496,-0.0181883,-0.000237383,0,0,0,0,0,0,0,0,0,0,0,0,0,0,0,0,0,0,0,0,0,0,0,255,0.26,4.87421,0.26,0.0515304,0.60172,1,1,1,1,0,1,1,-0.209624,-3.22869,0.170846,0.0874926,-0.0176968,0.0689215,17.1557,9805,1,367,13.9047,2452,0,0.000884653,0.0336357,0.00198516,0,0,0,1,425,0.265,0.000102225,0.00338908,0.000898107,-2.70897e-05,0.000859147,-0.000191062,-0.0308764,0.0285819,-0.00981048,0.203001,-0.188043,0.0203275,-0.00125813,0.0933804,16.9403,0,0,0,0,0,0,-1,1,-9.04587e-07,-3.41782e-06,-0.188264,0,17.3942,1,1010,1010,1010,1010,0,0,0,0,17.3986,40,-0.023629,0.344114,46,-0.0279795,0.145823,52,0.0694285,0.458881,56,0.163775,0.632227,9,0.000143282,0.640213,56,-0.101681,0.617804,56,0.120572,0.559725,54,0.0390235,0.56575,56,-0.163949,0.551402
4709112717041,4709104182000,4709104182000,4709112710689,73729,8.52869,4709124654120,20.4721,1,10593,38767,0,0,1,0,0,0.020012,461,454,305,0.671806,2.41832,4.90454,0.765192,0.212335,0.598938,7.08102,0.000839425,0.0122907,-0.126896,0.184131,1,0.614166,-0.0419461,0.0419461,0.614166,1,1,0.0578781,0.604962,-0.0159321,0.00920358,0,0,0,0,0,0,0,0,0,0,0,0,0,0,0,0,0,0,0,0,0,0,0,255,0.26,8.60661,0.26,0.0230462,0.539439,1,1,1,1,0,1,1,-0.209624,-3.22869,0.170846,0.0874926,-0.0176968,0.0689215,29.5997,9805,1,367,26.3485,2452,0,0.000884653,0.0336357,0.00198516,0,0,0,1,305,0.265,0.000710739,0.0104103,0.00275872,-0.000188346,0.00261992,-0.000685722,-0.0282565,0.0278962,-0.0088043,0.204417,-0.186391,0.0345187,0.048779,0.0951669,12.2267,2,0,0,0,0,0,-1,1,-9.04587e-07,-3.41782e-06,-0.188264,0,29.7989,1,1010,1010,1010,1010,0,0,0,0,29.8033,11,0.0187786,0.608101,1,0,0,15,0.108498,0.531907,56,0.0591399,0.617738,6,-0.00227237,0.630444,53,0.0375243,0.608107,56,0.0547074,0.623699,52,0.0393155,0.639292,55,0.00311702,0.637932
4709125139143,4709116162000,4709116162000,4709125127087,73729,8.96509,4709137882062,21.7201,0,10593,38768,0,0,1,0,0,0.01198,449,444,375,0.844595,2.43172,4.32003,0.69058,0.254632,0.228806,3.61624,5.10925e-05,0.00474542,-0.161441,0.530609,1,0.396112,-0.00426481,0.00426481,0.396112,1,1,0.0159536,0.379766,-0.0116888,0.0163454,0,0,0,0,0,0,0,0,0,0,0,0,0,0,0,0,0,0,0,0,0,0,0,255,0.26,0.83784,0.26,-0.0149577,0.383505,1,1,1,1,1,1,1,-0.209624,-3.22869,0.170846,0.0874926,-0.0176968,0.0689215,42.8461,9805,1,367,39.5949,2452,0,0.000884653,0.0336357,0.00198516,0,0,0,1,375,0.265,4.3114e-05,0.00402031,0.00106538,-1.14252e-05,0.00102294,-0.000203836,-0.0272336,0.0276924,-0.00838685,0.20549,-0.185735,0.0338371,0.0866309,0.07663,13.0261,1,0,0,0,0,0,-1,1,-9.04587e-07,-3.41782e-06,-0.188264,0,43.0739,1,1010,1010,1010,1010,0,0,0,0,43.0784,34,0.0240355,0.247555,41,-0.0862759,0.0929427,45,0.0157907,0.329925,55,0.13978,0.492818,5,0.00361635,0.582788,55,-0.0953577,0.50851,56,0.0973394,0.42494,48,0.0183065,0.448745,36,-0.134377,0.470167
4709138491401,4709124179000,4709124179000,4709138478901,73729,14.2999,4709149481158,25.3022,0,10593,38769,0,0,1,0,0,0.008017,444,438,301,0.687215,2.46022,4.49928,0.817952,0.212483,0.224655,3.81467,-0.000138963,0.00569589,-0.135973,0.589932,1,0.710477,0.0173336,-0.0173336,0.710477,1,1,-0.00477041,0.689453,-0.0125632,0.0210237,0,0,0,0,0,0,0,0,0,0,0,0,0,0,0,0,0,0,0,0,0,0,0,255,0.26,3.99911,0.26,-0.00777038,0.627958,1,1,1,1,0,1,1,-0.205796,-3.2294,0.169539,0.0840429,-0.0148192,0.0534344,4.29696,9806,1,367,51.1726,2452,0,0.000884653,0.0336357,0.00198516,0,0,0,1,301,0.265,-0.000119158,0.0048251,0.00127865,3.15769e-05,0.00123563,-0.000198714,-0.0259979,0.0274936,-0.00830787,0.207744,-0.184689,0.0107895,0.111425,0.0618994,4.12676,2,0,0,0,0,0,-1,1,-9.04587e-07,-3.41782e-06,-0.184876,0,4.49267,1,1010,1010,1010,1010,0,0,0,0,4.49722,2,0,0,29,-0.0997402,0.265055,40,0.00102054,0.737967,16,0.148806,0.796294,6,-0.0375878,0.828614,55,-0.0892171,0.840573,56,0.115095,0.763554,41,0.0447129,0.782877,56,-0.13832,0.728333
4709149977476,4709136161000,4709136161000,4709149965365,73729,13.8044,4709161734777,25.5738,0,10593,38770,0,0,1,0,0,0.011982,454,441,406,0.920635,2.43702,4.02677,0.775433,0.276632,-0.000617981,3.65017,-0.000176081,0.00525945,-0.0891334,0.425167,1,0.438946,0.0146955,-0.0146955,0.438946,1,1,0.000234922,0.423486,-0.0149304,0.0154592,0,0,0,0,0,0,0,0,0,0,0,0,0,0,0,0,0,0,0,0,0,0,0,255,0.26,5.03667,0.26,-0.0362959,0.343872,1,1,1,1,0,1,1,-0.205796,-3.2294,0.169539,0.0840429,-0.0148192,0.0534344,16.5512,9806,1,367,63.4269,2452,0,0.000884653,0.0336357,0.00198516,0,0,0,1,406,0.265,-0.000149855,0.00445631,0.00118092,3.97115e-05,0.00114301,-0.000172726,-0.0248549,0.0273209,-0.00859091,0.208385,-0.184339,-0.0248983,0.0819338,0.0433862,12.0443,1,0,0,0,0,0,-1,1,-9.04587e-07,-3.41782e-06,-0.184876,0,16.7931,1,1010,1010,1010,1010,0,0,0,0,16.7976,38,-0.022152,0.331899,42,-0.0807301,0.132281,53,0.00718007,0.405903,56,0.0832511,0.53218,4,0.0340937,0.539817,54,-0.106304,0.530669,56,0.0586001,0.485434,48,0.000215267,0.490233,55,-0.133316,0.479723
4709162280559,4709144194000,4709144194000,4709162268318,73729,18.0743,4709173259816,29.0658,0,10593,38771,0,0,1,0,0,0.008033,439,428,399,0.932243,2.4382,3.89381,0.784377,0.275614,-0.154053,3.27515,-0.000265517,0.00466758,-0.0889322,0.615391,1,0.58105,0.0330533,-0.0330533,0.58105,1,1,-0.0175796,0.567779,-0.0154737,0.0132708,0,0,0,0,0,0,0,0,0,0,0,0,0,0,0,0,0,0,0,0,0,0,0,255,0.26,7.04441,0.26,-0.0448899,0.472035,1,1,1,1,0,1,1,-0.205796,-3.2294,0.169539,0.0840429,-0.0148192,0.0534344,28.0764,9806,1,367,74.952,2452,0,0.000884653,0.0336357,0.00198516,0,0,0,1,399,0.265,-0.000225842,0.00395482,0.00104803,5.9848e-05,0.0010187,-0.000128804,-0.0238362,0.0271921,-0.00900154,0.2092,-0.184088,-0.040436,0.070335,0.0332596,11.2918,1,0,0,0,0,0,-1,1,-9.04587e-07,-3.41782e-06,-0.184876,0,28.3034,1,1010,1010,1010,1010,0,0,0,0,28.3079,45,-0.0702819,0.469697,45,-0.0284574,0.310666,48,-0.012392,0.436242,56,0.0917901,0.744829,9,-0.0561731,0.743018,55,-0.177,0.671471,56,0.0622488,0.651872,40,-0.0491535,0.644343,45,-0.212207,0.612272
4709173799394,4709164181000,4709164181000,4709173792653,73729,9.61165,4709186931502,22.7505,1,10594,38772,0,0,1,0,0,0.019987,459,448,316,0.705357,2.44059,4.85221,0.996434,0.228687,-0.295586,6.98764,-0.000689437,0.0105691,-0.11129,0.340283,1,0.528799,0.0344943,-0.0344943,0.528799,1,1,-0.0203285,0.515626,-0.0141658,0.0131725,0,0,0,0,0,0,0,0,0,0,0,0,0,0,0,0,0,0,0,0,0,0,0,255,0.26,8.85755,0.26,-0.00522522,0.412707,1,1,1,1,0,1,1,-0.205796,-3.2294,0.169539,0.0840429,-0.0148192,0.0534344,41.7567,9806,1,367,88.6323,2452,0,0.000884653,0.0336357,0.00198516,0,0,0,1,316,0.265,-0.000586162,0.00895427,0.00237288,0.000155333,0.00230975,-0.000271731,-0.0215265,0.0269204,-0.00936567,0.20992,-0.183944,-0.0451819,0.0698142,0.0239173,13.4893,1,0,0,0,0,0,-1,1,-9.04587e-07,-3.41782e-06,-0.184876,0,41.9643,1,1010,1010,1010,1010,0,0,0,0,41.9688,13,-0.0285553,0.471767,24,-0.00234473,0.210319,20,0.0289886,0.308155,54,0.0427309,0.594728,6,-0.000546086,0.619882,45,-0.113103,0.602646,56,0.00615004,0.571612,53,-0.0464624,0.582861,45,-0.150931,0.579643
4709187433173,4709176159000,4709176159000,4709187420932,73729,11.2619,4709200862061,24.7031,0,10594,38773,0,0,1,0,0,0.011978,451,443,426,0.961625,2.4375,4.53533,0.788803,0.288688,0.0592957,3.45505,1.20397e-05,0.00508488,-0.0674043,0.373542,1,0.424518,-0.00100515,0.00100515,0.424518,1,1,0.0116966,0.406566,-0.0106914,0.0179524,0,0,0,0,0,0,0,0,0,0,0,0,0,0,0,0,0,0,0,0,0,0,0,255,0.26,2.16024,0.26,0.0506262,0.335085,1,1,1,1,1,1,1,-0.202065,-3.23027,0.167513,0.0904135,-0.0233683,0.0482366,1.98192,9807,1,367,102.548,2452,0,0.000884653,0.0336357,0.00198516,0,0,0,1,426,0.265,9.48272e-06,0.00430849,0.00114175,-2.51292e-06,0.00109688,-0.000206307,-0.0204296,0.0267141,-0.00986533,0.212327,-0.183661,-0.032378,0.0951477,0.0194292,1.77798,2,0,0,0,0,0,-1,1,-9.04587e-07,-3.41782e-06,-0.183884,0,2.21733,1,1010,1010,1010,1010,0,0,0,0,2.22172,46,-0.0155147,0.357651,48,0.00285771,0.191904,56,0.0341206,0.355016,56,0.0825551,0.508301,16,0.0170323,0.533802,54,-0.0788122,0.519367,56,0.06811,0.463343,50,0.00968209,0.469927,44,-0.101547,0.442425
4709201428714,4709184179000,4709184179000,4709201415658,73729,17.2367,4709212162542,27.9835,0,10594,38774,0,0,1,0,0,0.00802,446,440,366,0.831818,2.43559,3.93136,0.707783,0.253076,0.157295,3.67101,0.000166727,0.00535405,-0.119965,0.654196,1,0.667588,-0.0207889,0.0207889,0.667588,1,1,0.0293557,0.638788,-0.0085668,0.0287994,0,0,0,0,0,0,0,0,0,0,0,0,0,0,0,0,0,0,0,0,0,0,0,255,0.26,5.99072,0.26,0.0786676,0.582415,1,1,1,1,0,1,1,-0.202065,-3.23027,0.167513,0.0904135,-0.0233683,0.0482366,13.2904,9807,1,367,113.857,2452,0,0.000884653,0.0336357,0.00198516,0,0,0,1,366,0.265,0.000141374,0.00453652,0.00120218,-3.74641e-05,0.00114815,-0.000251503,-0.0192814,0.0264626,-0.0102837,0.214237,-0.183767,-0.033295,0.152637,0.00968726,11.0909,1,0,0,0,0,0,-1,1,-9.04587e-07,-3.41782e-06,-0.183884,0,13.5166,1,1010,1010,1010,1010,0,0,0,0,13.521,46,0.0456379,0.598145,41,-0.0536639,0.272734,44,0.0891474,0.544475,56,0.182254,0.833179,14,-0.0607987,0.836789,53,-0.136337,0.835085,27,0.141088,0.754324,44,0.0357262,0.758869,41,-0.161565,0.693582
4709212707880,4709204182000,4709204182000,4709212700806,73729,8.51881,4709224813461,20.6315,1,10595,38775,0,0,1,0,0,0.020003,453,445,290,0.651685,2.4215,4.91658,0.83547,0.208187,0.0814056,9.24364,0.000292293,0.0161759,-0.0619566,0.19273,1,0.808674,-0.0146125,0.0146125,0.808674,1,1,0.0212167,0.765027,-0.00660419,0.043647,0,0,0,0,0,0,0,0,0,0,0,0,0,0,0,0,0,0,0,0,0,0,0,255,0.26,6.0336,0.26,0.0463251,0.584045,1,1,1,1,0,1,1,-0.202065,-3.23027,0.167513,0.0904135,-0.0233683,0.0482366,25.9425,9807,1,367,126.509,2452,0,0.000884653,0.0336357,0.00198516,0,0,0,1,290,0.265,0.00024623,0.0137017,0.00363095,-6.52509e-05,0.00347384,-0.000713152,-0.0158076,0.0257494,-0.01086,0.217338,-0.184079,-0.0421284,0.231329,-0.00570097,12.4434,1,0,0,0,0,0,-1,1,-9.04587e-07,-3.41782e-06,-0.183884,0,26.134,1,1010,1010,1010,1010,0,0,0,0,26.1384,20,0.0556719,0.76965,1,0,0,14,0.212906,0.508767,53,0.0485045,0.829605,19,-0.000923066,0.840447,41,-0.0302427,0.825235,56,0.0283411,0.830504,46,-0.0127661,0.834154,40,-0.0577434,0.845424
4709225302761,4709216153000,4709216153000,4709225290872,73729,9.13787,4709237910087,21.7571,0,10595,38776,0,0,1,0,0,0.011971,434,431,371,0.860789,2.42257,4.23557,0.839488,0.249576,-0.0302429,5.55844,-0.000250463,0.0079922,-0.129503,0.599315,1,0.66763,0.0209225,-0.0209225,0.66763,1,1,-0.0160206,0.609194,-0.00490188,0.0584365,0,0,0,0,0,0,0,0,0,0,0,0,0,0,0,0,0,0,0,0,0,0,0,255,0.26,-0.609431,0.26,0.0411392,0.462399,1,1,1,1,0,1,1,-0.202065,-3.23027,0.167513,0.0904135,-0.0233683,0.0482366,39.0557,9807,1,367,139.622,2452,0,0.000884653,0.0336357,0.00198516,0,0,0,1,371,0.265,-0.000213028,0.00677204,0.00179459,5.64523e-05,0.00173155,-0.000265949,-0.0140761,0.0254835,-0.0116578,0.220641,-0.184628,-0.056855,0.309714,-0.0247,12.8851,1,0,0,0,0,0,-1,1,-9.04587e-07,-3.41782e-06,-0.183884,0,39.2819,1,1010,1010,1010,1010,0,0,0,0,39.2862,41,0.0164212,0.534271,40,-0.0812796,0.2925,40,-0.0107559,0.557707,55,0.146789,0.784078,12,0.00133415,0.841489,51,-0.101721,0.813968,52,0.0703886,0.729949,41,-0.0251317,0.736038,39,-0.191444,0.756869
4709238448554,4709224180000,4709224180000,4709238436499,73729,14.2565,4709249087679,24.9077,0,10595,38777,0,0,1,0,0,0.008027,427,425,309,0.727059,2.43028,4.32128,0.729155,0.217798,-0.00508118,5.30426,-0.000359847,0.00750451,-0.0402586,1.03742,1,0.934908,0.0448296,-0.0448296,0.934908,1,1,-0.041613,0.875379,-0.00321658,0.0595294,0,0,0,0,0,0,0,0,0,0,0,0,0,0,0,0,0,0,0,0,0,0,0,255,0.26,2.3702,0.26,0.0547341,0.656086,1,1,1,1,1,1,1,-0.202065,-3.23027,0.167513,0.0904135,-0.0233683,0.0482366,50.2124,9807,1,367,150.779,2452,0,0.000884653,0.0336357,0.00198516,0,0,0,1,309,0.265,-0.000306293,0.00635938,0.00168524,8.11675e-05,0.00162995,-0.000222826,-0.0124461,0.0252606,-0.0124689,0.223477,-0.18522,-0.068007,0.315506,-0.0407673,10.9696,1,0,0,0,0,0,-1,1,-9.04587e-07,-3.41782e-06,-0.18587,0,0.191705,1,1010,1010,1010,1010,0,0,0,0,0.195353,29,0.0748752,0.635274,42,-0.146956,0.490438,45,-0.0680408,0.828351,14,0.199372,1.14876,15,0.00412553,1.20443,49,-0.232601,1.1444,47,0.175634,1.07121,39,0.0320808,1.03719,29,-0.291576,1.12325
4709249646461,4709236155000,4709236155000,4709249632572,73729,13.4776,4709260638792,24.4838,0,10595,38778,0,0,1,0,0,0.011975,430,421,323,0.767221,2.42652,3.89707,0.774488,0.226927,0.0895386,5.03958,-8.9214e-05,0.00776218,-0.0857174,0.438305,1,0.648198,0.00745002,-0.00745002,0.648198,1,1,-0.00326968,0.599806,-0.00418034,0.0483925,0,0,0,0,0,0,0,0,0,0,0,0,0,0,0,0,0,0,0,0,0,0,0,255,0.26,3.41208,0.26,0.0837837,0.277465,1,1,1,1,0,1,1,-0.197766,-3.23155,0.165297,0.0945698,-0.0311791,0.0516826,11.5357,9808,1,367,162.33,2452,0,0.000884653,0.0336357,0.00198516,0,0,0,1,323,0.265,-7.7184e-05,0.00657611,0.00174267,2.04538e-05,0.00167307,-0.000293279,-0.010773,0.0249674,-0.0131712,0.225571,-0.185571,-0.0691656,0.25648,-0.0376078,11.3597,1,0,0,0,0,0,-1,1,-9.04587e-07,-3.41782e-06,-0.18587,0,11.7502,1,1010,1010,1010,1010,0,0,0,0,11.7539,22,-0.0805242,0.406836,17,-0.0189751,0.324047,47,0.0152956,0.531145,42,0.115756,0.715033,16,0.00378916,0.783399,56,-0.0739902,0.715329,56,0.0669495,0.680901,33,-0.00760866,0.68496,34,-0.127587,0.717652
4709261160833,4709256160000,4709256160000,4709261155667,73729,4.99567,4709272618965,16.459,1,10596,38779,0,0,1,0,0,0.020005,420,415,246,0.592771,2.42528,4.55565,1.22497,0.186927,0.177841,10.3607,0.000384069,0.0178501,-0.112409,0.260852,1,0.89228,-0.0191987,0.0191987,0.89228,1,1,0.0265649,0.845619,-0.00736619,0.0466618,0,0,0,0,0,0,0,0,0,0,0,0,0,0,0,0,0,0,0,0,0,0,0,255,0.26,4.36109,0.26,0.107166,0.496996,1,1,1,2,0,1,1,-0.197766,-3.23155,0.165297,0.0945698,-0.0311791,0.0516826,23.5157,9808,1,367,174.31,2452,0,0.000884653,0.0336357,0.00198516,0,0,0,1,246,0.265,0.000324052,0.0151198,0.00400676,-8.58737e-05,0.00381752,-0.00080685,-0.00695552,0.0241605,-0.0146074,0.230677,-0.186281,-0.0655856,0.247308,-0.0212359,11.7846,2,0,0,0,0,0,-1,1,-9.04587e-07,-3.41782e-06,-0.18587,0,23.6892,1,1010,1010,1010,1010,0,0,0,0,23.6929,10,-0.00589108,0.888778,2,0,0,16,0.0434987,0.661499,54,0.0736905,0.90553,17,-0.0141048,0.935708,29,0.0477768,0.88778,56,0.038199,0.906361,23,-0.0249377,0.91966,39,-0.0824811,0.9657
4709273075005,4709264179000,4709264179000,4709273064394,73729,8.88539,4709284768509,20.5895,0,10596,38780,0,0,1,0,0,0.008019,423,418,309,0.739234,2.42324,4.07144,0.799914,0.217909,0.0776367,4.61459,0.000242735,0.00676205,-0.0535617,0.750165,1,0.843253,-0.03027,0.03027,0.843253,1,1,0.0334713,0.806923,-0.00320124,0.0363307,0,0,0,0,0,0,0,0,0,0,0,0,0,0,0,0,0,0,0,0,0,0,0,255,0.26,5.67156,0.26,0.0973754,0.589341,1,1,1,1,0,1,1,-0.197766,-3.23155,0.165297,0.0945698,-0.0311791,0.0516826,35.664,9808,1,367,186.459,2452,0,0.000884653,0.0336357,0.00198516,0,0,0,1,309,0.265,0.000205784,0.00572921,0.00151824,-5.45327e-05,0.00144197,-0.000328001,-0.00551355,0.0238325,-0.0152857,0.231883,-0.186781,-0.0603659,0.192553,-0.0347195,11.9465,1,0,0,0,0,0,-1,1,-9.04587e-07,-3.41782e-06,-0.18587,0,35.8687,1,1010,1010,1010,1010,0,0,0,0,35.8723,51,0.0382937,0.571075,25,0.042837,0.265828,13,0.0568281,0.473427,56,0.171277,1.03032,17,0.0693554,0.999873,39,-0.0780816,0.939852,43,0.169557,0.947138,21,0.0675613,0.88139,44,-0.171218,0.950414
4709285222753,4709276154000,4709276154000,4709285212272,73729,9.05827,4709296617199,20.4632,0,10596,38781,0,0,1,0,0,0.011975,409,401,308,0.76808,2.41545,4.32928,0.767413,0.219613,0.0724716,3.95467,0.000201736,0.00593541,-0.17839,0.439486,1,0.49565,-0.0168464,0.0168464,0.49565,1,1,0.0193226,0.47031,-0.00247624,0.0253404,0,0,0,0,0,0,0,0,0,0,0,0,0,0,0,0,0,0,0,0,0,0,0,255,0.26,8.40861,0.26,0.0975861,0.247331,1,1,1,1,0,1,1,-0.193424,-3.233,0.164256,0.0970469,-0.0318127,0.0644867,0.544634,9809,1,367,198.302,2452,0,0.000884653,0.0336357,0.00198516,0,0,0,1,308,0.265,0.000170625,0.00502804,0.00133243,-4.52156e-05,0.0012649,-0.000286728,-0.00424865,0.0235458,-0.0171353,0.234313,-0.18805,-0.0704097,0.134304,-0.0458285,0.382799,2,0,0,0,0,0,-1,1,-9.04587e-07,-3.41782e-06,-0.188439,0,0.746321,1,1010,1010,1010,1010,0,0,0,0,0.750043,23,0.0573192,0.38844,40,-0.0170875,0.233492,38,0.0200246,0.429582,55,0.0986905,0.565249,20,-0.0457336,0.5982,56,-0.0399782,0.576993,56,0.0485622,0.516019,10,-0.0110671,0.522599,10,-0.141224,0.627358
4709297100184,4709284175000,4709284175000,4709297089017,73729,12.914,4709307417269,23.2423,0,10596,38782,0,0,1,0,0,0.008021,419,413,333,0.806295,2.423,3.94714,0.680357,0.23241,0.037384,3.8826,-0.000370161,0.0061861,-0.0986915,0.764228,1,0.771238,0.0461489,-0.0461489,0.771238,1,1,-0.0442262,0.748686,-0.00192278,0.0225519,0,0,0,0,0,0,0,0,0,0,0,0,0,0,0,0,0,0,0,0,0,0,0,255,0.27,0.042148,0.27,0.199774,0.727267,1,1,1,1,1,1,1,-0.193424,-3.233,0.164256,0.0970469,-0.0318127,0.0644867,11.3739,9809,1,367,10.8238,2453,0,0.000884653,0.0326363,0.00613396,0,0,0,1,333,0.275,-0.000313801,0.00524085,0.00144123,8.62953e-05,0.00139293,-0.000177242,-0.00285572,0.0233685,-0.0171353,0.234313,-0.18805,-0.0772212,0.124035,-0.0533167,11.1724,0,0,0,0,0,0,-1,1,-9.04587e-07,-3.41782e-06,-0.188439,0,11.5846,1,1010,1010,1010,1010,0,0,0,0,11.5883,41,-0.00415374,0.591944,48,-0.0726649,0.403719,53,-0.0240399,0.69468,56,0.17035,0.894954,28,-0.0429527,0.964735,56,-0.164968,0.877545,7,0.143493,0.821668,12,0.0763742,0.783746,32,-0.190283,0.849066
4709308047052,4709292199000,4709292199000,4709308031163,73729,15.8322,4709319233681,27.0347,0,10596,38783,0,0,1,0,0,0.008024,416,406,360,0.8867,2.40695,3.84762,0.746543,0.269521,-0.0395966,3.56533,0.000131455,0.00525095,0.0183792,0.72333,1,0.654405,-0.0163828,0.0163828,0.654405,1,1,0.0130406,0.642112,0.0033422,0.012293,0,0,0,0,0,0,0,0,0,0,0,0,0,0,0,0,0,0,0,0,0,0,0,255,0.27,0.8456,0.27,0.0566952,0.603198,1,1,1,1,0,1,1,-0.193424,-3.233,0.164256,0.0970469,-0.0318127,0.0644867,23.1934,9809,1,367,22.6436,2453,0,0.000884653,0.0326363,0.00613396,0,0,0,1,360,0.275,0.000110629,0.00444854,0.00122335,-3.04229e-05,0.00116308,-0.000253462,-0.00169264,0.0231151,-0.0180693,0.234507,-0.189012,-0.0812439,0.0676116,-0.0797008,11.5873,1,0,0,0,0,0,-1,1,-9.04587e-07,-3.41782e-06,-0.188439,0,23.4231,1,1010,1010,1010,1010,0,0,0,0,23.4269,50,0.01536,0.464098,38,-0.0401216,0.266704,36,0.0213223,0.63545,56,0.141526,0.807641,23,0.0230864,0.775973,56,-0.098165,0.744424,56,0.133269,0.740319,16,0.0754293,0.751769,29,-0.130164,0.751087
4709319788111,4709304180000,4709304180000,4709319777944,73729,15.5979,4709330825257,26.6453,0,10596,38784,0,0,1,0,0,0.011981,411,407,339,0.832924,2.40098,3.74283,0.794747,0.234539,0.177734,3.07776,0.000406094,0.00496156,-0.00541521,0.342654,1,0.414119,-0.0338949,0.0338949,0.414119,1,1,0.0280005,0.41354,0.00589438,0.000579397,0,0,0,0,0,0,0,0,0,0,0,0,0,0,0,0,0,0,0,0,0,0,0,255,0.27,2.41396,0.27,0.118703,0.273353,1,1,1,1,0,1,1,-0.193424,-3.233,0.164256,0.0970469,-0.0318127,0.0644867,34.7611,9809,1,367,34.211,2453,0,0.000884653,0.0326363,0.00613396,0,0,0,1,339,0.275,0.000343734,0.00420313,0.00115586,-9.45269e-05,0.00108676,-0.000304868,-0.000605881,0.0228102,-0.0188088,0.234099,-0.189669,-0.0669323,0.00318668,-0.0794811,11.3701,1,0,0,0,0,0,-1,1,-9.04587e-07,-3.41782e-06,-0.188439,0,34.9707,1,1010,1010,1010,1010,0,0,0,0,34.9745,32,0.00371787,0.30171,18,0.0139405,0.417868,50,0.0536213,0.345008,56,0.0948385,0.448531,24,0.0210538,0.469716,56,-0.0040006,0.447113,56,0.0762439,0.438672,18,0.0198017,0.461704,29,-0.037788,0.455077
4709331330206,4709312185000,4709312185000,4709331317798,73729,19.1328,4709342478056,30.2931,0,10596,38785,0,0,1,0,0,0.008005,410,407,375,0.921376,2.39469,3.71218,0.721765,0.252891,0.211395,2.46915,0.000541231,0.00375344,0.0363217,0.557122,1,0.468886,-0.0676117,0.0676117,0.468886,1,1,0.0630474,0.495436,0.0045643,-0.0265497,0,0,0,0,0,0,0,0,0,0,0,0,0,0,0,0,0,0,0,0,0,0,0,255,0.27,3.78777,0.27,0.146132,0.398275,1,1,1,1,0,1,1,-0.193424,-3.233,0.164256,0.0970469,-0.0318127,0.0644867,46.4125,9809,1,367,45.8625,2453,0,0.000884653,0.0326363,0.00613396,0,0,0,1,375,0.275,0.000458364,0.00317974,0.000874428,-0.00012605,0.000812902,-0.000284517,0.000207021,0.0225257,-0.0188293,0.229789,-0.189818,-0.0269701,-0.146024,-0.041659,11.4166,2,0,0,0,0,0,-1,1,-9.04587e-07,-3.41782e-06,-0.188439,0,46.6384,1,1010,1010,1010,1010,0,0,0,0,0.192372,49,0.0397217,0.284403,31,0.0759227,0.267739,56,0.0660513,0.427568,56,0.137743,0.561914,27,0.0319579,0.594762,56,-0.0249948,0.518572,56,0.163696,0.520178,22,0.0485858,0.484371,22,-0.0404696,0.52722
4709343014857,4709332194000,4709332194000,4709343009246,73729,10.8152,4709353859057,21.6651,1,10597,38786,0,0,1,0,0,0.020009,425,420,350,0.833333,2.41656,4.27494,0.770506,0.243353,1.08849,2.51593,0.00240283,0.00310459,0.00723387,0.437906,1,0.15516,-0.120087,0.120087,0.15516,1,1,0.115501,0.192143,0.00458612,-0.0369829,0,0,0,0,0,0,0,0,0,0,0,0,0,0,0,0,0,0,0,0,0,0,0,255,0.27,4.75674,0.27,0.161874,0.238509,1,1,1,0,0,1,1,-0.189572,-3.23446,0.163299,0.083356,-0.0266503,0.0819415,11.3469,9810,1,367,57.2468,2453,0,0.000884653,0.0326363,0.00613396,0,0,0,1,350,0.275,0.00203801,0.00262815,0.000722742,-0.000560454,0.000587736,-0.000683526,0.000794757,0.0218422,-0.0188293,0.229789,-0.189818,-0.00700444,-0.203406,-0.0257825,22.8022,0,0,0,0,0,0,-1,1,-9.04587e-07,-3.41782e-06,-0.190035,0,0.192224,1,1010,1010,1010,1010,0,0,0,0,11.5565,37,0.0782774,0.0382947,19,0.149662,0.14245,44,0.14858,0.13674,56,0.146033,0.198583,29,0.0925477,0.203602,55,0.0835246,0.171411,56,0.17084,0.176633,22,0.117957,0.163845,32,0.0478439,0.170091
4709354367895,4709344206000,4709344206000,4709354354802,73729,10.1488,4709366584291,22.3783,0,10597,38787,0,0,1,0,0,0.012012,421,417,345,0.827338,2.41793,4.12129,0.722154,0.235706,0.494766,1.35187,0.000767302,0.00162376,-0.0379692,0.429845,1,0.135178,-0.0638779,0.0638779,0.135178,1,1,0.0608841,0.177619,0.00299379,-0.0424413,0,0,0,0,0,0,0,0,0,0,0,0,0,0,0,0,0,0,0,0,0,0,0,255,0.27,6.05122,0.27,0.0829104,0.381843,1,1,1,1,1,1,1,-0.189572,-3.23446,0.163299,0.083356,-0.0266503,0.0819415,24.0714,9810,1,367,69.971,2453,0,0.000884653,0.0326363,0.00613396,0,0,0,1,345,0.275,0.000650789,0.00137447,0.00037798,-0.000178967,0.000328766,-0.00024531,0.00112352,0.0215969,-0.018444,0.225909,-0.189645,0.0190281,-0.233427,0.00204977,12.4939,2,0,0,0,0,0,-1,1,-9.04587e-07,-3.41782e-06,-0.190035,0,12.9237,1,1010,1010,1010,1010,0,0,0,0,24.288,16,0.0464048,0.0283297,45,-0.0271929,-0.0264119,56,0.0927908,0.145754,35,0.119337,0.180953,30,0.0628626,0.195369,56,0.028986,0.183989,56,0.139335,0.146481,19,0.07513,0.176797,32,-0.0105441,0.168624
4709367136333,4709352186000,4709352186000,4709367122907,73729,14.9369,4709378302443,26.1164,0,10597,38788,0,0,1,0,0,0.00798,431,425,407,0.957647,2.40678,3.92144,0.796136,0.267854,0.478851,1.66315,0.000940922,0.00215987,-0.0481982,0.673778,1,0.27066,-0.11791,0.11791,0.27066,1,1,0.110518,0.304814,0.00739215,-0.0341543,0,0,0,0,0,0,0,0,0,0,0,0,0,0,0,0,0,0,0,0,0,0,0,255,0.26,9.11198,0.26,0.0591708,0.399769,1,1,1,1,0,1,1,-0.189572,-3.23446,0.163299,0.083356,-0.0266503,0.0819415,35.8153,9810,1,367,81.7149,2453,0,0.000884653,0.0326363,0.00613396,0,0,0,1,407,0.265,0.000798151,0.00182924,0.000484748,-0.00021151,0.000425084,-0.000296977,0.00154861,0.0212999,-0.0181478,0.224235,-0.189738,0.0255249,-0.181018,-0.0109228,11.504,1,0,0,0,0,0,-1,1,-9.04587e-07,-3.41782e-06,-0.190035,0,24.7017,1,1010,1010,1010,1010,0,0,0,0,36.066,44,0.117135,0.200219,52,-0.0456551,-0.0482933,56,0.161948,0.317079,56,0.225697,0.345599,35,0.144011,0.360542,56,0.0750846,0.373186,55,0.231054,0.313967,19,0.0749029,0.308196,34,0.0386999,0.334713
4709378887374,4709364174000,4709364174000,4709378874522,73729,14.7005,4709390505154,26.3312,0,10597,38789,0,0,1,0,0,0.011988,440,435,401,0.921839,2.42983,3.78835,0.793099,0.257372,0.492828,1.70844,0.0010366,0.00220866,-0.0237055,0.447908,1,0.184239,-0.08647,0.08647,0.184239,1,1,0.0786224,0.216879,0.00784753,-0.0326397,0,0,0,0,0,0,0,0,0,0,0,0,0,0,0,0,0,0,0,0,0,0,0,255,0.26,0.556079,0.26,0.0655121,0.271053,1,1,1,1,0,1,1,-0.189572,-3.23446,0.163299,0.083356,-0.0266503,0.0819415,47.991,9810,1,367,93.8905,2453,0,0.000884653,0.0326363,0.00613396,0,0,0,1,401,0.265,0.000879132,0.0018706,0.000495708,-0.00023297,0.000431806,-0.000320089,0.00198041,0.0209798,-0.0179246,0.22247,-0.189682,0.0270165,-0.172991,-0.0116604,11.9564,1,0,0,0,0,0,-1,1,-9.04587e-07,-3.41782e-06,-0.190035,0,36.86,1,1010,1010,1010,1010,0,0,0,0,0.155761,50,0.102499,0.102863,53,-0.0102731,-0.00421452,47,0.10966,0.209112,56,0.141266,0.236623,34,0.081214,0.241005,56,0.0474946,0.249664,56,0.165305,0.205824,26,0.0595679,0.219943,23,0.0398711,0.205755
4709391046474,4709372196000,4709372196000,4709391033288,73729,18.8373,4709401371855,29.1759,0,10597,38790,0,0,1,0,0,0.008022,433,430,321,0.746512,2.41872,4.0167,0.673635,0.223391,0.592224,1.66519,0.000580687,0.0017653,-0.0611067,0.823476,1,0.220057,-0.0723869,0.0723869,0.220057,1,1,0.0672572,0.237217,0.00512965,-0.0171596,0,0,0,0,0,0,0,0,0,0,0,0,0,0,0,0,0,0,0,0,0,0,0,255,0.26,2.57426,0.26,0.0974399,0.486481,1,1,1,1,0,1,1,-0.185786,-3.23563,0.163262,0.0945709,-0.0211075,0.0889415,0.812562,9811,1,367,104.75,2453,0,0.000884653,0.0326363,0.00613396,0,0,0,1,321,0.265,0.000492375,0.00149415,0.000395949,-0.000130479,0.000355279,-0.00020091,0.00233569,0.0207789,-0.0164922,0.221591,-0.189316,0.0343,-0.0909457,0.0056903,0.611301,3,0,0,0,0,0,-1,1,-9.04587e-07,-3.41782e-06,-0.189837,0,1.02077,1,1010,1010,1010,1010,0,0,0,0,10.9941,3,-0.705089,-0.196335,45,0.00570768,-0.0339749,55,0.139857,0.304746,20,0.158033,0.312751,31,0.0835283,0.337915,52,0.0153831,0.310768,56,0.23021,0.243249,29,0.0551759,0.272157,30,-0.0484895,0.264124
4709401866137,4709392193000,4709392193000,4709401860007,73729,9.66701,4709413882772,21.6898,1,10598,38791,0,0,1,0,0,0.019997,450,446,242,0.542601,2.42941,4.85178,1.27053,0.185724,0.863464,5.31696,0.00184116,0.00864936,-0.0317214,0.353918,1,0.432533,-0.0920716,0.0920716,0.432533,1,1,0.0854769,0.431254,0.00659472,0.00127886,0,0,0,0,0,0,0,0,0,0,0,0,0,0,0,0,0,0,0,0,0,0,0,255,0.26,3.21227,0.26,0.0500055,0.581416,1,1,1,2,0,1,1,-0.185786,-3.23563,0.163262,0.0945709,-0.0211075,0.0889415,13.3301,9811,1,367,117.267,2453,0,0.000884653,0.0326363,0.00613396,0,0,0,1,242,0.265,0.00156002,0.0073243,0.00194094,-0.000413406,0.00178334,-0.000762575,0.00411903,0.0200163,-0.0164922,0.221591,-0.189316,0.0494577,0.00677794,0.0116045,13.1403,0,0,0,0,0,0,-1,1,-9.04587e-07,-3.41782e-06,-0.189837,0,13.5023,1,1010,1010,1010,1010,0,0,0,0,23.4757,20,0.0556042,0.324479,2,0,0,6,0.0746041,0.461871,42,0.100786,0.452562,29,0.0848321,0.454409,35,0.0719694,0.44366,52,0.114751,0.445108,22,0.106029,0.443647,34,0.066268,0.438734
4709414350943,4709404170000,4709404170000,4709414338683,73729,10.1687,4709427101770,22.9318,0,10598,38792,0,0,1,0,0,0.011977,458,452,369,0.816372,2.44165,4.47674,0.744321,0.241447,0.718353,4.14249,0.00142133,0.00696756,-0.0188356,0.335416,1,0.581745,-0.118671,0.118671,0.581745,1,1,0.109231,0.573621,0.00944024,0.00812374,0,0,0,0,0,0,0,0,0,0,0,0,0,0,0,0,0,0,0,0,0,0,0,255,0.26,4.37011,0.26,0.0661956,0.625743,1,1,1,1,1,1,1,-0.185786,-3.23563,0.163262,0.0945709,-0.0211075,0.0889415,26.5516,9811,1,367,130.489,2453,0,0.000884653,0.0326363,0.00613396,0,0,0,1,369,0.265,0.0012048,0.00590247,0.00156416,-0.000319273,0.00144024,-0.000599301,0.00555927,0.019417,-0.0138185,0.221427,-0.188213,0.0972387,0.0430558,0.0377643,6.59304,2,0,0,0,0,0,-1,1,-9.04587e-07,-3.41782e-06,-0.189837,0,26.7716,1,1010,1010,1010,1010,0,0,0,0,36.7449,31,0.0846274,0.537581,7,0.121696,0.654139,51,0.166172,0.575957,56,0.15496,0.621139,28,0.0961613,0.619879,56,0.0802236,0.604784,56,0.156175,0.60076,41,0.0831862,0.625098,43,0.0821825,0.577948
4709427680145,4709412189000,4709412189000,4709427669904,73729,15.4809,4709438704957,26.516,0,10598,38793,0,0,1,0,0,0.008019,449,447,385,0.861298,2.43776,4.11526,0.823581,0.291706,0.804901,3.49792,0.00163693,0.00552724,-0.0599316,0.64681,1,0.689268,-0.204131,0.204131,0.689268,1,1,0.193825,0.687074,0.0103056,0.00219441,0,0,0,0,0,0,0,0,0,0,0,0,0,0,0,0,0,0,0,0,0,0,0,255,0.26,7.62956,0.26,0.127682,0.653732,1,1,1,1,0,1,1,-0.185786,-3.23563,0.163262,0.0945709,-0.0211075,0.0889415,38.1753,9811,1,367,142.113,2453,0,0.000884653,0.0326363,0.00613396,0,0,0,1,385,0.265,0.00138802,0.004683,0.001241,-0.000367824,0.0011216,-0.000588029,0.00668086,0.018829,-0.0138185,0.221427,-0.188213,0.116858,0.0116303,0.0497905,18.1899,0,0,0,0,0,0,-1,1,-9.04587e-07,-3.41782e-06,-0.189837,0,38.4099,1,1010,1010,1010,1010,0,0,0,0,48.3832,51,0.214797,0.533618,44,0.0363456,0.374261,56,0.211246,0.716687,55,0.345684,0.787039,26,0.199626,0.828815,50,0.133379,0.799626,53,0.343274,0.733509,34,0.19083,0.773672,16,0.0296438,0.847682
4709439295944,4709424169000,4709424169000,4709439283795,73729,15.1148,4709451706527,27.5375,0,10598,38794,0,0,1,0,0,0.01198,462,460,396,0.86087,2.43445,4.5765,0.905489,0.269372,1.19244,2.49519,0.00178773,0.00318805,-0.112585,0.549689,1,0.266114,-0.149226,0.149226,0.266114,1,1,0.137955,0.272405,0.0112706,-0.00629085,0,0,0,0,0,0,0,0,0,0,0,0,0,0,0,0,0,0,0,0,0,0,0,255,0.26,-0.003129,0.26,0.0752146,0.243882,1,1,1,1,0,1,1,-0.181583,-3.23656,0.162999,0.0955135,-0.013878,0.0653227,2.10454,9812,1,367,155.085,2453,0,0.000884653,0.0326363,0.00613396,0,0,0,1,396,0.265,0.00151606,0.00269959,0.000715391,-0.000401757,0.000611905,-0.000524861,0.00729277,0.0183041,-0.0113418,0.221324,-0.187314,0.137629,-0.0333415,0.0623159,1.91127,2,0,0,0,0,0,-1,1,-9.04587e-07,-3.41782e-06,-0.18757,0,2.33056,1,1010,1010,1010,1010,0,0,0,0,2.33522,27,0.0559015,0.0887706,52,0.00786345,0.0428118,54,0.187524,0.315028,37,0.255777,0.34768,30,0.165666,0.361821,52,0.0988177,0.37101,56,0.280789,0.28309,49,0.162342,0.297301,39,0.0835986,0.293787
4709452247328,4709444171000,4709444171000,4709452241920,73729,8.07092,4709467000023,22.829,1,10599,38795,0,0,1,0,0,0.020002,470,468,314,0.67094,2.44704,5.24065,0.817025,0.225669,1.60072,6.24922,0.00311856,0.0107804,-0.0689299,0.237109,1,0.538967,-0.155912,0.155912,0.538967,1,1,0.141291,0.538168,0.014621,0.000799093,0,0,0,0,0,0,0,0,0,0,0,0,0,0,0,0,0,0,0,0,0,0,0,255,0.26,2.82134,0.26,-0.00878225,0.496854,1,1,1,1,0,1,1,-0.181583,-3.23656,0.162999,0.0955135,-0.013878,0.0653227,17.4051,9812,1,367,170.386,2453,0,0.000884653,0.0326363,0.00613396,0,0,0,1,314,0.265,0.00264453,0.00913105,0.00241973,-0.000700799,0.00219017,-0.00112901,0.00948294,0.0171751,-0.0108431,0.221471,-0.187591,0.0858905,0.00423519,0.00671948,15.1274,1,0,0,0,0,0,-1,1,-9.04587e-07,-3.41782e-06,-0.18757,0,17.6112,1,1010,1010,1010,1010,0,0,0,0,17.6159,17,0.121554,0.483047,6,0.139765,0.545364,18,0.213528,0.50414,56,0.17704,0.551856,34,0.138796,0.561296,53,0.14918,0.566212,55,0.166555,0.548928,34,0.140719,0.57428,41,0.14283,0.544079
4709467459601,4709452201000,4709452201000,4709467449101,73729,15.2481,4709478936139,26.7351,0,10599,38796,0,0,1,0,0,0.00803,474,470,397,0.844681,2.43941,4.22711,0.907674,0.295632,0.42746,3.33011,0.000846874,0.00563795,-0.0369633,0.322187,1,0.702111,-0.105464,0.105464,0.702111,1,1,0.0916015,0.702057,0.0138623,5.39716e-05,0,0,0,0,0,0,0,0,0,0,0,0,0,0,0,0,0,0,0,0,0,0,0,255,0.26,7.81693,0.26,-0.0452126,0.651473,1,1,1,1,1,1,1,-0.181583,-3.23656,0.162999,0.0955135,-0.013878,0.0653227,29.365,9812,1,367,182.346,2453,0,0.000884653,0.0326363,0.00613396,0,0,0,1,397,0.265,0.000717617,0.00477629,0.00126572,-0.000190169,0.00117815,-0.000417279,0.0106611,0.0167578,-0.010455,0.221211,-0.18766,0.0530047,0.00028605,-0.0163723,11.7214,1,0,0,0,0,0,-1,1,-9.04587e-07,-3.41782e-06,-0.18757,0,29.6093,1,1010,1010,1010,1010,0,0,0,0,29.614,31,0.108415,0.633388,20,0.0763798,0.602064,45,0.164667,0.651504,56,0.151605,0.741843,37,0.0812801,0.781956,56,0.080852,0.772151,56,0.143317,0.734798,54,0.0907536,0.738951,42,0.0442852,0.681864
4709479565163,4709464169000,4709464169000,4709479552182,73729,15.3832,4709491821190,27.6522,0,10599,38797,0,0,1,0,0,0.011968,480,476,406,0.852941,2.44637,4.13029,0.755265,0.29878,0.253143,2.79327,0.000428708,0.00456077,-0.0548675,0.235535,1,0.381081,-0.0358212,0.0358212,0.381081,1,1,0.0293368,0.388565,0.00648437,-0.00748478,0,0,0,0,0,0,0,0,0,0,0,0,0,0,0,0,0,0,0,0,0,0,0,255,0.26,-0.343596,0.26,-0.0475356,0.347426,1,1,1,1,0,1,1,-0.181583,-3.23656,0.162999,0.0955135,-0.013878,0.0653227,42.2253,9812,1,367,195.206,2453,0,0.000884653,0.0326363,0.00613396,0,0,0,1,406,0.265,0.000363109,0.0038633,0.00102377,-9.62239e-05,0.000963764,-0.000280684,0.0116248,0.0164771,-0.0101651,0.220577,-0.187397,0.032813,-0.0396693,-0.00124332,12.6393,1,0,0,0,0,0,-1,1,-9.04587e-07,-3.41782e-06,-0.18757,0,42.4831,1,1010,1010,1010,1010,0,0,0,0,0.213705,29,0.0315073,0.338346,24,-0.0378556,0.378304,48,0.099281,0.339435,56,0.0636967,0.405032,40,0.019035,0.416874,56,0.0140429,0.449377,56,0.0657312,0.397144,56,0.0322059,0.376481,41,-0.00111778,0.34797
4709492401565,4709484166000,4709484166000,4709492394157,73729,8.22816,4709505873898,21.7079,1,10600,38798,0,0,1,0,0,0.019997,494,488,323,0.661885,2.46302,5.17438,0.968897,0.22865,-0.0466766,5.40619,-0.000149803,0.00908606,-0.0651786,0.259218,1,0.454371,0.0074913,-0.0074913,0.454371,1,1,-0.00521314,0.466014,-0.00227816,-0.0116424,0,0,0,0,0,0,0,0,0,0,0,0,0,0,0,0,0,0,0,0,0,0,0,255,0.26,2.33759,0.26,-0.0369937,0.440514,1,1,1,1,0,1,1,-0.177972,-3.23703,0.162495,0.0885939,-0.0123885,0.0596031,4.81511,9813,1,367,4.76232,2454,0,0.000884653,0.0355145,0.00653686,0,0,0,1,323,0.265,-0.000127698,0.00769608,0.00203946,3.38399e-05,0.00196237,-0.000336505,0.0135872,0.0161406,-0.00970113,0.218895,-0.186824,0.0123659,-0.0617047,0.0195521,4.59572,3,0,0,0,0,0,-1,1,-9.04587e-07,-3.41782e-06,-0.187191,0,5.01769,1,1010,1010,1010,1010,0,0,0,0,14.2081,18,0.00505944,0.431587,19,-0.113888,0.368591,29,0.0404665,0.425828,56,0.0303447,0.475934,43,-0.0139855,0.481016,55,-0.0257222,0.495348,30,0.027957,0.475458,47,-0.0220851,0.470149,26,-0.0537962,0.473641
4709506373735,4709492238000,4709492238000,4709506362124,73729,14.1241,4709518177036,25.939,0,10600,38799,0,0,1,0,0,0.008072,483,482,424,0.879668,2.47974,4.33805,0.813618,0.277891,0.0119171,2.46402,0.00020283,0.00342797,-0.0237559,0.560446,1,0.424674,-0.0251276,0.0251276,0.424674,1,1,0.0255568,0.438993,-0.000429172,-0.0143187,0,0,0,0,0,0,0,0,0,0,0,0,0,0,0,0,0,0,0,0,0,0,0,255,0.26,5.96199,0.26,-0.00629259,0.499132,1,1,1,1,0,1,1,-0.177972,-3.23703,0.162495,0.0885939,-0.0123885,0.0596031,17.1406,9813,1,367,17.0878,2454,0,0.000884653,0.0355145,0.00653686,0,0,0,1,424,0.265,0.000171419,0.00290388,0.000769528,-4.5426e-05,0.000729752,-0.000184172,0.014317,0.0159565,-0.00970113,0.218895,-0.186824,0.0140964,-0.0758893,0.0130968,16.8649,0,0,0,0,0,0,-1,1,-9.04587e-07,-3.41782e-06,-0.187191,0,17.3853,1,1010,1010,1010,1010,0,0,0,0,26.5758,42,0.0272951,0.345972,43,0.0671848,0.0600948,55,-0.0156134,0.320777,56,0.110323,0.53188,48,-0.0291492,0.525885,56,-0.0509373,0.537454,56,0.124314,0.471975,51,-0.0188204,0.475576,17,-0.203041,0.509163
4709518735596,4709500276000,4709500276000,4709518723096,73729,18.4471,4709531511034,31.235,0,10600,38800,0,0,1,0,0,0.008038,493,490,426,0.869388,2.49848,4.23124,0.793562,0.277873,0.172485,2.61014,0.000205814,0.00368534,-0.0284031,0.615558,1,0.458489,-0.0256051,0.0256051,0.458489,1,1,0.0256332,0.46835,-2.81172e-05,-0.00986052,0,0,0,0,0,0,0,0,0,0,0,0,0,0,0,0,0,0,0,0,0,0,0,255,0.26,8.31648,0.26,0.0261001,0.53466,1,1,1,1,1,1,1,-0.177972,-3.23703,0.162495,0.0885939,-0.0123885,0.0596031,30.4566,9813,1,367,30.4037,2454,0,0.000884653,0.0355145,0.00653686,0,0,0,1,426,0.265,0.000174124,0.0031216,0.000827223,-4.6143e-05,0.00078503,-0.00019516,0.015102,0.0157613,-0.00943327,0.21873,-0.186592,0.0205735,-0.0522607,0.016578,13.0887,1,0,0,0,0,0,-1,1,-9.04587e-07,-3.41782e-06,-0.187191,0,30.6927,1,1010,1010,1010,1010,0,0,0,0,39.8831,49,0.00943363,0.418958,50,-0.00257367,0.0892601,54,0.0157343,0.388455,56,0.195896,0.5754,45,0.0642766,0.570306,56,-0.0718432,0.579056,27,0.136299,0.521233,54,0.0136002,0.505921,35,-0.0989838,0.490567
4709532201317,4709520197000,4709520197000,4709532195521,73729,11.9985,4709544431770,24.2348,1,10601,38801,0,0,1,0,0,0.019921,490,488,331,0.678279,2.46033,5.10197,0.90086,0.25465,0.544128,7.08369,0.0011768,0.0124789,-0.0559162,0.208646,1,0.62642,-0.0590735,0.0590735,0.62642,1,1,0.0586015,0.62161,0.000472027,0.00480974,0,0,0,0,0,0,0,0,0,0,0,0,0,0,0,0,0,0,0,0,0,0,0,255,0.26,1.50003,0.26,0.035285,0.611784,1,1,1,1,0,1,1,-0.177972,-3.23703,0.162495,0.0885939,-0.0123885,0.0596031,43.3751,9813,1,367,43.3223,2454,0,0.000884653,0.0355145,0.00653686,0,0,0,1,331,0.265,0.000996569,0.0105699,0.00280101,-0.000264091,0.00263791,-0.00076484,0.0177399,0.0149965,-0.00829143,0.220252,-0.185905,0.0406733,0.0254916,0.0305372,12.6986,2,0,0,0,0,0,-1,1,-9.04587e-07,-3.41782e-06,-0.185817,0,0.175724,1,1010,1010,1010,1010,0,0,0,0,0.179743,18,0.0535746,0.597144,17,0.00711317,0.557729,22,0.137302,0.571418,56,0.075329,0.64092,43,0.0452667,0.650901,56,0.044439,0.638914,53,0.0787312,0.637163,39,0.0465987,0.647339,27,0.0157548,0.647738
4709544926496,4709532224000,4709532224000,4709544915514,73729,12.6915,4709556995169,24.7712,0,10601,38802,0,0,1,0,0,0.012027,492,490,405,0.826531,2.48406,4.62113,0.864377,0.280355,0.431732,4.2916,0.000818897,0.00656223,-0.022289,0.407364,1,0.545625,-0.0680882,0.0680882,0.545625,1,1,0.0682561,0.525426,-0.000167887,0.0201995,0,0,0,0,0,0,0,0,0,0,0,0,0,0,0,0,0,0,0,0,0,0,0,255,0.26,3.994,0.26,0.0263611,0.545747,1,1,1,2,0,1,1,-0.17428,-3.23779,0.160946,0.105629,-0.0197296,0.0518686,12.5416,9814,1,367,55.8989,2454,0,0.000884653,0.0355145,0.00653686,0,0,0,1,405,0.265,0.000693664,0.00555914,0.00147317,-0.000183821,0.00137886,-0.00044598,0.0191188,0.0145505,-0.00791313,0.221537,-0.185638,0.0470201,0.107057,0.0383279,12.3255,1,0,0,0,0,0,-1,1,-9.04587e-07,-3.41782e-06,-0.185817,0,12.7702,1,1010,1010,1010,1010,0,0,0,0,12.7742,41,0.042947,0.328099,28,0.0743699,0.230196,48,0.0850379,0.420948,56,0.171622,0.644989,42,0.043648,0.651169,56,-0.00241785,0.641515,56,0.153457,0.60001,52,0.0584592,0.556111,26,-0.0393764,0.594955
4709557526173,4709540214000,4709540214000,4709557514340,73729,17.3003,4709568979823,28.7658,0,10601,38803,0,0,1,0,0,0.00799,485,481,349,0.725572,2.50596,4.49965,0.923304,0.245335,0.340149,4.47528,0.000244061,0.00721587,-0.283306,0.460783,1,0.903113,-0.0305458,0.0305458,0.903113,1,1,0.0296542,0.871817,0.00089156,0.0312963,0,0,0,0,0,0,0,0,0,0,0,0,0,0,0,0,0,0,0,0,0,0,0,255,0.26,6.21235,0.26,0.0161101,0.783031,1,1,1,1,0,1,1,-0.17428,-3.23779,0.160946,0.105629,-0.0197296,0.0518686,24.5376,9814,1,367,67.8949,2454,0,0.000884653,0.0355145,0.00653686,0,0,0,1,349,0.265,0.000207182,0.00611265,0.00161985,-5.49031e-05,0.00154237,-0.000345015,0.0206611,0.0142055,-0.00715218,0.223831,-0.185325,0.0524812,0.16587,0.0382048,11.7495,1,0,0,0,0,0,-1,1,-9.04587e-07,-3.41782e-06,-0.185817,0,24.7573,1,1010,1010,1010,1010,0,0,0,0,24.7613,21,0.158321,0.893947,21,-0.221548,0.576533,34,0.0940469,0.616544,56,0.161948,0.963794,37,0.0312605,1.0068,45,-0.0461278,1.0694,56,0.117249,0.915598,42,0.0259115,0.966795,37,-0.0625206,1.05252
4709569533513,4709560201000,4709560201000,4709569526253,73729,9.32525,4709582168005,21.967,1,10602,38804,0,0,1,0,0,0.019987,492,486,235,0.483539,2.50728,5.2308,1.6549,0.177354,1.10622,11.245,0.00176692,0.0202698,-0.10151,0.147129,1,1.01415,-0.0884035,0.0884035,1.01415,1,1,0.0861924,0.968486,0.00221105,0.0456621,0,0,0,0,0,0,0,0,0,0,0,0,0,0,0,0,0,0,0,0,0,0,0,255,0.26,8.3332,0.26,0.0314405,0.716843,1,1,1,1,1,1,1,-0.17428,-3.23779,0.160946,0.105629,-0.0197296,0.0518686,37.7015,9814,1,367,81.0587,2454,0,0.000884653,0.0355145,0.00653686,0,0,0,1,235,0.265,0.00149377,0.0171657,0.0045489,-0.00039585,0.0042847,-0.0012046,0.0249458,0.0130009,-0.00651714,0.226619,-0.18501,0.064017,0.242009,0.0418388,13.0023,1,0,0,0,0,0,-1,1,-9.04587e-07,-3.41782e-06,-0.185817,0,37.8832,1,1010,1010,1010,1010,0,0,0,0,37.8872,0,0,0,2,0,0,14,0.193424,0.771163,24,0.129108,1.01097,33,0.0724767,1.0475,48,0.0698394,1.04586,51,0.11566,1.02204,33,0.0785286,1.04522,30,0.0479117,1.06103
4709582699399,4709572182000,4709572182000,4709582687250,73729,10.5053,4709595979285,23.7973,0,10602,38805,0,0,1,0,0,0.011981,491,488,391,0.80123,2.51828,4.43637,0.843841,0.260021,0.168625,5.36057,-0.000222677,0.00776411,-0.0954457,0.615808,1,0.648035,0.0185859,-0.0185859,0.648035,1,1,-0.0164081,0.600381,-0.00217779,0.0476543,0,0,0,0,0,0,0,0,0,0,0,0,0,0,0,0,0,0,0,0,0,0,0,255,0.26,1.18464,0.26,-0.0472646,0.415603,1,1,1,1,0,1,1,-0.17428,-3.23779,0.160946,0.105629,-0.0197296,0.0518686,51.5359,9814,1,367,94.8931,2454,0,0.000884653,0.0355145,0.00653686,0,0,0,1,391,0.265,-0.000190005,0.00657658,0.00174279,5.03514e-05,0.00167662,-0.000261925,0.0266225,0.0127389,-0.00619524,0.231552,-0.184645,0.0309528,0.252568,0.0339961,13.5695,2,0,0,0,0,0,-1,1,-9.04587e-07,-3.41782e-06,-0.184848,0,0.215983,1,1010,1010,1010,1010,0,0,0,0,0.219854,24,-0.260384,0.236088,35,-0.0568625,0.218143,52,0.00091663,0.544363,30,0.158339,0.744787,47,-0.00997044,0.787441,55,-0.0849906,0.802861,55,0.162604,0.724371,46,0.00435058,0.65496,47,-0.15657,0.669138
4709596528012,4709580202000,4709580202000,4709596517401,73729,16.3154,4709609258468,29.0565,0,10602,38806,0,0,1,0,0,0.00802,500,499,382,0.765531,2.46598,6.02235,0.823655,0.260909,0.134727,5.48563,0.000204799,0.0095403,-0.145014,0.33509,1,1.18956,-0.025536,0.025536,1.18956,1,1,0.0298835,1.14068,-0.00434752,0.0488798,0,0,0,0,0,0,0,0,0,0,0,0,0,0,0,0,0,0,0,0,0,0,0,255,0.26,4.76117,0.26,-0.0102305,0.761042,1,1,1,1,0,1,1,-0.16969,-3.23872,0.159272,0.113612,-0.0190542,0.0359514,13.2618,9815,1,367,108.168,2454,0,0.000884653,0.0355145,0.00653686,0,0,0,1,382,0.265,0.00017262,0.00808051,0.00214133,-4.57444e-05,0.00203907,-0.000427504,0.0286615,0.0123114,-0.00629725,0.234292,-0.184705,-0.000589916,0.259063,0.0179615,13.0486,1,0,0,0,0,0,-1,1,-9.04587e-07,-3.41782e-06,-0.184848,0,13.495,1,1010,1010,1010,1010,0,0,0,0,13.4988,13,0.15776,1.11099,24,-0.0619153,1.21741,39,0.111069,0.942241,55,0.0925143,1.23007,54,0.0139286,1.25582,55,-0.0120624,1.2848,56,0.0729248,1.21195,52,-0.0225835,1.18481,34,-0.0780404,1.2702
4709609822232,4709600232000,4709600232000,4709609815158,73729,9.58316,4709621944924,21.7129,1,10603,38807,0,0,1,0,0,0.02003,500,494,297,0.601215,2.52054,5.16565,1.04036,0.218798,0.0265808,11.7967,-3.86819e-05,0.0210338,-0.0758688,0.180143,1,1.05012,0.0019312,-0.0019312,1.05012,1,1,0.00149571,0.99867,-0.00342691,0.0514469,0,0,0,0,0,0,0,0,0,0,0,0,0,0,0,0,0,0,0,0,0,0,0,255,0.26,7.04289,0.26,-0.00793938,0.62442,1,1,1,1,0,1,1,-0.16969,-3.23872,0.159272,0.113612,-0.0190542,0.0359514,25.9314,9815,1,367,120.838,2454,0,0.000884653,0.0355145,0.00653686,0,0,0,1,297,0.265,-3.53521e-05,0.0178144,0.00472081,9.36832e-06,0.00451227,-0.000834565,0.0331738,0.0114769,-0.00658998,0.237037,-0.184929,-0.0166131,0.272669,0.0012396,12.4658,1,0,0,0,0,0,-1,1,-9.04587e-07,-3.41782e-06,-0.184848,0,26.1304,1,1010,1010,1010,1010,0,0,0,0,26.1343,10,0.0613219,1.00261,9,-0.0533777,0.925762,18,0.0735092,0.821404,51,0.0516205,1.07303,47,-0.0364936,1.08368,44,-0.0188968,1.0988,46,0.036755,1.06787,38,-0.0236842,1.07688,34,-0.0687502,1.11445
4709622452299,4709612177000,4709612177000,4709622440614,73729,10.2636,4709637202976,25.026,0,10603,38808,0,0,1,0,0,0.011945,500,498,379,0.761044,2.52435,4.47187,0.847062,0.258798,-0.109879,5.84189,-0.00025169,0.0104188,-0.0368238,0.171045,1,0.872227,0.0210707,-0.0210707,0.872227,1,1,-0.0199317,0.824252,-0.00113903,0.047975,0,0,0,0,0,0,0,0,0,0,0,0,0,0,0,0,0,0,0,0,0,0,0,255,0.27,0.294206,0.27,0.0185862,0.893732,1,1,1,1,1,1,1,-0.16969,-3.23872,0.159272,0.113612,-0.0190542,0.0359514,41.1855,9815,1,367,136.092,2454,0,0.000884653,0.0355145,0.00653686,0,0,0,1,379,0.275,-0.000215063,0.00882382,0.00242655,5.91422e-05,0.00232586,-0.000377737,0.0354997,0.0110991,-0.00798614,0.242231,-0.186103,-0.0424105,0.263862,-0.0289167,15.0226,2,0,0,0,0,0,-1,1,-9.04587e-07,-3.41782e-06,-0.184848,0,41.411,1,1010,1010,1010,1010,0,0,0,0,41.4149,17,0.0252093,0.837654,20,-0.0349162,0.883842,26,0.0323805,0.747296,55,0.0274051,0.894008,53,-0.0293103,0.926293,53,-0.0112273,0.870111,53,0.0141415,0.903988,55,-0.048994,0.889449,47,-0.0808767,0.921469
4709637733906,4709620241000,4709620241000,4709637723221,73729,17.4822,4709649949265,29.7083,0,10603,38809,0,0,1,0,0,0.008064,497,493,358,0.726166,2.52371,5.07011,0.784617,0.24328,-0.151741,5.58317,-0.00017078,0.0101392,0.0156103,0.217612,1,1.25734,0.021178,-0.021178,1.25734,1,1,-0.0271521,1.2136,0.00597405,0.0437472,0,0,0,0,0,0,0,0,0,0,0,0,0,0,0,0,0,0,0,0,0,0,0,255,0.27,5.42736,0.27,0.0226428,0.773292,1,1,1,1,0,1,1,-0.164501,-3.23997,0.157477,0.117656,-0.0270765,0.0436402,3.64533,9816,1,367,148.837,2454,0,0.000884653,0.0355145,0.00653686,0,0,0,1,358,0.275,-0.000146495,0.00858666,0.00236133,4.02862e-05,0.00225682,-0.000389249,0.0377565,0.0107099,-0.00970489,0.246621,-0.188388,-0.0735838,0.240609,-0.0851529,3.45547,2,0,0,0,0,0,-1,1,-9.04588e-07,-3.41782e-06,-0.188609,0,3.8569,1,1010,1010,1010,1010,0,0,0,0,3.86142,11,0.049467,1.21177,22,-0.0137337,1.24441,13,0.0626006,1.10626,53,0.0297583,1.27818,51,-0.05772,1.27018,50,0.0292433,1.20146,55,0.00652934,1.2989,47,-0.0396307,1.28296,56,-0.104273,1.3199
4709650441788,4709640202000,4709640202000,4709650436714,73729,10.2347,4709662692148,22.4901,1,10604,38810,0,0,1,0,0,0.019961,490,488,280,0.57377,2.51028,5.14569,1.0924,0.205187,-0.178238,11.3633,5.75618e-06,0.0209492,0.0643286,0.162241,1,1.04951,-0.000288371,0.000288371,1.04951,1,1,-0.00998591,1.00658,0.0102743,0.0429264,0,0,0,0,0,0,0,0,0,0,0,0,0,0,0,0,0,0,0,0,0,0,0,255,0.27,7.9386,0.27,0.0648746,0.613836,1,1,1,1,0,1,1,-0.164501,-3.23997,0.157477,0.117656,-0.0270765,0.0436402,16.3919,9816,1,367,161.583,2454,0,0.000884653,0.0355145,0.00653686,0,0,0,1,280,0.275,1.79161e-06,0.0177388,0.00487817,-4.92693e-07,0.00464679,-0.000886404,0.0424033,0.00982349,-0.00970489,0.246621,-0.188388,-0.0675497,0.236095,-0.0992466,16.2337,0,0,0,0,0,0,-1,1,-9.04588e-07,-3.41782e-06,-0.188609,0,16.5863,1,1010,1010,1010,1010,0,0,0,0,16.5908,10,0.0361237,1.00884,15,-0.0096438,1.02215,8,0.0276538,0.968755,51,0.0273789,1.04614,55,-0.0316354,1.04357,25,0.00766585,1.07135,51,0.0193914,1.06862,29,-0.00922792,1.06428,36,-0.041323,1.07188
4709663194837,4709652168000,4709652168000,4709663182504,73729,11.0145,4709676631595,24.4636,0,10604,38811,0,0,1,0,0,0.011966,494,494,404,0.817814,2.49637,4.32678,0.741617,0.266836,0.503532,4.41307,0.00101601,0.00778548,0.0162953,0.228041,1,0.650634,-0.0849083,0.0849083,0.650634,1,1,0.0640349,0.628282,0.0208734,0.0223514,0,0,0,0,0,0,0,0,0,0,0,0,0,0,0,0,0,0,0,0,0,0,0,255,0.27,0.39767,0.27,0.155171,0.319886,1,1,1,1,0,1,1,-0.164501,-3.23997,0.157477,0.117656,-0.0270765,0.0436402,30.332,9816,1,367,175.523,2454,0,0.000884653,0.0355145,0.00653686,0,0,0,1,404,0.275,0.000860156,0.00659376,0.00181328,-0.000236543,0.0016819,-0.000564688,0.0440852,0.0092588,-0.00994806,0.248122,-0.1902,-0.00974319,0.122933,-0.0996375,13.6986,2,0,0,0,0,0,-1,1,-9.04588e-07,-3.41782e-06,-0.188609,0,30.5582,1,1010,1010,1010,1010,0,0,0,0,30.5628,11,0.110905,0.647791,29,0.0530701,0.640382,45,0.100319,0.568287,53,0.125105,0.675765,56,0.0680464,0.680344,56,0.0962355,0.651647,56,0.123799,0.671728,42,0.0481553,0.644803,56,0.0189021,0.711291
4709677168341,4709660206000,4709660206000,4709677156692,73729,16.9507,4709689097661,28.8917,0,10604,38812,0,0,1,0,0,0.008038,498,493,386,0.782961,2.53824,4.63508,0.734302,0.264502,0.516708,4.24843,0.00112538,0.00738853,-0.0426795,0.408669,1,0.9192,-0.140008,0.140008,0.9192,1,1,0.120697,0.894758,0.019311,0.024442,0,0,0,0,0,0,0,0,0,0,0,0,0,0,0,0,0,0,0,0,0,0,0,255,0.27,4.22248,0.27,0.161443,0.639851,1,1,1,1,1,1,1,-0.164501,-3.23997,0.157477,0.117656,-0.0270765,0.0436402,42.8193,9816,1,367,188.011,2454,0,0.000884653,0.0355145,0.00653686,0,0,0,1,386,0.275,0.000953245,0.00625695,0.00172066,-0.000262142,0.00158739,-0.00057467,0.0456726,0.00868413,-0.010467,0.250267,-0.191444,-0.00341268,0.134431,-0.0876985,12.2614,1,0,0,0,0,0,-1,1,-9.04588e-07,-3.41782e-06,-0.188609,0,43.0556,1,1010,1010,1010,1010,0,0,0,0,43.0601,10,0.108345,0.866074,32,0.0827423,0.943132,46,0.16705,0.843385,52,0.190384,0.952878,56,0.0925168,0.968716,48,0.105274,0.941545,47,0.202415,0.9119,46,0.0941195,0.934629,49,0.0112246,0.983409
4709689741666,4709680194000,4709680194000,4709689732759,73729,9.53876,4709703250203,23.0562,1,10605,38813,0,0,1,0,0,0.019988,493,490,291,0.593878,2.52448,6.00966,1.18864,0.210206,0.409744,11.2317,0.00101695,0.0205322,0.0888434,0.237948,1,1.02723,-0.0508782,0.0508782,1.02723,1,1,0.0268307,0.985318,0.0240475,0.0419105,0,0,0,0,0,0,0,0,0,0,0,0,0,0,0,0,0,0,0,0,0,0,0,255,0.27,6.61305,0.27,0.0457239,0.754988,1,1,1,1,0,1,1,-0.158988,-3.24135,0.1564,0.127518,-0.0252104,0.0636001,6.83554,9817,1,367,202.142,2454,0,0.000884653,0.0355145,0.00653686,0,0,0,1,291,0.275,0.000858347,0.0173861,0.00478119,-0.000236045,0.0044947,-0.00112571,0.0501673,0.00755842,-0.0119768,0.254822,-0.194443,-0.0297469,0.230508,-0.129607,6.67394,2,0,0,0,0,0,-1,1,-9.04587e-07,-3.41782e-06,-0.194717,0,7.02958,1,1010,1010,1010,1010,0,0,0,0,7.03363,11,0.0372897,0.955566,22,0.0204311,0.994555,19,0.0538228,0.970463,52,0.0866265,1.03757,51,0.0347065,1.04197,36,0.0409406,1.00094,44,0.0713683,1.04997,19,0.0313326,1.07698,37,-0.000622591,1.07779
4709703739003,4709692217000,4709692217000,4709703727392,73729,11.5104,4709717247170,25.0302,0,10605,38814,0,0,1,0,0,0.012023,500,498,373,0.748996,2.49461,4.74139,0.793359,0.243298,-0.0633545,5.67737,8.31832e-06,0.0103868,0.0642795,0.201359,1,0.863915,-0.000691867,0.000691867,0.863915,1,1,-0.0109585,0.826668,0.0116504,0.0372464,0,0,0,0,0,0,0,0,0,0,0,0,0,0,0,0,0,0,0,0,0,0,0,255,0.27,0.303799,0.27,0.0244698,0.530897,1,1,1,1,0,1,1,-0.158988,-3.24135,0.1564,0.127518,-0.0252104,0.0636001,20.8322,9817,1,367,13.9873,2455,0,0.000884653,0.0266941,0.00855049,0,0,0,1,373,0.275,5.06798e-06,0.00879572,0.00241882,-1.39369e-06,0.00229516,-0.000454858,0.0524624,0.00710356,-0.0128762,0.256331,-0.195051,-0.0625165,0.204855,-0.101275,13.799,1,0,0,0,0,0,-1,1,-9.04587e-07,-3.41782e-06,-0.194717,0,21.051,1,1010,1010,1010,1010,0,0,0,0,21.0551,13,0.0304086,0.878832,29,-0.0155088,0.857969,22,0.0682512,0.823239,53,0.0221794,0.870121,56,-0.0148187,0.870368,51,0.0016324,0.836457,56,0.0199677,0.874977,43,-0.0142502,0.895995,50,-0.0411621,0.909004
4709717779267,4709712179000,4709712179000,4709717773526,73729,5.59453,4709730396796,18.2178,1,10606,38815,0,0,1,0,0,0.019962,497,493,259,0.525355,2.5475,5.55695,1.20851,0.227947,-0.712891,10.2561,-0.00142112,0.018646,-0.00753389,0.270719,1,0.934074,0.0711914,-0.0711914,0.934074,1,1,-0.0655887,0.906914,-0.00560269,0.0271599,0,0,0,0,0,0,0,0,0,0,0,0,0,0,0,0,0,0,0,0,0,0,0,255,0.27,4.18891,0.27,0.0100314,0.567612,1,1,1,1,0,1,1,-0.158988,-3.24135,0.1564,0.127518,-0.0252104,0.0636001,33.9821,9817,1,367,27.1372,2455,0,0.000884653,0.0266941,0.00855049,0,0,0,1,259,0.275,-0.00120815,0.0157854,0.00434098,0.000332241,0.00418137,-0.000488108,0.0566438,0.00661546,-0.0138054,0.257546,-0.195204,-0.0822181,0.149379,-0.0411227,12.9849,1,0,0,0,0,0,-1,1,-9.04587e-07,-3.41782e-06,-0.194717,0,34.1743,1,1010,1010,1010,1010,0,0,0,0,34.1783,5,-0.107021,0.85495,26,-0.0690178,0.931113,9,-0.0488702,0.931351,42,-0.0484677,0.923468,56,-0.0719135,0.929793,21,-0.0767202,0.914122,46,-0.0446142,0.941336,36,-0.0866735,0.968982,18,-0.0996818,0.981579
4709730869596,4709720192000,4709720192000,4709730858004,73729,10.666,4709741902168,21.7102,0,10606,38816,0,0,1,0,0,0.008013,487,486,387,0.796296,2.5315,4.36167,0.798674,0.260891,-0.301605,4.47867,-0.00061331,0.00734481,-0.0765409,0.622374,1,0.916612,0.0765394,-0.0765394,0.916612,1,1,-0.0620971,0.906997,-0.0144423,0.00961535,0,0,0,0,0,0,0,0,0,0,0,0,0,0,0,0,0,0,0,0,0,0,0,255,0.27,5.89388,0.27,0.0296446,0.699706,1,1,1,1,1,1,1,-0.158988,-3.24135,0.1564,0.127518,-0.0252104,0.0636001,45.4871,9817,1,367,38.6421,2455,0,0.000884653,0.0266941,0.00855049,0,0,0,1,387,0.275,-0.000520932,0.00621974,0.00171043,0.000143256,0.00164981,-0.000180087,0.0582936,0.00643537,-0.0152232,0.257643,-0.195142,-0.0792059,0.0528844,0.000181222,11.2685,2,0,0,0,0,0,-1,1,-9.04587e-07,-3.41782e-06,-0.194717,0,45.7099,1,1010,1010,1010,1010,0,0,0,0,0.186724,15,-0.0331376,0.946781,29,-0.0901491,0.995236,40,0.164862,0.628301,52,-0.027518,0.982116,56,-0.105612,1.00883,51,-0.154475,0.941403,55,-0.000345729,0.964878,33,-0.0898435,0.958451,56,-0.226133,1.00401
4709742484525,4709728209000,4709728209000,4709742474191,73729,14.2652,4709754759903,26.5509,0,10606,38817,0,0,1,0,0,0.008017,495,492,433,0.880081,2.54826,4.44156,0.849748,0.289465,-0.274414,3.88104,-0.000604955,0.00569986,-0.0502849,0.851385,1,0.710972,0.075459,-0.075459,0.710972,1,1,-0.0606647,0.723104,-0.0147943,-0.0121316,0,0,0,0,0,0,0,0,0,0,0,0,0,0,0,0,0,0,0,0,0,0,0,255,0.27,8.57231,0.27,0.0361817,0.613431,1,1,1,1,0,1,1,-0.153113,-3.24272,0.155656,0.124818,-0.0263883,0.0741132,3.14941,9818,1,367,51.496,2455,0,0.000884653,0.0266941,0.00855049,0,0,0,1,433,0.275,-0.000513777,0.00482697,0.00132742,0.000141289,0.00128674,-0.00010949,0.0595803,0.00632588,-0.0156789,0.255879,-0.194501,-0.0541972,-0.066724,0.0217371,2.8951,2,0,0,0,0,0,-1,1,-9.04587e-07,-3.41782e-06,-0.195204,0,3.3921,1,1010,1010,1010,1010,0,0,0,0,13.0605,23,-0.119909,0.72194,50,-0.061319,0.259594,43,0.098069,0.482049,55,0.0178816,0.858708,56,-0.0945063,0.84854,56,-0.196216,0.799352,56,0.0792405,0.783628,44,-0.107317,0.772967,50,-0.248804,0.779515
4709755291371,4709740199000,4709740199000,4709755281852,73729,15.0829,4709767515027,27.316,0,10606,38818,0,0,1,0,0,0.01199,493,493,418,0.84787,2.48404,4.72032,0.824099,0.27165,-0.246445,3.55811,-0.000547098,0.00541891,-0.0778426,0.463962,1,0.451952,0.0456295,-0.0456295,0.451952,1,1,-0.0326129,0.468141,-0.0130166,-0.0161888,0,0,0,0,0,0,0,0,0,0,0,0,0,0,0,0,0,0,0,0,0,0,0,255,0.27,1.06855,0.27,0.0536676,0.404944,1,1,1,1,0,1,1,-0.153113,-3.24272,0.155656,0.124818,-0.0263883,0.0741132,15.9253,9818,1,367,64.2722,2455,0,0.000884653,0.0266941,0.00855049,0,0,0,1,418,0.275,-0.000464303,0.00458914,0.00126201,0.000127683,0.00122208,-0.000110618,0.0608024,0.00621526,-0.0156789,0.255879,-0.194501,-0.0385254,-0.0890385,0.0264528,15.6563,0,0,0,0,0,0,-1,1,-9.04587e-07,-3.41782e-06,-0.195204,0,16.1677,1,1010,1010,1010,1010,0,0,0,0,25.8361,18,-0.00276633,0.506956,47,-0.0569272,0.156578,46,0.0203081,0.350753,54,-0.00355957,0.518085,56,-0.0657483,0.526193,56,-0.108578,0.504504,55,0.0184886,0.47794,39,-0.0788145,0.49551,47,-0.159823,0.49584
4709768100476,4709748215000,4709748215000,4709768089142,73729,19.8741,4709780478003,32.263,0,10606,38819,0,0,1,0,0,0.008016,490,490,405,0.826531,2.50711,4.49668,0.857674,0.267261,0.137299,3.23734,5.74751e-05,0.00499203,-0.140163,0.66371,1,0.622759,-0.00717005,0.00717005,0.622759,1,1,0.0137395,0.6447,-0.00656942,-0.0219413,0,0,0,0,0,0,0,0,0,0,0,0,0,0,0,0,0,0,0,0,0,0,0,255,0.27,3.6876,0.27,0.0998814,0.642869,1,1,1,1,0,1,1,-0.153113,-3.24272,0.155656,0.124818,-0.0263883,0.0741132,28.8723,9818,1,367,77.2192,2455,0,0.000884653,0.0266941,0.00855049,0,0,0,1,405,0.275,4.8661e-05,0.0042273,0.00116251,-1.33818e-05,0.00110135,-0.000230324,0.0619038,0.00598494,-0.0155316,0.25457,-0.194266,-0.00453174,-0.120677,0.0252801,12.724,1,0,0,0,0,0,-1,1,-9.04587e-07,-3.41782e-06,-0.195204,0,29.1093,1,1010,1010,1010,1010,0,0,0,0,38.7777,18,0.0472379,0.688376,38,-0.0201494,0.523581,46,0.162924,0.484083,54,0.0589684,0.698522,56,-0.0198684,0.717882,56,-0.052978,0.697422,50,0.0786018,0.675414,40,-0.0160646,0.646317,47,-0.138686,0.679921
4709780989859,4709768209000,4709768209000,4709780984082,73729,12.7751,4709794474100,26.2651,1,10607,38820,0,0,1,0,0,0.019994,491,488,278,0.569672,2.55041,5.14493,1.12201,0.209298,0.19014,5.77904,0.00100224,0.00883967,-0.0825951,0.596174,1,0.442116,-0.0501269,0.0501269,0.442116,1,1,0.044903,0.474014,0.00522389,-0.0318984,0,0,0,0,0,0,0,0,0,0,0,0,0,0,0,0,0,0,0,0,0,0,0,255,0.27,6.31924,0.27,0.0694055,0.540917,1,1,1,1,1,1,1,-0.153113,-3.24272,0.155656,0.124818,-0.0263883,0.0741132,42.8674,9818,1,367,91.214,2455,0,0.000884653,0.0266941,0.00855049,0,0,0,1,278,0.275,0.000848426,0.00748385,0.00205806,-0.000233317,0.00191226,-0.000613407,0.063816,0.00537153,-0.0142516,0.25052,-0.193975,0.0400111,-0.175441,0.00902379,12.4514,2,0,0,0,0,0,-1,1,-9.04588e-07,-3.41782e-06,-0.194176,0,0.155483,1,1010,1010,1010,1010,0,0,0,0,0.158834,10,0.0177577,0.431168,16,0.0703429,0.292691,23,0.158008,0.345485,54,0.0824581,0.482883,56,0.0242713,0.498144,48,-0.0314772,0.475458,41,0.117582,0.462657,25,-0.0263208,0.44687,5,-0.0965173,0.470529
4709794986159,4709780204000,4709780204000,4709794974363,73729,14.7704,4709809523094,29.3191,0,10607,38821,0,0,1,0,0,0.011995,500,497,381,0.7666,2.54443,4.66763,0.765414,0.27891,0.845154,2.2662,0.00151867,0.00261727,0.0901897,0.538835,1,0.218197,-0.126609,0.126609,0.218197,1,1,0.11722,0.254168,0.00938874,-0.0359719,0,0,0,0,0,0,0,0,0,0,0,0,0,0,0,0,0,0,0,0,0,0,0,255,0.27,-0.297503,0.27,0.102255,0.422735,1,1,1,1,0,1,1,-0.147535,-3.2439,0.155791,0.120547,-0.0203346,0.0846948,15.0202,9819,1,367,106.268,2455,0,0.000884653,0.0266941,0.00855049,0,0,0,1,381,0.275,0.00128703,0.0022156,0.00060929,-0.000353932,0.00051221,-0.000461282,0.0643282,0.00491025,-0.0142516,0.25052,-0.193975,0.0581061,-0.197846,0.00517439,27.4629,0,0,0,0,0,0,-1,1,-9.04588e-07,-3.41782e-06,-0.194176,0,15.2481,1,1010,1010,1010,1010,0,0,0,0,15.2514,29,0.0965086,-0.0693258,34,0.127936,-0.0106988,52,0.129621,0.193414,42,0.169706,0.346506,55,0.0925628,0.322149,56,0.0493106,0.282845,39,0.224899,0.311707,27,0.16429,0.252741,47,0.0433491,0.240308
4709810017357,4709800193000,4709800193000,4709810012709,73729,9.81971,4709822228828,22.0358,1,10608,38822,0,0,1,0,0,0.019989,500,498,332,0.666667,2.54961,4.95571,0.890322,0.241743,1.24942,4.59346,0.0023008,0.0075043,-0.0195202,0.376991,1,0.375421,-0.115103,0.115103,0.375421,1,1,0.100952,0.418707,0.0141518,-0.0432856,0,0,0,0,0,0,0,0,0,0,0,0,0,0,0,0,0,0,0,0,0,0,0,255,0.27,4.96875,0.27,0.0431209,0.565451,1,1,1,1,0,1,1,-0.147535,-3.2439,0.155791,0.120547,-0.0203346,0.0846948,27.7223,9819,1,367,118.97,2455,0,0.000884653,0.0266941,0.00855049,0,0,0,1,332,0.275,0.00195058,0.00635362,0.00174725,-0.00053641,0.00156145,-0.000853133,0.0658897,0.00405712,-0.0126266,0.245402,-0.193845,0.0764258,-0.238071,-0.00112719,12.479,2,0,0,0,0,0,-1,1,-9.04588e-07,-3.41782e-06,-0.194176,0,27.9287,1,1010,1010,1010,1010,0,0,0,0,27.932,17,0.170952,0.372892,12,0.0954607,0.379303,21,0.214252,0.33265,55,0.112146,0.385208,56,0.103746,0.389759,55,0.11284,0.367366,39,0.123789,0.390417,34,0.111602,0.37881,43,0.0929324,0.409575
4709822719387,4709808215000,4709808215000,4709822707424,73729,14.4924,4709834478835,26.2638,0,10608,38823,0,0,1,0,0,0.008022,500,500,440,0.88,2.71276,4.28616,0.86447,0.28728,0.835587,1.33621,0.00172515,0.000965917,0.195501,0.820575,1,0.120409,-0.215053,0.215053,0.120409,1,1,0.194263,0.182971,0.0207895,-0.0625626,0,0,0,0,0,0,0,0,0,0,0,0,0,0,0,0,0,0,0,0,0,0,0,255,0.26,7.11087,0.26,0.0623353,0.296019,1,1,1,1,0,1,1,-0.147535,-3.2439,0.155791,0.120547,-0.0203346,0.0846948,39.9714,9819,1,367,131.219,2455,0,0.000884653,0.0266941,0.00855049,0,0,0,1,440,0.265,0.0014621,0.000816353,0.000216334,-0.000387457,0.000132678,-0.000420826,0.0660224,0.00363629,-0.0104673,0.238515,-0.193611,0.101391,-0.331582,-0.00703446,11.9974,2,0,0,0,0,0,-1,1,-9.04588e-07,-3.41782e-06,-0.194176,0,40.2368,1,1010,1010,1010,1010,0,0,0,0,40.2402,39,0.130598,-0.200561,29,0.195813,-0.155339,54,0.260609,0.0643361,50,0.258287,0.276729,56,0.18787,0.246493,56,0.13037,0.162811,56,0.344181,0.209516,51,0.204362,0.13723,49,0.108388,0.123356
4709835011562,4709820229000,4709820229000,4709835001488,73729,14.7725,4709848179189,27.9502,0,10608,38824,0,0,1,0,0,0.012014,500,500,418,0.836,2.55102,4.74058,0.856544,0.286798,0.775253,1.31553,0.00135297,0.00117036,-0.0137173,0.4853,1,0.0974165,-0.112616,0.112616,0.0974165,1,1,0.0939078,0.156751,0.0187085,-0.0593341,0,0,0,0,0,0,0,0,0,0,0,0,0,0,0,0,0,0,0,0,0,0,0,255,0.26,-0.4948,0.26,-0.0488319,0.174812,1,1,1,1,1,1,1,-0.147535,-3.2439,0.155791,0.120547,-0.0203346,0.0846948,53.6696,9819,1,367,144.917,2455,0,0.000884653,0.0266941,0.00855049,0,0,0,1,418,0.265,0.00114743,0.000989808,0.000262299,-0.00030407,0.000192462,-0.000347562,0.0662148,0.00328873,-0.00965923,0.235969,-0.193541,0.0970913,-0.314471,-0.00165112,13.4496,1,0,0,0,0,0,-1,1,-9.04587e-07,-3.41782e-06,-0.193731,0,0.223872,1,1010,1010,1010,1010,0,0,0,0,0.227502,25,0.126394,-0.0507172,30,0.0305445,0.0239888,37,0.168023,0.0620098,56,0.144786,0.153666,56,0.101689,0.152524,56,0.0982503,0.132637,56,0.170747,0.0993204,50,0.112876,0.0945349,52,0.0671186,0.130326
4709848741693,4709840206000,4709840206000,4709848735490,73729,8.52949,4709862900328,22.6943,1,10609,38825,0,0,1,0,0,0.019977,500,500,356,0.712,2.58415,5.81881,0.737506,0.237409,1.05162,4.63297,0.00214672,0.00741226,0.0223958,0.404053,1,0.37104,-0.107459,0.107459,0.37104,1,1,0.0912185,0.418796,0.0162409,-0.0477566,0,0,0,0,0,0,0,0,0,0,0,0,0,0,0,0,0,0,0,0,0,0,0,255,0.26,3.06508,0.26,-0.0117678,0.703499,1,1,1,1,0,1,1,-0.142373,-3.24483,0.157225,0.127015,-0.0189285,0.0871872,14.7088,9820,1,367,159.64,2455,0,0.000884653,0.0266941,0.00855049,0,0,0,1,356,0.265,0.00181958,0.00627553,0.00166301,-0.000482189,0.00149578,-0.000784487,0.0677106,0.00250424,-0.00897235,0.233894,-0.193528,0.0795375,-0.25311,-0.0052315,14.5254,1,0,0,0,0,0,-1,1,-9.04587e-07,-3.41782e-06,-0.193731,0,14.9262,1,1010,1010,1010,1010,0,0,0,0,14.9298,6,0.0971154,0.413833,19,0.0780123,0.340017,21,0.188127,0.331064,56,0.106663,0.390453,55,0.100907,0.380161,54,0.107609,0.37276,51,0.122538,0.368974,47,0.100434,0.3759,47,0.0848063,0.392969
4709863388665,4709848208000,4709848208000,4709863379925,73729,15.1719,4709875689914,27.4819,0,10609,38826,0,0,1,0,0,0.008002,500,500,475,0.95,2.55419,4.46798,0.888414,0.311021,0.423676,2.70914,0.000914806,0.00345038,0.125957,0.922879,1,0.431189,-0.114322,0.114322,0.431189,1,1,0.106789,0.471296,0.00753309,-0.0401068,0,0,0,0,0,0,0,0,0,0,0,0,0,0,0,0,0,0,0,0,0,0,0,255,0.26,7.34082,0.26,0.0175238,0.78459,1,1,1,1,0,1,1,-0.142373,-3.24483,0.157225,0.127015,-0.0189285,0.0871872,27.5001,9820,1,367,172.431,2455,0,0.000884653,0.0266941,0.00855049,0,0,0,1,475,0.265,0.000774793,0.00292165,0.000774238,-0.00020532,0.000701049,-0.000345789,0.0684117,0.00215845,-0.00747523,0.229739,-0.192457,0.0665417,-0.212566,0.0212931,12.5123,2,0,0,0,0,0,-1,1,-9.04587e-07,-3.41782e-06,-0.193731,0,27.7561,1,1010,1010,1010,1010,0,0,0,0,27.7598,46,0.0491438,0.163317,43,0.102537,0.0403298,55,0.160806,0.413727,56,0.212243,0.584903,56,0.0917195,0.563403,56,0.0102976,0.500434,56,0.271026,0.47735,55,0.10242,0.488839,52,-0.0177208,0.445497
4709876252345,4709868210000,4709868210000,4709876246363,73729,8.03636,4709889088839,20.8788,1,10610,38827,0,0,1,0,0,0.020002,500,500,285,0.57,2.54595,5.42447,1.0693,0.206446,0.8526,5.61383,0.000920607,0.00916195,-0.0884344,0.462515,1,0.458051,-0.0460257,0.0460257,0.458051,1,1,0.0501549,0.492699,-0.00412917,-0.0346474,0,0,0,0,0,0,0,0,0,0,0,0,0,0,0,0,0,0,0,0,0,0,0,255,0.26,0.093834,0.26,-0.00488102,0.66803,1,1,1,1,0,1,1,-0.142373,-3.24483,0.157225,0.127015,-0.0189285,0.0871872,40.8973,9820,1,367,185.828,2455,0,0.000884653,0.0266941,0.00855049,0,0,0,1,285,0.265,0.000780668,0.00775587,0.00205531,-0.000206877,0.00192638,-0.000583898,0.070338,0.00157455,-0.00624079,0.228295,-0.19135,0.0741448,-0.183631,0.0768235,13.2226,1,0,0,0,0,0,-1,1,-9.04587e-07,-3.41782e-06,-0.193731,0,41.0946,1,1010,1010,1010,1010,0,0,0,0,41.0982,9,0.0571095,0.358187,16,0.0335859,0.445251,16,0.0978421,0.423141,54,0.0709242,0.483721,56,0.0369727,0.479666,48,0.0269394,0.459467,2,0,0,39,0.0386192,0.473055,45,-0.00611241,0.477551
4709889555806,4709880190000,4709880190000,4709889544547,73729,9.35455,4709903251641,23.0616,0,10610,38828,0,0,1,0,0,0.01198,500,500,416,0.832,2.59441,4.89011,0.771025,0.271188,0.663567,3.34776,0.00110991,0.00525756,-0.0739219,0.409643,1,0.438861,-0.0926469,0.0926469,0.438861,1,1,0.09474,0.463395,-0.00209313,-0.0245339,0,0,0,0,0,0,0,0,0,0,0,0,0,0,0,0,0,0,0,0,0,0,0,255,0.26,3.22042,0.26,0.0104306,0.629972,1,1,1,1,1,1,1,-0.136744,-3.24568,0.157854,0.12573,-0.0128811,0.0685868,2.79297,9821,1,367,2.7561,2456,0,0.000884653,0.0318348,0.00771263,0,0,0,1,416,0.265,0.000940705,0.00445148,0.00117964,-0.000249287,0.00108242,-0.000460893,0.0714205,0.00111366,-0.00300834,0.226261,-0.189033,0.123807,-0.13003,0.10792,2.5928,2,0,0,0,0,0,-1,1,-9.04588e-07,-3.41782e-06,-0.189101,0,3.02645,1,1010,1010,1010,1010,0,0,0,0,3.03077,12,0.112817,0.456411,24,0.0851094,0.507929,51,0.166598,0.307942,56,0.109113,0.482038,56,0.0724707,0.489826,56,0.0498219,0.483,56,0.131883,0.425284,55,0.0700808,0.464309,50,0.0223735,0.454933
4709903809738,4709888215000,4709888215000,4709903798404,73729,15.5834,4709915824411,27.6094,0,10610,38829,0,0,1,0,0,0.008025,500,500,388,0.776,2.57161,4.68067,0.764377,0.258558,0.749649,3.36212,0.000808779,0.00420473,-0.144112,1.13832,1,0.523954,-0.100782,0.100782,0.523954,1,1,0.100265,0.534327,0.000517639,-0.0103728,0,0,0,0,0,0,0,0,0,0,0,0,0,0,0,0,0,0,0,0,0,0,0,255,0.26,7.26999,0.26,0.0364733,0.796817,1,1,1,1,0,1,1,-0.136744,-3.24568,0.157854,0.12573,-0.0128811,0.0685868,15.3743,9821,1,367,15.3374,2456,0,0.000884653,0.0318348,0.00771263,0,0,0,1,388,0.265,0.000684755,0.00355892,0.000943113,-0.00018146,0.000868978,-0.000350269,0.0722894,0.000763392,-0.00180548,0.226132,-0.18825,0.129057,-0.0549759,0.101051,12.382,1,0,0,0,0,0,-1,1,-9.04588e-07,-3.41782e-06,-0.189101,0,15.6143,1,1010,1010,1010,1010,0,0,0,0,15.6186,16,-0.390151,0.145568,34,0.116672,0.154565,48,0.256114,0.341404,29,0.243842,0.642369,55,0.0852365,0.680646,55,-0.0620317,0.669945,53,0.344677,0.500354,56,0.116595,0.536443,42,-0.0763946,0.554762
4709916347859,4709908212000,4709908212000,4709916342119,73729,8.13012,4709929048889,20.8369,1,10611,38830,0,0,1,0,0,0.019997,500,500,308,0.616,2.57411,5.35675,0.979008,0.219391,0.843094,8.39705,0.000823661,0.0131731,-0.0381225,0.586513,1,0.658755,-0.0411892,0.0411892,0.658755,1,1,0.0389699,0.663915,0.00221932,-0.00516003,0,0,0,0,0,0,0,0,0,0,0,0,0,0,0,0,0,0,0,0,0,0,0,255,0.26,-0.440763,0.26,-0.0790464,0.752537,1,1,1,1,0,1,1,-0.136744,-3.24568,0.157854,0.12573,-0.0128811,0.0685868,28.6188,9821,1,367,28.5821,2456,0,0.000884653,0.0318348,0.00771263,0,0,0,1,308,0.265,0.000694361,0.0111514,0.00295512,-0.000184006,0.00279502,-0.000719012,0.0750845,4.43803e-05,-0.00120555,0.225815,-0.187987,0.0892082,-0.0273482,0.0619566,13.0438,1,0,0,0,0,0,-1,1,-9.04588e-07,-3.41782e-06,-0.189101,0,28.8274,1,1010,1010,1010,1010,0,0,0,0,28.8317,12,-0.399619,0.252092,4,-0.050238,0.363223,13,0.103353,0.698338,25,0.134138,0.716462,56,0.0576739,0.714838,52,-0.0174413,0.693279,47,0.152175,0.661606,55,0.0470214,0.665478,44,-0.010598,0.665317
4709929552079,4709920198000,4709920198000,4709929539616,73729,9.34162,4709942708502,22.5105,0,10611,38831,0,0,1,0,0,0.011986,500,500,396,0.792,2.60882,4.419,0.759062,0.267688,0.156395,4.21725,9.41793e-06,0.00627046,-0.00450772,0.563616,1,0.523148,-0.000785745,0.000785745,0.523148,1,1,-0.00335258,0.52649,0.00413832,-0.00334148,0,0,0,0,0,0,0,0,0,0,0,0,0,0,0,0,0,0,0,0,0,0,0,255,0.26,2.57621,0.26,-0.0984282,0.575302,1,1,1,1,0,1,1,-0.136744,-3.24568,0.157854,0.12573,-0.0128811,0.0685868,42.2531,9821,1,367,42.2161,2456,0,0.000884653,0.0318348,0.00771263,0,0,0,1,396,0.265,6.62725e-06,0.00530917,0.00140693,-1.75622e-06,0.00134679,-0.000257762,0.0764312,-0.000213382,-0.000786517,0.225738,-0.187822,0.0563667,-0.0177098,0.0275469,13.4236,1,0,0,0,0,0,-1,1,-9.04588e-07,-3.41782e-06,-0.189101,0,42.4806,1,1010,1010,1010,1010,0,0,0,0,0.182798,18,-0.296403,0.119424,32,-0.00679523,0.60262,34,0.0187823,0.471242,50,0.0880639,0.596276,55,0.00965102,0.596514,53,-0.0703606,0.587817,56,0.111701,0.5271,56,0.0126423,0.543814,42,-0.10257,0.545109
4709943196154,4709928208000,4709928208000,4709943187283,73729,14.9793,4709955364809,27.1568,0,10611,38832,0,0,1,0,0,0.00801,500,500,435,0.87,2.70176,4.68563,1.16562,0.283835,-0.0531616,4.30161,-0.00019047,0.00590157,0.062119,0.954389,1,0.736775,0.023779,-0.023779,0.736775,1,1,-0.0246727,0.737052,0.000893725,-0.000276698,0,0,0,0,0,0,0,0,0,0,0,0,0,0,0,0,0,0,0,0,0,0,0,255,0.26,5.78764,0.26,-0.086932,0.822432,1,1,1,1,1,1,1,-0.130702,-3.24652,0.157367,0.134439,-0.00995723,0.0535744,11.27,9822,1,367,54.8751,2456,0,0.000884653,0.0318348,0.00771263,0,0,0,1,435,0.265,-0.00016259,0.00499746,0.00132433,4.30863e-05,0.0012761,-0.000198286,0.0777073,-0.000411668,-0.000500556,0.225849,-0.187522,0.0314164,-0.0014665,0.0213437,12.4442,1,0,0,0,0,0,-1,1,-9.04587e-07,-3.41782e-06,-0.187043,0,0.238928,1,1010,1010,1010,1010,0,0,0,0,12.8655,34,-0.134609,0.23165,28,0.0328403,0.452116,48,0.0455008,0.489751,51,0.0976706,0.946475,55,-0.0587463,0.916749,56,-0.184847,0.86765,56,0.145321,0.809701,56,-0.0491443,0.790037,51,-0.210338,0.752506
4709955931573,4709936231000,4709936231000,4709955918888,73729,19.6879,4709967919708,31.6887,0,10611,38833,0,0,1,0,0,0.008023,500,500,374,0.748,2.55467,4.81293,0.780377,0.251168,-0.130264,4.63322,-0.000612053,0.00634986,-0.0765155,1.09736,1,0.791457,0.0762873,-0.0762873,0.791457,1,1,-0.070742,0.781416,-0.00554529,0.0100412,0,0,0,0,0,0,0,0,0,0,0,0,0,0,0,0,0,0,0,0,0,0,0,255,0.26,8.6189,0.26,-0.0764006,0.875768,1,1,1,1,0,1,1,-0.130702,-3.24652,0.157367,0.134439,-0.00995723,0.0535744,23.8468,9822,1,367,67.4521,2456,0,0.000884653,0.0318348,0.00771263,0,0,0,1,374,0.265,-0.000520106,0.00537675,0.00142484,0.000137828,0.00138966,-0.000121686,0.079097,-0.000533354,0.000499822,0.227456,-0.186307,0.0293633,0.0532185,0.0470027,12.3143,2,0,0,0,0,0,-1,1,-9.04587e-07,-3.41782e-06,-0.187043,0,12.8038,1,1010,1010,1010,1010,0,0,0,0,25.4304,25,-0.285424,0.230155,21,-0.0640502,0.117264,36,-0.00422183,0.548307,48,0.120028,0.983145,53,-0.0848213,0.992824,56,-0.25571,0.956649,47,0.108475,0.793472,56,-0.100944,0.835761,32,-0.2954,0.83064
4709968450880,4709956225000,4709956225000,4709968446176,73729,12.2212,4709983606634,27.3816,1,10612,38834,0,0,1,0,0,0.019994,500,500,335,0.67,2.58665,5.35004,0.987193,0.236002,-0.137665,10.4317,-0.000516614,0.0187476,-0.0680347,0.218776,1,0.937661,0.0258384,-0.0258384,0.937661,1,1,-0.0146255,0.921257,-0.0112129,0.0164036,0,0,0,0,0,0,0,0,0,0,0,0,0,0,0,0,0,0,0,0,0,0,0,255,0.26,0.843989,0.26,-0.0465805,0.76753,1,1,1,1,0,1,1,-0.130702,-3.24652,0.157367,0.134439,-0.00995723,0.0535744,39.5086,9822,1,367,83.1137,2456,0,0.000884653,0.0318348,0.00771263,0,0,0,1,335,0.265,-0.00043995,0.0158724,0.00420619,0.000116587,0.00404833,-0.000641068,0.0831453,-0.00117442,0.000988942,0.228261,-0.185497,0.0371144,0.0869389,0.0772343,15.4629,1,0,0,0,0,0,-1,1,-9.04587e-07,-3.41782e-06,-0.187043,0,28.442,1,1010,1010,1010,1010,0,0,0,0,41.0685,6,0.00623256,0.787817,21,0.00885059,0.892343,8,-0.0577747,0.965379,56,-0.0127171,0.962348,56,-0.0374682,0.952034,54,-0.0457005,0.957641,42,-0.0351779,0.951722,50,-0.0303128,0.941408,42,-0.0431671,0.953001
4709984095582,4709968204000,4709968204000,4709984084378,73729,15.8804,4709998051308,29.8473,0,10612,38835,0,0,1,0,0,0.011979,500,499,405,0.811623,2.55493,4.91345,0.826229,0.263947,-0.213593,5.06818,-0.000675128,0.00686907,-0.0132613,0.775535,1,0.573426,0.0563593,-0.0563593,0.573426,1,1,-0.0403513,0.556416,-0.0160081,0.0170098,0,0,0,0,0,0,0,0,0,0,0,0,0,0,0,0,0,0,0,0,0,0,0,255,0.26,6.34038,0.26,-0.074734,0.542559,1,1,1,1,0,1,1,-0.123786,-3.24723,0.15693,0.13816,-0.00772131,0.0434255,1.21368,9823,1,367,97.5533,2456,0,0.000884653,0.0318348,0.00771263,0,0,0,1,405,0.265,-0.000573726,0.00581666,0.00154142,0.000152037,0.00150299,-0.000124935,0.0846483,-0.00129936,0.00086569,0.231047,-0.183915,0.000314473,0.0901519,0.0681258,1.02206,3,0,0,0,0,0,-1,1,-9.04587e-07,-3.41782e-06,-0.183895,0,1.44238,1,1010,1010,1010,1010,0,0,0,0,1.44616,27,-0.19527,0.205524,29,0.0207152,0.250793,41,-0.0554493,0.352468,52,0.0800012,0.730277,51,-0.0654896,0.713639,46,-0.189381,0.683477,49,0.0894608,0.607154,56,-0.0757866,0.617796,54,-0.221354,0.600648
4709998532700,4709988206000,4709988206000,4709998528460,73729,10.3225,4710011512159,23.3062,1,10613,38836,0,0,1,0,0,0.020002,500,499,320,0.641283,2.58598,5.46729,0.910229,0.223094,-1.114,10.4747,-0.00204261,0.0191371,0.0141232,0.14881,1,0.956759,0.10212,-0.10212,0.956759,1,1,-0.0861711,0.939935,-0.015949,0.0168238,0,0,0,0,0,0,0,0,0,0,0,0,0,0,0,0,0,0,0,0,0,0,0,255,0.26,0.464985,0.26,-0.125072,0.70621,1,1,1,1,1,1,1,-0.123786,-3.24723,0.15693,0.13816,-0.00772131,0.0434255,14.6829,9823,1,367,111.022,2456,0,0.000884653,0.0318348,0.00771263,0,0,0,1,320,0.265,-0.00173404,0.0162012,0.00429332,0.00045952,0.00419288,-0.000312544,0.0888412,-0.0016119,0.00086569,0.231047,-0.183915,-0.0241864,0.089166,0.0482746,14.5078,0,0,0,0,0,0,-1,1,-9.04587e-07,-3.41782e-06,-0.183895,0,14.8915,1,1010,1010,1010,1010,0,0,0,0,14.8953,4,-0.131243,0.913616,12,-0.100755,0.941794,2,0,0,54,-0.0892664,0.976371,56,-0.104407,0.971657,53,-0.104407,0.952132,45,-0.101785,0.953166,47,-0.110543,0.957193,47,-0.117291,0.975636
4710012058960,4709996243000,4709996243000,4710012046830,73729,15.8038,4710023831630,27.5886,0,10613,38837,0,0,1,0,0,0.008037,496,496,370,0.745968,2.54685,4.64563,0.786136,0.250631,-0.697739,5.53976,-0.00135976,0.00990425,-0.0358938,0.321822,1,1.23233,0.169188,-0.169188,1.23233,1,1,-0.155227,1.20733,-0.013961,0.0249974,0,0,0,0,0,0,0,0,0,0,0,0,0,0,0,0,0,0,0,0,0,0,0,255,0.26,3.77059,0.26,-0.140969,0.959091,1,1,1,1,0,1,1,-0.123786,-3.24723,0.15693,0.13816,-0.00772131,0.0434255,27.0022,9823,1,367,123.342,2456,0,0.000884653,0.0318348,0.00771263,0,0,0,1,370,0.265,-0.00115411,0.00838658,0.00222244,0.000305839,0.00218146,-9.37386e-05,0.0910227,-0.00170564,0.000310175,0.233904,-0.183476,-0.0377826,0.132486,0.0289687,12.0878,2,0,0,0,0,0,-1,1,-9.04587e-07,-3.41782e-06,-0.183895,0,27.2412,1,1010,1010,1010,1010,0,0,0,0,27.245,10,-0.0633237,1.24261,12,-0.293647,1.3751,22,-0.0641279,1.06087,48,-0.150724,1.27016,56,-0.181631,1.27004,55,-0.187514,1.23388,55,-0.157097,1.24412,56,-0.18386,1.22332,56,-0.242647,1.27128
4710024353746,4710016233000,4710016233000,4710024349023,73729,8.11602,4710037773856,21.5409,1,10614,38838,0,0,1,0,0,0.01999,495,494,311,0.629555,2.55593,5.76208,1.10306,0.215872,-1.21631,11.4225,-0.0023934,0.0206842,-0.00938179,0.200511,1,1.03473,0.11973,-0.11973,1.03473,1,1,-0.107012,1.00811,-0.0127175,0.0266157,0,0,0,0,0,0,0,0,0,0,0,0,0,0,0,0,0,0,0,0,0,0,0,255,0.26,5.9154,0.26,-0.0722427,0.749876,1,1,1,1,0,1,1,-0.123786,-3.24723,0.15693,0.13816,-0.00772131,0.0434255,40.9461,9823,1,367,137.286,2456,0,0.000884653,0.0318348,0.00771263,0,0,0,1,311,0.265,-0.002032,0.0175109,0.00464039,0.00053848,0.00453522,-0.000292149,0.0955579,-0.00199779,0.00018258,0.235242,-0.183095,-0.026744,0.141063,0.032527,13.7398,1,0,0,0,0,0,-1,1,-9.04587e-07,-3.41782e-06,-0.183895,0,41.1504,1,1010,1010,1010,1010,0,0,0,0,41.1542,0,0,0,13,-0.0850563,1.0186,3,-0.0584871,0.932336,43,-0.105167,1.04342,55,-0.128876,1.04661,51,-0.12004,1.03694,47,-0.111947,1.03604,50,-0.119733,1.05663,49,-0.153022,1.04844
4710038263638,4710028206000,4710028206000,4710038250934,73729,10.0449,4710051844527,23.6385,0,10614,38839,0,0,1,0,0,0.011973,489,485,338,0.696907,2.54743,5.26088,0.801081,0.238299,-0.571091,5.61624,-0.00139572,0.00949651,-0.166792,0.367102,1,0.79316,0.116572,-0.116572,0.79316,1,1,-0.101353,0.763108,-0.0152189,0.0300527,0,0,0,0,0,0,0,0,0,0,0,0,0,0,0,0,0,0,0,0,0,0,0,255,0.26,-0.441299,0.26,-0.0479413,0.561599,1,1,1,1,0,1,1,-0.116544,-3.24791,0.155908,0.147543,-0.00881999,0.0390715,1.08532,9824,1,367,151.35,2456,0,0.000884653,0.0318348,0.00771263,0,0,0,1,338,0.265,-0.00118378,0.00804066,0.00213078,0.000313701,0.00209282,-6.73391e-05,0.0976507,-0.00206513,-0.000566058,0.238788,-0.182548,-0.0315228,0.159279,0.0393098,0.909267,2,0,0,0,0,0,-1,1,-9.04587e-07,-3.41782e-06,-0.18256,0,1.30055,1,1010,1010,1010,1010,0,0,0,0,1.30475,9,-0.000979207,0.814064,4,-0.13912,0.92237,26,0.0430313,0.484225,40,-0.0563106,0.837124,56,-0.123233,0.841487,45,-0.168118,0.848929,48,-0.0901474,0.790157,56,-0.145672,0.807416,54,-0.222898,0.827454
4710052326975,4710036224000,4710036224000,4710052315271,73729,16.0913,4710063518641,27.2946,0,10614,38840,0,0,1,0,0,0.008018,480,479,319,0.665971,2.54071,4.51328,0.755487,0.22515,-0.671112,5.8822,-0.00133489,0.0105603,0.0651042,0.271639,1,1.31707,0.166487,-0.166487,1.31707,1,1,-0.149773,1.28172,-0.0167138,0.0353522,0,0,0,0,0,0,0,0,0,0,0,0,0,0,0,0,0,0,0,0,0,0,0,255,0.26,3.44438,0.26,-0.128068,0.965147,1,1,1,1,1,1,1,-0.116544,-3.24791,0.155908,0.147543,-0.00881999,0.0390715,12.7619,9824,1,367,163.027,2456,0,0.000884653,0.0318348,0.00771263,0,0,0,1,319,0.265,-0.001133,0.00894209,0.00236965,0.000300245,0.00231757,-0.000122483,0.0999683,-0.00218761,-0.00134147,0.2406,-0.182535,-0.0627662,0.187367,0.0206534,11.4996,1,0,0,0,0,0,-1,1,-9.04587e-07,-3.41782e-06,-0.18256,0,12.9655,1,1010,1010,1010,1010,0,0,0,0,12.9697,15,-0.224938,1.28506,3,-0.161048,1.2272,7,-0.168963,1.35014,32,-0.109769,1.35997,55,-0.135393,1.33391,54,-0.183754,1.33218,41,-0.139111,1.34501,56,-0.16101,1.34443,56,-0.208359,1.30945
4710064065257,4710048200000,4710048200000,4710064053183,73729,15.8532,4710076454118,28.2541,0,10614,38841,0,0,1,0,0,0.011976,482,477,338,0.708595,2.52717,4.74408,0.729191,0.235779,-0.903381,6.00961,-0.00177351,0.0107442,-0.0272524,0.219839,1,0.897148,0.148089,-0.148089,0.897148,1,1,-0.129592,0.86352,-0.0184966,0.0336286,0,0,0,0,0,0,0,0,0,0,0,0,0,0,0,0,0,0,0,0,0,0,0,255,0.26,3.74349,0.26,-0.0995558,0.600827,1,1,1,1,0,1,1,-0.116544,-3.24791,0.155908,0.147543,-0.00881999,0.0390715,25.7006,9824,1,367,175.965,2456,0,0.000884653,0.0318348,0.00771263,0,0,0,1,338,0.265,-0.00150461,0.00909911,0.00241127,0.000398723,0.0023741,-3.28194e-05,0.102342,-0.00222043,-0.00240433,0.242288,-0.182553,-0.0878083,0.178231,0.00817878,12.751,1,0,0,0,0,0,-1,1,-9.04587e-07,-3.41782e-06,-0.18256,0,25.923,1,1010,1010,1010,1010,0,0,0,0,25.9272,12,-0.0901936,0.919183,3,-0.116431,0.944419,24,-0.0716347,0.753366,34,-0.109988,0.93053,55,-0.153482,0.912428,53,-0.177906,0.914511,45,-0.129382,0.926982,56,-0.15229,0.924853,56,-0.204092,0.914448
4710076949807,4710068204000,4710068204000,4710076944177,73729,8.74018,4710091243220,23.0392,1,10615,38842,0,0,1,0,0,0.020004,487,485,262,0.540206,2.55354,6.07559,1.22681,0.192168,-2.30682,11.886,-0.00389471,0.0211666,0.0589784,0.24519,1,1.05812,0.194697,-0.194697,1.05812,1,1,-0.173019,1.02866,-0.0216775,0.0294651,0,0,0,0,0,0,0,0,0,0,0,0,0,0,0,0,0,0,0,0,0,0,0,255,0.26,7.43575,0.26,-0.118121,0.700623,1,1,1,1,0,1,1,-0.116544,-3.24791,0.155908,0.147543,-0.00881999,0.0390715,40.49,9824,1,367,190.754,2456,0,0.000884653,0.0318348,0.00771263,0,0,0,1,262,0.265,-0.00330217,0.0179181,0.00474831,0.000875075,0.00468964,2.36686e-05,0.107032,-0.00219676,-0.00367699,0.243608,-0.182647,-0.112786,0.156165,0.00168408,14.6227,1,0,0,0,0,0,-1,1,-9.04587e-07,-3.41782e-06,-0.18256,0,40.676,1,1010,1010,1010,1010,0,0,0,0,40.6802,8,-0.178041,1.00121,4,-0.116248,0.825271,2,0,0,37,-0.173623,1.0718,54,-0.202212,1.07785,12,-0.23908,1.07499,44,-0.171422,1.08473,54,-0.20656,1.0773,47,-0.244799,1.05497
4710091715687,4710076223000,4710076223000,4710091701632,73729,15.4786,4710104867888,28.6449,0,10615,38843,0,0,1,0,0,0.008019,489,488,350,0.717213,2.64635,5.74851,0.872025,0.296484,-1.18895,5.48721,-0.00171628,0.00828738,0.362292,0.859483,1,1.03347,0.214027,-0.214027,1.03347,1,1,-0.193804,1.00958,-0.0202231,0.0238885,0,0,0,0,0,0,0,0,0,0,0,0,0,0,0,0,0,0,0,0,0,0,0,255,0.26,2.1837,0.26,-0.138206,0.840669,1,1,1,1,0,1,1,-0.109343,-3.24879,0.154414,0.145438,-0.016729,0.0469052,3.89496,9825,1,367,3.80181,2457,0,0.000884653,0.0283011,0.0138721,0,0,0,1,350,0.265,-0.00145698,0.00701723,0.00185957,0.000386098,0.00184304,5.07735e-05,0.108875,-0.00214599,-0.00652003,0.246232,-0.183426,-0.13221,0.126609,-0.0200221,3.70505,2,0,0,0,0,0,-1,1,-9.04587e-07,-3.41782e-06,-0.183574,0,4.10963,1,1010,1010,1010,1010,0,0,0,0,4.11581,26,-0.387557,0.378694,11,-0.0650301,0.98164,15,0.338281,0.748746,39,-0.110517,1.28241,56,-0.228796,1.17815,48,-0.412111,1.09101,51,-0.0402204,1.12694,55,-0.174182,1.04024,49,-0.364252,0.973356
4710105343429,4710096228000,4710096228000,4710105338799,73729,9.1108,4710118998393,22.7704,1,10616,38844,0,0,1,0,0,0.020005,491,490,301,0.614286,2.51685,6.20488,0.946063,0.248705,-2.28238,11.5805,-0.00406662,0.020824,0.0728582,0.206412,1,1.04094,0.20328,-0.20328,1.04094,1,1,-0.187422,1.0132,-0.0158583,0.027746,0,0,0,0,0,0,0,0,0,0,0,0,0,0,0,0,0,0,0,0,0,0,0,255,0.26,4.42969,0.26,-0.0578816,0.729209,1,1,1,1,1,1,1,-0.109343,-3.24879,0.154414,0.145438,-0.016729,0.0469052,18.0512,9825,1,367,17.9582,2457,0,0.000884653,0.0283011,0.0138721,0,0,0,1,301,0.265,-0.00345101,0.0176337,0.00467293,0.000914518,0.0046194,7.09253e-05,0.113494,-0.00207506,-0.00789353,0.247711,-0.183907,-0.135684,0.147054,-0.0413081,13.9615,1,0,0,0,0,0,-1,1,-9.04587e-07,-3.41782e-06,-0.183574,0,18.2531,1,1010,1010,1010,1010,0,0,0,0,18.2593,8,-0.192434,0.968395,3,-0.128705,1.04058,5,-0.20359,1.0311,39,-0.192646,1.04945,56,-0.206103,1.0626,50,-0.215377,1.04308,41,-0.185698,1.06377,50,-0.197736,1.05113,49,-0.228805,1.04374
4710119550231,4710108196000,4710108196000,4710119537434,73729,11.3414,4710132645616,24.4496,0,10616,38845,0,0,1,0,0,0.011968,483,483,363,0.751553,2.54156,4.71363,0.941174,0.25754,-0.92157,5.78394,-0.00177523,0.00999094,0.00366209,0.322394,1,0.834805,0.148331,-0.148331,0.834805,1,1,-0.131911,0.804736,-0.0164198,0.0300688,0,0,0,0,0,0,0,0,0,0,0,0,0,0,0,0,0,0,0,0,0,0,0,255,0.26,-0.44067,0.26,0.0183679,0.591153,1,1,1,1,0,1,1,-0.109343,-3.24879,0.154414,0.145438,-0.016729,0.0469052,31.676,9825,1,367,31.5829,2457,0,0.000884653,0.0283011,0.0138721,0,0,0,1,363,0.265,-0.00150655,0.00846125,0.00224223,0.000399236,0.00220832,-5.12338e-06,0.115703,-0.00208019,-0.0090776,0.249436,-0.184099,-0.125776,0.159365,-0.031001,13.4206,1,0,0,0,0,0,-1,1,-9.04587e-07,-3.41782e-06,-0.183574,0,31.895,1,1010,1010,1010,1010,0,0,0,0,31.9012,10,-0.105046,0.840065,18,-0.0750414,0.833295,26,-0.047957,0.649605,37,-0.103025,0.84986,54,-0.147538,0.872351,56,-0.182781,0.854201,50,-0.12805,0.855521,56,-0.153965,0.87191,56,-0.216887,0.857874
4710133156546,4710128200000,4710128200000,4710133151157,73729,4.95116,4710145742112,17.5421,1,10617,38846,0,0,1,0,0,0.020004,490,489,290,0.593047,2.56315,6.45342,0.985323,0.20739,-1.68312,12.6175,-0.0031197,0.0230767,0.00128195,0.163468,1,1.1536,0.155954,-0.155954,1.1536,1,1,-0.13782,1.11513,-0.0181339,0.0384714,0,0,0,0,0,0,0,0,0,0,0,0,0,0,0,0,0,0,0,0,0,0,0,255,0.26,2.98606,0.26,-0.00307345,0.777688,1,1,1,2,0,1,1,-0.109343,-3.24879,0.154414,0.145438,-0.016729,0.0469052,44.7739,9825,1,367,44.6807,2457,0,0.000884653,0.0283011,0.0138721,0,0,0,1,290,0.265,-0.00264862,0.0195383,0.00517764,0.000701884,0.00505334,-0.000227874,0.120756,-0.00230806,-0.0108812,0.254035,-0.184258,-0.0988359,0.203898,-0.00218109,12.888,2,0,0,0,0,0,-1,1,-9.04587e-07,-3.41782e-06,-0.184765,0,0.126667,1,1010,1010,1010,1010,0,0,0,0,0.131056,2,0,0,6,-0.156381,1.15143,2,0,0,35,-0.141939,1.1547,55,-0.160222,1.16195,43,-0.155391,1.13554,45,-0.149893,1.17192,53,-0.156026,1.17979,49,-0.167917,1.17296
4710146206671,4710136215000,4710136215000,4710146194875,73729,9.97987,4710158315123,22.1001,0,10617,38847,0,0,1,0,0,0.008015,484,481,322,0.669439,2.53554,5.22462,1.00027,0.255372,-0.70607,6.40431,-0.00158844,0.0109821,-0.0472458,0.535517,1,1.37019,0.198183,-0.198183,1.37019,1,1,-0.183912,1.3259,-0.0142716,0.0442822,0,0,0,0,0,0,0,0,0,0,0,0,0,0,0,0,0,0,0,0,0,0,0,255,0.27,5.53179,0.27,0.071323,1.44562,1,1,1,2,0,1,1,-0.102061,-3.24993,0.153385,0.146589,-0.0201746,0.0540452,12.5217,9826,1,367,57.2643,2457,0,0.000884653,0.0283011,0.0138721,0,0,0,1,322,0.275,-0.00134906,0.00929971,0.00255742,0.000370992,0.00249873,-8.89423e-05,0.123255,-0.002397,-0.011698,0.256517,-0.184498,-0.0813456,0.243552,-0.00228131,12.3158,1,0,0,0,0,0,-1,1,-9.04587e-07,-3.41782e-06,-0.184765,0,12.7213,1,1010,1010,1010,1010,0,0,0,0,12.7257,5,-0.5013,0.738882,8,-0.0727348,1.37273,21,-0.0411634,1.21222,26,-0.0960587,1.44154,54,-0.201817,1.43297,55,-0.253531,1.37606,46,-0.105246,1.4025,56,-0.189377,1.42466,51,-0.293096,1.41367
4710158777127,4710148194000,4710148194000,4710158767941,73729,10.5739,4710171519935,23.3259,0,10617,38848,0,0,1,0,0,0.011979,498,491,306,0.623218,2.56974,5.16897,0.927063,0.221521,-0.563049,6.40916,-0.00120344,0.0113285,-0.0684803,0.262723,1,0.9457,0.100462,-0.100462,0.9457,1,1,-0.0909819,0.902292,-0.00948052,0.0434078,0,0,0,0,0,0,0,0,0,0,0,0,0,0,0,0,0,0,0,0,0,0,0,255,0.27,7.90956,0.27,0.0588162,0.796681,1,1,1,1,1,1,1,-0.102061,-3.24993,0.153385,0.146589,-0.0201746,0.0540452,25.7175,9826,1,367,70.4602,2457,0,0.000884653,0.0283011,0.0138721,0,0,0,1,306,0.275,-0.00102221,0.00959161,0.00263769,0.000281108,0.0025572,-0.000192218,0.125812,-0.00258922,-0.0124087,0.25879,-0.184857,-0.0703211,0.238743,-0.0145426,12.9843,1,0,0,0,0,0,-1,1,-9.04587e-07,-3.41782e-06,-0.184765,0,25.9208,1,1010,1010,1010,1010,0,0,0,0,25.9252,0,0,0,9,-0.0917573,1.13932,16,0.0556236,0.872077,23,-0.0750598,0.974302,52,-0.0843596,0.936865,53,-0.123255,0.942591,42,-0.0942556,0.931676,56,-0.107087,0.963028,55,-0.147605,0.947684
4710172083439,4710156237000,4710156237000,4710172071458,73729,15.8345,4710183685146,27.4481,0,10617,38849,0,0,1,0,0,0.008043,477,469,324,0.690832,2.49063,4.82152,0.802877,0.238539,-0.422127,5.99355,-0.000962386,0.00862195,0.28052,1.0996,1,1.07198,0.119655,-0.119655,1.07198,1,1,-0.117504,1.04178,-0.00215146,0.0302033,0,0,0,0,0,0,0,0,0,0,0,0,0,0,0,0,0,0,0,0,0,0,0,255,0.27,1.27723,0.27,-0.017791,0.844833,1,1,1,1,0,1,1,-0.102061,-3.24993,0.153385,0.146589,-0.0201746,0.0540452,37.8834,9826,1,367,82.6263,2457,0,0.000884653,0.0283011,0.0138721,0,0,0,1,324,0.275,-0.000819208,0.00730037,0.0020076,0.000225282,0.00194702,-0.000136669,0.127759,-0.00272589,-0.0134605,0.261118,-0.185748,-0.051143,0.166118,-0.031448,11.9514,2,0,0,0,0,0,-1,1,-9.04587e-07,-3.41782e-06,-0.184765,0,38.0895,1,1010,1010,1010,1010,0,0,0,0,38.0938,18,-0.424861,0.543745,11,-0.185595,0.147021,15,0.0298962,0.92409,14,0.11255,1.2628,53,-0.0530563,1.24207,52,-0.266778,1.19816,49,0.10381,1.13224,56,-0.0246281,1.14161,56,-0.278007,1.05106
4710184176002,4710164227000,4710164227000,4710184165205,73729,19.9382,4710196307749,32.0807,0,10617,38850,0,0,1,0,0,0.00799,478,463,307,0.663067,2.50609,4.78209,0.8351,0.226113,-0.323059,5.07761,-0.00125418,0.00660771,0.184975,1.48593,1,0.826998,0.156969,-0.156969,0.826998,1,1,-0.161595,0.816367,0.00462599,0.0106312,0,0,0,0,0,0,0,0,0,0,0,0,0,0,0,0,0,0,0,0,0,0,0,255,0.27,3.17273,0.27,0.00106275,0.698544,1,1,1,1,0,1,1,-0.102061,-3.24993,0.153385,0.146589,-0.0201746,0.0540452,50.5017,9826,1,367,95.2444,2457,0,0.000884653,0.0283011,0.0138721,0,0,0,1,307,0.275,-0.00106455,0.00559521,0.00153868,0.000292753,0.00151395,1.26142e-05,0.129273,-0.00271328,-0.013765,0.26124,-0.186239,-0.0308765,0.0584719,-0.0450555,12.418,1,0,0,0,0,0,-1,1,-9.04587e-07,-3.41782e-06,-0.186946,0,0.199872,1,1010,1010,1010,1010,0,0,0,0,0.203686,23,-0.440602,0.510421,19,-0.22273,0.19164,28,0.00432678,0.631277,26,0.220848,1.06985,54,-0.0514899,1.02308,52,-0.390072,0.994543,7,0.189198,0.884949,49,-0.0401868,0.898414,49,-0.349794,0.791568
4710196815476,4710184243000,4710184243000,4710196806716,73729,12.5637,4710210637663,26.3947,1,10618,38851,0,0,1,0,0,0.020016,476,464,221,0.476293,2.512,6.38161,1.63407,0.208779,-0.215881,8.89163,-0.00100719,0.0119623,-0.0263599,0.802168,1,0.597635,0.0503192,-0.0503192,0.597635,1,1,-0.0587247,0.600509,0.00840549,-0.00287357,0,0,0,0,0,0,0,0,0,0,0,0,0,0,0,0,0,0,0,0,0,0,0,255,0.27,4.52117,0.27,0.0338163,0.488027,1,1,1,2,0,1,1,-0.0953914,-3.25112,0.152904,0.123348,-0.0224734,0.0640061,14.3835,9827,1,367,109.64,2457,0,0.000884653,0.0283011,0.0138721,0,0,0,1,221,0.275,-0.000855249,0.0101288,0.00278542,0.000235193,0.00268748,-0.000268144,0.13196,-0.00298142,-0.0138065,0.260555,-0.18663,-0.011845,-0.0158046,-0.0464601,14.1515,1,0,0,0,0,0,-1,1,-9.04587e-07,-3.41782e-06,-0.186946,0,14.5756,1,1010,1010,1010,1010,0,0,0,0,14.5794,1,0,0,18,-0.0406625,0.0856564,3,-0.0486642,0.120375,28,0.102803,0.697226,33,-0.0455649,0.686867,17,-0.142779,0.686353,25,0.0754794,0.636251,52,-0.0372941,0.62995,44,-0.202569,0.65716
4710211294391,4710196219000,4710196219000,4710211278742,73729,15.0597,4710223869624,27.6506,0,10618,38852,0,0,1,0,0,0.011976,455,447,405,0.90604,2.51132,4.13607,0.63669,0.269946,0.253632,3.21573,0.000243355,0.00384965,0.103281,0.709384,1,0.321447,-0.0203202,0.0203202,0.321447,1,1,0.00952924,0.342193,0.010791,-0.0207459,0,0,0,0,0,0,0,0,0,0,0,0,0,0,0,0,0,0,0,0,0,0,0,255,0.27,-0.164816,0.27,0.0657105,0.341463,1,1,1,1,1,1,1,-0.0953914,-3.25112,0.152904,0.123348,-0.0224734,0.0640061,27.5514,9827,1,367,122.808,2457,0,0.000884653,0.0283011,0.0138721,0,0,0,1,405,0.275,0.000204815,0.00325972,0.000896424,-5.63241e-05,0.000841436,-0.00021596,0.132802,-0.00319738,-0.0124771,0.258232,-0.186357,0.0397871,-0.114102,-0.0156505,11.4257,2,0,0,0,0,0,-1,1,-9.04587e-07,-3.41782e-06,-0.186946,0,27.7929,1,1010,1010,1010,1010,0,0,0,0,27.7967,40,-0.108616,0.186229,30,0.0519502,0.075064,40,0.0415129,0.269415,21,0.168551,0.441633,54,0.0162514,0.411893,55,-0.0703963,0.410849,54,0.166634,0.346146,56,0.072373,0.354744,55,-0.084697,0.337435
4710224460110,4710216214000,4710216214000,4710224452573,73729,8.23857,4710237094306,20.8803,1,10619,38853,0,0,1,0,0,0.019995,456,447,272,0.608501,2.45728,5.66656,0.956508,0.191224,1.18608,6.6669,0.00196819,0.0113231,-0.00964698,0.259242,1,0.566297,-0.0984341,0.0984341,0.566297,1,1,0.0899249,0.580168,0.0085092,-0.0138715,0,0,0,0,0,0,0,0,0,0,0,0,0,0,0,0,0,0,0,0,0,0,0,255,0.27,2.87052,0.27,0.0841677,0.574934,1,1,1,1,0,1,1,-0.0953914,-3.25112,0.152904,0.123348,-0.0224734,0.0640061,40.7767,9827,1,367,136.033,2457,0,0.000884653,0.0283011,0.0138721,0,0,0,1,272,0.275,0.00166563,0.00958356,0.00263548,-0.000458049,0.00242096,-0.000921627,0.135223,-0.00411901,-0.0114414,0.257927,-0.186002,0.0823961,-0.0762934,0.0284764,13.0344,1,0,0,0,0,0,-1,1,-9.04587e-07,-3.41782e-06,-0.186946,0,40.9735,1,1010,1010,1010,1010,0,0,0,0,40.9773,0,0,0,0,0,0,0,0,0,21,0.101553,0.58626,54,0.089687,0.576172,49,0.0993018,0.570058,42,0.0979375,0.578183,55,0.0965051,0.584602,51,0.0961793,0.588105
4710237552791,4710224243000,4710224243000,4710237542921,73729,13.2999,4710248968200,24.7252,0,10619,38854,0,0,1,0,0,0.008029,445,441,339,0.768707,2.50495,4.74519,0.780358,0.23278,0.703674,3.74994,0.00102172,0.00461374,0.0350189,1.04306,1,0.574635,-0.127254,0.127254,0.574635,1,1,0.115032,0.582265,0.0122212,-0.00762979,0,0,0,0,0,0,0,0,0,0,0,0,0,0,0,0,0,0,0,0,0,0,0,255,0.27,5.52179,0.27,0.0694077,0.808382,1,1,1,1,0,1,1,-0.089289,-3.25246,0.153118,0.118515,-0.0236016,0.0641336,1.67474,9828,1,367,147.902,2457,0,0.000884653,0.0283011,0.0138721,0,0,0,1,339,0.275,0.000865363,0.00390726,0.0010745,-0.000237975,0.000978109,-0.000425334,0.136201,-0.00454434,-0.00875533,0.257127,-0.185184,0.111996,-0.0419638,0.0358238,1.49903,2,0,0,0,0,0,-1,1,-9.04587e-07,-3.41782e-06,-0.185384,0,1.88413,1,1010,1010,1010,1010,0,0,0,0,1.88857,35,0.0240339,0.248652,23,0.103257,0.127713,8,0.0368606,0.23479,18,0.325919,0.740521,54,0.158937,0.725733,38,-0.00557731,0.707101,51,0.326065,0.588595,56,0.187725,0.656638,56,-0.00572765,0.628171
4710249455445,4710236212000,4710236212000,4710249444352,73729,13.2324,4710261632563,25.4206,0,10619,38855,0,0,1,0,0,0.011969,445,443,386,0.871332,2.51513,4.3062,0.664969,0.259947,0.962105,3.48901,0.00147624,0.00431939,0.0841048,0.722194,1,0.360882,-0.123338,0.123338,0.360882,1,1,0.110281,0.367846,0.0130576,-0.00696384,0,0,0,0,0,0,0,0,0,0,0,0,0,0,0,0,0,0,0,0,0,0,0,255,0.27,7.53821,0.27,0.034074,0.499344,1,1,1,1,0,1,1,-0.089289,-3.25246,0.153118,0.118515,-0.0236016,0.0641336,14.3447,9828,1,367,160.572,2457,0,0.000884653,0.0283011,0.0138721,0,0,0,1,386,0.275,0.00125059,0.00365728,0.00100575,-0.000343912,0.000893488,-0.000517258,0.137094,-0.0050616,-0.00875533,0.257127,-0.185184,0.120625,-0.0383011,0.0390469,14.1412,0,0,0,0,0,0,-1,1,-9.04587e-07,-3.41782e-06,-0.185384,0,14.5745,1,1010,1010,1010,1010,0,0,0,0,14.579,22,0.00663081,0.136256,27,0.0130419,0.0885847,50,0.173029,0.295932,14,0.251061,0.458713,53,0.128089,0.43502,56,0.017827,0.458156,53,0.267759,0.403947,56,0.172755,0.41376,55,0.019165,0.367403
4710262133734,4710244249000,4710244249000,4710262122993,73729,17.874,4710273314511,29.0655,0,10619,38856,0,0,1,0,0,0.008037,449,441,368,0.834467,2.51813,4.2619,0.651617,0.248243,0.949249,3.65202,0.00120638,0.0046835,-0.0382477,1.04134,1,0.582742,-0.150103,0.150103,0.582742,1,1,0.136599,0.584919,0.0135038,-0.00217709,0,0,0,0,0,0,0,0,0,0,0,0,0,0,0,0,0,0,0,0,0,0,0,255,0.26,-0.130927,0.26,0.0191273,0.519672,1,1,1,1,1,1,1,-0.089289,-3.25246,0.153118,0.118515,-0.0236016,0.0641336,26.0247,9828,1,367,172.252,2457,0,0.000884653,0.0283011,0.0138721,0,0,0,1,368,0.265,0.00102187,0.0039651,0.00105075,-0.000270796,0.000949804,-0.00045246,0.138044,-0.00551406,-0.00601421,0.257128,-0.184248,0.134067,-0.0115386,0.0499973,10.1353,2,0,0,0,0,0,-1,1,-9.04587e-07,-3.41782e-06,-0.185384,0,26.2435,1,1010,1010,1010,1010,0,0,0,0,26.2479,21,-0.123887,0.177692,16,-0.236716,0.0898995,38,0.189895,0.571879,21,0.390401,0.701457,51,0.165934,0.689809,56,0.0515058,0.736601,54,0.361585,0.616128,56,0.221154,0.633169,55,0.00179128,0.616637
4710273883182,4710264231000,4710264231000,4710273874052,73729,9.64305,4710287169569,22.9386,1,10620,38857,0,0,1,0,0,0.019982,446,442,287,0.649321,2.49076,5.04219,1.37292,0.210205,1.81845,7.85208,0.00230814,0.0113615,-0.017689,0.707624,1,0.568586,-0.115511,0.115511,0.568586,1,1,0.101246,0.576452,0.0142653,-0.00786647,0,0,0,0,0,0,0,0,0,0,0,0,0,0,0,0,0,0,0,0,0,0,0,255,0.26,1.47723,0.26,-0.0907971,0.354103,1,1,1,1,0,1,1,-0.089289,-3.25246,0.153118,0.118515,-0.0236016,0.0641336,39.8831,9828,1,367,186.11,2457,0,0.000884653,0.0283011,0.0138721,0,0,0,1,287,0.265,0.00195371,0.00961832,0.00254885,-0.000517733,0.00232988,-0.000960619,0.140374,-0.00647468,-0.00504185,0.256083,-0.184159,0.11043,-0.0416923,0.0278592,13.6651,1,0,0,0,0,0,-1,1,-9.04587e-07,-3.41782e-06,-0.185384,0,40.0817,1,1010,1010,1010,1010,0,0,0,0,40.0861,9,-0.254994,0.252,9,-0.0530044,0.127426,19,0.149394,0.560438,7,0.246539,0.629164,52,0.126555,0.625095,49,0.0694365,0.641976,43,0.242791,0.539416,53,0.172235,0.590537,46,0.0393527,0.57086
4710287643221,4710276214000,4710276214000,4710287632406,73729,11.4184,4710300618753,24.4048,0,10620,38858,0,0,1,0,0,0.011983,445,441,363,0.823129,2.47808,4.62396,0.754525,0.244187,0.810211,2.67352,0.00120599,0.00341926,0.136729,0.61303,1,0.285343,-0.100642,0.100642,0.285343,1,1,0.0837635,0.31913,0.0168783,-0.0337872,0,0,0,0,0,0,0,0,0,0,0,0,0,0,0,0,0,0,0,0,0,0,0,255,0.26,5.08315,0.26,-0.0289013,0.342274,1,1,1,1,0,1,1,-0.0836599,-3.25384,0.152498,0.0996239,-0.0178325,0.0642459,2.80624,9829,1,367,199.553,2457,0,0.000884653,0.0283011,0.0138721,0,0,0,1,363,0.265,0.00102186,0.00289607,0.000767459,-0.000270793,0.000681411,-0.000402265,0.141056,-0.00687694,-0.00340353,0.251671,-0.184014,0.0924611,-0.179072,0.0024047,2.62254,2,0,0,0,0,0,-1,1,-9.04587e-07,-3.41782e-06,-0.184092,0,3.02027,1,1010,1010,1010,1010,0,0,0,0,3.02475,44,0.0632943,0.187785,18,-0.00543458,0.149564,46,0.0955881,0.29958,9,0.21068,0.355608,53,0.125101,0.369203,56,0.0325615,0.317737,25,0.210851,0.318168,56,0.163016,0.312415,56,0.0547349,0.261845
4710301109294,4710284235000,4710284235000,4710301096480,73729,16.8615,4710312248664,28.0137,0,10620,38859,0,0,1,0,0,0.008021,445,444,421,0.948198,2.49617,4.0252,0.660302,0.277854,0.674469,1.65756,0.00113561,0.00154316,0.08985,0.881548,1,0.19239,-0.14158,0.14158,0.19239,1,1,0.125422,0.23314,0.0161586,-0.0407497,0,0,0,0,0,0,0,0,0,0,0,0,0,0,0,0,0,0,0,0,0,0,0,255,0.26,7.04322,0.26,0.0312301,0.340913,1,1,1,1,0,1,1,-0.0836599,-3.25384,0.152498,0.0996239,-0.0178325,0.0642459,14.4447,9829,1,367,11.6333,2458,0,0.000884653,0.0253465,0.0152726,0,0,0,1,421,0.265,0.000962378,0.00130569,0.000346008,-0.00025503,0.000282999,-0.00031208,0.141339,-0.00718902,-0.00340353,0.251671,-0.184014,0.0846346,-0.215973,-0.000804642,14.2235,0,0,0,0,0,0,-1,1,-9.04587e-07,-3.41782e-06,-0.184092,0,14.6958,1,1010,1010,1010,1010,0,0,0,0,14.7003,47,0.0637301,0.0337441,27,-0.0653718,-0.118227,54,0.207075,0.224445,13,0.247426,0.313986,56,0.144741,0.300449,56,0.0542278,0.271231,56,0.342811,0.215475,56,0.189525,0.231353,56,0.0351675,0.192775
4710312778261,4710304228000,4710304228000,4710312773186,73729,8.54519,4710324625710,20.3977,1,10621,38860,0,0,1,0,0,0.019993,454,450,264,0.586667,2.50767,4.6733,1.01136,0.213946,0.751488,4.34267,0.000738294,0.00613169,-0.00198686,0.535083,1,0.306692,-0.0369276,0.0369276,0.306692,1,1,0.027751,0.339982,0.0091766,-0.0332903,0,0,0,0,0,0,0,0,0,0,0,0,0,0,0,0,0,0,0,0,0,0,0,255,0.26,-0.261631,0.26,-0.0324905,0.517092,1,1,1,1,1,1,1,-0.0836599,-3.25384,0.152498,0.0996239,-0.0178325,0.0642459,26.8149,9829,1,367,24.0034,2458,0,0.000884653,0.0253465,0.0152726,0,0,0,1,264,0.265,0.000624539,0.00518975,0.00137528,-0.000165503,0.00128026,-0.000406374,0.142619,-0.0075954,-0.00249599,0.249006,-0.183829,0.0487111,-0.176439,6.01485e-05,12.1072,2,0,0,0,0,0,-1,1,-9.04587e-07,-3.41782e-06,-0.184092,0,26.9984,1,1010,1010,1010,1010,0,0,0,0,27.0028,9,-0.28982,0.164007,1,0,0,31,0.146043,0.281282,22,0.133843,0.337264,53,0.0303818,0.346806,50,-0.00957086,0.340921,22,0.149644,0.288637,33,0.0433039,0.294956,43,-0.00832138,0.30047
4710325142158,4710316214000,4710316214000,4710325129862,73729,8.91586,4710339030420,22.8164,0,10621,38861,0,0,1,0,0,0.011986,447,446,347,0.778027,2.49022,4.15248,0.783062,0.236521,0.345245,2.99884,0.000479022,0.00460755,-0.00939383,0.353897,1,0.384411,-0.0399651,0.0399651,0.384411,1,1,0.0384878,0.40404,0.0014773,-0.0196293,0,0,0,0,0,0,0,0,0,0,0,0,0,0,0,0,0,0,0,0,0,0,0,255,0.26,1.95335,0.26,-0.0079447,0.574854,1,1,1,1,0,1,1,-0.0836599,-3.25384,0.152498,0.0996239,-0.0178325,0.0642459,41.2239,9829,1,367,38.4123,2458,0,0.000884653,0.0253465,0.0152726,0,0,0,1,347,0.265,0.000405171,0.00390136,0.00103386,-0.00010737,0.000965891,-0.000288265,0.143585,-0.00788366,-0.00201277,0.248113,-0.183308,0.040543,-0.104035,0.0261706,14.2167,1,0,0,0,0,0,-1,1,-9.04587e-07,-3.41782e-06,-0.184092,0,41.4365,1,1010,1010,1010,1010,0,0,0,0,41.441,3,-0.0997476,0.383499,0,0,0,45,0.118651,0.347385,20,0.093079,0.401572,55,0.0284857,0.42355,56,-0.00331618,0.430864,56,0.085811,0.381086,56,0.0357917,0.39418,56,-0.00357418,0.396734
4710339499498,4710324234000,4710324234000,4710339490295,73729,15.2563,4710351895119,27.6611,0,10621,38862,0,0,1,0,0,0.00802,445,442,365,0.825792,2.48574,5.61225,0.687524,0.241224,0.185242,2.94913,-4.90739e-05,0.00385633,-0.0366169,0.858282,1,0.480839,0.00611894,-0.00611894,0.480839,1,1,0.00310485,0.492599,-0.00922379,-0.0117603,0,0,0,0,0,0,0,0,0,0,0,0,0,0,0,0,0,0,0,0,0,0,0,255,0.26,6.1412,0.26,-0.00146571,0.6922,1,1,1,1,0,1,1,-0.0780618,-3.25506,0.15222,0.114711,-0.0171293,0.0680066,3.86535,9830,1,367,51.2729,2458,0,0.000884653,0.0253465,0.0152726,0,0,0,1,365,0.265,-4.22471e-05,0.00326529,0.000865303,1.11955e-05,0.000827131,-0.000140938,0.144412,-0.0080246,-0.00151906,0.247278,-0.182116,0.0221956,-0.0623298,0.0568653,3.67551,2,0,0,0,0,0,-1,1,-9.04586e-07,-3.41782e-06,-0.182151,0,4.097,1,1010,1010,1010,1010,0,0,0,0,4.10124,10,-0.218865,0.167802,24,-0.0743123,0.0361216,38,0.0545124,0.551633,15,0.154731,0.551627,55,-0.018425,0.590889,56,-0.0856098,0.560582,55,0.169704,0.529978,56,0.01981,0.529262,56,-0.101831,0.498099
4710352399326,4710344230000,4710344230000,4710352393086,73729,8.16309,4710362920135,18.6901,1,10622,38863,0,0,1,0,0,0.019996,447,446,290,0.650224,2.47267,4.69337,0.801469,0.215743,-0.123199,6.98833,-0.000717248,0.0116002,-0.0390883,0.344908,1,0.580128,0.0358696,-0.0358696,0.580128,1,1,-0.0246564,0.589001,-0.0112132,-0.00887279,0,0,0,0,0,0,0,0,0,0,0,0,0,0,0,0,0,0,0,0,0,0,0,255,0.26,8.88909,0.26,-0.0546623,0.618058,1,1,1,2,0,1,1,-0.0780618,-3.25506,0.15222,0.114711,-0.0171293,0.0680066,14.8955,9830,1,367,62.303,2458,0,0.000884653,0.0253465,0.0152726,0,0,0,1,290,0.265,-0.00061167,0.00982038,0.0026024,0.000162092,0.00251081,-0.000297564,0.146923,-0.00832217,-0.00151906,0.247278,-0.182116,0.0152612,-0.0470258,0.0597529,14.7241,0,0,0,0,0,0,-1,1,-9.04586e-07,-3.41782e-06,-0.182151,0,15.0857,1,1010,1010,1010,1010,0,0,0,0,15.09,5,-0.378003,0.397048,0,0,0,10,0.0339513,0.544719,21,0.00894722,0.602104,53,-0.0335272,0.598045,52,-0.0462733,0.589039,48,0.000638423,0.578269,50,-0.024683,0.591634,51,-0.0634178,0.588541
4710363379157,4710356213000,4710356213000,4710363368898,73729,7.1559,4710375927834,19.7148,0,10622,38864,0,0,1,0,0,0.011983,449,448,372,0.830357,2.48698,4.08411,0.725858,0.259836,-0.372452,3.58203,-0.000796586,0.00450456,0.0155677,0.754568,1,0.375913,0.0664764,-0.0664764,0.375913,1,1,-0.0547679,0.379061,-0.0117084,-0.00314847,0,0,0,0,0,0,0,0,0,0,0,0,0,0,0,0,0,0,0,0,0,0,0,255,0.26,-0.455837,0.26,-0.0683629,0.481991,1,1,1,1,1,1,1,-0.0780618,-3.25506,0.15222,0.114711,-0.0171293,0.0680066,27.9001,9830,1,367,75.3079,2458,0,0.000884653,0.0253465,0.0152726,0,0,0,1,372,0.265,-0.000676753,0.00381431,0.00101079,0.00017934,0.000996292,-5.80442e-07,0.147919,-0.00832275,-0.00188394,0.247057,-0.181576,-0.0152517,-0.0166869,0.0374425,12.769,2,0,0,0,0,0,-1,1,-9.04586e-07,-3.41782e-06,-0.182151,0,28.1369,1,1010,1010,1010,1010,0,0,0,0,28.1412,40,-0.178904,0.220367,15,-0.0451327,0.0984367,34,0.0169782,0.299411,24,0.0525259,0.435714,56,-0.0636142,0.450705,41,-0.145385,0.469577,56,0.0851008,0.410429,56,-0.0715952,0.390738,50,-0.17717,0.386803
4710376495802,4710364226000,4710364226000,4710376484283,73729,12.2583,4710387589263,23.3633,0,10622,38865,0,0,1,0,0,0.008013,445,444,362,0.815315,2.46811,4.3645,0.755191,0.241317,-0.116577,3.46577,-3.11367e-05,0.00454072,0.26084,0.911789,1,0.566669,0.00388577,-0.00388577,0.566669,1,1,0.00617678,0.571214,-0.0100626,-0.00454506,0,0,0,0,0,0,0,0,0,0,0,0,0,0,0,0,0,0,0,0,0,0,0,255,0.26,2.49143,0.26,-0.0276037,0.664484,1,1,1,1,0,1,1,-0.0780618,-3.25506,0.15222,0.114711,-0.0171293,0.0680066,39.5723,9830,1,367,86.9797,2458,0,0.000884653,0.0253465,0.0152726,0,0,0,1,362,0.265,-2.78452e-05,0.00384588,0.00101916,7.37898e-06,0.000973448,-0.000170955,0.148892,-0.0084937,-0.00197971,0.246625,-0.181311,-0.0230103,-0.0240888,0.024257,11.4684,1,0,0,0,0,0,-1,1,-9.04586e-07,-3.41782e-06,-0.182151,0,39.7918,1,1010,1010,1010,1010,0,0,0,0,39.796,10,0.0887525,0.110216,27,0.241925,0.165367,49,-0.00975658,0.445381,19,0.16399,0.710588,56,-0.05829,0.669533,56,-0.171778,0.653102,50,0.140604,0.690151,55,-0.0019523,0.637407,40,-0.174544,0.559073
4710388112286,4710372251000,4710372251000,4710388102897,73729,15.8519,4710399458602,27.2076,0,10622,38866,0,0,1,0,0,0.008025,436,435,411,0.944828,2.46617,4.42191,0.637968,0.262743,-0.17337,3.24081,-0.000944952,0.00412622,-0.0449526,0.981763,1,0.514171,0.117751,-0.117751,0.514171,1,1,-0.111263,0.529376,-0.00648805,-0.0152048,0,0,0,0,0,0,0,0,0,0,0,0,0,0,0,0,0,0,0,0,0,0,0,255,0.26,3.95053,0.26,-0.0240914,0.608799,1,1,1,1,0,1,1,-0.0725355,-3.25607,0.152229,0.104922,-0.0158961,0.0584083,1.69174,9831,1,367,98.8318,2458,0,0.000884653,0.0253465,0.0152726,0,0,0,1,411,0.265,-0.000802291,0.00349473,0.000926104,0.000212607,0.000922057,4.77243e-05,0.149814,-0.00844598,-0.00159215,0.244495,-0.180643,-0.00162948,-0.0805857,0.0262057,1.49764,2,0,0,0,0,0,-1,1,-9.04586e-07,-3.41782e-06,-0.18068,0,1.92829,1,1010,1010,1010,1010,0,0,0,0,1.93211,47,-0.258669,0.268666,19,-0.230362,0.158962,51,-0.0897435,0.391286,14,0.134542,0.559259,56,-0.0729829,0.61185,56,-0.225848,0.653912,56,0.106267,0.541919,56,-0.0936875,0.548298,56,-0.251384,0.577172
4710399965069,4710384233000,4710384233000,4710399956235,73729,15.7232,4710411391311,27.1583,0,10622,38867,0,0,1,0,0,0.011982,436,435,407,0.935632,2.46633,3.87211,0.614023,0.300836,-0.0517426,2.75024,-0.000189031,0.00336818,0.0706024,0.616589,1,0.281103,0.0157763,-0.0157763,0.281103,1,1,-0.0106289,0.300288,-0.00514734,-0.019185,0,0,0,0,0,0,0,0,0,0,0,0,0,0,0,0,0,0,0,0,0,0,0,255,0.26,5.46945,0.26,0.0143331,0.359998,1,1,1,1,0,1,1,-0.0725355,-3.25607,0.152229,0.104922,-0.0158961,0.0584083,13.6615,9831,1,367,110.802,2458,0,0.000884653,0.0253465,0.0152726,0,0,0,1,407,0.265,-0.000161428,0.00285277,0.000755985,4.27785e-05,0.000729236,-8.96974e-05,0.150544,-0.00853567,-0.00159215,0.244495,-0.180643,0.00787873,-0.10168,0.0281277,13.4319,0,0,0,0,0,0,-1,1,-9.04586e-07,-3.41782e-06,-0.18068,0,13.9003,1,1010,1010,1010,1010,0,0,0,0,13.9041,42,-0.0704821,0.161386,27,0.0689913,0.0585913,56,0.0111269,0.210764,10,0.0997439,0.310837,56,-0.025946,0.360151,56,-0.114772,0.339602,56,0.12341,0.342997,56,-0.00581057,0.323147,48,-0.101074,0.29472
4710411944648,4710392242000,4710392242000,4710411936593,73729,19.6946,4710423942043,31.7,0,10622,38868,0,0,1,0,0,0.008009,439,437,398,0.910755,2.49672,3.90859,0.704284,0.289187,0.105774,2.5704,-6.82973e-05,0.00309456,0.0950353,0.850034,1,0.386385,0.00852757,-0.00852757,0.386385,1,1,-0.00613497,0.409629,-0.0023926,-0.0232439,0,0,0,0,0,0,0,0,0,0,0,0,0,0,0,0,0,0,0,0,0,0,0,255,0.26,7.47021,0.26,0.0171125,0.531111,1,1,1,1,0,1,1,-0.0725355,-3.25607,0.152229,0.104922,-0.0158961,0.0584083,26.1835,9831,1,367,123.324,2458,0,0.000884653,0.0253465,0.0152726,0,0,0,1,398,0.265,-5.90084e-05,0.00262063,0.000694466,1.56372e-05,0.000665882,-0.000105511,0.15121,-0.00864118,-0.00122804,0.243303,-0.180343,0.023494,-0.123192,0.0289398,12.3059,1,0,0,0,0,0,-1,1,-9.04586e-07,-3.41782e-06,-0.18068,0,26.4379,1,1010,1010,1010,1010,0,0,0,0,26.4417,35,-0.124034,0.148125,19,0.0111908,0.0288311,53,0.0426661,0.284743,12,0.219042,0.355247,56,-0.0213246,0.466789,55,-0.126928,0.471261,56,0.187101,0.450997,56,0.0307126,0.446374,56,-0.107083,0.41453
4710424486196,4710412267000,4710412267000,4710424479955,73729,12.213,4710437315875,25.0489,1,10623,38869,0,0,1,0,0,0.020025,442,441,307,0.696145,2.48163,4.62007,0.768192,0.228057,0.348755,5.72891,0.000555326,0.00734392,0.0657926,0.618545,1,0.366738,-0.0277316,0.0277316,0.366738,1,1,0.0212923,0.384235,0.00643929,-0.0174976,0,0,0,0,0,0,0,0,0,0,0,0,0,0,0,0,0,0,0,0,0,0,0,255,0.26,-0.311891,0.26,0.00983026,0.536324,1,1,1,1,1,1,1,-0.0725355,-3.25607,0.152229,0.104922,-0.0158961,0.0584083,39.5537,9831,1,367,136.694,2458,0,0.000884653,0.0253465,0.0152726,0,0,0,1,307,0.265,0.000469251,0.0062183,0.00164785,-0.000124352,0.0015516,-0.000409506,0.152761,-0.00905069,-0.000263449,0.241826,-0.180472,0.0409487,-0.0927372,0.00545637,13.1534,2,0,0,0,0,0,-1,1,-9.04586e-07,-3.41782e-06,-0.18068,0,39.7517,1,1010,1010,1010,1010,0,0,0,0,39.7555,23,-0.0550275,0.117702,4,-0.0557541,0.0776681,26,0.0774705,0.168379,11,0.160689,0.370204,47,0.00889158,0.428294,34,-0.0810172,0.419682,50,0.161278,0.423357,56,0.0324651,0.409525,56,-0.0530643,0.401036
4710437825953,4710424229000,4710424229000,4710437814694,73729,13.5857,4710452376573,28.1476,0,10623,38870,0,0,1,0,0,0.011962,447,447,425,0.950783,2.51254,5.55512,0.683764,0.279003,0.422577,2.99762,0.000543841,0.00391967,0.0788451,0.566999,1,0.327677,-0.0454641,0.0454641,0.327677,1,1,0.0288583,0.332456,0.0166058,-0.00477855,0,0,0,0,0,0,0,0,0,0,0,0,0,0,0,0,0,0,0,0,0,0,0,255,0.26,2.85673,0.26,0.0133686,0.473287,1,1,1,1,0,1,1,-0.0670314,-3.25717,0.152024,0.112157,-0.0201259,0.0511667,4.57332,9832,1,367,151.751,2458,0,0.000884653,0.0253465,0.0152726,0,0,0,1,425,0.265,0.000460011,0.00332027,0.000879871,-0.000121903,0.000818322,-0.000273675,0.15358,-0.00932437,0.000938822,0.241935,-0.180992,0.0616376,-0.0253263,-0.0210984,4.36685,2,0,0,0,0,0,-1,1,-9.04586e-07,-3.41782e-06,-0.18097,0,4.81528,1,1010,1010,1010,1010,0,0,0,0,4.82045,47,-0.0621909,0.16165,28,0.0615217,0.114534,55,0.087338,0.270201,20,0.192282,0.312659,54,0.06116,0.381581,53,-0.0721216,0.404389,56,0.188417,0.384388,56,0.069426,0.372644,56,-0.023525,0.367678
4710452875521,4710444231000,4710444231000,4710452869355,73729,8.63835,4710464253467,20.0225,1,10624,38871,0,0,1,0,0,0.020002,446,445,283,0.635955,2.50526,4.58572,0.868563,0.206002,0.807495,7.42401,0.001692,0.0130551,0.0309886,0.193643,1,0.65269,-0.0845916,0.0845916,0.65269,1,1,0.0636559,0.645156,0.0209357,0.00753355,0,0,0,0,0,0,0,0,0,0,0,0,0,0,0,0,0,0,0,0,0,0,0,255,0.26,7.68753,0.26,0.0143857,0.623245,1,1,1,1,0,1,1,-0.0670314,-3.25717,0.152024,0.112157,-0.0201259,0.0511667,16.4635,9832,1,367,163.642,2458,0,0.000884653,0.0253465,0.0152726,0,0,0,1,283,0.265,0.00143184,0.0110536,0.00292922,-0.000379437,0.00272824,-0.000886199,0.156308,-0.0102106,0.00150632,0.24253,-0.181411,0.0694796,0.0399278,-0.0331835,11.6917,1,0,0,0,0,0,-1,1,-9.04586e-07,-3.41782e-06,-0.18097,0,16.657,1,1010,1010,1010,1010,0,0,0,0,16.6622,2,0,0,0,0,0,4,0.0820692,0.440603,16,0.104662,0.580207,53,0.0683594,0.64244,40,0.0466611,0.637039,56,0.0983621,0.654212,56,0.0718901,0.687788,56,0.0879404,0.689454
4710464722230,4710452287000,4710452287000,4710464712174,73729,12.4252,4710475187353,22.9004,0,10624,38872,0,0,1,0,0,0.008056,440,438,292,0.666667,2.49571,3.96533,0.751099,0.207279,0.497406,4.16306,0.000688968,0.00696789,-0.0130001,0.445728,1,0.864932,-0.0855224,0.0855224,0.864932,1,1,0.0652931,0.854624,0.0202292,0.0103078,0,0,0,0,0,0,0,0,0,0,0,0,0,0,0,0,0,0,0,0,0,0,0,255,0.26,-0.715672,0.26,0.0266236,0.775024,1,1,1,1,0,1,1,-0.0670314,-3.25717,0.152024,0.112157,-0.0201259,0.0511667,27.391,9832,1,367,174.569,2458,0,0.000884653,0.0253465,0.0152726,0,0,0,1,292,0.265,0.000582537,0.00590028,0.00156357,-0.000154372,0.00146465,-0.000426195,0.157772,-0.0106368,0.00189566,0.242993,-0.181793,0.0605898,0.0546315,-0.0373,10.7252,1,0,0,0,0,0,-1,1,-9.04586e-07,-3.41782e-06,-0.18097,0,27.5884,1,1010,1010,1010,1010,0,0,0,0,27.5936,0,0,0,0,0,0,18,0.182357,0.718286,10,-0.0383424,0.72783,44,0.0883202,0.867306,55,0.0398858,0.823419,53,0.178597,0.842564,56,0.0817357,0.910115,56,0.0465799,0.932911
4710475663894,4710464225000,4710464225000,4710475651486,73729,11.4265,4710487418416,23.1934,0,10624,38873,0,0,1,0,0,0.011938,428,424,378,0.891509,2.47924,4.00946,0.662802,0.260928,0.415756,3.74431,0.000806708,0.00504287,0.162693,0.603359,1,0.422422,-0.0675748,0.0675748,0.422422,1,1,0.0507715,0.413619,0.0168033,0.00880317,0,0,0,0,0,0,0,0,0,0,0,0,0,0,0,0,0,0,0,0,0,0,0,255,0.26,0.026353,0.26,-0.0108858,0.421348,1,1,1,1,1,1,1,-0.0670314,-3.25717,0.152024,0.112157,-0.0201259,0.0511667,39.6192,9832,1,367,186.798,2458,0,0.000884653,0.0253465,0.0152726,0,0,0,1,378,0.265,0.000682931,0.00427259,0.00113224,-0.000180977,0.00104782,-0.00037698,0.15882,-0.0110137,0.0021908,0.243395,-0.182113,0.0465811,0.0466568,-0.0339811,12.0295,1,0,0,0,0,0,-1,1,-9.04586e-07,-3.41782e-06,-0.18097,0,39.84,1,1010,1010,1010,1010,0,0,0,0,39.8452,44,0.026836,0.251216,22,0.1394,0.106599,49,0.0762391,0.338018,11,0.193068,0.432201,35,0.0845132,0.503472,54,-0.0502821,0.467978,53,0.234019,0.499594,54,0.0761125,0.481036,56,-0.0144747,0.470538
4710487954531,4710472279000,4710472279000,4710487943735,73729,15.6647,4710499161475,26.8825,0,10624,38874,0,0,1,0,0,0.008054,433,426,353,0.828638,2.46463,4.57246,0.677728,0.240835,0.372116,3.73871,0.000308041,0.00530046,0.0193617,0.854348,1,0.658116,-0.038247,0.038247,0.658116,1,1,0.026641,0.651636,0.011606,0.00647903,0,0,0,0,0,0,0,0,0,0,0,0,0,0,0,0,0,0,0,0,0,0,0,255,0.26,2.20322,0.26,0.016706,0.627724,1,1,1,1,0,1,1,-0.0618398,-3.25848,0.150191,0.103846,-0.0232054,0.0458654,1.27727,9833,1,367,198.537,2458,0,0.000884653,0.0253465,0.0152726,0,0,0,1,353,0.265,0.000259875,0.00448979,0.00118979,-6.88669e-05,0.00112275,-0.000277699,0.159943,-0.0112914,0.00221451,0.243944,-0.182893,0.019151,0.0343389,-0.0338885,1.09821,2,0,0,0,0,0,-1,1,-9.04586e-07,-3.41782e-06,-0.182843,0,1.49462,1,1010,1010,1010,1010,0,0,0,0,1.49873,20,-0.297141,0.387145,15,0.0699363,0.253425,50,0.101373,0.530706,12,0.212336,0.669636,33,0.0876972,0.733703,56,-0.110107,0.726987,56,0.255122,0.685842,56,0.0467401,0.732915,55,-0.0651537,0.740628
4710499634609,4710484230000,4710484230000,4710499623535,73729,15.3935,4710513049774,28.8198,0,10624,38875,0,0,1,0,0,0.011951,423,422,369,0.874408,2.46361,3.94192,0.593042,0.248095,0.163757,3.73465,0.000233488,0.00547978,0.111191,0.479965,1,0.458521,-0.0195371,0.0195371,0.458521,1,1,0.00938279,0.453389,0.0101543,0.00513146,0,0,0,0,0,0,0,0,0,0,0,0,0,0,0,0,0,0,0,0,0,0,0,255,0.26,3.70422,0.26,-0.025875,0.40933,1,1,1,1,0,1,1,-0.0618398,-3.25848,0.150191,0.103846,-0.0232054,0.0458654,15.1661,9833,1,367,13.8661,2459,0,0.000884653,0.0260436,0.0169269,0,0,0,1,369,0.265,0.000196376,0.0046426,0.00123029,-5.20396e-05,0.00116446,-0.000268301,0.161107,-0.0115597,0.00221451,0.243944,-0.182893,0.0100554,0.0271967,-0.0350099,14.9761,0,0,0,0,0,0,-1,1,-9.04586e-07,-3.41782e-06,-0.182843,0,15.3862,1,1010,1010,1010,1010,0,0,0,0,15.3903,45,-0.0340348,0.285031,8,-0.00888616,0.255296,42,0.0147899,0.422918,20,0.102804,0.490537,31,0.0539258,0.506945,56,-0.0724319,0.477419,56,0.148725,0.513674,56,0.029031,0.51201,55,-0.0353236,0.489936
4710513526686,4710504219000,4710504219000,4710513521797,73729,9.3028,4710525938473,21.7195,1,10625,38876,0,0,1,0,0,0.019989,433,432,264,0.611111,2.48978,4.62608,1.05093,0.197909,0.447174,7.31146,0.00077155,0.0118728,0.0496993,0.339866,1,0.593966,-0.0385987,0.0385987,0.593966,1,1,0.0318493,0.590551,0.00674941,0.00341522,0,0,0,0,0,0,0,0,0,0,0,0,0,0,0,0,0,0,0,0,0,0,0,255,0.26,6.66472,0.26,0.0145155,0.508729,1,1,1,1,0,1,1,-0.0618398,-3.25848,0.150191,0.103846,-0.0232054,0.0458654,28.0635,9833,1,367,26.7634,2459,0,0.000884653,0.0260436,0.0169269,0,0,0,1,264,0.265,0.000650157,0.010056,0.00266484,-0.000172292,0.00251082,-0.000640405,0.163618,-0.0122001,0.00238747,0.24452,-0.183194,0.00838893,0.0181006,-0.0219064,12.6802,2,0,0,0,0,0,-1,1,-9.04586e-07,-3.41782e-06,-0.182843,0,28.2533,1,1010,1010,1010,1010,0,0,0,0,28.2575,0,0,0,3,0.14641,0.0121455,23,0.116619,0.458039,14,0.0182984,0.611397,28,0.0698332,0.600334,44,-0.0442715,0.640241,51,0.101201,0.605276,53,0.0275078,0.624691,48,0.000585775,0.634333
4710526411754,4710512245000,4710512245000,4710526398328,73729,14.1533,4710537315807,25.0708,0,10625,38877,0,0,1,0,0,0.008026,432,429,373,0.869464,2.50078,4.12809,0.64708,0.246725,0.151855,3.65289,0.000338529,0.00513958,0.13484,0.77554,1,0.640366,-0.042179,0.042179,0.640366,1,1,0.03652,0.631118,0.00565902,0.00924844,0,0,0,0,0,0,0,0,0,0,0,0,0,0,0,0,0,0,0,0,0,0,0,255,0.26,-0.000723,0.26,0.0211448,0.64254,1,1,1,1,1,1,1,-0.0618398,-3.25848,0.150191,0.103846,-0.0232054,0.0458654,39.4402,9833,1,367,38.14,2459,0,0.000884653,0.0260436,0.0169269,0,0,0,1,373,0.265,0.00028533,0.00435467,0.00115399,-7.56123e-05,0.00108687,-0.000278426,0.164705,-0.0124786,0.00264906,0.245222,-0.183335,0.0179069,0.0490167,-0.00966876,11.1505,1,0,0,0,0,0,-1,1,-9.04586e-07,-3.41782e-06,-0.182843,0,39.6627,1,1010,1010,1010,1010,0,0,0,0,39.6668,47,-0.102477,0.397986,26,0.243644,0.131472,39,-0.0162912,0.609155,36,0.178105,0.781022,19,0.113426,0.699686,56,-0.175092,0.737459,55,0.239113,0.72889,56,0.034986,0.71513,39,-0.0439696,0.708283
4710537868497,4710524224000,4710524224000,4710537857459,73729,13.6335,4710549618223,25.3942,0,10625,38878,0,0,1,0,0,0.011979,420,418,355,0.849282,2.4948,4.23363,0.715154,0.240595,0.340149,3.94604,0.000512607,0.00573138,0.161724,0.458516,1,0.478452,-0.0427921,0.0427921,0.478452,1,1,0.0358437,0.465038,0.00694841,0.0134146,0,0,0,0,0,0,0,0,0,0,0,0,0,0,0,0,0,0,0,0,0,0,0,255,0.26,1.3014,0.26,0.0287334,0.456755,1,1,1,1,0,1,1,-0.0618398,-3.25848,0.150191,0.103846,-0.0232054,0.0458654,51.7378,9833,1,367,50.4378,2459,0,0.000884653,0.0260436,0.0169269,0,0,0,1,355,0.265,0.000433444,0.00485649,0.00128697,-0.000114863,0.00120627,-0.000340527,0.165911,-0.0128191,0.00298546,0.246001,-0.183369,0.0302048,0.0710975,-0.00529738,12.106,1,0,0,0,0,0,-1,1,-9.04586e-07,-3.41782e-06,-0.183262,0,0.201521,1,1010,1010,1010,1010,0,0,0,0,0.205243,47,-0.0122862,0.25995,15,0.0102901,0.233521,41,0.014383,0.485303,29,0.14243,0.581394,20,0.102741,0.542799,55,-0.0758827,0.530276,37,0.174075,0.539012,55,0.0747104,0.530024,56,0.00738615,0.500326
4710550115171,4710544242000,4710544242000,4710550107245,73729,5.86524,4710562565551,18.3236,1,10626,38879,0,0,1,0,0,0.020018,428,427,296,0.693208,2.49695,4.64572,1.04268,0.217613,0.481155,8.15457,0.00115475,0.012309,0.15043,0.497874,1,0.614894,-0.0576854,0.0576854,0.614894,1,1,0.0512272,0.601026,0.0064582,0.0138686,0,0,0,0,0,0,0,0,0,0,0,0,0,0,0,0,0,0,0,0,0,0,0,255,0.26,3.39508,0.26,0.0159836,0.540777,1,1,1,1,0,1,1,-0.0569013,-3.25968,0.149113,0.104792,-0.0194261,0.0471728,12.9357,9834,1,367,63.3871,2459,0,0.000884653,0.0260436,0.0169269,0,0,0,1,296,0.265,0.000975218,0.0104276,0.00276331,-0.000258433,0.00258743,-0.000742604,0.168499,-0.0135617,0.00341163,0.246659,-0.18334,0.0367499,0.0735036,0.00201719,12.7636,1,0,0,0,0,0,-1,1,-9.04586e-07,-3.41782e-06,-0.183262,0,13.1381,1,1010,1010,1010,1010,0,0,0,0,13.1419,30,-0.0874927,0.269696,8,0.00315855,0.299233,20,0.0202011,0.619675,30,0.15922,0.695817,15,0.0767272,0.677506,46,-0.0697429,0.685517,56,0.197459,0.68085,47,0.0730499,0.659433,44,0.0234677,0.642613
4710563037462,4710552242000,4710552242000,4710563027388,73729,10.7854,4710573153638,20.9116,0,10626,38880,0,0,1,0,0,0.008,426,422,320,0.758294,2.51276,3.85583,0.662154,0.228595,0.280258,3.81119,0.000511769,0.0064881,0.0236578,0.369046,1,0.811012,-0.0639711,0.0639711,0.811012,1,1,0.0562896,0.800647,0.0076815,0.0103652,0,0,0,0,0,0,0,0,0,0,0,0,0,0,0,0,0,0,0,0,0,0,0,255,0.26,5.01248,0.26,0.0223411,0.641893,1,1,1,1,0,1,1,-0.0569013,-3.25968,0.149113,0.104792,-0.0194261,0.0471728,23.5225,9834,1,367,73.974,2459,0,0.000884653,0.0260436,0.0169269,0,0,0,1,320,0.265,0.00043269,0.00549696,0.00145669,-0.000114663,0.00136759,-0.000370065,0.169866,-0.0139318,0.00442059,0.247657,-0.183248,0.0473022,0.0549357,0.00527224,10.3641,2,0,0,0,0,0,-1,1,-9.04586e-07,-3.41782e-06,-0.183262,0,23.7262,1,1010,1010,1010,1010,0,0,0,0,23.7299,17,-0.0144129,0.675599,7,-0.16981,0.608237,38,0.112279,0.767775,32,0.122507,0.860102,12,0.097563,0.819103,55,0.0128327,0.83051,56,0.130064,0.821003,56,0.067979,0.854926,47,0.0179862,0.847304
4710573648401,4710564221000,4710564221000,4710573634864,73729,9.41386,4710584464805,20.2438,0,10626,38881,0,0,1,0,0,0.011979,418,416,337,0.810096,2.48837,3.81579,0.743024,0.237076,0.207886,3.69995,0.000477799,0.00531557,0.0988417,0.487717,1,0.443741,-0.0398864,0.0398864,0.443741,1,1,0.0327744,0.43583,0.00711199,0.00791129,0,0,0,0,0,0,0,0,0,0,0,0,0,0,0,0,0,0,0,0,0,0,0,255,0.26,5.99205,0.26,-0.0174274,0.390301,1,1,1,1,0,1,1,-0.0569013,-3.25968,0.149113,0.104792,-0.0194261,0.0471728,34.8338,9834,1,367,85.2853,2459,0,0.000884653,0.0260436,0.0169269,0,0,0,1,337,0.265,0.000403922,0.00450362,0.00119346,-0.000107039,0.00111794,-0.000315966,0.170984,-0.0142477,0.00493275,0.248079,-0.183181,0.0485156,0.0419298,0.00865763,11.0978,1,0,0,0,0,0,-1,1,-9.04586e-07,-3.41782e-06,-0.183262,0,35.0438,1,1010,1010,1010,1010,0,0,0,0,35.0475,44,-0.0684908,0.216207,21,-0.020647,0.324629,30,0.0580055,0.50025,30,0.157676,0.507483,9,0.0955918,0.531736,35,-0.0776847,0.499085,56,0.172477,0.480779,56,0.0606836,0.467538,56,-0.0269293,0.458095
4710584941864,4710572239000,4710572239000,4710584931605,73729,12.6926,4710595401469,23.1625,0,10626,38882,0,0,1,0,0,0.008018,415,413,320,0.774818,2.49821,3.73235,0.705802,0.232632,0.183952,3.63893,0.000199695,0.00594575,0.028496,0.447021,1,0.741551,-0.0249059,0.0249059,0.741551,1,1,0.0173055,0.734365,0.00760039,0.00718612,0,0,0,0,0,0,0,0,0,0,0,0,0,0,0,0,0,0,0,0,0,0,0,255,0.26,7.68258,0.26,-0.0176305,0.632095,1,1,1,1,1,1,1,-0.0569013,-3.25968,0.149113,0.104792,-0.0194261,0.0471728,45.7677,9834,1,367,96.2193,2459,0,0.000884653,0.0260436,0.0169269,0,0,0,1,320,0.265,0.000168133,0.00503754,0.00133495,-4.45553e-05,0.00126414,-0.000279487,0.172248,-0.0145272,0.0054123,0.248443,-0.183167,0.0483653,0.0380865,0.00646656,10.7361,1,0,0,0,0,0,-1,1,-9.04586e-07,-3.41782e-06,-0.183262,0,45.9722,1,1010,1010,1010,1010,0,0,0,0,0.196686,18,-0.0780558,0.490421,11,-0.13395,0.476849,33,0.036235,0.743296,30,0.114202,0.767779,4,0.100078,0.86165,56,-0.0567511,0.775994,56,0.120477,0.788966,56,0.0310324,0.792835,56,-0.0348271,0.782303
4710595941436,4710580267000,4710580267000,4710595928695,73729,15.6617,4710606774358,26.5074,0,10626,38883,0,0,1,0,0,0.008028,412,407,319,0.783784,2.47156,3.91814,0.737376,0.237965,0.131119,3.62692,0.000225198,0.00596032,0.0390888,0.402127,1,0.742441,-0.0280516,0.0280516,0.742441,1,1,0.0204512,0.735255,0.00760039,0.00718612,0,0,0,0,0,0,0,0,0,0,0,0,0,0,0,0,0,0,0,0,0,0,0,255,0.26,8.58796,0.26,-0.0271416,0.630875,1,1,1,1,0,1,1,-0.0519632,-3.26043,0.14872,0.10156,-0.0122894,0.0465968,11.3676,9835,1,367,107.599,2459,0,0.000884653,0.0260436,0.0169269,0,0,0,1,319,0.265,0.00018944,0.00504986,0.00133821,-5.02017e-05,0.00126622,-0.000285614,0.173515,-0.0148128,0.0054123,0.248443,-0.183167,0.0483653,0.0380865,0.00646656,22.113,0,0,0,0,0,0,-1,1,-9.04586e-07,-3.41782e-06,-0.18308,0,0.192224,1,1010,1010,1010,1010,0,0,0,0,11.5778,13,-0.0445278,0.568982,7,-0.0915617,0.520049,42,0.0560037,0.734688,31,0.0924949,0.767793,2,0,0,56,-0.0520652,0.767156,56,0.0921836,0.785913,56,0.0340272,0.767773,56,-0.0511487,0.788457
4710607257418,4710592246000,4710592246000,4710607246807,73729,15.0008,4710618489158,26.2432,0,10626,38884,0,0,1,0,0,0.011979,414,408,297,0.727941,2.47841,4.09324,0.70921,0.20428,0.134918,3.56897,-0.000139373,0.0054087,-0.01651,0.363266,1,0.451515,0.0116347,-0.0116347,0.451515,1,1,-0.0178283,0.447856,0.0061936,0.00365969,0,0,0,0,0,0,0,0,0,0,0,0,0,0,0,0,0,0,0,0,0,0,0,255,0.26,-0.421837,0.26,-0.0400192,0.397943,1,1,1,1,0,1,1,-0.0519632,-3.26043,0.14872,0.10156,-0.0122894,0.0465968,23.0893,9835,1,367,119.32,2459,0,0.000884653,0.0260436,0.0169269,0,0,0,1,297,0.265,-0.000119741,0.00458259,0.00121439,3.17314e-05,0.00116321,-0.000183163,0.174678,-0.014996,0.00588315,0.248553,-0.183131,0.0334108,0.0193963,0.00046779,11.4933,2,0,0,0,0,0,-1,1,-9.04586e-07,-3.41782e-06,-0.18308,0,11.908,1,1010,1010,1010,1010,0,0,0,0,23.2936,0,0,0,11,-0.201924,0.111414,50,0.0124262,0.42752,17,0.0751711,0.458135,0,0,0,56,-0.072948,0.507592,56,0.0674309,0.460931,56,0.00469825,0.481463,51,-0.0614981,0.497649
4710618972032,4710600251000,4710600251000,4710618959884,73729,18.7089,4710630001808,29.7508,0,10626,38885,0,0,1,0,0,0.008005,409,400,327,0.8175,2.47345,3.88466,0.621061,0.22315,-0.0690613,3.29401,-0.000602804,0.0051604,-0.0848914,0.535228,1,0.644648,0.0753034,-0.0753034,0.644648,1,1,-0.0734595,0.64993,-0.00184388,-0.00528212,0,0,0,0,0,0,0,0,0,0,0,0,0,0,0,0,0,0,0,0,0,0,0,255,0.26,1.11775,0.26,-0.0637757,0.580537,1,1,1,1,0,1,1,-0.0519632,-3.26043,0.14872,0.10156,-0.0122894,0.0465968,34.613,9835,1,367,130.844,2459,0,0.000884653,0.0260436,0.0169269,0,0,0,1,327,0.265,-0.000512185,0.00437242,0.00115869,0.000135729,0.00112938,-7.08325e-05,0.175807,-0.0150668,0.00583814,0.248005,-0.182867,0.00530227,-0.0279952,0.0120599,11.3098,1,0,0,0,0,0,-1,1,-9.04586e-07,-3.41782e-06,-0.18308,0,23.4527,1,1010,1010,1010,1010,0,0,0,0,34.8382,17,-0.280042,0.420473,10,-0.403811,0.673283,52,-0.0327187,0.63831,24,0.0635274,0.61915,0,0,0,56,-0.151776,0.68047,56,0.0157831,0.645974,56,-0.0529849,0.675442,56,-0.141471,0.73297
4710630523738,4710620257000,4710620257000,4710630516812,73729,10.2598,4710642210390,21.9534,1,10627,38886,0,0,1,0,0,0.020006,411,401,287,0.715711,2.50906,4.22476,0.71858,0.198335,-0.669312,5.99716,-0.00169101,0.00772515,0.0338086,0.572942,1,0.386141,0.0845251,-0.0845251,0.386141,1,1,-0.0746087,0.397415,-0.00991637,-0.0112732,0,0,0,0,0,0,0,0,0,0,0,0,0,0,0,0,0,0,0,0,0,0,0,255,0.26,2.48661,0.26,-0.0845169,0.43699,1,1,1,1,0,1,1,-0.0519632,-3.26043,0.14872,0.10156,-0.0122894,0.0465968,46.8094,9835,1,367,143.04,2459,0,0.000884653,0.0260436,0.0169269,0,0,0,1,287,0.265,-0.00143743,0.00654297,0.00173389,0.000380918,0.00172284,6.95024e-05,0.17753,-0.0149973,0.00570414,0.247358,-0.182433,-0.0157934,-0.0597482,0.0294107,11.9889,1,0,0,0,0,0,-1,1,-9.04586e-07,-3.41782e-06,-0.18308,0,35.6286,1,1010,1010,1010,1010,0,0,0,0,47.0142,36,-0.132806,0.200678,1,0,0,20,-0.0259959,0.0634558,22,0.0396342,0.460848,2,0,0,45,-0.18616,0.448919,52,0.0248738,0.46684,53,-0.0594184,0.431183,56,-0.174501,0.426487
4710642706486,4710632234000,4710632234000,4710642694597,73729,10.4606,4710654125654,21.8917,0,10627,38887,0,0,1,0,0,0.011977,407,392,329,0.839286,2.4623,3.9732,0.700414,0.225298,-0.407959,2.88998,-0.000906096,0.00399468,0.02967,0.444192,1,0.33353,0.075653,-0.075653,0.33353,1,1,-0.0580732,0.347565,-0.0175798,-0.014035,0,0,0,0,0,0,0,0,0,0,0,0,0,0,0,0,0,0,0,0,0,0,0,255,0.26,4.51746,0.26,-0.0472585,0.408307,1,1,1,1,1,1,1,-0.0471622,-3.26107,0.148003,0.105825,-0.0142194,0.0591737,1.39331,9836,1,367,154.934,2459,0,0.000884653,0.0260436,0.0169269,0,0,0,1,329,0.265,-0.000770368,0.00338466,0.000896935,0.000204147,0.000892863,4.44552e-05,0.178423,-0.0149529,0.00545134,0.245336,-0.180642,-0.0245334,-0.0743856,0.0549117,1.1887,3,0,0,0,0,0,-1,1,-9.04586e-07,-3.41782e-06,-0.181071,0,1.5992,1,1010,1010,1010,1010,0,0,0,0,10.7324,52,-0.128,0.137615,5,0.066527,0.0376068,54,-0.0986887,0.297683,20,0.0247933,0.406278,4,-0.0574923,0.398856,54,-0.155736,0.382913,56,0.0243854,0.401947,56,-0.0538447,0.368619,28,-0.156152,0.362613
4710654642881,4710640259000,4710640259000,4710654632010,73729,14.373,4710665122004,24.863,0,10627,38888,0,0,1,0,0,0.008025,405,389,336,0.863753,2.47885,3.73918,0.683321,0.233187,-0.324051,2.87619,-0.000907434,0.00380995,0.0210987,0.736115,1,0.47476,0.113076,-0.113076,0.47476,1,1,-0.0949483,0.487991,-0.0181275,-0.0132308,0,0,0,0,0,0,0,0,0,0,0,0,0,0,0,0,0,0,0,0,0,0,0,255,0.26,6.07131,0.26,-0.0530749,0.591979,1,1,1,1,0,1,1,-0.0471622,-3.26107,0.148003,0.105825,-0.0142194,0.0591737,12.4013,9836,1,367,165.942,2459,0,0.000884653,0.0260436,0.0169269,0,0,0,1,336,0.265,-0.000771369,0.00322761,0.000855316,0.000204413,0.000853194,5.19697e-05,0.179276,-0.0149009,0.00545134,0.245336,-0.180642,-0.02224,-0.0701231,0.0590686,12.1837,0,0,0,0,0,0,-1,1,-9.04586e-07,-3.41782e-06,-0.181071,0,12.611,1,1010,1010,1010,1010,0,0,0,0,21.7442,51,-0.213121,0.202732,6,0.0893754,-0.0164426,53,-0.155137,0.449989,17,0.0509162,0.65741,7,-0.0599599,0.654821,55,-0.260217,0.549047,56,0.0220567,0.56178,56,-0.0829714,0.527157,35,-0.201464,0.486536
4710665615545,4710652242000,4710652242000,4710665602878,73729,13.3609,4710676492319,24.2503,0,10627,38889,0,0,1,0,0,0.011983,411,398,327,0.821608,2.46195,3.73834,0.645839,0.237798,-0.237854,3.01218,-0.00089169,0.00397413,0.115977,0.507045,1,0.331648,0.0744129,-0.0744129,0.331648,1,1,-0.0616681,0.345468,-0.0127448,-0.0138202,0,0,0,0,0,0,0,0,0,0,0,0,0,0,0,0,0,0,0,0,0,0,0,255,0.26,7.06563,0.26,-0.0223856,0.457409,1,1,1,1,0,1,1,-0.0471622,-3.26107,0.148003,0.105825,-0.0142194,0.0591737,23.7711,9836,1,367,177.312,2459,0,0.000884653,0.0260436,0.0169269,0,0,0,1,327,0.265,-0.000758475,0.00336685,0.000892214,0.000200996,0.00088798,4.23536e-05,0.180164,-0.0148585,0.00542102,0.244371,-0.180403,-0.0151566,-0.0732469,0.0419127,11.1843,1,0,0,0,0,0,-1,1,-9.04586e-07,-3.41782e-06,-0.181071,0,23.9825,1,1010,1010,1010,1010,0,0,0,0,33.1157,44,-0.130685,0.153386,5,0.0594057,0.017043,48,-0.120633,0.355605,12,0.0647302,0.410668,7,-0.0519848,0.44992,56,-0.149743,0.36861,43,0.0498084,0.42683,56,-0.0211834,0.35881,56,-0.126734,0.355432
4710676968953,4710660261000,4710660261000,4710676958619,73729,16.6976,4710689029663,28.7687,0,10627,38890,0,0,1,0,0,0.008019,408,393,352,0.895674,2.46222,3.88935,0.669487,0.243521,-0.256348,2.97266,-0.000846121,0.0039389,0.0454096,0.728562,1,0.491196,0.105515,-0.105515,0.491196,1,1,-0.0994013,0.515413,-0.0061132,-0.0242167,0,0,0,0,0,0,0,0,0,0,0,0,0,0,0,0,0,0,0,0,0,0,0,255,0.26,8.33394,0.26,-0.0480073,0.61709,1,1,1,1,0,1,1,-0.0471622,-3.26107,0.148003,0.105825,-0.0142194,0.0591737,36.3142,9836,1,367,189.855,2459,0,0.000884653,0.0260436,0.0169269,0,0,0,1,352,0.265,-0.000719226,0.00333691,0.000884281,0.000190595,0.00087889,3.35664e-05,0.181043,-0.014825,0.00536421,0.242599,-0.180257,-0.0091581,-0.128349,0.0185935,12.3411,1,0,0,0,0,0,-1,1,-9.04586e-07,-3.41782e-06,-0.181071,0,36.5288,1,1010,1010,1010,1010,0,0,0,0,45.662,50,-0.226169,0.261729,12,-0.0617541,0.141071,36,-0.117217,0.471036,20,0.050431,0.61411,12,-0.0514147,0.579372,54,-0.213327,0.578095,56,0.0480861,0.568079,56,-0.0564855,0.526319,56,-0.184143,0.542188
4710689507037,4710680258000,4710680258000,4710689501445,73729,9.24344,4710702080844,21.8228,1,10628,38891,0,0,1,0,0,0.019997,441,426,305,0.715962,2.47911,4.93671,0.77158,0.212984,-0.14328,4.86295,-0.000722234,0.00794622,-0.000253008,0.261549,1,0.397371,0.0361171,-0.0361171,0.397371,1,1,-0.0346672,0.421696,-0.00144988,-0.0243254,0,0,0,0,0,0,0,0,0,0,0,0,0,0,0,0,0,0,0,0,0,0,0,255,0.26,0.547671,0.26,-0.0139644,0.456145,1,1,1,1,0,1,1,-0.042358,-3.26172,0.148006,0.107642,-0.0137622,0.0633362,2.55915,9837,1,367,202.896,2459,0,0.000884653,0.0260436,0.0169269,0,0,0,1,305,0.265,-0.000615142,0.00673085,0.00178367,0.000163013,0.00173357,-0.000150084,0.182777,-0.0149751,0.005556,0.240854,-0.180178,0.000510566,-0.128925,0.00655596,2.39722,2,0,0,0,0,0,-1,1,-9.04586e-07,-3.41782e-06,-0.180052,0,2.75924,1,1010,1010,1010,1010,0,0,0,0,2.7636,2,0,0,3,-0.0497065,0.400092,27,-0.014009,0.362971,34,-0.0250944,0.415291,20,-0.0107541,0.421582,54,-0.0468347,0.386211,55,-0.0376743,0.414731,54,-0.0390306,0.397906,56,-0.0591372,0.42803
4710702529051,4710692234000,4710692234000,4710702519274,73729,10.2853,4710714494909,22.2609,0,10628,38892,0,0,1,0,0,0.011976,431,420,399,0.95,2.484,3.77162,0.707284,0.263058,0.0782776,3.0166,-1.4828e-05,0.00419281,0.0962786,0.461709,1,0.350101,0.00123815,-0.00123815,0.350101,1,1,-0.0086667,0.365664,0.00742855,-0.0155634,0,0,0,0,0,0,0,0,0,0,0,0,0,0,0,0,0,0,0,0,0,0,0,255,0.26,3.38316,0.26,0.00995776,0.525287,1,1,1,1,1,1,1,-0.042358,-3.26172,0.148006,0.107642,-0.0137622,0.0633362,14.9785,9837,1,367,12.4127,2460,0,0.000884653,0.0249671,0.0170667,0,0,0,1,399,0.265,-1.43481e-05,0.00355171,0.000941202,3.80224e-06,0.000900123,-0.000160303,0.183677,-0.0151354,0.0058315,0.239792,-0.180401,0.0219856,-0.0824861,-0.0139086,10.8955,1,0,0,0,0,0,-1,1,-9.04586e-07,-3.41782e-06,-0.180052,0,15.2091,1,1010,1010,1010,1010,0,0,0,0,15.2135,50,-0.081966,0.129514,6,-0.0836975,0.112903,52,-0.0418835,0.364689,30,0.107561,0.443157,37,0.0309412,0.418142,56,-0.0875022,0.387318,56,0.0761243,0.42172,56,0.0313606,0.369522,56,-0.0515355,0.382209
4710715075210,4710700259000,4710700259000,4710715064914,73729,14.8059,4710726262209,26.0032,0,10628,38893,0,0,1,0,0,0.008025,454,444,411,0.925676,2.49678,3.94087,0.751617,0.274446,0.116425,3.0217,-6.4539e-05,0.00448191,0.0431593,0.607315,1,0.558494,0.00804224,-0.00804224,0.558494,1,1,-0.0181231,0.581042,0.0100809,-0.0225481,0,0,0,0,0,0,0,0,0,0,0,0,0,0,0,0,0,0,0,0,0,0,0,255,0.26,5.43925,0.26,0.00968976,0.686518,1,1,1,1,0,1,1,-0.042358,-3.26172,0.148006,0.107642,-0.0137622,0.0633362,26.7443,9837,1,367,24.1784,2460,0,0.000884653,0.0249671,0.0170667,0,0,0,1,411,0.265,-5.58776e-05,0.00379652,0.00100608,1.48076e-05,0.000964463,-0.000160891,0.184641,-0.0152963,0.00615535,0.238256,-0.180441,0.0318393,-0.119505,-0.0172715,11.5326,1,0,0,0,0,0,-1,1,-9.04586e-07,-3.41782e-06,-0.180052,0,26.9916,1,1010,1010,1010,1010,0,0,0,0,26.9959,34,-0.130426,0.247484,10,-0.0636854,0.179987,54,-0.00725941,0.543692,41,0.0994645,0.64995,48,0.00332347,0.656089,56,-0.0873614,0.629166,56,0.10458,0.591827,56,0.0393772,0.556129,56,-0.0767006,0.618106
4710726771436,4710712238000,4710712238000,4710726761380,73729,14.5234,4710739414021,27.176,0,10628,38894,0,0,1,0,0,0.011979,470,470,436,0.92766,2.50334,4.32353,0.793932,0.280058,0.118614,2.40688,0.000357036,0.00315737,0.110067,0.464645,1,0.263576,-0.0298052,0.0298052,0.263576,1,1,0.0201665,0.290092,0.00963865,-0.0265163,0,0,0,0,0,0,0,0,0,0,0,0,0,0,0,0,0,0,0,0,0,0,0,255,0.26,7.08604,0.26,-0.000561623,0.38995,1,1,1,1,0,1,1,-0.042358,-3.26172,0.148006,0.107642,-0.0137622,0.0633362,39.9043,9837,1,367,37.3385,2460,0,0.000884653,0.0249671,0.0170667,0,0,0,1,436,0.265,0.00030147,0.00267384,0.000708567,-7.98896e-05,0.000663127,-0.000202147,0.185304,-0.0154984,0.0067266,0.236992,-0.180398,0.0434267,-0.140536,-0.00612653,12.934,1,0,0,0,0,0,-1,1,-9.04586e-07,-3.41782e-06,-0.180052,0,40.159,1,1010,1010,1010,1010,0,0,0,0,40.1633,54,-0.0474751,0.0672486,13,0.0177715,0.00688814,54,0.00568058,0.268615,55,0.0886794,0.350716,54,0.0121129,0.325206,56,-0.0589942,0.303968,56,0.102376,0.312803,56,0.0629962,0.256085,38,-0.0536866,0.278473
4710739936192,4710720258000,4710720258000,4710739924062,73729,19.6661,4710751619825,31.3618,0,10628,38895,0,0,1,0,0,0.00802,468,462,364,0.787879,2.47748,4.5808,0.751247,0.242039,0.081665,2.48833,0.00023597,0.00322959,0.0784477,0.645,1,0.402693,-0.0294227,0.0294227,0.402693,1,1,0.0161984,0.427458,0.0132244,-0.0247652,0,0,0,0,0,0,0,0,0,0,0,0,0,0,0,0,0,0,0,0,0,0,0,255,0.26,0.149724,0.26,-0.00626623,0.568197,1,1,1,1,0,1,1,-0.042358,-3.26172,0.148006,0.107642,-0.0137622,0.0633362,52.1034,9837,1,367,49.5375,2460,0,0.000884653,0.0249671,0.0170667,0,0,0,1,364,0.265,0.000199113,0.00273391,0.000724486,-5.2765e-05,0.000683412,-0.000178402,0.185988,-0.0156768,0.00738467,0.235837,-0.180576,0.0612526,-0.131255,-0.0070692,11.9991,1,0,0,0,0,0,-1,1,-9.04586e-07,-3.41782e-06,-0.180768,0,0.201002,1,1010,1010,1010,1010,0,0,0,0,0.204983,40,-0.118585,0.0497379,14,-0.0278785,0.0320016,0,0,0,53,0.124342,0.502331,55,0.00752263,0.490138,36,-0.059768,0.484873,54,0.141983,0.456064,56,0.088556,0.401418,56,-0.0512507,0.425331
4710752132829,4710740250000,4710740250000,4710752127366,73729,11.8774,4710765084787,24.8348,1,10629,38896,0,0,1,0,0,0.019992,467,465,334,0.71828,2.48363,4.4658,0.822691,0.228021,0.63649,5.34944,0.00095908,0.00790864,0.0439986,0.450526,1,0.39559,-0.0479732,0.0479732,0.39559,1,1,0.0290912,0.419397,0.018882,-0.0238072,0,0,0,0,0,0,0,0,0,0,0,0,0,0,0,0,0,0,0,0,0,0,0,255,0.25,2.22244,0.25,0.00100104,0.527525,1,1,1,1,0,1,1,-0.0376505,-3.26235,0.148029,0.101133,-0.011325,0.0594962,13.4502,9838,1,367,63.004,2460,0,0.000884653,0.0249671,0.0170667,0,0,0,1,334,0.255,0.000811085,0.00669694,0.00170772,-0.000206827,0.0015962,-0.000502275,0.187584,-0.0161791,0.00790933,0.234672,-0.180947,0.0663449,-0.121416,-0.0239626,13.2689,1,0,0,0,0,0,-1,1,-9.04586e-07,-3.41782e-06,-0.180768,0,13.6652,1,1010,1010,1010,1010,0,0,0,0,13.6692,23,-0.0850677,0.0971737,1,0,0,35,0.0247234,0.392986,50,0.113423,0.445233,53,0.0533596,0.465498,56,-0.00821629,0.447828,35,0.12658,0.41737,54,0.0824944,0.377562,27,-0.0109862,0.43302
4710765568902,4710752236000,4710752236000,4710765556680,73729,13.3207,4710779196366,26.9604,0,10629,38897,0,0,1,0,0,0.011986,460,457,426,0.932166,2.50667,4.24783,0.800136,0.280614,0.264252,2.66502,0.000561802,0.00388242,0.102254,0.355562,1,0.323913,-0.0468715,0.0468715,0.323913,1,1,0.0266961,0.343363,0.0201755,-0.0194495,0,0,0,0,0,0,0,0,0,0,0,0,0,0,0,0,0,0,0,0,0,0,0,255,0.25,5.45997,0.25,-0.0409207,0.0446393,1,1,1,1,1,1,1,-0.0376505,-3.26235,0.148029,0.101133,-0.011325,0.0594962,27.561,9838,1,367,77.1148,2460,0,0.000884653,0.0249671,0.0170667,0,0,0,1,426,0.255,0.000475198,0.00328802,0.000838445,-0.000121176,0.000780241,-0.000266507,0.188364,-0.0164456,0.00887275,0.232958,-0.181649,0.0564886,-0.0991926,-0.0371251,13.8581,2,0,0,0,0,0,-1,1,-9.04586e-07,-3.41782e-06,-0.180768,0,27.7999,1,1010,1010,1010,1010,0,0,0,0,27.8039,47,-0.0470202,0.0908456,4,-0.0218545,0.398771,41,0.0322492,0.33406,54,0.0905293,0.384887,56,0.0419078,0.386662,56,-0.0131852,0.355677,56,0.109684,0.361763,56,0.0890593,0.296715,56,0.00756529,0.341538
4710779754315,4710772229000,4710772229000,4710779749722,73729,7.52072,4710791346965,19.118,1,10630,38898,0,0,1,0,0,0.019993,463,463,281,0.606911,2.51124,4.68289,0.933989,0.200224,0.558838,6.37872,0.00056109,0.0109907,0.0115588,0.221639,1,0.549728,-0.0280643,0.0280643,0.549728,1,1,0.0111087,0.55816,0.0169556,-0.00843155,0,0,0,0,0,0,0,0,0,0,0,0,0,0,0,0,0,0,0,0,0,0,0,255,0.26,-0.649672,0.26,0.136123,0.936613,1,1,1,1,0,1,1,-0.0376505,-3.26235,0.148029,0.101133,-0.011325,0.0594962,39.7336,9838,1,367,89.2874,2460,0,0.000884653,0.0249671,0.0170667,0,0,0,1,281,0.265,0.000471923,0.00930652,0.00246623,-0.000125059,0.0023373,-0.000556899,0.190702,-0.0170025,0.00944983,0.232709,-0.181834,0.0559901,-0.0446872,-0.0270998,11.9813,1,0,0,0,0,0,-1,1,-9.04586e-07,-3.41782e-06,-0.180768,0,39.9328,1,1010,1010,1010,1010,0,0,0,0,39.9368,0,0,0,0,0,0,19,0.0632586,0.516106,8,0.0210276,0.579146,43,0.0225769,0.562336,55,0.0228627,0.552506,52,0.038265,0.553166,48,0.0535886,0.528174,56,0.011217,0.583664
4710791855173,4710780253000,4710780253000,4710791842044,73729,11.589,4710803216081,22.9631,0,10630,38899,0,0,1,0,0,0.008024,455,455,392,0.861538,2.50121,4.47959,0.760913,0.263169,0.101837,3.32681,0.000302275,0.005059,0.11613,0.538785,1,0.630483,-0.0376713,0.0376713,0.630483,1,1,0.0257623,0.63327,0.0119091,-0.00278633,0,0,0,0,0,0,0,0,0,0,0,0,0,0,0,0,0,0,0,0,0,0,0,255,0.26,1.28794,0.26,-0.0353241,0.678804,1,1,1,1,0,1,1,-0.0324811,-3.26282,0.148272,0.100146,-0.00280507,0.0491176,4.88691,9839,1,367,101.135,2460,0,0.000884653,0.0249671,0.0170667,0,0,0,1,392,0.265,0.0002553,0.00428453,0.0011354,-6.76546e-05,0.00107435,-0.000265909,0.191776,-0.0172684,0.0108781,0.232434,-0.181469,0.0655617,-0.0147675,0.00195492,4.68541,2,0,0,0,0,0,-1,1,-9.04586e-07,-3.41782e-06,-0.181222,0,5.1111,1,1010,1010,1010,1010,0,0,0,0,5.11728,41,-0.066268,0.309662,7,0.0481426,0.220792,18,0.132228,0.414543,55,0.106768,0.737558,54,0.0172157,0.723568,50,-0.0725598,0.689782,55,0.140569,0.708782,56,0.0660808,0.559357,56,-0.0413203,0.656842
4710803711308,4710792273000,4710792273000,4710803703196,73729,11.4302,4710815062845,22.7898,0,10630,38900,0,0,1,0,0,0.01202,456,455,363,0.797802,2.50011,3.98416,0.718747,0.29804,0.00411987,3.34418,1.97214e-05,0.00528603,0.0362842,0.330939,1,0.439769,-0.00164072,0.00164072,0.439769,1,1,-0.0078339,0.441568,0.00947462,-0.00179837,0,0,0,0,0,0,0,0,0,0,0,0,0,0,0,0,0,0,0,0,0,0,0,255,0.26,2.97962,0.26,-0.0578423,0.453132,1,1,1,1,0,1,1,-0.0324811,-3.26282,0.148272,0.100146,-0.00280507,0.0491176,16.7347,9839,1,367,112.982,2460,0,0.000884653,0.0249671,0.0170667,0,0,0,1,363,0.265,1.52699e-05,0.00447733,0.00118649,-4.04653e-06,0.00113489,-0.000212351,0.192911,-0.0174807,0.0108781,0.232434,-0.181469,0.0681031,-0.00953136,0.0143101,16.5461,0,0,0,0,0,0,-1,1,-9.04586e-07,-3.41782e-06,-0.181222,0,16.9521,1,1010,1010,1010,1010,0,0,0,0,16.9583,43,-0.0557053,0.201388,4,-0.212074,0.274461,35,-0.0211471,0.409843,54,0.049538,0.49545,56,0.00247868,0.494715,56,-0.0447651,0.487207,56,0.0718273,0.471029,37,0.0278565,0.43668,22,-0.0789094,0.466731
4710815623387,4710800247000,4710800247000,4710815613646,73729,15.3666,4710827311686,27.0647,0,10630,38901,0,0,1,0,0,0.007974,456,455,402,0.883516,2.50452,4.20355,0.848803,0.276502,-0.0455475,3.38254,-0.000241628,0.00547698,-0.0816264,0.418161,1,0.686855,0.030302,-0.030302,0.686855,1,1,-0.0297231,0.686063,-0.000578916,0.000792508,0,0,0,0,0,0,0,0,0,0,0,0,0,0,0,0,0,0,0,0,0,0,0,255,0.26,4.5872,0.26,-0.0855034,0.658036,1,1,1,1,1,1,1,-0.0324811,-3.26282,0.148272,0.100146,-0.00280507,0.0491176,28.9829,9839,1,367,125.23,2460,0,0.000884653,0.0249671,0.0170667,0,0,0,1,402,0.265,-0.000205526,0.00463876,0.00122927,5.44644e-05,0.00118663,-0.000161033,0.194097,-0.0176418,0.0119735,0.232767,-0.180375,0.054701,0.00420029,0.0462154,12.0056,2,0,0,0,0,0,-1,1,-9.04586e-07,-3.41782e-06,-0.181222,0,29.2135,1,1010,1010,1010,1010,0,0,0,0,29.2197,19,-0.00832345,0.746196,6,-0.0947299,0.246839,44,0.0300343,0.47034,56,0.0150635,0.736572,56,-0.0395169,0.751496,56,-0.104937,0.773882,55,0.016383,0.708911,54,-0.00573099,0.646764,56,-0.122078,0.775113
4710827857450,4710808264000,4710808264000,4710827845543,73729,19.5815,4710840408350,32.1443,0,10630,38902,0,0,1,0,0,0.008017,458,458,436,0.951965,2.50043,4.31935,0.822488,0.280928,-0.202606,3.5136,-0.00053082,0.00526337,0.0137246,0.560154,1,0.656526,0.0662118,-0.0662118,0.656526,1,1,-0.0558494,0.650996,-0.0103623,0.00552971,0,0,0,0,0,0,0,0,0,0,0,0,0,0,0,0,0,0,0,0,0,0,0,255,0.26,6.73939,0.26,-0.11728,0.661373,1,1,1,1,0,1,1,-0.0324811,-3.26282,0.148272,0.100146,-0.00280507,0.0491176,42.0975,9839,1,367,138.345,2460,0,0.000884653,0.0249671,0.0170667,0,0,0,1,436,0.265,-0.000451462,0.00445806,0.00118139,0.000119638,0.0011526,-8.78585e-05,0.19525,-0.0177296,0.0120593,0.233232,-0.179756,0.0223016,0.0293075,0.0617776,12.875,1,0,0,0,0,0,-1,1,-9.04586e-07,-3.41782e-06,-0.181222,0,42.3501,1,1010,1010,1010,1010,0,0,0,0,42.3563,51,-0.184509,0.309134,4,-0.013788,0.538757,46,-0.106496,0.570639,56,0.0349738,0.77472,56,-0.0562006,0.769921,56,-0.180319,0.766789,56,0.0703658,0.727301,55,-0.014629,0.620512,56,-0.163879,0.711018
4710840966613,4710828263000,4710828263000,4710840960632,73729,12.6976,4710854376705,26.1137,1,10631,38903,0,0,1,0,0,0.019999,454,454,315,0.693833,2.53002,5.06845,0.840803,0.218021,-1.24854,7.12308,-0.00277657,0.0114814,0.0781899,0.374839,1,0.574098,0.138835,-0.138835,0.574098,1,1,-0.119897,0.571798,-0.0189383,0.00229984,0,0,0,0,0,0,0,0,0,0,0,0,0,0,0,0,0,0,0,0,0,0,0,255,0.26,-0.404115,0.26,-0.165628,0.535129,1,1,1,1,0,1,1,-0.0286539,-3.26276,0.146694,0.084351,-0.00061613,0.0387159,5.77062,9840,1,367,152.292,2460,0,0.000884653,0.0249671,0.0170667,0,0,0,1,315,0.265,-0.00235826,0.00972279,0.00257654,0.000624939,0.00257958,0.00016904,0.19783,-0.0175606,0.011256,0.233164,-0.178712,-0.0304221,0.0121892,0.0559609,5.60253,2,0,0,0,0,0,-1,1,-9.04586e-07,-3.41782e-06,-0.178457,0,5.97147,1,1010,1010,1010,1010,0,0,0,0,5.9764,25,-0.261063,0.259447,0,0,0,21,-0.190668,0.579046,40,-0.0617638,0.644205,53,-0.118114,0.617358,56,-0.209304,0.595825,32,-0.0310871,0.638488,33,-0.0895636,0.634414,55,-0.182602,0.576858
4710854830968,4710840242000,4710840242000,4710854821468,73729,14.5795,4710868945695,28.7037,0,10631,38904,0,0,1,0,0,0.011979,457,457,395,0.864333,2.52948,4.05564,0.788896,0.257483,-0.90657,3.06641,-0.00157598,0.00468819,0.0165945,0.330153,1,0.391367,0.131562,-0.131562,0.391367,1,1,-0.107097,0.394657,-0.0244648,-0.00329008,0,0,0,0,0,0,0,0,0,0,0,0,0,0,0,0,0,0,0,0,0,0,0,255,0.26,3.3123,0.26,-0.13265,0.352485,1,1,1,1,0,1,1,-0.0286539,-3.26276,0.146694,0.084351,-0.00061613,0.0387159,20.3389,9840,1,367,166.86,2460,0,0.000884653,0.0249671,0.0170667,0,0,0,1,395,0.265,-0.00133756,0.00397005,0.00105206,0.000354452,0.00107108,0.000167158,0.198901,-0.0173934,0.0106492,0.233147,-0.178261,-0.0677354,-0.0174374,0.0495425,14.365,1,0,0,0,0,0,-1,1,-9.04586e-07,-3.41782e-06,-0.178457,0,20.5664,1,1010,1010,1010,1010,0,0,0,0,20.5713,50,-0.186665,0.258342,2,0,0,22,-0.0204664,0.193053,56,-0.0752055,0.450998,56,-0.136577,0.441647,47,-0.212723,0.430246,56,-0.0620596,0.431235,50,-0.129707,0.415306,56,-0.212164,0.409753
4710869422884,4710860253000,4710860253000,4710869417662,73729,9.16466,4710881385760,21.1328,1,10632,38905,0,0,1,0,0,0.020011,452,452,338,0.747788,2.50639,4.70619,0.779951,0.228761,-1.85397,6.15611,-0.00367339,0.0112388,-0.0327401,0.0948187,1,0.561629,0.183569,-0.183569,0.561629,1,1,-0.162524,0.5608,-0.0210442,0.000829383,0,0,0,0,0,0,0,0,0,0,0,0,0,0,0,0,0,0,0,0,0,0,0,255,0.26,7.18347,0.26,-0.115123,0.471479,1,1,1,1,1,1,1,-0.0286539,-3.26276,0.146694,0.084351,-0.00061613,0.0387159,32.7975,9840,1,367,179.319,2460,0,0.000884653,0.0249671,0.0170667,0,0,0,1,338,0.265,-0.0031176,0.009517,0.002522,0.000826165,0.00256296,0.000378422,0.201464,-0.017015,0.0103236,0.23356,-0.17795,-0.0598137,0.00439573,0.0413764,12.2322,1,0,0,0,0,0,-1,1,-9.04586e-07,-3.41782e-06,-0.178457,0,33.0078,1,1010,1010,1010,1010,0,0,0,0,33.0128,12,-0.193487,0.55703,0,0,0,10,-0.164494,0.551653,51,-0.200426,0.562743,56,-0.17677,0.551159,56,-0.191961,0.557259,55,-0.181698,0.581898,43,-0.170947,0.578771,55,-0.201353,0.581286
4710881935394,4710868265000,4710868265000,4710881924672,73729,13.6597,4710893138523,24.8735,0,10632,38906,0,0,1,0,0,0.008012,453,452,432,0.955752,2.53534,3.94648,0.734766,0.282854,-0.69693,3.38618,-0.00150454,0.00534055,-0.0507148,0.442957,1,0.666569,0.187786,-0.187786,0.666569,1,1,-0.172932,0.660836,-0.0148537,0.00573331,0,0,0,0,0,0,0,0,0,0,0,0,0,0,0,0,0,0,0,0,0,0,0,255,0.26,-0.086908,0.26,-0.082227,0.64148,1,1,1,1,0,1,1,-0.0286539,-3.26276,0.146694,0.084351,-0.00061613,0.0387159,44.5341,9840,1,367,191.056,2460,0,0.000884653,0.0249671,0.0170667,0,0,0,1,432,0.265,-0.00127708,0.00452424,0.00119892,0.000338426,0.00120851,0.000126631,0.202672,-0.0168884,0.00991751,0.233932,-0.177828,-0.0459283,0.0303866,0.0262371,11.5115,1,0,0,0,0,0,-1,1,-9.04586e-07,-3.41782e-06,-0.178457,0,44.7822,1,1010,1010,1010,1010,0,0,0,0,44.7871,53,-0.261166,0.509739,3,-0.255548,0.456757,52,-0.187989,0.416833,56,-0.068817,0.728484,56,-0.15016,0.753862,56,-0.280007,0.751477,52,-0.0771174,0.729867,48,-0.167908,0.717845,56,-0.295202,0.729935
4710893653175,4710880244000,4710880244000,4710893640249,73729,13.3962,4710905436754,25.1928,0,10632,38907,0,0,1,0,0,0.011979,455,455,352,0.773626,2.5353,4.2655,0.71808,0.243706,-0.524139,3.34435,-0.000976593,0.00541524,0.0527663,0.24892,1,0.452061,0.0815254,-0.0815254,0.452061,1,1,-0.0730472,0.43447,-0.00847818,0.0175908,0,0,0,0,0,0,0,0,0,0,0,0,0,0,0,0,0,0,0,0,0,0,0,255,0.26,1.49968,0.26,-0.0210478,0.405103,1,1,1,1,0,1,1,-0.0251207,-3.26289,0.145077,0.0836083,-0.0081812,0.0319166,2.13809,9841,1,367,2.09742,2461,0,0.000884653,0.0254139,0.0196387,0,0,0,1,352,0.265,-0.00082991,0.00458644,0.00121541,0.000219926,0.00120193,7.89623e-06,0.203874,-0.0168805,0.00944219,0.237872,-0.177432,-0.0254627,0.0932314,0.0155773,1.92133,3,0,0,0,0,0,-1,1,-9.04586e-07,-3.41782e-06,-0.177324,0,2.34868,1,1010,1010,1010,1010,0,0,0,0,2.35372,14,-0.149214,0.176284,4,-0.135256,0.198457,32,-0.119447,0.400962,50,-0.0480503,0.488994,56,-0.0657938,0.476334,56,-0.132139,0.487673,56,-0.016222,0.480888,44,-0.0575038,0.490458,40,-0.140121,0.476142
4710905910146,4710888272000,4710888272000,4710905902109,73729,17.6301,4710917074997,28.803,0,10632,38908,0,0,1,0,0,0.008028,454,454,377,0.830396,2.54084,4.11801,0.76197,0.248299,-0.399872,3.71942,-0.000849274,0.00616556,0.044231,0.399442,1,0.768007,0.105789,-0.105789,0.768007,1,1,-0.0985759,0.738576,-0.00721303,0.0294305,0,0,0,0,0,0,0,0,0,0,0,0,0,0,0,0,0,0,0,0,0,0,0,255,0.26,3.5642,0.26,-0.0420348,0.666131,1,1,1,1,0,1,1,-0.0251207,-3.26289,0.145077,0.0836083,-0.0081812,0.0319166,13.7836,9841,1,367,13.7429,2461,0,0.000884653,0.0254139,0.0196387,0,0,0,1,377,0.265,-0.000721589,0.00522161,0.00138373,0.000191221,0.00135782,-4.92179e-05,0.205232,-0.0169297,0.00944219,0.237872,-0.177432,-0.0157885,0.155981,0.0179524,13.5489,0,0,0,0,0,0,-1,1,-9.04586e-07,-3.41782e-06,-0.177324,0,14.0066,1,1010,1010,1010,1010,0,0,0,0,14.0117,44,-0.243571,0.503282,1,0,0,9,-0.200005,0.825985,54,-0.0124021,0.823215,56,-0.071712,0.817477,55,-0.190552,0.804557,52,0.0180805,0.800562,50,-0.0642911,0.811846,56,-0.147147,0.783258
4710917589057,4710908273000,4710908273000,4710917582261,73729,9.30926,4710930893814,22.6208,1,10633,38909,0,0,1,0,0,0.020001,454,454,320,0.704846,2.54154,4.98802,0.763599,0.219946,-0.674911,9.17931,-0.00124092,0.0171232,0.00626338,0.043908,1,0.856116,0.0620429,-0.0620429,0.856116,1,1,-0.0561188,0.817523,-0.00592411,0.0385927,0,0,0,0,0,0,0,0,0,0,0,0,0,0,0,0,0,0,0,0,0,0,0,255,0.26,4.21303,0.26,-0.0308772,0.6151,1,1,1,1,0,1,1,-0.0251207,-3.26289,0.145077,0.0836083,-0.0081812,0.0319166,27.6135,9841,1,367,27.5729,2461,0,0.000884653,0.0254139,0.0196387,0,0,0,1,320,0.265,-0.00105571,0.0144991,0.00384226,0.000279762,0.00372352,-0.000383288,0.208955,-0.017313,0.00925421,0.240014,-0.177381,-0.0136121,0.204541,0.0142286,13.6326,1,0,0,0,0,0,-1,1,-9.04586e-07,-3.41782e-06,-0.177324,0,27.8246,1,1010,1010,1010,1010,0,0,0,0,27.8297,3,-0.0412942,0.858024,0,0,0,5,-0.0779354,0.807636,50,-0.0454375,0.854936,53,-0.0611193,0.851623,52,-0.0782183,0.853229,54,-0.0634036,0.863664,47,-0.0571078,0.886786,56,-0.0619595,0.87253
4710931383355,4710920243000,4710920243000,4710931372281,73729,11.1293,4710944168886,23.9259,0,10633,38910,0,0,1,0,0,0.01197,459,459,402,0.875817,2.54139,4.04859,0.772636,0.269577,-0.504013,4.72269,-0.00106979,0.00749023,0.0124139,0.393163,1,0.62575,0.0893724,-0.0893724,0.62575,1,1,-0.0804389,0.583521,-0.00893348,0.0422289,0,0,0,0,0,0,0,0,0,0,0,0,0,0,0,0,0,0,0,0,0,0,0,255,0.26,8.6815,0.26,-0.0585939,0.408411,1,1,1,1,1,1,1,-0.0251207,-3.26289,0.145077,0.0836083,-0.0081812,0.0319166,40.8726,9841,1,367,40.8318,2461,0,0.000884653,0.0254139,0.0196387,0,0,0,1,402,0.265,-0.000908886,0.00634433,0.00168125,0.000240855,0.00164951,-5.08488e-05,0.210605,-0.0173638,0.00877797,0.242338,-0.177281,-0.0307816,0.223813,0.0132527,13.032,1,0,0,0,0,0,-1,1,-9.04586e-07,-3.41782e-06,-0.177324,0,41.1025,1,1010,1010,1010,1010,0,0,0,0,0.184482,38,-0.129781,0.384208,4,-0.21862,0.241831,28,-0.0975849,0.378036,54,0.0203864,0.693272,56,-0.0622832,0.676256,56,-0.181554,0.690178,56,0.0150888,0.670677,54,-0.0820257,0.676174,56,-0.165544,0.653202
4710944703965,4710928272000,4710928272000,4710944693261,73729,16.4213,4710956166281,27.8943,0,10633,38911,0,0,1,0,0,0.008029,454,454,378,0.832599,2.74917,4.17648,0.756802,0.253891,-0.600449,4.69646,-0.00129076,0.00791204,-0.144624,0.410663,1,0.985433,0.160762,-0.160762,0.985433,1,1,-0.144962,0.944945,-0.0157993,0.0404883,0,0,0,0,0,0,0,0,0,0,0,0,0,0,0,0,0,0,0,0,0,0,0,255,0.26,1.73701,0.26,-0.0995977,0.663398,1,1,1,1,0,1,1,-0.0208033,-3.26345,0.144004,0.0831355,-0.0119897,0.0323793,2.09094,9842,1,367,52.8285,2461,0,0.000884653,0.0254139,0.0196387,0,0,0,1,378,0.265,-0.00109589,0.00670157,0.00177592,0.000290412,0.00174622,-1.76088e-05,0.212351,-0.0173815,0.00661407,0.24814,-0.177156,-0.069416,0.214588,0.0114561,1.83509,3,0,0,0,0,0,-1,1,-9.04586e-07,-3.41781e-06,-0.177008,0,2.32343,1,1010,1010,1010,1010,0,0,0,0,12.1832,13,-0.146392,0.839628,1,0,0,36,-0.103808,0.59589,52,-0.0751977,1.00465,56,-0.129719,1.03873,56,-0.286677,1.0717,56,-0.0950191,0.99487,56,-0.173543,1.04081,52,-0.28446,1.06194
4710956629637,4710948304000,4710948304000,4710956625062,73729,8.32106,4710968993757,20.6898,1,10634,38912,0,0,1,0,0,0.020032,462,462,313,0.677489,2.52039,4.97615,0.831821,0.208354,-1.41724,9.10269,-0.00264927,0.0170155,-0.0135717,0.048045,1,0.849415,0.132252,-0.132252,0.849415,1,1,-0.11619,0.813543,-0.0160619,0.0358727,0,0,0,0,0,0,0,0,0,0,0,0,0,0,0,0,0,0,0,0,0,0,0,255,0.26,3.51051,0.26,-0.0626726,0.455024,1,1,1,1,0,1,1,-0.0208033,-3.26345,0.144004,0.0831355,-0.0119897,0.0323793,14.9275,9842,1,367,65.6652,2461,0,0.000884653,0.0254139,0.0196387,0,0,0,1,313,0.265,-0.00225013,0.0144061,0.00381762,0.000596285,0.00374881,-6.5409e-05,0.2161,-0.0174469,0.00661407,0.24814,-0.177156,-0.0752478,0.190125,0.00790421,14.6979,0,0,0,0,0,0,-1,1,-9.04586e-07,-3.41781e-06,-0.177008,0,15.1288,1,1010,1010,1010,1010,0,0,0,0,24.9886,0,0,0,0,0,0,1,0,0,48,-0.124094,0.84764,56,-0.12834,0.841907,54,-0.150611,0.84574,51,-0.139359,0.8676,47,-0.130104,0.866785,56,-0.133881,0.857851
4710969439075,4710960244000,4710960244000,4710969428779,73729,9.18478,4710982505516,22.2615,0,10634,38913,0,0,1,0,0,0.01194,461,461,443,0.960954,2.52645,4.31009,0.732914,0.287632,-0.608185,3.74994,-0.00133038,0.00534219,-0.00285584,0.488802,1,0.447419,0.111422,-0.111422,0.447419,1,1,-0.0947333,0.424013,-0.0166885,0.0234063,0,0,0,0,0,0,0,0,0,0,0,0,0,0,0,0,0,0,0,0,0,0,0,255,0.26,6.11635,0.26,-0.0088534,0.245111,1,1,1,1,0,1,1,-0.0208033,-3.26345,0.144004,0.0831355,-0.0119897,0.0323793,28.4384,9842,1,367,79.1759,2461,0,0.000884653,0.0254139,0.0196387,0,0,0,1,443,0.265,-0.00112966,0.0045254,0.00119923,0.00029936,0.00119727,8.97656e-05,0.217297,-0.0173571,0.00567526,0.248843,-0.177155,-0.0824651,0.124054,0.00478736,13.2791,1,0,0,0,0,0,-1,1,-9.04586e-07,-3.41781e-06,-0.177008,0,28.6863,1,1010,1010,1010,1010,0,0,0,0,38.5461,50,-0.186887,0.290617,10,-0.148372,0.221539,48,-0.107097,0.249874,56,-0.00293075,0.516591,56,-0.0804133,0.509493,56,-0.215818,0.535907,56,0.00590457,0.488282,55,-0.100656,0.505887,56,-0.223815,0.477617
4710983006112,4710968263000,4710968263000,4710982996149,73729,14.7331,4710994007832,25.7448,0,10634,38914,0,0,1,0,0,0.008019,458,458,399,0.871179,2.51954,3.94188,0.76897,0.261076,-0.582947,3.18774,-0.000899125,0.00458121,0.0734578,0.62186,1,0.571295,0.112124,-0.112124,0.571295,1,1,-0.0997789,0.562015,-0.0123455,0.00927957,0,0,0,0,0,0,0,0,0,0,0,0,0,0,0,0,0,0,0,0,0,0,0,255,0.26,-0.599357,0.26,-0.0360339,0.415643,1,1,1,1,1,1,1,-0.0208033,-3.26345,0.144004,0.0831355,-0.0119897,0.0323793,39.9363,9842,1,367,90.6739,2461,0,0.000884653,0.0254139,0.0196387,0,0,0,1,399,0.265,-0.000764023,0.00388102,0.00102847,0.000202466,0.00101694,2.29407e-05,0.218314,-0.0173342,0.00407224,0.249444,-0.177825,-0.0854286,0.0491817,-0.015998,9.94447,2,0,0,0,0,0,-1,1,-9.04586e-07,-3.41781e-06,-0.177008,0,40.1657,1,1010,1010,1010,1010,0,0,0,0,0.194557,43,-0.0694491,0.362934,6,0.168617,0.243458,50,-0.114914,0.367242,53,-0.019734,0.68525,56,-0.11761,0.664927,56,-0.294821,0.670685,56,-0.00211682,0.646401,56,-0.108717,0.627517,23,-0.26871,0.619922
4710994533540,4710980240000,4710980240000,4710994522355,73729,14.2824,4711006376415,26.1364,0,10634,38915,0,0,1,0,0,0.011977,458,458,429,0.936681,2.5155,4.109,0.783284,0.315688,-0.380402,3.02335,-0.000581634,0.00437945,0.0707286,0.362415,1,0.365655,0.0485626,-0.0485626,0.365655,1,1,-0.0539669,0.363234,0.00540429,0.00242089,0,0,0,0,0,0,0,0,0,0,0,0,0,0,0,0,0,0,0,0,0,0,0,255,0.26,0.734191,0.26,0.037623,0.269565,1,1,1,1,0,1,1,-0.0169495,-3.26427,0.143276,0.0713184,-0.0164593,0.0388454,1.9492,9843,1,367,103.039,2461,0,0.000884653,0.0254139,0.0196387,0,0,0,1,429,0.265,-0.000494514,0.00370999,0.000983148,0.000131046,0.000960871,-4.0825e-05,0.219275,-0.017375,0.00333393,0.24969,-0.179146,-0.0415984,0.0128307,-0.0561929,1.70338,2,0,0,0,0,0,-1,1,-9.04586e-07,-3.41781e-06,-0.178378,0,2.18624,1,1010,1010,1010,1010,0,0,0,0,12.5676,37,-0.0387161,0.199694,10,0.0543422,0.130108,49,-0.0698772,0.215938,54,0.00737011,0.427117,56,-0.0310152,0.417216,56,-0.143154,0.426055,56,0.0280478,0.407762,56,-0.0551442,0.409299,55,-0.125795,0.393489
4711006847197,4711000239000,4711000239000,4711006842308,73729,6.60331,4711020181102,19.9421,1,10635,38916,0,0,1,0,0,0.019999,458,458,385,0.840611,2.51076,4.75513,0.76921,0.273669,-0.294922,5.74771,-0.000466431,0.00860157,0.0914352,0.403479,1,0.4301,0.0233227,-0.0233227,0.4301,1,1,-0.0328227,0.427745,0.0095,0.00235473,0,0,0,0,0,0,0,0,0,0,0,0,0,0,0,0,0,0,0,0,0,0,0,255,0.26,2.91621,0.26,0.0552659,0.391859,1,1,1,1,0,1,1,-0.0169495,-3.26427,0.143276,0.0713184,-0.0164593,0.0388454,15.7642,9843,1,367,116.854,2461,0,0.000884653,0.0254139,0.0196387,0,0,0,1,385,0.265,-0.000398286,0.00728463,0.00193043,0.000105546,0.00185952,-0.000229474,0.221135,-0.0176045,0.00333393,0.24969,-0.179146,-0.0282256,0.0124801,-0.0628605,15.5098,0,0,0,0,0,0,-1,1,-9.04586e-07,-3.41781e-06,-0.178378,0,15.9884,1,1010,1010,1010,1010,0,0,0,0,26.3697,31,-0.155487,0.232636,7,0.0388148,0.10924,20,0.0109632,0.277672,49,0.0627271,0.474458,56,-0.00273212,0.476206,56,-0.106887,0.483077,56,0.0578977,0.462214,56,-0.00508567,0.459579,54,-0.102937,0.451685
4711020652588,4711008260000,4711008260000,4711020642180,73729,12.3822,4711034100883,25.8409,0,10635,38917,0,0,1,0,0,0.008021,464,464,453,0.976293,2.51772,4.20957,0.750636,0.287687,0.220596,3.16336,0.000424411,0.00445847,0.140919,0.626646,1,0.555849,-0.0529125,0.0529125,0.555849,1,1,0.0338094,0.548159,0.0191031,0.00768966,0,0,0,0,0,0,0,0,0,0,0,0,0,0,0,0,0,0,0,0,0,0,0,255,0.26,6.49031,0.26,0.0955575,0.563862,1,1,1,1,0,1,1,-0.0169495,-3.26427,0.143276,0.0713184,-0.0164593,0.0388454,29.6763,9843,1,367,130.766,2461,0,0.000884653,0.0254139,0.0196387,0,0,0,1,453,0.265,0.000358861,0.00377713,0.00100094,-9.50981e-05,0.000936965,-0.000267195,0.222071,-0.0178717,0.00346937,0.2503,-0.180037,0.00769629,0.0407552,-0.0748402,13.6738,1,0,0,0,0,0,-1,1,-9.04586e-07,-3.41781e-06,-0.178378,0,29.9285,1,1010,1010,1010,1010,0,0,0,0,40.3099,52,0.0108451,0.300167,13,0.0705199,0.246798,52,0.0199373,0.43178,56,0.184927,0.628497,56,0.0610771,0.659005,56,-0.0783534,0.643864,56,0.206292,0.612804,56,0.0843006,0.618862,56,-0.0579433,0.602319
4711034598961,4711016283000,4711016283000,4711034587572,73729,18.3046,4711048461223,32.1782,0,10635,38918,0,0,1,0,0,0.008023,465,465,414,0.890323,2.51935,3.96083,0.740135,0.26965,0.470093,3.34477,0.00117489,0.00521617,0.253108,0.467279,1,0.650152,-0.14644,0.14644,0.650152,1,1,0.116059,0.639244,0.0303811,0.0109072,0,0,0,0,0,0,0,0,0,0,0,0,0,0,0,0,0,0,0,0,0,0,0,255,0.26,0.205075,0.26,0.126868,0.605065,1,1,1,1,1,1,1,-0.0169495,-3.26427,0.143276,0.0713184,-0.0164593,0.0388454,44.0341,9843,1,367,145.124,2461,0,0.000884653,0.0254139,0.0196387,0,0,0,1,414,0.265,0.000995121,0.00441909,0.00117106,-0.000263707,0.00106756,-0.000464648,0.223139,-0.0183363,0.00395579,0.25123,-0.182039,0.0427059,0.057808,-0.0946511,14.1152,2,0,0,0,0,0,-1,1,-9.04586e-07,-3.41782e-06,-0.18275,0,0.221279,1,1010,1010,1010,1010,0,0,0,0,0.22489,41,0.107112,0.421055,6,0.197467,0.398161,31,0.142042,0.58729,56,0.246149,0.727455,56,0.16183,0.711258,56,0.054472,0.695668,56,0.257813,0.724458,56,0.15758,0.691463,56,0.0763278,0.66562
4711048975524,4711036275000,4711036275000,4711048971042,73729,12.696,4711059932780,23.6578,1,10636,38919,0,0,1,0,0,0.019992,463,463,363,0.784017,2.50246,4.79306,0.749876,0.23552,0.976624,6.39804,0.00212507,0.0104108,0.142979,0.328247,1,0.520746,-0.106296,0.106296,0.520746,1,1,0.0765572,0.511668,0.0297386,0.00907781,0,0,0,0,0,0,0,0,0,0,0,0,0,0,0,0,0,0,0,0,0,0,0,255,0.25,4.39035,0.25,0.0547279,0.364776,1,1,1,2,0,1,1,-0.0132034,-3.26508,0.142168,0.0742391,-0.0165701,0.0397119,11.486,9844,1,367,156.622,2461,0,0.000884653,0.0254139,0.0196387,0,0,0,1,363,0.255,0.00179907,0.00881639,0.00224818,-0.000458762,0.0020572,-0.000846932,0.225196,-0.0191832,0.00415373,0.251634,-0.182845,0.0425412,0.0462968,-0.0873008,11.2745,1,0,0,0,0,0,-1,1,-9.04586e-07,-3.41782e-06,-0.18275,0,11.721,1,1010,1010,1010,1010,0,0,0,0,11.7246,17,-0.0933718,0.276442,1,0,0,21,0.125151,0.445605,45,0.158235,0.553219,56,0.114433,0.542754,56,0.0472968,0.556593,56,0.169571,0.545349,55,0.12869,0.538566,56,0.0588761,0.536327
4711060425507,4711048261000,4711048261000,4711060417340,73729,12.1563,4711073451484,25.1905,0,10636,38920,0,0,1,0,0,0.011986,470,468,351,0.75,2.48676,4.3263,0.818321,0.224372,0.35701,3.12125,0.000960483,0.00517322,0.142818,0.208343,1,0.431605,-0.0801337,0.0801337,0.431605,1,1,0.0566921,0.424938,0.0234416,0.00666704,0,0,0,0,0,0,0,0,0,0,0,0,0,0,0,0,0,0,0,0,0,0,0,255,0.26,5.42112,0.26,0.0272536,0.0780267,1,1,1,1,0,1,1,-0.0132034,-3.26508,0.142168,0.0742391,-0.0165701,0.0397119,24.9821,9844,1,367,170.119,2461,0,0.000884653,0.0254139,0.0196387,0,0,0,1,351,0.265,0.000813001,0.0043807,0.00116088,-0.000215445,0.00106587,-0.000416852,0.226262,-0.0196001,0.00436597,0.251861,-0.183428,0.0371223,0.0353353,-0.0696946,13.2464,1,0,0,0,0,0,-1,1,-9.04586e-07,-3.41782e-06,-0.18275,0,25.21,1,1010,1010,1010,1010,0,0,0,0,25.2137,16,0.00636819,0.245956,0,0,0,0,0,0,56,0.100992,0.447997,55,0.0799833,0.451468,56,0.0533778,0.436211,56,0.118335,0.466288,56,0.088871,0.447265,56,0.0607404,0.431734
4711073925506,4711056279000,4711056279000,4711073914191,73729,17.6352,4711085229321,28.9503,0,10636,38921,0,0,1,0,0,0.008018,466,465,419,0.901075,2.50784,4.12233,0.78734,0.265373,0.320068,2.98764,0.000641216,0.00439867,0.117963,0.510944,1,0.5486,-0.0799721,0.0799721,0.5486,1,1,0.0636272,0.543325,0.0163449,0.0052751,0,0,0,0,0,0,0,0,0,0,0,0,0,0,0,0,0,0,0,0,0,0,0,255,0.26,9.04333,0.26,0.0460775,0.902468,1,1,1,1,0,1,1,-0.0132034,-3.26508,0.142168,0.0742391,-0.0165701,0.0397119,36.7593,9844,1,367,181.896,2461,0,0.000884653,0.0254139,0.0196387,0,0,0,1,419,0.265,0.000542831,0.00372607,0.000987407,-0.00014385,0.000913633,-0.000316139,0.227176,-0.0199162,0.00443774,0.252165,-0.183783,0.0252274,0.027958,-0.0491205,11.5617,1,0,0,0,0,0,-1,1,-9.04586e-07,-3.41782e-06,-0.18275,0,36.9952,1,1010,1010,1010,1010,0,0,0,0,36.9988,37,-0.012474,0.231664,4,0.28136,0.176771,43,0.0568816,0.359966,56,0.165577,0.626836,56,0.0828755,0.637279,55,-0.023202,0.61787,56,0.204464,0.601561,56,0.120254,0.594483,56,-0.0197993,0.584526
4711085704788,4711076281000,4711076281000,4711085699918,73729,9.41892,4711098366410,22.0854,1,10637,38922,0,0,1,0,0,0.020002,468,461,334,0.724512,2.50578,4.76596,1.09518,0.22865,0.485146,6.39189,0.00103483,0.0113389,0.0449944,0.137329,1,0.566888,-0.0517363,0.0517363,0.566888,1,1,0.0442477,0.56107,0.0074886,0.00581811,0,0,0,0,0,0,0,0,0,0,0,0,0,0,0,0,0,0,0,0,0,0,0,255,0.25,0.492652,0.25,0.00836783,0.402075,1,1,1,1,1,1,1,-0.0132034,-3.26508,0.142168,0.0742391,-0.0165701,0.0397119,49.8943,9844,1,367,195.031,2461,0,0.000884653,0.0254139,0.0196387,0,0,0,1,334,0.255,0.000874857,0.00960159,0.00244841,-0.000223089,0.00228964,-0.000652741,0.229465,-0.020569,0.00485468,0.252677,-0.18388,0.0193926,0.0296724,-0.0150394,12.9169,2,0,0,0,0,0,-1,1,-9.04586e-07,-3.41781e-06,-0.183723,0,0.201131,1,1010,1010,1010,1010,0,0,0,0,4.62465,1,0,0,0,0,0,13,0.0876565,0.481866,48,0.0622816,0.562676,52,0.0433929,0.573464,54,0.0392194,0.580457,56,0.0647435,0.578984,54,0.0558721,0.573953,56,0.0406335,0.577271
4711098870600,4711088258000,4711088258000,4711098862433,73729,10.6044,4711110291582,22.0336,0,10637,38923,0,0,1,0,0,0.011977,457,455,400,0.879121,2.49452,4.25524,0.788433,0.262095,0.250137,3.0451,0.000457095,0.00460686,0.0509169,0.294941,1,0.384643,-0.0381644,0.0381644,0.384643,1,1,0.0369917,0.378016,0.00117263,0.00662665,0,0,0,0,0,0,0,0,0,0,0,0,0,0,0,0,0,0,0,0,0,0,0,255,0.26,3.50699,0.26,-0.0129805,0.0693565,1,1,1,2,0,1,1,-0.00903594,-3.26609,0.14108,0.0778084,-0.0158647,0.0371279,11.928,9845,1,367,206.969,2461,0,0.000884653,0.0254139,0.0196387,0,0,0,1,400,0.265,0.000386803,0.00390248,0.00103416,-0.000102503,0.00096544,-0.000283767,0.230431,-0.0208527,0.00493135,0.25325,-0.183836,0.0140644,0.0351213,0.00627957,11.7151,1,0,0,0,0,0,-1,1,-9.04586e-07,-3.41781e-06,-0.183723,0,12.153,1,1010,1010,1010,1010,0,0,0,0,16.5766,26,0.0634072,0.196447,3,-0.0639778,0.290226,42,0.00882795,0.210194,56,0.0797616,0.416145,49,0.0388045,0.433208,56,-0.0193495,0.429585,56,0.0901484,0.432192,56,0.0500638,0.413058,56,-0.0134546,0.408589
4711110762068,4711096311000,4711096311000,4711110752345,73729,14.4413,4711121653898,25.3429,0,10637,38924,0,0,1,0,0,0.008053,436,435,375,0.862069,2.51454,4.15114,0.706376,0.252706,0.0372314,3.37769,0.000158044,0.00493862,0.0872319,0.553354,1,0.613265,-0.0196255,0.0196255,0.613265,1,1,0.0194863,0.598483,0.000139147,0.0147821,0,0,0,0,0,0,0,0,0,0,0,0,0,0,0,0,0,0,0,0,0,0,0,255,0.26,4.3507,0.26,-0.014145,1.05917,1,1,1,1,0,1,1,-0.00903594,-3.26609,0.14108,0.0778084,-0.0158647,0.0371279,23.3026,9845,1,367,11.3352,2462,0,0.000884653,0.0231932,0.0194162,0,0,0,1,375,0.265,0.000132795,0.00418349,0.00110862,-3.51907e-05,0.00104835,-0.000230924,0.231479,-0.0210837,0.00477228,0.254388,-0.184024,0.00127224,0.0783452,0.000427811,11.1218,1,0,0,0,0,0,-1,1,-9.04586e-07,-3.41781e-06,-0.183723,0,23.5291,1,1010,1010,1010,1010,0,0,0,0,27.9527,32,0.0135792,0.294405,3,0.144713,0.10294,36,-0.0235686,0.364621,56,0.135136,0.701452,35,0.00834251,0.709534,55,-0.12374,0.7033,56,0.134747,0.678044,56,0.0602341,0.660228,46,-0.0914744,0.655071
4711122148420,4711108258000,4711108258000,4711122137587,73729,13.8796,4711133892665,25.6347,0,10637,38925,0,0,1,0,0,0.011947,442,439,374,0.851936,2.48445,4.05879,0.687154,0.25391,-0.0840454,3.80563,-0.000582308,0.00579833,-0.0672209,0.39516,1,0.485338,0.0487409,-0.0487409,0.485338,1,1,-0.0495412,0.462625,0.000800265,0.0227129,0,0,0,0,0,0,0,0,0,0,0,0,0,0,0,0,0,0,0,0,0,0,0,255,0.26,6.46596,0.26,-0.0297442,0.430322,1,1,1,1,0,1,1,-0.00903594,-3.26609,0.14108,0.0778084,-0.0158647,0.0371279,35.5202,9845,1,367,23.553,2462,0,0.000884653,0.0231932,0.0194162,0,0,0,1,374,0.265,-0.000494776,0.0049114,0.00130152,0.000131116,0.00126204,-0.000101957,0.232741,-0.0211856,0.00444102,0.25572,-0.184352,-0.017134,0.120378,-0.0171003,12.0076,1,0,0,0,0,0,-1,1,-9.04586e-07,-3.41781e-06,-0.183723,0,35.746,1,1010,1010,1010,1010,0,0,0,0,40.1695,18,-0.230515,0.26583,3,-0.35984,0.145032,43,-0.0461472,0.332258,48,0.0523775,0.508286,40,-0.0225068,0.5347,54,-0.111857,0.569295,56,0.0366043,0.500383,56,-0.0266151,0.503533,56,-0.121337,0.529945
4711134357595,4711116285000,4711116285000,4711134346872,73729,18.0619,4711145305777,29.0208,0,10637,38926,0,0,1,0,0,0.008027,454,448,379,0.845982,2.49837,4.03011,0.742914,0.25178,-0.155121,3.98645,-0.00068368,0.00595631,-0.0553227,0.608985,1,0.742034,0.0851725,-0.0851725,0.742034,1,1,-0.0830787,0.711875,-0.0020938,0.0301589,0,0,0,0,0,0,0,0,0,0,0,0,0,0,0,0,0,0,0,0,0,0,0,255,0.26,8.47166,0.26,-0.0407534,0.647104,1,1,1,1,0,1,1,-0.00903594,-3.26609,0.14108,0.0778084,-0.0158647,0.0371279,46.9315,9845,1,367,34.964,2462,0,0.000884653,0.0231932,0.0194162,0,0,0,1,379,0.265,-0.000580799,0.0050455,0.00133706,0.000153912,0.00129887,-8.57532e-05,0.23404,-0.0212714,0.00394821,0.259142,-0.184441,-0.0244406,0.159842,-0.0106748,11.1725,2,0,0,0,0,0,-1,1,-9.04586e-07,-3.41781e-06,-0.183723,0,47.1548,1,1010,1010,1010,1010,0,0,0,0,0.162705,18,-0.314268,0.371702,7,-0.19526,0.189308,45,-0.0790339,0.48807,41,0.0906584,0.778581,46,-0.0519776,0.841904,54,-0.21358,0.873844,56,0.0624735,0.779115,56,-0.0412019,0.768791,56,-0.213175,0.822079
4711145776762,4711136280000,4711136280000,4711145771373,73729,9.49137,4711157467840,21.1878,1,10638,38927,0,0,1,0,0,0.019995,457,448,305,0.680804,2.49456,4.81617,0.913026,0.216558,-0.411896,8.35922,0.000193971,0.0139949,0.178518,0.289651,1,0.699922,-0.00970095,0.00970095,0.699922,1,1,0.0138779,0.667777,-0.00417697,0.0321446,0,0,0,0,0,0,0,0,0,0,0,0,0,0,0,0,0,0,0,0,0,0,0,255,0.26,-0.388689,0.26,-0.00660738,0.478127,1,1,1,0,1,1,1,-0.00448791,-3.26704,0.139719,0.0846418,-0.0142152,0.0276698,10.843,9846,1,367,47.1273,2462,0,0.000884653,0.0231932,0.0194162,0,0,0,1,305,0.265,0.000161566,0.0118513,0.00314058,-4.28151e-05,0.00297634,-0.000598823,0.237016,-0.0218702,0.00394821,0.259142,-0.184441,-0.0249276,0.170366,-0.00223173,23.3548,0,0,0,0,0,0,-1,1,-9.04585e-07,-3.41781e-06,-0.184513,0,0.183946,1,1010,1010,1010,1010,0,0,0,0,12.2988,15,0.0106652,0.334455,0,0,0,5,0.417409,0.422787,50,0.0397552,0.751588,37,-0.0016828,0.738781,31,-0.0840989,0.701362,55,0.063908,0.773984,56,0.0243548,0.71233,56,-0.0529315,0.683221
4711157950103,4711148255000,4711148255000,4711157938325,73729,9.68332,4711170910024,22.655,0,10638,38928,0,0,1,0,0,0.011975,449,448,381,0.850446,2.49043,4.43267,0.761414,0.24852,-0.366989,4.2486,-0.000859991,0.00633965,-0.00878706,0.462121,1,0.529407,0.0718155,-0.0718155,0.529407,1,1,-0.0669843,0.493321,-0.00483129,0.0360864,0,0,0,0,0,0,0,0,0,0,0,0,0,0,0,0,0,0,0,0,0,0,0,255,0.26,1.61511,0.26,-0.0240604,0.345172,1,1,1,1,0,1,1,-0.00448791,-3.26704,0.139719,0.0846418,-0.0142152,0.0276698,24.2932,9846,1,367,60.5775,2462,0,0.000884653,0.0231932,0.0194162,0,0,0,1,381,0.265,-0.000730771,0.00536969,0.00142297,0.000193654,0.00138632,-6.26124e-05,0.238403,-0.0219328,0.00284583,0.263074,-0.185137,-0.0362415,0.191258,-0.00850854,13.2002,2,0,0,0,0,0,-1,1,-9.04585e-07,-3.41781e-06,-0.184513,0,13.6632,1,1010,1010,1010,1010,0,0,0,0,25.7781,32,-0.201718,0.270152,6,-0.00138668,0.168898,34,-0.0429844,0.395314,47,0.038475,0.594872,50,-0.0486684,0.587364,44,-0.197241,0.592752,56,0.0411152,0.567997,56,-0.0412207,0.547739,56,-0.182297,0.581927
4711171382417,4711156303000,4711156303000,4711171374139,73729,15.0711,4711182426563,26.1236,0,10638,38929,0,0,1,0,0,0.008048,445,442,399,0.902715,2.47511,4.0167,0.749266,0.258854,-0.47435,4.1553,-0.000939795,0.00638242,0.0195521,0.538302,1,0.793044,0.116774,-0.116774,0.793044,1,1,-0.117834,0.760245,0.00106006,0.0327984,0,0,0,0,0,0,0,0,0,0,0,0,0,0,0,0,0,0,0,0,0,0,0,255,0.26,4.88191,0.26,-0.0650304,0.564548,1,1,1,1,0,1,1,-0.00448791,-3.26704,0.139719,0.0846418,-0.0142152,0.0276698,35.828,9846,1,367,72.1123,2462,0,0.000884653,0.0231932,0.0194162,0,0,0,1,399,0.265,-0.000798239,0.00540715,0.0014329,0.000211533,0.00139851,-4.77494e-05,0.239801,-0.0219806,0.00207379,0.264319,-0.185879,-0.0570937,0.173831,-0.0501696,11.2947,1,0,0,0,0,0,-1,1,-9.04585e-07,-3.41781e-06,-0.184513,0,25.2053,1,1010,1010,1010,1010,0,0,0,0,37.3202,39,-0.160053,0.512827,5,0.09928,0.335927,39,-0.170346,0.582471,56,0.0219965,0.847537,46,-0.09269,0.901103,49,-0.236308,0.912788,56,-0.00369481,0.865931,53,-0.0846519,0.849302,56,-0.24474,0.875963
4711182930919,4711168246000,4711168246000,4711182922178,73729,14.6762,4711194776887,26.5309,0,10638,38930,0,0,1,0,0,0.011943,454,454,400,0.881057,2.48343,4.05629,0.638024,0.265928,-0.481171,3.51067,-0.00133853,0.00523495,-0.0807561,0.409701,1,0.438328,0.112077,-0.112077,0.438328,1,1,-0.116532,0.418578,0.00445577,0.0197501,0,0,0,0,0,0,0,0,0,0,0,0,0,0,0,0,0,0,0,0,0,0,0,255,0.26,6.13168,0.26,-0.0153569,0.232582,1,1,1,1,0,1,1,-0.00448791,-3.26704,0.139719,0.0846418,-0.0142152,0.0276698,48.1538,9846,1,367,84.4383,2462,0,0.000884653,0.0231932,0.0194162,0,0,0,1,400,0.265,-0.00113616,0.00443414,0.00117505,0.000301084,0.00117038,8.546e-05,0.240972,-0.0218951,0.00137003,0.264757,-0.186582,-0.0603888,0.104676,-0.0672035,12.1067,1,0,0,0,0,0,-1,1,-9.04585e-07,-3.41781e-06,-0.184513,0,37.5436,1,1010,1010,1010,1010,0,0,0,0,0.19902,28,-0.309062,0.265753,8,-0.32332,0.217633,45,-0.0838262,0.345764,47,0.0167025,0.467559,54,-0.0794286,0.494788,50,-0.177649,0.521895,56,-0.0166988,0.436055,56,-0.0813586,0.441184,56,-0.203916,0.503292
4711195271983,4711188255000,4711188255000,4711195266131,73729,7.01113,4711206951320,18.6963,1,10639,38931,0,0,1,0,0,0.020009,445,443,313,0.706546,2.4678,4.75645,0.791506,0.219373,-0.496429,5.67047,-0.000601498,0.0101931,0.0781142,0.0946128,1,0.509423,0.0300614,-0.0300614,0.509423,1,1,-0.0405477,0.503135,0.0104864,0.00628847,0,0,0,0,0,0,0,0,0,0,0,0,0,0,0,0,0,0,0,0,0,0,0,255,0.26,8.39125,0.26,0.0288176,0.297062,1,1,1,2,0,1,1,-0.000155507,-3.26774,0.138447,0.0729024,-0.0093796,0.028278,2.354,9847,1,367,96.6053,2462,0,0.000884653,0.0231932,0.0194162,0,0,0,1,313,0.265,-0.000512896,0.00863098,0.00228721,0.000135917,0.00219357,-0.00027908,0.243165,-0.0221742,0.00124501,0.265577,-0.188052,-0.0133312,0.0333289,-0.0551271,2.13072,3,0,0,0,0,0,-1,1,-9.04586e-07,-3.41781e-06,-0.187654,0,2.54837,1,1010,1010,1010,1010,0,0,0,0,12.3168,0,0,0,0,0,0,3,-0.0290329,0.532842,54,-0.0134886,0.501827,44,-0.0499025,0.506044,46,-0.0459348,0.49949,56,-0.0333689,0.53174,54,-0.0230483,0.520906,56,-0.0453392,0.527961
4711207374712,4711196288000,4711196288000,4711207365008,73729,11.077,4711220122150,23.8341,0,10639,38932,0,0,1,0,0,0.008033,449,449,382,0.85078,2.44796,4.25402,0.727395,0.246002,0.0305099,2.72442,0.00015998,0.00454935,0.0549055,0.268531,1,0.566332,-0.0199153,0.0199153,0.566332,1,1,0.00635283,0.561772,0.0135625,0.00456047,0,0,0,0,0,0,0,0,0,0,0,0,0,0,0,0,0,0,0,0,0,0,0,255,0.26,0.24302,0.26,0.0618618,0.463837,1,1,1,1,1,1,1,-0.000155507,-3.26774,0.138447,0.0729024,-0.0093796,0.028278,15.5326,9847,1,367,109.784,2462,0,0.000884653,0.0231932,0.0194162,0,0,0,1,382,0.265,0.000134802,0.00385382,0.00102126,-3.57226e-05,0.000961396,-0.000219318,0.244127,-0.0223935,0.00124501,0.265577,-0.188052,0.0163701,0.0241705,-0.0444088,15.2725,0,0,0,0,0,0,-1,1,-9.04586e-07,-3.41781e-06,-0.187654,0,15.76,1,1010,1010,1010,1010,0,0,0,0,25.5284,26,0.0115066,0.389863,1,0,0,32,0.0580911,0.437759,56,0.0684336,0.597944,50,0.0177427,0.593808,49,-0.042514,0.610111,56,0.0587934,0.600869,56,0.0536162,0.582949,56,-0.030791,0.609488
4711220598784,4711208250000,4711208250000,4711220588117,73729,12.3381,4711232935718,24.6857,0,10639,38933,0,0,1,0,0,0.011962,460,458,416,0.908297,2.46371,4.0459,0.804506,0.278225,0.167137,2.65729,0.000351378,0.00411985,0.0305819,0.255122,1,0.344411,-0.0293745,0.0293745,0.344411,1,1,0.0154099,0.338446,0.0139647,0.00596476,0,0,0,0,0,0,0,0,0,0,0,0,0,0,0,0,0,0,0,0,0,0,0,255,0.26,3.31768,0.26,0.0388489,0.299715,1,1,1,1,0,1,1,-0.000155507,-3.26774,0.138447,0.0729024,-0.0093796,0.028278,28.3425,9847,1,367,122.594,2462,0,0.000884653,0.0231932,0.0194162,0,0,0,1,416,0.265,0.000297375,0.00349008,0.000924872,-7.88045e-05,0.000861782,-0.000244423,0.244988,-0.0226379,0.00159385,0.266045,-0.188279,0.0360438,0.0316132,-0.0303752,12.5872,1,0,0,0,0,0,-1,1,-9.04586e-07,-3.41781e-06,-0.187654,0,28.5793,1,1010,1010,1010,1010,0,0,0,0,38.3478,37,0.0140629,0.242516,6,-0.0778812,0.15932,40,0.0685528,0.271544,56,0.0857582,0.376427,56,0.0297452,0.382499,53,-0.0263324,0.395684,56,0.0905532,0.362245,56,0.0427879,0.358234,56,-0.0219025,0.374419
4711233416130,4711228254000,4711228254000,4711233410704,73729,5.1567,4711244976113,16.7221,1,10640,38934,0,0,1,0,0,0.020004,461,461,340,0.737527,2.48741,4.64589,0.760951,0.232798,0.140556,6.01199,0.000564655,0.0107991,0.0651869,0.0952817,1,0.539845,-0.0282271,0.0282271,0.539845,1,1,0.0156166,0.528642,0.0126105,0.0112029,0,0,0,0,0,0,0,0,0,0,0,0,0,0,0,0,0,0,0,0,0,0,0,255,0.26,5.47112,0.26,-0.0117106,0.41616,1,1,1,2,0,1,1,-0.000155507,-3.26774,0.138447,0.0729024,-0.0093796,0.028278,40.3836,9847,1,367,134.635,2462,0,0.000884653,0.0231932,0.0194162,0,0,0,1,340,0.265,0.000476355,0.00914578,0.00242363,-0.000126234,0.00227271,-0.00056204,0.247261,-0.0232,0.00194091,0.266874,-0.18849,0.0428074,0.0593752,-0.0192228,11.8416,1,0,0,0,0,0,-1,1,-9.04586e-07,-3.41781e-06,-0.187654,0,40.5869,1,1010,1010,1010,1010,0,0,0,0,0.157501,12,0.0130942,0.440384,0,0,0,5,0.0899726,0.416471,56,0.0407379,0.549199,51,0.021971,0.537685,49,0.00599383,0.54623,56,0.0337187,0.568109,55,0.043727,0.550177,56,0.0160916,0.549825
4711245426635,4711236268000,4711236268000,4711245417135,73729,9.14913,4711255222308,18.9543,0,10640,38935,0,0,1,0,0,0.008014,460,454,429,0.944934,2.48634,4.14603,0.870396,0.297651,-0.180344,3.29498,-0.000546769,0.00486884,-0.0352024,0.560611,1,0.607542,0.0682267,-0.0682267,0.607542,1,1,-0.07936,0.589189,0.0111333,0.0183529,0,0,0,0,0,0,0,0,0,0,0,0,0,0,0,0,0,0,0,0,0,0,0,255,0.26,6.60722,0.26,-0.0747071,0.538455,1,1,1,2,0,1,1,0.00389513,-3.26814,0.137488,0.0723687,-0.00321345,0.0314586,0.158612,9848,1,367,144.873,2462,0,0.000884653,0.0231932,0.0194162,0,0,0,1,429,0.265,-0.00046472,0.00412472,0.00109305,0.000123151,0.00105843,-7.69359e-05,0.24832,-0.0232769,0.00205157,0.26815,-0.188869,0.0319899,0.0972703,-0.0216133,10.0223,1,0,0,0,0,0,-1,1,-9.04586e-07,-3.41781e-06,-0.189234,0,0.395022,1,1010,1010,1010,1010,0,0,0,0,10.4283,51,-0.218637,0.427047,12,-0.145922,0.202085,41,-0.00786623,0.57128,56,0.0785634,0.68119,56,-0.0401884,0.709577,45,-0.172903,0.738673,56,0.066574,0.622853,56,-0.0237062,0.611412,56,-0.172541,0.675164
4711255682108,4711244280000,4711244280000,4711255674331,73729,11.3943,4711267961302,23.6813,0,10640,38936,0,0,1,0,0,0.008012,464,461,433,0.939262,2.43461,4.02801,0.736672,0.315855,-0.288971,3.39383,-0.000739939,0.00480457,-0.0373878,0.698366,1,0.599672,0.0923538,-0.0923538,0.599672,1,1,-0.100468,0.574143,0.00811413,0.0255283,0,0,0,0,0,0,0,0,0,0,0,0,0,0,0,0,0,0,0,0,0,0,0,255,0.26,7.88397,0.26,-0.0893497,0.518316,1,1,1,1,0,1,1,0.00389513,-3.26814,0.137488,0.0723687,-0.00321345,0.0314586,12.9067,9848,1,367,157.621,2462,0,0.000884653,0.0231932,0.0194162,0,0,0,1,433,0.265,-0.00062851,0.0040699,0.00107852,0.000166555,0.00105201,-3.23476e-05,0.249372,-0.0233092,0.00166724,0.270949,-0.189652,0.00365418,0.1353,-0.0314806,12.6612,2,0,0,0,0,0,-1,1,-9.04586e-07,-3.41781e-06,-0.189234,0,13.1555,1,1010,1010,1010,1010,0,0,0,0,23.1888,39,-0.237036,0.370738,16,-0.11373,0.240914,49,-0.0590534,0.418928,56,0.0934941,0.680683,54,-0.067588,0.702065,51,-0.250747,0.745963,56,0.0588186,0.630174,56,-0.064901,0.618007,56,-0.247867,0.676213
4711268444361,4711256269000,4711256269000,4711268434676,73729,12.1657,4711279923900,23.6549,0,10640,38937,0,0,1,0,0,0.011989,464,463,404,0.87257,2.45845,4.4537,0.633579,0.27115,-0.407806,3.33673,-0.00111237,0.00497012,-0.0495732,0.422637,1,0.414557,0.092783,-0.092783,0.414557,1,1,-0.0954287,0.388062,0.00264574,0.026495,0,0,0,0,0,0,0,0,0,0,0,0,0,0,0,0,0,0,0,0,0,0,0,255,0.26,0.358817,0.26,-0.0700346,0.283732,1,1,1,1,1,1,1,0.00389513,-3.26814,0.137488,0.0723687,-0.00321345,0.0314586,24.8783,9848,1,367,169.593,2462,0,0.000884653,0.0231932,0.0194162,0,0,0,1,404,0.265,-0.000944166,0.00420994,0.00111563,0.000250204,0.00110255,4.28061e-05,0.250474,-0.0232664,0.00133793,0.272252,-0.189946,-0.0224619,0.140423,-0.0291874,11.7535,1,0,0,0,0,0,-1,1,-9.04586e-07,-3.41781e-06,-0.189234,0,25.1312,1,1010,1010,1010,1010,0,0,0,0,35.1645,40,-0.200433,0.336847,7,-0.0787592,0.14146,48,-0.0434717,0.297197,56,0.0125796,0.44991,56,-0.0640878,0.482493,54,-0.171342,0.492986,31,0.00604895,0.423951,56,-0.070136,0.40112,56,-0.193301,0.460432
4711280469590,4711264336000,4711264336000,4711280460293,73729,16.1243,4711293053915,28.7179,0,10640,38938,0,0,1,0,0,0.008067,462,461,440,0.954447,2.47137,4.11909,0.8666,0.290095,-0.540344,3.08034,-0.00107632,0.00444401,-0.0307478,0.579969,1,0.550888,0.133423,-0.133423,0.550888,1,1,-0.133654,0.527209,0.000231147,0.0236783,0,0,0,0,0,0,0,0,0,0,0,0,0,0,0,0,0,0,0,0,0,0,0,255,0.26,2.21928,0.26,-0.0923534,0.410277,1,1,1,1,0,1,1,0.00389513,-3.26814,0.137488,0.0723687,-0.00321345,0.0314586,38.0181,9848,1,367,182.732,2462,0,0.000884653,0.0231932,0.0194162,0,0,0,1,440,0.265,-0.000913575,0.00376466,0.000997635,0.000242097,0.000989107,5.6141e-05,0.251463,-0.0232103,0.00103415,0.273349,-0.190172,-0.0263746,0.125495,-0.0220798,12.8971,1,0,0,0,0,0,-1,1,-9.04586e-07,-3.41781e-06,-0.189234,0,38.2615,1,1010,1010,1010,1010,0,0,0,0,48.2948,49,-0.200128,0.39641,17,-0.252346,0.237065,43,-0.0346806,0.333855,56,0.0153612,0.613298,56,-0.124245,0.641265,52,-0.273406,0.666692,55,-0.0129092,0.580794,56,-0.104768,0.574665,56,-0.279531,0.615195
4711293568290,4711284298000,4711284298000,4711293561845,73729,9.26384,4711307368366,23.0704,1,10641,38939,0,0,1,0,0,0.019962,469,465,355,0.763441,2.49796,4.92054,0.861637,0.239946,-1.02805,5.41595,-0.00183384,0.00936432,0.035916,0.145627,1,0.469107,0.0918664,-0.0918664,0.469107,1,1,-0.0917769,0.450801,-8.95211e-05,0.0183061,0,0,0,0,0,0,0,0,0,0,0,0,0,0,0,0,0,0,0,0,0,0,0,255,0.26,5.14899,0.26,-0.0542511,0.2641,1,1,1,1,0,1,1,0.00728311,-3.26823,0.136276,0.0490267,0.00297788,0.037185,7.47449,9849,1,367,197.025,2462,0,0.000884653,0.0231932,0.0194162,0,0,0,1,355,0.265,-0.00155739,0.00793028,0.00210153,0.000412709,0.00206415,2.21224e-05,0.253527,-0.0231882,0.0006839,0.275077,-0.190569,-0.0216951,0.0970224,-0.0169765,7.29217,2,0,0,0,0,0,-1,1,-9.04586e-07,-3.41781e-06,-0.190553,0,7.69071,1,1010,1010,1010,1010,0,0,0,0,7.69477,16,-0.113847,0.413725,4,-0.17467,0.21192,6,-0.0235507,0.390942,56,-0.0764652,0.485047,51,-0.0895773,0.488503,54,-0.121647,0.47446,56,-0.0779809,0.486745,56,-0.0722194,0.471605,56,-0.113137,0.49269
4711307823314,4711296274000,4711296274000,4711307812925,73729,11.5389,4711321335980,25.062,0,10641,38940,0,0,1,0,0,0.011976,465,463,460,0.993521,2.45809,4.03731,0.717709,0.315577,-0.290611,2.29759,-0.000466178,0.00336299,0.0309427,0.297388,1,0.280811,0.038926,-0.038926,0.280811,1,1,-0.04268,0.266308,0.00375404,0.0145034,0,0,0,0,0,0,0,0,0,0,0,0,0,0,0,0,0,0,0,0,0,0,0,255,0.26,9.12161,0.26,-0.00770602,0.169252,1,1,1,1,0,1,1,0.00728311,-3.26823,0.136276,0.0490267,0.00297788,0.037185,21.4458,9849,1,367,13.9598,2463,0,0.000884653,0.0208645,0.0132863,0,0,0,1,460,0.265,-0.000396075,0.00284916,0.000755027,0.00010496,0.000733257,-3.46125e-05,0.254261,-0.0232228,0.000928733,0.275742,-0.190643,0.00553293,0.0768681,-0.0114908,13.7405,1,0,0,0,0,0,-1,1,-9.04586e-07,-3.41781e-06,-0.190553,0,21.7303,1,1010,1010,1010,1010,0,0,0,0,21.7344,54,-0.0712086,0.223409,17,-0.00106687,0.124294,53,-0.00510417,0.186587,56,0.0189984,0.319703,56,-0.0417007,0.332103,56,-0.115163,0.326905,56,0.0183931,0.29941,56,-0.03344,0.282851,56,-0.106964,0.301739
4711321860429,4711304297000,4711304297000,4711321849337,73729,17.5523,4711333326005,29.029,0,10641,38941,0,0,1,0,0,0.008023,468,467,454,0.972163,2.49963,3.8767,0.736506,0.290799,-0.0990753,2.05205,-0.000161717,0.003012,0.0203703,0.424533,1,0.37542,0.0201567,-0.0201567,0.37542,1,1,-0.0262517,0.364446,0.006095,0.0109741,0,0,0,0,0,0,0,0,0,0,0,0,0,0,0,0,0,0,0,0,0,0,0,255,0.27,2.97445,0.27,0.0146821,0.5729,1,1,1,1,1,1,1,0.00728311,-3.26823,0.136276,0.0490267,0.00297788,0.037185,33.4328,9849,1,367,25.9467,2463,0,0.000884653,0.0208645,0.0132863,0,0,0,1,454,0.275,-0.00013761,0.00255173,0.000701725,3.78428e-05,0.00067009,-9.06379e-05,0.254931,-0.0233134,0.0016378,0.276265,-0.19044,0.0395533,0.0603575,0.00482462,11.7541,1,0,0,0,0,0,-1,1,-9.04586e-07,-3.41781e-06,-0.190553,0,33.6808,1,1010,1010,1010,1010,0,0,0,0,33.6849,51,-0.0581886,0.288031,16,-0.026909,0.17841,53,0.0455492,0.269467,56,0.0501129,0.426418,56,-0.0201194,0.428337,55,-0.116883,0.409606,55,0.0658703,0.414913,56,-0.000967998,0.375908,56,-0.112209,0.405248
4711333905843,4711324286000,4711324286000,4711333900935,73729,9.61493,4711345566198,21.2802,1,10642,38942,0,0,1,0,0,0.019989,470,469,414,0.882729,2.49193,4.07235,0.682506,0.277095,0.290192,3.46843,0.000868926,0.0047492,0.0082364,0.329682,1,0.237591,-0.0434702,0.0434702,0.237591,1,1,0.0366026,0.22885,0.00686763,0.00874117,0,0,0,0,0,0,0,0,0,0,0,0,0,0,0,0,0,0,0,0,0,0,0,255,0.26,4.8333,0.26,0.0129366,0.147587,1,1,1,1,0,1,1,0.00728311,-3.26823,0.136276,0.0490267,0.00297788,0.037185,45.6739,9849,1,367,38.188,2463,0,0.000884653,0.0208645,0.0132863,0,0,0,1,414,0.265,0.000736427,0.00402328,0.00106617,-0.000195153,0.000970155,-0.000385364,0.255901,-0.0236988,0.00255953,0.276669,-0.190053,0.0692801,0.0463282,0.0263053,12.0282,1,0,0,0,0,0,-1,1,-9.04586e-07,-3.41781e-06,-0.190553,0,45.9091,1,1010,1010,1010,1010,0,0,0,0,0.189187,46,0.0170816,0.176131,18,0.0521476,0.115062,44,0.0928317,0.161585,56,0.091666,0.281904,53,0.0164646,0.277716,29,-0.0291582,0.261326,56,0.0892203,0.258372,56,0.0398815,0.24206,56,-0.0278689,0.255237
4711346038146,4711336266000,4711336266000,4711346028368,73729,9.76237,4711357705001,21.439,0,10642,38943,0,0,1,0,0,0.01198,471,470,464,0.987234,2.50437,3.93798,0.816803,0.300502,0.1661,1.47163,0.000300513,0.00209364,0.00068776,0.23255,1,0.174761,-0.0250845,0.0250845,0.174761,1,1,0.019962,0.170329,0.00512253,0.00443219,0,0,0,0,0,0,0,0,0,0,0,0,0,0,0,0,0,0,0,0,0,0,0,255,0.26,6.70885,0.26,-0.0610375,-0.0382742,1,1,1,2,0,1,1,0.00967303,-3.26802,0.13599,0.0225554,0.0103684,0.0506189,2.64058,9850,1,367,50.3225,2463,0,0.000884653,0.0208645,0.0132863,0,0,0,1,464,0.265,0.000254629,0.00177362,0.000470008,-6.74768e-05,0.000431243,-0.000151303,0.256332,-0.0238501,0.00440397,0.277026,-0.189247,0.068487,0.0234906,0.03307,2.37058,3,0,0,0,0,0,-1,1,-9.04586e-07,-3.41781e-06,-0.189289,0,2.88321,1,1010,1010,1010,1010,0,0,0,0,12.3318,55,-0.00266838,0.134989,17,0.0306067,0.0765683,56,0.0456163,0.119837,56,0.0607528,0.198897,56,0.0185404,0.199944,56,-0.0255163,0.210331,56,0.0704187,0.188629,56,0.0292976,0.173783,56,-0.0115348,0.183074
4711358175153,4711344328000,4711344328000,4711358164653,73729,13.8367,4711369734896,25.4069,0,10642,38944,0,0,1,0,0,0.008062,474,470,469,0.997872,2.47737,4.05427,0.648357,0.303373,-0.0379944,1.11594,-0.000123641,0.00142981,-0.00920173,0.324123,1,0.177351,0.0153363,-0.0153363,0.177351,1,1,-0.0187414,0.176531,0.00340511,0.000820472,0,0,0,0,0,0,0,0,0,0,0,0,0,0,0,0,0,0,0,0,0,0,0,255,0.26,8.79805,0.26,-0.101436,0.157264,1,1,1,1,0,1,1,0.00967303,-3.26802,0.13599,0.0225554,0.0103684,0.0506189,14.679,9850,1,367,62.3609,2463,0,0.000884653,0.0208645,0.0132863,0,0,0,1,469,0.265,-0.000105172,0.00121118,0.000320964,2.78706e-05,0.000308491,-3.07112e-05,0.256641,-0.0238808,0.00440397,0.277026,-0.189247,0.0468709,0.0043485,0.023059,14.4086,0,0,0,0,0,0,-1,1,-9.04586e-07,-3.41781e-06,-0.189289,0,14.9333,1,1010,1010,1010,1010,0,0,0,0,24.3818,56,-0.0346504,0.128569,21,0.021025,0.0255847,56,-0.0219964,0.112978,56,0.0396702,0.211162,56,-0.027634,0.21393,56,-0.0577055,0.204488,56,0.0329234,0.20038,56,-0.00588453,0.191235,56,-0.0651691,0.206366
4711370229641,4711356263000,4711356263000,4711370218659,73729,13.9557,4711382626483,26.3635,0,10642,38945,0,0,1,0,0,0.011935,474,471,471,1,2.475,3.94562,0.742303,0.300984,-0.259521,0.689758,-0.000424596,0.000826733,0.0147831,0.18494,1,0.0692696,0.0355757,-0.0355757,0.0692696,1,1,-0.0348853,0.0755275,-0.000690428,-0.00625788,0,0,0,0,0,0,0,0,0,0,0,0,0,0,0,0,0,0,0,0,0,0,0,255,0.26,0.525708,0.26,-0.116609,0.0514671,1,1,1,1,0,1,1,0.00967303,-3.26802,0.13599,0.0225554,0.0103684,0.0506189,27.5868,9850,1,367,75.2688,2463,0,0.000884653,0.0208645,0.0132863,0,0,0,1,471,0.265,-0.000360348,0.000700134,0.000185536,9.54921e-05,0.000193368,6.02469e-05,0.256834,-0.0238205,0.00460024,0.276413,-0.18893,0.0207142,-0.0331667,0.0194987,12.6461,1,0,0,0,0,0,-1,1,-9.04586e-07,-3.41781e-06,-0.189289,0,27.8438,1,1010,1010,1010,1010,0,0,0,0,37.2924,56,-0.0254847,0.0578413,23,-0.0631599,0.012963,56,-0.0190872,0.0351644,56,-0.016567,0.0935484,56,-0.0422682,0.0929871,56,-0.0639852,0.078607,56,-0.0171637,0.080647,56,-0.0392193,0.0709225,56,-0.0592748,0.0772477
4711383167247,4711364297000,4711364297000,4711383156562,73729,18.8596,4711395718313,31.4213,0,10642,38946,0,0,1,0,0,0.008034,471,470,441,0.938298,2.48334,3.63034,0.612301,0.28141,-0.341583,0.282776,-0.000616186,0.00027812,-0.00635833,0.174134,1,0.0346179,0.0766973,-0.0766973,0.0346179,1,1,-0.0646734,0.0507449,-0.0120239,-0.016127,0,0,0,0,0,0,0,0,0,0,0,0,0,0,0,0,0,0,0,0,0,0,0,255,0.26,3.30903,0.26,-0.118864,0.0406738,1,1,1,1,1,1,1,0.00967303,-3.26802,0.13599,0.0225554,0.0103684,0.0506189,40.6544,9850,1,367,88.3363,2463,0,0.000884653,0.0208645,0.0132863,0,0,0,1,441,0.265,-0.000522679,0.000235461,6.23973e-05,0.00013851,8.49684e-05,0.000124887,0.256919,-0.0236957,0.00546089,0.274544,-0.187026,0.0137901,-0.085473,0.0620135,11.3634,2,0,0,0,0,0,-1,1,-9.04586e-07,-3.41781e-06,-0.189289,0,40.9037,1,1010,1010,1010,1010,0,0,0,0,0.159797,56,-0.0641768,0.0492205,21,-0.0981716,-0.00697058,56,-0.0693092,-0.00153485,56,-0.0821046,0.041128,56,-0.0817435,0.043118,53,-0.0932758,0.043493,49,-0.0742735,0.0448357,56,-0.0809347,0.032193,38,-0.0964454,0.038971
4711396239780,4711384286000,4711384286000,4711396234558,73729,11.9486,4711408810494,24.5245,1,10643,38947,0,0,1,0,0,0.019989,469,469,467,0.995736,2.45663,3.88003,0.797821,0.294558,-0.57077,-0.374176,-0.00127455,-0.00113754,-0.0622894,0.118385,1,-0.0569083,0.0637625,-0.0637625,-0.0569083,1,1,-0.0452364,-0.0446377,-0.0185262,-0.0122707,0,0,0,0,0,0,0,0,0,0,0,0,0,0,0,0,0,0,0,0,0,0,0,255,0.27,6.07846,0.27,-0.068181,0.0977941,1,1,1,1,0,1,1,0.0102916,-3.26753,0.135855,-0.00469067,0.0100928,0.0444398,3.4909,9851,1,367,101.428,2463,0,0.000884653,0.0208645,0.0132863,0,0,0,1,467,0.275,-0.00108075,-0.000964868,-0.000265339,0.000297207,-0.000195801,0.000339104,0.256723,-0.0233566,0.00616173,0.273891,-0.185392,0.0177595,-0.0674888,0.0957228,3.22527,2,0,0,0,0,0,-1,1,-9.04586e-07,-3.41781e-06,-0.185871,0,3.73677,1,1010,1010,1010,1010,0,0,0,0,13.2477,55,-0.0528538,-0.0445037,20,-0.0317738,-0.0812376,56,-0.05387,-0.0824073,56,-0.0610668,-0.0495136,56,-0.0712001,-0.0538444,56,-0.0765696,-0.0532204,56,-0.0692108,-0.0465371,56,-0.0652833,-0.061852,56,-0.0780315,-0.0542159
4711409281387,4711396313000,4711396313000,4711409273794,73729,12.9608,4711422616274,26.3033,0,10643,38948,0,0,1,0,0,0.012027,471,469,469,1,2.49728,3.82996,0.65645,0.300354,-0.291992,-0.166779,-0.000630465,-0.000442165,-0.057994,0.0651267,1,-0.0367643,0.0524208,-0.0524208,-0.0367643,1,1,-0.0346116,-0.0275823,-0.0178092,-0.00918204,0,0,0,0,0,0,0,0,0,0,0,0,0,0,0,0,0,0,0,0,0,0,0,255,0.26,9.11396,0.26,-0.0642204,0.0589239,1,1,1,1,0,1,1,0.0102916,-3.26753,0.135855,-0.00469067,0.0100928,0.0444398,17.3198,9851,1,367,115.257,2463,0,0.000884653,0.0208645,0.0132863,0,0,0,1,469,0.265,-0.000534555,-0.000375062,-9.93915e-05,0.000141657,-6.77036e-05,0.000156822,0.256655,-0.0231997,0.00616173,0.273891,-0.185392,0.0163497,-0.0486648,0.088591,17.0323,0,0,0,0,0,0,-1,1,-9.04586e-07,-3.41781e-06,-0.185871,0,17.5723,1,1010,1010,1010,1010,0,0,0,0,27.0833,56,-0.033708,-0.0237654,21,-0.0476532,-0.0560169,56,-0.0374,-0.0554942,56,-0.0576777,-0.029542,56,-0.0591848,-0.0280872,56,-0.0575838,-0.042698,56,-0.0511412,-0.0354791,56,-0.062735,-0.038828,56,-0.0604008,-0.0384396
4711423132445,4711416268000,4711416268000,4711423126612,73729,6.85861,4711433029897,16.7619,1,10644,38949,0,0,1,0,0,0.019955,470,468,453,0.967949,2.46715,3.53307,0.549801,0.295966,-0.487122,0.244507,-0.000953833,0.000323142,-0.0186212,0.0444673,1,0.0161935,0.0477992,-0.0477992,0.0161935,1,1,-0.0380968,0.0173659,-0.00970235,-0.00117231,0,0,0,0,0,0,0,0,0,0,0,0,0,0,0,0,0,0,0,0,0,0,0,255,0.26,2.63871,0.26,-0.0775244,0.00958248,1,1,1,2,0,1,1,0.0102916,-3.26753,0.135855,-0.00469067,0.0100928,0.0444398,27.7402,9851,1,367,125.677,2463,0,0.000884653,0.0208645,0.0132863,0,0,0,1,453,0.265,-0.000808925,0.000273764,7.25473e-05,0.000214365,0.000108483,0.000197763,0.256764,-0.023002,0.00625147,0.274077,-0.185242,0.010066,-0.00621323,0.0491907,10.1611,1,0,0,0,0,0,-1,1,-9.04586e-07,-3.41781e-06,-0.185871,0,28.0036,1,1010,1010,1010,1010,0,0,0,0,37.5146,42,-0.0377596,0.0265755,20,-0.0380689,0.015523,56,-0.0307928,0.0112188,56,-0.0489535,0.018322,56,-0.0470682,0.0187869,55,-0.0529203,0.0119758,56,-0.0506292,0.0182327,56,-0.0520756,0.0160609,56,-0.0558903,0.0126967
4711433570049,4711424320000,4711424320000,4711433559679,73729,9.23968,4711444169877,19.8499,0,10644,38950,0,0,1,0,0,0.008052,470,468,464,0.991453,2.5017,3.45571,0.618227,0.302169,-0.279602,-0.000350952,-0.000462836,9.64409e-06,0.0305504,-0.0136513,1,0.00119773,0.0574808,-0.0574808,0.00119773,1,1,-0.0606353,-0.00208676,0.00315446,0.00328449,0,0,0,0,0,0,0,0,0,0,0,0,0,0,0,0,0,0,0,0,0,0,0,255,0.26,2.89419,0.26,-0.0714744,0.00652808,1,1,1,1,1,1,1,0.0102916,-3.26753,0.135855,-0.00469067,0.0100928,0.0444398,38.8547,9851,1,367,136.792,2463,0,0.000884653,0.0208645,0.0132863,0,0,0,1,464,0.265,-0.000392691,8.21082e-06,2.17587e-06,0.000104063,2.14611e-05,0.000101849,0.256785,-0.0229001,0.00608582,0.27436,-0.185903,0.00222034,0.0174078,-0.0115987,9.46334,2,0,0,0,0,0,-1,1,-9.04586e-07,-3.41781e-06,-0.185871,0,39.1068,1,1010,1010,1010,1010,0,0,0,0,48.6177,56,-0.060872,0.00223292,20,-0.0446048,-0.00974516,52,-0.0654126,-0.0173763,56,-0.061265,0.00344941,56,-0.0593617,0.00395334,56,-0.0624421,0.00631472,56,-0.0659421,0.00835857,56,-0.0533586,-0.00347665,56,-0.0626317,0.0053078
4711444717326,4711436258000,4711436258000,4711444705789,73729,8.44779,4711454649370,18.3914,0,10644,38951,0,0,1,0,0,0.011938,470,470,470,1,2.49613,3.74857,0.586745,0.301484,-0.224403,-0.183182,-0.000329379,-0.000379092,0.0453261,0.01621,1,-0.0317551,0.0275908,-0.0275908,-0.0317551,1,1,-0.0404811,-0.0324549,0.0128903,0.000699794,0,0,0,0,0,0,0,0,0,0,0,0,0,0,0,0,0,0,0,0,0,0,0,255,0.26,3.90603,0.26,-0.0358541,-0.039081,1,1,1,0,0,1,1,0.00939707,-3.26705,0.135594,-0.0310367,0.00553735,0.048237,0.589375,9852,1,367,147.266,2463,0,0.000884653,0.0208645,0.0132863,0,0,0,1,470,0.265,-0.000279515,-0.00032136,-8.51605e-05,7.40716e-05,-6.6644e-05,8.80135e-05,0.256719,-0.0228121,0.00565693,0.274358,-0.187229,-0.00260799,0.00370891,-0.0567413,0.330539,2,0,0,0,0,0,-1,1,-9.04586e-07,-3.41781e-06,-0.186364,0,0.828395,1,1010,1010,1010,1010,0,0,0,0,0.833506,56,-0.0169185,-0.0184948,22,-0.0285644,-0.0194434,56,-0.01886,-0.0256391,56,-0.0333052,-0.0325745,56,-0.0283819,-0.0315449,56,-0.0232009,-0.0341658,56,-0.0275808,-0.0352306,56,-0.0318943,-0.0352989,56,-0.0239424,-0.0426666
4711455117245,4711444280000,4711444280000,4711455106745,73729,10.8267,4711465695387,21.4154,0,10644,38952,0,0,1,0,0,0.008022,466,466,464,0.995708,2.47907,3.49105,0.634283,0.29328,-0.0812225,-0.349182,-8.34647e-05,-0.000694245,0.0659816,0.0403716,1,-0.0865427,0.0104045,-0.0104045,-0.0865427,1,1,-0.0247753,-0.0866325,0.0143708,8.98256e-05,0,0,0,0,0,0,0,0,0,0,0,0,0,0,0,0,0,0,0,0,0,0,0,255,0.26,3.30025,0.26,-0.0141626,-0.0859781,1,1,1,1,0,1,1,0.00939707,-3.26705,0.135594,-0.0310367,0.00553735,0.048237,11.6398,9852,1,367,158.317,2463,0,0.000884653,0.0208645,0.0132863,0,0,0,1,464,0.265,-7.09235e-05,-0.000588567,-0.00015597,1.87947e-05,-0.000143986,4.64066e-05,0.256575,-0.0227657,0.00565693,0.274358,-0.187229,-0.00417953,0.000476076,-0.064276,11.3822,0,0,0,0,0,0,-1,1,-9.04586e-07,-3.41781e-06,-0.186364,0,11.8948,1,1010,1010,1010,1010,0,0,0,0,11.8999,55,-0.0300251,-0.0843793,17,0.0198116,-0.0875021,56,-0.00659429,-0.0813238,56,-0.00242145,-0.08553,56,-0.00870971,-0.090816,56,-0.0124518,-0.0779949,56,-0.0128278,-0.0902003,56,-0.0215446,-0.0917344,56,-0.00375115,-0.0973879
4711466185613,4711452304000,4711452304000,4711466174780,73729,13.8708,4711477745930,25.4419,0,10644,38953,0,0,1,0,0,0.008024,465,465,465,1,2.486,3.47994,0.680283,0.302299,-0.00662231,-0.36853,0.000101313,-0.000744355,0.0794356,0.0250199,1,-0.092766,-0.0126263,0.0126263,-0.092766,1,1,-0.00180074,-0.0935067,0.014427,0.000740637,0,0,0,0,0,0,0,0,0,0,0,0,0,0,0,0,0,0,0,0,0,0,0,255,0.26,5.0353,0.26,0.00697779,-0.0832387,1,1,1,1,0,1,1,0.00939707,-3.26705,0.135594,-0.0310367,0.00553735,0.048237,23.6924,9852,1,367,170.369,2463,0,0.000884653,0.0208645,0.0132863,0,0,0,1,465,0.265,8.57963e-05,-0.000630974,-0.000167208,-2.2736e-05,-0.000162394,7.74075e-06,0.256412,-0.022758,0.00529175,0.274488,-0.187934,-0.012395,0.00392538,-0.0710866,11.7999,1,0,0,0,0,0,-1,1,-9.04586e-07,-3.41781e-06,-0.186364,0,23.944,1,1010,1010,1010,1010,0,0,0,0,23.9491,56,0.0324447,-0.107027,17,0.0179078,-0.0879699,56,0.00866695,-0.0900804,56,0.00715053,-0.0883933,56,0.0120163,-0.0844285,56,0.0189329,-0.106524,56,0.00835464,-0.0884162,56,0.00466146,-0.0884176,56,0.00852745,-0.0958116
4711478232971,4711464288000,4711464288000,4711478224805,73729,13.9368,4711490977372,26.6894,0,10644,38954,0,0,1,0,0,0.011984,471,470,470,1,2.50315,3.74559,0.622653,0.301873,0.0775375,-0.197388,0.00019986,-0.000396703,0.0442521,0.0160075,1,-0.0331027,-0.0166772,0.0166772,-0.0331027,1,1,0.00557134,-0.0368757,0.0111059,0.003773,0,0,0,0,0,0,0,0,0,0,0,0,0,0,0,0,0,0,0,0,0,0,0,255,0.26,6.90498,0.26,0.0196148,-0.0292891,1,1,1,1,0,1,1,0.00939707,-3.26705,0.135594,-0.0310367,0.00553735,0.048237,36.9245,9852,1,367,183.602,2463,0,0.000884653,0.0208645,0.0132863,0,0,0,1,470,0.265,0.000169417,-0.000336262,-8.91094e-05,-4.48956e-05,-9.27164e-05,-2.80223e-05,0.25632,-0.022786,0.00495384,0.274834,-0.188446,-0.0193956,0.0199969,-0.0626053,12.978,1,0,0,0,0,0,-1,1,-9.04586e-07,-3.41781e-06,-0.186364,0,37.1812,1,1010,1010,1010,1010,0,0,0,0,37.1863,56,0.0141035,-0.0351526,22,-0.00421951,-0.0184544,56,0.0102552,-0.0244243,56,0.0224083,-0.0362446,56,0.0236361,-0.0411045,56,0.0233563,-0.0303807,56,0.0094497,-0.0409046,56,0.0169341,-0.0330844,56,0.0220574,-0.0374433
4711491468006,4711472302000,4711472302000,4711491458635,73729,19.1566,4711504154480,31.8525,0,10644,38955,0,0,1,0,0,0.008014,465,463,463,1,2.45982,4.10955,0.555671,0.294429,0.149414,-0.0717773,0.00026807,-0.000147878,0.0339285,0.00873727,1,-0.0184524,-0.0334502,0.0334502,-0.0184524,1,1,0.0286329,-0.0256524,0.00481728,0.00719996,0,0,0,0,0,0,0,0,0,0,0,0,0,0,0,0,0,0,0,0,0,0,0,255,0.26,-0.157001,0.26,0.046795,-0.0175476,1,1,1,1,1,1,1,0.00802818,-3.26744,0.135446,-0.0359896,-0.0172143,0.0377356,3.7466,9853,1,367,196.77,2463,0,0.000884653,0.0208645,0.0132863,0,0,0,1,463,0.265,0.000227261,-0.000125342,-3.32156e-05,-6.02243e-05,-4.27847e-05,-5.31263e-05,0.256277,-0.0228391,0.00428042,0.275661,-0.189164,-0.023065,0.0381598,-0.0388772,3.52234,2,0,0,0,0,0,-1,1,-9.04586e-07,-3.41781e-06,-0.189066,0,3.99598,1,1010,1010,1010,1010,0,0,0,0,4.00005,56,0.0210785,-0.0294515,15,0.0102877,-0.00564439,56,0.0203701,-0.00427719,56,0.0379028,-0.02923,56,0.035358,-0.0199752,56,0.0490241,-0.00780636,56,0.0397938,-0.0164452,56,0.0457698,-0.0234587,56,0.0499599,-0.0147701
4711504685244,4711492298000,4711492298000,4711504680744,73729,12.3827,4711517095883,24.7979,1,10645,38956,0,0,1,0,0,0.019996,467,466,425,0.912017,2.46882,3.5034,0.60919,0.279372,0.563324,-0.0675049,0.00108114,-3.7189e-05,0.013646,-0.0247755,1,-0.00185982,-0.0540676,0.0540676,-0.00185982,1,1,0.0509081,-0.009671,0.00315954,0.00781117,0,0,0,0,0,0,0,0,0,0,0,0,0,0,0,0,0,0,0,0,0,0,0,255,0.26,2.91973,0.26,0.0717363,-0.028012,1,1,1,1,0,1,1,0.00802818,-3.26744,0.135446,-0.0359896,-0.0172143,0.0377356,16.6947,9853,1,367,12.9419,2464,0,0.000884653,0.0195999,0.00796201,0,0,0,1,425,0.265,0.000916717,-3.15893e-05,-8.37116e-06,-0.00024293,-5.38691e-05,-0.000237027,0.256223,-0.0230761,0.00428042,0.275661,-0.189164,-0.0244743,0.0413992,-0.0329759,16.4859,0,0,0,0,0,0,-1,1,-9.04586e-07,-3.41781e-06,-0.189066,0,16.9396,1,1010,1010,1010,1010,0,0,0,0,16.9436,19,0.0312865,-0.0150881,18,0.0484223,0.00442105,56,0.0427614,0.0150305,53,0.0479861,-0.00380568,56,0.0599461,-0.00131865,56,0.0593839,-0.00288632,56,0.0544627,-0.00751967,56,0.0554189,0.00146644,55,0.0659915,-0.00467177
4711517574516,4711504276000,4711504276000,4711517566738,73729,13.2907,4711531223739,26.9477,0,10645,38957,0,0,1,0,0,0.011978,471,467,464,0.993576,2.48693,3.71557,0.688895,0.309539,0.382133,-0.00210571,0.000711807,0.000131575,0.0194229,-0.0620184,1,0.0109847,-0.0594262,0.0594262,0.0109847,1,1,0.0532705,-2.85513e-05,0.00615571,0.0110133,0,0,0,0,0,0,0,0,0,0,0,0,0,0,0,0,0,0,0,0,0,0,0,255,0.26,5.61051,0.26,0.078884,-0.0389748,1,1,1,1,0,1,1,0.00802818,-3.26744,0.135446,-0.0359896,-0.0172143,0.0377356,30.8235,9853,1,367,27.0707,2464,0,0.000884653,0.0195999,0.00796201,0,0,0,1,464,0.265,0.000603731,0.000111795,2.96257e-05,-0.000159989,-2.46695e-06,-0.000162461,0.25622,-0.0232386,0.00336006,0.276983,-0.190561,-0.0286517,0.0583704,-0.0490215,13.8618,2,0,0,0,0,0,-1,1,-9.04586e-07,-3.41781e-06,-0.189066,0,31.0733,1,1010,1010,1010,1010,0,0,0,0,31.0774,56,0.0437079,0.015143,19,0.0564991,0.0178698,53,0.0506004,0.0295444,56,0.0643938,0.000966005,56,0.0703506,0.00548514,56,0.066967,0.0135937,56,0.0611322,0.00211462,56,0.0636151,0.00869337,56,0.0791777,0.0124857
4711531714021,4711512303000,4711512303000,4711531703929,73729,19.4009,4711543111874,30.8089,0,10645,38958,0,0,1,0,0,0.008027,471,471,471,1,2.47443,3.6369,0.754284,0.296466,0.417633,-0.0120239,0.000829166,0.000180542,0.0547635,-0.123333,1,0.0224919,-0.103297,0.103297,0.0224919,1,1,0.0881778,0.00849588,0.0151194,0.013996,0,0,0,0,0,0,0,0,0,0,0,0,0,0,0,0,0,0,0,0,0,0,0,255,0.26,-0.54556,0.26,0.114968,-0.0281779,1,1,1,1,0,1,1,0.00802818,-3.26744,0.135446,-0.0359896,-0.0172143,0.0377356,42.7349,9853,1,367,38.9822,2464,0,0.000884653,0.0195999,0.00796201,0,0,0,1,471,0.265,0.00070323,0.000153397,4.06502e-05,-0.000186356,2.73603e-06,-0.000190363,0.256223,-0.023429,0.00278629,0.277694,-0.191674,-0.0286786,0.0741787,-0.087049,11.6573,1,0,0,0,0,0,-1,1,-9.04586e-07,-3.41781e-06,-0.189066,0,43.006,1,1010,1010,1010,1010,0,0,0,0,43.0101,56,0.0946421,0.00844689,23,0.0950422,0.0692484,56,0.078566,0.0525307,56,0.0961444,0.0170097,56,0.114091,0.00330088,56,0.134,-0.00216985,56,0.0938367,0.00715114,56,0.103877,0.0243239,56,0.123558,0.0231549
4711543659860,4711532298000,4711532298000,4711543653138,73729,11.3551,4711555880701,23.5827,1,10646,38959,0,0,1,0,0,0.019995,468,465,465,1,2.46958,4.2652,0.57882,0.318355,0.935364,-0.0599976,0.00200876,0.000321352,0.0832295,-0.109987,1,0.0160716,-0.100463,0.100463,0.0160716,1,1,0.0769367,0.000598497,0.0235263,0.0154731,0,0,0,0,0,0,0,0,0,0,0,0,0,0,0,0,0,0,0,0,0,0,0,255,0.26,1.23892,0.26,0.114674,-0.074511,1,1,1,1,1,1,1,0.00622453,-3.26842,0.134843,-0.0445789,-0.0235007,0.0286585,1.57433,9854,1,367,51.7213,2464,0,0.000884653,0.0195999,0.00796201,0,0,0,1,465,0.265,0.00170338,0.000273034,7.23539e-05,-0.000451396,-1.96626e-05,-0.000456279,0.256204,-0.0238852,0.000946861,0.279931,-0.19566,-0.0292,0.0820075,-0.123112,1.3239,3,0,0,0,0,0,-1,1,-9.04586e-07,-3.41781e-06,-0.194273,0,1.83311,1,1010,1010,1010,1010,0,0,0,0,1.83759,56,0.0852257,0.00335616,17,0.107832,0.0304544,56,0.0745371,0.0436903,56,0.104418,0.00361504,56,0.10371,0.0102492,56,0.117067,0.0175699,56,0.100999,0.0089616,56,0.108497,0.0212371,56,0.116964,0.0180332
4711556422687,4711544278000,4711544278000,4711556413020,73729,12.135,4711571149400,26.8714,0,10646,38960,0,0,1,0,0,0.01198,471,468,426,0.910256,2.484,3.63996,0.680338,0.284502,0.579773,0.0751343,0.00126443,0.000298289,0.078495,-0.102903,1,0.0248989,-0.105545,0.105545,0.0248989,1,1,0.0798708,0.0094323,0.0256743,0.0154666,0,0,0,0,0,0,0,0,0,0,0,0,0,0,0,0,0,0,0,0,0,0,0,255,0.26,3.83362,0.26,0.121253,-0.0741774,1,1,1,1,0,1,1,0.00622453,-3.26842,0.134843,-0.0445789,-0.0235007,0.0286585,16.8455,9854,1,367,66.9924,2464,0,0.000884653,0.0195999,0.00796201,0,0,0,1,426,0.265,0.00107208,0.000252866,6.70094e-05,-0.000284101,7.86627e-06,-0.000291186,0.256211,-0.0241764,0.000946861,0.279931,-0.19566,-0.0277918,0.0819731,-0.131092,16.6084,0,0,0,0,0,0,-1,1,-9.04586e-07,-3.41781e-06,-0.194273,0,17.0869,1,1010,1010,1010,1010,0,0,0,0,17.0914,16,0.11621,0.0193085,20,0.101264,0.036448,56,0.0840979,0.0416746,54,0.0949838,0.0188169,56,0.102283,0.0172925,56,0.116095,0.0228176,56,0.10005,0.0176745,56,0.108149,0.0240572,56,0.129837,0.0235151
4711571608774,4711552306000,4711552306000,4711571599793,73729,19.2938,4711583133739,30.8277,0,10646,38961,0,0,1,0,0,0.008028,471,468,468,1,2.4647,3.73864,0.627968,0.301836,0.646538,-0.0542908,0.00133287,9.61393e-05,0.123196,-0.154332,1,0.0119755,-0.166028,0.166028,0.0119755,1,1,0.140308,-0.000396082,0.0257201,0.0123716,0,0,0,0,0,0,0,0,0,0,0,0,0,0,0,0,0,0,0,0,0,0,0,255,0.26,8.20772,0.26,0.175248,-0.0949298,1,1,1,1,0,1,1,0.00622453,-3.26842,0.134843,-0.0445789,-0.0235007,0.0286585,28.8564,9854,1,367,79.0035,2464,0,0.000884653,0.0195999,0.00796201,0,0,0,1,468,0.265,0.00113035,8.1995e-05,2.17287e-05,-0.000299544,-3.81851e-05,-0.000297831,0.256173,-0.0244743,0.000266708,0.280368,-0.197036,-0.029953,0.0655694,-0.133016,11.7562,1,0,0,0,0,0,-1,1,-9.04586e-07,-3.41781e-06,-0.194273,0,29.1134,1,1010,1010,1010,1010,0,0,0,0,29.1179,56,0.147743,-0.008979,20,0.197353,0.0556706,56,0.103995,0.045554,56,0.166262,-0.0117372,56,0.18802,0.00658143,56,0.183244,0.00850601,56,0.153447,0.00665337,56,0.183849,0.0235909,56,0.200732,0.0215893
4711583664892,4711572300000,4711572300000,4711583659836,73729,11.3598,4711595535323,23.2353,1,10647,38962,0,0,1,0,0,0.019994,472,470,469,0.997872,2.46769,3.71999,0.62232,0.298299,1.38947,-0.363037,0.00277912,-0.000389234,0.093702,-0.0836874,1,-0.0194675,-0.138998,0.138998,-0.0194675,1,1,0.114928,-0.0288346,0.0240694,0.00936703,0,0,0,0,0,0,0,0,0,0,0,0,0,0,0,0,0,0,0,0,0,0,0,255,0.26,0.605561,0.26,0.156428,-0.10909,1,1,1,1,0,1,1,0.00622453,-3.26842,0.134843,-0.0445789,-0.0235007,0.0286585,41.232,9854,1,367,91.3789,2464,0,0.000884653,0.0195999,0.00796201,0,0,0,1,469,0.265,0.00235668,-0.00032953,-8.73255e-05,-0.000624519,-0.000205253,-0.000595754,0.255968,-0.02507,-0.000439137,0.280792,-0.198358,-0.0348102,0.0496453,-0.129902,12.1265,1,0,0,0,0,0,-1,1,-9.04586e-07,-3.41781e-06,-0.194273,0,41.4899,1,1010,1010,1010,1010,0,0,0,0,0.204927,56,0.11287,-0.0456826,21,0.123017,-0.00610992,56,0.105181,0.0218213,56,0.14919,-0.0315841,56,0.15152,-0.0270793,56,0.153917,-0.0154012,56,0.148275,-0.0274577,56,0.147595,-0.0151969,56,0.160901,-0.0205927
4711596042864,4711584277000,4711584277000,4711596035382,73729,11.7584,4711609515197,25.2382,0,10647,38963,0,0,1,0,0,0.011977,475,471,471,1,2.57052,4.23454,0.89036,0.299039,0.682144,0.00622559,0.00135328,0.000154102,0.0581062,-0.0667877,1,0.0128665,-0.11299,0.11299,0.0128665,1,1,0.0931151,0.00287546,0.0198745,0.00999107,0,0,0,0,0,0,0,0,0,0,0,0,0,0,0,0,0,0,0,0,0,0,0,255,0.26,2.8076,0.26,0.141507,-0.0549128,1,1,1,1,1,1,1,0.00622453,-3.26842,0.134843,-0.0445789,-0.0235007,0.0286585,55.2124,9854,1,367,105.359,2464,0,0.000884653,0.0195999,0.00796201,0,0,0,1,471,0.265,0.00114775,0.000130908,3.46906e-05,-0.000304154,-2.74761e-05,-0.000304747,0.255941,-0.0253748,-0.00100831,0.281412,-0.199328,-0.0353466,0.0529527,-0.112545,13.75,1,0,0,0,0,0,-1,1,-9.04586e-07,-3.41781e-06,-0.200101,0,0.234724,1,1010,1010,1010,1010,0,0,0,0,14.176,56,0.111576,-0.010385,23,0.103953,0.0269577,56,0.0877533,0.0343175,56,0.107815,0.0117443,56,0.113265,0.00618865,56,0.134749,0.0190634,56,0.124662,0.00166484,56,0.123357,0.0138195,56,0.129059,0.0122381
4711610043442,4711592306000,4711592306000,4711610032404,73729,17.7264,4711621631055,29.3251,0,10647,38964,0,0,1,0,0,0.008029,476,470,469,0.997872,2.49239,3.99118,0.726154,0.291595,0.737427,0.174408,0.00137253,0.000522897,0.0401629,-0.147944,1,0.065126,-0.170947,0.170947,0.065126,1,1,0.159572,0.0506087,0.0113746,0.0145174,0,0,0,0,0,0,0,0,0,0,0,0,0,0,0,0,0,0,0,0,0,0,0,255,0.26,6.33939,0.26,0.195297,-0.015879,1,1,1,1,0,1,1,0.00459156,-3.26979,0.133733,-0.037167,-0.0290387,0.0257185,12.1235,9855,1,367,117.496,2464,0,0.000884653,0.0195999,0.00796201,0,0,0,1,469,0.265,0.00116403,0.000443645,0.000117566,-0.000308469,4.93018e-05,-0.000324815,0.25599,-0.0256996,-0.00199163,0.283017,-0.200682,-0.0321616,0.0769421,-0.0739575,11.8487,2,0,0,0,0,0,-1,1,-9.04586e-07,-3.41781e-06,-0.200101,0,12.3847,1,1010,1010,1010,1010,0,0,0,0,26.326,56,0.141495,0.0434052,22,0.239087,0.093655,56,0.112329,0.0932738,56,0.184268,0.0529027,56,0.184517,0.0534944,56,0.182363,0.0540687,55,0.164704,0.0586413,56,0.189324,0.0730027,56,0.196579,0.0864868
4711622160874,4711612323000,4711612323000,4711622154004,73729,9.831,4711634429716,22.1067,1,10648,38965,0,0,1,0,0,0.020017,473,472,472,1,2.50315,3.95085,0.638172,0.304873,1.08514,0.155609,0.00204344,0.000779612,0.0257339,-0.127811,1,0.0389475,-0.102085,0.102085,0.0389475,1,1,0.095513,0.023432,0.00657228,0.0155154,0,0,0,0,0,0,0,0,0,0,0,0,0,0,0,0,0,0,0,0,0,0,0,255,0.26,8.604,0.26,0.131965,-0.0556689,1,1,1,1,0,1,1,0.00459156,-3.26979,0.133733,-0.037167,-0.0290387,0.0257185,24.9044,9855,1,367,130.277,2464,0,0.000884653,0.0195999,0.00796201,0,0,0,1,472,0.265,0.00173312,0.000661547,0.00017531,-0.000459276,7.33468e-05,-0.000483731,0.256063,-0.0261833,-0.00271304,0.283736,-0.201441,-0.0421916,0.0822318,-0.0616198,12.5381,1,0,0,0,0,0,-1,1,-9.04586e-07,-3.41781e-06,-0.200101,0,25.1529,1,1010,1010,1010,1010,0,0,0,0,39.0942,56,0.0960614,0.0132593,24,0.094399,0.0563446,56,0.0656682,0.0624745,56,0.10105,0.0327045,56,0.113105,0.029806,56,0.117531,0.0393673,56,0.106692,0.0372762,56,0.106553,0.0478255,56,0.126699,0.0430503
4711634917960,4711624272000,4711624272000,4711634907368,73729,10.6354,4711647059690,22.7877,0,10648,38966,0,0,1,0,0,0.011949,475,472,425,0.900424,2.47133,3.54249,0.557041,0.277151,0.311005,-0.053894,0.000720461,6.83569e-05,0.0529751,-0.0848189,1,0.00572072,-0.0602946,0.0602946,0.00572072,1,1,0.0515926,-0.00809626,0.00870204,0.013817,0,0,0,0,0,0,0,0,0,0,0,0,0,0,0,0,0,0,0,0,0,0,0,255,0.27,1.05101,0.27,0.192912,0.285297,1,1,1,1,0,1,1,0.00459156,-3.26979,0.133733,-0.037167,-0.0290387,0.0257185,37.5318,9855,1,367,142.904,2464,0,0.000884653,0.0195999,0.00796201,0,0,0,1,425,0.275,0.000610849,5.80608e-05,1.59667e-05,-0.000167984,-1.87399e-05,-0.000167655,0.256044,-0.026351,-0.00454393,0.285085,-0.203544,-0.0620111,0.0759934,-0.0878978,12.3855,2,0,0,0,0,0,-1,1,-9.04586e-07,-3.41781e-06,-0.200101,0,37.804,1,1010,1010,1010,1010,0,0,0,0,0.212243,12,0.0637073,0.0203483,22,0.0640692,0.0236852,56,0.047448,0.0264973,55,0.0604733,-0.00121827,56,0.0610742,0.00779904,56,0.070769,-0.00233626,56,0.0543766,0.00304895,56,0.0617375,0.00736646,56,0.0727761,0.00079355
4711647571787,4711632297000,4711632297000,4711647560898,73729,15.2639,4711658346171,26.0492,0,10648,38967,0,0,1,0,0,0.008025,474,474,438,0.924051,2.46193,3.59194,0.655765,0.288447,0.228119,-0.0778198,0.00052781,-5.03639e-06,0.0817666,-0.115775,1,-0.000627588,-0.0657708,0.0657708,-0.000627588,1,1,0.0556901,-0.0141717,0.0100806,0.0135441,0,0,0,0,0,0,0,0,0,0,0,0,0,0,0,0,0,0,0,0,0,0,0,255,0.27,3.51662,0.27,0.109591,-0.0936418,1,1,1,1,1,1,1,0.00314492,-3.27083,0.132723,-0.0354425,-0.0163863,0.0354428,9.88473,9856,1,367,154.193,2464,0,0.000884653,0.0195999,0.00796201,0,0,0,1,438,0.275,0.000447462,-3.99823e-06,-1.09951e-06,-0.000123052,-2.57531e-05,-0.000120329,0.256019,-0.0264713,-0.00454393,0.285085,-0.203544,-0.0664291,0.0744925,-0.0974981,23.6668,0,0,0,0,0,0,-1,1,-9.04586e-07,-3.41781e-06,-0.204703,0,10.1249,1,1010,1010,1010,1010,0,0,0,0,11.4681,56,0.0488796,-0.0245767,26,0.0250162,0.0151297,56,0.0337283,0.0240004,55,0.0575762,0.00455919,56,0.0797264,-0.0121698,56,0.0828088,0.00243395,21,0.0699749,-0.0290042,56,0.0788866,0.00156441,56,0.0862402,-0.00301029
4711658874620,4711644275000,4711644275000,4711658864509,73729,14.5895,4711671453057,27.1781,0,10648,38968,0,0,1,0,0,0.011978,477,475,475,1,2.46559,3.90981,0.64132,0.297206,0.211029,-0.0815735,0.000506817,-3.03212e-05,0.0697903,-0.0647489,1,-0.00253141,-0.0423123,0.0423123,-0.00253141,1,1,0.0318718,-0.0148847,0.0104406,0.0123533,0,0,0,0,0,0,0,0,0,0,0,0,0,0,0,0,0,0,0,0,0,0,0,255,0.27,4.42054,0.27,0.105346,-0.0880185,1,1,1,1,0,1,1,0.00314492,-3.27083,0.132723,-0.0354425,-0.0163863,0.0354428,22.9973,9856,1,367,167.305,2464,0,0.000884653,0.0195999,0.00796201,0,0,0,1,475,0.275,0.00042963,-2.54424e-05,-6.99667e-06,-0.000118148,-3.04543e-05,-0.000114339,0.255988,-0.0265856,-0.00607258,0.286278,-0.205268,-0.0605041,0.0679429,-0.0943417,12.8421,2,0,0,0,0,0,-1,1,-9.04586e-07,-3.41781e-06,-0.204703,0,23.2588,1,1010,1010,1010,1010,0,0,0,0,24.602,56,0.0349214,-0.0169663,27,0.0151663,0.00569503,56,0.0272783,0.0202429,56,0.047904,-0.0107133,56,0.0481968,-0.0112302,56,0.0503577,-0.0023121,56,0.0483297,-0.0037299,56,0.0453555,0.00606158,56,0.0565996,0.00155801
4711671961079,4711660317000,4711660317000,4711671954190,73729,11.6372,4711683933159,23.6162,1,10649,38969,0,0,1,0,0,0.016042,470,469,469,1,2.4633,3.74812,0.739339,0.321984,0.430496,-0.122772,0.000865171,-2.99918e-05,0.0467064,-0.0628644,1,-0.00186958,-0.0539316,0.0539316,-0.00186958,1,1,0.049841,-0.011993,0.00409059,0.0101235,0,0,0,0,0,0,0,0,0,0,0,0,0,0,0,0,0,0,0,0,0,0,0,255,0.27,7.55245,0.27,0.120253,-0.0829533,1,1,1,1,0,1,1,0.00314492,-3.27083,0.132723,-0.0354425,-0.0163863,0.0354428,35.4726,9856,1,367,179.78,2464,0,0.000884653,0.0195999,0.00796201,0,0,0,1,469,0.275,0.000733593,-2.50822e-05,-6.89761e-06,-0.000201738,-4.73025e-05,-0.000196209,0.255941,-0.0267818,-0.00665875,0.286701,-0.205666,-0.0503535,0.055679,-0.0582814,12.2349,1,0,0,0,0,0,-1,1,-9.04586e-07,-3.41781e-06,-0.204703,0,35.7355,1,1010,1010,1010,1010,0,0,0,0,37.0787,56,0.0486762,-0.0163339,21,0.070118,0.0158403,56,0.0351,0.0275037,56,0.0486588,-0.00729632,56,0.0580478,-0.00850343,56,0.0657328,-0.00336201,56,0.0511041,-0.00761992,56,0.0620445,-0.000806303,56,0.0753353,-0.00668102
4711684436163,4711672292000,4711672292000,4711684424070,73729,12.1321,4711696247945,23.9559,0,10649,38970,0,0,1,0,0,0.011975,478,476,476,1,2.4583,3.44281,0.626375,0.340169,0.153107,-0.124237,0.000280967,-0.000209094,0.00992869,-0.00588687,1,-0.0174608,-0.0234628,0.0234628,-0.0174608,1,1,0.0251085,-0.0250078,-0.00164575,0.00754697,0,0,0,0,0,0,0,0,0,0,0,0,0,0,0,0,0,0,0,0,0,0,0,255,0.27,-0.216668,0.27,0.0696236,-0.324946,1,1,1,1,0,1,1,0.00314492,-3.27083,0.132723,-0.0354425,-0.0163863,0.0354428,47.7879,9856,1,367,192.096,2464,0,0.000884653,0.0195999,0.00796201,0,0,0,1,476,0.275,0.000238222,-0.000177258,-4.87459e-05,-6.5511e-05,-5.90275e-05,-5.45931e-05,0.255882,-0.0268364,-0.00727767,0.286982,-0.205927,-0.0517123,0.0415083,-0.0341285,12.073,1,0,0,0,0,0,-1,1,-9.04586e-07,-3.41781e-06,-0.204703,0,48.0459,1,1010,1010,1010,1010,0,0,0,0,0.211224,56,0.0152057,-0.0235104,28,0.0120473,-0.0049451,56,0.0273673,-0.0052161,56,0.0195247,-0.0256606,56,0.0319725,-0.0177857,56,0.0293488,-0.0180669,56,0.0295015,-0.0224009,56,0.0275186,-0.0164922,56,0.0243902,-0.0230001
4711696749171,4711680312000,4711680312000,4711696737949,73729,16.4259,4711710458765,30.1468,0,10649,38971,0,0,1,0,0,0.00802,469,468,468,1,2.49611,4.72572,0.671783,0.29554,0.0306091,-0.142441,2.5262e-05,-0.000257641,0.00882874,-0.00477344,1,-0.0321248,-0.00314987,0.00314987,-0.0321248,1,1,0.00678246,-0.036702,-0.00363259,0.00457717,0,0,0,0,0,0,0,0,0,0,0,0,0,0,0,0,0,0,0,0,0,0,0,255,0.27,1.92822,0.27,0.0720597,0.0975199,1,1,1,1,0,1,1,0.00244963,-3.27158,0.132214,-0.0231709,-0.0107231,0.0399258,5.57295,9857,1,367,5.52001,2465,0,0.000884653,0.0177183,0.00878615,0,0,0,1,468,0.275,2.13785e-05,-0.000218331,-6.0041e-05,-5.87909e-06,-5.75368e-05,6.10197e-06,0.255824,-0.0268303,-0.00971027,0.287526,-0.207439,-0.0664212,0.0251745,-0.0371536,5.29671,3,0,0,0,0,0,-1,1,-9.04586e-07,-3.41781e-06,-0.20694,0,5.82683,1,1010,1010,1010,1010,0,0,0,0,14.415,56,-0.0157722,-0.0489902,22,0.0179961,-0.0308073,56,-0.0222968,-0.0216237,56,0.00717048,-0.032786,56,0.0118862,-0.0416377,54,-0.000390834,-0.021259,56,0.0133038,-0.0290518,56,0.00777314,-0.0286436,56,0.018809,-0.0311245
4711710945992,4711700314000,4711700314000,4711710940769,73729,10.6268,4711723852968,23.539,1,10650,38972,0,0,1,0,0,0.020002,475,472,451,0.955508,2.49382,4.81902,0.665283,0.310596,-0.160233,-0.324036,-0.00014302,-0.000543763,0.0405879,-0.00379152,1,-0.0271854,0.00715029,-0.00715029,-0.0271854,1,1,-0.00624093,-0.030773,-0.000909357,0.00358753,0,0,0,0,0,0,0,0,0,0,0,0,0,0,0,0,0,0,0,0,0,0,0,255,0.26,5.96007,0.26,0.0554685,-0.0812237,1,1,1,1,1,1,1,0.00244963,-3.27158,0.132214,-0.0231709,-0.0107231,0.0399258,18.9858,9857,1,367,18.9328,2465,0,0.000884653,0.0177183,0.00878615,0,0,0,1,451,0.265,-0.000121711,-0.000460972,-0.000122157,3.22534e-05,-0.000108076,5.57047e-05,0.255716,-0.0267746,-0.00971027,0.287526,-0.207439,-0.0711073,0.0190139,-0.0530302,18.7015,0,0,0,0,0,0,-1,1,-9.04586e-07,-3.41781e-06,-0.20694,0,19.2569,1,1010,1010,1010,1010,0,0,0,0,27.8451,56,-0.0162473,-0.0362834,24,-0.00278847,-0.0103233,35,-0.0193808,-0.015164,56,-0.0117372,-0.0285537,56,-0.00428861,-0.0271518,56,-0.000255117,-0.0227915,56,-0.00833031,-0.0297701,56,-0.00542751,-0.0334882,56,-0.00543224,-0.0376083
4711724454399,4711712293000,4711712293000,4711724442991,73729,12.15,4711738835202,26.5422,0,10650,38973,0,0,1,0,0,0.011979,474,471,464,0.985138,2.46091,3.45592,0.590061,0.32317,0.0111618,-0.211624,0.000108447,-0.000372369,0.0443871,-0.00799369,1,-0.0310852,-0.00905305,0.00905305,-0.0310852,1,1,0.00286873,-0.0338586,0.00618433,0.00277339,0,0,0,0,0,0,0,0,0,0,0,0,0,0,0,0,0,0,0,0,0,0,0,255,0.27,-0.837988,0.27,0.0790879,-0.203923,1,1,1,1,0,1,1,0.00244963,-3.27158,0.132214,-0.0231709,-0.0107231,0.0399258,33.9486,9857,1,367,33.8957,2465,0,0.000884653,0.0177183,0.00878615,0,0,0,1,464,0.275,9.18119e-05,-0.000315594,-8.67884e-05,-2.52483e-05,-8.65726e-05,-7.51273e-06,0.25563,-0.0267821,-0.0102165,0.287644,-0.208224,-0.0542342,0.0152537,-0.0705984,14.7301,1,0,0,0,0,0,-1,1,-9.04586e-07,-3.41781e-06,-0.20694,0,34.1988,1,1010,1010,1010,1010,0,0,0,0,42.787,56,0.012165,-0.0345735,27,0.00487896,-0.0281502,50,0.00352478,-0.0261132,56,0.0124671,-0.0309404,56,0.0177695,-0.0364732,51,0.0140526,-0.0286587,56,0.00391656,-0.0295862,56,0.0109968,-0.0322908,56,0.0110126,-0.0311843
4711739317965,4711720313000,4711720313000,4711739308298,73729,18.9953,4711750867708,30.5547,0,10650,38974,0,0,1,0,0,0.00802,469,468,468,1,2.46145,3.78709,0.649913,0.295743,0.242249,-0.081955,0.000544873,-0.000114854,0.0671039,-0.0406219,1,-0.014321,-0.0679393,0.0679393,-0.014321,1,1,0.052237,-0.0187062,0.0157023,0.00438522,0,0,0,0,0,0,0,0,0,0,0,0,0,0,0,0,0,0,0,0,0,0,0,255,0.26,3.85353,0.26,0.142578,0.200208,1,1,1,1,0,1,1,0.00244963,-3.27158,0.132214,-0.0231709,-0.0107231,0.0399258,45.9816,9857,1,367,45.9285,2465,0,0.000884653,0.0177183,0.00878615,0,0,0,1,468,0.265,0.000462052,-9.72587e-05,-2.57736e-05,-0.000122444,-4.92815e-05,-0.000114698,0.25558,-0.0268968,-0.0100895,0.288146,-0.20942,-0.00232083,0.0232417,-0.0684345,11.7622,2,0,0,0,0,0,-1,1,-9.04586e-07,-3.41781e-06,-0.209926,0,0.250002,1,1010,1010,1010,1010,0,0,0,0,0.253984,56,0.0398657,-0.0144147,23,0.077484,-0.000622298,56,0.0424428,-0.00311801,56,0.070227,-0.0287778,56,0.0739825,-0.0158004,53,0.0707788,-0.00940976,56,0.0741855,-0.0295265,56,0.062347,-0.00864204,56,0.083103,-0.0134364
4711751378416,4711740316000,4711740316000,4711751372379,73729,11.0564,4711761605315,21.2893,1,10651,38975,0,0,1,0,0,0.020003,475,473,415,0.877378,2.46152,3.89262,0.643042,0.273298,0.929352,0.16217,0.00181549,0.000477492,0.0444114,-0.0531405,1,0.023871,-0.0907609,0.0907609,0.023871,1,1,0.0720967,0.0174156,0.0186642,0.0064554,0,0,0,0,0,0,0,0,0,0,0,0,0,0,0,0,0,0,0,0,0,0,0,255,0.26,5.74083,0.26,0.121691,-0.0937033,1,1,1,2,0,1,1,0.00227561,-3.27178,0.131382,-0.00953334,0.00102091,0.022402,10.7468,9858,1,367,56.689,2465,0,0.000884653,0.0177183,0.00878615,0,0,0,1,415,0.265,0.00153965,0.000405066,0.000107343,-0.000408008,1.68053e-05,-0.000420704,0.255597,-0.0273175,-0.00955682,0.288489,-0.209706,0.0462207,0.0342136,-0.0421597,10.5182,1,0,0,0,0,0,-1,1,-9.04586e-07,-3.41781e-06,-0.209926,0,10.9808,1,1010,1010,1010,1010,0,0,0,0,10.9847,45,0.0950963,0.0140549,24,0.099689,0.0350161,44,0.075836,0.033749,56,0.0879048,0.0263589,56,0.0879516,0.0231542,56,0.102718,0.0262366,56,0.0962309,0.0204973,52,0.0940977,0.0243275,26,0.100364,0.0306068
4711762101189,4711752286000,4711752286000,4711762092911,73729,9.80691,4711774923257,22.6373,0,10651,38976,0,0,1,0,0,0.01197,476,475,473,0.995789,2.49613,3.6942,0.597893,0.300354,0.425293,0.182251,0.000769614,0.000443176,-0.00493588,-0.0634055,1,0.0370239,-0.0642952,0.0642952,0.0370239,1,1,0.0479239,0.0306597,0.0163713,0.00636425,0,0,0,0,0,0,0,0,0,0,0,0,0,0,0,0,0,0,0,0,0,0,0,255,0.27,6.16198,0.27,0.0451211,0.208908,1,1,1,1,1,1,1,0.00227561,-3.27178,0.131382,-0.00953334,0.00102091,0.022402,24.0446,9858,1,367,69.9867,2465,0,0.000884653,0.0177183,0.00878615,0,0,0,1,473,0.275,0.000652938,0.00037592,0.000103378,-0.000179558,5.99677e-05,-0.00019635,0.255657,-0.0275139,-0.0089234,0.28879,-0.209844,0.0634635,0.0350034,-0.0212627,13.0142,1,0,0,0,0,0,-1,1,-9.04586e-07,-3.41781e-06,-0.209926,0,24.3034,1,1010,1010,1010,1010,0,0,0,0,24.3073,56,0.0647834,0.0368421,28,0.0309396,0.0433033,56,0.0552598,0.0385484,56,0.071089,0.0335129,56,0.0675784,0.026833,55,0.0695575,0.0517771,54,0.0650878,0.0307041,56,0.0623835,0.0405733,56,0.0800576,0.0429669
4711775479114,4711760313000,4711760313000,4711775467317,73729,15.1543,4711786417944,26.1049,0,10651,38977,0,0,1,0,0,0.008027,472,472,462,0.978814,2.45956,3.48766,0.65732,0.301539,0.314011,0.0649948,0.000611336,0.000204733,0.0297624,-0.0728974,1,0.0255055,-0.07616,0.07616,0.0255055,1,1,0.0644322,0.0224718,0.0117278,0.00303375,0,0,0,0,0,0,0,0,0,0,0,0,0,0,0,0,0,0,0,0,0,0,0,255,0.27,-0.628708,0.27,0.0119089,-0.0642581,1,1,1,1,0,1,1,0.00227561,-3.27178,0.131382,-0.00953334,0.00102091,0.022402,35.5394,9858,1,367,81.4817,2465,0,0.000884653,0.0177183,0.00878615,0,0,0,1,462,0.275,0.000518529,0.000173742,4.77792e-05,-0.000142596,1.53869e-05,-0.000149075,0.255673,-0.027663,-0.00811074,0.288907,-0.210025,0.0535898,0.0166856,-0.00873049,11.2344,2,0,0,0,0,0,-1,1,-9.04586e-07,-3.41781e-06,-0.209926,0,35.7977,1,1010,1010,1010,1010,0,0,0,0,35.8017,56,0.0812571,0.0263728,24,0.0561556,0.0390288,46,0.0628641,0.0298959,56,0.0758375,0.00771505,56,0.0592642,0.0227475,56,0.0737437,0.0222456,56,0.0769068,0.0286472,56,0.0871163,0.0305088,56,0.0855826,0.0291196
4711786917541,4711772289000,4711772289000,4711786906244,73729,14.6172,4711798898306,26.6093,0,10651,38978,0,0,1,0,0,0.011976,477,474,473,0.99789,2.48106,3.43738,0.561931,0.303188,0.109436,-0.0477448,0.00022908,-3.19752e-05,0.00757391,-0.0250913,1,-0.00266994,-0.0191283,0.0191283,-0.00266994,1,1,0.0129724,-0.00260299,0.00615594,-6.69479e-05,0,0,0,0,0,0,0,0,0,0,0,0,0,0,0,0,0,0,0,0,0,0,0,255,0.27,0.661135,0.27,-0.0468927,-0.0159121,1,1,1,1,0,1,1,0.00227561,-3.27178,0.131382,-0.00953334,0.00102091,0.022402,48.0186,9858,1,367,93.961,2465,0,0.000884653,0.0177183,0.00878615,0,0,0,1,473,0.275,0.000194393,-2.70803e-05,-7.44709e-06,-5.34579e-05,-1.80065e-05,-5.08193e-05,0.255655,-0.0277138,-0.00788619,0.288897,-0.209977,0.0293844,-0.000368213,-0.00357858,12.2192,1,0,0,0,0,0,-1,1,-9.04586e-07,-3.41781e-06,-0.209759,0,0.243799,1,1010,1010,1010,1010,0,0,0,0,0.247706,56,0.0137619,-0.00327405,27,-0.000666403,0.00525904,55,0.0123356,-0.00460315,56,0.0199561,-0.00148751,56,0.0245266,0.000228893,55,0.0287996,-0.00311774,56,0.0235371,-0.0105775,56,0.00945444,-0.00302094,56,0.0182103,-0.0033895
4711799404606,4711780314000,4711780314000,4711799393180,73729,19.0792,4711810504308,30.1903,0,10651,38979,0,0,1,0,0,0.008025,472,471,471,1,2.4615,3.8777,0.57456,0.294966,-0.0776978,-0.0737305,-0.000118385,-0.000120148,0.00609309,-0.0245531,1,-0.0149717,0.0147521,-0.0147521,-0.0149717,1,1,-0.020908,-0.0149047,0.00615594,-6.69479e-05,0,0,0,0,0,0,0,0,0,0,0,0,0,0,0,0,0,0,0,0,0,0,0,255,0.27,2.97947,0.27,-0.064282,0.152932,1,1,1,1,0,1,1,0.00272509,-3.27125,0.130044,0.00304983,0.0152852,0.0272871,11.5963,9859,1,367,105.571,2465,0,0.000884653,0.0177183,0.00878615,0,0,0,1,471,0.275,-0.000100389,-0.000101854,-2.80099e-05,2.7607e-05,-2.05659e-05,3.26091e-05,0.255634,-0.0276812,-0.00788619,0.288897,-0.209977,0.0293844,-0.000368213,-0.00357858,23.8308,0,0,0,0,0,0,-1,1,-9.04586e-07,-3.41781e-06,-0.209759,0,11.8539,1,1010,1010,1010,1010,0,0,0,0,11.8578,56,-0.0167573,-0.0094702,24,0.00182961,-0.0277285,56,-0.0105808,-0.021651,56,-0.0106198,-0.0110942,56,-0.0229222,-0.00712337,55,-0.0146813,-0.0113913,56,-0.0127556,-0.0143428,56,-0.016266,-0.0193634,56,-0.0219505,-0.0127505
4711811009183,4711800310000,4711800310000,4711811004461,73729,10.6945,4711824150828,23.8408,1,10652,38980,0,0,1,0,0,0.019996,476,472,471,0.997881,2.47224,3.83944,0.636709,0.302262,-0.435272,0.0184937,-0.000870972,6.48382e-05,-0.0224631,-0.00659943,1,0.00324256,0.0435573,-0.0435573,0.00324256,1,1,-0.0399821,0.00369519,-0.00357519,-0.000452631,0,0,0,0,0,0,0,0,0,0,0,0,0,0,0,0,0,0,0,0,0,0,0,255,0.27,4.41768,0.27,-0.0688904,-0.000828453,1,1,1,1,0,1,1,0.00272509,-3.27125,0.130044,0.00304983,0.0152852,0.0272871,25.2539,9859,1,367,119.229,2465,0,0.000884653,0.0177183,0.00878615,0,0,0,1,471,0.275,-0.000738705,5.48995e-05,1.50974e-05,0.000203144,5.58614e-05,0.000195813,0.25569,-0.0274854,-0.00708503,0.288865,-0.208785,0.0210326,-0.00248947,0.0325569,13.3638,2,0,0,0,0,0,-1,1,-9.04586e-07,-3.41781e-06,-0.209759,0,25.5118,1,1010,1010,1010,1010,0,0,0,0,25.5157,56,-0.0385707,0.0100496,25,-0.0234507,-0.000619971,55,-0.0387454,-0.00622219,56,-0.0457023,0.00843716,56,-0.0455573,0.00721677,55,-0.0422933,0.00442615,56,-0.0437939,0.0057877,56,-0.048758,0.00146965,56,-0.0524095,-0.00209772
4711824669036,4711812279000,4711812279000,4711824661110,73729,12.3821,4711837506141,25.2271,0,10652,38981,0,0,1,0,0,0.011969,470,466,466,1,2.47948,3.47212,0.70995,0.301687,-0.265938,0.0309753,-0.000614657,3.77938e-05,-0.0683786,0.0128432,1,0.00315764,0.0513541,-0.0513541,0.00315764,1,1,-0.0346058,0.00463217,-0.0167483,-0.00147453,0,0,0,0,0,0,0,0,0,0,0,0,0,0,0,0,0,0,0,0,0,0,0,255,0.27,7.91479,0.27,-0.0612766,0.00621036,1,1,1,1,1,1,1,0.00272509,-3.27125,0.130044,0.00304983,0.0152852,0.0272871,38.5922,9859,1,367,132.567,2465,0,0.000884653,0.0177183,0.00878615,0,0,0,1,466,0.275,-0.00052107,3.19407e-05,8.78368e-06,0.000143294,3.73993e-05,0.000138566,0.255727,-0.0273468,-0.00605873,0.28869,-0.206644,0.0265713,-0.00810994,0.0949497,11.7505,2,0,0,0,0,0,-1,1,-9.04586e-07,-3.41781e-06,-0.209759,0,38.8478,1,1010,1010,1010,1010,0,0,0,0,38.8517,56,-0.0490401,0.0210205,23,-0.057942,0.00395562,56,-0.0310752,-0.0100058,56,-0.055533,0.00912353,56,-0.0570838,0.0107477,51,-0.0515054,0.00348691,56,-0.0559476,-0.00293178,56,-0.0611615,-0.000141258,56,-0.061301,0.000578155
4711838055016,4711820310000,4711820310000,4711838044331,73729,17.7343,4711848921216,28.6112,0,10652,38982,0,0,1,0,0,0.008031,470,468,441,0.942308,2.48795,3.58718,0.589078,0.289743,-0.394989,0.0115051,-0.000877513,-9.38011e-06,-0.113571,0.0313442,1,-0.00116799,0.109266,-0.109266,-0.00116799,1,1,-0.0889551,0.00135432,-0.0203106,-0.00252231,0,0,0,0,0,0,0,0,0,0,0,0,0,0,0,0,0,0,0,0,0,0,0,255,0.27,0.987638,0.27,-0.112142,0.00688595,1,1,1,1,0,1,1,0.00272509,-3.27125,0.130044,0.00304983,0.0152852,0.0272871,50.0085,9859,1,367,143.983,2465,0,0.000884653,0.0177183,0.00878615,0,0,0,1,441,0.275,-0.000744053,-8.19791e-06,-2.25443e-06,0.000204615,3.9356e-05,0.000200806,0.255767,-0.027146,-0.00578952,0.288546,-0.205746,0.0141061,-0.0138727,0.100651,11.1695,1,0,0,0,0,0,-1,1,-9.04586e-07,-3.41781e-06,-0.205102,0,0.231168,1,1010,1010,1010,1010,0,0,0,0,0.234872,54,-0.0902202,0.0151832,21,-0.142078,-0.026048,34,-0.0719791,-0.0259146,56,-0.0883301,-0.00127058,56,-0.114888,0.00342973,52,-0.0975659,0.00427608,56,-0.118937,0.00839189,56,-0.12511,-0.0101367,56,-0.126731,-0.000389427
4711849415442,4711840307000,4711840307000,4711849409628,73729,9.10263,4711859955103,19.6481,1,10653,38983,0,0,1,0,0,0.019997,482,474,474,1,2.48054,4.18628,0.77434,0.299429,-1.18195,-0.136116,-0.00230137,-0.000426079,-0.0554094,0.0549928,1,-0.0213071,0.115086,-0.115086,-0.0213071,1,1,-0.0947751,-0.0187848,-0.0203106,-0.00252231,0,0,0,0,0,0,0,0,0,0,0,0,0,0,0,0,0,0,0,0,0,0,0,255,0.27,2.1857,0.27,-0.131938,-0.00217497,1,1,1,0,0,1,1,0.00403754,-3.2703,0.12921,0.00845934,0.0245012,0.0414972,11.0249,9860,1,367,155.023,2465,0,0.000884653,0.0177183,0.00878615,0,0,0,1,474,0.275,-0.00195187,-0.00036152,-9.9418e-05,0.000536765,1.54948e-05,0.000545087,0.255782,-0.0266009,-0.00578952,0.288546,-0.205746,0.0141061,-0.0138727,0.100651,22.1911,0,0,0,0,0,0,-1,1,-9.04586e-07,-3.41781e-06,-0.205102,0,11.2887,1,1010,1010,1010,1010,0,0,0,0,11.2924,56,-0.108112,-0.00068005,31,-0.0956448,-0.0162671,56,-0.093483,-0.0385832,56,-0.120631,-0.0117134,56,-0.125339,-0.0219732,51,-0.120979,-0.0267802,56,-0.124905,-0.018502,56,-0.122068,-0.022188,56,-0.132238,-0.0307326
4711860462070,4711852283000,4711852283000,4711860454514,73729,8.17151,4711873921032,21.638,0,10653,38984,0,0,1,0,0,0.011976,476,475,474,0.997895,2.45465,3.99635,0.697635,0.298206,-0.673187,-0.1978,-0.00128855,-0.000447759,-0.026716,0.0528794,1,-0.037388,0.107594,-0.107594,-0.037388,1,1,-0.0904596,-0.0328563,-0.0171347,-0.00453167,0,0,0,0,0,0,0,0,0,0,0,0,0,0,0,0,0,0,0,0,0,0,0,255,0.27,3.06282,0.27,-0.109256,-0.00910343,1,1,1,1,0,1,1,0.00403754,-3.2703,0.12921,0.00845934,0.0245012,0.0414972,25.0065,9860,1,367,169.004,2465,0,0.000884653,0.0177183,0.00878615,0,0,0,1,474,0.275,-0.00109287,-0.000379818,-0.00010445,0.00030054,-3.75464e-05,0.0003147,0.255745,-0.0262862,-0.00550382,0.287919,-0.204326,-0.00265807,-0.0249242,0.0732661,13.6751,2,0,0,0,0,0,-1,1,-9.04586e-07,-3.41781e-06,-0.205102,0,25.2765,1,1010,1010,1010,1010,0,0,0,0,25.2802,56,-0.103126,-0.0194419,27,-0.0937421,-0.0528226,56,-0.0796155,-0.052983,56,-0.109209,-0.030433,56,-0.101182,-0.0352693,56,-0.126965,-0.0387122,55,-0.114651,-0.0429285,56,-0.115651,-0.045968,56,-0.120676,-0.0411321
4711874462296,4711860303000,4711860303000,4711874451277,73729,14.1483,4711885407682,25.1047,0,10653,38985,0,0,1,0,0,0.00802,470,469,469,1,2.471,3.67538,0.733043,0.290076,-0.60672,-0.22934,-0.00116251,-0.000590028,-0.0412281,0.119732,1,-0.0735696,0.144952,-0.144952,-0.0735696,1,1,-0.130975,-0.0670942,-0.0139765,-0.00647547,0,0,0,0,0,0,0,0,0,0,0,0,0,0,0,0,0,0,0,0,0,0,0,255,0.27,6.70504,0.27,-0.127539,-0.0242664,1,1,1,1,0,1,1,0.00403754,-3.2703,0.12921,0.00845934,0.0245012,0.0414972,36.4732,9860,1,367,180.471,2465,0,0.000884653,0.0177183,0.00878615,0,0,0,1,469,0.275,-0.000986083,-0.000500505,-0.000137639,0.000271173,-7.48308e-05,0.000292331,0.25567,-0.0259939,-0.00512386,0.287612,-0.203548,0.00450244,-0.0356151,0.0650987,11.2271,1,0,0,0,0,0,-1,1,-9.04586e-07,-3.41781e-06,-0.205102,0,36.7295,1,1010,1010,1010,1010,0,0,0,0,36.7332,56,-0.138552,-0.0699345,22,-0.139135,-0.0860082,56,-0.113917,-0.0879432,56,-0.141331,-0.0675569,56,-0.159832,-0.0598511,55,-0.150722,-0.0683618,56,-0.144205,-0.0637689,56,-0.158114,-0.0821132,56,-0.176192,-0.0881395
4711885902297,4711872282000,4711872282000,4711885891723,73729,13.6097,4711898208306,25.9263,0,10653,38986,0,0,1,0,0,0.011979,469,467,467,1,2.49441,3.76585,0.572819,0.298595,-0.429688,-0.0806885,-0.000909526,-0.000293827,-0.0603523,0.066899,1,-0.0245285,0.0759267,-0.0759267,-0.0245285,1,1,-0.0612814,-0.0204805,-0.0146453,-0.00404798,0,0,0,0,0,0,0,0,0,0,0,0,0,0,0,0,0,0,0,0,0,0,0,255,0.26,8.19238,0.26,-0.0732739,-0.129579,1,1,1,1,1,1,1,0.00403754,-3.2703,0.12921,0.00845934,0.0245012,0.0414972,49.2712,9860,1,367,193.269,2465,0,0.000884653,0.0177183,0.00878615,0,0,0,1,467,0.265,-0.000771298,-0.000249387,-6.60876e-05,0.000204394,-2.13822e-05,0.000212989,0.255648,-0.0257809,-0.00388711,0.287401,-0.201623,0.0294413,-0.0214543,0.0856492,12.534,2,0,0,0,0,0,-1,1,-9.04586e-07,-3.41781e-06,-0.205102,0,49.5255,1,1010,1010,1010,1010,0,0,0,0,0.243743,56,-0.064591,-0.00760375,22,-0.08398,-0.0295518,56,-0.0424676,-0.0516087,56,-0.0694811,-0.0180129,56,-0.081922,-0.022057,53,-0.0947241,-0.0108645,56,-0.074773,-0.0223398,56,-0.0854729,-0.0261938,56,-0.0895381,-0.0310101
4711898765292,4711888321000,4711888321000,4711898760569,73729,10.4396,4711910273664,21.9527,1,10654,38987,0,0,1,0,0,0.016039,468,467,467,1,2.48645,3.79966,0.577875,0.300484,-0.64328,-0.00674438,-0.0013812,-0.000129185,-0.0837909,0.0568751,1,-0.00805446,0.0861151,-0.0861151,-0.00805446,1,1,-0.0712282,-0.00512307,-0.0148869,-0.00293139,0,0,0,0,0,0,0,0,0,0,0,0,0,0,0,0,0,0,0,0,0,0,0,255,0.26,0.728636,0.26,-0.0901305,0.129353,1,1,1,0,0,1,1,0.00543421,-3.26927,0.128937,0.0102604,0.0215531,0.0334948,12.0529,9861,1,367,205.336,2465,0,0.000884653,0.0177183,0.00878615,0,0,0,1,467,0.265,-0.00117117,-0.00010977,-2.9089e-05,0.00031036,3.44862e-05,0.000309726,0.255683,-0.0254712,-0.00388711,0.287401,-0.201623,0.0362703,-0.0155364,0.0921365,24.5821,0,0,0,0,0,0,-1,1,-9.04586e-07,-3.41781e-06,-0.200909,0,0.234039,1,1010,1010,1010,1010,0,0,0,0,12.302,55,-0.0787314,0.0124463,22,-0.0568511,-0.0103834,56,-0.0628058,-0.0258959,56,-0.0891354,-0.00138423,56,-0.098385,-0.0059616,54,-0.0867801,-0.0148277,56,-0.0933448,-0.0072326,56,-0.0985442,-0.014978,56,-0.098779,-0.0112595
4711910741020,4711900305000,4711900305000,4711910732501,73729,10.4275,4711922774341,22.4693,0,10654,38988,0,0,1,0,0,0.011984,470,469,467,0.995736,2.48248,3.74159,0.653561,0.297484,-0.276917,-0.0632324,-0.000560636,-0.000167043,-0.0394538,0.0319647,1,-0.0139389,0.0467821,-0.0467821,-0.0139389,1,1,-0.0361561,-0.0119251,-0.010626,-0.00201377,0,0,0,0,0,0,0,0,0,0,0,0,0,0,0,0,0,0,0,0,0,0,0,255,0.26,2.56584,0.26,-0.117354,-0.306996,1,1,1,1,0,1,1,0.00543421,-3.26927,0.128937,0.0102604,0.0215531,0.0334948,24.571,9861,1,367,12.4642,2466,0,0.000884653,0.0202315,0.000741431,0,0,0,1,467,0.265,-0.000475344,-0.000141699,-3.75502e-05,0.000125966,-1.0327e-05,0.000130632,0.255673,-0.0253405,-0.00272619,0.287232,-0.200282,0.0435701,-0.010673,0.0799102,12.2302,2,0,0,0,0,0,-1,1,-9.04586e-07,-3.41781e-06,-0.200909,0,12.7675,1,1010,1010,1010,1010,0,0,0,0,24.8355,54,-0.0283199,0.00307709,21,-0.0482155,-0.0228365,56,-0.0265597,-0.0257806,56,-0.0536314,-0.0107043,56,-0.0493221,-0.0145385,56,-0.0530558,-0.00824867,56,-0.0529776,-0.00477637,56,-0.0522903,-0.0153538,56,-0.0608718,-0.0173572
4711923290419,4711908318000,4711908318000,4711923279548,73729,14.9615,4711935205794,26.8878,0,10654,38989,0,0,1,0,0,0.008013,469,467,467,1,2.46532,3.54612,0.619635,0.298558,-0.326874,-0.0595551,-0.000607943,-0.000164255,-0.0174684,0.0399639,1,-0.0204986,0.0758695,-0.0758695,-0.0204986,1,1,-0.0714513,-0.0195328,-0.00441822,-0.000965784,0,0,0,0,0,0,0,0,0,0,0,0,0,0,0,0,0,0,0,0,0,0,0,255,0.26,4.91824,0.26,-0.120445,-0.000940497,1,1,1,1,0,1,1,0.00543421,-3.26927,0.128937,0.0102604,0.0215531,0.0334948,36.9863,9861,1,367,24.8796,2466,0,0.000884653,0.0202315,0.000741431,0,0,0,1,467,0.265,-0.00051562,-0.000139449,-3.69541e-05,0.000136639,-7.68609e-06,0.000140973,0.255665,-0.0251995,-0.00233208,0.287231,-0.19993,0.0369843,-0.00511866,0.0483207,12.1757,1,0,0,0,0,0,-1,1,-9.04586e-07,-3.41781e-06,-0.200909,0,25.1761,1,1010,1010,1010,1010,0,0,0,0,37.2441,56,-0.0756084,-0.0153859,21,-0.073245,-0.0288127,56,-0.0489745,-0.0423455,56,-0.0665223,-0.0140501,56,-0.0881658,-0.00170656,54,-0.0830866,-0.0160475,56,-0.0763866,-0.0207476,56,-0.0871071,-0.0196991,56,-0.092554,-0.0351291
4711935697835,4711920301000,4711920301000,4711935687335,73729,15.3863,4711947745768,27.4448,0,10654,38990,0,0,1,0,0,0.011983,470,467,440,0.942184,2.42837,3.78096,0.609838,0.286095,-0.296478,-0.039978,-0.00058231,-7.63587e-05,-0.0221944,0.00451856,1,-0.00637225,0.0485947,-0.0485947,-0.00637225,1,1,-0.0477733,-0.00659996,-0.000821387,0.000227705,0,0,0,0,0,0,0,0,0,0,0,0,0,0,0,0,0,0,0,0,0,0,0,255,0.27,6.3919,0.27,-0.096739,0.0682668,1,1,1,1,0,1,1,0.00543421,-3.26927,0.128937,0.0102604,0.0215531,0.0334948,49.5347,9861,1,367,37.4279,2466,0,0.000884653,0.0202315,0.000741431,0,0,0,1,440,0.275,-0.000493879,-6.48784e-05,-1.78416e-05,0.000135817,1.00548e-05,0.000136527,0.255675,-0.025063,-0.00135101,0.287336,-0.199211,0.0352139,0.00125238,0.0317852,12.2638,2,0,0,0,0,0,-1,1,-9.04586e-07,-3.41781e-06,-0.200909,0,37.7515,1,1010,1010,1010,1010,0,0,0,0,0.229835,56,-0.0393166,-0.0124185,22,-0.0632905,-0.0103766,29,-0.0552825,-0.0170245,56,-0.0459798,-0.00240272,56,-0.0375756,-0.00660589,53,-0.0565449,-0.00918658,56,-0.0553027,-0.00242411,56,-0.0538563,-0.0075479,56,-0.0539639,-0.00620806
4711948351513,4711928328000,4711928328000,4711948337013,73729,20.009,4711959229936,30.9019,0,10654,38991,0,0,1,0,0,0.008027,471,467,467,1,2.43611,3.5419,0.654061,0.321318,-0.17572,0.0187683,-0.00030946,4.2562e-05,-0.00882499,-0.00534841,1,0.00530236,0.0385524,-0.0385524,0.00530236,1,1,-0.0382239,0.00468625,-0.000328536,0.00061611,0,0,0,0,0,0,0,0,0,0,0,0,0,0,0,0,0,0,0,0,0,0,0,255,0.26,-0.461356,0.26,-0.0600099,0.374419,1,1,1,1,1,1,1,0.006498,-3.26845,0.127979,0.0102466,0.0115764,0.0228746,9.96923,9862,1,367,48.9018,2466,0,0.000884653,0.0202315,0.000741431,0,0,0,1,467,0.265,-0.000262394,3.61381e-05,9.57659e-06,6.95345e-05,2.27368e-05,6.63471e-05,0.255698,-0.0249967,-0.00135101,0.287336,-0.199211,0.0373127,0.00326538,0.0312432,23.7593,0,0,0,0,0,0,-1,1,-9.04586e-07,-3.41781e-06,-0.198717,0,10.2281,1,1010,1010,1010,1010,0,0,0,0,11.6828,54,-0.0233654,0.0179342,22,-0.044217,-0.00146165,56,-0.0231447,-0.0179184,56,-0.0435226,0.00669091,56,-0.0537888,0.00874276,55,-0.0498847,0.00679914,56,-0.0412643,0.0104554,56,-0.0479784,0.007848,56,-0.0415438,0.00679017
4711959788533,4711948365000,4711948365000,4711959783478,73729,11.4185,4711972711880,24.3469,1,10655,38992,0,0,1,0,0,0.020037,467,466,433,0.929185,2.47128,3.73283,0.699191,0.280928,-0.107971,0.0908203,-0.000242856,0.000283604,-0.0285906,-0.027267,1,0.014154,0.0121204,-0.0121204,0.014154,1,1,-0.00982843,0.0138399,-0.00229194,0.000314154,0,0,0,0,0,0,0,0,0,0,0,0,0,0,0,0,0,0,0,0,0,0,0,255,0.27,0.787747,0.27,-0.0948264,-0.1553,1,1,1,1,0,1,1,0.006498,-3.26845,0.127979,0.0102466,0.0115764,0.0228746,23.4535,9862,1,367,62.3861,2466,0,0.000884653,0.0202315,0.000741431,0,0,0,1,433,0.275,-0.000205715,0.000240487,6.61339e-05,5.65716e-05,7.33181e-05,4.29718e-05,0.255771,-0.0249537,-0.000296947,0.287349,-0.198269,0.0427528,0.00172785,0.0442868,13.2185,2,0,0,0,0,0,-1,1,-9.04586e-07,-3.41781e-06,-0.198717,0,23.7133,1,1010,1010,1010,1010,0,0,0,0,25.1681,56,-0.00585762,0.0238074,19,-0.000931604,0.0178412,56,-0.000671593,0.00450752,51,-0.0124472,0.0143844,56,-0.0177167,0.0100698,54,-0.012633,0.010005,29,-0.0178202,0.014633,56,-0.0164563,0.0146772,56,-0.0192937,0.0130308
4711973207365,4711960302000,4711960302000,4711973196773,73729,12.8948,4711985767376,25.4654,0,10655,38993,0,0,1,0,0,0.011937,467,466,465,0.997854,2.4936,3.43699,0.631857,0.293965,-0.0583191,0.00848389,-0.00014027,2.38614e-05,-0.0224642,-0.0013061,1,0.00199894,0.0117509,-0.0117509,0.00199894,1,1,-0.00981866,0.00280962,-0.00193224,-0.000810681,0,0,0,0,0,0,0,0,0,0,0,0,0,0,0,0,0,0,0,0,0,0,0,255,0.27,4.05925,0.27,-0.0436601,0.321205,1,1,1,1,0,1,1,0.006498,-3.26845,0.127979,0.0102466,0.0115764,0.0228746,36.5086,9862,1,367,75.4412,2466,0,0.000884653,0.0202315,0.000741431,0,0,0,1,465,0.275,-0.000118874,2.01723e-05,5.54738e-06,3.26903e-05,1.16488e-05,3.10042e-05,0.255783,-0.0249227,-1.03042e-05,0.287335,-0.198077,0.0336502,-0.00445875,0.0354221,12.815,1,0,0,0,0,0,-1,1,-9.04586e-07,-3.41781e-06,-0.198717,0,36.7656,1,1010,1010,1010,1010,0,0,0,0,38.2203,56,-0.0173482,0.00183418,21,0.00446173,-0.00551417,56,-0.00542972,-0.00681924,56,-0.00413097,0.0100455,56,-0.0177894,0.00230736,52,-0.0212757,0.000590563,56,-0.00657225,0.00286094,56,-0.0210265,-0.00298534,56,-0.0130336,0.00339238
4711986266417,4711968331000,4711968331000,4711986255509,73729,17.9245,4711997243526,28.9125,0,10655,38994,0,0,1,0,0,0.008029,463,460,460,1,2.48672,3.35356,0.620079,0.29491,-0.0599213,0.0482864,-8.17097e-05,0.000122845,0.00153379,-0.0200227,1,0.0153001,0.0101768,-0.0101768,0.0153001,1,1,-0.0126078,0.0156572,0.00243096,-0.000357138,0,0,0,0,0,0,0,0,0,0,0,0,0,0,0,0,0,0,0,0,0,0,0,255,0.27,6.29231,0.27,-0.060206,0.0112093,1,1,1,1,0,1,1,0.006498,-3.26845,0.127979,0.0102466,0.0115764,0.0228746,47.9828,9862,1,367,86.9157,2466,0,0.000884653,0.0202315,0.000741431,0,0,0,1,460,0.275,-6.92941e-05,0.000104165,2.86453e-05,1.90559e-05,3.06876e-05,1.32689e-05,0.255813,-0.0249094,5.80326e-05,0.287339,-0.198354,0.014877,-0.00196426,0.00120533,11.2076,2,0,0,0,0,0,-1,1,-9.04586e-07,-3.41781e-06,-0.198717,0,48.2432,1,1010,1010,1010,1010,0,0,0,0,0.226039,56,-0.00776797,0.0220862,20,-0.00166363,0.00167565,56,-0.0167211,0.00949216,55,-0.018002,0.0125425,56,-0.0150862,0.0106696,49,-0.00477147,0.0164408,56,-0.0116427,0.0167169,56,-0.0154247,0.0129422,56,-0.0139302,0.0168148
4711997746196,4711988321000,4711988321000,4711997741233,73729,9.42023,4712007218126,18.8971,1,10656,38995,0,0,1,0,0,0.01999,467,465,465,1,2.49919,3.41153,0.579875,0.295724,-0.047348,0.0262451,2.23411e-05,8.61942e-05,0.0245943,-0.0208223,1,0.00431187,-0.00111761,0.00111761,0.00431187,1,1,-0.00272845,0.00457583,0.00384606,-0.000263964,0,0,0,0,0,0,0,0,0,0,0,0,0,0,0,0,0,0,0,0,0,0,0,255,0.27,8.28553,0.27,-0.032986,0.00513623,1,1,1,0,0,1,1,0.00736991,-3.26821,0.126797,0.007421,0.000751776,0.0281921,0.060667,9863,1,367,96.936,2466,0,0.000884653,0.0202315,0.000741431,0,0,0,1,465,0.275,1.88536e-05,7.3207e-05,2.01319e-05,-5.18474e-06,1.79062e-05,-8.88752e-06,0.255831,-0.0249183,5.80326e-05,0.287339,-0.198354,0.00874996,-0.0014518,-0.00992269,21.1716,0,0,0,0,0,0,-1,1,-9.04586e-07,-3.41781e-06,-0.198684,0,0.319687,1,1010,1010,1010,1010,0,0,0,0,10.2455,56,-0.000325226,0.00740729,21,0.00884664,0.00644969,56,0.00721921,0.00480521,56,-0.00277411,0.00655351,56,0.00477785,0.0113093,52,0.000755517,-0.00386509,56,-0.0033909,0.00386433,56,-3.8273e-05,0.00555747,56,-0.00328086,0.0032026
4712008362320,4712000299000,4712000299000,4712008351783,73729,8.05278,4712021425335,21.1263,0,10656,38996,0,0,1,0,0,0.011978,469,466,466,1,2.45598,3.39692,0.581579,0.321188,0.0600204,-0.0442657,0.000135526,-6.47696e-05,0.0178062,-0.00444557,1,-0.00540738,-0.0113146,0.0113146,-0.00540738,1,1,0.00335411,-0.00486034,0.00796046,-0.000547036,0,0,0,0,0,0,0,0,0,0,0,0,0,0,0,0,0,0,0,0,0,0,0,255,0.27,8.72496,0.27,0.00165834,-0.00344775,1,1,1,1,1,1,1,0.00736991,-3.26821,0.126797,0.007421,0.000751776,0.0281921,14.2187,9863,1,367,111.094,2466,0,0.000884653,0.0202315,0.000741431,0,0,0,1,466,0.275,0.000114946,-5.49068e-05,-1.50994e-05,-3.161e-05,-2.04466e-05,-2.81216e-05,0.255811,-0.0249464,3.09721e-05,0.28727,-0.199091,0.00558107,-0.0030087,-0.0305612,13.9487,2,0,0,0,0,0,-1,1,-9.04586e-07,-3.41781e-06,-0.198684,0,14.4725,1,1010,1010,1010,1010,0,0,0,0,24.3984,56,0.0163135,-0.0186557,22,-0.0105521,-0.00138263,56,0.00817195,-0.00393652,56,0.01966,-0.00501069,56,0.00583095,-0.0130013,52,0.00625422,-0.00469789,56,0.0160757,-0.00445044,56,0.0129151,-0.00739716,56,0.0162841,-0.00189616
4712021961247,4712008322000,4712008322000,4712021952247,73729,13.6302,4712033325044,25.003,0,10656,38997,0,0,1,0,0,0.008023,468,466,466,1,2.51035,3.64712,0.688672,0.298447,0.134918,-0.0415955,0.000271936,-9.59007e-05,0.0216553,0.0194047,1,-0.0119532,-0.0338946,0.0338946,-0.0119532,1,1,0.0233868,-0.010968,0.0105077,-0.000985277,0,0,0,0,0,0,0,0,0,0,0,0,0,0,0,0,0,0,0,0,0,0,0,255,0.27,2.00465,0.27,0.0256467,-0.00553531,1,1,1,1,0,1,1,0.00736991,-3.26821,0.126797,0.007421,0.000751776,0.0281921,26.1415,9863,1,367,123.016,2466,0,0.000884653,0.0202315,0.000741431,0,0,0,1,466,0.275,0.000230589,-8.13506e-05,-2.23714e-05,-6.34119e-05,-3.35977e-05,-5.79014e-05,0.255777,-0.0250043,-3.03499e-05,0.287178,-0.199528,0.00730011,-0.00541902,-0.0403939,11.6709,1,0,0,0,0,0,-1,1,-9.04586e-07,-3.41781e-06,-0.198684,0,26.4075,1,1010,1010,1010,1010,0,0,0,0,36.3333,56,0.0300699,-0.0243019,21,0.0102949,-0.0172453,56,0.0147186,-0.00624779,56,0.0335709,-0.012244,56,0.0435893,-0.0102373,53,0.0318386,0.00310943,56,0.0414966,-0.0213386,56,0.0390608,-0.00917534,56,0.0361451,-0.0063814
4712033852678,4712020293000,4712020293000,4712033842678,73729,13.5497,4712045659682,25.3667,0,10656,38998,0,0,1,0,0,0.011971,467,465,465,1,2.52363,3.44706,0.519171,0.293669,0.19136,-0.0151672,0.000450214,-4.84301e-05,0.047106,0.0121898,1,-0.00404562,-0.0376087,0.0376087,-0.00404562,1,1,0.0265048,-0.00345626,0.0111039,-0.00058936,0,0,0,0,0,0,0,0,0,0,0,0,0,0,0,0,0,0,0,0,0,0,0,255,0.27,3.72705,0.27,0.0229829,0.00210091,1,1,1,1,0,1,1,0.00736991,-3.26821,0.126797,0.007421,0.000751776,0.0281921,38.4574,9863,1,367,135.332,2466,0,0.000884653,0.0202315,0.000741431,0,0,0,1,465,0.275,0.000381783,-4.10496e-05,-1.12887e-05,-0.00010499,-3.14648e-05,-0.000100748,0.255746,-0.0251051,-0.000118751,0.287158,-0.199993,0.00601972,-0.00324148,-0.0440413,12.0706,1,0,0,0,0,0,-1,1,-9.04586e-07,-3.41781e-06,-0.198684,0,38.7135,1,1010,1010,1010,1010,0,0,0,0,48.6393,55,0.0316092,-0.00698088,23,0.0393908,0.0016103,56,0.0315888,-0.00554188,56,0.0315909,-0.00362964,56,0.0305023,-0.0057815,51,0.038865,0.000176396,56,0.0438928,0.00139781,56,0.0421621,-0.00523698,56,0.0381679,-0.00200957
4712046156019,4712028328000,4712028328000,4712046145427,73729,17.8174,4712057283833,28.9558,0,10656,38999,0,0,1,0,0,0.008035,462,462,460,0.995671,2.4857,3.58238,0.537283,0.29578,0.206169,0.00980377,0.000422201,-1.91724e-07,0.0415266,0.0126793,1,-2.38611e-05,-0.0525453,0.0525453,-2.38611e-05,1,1,0.0420019,0.000456095,0.0105434,-0.000479956,0,0,0,0,0,0,0,0,0,0,0,0,0,0,0,0,0,0,0,0,0,0,0,255,0.27,5.49442,0.27,0.0378149,0.0067766,1,1,1,1,0,1,1,0.0087681,-3.26858,0.126396,0.0087791,-0.00591281,0.0366073,1.71905,9864,1,367,146.952,2466,0,0.000884653,0.0202315,0.000741431,0,0,0,1,460,0.275,0.000357975,-1.72445e-07,-4.74223e-08,-9.8443e-05,-1.97268e-05,-9.64462e-05,0.255726,-0.0252015,-0.00058201,0.286895,-0.201457,-0.000398696,-0.00263976,-0.0467101,1.46064,3,0,0,0,0,0,-1,1,-9.04586e-07,-3.41781e-06,-0.200964,0,1.97609,1,1010,1010,1010,1010,0,0,0,0,1.98039,56,0.0579422,-0.00874014,21,0.0799011,-0.00688234,54,0.0424859,0.00947738,56,0.0621399,-0.0115973,56,0.0510861,-0.00788012,49,0.0479142,0.0109744,56,0.0514443,0.00105129,56,0.0547651,0.00951206,56,0.065397,0.00493193
4712057774448,4712048320000,4712048320000,4712057769855,73729,9.44985,4712070573831,22.2538,1,10657,39000,0,0,1,0,0,0.019992,462,457,457,1,2.4928,3.46962,0.563838,0.294928,0.346527,-0.124191,0.000734949,-0.000292403,0.0325817,0.0183381,1,-0.014626,-0.0367622,0.0367622,-0.014626,1,1,0.0264125,-0.0133532,0.0103497,-0.00127275,0,0,0,0,0,0,0,0,0,0,0,0,0,0,0,0,0,0,0,0,0,0,0,255,0.27,7.35037,0.27,0.0291473,-0.00901516,1,1,1,1,0,1,1,0.0087681,-3.26858,0.126396,0.0087791,-0.00591281,0.0366073,15.0129,9864,1,367,160.245,2466,0,0.000884653,0.0202315,0.000741431,0,0,0,1,457,0.275,0.000623276,-0.000247831,-6.81534e-05,-0.000171401,-9.8315e-05,-0.00015486,0.255628,-0.0253564,-0.00058201,0.286895,-0.201457,-0.00331452,-0.00700014,-0.0481904,14.7505,0,0,0,0,0,0,-1,1,-9.04586e-07,-3.41781e-06,-0.200964,0,15.2687,1,1010,1010,1010,1010,0,0,0,0,15.273,55,0.0297798,-0.0172728,19,0.0174313,-0.0126213,56,0.0247368,-0.00376782,56,0.0369194,-0.0184165,56,0.0423499,-0.015586,47,0.0473648,-0.0151665,56,0.0395271,-0.0196728,56,0.0413669,-0.0153541,56,0.0420284,-0.0109246
4712071125650,4712060291000,4712060291000,4712071118057,73729,10.8271,4712085973568,25.6826,0,10657,39001,0,0,1,0,0,0.011971,463,460,460,1,2.4515,3.72303,0.654838,0.290484,0.183846,-0.151657,0.000413068,-0.000371116,0.0426048,0.0321594,1,-0.0310013,-0.0345057,0.0345057,-0.0310013,1,1,0.0238216,-0.0290264,0.0106841,-0.00197489,0,0,0,0,0,0,0,0,0,0,0,0,0,0,0,0,0,0,0,0,0,0,0,255,0.26,0.372836,0.26,0.0261233,-0.334045,1,1,1,1,1,1,1,0.0087681,-3.26858,0.126396,0.0087791,-0.00591281,0.0366073,30.4097,9864,1,367,175.642,2466,0,0.000884653,0.0202315,0.000741431,0,0,0,1,460,0.265,0.000350245,-0.000314669,-8.33872e-05,-9.2815e-05,-9.69566e-05,-7.48863e-05,0.255531,-0.0254313,-0.000777915,0.286745,-0.201987,-0.00486416,-0.0104669,-0.0491919,15.1641,1,0,0,0,0,0,-1,1,-9.04586e-07,-3.41781e-06,-0.200964,0,30.6763,1,1010,1010,1010,1010,0,0,0,0,30.6806,56,0.0312507,-0.0510615,22,0.0378391,-0.0348817,56,0.0164892,-0.0267353,55,0.0423166,-0.0317935,56,0.0254728,-0.0334504,47,0.031369,-0.0335706,56,0.0397969,-0.0249871,56,0.0358705,-0.0225053,56,0.0411473,-0.0269091
4712086524221,4712080299000,4712080299000,4712086519091,73729,6.22009,4712096620878,16.3219,1,10658,39002,0,0,1,0,0,0.020008,469,466,462,0.991416,2.50045,3.53808,0.60606,0.296039,0.393517,-0.188232,0.000863731,-0.000455796,0.0419427,0.034281,1,-0.0227807,-0.0431693,0.0431693,-0.0227807,1,1,0.0324461,-0.0211044,0.0107232,-0.00167629,0,0,0,0,0,0,0,0,0,0,0,0,0,0,0,0,0,0,0,0,0,0,0,255,0.26,5.59329,0.26,0.0428812,-0.0127481,1,1,1,2,0,1,1,0.0087681,-3.26858,0.126396,0.0087791,-0.00591281,0.0366073,41.06,9864,1,367,186.293,2466,0,0.000884653,0.0202315,0.000741431,0,0,0,1,462,0.265,0.000732455,-0.000386457,-0.000102411,-0.000194101,-0.000135286,-0.000170328,0.255395,-0.0256016,-0.00106487,0.286537,-0.202955,-0.00333765,-0.00888435,-0.0481364,10.3704,2,0,0,0,0,0,-1,1,-9.04586e-07,-3.41781e-06,-0.200964,0,41.3104,1,1010,1010,1010,1010,0,0,0,0,0.213761,54,0.0372348,-0.0287614,23,0.0336457,-0.028454,53,0.0462505,-0.0169502,56,0.0463374,-0.0230757,56,0.0456108,-0.0229924,52,0.0408758,-0.0244842,56,0.045666,-0.0251721,56,0.0455654,-0.0248409,56,0.0486964,-0.0206743
4712097104382,4712088313000,4712088313000,4712097096419,73729,8.78342,4712106075603,17.7626,0,10658,39003,0,0,1,0,0,0.008014,472,466,466,1,2.50617,3.68044,0.673802,0.301373,0.248398,-0.0566254,0.000495705,-0.000150573,0.032395,0.049813,1,-0.0187888,-0.0618549,0.0618549,-0.0187888,1,1,0.051209,-0.0172728,0.0106459,-0.00151592,0,0,0,0,0,0,0,0,0,0,0,0,0,0,0,0,0,0,0,0,0,0,0,255,0.26,5.98151,0.26,0.0590317,-0.000108712,1,1,1,0,0,1,1,0.0100146,-3.26907,0.125978,0.0145294,-0.00700644,0.0339498,0.088778,9865,1,367,0.047834,2467,0,0.000884653,0.0152929,0.0040114,0,0,0,1,466,0.265,0.000420396,-0.000127633,-3.38227e-05,-0.000111405,-5.42002e-05,-0.000102586,0.255341,-0.0257042,-0.00106487,0.286537,-0.202955,-0.00208932,-0.00803439,-0.0468103,19.8204,0,0,0,0,0,0,-1,1,-9.04586e-07,-3.41782e-06,-0.203344,0,0.338577,1,1010,1010,1010,1010,0,0,0,0,9.66119,55,0.0410118,-0.0183886,23,0.0756483,-0.0139207,56,0.0349796,0.00282043,55,0.0622299,-0.0247527,56,0.0594328,-0.0263076,53,0.0872667,-0.00730475,56,0.0661127,-0.0302676,56,0.0629169,-0.0201647,56,0.0684988,-0.0149391
4712106550737,4712096339000,4712096339000,4712106541422,73729,10.2024,4712117941571,21.6026,0,10658,39004,0,0,1,0,0,0.008026,470,468,465,0.99359,2.49224,3.44897,0.66695,0.296576,0.243134,-0.0491638,0.000463179,-0.000124319,0.0193134,0.0217778,1,-0.0154895,-0.0577098,0.0577098,-0.0154895,1,1,0.0485957,-0.0137712,0.00911405,-0.00171829,0,0,0,0,0,0,0,0,0,0,0,0,0,0,0,0,0,0,0,0,0,0,0,255,0.26,5.14145,0.26,0.0560083,-0.00167788,1,1,1,1,0,1,1,0.0100146,-3.26907,0.125978,0.0145294,-0.00700644,0.0339498,11.9612,9865,1,367,11.9203,2467,0,0.000884653,0.0152929,0.0040114,0,0,0,1,465,0.265,0.000392884,-0.000105374,-2.7924e-05,-0.000104114,-4.72478e-05,-9.65566e-05,0.255294,-0.0258008,-0.00114783,0.286295,-0.20355,0.00312371,-0.00910692,-0.0361446,11.7001,2,0,0,0,0,0,-1,1,-9.04586e-07,-3.41782e-06,-0.203344,0,12.2204,1,1010,1010,1010,1010,0,0,0,0,21.543,54,0.0642196,-0.0344903,22,0.024237,-0.0223125,56,0.050964,-0.0134282,56,0.0562744,-0.0160533,56,0.0629767,-0.0110085,53,0.0577278,-0.0120569,56,0.0679217,-0.015038,56,0.0580858,-0.0143376,56,0.065459,-0.00590729
4712118433297,4712108317000,4712108317000,4712118425723,73729,10.1087,4712129206089,20.8891,0,10658,39005,0,0,1,0,0,0.011978,463,461,461,1,2.48046,3.42469,0.64832,0.295984,0.203094,-0.0282593,0.000394108,-0.000121952,0.0219661,0.0372677,1,-0.0101814,-0.0329027,0.0329027,-0.0101814,1,1,0.0279889,-0.00860668,0.00491384,-0.00157468,0,0,0,0,0,0,0,0,0,0,0,0,0,0,0,0,0,0,0,0,0,0,0,255,0.27,6.76094,0.27,0.0389709,0.230238,1,1,1,1,0,1,1,0.0100146,-3.26907,0.125978,0.0145294,-0.00700644,0.0339498,23.2268,9865,1,367,23.1858,2467,0,0.000884653,0.0152929,0.0040114,0,0,0,1,461,0.275,0.000334184,-0.000103502,-2.8463e-05,-9.19006e-05,-4.52987e-05,-8.44845e-05,0.255249,-0.0258852,-0.00117388,0.286246,-0.203668,0.00266687,-0.00866074,-0.0194874,11.0093,1,0,0,0,0,0,-1,1,-9.04586e-07,-3.41782e-06,-0.203344,0,23.4857,1,1010,1010,1010,1010,0,0,0,0,32.8083,56,0.0143666,-0.0187669,22,0.0261836,-0.0148047,56,0.0319918,0.00267344,56,0.0453407,-0.00709105,56,0.0369168,-0.0139643,47,0.025454,-0.0149341,56,0.0417408,-0.0130254,56,0.0384792,-0.00857938,56,0.0319304,-0.00809219
4712129699908,4712116331000,4712116331000,4712129689667,73729,13.3587,4712142166788,25.8358,0,10658,39006,0,0,1,0,0,0.008014,461,457,456,0.997812,2.49485,3.62271,0.644857,0.293947,0.141472,0.0557404,0.000281769,0.000102074,0.0051451,0.00564845,1,0.012737,-0.0351596,0.0351596,0.012737,1,1,0.0337452,0.0129785,0.0014144,-0.000241457,0,0,0,0,0,0,0,0,0,0,0,0,0,0,0,0,0,0,0,0,0,0,0,255,0.27,8.13407,0.27,0.0288733,0.188022,1,1,1,1,1,1,1,0.0100146,-3.26907,0.125978,0.0145294,-0.00700644,0.0339498,36.1877,9865,1,367,36.1467,2467,0,0.000884653,0.0152929,0.0040114,0,0,0,1,456,0.275,0.000238981,8.65166e-05,2.37921e-05,-6.57196e-05,9.08177e-06,-6.8982e-05,0.255258,-0.0259542,-0.0011966,0.286287,-0.203658,-9.98457e-05,-0.00132801,-0.00630323,12.7297,1,0,0,0,0,0,-1,1,-9.04586e-07,-3.41782e-06,-0.203344,0,36.4477,1,1010,1010,1010,1010,0,0,0,0,45.7703,56,0.0304362,0.000123822,19,0.0347136,0.00740097,55,0.0257683,0.0169907,56,0.0334299,0.00966154,56,0.0226871,0.00528967,46,0.0269147,0.0194179,56,0.0417706,0.0174316,56,0.0415614,0.0135465,56,0.0363107,0.0197499
4712142707367,4712128316000,4712128316000,4712142695681,73729,14.3797,4712155996031,27.68,0,10658,39007,0,0,1,0,0,0.011985,457,457,452,0.989059,2.49865,3.78985,0.546004,0.288502,0.119293,0.133392,0.000201305,0.000221892,-0.00237008,0.0211347,1,0.0185142,-0.0167964,0.0167964,0.0185142,1,1,0.0198654,0.0185237,-0.00306901,-9.50074e-06,0,0,0,0,0,0,0,0,0,0,0,0,0,0,0,0,0,0,0,0,0,0,0,255,0.26,0.829748,0.26,0.0328183,-0.191913,1,1,1,1,0,1,1,0.0113679,-3.26953,0.125317,0.0190358,-0.00494408,0.0292396,1.36379,9866,1,367,49.9841,2467,0,0.000884653,0.0152929,0.0040114,0,0,0,1,452,0.265,0.000170763,0.000188023,4.9826e-05,-4.52523e-05,3.76861e-05,-5.39804e-05,0.255295,-0.0260082,-0.00133908,0.286235,-0.203457,-0.00686968,-5.03539e-05,0.00751686,1.13719,2,0,0,0,0,0,-1,1,-9.04586e-07,-3.41781e-06,-0.203488,0,1.61838,1,1010,1010,1010,1010,0,0,0,0,1.62238,56,0.0170993,0.0153752,24,-0.018546,0.0288823,51,0.0159453,0.0147798,56,0.0153544,0.0175384,56,0.0207643,0.0161231,41,0.014841,0.0303323,56,0.0239558,0.00970049,56,0.0165785,0.0238796,56,0.019173,0.0165858
4712156504573,4712148361000,4712148361000,4712156500184,73729,8.13918,4712167409903,19.0489,1,10659,39008,0,0,1,0,0,0.020045,464,464,463,0.997845,2.4383,3.48107,0.646635,0.311873,0.0893097,0.115479,0.000120997,0.000221405,-0.0136193,-0.00216327,1,0.0110454,-0.00603628,0.00603628,0.0110454,1,1,0.0104143,0.0124703,-0.00437802,-0.00142487,0,0,0,0,0,0,0,0,0,0,0,0,0,0,0,0,0,0,0,0,0,0,0,255,0.26,4.46995,0.26,0.00971577,-0.0560426,1,1,1,2,0,1,1,0.0113679,-3.26953,0.125317,0.0190358,-0.00494408,0.0292396,12.7697,9866,1,367,61.3899,2467,0,0.000884653,0.0152929,0.0040114,0,0,0,1,463,0.265,0.000102692,0.000187744,4.97521e-05,-2.72133e-05,4.12593e-05,-3.62953e-05,0.255337,-0.0260445,-0.00140885,0.286137,-0.203389,-0.0103768,-0.00755183,0.0102614,11.169,1,0,0,0,0,0,-1,1,-9.04586e-07,-3.41781e-06,-0.203488,0,13.0194,1,1010,1010,1010,1010,0,0,0,0,13.0234,56,0.00848965,0.0124925,23,0.0211738,0.00370783,56,0.0034773,0.0111412,56,0.00595325,0.0113491,56,0.00695417,0.00686955,48,0.0051168,0.00706714,56,0.00495947,0.0146701,56,0.00851368,0.0126493,56,0.00573134,0.011647
4712167899499,4712156335000,4712156335000,4712167889573,73729,11.5546,4712178925330,22.5903,0,10659,39009,0,0,1,0,0,0.007974,471,469,469,1,2.44845,3.34242,0.70371,0.298354,0.0270691,-0.033905,7.40648e-05,-0.000100112,0.0110528,0.038608,1,-0.0125548,-0.00928828,0.00928828,-0.0125548,1,1,0.0121201,-0.0102065,-0.00283185,-0.00234825,0,0,0,0,0,0,0,0,0,0,0,0,0,0,0,0,0,0,0,0,0,0,0,255,0.26,5.68806,0.26,0.0131133,-0.0035803,1,1,1,1,0,1,1,0.0113679,-3.26953,0.125317,0.0190358,-0.00494408,0.0292396,24.2833,9866,1,367,72.9035,2467,0,0.000884653,0.0152929,0.0040114,0,0,0,1,469,0.265,6.27635e-05,-8.49813e-05,-2.252e-05,-1.66323e-05,-2.45126e-05,-1.19271e-05,0.255312,-0.0260564,-0.00146515,0.286004,-0.203376,-0.00819354,-0.0124457,0.0054522,11.2441,1,0,0,0,0,0,-1,1,-9.04586e-07,-3.41781e-06,-0.203488,0,24.5475,1,1010,1010,1010,1010,0,0,0,0,24.5515,56,-0.0097109,-0.00874426,25,0.0162693,-0.0179855,56,0.0168425,-0.0140949,56,0.00352481,-0.0041449,56,0.00258217,-0.00215102,52,-0.000203912,-0.00695009,56,0.0158413,-0.0132656,56,0.00814537,-0.0223035,56,0.0125637,-0.0198951
4712179422335,4712168317000,4712168317000,4712179412186,73729,11.0952,4712191181338,22.8643,0,10659,39010,0,0,1,0,0,0.011982,465,462,404,0.874459,2.46811,3.55797,0.637524,0.256928,0.0148315,-0.0707245,-4.73506e-06,-0.000204767,-0.0104052,0.0241576,1,-0.0170895,0.000395181,-0.000395181,-0.0170895,1,1,0.00063014,-0.014537,-0.00102532,-0.00255253,0,0,0,0,0,0,0,0,0,0,0,0,0,0,0,0,0,0,0,0,0,0,0,255,0.27,6.48192,0.27,-0.0619612,0.221731,1,1,1,1,0,1,1,0.0113679,-3.26953,0.125317,0.0190358,-0.00494408,0.0292396,36.5427,9866,1,367,85.1631,2467,0,0.000884653,0.0152929,0.0040114,0,0,0,1,404,0.275,-4.03614e-06,-0.000173682,-4.77624e-05,1.10994e-06,-4.46556e-05,1.03429e-05,0.255268,-0.0260461,-0.0014855,0.285884,-0.203384,-0.00472879,-0.0140389,0.000728382,12.05,1,0,0,0,0,0,-1,1,-9.04586e-07,-3.41781e-06,-0.203488,0,36.7817,1,1010,1010,1010,1010,0,0,0,0,36.7857,56,-0.00675761,-0.0115373,23,0.0026171,-0.012121,0,0,0,56,0.0194665,-0.0190455,56,-0.000205923,-0.0170691,45,0.00472791,-0.0144364,56,0.00343884,-0.019335,56,-0.00349907,-0.0128971,56,-0.00633773,-0.0143763
4712191657139,4712176335000,4712176335000,4712191646731,73729,15.3117,4712203035936,26.7009,0,10659,39011,0,0,1,0,0,0.008018,466,461,461,1,2.46261,3.92361,0.546189,0.289373,-0.0119476,-0.0680237,3.50022e-06,-0.000168104,0.0219454,0.0207754,1,-0.0209658,-0.000436545,0.000436545,-0.0209658,1,1,0.000288903,-0.0187685,0.000147642,-0.00219733,0,0,0,0,0,0,0,0,0,0,0,0,0,0,0,0,0,0,0,0,0,0,0,255,0.26,9.13606,0.26,0.00560887,0.0362953,1,1,1,1,1,1,1,0.0113679,-3.26953,0.125317,0.0190358,-0.00494408,0.0292396,48.3928,9866,1,367,97.013,2467,0,0.000884653,0.0152929,0.0040114,0,0,0,1,461,0.265,2.99153e-06,-0.000142535,-3.77718e-05,-7.92755e-07,-3.56523e-05,6.54279e-06,0.255232,-0.0260395,-0.00143932,0.285835,-0.20337,0.0004266,-0.0116458,-0.000284722,11.6239,1,0,0,0,0,0,-1,1,-9.04585e-07,-3.41781e-06,-0.20332,0,0.255354,1,1010,1010,1010,1010,0,0,0,0,0.259002,56,0.000783762,-0.016485,23,0.0133994,-0.0185792,56,0.00325277,-0.0271966,56,0.00580509,-0.0153413,56,-0.0105202,-0.0234572,46,-0.00499672,-0.017859,56,-0.00282035,-0.00984682,56,-0.000933418,-0.0212162,56,0.0029564,-0.0256321
4712203589403,4712188308000,4712188308000,4712203578310,73729,15.2703,4712216496583,28.1886,0,10659,39012,0,0,1,0,0,0.011973,461,458,458,1,2.46724,3.43186,0.595819,0.290743,-0.0136642,-0.0954285,-4.3853e-05,-0.000211013,-0.00617595,0.013636,1,-0.017624,0.00366266,-0.00366266,-0.017624,1,1,-0.00357355,-0.0156992,-8.91122e-05,-0.00192486,0,0,0,0,0,0,0,0,0,0,0,0,0,0,0,0,0,0,0,0,0,0,0,255,0.26,0.757432,0.26,0.000674128,-0.210254,1,1,1,1,0,1,1,0.0123068,-3.26965,0.124744,0.0172274,0.003281,0.0290316,13.4494,9867,1,367,110.475,2467,0,0.000884653,0.0152929,0.0040114,0,0,0,1,458,0.265,-3.721e-05,-0.000178962,-4.7425e-05,9.86065e-06,-4.25777e-05,1.88447e-05,0.255189,-0.0260207,-0.00138421,0.285774,-0.203288,0.00358251,-0.0102018,0.00324384,13.2268,1,0,0,0,0,0,-1,1,-9.04585e-07,-3.41781e-06,-0.20332,0,13.703,1,1010,1010,1010,1010,0,0,0,0,13.7067,56,-0.00481398,-0.0180311,19,-0.0354585,-0.0207097,56,0.00591509,-0.0123127,56,-0.0072233,-0.017953,56,-0.000260882,-0.00815128,47,-0.0116858,-0.0200296,56,0.00295783,-0.020059,56,-0.00414145,-0.0160457,56,-0.00647676,-0.0201531
4712216988791,4712208314000,4712208314000,4712216984069,73729,8.67007,4712227712453,19.3985,1,10660,39013,0,0,1,0,0,0.020006,467,463,463,1,2.49821,3.38203,0.631839,0.290483,-0.153214,-0.187012,-0.000310558,-0.000402455,-0.00792162,0.0211008,1,-0.0201167,0.0155233,-0.0155233,-0.0201167,1,1,-0.0124746,-0.0187628,-0.00304864,-0.00135396,0,0,0,0,0,0,0,0,0,0,0,0,0,0,0,0,0,0,0,0,0,0,0,255,0.27,3.99022,0.27,-0.015083,0.105235,1,1,1,2,0,1,1,0.0123068,-3.26965,0.124744,0.0172274,0.003281,0.0290316,24.6654,9867,1,367,121.691,2467,0,0.000884653,0.0152929,0.0040114,0,0,0,1,463,0.275,-0.000263453,-0.000341279,-9.38518e-05,7.24496e-05,-7.3632e-05,8.9104e-05,0.255116,-0.0259316,-0.00115545,0.285817,-0.202777,0.00409089,-0.0074468,0.0166867,10.9368,2,0,0,0,0,0,-1,1,-9.04585e-07,-3.41781e-06,-0.20332,0,24.9196,1,1010,1010,1010,1010,0,0,0,0,24.9232,56,-0.0195896,-0.0132574,22,-0.00438777,-0.0297979,56,-0.0162019,-0.0227393,56,-0.0147653,-0.024548,56,-0.0131596,-0.0222042,49,-0.00607985,-0.0141124,56,-0.0156685,-0.0166308,56,-0.0168263,-0.0257702,56,-0.0193758,-0.0209205
4712228221087,4712216333000,4712216333000,4712228211661,73729,11.8787,4712239072453,22.7395,0,10660,39014,0,0,1,0,0,0.008019,463,457,457,1,2.46637,3.40847,0.652802,0.288965,-0.114716,-0.00143433,-0.000287346,2.26424e-06,-0.0522534,-0.00777772,1,0.00028236,0.0358332,-0.0358332,0.00028236,1,1,-0.029167,-0.000210719,-0.0066662,0.000493079,0,0,0,0,0,0,0,0,0,0,0,0,0,0,0,0,0,0,0,0,0,0,0,255,0.27,4.49574,0.27,-0.0348746,0.237264,1,1,1,1,0,1,1,0.0123068,-3.26965,0.124744,0.0172274,0.003281,0.0290316,36.0261,9867,1,367,133.052,2467,0,0.000884653,0.0152929,0.0040114,0,0,0,1,457,0.275,-0.000243635,1.87255e-06,5.14951e-07,6.69996e-05,1.39316e-05,6.55369e-05,0.25513,-0.025866,-0.000946291,0.285951,-0.202352,0.00688517,0.00271193,0.0348394,11.1118,1,0,0,0,0,0,-1,1,-9.04585e-07,-3.41781e-06,-0.20332,0,36.2779,1,1010,1010,1010,1010,0,0,0,0,36.2815,55,-0.0268832,-0.00821788,21,-0.0630627,0.00887004,54,-0.0363307,0.00151713,56,-0.0334353,0.00555899,56,-0.0328896,0.00271392,47,-0.0332542,-0.0134733,56,-0.0330381,-0.00122362,56,-0.0427545,0.000820096,56,-0.0387743,0.00370601
4712239557902,4712228306000,4712228306000,4712239547680,73729,11.2417,4712252820918,24.5149,0,10660,39015,0,0,1,0,0,0.011973,462,459,459,1,2.45393,3.50082,0.543078,0.290484,-0.11264,0.0438385,-0.00026236,0.000106284,-0.0257076,-0.0180256,1,0.00887698,0.0219126,-0.0219126,0.00887698,1,1,-0.0134072,0.00669828,-0.00850542,0.0021787,0,0,0,0,0,0,0,0,0,0,0,0,0,0,0,0,0,0,0,0,0,0,0,255,0.26,6.23874,0.26,-0.0210411,-0.144891,1,1,1,1,0,1,1,0.0126733,-3.26941,0.123732,0.0142576,0.00910016,0.015702,1.37945,9868,1,367,146.794,2467,0,0.000884653,0.0152929,0.0040114,0,0,0,1,459,0.265,-0.000222456,9.00816e-05,2.38716e-05,5.89508e-05,3.42255e-05,5.31774e-05,0.255164,-0.0258129,-0.000463217,0.28637,-0.201472,0.0108492,0.0115471,0.0447423,1.16247,2,0,0,0,0,0,-1,1,-9.04585e-07,-3.41782e-06,-0.201483,0,1.63407,1,1010,1010,1010,1010,0,0,0,0,1.6379,56,-0.0107292,0.00462138,20,-0.0182573,0.0135331,56,-0.0153587,0.00224492,56,-0.0208778,0.0152088,56,-0.0189421,0.0161248,47,-0.0293643,0.00440792,56,-0.0242777,0.00647312,56,-0.0217301,0.00674806,56,-0.0262814,0.00991005
4712253295218,4712236357000,4712236357000,4712253285570,73729,16.9286,4712264404643,28.0476,0,10660,39016,0,0,1,0,0,0.008051,466,462,448,0.969697,2.52263,3.46229,0.604801,0.286928,-0.132706,0.0858307,-0.000220307,0.000229984,-0.0196219,-0.0504346,1,0.0285658,0.0273639,-0.0273639,0.0285658,1,1,-0.0192303,0.0260454,-0.00813359,0.00252048,0,0,0,0,0,0,0,0,0,0,0,0,0,0,0,0,0,0,0,0,0,0,0,255,0.27,-0.336355,0.27,-0.028332,-0.250024,1,1,1,1,1,1,1,0.0126733,-3.26941,0.123732,0.0142576,0.00910016,0.015702,12.9918,9868,1,367,158.407,2467,0,0.000884653,0.0152929,0.0040114,0,0,0,1,448,0.275,-0.000186854,0.000195021,5.36308e-05,5.13849e-05,6.06822e-05,4.00518e-05,0.255224,-0.0257728,-0.000463217,0.28637,-0.201472,0.012106,0.0138627,0.0454726,12.7483,0,0,0,0,0,0,-1,1,-9.04585e-07,-3.41782e-06,-0.201483,0,13.2523,1,1010,1010,1010,1010,0,0,0,0,13.2561,56,-0.0249737,0.0402231,16,-0.0501762,0.0177108,46,-0.019065,0.0209606,56,-0.0380255,0.0163794,56,-0.0214174,0.0281128,50,-0.0311752,0.0302142,56,-0.0380014,0.0387687,56,-0.031008,0.0286891,56,-0.0370214,0.00645874
4712264992388,4712256327000,4712256327000,4712264987407,73729,8.66041,4712277436861,21.1099,1,10661,39017,0,0,1,0,0,0.01997,462,460,460,1,2.51896,3.43686,0.732025,0.288983,-0.32972,0.145813,-0.000619121,0.000451531,-0.0199737,-0.0635346,1,0.0226105,0.0310025,-0.0310025,0.0226105,1,1,-0.0245469,0.0189555,-0.00645561,0.003655,0,0,0,0,0,0,0,0,0,0,0,0,0,0,0,0,0,0,0,0,0,0,0,255,0.27,1.15494,0.27,-0.0428623,0.20382,1,1,1,1,0,1,1,0.0126733,-3.26941,0.123732,0.0142576,0.00910016,0.015702,26.0005,9868,1,367,171.415,2467,0,0.000884653,0.0152929,0.0040114,0,0,0,1,460,0.275,-0.000524926,0.000383041,0.000105336,0.000144355,0.000127831,0.00012126,0.255352,-0.0256516,-0.000217117,0.2867,-0.201142,0.014671,0.0201025,0.0401415,12.7792,1,0,0,0,0,0,-1,1,-9.04585e-07,-3.41782e-06,-0.201483,0,26.2578,1,1010,1010,1010,1010,0,0,0,0,26.2617,56,-0.0199995,0.0267675,20,-0.0260336,0.0247837,56,-0.026547,0.0138398,56,-0.0367702,0.0287092,56,-0.0371047,0.0210503,48,-0.0278217,0.0167087,56,-0.0336914,0.0250047,56,-0.039415,0.0244158,56,-0.0357714,0.0205673
4712277931846,4712268309000,4712268309000,4712277922717,73729,9.61372,4712290598728,22.2897,0,10661,39018,0,0,1,0,0,0.011982,467,465,465,1,2.5105,3.4436,0.576912,0.286002,-0.181091,0.0847473,-0.0003717,0.000271674,-0.0223982,-0.0508276,1,0.0226735,0.0310215,-0.0310215,0.0226735,1,1,-0.0275755,0.017557,-0.00344607,0.00511653,0,0,0,0,0,0,0,0,0,0,0,0,0,0,0,0,0,0,0,0,0,0,0,255,0.27,3.96605,0.27,-0.0442234,-0.00750803,1,1,1,1,0,1,1,0.0126733,-3.26941,0.123732,0.0142576,0.00910016,0.015702,39.1639,9868,1,367,184.579,2467,0,0.000884653,0.0152929,0.0040114,0,0,0,1,465,0.275,-0.000315263,0.000230337,6.33427e-05,8.66974e-05,7.6811e-05,7.28506e-05,0.255429,-0.0255787,0.000297379,0.287442,-0.20064,0.0167218,0.0281409,0.0285402,12.9002,2,0,0,0,0,0,-1,1,-9.04585e-07,-3.41782e-06,-0.201483,0,39.4186,1,1010,1010,1010,1010,0,0,0,0,39.4224,55,-0.043937,0.0306336,24,-0.0436371,0.0369016,56,-0.018783,0.0172764,56,-0.027701,0.0182328,56,-0.0285328,0.0247921,50,-0.0344706,0.017569,56,-0.0371653,0.0197566,56,-0.0308737,0.0228711,56,-0.0336447,0.0217845
4712291087287,4712276329000,4712276329000,4712291078047,73729,14.749,4712302331602,26.0026,0,10661,39019,0,0,1,0,0,0.00802,469,467,429,0.91863,2.49035,3.92175,0.635802,0.270595,-0.134003,0.0665283,-0.00027953,0.000253869,-0.0211549,-0.115522,1,0.0316545,0.0348541,-0.0348541,0.0316545,1,1,-0.0321519,0.0266395,-0.00270228,0.00501503,0,0,0,0,0,0,0,0,0,0,0,0,0,0,0,0,0,0,0,0,0,0,0,255,0.26,6.33392,0.26,-0.0276455,-0.105957,1,1,1,1,0,1,1,0.0123613,-3.26882,0.122706,0.0131004,0.0113915,0.0205157,0.403855,9869,1,367,196.306,2467,0,0.000884653,0.0152929,0.0040114,0,0,0,1,429,0.265,-0.000236972,0.000215474,5.71007e-05,6.27977e-05,6.61471e-05,5.06699e-05,0.255495,-0.025528,0.000966948,0.288002,-0.199934,0.0237714,0.0265797,0.0304748,0.196409,2,0,0,0,0,0,-1,1,-9.04585e-07,-3.41782e-06,-0.199911,0,0.658247,1,1010,1010,1010,1010,0,0,0,0,0.662487,56,-0.00878753,0.0380152,20,-0.0127924,0.0410289,56,-0.043481,0.0107879,56,-0.0360881,0.0334381,56,-0.044338,0.028638,54,-0.0243102,0.0240678,56,-0.0506381,0.0348935,56,-0.0510726,0.0412521,19,-0.0405283,0.040208
4712302811587,4712288303000,4712288303000,4712302802569,73729,14.4996,4712314967706,26.6647,0,10661,39020,0,0,1,0,0,0.011974,469,467,467,1,2.51643,3.58199,0.622227,0.294966,-0.109131,0.0703125,-0.000239525,0.000242269,-0.0194356,-0.0530492,1,0.020233,0.0200037,-0.0200037,0.020233,1,1,-0.0166149,0.0157659,-0.00338883,0.00446705,0,0,0,0,0,0,0,0,0,0,0,0,0,0,0,0,0,0,0,0,0,0,0,255,0.26,8.54318,0.26,-0.0570286,-0.275065,1,1,1,1,0,1,1,0.0123613,-3.26882,0.122706,0.0131004,0.0113915,0.0205157,13.061,9869,1,367,208.963,2467,0,0.000884653,0.0152929,0.0040114,0,0,0,1,467,0.265,-0.000203082,0.000205511,5.44605e-05,5.38166e-05,6.188e-05,4.2371e-05,0.255557,-0.0254857,0.000966948,0.288002,-0.199934,0.0244773,0.0236754,0.0339505,12.8183,0,0,0,0,0,0,-1,1,-9.04585e-07,-3.41782e-06,-0.199911,0,13.3225,1,1010,1010,1010,1010,0,0,0,0,13.3268,56,-0.0164229,0.0359662,20,-0.000860463,0.0172984,56,-0.0100653,0.0173959,55,-0.0265768,0.0253325,56,-0.0168053,0.0181708,56,-0.0110239,0.0196302,56,-0.0281712,0.0182239,56,-0.0264519,0.01617,56,-0.0261048,0.013074
4712315490895,4712308310000,4712308310000,4712315486747,73729,7.17675,4712326475318,18.1653,1,10662,39021,0,0,1,0,0,0.020007,471,467,467,1,2.48465,3.50216,0.623171,0.292928,-0.351486,-0.0295715,-0.000715412,1.06556e-05,-0.0281648,-0.0209333,1,0.000532594,0.0357581,-0.0357581,0.000532594,1,1,-0.0287768,-0.000968747,-0.00698127,0.00150134,0,0,0,0,0,0,0,0,0,0,0,0,0,0,0,0,0,0,0,0,0,0,0,255,0.27,0.893544,0.27,-0.0501483,0.169394,1,1,1,2,1,1,1,0.0123613,-3.26882,0.122706,0.0131004,0.0113915,0.0205157,24.5539,9869,1,367,11.4776,2468,0,0.000884653,0.0149931,0.00525668,0,0,0,1,467,0.275,-0.000606694,8.94255e-06,2.4592e-06,0.000166841,3.53527e-05,0.00016307,0.255593,-0.0253226,0.00143915,0.288166,-0.198951,0.0167007,0.00825738,0.0440781,9.84408,2,0,0,0,0,0,-1,1,-9.04585e-07,-3.41782e-06,-0.199911,0,24.8096,1,1010,1010,1010,1010,0,0,0,0,24.8139,56,-0.0391326,0.00829101,23,-0.0382513,0.00190448,56,-0.0240163,-0.00819699,55,-0.0363875,-0.000364817,56,-0.0361055,0.00335625,53,-0.0387779,0.0087583,56,-0.0371466,-0.00161123,56,-0.0397231,-0.00553128,56,-0.0439202,-0.00410798
4712327047397,4712316321000,4712316321000,4712327037897,73729,10.7169,4712338336879,22.0159,0,10662,39022,0,0,1,0,0,0.008011,462,458,458,1,2.6253,3.74235,0.642505,0.343429,-0.214371,-0.0142746,-0.000460262,-1.47636e-05,-0.0454517,-0.0090523,1,-0.00184291,0.0574538,-0.0574538,-0.00184291,1,1,-0.0447314,-0.00212467,-0.0127224,0.000281757,0,0,0,0,0,0,0,0,0,0,0,0,0,0,0,0,0,0,0,0,0,0,0,255,0.27,2.27241,0.27,-0.069794,-0.0169278,1,1,1,1,0,1,1,0.0123613,-3.26882,0.122706,0.0131004,0.0113915,0.0205157,36.4124,9869,1,367,23.3364,2468,0,0.000884653,0.0149931,0.00525668,0,0,0,1,458,0.275,-0.00039032,-1.26103e-05,-3.46784e-06,0.000107338,1.79287e-05,0.000105881,0.25561,-0.0252167,0.00158183,0.288229,-0.198254,0.00275197,0.00154966,0.0581801,11.6025,1,0,0,0,0,0,-1,1,-9.04585e-07,-3.41782e-06,-0.199911,0,36.6701,1,1010,1010,1010,1010,0,0,0,0,36.6743,56,-0.0594601,-0.000829346,18,-0.014359,-0.00577974,56,-0.0388324,-0.0185045,55,-0.0541247,0.0098467,56,-0.0643479,0.00750021,49,-0.0837765,-0.0122803,56,-0.0590703,0.00147157,56,-0.0617061,0.00512529,56,-0.0648488,-0.0145324
4712338826827,4712324340000,4712324340000,4712338816401,73729,14.4764,4712352252030,27.912,0,10662,39023,0,0,1,0,0,0.008019,463,461,461,1,2.52696,4.79463,0.634968,0.295873,-0.264343,-0.0122681,-0.000547275,1.15399e-05,-0.0605217,0.00179401,1,0.00143907,0.0682473,-0.0682473,0.00143907,1,1,-0.0484572,0.00100539,-0.0197901,0.000433685,0,0,0,0,0,0,0,0,0,0,0,0,0,0,0,0,0,0,0,0,0,0,0,255,0.27,3.87707,0.27,-0.0723556,-0.00568396,1,1,1,1,0,1,1,0.0127372,-3.26854,0.12238,0.0149775,0.00285322,0.0299203,0.275169,9870,1,367,37.2478,2468,0,0.000884653,0.0149931,0.00525668,0,0,0,1,461,0.275,-0.000464041,9.78969e-06,2.69217e-06,0.000127611,2.75268e-05,0.000124635,0.255638,-0.0250921,0.0013598,0.288374,-0.196761,-0.0195595,0.00238527,0.0714287,0.044852,2,0,0,0,0,0,-1,1,-9.04586e-07,-3.41782e-06,-0.19673,0,0.531745,1,1010,1010,1010,1010,0,0,0,0,0.536023,55,-0.0525193,0.0257557,20,-0.0889354,-0.0108529,56,-0.057739,-0.00935347,56,-0.070336,0.00490084,56,-0.0738282,-0.00834926,50,-0.0552074,0.00875101,56,-0.0785331,0.00583883,56,-0.0843411,-0.00371776,56,-0.0723906,-0.000409458
4712352763182,4712344349000,4712344349000,4712352758201,73729,8.4092,4712364550020,20.201,1,10663,39024,0,0,1,0,0,0.020009,465,461,461,1,2.52065,3.76322,0.627505,0.292983,-0.750763,0.0608215,-0.00156543,0.000101294,-0.0609012,0.0029113,1,0.00506242,0.0782361,-0.0782361,0.00506242,1,1,-0.0565385,0.00445686,-0.0216976,0.000605564,0,0,0,0,0,0,0,0,0,0,0,0,0,0,0,0,0,0,0,0,0,0,0,255,0.27,6.9867,0.27,-0.067293,0.00215495,1,1,1,1,0,1,1,0.0127372,-3.26854,0.12238,0.0149775,0.00285322,0.0299203,12.5924,9870,1,367,49.5649,2468,0,0.000884653,0.0149931,0.00525668,0,0,0,1,461,0.275,-0.00132774,8.57032e-05,2.35684e-05,0.000365129,9.36782e-05,0.000353639,0.255732,-0.0247384,0.0013598,0.288374,-0.196761,-0.0277428,0.0033306,0.0732753,12.3419,0,0,0,0,0,0,-1,1,-9.04586e-07,-3.41782e-06,-0.19673,0,12.8573,1,1010,1010,1010,1010,0,0,0,0,12.8615,55,-0.0727027,0.0122534,23,-0.0517582,0.0040608,56,-0.0659666,-0.00229749,56,-0.0821506,0.00781864,56,-0.0767672,0.00830562,47,-0.0876903,-0.000506047,56,-0.0854938,0.00875631,56,-0.0817973,0.00574219,56,-0.086202,-0.000330036
4712365068505,4712356326000,4712356326000,4712365060950,73729,8.73495,4712377477237,21.1512,0,10663,39025,0,0,1,0,0,0.011977,463,462,453,0.980519,2.52526,3.4551,0.65182,0.290743,-0.438904,0.0570068,-0.000849143,8.18811e-05,-0.0396145,0.0141383,1,0.00683653,0.0708978,-0.0708978,0.00683653,1,1,-0.0485144,0.00516757,-0.0223834,0.00166896,0,0,0,0,0,0,0,0,0,0,0,0,0,0,0,0,0,0,0,0,0,0,0,255,0.27,-0.349744,0.27,-0.0433263,0.00444161,1,1,1,1,0,1,1,0.0127372,-3.26854,0.12238,0.0149775,0.00285322,0.0299203,25.5074,9870,1,367,62.4799,2468,0,0.000884653,0.0149931,0.00525668,0,0,0,1,453,0.275,-0.000720123,6.93477e-05,1.90706e-05,0.000198034,5.66005e-05,0.000190657,0.255788,-0.0245478,0.000996724,0.288531,-0.196244,-0.0426295,0.00917927,0.0643836,12.6814,1,0,0,0,0,0,-1,1,-9.04586e-07,-3.41782e-06,-0.19673,0,25.7596,1,1010,1010,1010,1010,0,0,0,0,25.7639,56,-0.0558544,0.0137504,19,-0.0727833,0.0152193,50,-0.0575831,-0.00184234,56,-0.0783314,0.0184498,56,-0.07259,0.00184345,48,-0.0735323,0.0013017,56,-0.0739972,0.0142067,56,-0.0836191,-0.000335117,56,-0.0851302,0.00323941
4712377976167,4712364347000,4712364347000,4712377966000,73729,13.619,4712388937016,24.59,0,10663,39026,0,0,1,0,0,0.008021,464,460,457,0.993478,2.49832,3.50307,0.539986,0.285965,-0.42215,0.0452881,-0.000843824,6.63327e-05,-0.0451183,0.00739239,1,0.00826988,0.105202,-0.105202,0.00826988,1,1,-0.0870362,0.00559057,-0.0181657,0.00267931,0,0,0,0,0,0,0,0,0,0,0,0,0,0,0,0,0,0,0,0,0,0,0,255,0.27,2.41741,0.27,-0.0523036,-0.000430107,1,1,1,1,1,1,1,0.0127372,-3.26854,0.12238,0.0149775,0.00285322,0.0299203,36.9626,9870,1,367,73.9353,2468,0,0.000884653,0.0149931,0.00525668,0,0,0,1,457,0.275,-0.000715783,5.61559e-05,1.54429e-05,0.00019684,5.28188e-05,0.000190199,0.255841,-0.0243576,4.8019e-05,0.288773,-0.1958,-0.0539703,0.0147362,0.0367526,11.1937,2,0,0,0,0,0,-1,1,-9.04586e-07,-3.41782e-06,-0.19673,0,37.2182,1,1010,1010,1010,1010,0,0,0,0,37.2225,56,-0.10083,0.00500909,21,-0.0693135,-0.00301648,53,-0.12068,-0.0120194,56,-0.109341,0.013719,56,-0.0881678,0.0203185,47,-0.11094,-0.00688648,56,-0.111501,0.00994062,56,-0.10832,0.0218376,56,-0.114366,0.0102309
4712389476261,4712376321000,4712376321000,4712389464613,73729,13.1436,4712401496471,25.1755,0,10663,39027,0,0,1,0,0,0.011974,458,455,428,0.940659,2.48522,3.49766,0.550264,0.277669,-0.313774,-0.00666809,-0.000513957,2.18396e-06,0.0132265,-0.00506441,1,0.000182392,0.0429227,-0.0429227,0.000182392,1,1,-0.0322536,-0.00152193,-0.0106692,0.00170432,0,0,0,0,0,0,0,0,0,0,0,0,0,0,0,0,0,0,0,0,0,0,0,255,0.27,3.75133,0.27,0.00409765,-0.0150978,1,1,1,1,0,1,1,0.0127372,-3.26854,0.12238,0.0149775,0.00285322,0.0299203,49.5234,9870,1,367,86.4964,2468,0,0.000884653,0.0149931,0.00525668,0,0,0,1,428,0.275,-0.000436038,1.80447e-06,4.9623e-07,0.000119911,2.37865e-05,0.000117529,0.255865,-0.0242401,-0.000337087,0.28879,-0.195821,-0.0471242,0.00937374,0.00924501,12.3448,1,0,0,0,0,0,-1,1,-9.04586e-07,-3.41781e-06,-0.196007,0,0.234113,1,1010,1010,1010,1010,0,0,0,0,0.237872,53,-0.0415942,0.0134221,19,-0.023419,-0.00456839,30,-0.0162886,0.00208693,56,-0.0533628,0.000390718,56,-0.0430246,0.0039385,46,-0.051283,-0.00506482,56,-0.0533865,0.00843932,56,-0.0461921,-0.00614731,56,-0.0446642,-0.0130236
4712401985030,4712384351000,4712384351000,4712401975456,73729,17.6245,4712412770971,28.42,0,10663,39028,0,0,1,0,0,0.00803,465,462,461,0.997835,2.52617,3.6614,0.540153,0.288151,-0.156799,-0.0456848,-0.000303652,-8.63163e-05,-0.00971809,0.0067721,1,-0.0107492,0.0378147,-0.0378147,-0.0107492,1,1,-0.0331622,-0.0115899,-0.00465251,0.000840634,0,0,0,0,0,0,0,0,0,0,0,0,0,0,0,0,0,0,0,0,0,0,0,255,0.27,5.68253,0.27,0.0212737,-0.023965,1,1,1,1,0,1,1,0.0131785,-3.26884,0.121943,0.0129463,-0.00948151,0.0332601,11.2796,9871,1,367,97.7893,2468,0,0.000884653,0.0149931,0.00525668,0,0,0,1,461,0.275,-0.000257604,-7.31998e-05,-2.01299e-05,7.0841e-05,-5.14352e-06,7.3245e-05,0.25586,-0.0241668,-0.000621241,0.288804,-0.195993,-0.0336296,0.00462349,-0.00643265,11.0411,1,0,0,0,0,0,-1,1,-9.04586e-07,-3.41781e-06,-0.196007,0,11.5501,1,1010,1010,1010,1010,0,0,0,0,11.5539,55,-0.0382953,-0.0148973,21,-0.0655322,-0.00546372,54,-0.0435976,-0.0189241,55,-0.0346171,-0.00840469,56,-0.0272479,-0.0140578,52,-0.0365757,0.00283292,56,-0.0427808,-0.0109889,56,-0.038386,-0.016548,56,-0.0431463,-0.0140937
4712413308957,4712404343000,4712404343000,4712413303605,73729,8.9606,4712427381942,23.0389,1,10664,39029,0,0,1,0,0,0.019992,470,469,457,0.974414,2.52563,3.55103,0.546911,0.285095,0.231506,-0.013443,0.000478435,-0.000103745,0.0198182,0.0207509,1,-0.00518935,-0.0239313,0.0239313,-0.00518935,1,1,0.0223259,-0.00620227,0.00160544,0.00101292,0,0,0,0,0,0,0,0,0,0,0,0,0,0,0,0,0,0,0,0,0,0,0,255,0.27,7.25104,0.27,0.0641638,-0.0118124,1,1,1,1,0,1,1,0.0131785,-3.26884,0.121943,0.0129463,-0.00948151,0.0332601,25.8799,9871,1,367,112.39,2468,0,0.000884653,0.0149931,0.00525668,0,0,0,1,457,0.275,0.00040571,-8.79856e-05,-2.41961e-05,-0.00011157,-4.44882e-05,-0.000104907,0.255815,-0.0242717,-0.00083755,0.288855,-0.19635,-0.0190234,0.00557108,-0.0222826,14.3198,1,0,0,0,0,0,-1,1,-9.04586e-07,-3.41781e-06,-0.196007,0,26.2182,1,1010,1010,1010,1010,0,0,0,0,26.2219,55,0.0209128,-0.01259,22,0.0123683,-0.00658951,56,0.0144438,-0.0016826,56,0.0261878,-0.00610866,56,0.0290738,-0.00340684,56,0.0269694,-0.0049985,56,0.027002,-0.00518284,56,0.0263916,-0.00202347,44,0.0290847,-0.00687425
4712428159819,4712416324000,4712416324000,4712428147004,73729,11.823,4712442820958,26.497,0,10664,39030,0,0,1,0,0,0.011981,464,462,462,1,2.63365,4.30331,0.807599,0.351521,0.337128,0.0493164,0.000660462,5.75055e-05,0.0258181,0.00267003,1,0.00479973,-0.0551258,0.0551258,0.00479973,1,1,0.0453908,0.00319078,0.00973505,0.00160895,0,0,0,0,0,0,0,0,0,0,0,0,0,0,0,0,0,0,0,0,0,0,0,255,0.26,1.78955,0.26,0.0708933,-0.0051145,1,1,1,1,1,1,1,0.0131785,-3.26884,0.121943,0.0129463,-0.00948151,0.0332601,41.313,9871,1,367,127.823,2468,0,0.000884653,0.0149931,0.00525668,0,0,0,1,462,0.265,0.00056021,4.87849e-05,1.2928e-05,-0.000148456,-1.69246e-05,-0.000148011,0.255798,-0.0244197,-0.00115679,0.288946,-0.197459,-0.00440552,0.00852742,-0.044801,12.8034,2,0,0,0,0,0,-1,1,-9.04586e-07,-3.41781e-06,-0.196007,0,41.5756,1,1010,1010,1010,1010,0,0,0,0,41.5793,55,0.0618127,-0.00995613,23,0.0220204,0.016285,56,0.0513538,0.00996855,56,0.057871,0.0112884,56,0.0512643,0.00914184,48,0.0629908,0.00901321,56,0.0553292,0.00365646,56,0.0603433,-0.000406258,56,0.0609461,0.00796636
4712443368759,4712424346000,4712424346000,4712443359555,73729,19.0136,4712454788649,30.4426,0,10664,39031,0,0,1,0,0,0.008022,469,466,465,0.997854,2.4908,3.97351,0.58682,0.295002,0.331039,0.0175781,0.00063691,-1.71444e-06,0.0382905,0.0292749,1,-0.000213717,-0.0793955,0.0793955,-0.000213717,1,1,0.0640975,-5.34931e-05,0.015298,-0.000160224,0,0,0,0,0,0,0,0,0,0,0,0,0,0,0,0,0,0,0,0,0,0,0,255,0.27,6.84502,0.27,0.0627767,-0.3813,1,1,1,1,0,1,1,0.013591,-3.26952,0.121759,0.0141896,-0.0110699,0.0312701,2.28274,9872,1,367,139.782,2468,0,0.000884653,0.0149931,0.00525668,0,0,0,1,465,0.275,0.000540098,-1.47528e-06,-4.05701e-07,-0.000148527,-2.96638e-05,-0.000145535,0.255769,-0.0245653,-0.00143894,0.288705,-0.198863,0.00313677,-0.000881233,-0.0648016,2.06891,2,0,0,0,0,0,-1,1,-9.04585e-07,-3.41781e-06,-0.198896,0,2.53782,1,1010,1010,1010,1010,0,0,0,0,2.54221,54,0.0413311,-0.00750891,22,0.0916974,-0.00614228,56,0.0724392,0.0271664,56,0.0954037,-0.0226196,56,0.0904133,-0.00522552,53,0.0768835,-0.00962878,56,0.0900363,-0.0115129,56,0.0878352,0.0110431,56,0.0934923,0.011685
4712455295208,4712444341000,4712444341000,4712455289375,73729,10.9484,4712466799266,22.4583,1,10665,39032,0,0,1,0,0,0.019995,463,459,453,0.986928,2.47817,3.60816,0.545079,0.285724,0.714661,-0.145599,0.00145463,-0.000261646,0.0474884,0.0109324,1,-0.0130856,-0.0727495,0.0727495,-0.0130856,1,1,0.0567126,-0.01205,0.016037,-0.00103556,0,0,0,0,0,0,0,0,0,0,0,0,0,0,0,0,0,0,0,0,0,0,0,255,0.27,8.61275,0.27,0.0807419,0.150981,1,1,1,1,0,1,1,0.013591,-3.26952,0.121759,0.0141896,-0.0110699,0.0312701,14.3023,9872,1,367,151.802,2468,0,0.000884653,0.0149931,0.00525668,0,0,0,1,453,0.275,0.00123363,-0.000221763,-6.09848e-05,-0.000339248,-0.000124193,-0.00032104,0.255644,-0.0248863,-0.00143894,0.288705,-0.198863,0.004323,-0.00569558,-0.0671043,14.0752,0,0,0,0,0,0,-1,1,-9.04585e-07,-3.41781e-06,-0.198896,0,14.5551,1,1010,1010,1010,1010,0,0,0,0,14.5595,49,0.0596978,-0.0217924,17,0.0576818,-0.0120696,56,0.0591014,0.000365462,56,0.0661619,-0.0159292,56,0.0818544,-0.0176748,51,0.0794859,-0.00431132,56,0.0769238,-0.0193129,56,0.0831883,-0.014848,56,0.0848124,-0.00856273
4712467296048,4712456355000,4712456355000,4712467284418,73729,10.9294,4712479460907,23.1059,0,10665,39033,0,0,1,0,0,0.012014,466,464,445,0.959052,2.45285,3.48088,0.551616,0.277743,0.381683,-0.0976257,0.000770485,-0.000210881,0.041262,0.00868942,1,-0.0175529,-0.0641322,0.0641322,-0.0175529,1,1,0.0485525,-0.0150366,0.0155797,-0.00251634,0,0,0,0,0,0,0,0,0,0,0,0,0,0,0,0,0,0,0,0,0,0,0,255,0.27,0.284447,0.27,0.0557341,-0.0120905,1,1,1,1,0,1,1,0.013591,-3.26952,0.121759,0.0141896,-0.0110699,0.0312701,26.9631,9872,1,367,164.463,2468,0,0.000884653,0.0149931,0.00525668,0,0,0,1,445,0.275,0.000653391,-0.000178822,-4.91761e-05,-0.000179682,-8.18217e-05,-0.000166752,0.255563,-0.0250531,-0.00153215,0.288388,-0.199973,0.00973182,-0.0138399,-0.0607653,12.3888,2,0,0,0,0,0,-1,1,-9.04585e-07,-3.41781e-06,-0.198896,0,27.2136,1,1010,1010,1010,1010,0,0,0,0,27.218,49,0.0503153,-0.0351436,22,0.0678282,-0.0085604,56,0.0468999,-0.0116849,50,0.0770614,-0.0248685,56,0.0618622,-0.0151373,51,0.0633649,-0.00378032,49,0.0685433,-0.0170224,56,0.0722619,-0.0207911,56,0.0721241,-0.0152918
4712479958448,4712464347000,4712464347000,4712479950170,73729,15.6032,4712490967019,26.62,0,10665,39034,0,0,1,0,0,0.007992,462,461,461,1,2.45124,3.57653,0.587338,0.291132,0.357513,-0.0278168,0.000718253,-8.55594e-05,0.0446787,0.0164588,1,-0.0107056,-0.0898715,0.0898715,-0.0107056,1,1,0.0776885,-0.00869961,0.012183,-0.00200601,0,0,0,0,0,0,0,0,0,0,0,0,0,0,0,0,0,0,0,0,0,0,0,255,0.27,2.7578,0.27,0.0717346,0.00519847,1,1,1,1,1,1,1,0.013591,-3.26952,0.121759,0.0141896,-0.0110699,0.0312701,38.4676,9872,1,367,175.967,2468,0,0.000884653,0.0149931,0.00525668,0,0,0,1,461,0.275,0.000609164,-7.24641e-05,-1.99276e-05,-0.00016752,-5.20033e-05,-0.000160377,0.255511,-0.0252134,-0.00161129,0.288258,-0.200454,0.00739125,-0.0110331,-0.0476921,11.2538,1,0,0,0,0,0,-1,1,-9.04585e-07,-3.41781e-06,-0.198896,0,38.7264,1,1010,1010,1010,1010,0,0,0,0,38.7308,56,0.0844569,-0.0252187,19,0.0964542,-0.0323233,56,0.060673,0.00639534,56,0.09381,-0.00990344,56,0.0970066,-0.0161121,50,0.09587,-0.0244028,56,0.0906996,-0.0242691,56,0.0965183,1.72497e-06,56,0.102884,-0.00434868
4712491526450,4712476321000,4712476321000,4712491514302,73729,15.1933,4712503923015,27.602,0,10665,39035,0,0,1,0,0,0.011974,462,461,461,1,2.45443,3.86786,0.630987,0.292891,0.270264,0.00201416,0.000513914,-1.15464e-05,0.0134701,0.00133092,1,-0.000964291,-0.0429192,0.0429192,-0.000964291,1,1,0.0329223,0.00155504,0.00999686,-0.00251933,0,0,0,0,0,0,0,0,0,0,0,0,0,0,0,0,0,0,0,0,0,0,0,255,0.26,4.19931,0.26,0.0329295,0.0141659,1,1,1,1,0,1,1,0.0141235,-3.27008,0.12146,0.0200806,-0.00670565,0.026715,1.69788,9873,1,367,188.92,2468,0,0.000884653,0.0149931,0.00525668,0,0,0,1,461,0.265,0.000435922,-9.79227e-06,-2.59495e-06,-0.000115519,-2.54744e-05,-0.000112701,0.255485,-0.0253261,-0.00191284,0.287923,-0.201307,6.11481e-05,-0.0133524,-0.0423378,1.48099,2,0,0,0,0,0,-1,1,-9.04586e-07,-3.41781e-06,-0.201351,0,1.96657,1,1010,1010,1010,1010,0,0,0,0,1.9704,56,0.0346909,-0.00809699,22,0.034469,-0.00348167,56,0.0433569,0.0029546,56,0.0475568,-0.0027704,56,0.040243,-0.00334688,47,0.0400516,-0.00259723,56,0.0516958,-0.00120129,56,0.0457985,0.000723609,56,0.0482836,0.0114089
4712504437389,4712496319000,4712496319000,4712504432519,73729,8.11352,4712516984640,20.6656,1,10666,39036,0,0,1,0,0,0.019998,469,464,464,1,2.46976,3.51571,0.661376,0.326002,0.383743,-0.0200653,0.000835193,-4.05598e-05,0.043378,-0.000221921,1,-0.00202819,-0.0417638,0.0417638,-0.00202819,1,1,0.0326049,0.000709445,0.00915888,-0.00273764,0,0,0,0,0,0,0,0,0,0,0,0,0,0,0,0,0,0,0,0,0,0,0,255,0.26,6.95657,0.26,0.0268336,-0.182587,1,1,1,1,0,1,1,0.0141235,-3.27008,0.12146,0.0200806,-0.00670565,0.026715,14.7639,9873,1,367,13.0405,2469,0,0.000884653,0.0178825,0.00744509,0,0,0,1,464,0.265,0.000708179,-3.42735e-05,-9.08249e-06,-0.000187667,-4.59569e-05,-0.000182157,0.255439,-0.0255083,-0.00191284,0.287923,-0.201307,-0.00309071,-0.0145095,-0.0413062,14.5359,0,0,0,0,0,0,-1,1,-9.04586e-07,-3.41781e-06,-0.201351,0,15.0345,1,1010,1010,1010,1010,0,0,0,0,15.0383,56,0.0346115,-0.0111992,20,0.044262,-0.0031586,56,0.0289421,0.00615855,55,0.044119,-0.00247332,56,0.0478094,-0.00661043,53,0.0408407,0.00357898,56,0.0433524,-0.00333214,56,0.0475009,-0.00246444,56,0.049301,-0.00110168
4712517491682,4712504363000,4712504363000,4712517481237,73729,13.1182,4712528404382,24.0414,0,10666,39037,0,0,1,0,0,0.008044,469,468,466,0.995726,2.51135,3.38812,0.635153,0.295095,0.096756,-0.0440674,0.000232691,-8.82522e-05,0.0459119,-0.00459191,1,-0.0109712,-0.0289273,0.0289273,-0.0109712,1,1,0.0202882,-0.00741323,0.0086391,-0.00355795,0,0,0,0,0,0,0,0,0,0,0,0,0,0,0,0,0,0,0,0,0,0,0,255,0.26,-0.302261,0.26,0.026729,0.00619286,1,1,1,1,0,1,1,0.0141235,-3.27008,0.12146,0.0200806,-0.00670565,0.026715,26.1968,9873,1,367,24.4734,2469,0,0.000884653,0.0178825,0.00744509,0,0,0,1,466,0.265,0.000197304,-7.47776e-05,-1.98161e-05,-5.22855e-05,-2.90803e-05,-4.74127e-05,0.25541,-0.0255557,-0.00219145,0.287498,-0.202123,-0.00556245,-0.0188572,-0.0410797,11.1014,2,0,0,0,0,0,-1,1,-9.04586e-07,-3.41781e-06,-0.201351,0,26.4713,1,1010,1010,1010,1010,0,0,0,0,26.4751,55,0.0363204,-0.013913,21,-0.0125318,-0.0160281,56,0.0329728,-0.00400286,56,0.0228175,-0.0116808,56,0.0292815,-0.0127758,54,0.0194881,-0.0124019,56,0.0344944,-0.00709074,56,0.0342862,-0.00617503,56,0.0350312,-0.00562513
4712528968090,4712516317000,4712516317000,4712528954553,73729,12.6376,4712542126309,25.8093,0,10666,39038,0,0,1,0,0,0.011954,465,464,464,1,2.52304,4.07529,0.650505,0.346411,0.11911,-0.0498505,0.00024941,-0.000123184,0.0243146,0.0151895,1,-0.0103048,-0.0208641,0.0208641,-0.0103048,1,1,0.0125055,-0.00644242,0.00835861,-0.00386241,0,0,0,0,0,0,0,0,0,0,0,0,0,0,0,0,0,0,0,0,0,0,0,255,0.26,0.984248,0.26,0.0264906,0.00989097,1,1,1,1,0,1,1,0.0141235,-3.27008,0.12146,0.0200806,-0.00670565,0.026715,39.9083,9873,1,367,38.1849,2469,0,0.000884653,0.0178825,0.00744509,0,0,0,1,464,0.265,0.000211469,-0.000104443,-2.76774e-05,-5.60394e-05,-3.72321e-05,-4.95666e-05,0.255373,-0.0256053,-0.00219015,0.287306,-0.202401,0.00189851,-0.0204708,-0.0339217,13.4287,1,0,0,0,0,0,-1,1,-9.04586e-07,-3.41781e-06,-0.201351,0,40.1756,1,1010,1010,1010,1010,0,0,0,0,40.1794,56,0.0120706,-0.0141418,20,0.0295068,-0.00863656,56,0.0211793,-0.003122,56,0.0276871,-0.00889576,56,0.0271173,-0.00909649,52,0.0186898,-0.0160936,56,0.0253071,-0.0148514,56,0.0266296,-0.00708917,56,0.0227052,-0.00674802
4712542640980,4712532361000,4712532361000,4712542636480,73729,10.2755,4712554959452,22.5985,1,10667,39039,0,0,1,0,0,0.016044,470,467,467,1,2.49289,4.06446,0.568116,0.296855,0.251831,0.0375671,0.000546465,7.79835e-05,0.0306641,-0.00479487,1,0.0048606,-0.0340604,0.0340604,0.0048606,1,1,0.0274737,0.00890107,0.00658669,-0.00404047,0,0,0,0,0,0,0,0,0,0,0,0,0,0,0,0,0,0,0,0,0,0,0,255,0.26,4.51689,0.26,0.0338619,0.02495,1,1,1,1,1,1,1,0.014681,-3.27036,0.12073,0.0249118,-0.00324657,0.0290209,2.17491,9874,1,367,51.0074,2469,0,0.000884653,0.0178825,0.00744509,0,0,0,1,467,0.265,0.000463428,6.62053e-05,1.75444e-05,-0.000122809,-8.16819e-06,-0.000123696,0.255365,-0.025729,-0.00199571,0.286854,-0.202668,0.0111339,-0.0214145,-0.0190205,1.96163,2,0,0,0,0,0,-1,1,-9.04585e-07,-3.41781e-06,-0.202714,0,2.42361,1,1010,1010,1010,1010,0,0,0,0,2.42824,56,0.031689,0.000905032,22,0.0237056,0.00913556,56,0.0232594,0.00882706,56,0.0318467,0.000714547,56,0.0356162,0.00286512,53,0.0372207,0.0154396,56,0.0345767,-0.00024566,56,0.0378529,0.00308995,56,0.0422638,0.00844688
4712555486215,4712544332000,4712544332000,4712555475382,73729,11.1434,4712567087033,22.755,0,10667,39040,0,0,1,0,0,0.011971,468,466,446,0.957082,2.47145,3.40908,0.60882,0.280817,0.138977,-0.0038147,0.000236382,-4.40931e-05,-0.0110636,0.0191011,1,-0.00368333,-0.0197463,0.0197463,-0.00368333,1,1,0.0140587,0.000494544,0.00568751,-0.00417787,0,0,0,0,0,0,0,0,0,0,0,0,0,0,0,0,0,0,0,0,0,0,0,255,0.27,7.00398,0.27,0.0472489,0.236231,1,1,1,1,0,1,1,0.014681,-3.27036,0.12073,0.0249118,-0.00324657,0.0290209,14.3106,9874,1,367,63.1433,2469,0,0.000884653,0.0178825,0.00744509,0,0,0,1,446,0.275,0.000200614,-3.74457e-05,-1.02976e-05,-5.51687e-05,-2.07487e-05,-5.20577e-05,0.255344,-0.025781,-0.00199571,0.286854,-0.202668,0.0131001,-0.0229783,-0.0145449,14.0909,0,0,0,0,0,0,-1,1,-9.04585e-07,-3.41781e-06,-0.202714,0,14.5666,1,1010,1010,1010,1010,0,0,0,0,14.5712,37,0.0100396,-0.00343334,21,0.00270182,-0.0138963,55,0.0126594,-0.00163846,56,0.02253,-0.00250262,56,0.0170593,-0.00648492,53,0.0200182,-0.00284493,56,0.0259973,-0.00863573,56,0.0164132,-0.00249379,56,0.0206146,0.00333569
4712567583722,4712552352000,4712552352000,4712567573777,73729,15.2218,4712579360226,27.0082,0,10667,39041,0,0,1,0,0,0.00802,464,462,462,1,2.47706,3.38721,0.535727,0.291206,0.141663,-0.0096283,0.000275557,-7.18402e-05,0.0335225,0.0492438,1,-0.00895763,-0.0343588,0.0343588,-0.00895763,1,1,0.0298851,-0.00393083,0.00447368,-0.00502681,0,0,0,0,0,0,0,0,0,0,0,0,0,0,0,0,0,0,0,0,0,0,0,255,0.27,9.14656,0.27,0.0225398,0.216252,1,1,1,1,0,1,1,0.014681,-3.27036,0.12073,0.0249118,-0.00324657,0.0290209,26.5831,9874,1,367,75.4158,2469,0,0.000884653,0.0178825,0.00744509,0,0,0,1,462,0.275,0.000233667,-6.09753e-05,-1.67682e-05,-6.42584e-05,-2.86673e-05,-5.97082e-05,0.255315,-0.0258407,-0.00171101,0.286298,-0.202788,0.0150429,-0.0276474,-0.00764993,12.0101,2,0,0,0,0,0,-1,1,-9.04585e-07,-3.41781e-06,-0.202714,0,26.8387,1,1010,1010,1010,1010,0,0,0,0,26.8433,56,0.0347521,-0.0092884,20,0.0298539,-0.0140226,56,0.033019,-0.00524043,56,0.027511,-0.0176073,56,0.0390685,-0.00505846,50,0.0249366,-0.00209499,56,0.0446236,-0.00672668,56,0.0445794,-0.00616411,56,0.0338085,-0.0142996
4712579867897,4712564341000,4712564341000,4712579857286,73729,15.5163,4712591843347,27.5023,0,10667,39042,0,0,1,0,0,0.011989,467,465,465,1,2.46526,3.51616,0.575671,0.290317,0.11676,-0.0294495,0.000220054,-0.000105117,0.00460591,0.0334535,1,-0.00876775,-0.0183547,0.0183547,-0.00876775,1,1,0.0142247,-0.00270037,0.00412997,-0.00606738,0,0,0,0,0,0,0,0,0,0,0,0,0,0,0,0,0,0,0,0,0,0,0,255,0.26,1.10971,0.26,-0.004418,-0.170072,1,1,1,1,0,1,1,0.014681,-3.27036,0.12073,0.0249118,-0.00324657,0.0290209,39.0668,9874,1,367,87.8994,2469,0,0.000884653,0.0178825,0.00744509,0,0,0,1,465,0.265,0.000186659,-8.91861e-05,-2.36343e-05,-4.94646e-05,-3.21517e-05,-4.38882e-05,0.255283,-0.0258846,-0.00152631,0.285972,-0.2028,0.01687,-0.0321571,-0.00401509,12.2298,1,0,0,0,0,0,-1,1,-9.04585e-07,-3.41781e-06,-0.202714,0,39.351,1,1010,1010,1010,1010,0,0,0,0,39.3556,56,0.0198242,-0.0156778,21,0.0441127,-0.017735,56,0.0122244,-0.0117353,56,0.0275604,-0.00200828,56,0.0146228,-0.00424775,52,0.0243134,-0.0114389,56,0.0158929,-0.0132804,56,0.0164641,-0.00942235,56,0.0185812,-0.00228036
4712592364296,4712572355000,4712572355000,4712592353721,73729,19.9987,4712605536681,33.1817,0,10667,39043,0,0,1,0,0,0.008014,467,466,466,1,2.46139,3.86525,0.661153,0.305298,0.0653687,-0.0729218,0.00014812,-0.000178749,0.0198516,0.0500257,1,-0.0223046,-0.0184827,0.0184827,-0.0223046,1,1,0.0147944,-0.0161363,0.00368831,-0.0061683,0,0,0,0,0,0,0,0,0,0,0,0,0,0,0,0,0,0,0,0,0,0,0,255,0.26,3.42731,0.26,-0.00083269,-0.189261,1,1,1,1,0,1,1,0.0153787,-3.27034,0.120642,0.0257333,0.00677741,0.0312476,2.71376,9875,1,367,101.582,2469,0,0.000884653,0.0178825,0.00744509,0,0,0,1,466,0.265,0.000125634,-0.000151678,-4.01947e-05,-3.32929e-05,-4.44708e-05,-2.48512e-05,0.255239,-0.0259095,-0.000989445,0.28542,-0.202644,0.0223867,-0.032692,0.00227096,2.49552,2,0,0,0,0,0,-1,1,-9.04585e-07,-3.41781e-06,-0.202666,0,2.97149,1,1010,1010,1010,1010,0,0,0,0,2.97549,56,0.0133628,-0.0240895,25,-0.0460736,-0.0152158,56,0.0422734,-0.026083,56,0.0239539,-0.0133276,56,0.0229358,-0.0269762,49,0.00286631,-0.0311373,56,0.0270117,-0.0208367,56,0.0208443,-0.0262614,56,0.0189717,-0.0223567
4712606022222,4712592366000,4712592366000,4712606018074,73729,13.6521,4712618945828,26.5798,1,10668,39044,0,0,1,0,0,0.020011,469,467,464,0.993576,2.50569,3.52266,0.617135,0.290947,0.0829926,-0.126724,0.000149353,-0.000345947,0.000189999,0.0401318,1,-0.0172878,-0.00746355,0.00746355,-0.0172878,1,1,0.00597287,-0.0129508,0.00149068,-0.00433705,0,0,0,0,0,0,0,0,0,0,0,0,0,0,0,0,0,0,0,0,0,0,0,255,0.27,6.78604,0.27,-0.00751097,0.0903617,1,1,1,1,1,1,1,0.0153787,-3.27034,0.120642,0.0257333,0.00677741,0.0312476,16.1339,9875,1,367,115.002,2469,0,0.000884653,0.0178825,0.00744509,0,0,0,1,464,0.275,0.000126659,-0.000293409,-8.06876e-05,-3.48313e-05,-8.28417e-05,-1.85565e-05,0.255156,-0.025928,-0.000660297,0.285274,-0.202409,0.0266887,-0.0238538,0.014792,11.8323,1,0,0,0,0,0,-1,1,-9.04585e-07,-3.41781e-06,-0.202666,0,16.4007,1,1010,1010,1010,1010,0,0,0,0,16.4047,56,0.0074693,-0.0100726,21,0.0129926,-0.0324993,53,0.00733777,-0.0176359,56,0.00849536,-0.0185803,56,0.0101812,-0.0200201,54,0.00500768,-0.0087455,56,0.00686462,-0.0191165,56,0.00936578,-0.0217549,56,0.0060525,-0.0167074
4712619513241,4712604338000,4712604338000,4712619503926,73729,15.1659,4712632381457,28.0435,0,10668,39045,0,0,1,0,0,0.011972,464,462,433,0.937229,2.47245,3.46477,0.587967,0.277669,-0.0388489,-0.0137024,-7.60971e-05,-3.13837e-05,-0.00854227,-0.00149249,1,-0.00262143,0.00635625,-0.00635625,-0.00262143,1,1,-0.00546842,0.00015389,-0.00088783,-0.00277532,0,0,0,0,0,0,0,0,0,0,0,0,0,0,0,0,0,0,0,0,0,0,0,255,0.26,0.095668,0.26,-0.0337103,0.0859063,1,1,1,1,0,1,1,0.0153787,-3.27034,0.120642,0.0257333,0.00677741,0.0312476,29.5851,9875,1,367,128.454,2469,0,0.000884653,0.0178825,0.00744509,0,0,0,1,433,0.265,-6.45073e-05,-2.65041e-05,-7.02358e-06,1.70944e-05,-3.17331e-06,1.80996e-05,0.255153,-0.0259099,-0.000297353,0.285191,-0.202071,0.0277527,-0.0147092,0.0259666,13.1875,1,0,0,0,0,0,-1,1,-9.04585e-07,-3.41781e-06,-0.202666,0,29.8339,1,1010,1010,1010,1010,0,0,0,0,29.8379,56,-0.00122488,-0.000711657,19,-0.00312727,-0.00480687,37,-0.0180305,-0.0095534,56,-0.0132085,-0.00734737,56,-0.00468159,-0.000779687,51,-0.00118161,-0.00928585,52,-0.0129612,0.00530387,56,-0.00958789,-0.00068016,50,-0.00682119,0.00291176
4712632898647,4712624334000,4712624334000,4712632893961,73729,8.55996,4712645667696,21.3337,1,10669,39046,0,0,1,0,0,0.019996,468,468,467,0.997863,2.78426,4.49126,0.553338,0.296206,-0.268646,0.0561829,-0.000577901,6.79193e-05,-0.0297216,0.0139157,1,0.00339665,0.0289008,-0.0289008,0.00339665,1,1,-0.0253054,0.00526214,-0.00359542,-0.00186549,0,0,0,0,0,0,0,0,0,0,0,0,0,0,0,0,0,0,0,0,0,0,0,255,0.26,3.32112,0.26,-0.0538316,-0.0689528,1,1,1,1,0,1,1,0.0153787,-3.27034,0.120642,0.0257333,0.00677741,0.0312476,42.8613,9875,1,367,141.73,2469,0,0.000884653,0.0178825,0.00744509,0,0,0,1,467,0.265,-0.000489971,5.74771e-05,1.52314e-05,0.000129842,4.03242e-05,0.000124285,0.255193,-0.0257856,0.000102852,0.285103,-0.201606,0.0281935,-0.00988711,0.0377993,13.0336,1,0,0,0,0,0,-1,1,-9.04585e-07,-3.41781e-06,-0.202666,0,43.1283,1,1010,1010,1010,1010,0,0,0,0,43.1323,56,-0.0257945,0.0155039,22,-0.0255394,0.00702726,56,-0.0159724,-0.00469398,56,-0.0298527,0.00436976,56,-0.0324437,0.00513734,53,-0.0300158,0.0041631,56,-0.0371438,0.00270375,56,-0.0296309,-0.0031642,56,-0.0320871,0.00472284
4712646181070,4712632362000,4712632362000,4712646172904,73729,13.8109,4712658180076,25.8181,0,10669,39047,0,0,1,0,0,0.008028,468,467,466,0.997859,2.50504,4.21585,0.610468,0.293854,-0.176025,-0.0126038,-0.000355358,-9.23886e-05,-0.0437428,0.0535901,1,-0.0115083,0.0442648,-0.0442648,-0.0115083,1,1,-0.037803,-0.00939118,-0.00646187,-0.00211711,0,0,0,0,0,0,0,0,0,0,0,0,0,0,0,0,0,0,0,0,0,0,0,255,0.26,6.18881,0.26,-0.0654589,0.00857449,1,1,1,1,0,1,1,0.0164157,-3.26992,0.120549,0.0260912,0.0123433,0.0301092,4.43326,9876,1,367,154.232,2469,0,0.000884653,0.0178825,0.00744509,0,0,0,1,466,0.265,-0.000301311,-7.84323e-05,-2.07846e-05,7.98473e-05,-3.62954e-06,8.22147e-05,0.255189,-0.0257034,0.00115572,0.284856,-0.20038,0.0332463,-0.0112207,0.0539954,4.21448,2,0,0,0,0,0,-1,1,-9.04585e-07,-3.41781e-06,-0.200353,0,4.68841,1,1010,1010,1010,1010,0,0,0,0,4.69322,55,-0.0371927,-0.00963004,19,-0.0247474,-0.0158142,56,-0.027115,-0.0338857,56,-0.0452869,-0.0104964,56,-0.0557093,-0.0128778,56,-0.0520596,-0.0153839,56,-0.045305,-0.00987948,56,-0.0508173,-0.00209978,56,-0.0538408,-0.00655061
4712658675580,4712644330000,4712644330000,4712658665247,73729,14.3352,4712670761383,26.4314,0,10669,39048,0,0,1,0,0,0.011968,463,463,462,0.99784,2.48152,3.4124,0.609913,0.30028,-0.146423,-0.0334854,-0.000360221,-8.94951e-05,-0.040148,0.022328,1,-0.00747786,0.0300986,-0.0300986,-0.00747786,1,1,-0.0229965,-0.00446515,-0.00710211,-0.00301271,0,0,0,0,0,0,0,0,0,0,0,0,0,0,0,0,0,0,0,0,0,0,0,255,0.27,8.7774,0.27,-0.0522503,0.154338,1,1,1,1,1,1,1,0.0164157,-3.26992,0.120549,0.0260912,0.0123433,0.0301092,17.0167,9876,1,367,166.815,2469,0,0.000884653,0.0178825,0.00744509,0,0,0,1,462,0.275,-0.000305375,-7.59685e-05,-2.08913e-05,8.39781e-05,-2.94683e-06,8.62793e-05,0.255186,-0.0256172,0.00160245,0.284679,-0.199804,0.0343301,-0.0165699,0.0587133,12.3593,1,0,0,0,0,0,-1,1,-9.04585e-07,-3.41781e-06,-0.200353,0,17.2769,1,1010,1010,1010,1010,0,0,0,0,17.2817,55,-0.01936,0.00228305,20,-0.0350355,-0.0138463,56,-0.0247062,-0.0152403,56,-0.030367,-0.00161848,56,-0.0337385,-0.00951112,51,-0.0301124,-0.00136532,56,-0.0286118,-0.0137035,56,-0.0342432,-0.0109725,56,-0.0295523,-0.00653178
4712671322702,4712652363000,4712652363000,4712671311165,73729,18.9482,4712682586184,30.2232,0,10669,39049,0,0,1,0,0,0.008033,469,469,426,0.908316,2.47608,3.88955,0.551987,0.271465,-0.18486,-0.0464478,-0.000379719,-0.000108588,-0.0430509,0.015404,1,-0.0135177,0.0472699,-0.0472699,-0.0135177,1,1,-0.0397241,-0.00991718,-0.00754582,-0.00360052,0,0,0,0,0,0,0,0,0,0,0,0,0,0,0,0,0,0,0,0,0,0,0,255,0.27,1.11367,0.27,-0.137876,0.303578,1,1,1,1,0,1,1,0.0164157,-3.26992,0.120549,0.0260912,0.0123433,0.0301092,28.8486,9876,1,367,178.647,2469,0,0.000884653,0.0178825,0.00744509,0,0,0,1,426,0.275,-0.000321981,-9.21699e-05,-2.53467e-05,8.85447e-05,-6.27013e-06,9.15988e-05,0.25518,-0.0255256,0.00193,0.284475,-0.199289,0.0274638,-0.0198029,0.0551726,11.6122,1,0,0,0,0,0,-1,1,-9.04585e-07,-3.41781e-06,-0.200353,0,29.0942,1,1010,1010,1010,1010,0,0,0,0,29.099,56,-0.0415553,-0.00351293,24,-0.031896,-0.0125501,20,-0.0252359,-0.00996084,56,-0.0433185,-0.00974533,56,-0.0560512,-0.00519768,46,-0.0431333,-0.013663,56,-0.0640154,-0.00943032,56,-0.0467718,-0.0187257,56,-0.0582468,-0.0272774
4712683090429,4712672389000,4712672389000,4712683085410,73729,10.6964,4712696247555,23.8586,1,10670,39050,0,0,1,0,0,0.020026,469,466,465,0.997854,2.4978,3.77464,0.733747,0.293132,-0.473907,-0.129364,-0.000991763,-0.000341813,-0.0343552,0.0326558,1,-0.0170685,0.0495238,-0.0495238,-0.0170685,1,1,-0.0416952,-0.0129662,-0.00782853,-0.0041022,0,0,0,0,0,0,0,0,0,0,0,0,0,0,0,0,0,0,0,0,0,0,0,255,0.26,2.71958,0.26,-0.0809564,-0.0370159,1,1,1,1,0,1,1,0.0164157,-3.26992,0.120549,0.0260912,0.0123433,0.0301092,42.5044,9876,1,367,192.303,2469,0,0.000884653,0.0178825,0.00744509,0,0,0,1,465,0.265,-0.000841115,-0.000290054,-7.68644e-05,0.000222895,-2.81552e-05,0.000233052,0.255152,-0.0252925,0.00214185,0.284262,-0.198886,0.0176415,-0.0217417,0.0473062,13.4051,1,0,0,0,0,0,-1,1,-9.04585e-07,-3.41781e-06,-0.200353,0,42.7696,1,1010,1010,1010,1010,0,0,0,0,42.7744,56,-0.048746,-0.00367484,20,-0.0198143,-0.0238584,56,-0.0317186,-0.0274443,55,-0.0502283,-0.0170791,56,-0.0513509,-0.0133326,54,-0.0549145,-0.0150853,56,-0.0497995,-0.0175729,56,-0.0554299,-0.0218643,56,-0.0550902,-0.0182066
4712696751170,4712684330000,4712684330000,4712696743004,73729,12.413,4712710210262,25.8803,0,10670,39051,0,0,1,0,0,0.011941,468,468,467,0.997863,2.51937,3.91449,0.623672,0.288873,-0.226715,-0.0623169,-0.00047274,-0.000143499,-0.0301314,0.019052,1,-0.0120173,0.0395897,-0.0395897,-0.0120173,1,1,-0.0333023,-0.00862166,-0.00628736,-0.00339567,0,0,0,0,0,0,0,0,0,0,0,0,0,0,0,0,0,0,0,0,0,0,0,255,0.26,6.19329,0.26,-0.0718938,-0.243986,1,1,1,1,0,1,1,0.0173929,-3.26958,0.120274,0.0245641,0.00574787,0.0240531,6.9791,9877,1,367,206.264,2469,0,0.000884653,0.0178825,0.00744509,0,0,0,1,467,0.265,-0.000400905,-0.000121723,-3.22567e-05,0.00010624,-9.35426e-06,0.000110244,0.255143,-0.0251823,0.0023858,0.284008,-0.198339,0.00764067,-0.017997,0.0327709,6.759,2,0,0,0,0,0,-1,1,-9.04585e-07,-3.41781e-06,-0.198284,0,7.23611,1,1010,1010,1010,1010,0,0,0,0,7.24015,55,-0.0244589,-0.00700558,20,-0.0667763,-0.019365,56,-0.0227804,-0.0168232,56,-0.0393795,-0.00738054,56,-0.0353479,-0.0154224,56,-0.0391223,-0.015555,56,-0.0464782,-0.0163242,56,-0.0458973,-0.0147652,56,-0.0501841,-0.0122029
4712710717822,4712704333000,4712704333000,4712710713489,73729,6.38049,4712722574271,18.2413,1,10671,39052,0,0,1,0,0,0.020003,468,465,465,1,2.51389,3.69451,0.649838,0.301095,-0.374451,0.00799561,-0.000694248,2.59418e-05,-0.00688044,0.000625975,1,0.0012969,0.0347072,-0.0347072,0.0012969,1,1,-0.0325638,0.00193081,-0.00214334,-0.000633913,0,0,0,0,0,0,0,0,0,0,0,0,0,0,0,0,0,0,0,0,0,0,0,255,0.26,-0.135186,0.26,-0.0447348,0.0217407,1,1,1,1,1,1,1,0.0173929,-3.26958,0.120274,0.0245641,0.00574787,0.0240531,19.345,9877,1,367,12.3564,2470,0,0.000884653,0.0135621,0.00539681,0,0,0,1,465,0.265,-0.000588837,2.19027e-05,5.80421e-06,0.000156042,3.6295e-05,0.000151868,0.255179,-0.0250304,0.00268766,0.283956,-0.198146,0.00826362,-0.00335974,0.0156987,5.21717,2,0,0,0,0,0,-1,1,-9.04585e-07,-3.41781e-06,-0.198284,0,19.6115,1,1010,1010,1010,1010,0,0,0,0,19.6156,56,-0.025642,0.00868335,18,-0.0301192,0.00119537,55,-0.0266447,-0.0115733,56,-0.036281,0.00181559,56,-0.0404295,0.00416302,56,-0.0335963,0.00257735,56,-0.0376232,0.00583487,56,-0.0372201,-0.00340084,56,-0.0410022,-0.00275955
4712723129720,4712712343000,4712712343000,4712723118831,73729,10.7758,4712740966385,28.6234,0,10671,39053,0,0,1,0,0,0.00801,466,466,456,0.978541,2.50517,10.1933,0.683283,0.347077,-0.0585709,0.0596161,-0.000154974,0.000149124,-0.041898,-0.0373858,1,0.0186173,0.0193475,-0.0193475,0.0186173,1,1,-0.0188729,0.0187505,-0.000474635,-0.000133268,0,0,0,0,0,0,0,0,0,0,0,0,0,0,0,0,0,0,0,0,0,0,0,255,0.26,2.13209,0.26,-0.0206003,0.0233085,1,1,1,1,0,1,1,0.0173929,-3.26958,0.120274,0.0245641,0.00574787,0.0240531,37.7409,9877,1,367,30.7523,2470,0,0.000884653,0.0135621,0.00539681,0,0,0,1,456,0.265,-0.000131342,0.000126483,3.35179e-05,3.48056e-05,3.84233e-05,2.77855e-05,0.255217,-0.0250026,0.00268766,0.283956,-0.198146,0.011103,-0.000706323,0.0108949,23.605,0,0,0,0,0,0,-1,1,-9.04585e-07,-3.41781e-06,-0.198284,0,37.9956,1,1010,1010,1010,1010,0,0,0,0,37.9996,56,-0.0160189,0.0162417,18,0.0156379,0.0113132,46,-0.0316462,0.0102076,56,-0.0209512,0.0124456,56,-0.0139371,0.0203751,56,-0.0172989,0.012093,56,-0.0248929,0.0172895,56,-0.0280099,0.0284242,56,-0.0182015,0.0359172
4712741480852,4712732353000,4712732353000,4712741475908,73729,9.12291,4712755632061,23.2791,1,10672,39054,0,0,1,0,0,0.02001,473,473,466,0.985201,2.63786,5.5013,0.582949,0.29965,0.224693,0.038269,0.000469769,0.000124182,0.017285,-0.00902472,1,0.00620602,-0.0234767,0.0234767,0.00620602,1,1,0.0176837,0.00717994,0.00579299,-0.000973923,0,0,0,0,0,0,0,0,0,0,0,0,0,0,0,0,0,0,0,0,0,0,0,255,0.26,0.159501,0.26,0.00639929,0.00659466,1,1,1,1,0,1,1,0.0173929,-3.26958,0.120274,0.0245641,0.00574787,0.0240531,52.4007,9877,1,367,45.4121,2470,0,0.000884653,0.0135621,0.00539681,0,0,0,1,466,0.265,0.000398423,0.000105327,2.79117e-05,-0.000105582,5.35481e-06,-0.000108776,0.255223,-0.0251114,0.00293868,0.2837,-0.198585,0.0177401,-0.00516179,-0.0103702,11.3574,2,0,0,0,0,0,-1,1,-9.04585e-07,-3.41781e-06,-0.198928,0,0.248373,1,1010,1010,1010,1010,0,0,0,0,0.252447,56,0.0183545,0.0074181,25,0.0160527,0.00806068,56,0.0262114,0.00843771,56,0.0246025,0.00318643,56,0.0183143,0.00270552,56,0.0228909,0.0102477,56,0.028735,0.00421242,56,0.0255115,0.00544813,49,0.0212464,0.00346205
4712756147213,4712740368000,4712740368000,4712756137731,73729,15.7697,4712769207302,28.8393,0,10672,39055,0,0,1,0,0,0.008015,468,465,465,1,2.49861,4.63341,0.571171,0.297688,0.195129,-0.00793457,0.000423401,3.64063e-07,0.0443252,-0.017539,1,4.54228e-05,-0.0528261,0.0528261,4.54228e-05,1,1,0.0418877,0.00183552,0.0109384,-0.0017901,0,0,0,0,0,0,0,0,0,0,0,0,0,0,0,0,0,0,0,0,0,0,0,255,0.26,4.6582,0.26,0.0211112,0.00288904,1,1,1,1,0,1,1,0.0188719,-3.26968,0.119896,0.0236849,-0.00487436,0.0236896,13.5591,9878,1,367,58.9903,2470,0,0.000884653,0.0135621,0.00539681,0,0,0,1,465,0.265,0.000359067,3.22966e-07,8.55859e-08,-9.51528e-05,-1.88071e-05,-9.32752e-05,0.255204,-0.0252047,0.00296461,0.283575,-0.198996,0.016397,-0.00948753,-0.0332612,13.3267,1,0,0,0,0,0,-1,1,-9.04585e-07,-3.41781e-06,-0.198928,0,13.8217,1,1010,1010,1010,1010,0,0,0,0,13.8257,56,0.0493865,-0.00815711,18,0.0680834,-0.0102238,56,0.0519479,-0.00151781,56,0.0527702,0.00703089,56,0.0479175,-0.00511608,55,0.0327466,0.0129682,56,0.0568735,0.0041531,56,0.0617907,0.00107001,56,0.0570205,0.001604
4712769726695,4712760365000,4712760365000,4712769721417,73729,9.35642,4712784942486,24.5775,1,10673,39056,0,0,1,0,0,0.019997,469,467,466,0.997859,2.52402,4.80526,0.646431,0.297447,0.330795,-0.0638275,0.000725244,-6.70415e-05,0.0390378,-0.0152785,1,-0.00335258,-0.0362677,0.0362677,-0.00335258,1,1,0.0241824,-0.00164487,0.0120853,-0.00170771,0,0,0,0,0,0,0,0,0,0,0,0,0,0,0,0,0,0,0,0,0,0,0,255,0.26,7.78643,0.26,0.0122663,0.00494481,1,1,1,1,1,1,1,0.0188719,-3.26968,0.119896,0.0236849,-0.00487436,0.0236896,29.2963,9878,1,367,74.7277,2470,0,0.000884653,0.0135621,0.00539681,0,0,0,1,466,0.265,0.000615052,-5.66261e-05,-1.50059e-05,-0.000162989,-4.66177e-05,-0.000156854,0.255157,-0.0253615,0.00279859,0.283342,-0.199947,0.00740059,-0.00905087,-0.0453212,15.4423,2,0,0,0,0,0,-1,1,-9.04585e-07,-3.41781e-06,-0.198928,0,29.56,1,1010,1010,1010,1010,0,0,0,0,29.564,56,0.032415,-0.00424168,18,0.0216026,0.000797479,56,0.0314751,0.00428051,56,0.034943,-0.010174,56,0.031505,-0.00622641,56,0.0443032,-0.00295119,56,0.0383825,-0.00567692,56,0.038565,-0.00244354,56,0.0439137,-0.00206765
4712785489731,4712772342000,4712772342000,4712785478898,73729,13.1369,4712799376401,27.0344,0,10673,39057,0,0,1,0,0,0.011977,467,467,467,1,2.54445,4.48668,0.61195,0.299354,0.180359,-0.0186768,0.0003842,-4.60561e-05,0.0272756,0.00201521,1,-0.00384538,-0.0320781,0.0320781,-0.00384538,1,1,0.0206103,-0.00304799,0.0114678,-0.000797385,0,0,0,0,0,0,0,0,0,0,0,0,0,0,0,0,0,0,0,0,0,0,0,255,0.27,3.51908,0.27,0.0481019,0.343319,1,1,1,1,0,1,1,0.0188719,-3.26968,0.119896,0.0236849,-0.00487436,0.0236896,43.7282,9878,1,367,89.1594,2470,0,0.000884653,0.0135621,0.00539681,0,0,0,1,467,0.275,0.000325763,-3.90485e-05,-1.07383e-05,-8.95849e-05,-2.80037e-05,-8.5726e-05,0.255129,-0.0254472,0.00278846,0.283321,-0.200383,0.005383,-0.00438562,-0.0461518,14.1864,1,0,0,0,0,0,-1,1,-9.04585e-07,-3.41781e-06,-0.198928,0,43.989,1,1010,1010,1010,1010,0,0,0,0,0.20915,56,0.0291873,-0.00870277,19,0.0416892,-0.00312321,56,0.0313618,-0.00113536,56,0.0299206,0.000199105,56,0.0406269,0.000295391,56,0.0275559,-0.00372671,56,0.0344049,-0.00888919,56,0.0344387,-0.00388976,56,0.033743,-0.00138059
4712799897887,4712780368000,4712780368000,4712799888276,73729,19.5203,4712812135691,31.7677,0,10673,39058,0,0,1,0,0,0.008026,471,467,451,0.965739,2.5158,4.70207,0.732525,0.291744,0.207031,0.0167542,0.00041858,4.91384e-05,0.0339213,-0.016485,1,0.00612241,-0.052153,0.052153,0.00612241,1,1,0.0411415,0.00594394,0.0110115,0.00017847,0,0,0,0,0,0,0,0,0,0,0,0,0,0,0,0,0,0,0,0,0,0,0,255,0.27,7.73499,0.27,0.0423685,0.0116469,1,1,1,1,0,1,1,0.0188719,-3.26968,0.119896,0.0236849,-0.00487436,0.0236896,56.4888,9878,1,367,101.92,2470,0,0.000884653,0.0135621,0.00539681,0,0,0,1,451,0.275,0.000355019,4.17735e-05,1.14877e-05,-9.76303e-05,-8.73621e-06,-9.78532e-05,0.255121,-0.0255451,0.00281863,0.283328,-0.200762,0.0100688,0.000981586,-0.0403958,12.5023,1,0,0,0,0,0,-1,1,-9.04585e-07,-3.41781e-06,-0.200985,0,0.246058,1,1010,1010,1010,1010,0,0,0,0,12.9709,56,0.0520662,-0.00912527,19,0.00995064,-0.00585751,40,0.020033,0.017659,56,0.0503244,0.00700498,56,0.0499667,0.0112037,56,0.0698172,0.0111356,56,0.0597945,-0.00321491,56,0.0502526,-0.00133362,56,0.0601525,0.00630885
4712812644102,4712800370000,4712800370000,4712812638973,73729,12.269,4712825758247,25.3882,1,10674,39059,0,0,1,0,0,0.020002,466,465,431,0.926882,2.50317,4.96069,0.562097,0.27915,0.330933,-0.0405273,0.000724368,-7.19778e-05,0.0322294,0.00832036,1,-0.00359853,-0.0362148,0.0362148,-0.00359853,1,1,0.0275207,-0.00438395,0.00869404,0.000785421,0,0,0,0,0,0,0,0,0,0,0,0,0,0,0,0,0,0,0,0,0,0,0,255,0.26,0.193223,0.26,0.0456524,-0.17525,1,1,1,1,0,1,1,0.019998,-3.27001,0.119502,0.0227906,-0.00391585,0.0295209,13.6293,9879,1,367,115.565,2470,0,0.000884653,0.0135621,0.00539681,0,0,0,1,431,0.265,0.000614242,-6.08123e-05,-1.61153e-05,-0.000162774,-4.78273e-05,-0.000156369,0.255073,-0.0257015,0.00282162,0.283386,-0.201274,0.00943135,0.00416273,-0.0293177,13.3486,2,0,0,0,0,0,-1,1,-9.04585e-07,-3.41781e-06,-0.200985,0,13.8836,1,1010,1010,1010,1010,0,0,0,0,26.6084,56,0.0314423,-0.00725409,19,0.0245779,0.0100013,22,0.0230359,-0.00607102,56,0.0381955,-0.00573092,56,0.0350237,-0.00669068,54,0.0403848,-0.000508131,56,0.0401056,-0.00476124,56,0.0399865,0.000364261,56,0.039396,-0.00446806
4712826291825,4712812343000,4712812343000,4712826282677,73729,13.9397,4712840731185,28.3882,0,10674,39060,0,0,1,0,0,0.011973,472,470,470,1,2.60187,4.53782,0.72958,0.302318,0.098259,-0.0359116,0.000178109,-7.86025e-05,0.00699226,0.00234788,1,-0.00656498,-0.0148759,0.0148759,-0.00656498,1,1,0.0109021,-0.00694378,0.00397382,0.0003788,0,0,0,0,0,0,0,0,0,0,0,0,0,0,0,0,0,0,0,0,0,0,0,255,0.26,3.67801,0.26,0.00220826,-0.0742155,1,1,1,1,1,1,1,0.019998,-3.27001,0.119502,0.0227906,-0.00391585,0.0295209,28.5793,9879,1,367,130.515,2470,0,0.000884653,0.0135621,0.00539681,0,0,0,1,470,0.265,0.000151054,-6.65755e-05,-1.76425e-05,-4.00292e-05,-2.46411e-05,-3.58198e-05,0.255048,-0.0257373,0.0025932,0.283319,-0.201636,-0.00162706,0.00200764,-0.0181506,10.6837,2,0,0,0,0,0,-1,1,-9.04585e-07,-3.41781e-06,-0.200985,0,28.8486,1,1010,1010,1010,1010,0,0,0,0,41.5735,56,0.0209249,-0.00691972,22,0.0130332,-0.00677671,56,0.00343134,-0.00886451,56,0.0126334,-0.0107276,56,0.0191505,-0.00018923,56,0.0131695,-0.0186458,56,0.0169859,-0.0117236,56,0.0171378,-0.00371941,56,0.020257,0.00559351
4712841303912,4712832348000,4712832348000,4712841298245,73729,8.95024,4712854855300,22.5073,1,10675,39061,0,0,1,0,0,0.020005,471,467,466,0.997859,2.528,5.01617,0.61706,0.307317,-0.00613403,-0.157524,9.25885e-06,-0.000383914,0.0108905,0.0227449,1,-0.0191909,-0.000462827,0.000462827,-0.0191909,1,1,-0.000821385,-0.0182135,0.00128421,-0.000977342,0,0,0,0,0,0,0,0,0,0,0,0,0,0,0,0,0,0,0,0,0,0,0,255,0.26,8.10425,0.26,-0.000646184,-0.0172714,1,1,1,1,0,1,1,0.0215739,-3.27036,0.119446,0.0265855,-0.00337255,0.0300292,1.94544,9880,1,367,144.631,2470,0,0.000884653,0.0135621,0.00539681,0,0,0,1,466,0.265,7.74622e-06,-0.00032553,-8.62655e-05,-2.05275e-06,-8.15602e-05,1.46023e-05,0.254966,-0.0257227,0.00225467,0.283156,-0.201937,-0.0118032,-0.00517991,-0.0148876,1.71325,2,0,0,0,0,0,-1,1,-9.04585e-07,-3.41781e-06,-0.201885,0,2.20167,1,1010,1010,1010,1010,0,0,0,0,2.2057,55,-0.00288148,-0.0174239,19,-0.00468008,-0.0190385,56,0.00655835,-0.0113972,56,-0.000795009,-0.015223,56,0.00365241,-0.0233034,56,0.00457869,-0.017297,56,0.00163045,-0.0202514,56,-0.00191263,-0.0185856,56,0.000440179,-0.0239355
4712855352267,4712840366000,4712840366000,4712855341953,73729,14.976,4712867147605,26.7816,0,10675,39062,0,0,1,0,0,0.008018,469,467,421,0.901499,2.53072,4.40022,0.718284,0.290557,-0.046936,-0.120056,-4.83543e-05,-0.000271431,0.0241586,0.0397249,1,-0.0338527,0.00603072,-0.00603072,-0.0338527,1,1,-0.00692054,-0.0327674,0.000889823,-0.0010853,0,0,0,0,0,0,0,0,0,0,0,0,0,0,0,0,0,0,0,0,0,0,0,255,0.26,2.25918,0.26,-0.000803213,-0.0220464,1,1,1,1,0,1,1,0.0215739,-3.27036,0.119446,0.0265855,-0.00337255,0.0300292,14.2628,9880,1,367,156.949,2470,0,0.000884653,0.0135621,0.00539681,0,0,0,1,421,0.265,-4.10813e-05,-0.000230177,-6.09969e-05,1.08866e-05,-5.51876e-05,2.24107e-05,0.254911,-0.0257003,0.00225467,0.283156,-0.201937,-0.0130806,-0.0057521,-0.0142373,14.0293,0,0,0,0,0,0,-1,1,-9.04585e-07,-3.41781e-06,-0.201885,0,14.5172,1,1010,1010,1010,1010,0,0,0,0,14.5212,56,-0.0136317,-0.0396293,19,0.0218566,-0.0535109,10,-0.0449696,-0.0506832,56,-0.00195554,-0.0348424,56,-0.0222122,-0.0298541,56,0.00366644,-0.0220176,56,-0.00019211,-0.0295987,56,0.00425387,-0.0380711,56,-0.00809965,-0.0300289
4712867669331,4712852381000,4712852381000,4712867655720,73729,15.2747,4712880679179,28.2982,0,10675,39063,0,0,1,0,0,0.012015,469,469,469,1,2.50196,4.43737,0.681301,0.290762,-0.0343933,-0.0452881,-6.77747e-05,-0.000119019,-0.0024131,0.0137631,1,-0.00990591,0.00564084,-0.00564084,-0.00990591,1,1,-0.0060769,-0.0103567,0.000436059,0.000450779,0,0,0,0,0,0,0,0,0,0,0,0,0,0,0,0,0,0,0,0,0,0,0,255,0.26,4.4095,0.26,0.00975456,-0.00158327,1,1,1,1,0,1,1,0.0215739,-3.27036,0.119446,0.0265855,-0.00337255,0.0300292,27.8337,9880,1,367,170.52,2470,0,0.000884653,0.0135621,0.00539681,0,0,0,1,469,0.265,-5.74988e-05,-0.000100972,-2.67575e-05,1.52372e-05,-2.21014e-05,2.00821e-05,0.254889,-0.0256802,0.00208888,0.283223,-0.202097,-0.0091817,0.00238913,-0.00919425,9.33956,2,0,0,0,0,0,-1,1,-9.04585e-07,-3.41781e-06,-0.201885,0,28.0963,1,1010,1010,1010,1010,0,0,0,0,28.1003,56,-0.00719067,-0.00644093,21,-0.0300721,-0.00384107,56,0.00300013,-0.00398562,56,-0.00487251,-0.0126901,56,0.00522245,-0.00691553,56,-0.0104609,-0.0122585,56,-0.00648391,-0.0140009,56,-0.00798604,-0.00947828,56,-0.00822728,-0.00837478
4712881261313,4712872343000,4712872343000,4712881255906,73729,8.91291,4712895783969,23.441,1,10676,39064,0,0,1,0,0,0.019962,468,468,468,1,2.51506,4.81769,0.56806,0.302817,0.0471039,0.0398254,0.000116403,6.2995e-05,0.00605983,0.00492717,1,0.00315574,-0.00583122,0.00583122,0.00315574,1,1,0.00483416,0.00209531,0.000997058,0.00106043,0,0,0,0,0,0,0,0,0,0,0,0,0,0,0,0,0,0,0,0,0,0,0,255,0.26,7.80225,0.26,0.0172548,0.00428809,1,1,1,1,1,1,1,0.0215739,-3.27036,0.119446,0.0265855,-0.00337255,0.0300292,42.9493,9880,1,367,185.635,2470,0,0.000884653,0.0135621,0.00539681,0,0,0,1,468,0.265,9.8651e-05,5.34125e-05,1.41543e-05,-2.61425e-05,8.04736e-06,-2.83366e-05,0.254897,-0.0257085,0.00201406,0.283283,-0.202251,-0.00247412,0.0056203,-0.00620682,8.48561,2,0,0,0,0,0,-1,1,-9.04585e-07,-3.41781e-06,-0.201885,0,43.2391,1,1010,1010,1010,1010,0,0,0,0,43.2431,56,0.00169812,-0.00137978,20,0.0114335,0.00362333,56,-0.00319163,0.00315505,56,0.0065809,0.000963572,56,0.00632138,0.000275817,56,0.00402731,0.0042931,56,0.00692284,0.00502607,56,0.00698062,0.0046588,56,0.00755191,0.0023622
4712896423438,4712880381000,4712880381000,4712896411808,73729,16.0308,4712908959652,28.5787,0,10676,39065,0,0,1,0,0,0.008038,470,467,443,0.948608,2.50387,5.08799,0.621061,0.285743,0.057373,0.00759888,0.00011224,-5.21304e-06,0.0179534,0.00867697,1,-0.00064855,-0.0139636,0.0139636,-0.00064855,1,1,0.0121731,-0.00188795,0.00179052,0.0012394,0,0,0,0,0,0,0,0,0,0,0,0,0,0,0,0,0,0,0,0,0,0,0,255,0.26,2.69973,0.26,0.0171858,-0.00473318,1,1,1,1,0,1,1,0.0233272,-3.27076,0.119193,0.0295076,-0.00369564,0.0227121,5.84395,9881,1,367,0.035871,2471,0,0.000884653,0.0134919,0.00665701,0,0,0,1,443,0.265,9.51801e-05,-4.38785e-06,-1.16278e-06,-2.52227e-05,-6.17621e-06,-2.44809e-05,0.254891,-0.025733,0.00203823,0.283368,-0.202328,0.00221381,0.00656884,-0.00582077,5.56575,1,0,0,0,0,0,-1,1,-9.04585e-07,-3.41781e-06,-0.202281,0,6.09729,1,1010,1010,1010,1010,0,0,0,0,6.10155,56,0.0221417,-0.0141731,19,0.0312749,-0.00693752,32,-0.0134808,-0.0117072,56,0.016289,0.0106249,56,0.015473,-0.000615986,56,0.0193256,0.00297445,56,0.0206381,0.00378851,56,0.0118867,0.0079041,56,0.00808249,-0.00117983
4712909515693,4712900393000,4712900393000,4712909510249,73729,9.11725,4712922912581,22.5196,1,10677,39066,0,0,1,0,0,0.020012,469,469,468,0.997868,2.53096,4.65039,0.649765,0.297095,0.141953,0.0556946,0.000251515,0.000134904,-0.0014742,-0.00620899,1,0.00674115,-0.0125682,0.0125682,0.00674115,1,1,0.00992581,0.00509866,0.00264241,0.0016425,0,0,0,0,0,0,0,0,0,0,0,0,0,0,0,0,0,0,0,0,0,0,0,255,0.26,4.64133,0.26,0.0143193,-0.000745206,1,1,1,1,0,1,1,0.0233272,-3.27076,0.119193,0.0295076,-0.00369564,0.0227121,19.7994,9881,1,367,13.9913,2471,0,0.000884653,0.0134919,0.00665701,0,0,0,1,468,0.265,0.000213306,0.000114342,3.03006e-05,-5.65261e-05,1.71002e-05,-6.12144e-05,0.254908,-0.0257942,0.00203968,0.283455,-0.202449,0.0037664,0.00870523,-0.0081907,13.7152,1,0,0,0,0,0,-1,1,-9.04585e-07,-3.41781e-06,-0.202281,0,20.0661,1,1010,1010,1010,1010,0,0,0,0,20.0704,56,0.00632562,0.00751878,21,-0.00374484,0.00197518,55,0.019407,0.0124627,56,0.0122025,0.00293552,56,0.0148073,0.00829661,56,0.0110144,0.0125754,56,0.0139264,0.00512149,56,0.0149844,0.00483207,56,0.012849,0.00513061
4712923473660,4712912337000,4712912337000,4712923462641,73729,11.1256,4712937544201,25.2072,0,10677,39067,0,0,1,0,0,0.011944,470,469,469,1,2.48393,4.70606,0.660487,0.300206,0.0577698,0.0365906,0.000106524,7.59936e-05,0.00691625,-0.0118904,1,0.00636249,-0.00891862,0.00891862,0.00636249,1,1,0.00533418,0.00463944,0.00358444,0.00172306,0,0,0,0,0,0,0,0,0,0,0,0,0,0,0,0,0,0,0,0,0,0,0,255,0.26,-0.732876,0.26,0.0049776,-0.00361019,1,1,1,1,0,1,1,0.0233272,-3.27076,0.119193,0.0295076,-0.00369564,0.0227121,34.4337,9881,1,367,28.6257,2471,0,0.000884653,0.0134919,0.00665701,0,0,0,1,469,0.265,9.03843e-05,6.44641e-05,1.7083e-05,-2.39518e-05,1.12328e-05,-2.67591e-05,0.254919,-0.025821,0.00205698,0.283548,-0.202586,0.00474279,0.00913219,-0.0114038,14.3766,1,0,0,0,0,0,-1,1,-9.04585e-07,-3.41781e-06,-0.202281,0,34.6981,1,1010,1010,1010,1010,0,0,0,0,34.7024,56,0.00784497,-0.00587834,21,-0.00333934,0.0318188,56,0.00187678,0.00814261,56,0.0106826,0.00953189,56,0.00447678,0.00893978,56,0.021719,0.00235426,56,0.0124701,0.00308236,56,0.0117313,0.0112643,56,0.00832371,0.0119631
4712938116687,4712932342000,4712932342000,4712938111631,73729,5.76963,4712954311412,21.9694,1,10678,39068,0,0,1,0,0,0.020005,466,464,464,1,2.54739,5.5773,0.75345,0.374336,0.123512,0.11515,0.000283704,0.000228156,0.0114853,-0.0126023,1,0.0114049,-0.0141817,0.0141817,0.0114049,1,1,0.0116152,0.0101921,0.00256651,0.0012128,0,0,0,0,0,0,0,0,0,0,0,0,0,0,0,0,0,0,0,0,0,0,0,255,0.26,3.73546,0.26,0.00630142,-0.000804664,1,1,1,1,1,1,1,0.0248276,-3.27102,0.11875,0.0335871,-0.00229587,0.0258535,1.07706,9882,1,367,45.3267,2471,0,0.000884653,0.0134919,0.00665701,0,0,0,1,464,0.265,0.000240614,0.000193504,5.12785e-05,-6.37626e-05,3.53507e-05,-7.23567e-05,0.254955,-0.0258933,0.00224628,0.283704,-0.202624,0.00749519,0.00642783,-0.00488587,0.856378,3,0,0,0,0,0,-1,1,-9.04585e-07,-3.41781e-06,-0.202573,0,1.34458,1,1010,1010,1010,1010,0,0,0,0,1.34871,56,0.0181689,0.0125313,22,0.0152206,0.0101619,56,0.0049336,0.00954426,56,0.0128758,0.0142371,56,0.0138327,0.00916365,50,0.0121767,0.0140878,56,0.0160337,0.0160887,56,0.00964035,0.0139898,56,0.0154088,0.0099429
4712954841769,4712940357000,4712940357000,4712954832065,73729,14.4751,4712966817348,26.4603,0,10678,39069,0,0,1,0,0,0.008015,467,467,467,1,2.5498,4.46374,0.566542,0.295169,0.0411682,0.0168457,7.62369e-05,7.73656e-05,0.00467733,-0.0303831,1,0.0096526,-0.00951178,0.00951178,0.0096526,1,1,0.0086308,0.00937891,0.000880977,0.000273684,0,0,0,0,0,0,0,0,0,0,0,0,0,0,0,0,0,0,0,0,0,0,0,255,0.26,0.144724,0.26,0.000921973,-0.00555835,1,1,1,1,0,1,1,0.0248276,-3.27102,0.11875,0.0335871,-0.00229587,0.0258535,13.5923,9882,1,367,57.8423,2471,0,0.000884653,0.0134919,0.00665701,0,0,0,1,467,0.265,6.47145e-05,6.56514e-05,1.73976e-05,-1.71494e-05,1.28988e-05,-2.01574e-05,0.254968,-0.0259135,0.00224628,0.283704,-0.202624,0.00643091,0.00145053,0.00140939,13.3615,0,0,0,0,0,0,-1,1,-9.04585e-07,-3.41781e-06,-0.202573,0,13.8559,1,1010,1010,1010,1010,0,0,0,0,13.8601,56,0.00728103,0.00920685,21,-0.0333592,0.0262594,56,0.0210537,0.00702245,56,0.010081,0.00528391,56,0.00233713,0.00309224,54,0.0086623,0.00366554,56,0.00460823,0.0109311,56,0.0190904,0.00657786,56,0.0167941,0.0110405
4712967334167,4712952338000,4712952338000,4712967322982,73729,14.985,4712979849474,27.5115,0,10678,39070,0,0,1,0,0,0.011981,467,467,417,0.892934,2.49267,4.37128,0.658172,0.298132,-0.0160828,0.0209351,-1.15709e-05,6.4222e-06,-0.0015037,0.0103595,1,0.000536032,0.000965774,-0.000965774,0.000536032,1,1,0.000623292,0.000856712,-0.00158907,-0.00032068,0,0,0,0,0,0,0,0,0,0,0,0,0,0,0,0,0,0,0,0,0,0,0,255,0.26,2.48313,0.26,-0.00948891,-0.00446269,1,1,1,1,0,1,1,0.0248276,-3.27102,0.11875,0.0335871,-0.00229587,0.0258535,26.6249,9882,1,367,70.8747,2471,0,0.000884653,0.0134919,0.00665701,0,0,0,1,417,0.265,-9.83032e-06,5.33889e-06,1.41481e-06,2.60504e-06,1.85604e-06,2.2783e-06,0.25497,-0.0259112,0.00227307,0.283713,-0.202501,0.00240974,-0.0016996,0.00866543,12.8143,1,0,0,0,0,0,-1,1,-9.04585e-07,-3.41781e-06,-0.202573,0,26.8921,1,1010,1010,1010,1010,0,0,0,0,26.8962,56,-0.00778036,0.00498539,20,0.00896147,0.000774919,8,0.0487326,0.0167398,56,-0.00185375,0.00595958,56,0.00298936,0.00106003,53,-0.000309551,0.000402628,56,0.000312487,-0.000320501,56,-0.005638,-0.0022152,56,-0.00670002,-0.0048547
4712980365256,4712968384000,4712968384000,4712980360496,73729,11.9765,4712994162665,25.7787,1,10679,39071,0,0,1,0,0,0.016046,472,472,471,0.997881,2.48289,5.09454,0.742302,0.29541,-0.156128,-0.0697327,-0.000382976,-0.0002767,-0.018516,0.0512908,1,-0.0172442,0.0238674,-0.0238674,-0.0172442,1,1,-0.0196079,-0.0154402,-0.00425943,-0.00180399,0,0,0,0,0,0,0,0,0,0,0,0,0,0,0,0,0,0,0,0,0,0,0,255,0.26,5.29491,0.26,-0.0218286,-0.00867861,1,1,1,1,0,1,1,0.0248276,-3.27102,0.11875,0.0335871,-0.00229587,0.0258535,40.9449,9882,1,367,85.1948,2471,0,0.000884653,0.0134919,0.00665701,0,0,0,1,471,0.265,-0.000324922,-0.000234861,-6.22381e-05,8.61044e-05,-4.11851e-05,9.63447e-05,0.254928,-0.0258149,0.00207343,0.283488,-0.202311,-0.00821264,-0.00956115,0.0114899,14.0397,2,0,0,0,0,0,-1,1,-9.04585e-07,-3.41781e-06,-0.202573,0,41.2079,1,1010,1010,1010,1010,0,0,0,0,41.212,56,-0.0256703,-0.0209037,24,-0.0337865,-0.0233411,56,-0.0179715,-0.0183637,56,-0.0139185,-0.0130696,56,-0.0206745,-0.0134428,55,-0.0267533,-0.0149139,56,-0.0166446,-0.017003,56,-0.0253175,-0.01597,56,-0.0323366,-0.0151188
4712994686984,4712980365000,4712980365000,4712994676873,73729,14.3119,4713008076539,27.7115,0,10679,39072,0,0,1,0,0,0.011981,469,468,467,0.997863,2.53083,4.84867,0.586746,0.298373,-0.0840454,-0.0625,-0.000117652,-0.000124581,0.0104428,0.0116307,1,-0.0103983,0.00981989,-0.00981989,-0.0103983,1,1,-0.00905173,-0.00735894,-0.000768162,-0.00303932,0,0,0,0,0,0,0,0,0,0,0,0,0,0,0,0,0,0,0,0,0,0,0,255,0.26,-0.654635,0.26,-0.00738118,-0.000913967,1,1,1,1,1,1,1,0.0263262,-3.27132,0.118603,0.0363402,-0.00630611,0.0258405,0.450652,9883,1,367,99.0987,2471,0,0.000884653,0.0134919,0.00665701,0,0,0,1,467,0.265,-9.98017e-05,-0.000105621,-2.79897e-05,2.64474e-05,-2.09912e-05,3.1311e-05,0.254907,-0.0257836,0.00186421,0.283125,-0.202577,-0.00854444,-0.0161084,-0.00357855,0.167464,3,0,0,0,0,0,-1,1,-9.04585e-07,-3.41781e-06,-0.202374,0,0.719877,1,1010,1010,1010,1010,0,0,0,0,0.724247,56,-0.00769831,-0.00848207,24,0.0187386,-0.00860489,55,-0.0092019,-0.0195407,56,-0.0173397,-0.00901648,56,-0.0173016,-0.0134268,52,-0.0156664,-0.00473839,56,-0.0135296,-0.0085436,56,-0.0100204,-0.01362,56,-0.0106168,-0.0112184
4713008637006,4713000388000,4713000388000,4713008632080,73729,8.24408,4713020754883,20.3669,1,10680,39073,0,0,1,0,0,0.020023,468,468,465,0.99359,2.46772,4.48833,0.782377,0.293577,-0.000488281,-0.0629883,-6.79207e-06,-0.000175712,0.0025344,0.017121,1,-0.0087755,0.000339213,-0.000339213,-0.0087755,1,1,-0.00260838,-0.00584153,0.00226917,-0.00293397,0,0,0,0,0,0,0,0,0,0,0,0,0,0,0,0,0,0,0,0,0,0,0,255,0.26,3.15415,0.26,0.0115493,0.0103599,1,1,1,2,0,1,1,0.0263262,-3.27132,0.118603,0.0363402,-0.00630611,0.0258405,13.187,9883,1,367,111.835,2471,0,0.000884653,0.0134919,0.00665701,0,0,0,1,465,0.265,-5.79847e-06,-0.000149065,-3.95021e-05,1.53659e-06,-3.68439e-05,9.13618e-06,0.25487,-0.0257744,0.00186421,0.283125,-0.202577,-0.002663,-0.01555,-0.0117517,12.8563,0,0,0,0,0,0,-1,1,-9.04585e-07,-3.41781e-06,-0.202374,0,13.4412,1,1010,1010,1010,1010,0,0,0,0,13.4456,53,0.000319723,-0.0143875,20,-0.0317668,-0.01632,56,-0.00162691,-0.00578337,56,0.00432006,-0.0076806,56,-0.00418067,-0.00844718,56,0.00245422,-0.00896152,56,0.00157772,-0.00676086,56,0.00528734,-0.00916144,56,-0.000351048,-0.00917729
4713021318647,4713008395000,4713008395000,4713021308795,73729,12.9138,4713033965566,25.5706,0,10680,39074,0,0,1,0,0,0.008007,471,468,454,0.970085,2.51182,4.84878,0.622931,0.296039,0.110817,-0.000579834,0.000216172,-5.4419e-05,0.0206102,0.0385506,1,-0.00679643,-0.0269978,0.0269978,-0.00679643,1,1,0.0221655,-0.00447238,0.00483233,-0.00232405,0,0,0,0,0,0,0,0,0,0,0,0,0,0,0,0,0,0,0,0,0,0,0,255,0.26,4.87993,0.26,0.0317737,0.0169622,1,1,1,1,0,1,1,0.0263262,-3.27132,0.118603,0.0363402,-0.00630611,0.0258405,26.4008,9883,1,367,125.049,2471,0,0.000884653,0.0134919,0.00665701,0,0,0,1,454,0.265,0.000183299,-4.62517e-05,-1.22567e-05,-4.85742e-05,-2.13352e-05,-4.52036e-05,0.254849,-0.0258196,0.00189319,0.283058,-0.202774,0.00446115,-0.0123175,-0.0169202,12.9523,1,0,0,0,0,0,-1,1,-9.04585e-07,-3.41781e-06,-0.202374,0,26.6628,1,1010,1010,1010,1010,0,0,0,0,26.6672,42,0.00779801,-0.0176849,22,0.00956787,-0.00657061,56,0.032036,-0.0045875,56,0.0325142,-0.00543997,56,0.0298356,-0.0072385,54,0.00933586,0.0085019,56,0.0417014,-0.00341448,56,0.0294796,0.00347302,56,0.0334502,-0.00627208
4713034527052,4713020359000,4713020359000,4713034515496,73729,14.1565,4713047679456,27.3205,0,10680,39075,0,0,1,0,0,0.011964,463,461,460,0.997831,2.53987,4.48311,0.614968,0.289688,0.156464,0.0574951,0.000319106,8.0555e-05,0.0191819,0.00185817,1,0.00673312,-0.0266722,0.0266722,0.00673312,1,1,0.0202321,0.00842182,0.00644008,-0.00168871,0,0,0,0,0,0,0,0,0,0,0,0,0,0,0,0,0,0,0,0,0,0,0,255,0.26,8.34624,0.26,0.0245786,0.022143,1,1,1,1,0,1,1,0.0263262,-3.27132,0.118603,0.0363402,-0.00630611,0.0258405,40.114,9883,1,367,138.762,2471,0,0.000884653,0.0134919,0.00665701,0,0,0,1,460,0.265,0.000270622,6.82542e-05,1.80874e-05,-7.17147e-05,2.51564e-06,-7.37357e-05,0.254852,-0.0258934,0.00193325,0.28302,-0.202991,0.00878135,-0.00895014,-0.0202808,13.4587,1,0,0,0,0,0,-1,1,-9.04585e-07,-3.41781e-06,-0.202374,0,40.3901,1,1010,1010,1010,1010,0,0,0,0,40.3945,55,0.0183804,0.00159633,20,0.0500583,0.0116703,56,0.0235208,0.0103221,56,0.0346079,0.00806988,56,0.0223246,0.012697,49,0.028258,0.00511448,56,0.0319209,0.00578919,56,0.0267305,0.0083005,56,0.0276524,0.00579479
4713048271146,4713028395000,4713028395000,4713048258572,73729,19.8636,4713060310578,31.9156,0,10680,39076,0,0,1,0,0,0.008036,454,452,439,0.971239,2.48665,4.52437,0.628394,0.284743,0.127655,0.0362854,0.000251014,5.86151e-05,0.0199449,0.0183874,1,0.00729407,-0.0312362,0.0312362,0.00729407,1,1,0.0253247,0.00852942,0.00591154,-0.00123536,0,0,0,0,0,0,0,0,0,0,0,0,0,0,0,0,0,0,0,0,0,0,0,255,0.26,2.14594,0.26,0.0216223,0.0212055,1,1,1,1,1,1,1,0.0275798,-3.27167,0.118457,0.0360825,-0.0032832,0.0262902,1.65662,9884,1,367,151.328,2471,0,0.000884653,0.0134919,0.00665701,0,0,0,1,439,0.265,0.000212872,4.9678e-05,1.31647e-05,-5.6411e-05,9.51802e-07,-5.77946e-05,0.254853,-0.0259512,0.00220632,0.28289,-0.203399,0.0115421,-0.00654739,-0.0158312,1.40029,3,0,0,0,0,0,-1,1,-9.04586e-07,-3.41781e-06,-0.203275,0,1.91381,1,1010,1010,1010,1010,0,0,0,0,11.3855,56,0.0223788,0.000204141,16,0.0669629,0.00699199,56,0.0194602,0.0105545,56,0.0382716,0.00801062,56,0.0270351,0.00385827,44,0.052399,0.0221138,43,0.0448173,0.00512308,56,0.0316415,0.00945203,56,0.0327814,0.00510633
4713060858768,4713048382000,4713048382000,4713060853823,73729,12.4718,4713075698963,27.317,1,10681,39077,0,0,1,0,0,0.019987,463,462,462,1,2.50071,4.917,0.653413,0.29578,0.228027,0.0991974,0.000463014,0.000172427,0.0129304,-0.0025454,1,0.00862695,-0.0231658,0.0231658,0.00862695,1,1,0.0189102,0.0109492,0.00425553,-0.00232222,0,0,0,0,0,0,0,0,0,0,0,0,0,0,0,0,0,0,0,0,0,0,0,255,0.26,4.54943,0.26,0.0106717,0.0152983,1,1,1,1,0,1,1,0.0275798,-3.27167,0.118457,0.0360825,-0.0032832,0.0262902,17.0609,9884,1,367,166.733,2471,0,0.000884653,0.0134919,0.00665701,0,0,0,1,462,0.265,0.000392689,0.000146171,3.87354e-05,-0.000104063,1.53392e-05,-0.000109418,0.254868,-0.0260606,0.00232275,0.28277,-0.20344,0.0143167,-0.0123077,-0.00659011,7.73664,1,0,0,0,0,0,-1,1,-9.04586e-07,-3.41781e-06,-0.203275,0,17.3217,1,1010,1010,1010,1010,0,0,0,0,26.7934,56,0.0137006,0.010542,16,0.0246659,0.00600007,56,0.021982,0.01188,56,0.0233543,0.0083208,56,0.0235881,0.00994928,54,0.0184113,0.00442263,56,0.0283307,0.00652519,56,0.0252563,0.00735679,56,0.0246586,0.0130608
4713076237579,4713060358000,4713060358000,4713076228042,73729,15.87,4713089935617,29.5776,0,10681,39078,0,0,1,0,0,0.011976,469,466,429,0.920601,2.49024,4.45683,0.617542,0.282021,0.0754089,0.016571,8.80435e-05,-3.44668e-05,-0.0146549,0.0229927,1,-0.00287799,-0.00735166,0.00735166,-0.00287799,1,1,0.00309613,-0.000555772,0.00425553,-0.00232222,0,0,0,0,0,0,0,0,0,0,0,0,0,0,0,0,0,0,0,0,0,0,0,255,0.26,-0.375207,0.26,0.000125569,0.00639647,1,1,1,1,0,1,1,0.0275798,-3.27167,0.118457,0.0360825,-0.0032832,0.0262902,31.2885,9884,1,367,180.96,2471,0,0.000884653,0.0134919,0.00665701,0,0,0,1,429,0.265,7.4736e-05,-2.92563e-05,-7.75293e-06,-1.9805e-05,-1.13055e-05,-1.78898e-05,0.254857,-0.0260785,0.00232275,0.28277,-0.20344,0.0143167,-0.0123077,-0.00659011,21.9773,0,0,0,0,0,0,-1,1,-9.04586e-07,-3.41781e-06,-0.203275,0,31.5386,1,1010,1010,1010,1010,0,0,0,0,41.0103,34,0.0131267,-0.00091459,17,0.0143458,-0.0195457,56,-0.00245705,-0.0115088,56,0.00785399,-0.00525136,56,0.0125541,-0.00153262,56,0.0149277,0.0122799,56,0.0088032,-0.0102779,56,0.00742987,0.00320811,42,0.0145925,0.00427993
4713090431732,4713080354000,4713080354000,4713090427492,73729,10.0735,4713105120094,24.7661,1,10682,39079,0,0,1,0,0,0.019996,469,467,467,1,2.60435,5.58575,0.886248,0.341873,-0.00170898,-0.118256,3.94386e-05,-0.000321858,0.00828603,0.0313443,1,-0.0160961,-0.00197232,0.00197232,-0.0160961,1,1,0.00149309,-0.0125922,0.00047923,-0.00350399,0,0,0,0,0,0,0,0,0,0,0,0,0,0,0,0,0,0,0,0,0,0,0,255,0.26,3.66388,0.26,-0.0120805,0.000761391,1,1,1,1,0,1,1,0.0285601,-3.27175,0.118329,0.0376849,0.000339993,0.0309633,0.637098,9885,1,367,0.594301,2472,0,0.000884653,0.0128249,0.0057415,0,0,0,1,467,0.265,3.33981e-05,-0.000273001,-7.23452e-05,-8.85049e-06,-6.98443e-05,5.35423e-06,0.254787,-0.0260731,0.00253996,0.282299,-0.203195,0.00725701,-0.0185711,0.00377367,0.412485,3,0,0,0,0,0,-1,1,-9.04586e-07,-3.41782e-06,-0.203136,0,0.896618,1,1010,1010,1010,1010,0,0,0,0,0.900822,56,-0.00139887,-0.0155555,19,0.0114492,-0.0181648,56,0.0152449,-0.0134465,56,0.00386227,-0.0147512,56,0.00123258,-0.0157991,56,-0.000931747,-0.0172853,56,0.00377806,-0.0159002,56,0.00211592,-0.0155477,56,0.00148162,-0.0147886
4713105612431,4713088418000,4713088418000,4713105604431,73729,17.1864,4713119385007,30.967,0,10682,39080,0,0,1,0,0,0.008064,459,459,459,1,2.53248,4.47183,0.703839,0.289447,-0.0686646,-0.0793152,-0.000112887,-0.000192254,0.00729011,0.0417348,1,-0.023841,0.0139989,-0.0139989,-0.023841,1,1,-0.0124016,-0.019939,-0.0015973,-0.00390202,0,0,0,0,0,0,0,0,0,0,0,0,0,0,0,0,0,0,0,0,0,0,0,255,0.26,8.27827,0.26,-0.0244353,0.00150877,1,1,1,1,1,1,1,0.0285601,-3.27175,0.118329,0.0376849,0.000339993,0.0309633,14.974,9885,1,367,14.9312,2472,0,0.000884653,0.0128249,0.0057415,0,0,0,1,459,0.265,-9.56872e-05,-0.000163021,-4.32005e-05,2.53571e-05,-3.55023e-05,3.32045e-05,0.254751,-0.0260399,0.00253996,0.282299,-0.203195,0.00415389,-0.0206807,0.0100957,14.6814,0,0,0,0,0,0,-1,1,-9.04586e-07,-3.41782e-06,-0.203136,0,15.2398,1,1010,1010,1010,1010,0,0,0,0,15.244,56,0.00690734,-0.0316508,17,-0.0393003,-0.0267779,56,-0.0117497,-0.0399402,56,-0.01816,-0.0114763,56,-0.0237313,-0.0237541,50,-0.0141695,-0.0214552,56,-0.0170149,-0.0166679,56,-0.0162332,-0.0285665,56,-0.0154347,-0.0300937
4713119998956,4713108375000,4713108375000,4713119993197,73729,11.6182,4713133532604,25.1576,1,10683,39081,0,0,1,0,0,0.019957,466,464,462,0.99569,2.46665,4.69274,0.701302,0.308373,-0.127563,-0.150635,-0.000303566,-0.000425418,-0.00807048,0.0481659,1,-0.0213167,0.015211,-0.015211,-0.0213167,1,1,-0.0121862,-0.0171965,-0.00302478,-0.00412026,0,0,0,0,0,0,0,0,0,0,0,0,0,0,0,0,0,0,0,0,0,0,0,255,0.26,2.74936,0.26,-0.0180272,0.00716802,1,1,1,1,0,1,1,0.0285601,-3.27175,0.118329,0.0376849,0.000339993,0.0309633,29.0642,9885,1,367,29.0214,2472,0,0.000884653,0.0128249,0.0057415,0,0,0,1,462,0.265,-0.000257574,-0.000360956,-9.56534e-05,6.82572e-05,-7.61956e-05,8.53487e-05,0.254675,-0.0259546,0.00289249,0.281956,-0.202756,0.00764764,-0.0218374,0.0189432,13.8737,2,0,0,0,0,0,-1,1,-9.04586e-07,-3.41782e-06,-0.203136,0,29.3219,1,1010,1010,1010,1010,0,0,0,0,29.3261,56,-0.026687,-0.0166166,16,-0.020506,-0.0261194,56,-0.00424385,-0.0209986,56,-0.0120594,-0.0211612,56,-0.0132499,-0.0204288,54,-0.0174605,-0.020716,56,-0.0135533,-0.0212321,56,-0.0145691,-0.0243625,56,-0.0211632,-0.0230146
4713134046664,4713120351000,4713120351000,4713134036738,73729,13.6857,4713148186150,27.8351,0,10683,39082,0,0,1,0,0,0.011976,458,457,457,1,2.58402,4.54298,0.625875,0.288929,-0.0152283,-0.062561,-9.49049e-05,-0.000177806,-0.0268992,0.034162,1,-0.0148469,0.00792459,-0.00792459,-0.0148469,1,1,-0.00602265,-0.0106734,-0.00190195,-0.00417347,0,0,0,0,0,0,0,0,0,0,0,0,0,0,0,0,0,0,0,0,0,0,0,255,0.26,5.91107,0.26,-0.00964615,0.0139634,1,1,1,1,0,1,1,0.0285601,-3.27175,0.118329,0.0376849,0.000339993,0.0309633,43.7886,9885,1,367,43.7458,2472,0,0.000884653,0.0128249,0.0057415,0,0,0,1,457,0.265,-8.0387e-05,-0.000150914,-3.99923e-05,2.13026e-05,-3.33263e-05,2.85909e-05,0.254642,-0.025926,0.00316278,0.281775,-0.202543,0.0176717,-0.0221194,0.0222016,11.9313,1,0,0,0,0,0,-1,1,-9.04586e-07,-3.41782e-06,-0.203136,0,44.0566,1,1010,1010,1010,1010,0,0,0,0,0.27528,56,-0.00320648,-0.0212643,14,-0.0160095,-0.0279203,56,-0.00195656,-0.0173047,56,-0.000105065,-0.0149988,56,-0.00734412,-0.0101124,51,-0.0156775,-0.00640405,56,-0.00539708,-0.0190119,56,-0.00974594,-0.0130207,56,-0.00800424,-0.0144254
4713148780174,4713140351000,4713140351000,4713148775322,73729,8.42432,4713160054044,19.703,1,10684,39083,0,0,1,0,0,0.02,459,456,456,1,2.50839,4.67832,0.618894,0.297891,0.0337067,-0.0773773,3.15774e-05,-0.000208273,-0.00839144,0.021203,1,-0.0104137,-0.00157887,0.00157887,-0.0104137,1,1,0.00155689,-0.00742984,2.19799e-05,-0.00298382,0,0,0,0,0,0,0,0,0,0,0,0,0,0,0,0,0,0,0,0,0,0,0,255,0.26,0.998157,0.26,-0.015664,0.0169214,1,1,1,2,0,1,1,0.0294306,-3.2717,0.118156,0.0359868,0.00366609,0.0225332,2.23352,9886,1,367,55.5667,2472,0,0.000884653,0.0128249,0.0057415,0,0,0,1,456,0.265,2.69036e-05,-0.000176678,-4.68198e-05,-7.12946e-06,-4.55002e-05,2.03559e-06,0.254596,-0.0259239,0.00411079,0.281565,-0.201888,0.0252216,-0.0158143,0.0200841,1.89903,3,0,0,0,0,0,-1,1,-9.04586e-07,-3.41782e-06,-0.20208,0,2.48569,1,1010,1010,1010,1010,0,0,0,0,12.082,55,0.0037447,-0.00697207,15,-0.0129916,-0.0126948,56,0.00816133,-0.0145458,56,-0.0025568,-0.00554969,56,0.00425027,-0.0120766,50,-0.00122703,-0.00609419,56,0.00317453,-0.00938464,56,0.00199321,-0.0146357,56,-0.000842184,-0.0142363
4713160584511,4713148375000,4713148375000,4713160573233,73729,12.1982,4713173015076,24.6401,0,10684,39084,0,0,1,0,0,0.008024,464,463,463,1,2.46648,4.83484,0.624135,0.293873,-0.000808716,0.0128479,-2.60781e-05,9.98381e-06,-0.01688,0.0027057,1,0.00124424,0.00325001,-0.00325001,0.00124424,1,1,-0.00306031,0.00263212,-0.000189697,-0.00138788,0,0,0,0,0,0,0,0,0,0,0,0,0,0,0,0,0,0,0,0,0,0,0,255,0.26,2.63754,0.26,-0.0279114,0.0262355,1,1,1,1,1,1,1,0.0294306,-3.2717,0.118156,0.0359868,0.00366609,0.0225332,15.2188,9886,1,367,68.552,2472,0,0.000884653,0.0128249,0.0057415,0,0,0,1,463,0.265,-2.21004e-05,8.45912e-06,2.24167e-06,5.85662e-06,3.29057e-06,5.30448e-06,0.2546,-0.0259186,0.00411079,0.281565,-0.201888,0.0266281,-0.00735575,0.0221068,14.8789,0,0,0,0,0,0,-1,1,-9.04586e-07,-3.41782e-06,-0.20208,0,15.4814,1,1010,1010,1010,1010,0,0,0,0,25.0777,56,-0.015508,-0.000646562,17,-0.0192461,-0.0120565,56,-0.0115737,-0.00498769,56,0.00266629,-0.00309769,56,-0.00594494,0.0055279,54,0.00105201,0.00639097,56,-9.72618e-05,0.00300716,56,-0.00236421,-0.00178291,56,-0.00269522,0.00954033
4713173630007,4713160352000,4713160352000,4713173617544,73729,13.2655,4713187015469,26.6635,0,10684,39085,0,0,1,0,0,0.011977,462,460,460,1,2.51765,4.62804,0.643079,0.287557,-0.00785065,0.081604,-3.33306e-05,0.000176281,-0.00829194,-0.00627377,1,0.0147183,0.00278289,-0.00278289,0.0147183,1,1,-0.000529407,0.0141325,-0.00225348,0.00058578,0,0,0,0,0,0,0,0,0,0,0,0,0,0,0,0,0,0,0,0,0,0,0,255,0.26,5.5718,0.26,-0.0307674,0.0307733,1,1,1,1,0,1,1,0.0294306,-3.2717,0.118156,0.0359868,0.00366609,0.0225332,29.2315,9886,1,367,82.5648,2472,0,0.000884653,0.0128249,0.0057415,0,0,0,1,460,0.265,-2.82325e-05,0.000149428,3.95985e-05,7.48162e-06,3.87744e-05,-2.85802e-07,0.254638,-0.0259189,0.00441669,0.281696,-0.201534,0.0248009,0.00310464,0.0293954,13.7333,1,0,0,0,0,0,-1,1,-9.04586e-07,-3.41782e-06,-0.20208,0,29.5093,1,1010,1010,1010,1010,0,0,0,0,39.1056,55,0.000258412,0.016492,14,0.00880377,6.06048e-07,55,0.0067234,0.00889041,56,0.00196044,0.0269667,56,-0.011572,0.0100304,56,-0.00483527,0.0120597,56,-0.00307583,0.0118713,56,-0.00107872,0.0174396,56,-0.0113262,0.0152036
4713187618326,4713176395000,4713176395000,4713187613955,73729,11.219,4713200432097,24.0371,1,10685,39086,0,0,1,0,0,0.016043,460,460,458,0.995652,2.48065,4.47302,0.568653,0.291651,-0.220566,0.258835,-0.000484238,0.000573872,-0.03456,-0.0350744,1,0.0357709,0.0301837,-0.0301837,0.0357709,1,1,-0.0248895,0.0338283,-0.00529425,0.00194256,0,0,0,0,0,0,0,0,0,0,0,0,0,0,0,0,0,0,0,0,0,0,0,255,0.26,-0.888118,0.26,-0.0519611,0.028344,1,1,1,1,0,1,1,0.0299692,-3.27152,0.11779,0.0296701,0.000500958,0.0237309,0.004593,9887,1,367,95.9702,2472,0,0.000884653,0.0128249,0.0057415,0,0,0,1,458,0.265,-0.000410527,0.000486584,0.000128945,0.00010879,0.000143231,8.18243e-05,0.254782,-0.0258371,0.0046398,0.281856,-0.201125,0.0183006,0.0102955,0.0370881,13.1585,1,0,0,0,0,0,-1,1,-9.04586e-07,-3.41782e-06,-0.20208,0,42.8936,1,1010,1010,1010,1010,0,0,0,0,0.266854,56,-0.0193493,0.0418001,15,-0.0271274,0.0406553,54,-0.0241415,0.0253026,56,-0.0350705,0.032375,56,-0.0313028,0.0333466,53,-0.0301732,0.0384973,56,-0.0330942,0.0369329,56,-0.0395833,0.0376399,56,-0.0292408,0.0335409
4713200983065,4713188428000,4713188428000,4713200973824,73729,12.5458,4713214951791,26.5238,0,10685,39087,0,0,1,0,0,0.012033,460,457,457,1,2.61076,5.91951,0.623376,0.302502,-0.177948,0.0919189,-0.000369847,0.000227386,-0.0267023,-0.0230819,1,0.0188969,0.0307361,-0.0307361,0.0188969,1,1,-0.0231537,0.0162772,-0.00758237,0.00261967,0,0,0,0,0,0,0,0,0,0,0,0,0,0,0,0,0,0,0,0,0,0,0,255,0.26,2.45282,0.26,-0.0495637,0.00508623,1,1,1,1,0,1,1,0.0299692,-3.27152,0.11779,0.0296701,0.000500958,0.0237309,14.5493,9887,1,367,110.515,2472,0,0.000884653,0.0128249,0.0057415,0,0,0,1,457,0.265,-0.00031363,0.000192809,5.10943e-05,8.3112e-05,6.47718e-05,7.16326e-05,0.254846,-0.0257654,0.00472856,0.282037,-0.200776,0.00844872,0.0138842,0.0389082,14.2801,1,0,0,0,0,0,-1,1,-9.04586e-07,-3.41782e-06,-0.200426,0,0.312576,1,1010,1010,1010,1010,0,0,0,0,14.8175,56,-0.0299662,0.028646,16,-0.025504,0.027382,56,-0.0267751,0.0140977,56,-0.0323671,0.0189265,56,-0.0372185,0.0214087,49,-0.033253,0.0160844,56,-0.0348148,0.0167686,56,-0.0312503,0.0172176,56,-0.0339259,0.021774
4713215541666,4713196379000,4713196379000,4713215533610,73729,19.1546,4713230352417,33.9734,0,10685,39088,0,0,1,0,0,0.007951,463,460,460,1,2.50406,5.81688,0.62532,0.294355,-0.241127,0.0439835,-0.000453364,9.9372e-05,-0.0183001,-0.0169778,1,0.0124981,0.0570198,-0.0570198,0.0124981,1,1,-0.0486269,0.0104231,-0.00839295,0.002075,0,0,0,0,0,0,0,0,0,0,0,0,0,0,0,0,0,0,0,0,0,0,0,255,0.26,6.71837,0.26,-0.0616345,-0.00504376,1,1,1,1,1,1,1,0.0299692,-3.27152,0.11779,0.0296701,0.000500958,0.0237309,29.9348,9887,1,367,125.9,2472,0,0.000884653,0.0128249,0.0057415,0,0,0,1,460,0.265,-0.000384549,8.41935e-05,2.23113e-05,0.000101905,4.14129e-05,9.55718e-05,0.254888,-0.0256699,0.00433567,0.28223,-0.200477,-0.0138158,0.0109975,0.0245334,15.1045,2,0,0,0,0,0,-1,1,-9.04586e-07,-3.41782e-06,-0.200426,0,15.6928,1,1010,1010,1010,1010,0,0,0,0,30.1977,56,-0.0467099,0.00976405,19,-0.0532903,0.0149154,56,-0.0544431,0.00665055,56,-0.0586339,0.015552,56,-0.0614376,0.010211,49,-0.0578366,0.0206298,56,-0.0620946,0.0225089,56,-0.0633686,0.0180501,56,-0.0627665,0.00290964
4713230972366,4713216390000,4713216390000,4713230965737,73729,14.5757,4713244574478,28.1845,1,10686,39089,0,0,1,0,0,0.020011,466,465,465,1,2.50965,4.813,0.633728,0.324558,-0.402512,-0.0586243,-0.000734354,-0.000147264,0.00369341,0.0133393,1,-0.00735918,0.0366975,-0.0366975,-0.00735918,1,1,-0.0337345,-0.00707316,-0.00296306,-0.000286014,0,0,0,0,0,0,0,0,0,0,0,0,0,0,0,0,0,0,0,0,0,0,0,255,0.26,1.92739,0.26,-0.0266489,-0.0177785,1,1,1,1,0,1,1,0.0299692,-3.27152,0.11779,0.0296701,0.000500958,0.0237309,44.1557,9887,1,367,140.121,2472,0,0.000884653,0.0128249,0.0057415,0,0,0,1,465,0.265,-0.000623053,-0.000125,-3.3125e-05,0.000165109,1.93588e-06,0.000168101,0.25489,-0.0255018,0.00385413,0.282167,-0.20084,-0.0255784,-0.00151587,-0.00789933,13.9496,2,0,0,0,0,0,-1,1,-9.04586e-07,-3.41782e-06,-0.200426,0,29.9188,1,1010,1010,1010,1010,0,0,0,0,44.4237,56,-0.0404404,-0.00884485,18,-0.0357934,-0.0143819,56,-0.0267112,-0.00660723,56,-0.0336256,-0.0020137,56,-0.0362455,-0.00346118,55,-0.0398886,-0.00944698,56,-0.0361622,-0.00768595,56,-0.0407716,-0.0107757,56,-0.0407167,-0.0102441
4713245163372,4713236394000,4713236394000,4713245158316,73729,8.76432,4713259839196,23.4452,1,10687,39090,0,0,1,0,0,0.020004,460,460,460,1,2.5093,5.40604,0.560764,0.29865,0.176605,-0.19548,0.000385459,-0.000387547,0.0186352,0.0122047,1,-0.0193735,-0.0192691,0.0192691,-0.0193735,1,1,0.0130741,-0.0180316,0.00619497,-0.00134194,0,0,0,0,0,0,0,0,0,0,0,0,0,0,0,0,0,0,0,0,0,0,0,255,0.26,5.94231,0.26,0.0409403,-0.0156787,1,1,1,1,0,1,1,0.0301569,-3.27178,0.117917,0.0250733,-0.00944858,0.0291647,6.18729,9888,1,367,155.376,2472,0,0.000884653,0.0128249,0.0057415,0,0,0,1,460,0.265,0.000326869,-0.000328543,-8.70638e-05,-8.66203e-05,-9.93575e-05,-6.8109e-05,0.25479,-0.0255699,0.00371501,0.282083,-0.201541,-0.00462713,-0.0071123,-0.0299684,5.90171,2,0,0,0,0,0,-1,1,-9.04586e-07,-3.41782e-06,-0.201456,0,6.45861,1,1010,1010,1010,1010,0,0,0,0,6.46292,56,0.0150395,-0.0218936,15,0.0152439,-0.0154198,56,0.00889461,-0.0190884,56,0.0200893,-0.0231962,56,0.0239018,-0.0204811,53,0.0196521,-0.0213282,56,0.0209985,-0.0236618,56,0.0231157,-0.0177503,56,0.021312,-0.0158175
4713260420904,4713248391000,4713248391000,4713260411960,73729,12.021,4713273715124,25.3241,0,10687,39091,0,0,1,0,0,0.011997,469,467,467,1,2.48158,4.7562,0.576616,0.29804,0.252411,-0.0870667,0.000509591,-0.000147098,0.0316464,0.00330115,1,-0.0122612,-0.0424765,0.0424765,-0.0122612,1,1,0.032755,-0.0124982,0.0097215,0.000237,0,0,0,0,0,0,0,0,0,0,0,0,0,0,0,0,0,0,0,0,0,0,0,255,0.26,0.933415,0.26,0.0509377,-0.0031232,1,1,1,1,0,1,1,0.0301569,-3.27178,0.117917,0.0250733,-0.00944858,0.0291647,20.0679,9888,1,367,169.256,2472,0,0.000884653,0.0128249,0.0057415,0,0,0,1,467,0.265,0.000432225,-0.000124692,-3.30433e-05,-0.00011454,-5.41789e-05,-0.000105822,0.254736,-0.0256757,0.0036205,0.28217,-0.20195,0.00389869,0.0012561,-0.0381002,13.6119,1,0,0,0,0,0,-1,1,-9.04586e-07,-3.41782e-06,-0.201456,0,20.3353,1,1010,1010,1010,1010,0,0,0,0,20.3396,56,0.0488645,-0.0190817,20,0.00896847,-0.00858582,56,0.0506389,-0.00215663,56,0.0426662,-0.00930847,56,0.0368112,-0.0172254,55,0.0453323,-0.00217279,56,0.0505287,-0.0132041,56,0.0455689,-0.0153547,56,0.0492425,-0.0181664
4713274280740,4713256395000,4713256395000,4713274270351,73729,17.8754,4713288158224,31.7632,0,10687,39092,0,0,1,0,0,0.008004,455,452,452,1,2.51017,4.56978,0.59219,0.295761,0.242851,0.00816345,0.000483603,-1.73359e-05,0.0356527,0.0121736,1,-0.00216591,-0.0604202,0.0604202,-0.00216591,1,1,0.0514001,-0.00379528,0.0090201,0.00162937,0,0,0,0,0,0,0,0,0,0,0,0,0,0,0,0,0,0,0,0,0,0,0,255,0.26,4.64374,0.26,0.0529074,0.00739647,1,1,1,1,1,1,1,0.0301569,-3.27178,0.117917,0.0250733,-0.00944858,0.0291647,34.5134,9888,1,367,183.702,2472,0,0.000884653,0.0128249,0.0057415,0,0,0,1,452,0.265,0.00041009,-1.47039e-05,-3.89653e-06,-0.000108674,-2.56069e-05,-0.000105683,0.254711,-0.0257814,0.00343844,0.282284,-0.202338,-0.0010226,0.00863569,-0.0390633,14.1696,1,0,0,0,0,0,-1,1,-9.04586e-07,-3.41782e-06,-0.201456,0,34.7732,1,1010,1010,1010,1010,0,0,0,0,34.7775,56,0.0373206,-0.0246522,14,0.0618775,-0.0127344,56,0.0323022,0.0134896,56,0.0733178,-0.0047725,56,0.0704967,0.00514094,46,0.0615553,0.0135913,56,0.0712572,-0.00765027,56,0.0607951,0.00173361,56,0.0733289,0.00247338
4713288780766,4713276385000,4713276385000,4713288775081,73729,12.3901,4713301611020,25.226,1,10688,39093,0,0,1,0,0,0.01999,463,462,462,1,2.49021,4.54393,0.561653,0.305966,0.308884,-0.00550079,0.000662634,6.72049e-06,0.0318841,-0.0149127,1,0.000336192,-0.0331483,0.0331483,0.000336192,1,1,0.0286519,-0.00166977,0.00449636,0.00200596,0,0,0,0,0,0,0,0,0,0,0,0,0,0,0,0,0,0,0,0,0,0,0,255,0.26,8.96289,0.26,0.0272334,-0.00335107,1,1,1,1,0,1,1,0.0299709,-3.27221,0.117718,0.0220634,-0.0117742,0.0249443,0.007093,9889,1,367,197.138,2472,0,0.000884653,0.0128249,0.0057415,0,0,0,1,462,0.265,0.000561861,5.89746e-06,1.56283e-06,-0.000148893,-2.86506e-05,-0.000146117,0.254682,-0.0259275,0.00281595,0.28253,-0.202919,-0.0165112,0.0106316,-0.0322735,13.1767,2,0,0,0,0,0,-1,1,-9.04586e-07,-3.41782e-06,-0.203082,0,0.280317,1,1010,1010,1010,1010,0,0,0,0,0.283984,56,0.0312153,-0.00255897,15,0.0387152,-0.000891069,56,0.0224766,0.00705971,56,0.0272562,0.00139721,56,0.0329097,-0.00473605,55,0.0349926,0.00390956,56,0.0337068,-0.00164367,56,0.0400155,0.00210069,56,0.0407579,0.00159865
4713302167561,4713288368000,4713288368000,4713302157135,73729,13.7891,4713315496615,27.1286,0,10688,39094,0,0,1,0,0,0.011983,464,463,463,1,2.52556,4.735,0.553801,0.288891,0.0870056,0.0144348,0.00022778,5.93684e-05,0.023642,-0.01845,1,0.00495439,-0.0190086,0.0190086,0.00495439,1,1,0.0163738,0.00284689,0.00263476,0.0021075,0,0,0,0,0,0,0,0,0,0,0,0,0,0,0,0,0,0,0,0,0,0,0,255,0.26,2.03529,0.26,0.0258339,-0.00793808,1,1,1,1,0,1,1,0.0299709,-3.27221,0.117718,0.0220634,-0.0117742,0.0249443,13.9349,9889,1,367,0.016593,2473,0,0.000884653,0.012656,0.00563157,0,0,0,1,463,0.265,0.000193119,5.04311e-05,1.33643e-05,-5.11766e-05,2.2182e-06,-5.27048e-05,0.254684,-0.0259802,0.00281595,0.28253,-0.202919,-0.0219548,0.0111698,-0.0287352,27.0668,0,0,0,0,0,0,-1,1,-9.04586e-07,-3.41782e-06,-0.203082,0,14.1942,1,1010,1010,1010,1010,0,0,0,0,14.1979,56,0.0125545,0.000222133,16,0.0412968,-0.00393898,56,0.00941638,0.015605,56,0.0196286,0.00178451,56,0.0155353,0.00726403,55,0.0224998,-0.00527374,56,0.0172617,0.00690498,56,0.0207631,0.00748084,56,0.0229304,0.00593434
4713316099046,4713296387000,4713296387000,4713316088120,73729,19.7011,4713330062457,33.6755,0,10688,39095,0,0,1,0,0,0.008019,467,464,462,0.99569,2.49815,6.09851,0.610727,0.292558,0.0219421,0.0372467,1.73475e-05,0.000102926,0.00144596,-0.0225163,1,0.0128353,-0.0021633,0.0021633,0.0128353,1,1,0.00347493,0.0101274,-0.00131163,0.00270786,0,0,0,0,0,0,0,0,0,0,0,0,0,0,0,0,0,0,0,0,0,0,0,255,0.26,5.8044,0.26,0.0270298,-0.00311887,1,1,1,1,0,1,1,0.0299709,-3.27221,0.117718,0.0220634,-0.0117742,0.0249443,28.4827,9889,1,367,14.5644,2473,0,0.000884653,0.012656,0.00563157,0,0,0,1,462,0.265,1.46871e-05,8.72958e-05,2.31334e-05,-3.89207e-06,2.09681e-05,-8.2983e-06,0.254705,-0.0259885,0.00195156,0.282846,-0.203382,-0.0344004,0.0143516,-0.0219591,14.2696,2,0,0,0,0,0,-1,1,-9.04586e-07,-3.41782e-06,-0.203082,0,28.7432,1,1010,1010,1010,1010,0,0,0,0,28.7469,54,0.0031642,0.00242909,19,-0.0180461,0.0220674,55,0.00695259,0.0194134,56,0.00860811,0.00930511,56,-0.00157887,0.00957428,54,0.00406477,0.00910816,56,0.0069133,0.0193943,56,0.00435783,0.0135453,56,0.00345077,0.0137432
4713330640110,4713316405000,4713316405000,4713330634072,73729,14.2291,4713343951256,27.5463,1,10689,39096,0,0,1,0,0,0.020018,458,457,457,1,2.48565,4.64959,0.585282,0.296891,0.0739594,0.0360107,0.00019428,9.37927e-05,0.0162025,-0.0123034,1,0.00468542,-0.00970528,0.00970528,0.00468542,1,1,0.0104745,0.0021082,-0.000769263,0.00257722,0,0,0,0,0,0,0,0,0,0,0,0,0,0,0,0,0,0,0,0,0,0,0,255,0.27,0.019815,0.27,0.0418842,-0.0111486,1,1,1,1,1,1,1,0.0299709,-3.27221,0.117718,0.0220634,-0.0117742,0.0249443,42.3699,9889,1,367,28.4517,2473,0,0.000884653,0.012656,0.00563157,0,0,0,1,457,0.275,0.000164623,7.96049e-05,2.18913e-05,-4.52714e-05,1.13992e-05,-4.85877e-05,0.254716,-0.0260371,0.00115414,0.28314,-0.203977,-0.036253,0.0141747,-0.0256176,13.6175,2,0,0,0,0,0,-1,1,-9.04586e-07,-3.41782e-06,-0.203082,0,42.6352,1,1010,1010,1010,1010,0,0,0,0,42.6389,56,0.00648063,-0.00338394,15,0.00244828,0.00881764,56,0.00412318,0.01024,56,0.00954933,0.0091717,56,0.0131678,0.00293823,50,0.00826323,0.00844953,56,0.0100101,0.00691746,56,0.0106467,0.00811285,56,0.0115151,0.00378205
4713344586909,4713336391000,4713336391000,4713344582335,73729,8.19134,4713358729932,22.3389,1,10690,39097,0,0,1,0,0,0.019986,462,461,461,1,2.46691,5.12154,0.63169,0.289336,0.216904,0.0460815,0.000459866,0.000130605,0.0229605,-0.0181244,1,0.00653481,-0.0230094,0.0230094,0.00653481,1,1,0.0201301,0.00432463,0.00287928,0.00221018,0,0,0,0,0,0,0,0,0,0,0,0,0,0,0,0,0,0,0,0,0,0,0,255,0.26,3.80485,0.26,0.0624794,0.0763091,1,1,1,1,0,1,1,0.0297092,-3.2727,0.117473,0.0227709,-0.0131938,0.0243947,0.446522,9890,1,367,43.1589,2473,0,0.000884653,0.012656,0.00563157,0,0,0,1,461,0.265,0.000389946,0.000110851,2.93754e-05,-0.000103336,6.58448e-06,-0.000106909,0.254723,-0.026144,0.000529665,0.283511,-0.204785,-0.0196581,0.011714,-0.0279347,0.162631,3,0,0,0,0,0,-1,1,-9.04586e-07,-3.41782e-06,-0.204542,0,0.70432,1,1010,1010,1010,1010,0,0,0,0,0.708802,56,0.0182423,0.000780232,20,0.0112373,0.0160486,56,0.0181348,0.0151058,56,0.0236813,0.00798656,56,0.0213603,0.00399896,49,0.0300725,0.00489578,56,0.0267995,0.00388286,56,0.0265432,0.00804585,56,0.0282027,0.0062569
4713359212881,4713348362000,4713348362000,4713359203640,73729,10.8416,4713371524482,23.1625,0,10690,39098,0,0,1,0,0,0.011971,451,450,450,1,2.47189,4.36141,0.590894,0.30017,0.196419,0.0392609,0.000352013,0.000117011,0.00708664,-0.0121813,1,0.00977458,-0.0294055,0.0294055,0.00977458,1,1,0.0255611,0.00756574,0.00384437,0.00220884,0,0,0,0,0,0,0,0,0,0,0,0,0,0,0,0,0,0,0,0,0,0,0,255,0.26,7.68341,0.26,0.0635115,-0.151215,1,1,1,1,0,1,1,0.0297092,-3.2727,0.117473,0.0227709,-0.0131938,0.0243947,13.247,9890,1,367,55.9595,2473,0,0.000884653,0.012656,0.00563157,0,0,0,1,450,0.265,0.000298481,9.91812e-05,2.6283e-05,-7.90976e-05,8.61006e-06,-8.25739e-05,0.254732,-0.0262266,0.000529665,0.283511,-0.204785,-0.0103425,0.0117068,-0.0245742,12.9631,0,0,0,0,0,0,-1,1,-9.04586e-07,-3.41782e-06,-0.204542,0,13.5018,1,1010,1010,1010,1010,0,0,0,0,13.5063,55,0.0147243,0.00354616,18,0.0378845,0.0168543,56,0.0157295,0.0212477,56,0.0318963,0.00381099,56,0.0372508,0.00670792,41,0.0268568,0.0150996,56,0.0321559,0.00386205,56,0.0392774,0.00836685,56,0.0346131,0.0108706
4713372039431,4713356386000,4713356386000,4713372028930,73729,15.6429,4713384325939,27.9399,0,10690,39099,0,0,1,0,0,0.008024,451,450,450,1,2.45583,4.70117,0.592431,0.289206,0.277512,0.0712433,0.000527635,0.000144651,0.020384,-0.0110944,1,0.0180273,-0.0657571,0.0657571,0.0180273,1,1,0.0613878,0.0157711,0.00436923,0.00225626,0,0,0,0,0,0,0,0,0,0,0,0,0,0,0,0,0,0,0,0,0,0,0,255,0.26,0.7921,0.26,0.0807048,0.00240072,1,1,1,1,0,1,1,0.0297092,-3.2727,0.117473,0.0227709,-0.0131938,0.0243947,26.0555,9890,1,367,68.7682,2473,0,0.000884653,0.012656,0.00563157,0,0,0,1,450,0.265,0.000447541,0.000122678,3.25098e-05,-0.000118598,6.39601e-06,-0.000122466,0.254738,-0.026349,0.000407256,0.283612,-0.205045,-0.00526518,0.0119582,-0.0227377,12.5418,1,0,0,0,0,0,-1,1,-9.04586e-07,-3.41782e-06,-0.204542,0,26.3171,1,1010,1010,1010,1010,0,0,0,0,26.3216,55,0.0561637,0.000302339,17,0.0651077,0.0150979,56,0.0480384,0.0233191,56,0.0736733,0.0122225,56,0.0554044,0.0248343,42,0.0751961,0.0114435,56,0.0745519,0.0204568,56,0.0681769,0.0275872,56,0.07608,0.0244678
4713384843813,4713376380000,4713376380000,4713384837739,73729,8.45774,4713397587844,21.2078,1,10691,39100,0,0,1,0,0,0.019994,462,461,435,0.943601,2.51191,4.81006,0.706691,0.27328,0.517334,0.081543,0.000952761,0.000170668,0.00779552,-0.00661925,1,0.00853598,-0.0476523,0.0476523,0.00853598,1,1,0.0421258,0.00712638,0.00552647,0.0014096,0,0,0,0,0,0,0,0,0,0,0,0,0,0,0,0,0,0,0,0,0,0,0,255,0.26,3.41932,0.26,0.0546433,-0.00615648,1,1,1,1,1,1,1,0.0297092,-3.2727,0.117473,0.0227709,-0.0131938,0.0243947,39.3691,9890,1,367,82.0816,2473,0,0.000884653,0.012656,0.00563157,0,0,0,1,435,0.265,0.00080797,0.000144561,3.83087e-05,-0.000214112,-7.68435e-06,-0.00021711,0.25473,-0.0265662,0.000191897,0.283638,-0.205437,-0.00719812,0.00747091,-0.0291907,12.9692,1,0,0,0,0,0,-1,1,-9.04586e-07,-3.41782e-06,-0.204542,0,39.6324,1,1010,1010,1010,1010,0,0,0,0,39.6369,30,0.0283113,0.00117461,15,0.0281878,0.0104221,56,0.0457421,0.0227675,56,0.0463431,0.00588101,56,0.0543539,0.00070843,54,0.0484175,0.00955093,56,0.049879,0.00843743,56,0.0537424,0.00990392,56,0.0548225,0.0116822
4713398279275,4713388376000,4713388376000,4713398267312,73729,9.89131,4713412073870,23.6979,0,10691,39101,0,0,1,0,0,0.011996,460,460,459,0.997826,2.63104,4.7025,0.616005,0.292206,0.199417,-0.0509491,0.000464914,-8.7966e-05,0.0393992,-0.00688488,1,-0.00733294,-0.0387558,0.0387558,-0.00733294,1,1,0.0303833,-0.0069415,0.00837243,-0.000391445,0,0,0,0,0,0,0,0,0,0,0,0,0,0,0,0,0,0,0,0,0,0,0,255,0.26,6.51794,0.26,0.0381142,-0.0156543,1,1,1,1,0,1,1,0.0295413,-3.27318,0.117474,0.0204962,-0.00989804,0.0305106,4.03307,9891,1,367,96.5062,2473,0,0.000884653,0.012656,0.00563157,0,0,0,1,459,0.265,0.000394261,-7.44527e-05,-1.973e-05,-0.000104479,-3.99564e-05,-9.83752e-05,0.25469,-0.0266645,-0.000463776,0.28349,-0.206578,-0.0151827,-0.00207466,-0.0476453,3.78955,2,0,0,0,0,0,-1,1,-9.04586e-07,-3.41782e-06,-0.206589,0,4.30204,1,1010,1010,1010,1010,0,0,0,0,4.30631,55,0.0416126,-0.0147093,14,0.0482434,-0.0113561,56,0.0158757,-0.00463161,56,0.0343903,-0.00982967,56,0.0426744,-0.00530278,54,0.0443261,-0.0143166,56,0.0375691,-0.0087546,56,0.0390758,-0.00410306,56,0.0449614,-0.00128968
4713412588282,4713404399000,4713404399000,4713412583781,73729,8.18478,4713424888068,20.4891,1,10692,39102,0,0,1,0,0,0.016023,452,452,452,1,2.45789,4.87854,0.699061,0.294669,0.347641,-0.207039,0.000737505,-0.000458754,0.0514759,0.0259876,1,-0.0286309,-0.0460279,0.0460279,-0.0286309,1,1,0.0359675,-0.0269042,0.0100604,-0.00172678,0,0,0,0,0,0,0,0,0,0,0,0,0,0,0,0,0,0,0,0,0,0,0,255,0.26,0.670358,0.26,0.0530332,-0.0205781,1,1,1,1,0,1,1,0.0295413,-3.27318,0.117474,0.0204962,-0.00989804,0.0305106,16.8632,9891,1,367,109.336,2473,0,0.000884653,0.012656,0.00563157,0,0,0,1,452,0.265,0.000625278,-0.000389004,-0.000103086,-0.000165699,-0.000130901,-0.00014181,0.25456,-0.0268063,-0.000748552,0.283386,-0.207127,-0.0177122,-0.00915194,-0.0568258,12.5878,1,0,0,0,0,0,-1,1,-9.04586e-07,-3.41782e-06,-0.206589,0,17.1208,1,1010,1010,1010,1010,0,0,0,0,17.125,56,0.0348958,-0.0454937,16,0.0146745,-0.0305624,56,0.0361662,-0.0162294,56,0.0558343,-0.0278632,56,0.0512401,-0.0296283,44,0.0416669,-0.0204898,56,0.0562346,-0.0290415,56,0.0557997,-0.0272921,56,0.0494179,-0.0255427
4713425411627,4713416403000,4713416403000,4713425403331,73729,9.00033,4713437986731,21.5837,0,10692,39103,0,0,1,0,0,0.012004,456,454,452,0.995595,2.52722,4.50437,0.560597,0.289836,0.225815,-0.0465851,0.00044401,-0.000112148,0.0292875,0.0161049,1,-0.00934258,-0.0369885,0.0369885,-0.00934258,1,1,0.0277031,-0.00821102,0.00928547,-0.00113157,0,0,0,0,0,0,0,0,0,0,0,0,0,0,0,0,0,0,0,0,0,0,0,255,0.27,3.33862,0.27,0.0615551,0.152175,1,1,1,1,0,1,1,0.0295413,-3.27318,0.117474,0.0204962,-0.00989804,0.0305106,29.9483,9891,1,367,122.422,2473,0,0.000884653,0.012656,0.00563157,0,0,0,1,452,0.275,0.000376519,-9.50976e-05,-2.61518e-05,-0.000103543,-4.58798e-05,-9.61525e-05,0.254514,-0.0269025,-0.000894878,0.283376,-0.207538,-0.0112911,-0.00622363,-0.0498889,12.848,1,0,0,0,0,0,-1,1,-9.04586e-07,-3.41782e-06,-0.206589,0,30.2089,1,1010,1010,1010,1010,0,0,0,0,30.2132,56,0.0250483,-0.0103002,14,0.0414559,-0.00476545,56,0.0365997,-0.000683869,56,0.0367911,-0.0189161,56,0.0413994,-0.0103981,48,0.0408231,-0.00717001,54,0.044581,-0.0169292,56,0.0387948,-0.00891867,56,0.0420714,-0.0120977
4713438488827,4713424397000,4713424397000,4713438479031,73729,14.082,4713451311155,26.9142,0,10692,39104,0,0,1,0,0,0.007994,466,463,463,1,2.501,4.45496,0.600431,0.29278,0.224152,0.0266113,0.00041789,3.11526e-05,0.0231489,0.0145087,1,0.003897,-0.0522755,0.0522755,0.003897,1,1,0.0453658,0.0035337,0.00690963,0.000363301,0,0,0,0,0,0,0,0,0,0,0,0,0,0,0,0,0,0,0,0,0,0,0,255,0.27,5.1961,0.27,0.0843647,0.295667,1,1,1,1,1,1,1,0.0295413,-3.27318,0.117474,0.0204962,-0.00989804,0.0305106,43.2732,9891,1,367,135.746,2473,0,0.000884653,0.012656,0.00563157,0,0,0,1,463,0.275,0.000354419,2.63898e-05,7.2572e-06,-9.74651e-05,-1.32897e-05,-9.68079e-05,0.2545,-0.0269993,-0.00105686,0.283418,-0.208088,-0.0020718,0.00199815,-0.0320598,9.13856,2,0,0,0,0,0,-1,1,-9.04586e-07,-3.41782e-06,-0.206589,0,43.5334,1,1010,1010,1010,1010,0,0,0,0,0.164409,56,0.0384473,0.000123047,17,0.0428789,0.00790349,56,0.044618,0.0178471,55,0.0621548,0.00839806,56,0.0510117,-0.00243475,55,0.0554171,0.00894566,56,0.0671021,-0.0041133,56,0.0560528,0.0029254,56,0.0620166,0.00828029
4713451856270,4713436380000,4713436380000,4713451841937,73729,15.4619,4713466500075,30.1201,0,10692,39105,0,0,1,0,0,0.011983,467,464,464,1,2.47139,4.81487,0.664765,0.294724,0.196266,-0.000160217,0.000393522,7.56469e-06,0.0141024,-0.00541625,1,0.000631285,-0.03284,0.03284,0.000631285,1,1,0.0265627,9.27785e-05,0.00627733,0.000538506,0,0,0,0,0,0,0,0,0,0,0,0,0,0,0,0,0,0,0,0,0,0,0,255,0.26,-0.668098,0.26,0.0329555,-0.110162,1,1,1,1,0,1,1,0.0294631,-3.27351,0.117625,0.0228019,-0.0068292,0.0275099,15.0936,9892,1,367,150.94,2473,0,0.000884653,0.012656,0.00563157,0,0,0,1,464,0.265,0.000333778,6.51598e-06,1.72673e-06,-8.84513e-05,-1.66255e-05,-8.6891e-05,0.254484,-0.0270862,-0.00105686,0.283418,-0.208088,-0.000691935,0.00285408,-0.0271694,24.3289,0,0,0,0,0,0,-1,1,-9.04586e-07,-3.41782e-06,-0.208385,0,0.250187,1,1010,1010,1010,1010,0,0,0,0,15.3651,55,0.0346509,0.00120734,18,0.0150612,-0.00402368,56,0.0171934,0.003927,55,0.0339232,-0.00906971,56,0.0417145,0.00140354,56,0.0388761,-0.00179649,56,0.0279608,-3.53288e-05,56,0.0406993,0.00443129,56,0.0359015,0.0075478
4713467016598,4713456384000,4713456384000,4713467011524,73729,10.6275,4713480480801,24.0968,1,10693,39106,0,0,1,0,0,0.020004,463,458,453,0.989083,2.51476,4.51,0.623191,0.287595,0.280914,0.00646973,0.000538467,-4.14964e-05,0.0133795,0.0126806,1,-0.0020744,-0.026918,0.026918,-0.0020744,1,1,0.0223817,-0.00214255,0.00453625,6.8143e-05,0,0,0,0,0,0,0,0,0,0,0,0,0,0,0,0,0,0,0,0,0,0,0,255,0.26,4.3042,0.26,0.0250039,-0.132866,1,1,1,1,0,1,1,0.0294631,-3.27351,0.117625,0.0228019,-0.0068292,0.0275099,29.07,9892,1,367,164.916,2473,0,0.000884653,0.012656,0.00563157,0,0,0,1,453,0.265,0.000456611,-3.51984e-05,-9.32758e-06,-0.000121002,-3.37733e-05,-0.000116534,0.25445,-0.0272027,-0.00135415,0.283421,-0.208588,-0.00519866,0.000361158,-0.0233926,13.6916,2,0,0,0,0,0,-1,1,-9.04586e-07,-3.41782e-06,-0.208385,0,14.2145,1,1010,1010,1010,1010,0,0,0,0,29.3294,54,0.0158114,-0.00826033,17,0.0119817,0.000707981,56,0.0224919,0.00920439,55,0.0275057,-0.00252371,56,0.0312657,-0.00462573,51,0.0274481,-0.00293328,56,0.0304577,-0.007516,56,0.0275794,-0.00360999,52,0.0358908,0.000501154
4713480974490,4713464397000,4713464397000,4713480966027,73729,16.569,4713493273221,28.8762,0,10693,39107,0,0,1,0,0,0.008013,469,466,461,0.98927,2.50441,4.7778,0.598949,0.297651,0.0724182,0.00558472,0.000153445,1.35644e-05,0.0158231,-0.00563778,1,0.0016928,-0.0191495,0.0191495,0.0016928,1,1,0.0161908,0.00094101,0.00295871,0.00075179,0,0,0,0,0,0,0,0,0,0,0,0,0,0,0,0,0,0,0,0,0,0,0,255,0.26,7.24656,0.26,0.0230536,0.000296725,1,1,1,1,0,1,1,0.0294631,-3.27351,0.117625,0.0228019,-0.0068292,0.0275099,41.8633,9892,1,367,177.709,2473,0,0.000884653,0.012656,0.00563157,0,0,0,1,461,0.265,0.000130109,1.14613e-05,3.03724e-06,-3.4479e-05,-4.28668e-06,-3.43368e-05,0.254446,-0.0272371,-0.0016751,0.283565,-0.209036,-0.0111655,0.00398449,-0.0214773,12.5147,2,0,0,0,0,0,-1,1,-9.04586e-07,-3.41782e-06,-0.208385,0,27.0149,1,1010,1010,1010,1010,0,0,0,0,42.1298,51,0.0186708,-0.00349054,20,0.0189747,-0.00275605,56,0.0249561,-0.004406,56,0.0229872,-0.00282187,56,0.0142008,0.00584093,54,-0.00178455,0.0034122,56,0.0258671,-0.00043622,56,0.029078,0.00869823,56,0.0219457,0.00529758
4713493787540,4713484414000,4713484414000,4713493782725,73729,9.36872,4713507391948,22.9779,1,10694,39108,0,0,1,0,0,0.020017,465,462,462,1,2.49039,5.15121,0.633098,0.300966,0.160797,0.140793,0.00037117,0.000314524,0.0202191,-0.0220044,1,0.0157129,-0.0185427,0.0185427,0.0157129,1,1,0.0135748,0.0137149,0.00496797,0.00199797,0,0,0,0,0,0,0,0,0,0,0,0,0,0,0,0,0,0,0,0,0,0,0,255,0.26,0.629431,0.26,0.0264404,0.00833774,1,1,1,1,1,1,1,0.0293676,-3.2736,0.117609,0.0207896,-0.00181797,0.0261142,1.98767,9893,1,367,191.821,2473,0,0.000884653,0.012656,0.00563157,0,0,0,1,462,0.265,0.000314665,0.000266851,7.07156e-05,-8.33861e-05,4.90953e-05,-9.5694e-05,0.254495,-0.0273328,-0.00179652,0.283749,-0.209577,-0.00318791,0.0105892,-0.0236145,1.76959,2,0,0,0,0,0,-1,1,-9.04586e-07,-3.41782e-06,-0.209618,0,2.24278,1,1010,1010,1010,1010,0,0,0,0,2.24737,55,0.0171847,0.0182933,17,0.0459885,0.0145503,56,0.00588012,0.019581,56,0.0111375,0.011584,56,0.0219485,0.0140555,54,0.0232241,0.0122685,56,0.017346,0.0173164,56,0.020867,0.0147533,56,0.023214,0.0160605
4713507942286,4713496377000,4713496377000,4713507931471,73729,11.5545,4713521248784,24.8718,0,10694,39109,0,0,1,0,0,0.011963,464,462,437,0.945887,2.48117,4.38733,0.574172,0.273817,0.0909119,0.0515137,0.000213452,0.00013309,0.0205974,-0.0130698,1,0.0111252,-0.0178427,0.0178427,0.0111252,1,1,0.0119917,0.00912392,0.00585106,0.00200125,0,0,0,0,0,0,0,0,0,0,0,0,0,0,0,0,0,0,0,0,0,0,0,255,0.26,4.60287,0.26,0.0249598,-0.00146622,1,1,1,1,0,1,1,0.0293676,-3.2736,0.117609,0.0207896,-0.00181797,0.0261142,15.8501,9893,1,367,13.8539,2474,0,0.000884653,0.0163777,0.00625606,0,0,0,1,437,0.265,0.000181026,0.000112844,2.99036e-05,-4.7972e-05,1.81229e-05,-5.28998e-05,0.254513,-0.0273857,-0.00179652,0.283749,-0.209577,-0.000373061,0.0106066,-0.0251069,15.6218,0,0,0,0,0,0,-1,1,-9.04586e-07,-3.41782e-06,-0.209618,0,16.1159,1,1010,1010,1010,1010,0,0,0,0,16.1205,55,0.0176388,0.00977283,16,0.0284401,0.0169825,32,0.0176037,0.00601948,55,0.0192484,0.0107668,56,0.013989,0.011185,55,0.0160612,0.0145271,56,0.0177449,0.00698375,56,0.016367,0.0101708,56,0.0213554,0.0119793
4713521755362,4713504404000,4713504404000,4713521745066,73729,17.3411,4713534395466,29.9915,0,10694,39110,0,0,1,0,0,0.008027,464,464,464,1,2.51046,4.79898,0.576579,0.29678,0.121986,-0.0157547,0.000259174,-6.38598e-05,0.026234,0.0268712,1,-0.00795563,-0.0322877,0.0322877,-0.00795563,1,1,0.024206,-0.00802635,0.00808177,7.07245e-05,0,0,0,0,0,0,0,0,0,0,0,0,0,0,0,0,0,0,0,0,0,0,0,255,0.26,8.17777,0.26,0.0310752,-0.0146458,1,1,1,1,0,1,1,0.0293676,-3.2736,0.117609,0.0207896,-0.00181797,0.0261142,28.9999,9893,1,367,27.0039,2474,0,0.000884653,0.0163777,0.00625606,0,0,0,1,464,0.265,0.000219794,-5.41788e-05,-1.43574e-05,-5.82455e-05,-2.5608e-05,-5.40918e-05,0.254487,-0.0274398,-0.00182597,0.283684,-0.210269,0.0056972,0.00037484,-0.029709,12.871,2,0,0,0,0,0,-1,1,-9.04586e-07,-3.41782e-06,-0.209618,0,29.2587,1,1010,1010,1010,1010,0,0,0,0,29.2633,56,0.0224906,-0.0085873,20,0.00489327,-0.0181883,56,0.0304555,-0.000305647,56,0.035835,-0.00994388,56,0.0312531,-0.0178876,52,0.0314898,-0.0146043,56,0.0414769,-0.0107062,56,0.0342558,-0.00755318,56,0.0337999,-3.30394e-05
4713534906266,4713524398000,4713524398000,4713534900729,73729,10.5027,4713547740093,23.3421,1,10695,39111,0,0,1,0,0,0.019994,467,464,412,0.887931,2.49958,4.73991,0.550635,0.269947,0.276016,-0.12999,0.000621422,-0.000298874,0.0277113,0.0165728,1,-0.0149482,-0.0310804,0.0310804,-0.0149482,1,1,0.0209017,-0.0129548,0.0101787,-0.00199337,0,0,0,0,0,0,0,0,0,0,0,0,0,0,0,0,0,0,0,0,0,0,0,255,0.26,1.08927,0.26,0.0223301,-0.014953,1,1,1,1,0,1,1,0.0293676,-3.2736,0.117609,0.0207896,-0.00181797,0.0261142,42.3755,9893,1,367,40.3793,2474,0,0.000884653,0.0163777,0.00625606,0,0,0,1,412,0.265,0.000526867,-0.000253225,-6.71047e-05,-0.00013962,-9.2125e-05,-0.000123077,0.254395,-0.0275628,-0.00183176,0.283543,-0.210649,0.00888668,-0.0105649,-0.0360484,13.1187,1,0,0,0,0,0,-1,1,-9.04586e-07,-3.41782e-06,-0.209618,0,42.6542,1,1010,1010,1010,1010,0,0,0,0,42.6588,54,0.0219735,-0.0157904,18,0.0285483,-0.00860606,25,0.0232081,-0.00721088,56,0.036489,-0.0175596,56,0.0331004,-0.0162569,40,0.0345693,-0.0123488,56,0.0332345,-0.016373,56,0.0327361,-0.0127284,51,0.0310475,-0.0141664
4713548297820,4713536373000,4713536373000,4713548288987,73729,11.916,4713562297380,25.9244,0,10695,39112,0,0,1,0,0,0.011975,462,461,461,1,2.49758,4.918,0.544857,0.287965,0.14389,-0.087738,0.000353919,-0.000178839,0.0306339,0.00435074,1,-0.0149343,-0.0295548,0.0295548,-0.0149343,1,1,0.0217557,-0.0106848,0.00779911,-0.00424959,0,0,0,0,0,0,0,0,0,0,0,0,0,0,0,0,0,0,0,0,0,0,0,255,0.26,4.28124,0.26,0.0168291,-0.00491473,1,1,1,1,1,1,1,0.0289504,-3.2735,0.117587,0.0259913,-0.0012697,0.0298945,3.60688,9894,1,367,54.8988,2474,0,0.000884653,0.0163777,0.00625606,0,0,0,1,461,0.265,0.000300192,-0.000151573,-4.01668e-05,-7.95509e-05,-5.4343e-05,-6.97169e-05,0.254341,-0.0276325,-0.00139305,0.282905,-0.210965,0.0154926,-0.0225228,-0.0206742,3.35186,3,0,0,0,0,0,-1,1,-9.04586e-07,-3.41782e-06,-0.21106,0,3.86594,1,1010,1010,1010,1010,0,0,0,0,13.3667,56,0.0352437,-0.0111618,15,0.0530501,-0.0139282,56,0.0205014,-0.0104743,56,0.0183834,-0.0170635,56,0.0182582,-0.0134929,54,0.0286996,-0.0200901,56,0.0301242,-0.0128449,56,0.0345487,-0.016649,56,0.0359485,-0.0162042
4713562849236,4713544400000,4713544400000,4713562835773,73729,18.4358,4713575483784,31.0838,0,10695,39113,0,0,1,0,0,0.008027,460,459,458,0.997821,2.51093,4.859,0.542468,0.296817,0.169647,-0.0609741,0.000316004,-0.000174828,0.0118632,0.0494218,1,-0.0217799,-0.0393676,0.0393676,-0.0217799,1,1,0.0344671,-0.017102,0.00490051,-0.00467789,0,0,0,0,0,0,0,0,0,0,0,0,0,0,0,0,0,0,0,0,0,0,0,255,0.26,8.63246,0.26,0.0276111,0.00180618,1,1,1,1,0,1,1,0.0289504,-3.2735,0.117587,0.0259913,-0.0012697,0.0298945,16.8126,9894,1,367,68.1046,2474,0,0.000884653,0.0163777,0.00625606,0,0,0,1,458,0.265,0.000268005,-0.000148309,-3.93019e-05,-7.10214e-05,-5.1748e-05,-6.15497e-05,0.254289,-0.0276941,-0.00139305,0.282905,-0.210965,0.019098,-0.0247928,-0.00549973,16.5363,0,0,0,0,0,0,-1,1,-9.04586e-07,-3.41782e-06,-0.21106,0,17.0786,1,1010,1010,1010,1010,0,0,0,0,26.5793,54,0.0284528,-0.0209427,14,-0.00446531,-0.0154999,56,0.0333497,-0.0130165,56,0.0365414,-0.0223884,56,0.0493451,-0.0221809,54,0.0453231,-0.015854,56,0.0462608,-0.0295312,56,0.0473862,-0.0271282,56,0.0444258,-0.0145583
4713576031603,4713564390000,4713564390000,4713576026362,73729,11.6364,4713588875042,24.485,1,10696,39114,0,0,1,0,0,0.01999,461,461,461,1,2.48995,4.59048,0.606283,0.287761,0.26123,-0.106323,0.000486081,-0.000265985,0.000752117,0.0241752,1,-0.0133059,-0.0243162,0.0243162,-0.0133059,1,1,0.0233413,-0.00875421,0.000974942,-0.00455169,0,0,0,0,0,0,0,0,0,0,0,0,0,0,0,0,0,0,0,0,0,0,0,255,0.26,1.57805,0.26,0.00773399,0.0150647,1,1,1,1,0,1,1,0.0289504,-3.2735,0.117587,0.0259913,-0.0012697,0.0298945,30.1902,9894,1,367,81.4821,2474,0,0.000884653,0.0163777,0.00625606,0,0,0,1,461,0.265,0.000412331,-0.000225565,-5.97748e-05,-0.000109268,-7.89593e-05,-9.48443e-05,0.25421,-0.0277889,-0.00125581,0.28271,-0.210822,0.0156765,-0.024124,0.00840747,13.131,1,0,0,0,0,0,-1,1,-9.04586e-07,-3.41782e-06,-0.21106,0,30.4513,1,1010,1010,1010,1010,0,0,0,0,39.9521,56,0.0246872,-0.0149356,18,0.0353863,-0.0181095,56,0.0166955,-0.0134592,56,0.0235264,-0.0137533,56,0.0251794,-0.013319,51,0.0301091,-0.00928062,56,0.0276642,-0.0159513,56,0.0229649,-0.0122056,56,0.0244692,-0.00812246
4713589389694,4713576369000,4713576369000,4713589378453,73729,13.0095,4713603095214,26.7262,0,10696,39115,0,0,1,0,0,0.011979,462,461,461,1,2.50448,4.4917,0.602227,0.30528,-0.0243683,-0.0554199,-0.000125941,-0.00012258,-0.0290492,0.00837439,1,-0.0102329,0.0105135,-0.0105135,-0.0102329,1,1,-0.00660975,-0.00611952,-0.00390372,-0.00411339,0,0,0,0,0,0,0,0,0,0,0,0,0,0,0,0,0,0,0,0,0,0,0,255,0.26,4.76445,0.26,-0.0227002,0.0181283,1,1,1,1,0,1,1,0.0284022,-3.27329,0.117424,0.0249202,0.00271401,0.02293,0.146112,9895,1,367,95.6923,2474,0,0.000884653,0.0163777,0.00625606,0,0,0,1,461,0.265,-0.000106674,-0.000103898,-2.75331e-05,2.82685e-05,-1.99643e-05,3.31703e-05,0.25419,-0.0277558,-0.00125626,0.282387,-0.210426,0.00145767,-0.021801,0.0177179,13.9459,2,0,0,0,0,0,-1,1,-9.04586e-07,-3.41782e-06,-0.210132,0,0.402763,1,1010,1010,1010,1010,0,0,0,0,0.407003,55,-0.00637392,-0.00638037,16,-0.0358938,-0.00695459,56,-0.00936789,-0.00895599,56,-0.0169434,-0.0160517,56,-0.00990519,-0.00916857,54,-0.00122672,-0.00938234,56,-0.00964255,-0.0121596,56,-0.00752731,-0.00859791,56,-0.00796619,-0.00992146
4713603588811,4713596377000,4713596377000,4713603583829,73729,7.20683,4713614783199,18.4062,1,10697,39116,0,0,1,0,0,0.020008,463,461,461,1,2.47743,4.875,0.590375,0.287577,-0.249542,0.0516357,-0.000461813,0.000107951,-0.0110462,-0.00534143,1,0.00539537,0.0230814,-0.0230814,0.00539537,1,1,-0.0157965,0.00798537,-0.00728486,-0.00259,0,0,0,0,0,0,0,0,0,0,0,0,0,0,0,0,0,0,0,0,0,0,0,255,0.26,8.53513,0.26,-0.0268399,0.0275404,1,1,1,2,1,1,1,0.0284022,-3.27329,0.117424,0.0249202,0.00271401,0.02293,11.8635,9895,1,367,107.41,2474,0,0.000884653,0.0163777,0.00625606,0,0,0,1,461,0.265,-0.000391693,9.14509e-05,2.42345e-05,0.000103799,4.43772e-05,9.6669e-05,0.254235,-0.0276591,-0.0012163,0.282327,-0.210104,-0.00693299,-0.013727,0.0253414,11.2757,1,0,0,0,0,0,-1,1,-9.04586e-07,-3.41782e-06,-0.210132,0,12.1236,1,1010,1010,1010,1010,0,0,0,0,12.1278,56,-0.0179091,0.00781954,14,-0.0288243,-0.0024916,56,-0.0176415,-0.00276495,56,-0.0174755,0.0065703,56,-0.0239703,0.00764509,55,-0.032029,0.00566582,56,-0.0296985,0.00726836,56,-0.0244412,0.00262845,56,-0.0268064,0.00386157
4713615370111,4713604414000,4713604414000,4713615360907,73729,10.9469,4713627413413,22.9994,0,10697,39117,0,0,1,0,0,0.008037,461,459,450,0.980392,2.49528,4.63209,0.545986,0.321947,-0.11084,0.084137,-0.000259397,0.000153123,-0.0364921,-0.0066258,1,0.0190522,0.0322753,-0.0322753,0.0190522,1,1,-0.0245908,0.0205243,-0.00768456,-0.00147208,0,0,0,0,0,0,0,0,0,0,0,0,0,0,0,0,0,0,0,0,0,0,0,255,0.26,0.274224,0.26,-0.0201494,0.033803,1,1,1,1,0,1,1,0.0284022,-3.27329,0.117424,0.0249202,0.00271401,0.02293,24.4943,9895,1,367,120.041,2474,0,0.000884653,0.0163777,0.00625606,0,0,0,1,450,0.265,-0.000219947,0.000129815,3.44009e-05,5.8286e-05,4.44348e-05,5.01319e-05,0.254279,-0.027609,-0.00110309,0.2823,-0.209774,-0.00242074,-0.00780203,0.0306459,12.3392,1,0,0,0,0,0,-1,1,-9.04586e-07,-3.41782e-06,-0.210132,0,24.7537,1,1010,1010,1010,1010,0,0,0,0,24.758,55,-0.0304206,0.0222136,17,-0.0127574,0.0215709,56,-0.0249361,0.019813,56,-0.0307245,0.0208101,56,-0.0403353,0.0266567,51,-0.0300784,0.0125577,47,-0.0275196,0.0170367,56,-0.0319703,0.0217766,56,-0.0362983,0.0213957
4713627947751,4713612420000,4713612420000,4713627934270,73729,15.5143,4713642359036,29.939,0,10697,39118,0,0,1,0,0,0.008006,463,461,461,1,2.51998,4.39202,0.561579,0.291076,-0.0553894,0.0782471,-0.000110713,0.000129928,-0.0172392,0.013098,1,0.0162288,0.0138288,-0.0138288,0.0162288,1,1,-0.00734843,0.0176662,-0.00648039,-0.00143746,0,0,0,0,0,0,0,0,0,0,0,0,0,0,0,0,0,0,0,0,0,0,0,255,0.26,2.6671,0.26,-0.00701977,0.0283371,1,1,1,1,0,1,1,0.0284022,-3.27329,0.117424,0.0249202,0.00271401,0.02293,39.4158,9895,1,367,134.962,2474,0,0.000884653,0.0163777,0.00625606,0,0,0,1,461,0.265,-9.39262e-05,0.000110069,2.91683e-05,2.48904e-05,3.2572e-05,1.85211e-05,0.254312,-0.0275904,-0.000953622,0.282228,-0.209511,0.00436897,-0.00761855,0.030972,14.6834,1,0,0,0,0,0,-1,1,-9.04586e-07,-3.41782e-06,-0.210132,0,39.6823,1,1010,1010,1010,1010,0,0,0,0,39.6865,54,-0.0154661,0.0217765,17,0.0283317,0.000631537,56,-0.00241374,0.0234801,56,-0.00870848,0.0144555,56,-0.0210655,0.00576357,54,-0.023539,0.0218008,56,-0.0109314,0.0244921,56,-0.0148345,0.0177879,56,-0.0224368,0.00732275
4713642864336,4713632402000,4713632402000,4713642859911,73729,10.4579,4713656644524,24.2425,1,10698,39119,0,0,1,0,0,0.019982,464,464,464,1,2.49141,5.01624,0.649043,0.316669,0.014267,0.0724411,-4.20992e-05,0.000154871,-0.0178228,-0.00636757,1,0.00775051,0.00210686,-0.00210686,0.00775051,1,1,-0.000166818,0.0100207,-0.00194004,-0.00227019,0,0,0,0,0,0,0,0,0,0,0,0,0,0,0,0,0,0,0,0,0,0,0,255,0.26,7.11617,0.26,-0.00579608,0.0140802,1,1,1,1,0,1,1,0.0284022,-3.27329,0.117424,0.0249202,0.00271401,0.02293,53.7027,9895,1,367,149.249,2474,0,0.000884653,0.0163777,0.00625606,0,0,0,1,464,0.265,-3.55945e-05,0.00013135,3.48079e-05,9.43253e-06,3.46617e-05,2.27671e-06,0.254346,-0.0275882,-0.000750255,0.281983,-0.209409,0.009749,-0.012032,0.016025,13.9962,2,0,0,0,0,0,-1,1,-9.04586e-07,-3.41782e-06,-0.209566,0,0.239428,1,1010,1010,1010,1010,0,0,0,0,0.243872,56,-0.00327956,0.0136065,16,-0.00891294,0.0135199,56,-0.000495706,0.0106607,56,-0.00459668,0.00557415,56,-0.0041667,0.00619992,56,0.00110097,0.00333255,56,-0.00417878,0.00491523,56,-0.000738693,0.00530566,56,-0.000787249,0.0126339
4713657140139,4713644394000,4713644394000,4713657130620,73729,12.7366,4713671085068,26.6911,0,10698,39120,0,0,1,0,0,0.011992,467,465,464,0.997849,2.54369,4.42924,0.546356,0.286132,0.0145569,-0.0254364,6.11522e-05,-6.56915e-05,0.0087943,0.0173916,1,-0.00547795,-0.00509942,0.00509942,-0.00547795,1,1,0.00247572,-0.0017216,0.0026237,-0.00375634,0,0,0,0,0,0,0,0,0,0,0,0,0,0,0,0,0,0,0,0,0,0,0,255,0.26,1.40951,0.26,-0.00952748,0.00879923,1,1,1,1,1,1,1,0.0280999,-3.2731,0.117306,0.0226054,0.0024052,0.0310005,14.4225,9896,1,367,163.689,2474,0,0.000884653,0.0163777,0.00625606,0,0,0,1,464,0.265,5.19023e-05,-5.57529e-05,-1.47745e-05,-1.37541e-05,-1.67398e-05,-1.05016e-05,0.254329,-0.0275987,-0.000745777,0.281752,-0.209549,0.00707841,-0.0199086,-0.00546174,14.2002,1,0,0,0,0,0,-1,1,-9.04586e-07,-3.41782e-06,-0.209566,0,14.6864,1,1010,1010,1010,1010,0,0,0,0,14.6908,56,0.0135222,-0.00614737,17,0.0127318,-0.0171411,56,0.00994579,-0.0149007,56,0.00676437,-0.00543149,56,0.00950465,-0.0060365,55,-0.00593722,-0.0092721,56,0.00228379,-0.000496235,56,-0.00167649,-0.00178575,56,0.00218878,-0.00908379
4713671644702,4713652420000,4713652420000,4713671632443,73729,19.2124,4713684157453,31.7375,0,10698,39121,0,0,1,0,0,0.008026,462,462,461,0.997835,2.48404,4.85252,0.64532,0.297188,0.00939941,-0.0481873,2.13166e-05,-0.000156444,0.00839353,0.0553858,1,-0.0194922,-0.00265595,0.00265595,-0.0194922,1,1,-0.00169158,-0.0153623,0.00434752,-0.00412984,0,0,0,0,0,0,0,0,0,0,0,0,0,0,0,0,0,0,0,0,0,0,0,255,0.26,5.73392,0.26,-0.00959812,0.0047448,1,1,1,1,0,1,1,0.0280999,-3.2731,0.117306,0.0226054,0.0024052,0.0310005,27.4979,9896,1,367,176.764,2474,0,0.000884653,0.0163777,0.00625606,0,0,0,1,461,0.265,1.80385e-05,-0.000132672,-3.51582e-05,-4.78021e-06,-3.40294e-05,2.35825e-06,0.254295,-0.0275963,-0.000660107,0.281397,-0.209789,0.00623488,-0.0218882,-0.0134456,12.7749,2,0,0,0,0,0,-1,1,-9.04586e-07,-3.41782e-06,-0.209566,0,27.7592,1,1010,1010,1010,1010,0,0,0,0,27.7637,56,-0.0011806,-0.0179659,15,-0.0012525,-0.026319,56,-0.0084818,-0.0200426,56,0.00296234,-0.0230031,56,-0.00271217,-0.0198323,54,0.0128915,-0.0130428,56,0.0124819,-0.0214295,56,-0.000110492,-0.0248316,56,0.000217912,-0.0146921
4713684666364,4713672415000,4713672415000,4713684660327,73729,12.2453,4713697968362,25.5534,1,10699,39122,0,0,1,0,0,0.019995,463,463,463,1,2.49796,4.80719,0.543356,0.296595,0.0731201,-0.0436401,0.000149456,-0.000172288,0.00781177,0.0266209,1,-0.00861656,-0.00747466,0.00747466,-0.00861656,1,1,0.00394952,-0.00482949,0.00352514,-0.00378707,0,0,0,0,0,0,0,0,0,0,0,0,0,0,0,0,0,0,0,0,0,0,0,255,0.26,8.60596,0.26,0.000800762,0.0186244,1,1,1,1,0,1,1,0.0280999,-3.2731,0.117306,0.0226054,0.0024052,0.0310005,41.3286,9896,1,367,190.595,2474,0,0.000884653,0.0163777,0.00625606,0,0,0,1,463,0.265,0.000126768,-0.000146107,-3.87184e-05,-3.35934e-05,-4.33744e-05,-2.51093e-05,0.254252,-0.0276214,-0.000583757,0.28116,-0.209836,0.00889765,-0.0200715,-0.00782846,13.5657,1,0,0,0,0,0,-1,1,-9.04586e-07,-3.41782e-06,-0.209566,0,41.5948,1,1010,1010,1010,1010,0,0,0,0,41.5992,56,0.0101576,-0.0145408,18,0.0148974,-0.0111708,56,0.00104788,-0.0154408,56,0.0061375,-0.00334131,56,0.00945808,-0.0101182,53,0.00913581,-0.00602089,56,0.00627786,-0.00835904,56,0.011414,-0.00553668,56,0.00668969,-0.00790337
4713698504052,4713684393000,4713684393000,4713698493719,73729,14.1007,4713712980263,28.5873,0,10699,39123,0,0,1,0,0,0.011978,464,462,396,0.857143,2.53798,5.05158,0.615746,0.266391,0.0336609,-0.0705414,2.65178e-05,-0.000212458,-0.00638049,0.0318348,1,-0.0177374,-0.00221388,0.00221388,-0.0177374,1,1,9.75045e-05,-0.0123165,0.00211637,-0.00542087,0,0,0,0,0,0,0,0,0,0,0,0,0,0,0,0,0,0,0,0,0,0,0,255,0.26,2.04478,0.26,-0.00277523,0.0114257,1,1,1,1,0,1,1,0.0278411,-3.27295,0.117647,0.0225533,0.00285352,0.0342602,8.00105,9897,1,367,205.585,2474,0,0.000884653,0.0163777,0.00625606,0,0,0,1,396,0.265,2.24353e-05,-0.000180198,-4.77526e-05,-5.94535e-06,-4.61167e-05,3.74587e-06,0.254206,-0.0276177,-0.000517078,0.28053,-0.2099,0.00692593,-0.0287306,-0.00343268,7.79638,2,0,0,0,0,0,-1,1,-9.04586e-07,-3.41782e-06,-0.209912,0,8.23657,1,1010,1010,1010,1010,0,0,0,0,8.24109,55,-0.00111246,-0.00835806,15,0.0370285,-0.0305528,5,0.0249732,0.0120811,56,0.0143342,-0.0220225,56,-0.00808586,-0.00713849,55,0.00351899,-0.0200652,42,0.000528755,-0.0235433,56,0.00290275,-0.0196122,56,0.00176144,-0.0137417
4713713461101,4713704393000,4713704393000,4713713456045,73729,9.06304,4713726697005,22.304,1,10700,39124,0,0,1,0,0,0.02,463,461,460,0.997831,2.49043,4.86295,0.538115,0.291039,-0.0414124,-0.222649,-5.44345e-05,-0.000542724,0.00945332,0.045621,1,-0.0271362,0.00272172,-0.00272172,-0.0271362,1,1,-0.00311189,-0.0210885,0.000390169,-0.0060477,0,0,0,0,0,0,0,0,0,0,0,0,0,0,0,0,0,0,0,0,0,0,0,255,0.26,6.51179,0.26,-0.0109724,0.00824338,1,1,1,1,1,1,1,0.0278411,-3.27295,0.117647,0.0225533,0.00285352,0.0342602,21.7312,9897,1,367,13.7175,2475,0,0.000884653,0.0123883,0.00321123,0,0,0,1,460,0.265,-4.62244e-05,-0.000460235,-0.000121962,1.22495e-05,-0.000112092,3.63992e-05,0.254094,-0.0275813,-0.000467222,0.27995,-0.209857,0.00159472,-0.0320528,-0.00037854,7.06265,2,0,0,0,0,0,-1,1,-9.04586e-07,-3.41782e-06,-0.209912,0,21.9956,1,1010,1010,1010,1010,0,0,0,0,22.0001,55,0.00179271,-0.0267665,15,-0.0280003,-0.0332246,56,-0.0038105,-0.0265686,56,-0.00577645,-0.0299038,56,0.000383949,-0.0278204,54,-0.00564697,-0.0214456,56,-0.0034448,-0.0279597,56,-0.00347787,-0.0270354,56,-0.000961318,-0.0288517
4713727278825,4713712414000,4713712414000,4713727269177,73729,14.8552,4713739635871,27.2219,0,10700,39125,0,0,1,0,0,0.008021,466,464,462,0.99569,2.52422,4.56015,0.633468,0.319521,-0.053566,-0.0687408,-0.000114654,-0.000150999,-0.0162383,0.0169765,1,-0.0188254,0.0142942,-0.0142942,-0.0188254,1,1,-0.0143771,-0.0129246,8.29193e-05,-0.00590077,0,0,0,0,0,0,0,0,0,0,0,0,0,0,0,0,0,0,0,0,0,0,0,255,0.26,0.4198,0.26,-0.0149558,0.0199312,1,1,1,1,0,1,1,0.0278411,-3.27295,0.117647,0.0225533,0.00285352,0.0342602,34.6564,9897,1,367,26.6427,2475,0,0.000884653,0.0123883,0.00321123,0,0,0,1,462,0.265,-9.71629e-05,-0.000127937,-3.39034e-05,2.57482e-05,-2.65081e-05,3.19718e-05,0.254067,-0.0275493,-0.000467222,0.27995,-0.209857,0.00173633,-0.0312741,0.00103749,19.9983,0,0,0,0,0,0,-1,1,-9.04586e-07,-3.41782e-06,-0.209912,0,34.915,1,1010,1010,1010,1010,0,0,0,0,34.9195,56,0.00183391,0.0076552,14,0.00990939,-0.00514885,56,-0.0208977,-0.0285357,56,-0.0321095,-0.0242033,56,-0.015576,-0.0207994,56,-0.0135747,-0.0278256,56,-0.0249196,-0.016586,56,-0.00246578,-0.0267182,56,-0.0139793,-0.0131796
4713740159320,4713724392000,4713724392000,4713740151560,73729,15.7596,4713752881276,28.4893,0,10700,39126,0,0,1,0,0,0.011978,469,465,465,1,2.45982,4.52228,0.590005,0.292781,-0.0107117,-0.0335083,-3.27497e-05,-0.000112032,-0.000464153,0.0263875,1,-0.00935314,0.00273415,-0.00273415,-0.00935314,1,1,-0.00268272,-0.00433047,-5.14288e-05,-0.00502267,0,0,0,0,0,0,0,0,0,0,0,0,0,0,0,0,0,0,0,0,0,0,0,255,0.26,3.13975,0.26,-0.0028768,0.0291883,1,1,1,1,0,1,1,0.0278411,-3.27295,0.117647,0.0225533,0.00285352,0.0342602,47.9013,9897,1,367,39.8876,2475,0,0.000884653,0.0123883,0.00321123,0,0,0,1,465,0.265,-2.77843e-05,-9.50396e-05,-2.51855e-05,7.36284e-06,-2.21457e-05,1.22406e-05,0.254045,-0.0275371,-0.000171095,0.27949,-0.209686,0.00901582,-0.0266202,0.00743072,12.8856,2,0,0,0,0,0,-1,1,-9.04586e-07,-3.41782e-06,-0.209661,0,0.245854,1,1010,1010,1010,1010,0,0,0,0,0.249576,56,-0.00356952,-0.00903271,17,-0.0241763,-0.0130594,56,0.00107763,-0.0109171,56,0.00549314,-0.00611732,56,-0.000162959,-0.0119815,56,0.00393177,-0.00792318,56,-0.00549764,-0.00782232,56,-0.0090267,-0.0124429,56,-0.00223712,-0.00527295
4713753413595,4713744383000,4713744383000,4713753408206,73729,9.02521,4713765560565,21.1776,1,10701,39127,0,0,1,0,0,0.019991,465,464,458,0.987069,2.53708,4.77922,0.613616,0.294595,0.0679016,-0.0144043,9.21788e-05,-0.000123379,-0.00568763,0.0341435,1,-0.00617174,-0.00461101,0.00461101,-0.00617174,1,1,0.00440206,-0.00146808,0.000208956,-0.00470365,0,0,0,0,0,0,0,0,0,0,0,0,0,0,0,0,0,0,0,0,0,0,0,255,0.26,5.42406,0.26,-0.00135845,0.0282804,1,1,1,0,0,1,1,0.0276791,-3.27282,0.117985,0.0212359,0.00403106,0.0279915,12.6555,9898,1,367,52.5829,2475,0,0.000884653,0.0123883,0.00321123,0,0,0,1,458,0.265,7.82329e-05,-0.000104777,-2.77659e-05,-2.07317e-05,-3.04183e-05,-1.47226e-05,0.254015,-0.0275518,-0.000171095,0.27949,-0.209686,0.0121065,-0.0249294,0.00879924,25.5606,0,0,0,0,0,0,-1,1,-9.04586e-07,-3.41782e-06,-0.209661,0,12.9086,1,1010,1010,1010,1010,0,0,0,0,12.9123,56,0.00013312,-0.0100015,16,0.010293,-0.012646,55,0.00619216,-0.00761682,56,0.00754985,-0.00649112,56,-0.000257383,-0.00550825,56,0.00381265,-0.00338024,51,0.00674542,-0.00416165,56,0.0072286,-0.00544394,56,0.00124177,-0.00450286
4713766072273,4713752411000,4713752411000,4713766062532,73729,13.6515,4713778308595,25.8976,0,10701,39128,0,0,1,0,0,0.008028,463,460,460,1,2.54587,4.53039,0.557949,0.291836,0.0253983,0.00822449,4.97458e-05,6.99304e-06,0.0077509,0.00154834,1,0.000871081,-0.00619654,0.00619654,0.000871081,1,1,0.00416263,0.00500886,0.00203391,-0.00413778,0,0,0,0,0,0,0,0,0,0,0,0,0,0,0,0,0,0,0,0,0,0,0,255,0.26,8.665,0.26,-0.00934489,0.0272585,1,1,1,1,1,1,1,0.0276791,-3.27282,0.117985,0.0212359,0.00403106,0.0279915,25.409,9898,1,367,65.3363,2475,0,0.000884653,0.0123883,0.00321123,0,0,0,1,460,0.265,4.22336e-05,5.98183e-06,1.58519e-06,-1.11919e-05,-8.39579e-07,-1.12639e-05,0.254014,-0.0275631,0.00010927,0.27907,-0.209695,0.0153521,-0.0219302,0.00365786,12.446,2,0,0,0,0,0,-1,1,-9.04586e-07,-3.41782e-06,-0.209661,0,25.675,1,1010,1010,1010,1010,0,0,0,0,25.6787,56,0.0181392,0.00925687,13,-0.0195671,0.00483432,55,0.00516703,-0.0120916,56,-0.00152649,0.0019132,56,0.00681068,-0.00573244,56,0.00353088,0.0155718,56,0.00459935,-0.000303819,56,0.0111503,-0.00716484,56,0.0143029,0.00964486
4713778894433,4713764383000,4713764383000,4713778883544,73729,14.5005,4713791670872,27.2879,0,10701,39129,0,0,1,0,0,0.011972,464,461,461,1,2.5275,4.34185,0.5408,0.287928,-0.00973511,0.0138855,1.95797e-05,-1.20675e-05,0.0082869,0.0164808,1,-0.00100798,-0.00163546,0.00163546,-0.00100798,1,1,-0.00117598,0.00239764,0.00281143,-0.00340562,0,0,0,0,0,0,0,0,0,0,0,0,0,0,0,0,0,0,0,0,0,0,0,255,0.26,1.23981,0.26,-0.0170305,0.0241178,1,1,1,1,0,1,1,0.0276791,-3.27282,0.117985,0.0212359,0.00403106,0.0279915,38.8155,9898,1,367,78.7427,2475,0,0.000884653,0.0123883,0.00321123,0,0,0,1,461,0.265,1.65542e-05,-1.02828e-05,-2.72495e-06,-4.38687e-06,-3.47568e-06,-3.74542e-06,0.25401,-0.0275668,0.000225127,0.278929,-0.209691,0.0130247,-0.0180498,-0.0015007,9.13957,1,0,0,0,0,0,-1,1,-9.04586e-07,-3.41782e-06,-0.209661,0,39.0867,1,1010,1010,1010,1010,0,0,0,0,39.0904,56,-0.00164376,-0.000763315,14,0.00640275,-0.00939913,55,0.00237107,0.00330394,56,0.00047062,-0.00241001,56,0.00300974,0.000286193,56,-0.000356414,-0.00467774,56,0.00290061,0.00295119,56,-0.00425722,0.00162002,56,-0.00120886,-0.00429037
4713792255358,4713784386000,4713784386000,4713792250673,73729,7.86467,4713806029971,21.644,1,10702,39130,0,0,1,0,0,0.020003,464,462,445,0.963203,2.47132,4.55931,0.634376,0.285595,-0.0507812,0.0506592,-0.000148324,6.48115e-05,-0.00785234,0.0153124,1,0.00324009,0.0074151,-0.0074151,0.00324009,1,1,-0.00879925,0.00623277,0.00138414,-0.00299268,0,0,0,0,0,0,0,0,0,0,0,0,0,0,0,0,0,0,0,0,0,0,0,255,0.26,4.42094,0.26,-0.0185616,0.0238454,1,1,1,1,0,1,1,0.0275025,-3.27261,0.118254,0.0192412,0.00478065,0.0289173,0.033056,9899,1,367,93.0921,2475,0,0.000884653,0.0123883,0.00321123,0,0,0,1,445,0.265,-0.000125752,5.48104e-05,1.45248e-05,3.33243e-05,2.05954e-05,2.96899e-05,0.254031,-0.0275371,0.000553116,0.278593,-0.20952,0.0134973,-0.0158612,0.0049291,14.0907,2,0,0,0,0,0,-1,1,-9.04586e-07,-3.41782e-06,-0.209431,0,0.289744,1,1010,1010,1010,1010,0,0,0,0,0.293855,56,-0.00302054,0.00226272,14,-0.00303288,0.00123292,39,0.000280755,0.000303151,56,-0.00300679,0.00390574,56,-0.00922639,0.00674259,56,-0.00665156,0.00197458,56,-0.00700556,0.000977287,56,-0.00579237,0.00170982,56,-0.00962506,0.00457535
4713806579031,4713792402000,4713792402000,4713806569531,73729,14.1675,4713820308995,27.907,0,10702,39131,0,0,1,0,0,0.008016,466,461,458,0.993492,2.54209,4.4118,0.636098,0.29428,-0.0171814,-0.032547,-2.8516e-05,-7.24108e-05,0.0011145,0.00638897,1,-0.00903329,0.00355739,-0.00355739,-0.00903329,1,1,-0.00415644,-0.00575126,0.000599051,-0.00328203,0,0,0,0,0,0,0,0,0,0,0,0,0,0,0,0,0,0,0,0,0,0,0,255,0.26,7.79584,0.26,-0.0182656,0.00987863,1,1,1,1,0,1,1,0.0275025,-3.27261,0.118254,0.0192412,0.00478065,0.0289173,14.3116,9899,1,367,107.371,2475,0,0.000884653,0.0123883,0.00321123,0,0,0,1,458,0.265,-2.41439e-05,-6.1372e-05,-1.62636e-05,6.39813e-06,-1.3964e-05,9.50932e-06,0.254017,-0.0275276,0.000711519,0.278438,-0.209447,0.0143475,-0.0173947,0.00893802,14.0215,1,0,0,0,0,0,-1,1,-9.04586e-07,-3.41782e-06,-0.209431,0,14.5728,1,1010,1010,1010,1010,0,0,0,0,14.577,56,-0.000229842,0.0016341,14,-0.0462657,-0.0176725,55,-0.000520939,-0.0105804,56,-0.00159402,-0.00220596,56,-0.00312331,-0.0135496,56,-0.00955305,-0.0161502,56,-0.00421665,0.00209535,56,-0.00672456,-0.0123536,53,0.00172079,-0.00538002
4713820866963,4713812408000,4713812408000,4713820861629,73729,8.45363,4713834122849,21.7148,1,10703,39132,0,0,1,0,0,0.020006,463,460,460,1,2.57134,4.50107,0.565264,0.297206,-0.0247192,-0.0247955,-5.22613e-05,-0.000119418,-0.000789481,0.0195368,1,-0.0059691,0.00261228,-0.00261228,-0.0059691,1,1,-0.00409614,-0.00279253,0.00148386,-0.00317658,0,0,0,0,0,0,0,0,0,0,0,0,0,0,0,0,0,0,0,0,0,0,0,255,0.26,2.578,0.26,-0.0174533,0.0151668,1,1,1,1,1,1,1,0.0275025,-3.27261,0.118254,0.0192412,0.00478065,0.0289173,28.121,9899,1,367,121.18,2475,0,0.000884653,0.0123883,0.00321123,0,0,0,1,460,0.265,-4.43652e-05,-0.000101308,-2.68466e-05,1.17568e-05,-2.28046e-05,1.68646e-05,0.253994,-0.0275107,0.00102743,0.278108,-0.209362,0.0149521,-0.0168359,0.00567015,13.544,2,0,0,0,0,0,-1,1,-9.04586e-07,-3.41782e-06,-0.209431,0,28.3827,1,1010,1010,1010,1010,0,0,0,0,28.3868,56,-0.00622242,-0.00567758,13,0.0023714,0.00673912,55,0.00463876,-0.00325235,56,-0.0045793,-0.00947182,56,-0.00248657,-0.00458308,56,-0.0059097,-0.00692148,56,-0.0019262,-0.00460622,56,-0.00270243,-0.00637842,56,-0.00266555,-0.00529203
4713834724095,4713820427000,4713820427000,4713834712873,73729,14.2859,4713848140890,27.7139,0,10703,39133,0,0,1,0,0,0.008019,465,465,465,1,2.51945,4.69943,0.607857,0.294744,0.0343323,-0.0180969,5.69742e-05,-4.23243e-05,-0.000376293,0.0187925,1,-0.005278,-0.0071049,0.0071049,-0.005278,1,1,0.00493008,-0.00199294,0.00217481,-0.00328506,0,0,0,0,0,0,0,0,0,0,0,0,0,0,0,0,0,0,0,0,0,0,0,255,0.26,5.88964,0.26,-0.0107053,0.014495,1,1,1,1,0,1,1,0.0275025,-3.27261,0.118254,0.0192412,0.00478065,0.0289173,42.1795,9899,1,367,135.239,2475,0,0.000884653,0.0123883,0.00321123,0,0,0,1,465,0.265,4.83813e-05,-3.5885e-05,-9.50952e-06,-1.2821e-05,-1.16132e-05,-1.06403e-05,0.253983,-0.0275214,0.00124551,0.27795,-0.209304,0.017491,-0.0174108,0.00477158,13.7618,1,0,0,0,0,0,-1,1,-9.04586e-07,-3.41782e-06,-0.209431,0,42.4486,1,1010,1010,1010,1010,0,0,0,0,42.4527,56,0.0183359,0.00989598,17,0.00241801,-0.0159134,56,0.0166865,-0.00611407,56,-0.00110723,-0.00515204,56,0.00639738,-0.0093917,56,0.00829843,-0.00363423,56,0.000424619,-0.0107468,56,0.0088118,-0.0135861,56,0.00520977,-0.00386562
4713848748728,4713840418000,4713840418000,4713848744228,73729,8.32623,4713862379877,21.9619,1,10704,39134,0,0,1,0,0,0.019991,465,462,459,0.993506,2.5433,4.88602,0.623598,0.291391,0.000274658,-0.0734253,-2.19097e-05,-0.000199241,-0.00362961,0.0144228,1,-0.00996654,0.00109598,-0.00109598,-0.00996654,1,1,-0.00306752,-0.00742903,0.00197154,-0.00253751,0,0,0,0,0,0,0,0,0,0,0,0,0,0,0,0,0,0,0,0,0,0,0,255,0.26,-0.033519,0.26,-0.0178202,0.011628,1,1,1,1,0,1,1,0.0271989,-3.27238,0.11831,0.0159532,0.00622777,0.0279179,7.33065,9900,1,367,149.436,2475,0,0.000884653,0.0123883,0.00321123,0,0,0,1,459,0.265,-1.85771e-05,-0.000168989,-4.47821e-05,4.92294e-06,-4.11035e-05,1.37555e-05,0.253942,-0.0275076,0.00169268,0.277748,-0.209115,0.0200668,-0.0134488,0.00769412,7.04991,2,0,0,0,0,0,-1,1,-9.04586e-07,-3.41782e-06,-0.209076,0,7.60123,1,1010,1010,1010,1010,0,0,0,0,7.60565,56,-0.00376222,-0.011712,15,0.012867,-0.0144105,52,0.0010159,-0.0163677,56,-0.00261909,-0.0100421,56,-0.000176183,-0.00533864,56,-0.0012228,-0.00478276,56,0.00164206,-0.00993957,56,-0.000272142,-0.0104523,56,-0.00242021,-0.00784948
4713862936900,4713852410000,4713852410000,4713862929586,73729,10.5196,4713877254259,24.8443,0,10704,39135,0,0,1,0,0,0.011992,463,460,457,0.993478,2.51233,4.8658,0.545856,0.316169,-0.00186157,-0.0283508,-1.58643e-05,-4.62189e-05,-0.00919686,-0.00483833,1,-0.00385415,0.00132291,-0.00132291,-0.00385415,1,1,-0.00232997,-0.00268198,0.00100706,-0.00117217,0,0,0,0,0,0,0,0,0,0,0,0,0,0,0,0,0,0,0,0,0,0,0,255,0.26,4.01198,0.26,-0.0215244,0.012418,1,1,1,1,0,1,1,0.0271989,-3.27238,0.11831,0.0159532,0.00622777,0.0279179,22.2235,9900,1,367,164.328,2475,0,0.000884653,0.0123883,0.00321123,0,0,0,1,457,0.265,-1.3339e-05,-3.90852e-05,-1.03576e-05,3.53484e-06,-9.00874e-06,5.52408e-06,0.253933,-0.0275021,0.00190976,0.277736,-0.208989,0.0193237,-0.00621249,0.011189,14.6294,1,0,0,0,0,0,-1,1,-9.04586e-07,-3.41782e-06,-0.209076,0,22.4838,1,1010,1010,1010,1010,0,0,0,0,22.4882,56,0.00429777,4.82424e-06,13,-0.0399527,0.00542178,52,0.000379449,-0.00708999,56,-0.00328082,-0.00470736,56,-0.00131949,-0.00830223,56,0.00784439,-0.0069912,56,-0.00642879,-0.00477093,56,0.00190071,-0.00526473,56,-0.00390272,0.00407111
4713877821022,4713860422000,4713860422000,4713877812263,73729,17.3903,4713890072382,29.6504,0,10704,39136,0,0,1,0,0,0.008012,464,464,454,0.978448,2.55733,4.39428,0.556727,0.29378,-0.0296478,0.0439072,-4.95552e-05,5.70656e-05,-0.00601394,0.0269471,1,0.00712251,0.00618512,-0.00618512,0.00712251,1,1,-0.00604598,0.00757702,-0.000139141,-0.000454506,0,0,0,0,0,0,0,0,0,0,0,0,0,0,0,0,0,0,0,0,0,0,0,255,0.26,8.24846,0.26,-0.0272743,0.0201392,1,1,1,1,1,1,1,0.0271989,-3.27238,0.11831,0.0159532,0.00622777,0.0279179,35.0291,9900,1,367,177.134,2475,0,0.000884653,0.0123883,0.00321123,0,0,0,1,454,0.265,-4.20427e-05,4.82688e-05,1.27912e-05,1.11413e-05,1.43498e-05,8.34772e-06,0.253947,-0.0274937,0.00208397,0.277719,-0.20883,0.0165574,-0.00240888,0.0138359,12.5594,1,0,0,0,0,0,-1,1,-9.04586e-07,-3.41782e-06,-0.209076,0,35.2907,1,1010,1010,1010,1010,0,0,0,0,35.2951,56,-0.000524118,0.0100058,16,-0.00830889,0.00750236,56,0.00539714,0.00025418,56,-0.00526293,0.000939721,56,-0.0142315,0.00931162,56,-0.0156043,0.01469,46,-0.00466082,0.0106904,56,-0.0106475,0.00580427,56,-0.0132037,0.00167861
