mono_ns,camera_ts_ns,v4l2_timestamp_ns,camera_dequeue_ns,v4l2_flags,v4l2_to_dequeue_ms,flow_send_ns,frame_pipeline_latency_ms,camera_queue_dropped,camera_queue_dropped_total,frame,guide_leg,guide_stage,valid,invalid_reason,bridge_pending,dt_s,features,tracked,inliers,inlier_ratio,t_features_ms,t_lk_ms,t_ransac_ms,t_post_ms,du_px,dv_px,du_norm,dv_norm,yaw_rate_cam_z,scale_rate,lk_height_scale,flow_cam_x,flow_cam_y,flow_body_x,flow_body_y,lever_valid,lever_production_applied,lever_flow_body_x,lever_flow_body_y,lever_pred_flow_x,lever_pred_flow_y,ab_fb_enabled,ab_fb_max_px,ab_fb_checked,ab_fb_pass,ab_fb_ratio,ab_fb_inliers,ab_fb_valid,ab_fb_flow_body_x,ab_fb_flow_body_y,ab_fb_t_ms,ab_robust_valid,ab_robust_flow_body_x,ab_robust_flow_body_y,ab_robust_sigma,ab_robust_mean_weight,ab_robust_downweighted,ab_robust_iters,ab_obs_valid,ab_obs_flow_body_x,ab_obs_flow_body_y,ab_obs_median_ratio,ab_obs_mean_weight,ab_obs_downweighted,quality,luna_m,luna_age_ms,range_to_fc_m,flow_send_x,flow_send_y,flow_sent,stabilised_publish_mode,stabilised_publish_ready,stabilised_publish_source,range_sent,fc_armed,ekf_local_valid,ekf_x_ned,ekf_y_ned,ekf_z_ned,ekf_vx_ned,ekf_vy_ned,ekf_vz_ned,ekf_age_ms,ekf_count,ekf_status_valid,ekf_flags,ekf_status_age_ms,ekf_status_count,ekf_vel_var,ekf_pos_h_var,ekf_pos_v_var,ekf_compass_var,ekf_terrain_var,return_event,rc_zero_seq,worked5_valid,worked5_points,worked5_hcam_m,worked5_du_norm,worked5_dv_norm,worked5_dx_m,worked5_dy_m,worked5_dN_m,worked5_dE_m,worked5_acc_n_m,worked5_acc_e_m,fc_roll,fc_pitch,fc_yaw,fc_gyro_x,fc_gyro_y,fc_gyro_z,fc_gyro_age_ms,fc_gyro_samples,ctrl_target_valid,ctrl_target_x,ctrl_target_y,ctrl_target_vx,ctrl_target_vy,ctrl_target_age_ms,att_target_valid,att_target_roll,att_target_pitch,att_target_yaw,att_target_thrust,att_target_age_ms,outputs_valid,out1,out2,out3,out4,out5,out6,out7,out8,outputs_age_ms,c0_n,c0_bx,c0_by,c1_n,c1_bx,c1_by,c2_n,c2_bx,c2_by,c3_n,c3_bx,c3_by,c4_n,c4_bx,c4_by,c5_n,c5_bx,c5_by,c6_n,c6_bx,c6_by,c7_n,c7_bx,c7_by,c8_n,c8_bx,c8_by
4412736471923,4412725106000,4412725106000,4412736466534,73729,11.3605,4412749004869,23.8989,1,4762,14867,0,0,1,0,0,0.019969,332,332,332,1,3.11932,3.3244,0.506153,0.222335,0.0745544,-0.069725,0.000118627,-0.000133598,-0.0020849,0.000186411,1,-0.00669025,-0.00594057,0.00594057,-0.00669025,1,1,0.00618023,-0.00663225,-0.000239667,-5.79995e-05,0,0,0,0,0,0,0,0,0,0,0,0,0,0,0,0,0,0,0,0,0,0,0,255,0.2,0.873693,0.2,0.000926528,-0.0142296,1,1,1,1,1,1,1,-0.538089,-3.14569,0.148347,-0.0118605,0.0104693,0.0258368,15.746,3890,1,367,61.3505,973,0,0.000884653,0.0134905,0.0102763,0,0,0,1,332,0.205,0.000100656,-0.000113288,-2.3224e-05,-2.06344e-05,-2.73479e-05,-1.47283e-05,-0.429248,0.128506,0.00328989,-0.0208932,-0.232548,0.00168443,-0.000237798,0.00213365,15.5123,0,0,0,0,0,0,-1,1,-9.04571e-07,-3.41785e-06,-0.232475,0,16.0667,1,1010,1010,1010,1010,0,0,0,0,16.071,56,0.00732029,-0.00529223,56,0.00524722,-0.00820339,56,0.00791158,-0.00669215,2,0,0,0,0,0,2,0,0,48,0.00667752,-0.00460167,56,0.00708097,-0.00716014,56,0.00511594,-0.0062913
4412749668579,4412737083000,4412737083000,4412749654912,73729,12.5719,4412761407240,24.3242,0,4762,14868,0,0,1,0,0,0.011977,334,334,334,1,2.82049,3.30675,0.569968,0.27478,-0.0059967,-0.0452881,-8.04222e-06,-8.61907e-05,0.00696811,0.00284275,1,-0.00719635,0.000671472,-0.000671472,-0.00719635,1,1,-0.00149005,-0.00707764,0.000818578,-0.000118709,0,0,0,0,0,0,0,0,0,0,0,0,0,0,0,0,0,0,0,0,0,0,0,255,0.2,3.91783,0.2,0.000578097,0.00586417,1,1,1,1,0,1,1,-0.538089,-3.14569,0.148347,-0.0118605,0.0104693,0.0258368,28.1488,3890,1,367,73.7534,973,0,0.000884653,0.0134905,0.0102763,0,0,0,1,334,0.205,-6.83025e-06,-7.3081e-05,-1.49816e-05,1.4002e-06,-1.42521e-05,4.81556e-06,-0.429262,0.128511,0.00320845,-0.0210195,-0.23263,-0.000784529,-0.000486708,-0.00331256,12.1808,2,0,0,0,0,0,-1,1,-9.04571e-07,-3.41785e-06,-0.232475,0,28.3663,1,1010,1010,1010,1010,0,0,0,0,28.3706,56,0.000337646,-0.00529497,56,0.000678588,-0.00611944,56,0.00105092,-0.00810783,2,0,0,0,0,0,3,0.00194853,-0.00484373,49,-0.000135245,-0.0103744,56,0.000103961,-0.00808715,56,-0.000280083,-0.00859174
4412761929003,4412745126000,4412745126000,4412761916707,73729,16.7907,4412772527488,27.4015,0,4762,14869,0,0,1,0,0,0.008043,331,331,331,1,2.77573,3.52983,0.553431,0.254743,-0.0382233,-0.0341339,-4.81093e-05,-6.38029e-05,0.00270611,-0.00733542,1,-0.00793272,0.00598151,-0.00598151,-0.00793272,1,1,-0.00757395,-0.00779786,0.00159244,-0.000134857,0,0,0,0,0,0,0,0,0,0,0,0,0,0,0,0,0,0,0,0,0,0,0,255,0.19,5.27529,0.19,-0.0066038,-0.00671424,1,1,1,1,0,1,1,-0.538089,-3.14569,0.148347,-0.0118605,0.0104693,0.0258368,39.333,3890,1,367,84.9378,973,0,0.000884653,0.0134905,0.0102763,0,0,0,1,331,0.195,-4.08203e-05,-5.41193e-05,-1.05533e-05,7.95995e-06,-8.43154e-06,1.01785e-05,-0.42927,0.128521,0.00315861,-0.021082,-0.232691,-0.00238884,-0.000525943,-0.00687949,10.8844,1,0,0,0,0,0,-1,1,-9.04571e-07,-3.41785e-06,-0.232475,0,39.5833,1,1010,1010,1010,1010,0,0,0,0,39.5876,56,-0.0123397,-0.00774038,56,0.00378756,-0.00698684,56,-0.00823705,-0.00824964,2,0,0,0,0,0,2,0,0,47,-0.00385607,-0.00974315,56,-0.0119496,-0.00560666,56,-0.0081784,-0.0065371
4412773298957,4412765122000,4412765122000,4412773284346,73729,8.16235,4412785584586,20.4626,1,4763,14870,0,0,1,0,0,0.019996,332,332,331,0.996988,2.9266,4.62348,0.479226,0.25278,-0.0955658,-0.0147705,-0.000143481,-2.75256e-05,0.011584,-0.000860618,1,-0.00137655,0.00717547,-0.00717547,-0.00137655,1,1,-0.00833123,-0.00141546,0.00115576,3.89032e-05,0,0,0,0,0,0,0,0,0,0,0,0,0,0,0,0,0,0,0,0,0,0,0,255,0.2,7.22873,0.2,-0.0119649,-0.0208774,1,1,1,1,0,1,1,-0.538089,-3.14569,0.148347,-0.0118605,0.0104693,0.0258368,52.3287,3890,1,367,97.9332,973,0,0.000884653,0.0134905,0.0102763,0,0,0,1,331,0.205,-0.000121734,-2.33141e-05,-4.77938e-06,2.49554e-05,1.10433e-06,2.53849e-05,-0.429269,0.128547,0.00312095,-0.0211076,-0.232725,-0.00310821,0.000159503,-0.00627746,12.7955,1,0,0,0,0,0,-1,1,-9.04571e-07,-3.41785e-06,-0.23266,0,0.200669,1,1010,1010,1010,1010,0,0,0,0,0.204521,56,-0.00649338,-0.00152717,56,-0.00650084,-0.00172912,56,-0.00557777,-0.000974017,2,0,0,0,0,0,2,0,0,47,-0.00715936,-0.00189773,56,-0.00788421,-0.00201906,56,-0.00581092,-0.00234075
4412786093887,4412777077000,4412777077000,4412786080424,73729,9.00342,4412800078420,23.0014,0,4763,14871,0,0,1,0,0,0.011955,334,334,334,1,2.69886,3.43188,0.460967,0.244669,0.000335693,0.0167847,1.84127e-05,1.10216e-05,0.00553008,0.00216805,1,0.000921925,-0.00154016,0.00154016,0.000921925,1,1,0.000677077,0.000702677,0.000863086,0.000219248,0,0,0,0,0,0,0,0,0,0,0,0,0,0,0,0,0,0,0,0,0,0,0,255,0.2,-0.289188,0.2,0.0172327,0.0372029,1,1,1,1,0,1,1,-0.538101,-3.14562,0.148242,-0.00906317,0.00893491,0.0256041,14.4752,3891,1,367,112.423,973,0,0.000884653,0.0134905,0.0102763,0,0,0,1,334,0.205,1.55359e-05,9.33299e-06,1.91326e-06,-3.18486e-06,1.12694e-06,-3.5402e-06,-0.429268,0.128543,0.00311331,-0.0211405,-0.232729,-0.000826575,0.000898918,-0.00349218,14.2856,1,0,0,0,0,0,-1,1,-9.04571e-07,-3.41785e-06,-0.23266,0,14.6982,1,1010,1010,1010,1010,0,0,0,0,14.7021,56,-0.00294443,0.00359868,56,0.0145553,-0.00221671,56,-0.00193854,0.00346719,2,0,0,0,0,0,2,0,0,50,0.000995351,0.00303503,56,0.0018912,0.002237,56,-0.000421416,0.00244518
4412800622851,4412785101000,4412785101000,4412800607832,73729,15.5068,4412811016907,25.9159,0,4763,14872,0,0,1,0,0,0.008024,335,335,335,1,2.67382,3.32101,0.578172,0.262836,0.00973511,-0.0261536,7.08941e-07,-4.04471e-05,-0.00534889,0.00176278,1,-0.00504077,-8.83525e-05,8.83525e-05,-0.00504077,1,1,4.73202e-05,-0.00474828,4.10323e-05,-0.000292486,0,0,0,0,0,0,0,0,0,0,0,0,0,0,0,0,0,0,0,0,0,0,0,255,0.2,4.05511,0.2,0.00267132,-0.00553872,1,1,1,1,1,1,1,-0.538101,-3.14562,0.148242,-0.00906317,0.00893491,0.0256041,25.413,3891,1,367,123.361,973,0,0.000884653,0.0134905,0.0102763,0,0,0,1,335,0.205,6.06141e-07,-3.43017e-05,-7.03185e-06,-1.24259e-07,-6.86948e-06,1.50007e-06,-0.429275,0.128545,0.00310425,-0.0212096,-0.232665,0.000963412,-0.00119919,0.000636144,10.7186,2,0,0,0,0,0,-1,1,-9.04571e-07,-3.41785e-06,-0.23266,0,25.6335,1,1010,1010,1010,1010,0,0,0,0,25.6373,56,-0.000303737,-0.00500008,56,-0.00303331,0.00052966,56,-0.004886,-0.00495849,1,0,0,0,0,0,3,0.018796,-0.0249756,51,0.00472671,-0.0176429,56,0.00356627,-0.00439352,56,0.00117359,-0.00504963
4412811586079,4412797081000,4412797081000,4412811567727,73729,14.4867,4412822527900,25.4469,0,4763,14873,0,0,1,0,0,0.01198,331,331,331,1,2.75715,3.19603,0.52743,0.260799,0.0143433,-0.00598145,2.24485e-05,1.80335e-06,-0.00166571,-0.00554063,1,0.00015053,-0.00187383,0.00187383,0.00015053,1,1,0.00315064,7.52988e-05,-0.00127681,7.52309e-05,0,0,0,0,0,0,0,0,0,0,0,0,0,0,0,0,0,0,0,0,0,0,0,255,0.19,4.85628,0.19,-0.00712383,-0.0172712,1,1,1,1,0,1,1,-0.538101,-3.14562,0.148242,-0.00906317,0.00893491,0.0256041,36.9238,3891,1,367,134.871,973,0,0.000884653,0.0134905,0.0102763,0,0,0,1,331,0.195,1.90765e-05,1.5153e-06,2.95484e-07,-3.71991e-06,-5.69745e-07,-3.68788e-06,-0.429276,0.128541,0.00310806,-0.0212155,-0.232594,0.000985851,0.000293401,0.00477234,11.3341,1,0,0,0,0,0,-1,1,-9.04571e-07,-3.41785e-06,-0.23266,0,37.1361,1,1010,1010,1010,1010,0,0,0,0,37.1399,56,0.0009619,0.00112593,56,-0.0033791,0.00127355,56,0.00706289,-0.00136732,2,0,0,0,0,0,3,-0.00970153,0.000387661,46,0.00407427,-0.00220239,56,0.000834152,-0.00202503,56,0.0027546,0.0011677
4412823041719,4412817070000,4412817070000,4412823033219,73729,5.96322,4412835185328,18.1153,1,4764,14874,0,0,1,0,0,0.019989,338,338,338,1,2.79017,3.7659,0.519542,0.220021,0.0409393,0.047142,6.96201e-06,6.48877e-05,-0.00885523,0.00425743,1,0.00324617,-0.000348292,0.000348292,0.00324617,1,1,0.00208566,0.00308458,-0.00173737,0.000161587,0,0,0,0,0,0,0,0,0,0,0,0,0,0,0,0,0,0,0,0,0,0,0,255,0.19,6.16313,0.19,-0.0487246,-0.213681,1,1,1,1,0,1,1,-0.537984,-3.14572,0.148297,-0.0072356,0.00685364,0.0260726,1.87374,3892,1,367,147.527,973,0,0.000884653,0.0134905,0.0102763,0,0,0,1,338,0.195,6.00178e-06,5.50274e-05,1.07303e-05,-1.17035e-06,1.01698e-05,-3.61023e-06,-0.429265,0.128537,0.00310899,-0.0212358,-0.232454,0.001425,0.000630189,0.0065606,1.70077,2,0,0,0,0,0,-1,1,-9.04571e-07,-3.41785e-06,-0.232385,0,2.0895,1,1010,1010,1010,1010,0,0,0,0,2.09406,56,0.00455426,0.00319068,56,-0.0037995,0.000511083,56,0.00266083,0.0044448,1,0,0,0,0,0,2,0,0,55,0.00139219,0.00436355,56,0.00279094,0.00480637,56,0.00154626,0.00500935
4412835692296,4412825101000,4412825101000,4412835678444,73729,10.5774,4412846176779,21.0758,0,4764,14875,0,0,1,0,0,0.008031,336,336,336,1,3.06995,3.33047,0.597061,0.222447,0.0241394,0.00548553,6.47119e-05,-5.27467e-07,0.00490567,0.00882366,1,-6.56788e-05,-0.00805776,0.00805776,-6.56788e-05,1,1,0.00973922,-0.000159462,-0.00168146,9.37828e-05,0,0,0,0,0,0,0,0,0,0,0,0,0,0,0,0,0,0,0,0,0,0,0,255,0.2,8.67978,0.2,0.147036,0.446524,1,1,1,1,0,1,1,-0.537984,-3.14572,0.148297,-0.0072356,0.00685364,0.0260726,12.8787,3892,1,367,158.533,973,0,0.000884653,0.0134905,0.0102763,0,0,0,1,336,0.205,5.48134e-05,-4.51076e-07,-9.24707e-08,-1.12367e-05,-2.67779e-06,-1.09133e-05,-0.429268,0.128526,0.00310899,-0.0212358,-0.232454,0.00128891,0.00038451,0.00654633,12.687,0,0,0,0,0,0,-1,1,-9.04571e-07,-3.41785e-06,-0.232385,0,13.0972,1,1010,1010,1010,1010,0,0,0,0,13.1018,56,0.00342926,0.00279976,56,0.0229631,0.00299295,56,0.00189659,-0.000806064,2,0,0,0,0,0,3,0.00942702,0.00267278,51,0.00153298,0.00604868,56,0.00922648,-0.00280509,56,0.00606543,-0.001691
4412846700543,4412833102000,4412833102000,4412846686061,73729,13.5841,4412857032580,23.9306,0,4764,14876,0,0,1,0,0,0.008001,336,336,336,1,2.93355,2.51578,0.434411,0.223687,0.00582886,0.0123978,-1.42313e-05,3.13875e-05,-0.0100043,0.00262562,1,0.00392294,0.00177869,-0.00177869,0.00392294,1,1,-0.000563411,0.0041006,-0.00121528,-0.00017766,0,0,0,0,0,0,0,0,0,0,0,0,0,0,0,0,0,0,0,0,0,0,0,255,0.2,-0.63045,0.2,0.0275868,0.104162,1,1,1,1,0,1,1,-0.537984,-3.14572,0.148297,-0.0072356,0.00685364,0.0260726,23.7243,3892,1,367,169.378,973,0,0.000884653,0.0134905,0.0102763,0,0,0,1,336,0.205,-1.20185e-05,2.66191e-05,5.45692e-06,2.46379e-06,5.87633e-06,1.1409e-06,-0.429262,0.128528,0.00309247,-0.0212473,-0.232427,0.000335483,-0.000728404,0.0042545,10.5789,1,0,0,0,0,0,-1,1,-9.04571e-07,-3.41785e-06,-0.232385,0,24.0635,1,1010,1010,1010,1010,0,0,0,0,24.068,56,0.00317734,-0.00378325,56,-0.0146837,0.00544431,56,-0.00140235,0.00947902,2,0,0,0,0,0,3,-0.0058383,0.0100082,51,-0.00415507,0.00502126,56,0.00231215,0.000904839,56,0.00554759,0.00460533
4412857746549,4412845095000,4412845095000,4412857731086,73729,12.6361,4412866894594,21.7996,0,4764,14877,0,0,1,0,0,0.011993,333,333,333,1,2.79388,2.46871,0.442097,0.246724,0.0043335,0.0261536,1.32095e-05,4.69375e-05,0.000571375,-0.00368434,1,0.00391374,-0.00110143,0.00110143,0.00391374,1,1,0.00120354,0.00383695,-0.000102106,7.67857e-05,0,0,0,0,0,0,0,0,0,0,0,0,0,0,0,0,0,0,0,0,0,0,0,255,0.2,0.23965,0.2,-0.000643434,0.00340414,1,1,1,1,1,1,1,-0.537984,-3.14572,0.148297,-0.0072356,0.00685364,0.0260726,33.6131,3892,1,367,179.267,973,0,0.000884653,0.0134905,0.0102763,0,0,0,1,333,0.205,1.12144e-05,3.98119e-05,8.16145e-06,-2.29895e-06,7.41072e-06,-4.11679e-06,-0.429255,0.128523,0.00306532,-0.0212559,-0.232447,-0.000499448,0.000314821,-6.46511e-05,7.92096,2,0,0,0,0,0,-1,1,-9.04571e-07,-3.41785e-06,-0.232385,0,33.8345,1,1010,1010,1010,1010,0,0,0,0,33.839,56,0.00292564,0.00485979,56,0.00398012,0.00635663,56,0.00291327,0.000522638,2,0,0,0,0,0,2,0,0,49,0.00132324,0.00262416,56,-0.000759941,0.0060488,56,-0.0019641,0.00589553
4412867572360,4412853119000,4412853119000,4412867553508,73729,14.4345,4412877928360,24.8094,0,4764,14878,0,0,1,0,0,0.008024,337,337,337,1,2.82875,2.49765,0.483764,0.223446,0.0045166,-0.0283356,2.68566e-05,-5.73009e-05,0.0112736,-0.00223956,1,-0.00714119,-0.00334704,0.00334704,-0.00714119,1,1,0.00310224,-0.00717862,0.000244796,3.74341e-05,0,0,0,0,0,0,0,0,0,0,0,0,0,0,0,0,0,0,0,0,0,0,0,255,0.21,-0.136242,0.21,0.000805777,-0.00552021,1,1,1,1,0,1,1,-0.537984,-3.14572,0.148297,-0.0072356,0.00685364,0.0260726,44.621,3892,1,367,190.275,973,0,0.000884653,0.0134905,0.0102763,0,0,0,1,337,0.215,2.27177e-05,-4.85555e-05,-1.04394e-05,-4.88431e-06,-1.12812e-05,-2.34872e-06,-0.429266,0.128521,0.00306532,-0.0212559,-0.232447,-0.000725069,0.000160967,-0.00142215,18.9162,0,0,0,0,0,0,-1,1,-9.04571e-07,-3.41785e-06,-0.232385,0,44.8842,1,1010,1010,1010,1010,0,0,0,0,44.8888,56,0.00118829,-0.00172669,56,0.017219,-0.00866943,56,-0.00253893,-0.00838018,2,0,0,0,0,0,3,-0.0104442,-0.0182692,52,-0.00155433,-0.0087512,56,0.00499217,-0.00571109,56,0.00362923,-0.00827075
4412878530384,4412865103000,4412865103000,4412878519847,73729,13.4168,4412891804244,26.7012,0,4764,14879,0,0,1,0,0,0.011984,332,332,330,0.993976,3.10705,2.84275,0.423503,0.219539,-0.0124207,-0.047966,-2.40155e-05,-9.24551e-05,0.00356368,0.00252191,1,-0.00771488,0.00200396,-0.00200396,-0.00771488,1,1,-0.0031243,-0.0074204,0.00112034,-0.000294486,0,0,0,0,0,0,0,0,0,0,0,0,0,0,0,0,0,0,0,0,0,0,0,255,0.2,0.699266,0.2,0.0867208,0.207691,1,1,1,1,0,1,1,-0.537728,-3.1459,0.148094,-0.00479935,0.0069061,0.0257795,4.52248,3893,1,367,4.47104,974,0,0.000884653,0.0132557,0.00928859,0,0,0,1,330,0.205,-2.03756e-05,-7.83949e-05,-1.60709e-05,4.177e-06,-1.46727e-05,7.76708e-06,-0.429281,0.128529,0.00304625,-0.0212797,-0.232524,-0.000662177,-0.00120739,-0.00420445,4.34891,2,0,0,0,0,0,-1,1,-9.04571e-07,-3.41785e-06,-0.232456,0,4.74878,1,1010,1010,1010,1010,0,0,0,0,4.75275,56,-0.000699583,-0.00930288,56,0.00120323,-0.00952608,56,-0.00296587,-0.0100892,2,0,0,0,0,0,2,0,0,48,0.00205071,-0.00358317,56,-0.00380632,-0.00888459,54,-0.00316449,-0.00507737
4412892292063,4412873117000,4412873117000,4412892277230,73729,19.1602,4412901944354,28.8274,0,4764,14880,0,0,1,0,0,0.008014,335,335,335,1,2.61571,2.79617,0.499374,0.221576,-0.0337067,-0.0169373,-7.31102e-05,-2.47677e-05,0.000489041,-0.0168836,1,-0.00309055,0.00912281,-0.00912281,-0.00309055,1,1,-0.0100045,-0.00323425,0.000881685,0.000143699,0,0,0,0,0,0,0,0,0,0,0,0,0,0,0,0,0,0,0,0,0,0,0,255,0.2,4.29634,0.2,-0.0566282,-0.138835,1,1,1,1,0,1,1,-0.537728,-3.1459,0.148094,-0.00479935,0.0069061,0.0257795,14.6685,3893,1,367,14.6171,974,0,0.000884653,0.0132557,0.00928859,0,0,0,1,335,0.205,-6.19847e-05,-2.09934e-05,-4.30365e-06,1.27069e-05,-1.25926e-06,1.33565e-05,-0.429282,0.128542,0.00302718,-0.0212695,-0.232549,-0.00151835,0.000589166,-0.0041066,9.95876,1,0,0,0,0,0,-1,1,-9.04571e-07,-3.41785e-06,-0.232456,0,14.887,1,1010,1010,1010,1010,0,0,0,0,14.891,56,-0.00807993,-0.00502715,56,-0.0198217,-0.00209599,56,-0.00671396,-0.0033812,1,0,0,0,0,0,3,0.0109325,0.00267726,51,-0.00793728,-0.00997138,56,-0.00611692,0.00180368,56,-0.00544985,-0.00186063
4412902474581,4412893118000,4412893118000,4412902465877,73729,9.34788,4412913574884,20.4569,1,4765,14881,0,0,1,0,0,0.020001,335,335,335,1,2.76219,2.97956,0.472171,0.220983,-0.0685425,0.092453,-8.81284e-05,0.00016522,0.00483407,0.00434286,1,0.00826061,0.0044062,-0.0044062,0.00826061,1,1,-0.0050471,0.00779748,0.000640895,0.000463125,0,0,0,0,0,0,0,0,0,0,0,0,0,0,0,0,0,0,0,0,0,0,0,255,0.2,4.20315,0.2,-0.0348849,-0.0763565,1,1,1,1,0,1,1,-0.537728,-3.1459,0.148094,-0.00479935,0.0069061,0.0257795,26.2983,3893,1,367,26.2469,974,0,0.000884653,0.0132557,0.00928859,0,0,0,1,335,0.205,-7.4795e-05,0.000140108,2.8722e-05,1.5333e-05,3.14754e-05,8.3021e-06,-0.429251,0.12855,0.00301636,-0.0212646,-0.232566,-0.00138678,0.00189881,-0.00321156,11.4367,1,0,0,0,0,0,-1,1,-9.04571e-07,-3.41785e-06,-0.232456,0,26.5166,1,1010,1010,1010,1010,0,0,0,0,26.5206,56,-0.00426498,0.00945383,56,-0.00493796,0.00645076,56,-0.00360248,0.00960052,2,0,0,0,0,0,3,-0.0109165,-0.0011229,50,-0.00679317,0.0104448,56,-0.00650841,0.00727918,56,-0.00522573,0.00716061
4412914086092,4412905098000,4412905098000,4412914075777,73729,8.97778,4412924977912,19.8799,0,4765,14882,0,0,1,0,0,0.01198,335,335,335,1,2.85812,2.83716,0.504171,0.21928,-0.00726318,0.00735474,1.79335e-06,1.29912e-05,0.00304374,0.00668117,1,0.0010844,-0.000149696,0.000149696,0.0010844,1,1,-4.77265e-05,0.00109846,0.000197422,-1.40601e-05,0,0,0,0,0,0,0,0,0,0,0,0,0,0,0,0,0,0,0,0,0,0,0,255,0.2,5.7779,0.2,0.0013759,-0.000369778,1,1,1,1,1,1,1,-0.537728,-3.1459,0.148094,-0.00479935,0.0069061,0.0257795,37.7116,3893,1,367,37.6604,974,0,0.000884653,0.0132557,0.00928859,0,0,0,1,335,0.205,1.47311e-06,1.0981e-05,2.25111e-06,-3.01987e-07,2.12045e-06,-8.12516e-07,-0.429248,0.12855,0.00302503,-0.0213008,-0.232541,3.50557e-05,-5.76465e-05,-0.0006195,11.2124,1,0,0,0,0,0,-1,1,-9.04571e-07,-3.41785e-06,-0.232456,0,38.0049,1,1010,1010,1010,1010,0,0,0,0,38.0089,56,-0.00545941,0.000251302,56,0.0042101,0.00022569,56,-0.000154111,0.00198349,2,0,0,0,0,0,3,-0.00222351,0.00262021,50,0.00241664,0.00350162,56,-0.000747505,-0.00169773,56,-0.00269314,-0.000654175
4412925638418,4412913118000,4412913118000,4412925621307,73729,12.5033,4412935702434,22.5844,0,4765,14883,0,0,1,0,0,0.00802,335,335,335,1,3.1369,2.89706,0.593079,0.261557,0.0266113,-0.0309143,2.90386e-05,-6.46584e-05,-0.00411565,0.00160479,1,-0.00806214,-0.00362078,0.00362078,-0.00806214,1,1,0.00403972,-0.0077242,-0.000418943,-0.000337938,0,0,0,0,0,0,0,0,0,0,0,0,0,0,0,0,0,0,0,0,0,0,0,255,0.2,7.16419,0.2,0.0055933,-0.00699424,1,1,1,1,0,1,1,-0.537251,-3.14623,0.147887,-0.00396272,0.0039505,0.0253595,1.65101,3894,1,367,48.3648,974,0,0.000884653,0.0132557,0.00928859,0,0,0,1,335,0.205,2.46783e-05,-5.48062e-05,-1.12353e-05,-5.05906e-06,-1.20957e-05,-2.3356e-06,-0.429261,0.128547,0.00306597,-0.0213345,-0.232438,0.00244641,-0.00138555,0.00333126,1.48379,2,0,0,0,0,0,-1,1,-9.04571e-07,-3.41785e-06,-0.232371,0,1.8637,1,1010,1010,1010,1010,0,0,0,0,1.86766,56,0.0108176,-0.00779526,56,-0.00675832,-0.0113518,56,0.0058547,-0.00495046,1,0,0,0,0,0,3,0.00323268,-0.00431539,51,0.00792489,-0.00946289,56,0.00475159,-0.0046205,56,0.00800889,-0.00687053
4412936228236,4412925096000,4412925096000,4412936212328,73729,11.1163,4412946719385,21.6234,0,4765,14884,0,0,1,0,0,0.011978,333,333,333,1,2.98904,2.77914,0.425208,0.221817,0.0549622,-0.0263062,9.33004e-05,-4.7832e-05,-0.00527752,-0.00151021,1,-0.00399332,-0.00778932,0.00778932,-0.00399332,1,1,0.00844496,-0.00366822,-0.000655643,-0.000325097,0,0,0,0,0,0,0,0,0,0,0,0,0,0,0,0,0,0,0,0,0,0,0,255,0.2,7.56583,0.2,0.00585364,-0.00276716,1,1,1,1,0,1,1,-0.537251,-3.14623,0.147887,-0.00396272,0.0039505,0.0253595,12.7332,3894,1,367,59.447,974,0,0.000884653,0.0132557,0.00928859,0,0,0,1,333,0.205,7.91522e-05,-4.05781e-05,-8.31851e-06,-1.62262e-05,-1.18296e-05,-1.38743e-05,-0.429272,0.128533,0.00306597,-0.0213345,-0.232438,0.00299179,-0.0013329,0.00454395,12.4802,0,0,0,0,0,0,-1,1,-9.04571e-07,-3.41785e-06,-0.232371,0,12.9955,1,1010,1010,1010,1010,0,0,0,0,12.9994,56,0.00656783,-0.00322618,56,0.0126782,-0.00443937,56,0.00860645,-0.00344907,2,0,0,0,0,0,3,0.00226378,-0.00241172,48,0.00706489,-0.00540965,56,0.0098599,-0.00164596,56,0.00420565,-0.00414769
4412947510207,4412933134000,4412933134000,4412947481503,73729,14.3475,4412956918125,23.7841,0,4765,14885,0,0,1,0,0,0.008038,335,335,335,1,2.83786,2.54499,0.394337,0.22228,0.0227051,-0.0128784,1.58572e-05,-2.53437e-05,-0.014353,1.10325e-06,1,-0.00315298,-0.00197278,0.00197278,-0.00315298,1,1,0.00316055,-0.00288195,-0.00118777,-0.000271035,0,0,0,0,0,0,0,0,0,0,0,0,0,0,0,0,0,0,0,0,0,0,0,255,0.2,8.71426,0.2,0.000736172,-0.00128157,1,1,1,1,0,1,1,-0.537251,-3.14623,0.147887,-0.00396272,0.0039505,0.0253595,22.9012,3894,1,367,69.6151,974,0,0.000884653,0.0132557,0.00928859,0,0,0,1,335,0.205,1.3512e-05,-2.14704e-05,-4.40144e-06,-2.76996e-06,-4.91988e-06,-1.68214e-06,-0.429277,0.128532,0.0030733,-0.0213439,-0.23238,0.00203157,-0.00111124,0.00552115,9.9392,1,0,0,0,0,0,-1,1,-9.04571e-07,-3.41785e-06,-0.232371,0,23.2526,1,1010,1010,1010,1010,0,0,0,0,23.2565,56,0.00962083,-0.00382014,56,0.00113711,0.00122604,56,0.00498776,-0.00421022,2,0,0,0,0,0,3,-0.00514504,0.00103872,50,0.000936429,-0.00451377,56,-0.000966862,-0.00252768,56,0.00554747,-0.00172332
4412957644020,4412945097000,4412945097000,4412957628076,73729,12.5311,4412968561489,23.4645,0,4765,14886,0,0,1,0,0,0.011963,328,328,328,1,2.81423,2.40022,0.512264,0.255225,0.0175323,-0.0214844,2.37651e-05,-3.90914e-05,-0.00202878,0.00544043,1,-0.00326769,-0.00198655,0.00198655,-0.00326769,1,1,0.003225,-0.00299646,-0.00123845,-0.000271235,0,0,0,0,0,0,0,0,0,0,0,0,0,0,0,0,0,0,0,0,0,0,0,255,0.2,8.70219,0.2,-0.000849529,-0.00107974,1,1,1,1,0,1,1,-0.537251,-3.14623,0.147887,-0.00396272,0.0039505,0.0253595,34.5487,3894,1,367,81.2625,974,0,0.000884653,0.0132557,0.00928859,0,0,0,1,328,0.205,2.01626e-05,-3.31332e-05,-6.79231e-06,-4.13333e-06,-7.55974e-06,-2.45873e-06,-0.429285,0.128529,0.00307315,-0.0213498,-0.232336,0.00109374,-0.00111206,0.00493711,11.3773,1,0,0,0,0,0,-1,1,-9.04571e-07,-3.41785e-06,-0.232371,0,34.7691,1,1010,1010,1010,1010,0,0,0,0,34.773,56,0.00513299,-0.00757805,56,0.00663948,-0.00289646,56,-0.000265654,-0.00384988,2,0,0,0,0,0,2,0,0,44,0.00230787,-0.00408402,56,0.00208469,-0.00247837,56,-0.000959718,-0.00126286
4412969287255,4412953115000,4412953115000,4412969204939,73729,16.0899,4412978908878,25.7939,0,4765,14887,0,0,1,0,0,0.008018,333,333,333,1,2.67312,2.46078,0.504671,0.257484,-0.021698,0.0232849,-1.79097e-05,5.01194e-05,0.00336637,-0.00857234,1,0.00625085,0.00223368,-0.00223368,0.00625085,1,1,-0.0012018,0.00608025,-0.00103188,0.0001706,0,0,0,0,0,0,0,0,0,0,0,0,0,0,0,0,0,0,0,0,0,0,0,255,0.21,0.033427,0.21,-0.00624334,0.00541377,1,1,1,1,1,1,1,-0.537251,-3.14623,0.147887,-0.00396272,0.0039505,0.0253595,44.8674,3894,1,367,91.5813,974,0,0.000884653,0.0132557,0.00928859,0,0,0,1,333,0.215,-1.52608e-05,4.2478e-05,9.13278e-06,3.28108e-06,9.64062e-06,1.09079e-06,-0.429275,0.12853,0.00302551,-0.0213053,-0.232316,-0.00184765,0.000733578,0.00207155,10.0938,2,0,0,0,0,0,-1,1,-9.04571e-07,-3.41785e-06,-0.232371,0,45.1271,1,1010,1010,1010,1010,0,0,0,0,0.250391,56,-0.011904,0.008065,56,0.00469119,0.00821651,56,-0.00019614,0.00613346,1,0,0,0,0,0,2,0,0,50,-0.00541123,0.00967907,56,-0.0038296,0.00448111,56,-0.00272352,0.000401377
4412979618273,4412965098000,4412965098000,4412979601421,73729,14.5034,4412991010079,25.9121,0,4765,14888,0,0,1,0,0,0.011983,335,335,335,1,3.01727,2.60219,0.48293,0.223447,-0.0140991,0.0502472,-1.78355e-05,8.14405e-05,0.000110613,-0.000546221,1,0.00679633,0.0014884,-0.0014884,0.00679633,1,1,-0.00174373,0.00686578,0.000255333,-6.94426e-05,0,0,0,0,0,0,0,0,0,0,0,0,0,0,0,0,0,0,0,0,0,0,0,255,0.2,0.178038,0.2,0.0691934,0.181724,1,1,1,1,0,1,1,-0.536862,-3.1465,0.147821,-0.00234186,0.00394929,0.0254269,2.26037,3895,1,367,103.677,974,0,0.000884653,0.0132557,0.00928859,0,0,0,1,335,0.205,-1.50893e-05,6.90802e-05,1.41614e-05,3.09332e-06,1.44898e-05,-2.50039e-07,-0.429261,0.12853,0.00303409,-0.0213207,-0.232358,-0.000811203,-0.000284715,-0.00148646,2.05244,2,0,0,0,0,0,-1,1,-9.04571e-07,-3.41785e-06,-0.232259,0,2.47569,1,1010,1010,1010,1010,0,0,0,0,12.3019,56,0.000246958,0.0115057,56,-0.00131439,0.00369387,56,0.00119701,0.00679978,2,0,0,0,0,0,3,-0.00197663,0.00150587,50,-0.00107619,0.008256,56,-0.00488263,0.00873023,56,-0.00256882,0.0073966
4412991522399,4412973121000,4412973121000,4412991509528,73729,18.3885,4413001037540,27.9165,0,4765,14889,0,0,1,0,0,0.008023,326,326,326,1,2.64241,2.52523,0.494134,0.259855,-0.0220184,0.00621033,-5.00545e-05,-8.52454e-06,-0.00591025,0.00924788,1,-0.00106251,0.00623888,-0.00623888,-0.00106251,1,1,-0.00694158,-0.000785542,0.000702703,-0.00027697,0,0,0,0,0,0,0,0,0,0,0,0,0,0,0,0,0,0,0,0,0,0,0,255,0.19,1.93911,0.19,0.00420238,0.0147589,1,1,1,1,0,1,1,-0.536862,-3.1465,0.147821,-0.00234186,0.00394929,0.0254269,12.3546,3895,1,367,113.771,974,0,0.000884653,0.0132557,0.00928859,0,0,0,1,326,0.195,-4.24616e-05,-7.24955e-06,-1.41366e-06,8.28001e-06,5.30775e-07,8.38304e-06,-0.42926,0.128539,0.00303409,-0.0213207,-0.232358,-7.36304e-05,-0.00108018,-0.00225134,12.0841,0,0,0,0,0,0,-1,1,-9.04571e-07,-3.41785e-06,-0.232259,0,12.5668,1,1010,1010,1010,1010,0,0,0,0,22.393,56,-0.00707985,-0.000226582,56,-0.000378886,-0.0065903,56,-0.00704537,0.00510088,1,0,0,0,0,0,1,0,0,44,-0.00158494,-0.000761897,56,-0.00648222,-0.00125921,56,-0.00849546,0.000569853
4413001626600,4412993115000,4412993115000,4413001619600,73729,8.5046,4413012417383,19.3024,1,4766,14890,0,0,1,0,0,0.019994,339,339,339,1,2.65854,2.57252,0.49856,0.301151,-0.00740051,-0.0426941,-4.06015e-06,-6.53811e-05,0.00715823,-0.0033023,1,-0.00327003,0.000203068,-0.000203068,-0.00327003,1,1,-0.00125732,-0.00298047,0.00105425,-0.000289568,0,0,0,0,0,0,0,0,0,0,0,0,0,0,0,0,0,0,0,0,0,0,0,255,0.19,1.87722,0.19,-0.0757431,-0.377175,1,1,1,1,0,1,1,-0.536862,-3.1465,0.147821,-0.00234186,0.00394929,0.0254269,23.6723,3895,1,367,125.089,974,0,0.000884653,0.0132557,0.00928859,0,0,0,1,339,0.195,-3.4826e-06,-5.54531e-05,-1.08134e-05,6.79107e-07,-1.03639e-05,3.1507e-06,-0.429271,0.128542,0.00302105,-0.0213144,-0.232395,-0.000697189,-0.00112931,-0.00384702,11.1113,1,0,0,0,0,0,-1,1,-9.04571e-07,-3.41785e-06,-0.232259,0,23.914,1,1010,1010,1010,1010,0,0,0,0,33.7402,56,-0.000827522,-0.00614127,56,0.000573773,-0.000937176,56,0.000180082,-0.00581752,1,0,0,0,0,0,3,0.0111311,-0.00306046,55,-0.00137966,-0.00464739,56,0.0011033,-0.00268413,56,0.00134578,-0.00351449
4413012961906,4413005091000,4413005091000,4413012945147,73729,7.85415,4413023627909,18.5369,0,4766,14891,0,0,1,0,0,0.011976,331,331,331,1,2.56819,2.78347,0.531319,0.273836,0.00637817,0.0352631,1.34364e-05,3.65041e-05,0.000906551,0.00514945,1,0.00304811,-0.00112195,0.00112195,0.00304811,1,1,0.000124026,0.00295382,0.000997921,9.42843e-05,0,0,0,0,0,0,0,0,0,0,0,0,0,0,0,0,0,0,0,0,0,0,0,255,0.2,3.05669,0.2,0.0734871,0.167339,1,1,1,1,0,1,1,-0.536862,-3.1465,0.147821,-0.00234186,0.00394929,0.0254269,34.8858,3895,1,367,136.302,974,0,0.000884653,0.0132557,0.00928859,0,0,0,1,331,0.205,1.13873e-05,3.09822e-05,6.35134e-06,-2.3344e-06,5.64163e-06,-3.73425e-06,-0.429265,0.128538,0.00302488,-0.0212859,-0.23242,-0.000788422,0.000386566,-0.00390392,11.0292,1,0,0,0,0,0,-1,1,-9.04571e-07,-3.41785e-06,-0.232259,0,35.0942,1,1010,1010,1010,1010,0,0,0,0,44.9205,56,-0.000161675,0.00979489,56,0.00328757,-0.000137951,56,0.000695254,0.00352681,1,0,0,0,0,0,2,0,0,48,0.00107669,0.00555562,56,0.000772747,0.0044261,56,0.000917097,0.00430451
4413024147358,4413013109000,4413013109000,4413024131173,73729,11.0222,4413034074966,20.966,0,4766,14892,0,0,1,0,0,0.008018,333,333,333,1,2.64839,2.98508,0.581654,0.221669,-0.00149536,0.0272522,3.15838e-05,5.50529e-05,0.0161339,-0.00245798,1,0.00686617,-0.00393912,0.00393912,0.00686617,1,1,0.00304838,0.0065841,0.000890737,0.000282068,0,0,0,0,0,0,0,0,0,0,0,0,0,0,0,0,0,0,0,0,0,0,0,255,0.2,4.06991,0.2,0.0897436,0.232179,1,1,1,1,1,1,1,-0.536862,-3.1465,0.147821,-0.00234186,0.00394929,0.0254269,45.3276,3895,1,367,146.744,974,0,0.000884653,0.0132557,0.00928859,0,0,0,1,333,0.205,2.67122e-05,4.66882e-05,9.57108e-06,-5.476e-06,8.05067e-06,-7.53286e-06,-0.429257,0.12853,0.00305694,-0.0212749,-0.23242,0.000676813,0.00115648,-0.00238017,10.2194,1,0,0,0,0,0,-1,1,-9.04571e-07,-3.41785e-06,-0.232332,0,0.261688,1,1010,1010,1010,1010,0,0,0,0,0.265521,56,-0.00439022,0.00222614,56,0.0114342,0.00805523,56,0.00222743,0.00881099,2,0,0,0,0,0,3,0.0234235,-0.00519877,48,0.00297128,0.00445536,56,0.00309872,0.00523815,56,0.00190222,0.00269514
4413034675786,4413025088000,4413025088000,4413034662323,73729,9.57432,4413049493215,24.4052,0,4766,14893,0,0,1,0,0,0.011979,332,332,332,1,2.7808,3.43086,0.590043,0.232354,0.0386734,-0.0510101,6.11011e-05,-9.67433e-05,-0.00404821,-0.00446315,1,-0.00807607,-0.00510068,0.00510068,-0.00807607,1,1,0.00435168,-0.00778604,0.000749001,-0.000290032,0,0,0,0,0,0,0,0,0,0,0,0,0,0,0,0,0,0,0,0,0,0,0,255,0.2,4.453,0.2,0.00513467,-0.00798655,1,1,1,2,0,1,1,-0.536492,-3.14676,0.147827,-0.00182279,0.00293505,0.0251121,15.4031,3896,1,367,162.16,974,0,0.000884653,0.0132557,0.00928859,0,0,0,1,332,0.205,5.18541e-05,-8.20155e-05,-1.68132e-05,-1.06301e-05,-1.8805e-05,-6.473e-06,-0.429276,0.128524,0.00309044,-0.0212979,-0.2324,0.00297044,-0.00118913,-8.03709e-05,15.2157,1,0,0,0,0,0,-1,1,-9.04571e-07,-3.41785e-06,-0.232332,0,15.6713,1,1010,1010,1010,1010,0,0,0,0,15.6751,56,0.0081925,-0.00917407,56,0.000490288,-0.00895341,56,0.00448345,-0.00811507,1,0,0,0,0,0,3,-0.0123572,-0.00153677,48,0.00731968,-0.00715878,56,0.00396117,-0.0072042,56,0.00996702,-0.00582363
4413050078184,4413041132000,4413041132000,4413050069998,73729,8.938,4413060253775,19.1218,1,4767,14894,0,0,1,0,0,0.016044,332,332,332,1,2.7216,2.49719,0.485078,0.225169,-0.00114441,-0.0671234,-2.34814e-05,-0.000124502,-0.005661,2.30159e-05,1,-0.00776001,0.00146356,-0.00146356,-0.00776001,1,1,-0.000748714,-0.00743913,-0.000714849,-0.000320881,0,0,0,0,0,0,0,0,0,0,0,0,0,0,0,0,0,0,0,0,0,0,0,255,0.2,-0.470337,0.2,0.0829474,0.200965,1,1,1,2,0,1,1,-0.536492,-3.14676,0.147827,-0.00182279,0.00293505,0.0251121,26.1678,3896,1,367,172.925,974,0,0.000884653,0.0132557,0.00928859,0,0,0,1,332,0.205,-1.98574e-05,-0.000105602,-2.16485e-05,4.07077e-06,-2.01253e-05,8.94433e-06,-0.429296,0.128533,0.0030646,-0.0212858,-0.232307,0.00102727,-0.00131561,0.00316652,10.5188,2,0,0,0,0,0,-1,1,-9.04571e-07,-3.41785e-06,-0.232332,0,26.376,1,1010,1010,1010,1010,0,0,0,0,26.3798,56,-0.00199127,-0.00881612,56,-0.007421,-0.00806468,56,0.00218662,-0.0055519,2,0,0,0,0,0,3,-0.00601929,-0.0120414,47,-4.74188e-05,-0.0106187,56,-0.00161796,-0.00876922,56,-0.00215613,-0.00757727
4413061177524,4413053111000,4413053111000,4413061158394,73729,8.04739,4413071822342,18.7113,0,4767,14895,0,0,1,0,0,0.011979,328,328,328,1,2.71202,2.65156,0.63195,0.300817,-0.0423279,0.0586624,-8.95921e-05,9.59828e-05,-0.00673611,0.00478694,1,0.00801259,0.00747909,-0.00747909,0.00801259,1,1,-0.0054894,0.00759487,-0.00198969,0.000417716,0,0,0,0,0,0,0,0,0,0,0,0,0,0,0,0,0,0,0,0,0,0,0,255,0.2,0.438671,0.2,-0.126119,-0.254521,1,1,1,1,0,1,1,-0.536492,-3.14676,0.147827,-0.00182279,0.00293505,0.0251121,37.7303,3896,1,367,184.487,974,0,0.000884653,0.0132557,0.00928859,0,0,0,1,328,0.205,-7.60269e-05,8.1384e-05,1.66837e-05,1.55855e-05,1.98185e-05,1.13278e-05,-0.429276,0.128544,0.00304255,-0.0212734,-0.23226,-0.00219493,0.00171264,0.00477025,11.3541,1,0,0,0,0,0,-1,1,-9.04571e-07,-3.41785e-06,-0.232332,0,37.9578,1,1010,1010,1010,1010,0,0,0,0,37.9617,56,-0.00998208,0.00940532,56,0.00170028,0.00565606,56,-0.0111036,0.00790533,1,0,0,0,0,0,2,0,0,45,-0.00870008,0.0116291,56,-0.00855857,0.00762606,56,-0.0102232,0.00982501
4413072351902,4413061119000,4413061119000,4413072337124,73729,11.2181,4413082897830,21.7788,0,4767,14896,0,0,1,0,0,0.008008,333,333,333,1,2.63149,2.6743,0.448855,0.259835,-0.00369263,0.0614929,-1.61228e-05,0.000113402,0.00188958,-0.00347185,1,0.0141611,0.00201333,-0.00201333,0.0141611,1,1,-0.000535159,0.0136455,-0.00147817,0.000515584,0,0,0,0,0,0,0,0,0,0,0,0,0,0,0,0,0,0,0,0,0,0,0,255,0.19,1.48581,0.19,-0.0102328,-0.00932336,1,1,1,1,0,1,1,-0.536492,-3.14676,0.147827,-0.00182279,0.00293505,0.0251121,48.81,3896,1,367,195.567,974,0,0.000884653,0.0132557,0.00928859,0,0,0,1,333,0.195,-1.36511e-05,9.61762e-05,1.87544e-05,2.66197e-06,1.88592e-05,-1.72498e-06,-0.429257,0.128543,0.00302275,-0.0212761,-0.232241,-0.00168659,0.00201078,0.00326262,10.8964,1,0,0,0,0,0,-1,1,-9.04571e-07,-3.41785e-06,-0.23217,0,0.238687,1,1010,1010,1010,1010,0,0,0,0,0.242669,56,-0.000244617,0.0194175,56,-0.00637937,0.0159542,56,0.00126586,0.0124538,1,0,0,0,0,0,3,-0.00996734,0.0234538,49,0.00135345,0.0100434,56,0.00186215,0.0158673,56,-0.00357102,0.0163094
4413083497206,4413073109000,4413073109000,4413083481335,73729,10.3723,4413093935596,20.8266,0,4767,14897,0,0,1,0,0,0.01199,336,336,336,1,2.7449,2.85127,0.422393,0.222224,-0.00830078,0.0270157,-2.01449e-05,4.6504e-05,0.00294768,0.0046469,1,0.00387856,0.00168014,-0.00168014,0.00387856,1,1,-0.00117868,0.00386767,-0.000501459,1.08956e-05,0,0,0,0,0,0,0,0,0,0,0,0,0,0,0,0,0,0,0,0,0,0,0,255,0.19,2.45997,0.19,-0.0865021,-0.348228,1,1,1,1,1,1,1,-0.535906,-3.14717,0.147574,-0.000393273,0.00149233,0.0250714,11.026,3897,1,367,206.609,974,0,0.000884653,0.0132557,0.00928859,0,0,0,1,336,0.195,-1.70917e-05,3.94418e-05,7.69116e-06,3.33288e-06,8.24985e-06,1.47368e-06,-0.429249,0.128544,0.00301696,-0.021314,-0.232237,-0.000529482,4.24929e-05,0.00114097,10.8458,1,0,0,0,0,0,-1,1,-9.04571e-07,-3.41785e-06,-0.23217,0,11.2421,1,1010,1010,1010,1010,0,0,0,0,11.2461,56,0.00242788,0.0026496,56,-0.00170359,0.00265936,56,-0.00141936,0.00548798,2,0,0,0,0,0,2,0,0,52,-0.00278459,0.0044963,56,-0.000227247,0.00361423,56,-0.00159678,0.00087884
4413094510897,4413081128000,4413081128000,4413094494619,73729,13.3666,4413104218262,23.0903,0,4767,14898,0,0,1,0,0,0.008019,332,332,332,1,2.84308,2.77486,0.456893,0.21665,0.0167999,-0.0473633,5.767e-05,-7.3248e-05,0.00753547,-0.012037,1,-0.00913431,-0.00719167,0.00719167,-0.00913431,1,1,0.0070455,-0.00868189,0.000146172,-0.000452416,0,0,0,0,0,0,0,0,0,0,0,0,0,0,0,0,0,0,0,0,0,0,0,255,0.19,3.30936,0.19,0.00537075,-0.0105902,1,1,1,1,0,1,1,-0.535906,-3.14717,0.147574,-0.000393273,0.00149233,0.0250714,21.3297,3897,1,367,10.2923,975,0,0.000884653,0.0130696,0.00881977,0,0,0,1,332,0.195,4.88837e-05,-6.21293e-05,-1.21152e-05,-9.53232e-06,-1.39807e-05,-6.4886e-06,-0.429263,0.128537,0.00300378,-0.0213452,-0.232249,-0.000249181,-0.00176442,-0.0006554,10.0953,1,0,0,0,0,0,-1,1,-9.04571e-07,-3.41785e-06,-0.23217,0,21.5439,1,1010,1010,1010,1010,0,0,0,0,21.5479,56,-0.0021358,-0.0126332,56,0.0140829,-0.0113062,56,0.00584046,-0.00810367,1,0,0,0,0,0,1,0,0,50,0.00883746,-0.0104501,56,0.00218336,-0.00740536,56,0.00937731,-0.00997857
4413104778360,4413093108000,4413093108000,4413104762637,73729,11.6546,4413115799311,22.6913,0,4767,14899,0,0,1,0,0,0.01198,330,330,330,1,2.6843,2.77602,0.540746,0.249058,0.0154419,1.52588e-05,5.06302e-05,1.19803e-06,0.00936715,0.00499246,1,0.000100002,-0.00422623,0.00422623,0.000100002,1,1,0.00335794,0.000531112,0.000868293,-0.00043111,0,0,0,0,0,0,0,0,0,0,0,0,0,0,0,0,0,0,0,0,0,0,0,255,0.2,3.40544,0.2,0.0270292,0.0639882,1,1,1,1,0,1,1,-0.535906,-3.14717,0.147574,-0.000393273,0.00149233,0.0250714,32.9102,3897,1,367,21.873,975,0,0.000884653,0.0130696,0.00881977,0,0,0,1,330,0.205,4.28891e-05,1.03649e-06,2.1248e-07,-8.79226e-06,-1.81657e-06,-8.60515e-06,-0.429265,0.128529,0.00301501,-0.0213803,-0.232269,0.000787359,-0.00176755,-0.00221811,11.374,1,0,0,0,0,0,-1,1,-9.04571e-07,-3.41785e-06,-0.23217,0,33.1366,1,1010,1010,1010,1010,0,0,0,0,33.1406,56,0.000998313,0.00112809,56,0.00988101,0.00131036,56,0.00202419,-0.00432327,1,0,0,0,0,0,2,0,0,47,0.0012092,0.00288345,56,0.0055438,-0.0023375,56,0.00279078,-5.73365e-05
4413116351630,4413101124000,4413101124000,4413116335075,73729,15.2111,4413126031273,24.9073,0,4767,14900,0,0,1,0,0,0.008016,332,332,332,1,2.8841,2.57843,0.502078,0.220354,0.0336075,-0.0276337,4.7886e-05,-5.74252e-05,-0.00396337,0.00156532,1,-0.00716382,-0.0059738,0.0059738,-0.00716382,1,1,0.00494292,-0.00666867,0.00103088,-0.000495155,0,0,0,0,0,0,0,0,0,0,0,0,0,0,0,0,0,0,0,0,0,0,0,255,0.2,4.82714,0.2,0.162767,0.357948,1,1,1,1,0,1,1,-0.535906,-3.14717,0.147574,-0.000393273,0.00149233,0.0250714,43.1461,3897,1,367,32.1088,975,0,0.000884653,0.0130696,0.00881977,0,0,0,1,332,0.205,4.0647e-05,-4.86831e-05,-9.98003e-06,-8.33264e-06,-1.16274e-05,-5.81206e-06,-0.429276,0.128523,0.00301495,-0.0214154,-0.232283,0.00116158,-0.00203014,-0.00245202,10.0213,1,0,0,0,0,0,-1,1,-9.04571e-07,-3.41785e-06,-0.23217,0,43.358,1,1010,1010,1010,1010,0,0,0,0,43.362,56,0.00891531,-0.0100714,56,-0.00226202,-0.0190586,56,0.00695043,0.00102675,2,0,0,0,0,0,2,0,0,48,0.011726,-0.00433913,56,0.00482859,-0.00336186,56,0.00980674,-0.00565406
4413126645630,4413113103000,4413113103000,4413126629112,73729,13.5261,4413138342532,25.2395,0,4767,14901,0,0,1,0,0,0.011979,336,336,335,0.997024,3.07464,3.01055,0.461263,0.270243,0.0213623,-0.0324402,4.88069e-05,-4.81948e-05,9.15315e-05,-0.00415138,1,-0.00402327,-0.00407437,0.00407437,-0.00402327,1,1,0.00382805,-0.0038183,0.00024632,-0.000204978,0,0,0,0,0,0,0,0,0,0,0,0,0,0,0,0,0,0,0,0,0,0,0,255,0.2,4.44039,0.2,0.00579429,0.00736282,1,1,1,1,0,1,1,-0.535299,-3.14764,0.147332,0.00180568,0.0011726,0.0248227,4.03896,3898,1,367,44.3869,975,0,0.000884653,0.0130696,0.00881977,0,0,0,1,335,0.205,4.13927e-05,-4.0876e-05,-8.37958e-06,-8.48551e-06,-1.01054e-05,-6.32933e-06,-0.429286,0.128517,0.0029828,-0.0214326,-0.232267,-0.00012674,-0.00084041,-0.000909321,3.8265,2,0,0,0,0,0,-1,1,-9.04571e-07,-3.41785e-06,-0.232201,0,4.29832,1,1010,1010,1010,1010,0,0,0,0,4.30285,56,0.00567444,-0.00401243,55,0.010693,-0.00366201,56,0.00406282,-0.00619524,2,0,0,0,0,0,3,-0.00620523,-0.0030429,51,0.00210331,-0.00498276,56,0.0050504,-0.00501816,56,0.00149275,-0.00197021
4413138885222,4413121132000,4413121132000,4413138870314,73729,17.7383,4413148452456,27.3205,0,4767,14902,0,0,1,0,0,0.008029,328,328,328,1,2.70775,2.51865,0.389078,0.220076,-0.0149231,-0.0200043,-4.28932e-05,-3.5879e-05,-0.00520424,0.0046055,1,-0.00446868,0.00534228,-0.00534228,-0.00446868,1,1,-0.00487954,-0.00478239,-0.000462745,0.000313714,0,0,0,0,0,0,0,0,0,0,0,0,0,0,0,0,0,0,0,0,0,0,0,255,0.2,6.81426,0.2,-0.00384246,-0.00149081,1,1,1,1,1,1,1,-0.535299,-3.14764,0.147332,0.00180568,0.0011726,0.0248227,14.1571,3898,1,367,54.505,975,0,0.000884653,0.0130696,0.00881977,0,0,0,1,328,0.205,-3.63622e-05,-3.04603e-05,-6.24437e-06,7.45426e-06,-4.36015e-06,8.69107e-06,-0.429291,0.128525,0.00299348,-0.021426,-0.232239,-0.000205656,0.00128623,0.00135328,9.91937,1,0,0,0,0,0,-1,1,-9.04571e-07,-3.41785e-06,-0.232201,0,14.4447,1,1010,1010,1010,1010,0,0,0,0,14.4493,56,-0.00860652,-0.00636106,56,-0.00750374,0.00204456,56,-0.0011325,-0.00358691,2,0,0,0,0,0,2,0,0,44,-0.0020365,-0.0105109,56,-0.00671239,-0.00423095,56,-0.00394954,-0.00579278
4413149228074,4413141130000,4413141130000,4413149218981,73729,8.08898,4413158746918,17.6169,1,4768,14903,0,0,1,0,0,0.019998,331,331,330,0.996979,2.64669,2.6521,0.480283,0.220002,-0.0344467,0.0402603,-5.41581e-05,7.55326e-05,0.000540996,1.56677e-05,1,0.00377701,0.00270818,-0.00270818,0.00377701,1,1,-0.00224543,0.00346329,-0.000462745,0.000313714,0,0,0,0,0,0,0,0,0,0,0,0,0,0,0,0,0,0,0,0,0,0,0,255,0.2,7.2226,0.2,-0.00240738,0.00404306,1,1,1,0,0,1,1,-0.535299,-3.14764,0.147332,0.00180568,0.0011726,0.0248227,24.4458,3898,1,367,64.7939,975,0,0.000884653,0.0130696,0.00881977,0,0,0,1,330,0.205,-4.59379e-05,6.40572e-05,1.31317e-05,9.41727e-06,1.49431e-05,6.14288e-06,-0.429276,0.128532,0.00299348,-0.021426,-0.232239,-0.000205656,0.00128623,0.00135328,20.1676,0,0,0,0,0,0,-1,1,-9.04571e-07,-3.41785e-06,-0.232201,0,24.6866,1,1010,1010,1010,1010,0,0,0,0,24.6911,56,-0.00201012,0.00331948,56,-0.00289581,0.0033467,55,-0.00430358,0.00311289,1,0,0,0,0,0,2,0,0,48,-0.00410243,0.00622859,56,-0.00208864,0.00321551,56,-0.00298149,0.00519102
4413161165977,4413153106000,4413153106000,4413161151662,73729,8.04566,4413171118418,18.0124,0,4768,14904,0,0,1,0,0,0.011976,334,334,334,1,2.70669,2.55747,0.440356,0.323021,-0.0293732,0.0161362,-6.16998e-05,2.57361e-05,-0.00437153,0.00386495,1,0.00214897,0.00515195,-0.00515195,0.00214897,1,1,-0.00424066,0.00202429,-0.000911288,0.000124688,0,0,0,0,0,0,0,0,0,0,0,0,0,0,0,0,0,0,0,0,0,0,0,255,0.2,9.02238,0.2,-0.0034067,0.00088795,1,1,1,2,0,1,1,-0.535299,-3.14764,0.147332,0.00180568,0.0011726,0.0248227,36.8336,3898,1,367,77.1815,975,0,0.000884653,0.0130696,0.00881977,0,0,0,1,334,0.205,-5.23317e-05,2.18153e-05,4.47214e-06,1.0728e-05,6.81905e-06,9.4114e-06,-0.429269,0.128541,0.0029491,-0.0214309,-0.232187,-0.000768902,0.000511221,0.0023739,12.1228,2,0,0,0,0,0,-1,1,-9.04571e-07,-3.41785e-06,-0.232201,0,37.047,1,1010,1010,1010,1010,0,0,0,0,37.0515,56,-0.00773594,0.00944344,56,0.00134071,0.00306131,56,-0.00318749,0.00274556,1,0,0,0,0,0,2,0,0,51,-0.00150453,-0.000860356,56,-0.00799898,0.00287461,56,-0.00727726,0.000601957
4413171705553,4413161120000,4413161120000,4413171688738,73729,10.5687,4413181379770,20.2598,0,4768,14905,0,0,1,0,0,0.008014,332,332,329,0.990964,2.63723,2.69658,0.474431,0.261743,-0.013916,0.0284424,-4.65922e-06,6.09129e-05,0.0055068,-0.00425788,1,0.00760082,0.000581385,-0.000581385,0.00760082,1,1,0.000223247,0.00745957,-0.000804632,0.000141249,0,0,0,0,0,0,0,0,0,0,0,0,0,0,0,0,0,0,0,0,0,0,0,255,0.2,-0.773081,0.2,-0.000889099,0.00564616,1,1,1,1,0,1,1,-0.535299,-3.14764,0.147332,0.00180568,0.0011726,0.0248227,47.1246,3898,1,367,87.4725,975,0,0.000884653,0.0130696,0.00881977,0,0,0,1,329,0.205,-3.99752e-06,5.16572e-05,1.05897e-05,8.19491e-07,1.04917e-05,-1.63861e-06,-0.429259,0.128539,0.00293393,-0.0214242,-0.232179,-0.0017005,0.000579123,0.00127879,10.0249,1,0,0,0,0,0,-1,1,-9.04571e-07,-3.41785e-06,-0.232201,0,47.3359,1,1010,1010,1010,1010,0,0,0,0,0.20302,56,-0.005836,0.00207353,56,0.00451228,0.0111939,56,-0.00959301,0.0102348,1,0,0,0,0,0,4,0.0171091,0.0220805,44,-0.00067318,0.0115842,56,-0.00273588,0.00530342,56,1.77976e-05,0.00208546
4413182029961,4413173105000,4413173105000,4413182017757,73729,8.91276,4413190923411,17.8184,0,4768,14906,0,0,1,0,0,0.011985,330,330,330,1,2.8561,2.68925,0.50143,0.264392,-0.0133972,-0.0014801,-5.69443e-05,-1.77375e-05,-0.0101452,0.00837465,1,-0.00147998,0.0047513,-0.0047513,-0.00147998,1,1,-0.00394667,-0.00162122,-0.000804632,0.000141249,0,0,0,0,0,0,0,0,0,0,0,0,0,0,0,0,0,0,0,0,0,0,0,255,0.2,-0.612116,0.2,-0.00102502,-0.00107264,1,1,1,0,0,1,1,-0.534709,-3.14805,0.147135,0.00166579,-0.000273897,0.0244757,9.48918,3899,1,367,96.9748,975,0,0.000884653,0.0130696,0.00881977,0,0,0,1,330,0.205,-4.8263e-05,-1.51019e-05,-3.09589e-06,9.89391e-06,-7.36172e-07,1.03407e-05,-0.429259,0.12855,0.00293393,-0.0214242,-0.232179,-0.0017005,0.000579123,0.00127879,19.5693,0,0,0,0,0,0,-1,1,-9.04571e-07,-3.41785e-06,-0.232109,0,0.190409,1,1010,1010,1010,1010,0,0,0,0,9.6937,56,-0.00263092,-0.00100737,56,-0.0109937,0.00176484,56,-0.00105964,-0.00164881,2,0,0,0,0,0,2,0,0,46,-0.00293864,-0.00237261,56,-0.00317397,-0.00215314,56,-0.00566566,0.00226074
4413191436045,4413181143000,4413181143000,4413191420527,73729,10.2775,4413200843444,19.7004,0,4768,14907,0,0,1,0,0,0.008038,328,328,328,1,2.67406,2.47752,0.53532,0.222113,0.0245667,-0.0227203,7.64425e-05,-3.47079e-05,0.0116407,-0.00619893,1,-0.00431797,-0.00951013,0.00951013,-0.00431797,1,1,0.00936956,-0.00424694,0.000140577,-7.10338e-05,0,0,0,0,0,0,0,0,0,0,0,0,0,0,0,0,0,0,0,0,0,0,0,255,0.2,8.79397,0.2,0.0066501,-0.00444574,1,1,1,1,1,1,1,-0.534709,-3.14805,0.147135,0.00166579,-0.000273897,0.0244757,19.4069,3899,1,367,106.892,975,0,0.000884653,0.0130696,0.00881977,0,0,0,1,328,0.205,6.47906e-05,-2.94076e-05,-6.02856e-06,-1.32821e-05,-8.92067e-06,-1.15391e-05,-0.429268,0.128538,0.00296358,-0.021453,-0.232168,0.000670357,-0.000291238,7.51932e-05,9.70462,2,0,0,0,0,0,-1,1,-9.04571e-07,-3.41785e-06,-0.232109,0,10.118,1,1010,1010,1010,1010,0,0,0,0,19.6212,56,0.00289758,0.00224538,56,0.0219051,-0.00534269,56,0.0133432,-0.00261055,1,0,0,0,0,0,3,0.0240447,-0.0211073,44,0.0060846,-0.00361119,56,0.00593957,-0.0039374,56,0.00784453,-0.00872121
4413201488117,4413193099000,4413193099000,4413201472358,73729,8.37336,4413212415104,19.3161,0,4768,14908,0,0,1,0,0,0.011956,332,332,332,1,2.71923,2.41504,0.481171,0.249503,0.0177765,-0.0335007,2.29158e-05,-5.16757e-05,-0.00535945,-0.00642275,1,-0.00432216,-0.00191668,0.00191668,-0.00432216,1,1,0.0014743,-0.0038392,0.000442378,-0.000482958,0,0,0,0,0,0,0,0,0,0,0,0,0,0,0,0,0,0,0,0,0,0,0,255,0.2,8.69202,0.2,0.0021465,-0.00460039,1,1,1,1,0,1,1,-0.534709,-3.14805,0.147135,0.00166579,-0.000273897,0.0244757,30.9801,3899,1,367,118.465,975,0,0.000884653,0.0130696,0.00881977,0,0,0,1,332,0.205,1.94844e-05,-4.38119e-05,-8.98144e-06,-3.99431e-06,-9.65724e-06,-1.82116e-06,-0.429278,0.128536,0.00297852,-0.0214625,-0.232166,0.00154857,-0.00198013,-0.00021214,11.395,1,0,0,0,0,0,-1,1,-9.04571e-07,-3.41785e-06,-0.232109,0,21.7225,1,1010,1010,1010,1010,0,0,0,0,31.2258,56,0.00249372,-0.00870246,56,-0.00180677,-0.00225339,56,0.00260759,-0.00283131,1,0,0,0,0,0,2,0,0,49,0.00288543,-0.00763186,56,0.00314124,-0.00348695,56,0.00448912,-0.000142226
4413212962961,4413201142000,4413201142000,4413212948479,73729,11.8065,4413222464139,21.3221,0,4768,14909,0,0,1,0,0,0.008043,328,328,328,1,2.55552,2.65775,0.476263,0.258613,0.0336838,-0.00559235,5.98038e-05,-3.53216e-05,0.00938643,0.0102943,1,-0.0043916,-0.00743551,0.00743551,-0.0043916,1,1,0.00699005,-0.00416811,0.000445459,-0.000223486,0,0,0,0,0,0,0,0,0,0,0,0,0,0,0,0,0,0,0,0,0,0,0,255,0.19,-0.15226,0.19,0.00491632,-0.000807503,1,1,1,1,0,1,1,-0.534709,-3.14805,0.147135,0.00166579,-0.000273897,0.0244757,41.0297,3899,1,367,128.515,975,0,0.000884653,0.0130696,0.00881977,0,0,0,1,328,0.195,5.06909e-05,-2.99373e-05,-5.83778e-06,-9.88472e-06,-7.95345e-06,-8.27684e-06,-0.429286,0.128528,0.00299521,-0.0214599,-0.232153,0.0018544,-0.000871594,9.36862e-05,9.86966,1,0,0,0,0,0,-1,1,-9.04571e-07,-3.41785e-06,-0.232109,0,31.7393,1,1010,1010,1010,1010,0,0,0,0,41.2426,56,0.010813,-0.00274298,56,0.0165052,-0.0163827,56,0.00387438,-0.00227419,1,0,0,0,0,0,2,0,0,45,0.0101562,0.000305485,56,0.0131533,-0.00175595,56,0.00467597,-0.00515925
4413222975699,4413213122000,4413213122000,4413222961458,73729,9.83946,4413235627331,22.5053,0,4768,14910,0,0,1,0,0,0.01198,333,333,333,1,2.67899,2.69197,0.539819,0.265502,0.0180054,0.00891113,3.62067e-05,3.63223e-05,-0.00258495,-0.00210728,1,0.00303191,-0.00302226,0.00302226,0.00303191,1,1,0.00308779,0.00308343,-6.55287e-05,-5.15142e-05,0,0,0,0,0,0,0,0,0,0,0,0,0,0,0,0,0,0,0,0,0,0,0,255,0.19,-0.320595,0.19,-0.121242,-0.303664,1,1,1,1,0,1,1,-0.53419,-3.14846,0.147045,0.00347442,2.36986e-05,0.025022,1.37149,3900,1,367,141.671,975,0,0.000884653,0.0130696,0.00881977,0,0,0,1,333,0.195,3.07077e-05,3.07859e-05,6.00324e-06,-5.98801e-06,4.46378e-06,-7.20816e-06,-0.429281,0.128521,0.0029934,-0.0214411,-0.232121,0.00050333,-0.000200905,0.000607114,1.2006,2,0,0,0,0,0,-1,1,-9.04571e-07,-3.41785e-06,-0.232055,0,1.58675,1,1010,1010,1010,1010,0,0,0,0,1.59079,56,0.00213805,0.00187655,56,-0.000837159,0.00758825,56,0.0044441,0.000864152,2,0,0,0,0,0,3,-0.00684706,-0.0156499,48,0.00534165,5.88638e-05,56,-0.000109431,-0.000274845,56,0.00578671,0.00467909
4413236113224,4413221125000,4413221125000,4413236099502,73729,14.9745,4413245884812,24.7598,0,4768,14911,0,0,1,0,0,0.008003,331,330,330,1,2.84749,2.65956,0.381522,0.219705,-0.0101929,0.0109787,-4.86899e-08,2.28906e-05,0.00670672,-0.00147643,1,0.00286025,6.08395e-06,-6.08395e-06,0.00286025,1,1,0.000277425,0.00280757,-0.000283509,5.26819e-05,0,0,0,0,0,0,0,0,0,0,0,0,0,0,0,0,0,0,0,0,0,0,0,255,0.21,2.67408,0.21,-0.00336995,0.00364208,1,1,1,1,0,1,1,-0.53419,-3.14846,0.147045,0.00347442,2.36986e-05,0.025022,11.6492,3900,1,367,151.949,975,0,0.000884653,0.0130696,0.00881977,0,0,0,1,330,0.215,-7.52909e-08,1.94394e-05,4.17946e-06,1.61875e-08,4.07016e-06,-9.45479e-07,-0.429277,0.12852,0.0029934,-0.0214411,-0.232121,-0.000111603,0.000226532,0.000885988,11.4452,0,0,0,0,0,0,-1,1,-9.04571e-07,-3.41785e-06,-0.232055,0,11.9026,1,1010,1010,1010,1010,0,0,0,0,11.9067,56,0.00578432,0.00324119,55,-0.00136312,0.0112731,56,-0.00299982,0.00183244,2,0,0,0,0,0,2,0,0,47,-0.00302537,0.0092879,56,0.00169944,0.00239111,56,-0.000282137,0.000518795
4413246512966,4413233115000,4413233115000,4413246497002,73729,13.382,4413257481194,24.3662,0,4768,14912,0,0,1,0,0,0.01199,330,330,330,1,3.01901,2.46674,0.467116,0.217428,-0.0214996,0.00700378,-4.34204e-05,8.29239e-06,-0.00298413,-0.00133771,1,0.000691609,0.00362139,-0.00362139,0.000691609,1,1,-0.00315803,0.000768412,-0.000463352,-7.6803e-05,0,0,0,0,0,0,0,0,0,0,0,0,0,0,0,0,0,0,0,0,0,0,0,255,0.2,2.8684,0.2,0.250427,0.592968,1,1,1,1,1,1,1,-0.53419,-3.14846,0.147045,0.00347442,2.36986e-05,0.025022,23.2592,3900,1,367,163.559,975,0,0.000884653,0.0130696,0.00881977,0,0,0,1,330,0.205,-3.68288e-05,7.04321e-06,1.44386e-06,7.5499e-06,3.14106e-06,7.01546e-06,-0.429274,0.128527,0.00298421,-0.0214468,-0.232112,-0.000687468,-0.000314892,0.000969819,11.3926,1,0,0,0,0,0,-1,1,-9.04571e-07,-3.41785e-06,-0.232055,0,23.5227,1,1010,1010,1010,1010,0,0,0,0,23.5267,56,-0.00337519,0.000345835,56,-0.000608817,-0.004647,56,-0.00427612,0.00344708,2,0,0,0,0,0,2,0,0,46,-0.00331044,0.00490216,56,-0.00556663,-0.000835246,56,-0.00196989,0.000653491
4413258203534,4413253100000,4413253100000,4413258196533,73729,5.09653,4413267838676,14.7387,1,4769,14913,0,0,1,0,0,0.019985,334,334,334,1,2.77232,2.60141,0.586597,0.224168,-0.0579071,-0.00634766,-8.57302e-05,-4.47074e-06,0.00110027,0.00143898,1,-0.000223705,0.00428973,-0.00428973,-0.000223705,1,1,-0.00378309,-5.07456e-05,-0.000506635,-0.000172959,0,0,0,0,0,0,0,0,0,0,0,0,0,0,0,0,0,0,0,0,0,0,0,255,0.2,4.43247,0.2,-0.0770389,-0.169941,1,1,1,2,0,1,1,-0.53419,-3.14846,0.147045,0.00347442,2.36986e-05,0.025022,33.6189,3900,1,367,173.919,975,0,0.000884653,0.0130696,0.00881977,0,0,0,1,334,0.205,-7.2727e-05,-3.83088e-06,-7.8533e-07,1.4909e-05,2.66435e-06,1.469e-05,-0.429271,0.128542,0.00296391,-0.0214432,-0.232099,-0.00124141,-0.000709133,0.000668635,10.1417,1,0,0,0,0,0,-1,1,-9.04571e-07,-3.41785e-06,-0.232055,0,33.8457,1,1010,1010,1010,1010,0,0,0,0,33.8498,56,-0.00374901,-0.00073687,56,-0.00567325,0.00147571,56,-0.00627642,-0.00219839,1,0,0,0,0,0,4,-0.00552844,-0.0109965,49,-0.00386955,-0.00127423,56,-0.00458292,-0.000323169,56,-0.00622478,0.000679888
4413269164780,4413261121000,4413261121000,4413269149447,73729,8.02845,4413277272038,16.151,0,4769,14914,0,0,1,0,0,0.008021,331,331,330,0.996979,2.71191,2.63473,0.467486,0.222316,-0.0501404,0.0204391,-9.56017e-05,2.49895e-05,0.000639191,0.00689414,1,0.00311551,0.0119189,-0.0119189,0.00311551,1,1,-0.0112316,0.00322201,-0.000687293,-0.000106502,0,0,0,0,0,0,0,0,0,0,0,0,0,0,0,0,0,0,0,0,0,0,0,255,0.2,5.1889,0.2,-0.00750144,0.00433474,1,1,1,2,0,1,1,-0.53419,-3.14846,0.147045,0.00347442,2.36986e-05,0.025022,43.0263,3900,1,367,183.326,975,0,0.000884653,0.0130696,0.00881977,0,0,0,1,330,0.205,-8.10675e-05,2.12125e-05,4.34857e-06,1.66188e-05,8.05266e-06,1.51733e-05,-0.429263,0.128557,0.00292975,-0.0214371,-0.2321,-0.00266143,-0.000436657,0.000125174,9.1469,1,0,0,0,0,0,-1,1,-9.04571e-07,-3.41785e-06,-0.232055,0,43.2293,1,1010,1010,1010,1010,0,0,0,0,43.2334,56,-0.0106492,0.00791236,55,-0.0138655,-0.0138707,56,-0.00674395,0.00879838,1,0,0,0,0,0,2,0,0,48,-0.009952,-0.00190521,56,-0.0139448,0.0050735,56,-0.013563,0.000972695
4413277781228,4413269125000,4413269125000,4413277766339,73729,8.64134,4413288244081,19.1191,0,4769,14915,0,0,1,0,0,0.008004,332,332,332,1,3.00854,2.91514,0.542116,0.222947,-0.00192261,0.0312653,2.07338e-06,7.66189e-05,-0.00284088,-0.00905762,1,0.00957258,-0.000259043,0.000259043,0.00957258,1,1,0.000227466,0.0094062,3.15769e-05,0.000166384,0,0,0,0,0,0,0,0,0,0,0,0,0,0,0,0,0,0,0,0,0,0,0,255,0.19,3.55164,0.19,-0.0895856,-0.226718,1,1,1,1,0,1,1,-0.533704,-3.1488,0.14704,0.00261289,-0.00162686,0.0240074,3.90979,3901,1,367,194.294,975,0,0.000884653,0.0130696,0.00881977,0,0,0,1,332,0.195,1.73952e-06,6.49406e-05,1.26634e-05,-3.39207e-07,1.2243e-05,-3.24251e-06,-0.429251,0.128554,0.002953,-0.0213967,-0.232116,-0.00118068,0.000648896,-0.00104306,3.73592,2,0,0,0,0,0,-1,1,-9.04571e-07,-3.41785e-06,-0.232051,0,4.19272,1,1010,1010,1010,1010,0,0,0,0,4.19746,56,-0.00341238,-0.00130108,56,0.00559868,0.0200168,56,0.00381039,0.00549184,1,0,0,0,0,0,3,-0.0156281,0.00840293,48,-0.00207913,0.0182281,56,4.52611e-05,0.00497922,56,-0.00025044,0.0102798
4413289215960,4413281143000,4413281143000,4413289202330,73729,8.05933,4413297044567,15.9016,0,4769,14916,0,0,1,0,0,0.012018,332,332,332,1,2.59989,2.54373,0.454912,0.252892,0.0505142,0.00822449,0.000106966,4.20232e-08,0.00791827,0.000968484,1,3.49669e-06,-0.00890047,0.00890047,3.49669e-06,1,1,0.00849967,-0.000291069,0.000400805,0.000294566,0,0,0,0,0,0,0,0,0,0,0,0,0,0,0,0,0,0,0,0,0,0,0,255,0.2,4.9293,0.2,0.0331594,0.0621438,1,1,1,2,0,1,1,-0.533704,-3.1488,0.14704,0.00261289,-0.00162686,0.0240074,12.8077,3901,1,367,8.87132,976,0,0.000884653,0.012798,0.00908782,0,0,0,1,332,0.205,9.07098e-05,6.18869e-08,1.26868e-08,-1.85955e-05,-4.26415e-06,-1.80999e-05,-0.429255,0.128535,0.002953,-0.0213967,-0.232116,0.000124894,0.00120772,-0.00121473,12.5349,0,0,0,0,0,0,-1,1,-9.04571e-07,-3.41785e-06,-0.232051,0,13.0201,1,1010,1010,1010,1010,0,0,0,0,13.0248,56,0.0130148,0.00542488,56,0.0106936,-0.00179297,56,0.00568707,-0.000569728,2,0,0,0,0,0,2,0,0,48,0.00802303,-0.00694378,56,0.00887293,0.00237654,56,0.0117863,1.79995e-05
4413297666443,4413289177000,4413289177000,4413297650591,73729,8.47359,4413307681163,18.5042,0,4769,14917,0,0,1,0,0,0.008034,328,328,328,1,2.83403,2.48952,0.558005,0.221095,0.0592957,-0.0347595,0.000106181,-8.08903e-05,-0.00726651,0.00565535,1,-0.0100685,-0.0132164,0.0132164,-0.0100685,1,1,0.0122527,-0.0098935,0.000963694,-0.000175001,0,0,0,0,0,0,0,0,0,0,0,0,0,0,0,0,0,0,0,0,0,0,0,255,0.2,3.06356,0.2,0.0779737,0.124614,1,1,1,1,1,1,1,-0.533704,-3.1488,0.14704,0.00261289,-0.00162686,0.0240074,23.3656,3901,1,367,19.4293,976,0,0.000884653,0.012798,0.00908782,0,0,0,1,328,0.205,9.00675e-05,-6.85891e-05,-1.40608e-05,-1.84638e-05,-1.79265e-05,-1.47353e-05,-0.429273,0.128521,0.00303357,-0.0214027,-0.232103,0.00333084,-0.000717503,-0.000496242,8.8083,2,0,0,0,0,0,-1,1,-9.04571e-07,-3.41785e-06,-0.232051,0,23.627,1,1010,1010,1010,1010,0,0,0,0,23.6318,56,0.0118683,-0.00691248,56,0.00531665,-0.0219984,56,0.0139052,-0.00740274,1,0,0,0,0,0,2,0,0,45,0.0113541,-0.00708597,56,0.0161085,-0.0105416,56,0.0110089,-0.00501598
4413309177991,4413301116000,4413301116000,4413309163843,73729,8.04784,4413318510575,17.3946,0,4769,14918,0,0,1,0,0,0.011939,334,334,334,1,2.61671,2.57102,0.522671,0.247706,0.0501556,-0.0239639,9.46158e-05,-4.33839e-05,0.0018826,0.00429757,1,-0.00363379,-0.00792494,0.00792494,-0.00363379,1,1,0.0069436,-0.00339261,0.000981341,-0.000241181,0,0,0,0,0,0,0,0,0,0,0,0,0,0,0,0,0,0,0,0,0,0,0,255,0.2,4.57552,0.2,0.00360954,-0.00260795,1,1,1,0,0,1,1,-0.533704,-3.1488,0.14704,0.00261289,-0.00162686,0.0240074,34.2025,3901,1,367,30.2661,976,0,0.000884653,0.012798,0.00908782,0,0,0,1,334,0.205,8.02697e-05,-3.68193e-05,-7.54796e-06,-1.64553e-05,-1.11279e-05,-1.42784e-05,-0.429284,0.128506,0.00303357,-0.0214027,-0.232103,0.00387231,-0.000988842,-0.00012095,19.628,0,0,0,0,0,0,-1,1,-9.04571e-07,-3.41785e-06,-0.232051,0,34.4543,1,1010,1010,1010,1010,0,0,0,0,34.459,56,0.00732656,-0.00785063,56,0.00618703,0.000460243,56,0.00746807,-0.00557606,2,0,0,0,0,0,3,0.00149817,0.0289202,49,0.00814968,-0.003985,56,0.00869575,-0.0052798,56,0.00842697,-0.00402131
4413319103210,4413309137000,4413309137000,4413319087284,73729,9.95028,4413327883678,18.7467,0,4769,14919,0,0,1,0,0,0.008021,331,331,317,0.957704,2.76123,2.48626,0.411208,0.213816,0.00784302,-0.0020752,8.85412e-06,-1.19381e-05,-0.00121681,-0.00172824,1,-0.00148835,-0.00110387,0.00110387,-0.00148835,1,1,0.00100296,-0.00137779,0.000100906,-0.000110563,0,0,0,0,0,0,0,0,0,0,0,0,0,0,0,0,0,0,0,0,0,0,0,255,0.2,4.32484,0.2,-0.00302446,-0.000515005,1,1,1,1,0,1,1,-0.533704,-3.1488,0.14704,0.00261289,-0.00162686,0.0240074,43.5809,3901,1,367,39.6447,976,0,0.000884653,0.012798,0.00908782,0,0,0,1,317,0.205,7.50565e-06,-1.01236e-05,-2.07535e-06,-1.53866e-06,-2.37302e-06,-1.02023e-06,-0.429287,0.128505,0.00303813,-0.0213937,-0.232065,0.00235755,-0.000453306,0.00155507,9.16254,1,0,0,0,0,0,-1,1,-9.04571e-07,-3.41785e-06,-0.232051,0,43.8167,1,1010,1010,1010,1010,0,0,0,0,43.8215,56,0.000729178,0.00516125,56,-0.00598783,0.000163554,42,0.00798532,0.00476691,2,0,0,0,0,0,3,-0.00753979,-0.0283838,46,0.00124771,-0.00412406,56,0.00204051,-0.00569159,56,0.00191332,-0.00189774
4413329178893,4413321120000,4413321120000,4413329163504,73729,8.0435,4413341167982,20.048,0,4769,14920,0,0,1,0,0,0.011983,336,336,336,1,3.02321,2.8258,0.486894,0.224298,-0.0303497,-0.00981903,-5.82039e-05,-1.62701e-05,-0.00767438,0.000689389,1,-0.00135776,0.00485721,-0.00485721,-0.00135776,1,1,-0.00376442,-0.00138034,-0.00109279,2.25756e-05,0,0,0,0,0,0,0,0,0,0,0,0,0,0,0,0,0,0,0,0,0,0,0,255,0.2,3.96085,0.2,-0.00653083,-0.000688445,1,1,1,1,0,1,1,-0.533288,-3.14914,0.146792,0.00430545,0.00011553,0.0246388,5.78866,3902,1,367,52.8968,976,0,0.000884653,0.012798,0.00908782,0,0,0,1,336,0.205,-4.93676e-05,-1.38041e-05,-2.82985e-06,1.01204e-05,-4.27304e-07,1.04998e-05,-0.429287,0.128516,0.00301994,-0.0213788,-0.231983,-0.000318626,9.25599e-05,0.00332944,5.55655,2,0,0,0,0,0,-1,1,-9.04571e-07,-3.41785e-06,-0.231917,0,6.01468,1,1010,1010,1010,1010,0,0,0,0,6.01983,56,-0.00741292,-0.00346626,56,-0.00733521,0.00470896,56,-0.00499418,-0.000815866,1,0,0,0,0,0,3,-0.00515575,-0.0201503,52,-0.0066688,-0.00136421,56,-0.00698795,-0.00081915,56,-0.00402563,-0.00485123
4413341694413,4413329134000,4413329134000,4413341678987,73729,12.545,4413351209183,22.0752,0,4769,14921,0,0,1,0,0,0.008014,331,331,331,1,2.70058,2.44335,0.451004,0.297169,-0.0441895,-0.0292053,-7.37512e-05,-6.11576e-05,0.00307624,0.0106078,1,-0.00763134,0.0092028,-0.0092028,-0.00763134,1,1,-0.00791606,-0.00751787,-0.00128674,-0.000113476,0,0,0,0,0,0,0,0,0,0,0,0,0,0,0,0,0,0,0,0,0,0,0,255,0.2,6.64839,0.2,-0.00812343,-0.00543804,1,1,1,1,0,1,1,-0.533288,-3.14914,0.146792,0.00430545,0.00011553,0.0246388,15.832,3902,1,367,62.9404,976,0,0.000884653,0.012798,0.00908782,0,0,0,1,331,0.205,-6.26006e-05,-5.1868e-05,-1.06329e-05,1.28331e-05,-7.39651e-06,1.49333e-05,-0.429295,0.128531,0.00299677,-0.0213881,-0.231957,-0.00149418,-0.00046525,0.00302515,9.8629,1,0,0,0,0,0,-1,1,-9.04571e-07,-3.41785e-06,-0.231917,0,16.0446,1,1010,1010,1010,1010,0,0,0,0,16.0498,56,-0.00549561,-0.0103387,56,0.00814194,-0.0140351,56,-0.0149723,-0.00371292,1,0,0,0,0,0,2,0,0,48,-0.00856736,-0.00412812,56,-0.00698991,-0.0124859,56,-0.0139964,-0.00849864
4413351746614,4413341115000,4413341115000,4413351732984,73729,10.618,4413363053567,21.9386,0,4769,14922,0,0,1,0,0,0.011981,336,336,336,1,2.73251,2.56712,0.571191,0.26991,-0.0589447,0.00268555,-9.1102e-05,1.69091e-05,0.0046336,-0.00533154,1,0.00141133,0.00760388,-0.00760388,0.00141133,1,1,-0.00663976,0.00153004,-0.000964118,-0.000118705,0,0,0,0,0,0,0,0,0,0,0,0,0,0,0,0,0,0,0,0,0,0,0,255,0.2,6.53117,0.2,-0.00702451,0.00065204,1,1,1,1,1,1,1,-0.533288,-3.14914,0.146792,0.00430545,0.00011553,0.0246388,27.6745,3902,1,367,74.7827,976,0,0.000884653,0.012798,0.00908782,0,0,0,1,336,0.205,-7.72632e-05,1.43733e-05,2.94654e-06,1.5839e-05,6.50717e-06,1.47377e-05,-0.429288,0.128546,0.00295848,-0.0213882,-0.231964,-0.00268658,-0.00048669,0.00101304,11.6615,1,0,0,0,0,0,-1,1,-9.04571e-07,-3.41785e-06,-0.231917,0,27.8934,1,1010,1010,1010,1010,0,0,0,0,27.8985,56,-0.00470895,0.0034307,56,-0.00736499,0.00129098,56,-0.00928548,-0.00245164,1,0,0,0,0,0,3,-0.00181988,0.0313922,52,-0.00838492,-0.000372518,56,-0.0107118,0.00204309,56,-0.00718553,0.000339475
4413363616665,4413349140000,4413349140000,4413363600517,73729,14.4605,4413373447568,24.3076,0,4769,14923,0,0,1,0,0,0.008025,327,327,327,1,2.74602,2.77038,0.525764,0.255984,-0.0643921,0.0281982,-0.000121082,5.92171e-05,-0.000191345,-0.00438629,1,0.00737907,0.0150881,-0.0150881,0.00737907,1,1,-0.0149342,0.0074344,-0.000153871,-5.53271e-05,0,0,0,0,0,0,0,0,0,0,0,0,0,0,0,0,0,0,0,0,0,0,0,255,0.2,8.24578,0.2,-0.011939,0.00639616,1,1,1,1,0,1,1,-0.533288,-3.14914,0.146792,0.00430545,0.00011553,0.0246388,38.0716,3902,1,367,85.1799,976,0,0.000884653,0.012798,0.00908782,0,0,0,1,327,0.205,-0.000102731,5.01645e-05,1.02837e-05,2.10598e-05,1.48468e-05,1.81318e-05,-0.429273,0.128564,0.00293296,-0.0213865,-0.232,-0.00337087,-0.000226841,-0.002192,10.2099,1,0,0,0,0,0,-1,1,-9.04571e-07,-3.41785e-06,-0.231917,0,38.2848,1,1010,1010,1010,1010,0,0,0,0,38.2899,56,-0.0207531,0.00283807,56,-0.0183921,0.0142702,56,-0.00880374,0.00398168,1,0,0,0,0,0,2,0,0,44,-0.0153848,0.00994428,56,-0.0123204,0.00736857,56,-0.0166561,0.00765634
4413373956813,4413361117000,4413361117000,4413373942536,73729,12.8255,4413385939606,24.8226,0,4769,14924,0,0,1,0,0,0.011977,340,340,340,1,2.81067,2.8783,0.610154,0.269503,-0.0317383,0.0344543,-5.49425e-05,5.334e-05,0.00212525,0.00826305,1,0.00445354,0.00458734,-0.00458734,0.00445354,1,1,-0.00583904,0.00444077,0.00125171,1.27673e-05,0,0,0,0,0,0,0,0,0,0,0,0,0,0,0,0,0,0,0,0,0,0,0,255,0.2,8.41748,0.2,-0.00134564,0.00508,1,1,1,1,0,1,1,-0.532835,-3.14948,0.146822,0.00349744,-0.0026514,0.0244211,1.27196,3903,1,367,97.6636,976,0,0.000884653,0.012798,0.00908782,0,0,0,1,340,0.205,-4.66232e-05,4.52407e-05,9.27434e-06,9.55775e-06,1.12211e-05,7.16929e-06,-0.429262,0.128571,0.00297794,-0.0213985,-0.232052,0.000416776,5.23457e-05,-0.00377217,1.06732,2,0,0,0,0,0,-1,1,-9.04571e-07,-3.41785e-06,-0.231986,0,1.48825,1,1010,1010,1010,1010,0,0,0,0,1.49183,56,-0.00641111,0.0065988,56,-0.00457972,0.000733477,56,-0.00769166,0.00413206,1,0,0,0,0,0,3,-0.0119637,0.00440286,56,-0.00222171,0.00573962,56,-0.00513289,0.00379518,56,-0.0039378,0.00167896
4413386438537,4413369140000,4413369140000,4413386423073,73729,17.2831,4413396118346,26.9783,0,4769,14925,0,0,1,0,0,0.008023,332,332,332,1,2.95575,2.54091,0.498115,0.221132,0.0433197,0.023735,0.000112176,4.65409e-05,0.00981079,-0.00981433,1,0.00580094,-0.0139818,0.0139818,0.00580094,1,1,0.0124686,0.00592207,0.00151322,-0.000121137,0,0,0,0,0,0,0,0,0,0,0,0,0,0,0,0,0,0,0,0,0,0,0,255,0.2,0.579857,0.2,0.0751186,0.157514,1,1,1,1,0,1,1,-0.532835,-3.14948,0.146822,0.00349744,-0.0026514,0.0244211,11.4845,3903,1,367,107.877,976,0,0.000884653,0.012798,0.00908782,0,0,0,1,332,0.205,9.51508e-05,3.94902e-05,8.09548e-06,-1.95059e-05,3.39205e-06,-2.08446e-05,-0.429259,0.12855,0.00297794,-0.0213985,-0.232052,0.00178732,-0.000496662,-0.0035335,11.222,0,0,0,0,0,0,-1,1,-9.04571e-07,-3.41785e-06,-0.231986,0,11.7009,1,1010,1010,1010,1010,0,0,0,0,11.7045,56,0.00989422,0.00441021,56,0.00363592,0.000388039,56,0.0158633,0.00399853,1,0,0,0,0,0,1,0,0,50,0.00907752,0.00561868,56,0.0130951,0.00537409,56,0.0150872,0.00805315
4413396684536,4413381143000,4413381143000,4413396669073,73729,15.5261,4413409365594,28.2226,0,4769,14926,0,0,1,0,0,0.012003,335,335,335,1,2.89236,2.5788,0.479653,0.223002,0.0740051,-0.0335999,0.000152517,-5.45611e-05,0.00358262,-0.00206306,1,-0.00454562,-0.0127066,0.0127066,-0.00454562,1,1,0.0113812,-0.0044326,0.00132542,-0.00011302,0,0,0,0,0,0,0,0,0,0,0,0,0,0,0,0,0,0,0,0,0,0,0,255,0.2,0.647987,0.2,0.0246678,0.0367717,1,1,1,1,0,1,1,-0.532835,-3.14948,0.146822,0.00349744,-0.0026514,0.0244211,24.7028,3903,1,367,121.094,976,0,0.000884653,0.012798,0.00908782,0,0,0,1,335,0.205,0.000129339,-4.62665e-05,-9.48464e-06,-2.65145e-05,-1.53243e-05,-2.36234e-05,-0.429274,0.128526,0.0030128,-0.0213863,-0.232051,0.00316843,-0.000463384,-0.00181263,12.9037,1,0,0,0,0,0,-1,1,-9.04571e-07,-3.41785e-06,-0.231986,0,24.9641,1,1010,1010,1010,1010,0,0,0,0,24.9677,56,0.0107062,-0.00246398,56,0.0140292,-0.00130068,56,0.00875888,-0.00770889,2,0,0,0,0,0,3,0.0512971,0.00961304,50,0.0102179,-0.00668897,56,0.0132817,-0.00542234,56,0.014506,-0.00301224
4413409897655,4413401110000,4413401110000,4413409890988,73729,8.78099,4413421424314,20.3143,1,4770,14927,0,0,1,0,0,0.019967,334,334,334,1,2.6753,2.74814,0.511319,0.22128,0.104347,-0.0135193,0.000188596,-2.47325e-05,0.000435884,0.0020033,1,-0.00123867,-0.00944539,0.00944539,-0.00123867,1,1,0.00950899,-0.00128553,-6.36018e-05,4.68608e-05,0,0,0,0,0,0,0,0,0,0,0,0,0,0,0,0,0,0,0,0,0,0,0,255,0.21,3.70159,0.21,0.00836022,0.00765919,1,1,1,1,1,1,1,-0.532835,-3.14948,0.146822,0.00349744,-0.0026514,0.0244211,36.7623,3903,1,367,133.154,976,0,0.000884653,0.012798,0.00908782,0,0,0,1,334,0.215,0.000159935,-2.09816e-05,-4.51105e-06,-3.4386e-05,-1.22919e-05,-3.24286e-05,-0.429286,0.128494,0.00303742,-0.0213729,-0.23196,0.00229888,0.000201501,0.00205789,11.8415,2,0,0,0,0,0,-1,1,-9.04571e-07,-3.41785e-06,-0.231986,0,36.9719,1,1010,1010,1010,1010,0,0,0,0,36.9755,56,0.0064094,-0.00171843,56,0.0103351,-0.00116276,56,0.0109415,0.00011762,1,0,0,0,0,0,2,0,0,51,0.0101272,-0.00196471,56,0.0106456,-0.000877226,56,0.0098252,-0.002964
4413421986726,4413409194000,4413409194000,4413421967837,73729,12.7738,4413431679054,22.4851,0,4770,14928,0,0,1,0,0,0.008084,333,333,331,0.993994,2.69228,2.4636,0.632913,0.263225,-0.00460815,0.0235901,-2.73556e-05,4.51966e-05,-0.0120524,0.009172,1,0.00559087,0.00338392,-0.00338392,0.00559087,1,1,-0.00180094,0.00554754,-0.00158298,4.33319e-05,0,0,0,0,0,0,0,0,0,0,0,0,0,0,0,0,0,0,0,0,0,0,0,255,0.2,5.64996,0.2,0.0277236,0.0970843,1,1,1,1,0,1,1,-0.532835,-3.14948,0.146822,0.00349744,-0.0026514,0.0244211,47.0176,3903,1,367,143.409,976,0,0.000884653,0.012798,0.00908782,0,0,0,1,331,0.205,-2.32307e-05,3.8291e-05,7.84965e-06,4.76229e-06,8.73195e-06,2.83131e-06,-0.429278,0.128497,0.00303621,-0.0213789,-0.231888,0.000773401,0.000177661,0.00581088,10.029,1,0,0,0,0,0,-1,1,-9.04571e-07,-3.41785e-06,-0.231986,0,47.2863,1,1010,1010,1010,1010,0,0,0,0,0.259817,56,-0.0132088,0.00486478,56,0.00851334,0.00198538,56,-0.00481376,0.00167176,1,0,0,0,0,0,3,0.00193834,-0.0260615,49,0.00227242,0.00698477,56,-0.00553251,0.00210777,54,-0.0052797,0.00883306
4413432325282,4413421109000,4413421109000,4413432307856,73729,11.1989,4413441453530,20.3445,0,4770,14929,0,0,1,0,0,0.011915,330,330,330,1,2.72667,2.53426,0.59008,0.264891,-0.0118561,0.000930786,-4.60204e-05,5.13691e-07,-0.00700454,-0.0030863,1,4.3113e-05,0.00386239,-0.00386239,4.3113e-05,1,1,-0.00227942,-2.1889e-07,-0.00158298,4.33319e-05,0,0,0,0,0,0,0,0,0,0,0,0,0,0,0,0,0,0,0,0,0,0,0,255,0.2,5.46707,0.2,-0.09349,-0.190456,1,1,1,2,0,1,1,-0.53245,-3.14977,0.146574,0.0044881,-0.000123704,0.0245693,9.76335,3904,1,367,153.185,976,0,0.000884653,0.012798,0.00908782,0,0,0,1,330,0.205,-3.89759e-05,4.49053e-07,9.20559e-08,7.99006e-06,1.9253e-06,7.75513e-06,-0.429276,0.128505,0.00303621,-0.0213789,-0.231888,0.000773401,0.000177661,0.00581088,19.8414,0,0,0,0,0,0,-1,1,-9.04571e-07,-3.41785e-06,-0.231768,0,0.190039,1,1010,1010,1010,1010,0,0,0,0,9.96907,56,-0.000446428,-0.000222435,56,-0.0106101,-0.00186036,56,-0.00341694,-0.00172632,1,0,0,0,0,0,3,-0.00586429,0.0178483,46,-0.00443591,0.00212482,56,-0.00212343,0.00218604,56,-0.00345644,0.00106433
4413441962517,4413429133000,4413429133000,4413441946331,73729,12.8133,4413451706678,22.5737,0,4770,14930,0,0,1,0,0,0.008024,332,332,309,0.930723,2.73956,2.83134,0.592338,0.306985,-0.0635223,-0.0154114,-0.000117556,-1.78024e-05,0.00462187,-0.00603402,1,-0.00221865,0.0146505,-0.0146505,-0.00221865,1,1,-0.0127979,-0.00219143,-0.00185264,-2.72211e-05,0,0,0,0,0,0,0,0,0,0,0,0,0,0,0,0,0,0,0,0,0,0,0,255,0.2,5.29707,0.2,-0.0143042,-0.00268844,1,1,1,1,0,1,1,-0.53245,-3.14977,0.146574,0.0044881,-0.000123704,0.0245693,20.0139,3904,1,367,163.436,976,0,0.000884653,0.012798,0.00908782,0,0,0,1,309,0.205,-9.97258e-05,-1.50885e-05,-3.09315e-06,2.04438e-05,1.68581e-06,2.06076e-05,-0.429274,0.128525,0.00298614,-0.0213678,-0.231814,-0.00122266,-0.000111606,0.00509852,10.0366,2,0,0,0,0,0,-1,1,-9.04571e-07,-3.41785e-06,-0.231768,0,10.4419,1,1010,1010,1010,1010,0,0,0,0,20.2209,56,-0.0262665,-2.35432e-05,56,-0.0131776,-0.00890034,56,-0.0143161,-9.7352e-06,1,0,0,0,0,0,2,0,0,49,-0.0107817,-0.00634836,56,-0.0153301,-0.00405695,33,-0.0116324,0.0019709
4413452235238,4413441113000,4413441113000,4413452219849,73729,11.1068,4413463143318,22.0303,0,4770,14931,0,0,1,0,0,0.01198,335,335,335,1,2.54654,2.50656,0.513079,0.26265,-0.0737457,0.0126038,-0.000147049,1.60342e-05,-0.00560155,0.00533613,1,0.00133841,0.0122745,-0.0122745,0.00133841,1,1,-0.0114989,0.00121447,-0.000775634,0.000123941,0,0,0,0,0,0,0,0,0,0,0,0,0,0,0,0,0,0,0,0,0,0,0,255,0.2,5.01617,0.2,-0.0100423,0.00205664,1,1,1,1,0,1,1,-0.53245,-3.14977,0.146574,0.0044881,-0.000123704,0.0245693,31.454,3904,1,367,174.876,976,0,0.000884653,0.012798,0.00908782,0,0,0,1,335,0.205,-0.000124726,1.35572e-05,2.77923e-06,2.55688e-05,8.57748e-06,2.42466e-05,-0.429265,0.128549,0.00296226,-0.0213676,-0.231837,-0.00287098,0.000508159,0.000247297,11.2593,1,0,0,0,0,0,-1,1,-9.04571e-07,-3.41785e-06,-0.231768,0,21.8878,1,1010,1010,1010,1010,0,0,0,0,31.6669,56,-0.0108154,0.000955703,56,-0.0182123,0.00328477,56,-0.0122211,0.00163229,1,0,0,0,0,0,2,0,0,52,-0.012534,0.00567673,56,-0.0123066,4.28671e-05,56,-0.0127987,-0.00230452
4413463662878,4413449135000,4413449135000,4413463646915,73729,14.5119,4413473366521,24.2315,0,4770,14932,0,0,1,0,0,0.008022,331,331,331,1,2.66119,2.8859,0.46493,0.245946,-0.0361328,-0.00512695,-6.62072e-05,-1.64448e-05,0.00375674,0.00743345,1,-0.00204996,0.00825321,-0.00825321,-0.00204996,1,1,-0.00907911,-0.00223535,0.000825907,0.00018539,0,0,0,0,0,0,0,0,0,0,0,0,0,0,0,0,0,0,0,0,0,0,0,255,0.2,6.59582,0.2,-0.00514587,-0.00107828,1,1,1,1,1,1,1,-0.53245,-3.14977,0.146574,0.0044881,-0.000123704,0.0245693,41.676,3904,1,367,185.098,976,0,0.000884653,0.012798,0.00908782,0,0,0,1,331,0.205,-5.61371e-05,-1.39444e-05,-2.85861e-06,1.15081e-05,-1.3752e-07,1.1857e-05,-0.429266,0.128561,0.00298302,-0.0213595,-0.231882,-0.000783726,0.000760098,-0.00333596,10.0374,1,0,0,0,0,0,-1,1,-9.04571e-07,-3.41785e-06,-0.231768,0,32.1162,1,1010,1010,1010,1010,0,0,0,0,41.8952,56,-0.00369815,-0.0020037,56,-0.013323,-0.00212739,56,-0.00955062,-0.00329583,1,0,0,0,0,0,2,0,0,48,-0.00675298,-0.000614312,56,-0.0102665,0.000966179,56,-0.00554711,-0.00197704
4413473935989,4413461110000,4413461110000,4413473919063,73729,12.8091,4413485597538,24.4875,0,4770,14933,0,0,1,0,0,0.011975,335,335,335,1,2.71371,2.82123,0.600542,0.336336,0.0101929,0.00994873,1.9242e-05,1.43318e-05,0.00330965,-0.00344943,1,0.00119681,-0.00160684,0.00160684,0.00119681,1,1,-0.000611122,0.00150967,0.00221797,-0.000312861,0,0,0,0,0,0,0,0,0,0,0,0,0,0,0,0,0,0,0,0,0,0,0,255,0.19,6.7921,0.19,-0.0432858,-0.129081,1,1,1,1,0,1,1,-0.532107,-3.15006,0.146367,0.00374861,-0.00259283,0.0240616,0.604598,3905,1,367,197.324,976,0,0.000884653,0.012798,0.00908782,0,0,0,1,335,0.195,1.63308e-05,1.21694e-05,2.37302e-06,-3.1845e-06,1.57703e-06,-3.64466e-06,-0.429264,0.128558,0.0030268,-0.0214014,-0.231971,0.00202314,-0.00122016,-0.00530154,0.411134,2,0,0,0,0,0,-1,1,-9.04572e-07,-3.41785e-06,-0.231904,0,0.814544,1,1010,1010,1010,1010,0,0,0,0,0.818174,56,0.00460546,0.00115758,56,0.00138734,0.00636607,56,0.00171049,0.000514394,1,0,0,0,0,0,3,-0.00134106,-0.017234,51,0.00148879,0.00484137,56,0.0017327,0.000153475,56,0.00276215,0.00223568
4413486114061,4413477152000,4413477152000,4413486104894,73729,8.95289,4413496378653,19.2267,1,4771,14934,0,0,1,0,0,0.016042,336,336,336,1,2.88545,2.78427,0.554505,0.219576,0.098053,-0.102417,0.000186765,-0.000202862,0.00559069,0.00198499,1,-0.0126457,-0.0116423,0.0116423,-0.0126457,1,1,0.00938936,-0.0122477,0.00225291,-0.000397948,0,0,0,0,0,0,0,0,0,0,0,0,0,0,0,0,0,0,0,0,0,0,0,255,0.2,8.81565,0.2,0.0381693,0.0956317,1,1,1,1,0,1,1,-0.532107,-3.15006,0.146367,0.00374861,-0.00259283,0.0240616,11.4164,3905,1,367,10.8074,977,0,0.000884653,0.0125839,0.00835634,0,0,0,1,336,0.205,0.0001584,-0.000172042,-3.52687e-05,-3.24719e-05,-4.17793e-05,-2.34962e-05,-0.429306,0.128534,0.0030268,-0.0214014,-0.231971,0.00249063,-0.00163159,-0.00539703,11.215,0,0,0,0,0,0,-1,1,-9.04572e-07,-3.41785e-06,-0.231904,0,11.6645,1,1010,1010,1010,1010,0,0,0,0,11.6681,56,0.00797858,-0.00977296,56,0.00660349,-0.0136139,56,0.0144618,-0.0107316,1,0,0,0,0,0,2,0,0,53,0.0122771,-0.0182624,56,0.0152686,-0.0132486,56,0.0119505,-0.0125529
4413497180623,4413489131000,4413489131000,4413497167105,73729,8.0361,4413507094731,17.9637,0,4771,14935,0,0,1,0,0,0.011979,337,337,337,1,2.93599,2.55238,0.494467,0.223372,0.0405579,-0.00500488,8.63207e-05,-3.10996e-06,0.00110067,-0.00128902,1,-0.000259618,-0.007206,0.007206,-0.000259618,1,1,0.00564504,-1.51299e-05,0.00156096,-0.000244488,0,0,0,0,0,0,0,0,0,0,0,0,0,0,0,0,0,0,0,0,0,0,0,255,0.2,-0.438152,0.2,0.00564719,0.00598048,1,1,1,1,0,1,1,-0.532107,-3.15006,0.146367,0.00374861,-0.00259283,0.0240616,22.1353,3905,1,367,21.5264,977,0,0.000884653,0.0125839,0.00835634,0,0,0,1,337,0.205,7.32206e-05,-2.63202e-06,-5.39564e-07,-1.50102e-05,-3.97492e-06,-1.44843e-05,-0.42931,0.12852,0.00303929,-0.0214,-0.231978,0.0020172,-0.0010024,-0.00350621,10.5008,1,0,0,0,0,0,-1,1,-9.04572e-07,-3.41785e-06,-0.231904,0,22.3492,1,1010,1010,1010,1010,0,0,0,0,22.3529,56,0.0102888,-0.0034489,56,0.00905441,-0.00613671,56,0.00722206,0.000820917,2,0,0,0,0,0,3,-0.00138361,0.0419243,52,0.00753508,0.00165254,56,0.00365037,0.00171577,56,0.00603341,-0.00364589
4413507643310,4413497138000,4413497138000,4413507629588,73729,10.4916,4413517725863,20.5879,0,4771,14936,0,0,1,0,0,0.008007,334,333,333,1,2.85514,2.56286,0.438578,0.218761,0.0113678,0.0592804,1.99842e-05,8.98285e-05,-0.000672872,0.00814545,1,0.0112187,-0.00249584,0.00249584,0.0112187,1,1,0.00215977,0.0110497,0.000336071,0.000169012,0,0,0,0,0,0,0,0,0,0,0,0,0,0,0,0,0,0,0,0,0,0,0,255,0.2,-0.144686,0.2,0.000349127,0.0116568,1,1,1,1,0,1,1,-0.532107,-3.15006,0.146367,0.00374861,-0.00259283,0.0240616,32.7631,3905,1,367,32.1543,977,0,0.000884653,0.0125839,0.00835634,0,0,0,1,333,0.205,1.69395e-05,7.61771e-05,1.56163e-05,-3.47259e-06,1.43966e-05,-6.96866e-06,-0.429295,0.128513,0.00304461,-0.0213803,-0.231953,0.00097122,0.000692948,-0.000325337,10.4052,1,0,0,0,0,0,-1,1,-9.04572e-07,-3.41785e-06,-0.231904,0,33.0258,1,1010,1010,1010,1010,0,0,0,0,33.0294,56,0.00390849,0.0155079,55,0.00117732,0.0145566,56,0.00146726,0.0098303,1,0,0,0,0,0,1,0,0,52,-0.0019512,0.00885558,56,0.00628509,0.0126798,56,0.00129472,0.0131062
4413518328387,4413509135000,4413509135000,4413518314998,73729,9.18,4413528290384,19.1554,0,4771,14937,0,0,1,0,0,0.011997,337,337,331,0.982196,2.93245,2.54482,0.51932,0.224687,-0.0116882,0.0376282,-1.60366e-05,7.71847e-05,-0.00103764,-0.00340738,1,0.00643367,0.00133671,-0.00133671,0.00643367,1,1,-0.000513005,0.00621773,-0.000823709,0.000215932,0,0,0,0,0,0,0,0,0,0,0,0,0,0,0,0,0,0,0,0,0,0,0,255,0.2,0.387411,0.2,-0.00274947,0.00499191,1,1,1,1,1,1,1,-0.532107,-3.15006,0.146367,0.00374861,-0.00259283,0.0240616,43.3275,3905,1,367,42.7187,977,0,0.000884653,0.0125839,0.00835634,0,0,0,1,331,0.205,-1.36488e-05,6.54536e-05,1.3418e-05,2.79801e-06,1.36987e-05,-3.59871e-07,-0.429282,0.128512,0.00304739,-0.0213787,-0.231892,0.000599849,0.00088532,0.00318164,10.3484,1,0,0,0,0,0,-1,1,-9.04572e-07,-3.41785e-06,-0.231904,0,43.6582,1,1010,1010,1010,1010,0,0,0,0,43.6618,56,-0.00297813,0.00448068,56,0.00184382,0.00357158,56,-0.00136906,0.00701871,2,0,0,0,0,0,3,-0.00852343,0.0159834,46,-0.000900892,0.0119974,56,-4.56343e-05,0.00539413,56,-0.00196918,0.00683534
4413529053372,4413517153000,4413517153000,4413529036928,73729,11.8839,4413539441873,22.2889,0,4771,14938,0,0,1,0,0,0.008018,328,328,328,1,3.0706,2.78188,0.496152,0.248003,-0.0139008,0.0121689,-4.3927e-05,1.72722e-05,-0.00877007,-0.00196063,1,0.00215418,0.00547854,-0.00547854,0.00215418,1,1,-0.00346533,0.00213428,-0.00201321,1.98965e-05,0,0,0,0,0,0,0,0,0,0,0,0,0,0,0,0,0,0,0,0,0,0,0,255,0.2,0.93073,0.2,-0.0040626,0.000467839,1,1,1,1,0,1,1,-0.531766,-3.15033,0.146192,0.00475278,-0.00151495,0.0243281,4.46097,3906,1,367,53.8842,977,0,0.000884653,0.0125839,0.00835634,0,0,0,1,328,0.205,-3.72079e-05,1.46639e-05,3.0061e-06,7.62763e-06,4.67653e-06,6.73348e-06,-0.429277,0.128519,0.00302162,-0.0213734,-0.231754,-0.000450768,8.15757e-05,0.00624271,4.24522,2,0,0,0,0,0,-1,1,-9.04572e-07,-3.41785e-06,-0.231687,0,4.6736,1,1010,1010,1010,1010,0,0,0,0,4.67793,56,-0.0042967,0.00348546,56,-0.00745146,-0.0080947,56,-0.00680838,0.00679633,1,0,0,0,0,0,2,0,0,45,-0.00524671,-0.00569034,56,-0.00627224,0.00620114,56,-0.000894635,0.00556688
4413540046601,4413529171000,4413529171000,4413540031008,73729,10.86,4413550716845,21.5458,0,4771,14939,0,0,1,0,0,0.012018,333,333,333,1,2.5485,2.46187,0.446763,0.224094,-0.0174561,0.0240784,-3.79933e-05,6.3325e-05,-0.00637849,-0.00383416,1,0.00526918,0.00316137,-0.00316137,0.00526918,1,1,-0.00100604,0.00528584,-0.00215533,-1.66585e-05,0,0,0,0,0,0,0,0,0,0,0,0,0,0,0,0,0,0,0,0,0,0,0,255,0.2,1.78533,0.2,-0.00303768,0.00362329,1,1,1,1,0,1,1,-0.531766,-3.15033,0.146192,0.00475278,-0.00151495,0.0243281,15.6965,3906,1,367,65.1197,977,0,0.000884653,0.0125839,0.00835634,0,0,0,1,333,0.205,-3.22248e-05,5.36882e-05,1.10061e-05,6.60608e-06,1.22263e-05,3.90219e-06,-0.429265,0.128523,0.00302162,-0.0213734,-0.231754,-0.000637716,-6.82999e-05,0.00655932,15.5167,0,0,0,0,0,0,-1,1,-9.04572e-07,-3.41785e-06,-0.231687,0,15.9077,1,1010,1010,1010,1010,0,0,0,0,15.912,56,-0.00460139,0.00432695,56,0.00515661,0.00767901,56,-0.00456015,0.00221015,2,0,0,0,0,0,3,-0.0216438,0.0140968,48,-0.00468606,0.00932052,56,-0.00436657,0.000527837,56,-0.00219705,0.00463697
4413551224275,4413537149000,4413537149000,4413551208627,73729,14.0596,4413560937325,23.7883,0,4771,14940,0,0,1,0,0,0.007978,331,331,328,0.990937,2.66608,2.5028,0.492097,0.221909,-0.0403976,-0.00124359,-8.20355e-05,-1.78564e-05,0.00166296,0.00968764,1,-0.0022382,0.0102827,-0.0102827,-0.0022382,1,1,-0.00880146,-0.00235474,-0.00148126,0.000116541,0,0,0,0,0,0,0,0,0,0,0,0,0,0,0,0,0,0,0,0,0,0,0,255,0.19,2.78914,0.19,-0.00843585,-0.000941946,1,1,1,1,0,1,1,-0.531766,-3.15033,0.146192,0.00475278,-0.00151495,0.0243281,25.9181,3906,1,367,75.3413,977,0,0.000884653,0.0125839,0.00835634,0,0,0,1,328,0.195,-6.96057e-05,-1.5166e-05,-2.95737e-06,1.35731e-05,2.38427e-07,1.38895e-05,-0.429264,0.128537,0.00301009,-0.0213511,-0.231711,-0.00115623,0.000454509,0.00369654,10.0079,2,0,0,0,0,0,-1,1,-9.04572e-07,-3.41785e-06,-0.231687,0,26.1878,1,1010,1010,1010,1010,0,0,0,0,26.1921,56,-0.00899748,-0.00010255,56,0.00125243,-0.00555927,53,-0.00410813,-0.00577056,1,0,0,0,0,0,2,0,0,48,-0.00780536,0.00490863,56,-0.0116079,0.000799717,56,-0.01513,-0.00496335
4413561501479,4413549131000,4413549131000,4413561486923,73729,12.3559,4413573183583,24.0526,0,4771,14941,0,0,1,0,0,0.011982,333,333,333,1,2.59834,3.23977,0.389781,0.317688,-0.0110474,0.010376,-4.21581e-05,1.19791e-05,-0.00424138,0.00492015,1,0.000999757,0.00351845,-0.00351845,0.000999757,1,1,-0.00385552,0.00112649,0.00033707,-0.000126732,0,0,0,0,0,0,0,0,0,0,0,0,0,0,0,0,0,0,0,0,0,0,0,255,0.2,2.92067,0.2,-0.120453,-0.284989,1,1,1,1,0,1,1,-0.531766,-3.15033,0.146192,0.00475278,-0.00151495,0.0243281,38.1629,3906,1,367,87.5861,977,0,0.000884653,0.0125839,0.00835634,0,0,0,1,333,0.205,-3.57392e-05,1.01286e-05,2.07637e-06,7.32655e-06,3.70261e-06,6.65401e-06,-0.429261,0.128544,0.00301654,-0.0213669,-0.231736,-8.06391e-05,-0.000519603,-0.0011701,12.0087,1,0,0,0,0,0,-1,1,-9.04572e-07,-3.41785e-06,-0.231687,0,38.372,1,1010,1010,1010,1010,0,0,0,0,38.3763,56,-0.00150854,-0.0015971,56,-0.00701051,0.00529447,56,-0.00311703,0.000573576,2,0,0,0,0,0,2,0,0,49,0.00131076,-0.00149849,56,-0.00163621,0.000248001,56,-0.00309016,0.00544821
4413573683884,4413557158000,4413557158000,4413573669606,73729,16.5116,4413584953022,27.795,0,4771,14942,0,0,1,0,0,0.008027,331,331,331,1,2.68367,2.76314,0.453726,0.291114,0.0301208,-0.0585022,8.746e-05,-9.91491e-05,0.0189537,-0.00762845,1,-0.0123519,-0.0108957,0.0108957,-0.0123519,1,1,0.00957639,-0.0121803,0.00131934,-0.000171649,0,0,0,0,0,0,0,0,0,0,0,0,0,0,0,0,0,0,0,0,0,0,0,255,0.2,4.89797,0.2,0.180129,0.368412,1,1,1,1,1,1,1,-0.531766,-3.15033,0.146192,0.00475278,-0.00151495,0.0243281,49.9276,3906,1,367,99.3508,977,0,0.000884653,0.0125839,0.00835634,0,0,0,1,331,0.205,7.41333e-05,-8.40377e-05,-1.72277e-05,-1.51973e-05,-2.02531e-05,-1.08348e-05,-0.429281,0.128533,0.00304247,-0.0213651,-0.23177,0.00127536,-0.000703762,-0.00330714,11.5441,1,0,0,0,0,0,-1,1,-9.04572e-07,-3.41785e-06,-0.231749,0,0.279206,1,1010,1010,1010,1010,0,0,0,0,0.282817,56,0.0097544,-0.00685673,56,0.0229102,-0.0200958,56,0.00986614,-0.0115105,1,0,0,0,0,0,3,0.0246922,0.0104786,47,0.00386012,-0.00934674,56,0.0100223,-0.0133812,56,0.00547633,-0.0173969
4413585538824,4413577151000,4413577151000,4413585531268,73729,8.38027,4413595054761,17.9038,1,4772,14943,0,0,1,0,0,0.019993,326,326,325,0.996933,2.78478,2.79945,0.424189,0.248354,0.0350647,-0.0714417,4.94234e-05,-0.000141814,0.00380362,0.000742078,1,-0.0070932,-0.00247203,0.00247203,-0.0070932,1,1,0.000841752,-0.00703838,0.00163028,-5.4813e-05,0,0,0,0,0,0,0,0,0,0,0,0,0,0,0,0,0,0,0,0,0,0,0,255,0.2,6.60267,0.2,0.0119192,0.0216411,1,1,1,2,0,1,1,-0.531501,-3.15053,0.146186,0.00437455,-0.00187402,0.0240499,10.1145,3907,1,367,109.478,977,0,0.000884653,0.0125839,0.00835634,0,0,0,1,325,0.205,4.19549e-05,-0.000120249,-2.46511e-05,-8.60075e-06,-2.59617e-05,-2.70858e-06,-0.429307,0.12853,0.00304844,-0.0213582,-0.231816,0.00124806,-0.000224733,-0.00434887,9.92198,1,0,0,0,0,0,-1,1,-9.04572e-07,-3.41785e-06,-0.231749,0,10.3138,1,1010,1010,1010,1010,0,0,0,0,10.3174,56,0.0062419,-0.00649821,55,-0.00247628,-0.0061764,56,0.00391211,-0.00648739,2,0,0,0,0,0,2,0,0,42,0.00199494,-0.0111583,56,0.00456638,-0.00700372,56,0.00537602,-0.00494823
4413597191262,4413589125000,4413589125000,4413597175817,73729,8.05082,4413607954044,18.829,0,4772,14944,0,0,1,0,0,0.011974,340,340,340,1,2.96462,2.49169,0.52819,0.228262,0.000648499,0.0397034,-1.00173e-05,7.62624e-05,-0.0023625,0.000353384,1,0.006369,0.000836585,-0.000836585,0.006369,1,1,-0.00225711,0.00603873,0.00142053,0.000330263,0,0,0,0,0,0,0,0,0,0,0,0,0,0,0,0,0,0,0,0,0,0,0,255,0.2,8.11976,0.2,-0.00126786,0.00560958,1,1,1,1,0,1,1,-0.531501,-3.15053,0.146186,0.00437455,-0.00187402,0.0240499,23.0542,3907,1,367,122.417,977,0,0.000884653,0.0125839,0.00835634,0,0,0,1,340,0.205,-8.52092e-06,6.4657e-05,1.32547e-05,1.74679e-06,1.32984e-05,-1.3448e-06,-0.429294,0.128529,0.00304878,-0.0213298,-0.231844,0.000206183,0.00135408,-0.00449439,12.6599,1,0,0,0,0,0,-1,1,-9.04572e-07,-3.41785e-06,-0.231749,0,23.2737,1,1010,1010,1010,1010,0,0,0,0,23.2773,56,-0.000921449,0.00352635,56,0.00228322,0.00542838,56,-0.00308932,0.0102271,2,0,0,0,0,0,3,0.0076466,-0.0076248,55,0.00177186,0.0107462,56,-0.000523911,0.00559932,56,-0.0024331,0.00259616
4413608548938,4413597141000,4413597141000,4413608532660,73729,11.3917,4413617838207,20.6972,0,4772,14945,0,0,1,0,0,0.008016,335,335,335,1,2.73464,2.48763,0.47906,0.220965,-0.00323486,0.0109558,-3.25569e-06,1.55489e-05,0.00756646,0.0010244,1,0.00193973,0.000406149,-0.000406149,0.00193973,1,1,-0.00102625,0.00164318,0.000620098,0.000296554,0,0,0,0,0,0,0,0,0,0,0,0,0,0,0,0,0,0,0,0,0,0,0,255,0.2,-0.862582,0.2,-0.000930501,0.000725026,1,1,1,1,0,1,1,-0.531501,-3.15053,0.146186,0.00437455,-0.00187402,0.0240499,32.9061,3907,1,367,132.269,977,0,0.000884653,0.0125839,0.00835634,0,0,0,1,335,0.205,-2.81474e-06,1.31329e-05,2.69223e-06,5.77021e-07,2.75215e-06,-5.68644e-08,-0.429291,0.128529,0.0030533,-0.0213107,-0.231841,-0.000331768,0.00121587,-0.00229934,9.63161,1,0,0,0,0,0,-1,1,-9.04572e-07,-3.41785e-06,-0.231749,0,33.1316,1,1010,1010,1010,1010,0,0,0,0,33.1353,56,-0.00951417,0.00857338,56,0.00795766,0.0146048,56,0.0056123,-0.00403321,2,0,0,0,0,0,2,0,0,51,-0.00356863,-0.00293063,56,0.00419919,-0.00106499,56,0.00214172,0.00494483
4413618406471,4413609124000,4413609124000,4413618395378,73729,9.27138,4413628158929,19.0349,0,4772,14946,0,0,1,0,0,0.011983,327,327,327,1,2.95242,2.45095,0.477467,0.215854,0.0194702,0.0108337,5.46019e-05,2.71574e-05,-0.00077905,-0.00793025,1,0.00226632,-0.00455661,0.00455661,0.00226632,1,1,0.0045605,0.0022343,-3.88488e-06,3.20205e-05,0,0,0,0,0,0,0,0,0,0,0,0,0,0,0,0,0,0,0,0,0,0,0,255,0.2,8.99495,0.2,0.00345306,-0.000307771,1,1,1,1,0,1,1,-0.531501,-3.15053,0.146186,0.00437455,-0.00187402,0.0240499,43.2259,3907,1,367,142.589,977,0,0.000884653,0.0125839,0.00835634,0,0,0,1,327,0.205,4.63362e-05,2.30981e-05,4.7351e-06,-9.49893e-06,2.42563e-06,-1.03326e-05,-0.429288,0.128518,0.00308865,-0.0212675,-0.231822,0.000150023,0.000131284,0.00013276,10.0712,1,0,0,0,0,0,-1,1,-9.04572e-07,-3.41785e-06,-0.231749,0,43.4365,1,1010,1010,1010,1010,0,0,0,0,43.4401,56,0.00978426,0.00534143,56,0.0115382,-0.00734386,56,-0.000932987,-0.000641841,1,0,0,0,0,0,2,0,0,44,0.00284546,0.00480362,56,-0.000866625,0.00435057,56,0.00312945,0.00150531
4413628730008,4413617171000,4413617171000,4413628716897,73729,11.5459,4413638624338,21.4533,0,4772,14947,0,0,1,0,0,0.008047,338,337,335,0.994065,3.11419,2.84758,0.51293,0.21802,-0.00691223,-0.00933838,-2.80948e-05,-2.61154e-05,-0.00562391,0.00874043,1,-0.00324536,0.00349134,-0.00349134,-0.00324536,1,1,-0.00288713,-0.00306915,-0.000604201,-0.000176206,0,0,0,0,0,0,0,0,0,0,0,0,0,0,0,0,0,0,0,0,0,0,0,255,0.21,-0.972805,0.21,-0.00119947,-0.00242968,1,1,1,1,1,1,1,-0.531501,-3.15053,0.146186,0.00437455,-0.00187402,0.0240499,53.6665,3907,1,367,153.03,977,0,0.000884653,0.0125839,0.00835634,0,0,0,1,335,0.215,-2.38373e-05,-2.21978e-05,-4.77252e-06,5.12502e-06,-3.46698e-06,6.08404e-06,-0.429292,0.128524,0.00311101,-0.0212365,-0.231769,0.00101935,-0.000757684,0.00289393,10.2487,1,0,0,0,0,0,-1,1,-9.04572e-07,-3.41785e-06,-0.231647,0,0.19915,1,1010,1010,1010,1010,0,0,0,0,0.203668,56,-0.00609284,-0.0095332,55,-0.00571992,-0.00182979,56,-0.00197728,0.00054205,2,0,0,0,0,0,2,0,0,52,0.00087744,-0.00574668,56,-0.0010947,-0.000408585,56,-0.00184115,-0.00520701
4413639260621,4413629125000,4413629125000,4413639243491,73729,10.1185,4413651589306,22.4643,0,4772,14948,0,0,1,0,0,0.011954,338,338,338,1,2.76336,3.69263,0.508949,0.246743,-0.0184326,0.0163422,-4.32047e-05,3.27639e-05,-0.00462603,0.00157777,1,0.00274083,0.00361425,-0.00361425,0.00274083,1,1,-0.00223976,0.0027825,-0.00137449,-4.16692e-05,0,0,0,0,0,0,0,0,0,0,0,0,0,0,0,0,0,0,0,0,0,0,0,255,0.2,-0.594487,0.2,0.0580998,0.373009,1,1,1,1,0,1,1,-0.531568,-3.15046,0.14598,0.00350296,-0.000758851,0.0239656,12.9439,3908,1,367,165.99,977,0,0.000884653,0.0125839,0.00835634,0,0,0,1,338,0.205,-3.66049e-05,2.78003e-05,5.69906e-06,7.50401e-06,7.26829e-06,5.99505e-06,-0.429285,0.12853,0.0031249,-0.021176,-0.231716,0.000290024,-0.000170844,0.00474035,12.7666,1,0,0,0,0,0,-1,1,-9.04572e-07,-3.41785e-06,-0.231647,0,13.158,1,1010,1010,1010,1010,0,0,0,0,13.1625,56,-0.000668595,0.00426314,56,-0.00459378,-0.00184885,56,-0.00228842,0.0019002,2,0,0,0,0,0,2,0,0,54,-0.00720794,0.00151425,56,-0.00328296,0.00263218,56,-0.00249142,0.00298069
4413652092533,4413637166000,4413637166000,4413652079625,73729,14.9136,4413661648155,24.4822,0,4772,14949,0,0,1,0,0,0.008041,333,332,332,1,2.60088,2.49291,0.3838,0.27778,-0.0311279,0.0384445,-5.33542e-05,8.45086e-05,-0.0103832,-0.00518826,1,0.0105097,0.00663527,-0.00663527,0.0105097,1,1,-0.00535238,0.010514,-0.00128289,-4.28962e-06,0,0,0,0,0,0,0,0,0,0,0,0,0,0,0,0,0,0,0,0,0,0,0,255,0.2,2.04746,0.2,-0.118115,-0.288573,1,1,1,1,0,1,1,-0.531568,-3.15046,0.14598,0.00350296,-0.000758851,0.0239656,23.0056,3908,1,367,176.052,977,0,0.000884653,0.0125839,0.00835634,0,0,0,1,332,0.205,-4.52495e-05,7.16468e-05,1.46876e-05,9.27615e-06,1.64211e-05,5.65732e-06,-0.429268,0.128536,0.00316929,-0.0211021,-0.231642,2.20482e-05,-1.75874e-05,0.00422552,9.84424,2,0,0,0,0,0,-1,1,-9.04572e-07,-3.41785e-06,-0.231647,0,23.2197,1,1010,1010,1010,1010,0,0,0,0,23.2242,56,-0.00905562,0.0101334,55,-0.00605883,0.0123001,56,-0.00700791,0.010554,2,0,0,0,0,0,3,0.00622643,0.00899303,48,-0.00945801,0.0115155,56,-0.00879703,0.00689899,56,-0.00804078,0.0108612
4413662168975,4413649122000,4413649122000,4413662153790,73729,13.0318,4413673367631,24.2456,0,4772,14950,0,0,1,0,0,0.011956,330,330,330,1,2.68149,2.46652,0.4743,0.269447,0.0027771,0.00143433,-1.79772e-05,-1.35891e-05,0.00122942,0.00706295,1,-0.00113659,0.00150361,-0.00150361,-0.00113659,1,1,-0.00123467,-0.000932077,-0.000268945,-0.000204514,0,0,0,0,0,0,0,0,0,0,0,0,0,0,0,0,0,0,0,0,0,0,0,255,0.2,1.99024,0.2,-0.0343759,-0.0749641,1,1,1,1,0,1,1,-0.531568,-3.15046,0.14598,0.00350296,-0.000758851,0.0239656,34.7247,3908,1,367,187.771,977,0,0.000884653,0.0125839,0.00835634,0,0,0,1,330,0.205,-1.52534e-05,-1.15367e-05,-2.36501e-06,3.12694e-06,-1.58368e-06,3.58628e-06,-0.42927,0.12854,0.00319995,-0.0210753,-0.231639,0.00127953,-0.000838509,0.00190576,11.5339,1,0,0,0,0,0,-1,1,-9.04572e-07,-3.41785e-06,-0.231647,0,34.9391,1,1010,1010,1010,1010,0,0,0,0,34.9436,56,-0.000710069,-0.00271118,56,-0.00314755,-0.00106119,56,-0.00133227,0.00167812,1,0,0,0,0,0,2,0,0,47,0.00156328,-0.00300289,56,0.00236836,-0.00015516,56,-0.00044381,-0.000279706
4413673896395,4413669135000,4413669135000,4413673889654,73729,4.75465,4413684940198,15.8052,1,4773,14951,0,0,1,0,0,0.020013,332,332,323,0.972892,2.66345,2.8114,0.591376,0.324688,0.0376892,-0.071167,6.06775e-05,-0.000129243,-0.00123668,-0.00462305,1,-0.00645796,-0.00303191,0.00303191,-0.00645796,1,1,0.00253597,-0.00611034,0.00049594,-0.000347613,0,0,0,0,0,0,0,0,0,0,0,0,0,0,0,0,0,0,0,0,0,0,0,255,0.2,3.54548,0.2,0.00199875,-0.00521736,1,1,1,1,0,1,1,-0.531568,-3.15046,0.14598,0.00350296,-0.000758851,0.0239656,46.2971,3908,1,367,199.343,977,0,0.000884653,0.0125839,0.00835634,0,0,0,1,323,0.205,5.15194e-05,-0.000109592,-2.24664e-05,-1.05615e-05,-2.42855e-05,-5.1226e-06,-0.429294,0.128534,0.00322778,-0.0210502,-0.231654,0.00134332,-0.00142521,-0.000552026,11.3921,1,0,0,0,0,0,-1,1,-9.04572e-07,-3.41785e-06,-0.231611,0,0.292262,1,1010,1010,1010,1010,0,0,0,0,0.295725,56,0.00659299,-0.00823169,56,0.00142322,-0.00413937,56,0.0050361,-0.00585821,2,0,0,0,0,0,3,0.000357426,-0.00306154,38,0.00351838,-0.00760261,56,0.00273266,-0.00522949,56,0.00343484,-0.00690573
4413685580500,4413677165000,4413677165000,4413685566407,73729,8.40141,4413695069159,17.9042,0,4773,14952,0,0,1,0,0,0.00803,336,336,336,1,2.76289,2.73427,0.551135,0.22278,0.0180511,0.0133667,5.37418e-05,1.29311e-05,0.00328755,0.00626638,1,0.00161034,-0.00669262,0.00669262,0.00161034,1,1,0.00568174,0.00147624,0.00101089,0.000134105,0,0,0,0,0,0,0,0,0,0,0,0,0,0,0,0,0,0,0,0,0,0,0,255,0.2,5.08264,0.2,0.00281672,0.00370362,1,1,1,1,1,1,1,-0.531861,-3.15027,0.145778,0.00136994,0.00043965,0.0239608,10.1225,3909,1,367,8.50308,978,0,0.000884653,0.0124323,0.00864884,0,0,0,1,336,0.205,4.55264e-05,1.09217e-05,2.23895e-06,-9.33292e-06,3.63008e-08,-9.59764e-06,-0.429294,0.128525,0.0032494,-0.0209905,-0.231683,0.00137958,0.000549829,-0.00221204,9.943,1,0,0,0,0,0,-1,1,-9.04572e-07,-3.41785e-06,-0.231611,0,10.3474,1,1010,1010,1010,1010,0,0,0,0,10.3509,56,-0.000743974,0.00162153,56,0.00971629,0.00479723,56,0.00209322,-0.00262187,2,0,0,0,0,0,2,0,0,52,0.00690351,0.00424271,56,0.00575014,0.000352035,56,0.000691248,0.0069516
4413695660998,4413685156000,4413685156000,4413695645609,73729,10.4896,4413705830256,20.6743,0,4773,14953,0,0,1,0,0,0.007991,331,331,331,1,2.72397,2.79788,0.490505,0.217761,-0.000701904,-4.57764e-05,1.04515e-05,1.01936e-05,0.0105227,0.00437342,1,0.00127564,-0.00130791,0.00130791,0.00127564,1,1,0.000232375,0.00103527,0.00107553,0.000240373,0,0,0,0,0,0,0,0,0,0,0,0,0,0,0,0,0,0,0,0,0,0,0,255,0.2,4.93193,0.2,-0.00144084,0.00100902,1,1,1,1,0,1,1,-0.531861,-3.15027,0.145778,0.00136994,0.00043965,0.0239608,20.8957,3909,1,367,19.2763,978,0,0.000884653,0.0124323,0.00864884,0,0,0,1,331,0.205,8.80733e-06,8.66036e-06,1.77537e-06,-1.8055e-06,1.31305e-06,-2.16488e-06,-0.429293,0.128523,0.00326908,-0.0209663,-0.23171,0.000536117,0.000985529,-0.00309885,10.5653,1,0,0,0,0,0,-1,1,-9.04572e-07,-3.41785e-06,-0.231611,0,21.1092,1,1010,1010,1010,1010,0,0,0,0,21.1126,56,-0.00218919,0.00523184,56,0.00515543,0.00017692,56,0.00562145,0.00733579,2,0,0,0,0,0,2,0,0,47,-0.00367866,-0.00347595,56,0.00189604,-0.00370843,56,0.00278783,-0.00513945
4413706361594,4413697141000,4413697141000,4413706350446,73729,9.20945,4413715614695,18.4737,0,4773,14954,0,0,1,0,0,0.011985,337,337,337,1,2.8123,2.75523,0.5048,0.218761,0.0115662,-0.017334,-7.4648e-07,-2.28888e-05,-0.00350384,0.000389981,1,-0.00190978,6.22845e-05,-6.22845e-05,-0.00190978,1,1,-0.00104497,-0.00182448,0.000982683,-8.53036e-05,0,0,0,0,0,0,0,0,0,0,0,0,0,0,0,0,0,0,0,0,0,0,0,255,0.2,5.50468,0.2,0.000155304,-0.00241806,1,1,1,1,0,1,1,-0.531861,-3.15027,0.145778,0.00136994,0.00043965,0.0239608,30.6875,3909,1,367,29.0682,978,0,0.000884653,0.0124323,0.00864884,0,0,0,1,337,0.205,-5.93926e-07,-1.93835e-05,-3.97362e-06,1.21755e-07,-3.83862e-06,1.03086e-06,-0.429297,0.128524,0.00328711,-0.0209536,-0.231723,0.000703586,-0.000349745,-0.00266033,9.57599,1,0,0,0,0,0,-1,1,-9.04572e-07,-3.41785e-06,-0.231611,0,30.9082,1,1010,1010,1010,1010,0,0,0,0,30.9116,56,0.00521408,-0.00637732,56,-0.00582742,-0.00616482,56,-0.00301029,-0.00211415,2,0,0,0,0,0,2,0,0,53,0.0012623,-0.00302592,56,0.00262787,-0.00280044,56,0.00191961,0.00166409
4413716193312,4413705154000,4413705154000,4413716178330,73729,11.0243,4413726046919,20.8929,0,4773,14955,0,0,1,0,0,0.008013,331,331,331,1,2.72091,2.71862,0.396855,0.218706,-0.0274811,-0.0347748,-2.87518e-05,-5.8294e-05,0.00349727,-0.00518717,1,-0.00727493,0.00358815,-0.00358815,-0.00727493,1,1,-0.0038254,-0.00700942,0.000237256,-0.000265511,0,0,0,0,0,0,0,0,0,0,0,0,0,0,0,0,0,0,0,0,0,0,0,255,0.19,5.09742,0.19,-0.0782179,-0.195482,1,1,1,1,0,1,1,-0.531861,-3.15027,0.145778,0.00136994,0.00043965,0.0239608,41.1075,3909,1,367,39.4887,978,0,0.000884653,0.0124323,0.00864884,0,0,0,1,331,0.195,-2.44148e-05,-4.9468e-05,-9.64626e-06,4.76088e-06,-8.29341e-06,6.84843e-06,-0.429305,0.128531,0.00327734,-0.0209359,-0.231713,-0.000371303,-0.00103549,-0.00103728,10.2161,1,0,0,0,0,0,-1,1,-9.04572e-07,-3.41785e-06,-0.231611,0,41.3188,1,1010,1010,1010,1010,0,0,0,0,41.3223,56,-0.0131017,-0.0102592,56,0.00590817,-0.0109887,56,-0.00317797,-0.00715125,2,0,0,0,0,0,2,0,0,47,-0.00415066,-0.00348755,56,-0.00547224,-0.00441144,56,-0.00815671,-0.010649
4413726593887,4413717166000,4413717166000,4413726578016,73729,9.41202,4413737854173,20.6882,0,4773,14956,0,0,1,0,0,0.012012,333,333,333,1,2.86734,2.92984,0.512042,0.263114,-0.0334778,0.0246887,-8.0521e-05,4.95599e-05,-0.00473221,-0.00299483,1,0.00412587,0.00670338,-0.00670338,0.00412587,1,1,-0.00578338,0.00403621,-0.000919998,8.96506e-05,0,0,0,0,0,0,0,0,0,0,0,0,0,0,0,0,0,0,0,0,0,0,0,255,0.19,5.46007,0.19,-0.0800485,-0.177611,1,1,1,1,0,1,1,-0.532163,-3.15002,0.145712,0.000970369,0.00134337,0.024052,2.46158,3910,1,367,51.2773,978,0,0.000884653,0.0124323,0.00864884,0,0,0,1,333,0.195,-6.82525e-05,4.20373e-05,8.19728e-06,1.33092e-05,1.10313e-05,1.10723e-05,-0.429294,0.128542,0.00326203,-0.0208939,-0.231653,-0.00129323,0.000349638,0.00183581,2.29234,2,0,0,0,0,0,-1,1,-9.04572e-07,-3.41785e-06,-0.231581,0,2.67243,1,1010,1010,1010,1010,0,0,0,0,2.67684,56,-0.00522297,0.00753527,56,-0.00978945,0.00712909,56,-0.00507322,0.00226832,2,0,0,0,0,0,3,-0.0033112,-0.000800949,48,-0.00556529,0.000197636,56,-0.00762513,0.00279354,56,-0.00264965,0.00421978
4413738345788,4413725162000,4413725162000,4413738332325,73729,13.1703,4413747530371,22.3684,0,4773,14957,0,0,1,0,0,0.007996,329,329,329,1,2.9626,2.48439,0.498264,0.217706,-0.0328369,0.0445557,-7.30551e-05,8.52074e-05,0.0004658,-0.00249571,1,0.0106563,0.00913646,-0.00913646,0.0106563,1,1,-0.00806565,0.0104956,-0.00107081,0.000160682,0,0,0,0,0,0,0,0,0,0,0,0,0,0,0,0,0,0,0,0,0,0,0,255,0.2,7.03951,0.2,0.0708937,0.193665,1,1,1,1,1,1,1,-0.532163,-3.15002,0.145712,0.000970369,0.00134337,0.024052,12.1696,3910,1,367,60.9857,978,0,0.000884653,0.0124323,0.00864884,0,0,0,1,329,0.205,-6.19973e-05,7.22535e-05,1.4812e-05,1.27094e-05,1.73302e-05,8.97018e-06,-0.429277,0.128551,0.00326203,-0.0208939,-0.231653,-0.0012727,0.000658796,0.00249409,11.9703,0,0,0,0,0,0,-1,1,-9.04572e-07,-3.41785e-06,-0.231581,0,12.3895,1,1010,1010,1010,1010,0,0,0,0,12.3939,56,-0.00813172,0.00366178,56,-0.00226066,0.0147551,56,-0.0121945,0.0137774,2,0,0,0,0,0,2,0,0,45,-0.0050913,0.01328,56,-0.00784652,0.00958998,56,-0.0063468,0.0119524
4413748162765,4413737136000,4413737136000,4413748146450,73729,11.0104,4413760597192,23.4612,0,4773,14958,0,0,1,0,0,0.011974,338,338,338,1,2.83777,2.50949,0.483968,0.231891,-0.00917053,0.00519562,-4.52692e-06,-1.80289e-06,0.00254706,-0.000282035,1,-0.000150567,0.000378062,-0.000378062,-0.000150567,1,1,0.000551507,-0.00022834,-0.000929569,7.77736e-05,0,0,0,0,0,0,0,0,0,0,0,0,0,0,0,0,0,0,0,0,0,0,0,255,0.2,6.70143,0.2,0.0461954,0.24223,1,1,1,1,0,1,1,-0.532163,-3.15002,0.145712,0.000970369,0.00134337,0.024052,25.2746,3910,1,367,74.0903,978,0,0.000884653,0.0124323,0.00864884,0,0,0,1,338,0.205,-3.82489e-06,-1.50402e-06,-3.08324e-07,7.84103e-07,-1.20079e-07,8.33935e-07,-0.429277,0.128551,0.00326869,-0.0208831,-0.231627,-0.000488963,0.000318872,0.00265782,12.8421,1,0,0,0,0,0,-1,1,-9.04572e-07,-3.41785e-06,-0.231581,0,25.4902,1,1010,1010,1010,1010,0,0,0,0,25.4946,56,0.00150622,0.00358418,56,-0.00406575,-0.00244976,56,-0.00114062,-0.00096112,1,0,0,0,0,0,3,-0.022691,-0.00607191,54,-0.00237395,-0.00182031,56,-0.00148834,0.00174666,56,-0.0008423,0.000815082
4413761248364,4413745163000,4413745163000,4413761234309,73729,16.0713,4413770554503,25.3915,0,4773,14959,0,0,1,0,0,0.008027,333,333,332,0.996997,2.58682,2.50667,0.355115,0.222262,0.0158997,-0.0154114,2.14744e-05,-2.24096e-05,-0.00602941,0.00364641,1,-0.00279178,-0.00267528,0.00267528,-0.00279178,1,1,0.00287042,-0.00271586,-0.000195144,-7.59156e-05,0,0,0,0,0,0,0,0,0,0,0,0,0,0,0,0,0,0,0,0,0,0,0,255,0.2,-0.525894,0.2,-0.0633762,-0.165579,1,1,1,1,0,1,1,-0.532163,-3.15002,0.145712,0.000970369,0.00134337,0.024052,35.1678,3910,1,367,83.9835,978,0,0.000884653,0.0124323,0.00864884,0,0,0,1,332,0.205,1.81935e-05,-1.90266e-05,-3.90045e-06,-3.72967e-06,-4.65133e-06,-2.73502e-06,-0.429281,0.128549,0.00330001,-0.0208706,-0.231603,0.00113715,-0.000311254,0.00154979,9.62701,2,0,0,0,0,0,-1,1,-9.04572e-07,-3.41785e-06,-0.231581,0,35.379,1,1010,1010,1010,1010,0,0,0,0,35.3834,56,0.000878323,-0.00345923,56,0.00483851,-0.000938755,56,0.00210233,-0.000748648,1,0,0,0,0,0,2,0,0,50,0.00061347,-0.00339807,56,0.00217088,-0.0068929,55,0.00642437,-0.00587993
4413771130046,4413757165000,4413757165000,4413771115971,73729,13.951,4413782123978,24.959,0,4773,14960,0,0,1,0,0,0.012002,338,338,338,1,2.67226,2.5525,0.386541,0.225428,0.0289917,-0.038414,6.07931e-05,-7.58592e-05,0.000138975,0.00299277,1,-0.00632055,-0.00506524,0.00506524,-0.00632055,1,1,0.0046362,-0.00640092,0.000429046,8.03735e-05,0,0,0,0,0,0,0,0,0,0,0,0,0,0,0,0,0,0,0,0,0,0,0,255,0.21,-0.827026,0.21,-0.00411519,-0.0403855,1,1,1,1,0,1,1,-0.532163,-3.15002,0.145712,0.000970369,0.00134337,0.024052,46.737,3910,1,367,95.5529,978,0,0.000884653,0.0124323,0.00864884,0,0,0,1,338,0.215,5.15657e-05,-6.43314e-05,-1.38313e-05,-1.10866e-05,-1.60031e-05,-7.61654e-06,-0.429297,0.128541,0.00331985,-0.0208434,-0.231608,0.00145408,0.000345606,-0.000312656,11.3313,1,0,0,0,0,0,-1,1,-9.04572e-07,-3.41785e-06,-0.231581,0,47.0177,1,1010,1010,1010,1010,0,0,0,0,0.221965,56,0.00197856,-0.00663892,56,0.00674748,-0.00743151,56,0.00562917,-0.00618872,1,0,0,0,0,0,1,0,0,56,0.00595826,-0.00579402,56,0.00416161,-0.00567888,56,0.0026784,-0.00624172
4413782758595,4413765157000,4413765157000,4413782742946,73729,17.5859,4413792368310,27.2113,0,4773,14961,0,0,1,0,0,0.007992,331,331,331,1,2.85895,2.65415,0.538671,0.262132,0.041687,0.0121765,5.63995e-05,2.23874e-05,-0.002329,0.000836797,1,0.00280122,-0.007057,0.007057,0.00280122,1,1,0.00662795,0.00272085,0.000429046,8.03735e-05,0,0,0,0,0,0,0,0,0,0,0,0,0,0,0,0,0,0,0,0,0,0,0,255,0.21,0.663081,0.21,0.155206,0.3545,1,1,1,1,0,1,1,-0.532163,-3.15002,0.145712,0.000970369,0.00134337,0.024052,56.9807,3910,1,367,105.797,978,0,0.000884653,0.0124323,0.00864884,0,0,0,1,331,0.215,4.78645e-05,1.89963e-05,4.08421e-06,-1.02909e-05,1.6128e-06,-1.09535e-05,-0.429296,0.12853,0.00331985,-0.0208434,-0.231608,0.00145408,0.000345606,-0.000312656,21.5802,0,0,0,0,0,0,-1,1,-9.04572e-07,-3.41785e-06,-0.231539,0,0.226002,1,1010,1010,1010,1010,0,0,0,0,10.4222,56,0.0107392,0.0010938,56,0.00687542,0.00393181,56,0.0084727,0.00146724,2,0,0,0,0,0,2,0,0,47,0.00164408,-0.00161951,56,0.0118387,0.00496524,56,0.0114035,0.00427016
4413792914519,4413777143000,4413777143000,4413792899889,73729,15.7569,4413804060619,26.9176,0,4773,14962,0,0,1,0,0,0.011986,330,330,330,1,2.56863,2.49947,0.502967,0.272872,0.0215073,0.0248184,8.23164e-05,4.91672e-05,0.00470895,-0.00701929,1,0.00410205,-0.00686771,0.00686771,0.00410205,1,1,0.00643475,0.00408282,0.00043296,1.9228e-05,0,0,0,0,0,0,0,0,0,0,0,0,0,0,0,0,0,0,0,0,0,0,0,255,0.2,0.640672,0.2,0.0913581,0.19623,1,1,1,1,1,1,1,-0.53263,-3.1497,0.145666,-0.000701248,0.00209065,0.0237977,11.6762,3911,1,367,117.484,978,0,0.000884653,0.0124323,0.00864884,0,0,0,1,330,0.205,6.97709e-05,4.17233e-05,8.55327e-06,-1.4303e-05,5.04086e-06,-1.58842e-05,-0.429291,0.128514,0.00334032,-0.0208106,-0.231611,0.000885274,7.88347e-05,-0.000711889,11.4625,2,0,0,0,0,0,-1,1,-9.04572e-07,-3.41785e-06,-0.231539,0,11.8896,1,1010,1010,1010,1010,0,0,0,0,22.0858,56,0.00524942,0.004348,56,0.00637654,0.00351451,56,0.000311113,0.00214936,1,0,0,0,0,0,1,0,0,48,0.00390452,0.00671329,56,0.00378257,0.00570159,56,0.00679985,0.00379496
4413804660680,4413785160000,4413785160000,4413804611476,73729,19.4515,4413814252988,29.093,0,4773,14963,0,0,1,0,0,0.008017,333,333,333,1,2.59495,2.76614,0.506171,0.221984,-0.00714111,-0.00320435,-9.3948e-06,-1.41352e-05,-0.000245978,0.00368178,1,-0.00176315,0.00117186,-0.00117186,-0.00176315,1,1,-0.00115322,-0.00174301,-1.86437e-05,-2.01397e-05,0,0,0,0,0,0,0,0,0,0,0,0,0,0,0,0,0,0,0,0,0,0,0,255,0.2,2.23567,0.2,-0.0577657,-0.127826,1,1,1,1,0,1,1,-0.53263,-3.1497,0.145666,-0.000701248,0.00209065,0.0237977,21.8744,3911,1,367,127.682,978,0,0.000884653,0.0124323,0.00864884,0,0,0,1,333,0.205,-7.96472e-06,-1.19961e-05,-2.45919e-06,1.63277e-06,-2.01836e-06,2.15353e-06,-0.429293,0.128516,0.00334902,-0.020792,-0.231597,9.62907e-05,-8.25727e-05,0.000138184,10.0156,1,0,0,0,0,0,-1,1,-9.04572e-07,-3.41785e-06,-0.231539,0,22.0861,1,1010,1010,1010,1010,0,0,0,0,32.2823,56,-0.000602885,-0.00131364,56,-0.00477681,-0.00225209,56,-0.00258785,0.00247582,2,0,0,0,0,0,2,0,0,49,3.99014e-05,-0.00617562,56,-0.00289699,-0.00265162,56,0.00114138,0.00230723
4413814782715,4413805159000,4413805159000,4413814773660,73729,9.61466,4413825757332,20.5983,1,4774,14964,0,0,1,0,0,0.019999,331,331,331,1,2.67876,2.88723,0.444356,0.21715,-0.0141907,0.0132446,-2.04298e-05,2.57434e-05,-0.000886386,0.000263641,1,0.00128723,0.00102154,-0.00102154,0.00128723,1,1,-0.000703185,0.00116762,-0.000318356,0.000119617,0,0,0,0,0,0,0,0,0,0,0,0,0,0,0,0,0,0,0,0,0,0,0,255,0.2,2.17869,0.2,-0.0509218,-0.115733,1,1,1,1,0,1,1,-0.53263,-3.1497,0.145666,-0.000701248,0.00209065,0.0237977,33.3811,3911,1,367,139.189,978,0,0.000884653,0.0124323,0.00864884,0,0,0,1,331,0.205,-1.73794e-05,2.1805e-05,4.47002e-06,3.56278e-06,5.1672e-06,2.44203e-06,-0.429288,0.128519,0.00335073,-0.0207878,-0.231573,0.000207649,0.000490432,0.00121033,11.3222,1,0,0,0,0,0,-1,1,-9.04572e-07,-3.41785e-06,-0.231539,0,33.5971,1,1010,1010,1010,1010,0,0,0,0,43.7933,56,-0.00411362,0.00133619,56,0.00408153,0.000842576,56,-0.000781071,0.00057635,2,0,0,0,0,0,2,0,0,47,-0.000659662,0.00198801,56,-0.00184142,0.00277566,56,-0.00242521,0.00125726
4413826281819,4413817139000,4413817139000,4413826267115,73729,9.12811,4413837590513,20.4515,0,4774,14965,0,0,1,0,0,0.01198,329,329,326,0.990881,2.76297,2.86777,0.615487,0.213854,-0.0210114,0.00783539,-3.08613e-05,2.31088e-05,0.00284076,-0.00381436,1,0.00192895,0.00257607,-0.00257607,0.00192895,1,1,-0.00233839,0.00198476,-0.000237678,-5.58039e-05,0,0,0,0,0,0,0,0,0,0,0,0,0,0,0,0,0,0,0,0,0,0,0,255,0.2,3.52931,0.2,-0.00265731,0.000700575,1,1,1,1,0,1,1,-0.53295,-3.14948,0.144875,-0.00152131,0.00268063,0.0235101,1.71757,3912,1,367,151.01,978,0,0.000884653,0.0124323,0.00864884,0,0,0,1,326,0.205,-2.62168e-05,1.95848e-05,4.01488e-06,5.37444e-06,5.13986e-06,4.30991e-06,-0.429282,0.128523,0.00330704,-0.0208938,-0.231548,0.000303177,-0.000228796,0.00102213,1.55475,2,0,0,0,0,0,-1,1,-9.04572e-07,-3.41785e-06,-0.231475,0,1.92198,1,1010,1010,1010,1010,0,0,0,0,1.92609,56,-0.00426495,0.00275703,56,0.00843178,0.00405616,53,-0.00537143,0.00366321,1,0,0,0,0,0,1,0,0,47,-0.00189843,-0.00099956,56,-0.00180479,0.000644119,56,-0.00351882,0.00186524
4413838084999,4413825157000,4413825157000,4413838068943,73729,12.9119,4413847511435,22.3544,0,4774,14966,0,0,1,0,0,0.008018,326,326,326,1,2.91938,2.46313,0.475689,0.311854,-0.0369949,-0.0233536,-7.69829e-05,-4.23427e-05,-0.00944866,0.00709097,1,-0.00528096,0.00960125,-0.00960125,-0.00528096,1,1,-0.00933938,-0.00503678,-0.000261873,-0.000244182,0,0,0,0,0,0,0,0,0,0,0,0,0,0,0,0,0,0,0,0,0,0,0,255,0.2,5.16782,0.2,-0.00719264,-0.00453487,1,1,1,1,0,1,1,-0.53295,-3.14948,0.144875,-0.00152131,0.00268063,0.0235101,11.6621,3912,1,367,160.955,978,0,0.000884653,0.0124323,0.00864884,0,0,0,1,326,0.205,-6.52602e-05,-3.5942e-05,-7.3681e-06,1.33783e-05,-4.10068e-06,1.47119e-05,-0.429286,0.128538,0.00330704,-0.0208938,-0.231548,-0.00016835,-0.00100115,0.000724263,11.4735,0,0,0,0,0,0,-1,1,-9.04572e-07,-3.41785e-06,-0.231475,0,11.8768,1,1010,1010,1010,1010,0,0,0,0,11.8809,56,-0.00729725,-0.00761886,56,-0.022109,-0.00404225,56,-0.00971853,-0.00183805,1,0,0,0,0,0,2,0,0,43,-0.00928669,-0.00882091,56,-0.00753045,-0.0072871,56,-0.0119989,-0.00694359
4413848077533,4413837121000,4413837121000,4413848060144,73729,10.9391,4413858359662,21.2387,0,4774,14967,0,0,1,0,0,0.011964,333,333,333,1,2.93125,2.54304,0.499727,0.217557,0.0119019,-0.0300903,5.25243e-05,-4.75984e-05,0.00581035,-0.00424627,1,-0.00397847,-0.0043902,0.0043902,-0.00397847,1,1,0.00455641,-0.00377146,-0.000166212,-0.000207016,0,0,0,0,0,0,0,0,0,0,0,0,0,0,0,0,0,0,0,0,0,0,0,255,0.2,4.84338,0.2,0.00199596,-0.00346239,1,1,1,1,1,1,1,-0.53295,-3.14948,0.144875,-0.00152131,0.00268063,0.0235101,22.5196,3912,1,367,171.812,978,0,0.000884653,0.0124323,0.00864884,0,0,0,1,333,0.205,4.45525e-05,-4.03105e-05,-8.26366e-06,-9.13326e-06,-1.01366e-05,-6.99376e-06,-0.429297,0.128531,0.00329088,-0.020939,-0.231537,5.95191e-05,-0.000848765,0.000592791,10.6435,1,0,0,0,0,0,-1,1,-9.04572e-07,-3.41785e-06,-0.231475,0,22.7338,1,1010,1010,1010,1010,0,0,0,0,22.7379,56,0.00567371,-0.00279406,56,0.0088756,-0.00358078,56,0.000426036,-0.00470391,2,0,0,0,0,0,2,0,0,49,0.00264465,-0.00507138,56,0.00260221,-0.00410591,56,0.00306029,-0.00792178
4413858976001,4413845186000,4413845186000,4413858956093,73729,13.7701,4413868347307,23.1613,0,4774,14968,0,0,1,0,0,0.008065,334,334,334,1,2.81104,2.54749,0.411022,0.220891,0.000549316,-0.0384445,-1.12346e-05,-6.94224e-05,0.000298969,0.00443559,1,-0.00860786,0.00139301,-0.00139301,-0.00860786,1,1,-0.00145632,-0.00839651,6.33087e-05,-0.000211353,0,0,0,0,0,0,0,0,0,0,0,0,0,0,0,0,0,0,0,0,0,0,0,255,0.2,5.36466,0.2,-0.000146679,-0.00668961,1,1,1,1,0,1,1,-0.53295,-3.14948,0.144875,-0.00152131,0.00268063,0.0235101,32.5102,3912,1,367,181.803,978,0,0.000884653,0.0124323,0.00864884,0,0,0,1,334,0.205,-9.51173e-06,-5.89033e-05,-1.20752e-05,1.94991e-06,-1.1303e-05,4.66827e-06,-0.429308,0.128536,0.00326949,-0.020993,-0.231541,0.000107517,-0.000866548,-0.000121639,9.76994,1,0,0,0,0,0,-1,1,-9.04572e-07,-3.41785e-06,-0.231475,0,32.7716,1,1010,1010,1010,1010,0,0,0,0,32.7757,56,0.0027072,-0.00835971,56,-0.000791837,0.00144622,56,0.00508055,-0.0152025,1,0,0,0,0,0,2,0,0,51,-0.00316849,-0.00836734,56,0.00232933,-0.0142862,56,-0.00134261,-0.00656142
4413868949979,4413857138000,4413857138000,4413868932979,73729,11.795,4413879673057,22.5351,0,4774,14969,0,0,1,0,0,0.011952,331,331,331,1,2.73351,2.50426,0.4548,0.249243,0.0172729,-0.00575256,2.3158e-05,-1.60433e-05,-0.000955834,-0.00544662,1,-0.00134231,-0.00193759,0.00193759,-0.00134231,1,1,0.00183622,-0.00129372,0.000101368,-4.85963e-05,0,0,0,0,0,0,0,0,0,0,0,0,0,0,0,0,0,0,0,0,0,0,0,255,0.21,5.55251,0.21,0.0493083,0.106362,1,1,1,1,0,1,1,-0.53295,-3.14948,0.144875,-0.00152131,0.00268063,0.0235101,43.811,3912,1,367,193.104,978,0,0.000884653,0.0124323,0.00864884,0,0,0,1,331,0.215,1.96685e-05,-1.35635e-05,-2.91616e-06,-4.22872e-06,-3.80781e-06,-3.44689e-06,-0.429312,0.128532,0.00324563,-0.0210287,-0.231536,-9.28461e-05,-0.000208964,-0.000422983,11.0767,1,0,0,0,0,0,-1,1,-9.04572e-07,-3.41785e-06,-0.231475,0,44.0782,1,1010,1010,1010,1010,0,0,0,0,44.0823,56,0.00594105,0.00183775,56,-0.00227445,-0.00153345,56,0.000307253,-0.000155529,1,0,0,0,0,0,3,0.00466452,-0.00777218,47,0.00295248,-0.00261502,56,0.00249058,0.00157403,56,0.00435447,-0.00163879
4413880305248,4413865157000,4413865157000,4413880289007,73729,15.132,4413890626044,25.469,0,4774,14970,0,0,1,0,0,0.008019,330,330,330,1,2.94579,2.96275,0.362096,0.221983,0,-0.000671387,1.81473e-05,-9.38624e-06,0.00665292,0.0120211,1,-0.0011705,-0.00226304,0.00226304,-0.0011705,1,1,0.00227704,-0.00139071,-1.40087e-05,0.000220212,0,0,0,0,0,0,0,0,0,0,0,0,0,0,0,0,0,0,0,0,0,0,0,255,0.2,6.1452,0.2,0.107903,0.20256,1,1,1,1,0,1,1,-0.532936,-3.14949,0.14469,0.000572481,0.0013392,0.0238329,4.44156,3913,1,367,204.053,978,0,0.000884653,0.0124323,0.00864884,0,0,0,1,330,0.205,1.53513e-05,-7.9891e-06,-1.63777e-06,-3.14703e-06,-2.31563e-06,-2.68736e-06,-0.429314,0.128529,0.00319689,-0.0210997,-0.231529,-0.000368688,0.00090287,-0.000249001,4.22698,2,0,0,0,0,0,-1,1,-9.04572e-07,-3.41785e-06,-0.231458,0,4.69919,1,1010,1010,1010,1010,0,0,0,0,4.70341,56,-0.00326748,-0.00342516,56,0.0138232,-0.00823183,56,-0.00300436,-0.00113381,1,0,0,0,0,0,3,0.0198068,0.0269763,46,0.00465257,-0.00393434,56,-0.00123764,-0.00287576,56,-0.00167425,0.00234424
4413891182827,4413877136000,4413877136000,4413891167679,73729,14.0317,4413901889775,24.7538,0,4774,14971,0,0,1,0,0,0.011979,335,335,335,1,2.69949,2.51952,0.398633,0.219595,-0.00186157,0.0341797,-2.19394e-06,5.33509e-05,0.00208102,0.00199721,1,0.0044537,0.000183149,-0.000183149,0.0044537,1,1,-9.78728e-05,0.00433131,-8.52763e-05,0.000122386,0,0,0,0,0,0,0,0,0,0,0,0,0,0,0,0,0,0,0,0,0,0,0,255,0.2,7.4761,0.2,-0.0985445,-0.245976,1,1,1,1,0,1,1,-0.532936,-3.14949,0.14469,0.000572481,0.0013392,0.0238329,15.7071,3913,1,367,11.2567,979,0,0.000884653,0.0120514,0.00902562,0,0,0,1,335,0.205,-1.89355e-06,4.5229e-05,9.27196e-06,3.88178e-07,9.1116e-06,-1.74922e-06,-0.429305,0.128528,0.00317905,-0.0211374,-0.23152,-9.23703e-05,0.000501782,0.00020581,11.0791,1,0,0,0,0,0,-1,1,-9.04572e-07,-3.41785e-06,-0.231458,0,15.9196,1,1010,1010,1010,1010,0,0,0,0,15.9238,56,-0.00203243,0.00535275,56,0.00104033,0.0056826,56,0.00232725,0.00584368,2,0,0,0,0,0,2,0,0,51,-5.47978e-05,0.00501541,56,0.00216889,0.00632338,56,-0.00128015,0.00304545
4413902411317,4413897130000,4413897130000,4413902404224,73729,5.27422,4413913233599,16.1036,1,4775,14972,0,0,1,0,0,0.019994,330,330,330,1,2.69036,2.5023,0.459411,0.339077,0.0244446,0.0910645,1.86791e-05,0.000172262,-0.00368392,0.00268442,1,0.00861568,-0.000934236,0.000934236,0.00861568,1,1,0.00119494,0.00856872,-0.000260709,4.69648e-05,0,0,0,0,0,0,0,0,0,0,0,0,0,0,0,0,0,0,0,0,0,0,0,255,0.2,8.52882,0.2,0.00172891,0.00680033,1,1,1,1,1,1,1,-0.532936,-3.14949,0.14469,0.000572481,0.0013392,0.0238329,27.047,3913,1,367,22.5966,979,0,0.000884653,0.0120514,0.00902562,0,0,0,1,330,0.205,1.58624e-05,0.000146067,2.99436e-05,-3.25178e-06,2.83925e-05,-1.00336e-05,-0.429277,0.128518,0.00316958,-0.0211731,-0.231496,0.000244402,0.000192555,0.00105065,11.0817,1,0,0,0,0,0,-1,1,-9.04572e-07,-3.41785e-06,-0.231458,0,27.2602,1,1010,1010,1010,1010,0,0,0,0,27.2644,56,0.00237459,0.0067283,56,-0.00136698,0.00870905,56,0.00113431,0.00918271,1,0,0,0,0,0,2,0,0,47,0.00213336,0.00892276,56,0.00129193,0.00734759,56,0.0026123,0.00900236
4413913791826,4413905168000,4413905168000,4413913774048,73729,8.60605,4413923318930,18.1509,0,4775,14973,0,0,1,0,0,0.008038,332,332,332,1,2.68219,2.65988,0.594135,0.219076,0.0195541,0.000671387,4.31588e-05,6.4758e-06,0.000715659,-0.00149143,1,0.000805648,-0.00536934,0.00536934,0.000805648,1,1,0.0056187,0.00103405,-0.000249352,-0.000228403,0,0,0,0,0,0,0,0,0,0,0,0,0,0,0,0,0,0,0,0,0,0,0,255,0.2,-0.413449,0.2,0.00409183,-4.95708e-05,1,1,1,1,0,1,1,-0.532936,-3.14949,0.14469,0.000572481,0.0013392,0.0238329,37.1344,3913,1,367,32.684,979,0,0.000884653,0.0120514,0.00902562,0,0,0,1,332,0.205,3.66355e-05,5.52308e-06,1.13223e-06,-7.51028e-06,-6.20618e-07,-7.56975e-06,-0.429277,0.12851,0.0031741,-0.0212247,-0.231468,0.00114365,-0.000936454,0.00173279,9.91213,1,0,0,0,0,0,-1,1,-9.04572e-07,-3.41785e-06,-0.231458,0,37.3442,1,1010,1010,1010,1010,0,0,0,0,37.3484,56,0.0146672,0.00087623,56,0.00698743,-0.00535329,56,0.00210075,5.90575e-05,2,0,0,0,0,0,2,0,0,48,0.00448158,0.00362721,56,0.00112918,8.00474e-05,56,0.00600836,0.00101064
4413923819250,4413913160000,4413913160000,4413923808750,73729,10.6487,4413936013081,22.8531,0,4775,14974,0,0,1,0,0,0.007992,331,331,330,0.996979,2.63834,2.68519,0.544265,0.265373,0.00773621,-0.00892639,-1.94141e-05,-2.42525e-05,-0.0108523,0.0013877,1,-0.0030346,0.00242919,-0.00242919,-0.0030346,1,1,-0.00215797,-0.0027038,-0.000271224,-0.000330795,0,0,0,0,0,0,0,0,0,0,0,0,0,0,0,0,0,0,0,0,0,0,0,255,0.2,-0.531097,0.2,-6.71494e-05,-0.00282307,1,1,1,1,0,1,1,-0.533086,-3.14941,0.144549,-0.000805175,0.00223854,0.0231747,0.25704,3914,1,367,45.3718,979,0,0.000884653,0.0120514,0.00902562,0,0,0,1,330,0.205,-1.64208e-05,-2.06174e-05,-4.22657e-06,3.36626e-06,-3.34113e-06,4.24573e-06,-0.429281,0.128514,0.00318146,-0.0212575,-0.231415,0.00144309,-0.00135626,0.00204408,0.053389,2,0,0,0,0,0,-1,1,-9.04572e-07,-3.41785e-06,-0.231345,0,0.476004,1,1010,1010,1010,1010,0,0,0,0,0.479819,56,0.000262905,-0.00926154,56,-0.00541997,0.00483848,55,0.00155967,-0.0024696,1,0,0,0,0,0,2,0,0,48,0.00377867,-0.00680119,56,0.00212931,-0.0029958,56,-0.00263913,0.000656338
4413936486901,4413925156000,4413925156000,4413936473104,73729,11.3171,4413946506398,21.3504,0,4775,14975,0,0,1,0,0,0.011996,334,334,334,1,2.74595,2.97855,0.431893,0.220427,0.0155182,-0.0423813,4.49143e-05,-8.89466e-05,0.00580059,0.00433674,1,-0.00741469,-0.00374411,0.00374411,-0.00741469,1,1,0.00404961,-0.0071094,-0.000305502,-0.000305285,0,0,0,0,0,0,0,0,0,0,0,0,0,0,0,0,0,0,0,0,0,0,0,255,0.2,1.96743,0.2,0.000796726,-0.00430707,1,1,1,1,0,1,1,-0.533086,-3.14941,0.144549,-0.000805175,0.00223854,0.0231747,10.8054,3914,1,367,55.9203,979,0,0.000884653,0.0120514,0.00902562,0,0,0,1,334,0.205,3.80651e-05,-7.54027e-05,-1.54575e-05,-7.80335e-06,-1.68313e-05,-4.05095e-06,-0.429297,0.12851,0.00318146,-0.0212575,-0.231415,0.00112263,-0.00125167,0.00190015,10.5594,0,0,0,0,0,0,-1,1,-9.04572e-07,-3.41785e-06,-0.231345,0,11.0424,1,1010,1010,1010,1010,0,0,0,0,11.0462,56,0.0048459,-0.00360341,56,0.00624441,-0.00992994,56,0.00665804,-0.00739297,2,0,0,0,0,0,2,0,0,50,-0.000474749,-0.00604399,56,0.00298957,-0.00740023,56,0.00362736,-0.00992403
4413947201423,4413933197000,4413933197000,4413947178256,73729,13.9813,4413957843277,24.6463,0,4775,14976,0,0,1,0,0,0.008041,330,330,330,1,3.00821,2.61917,0.426948,0.220854,-0.0126648,-0.0144806,-2.55101e-05,-7.12226e-06,-0.00677398,-0.0100136,1,-0.000885743,0.00317251,-0.00317251,-0.000885743,1,1,-0.00270842,-0.00102772,-0.000464088,0.000141976,0,0,0,0,0,0,0,0,0,0,0,0,0,0,0,0,0,0,0,0,0,0,0,255,0.2,2.52124,0.2,-0.00504056,-0.000926596,1,1,1,1,0,1,1,-0.533086,-3.14941,0.144549,-0.000805175,0.00223854,0.0231747,22.1094,3914,1,367,67.2241,979,0,0.000884653,0.0120514,0.00902562,0,0,0,1,330,0.205,-2.16644e-05,-6.06105e-06,-1.24252e-06,4.4412e-06,-1.90904e-07,4.60777e-06,-0.429298,0.128515,0.00317687,-0.021226,-0.231394,0.000423022,0.000582101,0.00186063,11.0908,1,0,0,0,0,0,-1,1,-9.04572e-07,-3.41785e-06,-0.231345,0,22.3353,1,1010,1010,1010,1010,0,0,0,0,22.3391,56,-0.00838476,-0.005653,56,-0.00492679,0.0104405,56,-0.00900007,-0.00457207,2,0,0,0,0,0,3,-0.0149357,-0.00283846,45,-0.00188882,-0.00450717,56,-0.00420802,-0.00383495,56,0.000127777,0.00337197
4413958383356,4413945166000,4413945166000,4413958370930,73729,13.2049,4413969329881,24.1639,0,4775,14977,0,0,1,0,0,0.011969,335,335,335,1,2.99534,2.48486,0.533116,0.218205,-0.026886,0.00997925,-5.60736e-05,1.10735e-05,-0.00227881,0.00172143,1,0.000925182,0.0046849,-0.0046849,0.000925182,1,1,-0.0042224,0.000568406,-0.000462502,0.000356776,0,0,0,0,0,0,0,0,0,0,0,0,0,0,0,0,0,0,0,0,0,0,0,255,0.2,3.51472,0.2,-0.00445332,0.00162835,1,1,1,1,1,1,1,-0.533086,-3.14941,0.144549,-0.000805175,0.00223854,0.0231747,33.6052,3914,1,367,78.7203,979,0,0.000884653,0.0120514,0.00902562,0,0,0,1,335,0.205,-4.75285e-05,9.37606e-06,1.92209e-06,9.74334e-06,4.10425e-06,9.04306e-06,-0.429293,0.128524,0.00316713,-0.0212008,-0.231391,-0.000644396,0.00146278,0.00100149,11.2787,1,0,0,0,0,0,-1,1,-9.04572e-07,-3.41785e-06,-0.231345,0,33.8693,1,1010,1010,1010,1010,0,0,0,0,33.8732,56,-0.00473012,0.00193533,56,-0.00188156,0.00115756,56,-0.00285846,-0.0016746,2,0,0,0,0,0,2,0,0,51,-0.00426318,0.00336435,56,-0.00621206,0.00278789,56,-0.00612389,0.00171633
4413970027109,4413953169000,4413953169000,4413969970423,73729,16.8014,4413979599806,26.4308,0,4775,14978,0,0,1,0,0,0.008003,328,328,328,1,2.82743,2.55476,0.471616,0.28391,-0.0396347,-0.000312805,-3.52505e-05,-5.23008e-06,0.0173885,-0.00737234,1,-0.000653515,0.00440466,-0.00440466,-0.000653515,1,1,-0.00424202,-0.000996329,-0.000162641,0.000342814,0,0,0,0,0,0,0,0,0,0,0,0,0,0,0,0,0,0,0,0,0,0,0,255,0.2,5.0101,0.2,-0.00727783,-0.00161168,1,1,1,1,0,1,1,-0.533086,-3.14941,0.144549,-0.000805175,0.00223854,0.0231747,43.8522,3914,1,367,88.967,979,0,0.000884653,0.0120514,0.00902562,0,0,0,1,328,0.205,-2.99847e-05,-4.40121e-06,-9.02248e-07,6.14687e-06,5.31327e-07,6.18997e-06,-0.429293,0.12853,0.00316409,-0.0211738,-0.231402,-0.00138405,0.00140554,-0.00057378,10.046,1,0,0,0,0,0,-1,1,-9.04572e-07,-3.41785e-06,-0.231345,0,44.1063,1,1010,1010,1010,1010,0,0,0,0,44.1102,56,-0.00857311,0.00285217,56,0.000810795,-0.00310048,56,-0.012848,-2.42987e-05,2,0,0,0,0,0,2,0,0,44,-0.00732377,-0.00735307,56,-0.0039356,0.00245374,56,-0.00397775,-0.00190147
4413980215589,4413965150000,4413965150000,4413980200256,73729,15.0503,4413992137826,26.9878,0,4775,14979,0,0,1,0,0,0.011981,327,326,326,1,2.91414,2.8373,0.409782,0.21452,0.00250244,-0.0267334,1.19838e-05,-4.10588e-05,-0.00206146,-0.00102485,1,-0.00342699,-0.00100023,0.00100023,-0.00342699,1,1,0.00037223,-0.00321358,0.000628004,-0.000213409,0,0,0,0,0,0,0,0,0,0,0,0,0,0,0,0,0,0,0,0,0,0,0,255,0.2,5.00732,0.2,0.00174585,-0.00471043,1,1,1,1,0,1,1,-0.533446,-3.14916,0.144207,-0.00110199,0.00222359,0.023657,5.71131,3915,1,367,101.501,979,0,0.000884653,0.0120514,0.00902562,0,0,0,1,326,0.205,1.01919e-05,-3.48332e-05,-7.14081e-06,-2.08933e-06,-7.42797e-06,-3.96097e-07,-0.4293,0.12853,0.00319728,-0.0211727,-0.231435,0.000232557,-0.000874978,-0.00187381,5.52792,2,0,0,0,0,0,-1,1,-9.04572e-07,-3.41785e-06,-0.231364,0,5.92046,1,1010,1010,1010,1010,0,0,0,0,5.92624,56,0.000208676,-0.005476,55,0.000876382,-0.00264721,56,0.00586456,-0.0034205,2,0,0,0,0,0,2,0,0,43,0.00181793,-0.00231223,56,-0.00180555,-0.00509861,56,-0.00302835,-0.00339118
4413992666997,4413973171000,4413973171000,4413992650868,73729,19.4799,4414002246120,29.0751,0,4775,14980,0,0,1,0,0,0.008021,337,337,337,1,2.60523,2.5863,0.403226,0.242688,0.00384521,-0.0494995,-2.44466e-06,-9.89095e-05,0.00767022,0.00811636,1,-0.0123313,0.000304783,-0.000304783,-0.0123313,1,1,-0.00103401,-0.0120095,0.000729224,-0.000321853,0,0,0,0,0,0,0,0,0,0,0,0,0,0,0,0,0,0,0,0,0,0,0,255,0.2,7.36186,0.2,0.00121071,-0.0103364,1,1,1,1,0,1,1,-0.533446,-3.14916,0.144207,-0.00110199,0.00222359,0.023657,15.8218,3915,1,367,111.611,979,0,0.000884653,0.0120514,0.00902562,0,0,0,1,337,0.205,-2.11253e-06,-8.38838e-05,-1.71962e-05,4.33068e-07,-1.66346e-05,4.36505e-06,-0.429317,0.128534,0.00321446,-0.0211589,-0.231437,0.000887794,-0.0013196,-0.00168162,9.92689,1,0,0,0,0,0,-1,1,-9.04572e-07,-3.41785e-06,-0.231364,0,16.0334,1,1010,1010,1010,1010,0,0,0,0,16.0392,56,0.00225213,-0.0128611,56,0.00888935,-0.00417874,56,-0.00305593,-0.012365,2,0,0,0,0,0,2,0,0,53,0.00409758,-0.0122837,56,0.00151315,-0.0173325,56,0.00267871,-0.0111656
4414002761606,4413993175000,4413993175000,4414002753125,73729,9.57812,4414014217098,21.0421,1,4776,14981,0,0,1,0,0,0.020004,331,331,331,1,2.72978,3.13868,0.474893,0.25891,0.00946045,0.00271606,3.17003e-05,6.2282e-06,-5.99534e-05,-0.0019444,1,0.000311348,-0.0015847,0.0015847,0.000311348,1,1,0.00155805,0.000425953,2.66451e-05,-0.000114605,0,0,0,0,0,0,0,0,0,0,0,0,0,0,0,0,0,0,0,0,0,0,0,255,0.19,7.27264,0.19,-0.0527359,-0.138975,1,1,1,1,0,1,1,-0.533446,-3.14916,0.144207,-0.00110199,0.00222359,0.023657,27.7917,3915,1,367,123.581,979,0,0.000884653,0.0120514,0.00902562,0,0,0,1,331,0.195,2.68997e-05,5.28484e-06,1.03054e-06,-5.24544e-06,-1.99928e-07,-5.34198e-06,-0.429317,0.128529,0.00321042,-0.0211317,-0.231426,-0.000167888,-0.00044696,-0.000217443,11.7903,1,0,0,0,0,0,-1,1,-9.04572e-07,-3.41785e-06,-0.231364,0,28.0028,1,1010,1010,1010,1010,0,0,0,0,28.0086,56,0.00156755,-0.000117907,56,0.0018268,-0.00166103,56,0.00114437,-0.00132507,2,0,0,0,0,0,2,0,0,47,0.00178624,-0.000672115,56,0.00149328,0.00290364,56,-0.000468564,0.000742683
4414014738640,4414005147000,4414005147000,4414014723455,73729,9.57645,4414025653849,20.5068,0,4776,14982,0,0,1,0,0,0.011972,335,335,335,1,2.75125,2.79917,0.473819,0.221576,-0.00344849,0.087265,-1.22653e-05,0.000161033,-0.00233456,0.00603123,1,0.0134508,0.0010245,-0.0010245,0.0134508,1,1,-0.000527211,0.0132006,-0.000497291,0.000250273,0,0,0,0,0,0,0,0,0,0,0,0,0,0,0,0,0,0,0,0,0,0,0,255,0.2,9.11082,0.2,0.0877646,0.249136,1,1,1,1,1,1,1,-0.533446,-3.14916,0.144207,-0.00110199,0.00222359,0.023657,39.2287,3915,1,367,135.018,979,0,0.000884653,0.0120514,0.00902562,0,0,0,1,335,0.205,-1.0436e-05,0.000136526,2.79878e-05,2.13938e-06,2.77264e-05,-4.33405e-06,-0.429289,0.128524,0.00324353,-0.0210713,-0.231368,0.000205051,0.00102612,0.00179515,5.15781,2,0,0,0,0,0,-1,1,-9.04572e-07,-3.41785e-06,-0.231364,0,39.4373,1,1010,1010,1010,1010,0,0,0,0,39.4431,56,-0.00368259,0.00910191,56,-0.00323467,0.0165869,56,-0.0002124,0.0136295,1,0,0,0,0,0,3,0.000358258,0.00612359,51,0.000885619,0.0151244,56,-0.00322817,0.0114637,56,0.00127001,0.0145481
4414026238465,4414013173000,4414013173000,4414026222039,73729,13.049,4414036220777,23.0478,0,4776,14983,0,0,1,0,0,0.008026,335,335,335,1,2.78006,2.90821,0.552894,0.261558,0.0195923,0.0611115,3.24754e-05,0.000116062,0.00748575,-0.00417359,1,0.0144608,-0.00404627,0.00404627,0.0144608,1,1,0.00459154,0.0143836,-0.000545271,7.71842e-05,0,0,0,0,0,0,0,0,0,0,0,0,0,0,0,0,0,0,0,0,0,0,0,255,0.2,0.286743,0.2,0.0111538,0.0385496,1,1,1,1,0,1,1,-0.533789,-3.14892,0.143942,-0.00261943,0.00259562,0.0230119,0.450189,3916,1,367,145.58,979,0,0.000884653,0.0120514,0.00902562,0,0,0,1,335,0.205,2.75732e-05,9.84768e-05,2.01877e-05,-5.6525e-06,1.83501e-05,-1.01294e-05,-0.429271,0.128514,0.0032721,-0.0210618,-0.231327,0.00186582,0.000316455,0.00328114,0.253095,1,0,0,0,0,0,-1,1,-9.04572e-07,-3.41785e-06,-0.231255,0,0.66821,1,1010,1010,1010,1010,0,0,0,0,0.671636,56,0.0118987,0.0201409,56,0.00807596,0.0117576,56,0.0046807,0.0136736,1,0,0,0,0,0,2,0,0,52,0.00262263,0.0141129,56,0.0082372,0.0177972,56,0.00640318,0.00918855
4414036754060,4414025147000,4414025147000,4414036737689,73729,11.5907,4414047027744,21.8807,0,4776,14984,0,0,1,0,0,0.011974,330,330,330,1,2.70958,2.78878,0.482689,0.214891,0.037941,0.0235291,8.51345e-05,4.01562e-05,0.00156979,-0.00530656,1,0.00335362,-0.00710995,0.00710995,0.00335362,1,1,0.00765522,0.00327643,-0.000545271,7.71842e-05,0,0,0,0,0,0,0,0,0,0,0,0,0,0,0,0,0,0,0,0,0,0,0,255,0.2,0.629895,0.2,0.00518117,0.00179878,1,1,1,1,0,1,1,-0.533789,-3.14892,0.143942,-0.00261943,0.00259562,0.0230119,11.2835,3916,1,367,156.413,979,0,0.000884653,0.0120514,0.00902562,0,0,0,1,330,0.205,7.2197e-05,3.40675e-05,6.98384e-06,-1.48004e-05,3.40404e-06,-1.60071e-05,-0.429268,0.128498,0.0032721,-0.0210618,-0.231327,0.00186582,0.000316455,0.00328114,11.0879,0,0,0,0,0,0,-1,1,-9.04572e-07,-3.41785e-06,-0.231255,0,11.4979,1,1010,1010,1010,1010,0,0,0,0,11.5013,56,0.00502483,0.00504061,56,0.00830328,0.00302358,56,0.00383089,0.00410031,1,0,0,0,0,0,2,0,0,47,0.00583461,0.0023084,56,0.00483085,0.0053055,56,0.00868466,0.00628656
4414047562342,4414033204000,4414033204000,4414047546657,73729,14.3427,4414059039574,25.8356,0,4776,14985,0,0,1,0,0,0.008057,331,331,331,1,3.42131,3.89668,0.504208,0.288243,0.0349731,-0.0226288,6.09912e-05,-4.41873e-05,-0.000859532,0.00236245,1,-0.00548434,-0.00756997,0.00756997,-0.00548434,1,1,0.00808794,-0.00522577,-0.000517978,-0.00025857,0,0,0,0,0,0,0,0,0,0,0,0,0,0,0,0,0,0,0,0,0,0,0,255,0.2,1.28642,0.2,0.00499136,-0.00550194,1,1,1,1,0,1,1,-0.533789,-3.14892,0.143942,-0.00261943,0.00259562,0.0230119,23.2869,3916,1,367,168.416,979,0,0.000884653,0.0120514,0.00902562,0,0,0,1,331,0.205,5.17553e-05,-3.74508e-05,-7.67742e-06,-1.06098e-05,-9.9028e-06,-8.5678e-06,-0.429278,0.12849,0.0032914,-0.0210469,-0.231298,0.00160069,-0.00106014,0.00297952,11.8008,1,0,0,0,0,0,-1,1,-9.04572e-07,-3.41785e-06,-0.231255,0,23.5037,1,1010,1010,1010,1010,0,0,0,0,23.5071,56,0.011217,-0.0047256,56,0.00445078,-0.00414023,56,0.0110144,-0.0114046,1,0,0,0,0,0,2,0,0,48,0.00538485,-0.00265559,56,0.00771891,-0.0045204,56,0.00490226,-0.00999737
4414059591209,4414045150000,4414045150000,4414059578302,73729,14.4283,4414070419825,25.2698,0,4776,14986,0,0,1,0,0,0.011946,331,331,331,1,2.76773,2.53213,0.405856,0.256558,0.00405884,-0.03685,1.8687e-05,-6.77146e-05,0.000737568,0.00201759,1,-0.00566839,-0.00156429,0.00156429,-0.00566839,1,1,0.00206744,-0.00549278,-0.000503149,-0.000175613,0,0,0,0,0,0,0,0,0,0,0,0,0,0,0,0,0,0,0,0,0,0,0,255,0.2,3.1224,0.2,-0.00153016,-0.00459462,1,1,1,1,0,1,1,-0.533789,-3.14892,0.143942,-0.00261943,0.00259562,0.0230119,34.6559,3916,1,367,179.785,979,0,0.000884653,0.0120514,0.00902562,0,0,0,1,331,0.205,1.58372e-05,-5.74081e-05,-1.17687e-05,-3.24663e-06,-1.21968e-05,-4.63158e-07,-0.42929,0.128489,0.00329695,-0.0210196,-0.23128,0.000669987,-0.000720012,0.00218632,11.1776,1,0,0,0,0,0,-1,1,-9.04572e-07,-3.41785e-06,-0.231255,0,34.9105,1,1010,1010,1010,1010,0,0,0,0,34.914,56,0.00284541,-0.00533646,56,0.00157721,-0.0130567,56,-6.17257e-05,-0.0056384,1,0,0,0,0,0,2,0,0,48,-0.000164236,-0.00510617,56,-0.000344024,-0.00803593,56,0.000907309,-0.00569332
4414071037238,4414053194000,4414053194000,4414071020349,73729,17.8263,4414080583268,27.3893,0,4776,14987,0,0,1,0,0,0.008044,334,334,334,1,2.67223,2.51843,0.43193,0.224577,-0.0249176,-0.012413,-4.22672e-05,-1.20481e-05,-0.000467022,-0.0078554,1,-0.00149777,0.0052545,-0.0052545,-0.00149777,1,1,-0.00507738,-0.00166602,-0.000177121,0.000168248,0,0,0,0,0,0,0,0,0,0,0,0,0,0,0,0,0,0,0,0,0,0,0,255,0.2,4.41878,0.2,-0.00561466,-0.000848648,1,1,1,1,1,1,1,-0.533789,-3.14892,0.143942,-0.00261943,0.00259562,0.0230119,44.9311,3916,1,367,190.061,979,0,0.000884653,0.0120514,0.00902562,0,0,0,1,334,0.205,-3.58301e-05,-1.02333e-05,-2.09783e-06,7.34516e-06,-3.58191e-07,7.63044e-06,-0.42929,0.128497,0.00329314,-0.020958,-0.2313,-0.00106833,0.000689819,-0.000273704,9.94405,2,0,0,0,0,0,-1,1,-9.04572e-07,-3.41785e-06,-0.231255,0,45.1487,1,1010,1010,1010,1010,0,0,0,0,45.1521,56,-0.0030124,-0.00822463,56,-0.00367412,-0.00255417,56,-0.00421738,-0.00336816,2,0,0,0,0,0,3,0.0102235,0.0437706,49,2.23119e-05,0.00318679,56,-0.0081684,-0.00126089,56,-0.00661441,-0.00304635
4414081441720,4414073170000,4414073170000,4414081432664,73729,8.26266,4414091410217,18.2402,1,4777,14988,0,0,1,0,0,0.019976,335,335,335,1,3.10355,2.70984,0.520153,0.221965,-0.0792847,-0.00442505,-0.000176866,-1.80032e-05,-0.00283628,0.00413939,1,-0.000901239,0.00885392,-0.00885392,-0.000901239,1,1,-0.00930945,-0.000761097,0.000455528,-0.000140142,0,0,0,0,0,0,0,0,0,0,0,0,0,0,0,0,0,0,0,0,0,0,0,255,0.2,4.27778,0.2,-0.00633943,-0.000364566,1,1,1,0,0,1,1,-0.534361,-3.14853,0.143719,-0.00429762,0.00408644,0.0228034,0.799822,3917,1,367,0.760952,980,0,0.000884653,0.0115674,0.0095576,0,0,0,1,335,0.205,-0.000150015,-1.53306e-05,-3.14278e-06,3.07531e-05,3.98984e-06,3.06547e-05,-0.429286,0.128527,0.00329547,-0.0209608,-0.231314,-0.000555947,-0.000574584,-0.00193889,0.581802,1,0,0,0,0,0,-1,1,-9.04573e-07,-3.41785e-06,-0.231241,0,0.996527,1,1010,1010,1010,1010,0,0,0,0,1.00106,56,-0.0116303,-0.00213105,56,-0.0107513,-0.00328431,56,-0.00693299,0.000493625,2,0,0,0,0,0,4,-0.0223813,0.0117562,49,-0.00368675,-0.000620745,56,-0.00773691,-0.000638992,56,-0.00951207,-0.000227499
4414091944629,4414085165000,4414085165000,4414091932110,73729,6.76711,4414102873338,17.7083,0,4777,14989,0,0,1,0,0,0.011995,334,334,333,0.997006,2.63732,2.54045,0.428374,0.222557,-0.026123,-0.0486145,-3.31574e-05,-7.93702e-05,0.00599081,-0.00374642,1,-0.00661694,0.00276426,-0.00276426,-0.00661694,1,1,-0.00360521,-0.00608716,0.000840943,-0.000529777,0,0,0,0,0,0,0,0,0,0,0,0,0,0,0,0,0,0,0,0,0,0,0,255,0.19,5.03673,0.19,-0.0984049,-0.257815,1,1,1,2,0,1,1,-0.534361,-3.14853,0.143719,-0.00429762,0.00408644,0.0228034,12.2701,3917,1,367,12.2312,980,0,0.000884653,0.0115674,0.0095576,0,0,0,1,333,0.195,-2.81433e-05,-6.72945e-05,-1.31224e-05,5.48795e-06,-1.15122e-05,8.34976e-06,-0.429298,0.128536,0.00332732,-0.0209658,-0.231329,0.00068955,-0.00206613,-0.0020721,11.2727,1,0,0,0,0,0,-1,1,-9.04573e-07,-3.41785e-06,-0.231241,0,12.4746,1,1010,1010,1010,1010,0,0,0,0,12.4792,56,-0.00342186,-0.00715265,55,-0.00599539,-0.000950348,56,0.00302089,-0.00598906,2,0,0,0,0,0,3,0.0393077,0.00150081,49,-0.00517631,-0.0139564,56,-0.00268259,-0.00768752,56,-0.00138817,-0.00622709
4414103338194,4414093170000,4414093170000,4414103324490,73729,10.1545,4414112943021,19.773,0,4777,14990,0,0,1,0,0,0.008005,336,336,336,1,2.65449,2.59154,0.543765,0.228206,0.019371,-0.0395203,3.8024e-05,-7.00501e-05,0.00116165,0.00380446,1,-0.0087508,-0.00475003,0.00475003,-0.0087508,1,1,0.00370438,-0.00828754,0.00104565,-0.000463257,0,0,0,0,0,0,0,0,0,0,0,0,0,0,0,0,0,0,0,0,0,0,0,255,0.2,6.10131,0.2,0.0737666,0.231427,1,1,1,1,0,1,1,-0.534361,-3.14853,0.143719,-0.00429762,0.00408644,0.0228034,22.3394,3917,1,367,22.3005,980,0,0.000884653,0.0115674,0.0095576,0,0,0,1,336,0.205,3.22987e-05,-5.93778e-05,-1.21725e-05,-6.62123e-06,-1.33633e-05,-3.65453e-06,-0.429311,0.128532,0.00335224,-0.0209664,-0.231345,0.00184779,-0.00189935,-0.00195151,9.86364,1,0,0,0,0,0,-1,1,-9.04573e-07,-3.41785e-06,-0.231241,0,22.6115,1,1010,1010,1010,1010,0,0,0,0,22.616,56,0.0141149,-0.0116637,56,0.00692053,-0.0101064,56,0.000499285,-0.0112032,1,0,0,0,0,0,3,0.00200446,0.013251,52,0.00565518,-0.00410531,56,0.00598478,-0.0105266,56,0.00338176,-0.00792913
4414113530545,4414105141000,4414105141000,4414113520063,73729,8.37906,4414123599802,18.4588,0,4777,14991,0,0,1,0,0,0.011971,333,333,333,1,2.61695,2.60441,0.537245,0.264817,0.0179138,-0.0167236,5.08375e-05,-4.15205e-05,0.0074886,0.00598256,1,-0.00346843,-0.00424672,0.00424672,-0.00346843,1,1,0.00352459,-0.00316765,0.000722134,-0.000300777,0,0,0,0,0,0,0,0,0,0,0,0,0,0,0,0,0,0,0,0,0,0,0,255,0.21,6.2803,0.21,0.152859,0.37628,1,1,1,1,0,1,1,-0.534361,-3.14853,0.143719,-0.00429762,0.00408644,0.0228034,32.9963,3917,1,367,32.9574,980,0,0.000884653,0.0115674,0.0095576,0,0,0,1,333,0.215,4.30329e-05,-3.52264e-05,-7.57368e-06,-9.25207e-06,-9.49098e-06,-7.26958e-06,-0.429321,0.128525,0.00336492,-0.0209579,-0.231339,0.00169846,-0.00129334,-0.00112537,10.4732,1,0,0,0,0,0,-1,1,-9.04573e-07,-3.41785e-06,-0.231241,0,33.2064,1,1010,1010,1010,1010,0,0,0,0,33.211,56,0.000518086,-0.00394678,56,0.0017227,-0.00143066,56,0.00414227,-0.00233928,2,0,0,0,0,0,3,-0.0168531,-0.0183935,48,0.00758651,-0.00572332,56,0.00499003,-0.00197874,56,0.00182709,-0.00315177
4414124142048,4414113166000,4414113166000,4414124126103,73729,10.9601,4414133919228,20.7532,0,4777,14992,0,0,1,0,0,0.008025,333,333,333,1,2.70126,2.67891,0.498393,0.267725,0.0209961,0.0214691,4.96512e-05,4.02098e-05,-0.00143895,-0.00162827,1,0.00501057,-0.00618707,0.00618707,0.00501057,1,1,0.00587514,0.00480266,0.000311932,0.000207911,0,0,0,0,0,0,0,0,0,0,0,0,0,0,0,0,0,0,0,0,0,0,0,255,0.2,6.73093,0.2,-0.0563727,-0.157905,1,1,1,1,1,1,1,-0.534361,-3.14853,0.143719,-0.00429762,0.00408644,0.0228034,43.3123,3917,1,367,43.2734,980,0,0.000884653,0.0115674,0.0095576,0,0,0,1,333,0.205,4.20964e-05,3.41162e-05,6.99382e-06,-8.62977e-06,4.82811e-06,-1.00031e-05,-0.429316,0.128515,0.00337262,-0.0209237,-0.231326,0.00103794,0.000852435,-0.000192788,10.0888,1,0,0,0,0,0,-1,1,-9.04573e-07,-3.41785e-06,-0.23122,0,0.217206,1,1010,1010,1010,1010,0,0,0,0,0.220873,56,0.00596144,0.0105562,56,0.011465,5.00827e-05,56,0.00139351,0.00140362,2,0,0,0,0,0,2,0,0,49,0.00707604,0.0145507,56,0.00254037,0.00496104,56,0.00347817,0.00723677
4414134541641,4414121180000,4414121180000,4414134522233,73729,13.3422,4414144685084,23.5051,0,4777,14993,0,0,1,0,0,0.008014,339,339,339,1,2.8591,2.78914,0.516857,0.225243,0.0150757,0.0591278,2.53163e-05,0.000132226,-0.0047834,-0.00470145,1,0.0164993,-0.00315901,0.00315901,0.0164993,1,1,0.00284707,0.0162914,0.000311932,0.000207911,0,0,0,0,0,0,0,0,0,0,0,0,0,0,0,0,0,0,0,0,0,0,0,255,0.2,6.98764,0.2,-0.0537851,-0.215688,1,1,1,1,0,1,1,-0.534865,-3.14819,0.143653,-0.00325386,0.00381476,0.0226687,10.7619,3918,1,367,54.0452,980,0,0.000884653,0.0115674,0.0095576,0,0,0,1,339,0.205,2.14776e-05,0.000112137,2.2988e-05,-4.4029e-06,2.13617e-05,-9.55494e-06,-0.429294,0.128505,0.00337262,-0.0209237,-0.231326,0.00103794,0.000852435,-0.000192788,20.8669,0,0,0,0,0,0,-1,1,-9.04573e-07,-3.41785e-06,-0.23122,0,10.9769,1,1010,1010,1010,1010,0,0,0,0,10.9805,56,0.00534703,0.0136559,56,0.00251171,0.0100856,56,0.00363463,0.0149623,2,0,0,0,0,0,4,-0.00506019,0.0501954,53,-0.00197686,0.0215766,56,0.00133723,0.0107493,56,0.00910563,0.0125797
4414145273052,4414133160000,4414133160000,4414145260422,73729,12.1004,4414155732127,22.5721,0,4777,14994,0,0,1,0,0,0.01198,334,334,334,1,2.6333,2.80529,0.60295,0.225594,0.000732422,0.0345154,-2.53298e-05,4.73726e-05,-0.00688012,0.00761579,1,0.00395431,0.00211434,-0.00211434,0.00395431,1,1,-0.00139666,0.00349832,-0.000717677,0.000455988,0,0,0,0,0,0,0,0,0,0,0,0,0,0,0,0,0,0,0,0,0,0,0,255,0.2,7.54214,0.2,-0.00140832,0.00281403,1,1,1,1,0,1,1,-0.534865,-3.14819,0.143653,-0.00325386,0.00381476,0.0226687,21.8079,3918,1,367,65.091,980,0,0.000884653,0.0115674,0.0095576,0,0,0,1,334,0.205,-2.14766e-05,4.01211e-05,8.22483e-06,4.40271e-06,9.01292e-06,2.40088e-06,-0.429285,0.128508,0.00335833,-0.0208938,-0.231251,-5.48996e-05,0.00186955,0.00231006,10.8315,2,0,0,0,0,0,-1,1,-9.04573e-07,-3.41785e-06,-0.23122,0,22.0311,1,1010,1010,1010,1010,0,0,0,0,22.0348,56,-0.00392611,3.79863e-05,56,-0.00257828,0.000395335,56,-0.00048883,0.00658373,2,0,0,0,0,0,3,-0.0142803,0.00144519,49,0.00368194,0.000999959,56,0.00146289,0.00590237,56,-0.00366463,0.00672489
4414156273854,4414141181000,4414141181000,4414156257391,73729,15.0764,4414167072803,25.8918,0,4777,14995,0,0,1,0,0,0.008021,331,331,331,1,2.57189,3.44485,0.408096,0.214669,-0.000183105,0.0433044,-3.99681e-06,7.25229e-05,0.00426861,0.00626123,1,0.00904163,0.000498294,-0.000498294,0.00904163,1,1,0.000631717,0.00874948,-0.00113001,0.000292144,0,0,0,0,0,0,0,0,0,0,0,0,0,0,0,0,0,0,0,0,0,0,0,255,0.2,8.38759,0.2,-0.000812954,0.00671154,1,1,1,1,0,1,1,-0.534865,-3.14819,0.143653,-0.00325386,0.00381476,0.0226687,33.1587,3918,1,367,76.4418,980,0,0.000884653,0.0115674,0.0095576,0,0,0,1,331,0.205,-3.44409e-06,6.1497e-05,1.26069e-05,7.06038e-07,1.24305e-05,-2.20104e-06,-0.429273,0.128506,0.00333963,-0.0209455,-0.231209,-0.000214855,0.00119779,0.00353455,11.1552,1,0,0,0,0,0,-1,1,-9.04573e-07,-3.41785e-06,-0.23122,0,33.3703,1,1010,1010,1010,1010,0,0,0,0,33.3739,56,0.00016736,0.00722465,56,0.0045038,0.0136488,56,-0.00522301,0.0115667,2,0,0,0,0,0,2,0,0,47,0.00209436,0.00762455,56,0.000387187,0.00640907,56,0.00109092,0.00864166
4414167599975,4414153165000,4414153165000,4414167587882,73729,14.4229,4414179194560,26.0296,0,4777,14996,0,0,1,0,0,0.011984,330,329,329,1,2.91962,3.29684,0.365781,0.218205,-0.00418091,0.00653076,-3.46157e-05,4.96999e-06,-0.0130709,0.0054002,1,0.000414719,0.00288849,-0.00288849,0.000414719,1,1,-0.00183179,0.000459997,-0.0010567,-4.52779e-05,0,0,0,0,0,0,0,0,0,0,0,0,0,0,0,0,0,0,0,0,0,0,0,255,0.19,-0.594301,0.19,-0.000545439,-0.00139112,1,1,1,1,0,1,1,-0.534865,-3.14819,0.143653,-0.00325386,0.00381476,0.0226687,45.293,3918,1,367,88.5763,980,0,0.000884653,0.0115674,0.0095576,0,0,0,1,329,0.195,-2.92863e-05,4.22037e-06,8.22972e-07,5.71082e-06,2.10903e-06,5.37042e-06,-0.429271,0.128511,0.00330457,-0.0209999,-0.231184,-0.000587394,-0.000176584,0.002827,11.9109,1,0,0,0,0,0,-1,1,-9.04573e-07,-3.41785e-06,-0.23122,0,45.5081,1,1010,1010,1010,1010,0,0,0,0,45.5118,56,0.00672224,0.00213798,55,-0.00861137,-0.00670781,56,-0.00289394,0.0030865,2,0,0,0,0,0,3,-0.00542348,0.0109842,45,-0.00296166,0.00374424,56,-0.00495896,-0.00212556,56,-0.00250964,0.00302512
4414179734084,4414161183000,4414161183000,4414179717380,73729,18.5344,4414190023009,28.84,0,4777,14997,0,0,1,0,0,0.008018,332,332,327,0.98494,2.99927,2.97619,0.491115,0.214446,-0.00949097,-0.00646973,1.15523e-05,5.68527e-07,0.0121757,-0.00766225,1,7.09063e-05,-0.0014408,0.0014408,7.09063e-05,1,1,0.00208163,0.000275609,-0.000640834,-0.000204703,0,0,0,0,0,0,0,0,0,0,0,0,0,0,0,0,0,0,0,0,0,0,0,255,0.2,1.35488,0.2,-0.0675764,-0.136585,1,1,1,1,1,1,1,-0.534865,-3.14819,0.143653,-0.00325386,0.00381476,0.0226687,56.0933,3918,1,367,99.3764,980,0,0.000884653,0.0115674,0.0095576,0,0,0,1,327,0.205,9.80855e-06,5.15462e-07,1.0567e-07,-2.01075e-06,-3.57702e-07,-1.9815e-06,-0.429271,0.128509,0.00328788,-0.0210706,-0.23116,-5.33888e-05,-0.000839281,0.00205922,10.6092,1,0,0,0,0,0,-1,1,-9.04573e-07,-3.41785e-06,-0.231089,0,0.23791,1,1010,1010,1010,1010,0,0,0,0,0.24241,56,-0.000470506,0.00900342,56,0.0039001,-0.00363371,56,0.00570296,-0.00795254,1,0,0,0,0,0,2,0,0,44,-0.00227911,-0.00355751,56,-0.00109068,0.00146938,56,0.00128491,-0.000562314
4414190684163,4414181219000,4414181219000,4414190676608,73729,9.45761,4414201546483,20.3275,1,4778,14998,0,0,1,0,0,0.020036,335,335,335,1,2.72956,2.58778,0.505597,0.221502,-0.00794983,-0.065918,-1.87473e-05,-0.000147861,-0.00132136,0.00209368,1,-0.00737974,0.00093568,-0.00093568,-0.00737974,1,1,-0.000825013,-0.00705762,-0.000110667,-0.000322124,0,0,0,0,0,0,0,0,0,0,0,0,0,0,0,0,0,0,0,0,0,0,0,255,0.2,2.15761,0.2,0.0207381,0.0515959,1,1,1,1,0,1,1,-0.534694,-3.14833,0.143344,-0.00336945,0.00274722,0.0223778,11.5135,3919,1,367,110.904,980,0,0.000884653,0.0115674,0.0095576,0,0,0,1,335,0.205,-1.59231e-05,-0.000125425,-2.57121e-05,3.26423e-06,-2.42749e-05,9.06695e-06,-0.429295,0.128518,0.00326874,-0.0211366,-0.231161,0.000188899,-0.00132071,0.000514108,11.2852,1,0,0,0,0,0,-1,1,-9.04573e-07,-3.41785e-06,-0.231089,0,11.7729,1,1010,1010,1010,1010,0,0,0,0,11.7774,56,-0.00130864,-0.00874337,56,-0.00188866,-0.0040755,56,-0.00226699,-0.00534031,2,0,0,0,0,0,3,0.000482934,-0.0256504,50,-0.000211225,-0.00692617,56,-0.000384289,-0.00615639,56,-0.000694878,-0.00693518
4414202099932,4414193163000,4414193163000,4414202083525,73729,8.92052,4414211545647,18.3826,0,4778,14999,0,0,1,0,0,0.011944,330,330,326,0.987879,2.685,2.43837,0.519597,0.253447,0.015976,-0.0421524,4.17589e-05,-7.37862e-05,0.00576999,0.00275449,1,-0.00617768,-0.00349623,0.00349623,-0.00617768,1,1,0.00286786,-0.00581037,0.000628368,-0.000367301,0,0,0,0,0,0,0,0,0,0,0,0,0,0,0,0,0,0,0,0,0,0,0,255,0.19,3.38942,0.19,-0.0654343,-0.145179,1,1,1,2,0,1,1,-0.534694,-3.14833,0.143344,-0.00336945,0.00274722,0.0223778,21.5139,3919,1,367,120.904,980,0,0.000884653,0.0115674,0.0095576,0,0,0,1,326,0.195,3.5366e-05,-6.25395e-05,-1.21952e-05,-6.89637e-06,-1.34478e-05,-3.91938e-06,-0.429309,0.128514,0.0032377,-0.0212803,-0.231179,0.00099011,-0.00143248,-0.00116842,9.77633,2,0,0,0,0,0,-1,1,-9.04573e-07,-3.41785e-06,-0.231089,0,21.7989,1,1010,1010,1010,1010,0,0,0,0,21.8034,52,0.00209922,-0.00390667,56,0.0109226,-0.00983795,56,0.00156162,-0.00473037,1,0,0,0,0,0,3,0.0102753,0.0161592,46,0.00198558,-0.00717433,56,0.000243772,-0.00549646,56,0.00541049,-0.0118088
4414212197245,4414201180000,4414201180000,4414212179449,73729,10.9994,4414221318753,20.1388,0,4778,15000,0,0,1,0,0,0.008017,336,335,335,1,2.56867,2.57702,0.482523,0.258798,0.0121155,-0.0187988,4.79005e-05,-3.49369e-05,0.00555454,-0.0130816,1,-0.00435785,-0.00597486,0.00597486,-0.00435785,1,1,0.00519888,-0.00423981,0.000775982,-0.000118046,0,0,0,0,0,0,0,0,0,0,0,0,0,0,0,0,0,0,0,0,0,0,0,255,0.2,3.34096,0.2,-0.0401408,-0.186175,1,1,1,1,0,1,1,-0.534694,-3.14833,0.143344,-0.00336945,0.00274722,0.0223778,31.2864,3919,1,367,130.677,980,0,0.000884653,0.0115674,0.0095576,0,0,0,1,335,0.205,4.06472e-05,-2.96027e-05,-6.06855e-06,-8.33269e-06,-7.81443e-06,-6.72096e-06,-0.429317,0.128507,0.00322973,-0.0213171,-0.231179,0.00105926,-0.000483988,-0.00169781,9.4616,1,0,0,0,0,0,-1,1,-9.04573e-07,-3.41785e-06,-0.231089,0,31.5115,1,1010,1010,1010,1010,0,0,0,0,31.516,56,0.00587405,-0.00183514,55,-0.00330016,-0.00496504,56,0.00575525,-0.0111435,2,0,0,0,0,0,2,0,0,52,0.00280075,-0.00302395,56,0.00453008,-0.00486998,56,0.00483349,0.00388793
4414222022704,4414213180000,4414213180000,4414222002222,73729,8.82222,4414230536928,17.3569,0,4778,15001,0,0,1,0,0,0.012,332,332,332,1,2.68112,2.43056,0.38743,0.254354,0.00720978,0.0101242,-8.37361e-06,2.44931e-05,-0.00271249,0.0035166,1,0.00204109,0.000697801,-0.000697801,0.00204109,1,1,-0.00121527,0.0018892,0.000517468,0.000151888,0,0,0,0,0,0,0,0,0,0,0,0,0,0,0,0,0,0,0,0,0,0,0,255,0.2,2.97627,0.2,0.0985534,0.240062,1,1,1,2,0,1,1,-0.534694,-3.14833,0.143344,-0.00336945,0.00274722,0.0223778,40.5055,3919,1,367,139.896,980,0,0.000884653,0.0115674,0.0095576,0,0,0,1,332,0.205,-7.10411e-06,2.0744e-05,4.25251e-06,1.45634e-06,4.47202e-06,4.43474e-07,-0.429312,0.128508,0.00320831,-0.0213614,-0.23118,0.000542838,0.000622741,-0.00126303,9.00423,1,0,0,0,0,0,-1,1,-9.04573e-07,-3.41785e-06,-0.231089,0,40.7824,1,1010,1010,1010,1010,0,0,0,0,40.7869,56,0.00107512,-0.000758091,56,0.00471487,0.00318584,56,-0.000485878,0.00348344,2,0,0,0,0,0,3,-0.0213188,-0.00556962,47,0.00262777,0.000150002,56,0.00146205,0.00248685,56,-0.00157603,-6.59244e-05
4414231171767,4414221180000,4414221180000,4414231155767,73729,9.97577,4414241030263,19.8503,0,4778,15002,0,0,1,0,0,0.008,332,332,328,0.987952,3.04014,2.76121,0.492504,0.222187,-0.0262375,0.0163727,-4.01694e-05,4.54034e-05,0.00425593,0.00107272,1,0.00567543,0.00502118,-0.00502118,0.00567543,1,1,-0.00553865,0.00552354,0.000517468,0.000151888,0,0,0,0,0,0,0,0,0,0,0,0,0,0,0,0,0,0,0,0,0,0,0,255,0.2,1.98609,0.2,-0.00524007,0.00460387,1,1,1,1,1,1,1,-0.534694,-3.14833,0.143344,-0.00336945,0.00274722,0.0223778,50.9955,3919,1,367,150.386,980,0,0.000884653,0.0115674,0.0095576,0,0,0,1,328,0.205,-3.40844e-05,3.84689e-05,7.88613e-06,6.98731e-06,9.27509e-06,4.99499e-06,-0.429303,0.128513,0.00320831,-0.0213614,-0.23118,0.000542838,0.000622741,-0.00126303,19.4655,0,0,0,0,0,0,-1,1,-9.04573e-07,-3.41785e-06,-0.23109,0,0.300799,1,1010,1010,1010,1010,0,0,0,0,9.10849,56,-0.0105301,0.00234657,56,-0.00539236,0.0131018,56,-0.00273884,0.00191009,2,0,0,0,0,0,3,-0.00196326,-0.0145873,43,-0.00408199,0.00788392,56,-0.0066242,-0.001357,56,-0.00474586,0.00207853
4414241758325,4414233157000,4414233157000,4414241739788,73729,8.58279,4414251458357,18.3014,0,4778,15003,0,0,1,0,0,0.011977,334,334,334,1,2.96214,2.46361,0.394373,0.259058,-0.0149536,0.0260773,-1.1193e-06,5.1335e-05,0.000741848,-0.00595402,1,0.00428613,9.34542e-05,-9.34542e-05,0.00428613,1,1,0.000160367,0.00420622,-0.000253822,7.9906e-05,0,0,0,0,0,0,0,0,0,0,0,0,0,0,0,0,0,0,0,0,0,0,0,255,0.2,2.40661,0.2,-0.00176639,0.00267573,1,1,1,2,0,1,1,-0.534452,-3.14852,0.14307,6.99363e-05,0.00194399,0.0223668,10.4178,3920,1,367,160.815,980,0,0.000884653,0.0115674,0.0095576,0,0,0,1,334,0.205,-9.30685e-07,4.35645e-05,8.93073e-06,1.9079e-07,8.73494e-06,-1.85966e-06,-0.429294,0.128511,0.00316479,-0.0214301,-0.231132,-0.000272844,0.000327614,0.00061426,10.1626,2,0,0,0,0,0,-1,1,-9.04573e-07,-3.41785e-06,-0.23109,0,10.6672,1,1010,1010,1010,1010,0,0,0,0,19.4748,56,0.0008713,0.00735983,56,-0.00952992,0.00601565,56,-0.00102322,0.00110567,1,0,0,0,0,0,3,0.0120544,0.00706551,50,-0.000467398,0.000556944,56,-0.00461698,0.00588208,56,5.82919e-05,0.00712372
4414252047307,4414241178000,4414241178000,4414252030177,73729,10.8522,4414260726607,19.5486,0,4778,15004,0,0,1,0,0,0.008021,328,327,327,1,2.6065,2.50373,0.356707,0.216095,-0.0232239,0.0341339,-4.1851e-05,5.15558e-05,0.000312346,0.00348307,1,0.0064276,0.00521768,-0.00521768,0.0064276,1,1,-0.00451806,0.00620072,-0.000699622,0.000226886,0,0,0,0,0,0,0,0,0,0,0,0,0,0,0,0,0,0,0,0,0,0,0,255,0.2,2.55663,0.2,-0.00439187,0.00610213,1,1,1,1,0,1,1,-0.534452,-3.14852,0.14307,6.99363e-05,0.00194399,0.0223668,19.7317,3920,1,367,170.128,980,0,0.000884653,0.0115674,0.0095576,0,0,0,1,327,0.205,-3.55012e-05,4.37427e-05,8.96725e-06,7.27775e-06,1.03933e-05,5.03083e-06,-0.429284,0.128516,0.00314616,-0.0214496,-0.231106,-0.000455667,0.000930231,0.00193022,9.0611,1,0,0,0,0,0,-1,1,-9.04573e-07,-3.41785e-06,-0.23109,0,19.9423,1,1010,1010,1010,1010,0,0,0,0,28.75,56,-0.00476084,0.00816396,55,-0.00243666,-0.00188692,56,-0.0103388,0.00939616,1,0,0,0,0,0,2,0,0,45,-0.00406895,0.00883896,56,-0.00258105,0.00939937,56,-0.00481171,0.00613673
4414261412872,4414253157000,4414253157000,4414261396113,73729,8.23911,4414272084820,18.9278,0,4778,15005,0,0,1,0,0,0.011979,329,329,329,1,2.6251,2.47923,0.504356,0.223836,-0.0126648,0.0478516,-2.4435e-05,9.11681e-05,0.00334356,-0.00341961,1,0.00761066,0.00203982,-0.00203982,0.00761066,1,1,-0.00130432,0.00737214,-0.0007355,0.000238521,0,0,0,0,0,0,0,0,0,0,0,0,0,0,0,0,0,0,0,0,0,0,0,255,0.19,1.73172,0.19,-0.0548344,-0.0974685,1,1,1,0,0,1,1,-0.534452,-3.14852,0.14307,6.99363e-05,0.00194399,0.0223668,31.0843,3920,1,367,181.481,980,0,0.000884653,0.0115674,0.0095576,0,0,0,1,329,0.195,-2.07379e-05,7.73082e-05,1.50751e-05,4.04389e-06,1.55969e-05,4.84198e-07,-0.429268,0.128516,0.00314616,-0.0214496,-0.231106,-0.000455667,0.000930231,0.00193022,20.3812,0,0,0,0,0,0,-1,1,-9.04573e-07,-3.41785e-06,-0.23109,0,31.2846,1,1010,1010,1010,1010,0,0,0,0,40.0923,56,-0.0014264,0.00558217,56,-0.00744538,0.014284,56,-0.00152353,0.00714664,1,0,0,0,0,0,3,-0.00489258,0.00483938,45,-0.00436468,0.0058853,56,-3.5967e-05,0.00662772,56,0.00121409,0.00785139
4414272615695,4414261214000,4414261214000,4414272600509,73729,11.3865,4414281861315,20.6473,0,4778,15006,0,0,1,0,0,0.008057,327,326,326,1,2.57574,2.54924,0.550394,0.247002,-0.00694275,0.0171509,-1.67185e-05,3.27091e-05,-0.0109513,0.00248056,1,0.00405971,0.00207503,-0.00207503,0.00405971,1,1,-0.00151998,0.00380075,-0.000555052,0.000258955,0,0,0,0,0,0,0,0,0,0,0,0,0,0,0,0,0,0,0,0,0,0,0,255,0.19,2.8066,0.19,-0.137083,-0.264811,1,1,1,1,0,1,1,-0.534452,-3.14852,0.14307,6.99363e-05,0.00194399,0.0223668,40.8184,3920,1,367,191.215,980,0,0.000884653,0.0115674,0.0095576,0,0,0,1,326,0.195,-1.41682e-05,2.77516e-05,5.41157e-06,2.76281e-06,5.89906e-06,1.4504e-06,-0.429262,0.128518,0.00310672,-0.0215336,-0.23106,-0.000180241,0.00100993,0.00158757,9.48362,2,0,0,0,0,0,-1,1,-9.04573e-07,-3.41785e-06,-0.23109,0,41.0314,1,1010,1010,1010,1010,0,0,0,0,0.157409,56,-0.0068388,0.00593724,55,0.00269271,-0.00498444,56,-0.00112815,0.00844411,1,0,0,0,0,0,2,0,0,44,-0.00476532,-0.000597699,56,-0.00444921,0.00442501,56,-0.00354343,0.0064821
4414282390690,4414273149000,4414273149000,4414282378986,73729,9.22999,4414292254778,19.1058,0,4778,15007,0,0,1,0,0,0.011935,332,332,332,1,2.99829,2.60293,0.495579,0.224039,0.0383148,-0.017662,7.18951e-05,-3.24129e-05,0.00098838,0.000804324,1,-0.00271578,-0.00602389,0.00602389,-0.00271578,1,1,0.00643173,-0.00290992,-0.000407839,0.000194139,0,0,0,0,0,0,0,0,0,0,0,0,0,0,0,0,0,0,0,0,0,0,0,255,0.19,2.41089,0.19,0.00518965,-0.00354247,1,1,1,0,1,1,1,-0.53389,-3.14895,0.14293,0.000221735,-0.000514507,0.0223017,8.84169,3921,1,367,201.611,980,0,0.000884653,0.0115674,0.0095576,0,0,0,1,332,0.195,6.09796e-05,-2.74922e-05,-5.36098e-06,-1.1891e-05,-7.93967e-06,-1.03477e-05,-0.42927,0.128508,0.00310672,-0.0215336,-0.23106,7.81573e-05,0.000757142,0.00133499,19.9051,0,0,0,0,0,0,-1,1,-9.04573e-07,-3.41785e-06,-0.230966,0,0.260206,1,1010,1010,1010,1010,0,0,0,0,10.6103,56,0.00847671,-0.00535897,56,0.00343627,-0.000536179,56,0.00607675,-0.00473469,1,0,0,0,0,0,3,0.00671985,-0.00148109,48,0.00512066,-0.000810025,56,0.00594731,-0.0035639,56,0.00624866,-0.00289268
4414292909655,4414281202000,4414281202000,4414292895543,73729,11.6935,4414301873106,20.6711,0,4778,15008,0,0,1,0,0,0.008053,331,331,331,1,2.57099,2.52998,0.474226,0.215853,0.0442657,-0.0672302,5.52491e-05,-0.000127815,-0.0104622,-0.000115701,1,-0.0158718,-0.00686069,0.00686069,-0.0158718,1,1,0.00687319,-0.01549,-1.25014e-05,-0.000381772,0,0,0,0,0,0,0,0,0,0,0,0,0,0,0,0,0,0,0,0,0,0,0,255,0.2,2.76745,0.2,0.0318912,0.0484972,1,1,1,1,0,1,1,-0.53389,-3.14895,0.14293,0.000221735,-0.000514507,0.0223017,18.4596,3921,1,367,9.57131,981,0,0.000884653,0.0113451,0.0104241,0,0,0,1,331,0.205,4.69352e-05,-0.000108409,-2.22239e-05,-9.62171e-06,-2.38308e-05,-4.27902e-06,-0.429294,0.128503,0.00311845,-0.0216561,-0.23101,0.0022423,-0.00156527,0.00183485,9.39973,2,0,0,0,0,0,-1,1,-9.04573e-07,-3.41785e-06,-0.230966,0,9.86244,1,1010,1010,1010,1010,0,0,0,0,20.2126,56,0.0109457,-0.0151622,56,-0.000169522,-0.0173916,56,0.00878317,-0.0123999,1,0,0,0,0,0,2,0,0,48,0.00894387,-0.0189828,56,0.00771459,-0.0135486,56,0.0108732,-0.0139647
4414302479389,4414293160000,4414293160000,4414302462463,73729,9.30246,4414311912362,18.7524,0,4778,15009,0,0,1,0,0,0.011958,333,333,333,1,2.66614,2.47476,0.520449,0.289687,0.0283813,-0.0596313,5.11227e-05,-0.000118957,0.00621756,-0.0026317,1,-0.00994792,-0.00427519,0.00427519,-0.00994792,1,1,0.00440407,-0.00959942,-0.000128879,-0.000348504,0,0,0,0,0,0,0,0,0,0,0,0,0,0,0,0,0,0,0,0,0,0,0,255,0.21,2.16648,0.21,0.160949,0.34956,1,1,1,2,0,1,1,-0.53389,-3.14895,0.14293,0.000221735,-0.000514507,0.0223017,28.5012,3921,1,367,19.6129,981,0,0.000884653,0.0113451,0.0104241,0,0,0,1,333,0.215,4.33642e-05,-0.00010084,-2.16806e-05,-9.3233e-06,-2.32337e-05,-4.11333e-06,-0.429317,0.128499,0.0031097,-0.0216966,-0.230991,0.00147517,-0.00149857,0.00162348,9.78014,1,0,0,0,0,0,-1,1,-9.04573e-07,-3.41785e-06,-0.230966,0,19.9196,1,1010,1010,1010,1010,0,0,0,0,30.2697,56,0.0037531,-0.00994196,56,0.00247439,-0.00848458,56,0.00354038,-0.0103515,1,0,0,0,0,0,3,-0.00112109,0.0380686,49,0.00683309,-0.0136636,56,0.00822443,-0.00764514,56,0.00565366,-0.00744652
4414312528220,4414301180000,4414301180000,4414312511831,73729,11.3318,4414321719395,20.5394,0,4778,15010,0,0,1,0,0,0.00802,334,334,334,1,2.59041,2.46528,0.472875,0.219854,0.00109863,-0.0141144,-7.63056e-06,-3.32338e-06,-0.0103794,-0.00265392,1,-0.000414386,0.000951441,-0.000951441,-0.000414386,1,1,-0.000720408,-0.000380437,-0.000231033,-3.39499e-05,0,0,0,0,0,0,0,0,0,0,0,0,0,0,0,0,0,0,0,0,0,0,0,255,0.2,2.08006,0.2,0.0991809,0.281939,1,1,1,1,0,1,1,-0.53389,-3.14895,0.14293,0.000221735,-0.000514507,0.0223017,38.35,3921,1,367,29.4618,981,0,0.000884653,0.0113451,0.0104241,0,0,0,1,334,0.205,-6.42957e-06,-2.81969e-06,-5.78037e-07,1.31806e-06,-2.60892e-07,1.41537e-06,-0.429318,0.128501,0.0031061,-0.0216818,-0.230983,0.000210728,-0.000139195,0.000926372,9.59707,1,0,0,0,0,0,-1,1,-9.04573e-07,-3.41785e-06,-0.230966,0,29.7102,1,1010,1010,1010,1010,0,0,0,0,40.0604,56,0.00640184,-0.00432256,56,-0.00146984,0.00531497,56,0.00153812,-0.00545075,1,0,0,0,0,0,2,0,0,51,-0.00274961,0.00469281,56,-0.0075834,-0.00401858,56,-0.000783397,-0.000741191
4414322311659,4414313156000,4414313156000,4414322293678,73729,9.13768,4414331670817,18.5148,0,4778,15011,0,0,1,0,0,0.011976,333,332,332,1,2.69212,2.47243,0.393837,0.219242,-0.0224915,0.0204315,-4.14791e-05,1.48622e-05,0.00281246,0.00704934,1,0.001241,0.00346352,-0.00346352,0.001241,1,1,-0.00305048,0.00118122,-0.000413038,5.97791e-05,0,0,0,0,0,0,0,0,0,0,0,0,0,0,0,0,0,0,0,0,0,0,0,255,0.2,1.69274,0.2,-0.111446,-0.270769,1,1,1,2,0,1,1,-0.53389,-3.14895,0.14293,0.000221735,-0.000514507,0.0223017,48.2593,3921,1,367,39.3711,981,0,0.000884653,0.0113451,0.0104241,0,0,0,1,332,0.205,-3.5203e-05,1.25984e-05,2.58268e-06,7.21661e-06,4.16519e-06,6.43387e-06,-0.429313,0.128507,0.00307912,-0.0216702,-0.230989,-0.00192758,0.000245094,-0.000187299,9.69416,1,0,0,0,0,0,-1,1,-9.04573e-07,-3.41785e-06,-0.230966,0,39.6494,1,1010,1010,1010,1010,0,0,0,0,0.208594,56,-0.0023035,0.00519566,55,-0.00561358,-0.00354684,56,-0.00391526,0.00322289,1,0,0,0,0,0,2,0,0,50,-0.00205775,0.00227486,56,-0.00393758,0.00110945,56,-0.00465261,0.00230579
4414332291267,4414321175000,4414321175000,4414332273730,73729,11.0987,4414341838001,20.663,0,4778,15012,0,0,1,0,0,0.008019,333,333,333,1,2.95245,2.60436,0.396392,0.217428,-0.0464172,0.0299377,-8.50477e-05,6.04777e-05,0.00244871,0.00100634,1,0.00754181,0.0106058,-0.0106058,0.00754181,1,1,-0.0104984,0.00738465,-0.00010742,0.000157155,0,0,0,0,0,0,0,0,0,0,0,0,0,0,0,0,0,0,0,0,0,0,0,255,0.2,1.53088,0.2,-0.00969183,0.00670788,1,1,1,1,0,1,1,-0.53351,-3.14918,0.142876,0.00288695,0.000126098,0.0224326,1.07479,3922,1,367,49.5776,981,0,0.000884653,0.0113451,0.0104241,0,0,0,1,333,0.205,-7.21601e-05,5.12617e-05,1.05087e-05,1.47928e-05,1.36131e-05,1.19946e-05,-0.4293,0.128519,0.00308019,-0.0216161,-0.231006,-0.00204664,0.000644336,-0.00128497,0.823137,2,0,0,0,0,0,-1,1,-9.04572e-07,-3.41785e-06,-0.230927,0,1.29392,1,1010,1010,1010,1010,0,0,0,0,10.3925,56,-0.0107585,0.00668548,56,-0.0130107,0.0131479,56,-0.00942639,0.00387609,1,0,0,0,0,0,2,0,0,50,-0.0094982,0.00508092,56,-0.00878148,0.00725991,56,-0.0143947,0.00497734
4414342433599,4414333144000,4414333144000,4414342416988,73729,9.27299,4414353393679,20.2497,0,4778,15013,0,0,1,0,0,0.011969,331,331,331,1,2.73551,2.42352,0.439263,0.29391,-0.0435791,0.0359192,-7.11768e-05,6.36972e-05,0.00076231,0.00362307,1,0.00532184,0.00594676,-0.00594676,0.00532184,1,1,-0.00601599,0.00510231,6.92276e-05,0.000219536,0,0,0,0,0,0,0,0,0,0,0,0,0,0,0,0,0,0,0,0,0,0,0,255,0.2,1.49862,0.2,-0.00323314,0.0047805,1,1,1,1,1,1,1,-0.53351,-3.14918,0.142876,0.00288695,0.000126098,0.0224326,12.5892,3922,1,367,61.092,981,0,0.000884653,0.0113451,0.0104241,0,0,0,1,331,0.205,-6.04169e-05,5.40171e-05,1.10735e-05,1.23855e-05,1.36118e-05,9.52183e-06,-0.429286,0.128529,0.00308019,-0.0216161,-0.231006,-0.0014218,0.000900096,-0.00136451,12.3772,0,0,0,0,0,0,-1,1,-9.04572e-07,-3.41785e-06,-0.230927,0,12.7982,1,1010,1010,1010,1010,0,0,0,0,21.8967,56,-0.00633272,0.0050967,56,-0.00222178,0.00106346,56,-0.00937578,0.00917899,1,0,0,0,0,0,3,-0.0153607,0.0319755,47,-0.00415528,0.00886988,56,-0.0101165,0.0027312,56,-0.00719466,0.00310252
4414353980444,4414341181000,4414341181000,4414353961425,73729,12.7804,4414363688512,22.5075,0,4778,15014,0,0,1,0,0,0.008037,332,332,332,1,2.70812,2.45889,0.624987,0.261965,-0.0146561,0.0355377,-2.54619e-06,6.19889e-05,0.0110998,-0.0101339,1,0.00771294,0.000316809,-0.000316809,0.00771294,1,1,-0.000754609,0.00767623,0.0004378,3.67102e-05,0,0,0,0,0,0,0,0,0,0,0,0,0,0,0,0,0,0,0,0,0,0,0,255,0.2,2.90286,0.2,0.001174,0.00627869,1,1,1,1,0,1,1,-0.53351,-3.14918,0.142876,0.00288695,0.000126098,0.0224326,22.8838,3922,1,367,71.3866,981,0,0.000884653,0.0113451,0.0104241,0,0,0,1,332,0.205,-2.15889e-06,5.26058e-05,1.07842e-05,4.42573e-07,1.05965e-05,-2.03782e-06,-0.429276,0.128526,0.0031019,-0.0216131,-0.231016,5.88974e-05,0.000150512,-0.00138887,10.1149,1,0,0,0,0,0,-1,1,-9.04572e-07,-3.41785e-06,-0.230927,0,23.0999,1,1010,1010,1010,1010,0,0,0,0,32.1985,56,0.00240027,0.011969,56,-0.0128481,0.000798007,56,-0.00335314,0.007642,1,0,0,0,0,0,1,0,0,50,-0.00326771,0.0116656,56,0.00198572,0.0100875,56,0.000376271,0.0124408
4414364237813,4414349184000,4414349184000,4414364220350,73729,15.0363,4414374519109,25.3351,0,4778,15015,0,0,1,0,0,0.008003,330,330,330,1,2.54741,2.53324,0.505912,0.21928,0.00982666,-0.0248642,2.54072e-05,-5.54803e-05,-0.00159851,0.00736901,1,-0.00693243,-0.00317471,0.00317471,-0.00693243,1,1,0.00268127,-0.00673863,0.000493436,-0.000193806,0,0,0,0,0,0,0,0,0,0,0,0,0,0,0,0,0,0,0,0,0,0,0,255,0.2,2.98029,0.2,0.00385591,-0.00669257,1,1,1,1,0,1,1,-0.53351,-3.14918,0.142876,0.00288695,0.000126098,0.0224326,33.7158,3922,1,367,82.2188,981,0,0.000884653,0.0113451,0.0104241,0,0,0,1,330,0.205,2.15284e-05,-4.70794e-05,-9.65127e-06,-4.41333e-06,-1.04029e-05,-2.08679e-06,-0.429286,0.128524,0.00313003,-0.0215627,-0.23102,0.00054757,-0.000794605,-0.00118041,10.6503,1,0,0,0,0,0,-1,1,-9.04572e-07,-3.41785e-06,-0.230927,0,33.9258,1,1010,1010,1010,1010,0,0,0,0,43.0244,56,-0.00101773,-0.00737845,56,-0.000294127,-0.00455977,56,0.000161341,-0.00634975,1,0,0,0,0,0,2,0,0,47,0.00310307,-0.00390719,56,0.00453062,-0.0108896,56,0.00433966,-0.00569171
4414375035781,4414361180000,4414361180000,4414375019484,73729,13.8395,4414385831618,24.6516,0,4778,15016,0,0,1,0,0,0.011996,338,338,324,0.95858,2.68112,2.7103,0.481579,0.265373,0.0157166,-0.0154266,3.06455e-05,-2.20073e-05,-0.000148682,-0.00163947,1,-0.00183455,-0.00255464,0.00255464,-0.00183455,1,1,0.00234405,-0.00164844,0.000210592,-0.000186109,0,0,0,0,0,0,0,0,0,0,0,0,0,0,0,0,0,0,0,0,0,0,0,255,0.2,3.62835,0.2,0.0030835,-0.00223366,1,1,1,1,0,1,1,-0.53351,-3.14918,0.142876,0.00288695,0.000126098,0.0224326,45.0277,3922,1,367,93.5305,981,0,0.000884653,0.0113451,0.0104241,0,0,0,1,324,0.205,2.60197e-05,-1.86852e-05,-3.83046e-06,-5.33404e-06,-4.94875e-06,-4.3156e-06,-0.429291,0.12852,0.00317093,-0.0214994,-0.231006,0.000805021,-0.000763048,-4.67239e-05,11.0933,1,0,0,0,0,0,-1,1,-9.04572e-07,-3.41785e-06,-0.230912,0,0.241946,1,1010,1010,1010,1010,0,0,0,0,0.245317,56,0.00619691,-0.000201455,56,0.00850725,0.00141848,56,0.00275812,-0.004467,1,0,0,0,0,0,4,0.00335859,0.00363299,39,0.00110426,-0.001892,56,-0.000460345,-0.00306733,56,0.00215416,-0.00232692
4414386392401,4414369194000,4414369194000,4414386375086,73729,17.1811,4414396249360,27.0554,0,4778,15017,0,0,1,0,0,0.008014,333,333,333,1,2.67719,2.8163,0.497338,0.22039,0.0329285,-0.0202332,4.21602e-05,-4.0358e-05,0.000964969,0.00705931,1,-0.00503593,-0.00526082,0.00526082,-0.00503593,1,1,0.00533148,-0.00528374,-7.06605e-05,0.000247809,0,0,0,0,0,0,0,0,0,0,0,0,0,0,0,0,0,0,0,0,0,0,0,255,0.2,4.81764,0.2,0.0052491,-0.00303433,1,1,1,1,0,1,1,-0.533596,-3.1491,0.14267,0.000878614,2.59382e-05,0.0221072,10.4129,3923,1,367,103.957,981,0,0.000884653,0.0113451,0.0104241,0,0,0,1,333,0.205,3.57533e-05,-3.42317e-05,-7.0175e-06,-7.32943e-06,-8.50702e-06,-5.52867e-06,-0.429299,0.128515,0.00322267,-0.0214146,-0.230983,0.00178042,0.00101602,0.0016561,10.2281,1,0,0,0,0,0,-1,1,-9.04572e-07,-3.41785e-06,-0.230912,0,10.6232,1,1010,1010,1010,1010,0,0,0,0,10.6265,56,0.00969442,-0.0092343,56,0.00192168,-0.00356837,56,0.00775944,-0.000950609,1,0,0,0,0,0,4,-0.000910144,-0.00254427,48,0.0115034,-0.00722225,56,0.0112834,-0.00622088,56,0.0046755,-0.00770505
4414396797494,4414381176000,4414381176000,4414396781142,73729,15.6051,4414408176097,27.0001,0,4778,15018,0,0,1,0,0,0.011982,330,329,318,0.966565,2.58778,3.00277,0.480245,0.242039,0.0328674,0.0136108,7.34391e-05,2.55662e-05,6.99108e-05,-0.00371739,1,0.00213372,-0.00612912,0.00612912,0.00213372,1,1,0.00660761,0.00182611,-0.00047849,0.000307614,0,0,0,0,0,0,0,0,0,0,0,0,0,0,0,0,0,0,0,0,0,0,0,255,0.2,4.98054,0.2,0.0035553,0.0023167,1,1,1,1,1,1,1,-0.533596,-3.1491,0.14267,0.000878614,2.59382e-05,0.0221072,22.3314,3923,1,367,115.875,981,0,0.000884653,0.0113451,0.0104241,0,0,0,1,318,0.205,6.22651e-05,2.16806e-05,4.44452e-06,-1.27644e-05,1.40461e-06,-1.34427e-05,-0.429298,0.128501,0.00325704,-0.0213524,-0.230951,0.00180241,0.00126122,0.00301137,11.7139,1,0,0,0,0,0,-1,1,-9.04572e-07,-3.41785e-06,-0.230912,0,22.5434,1,1010,1010,1010,1010,0,0,0,0,22.5467,45,0.00512516,0.00710121,55,0.0109833,0.00603453,56,0.00415757,-0.00162109,2,0,0,0,0,0,3,0.00542299,-0.00106903,45,0.00248446,0.00196136,56,0.00698664,0.00200043,56,0.00530598,0.00489631
4414408752009,4414389187000,4414389187000,4414408733842,73729,19.5468,4414418373318,29.1863,0,4778,15019,0,0,1,0,0,0.008011,333,333,333,1,2.91642,2.52295,0.44769,0.221594,0.0134277,0.0108032,6.59607e-06,1.50268e-05,-0.00490967,0.00390992,1,0.00187578,-0.000823377,0.000823377,0.00187578,1,1,0.00162211,0.00180749,-0.000798729,6.82819e-05,0,0,0,0,0,0,0,0,0,0,0,0,0,0,0,0,0,0,0,0,0,0,0,255,0.2,6.84508,0.2,0.00021899,0.0011039,1,1,1,1,0,1,1,-0.533596,-3.1491,0.14267,0.000878614,2.59382e-05,0.0221072,32.5552,3923,1,367,126.099,981,0,0.000884653,0.0113451,0.0104241,0,0,0,1,333,0.205,5.61063e-06,1.27446e-05,2.61264e-06,-1.15018e-06,2.27956e-06,-1.71747e-06,-0.429296,0.128499,0.00329351,-0.021295,-0.230914,0.00113499,0.000279956,0.00352782,10.0117,1,0,0,0,0,0,-1,1,-9.04572e-07,-3.41785e-06,-0.230912,0,32.7839,1,1010,1010,1010,1010,0,0,0,0,32.7873,56,0.00232759,-0.0014771,56,0.00289451,-0.00217535,56,0.000611532,0.00619628,1,0,0,0,0,0,3,-0.00440094,-0.00810499,49,0.00498404,0.00321079,56,0.000629322,0.00264722,56,0.00363201,0.00292736
4414418941212,4414409194000,4414409194000,4414418932897,73729,9.7389,4414429834717,20.6407,1,4779,15020,0,0,1,0,0,0.020007,335,335,335,1,3.0309,2.61277,0.412448,0.220725,0.0157166,-0.0125732,1.92561e-05,-3.77017e-05,-0.00096372,0.00186734,1,-0.00188443,-0.000962466,0.000962466,-0.00188443,1,1,0.00180281,-0.00177105,-0.000840348,-0.000113373,0,0,0,0,0,0,0,0,0,0,0,0,0,0,0,0,0,0,0,0,0,0,0,255,0.2,6.85499,0.2,-0.000951171,-0.00197378,1,1,1,1,0,1,1,-0.533596,-3.1491,0.14267,0.000878614,2.59382e-05,0.0221072,43.9941,3923,1,367,137.538,981,0,0.000884653,0.0113451,0.0104241,0,0,0,1,335,0.205,1.63664e-05,-3.19637e-05,-6.55255e-06,-3.35511e-06,-7.14477e-06,-1.76702e-06,-0.429303,0.128498,0.00332057,-0.0212548,-0.230879,0.00110462,-0.000464829,0.00364004,11.2442,1,0,0,0,0,0,-1,1,-9.04572e-07,-3.41785e-06,-0.230912,0,44.2058,1,1010,1010,1010,1010,0,0,0,0,44.2092,56,0.0026848,-0.00118885,56,-0.00469546,-0.00181649,56,0.00163909,-0.00227479,1,0,0,0,0,0,3,0.00123474,-0.0289492,51,0.000172537,-0.0010284,56,0.000839964,-0.00207221,56,0.00254304,0.00064498
4414430341221,4414421168000,4414421168000,4414430328592,73729,9.16059,4414443162966,21.995,0,4779,15021,0,0,1,0,0,0.011974,331,331,331,1,3.07214,2.97016,0.409337,0.217335,-0.0424194,-0.00314331,-6.41863e-05,-1.08667e-05,-0.00164618,-0.00588093,1,-0.000907526,0.00536047,-0.00536047,-0.000907526,1,1,-0.00463962,-0.00068393,-0.000720847,-0.000223596,0,0,0,0,0,0,0,0,0,0,0,0,0,0,0,0,0,0,0,0,0,0,0,255,0.2,8.12124,0.2,-0.00641412,-0.000889062,1,1,1,1,0,1,1,-0.533837,-3.14888,0.142494,0.00020987,0.00252053,0.0227031,6.15107,3924,1,367,150.859,981,0,0.000884653,0.0113451,0.0104241,0,0,0,1,331,0.205,-5.44421e-05,-9.20665e-06,-1.88736e-06,1.11606e-05,7.16295e-07,1.12964e-05,-0.429302,0.128509,0.00330601,-0.0211613,-0.230881,-0.00143282,-0.000916743,0.00121812,5.97931,2,0,0,0,0,0,-1,1,-9.04572e-07,-3.41785e-06,-0.230808,0,6.362,1,1010,1010,1010,1010,0,0,0,0,6.36615,56,-0.00726004,0.00222099,56,-0.00695248,0.00281372,56,-0.00635257,-0.0028142,2,0,0,0,0,0,3,-0.00335974,0.00813399,46,-0.0102668,-0.00219769,56,-0.00468504,0.00149573,56,-0.00706674,-0.00331691
4414443635896,4414429195000,4414429195000,4414443620266,73729,14.4253,4414453107500,23.9125,0,4779,15022,0,0,1,0,0,0.008027,335,335,335,1,2.6548,2.50067,0.483541,0.277336,-0.0529785,0.0166321,-8.87212e-05,1.47507e-05,0.00352397,0.0060924,1,0.00183763,0.0110528,-0.0110528,0.00183763,1,1,-0.011097,0.0017334,4.41331e-05,0.000104233,0,0,0,0,0,0,0,0,0,0,0,0,0,0,0,0,0,0,0,0,0,0,0,255,0.2,1.09869,0.2,0.133872,0.326173,1,1,1,1,0,1,1,-0.533837,-3.14888,0.142494,0.00020987,0.00252053,0.0227031,16.0995,3924,1,367,160.807,981,0,0.000884653,0.0113451,0.0104241,0,0,0,1,335,0.205,-7.52754e-05,1.25199e-05,2.56658e-06,1.54315e-05,6.02851e-06,1.44348e-05,-0.429296,0.128523,0.00331748,-0.021117,-0.230908,-0.00235878,0.000427356,-0.00203178,9.74633,1,0,0,0,0,0,-1,1,-9.04572e-07,-3.41785e-06,-0.230808,0,16.3734,1,1010,1010,1010,1010,0,0,0,0,16.3775,56,-0.0145666,0.00722268,56,-0.00517342,6.229e-05,56,-0.0109686,0.00340066,1,0,0,0,0,0,4,-0.00755503,0.0210634,50,-0.0105316,0.00316009,56,-0.0143973,0.00091347,56,-0.0116411,0.00285536
4414453690227,4414441172000,4414441172000,4414453673857,73729,12.5019,4414464284526,23.1125,0,4779,15023,0,0,1,0,0,0.011977,333,333,333,1,2.97451,2.43232,0.454634,0.336021,-0.0298004,0.0158386,-3.72328e-05,3.12917e-05,0.00561546,0.00183967,1,0.00261265,0.00310869,-0.00310869,0.00261265,1,1,-0.00395104,0.00252272,0.000842347,8.99271e-05,0,0,0,0,0,0,0,0,0,0,0,0,0,0,0,0,0,0,0,0,0,0,0,255,0.2,0.987509,0.2,-0.0637625,-0.154071,1,1,1,1,1,1,1,-0.533837,-3.14888,0.142494,0.00020987,0.00252053,0.0227031,27.2722,3924,1,367,171.98,981,0,0.000884653,0.0113451,0.0104241,0,0,0,1,333,0.205,-3.16591e-05,2.64966e-05,5.4318e-06,6.49011e-06,6.77154e-06,5.07481e-06,-0.429289,0.128528,0.00333241,-0.0210769,-0.230946,-0.000842523,0.000368701,-0.00343692,10.9936,1,0,0,0,0,0,-1,1,-9.04572e-07,-3.41785e-06,-0.230808,0,27.4857,1,1010,1010,1010,1010,0,0,0,0,27.4898,56,-0.00472593,-0.00230965,56,0.0016904,0.00889398,56,-0.00605463,0.000537422,1,0,0,0,0,0,2,0,0,50,-0.00430046,0.00435765,56,-0.00218457,1.9004e-05,56,-0.00421252,0.00166301
4414464878346,4414449193000,4414449193000,4414464859105,73729,15.6661,4414474670767,25.4778,0,4779,15024,0,0,1,0,0,0.008021,334,334,334,1,2.58621,2.62341,0.573913,0.270317,-0.000419617,-0.00128174,-5.79762e-07,1.32912e-05,0.00237649,-0.00140928,1,0.00165705,7.22805e-05,-7.22805e-05,0.00165705,1,1,-0.00133534,0.00173213,0.00126306,-7.50781e-05,0,0,0,0,0,0,0,0,0,0,0,0,0,0,0,0,0,0,0,0,0,0,0,255,0.2,2.01713,0.2,-0.0215811,-0.065513,1,1,1,1,0,1,1,-0.533837,-3.14888,0.142494,0.00020987,0.00252053,0.0227031,37.6593,3924,1,367,182.367,981,0,0.000884653,0.0113451,0.0104241,0,0,0,1,334,0.205,-4.46907e-07,1.1265e-05,2.30932e-06,9.16159e-08,2.26846e-06,-4.39385e-07,-0.429287,0.128528,0.00334908,-0.0210583,-0.230984,-0.000171873,-0.00030782,-0.00428032,10.2112,1,0,0,0,0,0,-1,1,-9.04572e-07,-3.41785e-06,-0.230808,0,37.8701,1,1010,1010,1010,1010,0,0,0,0,37.8742,56,0.00477645,0.00296564,56,0.00187305,-0.00273597,56,0.00619093,-0.000938937,2,0,0,0,0,0,2,0,0,50,0.00155182,-0.00259111,56,-0.00609025,9.82033e-05,56,0.00181425,0.00286408
4414475188513,4414461178000,4414461178000,4414475172994,73729,13.995,4414486815858,25.6379,0,4779,15025,0,0,1,0,0,0.011985,334,334,334,1,2.66054,2.61658,0.569802,0.265262,0.0135956,-0.0161133,4.99072e-05,-3.00499e-05,0.00401401,-0.00450226,1,-0.00250729,-0.00416414,0.00416414,-0.00250729,1,1,0.00288392,-0.00242971,0.00128022,-7.75809e-05,0,0,0,0,0,0,0,0,0,0,0,0,0,0,0,0,0,0,0,0,0,0,0,255,0.2,2.17333,0.2,0.00377077,-0.00305108,1,1,1,1,0,1,1,-0.533837,-3.14888,0.142494,0.00020987,0.00252053,0.0227031,49.8067,3924,1,367,194.515,981,0,0.000884653,0.0113451,0.0104241,0,0,0,1,334,0.205,4.23121e-05,-2.54392e-05,-5.21504e-06,-8.67398e-06,-7.06067e-06,-7.24998e-06,-0.429294,0.128521,0.00337915,-0.0210263,-0.230996,0.00109522,-0.000318082,-0.00332293,11.9259,1,0,0,0,0,0,-1,1,-9.04573e-07,-3.41785e-06,-0.230907,0,0.243651,1,1010,1010,1010,1010,0,0,0,0,0.247243,56,0.00243082,-0.00360523,56,0.00201318,-0.00261774,56,0.000972974,-0.00598188,1,0,0,0,0,0,3,0.0324324,0.0207187,50,0.00166659,-0.00249433,56,0.00571756,0.00144755,56,0.00278004,-0.00212428
4414487377678,4414469193000,4414469193000,4414487361178,73729,18.1682,4414496817299,27.6243,0,4779,15026,0,0,1,0,0,0.008015,328,328,328,1,2.73014,2.8093,0.489449,0.221724,0.0377274,0.0105438,4.62563e-05,2.80324e-05,-0.00644834,-0.00628176,1,0.00349749,-0.00577122,0.00577122,0.00349749,1,1,0.00497538,0.00345062,0.000795837,4.68722e-05,0,0,0,0,0,0,0,0,0,0,0,0,0,0,0,0,0,0,0,0,0,0,0,255,0.2,4.20132,0.2,0.00725132,0.00214841,1,1,1,1,0,1,1,-0.534137,-3.14863,0.142487,-0.00181588,0.0019592,0.0224143,10.009,3925,1,367,204.537,981,0,0.000884653,0.0113451,0.0104241,0,0,0,1,328,0.205,3.92903e-05,2.37696e-05,4.87277e-06,-8.05451e-06,2.89894e-06,-8.95598e-06,-0.429291,0.128512,0.00340712,-0.0210101,-0.230982,0.00226103,0.000192176,-0.000801522,9.81274,1,0,0,0,0,0,-1,1,-9.04573e-07,-3.41785e-06,-0.230907,0,10.2209,1,1010,1010,1010,1010,0,0,0,0,10.2245,56,0.00697425,-0.000685478,56,0.00108933,0.00308157,56,0.0105098,0.0117093,1,0,0,0,0,0,3,-0.0115744,-0.0343453,44,0.00891586,0.00361791,56,0.00693998,-0.000136542,56,0.00892279,0.00519456
4414497420749,4414489206000,4414489206000,4414497413268,73729,8.20727,4414508044696,18.8387,1,4780,15027,0,0,1,0,0,0.020013,329,329,329,1,2.65754,2.83493,0.41943,0.214909,0.0580902,-0.0118561,0.000108638,-2.7958e-05,0.000773715,0.0037682,1,-0.00139699,-0.00542838,0.00542838,-0.00139699,1,1,0.00569663,-0.00128809,-0.000268246,-0.000108904,0,0,0,0,0,0,0,0,0,0,0,0,0,0,0,0,0,0,0,0,0,0,0,255,0.2,3.57303,0.2,0.00324328,-0.000666518,1,1,1,1,0,1,1,-0.534137,-3.14863,0.142487,-0.00181588,0.0019592,0.0224143,21.2348,3925,1,367,11.1812,982,0,0.000884653,0.0112858,0.0113537,0,0,0,1,329,0.205,9.21204e-05,-2.37341e-05,-4.86548e-06,-1.88847e-05,-9.05644e-06,-1.72701e-05,-0.4293,0.128495,0.00341655,-0.0210036,-0.230937,0.00161762,-0.000446505,0.00217394,10.9744,1,0,0,0,0,0,-1,1,-9.04573e-07,-3.41785e-06,-0.230907,0,21.4624,1,1010,1010,1010,1010,0,0,0,0,21.466,56,0.00447259,-0.000610309,56,0.00348833,-0.00175685,56,0.00721086,8.41553e-05,1,0,0,0,0,0,2,0,0,46,0.00424666,-0.00296041,56,0.00556772,-0.00151376,56,0.00501122,-0.00244355
4414509240800,4414501170000,4414501170000,4414509227707,73729,8.05771,4414520118046,18.948,0,4780,15028,0,0,1,0,0,0.011964,334,334,334,1,2.9416,2.50439,0.59032,0.22528,0.0172729,0.00256348,1.30311e-05,2.31453e-05,-0.00789155,-0.0045335,1,0.00193458,-0.00108919,0.00108919,0.00193458,1,1,0.00224386,0.00206517,-0.00115467,-0.00013059,0,0,0,0,0,0,0,0,0,0,0,0,0,0,0,0,0,0,0,0,0,0,0,255,0.2,5.73229,0.2,0.000178353,0.000866471,1,1,1,1,1,1,1,-0.534137,-3.14863,0.142487,-0.00181588,0.0019592,0.0224143,33.3077,3925,1,367,23.2538,982,0,0.000884653,0.0112858,0.0113537,0,0,0,1,334,0.205,1.10946e-05,1.96311e-05,4.02438e-06,-2.27438e-06,3.39645e-06,-3.13475e-06,-0.429297,0.128491,0.00342941,-0.0209868,-0.230875,0.00119076,-0.000535418,0.00473994,11.8545,1,0,0,0,0,0,-1,1,-9.04573e-07,-3.41785e-06,-0.230907,0,33.5215,1,1010,1010,1010,1010,0,0,0,0,33.5251,56,-0.00052673,-0.000656698,56,0.00710259,0.00137387,56,-0.000686791,0.000319563,2,0,0,0,0,0,3,0.0110953,0.0429548,49,0.00126806,0.00309452,56,0.00241048,0.00321853,56,0.00227748,0.00042621
4414520792274,4414509190000,4414509190000,4414520778514,73729,11.5885,4414530067431,20.8774,0,4780,15029,0,0,1,0,0,0.00802,331,331,331,1,2.78764,2.51213,0.428393,0.215502,-0.0274963,0.0166473,-6.82083e-05,3.94957e-05,-0.0159909,0.00410271,1,0.00492465,0.00850477,-0.00850477,0.00492465,1,1,-0.00664646,0.00476226,-0.00185831,0.000162388,0,0,0,0,0,0,0,0,0,0,0,0,0,0,0,0,0,0,0,0,0,0,0,255,0.2,7.13284,0.2,-0.00686952,0.00453325,1,1,1,1,0,1,1,-0.534137,-3.14863,0.142487,-0.00181588,0.0019592,0.0224143,43.266,3925,1,367,33.2122,982,0,0.000884653,0.0112858,0.0113537,0,0,0,1,331,0.205,-5.77888e-05,3.34739e-05,6.86215e-06,1.18467e-05,9.38801e-06,9.96318e-06,-0.429288,0.128501,0.00341623,-0.0209635,-0.230812,7.48213e-06,0.00066579,0.00610125,9.73977,1,0,0,0,0,0,-1,1,-9.04573e-07,-3.41785e-06,-0.230907,0,43.4814,1,1010,1010,1010,1010,0,0,0,0,43.485,56,-0.00724176,0.00626748,56,-0.00884447,-0.000658936,56,-0.00616086,0.00455665,1,0,0,0,0,0,1,0,0,49,-0.00531204,0.0103009,56,-0.0127374,0.00462652,56,-0.00944365,0.00627858
4414530619584,4414521167000,4414521167000,4414530603991,73729,9.43699,4414541003881,19.8369,0,4780,15030,0,0,1,0,0,0.011977,339,339,339,1,2.78399,3.1019,0.485505,0.220447,-0.0438538,0.00454712,-6.91935e-05,2.37826e-05,0.00525995,-0.00293605,1,0.00198569,0.0057772,-0.0057772,0.00198569,1,1,-0.00417944,0.00189612,-0.00159776,8.95693e-05,0,0,0,0,0,0,0,0,0,0,0,0,0,0,0,0,0,0,0,0,0,0,0,255,0.2,6.79847,0.2,-0.00655617,0.00102606,1,1,1,1,0,1,1,-0.534431,-3.14837,0.142402,-0.00224688,0.00369799,0.0220579,3.75203,3926,1,367,44.1186,982,0,0.000884653,0.0112858,0.0113537,0,0,0,1,339,0.205,-5.87699e-05,2.01712e-05,4.1351e-06,1.20478e-05,6.7792e-06,1.07831e-05,-0.429281,0.128512,0.00339282,-0.020974,-0.23075,-0.00116669,0.000367234,0.0043073,3.57879,2,0,0,0,0,0,-1,1,-9.04572e-07,-3.41785e-06,-0.230675,0,4.06513,1,1010,1010,1010,1010,0,0,0,0,4.06926,56,-0.00730261,0.00244942,56,-0.00210496,0.00569911,56,-0.00726214,0.00284084,1,0,0,0,0,0,2,0,0,56,-0.00825969,0.00147304,56,-0.00376468,0.000403365,56,-0.00466269,-0.00206995
4414541651720,4414529190000,4414529190000,4414541639257,73729,12.4493,4414550402243,21.2122,0,4780,15031,0,0,1,0,0,0.008023,329,329,329,1,2.4123,2.54667,0.477467,0.221317,-0.0350647,-0.0148315,-6.29112e-05,-3.79375e-05,-0.00258411,0.0123519,1,-0.00472859,0.00784136,-0.00784136,-0.00472859,1,1,-0.00661382,-0.00467305,-0.00122754,-5.55428e-05,0,0,0,0,0,0,0,0,0,0,0,0,0,0,0,0,0,0,0,0,0,0,0,255,0.2,7.6765,0.2,-0.00565413,-0.00387653,1,1,1,1,0,1,1,-0.534431,-3.14837,0.142402,-0.00224688,0.00369799,0.0220579,13.1781,3926,1,367,53.545,982,0,0.000884653,0.0112858,0.0113537,0,0,0,1,329,0.205,-5.33916e-05,-3.21929e-05,-6.59954e-06,1.09453e-05,-3.92071e-06,1.21643e-05,-0.429285,0.128524,0.00339282,-0.020974,-0.23075,-0.00106101,-0.000227725,0.00317753,12.9817,0,0,0,0,0,0,-1,1,-9.04572e-07,-3.41785e-06,-0.230675,0,13.4418,1,1010,1010,1010,1010,0,0,0,0,13.4459,56,-0.00819742,-0.00371922,56,0.0105767,-0.0140569,56,-0.0112314,-0.00374811,1,0,0,0,0,0,3,0.00669198,0.0201405,45,-0.00545629,-0.00413396,56,-0.0101402,-0.00769609,56,-0.0126984,-0.00398958
4414551033360,4414541161000,4414541161000,4414551017952,73729,9.85695,4414561597973,20.437,0,4780,15032,0,0,1,0,0,0.011971,333,333,333,1,2.52906,2.48498,0.514949,0.224613,0.00350952,-0.00415039,-1.88317e-05,7.83892e-06,-0.00767473,-0.00700476,1,0.000654826,0.00157311,-0.00157311,0.000654826,1,1,-0.00164418,0.000784601,7.10652e-05,-0.000129775,0,0,0,0,0,0,0,0,0,0,0,0,0,0,0,0,0,0,0,0,0,0,0,255,0.2,6.89145,0.2,0.000874711,-0.000246347,1,1,1,1,0,1,1,-0.534431,-3.14837,0.142402,-0.00224688,0.00369799,0.0220579,24.4598,3926,1,367,64.8263,982,0,0.000884653,0.0112858,0.0113537,0,0,0,1,333,0.205,-1.59139e-05,6.65733e-06,1.36475e-06,3.26234e-06,2.07421e-06,2.86382e-06,-0.429283,0.128527,0.00339831,-0.0209836,-0.230761,0.000405161,-0.000532078,9.10353e-05,10.9551,1,0,0,0,0,0,-1,1,-9.04572e-07,-3.41785e-06,-0.230675,0,24.6932,1,1010,1010,1010,1010,0,0,0,0,24.6974,56,0.00149848,-4.39539e-05,56,0.00239518,0.00235406,56,0.00268184,0.00314332,2,0,0,0,0,0,3,-0.00301328,0.00260738,48,-0.000168096,-0.00199552,56,-0.00255335,0.00208674,56,-0.000647148,-0.000146812
4414562270109,4414549185000,4414549185000,4414562255109,73729,13.0701,4414572268032,23.083,0,4780,15033,0,0,1,0,0,0.008024,333,333,333,1,2.54262,2.77306,0.684395,0.254113,-0.0193634,-0.030365,4.01146e-06,-8.02082e-05,0.0202543,0.00372357,1,-0.00999604,-0.000499932,0.000499932,-0.00999604,1,1,-0.000793021,-0.00978738,0.00129295,-0.000208661,0,0,0,0,0,0,0,0,0,0,0,0,0,0,0,0,0,0,0,0,0,0,0,255,0.19,7.97755,0.19,-0.083324,-0.227468,1,1,1,1,1,1,1,-0.534431,-3.14837,0.142402,-0.00224688,0.00369799,0.0220579,35.0131,3926,1,367,75.3798,982,0,0.000884653,0.0112858,0.0113537,0,0,0,1,333,0.195,3.28429e-06,-6.80458e-05,-1.32689e-05,-6.40438e-07,-1.30606e-05,2.41195e-06,-0.429296,0.12853,0.00338179,-0.0210107,-0.230856,-0.000130199,-0.000813776,-0.00413817,10.3183,2,0,0,0,0,0,-1,1,-9.04572e-07,-3.41785e-06,-0.230675,0,35.2799,1,1010,1010,1010,1010,0,0,0,0,35.2841,56,-0.00553746,-0.00399235,56,0.0076989,-0.0117853,56,-0.0069105,-0.00697791,2,0,0,0,0,0,3,0.0102955,-0.0288308,48,-0.00061921,-0.00788356,56,0.000551342,-0.010666,56,0.000620725,-0.00956396
4414572955686,4414557205000,4414557205000,4414572937223,73729,15.7322,4414582714478,25.5095,0,4780,15034,0,0,1,0,0,0.00802,331,331,331,1,2.394,2.56232,0.40893,0.22052,0.0173187,-0.00791931,3.6274e-05,-2.63508e-05,0.00165917,0.00999285,1,-0.00328563,-0.00452295,0.00452295,-0.00328563,1,1,0.00298812,-0.00349171,0.00153482,0.000206077,0,0,0,0,0,0,0,0,0,0,0,0,0,0,0,0,0,0,0,0,0,0,0,255,0.2,8.48285,0.2,-0.0437481,-0.101222,1,1,1,1,0,1,1,-0.534431,-3.14837,0.142402,-0.00224688,0.00369799,0.0220579,45.509,3926,1,367,85.8755,982,0,0.000884653,0.0112858,0.0113537,0,0,0,1,331,0.205,3.08053e-05,-2.23453e-05,-4.58078e-06,-6.31508e-06,-5.90296e-06,-5.09952e-06,-0.429302,0.128524,0.00338289,-0.0210122,-0.23089,0.000173133,0.000844916,-0.00489572,10.27,1,0,0,0,0,0,-1,1,-9.04572e-07,-3.41785e-06,-0.230675,0,45.7192,1,1010,1010,1010,1010,0,0,0,0,0.172076,56,0.0109491,-0.000630993,56,-0.00314938,-0.00889463,56,0.00843215,-0.00449915,1,0,0,0,0,0,3,-0.00854782,0.00492123,47,0.00596138,-0.00537954,56,0.00346837,-0.00166761,56,0.00238684,-0.0025766
4414583327057,4414569195000,4414569195000,4414583311613,73729,14.1166,4414593637853,24.4429,0,4780,15035,0,0,1,0,0,0.01199,333,333,333,1,2.7441,2.65847,0.480671,0.220873,0.0191345,0.0152283,2.58999e-05,3.23495e-05,0.00164408,-0.00243943,1,0.00269804,-0.00216013,0.00216013,0.00269804,1,1,0.00139237,0.00266574,0.000767755,3.22998e-05,0,0,0,0,0,0,0,0,0,0,0,0,0,0,0,0,0,0,0,0,0,0,0,255,0.2,8.71012,0.2,0.0981385,0.224617,1,1,1,1,0,1,1,-0.534718,-3.14813,0.142282,-0.00259598,0.00309944,0.0221153,1.80435,3927,1,367,96.7519,982,0,0.000884653,0.0112858,0.0113537,0,0,0,1,333,0.205,2.196e-05,2.74474e-05,5.62672e-06,-4.50181e-06,4.44643e-06,-5.66964e-06,-0.429297,0.128519,0.00339769,-0.0210447,-0.230866,0.00114239,0.000132429,-0.00160433,1.60166,2,0,0,0,0,0,-1,1,-9.04572e-07,-3.41785e-06,-0.230819,0,2.02287,1,1010,1010,1010,1010,0,0,0,0,11.0567,56,0.00574831,0.0015558,56,0.00188088,0.00854533,56,0.00358253,0.00491058,1,0,0,0,0,0,4,0.0076821,-0.0255148,48,-0.00135179,-0.000596219,56,0.00431841,0.00214983,56,0.00406444,0.00303668
4414594144265,4414577199000,4414577199000,4414594128673,73729,16.9297,4414604324598,27.1256,0,4780,15036,0,0,1,0,0,0.008004,333,333,333,1,2.44906,2.53819,0.500078,0.317966,0.0338745,0.0145569,9.93914e-05,1.49444e-05,0.0166654,-0.00549263,1,0.00186712,-0.0124177,0.0124177,0.00186712,1,1,0.0120356,0.001871,0.000382147,-3.88291e-06,0,0,0,0,0,0,0,0,0,0,0,0,0,0,0,0,0,0,0,0,0,0,0,255,0.2,-0.795896,0.2,0.00787483,0.00176994,1,1,1,1,0,1,1,-0.534718,-3.14813,0.142282,-0.00259598,0.00309944,0.0221153,12.4952,3927,1,367,107.443,982,0,0.000884653,0.0112858,0.0113537,0,0,0,1,333,0.205,8.42418e-05,1.26988e-05,2.60325e-06,-1.72696e-05,-1.41678e-06,-1.74071e-05,-0.429299,0.128501,0.00339769,-0.0210447,-0.230866,0.00156123,-1.59199e-05,-4.45952e-06,12.2883,0,0,0,0,0,0,-1,1,-9.04572e-07,-3.41785e-06,-0.230819,0,12.7054,1,1010,1010,1010,1010,0,0,0,0,21.7393,56,0.0103203,0.00801821,56,0.0210649,0.00492278,56,0.00736366,-0.00145192,1,0,0,0,0,0,3,-0.00868041,0.00654345,49,0.00996829,-0.000145227,56,0.00736805,0.0042559,56,0.0104048,0.000950886
4414604859436,4414589188000,4414589188000,4414604846769,73729,15.6588,4414617103083,27.9151,0,4780,15037,0,0,1,0,0,0.011989,336,336,336,1,2.34758,2.57611,0.476189,0.273077,0.0119019,0.00279999,1.57907e-05,-1.88208e-06,-0.00328286,0.00202628,1,-0.000156984,-0.0013171,0.0013171,-0.000156984,1,1,0.00192893,-0.000120215,-0.000611834,-3.67688e-05,0,0,0,0,0,0,0,0,0,0,0,0,0,0,0,0,0,0,0,0,0,0,0,255,0.2,-0.257835,0.2,0.00106964,-0.000491724,1,1,1,1,0,1,1,-0.534718,-3.14813,0.142282,-0.00259598,0.00309944,0.0221153,25.2706,3927,1,367,120.218,982,0,0.000884653,0.0112858,0.0113537,0,0,0,1,336,0.205,1.33781e-05,-1.58039e-06,-3.23979e-07,-2.74252e-06,-9.42538e-07,-2.59571e-06,-0.429299,0.128499,0.00338572,-0.0210599,-0.230818,0.00114478,-0.000150752,0.00292264,12.5943,1,0,0,0,0,0,-1,1,-9.04572e-07,-3.41785e-06,-0.230819,0,25.5457,1,1010,1010,1010,1010,0,0,0,0,34.5795,56,0.00502888,-0.000565099,56,0.00308315,-0.00489289,56,-0.00375343,0.00224576,1,0,0,0,0,0,3,0.0268634,0.00438428,52,-0.00271316,0.00504186,56,0.00285684,-0.00117449,56,0.000184882,0.000632547
4414617637550,4414609188000,4414609188000,4414617631458,73729,8.44346,4414628323146,19.1351,1,4781,15038,0,0,1,0,0,0.02,330,330,330,1,2.35465,2.94178,0.541598,0.250705,-0.016571,0.00788879,-4.75319e-05,3.37984e-05,-0.0066326,-0.00185021,1,0.00168992,0.0023766,-0.0023766,0.00168992,1,1,-0.000740941,0.00177879,-0.00163566,-8.88664e-05,0,0,0,0,0,0,0,0,0,0,0,0,0,0,0,0,0,0,0,0,0,0,0,255,0.21,2.38213,0.21,0.027872,0.0709781,1,1,1,1,1,1,1,-0.534718,-3.14813,0.142282,-0.00259598,0.00309944,0.0221153,36.4991,3927,1,367,131.447,982,0,0.000884653,0.0112858,0.0113537,0,0,0,1,330,0.215,-4.02722e-05,2.86321e-05,6.15591e-06,8.65852e-06,7.97109e-06,7.02152e-06,-0.429292,0.128506,0.00335709,-0.0210729,-0.230751,-0.000614716,-0.000382125,0.00513488,11.0428,1,0,0,0,0,0,-1,1,-9.04572e-07,-3.41785e-06,-0.230819,0,36.7094,1,1010,1010,1010,1010,0,0,0,0,45.7433,56,-0.00495826,0.0013022,56,-0.00346304,0.00354979,56,-0.000789006,0.00184151,1,0,0,0,0,0,3,-0.00210771,0.0237485,46,-0.00124222,0.000219044,56,-0.00315252,0.000418479,56,-0.0015055,0.00180444
4414628911133,4414617199000,4414617199000,4414628893392,73729,11.6944,4414638761888,21.5629,0,4781,15039,0,0,1,0,0,0.008011,330,330,330,1,2.5361,3.12099,0.462245,0.258928,-0.0329514,0.0267181,-5.0226e-05,5.82911e-05,-0.00487164,0.00149816,1,0.00727638,0.00626963,-0.00626963,0.00727638,1,1,-0.00454164,0.0072515,-0.00172798,2.48817e-05,0,0,0,0,0,0,0,0,0,0,0,0,0,0,0,0,0,0,0,0,0,0,0,255,0.21,3.47751,0.21,0.0948888,0.277636,1,1,1,1,0,1,1,-0.534978,-3.14792,0.142097,-0.00356314,0.00381827,0.0222498,1.15827,3928,1,367,141.871,982,0,0.000884653,0.0112858,0.0113537,0,0,0,1,330,0.215,-4.2616e-05,4.94272e-05,1.06268e-05,9.16243e-06,1.24371e-05,6.49103e-06,-0.429279,0.128512,0.00334091,-0.0210919,-0.230649,-0.000690651,0.000106991,0.00539175,0.990213,2,0,0,0,0,0,-1,1,-9.04572e-07,-3.41785e-06,-0.230576,0,1.37144,1,1010,1010,1010,1010,0,0,0,0,1.37518,56,-0.00684503,0.00364345,56,-0.00812946,0.0038445,56,-0.0114018,0.00862584,1,0,0,0,0,0,2,0,0,47,-0.0100643,0.00813454,56,-0.00686708,0.0108757,56,-0.00740623,0.00456253
4414639264726,4414629186000,4414629186000,4414639249911,73729,10.0639,4414650899627,21.7136,0,4781,15040,0,0,1,0,0,0.011987,334,333,333,1,3.26388,3.59477,0.470856,0.222724,-0.016571,0.00201416,-3.96932e-06,1.73518e-06,0.00892077,-0.00184152,1,0.000144755,0.000331135,-0.000331135,0.000144755,1,1,0.00123807,0.000122534,-0.0015692,2.22214e-05,0,0,0,0,0,0,0,0,0,0,0,0,0,0,0,0,0,0,0,0,0,0,0,255,0.2,3.68337,0.2,-0.0366932,-0.121317,1,1,1,1,0,1,1,-0.534978,-3.14792,0.142097,-0.00356314,0.00381827,0.0222498,13.3701,3928,1,367,154.082,982,0,0.000884653,0.0112858,0.0113537,0,0,0,1,333,0.205,-3.39458e-06,1.51196e-06,3.09951e-07,6.95889e-07,4.60715e-07,6.06626e-07,-0.429279,0.128513,0.00334091,-0.0210919,-0.230649,-0.000383259,9.11078e-05,0.00484037,13.0625,0,0,0,0,0,0,-1,1,-9.04572e-07,-3.41785e-06,-0.230576,0,13.6626,1,1010,1010,1010,1010,0,0,0,0,13.6663,56,-0.000760844,0.00451965,55,0.000419614,0.000109668,56,-0.000852914,-0.00290982,1,0,0,0,0,0,2,0,0,51,-0.00417033,0.00330343,56,-0.000448178,-0.000530541,56,-0.000576712,-0.00150207
4414651737004,4414637208000,4414637208000,4414651709634,73729,14.5016,4414661130941,23.9229,0,4781,15041,0,0,1,0,0,0.008022,329,329,329,1,2.80991,2.58356,0.407245,0.218428,0.00869751,-0.0274353,9.12988e-06,-5.05614e-05,-0.0052594,0.0061906,1,-0.00630284,-0.0011381,0.0011381,-0.00630284,1,1,0.00168839,-0.00622333,-0.00055029,-7.9505e-05,0,0,0,0,0,0,0,0,0,0,0,0,0,0,0,0,0,0,0,0,0,0,0,255,0.2,5.52879,0.2,-0.116982,-0.27181,1,1,1,1,0,1,1,-0.534978,-3.14792,0.142097,-0.00356314,0.00381827,0.0222498,23.6225,3928,1,367,164.335,982,0,0.000884653,0.0112858,0.0113537,0,0,0,1,329,0.205,7.75985e-06,-4.28908e-05,-8.79262e-06,-1.59077e-06,-8.92143e-06,4.6093e-07,-0.429288,0.128513,0.00334432,-0.0211144,-0.230645,0.000529818,-0.000325971,0.00222881,9.87613,1,0,0,0,0,0,-1,1,-9.04572e-07,-3.41785e-06,-0.230576,0,23.908,1,1010,1010,1010,1010,0,0,0,0,23.9118,56,0.00406509,-0.00630195,56,0.00165262,-0.00311107,56,0.00338986,-0.00577997,1,0,0,0,0,0,3,0.0109043,-0.0051376,45,0.000421686,-0.00457159,56,-0.00031427,-0.008664,56,-0.00367397,-0.00864254
4414661843317,4414649189000,4414649189000,4414661826058,73729,12.6371,4414672803231,23.6142,0,4781,15042,0,0,1,0,0,0.011981,331,330,330,1,2.59156,2.61345,0.3553,0.216428,0.0189362,-0.0594788,3.96694e-05,-0.000102503,0.00325199,-0.00347129,1,-0.00855546,-0.00331103,0.00331103,-0.00855546,1,1,0.0026422,-0.00829483,0.000668828,-0.000260634,0,0,0,0,0,0,0,0,0,0,0,0,0,0,0,0,0,0,0,0,0,0,0,255,0.2,5.92133,0.2,0.00193923,-0.00721161,1,1,1,1,0,1,1,-0.534978,-3.14792,0.142097,-0.00356314,0.00381827,0.0222498,35.2177,3928,1,367,175.93,982,0,0.000884653,0.0112858,0.0113537,0,0,0,1,330,0.205,3.36485e-05,-8.69212e-05,-1.78188e-05,-6.89793e-06,-1.89196e-05,-2.64226e-06,-0.429306,0.128511,0.00334509,-0.0211412,-0.230672,0.00104804,-0.0010686,-0.00135532,11.3439,1,0,0,0,0,0,-1,1,-9.04572e-07,-3.41785e-06,-0.230576,0,35.5248,1,1010,1010,1010,1010,0,0,0,0,35.5285,56,0.00408949,-0.0109372,55,0.0014861,-0.00617012,56,0.00188132,-0.0107508,2,0,0,0,0,0,2,0,0,47,0.00461943,-0.0091947,56,0.00335251,-0.00644194,56,0.00352883,-0.00755668
4414673594608,4414657202000,4414657202000,4414673577700,73729,16.3757,4414683603661,26.4017,0,4781,15043,0,0,1,0,0,0.008013,331,330,330,1,2.74543,2.51534,0.51056,0.251799,0.012207,-0.00115967,3.29453e-05,-1.18678e-05,0.00327301,0.00514005,1,-0.00148107,-0.00411148,0.00411148,-0.00148107,1,1,0.0025267,-0.00146392,0.00158478,-1.71432e-05,0,0,0,0,0,0,0,0,0,0,0,0,0,0,0,0,0,0,0,0,0,0,0,255,0.2,7.1599,0.2,0.00127642,0.000429616,1,1,1,1,1,1,1,-0.534978,-3.14792,0.142097,-0.00356314,0.00381827,0.0222498,46.0073,3928,1,367,186.72,982,0,0.000884653,0.0112858,0.0113537,0,0,0,1,330,0.205,2.78885e-05,-1.00614e-05,-2.06259e-06,-5.71714e-06,-3.31463e-06,-5.09404e-06,-0.42931,0.128506,0.00333862,-0.0211611,-0.23075,0.000897762,-7.02871e-05,-0.00447987,10.5444,2,0,0,0,0,0,-1,1,-9.04572e-07,-3.41785e-06,-0.230576,0,46.2766,1,1010,1010,1010,1010,0,0,0,0,0.259855,56,-0.00210062,0.00127838,55,0.00822212,-0.00141071,56,0.00290819,-0.00404848,2,0,0,0,0,0,2,0,0,47,0.000133217,0.000280733,56,0.00384396,-0.00107396,56,0.00465337,-0.00344899
4414684311241,4414669186000,4414669186000,4414684293908,73729,15.1079,4414695681325,26.4953,0,4781,15044,0,0,1,0,0,0.011984,338,338,338,1,2.78765,2.67634,0.557245,0.270799,-0.00358582,0.0242462,-1.38302e-05,2.93006e-05,0.0019311,0.00325317,1,0.00244497,0.00115405,-0.00115405,0.00244497,1,1,-0.001746,0.00239877,0.00059195,4.62063e-05,0,0,0,0,0,0,0,0,0,0,0,0,0,0,0,0,0,0,0,0,0,0,0,255,0.2,8.08757,0.2,-0.00170369,0.00325145,1,1,1,1,0,1,1,-0.535317,-3.14767,0.141977,-0.00289868,0.00419597,0.0224864,3.21412,3929,1,367,3.16514,983,0,0.000884653,0.0111005,0.0111066,0,0,0,1,338,0.205,-1.17136e-05,2.48392e-05,5.09203e-06,2.40128e-06,5.50501e-06,1.17323e-06,-0.429304,0.128507,0.00332765,-0.0211197,-0.230768,-0.00107631,0.000189446,-0.00280265,2.99916,2,0,0,0,0,0,-1,1,-9.04572e-07,-3.41785e-06,-0.230699,0,3.42575,1,1010,1010,1010,1010,0,0,0,0,12.2766,56,0.00240593,0.00198181,56,-0.0025722,0.00397569,56,0.000385116,0.00366987,2,0,0,0,0,0,2,0,0,54,0.00149444,0.00478328,56,-0.00067717,0.00270655,56,-0.00118449,0.00319212
4414696184070,4414677202000,4414677202000,4414696168699,73729,18.9667,4414705691211,28.4892,0,4781,15045,0,0,1,0,0,0.008016,333,333,333,1,2.42539,2.80838,0.534986,0.246206,-0.0140686,0.00723267,-1.9207e-05,3.79343e-06,-0.00480451,0.000134496,1,0.000473233,0.00239608,-0.00239608,0.000473233,1,1,-0.00263131,0.000365028,0.000235232,0.000108205,0,0,0,0,0,0,0,0,0,0,0,0,0,0,0,0,0,0,0,0,0,0,0,255,0.2,-0.364614,0.2,-0.00241365,0.000387006,1,1,1,1,0,1,1,-0.535317,-3.14767,0.141977,-0.00289868,0.00419597,0.0224864,13.2306,3929,1,367,13.1816,983,0,0.000884653,0.0111005,0.0111066,0,0,0,1,333,0.205,-1.62936e-05,3.19389e-06,6.54747e-07,3.34018e-06,1.401e-06,3.10195e-06,-0.429303,0.12851,0.00332765,-0.0211197,-0.230768,-0.00123688,0.000443639,-0.00176106,13.005,0,0,0,0,0,0,-1,1,-9.04572e-07,-3.41785e-06,-0.230699,0,13.4492,1,1010,1010,1010,1010,0,0,0,0,22.3001,56,-0.0076026,0.000894634,56,-0.0045073,0.00991748,56,-0.000932041,0.00360962,2,0,0,0,0,0,2,0,0,49,-0.00411102,-0.000155824,56,-0.00466213,0.00189361,56,-0.00565668,-0.000489038
4414706205975,4414697223000,4414697223000,4414706199123,73729,8.97612,4414717312852,20.0899,1,4782,15046,0,0,1,0,0,0.020021,340,340,340,1,2.46524,2.83262,0.535338,0.337726,-0.0290451,0.0273056,-3.00095e-05,4.88053e-05,0.00724805,-0.00378405,1,0.0024377,0.0014989,-0.0014989,0.0024377,1,1,-0.00131656,0.0023491,-0.000182337,8.86066e-05,0,0,0,0,0,0,0,0,0,0,0,0,0,0,0,0,0,0,0,0,0,0,0,255,0.2,-0.50919,0.2,-0.00106569,0.00161216,1,1,1,1,0,1,1,-0.535317,-3.14767,0.141977,-0.00289868,0.00419597,0.0224864,24.8525,3929,1,367,24.8038,983,0,0.000884653,0.0111005,0.0111066,0,0,0,1,340,0.205,-2.54966e-05,4.14157e-05,8.49022e-06,5.2268e-06,9.4584e-06,3.14697e-06,-0.429293,0.128513,0.003341,-0.0210939,-0.23075,-0.000486002,0.000363287,0.000209265,11.3511,1,0,0,0,0,0,-1,1,-9.04572e-07,-3.41785e-06,-0.230699,0,25.0752,1,1010,1010,1010,1010,0,0,0,0,33.9261,56,-0.0019965,0.00333937,56,0.00336226,0.00372291,56,-0.0027487,0.00152731,2,0,0,0,0,0,3,0.00654257,0.00616529,55,-0.00259917,0.00255863,56,-0.00139925,0.00329156,56,-9.00824e-05,0.00319128
4414717841079,4414709179000,4414709179000,4414717826357,73729,8.64736,4414728383877,19.2049,0,4782,15047,0,0,1,0,0,0.011956,328,328,328,1,2.49378,2.79934,0.430467,0.249725,0.0149307,0.00947571,2.47125e-05,2.94466e-05,-0.00137185,-0.000348242,1,0.00246292,-0.00206695,0.00206695,0.00246292,1,1,0.00268022,0.00244357,-0.000613267,1.9347e-05,0,0,0,0,0,0,0,0,0,0,0,0,0,0,0,0,0,0,0,0,0,0,0,255,0.21,0.984138,0.21,0.0348282,0.073769,1,1,1,1,0,1,1,-0.535317,-3.14767,0.141977,-0.00289868,0.00419597,0.0224864,35.9295,3929,1,367,35.8805,983,0,0.000884653,0.0111005,0.0111066,0,0,0,1,328,0.215,2.09558e-05,2.49637e-05,5.3672e-06,-4.50549e-06,4.19394e-06,-5.61316e-06,-0.429289,0.128507,0.00335895,-0.0210634,-0.230701,0.000476987,8.31919e-05,0.00249123,10.8854,1,0,0,0,0,0,-1,1,-9.04572e-07,-3.41785e-06,-0.230699,0,36.1407,1,1010,1010,1010,1010,0,0,0,0,44.9915,56,0.00195653,0.00074762,56,0.00458011,0.00492799,56,0.00401452,0.00185144,1,0,0,0,0,0,1,0,0,46,2.68256e-05,0.00575577,56,0.00161876,0.000768594,56,0.00396696,-0.000639446
4414728937382,4414717214000,4414717214000,4414728921771,73729,11.7078,4414738790823,21.5768,0,4782,15048,0,0,1,0,0,0.008035,333,333,333,1,2.61747,3.02701,0.526634,0.26778,0.00958252,-0.0103149,2.93373e-05,-2.69835e-05,0.000435227,-0.00441932,1,-0.00335824,-0.00365118,0.00365118,-0.00335824,1,1,0.00463965,-0.0033131,-0.000988465,-4.5144e-05,0,0,0,0,0,0,0,0,0,0,0,0,0,0,0,0,0,0,0,0,0,0,0,255,0.21,1.89466,0.21,0.136443,0.342453,1,1,1,1,1,1,1,-0.535968,-3.14722,0.141894,-0.00513183,0.0046192,0.0220774,1.12551,3930,1,367,46.2712,983,0,0.000884653,0.0111005,0.0111066,0,0,0,1,333,0.215,2.49373e-05,-2.28663e-05,-4.91625e-06,-5.36151e-06,-6.01008e-06,-4.09628e-06,-0.429295,0.128503,0.00341019,-0.0210028,-0.230592,0.00150657,-0.000194119,0.00460558,0.956583,2,0,0,0,0,0,-1,1,-9.04572e-07,-3.41785e-06,-0.230516,0,1.34316,1,1010,1010,1010,1010,0,0,0,0,1.34701,56,0.00719053,-0.000128575,56,-0.0114094,-0.00780477,56,0.00459789,-0.00306853,2,0,0,0,0,0,3,0.0115673,-0.0306431,48,-0.00116633,-0.00210494,56,0.00399259,0.00272645,56,0.00349719,-0.00138429
4414739346198,4414729180000,4414729180000,4414739328735,73729,10.1487,4414749844718,20.6647,0,4782,15049,0,0,1,0,0,0.011966,327,327,327,1,2.70176,3.25309,0.42443,0.219502,0.0127563,-0.00726318,1.36366e-05,-1.2185e-05,-0.00624692,0.00529691,1,-0.0010183,-0.00113961,0.00113961,-0.0010183,1,1,0.00223823,-0.000996477,-0.00109862,-2.18241e-05,0,0,0,0,0,0,0,0,0,0,0,0,0,0,0,0,0,0,0,0,0,0,0,255,0.2,2.16317,0.2,-0.0284871,-0.0568413,1,1,1,1,0,1,1,-0.535968,-3.14722,0.141894,-0.00513183,0.0046192,0.0220774,12.2071,3930,1,367,57.3528,983,0,0.000884653,0.0111005,0.0111066,0,0,0,1,327,0.205,1.15503e-05,-1.03522e-05,-2.1222e-06,-2.36782e-06,-2.60658e-06,-1.82024e-06,-0.429298,0.128502,0.00341019,-0.0210028,-0.230592,0.00163447,-8.94787e-05,0.00491105,12.0111,0,0,0,0,0,0,-1,1,-9.04572e-07,-3.41785e-06,-0.230516,0,12.4224,1,1010,1010,1010,1010,0,0,0,0,12.4263,56,-0.000766088,-0.00108252,56,0.00514969,-0.00296637,56,-0.000767795,-0.000853416,2,0,0,0,0,0,3,-0.00379134,0.00375821,42,0.00321604,-0.00400668,56,0.00138668,-0.00262129,56,0.00152236,0.00020049
4414750370593,4414737210000,4414737210000,4414750356167,73729,13.1462,4414759522009,22.312,0,4782,15050,0,0,1,0,0,0.00803,331,331,331,1,2.71638,2.50169,0.511023,0.307447,0.0227661,-0.0198212,4.66271e-05,-2.07184e-05,-0.00133257,-0.00316406,1,-0.00258013,-0.00580661,0.00580661,-0.00258013,1,1,0.00663419,-0.00260202,-0.000827573,2.18852e-05,0,0,0,0,0,0,0,0,0,0,0,0,0,0,0,0,0,0,0,0,0,0,0,255,0.19,2.99819,0.19,-0.142989,-0.34011,1,1,1,1,0,1,1,-0.535968,-3.14722,0.141894,-0.00513183,0.0046192,0.0220774,21.892,3930,1,367,67.0377,983,0,0.000884653,0.0111005,0.0111066,0,0,0,1,331,0.195,3.95528e-05,-1.75826e-05,-3.42861e-06,-7.7128e-06,-5.09912e-06,-6.72547e-06,-0.429303,0.128495,0.00343574,-0.0209764,-0.230556,0.00171334,8.53521e-05,0.0039527,9.47023,1,0,0,0,0,0,-1,1,-9.04572e-07,-3.41785e-06,-0.230516,0,22.1252,1,1010,1010,1010,1010,0,0,0,0,22.1291,56,0.0063066,-0.00659624,56,0.011164,0.000492144,56,0.00512779,-0.00461341,1,0,0,0,0,0,2,0,0,48,0.00120323,0.00142702,56,0.00696635,-0.00672142,56,0.00380982,-0.0044205
4414760108458,4414749177000,4414749177000,4414760093329,73729,10.9163,4414770737165,21.5602,0,4782,15051,0,0,1,0,0,0.011967,332,332,332,1,2.68528,2.56056,0.455226,0.222095,-0.000915527,0.00397491,-3.22881e-05,4.11979e-06,-0.00606664,0.00355654,1,0.000344263,0.0026981,-0.0026981,0.000344263,1,1,-0.00229377,0.000237861,-0.00040433,0.000106402,0,0,0,0,0,0,0,0,0,0,0,0,0,0,0,0,0,0,0,0,0,0,0,255,0.2,2.58534,0.2,-0.107174,-0.243638,1,1,1,1,0,1,1,-0.535968,-3.14722,0.141894,-0.00513183,0.0046192,0.0220774,33.1061,3930,1,367,78.2518,983,0,0.000884653,0.0111005,0.0111066,0,0,0,1,332,0.205,-2.73675e-05,3.48438e-06,7.14298e-07,5.61034e-06,1.97681e-06,5.29879e-06,-0.429301,0.1285,0.00345246,-0.0209421,-0.230538,0.00133897,0.000436248,0.00239738,10.998,1,0,0,0,0,0,-1,1,-9.04572e-07,-3.41785e-06,-0.230516,0,33.3241,1,1010,1010,1010,1010,0,0,0,0,33.3279,56,-0.00286462,-0.00219216,56,-0.00646856,-0.00293063,56,-0.00269343,0.00318355,2,0,0,0,0,0,3,0.00553172,0.0110615,47,0.0022516,-0.00207088,56,-0.00131346,0.0029493,56,-0.00131391,0.00172777
4414771320115,4414757220000,4414757220000,4414771304874,73729,14.0849,4414780587568,23.3676,0,4782,15052,0,0,1,0,0,0.008043,330,330,330,1,2.55987,2.5505,0.511208,0.220224,-0.00590515,0.0203247,-6.78459e-06,2.48812e-05,0.00256075,-0.0019811,1,0.00309352,0.000843539,-0.000843539,0.00309352,1,1,-0.00082468,0.00280496,-1.88593e-05,0.000288554,0,0,0,0,0,0,0,0,0,0,0,0,0,0,0,0,0,0,0,0,0,0,0,255,0.2,3.61496,0.2,0.162197,0.36953,1,1,1,1,0,1,1,-0.535968,-3.14722,0.141894,-0.00513183,0.0046192,0.0220774,42.9471,3930,1,367,88.093,983,0,0.000884653,0.0111005,0.0111066,0,0,0,1,330,0.205,-5.77252e-06,2.10947e-05,4.32442e-06,1.18337e-06,4.47941e-06,1.64134e-07,-0.429296,0.1285,0.00345638,-0.0209106,-0.230542,0.000536973,0.00118307,0.000491437,9.62777,1,0,0,0,0,0,-1,1,-9.04572e-07,-3.41785e-06,-0.230516,0,43.2118,1,1010,1010,1010,1010,0,0,0,0,43.2157,56,-0.00416705,0.00759582,56,-0.00898806,0.00277929,56,-0.00107691,0.00682805,2,0,0,0,0,0,2,0,0,46,-0.00259443,0.00736101,56,0.000429683,0.00129204,56,0.00240946,0.00450938
4414781158518,4414765219000,4414765219000,4414781145944,73729,15.9269,4414793396979,28.178,0,4782,15053,0,0,1,0,0,0.007999,329,329,329,1,2.76793,2.98495,0.477912,0.243095,-0.0215759,0.00535583,-5.12807e-05,9.49854e-06,0.0020692,-0.00379372,1,0.00118747,0.00641089,-0.00641089,0.00118747,1,1,-0.00717112,0.00110649,0.000760226,8.09736e-05,0,0,0,0,0,0,0,0,0,0,0,0,0,0,0,0,0,0,0,0,0,0,0,255,0.2,3.31634,0.2,-0.00027244,0.0160078,1,1,1,1,1,1,1,-0.536583,-3.14678,0.141788,-0.00628591,0.00607043,0.0219718,1.83944,3931,1,367,100.88,983,0,0.000884653,0.0111005,0.0111066,0,0,0,1,329,0.205,-4.34873e-05,8.05906e-06,1.65211e-06,8.9149e-06,3.64504e-06,8.30147e-06,-0.429293,0.128509,0.00346658,-0.0208843,-0.230606,-0.000381416,0.000331992,-0.00279868,1.57292,2,0,0,0,0,0,-1,1,-9.04572e-07,-3.41785e-06,-0.230529,0,2.05056,1,1010,1010,1010,1010,0,0,0,0,2.05535,56,-0.00376493,-0.00230309,56,-0.00870868,0.00673942,56,3.73209e-05,0.00186081,1,0,0,0,0,0,2,0,0,46,-0.00686491,-0.00113341,56,-0.00690462,0.00412841,56,-0.0049404,0.000678037
4414793927780,4414785204000,4414785204000,4414793919577,73729,8.71558,4414804819971,19.616,1,4783,15054,0,0,1,0,0,0.019985,334,334,334,1,2.45069,2.5048,0.466337,0.22178,-0.0235062,-0.0266647,-3.74608e-05,-6.04894e-05,0.00454966,0.00112218,1,-0.00302674,0.00187444,-0.00187444,-0.00302674,1,1,-0.00304912,-0.00287686,0.00117467,-0.000149879,0,0,0,0,0,0,0,0,0,0,0,0,0,0,0,0,0,0,0,0,0,0,0,255,0.2,5.9029,0.2,-0.00162187,-0.0032993,1,1,1,1,0,1,1,-0.536583,-3.14678,0.141788,-0.00628591,0.00607043,0.0219718,13.2682,3931,1,367,112.309,983,0,0.000884653,0.0111005,0.0111066,0,0,0,1,334,0.205,-3.17813e-05,-5.13003e-05,-1.05166e-05,6.51516e-06,-8.74706e-06,8.74618e-06,-0.429302,0.128517,0.00347725,-0.0208752,-0.230628,6.95639e-05,-0.000614502,-0.00379728,11.2219,1,0,0,0,0,0,-1,1,-9.04572e-07,-3.41785e-06,-0.230529,0,13.4854,1,1010,1010,1010,1010,0,0,0,0,13.4902,56,0.000785623,-0.00322503,56,0.000841433,-0.00147218,56,-0.00175765,-0.00309916,2,0,0,0,0,0,3,-0.00731193,0.00155456,49,-0.000837379,-0.0018076,56,-0.00267226,-0.00279194,56,-0.00227141,-0.00444718
4414805387198,4414797218000,4414797218000,4414805372902,73729,8.1549,4414816088035,18.87,0,4783,15055,0,0,1,0,0,0.012014,331,331,331,1,2.42369,2.67597,0.56582,0.26252,0.0165405,-0.0447388,3.65234e-05,-8.32406e-05,0.00166427,0.000972224,1,-0.00692863,-0.00304007,0.00304007,-0.00692863,1,1,0.00200104,-0.00674754,0.00103904,-0.000181088,0,0,0,0,0,0,0,0,0,0,0,0,0,0,0,0,0,0,0,0,0,0,0,255,0.2,6.74304,0.2,0.00290325,-0.00583601,1,1,1,1,0,1,1,-0.536583,-3.14678,0.141788,-0.00628591,0.00607043,0.0219718,24.5376,3931,1,367,123.578,983,0,0.000884653,0.0111005,0.0111066,0,0,0,1,331,0.205,3.0939e-05,-7.06198e-05,-1.4477e-05,-6.3425e-06,-1.55401e-05,-2.86595e-06,-0.429317,0.128514,0.0035174,-0.0208481,-0.230635,0.00126879,-0.000742459,-0.002393,11.0696,1,0,0,0,0,0,-1,1,-9.04572e-07,-3.41785e-06,-0.230529,0,24.7499,1,1010,1010,1010,1010,0,0,0,0,24.7547,56,-0.00409984,-0.00472519,56,0.0114797,-0.00685293,56,0.00388058,-0.0106779,1,0,0,0,0,0,1,0,0,49,0.00321136,-0.00727816,56,0.00455842,-0.00876353,56,-0.000954565,-0.00525837
4414816601577,4414805215000,4414805215000,4414816589336,73729,11.3743,4414826014513,20.7995,0,4783,15056,0,0,1,0,0,0.007997,335,335,335,1,2.36904,2.79936,0.560227,0.223409,0.00216675,-0.0185852,1.88638e-06,-3.24723e-05,-0.00107897,-0.00475511,1,-0.00406056,-0.000235886,0.000235886,-0.00406056,1,1,-4.40855e-05,-0.00390625,0.000279971,-0.000154306,0,0,0,0,0,0,0,0,0,0,0,0,0,0,0,0,0,0,0,0,0,0,0,255,0.2,8.27846,0.2,-0.000431631,-0.00316548,1,1,1,1,0,1,1,-0.536583,-3.14678,0.141788,-0.00628591,0.00607043,0.0219718,34.4649,3931,1,367,133.505,983,0,0.000884653,0.0111005,0.0111066,0,0,0,1,335,0.205,1.6101e-06,-2.75001e-05,-5.63752e-06,-3.3007e-07,-5.56252e-06,9.66944e-07,-0.429323,0.128515,0.00353478,-0.0208164,-0.230607,0.00132119,-0.000632655,0.000138646,9.73683,1,0,0,0,0,0,-1,1,-9.04572e-07,-3.41785e-06,-0.230529,0,34.6878,1,1010,1010,1010,1010,0,0,0,0,34.6926,56,0.0038519,-0.00232681,56,0.00408749,-0.00125212,56,-0.00135582,-0.00405653,2,0,0,0,0,0,3,0.0274659,-0.0218719,50,-0.00796039,-0.0064493,56,-0.000887369,-0.00243511,56,0.0109948,-0.00476569
4414826526443,4414817193000,4414817193000,4414826512054,73729,9.31905,4414836967463,19.7745,0,4783,15057,0,0,1,0,0,0.011978,329,329,329,1,2.4855,2.77336,0.583394,0.260169,-0.00268555,0.00512695,-6.72496e-06,6.0425e-06,-0.0049729,0.00155797,1,0.000504466,0.000561442,-0.000561442,0.000504466,1,1,-0.0001375,0.000345557,-0.000423943,0.00015891,0,0,0,0,0,0,0,0,0,0,0,0,0,0,0,0,0,0,0,0,0,0,0,255,0.2,8.06315,0.2,-0.00113868,0.00117884,1,1,1,1,0,1,1,-0.536583,-3.14678,0.141788,-0.00628591,0.00607043,0.0219718,45.4144,3931,1,367,144.455,983,0,0.000884653,0.0111005,0.0111066,0,0,0,1,329,0.205,-5.66267e-06,5.11154e-06,1.04787e-06,1.16085e-06,1.28512e-06,8.90718e-07,-0.429321,0.128516,0.00355421,-0.0207653,-0.230571,0.000812717,0.00065153,0.00204071,10.7631,1,0,0,0,0,0,-1,1,-9.04572e-07,-3.41785e-06,-0.230451,0,0.302281,1,1010,1010,1010,1010,0,0,0,0,0.305706,56,-0.000442329,-0.000817626,56,-0.000854883,0.00148284,56,-0.000892857,0.00177903,1,0,0,0,0,0,2,0,0,46,-2.16562e-06,-9.77816e-05,56,-0.00191909,0.00296477,56,-0.00246834,-0.000759796
4414837621487,4414825213000,4414825213000,4414837607561,73729,12.3946,4414847090776,21.8778,0,4783,15058,0,0,1,0,0,0.00802,333,333,333,1,2.44724,2.95636,0.473986,0.284095,0.00497437,0.0318604,-2.4532e-05,5.86405e-05,-0.00897036,0.00771048,1,0.00731179,0.00305886,-0.00305886,0.00731179,1,1,-0.00208049,0.0069251,-0.000978364,0.000386685,0,0,0,0,0,0,0,0,0,0,0,0,0,0,0,0,0,0,0,0,0,0,0,255,0.2,8.97234,0.2,-0.0017117,0.00690139,1,1,1,1,1,1,1,-0.537514,-3.14609,0.141658,-0.00690054,0.00715212,0.0219996,10.1149,3932,1,367,154.583,983,0,0.000884653,0.0111005,0.0111066,0,0,0,1,333,0.205,-2.07883e-05,4.96767e-05,1.01837e-05,4.26161e-06,1.08856e-05,1.82251e-06,-0.429311,0.128518,0.00355593,-0.020718,-0.230529,-3.08963e-05,0.00158541,0.00318432,9.94085,1,0,0,0,0,0,-1,1,-9.04572e-07,-3.41785e-06,-0.230451,0,10.3415,1,1010,1010,1010,1010,0,0,0,0,10.3449,56,-0.00852857,0.00725292,56,-0.0162339,-0.000605718,56,0.0029,0.0140827,1,0,0,0,0,0,3,-0.020887,0.0144466,49,0.00502204,0.00289229,56,0.00302508,0.00353707,56,-0.00163533,0.00776944
4414847656522,4414837205000,4414837205000,4414847641244,73729,10.4362,4414858505249,21.3002,0,4783,15059,0,0,1,0,0,0.011992,331,331,331,1,2.48878,2.92155,0.4203,0.216169,-0.0163879,0.0447388,-1.00655e-05,6.73971e-05,0.00123586,0.00314005,1,0.00562017,0.000839354,-0.000839354,0.00562017,1,1,0.000462222,0.00508519,-0.00130158,0.000534979,0,0,0,0,0,0,0,0,0,0,0,0,0,0,0,0,0,0,0,0,0,0,0,255,0.21,8.87269,0.21,0.108493,0.259174,1,1,1,1,0,1,1,-0.537514,-3.14609,0.141658,-0.00690054,0.00715212,0.0219996,21.5343,3932,1,367,166.002,983,0,0.000884653,0.0111005,0.0111066,0,0,0,1,331,0.215,-8.54182e-06,5.72008e-05,1.22982e-05,1.83649e-06,1.23898e-05,-1.02085e-06,-0.429298,0.128517,0.00356537,-0.0206685,-0.230475,-0.00022283,0.00230041,0.00429916,11.2262,1,0,0,0,0,0,-1,1,-9.04572e-07,-3.41785e-06,-0.230451,0,21.7481,1,1010,1010,1010,1010,0,0,0,0,21.7515,56,0.00186577,0.00901263,56,0.000820411,-0.000273495,56,-0.00457584,0.00604655,2,0,0,0,0,0,2,0,0,47,-0.00592878,0.0116814,56,-0.00268063,0.010159,56,-0.00187371,0.00296058
4414859016439,4414845218000,4414845218000,4414859001753,73729,13.7838,4414868218169,23.0002,0,4783,15060,0,0,1,0,0,0.008013,327,327,327,1,2.65382,2.71632,0.443671,0.21491,0.0039978,0.0364838,-2.08914e-05,6.71536e-05,-0.0102325,-0.000254111,1,0.00838058,0.00260719,-0.00260719,0.00838058,1,1,-0.00156074,0.00798171,-0.00104644,0.000398868,0,0,0,0,0,0,0,0,0,0,0,0,0,0,0,0,0,0,0,0,0,0,0,255,0.2,-0.092056,0.2,0.0291014,0.0737982,1,1,1,1,0,1,1,-0.537514,-3.14609,0.141658,-0.00690054,0.00715212,0.0219996,31.2601,3932,1,367,175.728,983,0,0.000884653,0.0111005,0.0111066,0,0,0,1,327,0.205,-1.76742e-05,5.69222e-05,1.16691e-05,3.6232e-06,1.21855e-05,8.62612e-07,-0.429286,0.128518,0.00357253,-0.0206484,-0.230452,4.37688e-05,0.00163536,0.00346735,9.51634,1,0,0,0,0,0,-1,1,-9.04572e-07,-3.41785e-06,-0.230451,0,31.4842,1,1010,1010,1010,1010,0,0,0,0,31.4876,56,0.00105444,0.00845054,56,-0.00249968,0.00710652,56,1.1532e-05,0.0117865,1,0,0,0,0,0,2,0,0,44,0.001897,0.00177704,56,0.00112311,0.0105361,56,-0.00300188,0.0100263
4414868801026,4414857190000,4414857190000,4414868786637,73729,11.5966,4414879638920,22.4489,0,4783,15061,0,0,1,0,0,0.011972,334,334,334,1,2.51545,2.77991,0.433448,0.224039,0.00305939,0.0208588,3.8615e-05,5.39217e-05,0.00814647,-0.00478711,1,0.00450399,-0.00322544,0.00322544,0.00450399,1,1,0.00353807,0.0041547,-0.000312627,0.000349282,0,0,0,0,0,0,0,0,0,0,0,0,0,0,0,0,0,0,0,0,0,0,0,255,0.2,-0.48332,0.2,-0.0929647,-0.23727,1,1,1,1,0,1,1,-0.537514,-3.14609,0.141658,-0.00690054,0.00715212,0.0219996,42.6797,3932,1,367,187.148,983,0,0.000884653,0.0111005,0.0111066,0,0,0,1,334,0.205,3.27101e-05,4.57335e-05,9.37537e-06,-6.70557e-06,7.59442e-06,-8.66939e-06,-0.429278,0.128509,0.00358812,-0.0206211,-0.230449,0.000350577,0.00143206,0.00130588,11.2052,1,0,0,0,0,0,-1,1,-9.04572e-07,-3.41785e-06,-0.230451,0,42.8971,1,1010,1010,1010,1010,0,0,0,0,42.9005,56,0.00109519,0.00749453,56,0.00311407,0.00506539,56,0.0016084,0.00201086,2,0,0,0,0,0,2,0,0,50,0.000869633,0.00621449,56,0.000421485,0.00126132,56,0.00245237,0.00243176
4414880184684,4414865218000,4414865218000,4414880170369,73729,14.9524,4414890243163,25.0252,0,4783,15062,0,0,1,0,0,0.008028,330,330,330,1,2.64389,2.95145,0.47706,0.261428,0.0165329,-0.0112152,2.79124e-06,-2.87326e-05,-0.00704599,0.0102205,1,-0.00357905,-0.000347688,0.000347688,-0.00357905,1,1,-0.000353908,-0.003655,0.000701597,7.59516e-05,0,0,0,0,0,0,0,0,0,0,0,0,0,0,0,0,0,0,0,0,0,0,0,255,0.2,0.740414,0.2,-0.0355413,-0.0833705,1,1,1,1,0,1,1,-0.53839,-3.14546,0.141664,-0.00981373,0.00843542,0.0217186,2.5608,3933,1,367,197.726,983,0,0.000884653,0.0111005,0.0111066,0,0,0,1,330,0.205,2.36553e-06,-2.43985e-05,-5.00168e-06,-4.84934e-07,-4.97913e-06,6.70258e-07,-0.429283,0.12851,0.00361623,-0.0206103,-0.230482,0.00098477,0.000311402,-0.00151342,2.38426,2,0,0,0,0,0,-1,1,-9.04572e-07,-3.41785e-06,-0.230402,0,2.77219,1,1010,1010,1010,1010,0,0,0,0,2.7768,56,-0.00361669,-0.0105127,56,-0.00315111,-0.00126374,56,0.00532112,0.00100705,1,0,0,0,0,0,2,0,0,47,0.00548232,-0.00426179,56,0.00352286,-0.00318913,56,-0.00144376,-0.00565437
4414890735279,4414877194000,4414877194000,4414890720019,73729,13.526,4414901547135,24.3531,0,4783,15063,0,0,1,0,0,0.011976,330,330,330,1,2.68384,2.53141,0.582876,0.219076,0.0159683,-0.0357208,3.62982e-05,-5.40363e-05,0.00345953,-0.00464608,1,-0.00451205,-0.00303091,0.00303091,-0.00451205,1,1,0.00208922,-0.00448504,0.000941695,-2.70044e-05,0,0,0,0,0,0,0,0,0,0,0,0,0,0,0,0,0,0,0,0,0,0,0,255,0.19,1.1376,0.19,0.0015707,-0.00539073,1,1,1,1,1,1,1,-0.53839,-3.14546,0.141664,-0.00981373,0.00843542,0.0217186,13.8939,3933,1,367,11.3113,984,0,0.000884653,0.01117,0.0119138,0,0,0,1,330,0.195,3.0814e-05,-4.57911e-05,-8.92926e-06,-6.00874e-06,-1.00635e-05,-3.81048e-06,-0.429293,0.128506,0.00361623,-0.0206103,-0.230482,0.00104914,-0.000105317,-0.00209878,13.6939,0,0,0,0,0,0,-1,1,-9.04572e-07,-3.41785e-06,-0.230402,0,14.1534,1,1010,1010,1010,1010,0,0,0,0,14.158,56,0.00338114,0.000270713,56,-0.00041701,-0.00444797,56,0.0020798,-0.0098954,1,0,0,0,0,0,2,0,0,47,0.00130265,-0.00718844,56,0.00513754,-0.00594782,56,0.00425408,-0.0015527
4414902240104,4414885210000,4414885210000,4414902221271,73729,17.0113,4414911435576,26.2256,0,4783,15064,0,0,1,0,0,0.008016,331,331,331,1,2.57449,2.51276,0.475023,0.218057,0.00479126,-0.0339966,-1.30331e-05,-5.40088e-05,-0.00727,0.000153395,1,-0.00673762,0.00162588,-0.00162588,-0.00673762,1,1,-0.00254638,-0.00638691,0.000920492,-0.000350713,0,0,0,0,0,0,0,0,0,0,0,0,0,0,0,0,0,0,0,0,0,0,0,255,0.2,2.46773,0.2,-0.113161,-0.27035,1,1,1,1,0,1,1,-0.53839,-3.14546,0.141664,-0.00981373,0.00843542,0.0217186,23.7619,3933,1,367,21.1793,984,0,0.000884653,0.01117,0.0119138,0,0,0,1,331,0.205,-1.10331e-05,-4.58295e-05,-9.39504e-06,2.26179e-06,-8.62807e-06,4.34793e-06,-0.429302,0.128511,0.00361557,-0.0206315,-0.230495,0.000905085,-0.00143793,-0.00229515,9.62009,1,0,0,0,0,0,-1,1,-9.04572e-07,-3.41785e-06,-0.230402,0,24.0238,1,1010,1010,1010,1010,0,0,0,0,24.0284,56,-0.00128392,-0.0134316,56,-0.00216577,0.00223825,56,-0.000720414,-0.00674852,2,0,0,0,0,0,3,0.00565563,0.000446163,46,0.0024343,-0.00951222,56,0.000882776,-0.00830147,56,-0.000343782,-0.00788794
4414912077100,4414897198000,4414897198000,4414911995284,73729,14.7973,4414922900216,25.7022,0,4783,15065,0,0,1,0,0,0.011988,330,330,330,1,2.48473,2.56997,0.430096,0.217373,-0.00836945,-0.0357742,1.16552e-05,-7.2579e-05,0.0061611,0.00170076,1,-0.00605431,-0.000972239,0.000972239,-0.00605431,1,1,0.000365046,-0.0057414,0.000607193,-0.000312907,0,0,0,0,0,0,0,0,0,0,0,0,0,0,0,0,0,0,0,0,0,0,0,255,0.2,2.14013,0.2,0.0400997,0.0935442,1,1,1,1,0,1,1,-0.53839,-3.14546,0.141664,-0.00981373,0.00843542,0.0217186,35.2268,3933,1,367,32.6442,984,0,0.000884653,0.01117,0.0119138,0,0,0,1,330,0.205,9.86216e-06,-6.15211e-05,-1.26118e-05,-2.02174e-06,-1.27374e-05,9.12488e-07,-0.429315,0.128511,0.00362254,-0.0206278,-0.230503,0.000214301,-0.00128292,-0.00182015,11.2731,1,0,0,0,0,0,-1,1,-9.04572e-07,-3.41785e-06,-0.230402,0,35.4838,1,1010,1010,1010,1010,0,0,0,0,35.4884,56,0.00525876,-0.00254974,56,0.00351392,-0.0111812,56,-0.00300526,-0.0049223,2,0,0,0,0,0,2,0,0,46,-0.00128667,-0.00667182,56,-0.0014609,-0.00415388,56,0.00191957,-0.00824242
4414923491351,4414905229000,4414905229000,4414923476350,73729,18.2474,4414932623136,27.3941,0,4783,15066,0,0,1,0,0,0.008031,335,335,335,1,2.44315,2.56547,0.482578,0.217206,-0.0220642,0.00906372,-5.4671e-05,1.65667e-05,-0.0074359,-0.00320994,1,0.00206284,0.00680749,-0.00680749,0.00206284,1,1,-0.00668175,0.00194518,-0.00012574,0.000117667,0,0,0,0,0,0,0,0,0,0,0,0,0,0,0,0,0,0,0,0,0,0,0,255,0.19,3.40516,0.19,0.0326056,0.127169,1,1,1,1,0,1,1,-0.53839,-3.14546,0.141664,-0.00981373,0.00843542,0.0217186,44.9501,3933,1,367,42.3681,984,0,0.000884653,0.01117,0.0119138,0,0,0,1,335,0.195,-4.63358e-05,1.4046e-05,2.73898e-06,9.03548e-06,4.72946e-06,8.17106e-06,-0.42931,0.12852,0.00359906,-0.0205706,-0.230484,-0.00124538,0.000458902,-0.000603997,9.49768,2,0,0,0,0,0,-1,1,-9.04572e-07,-3.41785e-06,-0.230402,0,45.2922,1,1010,1010,1010,1010,0,0,0,0,45.2968,56,-0.00257228,0.00301295,56,-0.0184808,0.00355985,56,-0.000742057,0.00200856,1,0,0,0,0,0,2,0,0,52,-0.00745405,-0.000169859,56,-0.00383095,0.00548343,56,-0.0107691,0.00381804
4414933378717,4414925229000,4414925229000,4414933371606,73729,8.14261,4414943290288,18.0613,1,4784,15067,0,0,1,0,0,0.02,337,337,334,0.991098,2.69623,2.8344,0.549634,0.235502,-0.0519409,0.0579376,-5.23624e-05,0.000101104,0.00654657,-0.00147494,1,0.00505521,0.00261812,-0.00261812,0.00505521,1,1,-0.00230656,0.00475388,-0.000311559,0.000301328,0,0,0,0,0,0,0,0,0,0,0,0,0,0,0,0,0,0,0,0,0,0,0,255,0.2,3.1129,0.2,-0.0357951,-0.0862431,1,1,1,0,0,1,1,-0.539462,-3.14465,0.141479,-0.0100415,0.00941206,0.021771,1.25934,3934,1,367,53.0263,984,0,0.000884653,0.01117,0.0119138,0,0,0,1,334,0.205,-4.45377e-05,8.57278e-05,1.75742e-05,9.13024e-06,1.91908e-05,4.87581e-06,-0.429291,0.128524,0.00364075,-0.0205132,-0.230439,0.000373509,0.00123545,0.00132072,1.04029,2,0,0,0,0,0,-1,1,-9.04572e-07,-3.41785e-06,-0.230383,0,1.4914,1,1010,1010,1010,1010,0,0,0,0,1.49625,56,-0.00814412,0.00495668,56,0.00408956,0.00685921,56,-0.00714603,0.00479023,2,0,0,0,0,0,3,-0.0105498,0.0058651,49,-0.00206008,0.00847389,56,-0.00488351,0.00460894,56,-0.00143893,0.0046133
4414945297620,4414937201000,4414937201000,4414945279472,73729,8.07847,4414955735010,18.534,0,4784,15068,0,0,1,0,0,0.011972,341,341,341,1,2.4931,2.58008,0.506116,0.256373,-0.00315857,0.0355225,-3.29604e-05,7.34607e-05,-0.00562395,-0.00365471,1,0.00613604,0.00275312,-0.00275312,0.00613604,1,1,-0.0025302,0.00589997,-0.000222923,0.000236075,0,0,0,0,0,0,0,0,0,0,0,0,0,0,0,0,0,0,0,0,0,0,0,255,0.2,4.88865,0.2,0.0362254,0.208517,1,1,1,1,1,1,1,-0.539462,-3.14465,0.141479,-0.0100415,0.00941206,0.021771,13.7116,3934,1,367,65.4786,984,0,0.000884653,0.01117,0.0119138,0,0,0,1,341,0.205,-2.79118e-05,6.22849e-05,1.27684e-05,5.72193e-06,1.37348e-05,2.65499e-06,-0.429277,0.128527,0.00364075,-0.0205132,-0.230439,0.00103569,0.000967907,0.00155974,13.4968,0,0,0,0,0,0,-1,1,-9.04572e-07,-3.41785e-06,-0.230383,0,13.929,1,1010,1010,1010,1010,0,0,0,0,13.9339,56,0.000466504,0.00699713,56,-0.00620422,0.00871374,56,-0.000845112,0.00725478,2,0,0,0,0,0,3,-0.0191742,-0.00151653,56,-0.000339995,0.0051551,56,-0.00143955,0.00616278,56,-0.00203067,0.00687595
4414956301960,4414945226000,4414945226000,4414956290034,73729,11.064,4414966493829,21.2678,0,4784,15069,0,0,1,0,0,0.008025,331,331,331,1,2.33524,2.73056,0.495319,0.216613,0.0154724,0.00619507,1.60177e-05,-7.64551e-06,-0.0047876,0.0130487,1,-0.000952712,-0.00199598,0.00199598,-0.000952712,1,1,0.00224824,-0.000945484,-0.000252259,-7.22837e-06,0,0,0,0,0,0,0,0,0,0,0,0,0,0,0,0,0,0,0,0,0,0,0,255,0.2,5.48899,0.2,0.00236502,-0.000648968,1,1,1,1,0,1,1,-0.539462,-3.14465,0.141479,-0.0100415,0.00941206,0.021771,24.4675,3934,1,367,76.2345,984,0,0.000884653,0.01117,0.0119138,0,0,0,1,331,0.205,1.35829e-05,-6.48983e-06,-1.33041e-06,-2.78449e-06,-1.93067e-06,-2.40718e-06,-0.429279,0.128525,0.00366833,-0.0204961,-0.230401,0.00201294,-2.96363e-05,0.00243777,10.572,1,0,0,0,0,0,-1,1,-9.04572e-07,-3.41785e-06,-0.230383,0,24.6861,1,1010,1010,1010,1010,0,0,0,0,24.691,56,0.00442516,0.00146304,56,0.0068297,-0.00760699,56,0.00148411,0.00506009,2,0,0,0,0,0,2,0,0,47,0.00182134,0.00271504,56,0.00395441,0.00457415,56,-0.00152494,-0.00556306
4414966959944,4414957185000,4414957185000,4414966944018,73729,9.75902,4414976420788,19.2358,0,4784,15070,0,0,1,0,0,0.011959,333,333,333,1,2.32719,2.66645,0.3758,0.21852,0.0313416,0.00875854,5.23762e-05,2.39824e-05,-0.00581319,0.00213256,1,0.00200539,-0.00437964,0.00437964,0.00200539,1,1,0.00478546,0.00212042,-0.00040582,-0.000115034,0,0,0,0,0,0,0,0,0,0,0,0,0,0,0,0,0,0,0,0,0,0,0,255,0.2,5.49325,0.2,0.00305868,0.000861198,1,1,1,1,0,1,1,-0.539462,-3.14465,0.141479,-0.0100415,0.00941206,0.021771,34.3965,3934,1,367,86.1635,984,0,0.000884653,0.01117,0.0119138,0,0,0,1,333,0.205,4.44811e-05,2.03263e-05,4.1669e-06,-9.11862e-06,1.97457e-06,-9.82907e-06,-0.429277,0.128515,0.00367245,-0.0205188,-0.230365,0.00206829,-0.00047164,0.00298572,9.74407,1,0,0,0,0,0,-1,1,-9.04572e-07,-3.41785e-06,-0.230383,0,34.6132,1,1010,1010,1010,1010,0,0,0,0,34.6181,56,0.00456262,0.00109702,56,0.00409201,0.00450584,56,0.00564584,-0.00125941,1,0,0,0,0,0,2,0,0,50,0.00371793,0.00257761,56,0.00204673,-0.00193282,56,0.00552961,0.00524117
4414976921626,4414965211000,4414965211000,4414976905460,73729,11.6945,4414986095283,20.8843,0,4784,15071,0,0,1,0,0,0.008026,328,328,328,1,2.33971,2.84847,0.473504,0.21452,0.0188751,0.0169373,2.65582e-05,3.81846e-05,-0.00841619,0.00206617,1,0.00475761,-0.00330901,0.00330901,0.00475761,1,1,0.00387698,0.00482949,-0.000567961,-7.18741e-05,0,0,0,0,0,0,0,0,0,0,0,0,0,0,0,0,0,0,0,0,0,0,0,255,0.2,5.40942,0.2,0.00152102,0.00363189,1,1,1,1,0,1,1,-0.539462,-3.14465,0.141479,-0.0100415,0.00941206,0.021771,44.07,3934,1,367,95.8369,984,0,0.000884653,0.01117,0.0119138,0,0,0,1,328,0.205,2.25381e-05,3.23705e-05,6.63595e-06,-4.62031e-06,5.40488e-06,-6.01299e-06,-0.429272,0.128509,0.00367704,-0.0205288,-0.230329,0.00146219,-0.000294684,0.00303266,9.49014,1,0,0,0,0,0,-1,1,-9.04572e-07,-3.41785e-06,-0.230231,0,0.196761,1,1010,1010,1010,1010,0,0,0,0,0.200576,56,0.00553778,0.00751581,56,0.0126872,0.00903858,56,0.00538158,0.00397976,2,0,0,0,0,0,2,0,0,44,-0.000355833,0.00278601,56,0.00814776,0.00127369,56,0.000365781,0.00288993
4414986594398,4414977183000,4414977183000,4414986578676,73729,9.39568,4414995414626,18.2316,0,4784,15072,0,0,1,0,0,0.011972,333,333,333,1,2.34593,2.71273,0.496468,0.219354,0.00518799,0.048645,1.43901e-05,7.95504e-05,-0.00105822,0.00425345,1,0.0066447,-0.00120198,0.00120198,0.0066447,1,1,0.00176994,0.00671658,-0.000567961,-7.18741e-05,0,0,0,0,0,0,0,0,0,0,0,0,0,0,0,0,0,0,0,0,0,0,0,255,0.2,5.54179,0.2,-0.00107829,0.00684415,1,1,1,0,0,1,1,-0.540341,-3.14398,0.141326,-0.00912208,0.00991169,0.0216991,9.30745,3935,1,367,105.159,984,0,0.000884653,0.01117,0.0119138,0,0,0,1,333,0.205,1.2181e-05,6.74381e-05,1.38248e-05,-2.4971e-06,1.2887e-05,-5.5867e-06,-0.429259,0.128503,0.00367704,-0.0205288,-0.230329,0.00146219,-0.000294684,0.00303266,18.8013,0,0,0,0,0,0,-1,1,-9.04572e-07,-3.41785e-06,-0.230231,0,9.50675,1,1010,1010,1010,1010,0,0,0,0,9.51057,56,-0.00152509,0.00312604,56,0.00224237,0.00319077,56,0.000471569,0.0109462,2,0,0,0,0,0,1,0,0,50,0.00396468,0.0113451,56,0.000389797,0.00733909,56,-0.0019755,0.00712658
4414995906537,4414985246000,4414985246000,4414995890056,73729,10.6441,4415004674079,19.4281,0,4784,15073,0,0,1,0,0,0.008063,331,331,331,1,2.34304,2.61497,0.38717,0.218983,-0.01828,0.093277,-2.94405e-05,0.000171657,0.000645857,0.00142286,1,0.0212895,0.00365131,-0.00365131,0.0212895,1,1,-0.00344508,0.0212088,-0.000206228,8.06656e-05,0,0,0,0,0,0,0,0,0,0,0,0,0,0,0,0,0,0,0,0,0,0,0,255,0.2,4.66508,0.2,-0.00440966,0.0185447,1,1,1,1,1,1,1,-0.540341,-3.14398,0.141326,-0.00912208,0.00991169,0.0216991,18.5649,3935,1,367,114.416,984,0,0.000884653,0.01117,0.0119138,0,0,0,1,331,0.205,-2.49851e-05,0.000145599,2.98477e-05,5.12194e-06,3.02223e-05,-1.82586e-06,-0.429229,0.128501,0.00367722,-0.0205675,-0.230324,0.000756348,0.000330729,0.00128151,9.03823,2,0,0,0,0,0,-1,1,-9.04572e-07,-3.41785e-06,-0.230231,0,18.7794,1,1010,1010,1010,1010,0,0,0,0,18.7832,56,-0.00574162,0.0230562,56,0.00145793,0.0238581,56,-0.0079203,0.0219841,2,0,0,0,0,0,1,0,0,48,-0.000954878,0.0201225,56,-0.00575886,0.019799,56,-0.000201753,0.0215296
4415005234825,4414993220000,4414993220000,4415005218528,73729,11.9985,4415015162729,21.9427,0,4784,15074,0,0,1,0,0,0.007974,336,336,336,1,2.35278,2.64343,0.487115,0.228558,-0.00242615,0.101898,-6.35602e-08,0.00018805,0.00747443,-0.00716567,1,0.0235828,7.97093e-06,-7.97093e-06,0.0235828,1,1,-0.00124766,0.0238629,0.00123969,-0.000280054,0,0,0,0,0,0,0,0,0,0,0,0,0,0,0,0,0,0,0,0,0,0,0,255,0.2,3.44557,0.2,-0.00167946,0.0193875,1,1,1,1,0,1,1,-0.540341,-3.14398,0.141326,-0.00912208,0.00991169,0.0216991,29.0541,3935,1,367,124.905,984,0,0.000884653,0.01117,0.0119138,0,0,0,1,336,0.205,-7.91955e-08,0.000159479,3.26933e-05,1.62351e-08,3.18266e-05,-7.44748e-06,-0.429197,0.128494,0.00370149,-0.0206145,-0.230363,0.00198511,-0.00114822,-0.00247808,10.2956,1,0,0,0,0,0,-1,1,-9.04572e-07,-3.41785e-06,-0.230231,0,29.2644,1,1010,1010,1010,1010,0,0,0,0,29.2682,56,0.000343977,0.0302057,56,0.00607177,0.0221438,56,0.00124399,0.0227005,2,0,0,0,0,0,3,0.0265688,0.0323047,51,-0.0036088,0.0217377,56,0.000769806,0.0264217,56,0.00256178,0.02044
4415015668937,4415005215000,4415005215000,4415015655752,73729,10.4408,4415025322727,20.1077,0,4784,15075,0,0,1,0,0,0.011995,326,326,326,1,2.32585,2.69149,0.399522,0.219762,0.0127792,0.143227,4.01002e-06,0.000259197,0.00125549,0.000465155,1,0.0216088,-0.000334308,0.000334308,0.0216088,1,1,-0.00216117,0.0221526,0.00249548,-0.000543776,0,0,0,0,0,0,0,0,0,0,0,0,0,0,0,0,0,0,0,0,0,0,0,255,0.2,4.11315,0.2,0.000815748,0.0186404,1,1,1,1,0,1,1,-0.540341,-3.14398,0.141326,-0.00912208,0.00991169,0.0216991,39.214,3935,1,367,135.065,984,0,0.000884653,0.01117,0.0119138,0,0,0,1,326,0.205,3.4534e-06,0.000219807,4.50604e-05,-7.07946e-07,4.36982e-05,-1.09794e-05,-0.429153,0.128483,0.00371006,-0.020663,-0.230446,0.00241223,-0.00222948,-0.00625538,9.98007,1,0,0,0,0,0,-1,1,-9.04572e-07,-3.41785e-06,-0.230231,0,39.433,1,1010,1010,1010,1010,0,0,0,0,39.4368,56,0.0055969,0.0229022,56,-0.00338759,0.0177052,56,0.00426811,0.0219968,1,0,0,0,0,0,1,0,0,44,0.00309223,0.0192001,56,0.00134877,0.0224241,56,-0.000261128,0.0248682
4415025843324,4415013218000,4415013218000,4415025826880,73729,12.6089,4415035484281,22.2663,0,4784,15076,0,0,1,0,0,0.008003,325,325,325,1,2.33982,2.66771,0.472949,0.216743,-0.00253296,0.231277,3.95681e-05,0.000407285,0.0169319,0.00968953,1,0.0508916,-0.00494416,0.00494416,0.0508916,1,1,0.00151028,0.051091,0.00343388,-0.00019939,0,0,0,0,0,0,0,0,0,0,0,0,0,0,0,0,0,0,0,0,0,0,0,255,0.2,4.16248,0.2,-0.00071723,0.0458998,1,1,1,1,0,1,1,-0.540341,-3.14398,0.141326,-0.00912208,0.00991169,0.0216991,49.3758,3935,1,367,145.227,984,0,0.000884653,0.01117,0.0119138,0,0,0,1,325,0.205,3.34635e-05,0.00034538,7.08029e-05,-6.86002e-06,6.73477e-05,-2.28544e-05,-0.429086,0.12846,0.00371923,-0.0206925,-0.230548,0.00190444,-0.000817497,-0.00973958,9.98209,1,0,0,0,0,0,-1,1,-9.04572e-07,-3.41785e-06,-0.230231,0,49.5823,1,1010,1010,1010,1010,0,0,0,0,0.197169,56,0.00197508,0.0451121,56,0.0123116,0.0467783,56,-0.00968337,0.0506058,1,0,0,0,0,0,2,0,0,42,0.0059582,0.0616086,56,0.0046238,0.0536326,56,0.000803694,0.0540997
4415035975304,4415025201000,4415025201000,4415035959452,73729,10.7585,4415045190331,19.9893,0,4784,15077,0,0,1,0,0,0.011983,335,335,335,1,2.34341,2.80447,0.450615,0.217484,0.0264282,0.346542,2.39191e-05,0.000619498,0.0100177,0.00811649,1,0.0516981,-0.00199608,0.00199608,0.0516981,1,1,-0.00161389,0.0519077,0.00360998,-0.000209615,0,0,0,0,0,0,0,0,0,0,0,0,0,0,0,0,0,0,0,0,0,0,0,255,0.19,4.12932,0.19,-0.0402293,-0.0578962,1,1,1,2,0,1,1,-0.540726,-3.14347,0.141245,0.00179309,0.00731522,0.0217073,9.69323,3936,1,367,154.934,984,0,0.000884653,0.01117,0.0119138,0,0,0,1,335,0.195,2.02752e-05,0.000525342,0.000102442,-3.95366e-06,9.88068e-05,-2.72532e-05,-0.428987,0.128433,0.00371923,-0.0206925,-0.230548,0.00190444,-0.000817497,-0.00973958,19.6683,0,0,0,0,0,0,-1,1,-9.04572e-07,-3.41785e-06,-0.230574,0,0.166816,1,1010,1010,1010,1010,0,0,0,0,9.90801,56,0.00277625,0.0585217,56,0.00393678,0.0473974,56,0.00566653,0.0572787,2,0,0,0,0,0,1,0,0,52,0.00744174,0.0480186,56,0.00629352,0.0519503,56,0.00325476,0.0512337
4415045681910,4415033225000,4415033225000,4415045671039,73729,12.446,4415054785380,21.5604,0,4784,15078,0,0,1,0,0,0.008024,327,327,326,0.996942,2.34482,2.69143,0.52169,0.218039,0.0415497,0.426018,8.84228e-05,0.000771052,0.0101806,0.00993224,1,0.0960932,-0.0110198,0.0110198,0.0960932,1,1,0.00652983,0.0958081,0.00448996,0.000285117,0,0,0,0,0,0,0,0,0,0,0,0,0,0,0,0,0,0,0,0,0,0,0,255,0.19,3.64131,0.19,-0.138053,-0.211941,1,1,1,1,0,1,1,-0.540726,-3.14347,0.141245,0.00179309,0.00731522,0.0217073,19.2892,3936,1,367,164.529,984,0,0.000884653,0.01117,0.0119138,0,0,0,1,326,0.195,7.50061e-05,0.000653892,0.000127509,-1.46262e-05,0.000120758,-4.33973e-05,-0.428866,0.12839,0.00376118,-0.0207363,-0.230772,0.00254727,0.00111196,-0.0119709,9.34312,2,0,0,0,0,0,-1,1,-9.04572e-07,-3.41785e-06,-0.230574,0,9.75907,1,1010,1010,1010,1010,0,0,0,0,19.5003,56,0.0132533,0.100538,55,-0.000835113,0.0863796,56,0.0109853,0.101287,1,0,0,0,0,0,2,0,0,44,0.0144456,0.10364,56,0.00834692,0.0951799,56,0.0106136,0.0995096
4415055293366,4415045204000,4415045204000,4415055277329,73729,10.0733,4415065787924,20.5839,0,4784,15079,0,0,1,0,0,0.011979,334,334,334,1,2.32087,2.74817,0.438078,0.235094,0.0505219,0.538521,0.000123755,0.000986172,0.0100366,0.0048071,1,0.082325,-0.010331,0.010331,0.082325,1,1,0.00589779,0.0817781,0.00443318,0.000546945,0,0,0,0,0,0,0,0,0,0,0,0,0,0,0,0,0,0,0,0,0,0,0,255,0.2,3.07688,0.2,0.0482124,0.178959,1,1,1,1,1,1,1,-0.540726,-3.14347,0.141245,0.00179309,0.00731522,0.0217073,30.2875,3936,1,367,175.528,984,0,0.000884653,0.01117,0.0119138,0,0,0,1,334,0.205,0.000104839,0.000836243,0.00017143,-2.14919e-05,0.000161928,-6.01433e-05,-0.428704,0.128329,0.00377511,-0.0207357,-0.230885,0.00271317,0.00224248,-0.0123703,10.8207,1,0,0,0,0,0,-1,1,-9.04572e-07,-3.41785e-06,-0.230574,0,20.7617,1,1010,1010,1010,1010,0,0,0,0,30.5029,56,0.00533118,0.0823139,56,0.0167914,0.0829217,56,0.00608484,0.0867475,0,0,0,0,0,0,3,0.022079,0.0461513,51,0.012502,0.0844314,56,0.0100434,0.082082,56,0.0092036,0.0852129
4415066329725,4415053223000,4415053223000,4415066317076,73729,13.0941,4415075678623,22.4556,0,4784,15080,0,0,1,0,0,0.008019,329,329,328,0.99696,2.36165,2.94364,0.502468,0.222224,0.0699768,0.669769,0.000157841,0.00123856,0.0199962,0.00063745,1,0.154453,-0.0196834,0.0196834,0.154453,1,1,0.0147987,0.153894,0.00488466,0.000558575,0,0,0,0,0,0,0,0,0,0,0,0,0,0,0,0,0,0,0,0,0,0,0,255,0.2,4.01415,0.2,0.139351,0.425904,1,1,1,1,0,1,1,-0.540726,-3.14347,0.141245,0.00179309,0.00731522,0.0217073,40.1822,3936,1,367,185.423,984,0,0.000884653,0.01117,0.0119138,0,0,0,1,328,0.205,0.000133852,0.00105028,0.000215308,-2.74396e-05,0.000203262,-7.59995e-05,-0.428501,0.128253,0.00382216,-0.0207764,-0.23102,0.00393135,0.00229016,-0.0128766,9.71759,1,0,0,0,0,0,-1,1,-9.04572e-07,-3.41785e-06,-0.230574,0,30.6537,1,1010,1010,1010,1010,0,0,0,0,40.3949,56,0.0153291,0.159161,56,0.0179168,0.157349,56,0.0212685,0.153092,0,0,0,0,0,0,3,-0.0274052,0.169233,45,0.0198336,0.153628,56,0.0258871,0.157328,56,0.0187979,0.15316
4415076192146,4415065202000,4415065202000,4415076179257,73729,10.9773,4415086548776,21.3468,0,4784,15081,0,0,1,0,0,0.011979,327,327,327,1,2.32006,2.76049,0.510597,0.218724,0.122192,0.740753,0.000240255,0.00135807,0.0092967,0.0101673,1,0.113371,-0.0200563,0.0200563,0.113371,1,1,0.014174,0.113439,0.00588228,-6.79282e-05,0,0,0,0,0,0,0,0,0,0,0,0,0,0,0,0,0,0,0,0,0,0,0,255,0.21,3.71064,0.21,0.0541534,0.180761,1,1,1,1,0,1,1,-0.540726,-3.14347,0.141245,0.00179309,0.00731522,0.0217073,51.0513,3936,1,367,196.292,984,0,0.000884653,0.01117,0.0119138,0,0,0,1,327,0.215,0.000203719,0.00115164,0.000247603,-4.37995e-05,0.000230928,-9.93615e-05,-0.42827,0.128154,0.00386437,-0.0208393,-0.23121,0.00533292,-0.000292091,-0.0159687,10.6864,1,0,0,0,0,0,-1,1,-9.04572e-07,-3.41785e-06,-0.231417,0,0.19789,1,1010,1010,1010,1010,0,0,0,0,0.201631,56,0.0223663,0.116287,56,0.0194465,0.110102,56,0.0181262,0.119791,0,0,0,0,0,0,3,0.0316001,0.0903822,44,0.0216729,0.115745,56,0.0199629,0.113723,56,0.0187837,0.111791
4415087052836,4415073231000,4415073231000,4415087037373,73729,13.8064,4415095883638,22.6526,0,4784,15082,0,0,1,0,0,0.008029,331,329,329,1,2.36545,3.03353,0.481726,0.221428,0.14505,0.910217,0.000270328,0.00166393,0.0178052,0.01234,1,0.20724,-0.0336689,0.0336689,0.20724,1,1,0.0274997,0.207311,0.00616922,-7.12418e-05,0,0,0,0,0,0,0,0,0,0,0,0,0,0,0,0,0,0,0,0,0,0,0,255,0.2,4.41872,0.2,0.154883,0.472656,1,1,1,1,0,1,1,-0.540144,-3.14333,0.141287,0.0232226,-3.2007e-05,0.0233946,9.32831,3937,1,367,205.633,984,0,0.000884653,0.01117,0.0119138,0,0,0,1,329,0.205,0.00022931,0.00141102,0.000289259,-4.70085e-05,0.000270732,-0.000112029,-0.427999,0.128042,0.00386437,-0.0208393,-0.23121,0.00533292,-0.000292091,-0.0159687,20.0225,0,0,0,0,0,0,-1,1,-9.04572e-07,-3.41785e-06,-0.231417,0,9.55603,1,1010,1010,1010,1010,0,0,0,0,9.55977,56,0.0455995,0.215243,56,0.0307019,0.193107,56,0.0283407,0.211661,0,0,0,0,0,0,4,0.00637936,0.200913,45,0.0374746,0.20599,56,0.0407973,0.212946,56,0.0323394,0.212644
4415096408143,4415085198000,4415085198000,4415096392865,73729,11.1949,4415106926756,21.7288,0,4784,15083,0,0,1,0,0,0.011967,327,327,327,1,2.33293,2.93995,0.483634,0.212742,0.143066,1.11862,0.000273251,0.0020571,0.0222648,0.0159848,1,0.171898,-0.0228337,0.0228337,0.171898,1,1,0.0135528,0.17219,0.00928088,-0.000292231,0,0,0,0,0,0,0,0,0,0,0,0,0,0,0,0,0,0,0,0,0,0,0,255,0.2,3.54414,0.2,-0.106705,-0.119023,1,1,1,1,0,1,1,-0.540144,-3.14333,0.141287,0.0232226,-3.2007e-05,0.0233946,20.3645,3937,1,367,10.9874,985,0,0.000884653,0.0106579,0.0118243,0,0,0,1,327,0.205,0.000231725,0.00174438,0.000357598,-4.75035e-05,0.000337034,-0.000128405,-0.427662,0.127914,0.00390265,-0.0209595,-0.231913,0.00267372,-0.00119815,-0.0283023,10.8184,2,0,0,0,0,0,-1,1,-9.04572e-07,-3.41785e-06,-0.231417,0,20.5809,1,1010,1010,1010,1010,0,0,0,0,20.5846,56,0.0272091,0.174582,56,0.0192696,0.168588,56,0.0252626,0.178278,0,0,0,0,0,0,1,0,0,46,0.0287174,0.166231,56,0.0249229,0.175426,56,0.0247218,0.18039
4415107440630,4415093269000,4415093269000,4415107425186,73729,14.1562,4415116881030,23.612,0,4784,15084,0,0,1,0,0,0.008071,329,328,328,1,2.31272,3.06186,0.440318,0.214113,0.21257,1.33585,0.000448644,0.00244975,0.0403417,0.00996633,1,0.303526,-0.0555871,0.0555871,0.303526,1,1,0.0404676,0.303516,0.0151195,9.86319e-06,0,0,0,0,0,0,0,0,0,0,0,0,0,0,0,0,0,0,0,0,0,0,0,255,0.2,4.48176,0.2,0.042489,0.262294,1,1,1,1,1,1,1,-0.540144,-3.14333,0.141287,0.0232226,-3.2007e-05,0.0233946,30.326,3937,1,367,20.9489,985,0,0.000884653,0.0106579,0.0118243,0,0,0,1,328,0.205,0.000380416,0.00207738,0.000425863,-7.79853e-05,0.000396352,-0.000173988,-0.427266,0.12774,0.00394791,-0.0209766,-0.232496,0.0026383,4.04391e-05,-0.0474812,9.77129,1,0,0,0,0,0,-1,1,-9.04572e-07,-3.41785e-06,-0.231417,0,30.531,1,1010,1010,1010,1010,0,0,0,0,30.5348,56,0.0528982,0.310672,56,0.0611164,0.291645,56,0.0560323,0.310538,0,0,0,0,0,0,2,0,0,46,0.0592622,0.300698,56,0.056926,0.30826,56,0.0516455,0.306784
4415117435757,4415105203000,4415105203000,4415117418016,73729,12.215,4415128336670,23.1337,0,4784,15085,0,0,1,0,0,0.011934,337,336,336,1,2.36289,3.16318,0.461708,0.224668,0.238739,1.55653,0.000519577,0.00287589,0.0467851,0.00191921,1,0.240983,-0.0435376,0.0435376,0.240983,1,1,0.0237416,0.241035,0.019796,-5.18179e-05,0,0,0,0,0,0,0,0,0,0,0,0,0,0,0,0,0,0,0,0,0,0,0,255,0.2,4.29652,0.2,0.0348853,0.208809,1,1,1,1,0,1,1,-0.540144,-3.14333,0.141287,0.0232226,-3.2007e-05,0.0233946,41.7802,3937,1,367,32.4031,985,0,0.000884653,0.0106579,0.0118243,0,0,0,1,336,0.205,0.000440462,0.00243867,0.000499928,-9.02947e-05,0.000465428,-0.000203355,-0.4268,0.127536,0.00397973,-0.0210911,-0.2332,0.00287532,-0.000212453,-0.0626305,11.2642,1,0,0,0,0,0,-1,1,-9.04572e-07,-3.41785e-06,-0.231417,0,41.9933,1,1010,1010,1010,1010,0,0,0,0,41.9971,56,0.0421614,0.2434,56,0.0461139,0.241418,56,0.0443525,0.244968,0,0,0,0,0,0,3,0.0226987,0.235386,53,0.0445932,0.239422,56,0.0478039,0.243662,56,0.0450437,0.243747
4415128851119,4415113225000,4415113225000,4415128835804,73729,15.6108,4415139519103,26.2941,0,4784,15086,0,0,1,0,0,0.008022,321,321,321,1,2.32698,3.17023,0.475616,0.211724,0.309662,1.75403,0.000685099,0.00328813,0.0676664,-0.00771363,1,0.409889,-0.0854025,0.0854025,0.409889,1,1,0.0576731,0.411297,0.0277294,-0.00140855,0,0,0,0,0,0,0,0,0,0,0,0,0,0,0,0,0,0,0,0,0,0,0,255,0.19,5.56796,0.19,0.0640584,0.34276,1,1,1,1,0,1,1,-0.53792,-3.14388,0.141201,0.0597036,-0.0140351,0.0243189,1.03645,3938,1,367,43.5721,985,0,0.000884653,0.0106579,0.0118243,0,0,0,1,321,0.195,0.000580919,0.00278823,0.000543704,-0.000113279,0.000502283,-0.000236715,-0.426298,0.1273,0.0041274,-0.0213207,-0.234959,0.00396859,-0.00549336,-0.0833408,0.861323,2,0,0,0,0,0,-1,1,-9.04572e-07,-3.41785e-06,-0.234868,0,1.23964,1,1010,1010,1010,1010,0,0,0,0,1.24364,56,0.0762099,0.409378,56,0.0910208,0.412556,56,0.0834448,0.412994,1,0,0,0,0,0,2,0,0,38,0.0794978,0.402258,56,0.0851801,0.408608,56,0.0843026,0.412762
4415139979904,4415125198000,4415125198000,4415139965700,73729,14.7677,4415150684204,25.4862,0,4784,15087,0,0,1,0,0,0.011973,331,331,331,1,2.32924,3.11986,0.458375,0.221002,0.352844,2.00949,0.000770117,0.00367329,0.0608077,0.0236475,1,0.306798,-0.0643211,0.0643211,0.306798,1,1,0.0344782,0.308236,0.0298429,-0.0014382,0,0,0,0,0,0,0,0,0,0,0,0,0,0,0,0,0,0,0,0,0,0,0,255,0.19,6.53024,0.19,-0.0723792,-0.0753699,1,1,1,1,0,1,1,-0.53792,-3.14388,0.141201,0.0597036,-0.0140351,0.0243189,12.2292,3938,1,367,54.7648,985,0,0.000884653,0.0106579,0.0118243,0,0,0,1,331,0.195,0.000652906,0.0031147,0.000607366,-0.000127317,0.000560916,-0.000265185,-0.425737,0.127034,0.0041274,-0.0213207,-0.234959,0.00476073,-0.00560899,-0.0893011,12.0359,0,0,0,0,0,0,-1,1,-9.04572e-07,-3.41785e-06,-0.234868,0,12.443,1,1010,1010,1010,1010,0,0,0,0,12.447,56,0.0599516,0.313686,56,0.0463532,0.310385,56,0.0709176,0.318482,2,0,0,0,0,0,3,0.0545223,0.307437,46,0.0715654,0.304421,56,0.0695076,0.308766,56,0.0658768,0.307083
4415151208893,4415133240000,4415133240000,4415151193023,73729,17.953,4415160476014,27.236,0,4784,15088,0,0,1,0,0,0.008042,338,337,335,0.994065,2.33385,2.95956,0.425948,0.22202,0.422424,2.36513,0.00090677,0.00435535,0.0932782,0.0166682,1,0.541576,-0.112754,0.112754,0.541576,1,1,0.0806096,0.54148,0.0321447,9.60242e-05,0,0,0,0,0,0,0,0,0,0,0,0,0,0,0,0,0,0,0,0,0,0,0,255,0.19,7.58677,0.19,0.0939518,0.47304,1,1,1,1,0,1,1,-0.53792,-3.14388,0.141201,0.0597036,-0.0140351,0.0243189,22.0278,3938,1,367,64.5636,985,0,0.000884653,0.0106579,0.0118243,0,0,0,1,335,0.195,0.000768739,0.00369302,0.000720139,-0.000149904,0.000665017,-0.000314017,-0.425072,0.12672,0.00421279,-0.0213403,-0.235887,0.00682223,0.000374494,-0.0948336,9.57979,1,0,0,0,0,0,-1,1,-9.04572e-07,-3.41785e-06,-0.234868,0,22.2371,1,1010,1010,1010,1010,0,0,0,0,22.2411,56,0.108779,0.552563,55,0.10432,0.528613,56,0.115597,0.556818,2,0,0,2,0,0,5,0.170944,0.574393,47,0.115468,0.538984,56,0.123057,0.540901,56,0.111723,0.556464
4415161022093,4415145200000,4415145200000,4415161005389,73729,15.8054,4415171787337,26.5873,0,4784,15089,0,0,1,0,0,0.01196,330,330,324,0.981818,2.3616,2.94558,0.441097,0.223446,0.458809,2.70367,0.00102988,0.00498643,0.0715724,0.0060264,1,0.416925,-0.0861106,0.0861106,0.416925,1,1,0.055444,0.415784,0.0306666,0.00114079,0,0,0,0,0,0,0,0,0,0,0,0,0,0,0,0,0,0,0,0,0,0,0,255,0.19,7.25056,0.19,0.070535,0.363058,1,1,1,1,1,1,1,-0.53792,-3.14388,0.141201,0.0597036,-0.0140351,0.0243189,33.317,3938,1,367,75.8529,985,0,0.000884653,0.0106579,0.0118243,0,0,0,1,324,0.195,0.00087303,0.0042278,0.000824421,-0.000170241,0.000761332,-0.000358805,-0.424311,0.126362,0.00424743,-0.0213465,-0.236738,0.00347549,0.0044491,-0.0928993,11.0848,1,0,0,0,0,0,-1,1,-9.04572e-07,-3.41785e-06,-0.234868,0,33.5414,1,1010,1010,1010,1010,0,0,0,0,33.5454,52,0.0845932,0.42103,54,0.0941678,0.419047,56,0.083398,0.427841,4,0.0735822,0.436322,3,0.292592,0.443443,2,0,0,41,0.0885257,0.417492,56,0.0894524,0.425023,56,0.0841052,0.423649
4415172388509,4415165200000,4415165200000,4415172378824,73729,7.17882,4415181770779,16.5708,1,4785,15090,0,0,1,0,0,0.02,333,331,322,0.97281,2.31837,3.11762,0.4503,0.219298,0.93576,6.22334,0.00198811,0.011508,0.0696381,0.00603373,1,0.5754,-0.0994054,0.0994054,0.5754,1,1,0.0724396,0.575132,0.0269658,0.000268333,0,0,0,0,0,0,0,0,0,0,0,0,0,0,0,0,0,0,0,0,0,0,0,255,0.2,8.47322,0.2,0.178856,0.758074,1,1,1,2,0,1,1,-0.53792,-3.14388,0.141201,0.0597036,-0.0140351,0.0243189,43.3247,3938,1,367,85.8603,985,0,0.000884653,0.0106579,0.0118243,0,0,0,1,322,0.205,0.00168521,0.00975731,0.00200025,-0.000345468,0.00186245,-0.000806158,-0.422448,0.125555,0.00440445,-0.0214582,-0.237439,0.00746556,0.00110016,-0.0824753,9.79375,1,0,0,0,0,0,-1,1,-9.04572e-07,-3.41785e-06,-0.234868,0,43.5273,1,1010,1010,1010,1010,0,0,0,0,43.5313,54,0.0964591,0.585938,48,0.0945919,0.579165,56,0.106473,0.583092,1,0,0,1,0,0,4,0.0877424,0.586958,46,0.0960938,0.571505,56,0.108561,0.577251,56,0.0990541,0.576607
4415182313580,4415173240000,4415173240000,4415182300061,73729,9.06006,4415191912185,18.6722,0,4785,15091,0,0,1,0,0,0.00804,362,362,357,0.986188,2.37354,3.62755,0.469763,0.242891,0.454437,3.46915,0.000913606,0.00637447,0.0582035,0.0172155,1,0.792845,-0.113633,0.113633,0.792845,1,1,0.0904386,0.794734,0.023194,-0.00188879,0,0,0,0,0,0,0,0,0,0,0,0,0,0,0,0,0,0,0,0,0,0,0,255,0.2,8.22706,0.2,0.0940694,0.680976,1,1,1,1,0,1,1,-0.533455,-3.14524,0.141278,0.102928,-0.0282481,0.0282505,3.19701,3939,1,367,95.9756,985,0,0.000884653,0.0106579,0.0118243,0,0,0,1,357,0.205,0.000774641,0.0054044,0.0011079,-0.000158801,0.00103866,-0.000416293,-0.42141,0.125139,0.00463583,-0.0217385,-0.238798,0.00909369,-0.00774403,-0.0688015,3.01318,2,0,0,0,0,0,-1,1,-9.04572e-07,-3.41785e-06,-0.238695,0,3.43312,1,1010,1010,1010,1010,0,0,0,0,3.43835,56,0.107259,0.809568,54,0.107808,0.781821,56,0.126911,0.800852,14,0.11681,0.834267,13,0.146778,0.822295,17,0.123711,0.831123,35,0.116685,0.789584,56,0.118176,0.796285,56,0.116095,0.802702
4415192433578,4415185193000,4415185193000,4415192420467,73729,7.22747,4415201353436,16.1604,0,4785,15092,0,0,1,0,0,0.011953,364,364,357,0.980769,2.34515,3.14318,0.508671,0.245503,0.575256,3.77875,0.00119713,0.00702539,0.0386553,-0.0103847,1,0.587751,-0.100153,0.100153,0.587751,1,1,0.0774337,0.590029,0.0227194,-0.00227781,0,0,0,0,0,0,0,0,0,0,0,0,0,0,0,0,0,0,0,0,0,0,0,255,0.2,8.21087,0.2,0.0785751,0.505662,1,1,1,2,0,1,1,-0.533455,-3.14524,0.141278,0.102928,-0.0282481,0.0282505,12.6608,3939,1,367,105.439,985,0,0.000884653,0.0106579,0.0118243,0,0,0,1,357,0.205,0.00101513,0.0059559,0.00122096,-0.000208102,0.00113683,-0.000490931,-0.420273,0.124648,0.00463583,-0.0217385,-0.238798,0.00922767,-0.00933902,-0.0671374,12.4467,0,0,0,0,0,0,-1,1,-9.04572e-07,-3.41785e-06,-0.238695,0,12.8741,1,1010,1010,1010,1010,0,0,0,0,12.8793,56,0.0913021,0.587391,52,0.106203,0.590078,56,0.106053,0.588752,18,0.0901606,0.607322,16,0.111853,0.609816,26,0.100246,0.611105,34,0.0931465,0.585198,43,0.10113,0.586511,56,0.102014,0.589831
4415201891830,4415193245000,4415193245000,4415201875644,73729,8.63064,4415210986448,17.7414,0,4785,15093,0,0,1,0,0,0.008052,385,385,311,0.807792,2.42597,3.27636,0.57369,0.222428,0.571106,4.22163,0.00124481,0.00777202,0.107564,-0.0107347,1,0.965228,-0.154596,0.154596,0.965228,1,1,0.129657,0.964758,0.0249395,0.000469728,0,0,0,0,0,0,0,0,0,0,0,0,0,0,0,0,0,0,0,0,0,0,0,255,0.2,7.48627,0.2,0.119735,0.839694,1,1,1,1,0,1,1,-0.533455,-3.14524,0.141278,0.102928,-0.0282481,0.0282505,22.2979,3939,1,367,115.076,985,0,0.000884653,0.0106579,0.0118243,0,0,0,1,311,0.205,0.00105321,0.00658599,0.00135013,-0.000215908,0.00126008,-0.000529973,-0.419013,0.124118,0.00477006,-0.0216408,-0.239521,0.0146781,0.00192589,-0.0700592,9.42281,1,0,0,0,0,0,-1,1,-9.04572e-07,-3.41785e-06,-0.238695,0,22.5132,1,1010,1010,1010,1010,0,0,0,0,22.5184,3,0.0679918,0.926263,47,0.166485,0.935238,56,0.158726,0.972174,16,0.201305,1.00139,23,0.147427,0.987269,29,0.136467,0.988222,32,0.151707,0.975388,49,0.165828,0.986067,56,0.162487,0.971382
4415211524620,4415201233000,4415201233000,4415211510379,73729,10.2774,4415222561441,21.3284,0,4785,15094,0,0,1,0,0,0.007988,397,397,344,0.866499,2.38932,4.10202,0.593635,0.243613,0.444672,4.31385,0.000960001,0.00803278,0.068955,-0.00233142,1,1.00561,-0.12018,0.12018,1.00561,1,1,0.098034,1.00395,0.0221463,0.00166044,0,0,0,0,0,0,0,0,0,0,0,0,0,0,0,0,0,0,0,0,0,0,0,255,0.2,6.96847,0.2,0.0843999,0.859554,1,1,1,1,1,1,1,-0.533455,-3.14524,0.141278,0.102928,-0.0282481,0.0282505,33.8454,3939,1,367,126.624,985,0,0.000884653,0.0106579,0.0118243,0,0,0,1,344,0.205,0.000814018,0.00680916,0.00139588,-0.000166874,0.00131585,-0.000493944,-0.417697,0.123624,0.00478333,-0.0216851,-0.240095,0.00560903,0.0068078,-0.0681527,11.3393,1,0,0,0,0,0,-1,1,-9.04572e-07,-3.41785e-06,-0.238695,0,34.0574,1,1010,1010,1010,1010,0,0,0,0,34.0626,56,0.116869,1.02158,11,0.0503293,0.915344,49,0.110668,1.01754,30,0.116738,1.03214,32,0.166937,1.01229,36,0.112628,1.01247,32,0.124655,1.01393,42,0.119117,1.0196,56,0.112046,1.00517
4415223142539,4415213217000,4415213217000,4415223130039,73729,9.91304,4415233511243,20.2942,0,4785,15095,0,0,1,0,0,0.011984,396,396,377,0.95202,2.36304,3.35934,0.628987,0.254483,0.526108,4.56604,0.00103519,0.00850922,0.00244774,-0.00802596,1,0.710048,-0.0863808,0.0863808,0.710048,1,1,0.0703969,0.710038,0.015984,1.03591e-05,0,0,0,0,0,0,0,0,0,0,0,0,0,0,0,0,0,0,0,0,0,0,0,255,0.21,8.41569,0.21,0.148397,0.847991,1,1,1,1,0,1,1,-0.533455,-3.14524,0.141278,0.102928,-0.0282481,0.0282505,44.794,3939,1,367,137.572,985,0,0.000884653,0.0106579,0.0118243,0,0,0,1,377,0.215,0.000878133,0.00721201,0.00155058,-0.000188799,0.00146079,-0.000552249,-0.416236,0.123072,0.00504325,-0.0217628,-0.240253,0.0136881,4.45441e-05,-0.0440343,10.73,1,0,0,0,0,0,-1,1,-9.04572e-07,-3.41785e-06,-0.238695,0,45.0252,1,1010,1010,1010,1010,0,0,0,0,0.18502,56,0.0839976,0.718806,47,0.080065,0.649595,50,0.0885212,0.709812,38,0.1009,0.733601,36,0.0594113,0.732139,33,0.0855809,0.743818,27,0.0757759,0.710497,34,0.0825373,0.712031,56,0.089171,0.707197
4415234051155,4415221228000,4415221228000,4415234039062,73729,12.8111,4415244900308,23.6723,0,4785,15096,0,0,1,0,0,0.008011,410,410,384,0.936585,2.39154,3.64794,0.634635,0.258132,0.0992126,4.85098,0.000144326,0.00913415,-0.065803,-0.00855236,1,1.1402,-0.018016,0.018016,1.1402,1,1,0.0296831,1.14313,-0.0116671,-0.00293268,0,0,0,0,0,0,0,0,0,0,0,0,0,0,0,0,0,0,0,0,0,0,0,255,0.21,9.17966,0.21,0.0503706,1.01798,1,1,1,1,0,1,1,-0.526543,-3.14722,0.141456,0.151318,-0.0296567,0.0274929,1.87357,3940,1,367,148.959,985,0,0.000884653,0.0106579,0.0118243,0,0,0,1,384,0.215,0.000123028,0.00774089,0.00166429,-2.6451e-05,0.00161077,-0.00041786,-0.414625,0.122654,0.00496307,-0.0224154,-0.237925,0.0100036,-0.0126105,0.0481377,1.63118,3,0,0,0,0,0,-1,1,-9.04572e-07,-3.41785e-06,-0.238952,0,2.10913,1,1010,1010,1010,1010,0,0,0,0,11.5755,55,0.000668995,1.12056,53,0.0308852,1.08471,56,0.0336951,1.14276,41,0.0190429,1.15334,49,-0.0160484,1.17264,43,0.0169071,1.1656,4,0.0168713,1.12678,32,0.0221619,1.13918,51,0.0113168,1.1198
4415245409220,4415233215000,4415233215000,4415245398887,73729,12.1839,4415257344401,24.1294,0,4785,15097,0,0,1,0,0,0.011987,410,410,393,0.958537,2.38022,3.69785,0.599487,0.262429,0.161743,4.98511,0.000230877,0.00944338,-0.0835138,-0.0289759,1,0.787802,-0.0192606,0.0192606,0.787802,1,1,0.0447066,0.79349,-0.0254459,-0.00568786,0,0,0,0,0,0,0,0,0,0,0,0,0,0,0,0,0,0,0,0,0,0,0,255,0.21,0.139112,0.21,0.0117779,0.666416,1,1,1,1,0,1,1,-0.526543,-3.14722,0.141456,0.151318,-0.0296567,0.0274929,14.317,3940,1,367,161.403,985,0,0.000884653,0.0106579,0.0118243,0,0,0,1,393,0.215,0.000195752,0.00800276,0.00172059,-4.20867e-05,0.00166179,-0.000446321,-0.412964,0.122208,0.00496307,-0.0224154,-0.237925,0.00712254,-0.0244578,0.0932321,14.0888,0,0,0,0,0,0,-1,1,-9.04572e-07,-3.41785e-06,-0.238952,0,14.5478,1,1010,1010,1010,1010,0,0,0,0,24.0142,47,0.00914397,0.776095,41,0.0170721,0.695494,56,0.0226948,0.783049,43,0.0274125,0.811671,40,0.0452368,0.819849,52,0.0282248,0.807517,27,0.0035192,0.785627,35,0.00914535,0.787795,52,0.0121074,0.781325
4415257860424,4415241233000,4415241233000,4415257848665,73729,16.6157,4415268469371,27.2364,0,4785,15098,0,0,1,0,0,0.008018,400,400,385,0.9625,2.34241,3.80339,0.687913,0.26128,-0.305389,5.29753,-0.000605986,0.0100402,-0.15511,-0.0308376,1,1.25221,0.0755782,-0.0755782,1.25221,1,1,-0.0362716,1.26258,-0.0393066,-0.010369,0,0,0,0,0,0,0,0,0,0,0,0,0,0,0,0,0,0,0,0,0,0,0,255,0.21,2.49213,0.21,-0.0778619,1.06762,1,1,1,1,0,1,1,-0.526543,-3.14722,0.141456,0.151318,-0.0296567,0.0274929,25.449,3940,1,367,172.535,985,0,0.000884653,0.0106579,0.0118243,0,0,0,1,385,0.215,-0.000514714,0.00850726,0.00182906,0.000110663,0.00180353,-0.000321187,-0.41116,0.121887,0.00458037,-0.0229922,-0.236685,-0.0210255,-0.0445867,0.118394,10.9237,1,0,0,0,0,0,-1,1,-9.04572e-07,-3.41785e-06,-0.238952,0,25.6763,1,1010,1010,1010,1010,0,0,0,0,35.1426,28,-0.12443,1.25138,48,-0.0386226,1.17805,56,-0.0695991,1.23597,56,-0.0900498,1.27985,43,-0.0530081,1.3097,55,-0.0914612,1.29883,24,-0.102306,1.24434,23,-0.097211,1.24137,52,-0.0979579,1.22594
4415268995654,4415253211000,4415253211000,4415268983006,73729,15.772,4415281740231,28.5292,0,4785,15099,0,0,1,0,0,0.011978,409,409,370,0.904645,2.36321,4.12261,0.743173,0.258576,-0.657265,5.63949,-0.00138883,0.0106166,-0.137576,0.0139927,1,0.886339,0.115948,-0.115948,0.886339,1,1,-0.0739027,0.896198,-0.0420453,-0.00985844,0,0,0,0,0,0,0,0,0,0,0,0,0,0,0,0,0,0,0,0,0,0,0,255,0.21,3.47236,0.21,-0.102567,0.774443,1,1,1,1,1,1,1,-0.526543,-3.14722,0.141456,0.151318,-0.0296567,0.0274929,38.7138,3940,1,367,185.8,985,0,0.000884653,0.0106579,0.0118243,0,0,0,1,370,0.215,-0.0011781,0.00899602,0.00193414,0.000253291,0.00193933,-0.000204872,-0.409221,0.121682,0.00428306,-0.0231454,-0.235502,-0.0255054,-0.0423913,0.124231,13.0693,1,0,0,0,0,0,-1,1,-9.04572e-07,-3.41785e-06,-0.238952,0,38.9395,1,1010,1010,1010,1010,0,0,0,0,48.4058,45,-0.112323,0.866562,31,-0.101274,0.794843,56,-0.0975259,0.875365,56,-0.115944,0.908992,44,-0.125801,0.9155,56,-0.113038,0.917722,22,-0.131174,0.868574,23,-0.128695,0.876958,37,-0.115285,0.873604
4415282300588,4415273246000,4415273246000,4415282293458,73729,9.04746,4415294879275,21.6333,1,4786,15100,0,0,1,0,0,0.020035,382,382,284,0.743455,2.37913,4.7533,0.927787,0.208446,-0.875053,13.2141,-0.00179116,0.0252601,-0.132961,0.00742369,1,1.2608,0.0894016,-0.0894016,1.2608,1,1,-0.0534591,1.26438,-0.0359424,-0.00358494,0,0,0,0,0,0,0,0,0,0,0,0,0,0,0,0,0,0,0,0,0,0,0,255,0.21,6.00218,0.21,-0.0529876,1.1154,1,1,1,1,0,1,1,-0.516323,-3.14959,0.141983,0.213631,-0.046156,0.036667,6.12326,3941,1,367,198.939,985,0,0.000884653,0.0106579,0.0118243,0,0,0,1,284,0.215,-0.00152027,0.0214045,0.00460197,0.000326858,0.00455153,-0.000745951,-0.404669,0.120936,0.00401775,-0.023672,-0.233372,-0.01647,-0.0154152,0.110466,5.96561,2,0,0,0,0,0,-1,1,-9.04572e-07,-3.41785e-06,-0.233284,0,6.32358,1,1010,1010,1010,1010,0,0,0,0,6.32859,29,-0.0947617,1.24134,21,-0.072646,1.17185,50,-0.0858344,1.24828,50,-0.0965988,1.30927,20,-0.0985939,1.29429,54,-0.0895927,1.31435,11,-0.101118,1.22059,15,-0.0799705,1.23798,34,-0.103959,1.2346
4415295428928,4415281234000,4415281234000,4415295418280,73729,14.1843,4415305251757,24.0178,0,4786,15101,0,0,1,0,0,0.007988,382,381,317,0.832021,2.34145,3.51316,0.617154,0.216317,-0.0397034,6.92401,-4.70496e-05,0.0129107,-0.18394,0.13286,1,1.61626,0.00589003,-0.00589003,1.61626,1,1,0.02701,1.62143,-0.0329001,-0.00516572,0,0,0,0,0,0,0,0,0,0,0,0,0,0,0,0,0,0,0,0,0,0,0,255,0.21,-0.597598,0.21,0.0185016,1.39062,1,1,1,1,0,1,1,-0.516323,-3.14959,0.141983,0.213631,-0.046156,0.036667,16.4979,3941,1,367,10.3427,986,0,0.000884653,0.0106732,0.0140997,0,0,0,1,317,0.215,-4.05563e-05,0.0109383,0.00235173,8.7196e-06,0.00228991,-0.000532842,-0.402379,0.120403,0.00364453,-0.0237185,-0.232332,-0.0131552,-0.0222126,0.102652,10.1698,1,0,0,0,0,0,-1,1,-9.04572e-07,-3.41785e-06,-0.233284,0,16.7101,1,1010,1010,1010,1010,0,0,0,0,16.7151,56,0.0137635,1.5965,50,-0.00963284,1.54387,43,-0.0206007,1.61558,54,0.00711614,1.66543,55,-0.0188193,1.68305,45,-0.0411567,1.6365,12,0.0249706,1.53938,2,0,0,0,0,0
4415305753650,4415293244000,4415293244000,4415305744113,73729,12.5001,4415318000667,24.7567,0,4786,15102,0,0,1,0,0,0.01201,393,387,326,0.842377,2.39865,3.65263,0.583006,0.23465,-0.359253,7.49498,-0.000581027,0.0141512,-0.122441,0.0415244,1,1.17829,0.0483786,-0.0483786,1.17829,1,1,-0.00517762,1.18851,-0.043201,-0.010225,0,0,0,0,0,0,0,0,0,0,0,0,0,0,0,0,0,0,0,0,0,0,0,255,0.21,-0.403708,0.21,-0.0296668,1.02081,1,1,1,1,0,1,1,-0.516323,-3.14959,0.141983,0.213631,-0.046156,0.036667,29.2414,3941,1,367,23.0862,986,0,0.000884653,0.0106732,0.0140997,0,0,0,1,326,0.215,-0.000492935,0.0119906,0.00257799,0.000105981,0.00253289,-0.000487425,-0.399846,0.119916,0.00245306,-0.0248409,-0.231214,-0.0540919,-0.0439676,0.105338,12.5657,1,0,0,0,0,0,-1,1,-9.04572e-07,-3.41785e-06,-0.233284,0,29.4472,1,1010,1010,1010,1010,0,0,0,0,29.4522,56,-0.04955,1.16135,40,-0.0267369,1.11972,56,-0.0723208,1.16829,53,-0.0370256,1.22442,49,-0.0592353,1.21795,56,-0.0729214,1.19781,6,-0.00506033,1.15384,5,-0.0338467,1.15233,5,-0.0512485,1.16083
4415318457783,4415301241000,4415301241000,4415318447857,73729,17.2069,4415328717764,27.4768,0,4786,15103,0,0,1,0,0,0.007997,400,396,301,0.760101,2.4021,4.03561,0.680877,0.205576,-0.650391,7.17012,-0.00115918,0.0134749,-0.151156,0.0723413,1,1.68499,0.144952,-0.144952,1.68499,1,1,-0.0955508,1.71077,-0.0494011,-0.0257788,0,0,0,0,0,0,0,0,0,0,0,0,0,0,0,0,0,0,0,0,0,0,0,255,0.21,2.12448,0.21,-0.110551,1.45497,1,1,1,1,0,1,1,-0.516323,-3.14959,0.141983,0.213631,-0.046156,0.036667,39.9754,3941,1,367,33.8202,986,0,0.000884653,0.0106732,0.0140997,0,0,0,1,301,0.215,-0.000982903,0.0114174,0.00245474,0.000211324,0.0024375,-0.000353433,-0.397409,0.119562,0.00250127,-0.0258566,-0.2299,-0.0681741,-0.110849,0.115401,10.5485,1,0,0,0,0,0,-1,1,-9.04572e-07,-3.41785e-06,-0.233284,0,40.1762,1,1010,1010,1010,1010,0,0,0,0,40.1812,55,-0.137692,1.69553,41,-0.0687972,1.58009,56,-0.17175,1.68125,46,-0.116217,1.75803,44,-0.157706,1.6925,56,-0.177777,1.69334,0,0,0,0,0,0,3,-0.160187,1.74089
4415329228231,4415313211000,4415313211000,4415329217194,73729,16.0062,4415341300599,28.0896,0,4786,15104,0,0,1,0,0,0.01197,397,393,327,0.832061,2.39769,4.24098,0.583913,0.224094,-0.510391,7.03479,-0.000955853,0.0131176,-0.151855,0.042323,1,1.09587,0.0798541,-0.0798541,1.09587,1,1,-0.0419214,1.09787,-0.0379327,-0.00199671,0,0,0,0,0,0,0,0,0,0,0,0,0,0,0,0,0,0,0,0,0,0,0,255,0.21,2.75073,0.21,-0.0197375,0.975677,1,1,1,1,1,1,1,-0.503256,-3.15295,0.142614,0.268286,-0.0646446,0.0395004,2.35572,3942,1,367,46.3816,986,0,0.000884653,0.0106732,0.0140997,0,0,0,1,327,0.215,-0.00081004,0.0111141,0.00238952,0.000174159,0.00236647,-0.000369026,-0.395043,0.119193,0.00208355,-0.0256395,-0.227473,-0.00535223,-0.00858584,0.126207,2.19056,2,0,0,0,0,0,-1,1,-9.04573e-07,-3.41785e-06,-0.227427,0,2.55739,1,1010,1010,1010,1010,0,0,0,0,2.56141,56,-0.0761399,1.10105,42,-0.0780988,1.04535,42,-0.0804569,1.11526,52,-0.0950432,1.13701,53,-0.0647719,1.11339,56,-0.0893735,1.11395,0,0,0,7,-0.258091,0.87922,19,-0.117904,1.10788
4415341830752,4415333210000,4415333210000,4415341822437,73729,8.61244,4415353974453,20.7645,1,4787,15105,0,0,1,0,0,0.019999,411,373,270,0.723861,2.44624,4.85326,0.67921,0.204724,-0.243347,17.986,-0.000430695,0.0338787,-0.167237,0.0595342,1,1.69402,0.0215358,-0.0215358,1.69402,1,1,0.0192637,1.69303,-0.0407995,0.000992382,0,0,0,0,0,0,0,0,0,0,0,0,0,0,0,0,0,0,0,0,0,0,0,255,0.21,5.15914,0.21,0.0135693,1.50515,1,1,1,1,0,1,1,-0.503256,-3.15295,0.142614,0.268286,-0.0646446,0.0395004,15.0396,3942,1,367,59.0656,986,0,0.000884653,0.0106732,0.0140997,0,0,0,1,270,0.215,-0.000367424,0.0287044,0.00617145,7.89961e-05,0.0060283,-0.00131434,-0.389014,0.117879,0.00208355,-0.0256395,-0.227473,-0.0202103,0.00426724,0.124182,14.8823,0,0,0,0,0,0,-1,1,-9.04573e-07,-3.41785e-06,-0.227427,0,15.2358,1,1010,1010,1010,1010,0,0,0,0,15.2399,40,-0.0229511,1.67866,30,-0.00720312,1.65965,56,-0.043088,1.6987,33,0.00776888,1.71408,36,-0.0342169,1.71374,46,-0.0390783,1.70461,9,-0.0190682,1.74732,11,-0.0135259,1.73621,9,-0.0122387,1.74294
4415354471087,4415341228000,4415341228000,4415354461291,73729,13.2333,4415364941496,23.7135,0,4787,15106,0,0,1,0,0,0.008018,444,444,385,0.867117,2.50378,3.99717,0.742563,0.260798,0.856155,9.08369,0.00154474,0.016973,-0.148751,0.074681,1,2.11687,-0.192659,0.192659,2.11687,1,1,0.211725,2.11567,-0.0190662,0.00119254,0,0,0,0,0,0,0,0,0,0,0,0,0,0,0,0,0,0,0,0,0,0,0,255,0.21,6.88121,0.21,0.18157,1.80483,1,1,1,1,0,1,1,-0.503256,-3.15295,0.142614,0.268286,-0.0646446,0.0395004,26.0046,3942,1,367,70.0305,986,0,0.000884653,0.0106732,0.0140997,0,0,0,1,385,0.215,0.00131001,0.014383,0.00309234,-0.000281651,0.00294901,-0.000969204,-0.386065,0.11691,0.00223349,-0.0249585,-0.226676,0.00906002,0.00512792,0.0728359,10.7226,2,0,0,0,0,0,-1,1,-9.04573e-07,-3.41785e-06,-0.227427,0,26.2309,1,1010,1010,1010,1010,0,0,0,0,26.235,56,0.209267,2.12595,45,0.182711,2.0871,55,0.186857,2.11608,36,0.217739,2.12192,42,0.188717,2.02304,49,0.200316,2.07396,31,0.223936,2.16874,31,0.162176,2.19206,40,0.160109,2.22145
4415365449741,4415353239000,4415353239000,4415365437223,73729,12.1982,4415377751592,24.5126,0,4787,15107,0,0,1,0,0,0.012011,489,489,340,0.695297,2.53439,4.64673,0.855341,0.241688,-0.139023,10.5869,-0.000324152,0.0198105,-0.0904634,0.0231994,1,1.64936,0.0269879,-0.0269879,1.64936,1,1,-0.0311125,1.64388,0.00412459,0.0054861,0,0,0,0,0,0,0,0,0,0,0,0,0,0,0,0,0,0,0,0,0,0,0,255,0.21,8.47683,0.21,-0.0337023,1.42648,1,1,1,1,0,1,1,-0.503256,-3.15295,0.142614,0.268286,-0.0646446,0.0395004,38.8149,3942,1,367,82.8408,986,0,0.000884653,0.0106732,0.0140997,0,0,0,1,340,0.215,-0.000277479,0.0167871,0.00360922,5.96579e-05,0.00352901,-0.000753525,-0.382536,0.116156,0.00273044,-0.0252319,-0.226897,0.0163592,0.0235902,-0.00110119,12.6056,1,0,0,0,0,0,-1,1,-9.04573e-07,-3.41785e-06,-0.227427,0,39.0367,1,1010,1010,1010,1010,0,0,0,0,39.0407,32,-0.0111332,1.60581,10,-0.006872,1.55933,56,-0.0317905,1.65185,32,-0.00618395,1.63834,21,0.00704269,1.53156,52,-0.0330078,1.54251,42,0.00642358,1.66469,44,-0.0477335,1.70137,51,-0.0603289,1.73868
4415378267041,4415373241000,4415373241000,4415378261597,73729,5.0206,4415392091943,18.8509,1,4788,15108,0,0,1,0,0,0.020002,500,499,264,0.529058,2.55274,5.74861,1.43672,0.198206,1.29797,20.5509,0.00250715,0.0387891,0.0651714,0.0808929,1,1.93926,-0.125345,0.125345,1.93926,1,1,0.114121,1.93993,0.011224,-0.000671317,0,0,0,0,0,0,0,0,0,0,0,0,0,0,0,0,0,0,0,0,0,0,0,255,0.21,0.979749,0.21,0.0894967,1.61832,1,1,1,1,0,1,1,-0.503256,-3.15295,0.142614,0.268286,-0.0646446,0.0395004,53.1555,3942,1,367,97.1814,986,0,0.000884653,0.0106732,0.0140997,0,0,0,1,264,0.215,0.00211904,0.0328795,0.0070691,-0.000455593,0.00678201,-0.00203773,-0.375754,0.114118,0.00226343,-0.0253294,-0.2275,-0.00084841,-0.00288666,-0.0392894,14.1694,1,0,0,0,0,0,-1,1,-9.04572e-07,-3.41785e-06,-0.228399,0,0.180761,1,1010,1010,1010,1010,0,0,0,0,0.185038,53,0.14478,1.90044,13,0.119059,1.93685,54,0.101777,1.88819,26,0.157413,1.88101,5,0.0706578,1.99194,6,0.0940402,1.9338,46,0.190741,1.98516,45,0.110125,1.99059,16,0.0488395,2.02002
4415392577485,4415381226000,4415381226000,4415392566373,73729,11.3404,4415403315803,22.0898,0,4788,15109,0,0,1,0,0,0.007985,500,500,299,0.598,2.58708,4.40737,1.01829,0.215095,0.748718,10.3801,0.00146515,0.0183947,-0.259391,0.448236,1,2.30365,-0.183488,0.183488,2.30365,1,1,0.161526,2.30197,0.0219612,0.00168627,0,0,0,0,0,0,0,0,0,0,0,0,0,0,0,0,0,0,0,0,0,0,0,255,0.21,5.08538,0.21,0.143885,2.06717,1,1,1,1,1,1,1,-0.48726,-3.15734,0.143283,0.316636,-0.0861402,0.0408437,11.2113,3943,1,367,108.407,986,0,0.000884653,0.0106732,0.0140997,0,0,0,1,299,0.215,0.00124008,0.0155865,0.0033511,-0.000266618,0.00320162,-0.00102162,-0.372553,0.113097,0.00212794,-0.024922,-0.229462,-0.0147444,0.00725095,-0.0873419,9.71742,2,0,0,0,0,0,-1,1,-9.04572e-07,-3.41785e-06,-0.228399,0,11.4179,1,1010,1010,1010,1010,0,0,0,0,11.4222,53,0.322872,2.37042,16,0.194847,1.83991,0,0,0,41,0.26315,2.31977,46,0.13031,2.03037,17,0.156243,2.10687,52,0.220473,2.47079,55,0.0443627,2.46231,19,0.0709957,2.50507
4415403875530,4415393201000,4415393201000,4415403864716,73729,10.6637,4415415744285,22.5433,0,4788,15110,0,0,1,0,0,0.011975,481,481,398,0.827443,2.56537,4.30195,0.772396,0.279558,0.821518,11.1784,0.00155025,0.0209245,0.0792568,0.0714389,1,1.74735,-0.129457,0.129457,1.74735,1,1,0.107852,1.74334,0.0216046,0.00400314,0,0,0,0,0,0,0,0,0,0,0,0,0,0,0,0,0,0,0,0,0,0,0,255,0.21,5.61479,0.21,0.124858,1.49736,1,1,1,1,0,1,1,-0.48726,-3.15734,0.143283,0.316636,-0.0861402,0.0408437,23.6384,3943,1,367,120.834,986,0,0.000884653,0.0106732,0.0140997,0,0,0,1,398,0.215,0.00131444,0.0177329,0.00381257,-0.000282604,0.00364609,-0.00114567,-0.368906,0.111951,0.00177471,-0.0250837,-0.230439,-0.0336179,0.0172135,-0.101214,12.1984,1,0,0,0,0,0,-1,1,-9.04572e-07,-3.41785e-06,-0.228399,0,23.9001,1,1010,1010,1010,1010,0,0,0,0,23.9043,55,0.136624,1.73982,46,0.137478,1.69224,55,0.111006,1.77428,41,0.155728,1.72871,29,0.122579,1.68548,37,0.11812,1.73827,27,0.197702,1.88844,53,0.111557,1.80209,55,0.127191,1.74236
4415416292975,4415401231000,4415401231000,4415416282049,73729,15.051,4415428215841,26.9848,0,4788,15111,0,0,1,0,0,0.00803,481,481,414,0.860707,2.55732,4.45195,0.850545,0.279613,0.496445,11.1571,0.00105486,0.0208528,0.10046,0.0672545,1,2.59686,-0.131365,0.131365,2.59686,1,1,0.103716,2.59582,0.0276488,0.00104195,0,0,0,0,0,0,0,0,0,0,0,0,0,0,0,0,0,0,0,0,0,0,0,255,0.21,8.45732,0.21,0.127513,2.20434,1,1,1,1,0,1,1,-0.48726,-3.15734,0.143283,0.316636,-0.0861402,0.0408437,36.1161,3943,1,367,133.311,986,0,0.000884653,0.0106732,0.0140997,0,0,0,1,414,0.215,0.000894019,0.017672,0.00379948,-0.000192214,0.00365251,-0.00105981,-0.365254,0.110891,0.00173442,-0.0249707,-0.231842,-0.0294699,0.0044804,-0.118688,12.2395,1,0,0,0,0,0,-1,1,-9.04572e-07,-3.41785e-06,-0.228399,0,36.3579,1,1010,1010,1010,1010,0,0,0,0,36.3622,55,0.132674,2.62719,41,0.157457,2.50861,56,0.107918,2.69096,48,0.164583,2.60316,31,0.13922,2.38747,44,0.0946077,2.58117,30,0.15941,2.80086,55,0.0869617,2.70292,54,0.124761,2.55628
4415428756513,4415413253000,4415413253000,4415428744642,73729,15.4916,4415442190596,28.9376,0,4788,15112,0,0,1,0,0,0.012022,500,499,298,0.597194,2.57845,5.2957,1.04908,0.215243,0.890007,10.9306,0.00196572,0.0200786,0.0675405,0.180494,1,1.67015,-0.16351,0.16351,1.67015,1,1,0.117788,1.66179,0.0457222,0.00836163,0,0,0,0,0,0,0,0,0,0,0,0,0,0,0,0,0,0,0,0,0,0,0,255,0.21,0.67271,0.21,0.170273,1.44624,1,1,1,1,0,1,1,-0.48726,-3.15734,0.143283,0.316636,-0.0861402,0.0408437,50.0834,3943,1,367,147.279,986,0,0.000884653,0.0106732,0.0140997,0,0,0,1,298,0.215,0.00166528,0.0170052,0.00365611,-0.000358036,0.00347321,-0.00119349,-0.361781,0.109698,0.00252945,-0.0243112,-0.233343,0.0206474,0.035955,-0.140766,13.7964,1,0,0,0,0,0,-1,1,-9.04573e-07,-3.41785e-06,-0.23494,0,0.193724,1,1010,1010,1010,1010,0,0,0,0,0.197539,17,0.159529,1.71055,8,0.215795,1.50698,2,0,0,54,0.20499,1.67044,46,0.148725,1.59624,25,0.105519,1.72204,41,0.226025,1.74778,55,0.148995,1.75425,50,0.107286,1.73019
4415442675341,4415429236000,4415429236000,4415442668564,73729,13.4326,4415458855598,29.6196,1,4789,15113,0,0,1,0,0,0.015983,500,487,217,0.445585,2.63165,8.0512,2.14167,0.172946,3.35742,23.292,0.00633457,0.0437732,0.103732,-0.0801245,1,2.73874,-0.396331,0.396331,2.73874,1,1,0.345445,2.72685,0.0508866,0.0118852,0,0,0,0,0,0,0,0,0,0,0,0,0,0,0,0,0,0,0,0,0,0,0,255,0.21,4.42489,0.21,0.361724,2.3165,1,1,1,1,1,1,1,-0.469485,-3.16272,0.144369,0.337558,-0.102099,0.0409539,16.6592,3944,1,367,163.951,986,0,0.000884653,0.0106732,0.0140997,0,0,0,1,217,0.215,0.00537368,0.0371064,0.00797787,-0.00115534,0.00748308,-0.0029917,-0.354298,0.106706,0.00281794,-0.0236894,-0.236473,0.0252065,0.0511063,-0.154885,15.2075,2,0,0,0,0,0,-1,1,-9.04573e-07,-3.41785e-06,-0.23494,0,16.837,1,1010,1010,1010,1010,0,0,0,0,16.8408,48,0.393535,2.79022,5,0.449047,2.67077,31,0.408973,2.77901,39,0.384419,2.77448,17,0.399259,2.66491,24,0.444065,2.69377,12,0.353509,2.65933,23,0.369064,2.7523,18,0.427034,2.76469
4415459372139,4415449246000,4415449246000,4415459366102,73729,10.1201,4415475897084,26.6511,1,4790,15114,0,0,1,0,0,0.02001,500,450,197,0.437778,2.6273,7.94787,2.02841,0.164113,2.71768,22.5573,0.00485947,0.0423842,0.00977746,-0.0884706,1,2.11815,-0.242852,0.242852,2.11815,1,1,0.197185,2.11127,0.0456665,0.00687365,0,0,0,0,0,0,0,0,0,0,0,0,0,0,0,0,0,0,0,0,0,0,0,255,0.21,0.797044,0.21,0.198967,1.75481,1,1,1,1,0,1,1,-0.469485,-3.16272,0.144369,0.337558,-0.102099,0.0409539,33.6981,3944,1,367,180.99,986,0,0.000884653,0.0106732,0.0140997,0,0,0,1,197,0.215,0.0041225,0.0359261,0.00772411,-0.000886337,0.00729578,-0.00268084,-0.347002,0.104025,0.00301339,-0.0235532,-0.237855,0.0121192,0.0295567,-0.147397,16.8737,1,0,0,0,0,0,-1,1,-9.04573e-07,-3.41785e-06,-0.23494,0,33.8829,1,1010,1010,1010,1010,0,0,0,0,33.8867,50,0.257707,2.14942,4,0.178335,2.17778,19,0.271824,2.07847,29,0.253875,2.1015,19,0.226893,2.16132,18,0.266472,2.11947,21,0.225271,2.1487,21,0.244227,2.04692,16,0.266441,2.14787
4415476335736,4415461224000,4415461224000,4415476325866,73729,15.1019,4415489924543,28.7005,0,4790,15115,0,0,1,0,0,0.011978,500,496,302,0.608871,2.62077,4.98645,0.92899,0.223354,1.57531,11.0646,0.00316337,0.020849,0.115648,-0.0332146,1,1.74061,-0.264099,0.264099,1.74061,1,1,0.223069,1.73609,0.0410294,0.00452011,0,0,0,0,0,0,0,0,0,0,0,0,0,0,0,0,0,0,0,0,0,0,0,255,0.21,7.57929,0.21,0.216247,1.45174,1,1,1,1,0,1,1,-0.451503,-3.16872,0.144978,0.333551,-0.112564,0.0401992,1.02836,3945,1,367,195.008,986,0,0.000884653,0.0106732,0.0140997,0,0,0,1,302,0.215,0.00267969,0.0176708,0.00379922,-0.000576134,0.00355002,-0.0014683,-0.343452,0.102557,0.00357598,-0.0232147,-0.241642,0.0139823,0.0194365,-0.129955,0.86173,3,0,0,0,0,0,-1,1,-9.04573e-07,-3.41785e-06,-0.241563,0,1.23418,1,1010,1010,1010,1010,0,0,0,0,1.23818,55,0.255552,1.82312,16,0.317091,1.66695,7,0.2541,1.75511,45,0.245777,1.71979,46,0.248315,1.74386,12,0.37293,1.83154,49,0.271558,1.77973,49,0.23457,1.7036,23,0.28402,1.73915
4415490365640,4415481221000,4415481221000,4415490360732,73729,9.13973,4415504991104,23.7701,1,4791,15116,0,0,1,0,0,0.019997,500,491,225,0.458248,2.59715,6.8248,2.30635,0.173946,2.87581,22.4558,0.00579417,0.0426372,0.168568,-0.0983803,1,2.13218,-0.289752,0.289752,2.13218,1,1,0.252755,2.12877,0.036997,0.00340753,0,0,0,0,0,0,0,0,0,0,0,0,0,0,0,0,0,0,0,0,0,0,0,255,0.21,1.32086,0.21,0.233818,1.78197,1,1,1,1,0,1,1,-0.451503,-3.16872,0.144978,0.333551,-0.112564,0.0401992,16.1042,3945,1,367,15.0562,987,0,0.000884653,0.0153685,0.00384969,0,0,0,1,225,0.215,0.0049116,0.0361395,0.00776999,-0.00105599,0.0072896,-0.00288416,-0.336162,0.0996727,0.00357598,-0.0232147,-0.241642,0.00829474,0.0146524,-0.120634,15.9585,0,0,0,0,0,0,-1,1,-9.04573e-07,-3.41785e-06,-0.241563,0,16.282,1,1010,1010,1010,1010,0,0,0,0,16.286,49,0.272705,2.1736,5,0.3452,2.14354,17,0.312085,2.16226,32,0.247206,2.08919,25,0.303435,2.12611,18,0.30925,2.18114,30,0.278954,2.17001,33,0.299898,2.09864,16,0.318661,2.09499
4415505418830,4415489242000,4415489242000,4415505408830,73729,16.1668,4415517191769,27.9498,0,4791,15117,0,0,1,0,0,0.008021,499,491,322,0.655804,2.63747,4.74088,0.925268,0.228595,1.54181,10.9666,0.00295386,0.0203262,0.0106958,0.0432115,1,2.53412,-0.368266,0.368266,2.53412,1,1,0.327098,2.52838,0.0411676,0.00574338,0,0,0,0,0,0,0,0,0,0,0,0,0,0,0,0,0,0,0,0,0,0,0,255,0.21,4.85108,0.21,0.321515,2.16337,1,1,1,1,1,1,1,-0.451503,-3.16872,0.144978,0.333551,-0.112564,0.0401992,28.3053,3945,1,367,27.2573,987,0,0.000884653,0.0153685,0.00384969,0,0,0,1,322,0.215,0.00250082,0.017219,0.00370209,-0.000537676,0.00345947,-0.00142128,-0.332703,0.0982514,0.00450097,-0.0225773,-0.245554,0.0204057,0.0246965,-0.125292,3.24625,3,0,0,0,0,0,-1,1,-9.04573e-07,-3.41785e-06,-0.241563,0,28.5204,1,1010,1010,1010,1010,0,0,0,0,28.5244,6,0.288356,2.54813,13,0.427383,2.31504,39,0.370556,2.58974,41,0.378402,2.51705,38,0.323789,2.6577,36,0.329069,2.58246,49,0.418715,2.57202,49,0.333175,2.53377,51,0.377011,2.56047
4415517717941,4415509243000,4415509243000,4415517711644,73729,8.46864,4415534919799,25.6768,1,4792,15118,0,0,1,0,0,0.020001,495,484,174,0.359504,2.62819,7.54605,4.02335,0.153149,3.77032,23.1388,0.00754733,0.0438375,0.138784,-0.079302,1,2.19176,-0.377347,0.377347,2.19176,1,1,0.331773,2.18502,0.0455742,0.0067471,0,0,0,0,0,0,0,0,0,0,0,0,0,0,0,0,0,0,0,0,0,0,0,255,0.21,8.28306,0.21,0.313006,1.83714,1,1,1,1,0,1,1,-0.451503,-3.16872,0.144978,0.333551,-0.112564,0.0401992,46.0327,3945,1,367,44.9846,987,0,0.000884653,0.0153685,0.00384969,0,0,0,1,174,0.215,0.00640947,0.0371615,0.00798971,-0.00137804,0.00741322,-0.00327847,-0.32529,0.0949729,0.00450097,-0.0225773,-0.245554,0.0313621,0.0290125,-0.131686,21.0224,0,0,0,0,0,0,-1,1,-9.04573e-07,-3.41785e-06,-0.241563,0,46.198,1,1010,1010,1010,1010,0,0,0,0,0.098131,44,0.36743,2.21169,1,0,0,1,0,0,23,0.373224,2.16643,11,0.403084,2.25239,14,0.380162,2.18654,23,0.33622,2.13847,23,0.345158,2.15267,34,0.388535,2.226
4415535340413,4415521217000,4415521217000,4415535331154,73729,14.1142,4415548809016,27.592,0,4792,15119,0,0,1,0,0,0.011974,495,490,278,0.567347,2.61619,5.28899,1.20631,0.196335,1.8777,11.5213,0.00377318,0.0220906,0.183977,-0.183044,1,1.84488,-0.315115,0.315115,1.84488,1,1,0.265573,1.83882,0.0495417,0.00606655,0,0,0,0,0,0,0,0,0,0,0,0,0,0,0,0,0,0,0,0,0,0,0,255,0.21,5.64883,0.21,0.241428,1.52192,1,1,1,1,0,1,1,-0.432716,-3.17579,0.145534,0.354266,-0.128593,0.0396767,4.0732,3946,1,367,58.865,987,0,0.000884653,0.0153685,0.00384969,0,0,0,1,278,0.215,0.00320043,0.0187221,0.00402525,-0.000688093,0.00372873,-0.00166295,-0.321561,0.09331,0.00518878,-0.0220788,-0.250165,0.0224573,0.0260862,-0.152458,3.88072,3,0,0,0,0,0,-1,1,-9.04573e-07,-3.41785e-06,-0.248471,0,4.27763,1,1010,1010,1010,1010,0,0,0,0,14.0178,52,0.279116,1.87528,2,0,0,2,0,0,38,0.275599,1.85565,34,0.313615,1.8307,37,0.316417,1.84754,35,0.271106,1.83166,49,0.319712,1.82524,29,0.372993,1.877
4415549256001,4415529244000,4415529244000,4415549245612,73729,20.0016,4415561247701,32.0037,0,4792,15120,0,0,1,0,0,0.008027,500,492,321,0.652439,2.66478,5.27081,0.822155,0.223225,1.82779,11.4781,0.00359886,0.0217157,0.171331,-0.205351,1,2.70533,-0.448344,0.448344,2.70533,1,1,0.398026,2.70002,0.0503179,0.00531097,0,0,0,0,0,0,0,0,0,0,0,0,0,0,0,0,0,0,0,0,0,0,0,255,0.21,-0.741174,0.21,0.35687,2.25277,1,1,1,1,0,1,1,-0.432716,-3.17579,0.145534,0.354266,-0.128593,0.0396767,16.5461,3946,1,367,71.338,987,0,0.000884653,0.0153685,0.00384969,0,0,0,1,321,0.215,0.00305281,0.0184049,0.00395705,-0.000656353,0.00367052,-0.00161532,-0.31789,0.0916947,0.00518878,-0.0220788,-0.250165,0.0198801,0.0228372,-0.15719,16.3033,0,0,0,0,0,0,-1,1,-9.04573e-07,-3.41785e-06,-0.248471,0,16.7622,1,1010,1010,1010,1010,0,0,0,0,26.5023,51,0.38215,2.74169,4,0.54411,2.66129,8,0.388396,2.72917,48,0.46535,2.78142,35,0.484904,2.7047,39,0.4887,2.76655,49,0.413123,2.61988,42,0.463881,2.66997,45,0.50709,2.78006
4415561758799,4415549259000,4415549259000,4415561753243,73729,12.4942,4415580567041,31.308,1,4793,15121,0,0,1,0,0,0.020015,500,487,152,0.312115,2.65615,8.50685,5.04492,0.134946,4.01168,24.3521,0.00774029,0.0460527,0.11519,-0.116782,1,2.30091,-0.386725,0.386725,2.30091,1,1,0.331966,2.29058,0.0547589,0.0103338,0,0,0,0,0,0,0,0,0,0,0,0,0,0,0,0,0,0,0,0,0,0,0,255,0.21,1.57996,0.21,0.318924,1.92319,1,1,1,1,1,1,1,-0.432716,-3.17579,0.145534,0.354266,-0.128593,0.0396767,35.8419,3946,1,367,90.6338,987,0,0.000884653,0.0153685,0.00384969,0,0,0,1,152,0.215,0.00657349,0.0390317,0.00839181,-0.0014133,0.00777257,-0.00346076,-0.310118,0.0882339,0.00547233,-0.0216246,-0.252018,0.0200557,0.0444355,-0.172326,19.162,1,0,0,0,0,0,-1,1,-9.04573e-07,-3.41785e-06,-0.248471,0,36.0045,1,1010,1010,1010,1010,0,0,0,0,45.7446,26,0.362016,2.28908,0,0,0,0,0,0,35,0.404401,2.3323,15,0.395133,2.31682,21,0.40045,2.35155,9,0.393651,2.13439,12,0.409874,2.24038,34,0.391054,2.29896
4415581046675,4415569237000,4415569237000,4415581040564,73729,11.8036,4415601023336,31.7863,1,4794,15122,0,0,1,0,0,0.019978,492,484,163,0.336777,2.6446,8.7243,5.02766,0.13902,3.9238,24.3953,0.00792391,0.0462546,0.160033,-0.0735533,1,2.31528,-0.396632,0.396632,2.31528,1,1,0.340327,2.30501,0.0563048,0.0102689,0,0,0,0,0,0,0,0,0,0,0,0,0,0,0,0,0,0,0,0,0,0,0,255,0.21,0.554468,0.21,0.325623,1.92331,1,1,1,1,0,1,1,-0.413084,-3.18349,0.146136,0.360211,-0.13131,0.0394795,10.4227,3947,1,367,111.084,987,0,0.000884653,0.0153685,0.00384969,0,0,0,1,163,0.215,0.00672805,0.0392007,0.00842815,-0.00144653,0.00778169,-0.00354182,-0.302336,0.0846921,0.00608945,-0.0205511,-0.257123,0.0192164,0.0441561,-0.178315,10.3018,3,0,0,0,0,0,-1,1,-9.04574e-07,-3.41785e-06,-0.256989,0,10.5763,1,1010,1010,1010,1010,0,0,0,0,10.585,23,0.376461,2.29665,0,0,0,2,0,0,39,0.426815,2.3505,9,0.372225,2.2341,26,0.387299,2.27822,15,0.414694,2.30685,9,0.390999,2.31849,40,0.393726,2.34688
4415601427969,4415589238000,4415589238000,4415601422377,73729,12.1844,4415619436001,30.198,1,4795,15123,0,0,1,0,0,0.020001,485,480,71,0.147917,2.61469,8.54467,4.92647,0.085705,3.25134,24.8764,0.00723165,0.0472679,0.184901,-0.246969,1,2.36328,-0.361564,0.361564,2.36328,1,1,0.322188,2.35306,0.0393763,0.0102222,0,0,0,0,0,0,0,0,0,0,0,0,0,0,0,0,0,0,0,0,0,0,0,255,0.21,0.615079,0.21,0.282322,1.93708,1,1,1,1,0,1,1,-0.413084,-3.18349,0.146136,0.360211,-0.13131,0.0394795,28.8369,3947,1,367,129.498,987,0,0.000884653,0.0153685,0.00384969,0,0,0,1,71,0.215,0.00612537,0.0400182,0.00860391,-0.00131696,0.00798045,-0.00347075,-0.294356,0.0812213,0.00593629,-0.0203869,-0.25832,-0.000664908,0.0439556,-0.135986,18.3215,1,0,0,0,0,0,-1,1,-9.04574e-07,-3.41785e-06,-0.256989,0,28.9976,1,1010,1010,1010,1010,0,0,0,0,29.0063,0,0,0,0,0,0,0,0,0,17,0.415449,2.39726,13,0.326964,2.34211,20,0.382961,2.40143,2,0,0,4,0.109106,2.28933,15,0.399708,2.35633
4415619872690,4415609232000,4415609232000,4415619866246,73729,10.6342,4415638228540,28.9965,1,4796,15124,0,0,1,0,0,0.019994,484,473,111,0.234672,2.5706,8.58647,4.99475,0.110816,2.77414,24.6973,0.00621664,0.0462161,0.139509,-0.022529,1,2.3115,-0.310925,0.310925,2.3115,1,1,0.298515,2.3065,0.0124103,0.0049955,0,0,0,0,0,0,0,0,0,0,0,0,0,0,0,0,0,0,0,0,0,0,0,255,0.21,6.50504,0.21,0.271177,1.92226,1,1,1,1,1,1,1,-0.393845,-3.19105,0.147057,0.373899,-0.134707,0.0495862,0.117298,3948,1,367,148.282,987,0,0.000884653,0.0153685,0.00384969,0,0,0,1,111,0.215,0.00527151,0.0391465,0.0084165,-0.00113337,0.00784056,-0.00325923,-0.286515,0.0779621,0.00474425,-0.0194366,-0.26008,-0.0275812,0.0214807,-0.0647565,0.015741,4,0,0,0,0,0,-1,1,-9.04574e-07,-3.41785e-06,-0.259975,0,0.261595,1,1010,1010,1010,1010,0,0,0,0,0.265002,4,0.308339,2.17694,0,0,0,0,0,0,24,0.317202,2.26924,7,0.393313,2.3125,26,0.271356,2.26797,12,0.37209,2.45454,5,0.374489,2.27889,33,0.289629,2.33074
4415638657785,4415629242000,4415629242000,4415638653322,73729,9.41132,4415656381851,27.1399,1,4797,15125,0,0,1,0,0,0.02001,463,458,75,0.163755,2.56811,8.79826,4.89619,0.088482,2.08865,24.3162,0.00484267,0.0456124,0.223214,0.029711,1,2.27948,-0.242013,0.242013,2.27948,1,1,0.244326,2.27388,-0.00231316,0.00560329,0,0,0,0,0,0,0,0,0,0,0,0,0,0,0,0,0,0,0,0,0,0,0,255,0.21,6.84143,0.21,0.212372,1.82177,1,1,1,2,0,1,1,-0.393845,-3.19105,0.147057,0.373899,-0.134707,0.0495862,18.2807,3948,1,367,166.445,987,0,0.000884653,0.0153685,0.00384969,0,0,0,1,75,0.215,0.00411232,0.0386419,0.008308,-0.000884149,0.0077998,-0.00299049,-0.278715,0.0749716,0.00474425,-0.0194366,-0.26008,-0.0397421,0.0240941,-0.0238364,18.1849,0,0,0,0,0,0,-1,1,-9.04574e-07,-3.41785e-06,-0.259975,0,18.4131,1,1010,1010,1010,1010,0,0,0,0,18.4165,7,0.175825,2.29049,0,0,0,0,0,0,19,0.211491,2.31121,8,0.326855,2.31664,0,0,0,8,0.215463,2.18125,9,0.235183,2.33933,24,0.239864,2.25364
4415656771966,4415637273000,4415637273000,4415656760762,73729,19.4878,4415670352402,33.0794,0,4797,15126,0,0,1,0,0,0.008031,477,475,241,0.507368,2.57088,5.78301,1.29784,0.179761,1.02892,12.2336,0.00229387,0.023017,0.146003,-0.0163789,1,2.86602,-0.285627,0.285627,2.86602,1,1,0.302174,2.85918,-0.016547,0.00684051,0,0,0,0,0,0,0,0,0,0,0,0,0,0,0,0,0,0,0,0,0,0,0,255,0.21,5.15647,0.21,0.29957,2.66951,1,1,1,1,0,1,1,-0.393845,-3.19105,0.147057,0.373899,-0.134707,0.0495862,32.2559,3948,1,367,180.42,987,0,0.000884653,0.0153685,0.00384969,0,0,0,1,241,0.215,0.00194292,0.0194971,0.00419188,-0.000417728,0.00394407,-0.00147804,-0.274771,0.0734936,0.0037417,-0.0189487,-0.259211,-0.0474993,0.0294142,0.0189223,13.7768,2,0,0,0,0,0,-1,1,-9.04574e-07,-3.41785e-06,-0.259975,0,32.4448,1,1010,1010,1010,1010,0,0,0,0,32.4483,13,0.274437,2.83921,0,0,0,5,0.233572,2.93459,47,0.21016,2.85951,28,0.294732,2.88289,38,0.236331,2.98223,30,0.286377,2.85994,28,0.326813,2.87149,52,0.285938,2.8212
4415670792351,4415657246000,4415657246000,4415670787777,73729,13.5418,4415689446722,32.2007,1,4798,15127,0,0,1,0,0,0.019973,479,475,73,0.153684,2.59987,9.18282,4.97745,0.085723,2.1377,24.4396,0.00530721,0.0486019,-0.00861208,-0.483243,1,2.43338,-0.265719,0.265719,2.43338,1,1,0.288327,2.42871,-0.0226076,0.00466667,0,0,0,0,0,0,0,0,0,0,0,0,0,0,0,0,0,0,0,0,0,0,0,255,0.21,8.28141,0.21,0.222293,1.94833,1,1,1,1,1,1,1,-0.374281,-3.19875,0.147735,0.381101,-0.132024,0.041818,2.10196,3949,1,367,199.504,987,0,0.000884653,0.0153685,0.00384969,0,0,0,1,73,0.215,0.00449446,0.0411517,0.00884762,-0.00096631,0.0083088,-0.00318648,-0.266462,0.0703071,0.00400799,-0.0180827,-0.257405,-0.00180862,0.0200667,0.0763232,2.06631,2,0,0,0,0,0,-1,1,-9.04573e-07,-3.41785e-06,-0.256285,0,2.22865,1,1010,1010,1010,1010,0,0,0,0,2.23409,1,0,0,0,0,0,1,0,0,3,0.276863,2.49009,16,0.1852,2.40342,10,0.263128,2.37844,4,0.234532,2.29207,15,0.204477,2.47368,23,0.315117,2.4324
4415689880226,4415677253000,4415677253000,4415689872429,73729,12.6194,4415709061639,31.8086,1,4799,15128,0,0,1,0,0,0.020007,485,481,89,0.185031,2.59991,9.14803,4.9529,0.098852,2.6394,24.5025,0.00538374,0.0462524,-0.00510743,-0.0370883,1,2.31181,-0.269093,0.269093,2.31181,1,1,0.293234,2.30141,-0.0241411,0.0104021,0,0,0,0,0,0,0,0,0,0,0,0,0,0,0,0,0,0,0,0,0,0,0,255,0.21,6.65417,0.21,0.238398,1.95118,1,1,1,1,0,1,1,-0.374281,-3.19875,0.147735,0.381101,-0.132024,0.041818,21.7144,3949,1,367,3.96353,988,0,0.000884653,0.0158676,0.0053754,0,0,0,1,89,0.215,0.00457058,0.0391802,0.00842373,-0.000982675,0.00790469,-0.00306963,-0.258558,0.0672375,0.00462951,-0.0165605,-0.254262,0.0238889,0.0447288,0.102156,3.86291,3,0,0,0,0,0,-1,1,-9.04573e-07,-3.41785e-06,-0.256285,0,21.8563,1,1010,1010,1010,1010,0,0,0,0,21.8617,6,0.387405,2.31317,0,0,0,1,0,0,11,0.290175,2.34276,15,0.235703,2.30807,10,0.233863,2.2649,2,0,0,20,0.226716,2.32184,24,0.265885,2.3323
4415709449549,4415697254000,4415697254000,4415709444809,73729,12.1908,4415729138300,31.8843,1,4800,15129,0,0,1,0,0,0.020001,500,496,47,0.0947581,2.62289,10.4569,4.95745,0.074019,2.29134,25.1116,0.00303785,0.0404754,0.230116,1.17357,1,2.02367,-0.151885,0.151885,2.02367,1,1,0.176769,2.01381,-0.0248846,0.00985598,0,0,0,0,0,0,0,0,0,0,0,0,0,0,0,0,0,0,0,0,0,0,0,255,0.21,7.01751,0.21,0.158595,1.96982,1,1,1,1,0,1,1,-0.374281,-3.19875,0.147735,0.381101,-0.132024,0.041818,41.8013,3949,1,367,24.0505,988,0,0.000884653,0.0158676,0.0053754,0,0,0,1,47,0.215,0.00257066,0.0342679,0.00736759,-0.000552691,0.00699076,-0.00238785,-0.251567,0.0648496,0.00462951,-0.0165605,-0.254262,0.0245937,0.0423807,0.105278,23.9454,0,0,0,0,0,0,-1,1,-9.04573e-07,-3.41785e-06,-0.256285,0,41.9437,1,1010,1010,1010,1010,0,0,0,0,41.9491,1,0,0,1,0,0,0,0,0,11,0.547535,2.16688,8,0.209102,2.20352,13,0.0500152,2.09399,0,0,0,2,0,0,11,0.0444368,2.16384
4415729550785,4415717257000,4415717257000,4415729544822,73729,12.2878,4415749946913,32.6899,1,4801,15130,0,0,1,0,0,0.020003,495,486,26,0.0534979,2.59747,11.3132,4.92378,0.061889,2.04532,25.5032,-0.00642433,0.0381155,-0.150809,2.47012,1,1.90549,0.321168,-0.321168,1.90549,1,1,-0.283814,1.89217,-0.0373538,0.0133212,0,0,0,0,0,0,0,0,0,0,0,0,0,0,0,0,0,0,0,0,0,0,0,255,0.21,6.29676,0.21,0.142107,2.02838,1,1,1,1,1,1,1,-0.354976,-3.20612,0.148486,0.399879,-0.133524,0.0442274,10.1509,3950,1,367,44.8577,988,0,0.000884653,0.0158676,0.0053754,0,0,0,1,26,0.215,-0.00548823,0.0322455,0.00693279,0.00117997,0.00700833,-0.00057302,-0.244559,0.0642766,0.00404416,-0.0143496,-0.250184,-0.00460243,0.057281,0.124815,10.0751,3,0,0,0,0,0,-1,1,-9.04573e-07,-3.41785e-06,-0.250095,0,10.2726,1,1010,1010,1010,1010,0,0,0,0,10.2762,1,0,0,1,0,0,1,0,0,2,0,0,1,0,0,16,-0.515113,2.06409,0,0,0,1,0,0,3,-0.587119,1.93728
4415750369231,4415737250000,4415737250000,4415750364361,73729,13.1144,4415770500523,33.2505,1,4802,15131,0,0,1,0,0,0.019993,499,475,53,0.111579,2.63412,10.9184,4.96082,0.075593,1.70999,25.8451,0.00227925,0.0481761,-0.156709,0.203951,1,2.40965,-0.114002,0.114002,2.40965,1,1,0.167048,2.40029,-0.0530452,0.0093621,0,0,0,0,0,0,0,0,0,0,0,0,0,0,0,0,0,0,0,0,0,0,0,255,0.21,7.0414,0.21,0.121018,2.02047,1,1,1,1,0,1,1,-0.354976,-3.20612,0.148486,0.399879,-0.133524,0.0442274,30.7067,3950,1,367,65.4135,988,0,0.000884653,0.0158676,0.0053754,0,0,0,1,53,0.215,0.00191262,0.0407881,0.00876944,-0.000411213,0.00839851,-0.00255396,-0.23616,0.0617226,0.0036138,-0.0139499,-0.24835,-0.0308043,0.040257,0.157832,20.463,1,0,0,0,0,0,-1,1,-9.04573e-07,-3.41785e-06,-0.250095,0,30.8505,1,1010,1010,1010,1010,0,0,0,0,30.8542,0,0,0,0,0,0,1,0,0,0,0,0,8,0.0777369,2.31986,20,0.077393,2.39341,7,0.129845,2.3379,12,0.148002,2.44355,5,0.135282,2.52418
4415770914175,4415757256000,4415757256000,4415770908490,73729,13.6525,4415791564064,34.3081,1,4803,15132,0,0,1,0,0,0.020006,500,484,72,0.14876,2.63602,11.3115,4.98066,0.086908,1.41495,26.9963,0.00208023,0.0533209,-0.375455,-0.249368,1,2.66524,-0.10398,0.10398,2.66524,1,1,0.174021,2.6568,-0.0700404,0.00844524,0,0,0,0,0,0,0,0,0,0,0,0,0,0,0,0,0,0,0,0,0,0,0,255,0.21,7.4002,0.21,0.108875,2.15405,1,1,1,1,0,1,1,-0.335082,-3.21364,0.149457,0.41423,-0.145458,0.0419804,4.58078,3951,1,367,86.4686,988,0,0.000884653,0.0158676,0.0053754,0,0,0,1,72,0.215,0.00176502,0.0451702,0.0097116,-0.000379479,0.00933894,-0.00268876,-0.226821,0.0590339,0.00252298,-0.0122214,-0.24127,-0.0266515,0.0363146,0.219618,4.57354,3,0,0,0,0,0,-1,1,-9.04573e-07,-3.41785e-06,-0.238854,0,0.127205,1,1010,1010,1010,1010,0,0,0,0,4.7168,3,0.0858381,2.70977,0,0,0,1,0,0,2,0,0,12,0.096327,2.63793,27,0.132994,2.7022,3,-0.0524849,2.72808,3,0.0624543,2.58423,21,0.113347,2.60663
4415791938215,4415777248000,4415777248000,4415791933752,73729,14.6858,4415812697902,35.4499,1,4804,15133,0,0,1,0,0,0.019992,500,472,67,0.141949,2.61747,11.3719,4.99106,0.08176,1.34409,27.249,0.0043101,0.0526968,0.0794867,-0.355634,1,2.63589,-0.215591,0.215591,2.63589,1,1,0.298374,2.627,-0.082783,0.00889409,0,0,0,0,0,0,0,0,0,0,0,0,0,0,0,0,0,0,0,0,0,0,0,255,0.21,8.06218,0.21,0.0883827,2.2009,1,1,1,1,1,1,1,-0.335082,-3.21364,0.149457,0.41423,-0.145458,0.0419804,25.7257,3951,1,367,107.613,988,0,0.000884653,0.0158676,0.0053754,0,0,0,1,67,0.215,0.00363906,0.044615,0.00959223,-0.000782398,0.00913404,-0.00302987,-0.217687,0.056004,0.0020805,-0.0117269,-0.238899,-0.0384954,0.0382446,0.253977,21.0454,1,0,0,0,0,0,-1,1,-9.04573e-07,-3.41785e-06,-0.238854,0,21.2966,1,1010,1010,1010,1010,0,0,0,0,25.8862,0,0,0,1,0,0,0,0,0,0,0,0,8,0.16648,2.60513,25,0.204499,2.63466,3,0.240847,2.48691,3,0.17238,2.58052,27,0.268928,2.6425
4415813168906,4415797254000,4415797254000,4415813160554,73729,15.9066,4415833629200,36.3752,1,4805,15134,0,0,1,0,0,0.020006,500,481,49,0.101871,2.66578,11.2214,4.9131,0.07526,1.66467,28.1958,0.00164974,0.0524213,-0.0999234,0.284139,1,2.62028,-0.0824623,0.0824623,2.62028,1,1,0.154274,2.6044,-0.0718118,0.0158844,0,0,0,0,0,0,0,0,0,0,0,0,0,0,0,0,0,0,0,0,0,0,0,255,0.21,9.04327,0.21,0.147427,2.25191,1,1,1,1,0,1,1,-0.335082,-3.21364,0.149457,0.41423,-0.145458,0.0419804,46.6524,3951,1,367,128.54,988,0,0.000884653,0.0158676,0.0053754,0,0,0,1,49,0.215,0.00138502,0.0443893,0.0095437,-0.000297779,0.00921098,-0.00251397,-0.208476,0.05349,0.00113319,-0.00982175,-0.235249,-0.0484833,0.0683029,0.208246,20.7909,2,0,0,0,0,0,-1,1,-9.04573e-07,-3.41785e-06,-0.238854,0,42.2179,1,1010,1010,1010,1010,0,0,0,0,46.8075,1,0,0,0,0,0,6,0.108591,2.68773,0,0,0,11,0.13459,2.7077,22,0.0679393,2.66231,3,0.30651,2.44444,0,0,0,6,0.108893,2.45844
4415834043519,4415829229000,4415829229000,4415834039834,73729,4.81083,4415858492312,29.2633,2,4807,15135,0,0,1,0,0,0.031975,500,476,20,0.0420168,2.65156,14.3559,5.04077,0.061501,3.15924,41.9359,-0.0315706,0.0364453,1.06647,4.77763,1,1.1398,0.987352,-0.987352,1.1398,1,1,-0.945974,1.13476,-0.0413779,0.00504163,0,0,0,0,0,0,0,0,0,0,0,0,0,0,0,0,0,0,0,0,0,0,0,255,0.21,-0.447967,0.21,0.155285,2.10608,1,1,1,1,0,1,1,-0.315443,-3.22152,0.150614,0.420648,-0.147962,0.0443034,13.1547,3952,1,367,153.405,988,0,0.000884653,0.0158676,0.0053754,0,0,0,1,20,0.215,-0.0268366,0.0308378,0.00663012,0.00576986,0.00777785,0.00409294,-0.200698,0.057583,-0.000547767,-0.00833578,-0.231737,-0.0487746,0.021679,0.10332,13.0215,4,0,0,0,0,0,-1,1,-9.04573e-07,-3.41785e-06,-0.232362,0,13.3137,1,1010,1010,1010,1010,0,0,0,0,13.3184,1,0,0,0,0,0,0,0,0,0,0,0,0,0,0,5,-1.21823,1.58871,0,0,0,0,0,0,14,-0.811942,1.05078
4415858893409,4415845307000,4415845307000,4415858885964,73729,13.579,4415878891940,33.5849,1,4808,15136,0,0,1,0,0,0.016078,500,475,34,0.0715789,2.63534,11.0571,4.91742,0.063371,3.00078,27.994,0.0231693,0.0526593,1.70803,-2.49991,1,3.27524,-1.44106,1.44106,3.27524,1,1,1.46094,3.25734,-0.0198803,0.0178955,0,0,0,0,0,0,0,0,0,0,0,0,0,0,0,0,0,0,0,0,0,0,0,255,0.21,4.078,0.21,0.365669,2.83497,1,1,1,1,1,1,1,-0.315443,-3.22152,0.150614,0.420648,-0.147962,0.0443034,33.5517,3952,1,367,173.803,988,0,0.000884653,0.0158676,0.0053754,0,0,0,1,34,0.215,0.0196318,0.0446004,0.00958909,-0.00422084,0.00837081,-0.00630004,-0.192327,0.0512829,-0.00134257,-0.00695961,-0.230515,-0.0112826,0.0769507,0.0593621,10.8191,2,0,0,0,0,0,-1,1,-9.04573e-07,-3.41785e-06,-0.232362,0,33.6947,1,1010,1010,1010,1010,0,0,0,0,33.6994,0,0,0,0,0,0,1,0,0,0,0,0,0,0,0,15,1.33721,3.10188,2,0,0,0,0,0,16,1.51246,3.57881
4415879337684,4415865270000,4415865270000,4415879332962,73729,14.063,4415900543134,35.2731,1,4809,15137,0,0,1,0,0,0.019963,500,489,57,0.116564,2.64347,11.9313,5.00558,0.07489,1.72348,29.1796,0.00151356,0.0556784,-0.293895,0.167024,1,2.78908,-0.0758183,0.0758183,2.78908,1,1,0.103997,2.77667,-0.0281783,0.0124081,0,0,0,0,0,0,0,0,0,0,0,0,0,0,0,0,0,0,0,0,0,0,0,255,0.21,4.20713,0.21,0.1319,2.28502,1,1,1,1,0,1,1,-0.29518,-3.22872,0.151455,0.427653,-0.137061,0.0411841,4.86725,3953,1,367,4.81886,989,0,0.000884653,0.016929,0.00436106,0,0,0,1,57,0.215,0.00127586,0.0471361,0.0101343,-0.000274311,0.00980796,-0.002565,-0.18252,0.0487179,-0.00224809,-0.00527855,-0.228732,-0.0437096,0.0533547,0.0619658,4.74378,3,0,0,0,0,0,-1,1,-9.04573e-07,-3.41785e-06,-0.229262,0,4.99751,1,1010,1010,1010,1010,0,0,0,0,5.00173,0,0,0,0,0,0,0,0,0,0,0,0,8,0.129927,2.75645,24,0.0928243,2.79372,0,0,0,10,0.0863342,2.88198,15,0.0195266,2.80908
4415900929804,4415885265000,4415885265000,4415900922267,73729,15.6573,4415921624990,36.36,1,4810,15138,0,0,1,0,0,0.019995,500,494,39,0.0789474,2.67554,11.5622,4.97197,0.067963,2.15622,29.3893,0.00182467,0.058995,-0.558321,-0.0432151,1,2.95049,-0.0912562,0.0912562,2.95049,1,1,0.113377,2.94066,-0.0221208,0.00982653,0,0,0,0,0,0,0,0,0,0,0,0,0,0,0,0,0,0,0,0,0,0,0,255,0.21,5.47466,0.21,0.2013,2.33042,1,1,1,1,0,1,1,-0.29518,-3.22872,0.151455,0.427653,-0.137061,0.0411841,25.9606,3953,1,367,25.9122,989,0,0.000884653,0.016929,0.00436106,0,0,0,1,39,0.215,0.00153852,0.0499573,0.0107408,-0.000330782,0.0103859,-0.00275753,-0.172134,0.0459604,-0.00224809,-0.00527855,-0.228732,-0.0230031,0.0422541,0.0576931,25.8337,0,0,0,0,0,0,-1,1,-9.04573e-07,-3.41785e-06,-0.229262,0,26.1037,1,1010,1010,1010,1010,0,0,0,0,26.1079,0,0,0,0,0,0,0,0,0,0,0,0,1,0,0,14,0.14631,2.92126,0,0,0,4,0.0915527,2.96722,20,0.0706636,2.94548
4415922023882,4415905260000,4415905260000,4415922019030,73729,16.759,4415942397787,37.1378,1,4811,15139,0,0,1,0,0,0.019995,500,491,44,0.089613,2.6931,11.0886,4.94341,0.072353,2.51216,30.5991,0.00424345,0.0576828,-0.222083,0.0738468,1,2.88486,-0.212226,0.212226,2.88486,1,1,0.22315,2.87782,-0.0109245,0.00703654,0,0,0,0,0,0,0,0,0,0,0,0,0,0,0,0,0,0,0,0,0,0,0,255,0.21,6.26046,0.21,0.228571,2.39881,1,1,1,1,1,1,1,-0.275261,-3.23575,0.151931,0.412383,-0.132513,0.0439093,4.44722,3954,1,367,46.682,989,0,0.000884653,0.016929,0.00436106,0,0,0,1,44,0.215,0.00357612,0.0488492,0.0105026,-0.000768867,0.0100552,-0.00312818,-0.162078,0.0428322,-0.0027358,-0.00445626,-0.228531,-0.0193458,0.0302571,0.0221036,4.42126,3,0,0,0,0,0,-1,1,-9.04573e-07,-3.41785e-06,-0.228915,0,4.59967,1,1010,1010,1010,1010,0,0,0,0,4.60317,2,0,0,0,0,0,3,0.206957,2.8833,0,0,0,6,0.220325,2.91455,18,0.191271,2.90495,12,0.220514,2.8736,2,0,0,1,0,0
4415942853939,4415925264000,4415925264000,4415942848347,73729,17.5843,4415963443624,38.1796,1,4812,15140,0,0,1,0,0,0.020004,500,499,20,0.0400802,2.85652,11.3758,4.94938,0.058816,2.42212,28.7902,0.00740421,0.0513841,0.593115,-0.100631,1,2.56869,-0.370136,0.370136,2.56869,1,1,0.364041,2.56385,0.00609596,0.00483972,0,0,0,0,0,0,0,0,0,0,0,0,0,0,0,0,0,0,0,0,0,0,0,255,0.21,6.75234,0.21,0.218005,2.25348,1,1,1,1,0,1,1,-0.275261,-3.23575,0.151931,0.412383,-0.132513,0.0439093,25.5005,3954,1,367,67.7352,989,0,0.000884653,0.016929,0.00436106,0,0,0,1,20,0.215,0.00624975,0.0435278,0.00935849,-0.0013437,0.00880955,-0.00343173,-0.153269,0.0394005,-0.00271786,-0.00425211,-0.228855,1.38307e-05,0.0208108,-0.020959,20.9582,1,0,0,0,0,0,-1,1,-9.04573e-07,-3.41785e-06,-0.228915,0,25.6573,1,1010,1010,1010,1010,0,0,0,0,25.6608,0,0,0,0,0,0,1,0,0,0,0,0,0,0,0,8,0.277301,2.55487,4,0.384959,2.47622,0,0,0,7,0.460488,2.64727
4415963876424,4415945280000,4415945280000,4415963871147,73729,18.5911,4415984246181,38.9662,1,4813,15141,0,0,1,0,0,0.020016,500,493,25,0.0507099,2.66954,11.2661,4.95273,0.060445,2.1367,27.2078,0.0107704,0.0360326,-0.0825616,1.83336,1,1.80019,-0.538089,0.538089,1.80019,1,1,0.527431,1.79025,0.0106578,0.00993585,0,0,0,0,0,0,0,0,0,0,0,0,0,0,0,0,0,0,0,0,0,0,0,255,0.2,6.0327,0.2,0.214894,2.10754,1,1,1,1,0,1,1,-0.275261,-3.23575,0.151931,0.412383,-0.132513,0.0439093,46.2953,3954,1,367,88.53,989,0,0.000884653,0.016929,0.00436106,0,0,0,1,25,0.205,0.00912443,0.0305118,0.00625492,-0.00187051,0.00566467,-0.00324555,-0.147604,0.036155,-0.00282037,-0.00349204,-0.229706,-0.00324083,0.040737,-0.0375503,20.6698,2,0,0,0,0,0,-1,1,-9.04573e-07,-3.41785e-06,-0.228915,0,46.4557,1,1010,1010,1010,1010,0,0,0,0,46.4592,0,0,0,3,1.1905,1.29997,2,0,0,0,0,0,1,0,0,0,0,0,13,0.707902,2.09792,0,0,0,6,-0.428282,2.05781
4415984677278,4415965288000,4415965288000,4415984671463,73729,19.3835,4416004903107,39.6151,1,4814,15142,0,0,1,0,0,0.020008,500,482,29,0.060166,2.67412,11.2043,4.92956,0.061112,2.23212,28.5348,-0.00397372,0.0477915,3.03451e-05,1.59209,1,2.38862,0.198607,-0.198607,2.38862,1,1,-0.201081,2.37738,0.00247456,0.0112428,0,0,0,0,0,0,0,0,0,0,0,0,0,0,0,0,0,0,0,0,0,0,0,255,0.21,6.0967,0.21,0.131932,2.15017,1,1,1,1,1,1,1,-0.255476,-3.24239,0.15258,0.404723,-0.123668,0.0405328,1.00766,3955,1,367,109.183,989,0,0.000884653,0.016929,0.00436106,0,0,0,1,29,0.215,-0.00339132,0.040475,0.00870212,0.000729133,0.00863915,-0.00127415,-0.138965,0.0348808,-0.00347059,-0.0017443,-0.230023,-0.0127062,0.0483442,-0.0186775,0.881396,4,0,0,0,0,0,-1,1,-9.04573e-07,-3.41785e-06,-0.230415,0,1.12497,1,1010,1010,1010,1010,0,0,0,0,19.5413,1,0,0,0,0,0,2,0,0,0,0,0,2,0,0,14,-0.257939,2.63338,0,0,0,3,0.185526,2.32581,7,-0.226821,2.07369
4416005316833,4415985304000,4415985304000,4416005311000,73729,20.007,4416026442245,41.1382,1,4815,15143,0,0,1,0,0,0.020016,500,490,75,0.153061,2.66036,10.8242,5.03986,0.09163,1.61768,27.8842,0.00125245,0.0526805,-0.360365,0.184615,1,2.63192,-0.0625724,0.0625724,2.63192,1,1,0.0816113,2.62293,-0.0190389,0.00899549,0,0,0,0,0,0,0,0,0,0,0,0,0,0,0,0,0,0,0,0,0,0,0,255,0.21,6.01074,0.21,0.17639,2.24186,1,1,1,1,0,1,1,-0.255476,-3.24239,0.15258,0.404723,-0.123668,0.0405328,22.5486,3955,1,367,130.724,989,0,0.000884653,0.016929,0.00436106,0,0,0,1,75,0.215,0.00104782,0.0446015,0.00958933,-0.00022528,0.00928716,-0.00239887,-0.129678,0.0324819,-0.00376802,-0.00124768,-0.229287,-0.0223536,0.0386806,0.047611,21.4496,1,0,0,0,0,0,-1,1,-9.04573e-07,-3.41785e-06,-0.230415,0,22.6868,1,1010,1010,1010,1010,0,0,0,0,41.1031,0,0,0,0,0,0,0,0,0,0,0,0,5,0.0729038,2.64106,19,0.0863351,2.63277,11,0.0877349,2.6672,23,0.0450752,2.64918,17,0.0215661,2.62221
4416026830618,4416017240000,4416017240000,4416026825359,73729,9.58536,4416048393775,31.1538,2,4817,15144,0,0,1,0,0,0.031936,500,493,25,0.0507099,2.66708,12.3473,4.98143,0.058334,2.25989,41.5157,0.00313911,0.0805065,-0.249743,-0.0702686,1,2.52087,-0.0982939,0.0982939,2.52087,1,1,0.140325,2.51459,-0.042031,0.00628277,0,0,0,0,0,0,0,0,0,0,0,0,0,0,0,0,0,0,0,0,0,0,0,255,0.21,-0.727396,0.21,-0.106896,1.77385,1,1,1,1,0,1,1,-0.255476,-3.24239,0.15258,0.404723,-0.123668,0.0405328,44.5032,3955,1,367,152.679,989,0,0.000884653,0.016929,0.00436106,0,0,0,1,25,0.215,0.0026406,0.0681628,0.014655,-0.000567729,0.0141545,-0.00383955,-0.115523,0.0286424,-0.00438014,-0.000713838,-0.226167,-0.0261008,0.0270159,0.123706,21.816,2,0,0,0,0,0,-1,1,-9.04572e-07,-3.41785e-06,-0.224325,0,0.139946,1,1010,1010,1010,1010,0,0,0,0,0.144075,0,0,0,0,0,0,0,0,0,0,0,0,0,0,0,10,0.119325,2.56171,2,0,0,1,0,0,12,0.101839,2.50525
4416048802130,4416037253000,4416037253000,4416048796556,73729,11.5436,4416068771958,31.519,1,4818,15145,0,0,1,0,0,0.020013,500,496,65,0.131048,2.67763,10.6594,5.05227,0.081057,1.34702,27.211,0.00124436,0.0523351,-0.230638,-0.000471837,1,2.61506,-0.0621774,0.0621774,2.61506,1,1,0.124682,2.60702,-0.0625044,0.00803877,0,0,0,0,0,0,0,0,0,0,0,0,0,0,0,0,0,0,0,0,0,0,0,255,0.21,0.923952,0.21,0.394285,2.70352,1,1,1,1,1,1,1,-0.236145,-3.24872,0.153086,0.394694,-0.121033,0.0411119,20.3749,3956,1,367,173.069,989,0,0.000884653,0.016929,0.00436106,0,0,0,1,65,0.215,0.00104157,0.0443087,0.00952637,-0.000223938,0.00924737,-0.00229955,-0.106276,0.0263428,-0.00510712,0.000572164,-0.220225,-0.018839,0.0345667,0.199944,12.4559,3,0,0,0,0,0,-1,1,-9.04572e-07,-3.41785e-06,-0.224325,0,20.554,1,1010,1010,1010,1010,0,0,0,0,20.5581,0,0,0,0,0,0,0,0,0,1,0,0,4,0.191565,2.48926,6,0.0818302,2.68684,9,0.0377414,2.61372,12,0.0652083,2.69109,33,0.0566492,2.58752
4416069347574,4416057240000,4416057240000,4416069339611,73729,12.0996,4416088396004,31.156,1,4819,15146,0,0,1,0,0,0.019987,500,493,105,0.212982,2.82454,9.2624,4.99475,0.103334,0.952301,25.8219,0.000392214,0.0460001,0.137076,0.463901,1,2.3015,-0.0196235,0.0196235,2.3015,1,1,0.0817735,2.29487,-0.06215,0.00663572,0,0,0,0,0,0,0,0,0,0,0,0,0,0,0,0,0,0,0,0,0,0,0,255,0.21,1.14407,0.21,0.0414503,2.06041,1,1,1,1,0,1,1,-0.236145,-3.24872,0.153086,0.394694,-0.121033,0.0411119,39.9862,3956,1,367,192.68,989,0,0.000884653,0.016929,0.00436106,0,0,0,1,105,0.215,0.000323007,0.0389644,0.00837734,-6.94466e-05,0.00816332,-0.00188277,-0.0981127,0.0244601,-0.00533883,0.00109854,-0.218384,-0.0229004,0.0285336,0.195476,19.4327,1,0,0,0,0,0,-1,1,-9.04572e-07,-3.41785e-06,-0.215802,0,0.106594,1,1010,1010,1010,1010,0,0,0,0,0.110131,4,-0.247938,2.02088,0,0,0,2,0,0,0,0,0,11,0.0758354,2.22547,31,-0.0328773,2.32596,2,0,0,21,0.138391,2.3075,34,0.0182055,2.32098
4416088807359,4416073281000,4416073281000,4416088801322,73729,15.5203,4416108009921,34.7289,1,4820,15147,0,0,1,0,0,0.016041,500,494,75,0.151822,2.70099,9.69353,5.01867,0.087427,1.16882,25.7924,0.00244442,0.0496079,-0.120704,-0.202522,1,3.09257,-0.152386,0.152386,3.09257,1,1,0.196131,3.0861,-0.0437455,0.00646716,0,0,0,0,0,0,0,0,0,0,0,0,0,0,0,0,0,0,0,0,0,0,0,255,0.21,0.289021,0.21,0.103822,2.57188,1,1,1,1,0,1,1,-0.218463,-3.25481,0.153003,0.3695,-0.114312,0.0394806,19.5569,3957,1,367,2.05648,990,0,0.000884653,0.0175981,0.01686,0,0,0,1,75,0.215,0.00206373,0.0420124,0.00903266,-0.000443702,0.00873317,-0.00234888,-0.0893795,0.0221112,-0.00635869,0.00229676,-0.213661,-0.019478,0.0278088,0.134902,1.95187,4,0,0,0,0,0,-1,1,-9.04572e-07,-3.41785e-06,-0.215802,0,19.687,1,1010,1010,1010,1010,0,0,0,0,19.6906,0,0,0,0,0,0,6,0.183986,3.06569,0,0,0,9,0.103821,3.28582,15,0.174511,3.09128,1,0,0,25,0.128395,2.9956,19,0.183019,3.11595
4416108386072,4416093267000,4416093267000,4416108378998,73729,15.112,4416127276464,34.0095,1,4821,15148,0,0,1,0,0,0.019986,500,479,35,0.0730689,2.66315,9.71818,4.90902,0.066,1.38943,25.2517,-0.0200985,0.0412307,-0.0565763,4.10463,1,2.06298,1.00563,-1.00563,2.06298,1,1,-0.968543,2.06008,-0.0370874,0.00289583,0,0,0,0,0,0,0,0,0,0,0,0,0,0,0,0,0,0,0,0,0,0,0,255,0.21,-0.458467,0.21,0.0999827,2.0448,1,1,1,1,1,1,1,-0.218463,-3.25481,0.153003,0.3695,-0.114312,0.0394806,38.835,3957,1,367,21.3346,990,0,0.000884653,0.0175981,0.01686,0,0,0,1,35,0.215,-0.0170583,0.0349281,0.00750954,0.00366754,0.00811433,0.00199994,-0.0812652,0.0241111,-0.0068546,0.00235391,-0.212653,-0.0352509,0.0124521,0.09938,11.0663,1,0,0,0,0,0,-1,1,-9.04572e-07,-3.41785e-06,-0.215802,0,38.9822,1,1010,1010,1010,1010,0,0,0,0,38.9857,1,0,0,0,0,0,7,-1.00423,2.83275,0,0,0,1,0,0,22,-0.837463,2.02203,0,0,0,1,0,0,3,-0.935503,1.40072
4416127731523,4416113277000,4416113277000,4416127725282,73729,14.4483,4416146653860,33.3769,1,4822,15149,0,0,1,0,0,0.02001,500,491,63,0.12831,2.66186,9.47286,4.98919,0.084315,1.08392,25.1946,0.00219784,0.0480481,0.00300747,-0.128339,1,2.4012,-0.109837,0.109837,2.4012,1,1,0.151547,2.39834,-0.0417105,0.00286245,0,0,0,0,0,0,0,0,0,0,0,0,0,0,0,0,0,0,0,0,0,0,0,255,0.21,6.22481,0.21,0.0896314,2.00055,1,1,1,1,0,1,1,-0.218463,-3.25481,0.153003,0.3695,-0.114312,0.0394806,58.2062,3957,1,367,40.7058,990,0,0.000884653,0.0175981,0.01686,0,0,0,1,63,0.215,0.00184179,0.0406952,0.00874948,-0.000395985,0.00847168,-0.00222269,-0.0727935,0.0218884,-0.00714662,0.00260915,-0.211358,-0.0358556,0.0123085,0.1148,19.2779,1,0,0,0,0,0,-1,1,-9.04572e-07,-3.41785e-06,-0.209867,0,0.13102,1,1010,1010,1010,1010,0,0,0,0,0.134983,0,0,0,0,0,0,7,0.155991,2.37116,3,0.0851467,2.47292,1,0,0,23,0.149543,2.39426,21,0.122846,2.40657,5,-0.00855079,2.26675,3,0.0825344,2.29283
4416147056641,4416133276000,4416133276000,4416147049882,73729,13.7739,4416165875921,32.5999,1,4823,15150,0,0,1,0,0,0.019999,500,485,74,0.152577,2.66637,9.4011,4.99245,0.090001,1.23068,24.7662,0.0033913,0.0469025,0.223129,-0.0399584,1,2.34524,-0.169574,0.169574,2.34524,1,1,0.221936,2.34016,-0.0523619,0.00507731,0,0,0,0,0,0,0,0,0,0,0,0,0,0,0,0,0,0,0,0,0,0,0,255,0.21,7.48879,0.21,0.116936,1.98018,1,1,1,1,0,1,1,-0.200947,-3.26108,0.153082,0.352044,-0.109232,0.0368853,19.2095,3958,1,367,59.9306,990,0,0.000884653,0.0175981,0.01686,0,0,0,1,74,0.215,0.00285963,0.0397237,0.0085406,-0.000614821,0.00822978,-0.00236433,-0.0645637,0.0195241,-0.00768379,0.00306127,-0.207893,-0.0238572,0.0218324,0.161039,19.0862,2,0,0,0,0,0,-1,1,-9.04572e-07,-3.41785e-06,-0.209867,0,19.3522,1,1010,1010,1010,1010,0,0,0,0,19.3562,0,0,0,0,0,0,5,0.174051,2.39076,9,0.0716336,2.33395,5,0.149207,2.41618,14,0.155391,2.39058,13,0.217255,2.35793,10,0.167158,2.26973,18,0.187119,2.28991
4416166283054,4416153279000,4416153279000,4416166277962,73729,12.999,4416185292151,32.0132,1,4824,15151,0,0,1,0,0,0.020003,500,492,40,0.0813008,2.73291,9.69166,4.95754,0.07089,1.01035,23.7091,-0.000912742,0.0433628,-0.235339,-0.315457,1,2.16781,0.0456303,-0.0456303,2.16781,1,1,0.0199867,2.16502,-0.065617,0.00279055,0,0,0,0,0,0,0,0,0,0,0,0,0,0,0,0,0,0,0,0,0,0,0,255,0.21,6.4353,0.21,0.0768019,1.81895,1,1,1,1,1,1,1,-0.200947,-3.26108,0.153082,0.352044,-0.109232,0.0368853,38.6269,3958,1,367,79.3482,990,0,0.000884653,0.0175981,0.01686,0,0,0,1,40,0.215,-0.000788221,0.0367184,0.00789446,0.000169467,0.00776516,-0.00143266,-0.0567985,0.0180914,-0.00845363,0.0036841,-0.203909,-0.0291788,0.0119993,0.202379,19.2738,2,0,0,0,0,0,-1,1,-9.04572e-07,-3.41785e-06,-0.209867,0,38.7749,1,1010,1010,1010,1010,0,0,0,0,38.7788,0,0,0,1,0,0,0,0,0,7,-0.0626157,2.27974,6,0.104766,2.09115,8,0.175035,2.21623,16,0.00096187,2.25867,0,0,0,2,0,0
4416185756747,4416173271000,4416173271000,4416185749784,73729,12.4788,4416206256802,32.9858,1,4825,15152,0,0,1,0,0,0.019992,500,473,75,0.158562,2.69039,10.1293,4.9566,0.087871,0.882172,23.015,0.000812267,0.0434312,-0.204139,0.0663824,1,2.17243,-0.0406296,0.0406296,2.17243,1,1,0.0957501,2.16464,-0.0551205,0.00778563,0,0,0,0,0,0,0,0,0,0,0,0,0,0,0,0,0,0,0,0,0,0,0,255,0.21,5.79144,0.21,0.0677703,1.83893,1,1,1,1,0,1,1,-0.184518,-3.2668,0.153442,0.327241,-0.102064,0.0386601,11.594,3959,1,367,100.31,990,0,0.000884653,0.0175981,0.01686,0,0,0,1,75,0.215,0.000675825,0.0367846,0.0079087,-0.000145302,0.00772125,-0.00171753,-0.0490773,0.0163739,-0.00867579,0.00430262,-0.200508,-0.00847296,0.0334782,0.182836,11.5026,2,0,0,0,0,0,-1,1,-9.04572e-07,-3.41784e-06,-0.2007,0,11.7317,1,1010,1010,1010,1010,0,0,0,0,11.7364,1,0,0,0,0,0,6,0.137933,2.07041,6,0.0825394,2.1886,13,0.0538335,2.15565,20,0.0290554,2.18598,16,0.111988,2.20084,11,0.00783671,2.1859,2,0,0
4416206633268,4416193277000,4416193277000,4416206629323,73729,13.3523,4416225371232,32.0942,1,4826,15153,0,0,1,0,0,0.020006,500,484,97,0.200413,2.68315,9.11493,5.0151,0.10352,1.34833,22.967,0.00141126,0.043479,-0.296654,0.0696559,1,2.1733,-0.0705416,0.0705416,2.1733,1,1,0.113435,2.16695,-0.0428936,0.00634342,0,0,0,0,0,0,0,0,0,0,0,0,0,0,0,0,0,0,0,0,0,0,0,255,0.21,6.36132,0.21,0.085671,1.81248,1,1,1,1,0,1,1,-0.184518,-3.2668,0.153442,0.327241,-0.102064,0.0386601,30.7121,3959,1,367,119.428,990,0,0.000884653,0.0175981,0.01686,0,0,0,1,97,0.215,0.00118488,0.0368182,0.00791591,-0.000254748,0.0077109,-0.00180751,-0.0413664,0.0145664,-0.00886539,0.00510122,-0.198082,-0.0105796,0.0272767,0.13909,18.9625,2,0,0,0,0,0,-1,1,-9.04572e-07,-3.41784e-06,-0.2007,0,30.8564,1,1010,1010,1010,1010,0,0,0,0,30.8611,0,0,0,0,0,0,9,0.172727,2.04569,5,0.0597272,2.20072,10,0.0399795,2.16602,16,0.0986884,2.2021,21,0.101288,2.19688,13,0.0384084,2.17279,23,0.0113048,2.16504
4416225793921,4416213274000,4416213274000,4416225787199,73729,12.5132,4416244701906,31.4279,1,4827,15154,0,0,1,0,0,0.019997,500,484,76,0.157025,2.67521,9.29195,5.02062,0.089093,1.50754,22.5122,0.00278472,0.0427871,-0.0128929,-0.172133,1,2.13967,-0.139257,0.139257,2.13967,1,1,0.166396,2.13158,-0.0271393,0.0080899,0,0,0,0,0,0,0,0,0,0,0,0,0,0,0,0,0,0,0,0,0,0,0,255,0.21,5.19008,0.21,0.104138,1.76994,1,1,1,1,1,1,1,-0.169866,-3.27186,0.153371,0.305304,-0.0976062,0.0334257,0.537208,3960,1,367,138.75,990,0,0.000884653,0.0175981,0.01686,0,0,0,1,76,0.215,0.00234895,0.0362321,0.00778989,-0.000505024,0.00754244,-0.00201174,-0.033824,0.0125547,-0.00917298,0.00632946,-0.195916,-0.00474464,0.0347866,0.0895635,0.452634,3,0,0,0,0,0,-1,1,-9.04572e-07,-3.41785e-06,-0.196119,0,0.681728,1,1010,1010,1010,1010,0,0,0,0,0.686487,0,0,0,0,0,0,7,0.173548,2.06268,8,0.113437,2.138,14,0.0910192,2.15737,15,0.147184,2.14501,10,0.184886,2.17219,13,0.184416,2.16319,9,0.16072,2.23869
4416245140854,4416233273000,4416233273000,4416245135076,73729,11.8621,4416264073524,30.8005,1,4828,15155,0,0,1,0,0,0.019999,500,479,74,0.154489,2.70063,9.48107,4.95347,0.088538,0.967834,22.8554,0.0016263,0.0439942,-0.177672,-0.187258,1,2.19982,-0.0813192,0.0813192,2.19982,1,1,0.10432,2.19126,-0.0230004,0.00856334,0,0,0,0,0,0,0,0,0,0,0,0,0,0,0,0,0,0,0,0,0,0,0,255,0.21,4.2328,0.21,0.0577005,1.79788,1,1,1,1,0,1,1,-0.169866,-3.27186,0.153371,0.305304,-0.0976062,0.0334257,19.9222,3960,1,367,158.135,990,0,0.000884653,0.0175981,0.01686,0,0,0,1,74,0.215,0.00137379,0.0372537,0.00800955,-0.000295364,0.00779869,-0.00184886,-0.0260253,0.0107058,-0.00917298,0.00632946,-0.195916,-0.0123325,0.0368224,0.0692554,19.822,0,0,0,0,0,0,-1,1,-9.04572e-07,-3.41785e-06,-0.196119,0,20.0725,1,1010,1010,1010,1010,0,0,0,0,20.0773,0,0,0,0,0,0,5,-0.0749725,1.97505,6,0.128955,2.12183,13,0.000170837,2.25776,18,0.116369,2.2646,1,0,0,14,0.0962374,2.15539,17,0.108693,2.19885
4416264492342,4416253270000,4416253270000,4416264485027,73729,11.215,4416282710913,29.4409,1,4829,15156,0,0,1,0,0,0.019997,500,493,102,0.206897,2.67162,8.52978,5.05488,0.109982,1.64435,20.6871,0.00303861,0.0392465,-0.0742768,-0.0198544,1,1.96262,-0.151953,0.151953,1.96262,1,1,0.165811,1.95492,-0.0138581,0.00769545,0,0,0,0,0,0,0,0,0,0,0,0,0,0,0,0,0,0,0,0,0,0,0,255,0.2,3.19864,0.2,0.122388,1.58763,1,1,1,1,0,1,1,-0.169866,-3.27186,0.153371,0.305304,-0.0976062,0.0334257,38.5517,3960,1,367,176.765,990,0,0.000884653,0.0175981,0.01686,0,0,0,1,102,0.205,0.00256324,0.0332504,0.00681634,-0.000525465,0.00658411,-0.00184016,-0.0194412,0.00886564,-0.00957046,0.00706688,-0.195596,-0.0192136,0.0315513,0.0300837,18.4766,2,0,0,0,0,0,-1,1,-9.04572e-07,-3.41785e-06,-0.196119,0,38.7319,1,1010,1010,1010,1010,0,0,0,0,38.7366,1,0,0,1,0,0,16,0.157919,2.05313,12,0.0874499,1.914,0,0,0,28,0.148272,1.97521,18,0.148949,1.99466,14,0.220769,1.93423,12,0.184757,1.92937
4416283138898,4416273264000,4416273264000,4416283134695,73729,9.87069,4416301236190,27.9722,1,4830,15157,0,0,1,0,0,0.019994,500,490,68,0.138776,2.67097,8.68385,4.93854,0.083094,1.37072,21.1894,0.00239882,0.0392607,0.0392254,0.18636,1,1.96362,-0.119977,0.119977,1.96362,1,1,0.131576,1.95595,-0.0115988,0.00767724,0,0,0,0,0,0,0,0,0,0,0,0,0,0,0,0,0,0,0,0,0,0,0,255,0.2,1.5544,0.2,-0.156991,1.22089,1,1,1,1,1,1,1,-0.156349,-3.27654,0.153407,0.277381,-0.090473,0.0364492,6.32107,3961,1,367,6.2677,991,0,0.000884653,0.0174584,0.0321716,0,0,0,1,68,0.205,0.00202548,0.0332684,0.00682002,-0.000415224,0.00661016,-0.00172862,-0.012831,0.00713702,-0.0102254,0.00831176,-0.194974,-0.0234921,0.0314767,0.0192503,6.23378,3,0,0,0,0,0,-1,1,-9.04572e-07,-3.41785e-06,-0.1952,0,6.46391,1,1010,1010,1010,1010,0,0,0,0,6.46798,0,0,0,0,0,0,8,0.0907555,1.91904,6,0.155423,2.07221,1,0,0,11,0.082394,1.96679,2,0,0,19,0.09545,1.8752,21,0.147934,2.02853
4416301687879,4416293269000,4416293269000,4416301680268,73729,8.41127,4416319961451,26.6925,1,4831,15158,0,0,1,0,0,0.020005,500,496,108,0.217742,2.67976,8.56246,5.00582,0.110593,1.35406,19.7843,0.00304083,0.0372851,0.129868,-0.0217397,1,1.86379,-0.152004,0.152004,1.86379,1,1,0.162137,1.855,-0.0101339,0.00878753,0,0,0,0,0,0,0,0,0,0,0,0,0,0,0,0,0,0,0,0,0,0,0,255,0.21,-0.195706,0.21,0.162279,1.99264,1,1,1,1,0,1,1,-0.156349,-3.27654,0.153407,0.277381,-0.090473,0.0364492,25.0509,3961,1,367,24.9976,991,0,0.000884653,0.0174584,0.0321716,0,0,0,1,108,0.215,0.00256204,0.0315788,0.00678945,-0.000550839,0.0065541,-0.00185499,-0.00627689,0.00528203,-0.0103883,0.00864102,-0.194861,-0.0222446,0.0377864,0.0170648,18.6121,1,0,0,0,0,0,-1,1,-9.04572e-07,-3.41785e-06,-0.1952,0,25.2067,1,1010,1010,1010,1010,0,0,0,0,25.2107,0,0,0,0,0,0,12,0.112011,1.87371,10,0.139387,1.76064,16,0.151462,1.82755,17,0.116501,1.90069,25,0.162399,1.90282,21,0.174021,1.92389,7,0.18282,1.81621
4416320370473,4416301281000,4416301281000,4416320361899,73729,19.0809,4416332836270,31.5553,0,4831,15159,0,0,1,0,0,0.008012,500,500,271,0.542,2.64138,5.65744,1.22832,0.198335,0.604279,9.41904,0.00137243,0.0169521,0.27155,0.259664,1,2.11584,-0.171297,0.171297,2.11584,1,1,0.177564,2.1085,-0.0062668,0.00733709,0,0,0,0,0,0,0,0,0,0,0,0,0,0,0,0,0,0,0,0,0,0,0,255,0.21,6.69512,0.21,0.146632,1.80521,1,1,1,1,0,1,1,-0.156349,-3.27654,0.153407,0.277381,-0.090473,0.0364492,37.939,3961,1,367,37.8857,991,0,0.000884653,0.0174584,0.0321716,0,0,0,1,271,0.215,0.0011586,0.0143599,0.00308737,-0.000249099,0.00298075,-0.000841643,-0.00329614,0.00444039,-0.0104976,0.00925304,-0.194688,-0.0133983,0.0315495,0.0108392,12.6677,2,0,0,0,0,0,-1,1,-9.04572e-07,-3.41785e-06,-0.1952,0,38.1333,1,1010,1010,1010,1010,0,0,0,0,38.1374,10,-0.222734,1.6307,11,0.173126,1.73901,25,0.0866006,2.10677,34,0.225785,2.14864,30,0.172794,2.12233,48,0.0954842,2.15359,48,0.360527,2.14484,29,0.2269,2.22065,36,0.102399,2.21407
4416333312089,4416321288000,4416321288000,4416333306052,73729,12.0181,4416351206120,29.9181,1,4832,15160,0,0,1,0,0,0.020007,500,491,167,0.340122,2.66073,7.89663,4.9096,0.142168,1.27216,18.4132,0.0027762,0.0343554,0.141482,-0.0219816,1,1.71717,-0.138762,0.138762,1.71717,1,1,0.154301,1.71407,-0.0155389,0.00309852,0,0,0,0,0,0,0,0,0,0,0,0,0,0,0,0,0,0,0,0,0,0,0,255,0.21,0.93899,0.21,0.113865,1.42754,1,1,1,1,1,1,1,-0.144817,-3.2801,0.153441,0.245332,-0.0760452,0.0316343,5.09358,3962,1,367,56.233,991,0,0.000884653,0.0174584,0.0321716,0,0,0,1,167,0.215,0.00234251,0.0291077,0.00625815,-0.000503639,0.00604497,-0.00169502,0.00274883,0.00274537,-0.011094,0.0100757,-0.193078,-0.0199028,0.0133236,0.0375317,4.92962,3,0,0,0,0,0,-1,1,-9.04572e-07,-3.41785e-06,-0.194136,0,5.25369,1,1010,1010,1010,1010,0,0,0,0,5.25779,2,0,0,0,0,0,33,0.126635,1.71101,18,0.133776,1.69413,17,0.151237,1.77281,31,0.119232,1.72964,23,0.181085,1.68865,20,0.176872,1.72354,23,0.161495,1.76934
4416351663068,4416341285000,4416341285000,4416351656309,73729,10.3713,4416369671600,28.3866,1,4833,15161,0,0,1,0,0,0.019997,500,496,158,0.318548,2.66039,7.27423,5.0484,0.140168,1.06056,17.5364,0.00226696,0.0333564,-0.0825989,-0.0393585,1,1.66807,-0.113365,0.113365,1.66807,1,1,0.136459,1.66465,-0.0230935,0.00342404,0,0,0,0,0,0,0,0,0,0,0,0,0,0,0,0,0,0,0,0,0,0,0,255,0.21,9.14075,0.21,0.103932,1.38703,1,1,1,1,0,1,1,-0.144817,-3.2801,0.153441,0.245332,-0.0760452,0.0316343,23.5664,3962,1,367,74.7058,991,0,0.000884653,0.0174584,0.0321716,0,0,0,1,158,0.215,0.00191248,0.0282583,0.00607553,-0.000411183,0.00588348,-0.00156924,0.00863231,0.00117613,-0.011094,0.0100757,-0.193078,-0.0216852,0.0147234,0.0620935,23.396,0,0,0,0,0,0,-1,1,-9.04572e-07,-3.41785e-06,-0.194136,0,23.733,1,1010,1010,1010,1010,0,0,0,0,23.7371,0,0,0,3,0.102773,1.60911,27,0.0953755,1.70351,13,0.0859296,1.69005,16,0.074188,1.64515,39,0.0859251,1.68628,20,0.087142,1.61984,12,0.110332,1.66586,28,0.135656,1.66055
4416370097086,4416361282000,4416361282000,4416370090308,73729,8.80831,4416388528195,27.2462,1,4834,15162,0,0,1,0,0,0.019997,500,496,157,0.316532,2.67743,7.2351,5.06467,0.136001,0.74472,17.2325,0.000400867,0.0326847,-0.201269,0.217112,1,1.63448,-0.0200464,0.0200464,1.63448,1,1,0.0543473,1.62855,-0.0343009,0.00593202,0,0,0,0,0,0,0,0,0,0,0,0,0,0,0,0,0,0,0,0,0,0,0,255,0.21,7.24855,0.21,0.0788877,1.3703,1,1,1,1,0,1,1,-0.144817,-3.2801,0.153441,0.245332,-0.0760452,0.0316343,42.4178,3962,1,367,93.5575,991,0,0.000884653,0.0174584,0.0321716,0,0,0,1,157,0.215,0.000335562,0.0276828,0.0059518,-7.21457e-05,0.00582995,-0.00119865,0.0144623,-2.25189e-05,-0.0113875,0.0107943,-0.190655,-0.0162767,0.0255077,0.104974,18.6858,2,0,0,0,0,0,-1,1,-9.04573e-07,-3.41785e-06,-0.188122,0,0.117445,1,1010,1010,1010,1010,0,0,0,0,0.121019,1,0,0,3,0.105388,1.57315,26,-0.00644705,1.56291,9,0.079638,1.59111,21,0.0166746,1.61665,46,-0.00126538,1.64919,9,0.103335,1.57366,11,0.100465,1.68581,31,-0.0369914,1.65973
4416388935921,4416373258000,4416373258000,4416388928643,73729,15.6706,4416401235402,27.9774,0,4834,15163,0,0,1,0,0,0.011976,500,500,304,0.608,2.68443,5.19286,1.12971,0.209631,0.179077,8.04187,0.000302708,0.0151113,-0.0572868,-0.0267081,1,1.2618,-0.0252762,0.0252762,1.2618,1,1,0.0710286,1.25868,-0.0457524,0.00311733,0,0,0,0,0,0,0,0,0,0,0,0,0,0,0,0,0,0,0,0,0,0,0,255,0.21,5.77063,0.21,0.0275007,1.04743,1,1,1,1,1,1,1,-0.135007,-3.28263,0.153527,0.21721,-0.0674364,0.0306305,12.6736,3963,1,367,106.274,991,0,0.000884653,0.0174584,0.0321716,0,0,0,1,304,0.215,0.000252761,0.0128002,0.00275204,-5.43436e-05,0.00269331,-0.00056732,0.0171556,-0.000589839,-0.0118001,0.0113966,-0.187862,-0.022806,0.0134045,0.139144,11.3104,2,0,0,0,0,0,-1,1,-9.04573e-07,-3.41785e-06,-0.188122,0,12.8884,1,1010,1010,1010,1010,0,0,0,0,12.892,1,0,0,0,0,0,45,0.018436,1.2448,42,-0.00409418,1.32351,40,0.0121339,1.28668,54,0.0219863,1.29202,42,0.0310721,1.21184,34,0.0585698,1.19421,46,0.0398996,1.30163
4416401779666,4416393265000,4416393265000,4416401773092,73729,8.50809,4416416617021,23.352,1,4835,15164,0,0,1,0,0,0.020007,500,496,203,0.409274,2.68526,6.9259,2.55028,0.154242,0.524597,16.0631,0.0007593,0.0305857,-0.103162,-0.0798736,1,1.52875,-0.0379517,0.0379517,1.52875,1,1,0.0840333,1.52414,-0.0460816,0.00461564,0,0,0,0,0,0,0,0,0,0,0,0,0,0,0,0,0,0,0,0,0,0,0,255,0.21,7.17797,0.21,0.0455843,1.27199,1,1,1,1,0,1,1,-0.135007,-3.28263,0.153527,0.21721,-0.0674364,0.0306305,28.0507,3963,1,367,121.651,991,0,0.000884653,0.0174584,0.0321716,0,0,0,1,203,0.215,0.000635563,0.025905,0.00556958,-0.000136646,0.00544741,-0.00116642,0.022603,-0.00175626,-0.0118059,0.0117331,-0.186408,-0.0138962,0.0198473,0.147404,15.2063,1,0,0,0,0,0,-1,1,-9.04573e-07,-3.41785e-06,-0.188122,0,28.229,1,1010,1010,1010,1010,0,0,0,0,28.2325,1,0,0,2,0,0,39,0.0674784,1.51341,29,0.0169443,1.5381,38,0.0418151,1.54443,37,0.0500651,1.55621,25,0.0551908,1.54324,15,0.0943145,1.46943,17,-0.0294735,1.51417
4416417052173,4416401288000,4416401288000,4416417043025,73729,15.755,4416428789704,27.5017,0,4835,15165,0,0,1,0,0,0.008023,500,500,355,0.71,2.6766,4.78034,0.963916,0.243817,0.428528,7.62704,0.000865051,0.0142303,0.00778816,0.00833576,1,1.77369,-0.107821,0.107821,1.77369,1,1,0.155722,1.76996,-0.047901,0.00372679,0,0,0,0,0,0,0,0,0,0,0,0,0,0,0,0,0,0,0,0,0,0,0,255,0.21,3.38877,0.21,0.0902552,1.49837,1,1,1,1,0,1,1,-0.135007,-3.28263,0.153527,0.21721,-0.0674364,0.0306305,40.2218,3963,1,367,133.822,991,0,0.000884653,0.0174584,0.0321716,0,0,0,1,355,0.215,0.000730747,0.0120558,0.00259199,-0.000157111,0.00251972,-0.000627098,0.0251227,-0.00238335,-0.0121938,0.0121892,-0.183381,-0.0157533,0.0160252,0.152177,11.9441,2,0,0,0,0,0,-1,1,-9.04573e-07,-3.41785e-06,-0.188122,0,40.4443,1,1010,1010,1010,1010,0,0,0,0,40.4478,17,0.088144,1.62165,22,0.106413,1.55892,44,0.0544386,1.83441,48,0.0769178,1.81452,53,0.0911048,1.83428,56,0.0951918,1.78723,40,0.166389,1.79484,44,0.17052,1.84134,31,0.156182,1.76973
4416429278153,4416413259000,4416413259000,4416429267153,73729,16.0082,4416442240158,28.9812,0,4835,15166,0,0,1,0,0,0.011971,500,500,294,0.588,2.67715,5.18905,1.07982,0.205835,0.171265,7.38728,0.000326797,0.0136013,-0.00579407,0.0315624,1,1.13619,-0.0272991,0.0272991,1.13619,1,1,0.0746368,1.13437,-0.0473378,0.00181811,0,0,0,0,0,0,0,0,0,0,0,0,0,0,0,0,0,0,0,0,0,0,0,255,0.21,5.23825,0.21,0.023597,0.972083,1,1,1,1,0,1,1,-0.12696,-3.28491,0.153813,0.18067,-0.0632893,0.0327454,1.1189,3964,1,367,147.263,991,0,0.000884653,0.0174584,0.0321716,0,0,0,1,294,0.215,0.000274288,0.0115208,0.00247697,-5.89718e-05,0.0024261,-0.000501968,0.0275488,-0.00288532,-0.0122083,0.0127367,-0.180221,-0.00471968,0.00781786,0.159066,0.959564,2,0,0,0,0,0,-1,1,-9.04573e-07,-3.41785e-06,-0.18049,0,1.31242,1,1010,1010,1010,1010,0,0,0,0,1.3164,3,-0.386235,0.611862,15,0.089842,1.07135,44,-0.00612353,1.17033,30,0.016426,1.09695,55,0.0211134,1.17648,56,0.0230095,1.16077,23,0.0925583,1.18913,19,0.0943937,1.18192,49,0.0327431,1.11808
4416442679440,4416433262000,4416433262000,4416442674755,73729,9.41275,4416457514147,24.2521,1,4836,15167,0,0,1,0,0,0.020003,500,500,233,0.466,2.69291,6.65523,1.68901,0.178002,1.18335,14.1355,0.00203786,0.0264208,-0.0473568,0.0461824,1,1.32084,-0.101878,0.101878,1.32084,1,1,0.148221,1.31842,-0.0463432,0.00242634,0,0,0,0,0,0,0,0,0,0,0,0,0,0,0,0,0,0,0,0,0,0,0,255,0.21,8.52276,0.21,0.0862989,1.12927,1,1,1,1,1,1,1,-0.12696,-3.28491,0.153813,0.18067,-0.0632893,0.0327454,16.399,3964,1,367,162.543,991,0,0.000884653,0.0174584,0.0321716,0,0,0,1,233,0.215,0.00171911,0.0223732,0.00481023,-0.000369609,0.00466575,-0.00122575,0.0322145,-0.00411108,-0.0122083,0.0127367,-0.180221,-0.00171324,0.0104333,0.15805,16.2567,0,0,0,0,0,0,-1,1,-9.04573e-07,-3.41785e-06,-0.18049,0,16.59,1,1010,1010,1010,1010,0,0,0,0,16.594,0,0,0,1,0,0,21,0.0629646,1.3399,13,-0.0217854,1.18949,44,0.113903,1.34784,55,0.0774717,1.34295,26,0.121648,1.33293,29,0.130373,1.32393,44,0.119017,1.31122
4416458008040,4416453263000,4416453263000,4416458001374,73729,4.73837,4416473097380,19.8344,1,4837,15168,0,0,1,0,0,0.020001,500,499,261,0.523046,2.70315,6.61274,2.43917,0.183668,1.14838,13.6166,0.00186907,0.0256165,-0.0905626,0.0396577,1,1.28076,-0.0934488,0.0934488,1.28076,1,1,0.135161,1.27719,-0.0417124,0.00357314,0,0,0,0,0,0,0,0,0,0,0,0,0,0,0,0,0,0,0,0,0,0,0,255,0.21,3.70533,0.21,0.070215,1.08344,1,1,1,1,0,1,1,-0.12696,-3.28491,0.153813,0.18067,-0.0632893,0.0327454,31.9872,3964,1,367,178.132,991,0,0.000884653,0.0174584,0.0321716,0,0,0,1,261,0.215,0.001579,0.0216904,0.00466345,-0.000339485,0.00452934,-0.00115964,0.0367439,-0.00527072,-0.0126627,0.0132515,-0.177977,-0.0115942,0.0153645,0.134215,15.3914,2,0,0,0,0,0,-1,1,-9.04573e-07,-3.41785e-06,-0.18049,0,32.1832,1,1010,1010,1010,1010,0,0,0,0,32.1871,0,0,0,0,0,0,7,0.0774471,1.26891,31,0.0851055,1.22993,52,0.0818963,1.30337,55,0.0783593,1.28771,35,0.110243,1.29957,33,0.106868,1.29658,48,0.0900493,1.28039
4416473550735,4416461278000,4416461278000,4416473540735,73729,12.2627,4416485125321,23.8473,0,4837,15169,0,0,1,0,0,0.008015,500,500,348,0.696,2.69691,4.69024,0.763766,0.233502,0.536606,6.25691,0.000802639,0.0116673,-0.160236,0.0394126,1,1.45568,-0.100142,0.100142,1.45568,1,1,0.133373,1.45428,-0.0332312,0.001399,0,0,0,0,0,0,0,0,0,0,0,0,0,0,0,0,0,0,0,0,0,0,0,255,0.21,7.92259,0.21,0.102878,1.22524,1,1,1,1,0,1,1,-0.12696,-3.28491,0.153813,0.18067,-0.0632893,0.0327454,44.0178,3964,1,367,190.162,991,0,0.000884653,0.0174584,0.0321716,0,0,0,1,348,0.215,0.000677923,0.00988452,0.00212517,-0.000145753,0.00206605,-0.000517986,0.0388099,-0.0057887,-0.0127363,0.0133737,-0.177173,-0.0174802,0.00601571,0.100331,11.8221,1,0,0,0,0,0,-1,1,-9.04573e-07,-3.41785e-06,-0.18049,0,44.2453,1,1010,1010,1010,1010,0,0,0,0,44.2493,6,-0.0483923,1.3657,6,0.184323,1.45255,47,0.0306906,1.39167,50,0.125888,1.43698,55,0.0992526,1.52245,55,0.108818,1.51795,48,0.125852,1.49894,51,0.111006,1.41879,30,0.112449,1.52159
4416485615844,4416473255000,4416473255000,4416485606066,73729,12.3511,4416498195216,24.9402,0,4837,15170,0,0,1,0,0,0.011977,500,500,344,0.688,2.67817,4.8913,0.79297,0.239224,0.70694,6.3746,0.00122093,0.0117019,-0.000102926,0.0820602,1,0.977028,-0.10194,0.10194,0.977028,1,1,0.120492,0.972054,-0.0185524,0.00497415,0,0,0,0,0,0,0,0,0,0,0,0,0,0,0,0,0,0,0,0,0,0,0,255,0.21,0.845749,0.21,0.0973242,0.839403,1,1,1,1,0,1,1,-0.120896,-3.28679,0.153696,0.142988,-0.0539316,0.0295294,6.56985,3965,1,367,203.228,991,0,0.000884653,0.0174584,0.0321716,0,0,0,1,344,0.215,0.00103487,0.00991502,0.00213173,-0.000222498,0.00205943,-0.00059314,0.0408694,-0.00638185,-0.0127414,0.0139546,-0.176425,-0.00332435,0.0213889,0.0611606,6.38559,2,0,0,0,0,0,-1,1,-9.04573e-07,-3.41785e-06,-0.176707,0,6.78993,1,1010,1010,1010,1010,0,0,0,0,6.79404,17,0.126437,0.802863,16,0.170309,0.946879,49,0.0522887,0.953745,31,0.128584,1.00794,55,0.108225,1.01176,56,0.087891,1.01668,14,0.091387,0.998599,54,0.117175,0.991081,52,0.106675,0.993184
4416498677053,4416493264000,4416493264000,4416498672146,73729,5.40815,4416513058960,19.795,1,4838,15171,0,0,1,0,0,0.020009,500,500,274,0.548,2.67628,6.40183,1.10295,0.193372,1.59293,12.1344,0.00281618,0.0229624,-0.0609659,0.00730202,1,1.1476,-0.140745,0.140745,1.1476,1,1,0.147996,1.14523,-0.00725029,0.00237415,0,0,0,0,0,0,0,0,0,0,0,0,0,0,0,0,0,0,0,0,0,0,0,255,0.21,3.74718,0.21,0.122308,0.952487,1,1,1,1,1,1,1,-0.120896,-3.28679,0.153696,0.142988,-0.0539316,0.0295294,21.4401,3965,1,367,14.8592,992,0,0.000884653,0.0176401,0.0419268,0,0,0,1,274,0.215,0.00238544,0.0194496,0.00418166,-0.000512869,0.00402648,-0.00123859,0.0448958,-0.00762044,-0.0128802,0.0140597,-0.176389,-0.00557462,0.0102088,0.0204813,14.6945,1,0,0,0,0,0,-1,1,-9.04573e-07,-3.41785e-06,-0.176707,0,21.6408,1,1010,1010,1010,1010,0,0,0,0,21.645,0,0,0,1,0,0,28,0.142085,1.12367,37,0.153245,1.15826,51,0.145473,1.152,48,0.138251,1.1495,14,0.133657,1.16373,44,0.137827,1.13263,51,0.139358,1.15481
4416513586372,4416501279000,4416501279000,4416513575446,73729,12.2964,4416525427682,24.1487,0,4838,15172,0,0,1,0,0,0.008015,500,500,406,0.812,2.6956,4.46754,0.792359,0.267243,0.734932,5.69069,0.00148375,0.0103007,0.11942,0.135966,1,1.28517,-0.185122,0.185122,1.28517,1,1,0.186647,1.28138,-0.00152529,0.00379196,0,0,0,0,0,0,0,0,0,0,0,0,0,0,0,0,0,0,0,0,0,0,0,255,0.21,8.42967,0.21,0.146039,1.10628,1,1,1,1,0,1,1,-0.120896,-3.28679,0.153696,0.142988,-0.0539316,0.0295294,33.8049,3965,1,367,27.224,992,0,0.000884653,0.0176401,0.0419268,0,0,0,1,406,0.215,0.00125599,0.00872699,0.0018763,-0.000270038,0.00179963,-0.000595169,0.0466955,-0.00821561,-0.0128259,0.0143514,-0.176457,-0.00300106,0.0163054,0.00284614,12.1319,1,0,0,0,0,0,-1,1,-9.04573e-07,-3.41785e-06,-0.176707,0,34.0575,1,1010,1010,1010,1010,0,0,0,0,34.0616,19,0.130031,0.857938,21,0.146404,1.20372,52,0.114417,1.27064,51,0.221659,1.34549,55,0.190236,1.35397,55,0.163652,1.33875,48,0.24814,1.32964,55,0.221483,1.27666,50,0.156506,1.30577
4416525943557,4416509293000,4416509293000,4416525935298,73729,16.6423,4416538562911,29.2699,0,4838,15173,0,0,1,0,0,0.008014,500,500,415,0.83,2.68315,4.41695,0.840267,0.270058,0.741135,5.43256,0.00146136,0.00983498,0.105923,0.095474,1,1.22722,-0.182351,0.182351,1.22722,1,1,0.181304,1.2231,0.0010464,0.00412247,0,0,0,0,0,0,0,0,0,0,0,0,0,0,0,0,0,0,0,0,0,0,0,255,0.21,0.547227,0.21,0.14881,1.0571,1,1,1,1,0,1,1,-0.120896,-3.28679,0.153696,0.142988,-0.0539316,0.0295294,46.9391,3965,1,367,40.3581,992,0,0.000884653,0.0176401,0.0419268,0,0,0,1,415,0.215,0.00123776,0.00833361,0.00179173,-0.000266118,0.00171697,-0.000576717,0.0484124,-0.00879233,-0.0129077,0.0146917,-0.176605,-0.00114904,0.0177266,-0.00451886,12.8831,2,0,0,0,0,0,-1,1,-9.04573e-07,-3.41785e-06,-0.176707,0,47.1756,1,1010,1010,1010,1010,0,0,0,0,0.180668,28,0.188686,0.947043,23,0.13908,1.11634,53,0.116091,1.21788,52,0.263143,1.31649,54,0.188099,1.30937,55,0.166488,1.29062,49,0.220864,1.264,56,0.194413,1.25859,45,0.174492,1.24198
4416539081953,4416529288000,4416529288000,4416539073916,73729,9.78592,4416551900179,22.6122,1,4839,15174,0,0,1,0,0,0.019995,500,500,328,0.656,2.68352,5.61133,0.811433,0.227317,1.23141,10.2949,0.00222591,0.0194987,-0.0410028,-0.0114225,1,0.975176,-0.111323,0.111323,0.975176,1,1,0.110727,0.971374,0.000596168,0.003802,0,0,0,0,0,0,0,0,0,0,0,0,0,0,0,0,0,0,0,0,0,0,0,255,0.2,3.50566,0.2,0.0320744,0.673244,1,1,1,0,0,1,1,-0.116303,-3.28817,0.153672,0.106495,-0.0395601,0.0283294,13.2807,3966,1,367,53.6988,992,0,0.000884653,0.0176401,0.0419268,0,0,0,1,328,0.205,0.0018847,0.0165192,0.00338643,-0.000386364,0.0032656,-0.000975229,0.051678,-0.00976755,-0.0129077,0.0146917,-0.176605,-0.00228351,0.0155882,-0.00378223,26.2312,0,0,0,0,0,0,-1,1,-9.04573e-07,-3.41785e-06,-0.176959,0,0.21165,1,1010,1010,1010,1010,0,0,0,0,13.5095,5,0.183696,1.0527,7,0.105738,0.852464,43,0.111747,0.955166,39,0.145963,0.972506,54,0.115818,0.964546,53,0.111175,0.997571,27,0.106389,0.967562,50,0.109751,0.963667,50,0.115574,0.988605
4416552379924,4416541305000,4416541305000,4416552372294,73729,11.0673,4416566151936,24.8469,0,4839,15175,0,0,1,0,0,0.012017,500,500,441,0.882,2.65191,4.60697,0.867786,0.287669,0.704712,4.73428,0.00141886,0.00856794,0.0697784,0.0676708,1,0.712985,-0.118071,0.118071,0.712985,1,1,0.11655,0.708143,0.00152144,0.0048415,0,0,0,0,0,0,0,0,0,0,0,0,0,0,0,0,0,0,0,0,0,0,0,255,0.2,6.31761,0.2,0.0557569,0.306776,1,1,1,1,1,1,1,-0.116303,-3.28817,0.153672,0.106495,-0.0395601,0.0283294,27.5275,3966,1,367,67.9458,992,0,0.000884653,0.0176401,0.0419268,0,0,0,1,441,0.205,0.00120202,0.00726027,0.00148836,-0.000246414,0.00142175,-0.000504173,0.0530998,-0.0102717,-0.0127426,0.0150468,-0.176708,0.00421107,0.0198501,-0.00162147,13.9809,2,0,0,0,0,0,-1,1,-9.04573e-07,-3.41785e-06,-0.176959,0,14.4861,1,1010,1010,1010,1010,0,0,0,0,27.7839,35,0.116127,0.595203,23,0.154536,0.641626,52,0.0770956,0.711105,56,0.136988,0.742784,56,0.0956104,0.730702,55,0.107923,0.74143,56,0.135017,0.735765,56,0.142153,0.742403,52,0.118605,0.724735
4416566736275,4416549300000,4416549300000,4416566723312,73729,17.4233,4416578098136,28.7981,0,4839,15176,0,0,1,0,0,0.007995,500,500,359,0.718,2.67997,4.45991,0.683858,0.239613,0.457397,4.47992,0.000897349,0.00819203,0.0853948,0.045797,1,1.02464,-0.112239,0.112239,1.02464,1,1,0.115309,1.02102,-0.00307055,0.00362251,0,0,0,0,0,0,0,0,0,0,0,0,0,0,0,0,0,0,0,0,0,0,0,255,0.21,0.698451,0.21,0.0866766,0.861809,1,1,1,1,0,1,1,-0.116303,-3.28817,0.153672,0.106495,-0.0395601,0.0283294,39.4755,3966,1,367,79.8936,992,0,0.000884653,0.0176401,0.0419268,0,0,0,1,359,0.215,0.000758934,0.00694245,0.00149263,-0.000163171,0.00144068,-0.000422564,0.0545405,-0.0106943,-0.0127987,0.0153843,-0.176419,-0.00106845,0.0155768,0.00970792,11.7179,2,0,0,0,0,0,-1,1,-9.04573e-07,-3.41785e-06,-0.176959,0,26.4016,1,1010,1010,1010,1010,0,0,0,0,39.6995,41,0.114696,0.911627,6,0.127473,0.984823,45,0.0597929,1.0067,56,0.14133,1.05519,52,0.115395,1.04344,44,0.102692,1.06101,56,0.135113,1.03645,52,0.138375,1.08331,7,0.128557,1.08821
4416578582862,4416569300000,4416569300000,4416578577918,73729,9.27792,4416591198253,21.8983,1,4840,15177,0,0,1,0,0,0.02,500,500,311,0.622,2.66249,5.24025,0.869693,0.212354,0.937866,8.68031,0.00199545,0.0161909,0.0267419,0.0205894,1,0.809546,-0.0997724,0.0997724,0.809546,1,1,0.108792,0.805832,-0.00901955,0.00371385,0,0,0,0,0,0,0,0,0,0,0,0,0,0,0,0,0,0,0,0,0,0,0,255,0.21,2.37882,0.21,0.0455418,1.08151,1,1,1,1,0,1,1,-0.116303,-3.28817,0.153672,0.106495,-0.0395601,0.0283294,52.5752,3966,1,367,92.9933,992,0,0.000884653,0.0176401,0.0419268,0,0,0,1,311,0.215,0.00169045,0.0137145,0.00294863,-0.000363447,0.0028391,-0.000874243,0.0573796,-0.0115685,-0.0128231,0.0155053,-0.176073,-0.00152522,0.0159695,0.0298071,12.8943,1,0,0,0,0,0,-1,1,-9.04573e-07,-3.41785e-06,-0.175944,0,0.193501,1,1010,1010,1010,1010,0,0,0,0,0.197835,16,0.115717,0.77246,3,0.110639,0.891282,4,0.146981,0.812483,53,0.0959642,0.809762,45,0.0843576,0.810989,35,0.0877955,0.809294,48,0.10526,0.836106,55,0.0917586,0.825728,52,0.092555,0.808933
4416591669498,4416581275000,4416581275000,4416591659480,73729,10.3845,4416603473067,22.1981,0,4840,15178,0,0,1,0,0,0.011975,500,500,416,0.832,2.64888,4.4885,0.694747,0.275058,0.379791,3.91769,0.000819855,0.0071367,0.0212457,0.0574569,1,0.595967,-0.0684639,0.0684639,0.595967,1,1,0.0804687,0.592946,-0.0120049,0.00302082,0,0,0,0,0,0,0,0,0,0,0,0,0,0,0,0,0,0,0,0,0,0,0,255,0.2,5.14399,0.2,0.0591222,0.257107,1,1,1,2,0,1,1,-0.113207,-3.28898,0.153368,0.0744954,-0.0280102,0.0275714,12.2763,3967,1,367,105.285,992,0,0.000884653,0.0176401,0.0419268,0,0,0,1,416,0.205,0.000694278,0.00604646,0.00123952,-0.000142327,0.00119546,-0.000356723,0.058575,-0.0119253,-0.012786,0.0156271,-0.175662,0.000815632,0.0123854,0.0400284,12.0448,1,0,0,0,0,0,-1,1,-9.04573e-07,-3.41785e-06,-0.175944,0,12.5152,1,1010,1010,1010,1010,0,0,0,0,12.5195,39,0.06368,0.570573,24,0.0531681,0.52081,22,0.038205,0.593847,56,0.0717681,0.624073,56,0.0619851,0.607105,55,0.0447991,0.605435,56,0.0782295,0.61727,56,0.065523,0.614451,52,0.0601811,0.599861
4416603993775,4416589294000,4416589294000,4416603985387,73729,14.6914,4416615625158,26.3312,0,4840,15179,0,0,1,0,0,0.008019,500,500,422,0.844,2.70734,4.2188,0.713599,0.275984,0.353355,3.74449,0.000670351,0.00691174,-0.0024649,0.0189948,1,0.86192,-0.0835954,0.0835954,0.86192,1,1,0.0973978,0.858824,-0.0138024,0.00309633,0,0,0,0,0,0,0,0,0,0,0,0,0,0,0,0,0,0,0,0,0,0,0,255,0.2,7.46184,0.2,0.048019,0.399743,1,1,1,1,1,1,1,-0.113207,-3.28898,0.153368,0.0744954,-0.0280102,0.0275714,24.4077,3967,1,367,117.416,992,0,0.000884653,0.0176401,0.0419268,0,0,0,1,422,0.205,0.000567228,0.00585685,0.00120065,-0.000116282,0.00116189,-0.000323739,0.0597369,-0.012249,-0.0127605,0.015769,-0.175191,0.00251679,0.0126949,0.0472854,11.8742,1,0,0,0,0,0,-1,1,-9.04573e-07,-3.41785e-06,-0.175944,0,24.6572,1,1010,1010,1010,1010,0,0,0,0,24.6615,40,0.0830069,0.782137,19,0.0923939,0.811825,55,0.0715276,0.851956,56,0.112159,0.886526,56,0.0674008,0.90011,54,0.0617085,0.870746,56,0.0993787,0.88545,56,0.086169,0.900378,30,0.0939606,0.883988
4416616199459,4416601279000,4416601279000,4416616190274,73729,14.9113,4416628496292,27.2173,0,4840,15180,0,0,1,0,0,0.011985,500,500,432,0.864,2.66925,4.10657,0.768988,0.284262,0.335144,3.45461,0.000708286,0.00625661,0.0187015,0.0377301,1,0.522036,-0.0590977,0.0590977,0.522036,1,1,0.0740819,0.519428,-0.0149842,0.00260798,0,0,0,0,0,0,0,0,0,0,0,0,0,0,0,0,0,0,0,0,0,0,0,255,0.2,-0.660858,0.2,0.0396023,0.444429,1,1,1,1,0,1,1,-0.113207,-3.28898,0.153368,0.0744954,-0.0280102,0.0275714,37.2794,3967,1,367,130.288,992,0,0.000884653,0.0176401,0.0419268,0,0,0,1,432,0.205,0.000599136,0.00530123,0.00108675,-0.000122823,0.00104877,-0.000309765,0.0607857,-0.0125588,-0.0127307,0.0159206,-0.174653,0.00444835,0.0106927,0.0527068,12.6469,1,0,0,0,0,0,-1,1,-9.04573e-07,-3.41785e-06,-0.175944,0,37.521,1,1010,1010,1010,1010,0,0,0,0,37.5253,34,0.0631932,0.374711,23,0.0769135,0.499275,56,0.0285971,0.518445,56,0.0621632,0.555103,56,0.0497833,0.54396,55,0.0375243,0.538011,56,0.0703632,0.550299,56,0.0767562,0.544937,40,0.0578568,0.533274
4416628991926,4416609302000,4416609302000,4416628983851,73729,19.6819,4416641086756,31.7848,0,4840,15181,0,0,1,0,0,0.008023,500,500,448,0.896,2.68162,4.35172,0.591486,0.289151,0.27298,3.30562,0.000536052,0.00609653,0.00550651,0.0141238,1,0.759882,-0.0668144,0.0668144,0.759882,1,1,0.0822046,0.756967,-0.0153902,0.00291528,0,0,0,0,0,0,0,0,0,0,0,0,0,0,0,0,0,0,0,0,0,0,0,255,0.2,1.9468,0.2,0.045029,0.639537,1,1,1,1,0,1,1,-0.113207,-3.28898,0.153368,0.0744954,-0.0280102,0.0275714,49.8684,3967,1,367,142.877,992,0,0.000884653,0.0176401,0.0419268,0,0,0,1,448,0.205,0.000453499,0.00516559,0.00105895,-9.29673e-05,0.0010268,-0.000274642,0.0618125,-0.0128334,-0.0127243,0.0162079,-0.173784,0.00178117,0.0119526,0.0519048,12.3327,2,0,0,0,0,0,-1,1,-9.04573e-07,-3.41785e-06,-0.173858,0,0.235668,1,1010,1010,1010,1010,0,0,0,0,0.239187,32,0.0764548,0.739288,29,0.0766971,0.68974,55,0.0476223,0.741909,56,0.0812495,0.791523,56,0.0487553,0.775275,56,0.0447558,0.775373,56,0.081374,0.780282,56,0.0690386,0.793541,52,0.068064,0.780777
4416641607020,4416629293000,4416629293000,4416641599705,73729,12.3067,4416654029761,24.7368,1,4841,15182,0,0,1,0,0,0.019991,500,500,425,0.85,2.76999,4.7423,0.747822,0.273539,0.546539,5.71921,0.000915613,0.0108055,-0.0430338,-0.00579309,1,0.540518,-0.0458012,0.0458012,0.540518,1,1,0.0559181,0.537974,-0.0101168,0.00254458,0,0,0,0,0,0,0,0,0,0,0,0,0,0,0,0,0,0,0,0,0,0,0,255,0.21,4.43806,0.21,0.0481149,0.510578,1,1,1,2,0,1,1,-0.112264,-3.28911,0.153078,0.0311261,-0.0156292,0.0279455,12.9542,3968,1,367,155.845,992,0,0.000884653,0.0176401,0.0419268,0,0,0,1,425,0.215,0.000774663,0.00915533,0.00196839,-0.000166553,0.00190983,-0.000503951,0.0637223,-0.0133374,-0.0127418,0.0164092,-0.173577,0.00274125,0.0109417,0.0369949,12.7109,1,0,0,0,0,0,-1,1,-9.04573e-07,-3.41785e-06,-0.173858,0,13.2054,1,1010,1010,1010,1010,0,0,0,0,13.2089,25,0.0552207,0.50349,18,0.0388655,0.522861,54,0.0437547,0.539069,54,0.0460181,0.543777,56,0.0412119,0.540993,56,0.0412932,0.545055,55,0.0494494,0.546384,55,0.0500988,0.546638,52,0.050331,0.552974
4416654567618,4416641270000,4416641270000,4416654556877,73729,13.2869,4416668251833,26.9818,0,4841,15183,0,0,1,0,0,0.011977,500,500,483,0.966,2.68815,4.08613,0.740969,0.301077,0.264542,2.5025,0.000477075,0.00450334,0.0176345,0.0304243,1,0.375999,-0.0398326,0.0398326,0.375999,1,1,0.0447259,0.37308,-0.00489335,0.00291915,0,0,0,0,0,0,0,0,0,0,0,0,0,0,0,0,0,0,0,0,0,0,0,255,0.21,7.01799,0.21,0.0587397,0.62479,1,1,1,1,1,1,1,-0.112264,-3.28911,0.153078,0.0311261,-0.0156292,0.0279455,27.1535,3968,1,367,170.044,992,0,0.000884653,0.0176401,0.0419268,0,0,0,1,483,0.215,0.000403973,0.00381623,0.00082049,-8.68543e-05,0.000793073,-0.000227217,0.0645154,-0.0135646,-0.01271,0.0165166,-0.173561,0.00298257,0.0125523,0.0192192,13.9163,1,0,0,0,0,0,-1,1,-9.04573e-07,-3.41785e-06,-0.173858,0,27.413,1,1010,1010,1010,1010,0,0,0,0,27.4165,54,0.0595101,0.34848,41,0.0466999,0.325015,56,0.0220178,0.382231,56,0.0523897,0.409624,56,0.043161,0.398285,56,0.0288808,0.387265,56,0.0523181,0.388009,56,0.0515898,0.389922,52,0.0397995,0.393272
4416668820357,4416649300000,4416649300000,4416668807394,73729,19.5074,4416680947577,31.6476,0,4841,15184,0,0,1,0,0,0.00803,500,500,479,0.958,2.6748,4.29059,0.768044,0.303429,0.314728,2.17828,0.000648952,0.00392664,0.0603014,0.0227385,1,0.488997,-0.080816,0.080816,0.488997,1,1,0.0769321,0.48738,0.00388389,0.00161626,0,0,0,0,0,0,0,0,0,0,0,0,0,0,0,0,0,0,0,0,0,0,0,255,0.21,1.18038,0.21,0.0570048,0.41418,1,1,1,1,0,1,1,-0.112264,-3.28911,0.153078,0.0311261,-0.0156292,0.0279455,39.8519,3968,1,367,182.743,992,0,0.000884653,0.0176401,0.0419268,0,0,0,1,479,0.215,0.000549774,0.00332749,0.00071541,-0.000118201,0.000684055,-0.000240299,0.0651994,-0.0138049,-0.0126426,0.0166378,-0.174074,0.00352115,0.0069499,-0.0105437,12.4297,2,0,0,0,0,0,-1,1,-9.04573e-07,-3.41785e-06,-0.173858,0,40.1147,1,1010,1010,1010,1010,0,0,0,0,40.1182,53,0.10132,0.447962,38,0.0695103,0.449252,56,0.062563,0.495998,56,0.0787786,0.516637,56,0.0832364,0.516888,56,0.0578971,0.505894,56,0.0962421,0.515369,56,0.094195,0.518861,52,0.0948969,0.501441
4416681478952,4416669299000,4416669299000,4416681473804,73729,12.1748,4416695035425,25.7364,1,4842,15185,0,0,1,0,0,0.019999,500,500,465,0.93,2.67526,4.89236,0.893545,0.29767,0.633728,3.60455,0.00125659,0.0065355,0.0439482,0.0187127,1,0.326792,-0.0628327,0.0628327,0.326792,1,1,0.0522593,0.325669,0.0105734,0.00112286,0,0,0,0,0,0,0,0,0,0,0,0,0,0,0,0,0,0,0,0,0,0,0,255,0.2,3.64792,0.2,0.0374201,0.228578,1,1,1,1,0,1,1,-0.113293,-3.28875,0.152594,-0.010866,-0.00329397,0.0276213,2.9273,3969,1,367,196.821,992,0,0.000884653,0.0176401,0.0419268,0,0,0,1,465,0.205,0.00106473,0.00553773,0.00113523,-0.00021827,0.00107988,-0.000412315,0.0662793,-0.0142172,-0.0127017,0.0167238,-0.174779,0.00150593,0.00460372,-0.0334759,2.70976,2,0,0,0,0,0,-1,1,-9.04573e-07,-3.41785e-06,-0.17506,0,3.17932,1,1010,1010,1010,1010,0,0,0,0,3.18334,48,0.0700344,0.295853,34,0.0457536,0.312019,53,0.0582585,0.330799,56,0.0773488,0.348804,55,0.068166,0.335916,56,0.0593316,0.337215,56,0.0741942,0.332653,55,0.06985,0.336551,52,0.063564,0.334756
4416695534263,4416681272000,4416681272000,4416695522393,73729,14.2504,4416709199997,27.928,0,4842,15186,0,0,1,0,0,0.011973,500,500,470,0.94,2.66556,3.89839,0.748914,0.331855,0.212868,1.38306,0.000403847,0.00243144,0.0349245,0.0270142,1,0.203077,-0.0337298,0.0337298,0.203077,1,1,0.0240744,0.202129,0.00965544,0.000947238,0,0,0,0,0,0,0,0,0,0,0,0,0,0,0,0,0,0,0,0,0,0,0,255,0.21,7.27006,0.21,0.0397546,-0.0324534,1,1,1,1,0,1,1,-0.113293,-3.28875,0.152594,-0.010866,-0.00329397,0.0276213,17.0974,3969,1,367,14.1653,993,0,0.000884653,0.017026,0.0489383,0,0,0,1,470,0.215,0.000342186,0.00206029,0.000442962,-7.35699e-05,0.000423376,-0.000149462,0.0667027,-0.0143666,-0.0127017,0.0167238,-0.174779,-0.00117973,0.00407312,-0.0341585,16.868,0,0,0,0,0,0,-1,1,-9.04573e-07,-3.41785e-06,-0.17506,0,17.3557,1,1010,1010,1010,1010,0,0,0,0,17.3597,56,0.0548904,0.181938,54,0.015185,0.195249,34,0.0211013,0.213185,56,0.0491034,0.216438,56,0.0347945,0.211875,50,0.0285365,0.219162,56,0.0458544,0.213006,56,0.0461207,0.212318,52,0.0341379,0.219039
4416709722612,4416701276000,4416701276000,4416709717538,73729,8.44154,4416724449633,23.1736,1,4843,15187,0,0,1,0,0,0.020004,500,500,498,0.996,2.65076,4.34637,0.758933,0.316503,0.248245,2.05182,0.000521188,0.00364837,0.0347728,0.0171774,1,0.182382,-0.0260542,0.0260542,0.182382,1,1,0.0209329,0.181702,0.00512125,0.000680311,0,0,0,0,0,0,0,0,0,0,0,0,0,0,0,0,0,0,0,0,0,0,0,255,0.2,1.43175,0.2,0.0119836,0.0757136,1,1,1,1,1,1,1,-0.113293,-3.28875,0.152594,-0.010866,-0.00329397,0.0276213,32.3513,3969,1,367,29.4193,993,0,0.000884653,0.017026,0.0489383,0,0,0,1,498,0.205,0.00044149,0.00309173,0.000633804,-9.05055e-05,0.000608277,-0.00019952,0.067311,-0.0145662,-0.0128727,0.0167393,-0.175108,-0.0060374,0.00278927,-0.0216276,14.9737,2,0,0,0,0,0,-1,1,-9.04573e-07,-3.41785e-06,-0.17506,0,32.6187,1,1010,1010,1010,1010,0,0,0,0,32.6227,55,0.0373572,0.174881,55,0.0205758,0.152212,56,0.0191394,0.190089,56,0.0361372,0.194109,56,0.0237935,0.193969,56,0.0174953,0.192525,56,0.0358069,0.189741,56,0.0308905,0.19521,52,0.0285038,0.193619
4416725031805,4416709288000,4416709288000,4416725019324,73729,15.7313,4416736880041,27.592,0,4843,15188,0,0,1,0,0,0.008012,500,500,500,1,2.67276,3.76581,0.656821,0.316263,-0.014061,0.514801,-4.88002e-05,0.000903759,0.00328634,0.0328855,1,0.112801,0.00609088,-0.00609088,0.112801,1,1,-0.00493008,0.112765,-0.0011608,3.5375e-05,0,0,0,0,0,0,0,0,0,0,0,0,0,0,0,0,0,0,0,0,0,0,0,255,0.2,6.56458,0.2,0.00421372,0.0965282,1,1,1,1,0,1,1,-0.113293,-3.28875,0.152594,-0.010866,-0.00329397,0.0276213,44.7795,3969,1,367,41.8476,993,0,0.000884653,0.017026,0.0489383,0,0,0,1,500,0.205,-4.15415e-05,0.000765801,0.000156989,8.51601e-06,0.000156048,-1.89674e-05,0.067467,-0.0145851,-0.0129728,0.0167087,-0.175152,-0.0117241,0.000145037,-0.00557183,12.1783,1,0,0,0,0,0,-1,1,-9.04573e-07,-3.41785e-06,-0.17506,0,45.0544,1,1010,1010,1010,1010,0,0,0,0,0.219354,56,-0.0196404,0.106949,56,0.00613813,0.0960844,56,-0.0138944,0.123352,56,0.0126869,0.124659,56,0.00129598,0.116344,56,-0.0190884,0.124627,56,-0.000154597,0.106051,56,-0.000432858,0.120169,52,-0.00986659,0.11961
4416737440287,4416729294000,4416729294000,4416737435028,73729,8.14103,4416748070567,18.7766,1,4844,15189,0,0,1,0,0,0.020006,500,500,500,1,2.69791,3.75776,0.593024,0.317022,0.0858917,-0.0766754,0.000136564,-0.000163988,-0.00377744,0.00342022,1,-0.00819695,-0.00682613,0.00682613,-0.00819695,1,1,0.00681539,-0.00598024,1.07401e-05,-0.00221671,0,0,0,0,0,0,0,0,0,0,0,0,0,0,0,0,0,0,0,0,0,0,0,255,0.2,8.83171,0.2,0.0174155,-0.0063264,1,1,1,2,0,1,1,-0.116057,-3.28801,0.152311,-0.0599874,0.0094108,0.0257116,1.82394,3970,1,367,53.0314,993,0,0.000884653,0.017026,0.0489383,0,0,0,1,500,0.205,0.000115894,-0.000138978,-2.84904e-05,-2.37582e-05,-3.21865e-05,-1.84283e-05,0.0674348,-0.0146036,-0.0126077,0.0162543,-0.175194,0.00285481,-0.00908849,0.00224862,1.52777,3,0,0,0,0,0,-1,1,-9.04573e-07,-3.41785e-06,-0.175427,0,2.08911,1,1010,1010,1010,1010,0,0,0,0,11.3935,56,0.00712412,-0.00613208,56,0.00101929,-0.00729893,56,0.0119293,-0.00608385,56,0.00638311,-0.00926405,56,0.00649025,-0.00535843,56,0.0112703,-0.00851571,56,0.00795892,-0.00537346,56,0.00838845,-0.00798673,52,0.00577464,-0.00978405
4416748580665,4416737338000,4416737338000,4416748571350,73729,11.2333,4416761365964,24.028,0,4844,15190,0,0,1,0,0,0.008044,500,500,500,1,2.63576,3.71331,0.689654,0.31528,0.090889,-0.545685,0.000179034,-0.000951813,-0.00367005,-0.024832,1,-0.118326,-0.0222568,0.0222568,-0.118326,1,1,0.0197008,-0.115078,0.002556,-0.00324779,0,0,0,0,0,0,0,0,0,0,0,0,0,0,0,0,0,0,0,0,0,0,0,255,0.2,-0.349855,0.2,0.0244935,-0.101202,1,1,1,1,0,1,1,-0.116057,-3.28801,0.152311,-0.0599874,0.0094108,0.0257116,15.1228,3970,1,367,66.3301,993,0,0.000884653,0.017026,0.0489383,0,0,0,1,500,0.205,0.000151877,-0.000806559,-0.000165344,-3.11347e-05,-0.000168212,-1.8412e-06,0.0672666,-0.0146054,-0.0126077,0.0162543,-0.175194,0.0123527,-0.0133159,0.0014985,14.8447,0,0,0,0,0,0,-1,1,-9.04573e-07,-3.41785e-06,-0.175427,0,15.3896,1,1010,1010,1010,1010,0,0,0,0,24.694,56,0.00458209,-0.122403,56,0.044792,-0.088165,56,0.0147217,-0.127855,56,0.0165704,-0.118016,56,0.0260718,-0.125994,56,0.0241137,-0.132192,56,0.0154565,-0.125178,56,0.0141545,-0.126926,52,0.0256705,-0.118433
4416761890321,4416749291000,4416749291000,4416761879821,73729,12.5888,4416775275385,25.9844,0,4844,15191,0,0,1,0,0,0.011953,500,500,500,1,2.66684,4.13324,0.661025,0.316373,0.150192,-0.682343,0.000255844,-0.00123881,0.000415078,0.00171536,1,-0.10364,-0.0214042,0.0214042,-0.10364,1,1,0.0152683,-0.101274,0.00613586,-0.00236617,0,0,0,0,0,0,0,0,0,0,0,0,0,0,0,0,0,0,0,0,0,0,0,255,0.2,2.78508,0.2,0.0136058,-0.0785075,1,1,1,1,1,1,1,-0.116057,-3.28801,0.152311,-0.0599874,0.0094108,0.0257116,29.0539,3970,1,367,80.2613,993,0,0.000884653,0.017026,0.0489383,0,0,0,1,500,0.205,0.000217142,-0.0010498,-0.000215209,-4.45142e-05,-0.000219637,-6.30743e-06,0.067047,-0.0146117,-0.0123397,0.0161748,-0.175275,0.0213696,-0.00970131,-0.00302995,13.668,1,0,0,0,0,0,-1,1,-9.04573e-07,-3.41785e-06,-0.175427,0,29.338,1,1010,1010,1010,1010,0,0,0,0,38.6424,56,0.015114,-0.0952545,56,0.0201335,-0.0671205,56,0.0304994,-0.109997,56,0.0131256,-0.111022,56,0.0273953,-0.114818,56,0.0334492,-0.104222,56,0.0198843,-0.110283,56,0.019635,-0.108683,52,0.0242853,-0.111284
4416775890521,4416757310000,4416757310000,4416775880446,73729,18.5704,4416787998944,30.6889,0,4844,15192,0,0,1,0,0,0.008019,500,500,500,1,2.63421,3.735,0.790452,0.349615,0.0888214,-0.649681,0.000158693,-0.00112203,-0.0154847,-0.038564,1,-0.139922,-0.0197896,0.0197896,-0.139922,1,1,0.0130303,-0.13805,0.00675938,-0.00187168,0,0,0,0,0,0,0,0,0,0,0,0,0,0,0,0,0,0,0,0,0,0,0,255,0.2,6.33617,0.2,0.00406653,-0.112259,1,1,1,1,0,1,1,-0.116057,-3.28801,0.152311,-0.0599874,0.0094108,0.0257116,41.7763,3970,1,367,92.9836,993,0,0.000884653,0.017026,0.0489383,0,0,0,1,500,0.205,0.000134786,-0.000950787,-0.000194911,-2.76311e-05,-0.000196712,6.79763e-06,0.0668503,-0.0146049,-0.0122003,0.0159958,-0.175378,0.0196298,-0.0076739,-0.00646695,12.4518,1,0,0,0,0,0,-1,1,-9.04573e-07,-3.41785e-06,-0.175427,0,42.049,1,1010,1010,1010,1010,0,0,0,0,0.136649,56,0.0176362,-0.126314,56,0.0296623,-0.106076,56,0.026783,-0.155445,56,0.0144575,-0.152632,56,0.00451208,-0.152279,56,0.0213075,-0.144254,56,0.0174042,-0.147493,56,0.0142037,-0.156445,52,0.0359046,-0.137359
4416788558319,4416777351000,4416777351000,4416788553208,73729,11.2022,4416800776225,23.4252,1,4845,15193,0,0,1,0,0,0.020041,500,500,500,1,2.66613,3.91035,0.805378,0.316669,-0.372421,-1.09363,-0.000627076,-0.00198441,0.0121301,-0.00738698,1,-0.0990177,0.0312896,-0.0312896,-0.0990177,1,1,-0.035538,-0.0959163,0.00424834,-0.0031014,0,0,0,0,0,0,0,0,0,0,0,0,0,0,0,0,0,0,0,0,0,0,0,255,0.21,9.13327,0.21,-0.0293954,0.0989658,1,1,1,2,0,1,1,-0.116057,-3.28801,0.152311,-0.0599874,0.0094108,0.0257116,54.5343,3970,1,367,105.742,993,0,0.000884653,0.017026,0.0489383,0,0,0,1,500,0.215,-0.000531761,-0.00168166,-0.000361557,0.000114329,-0.000336016,0.000175696,0.0665143,-0.0144292,-0.0122042,0.015772,-0.175525,0.00534243,-0.013336,-0.0103403,12.5031,1,0,0,0,0,0,-1,1,-9.04573e-07,-3.41785e-06,-0.175951,0,0.250373,1,1010,1010,1010,1010,0,0,0,0,12.8848,56,-0.0379733,-0.0945165,56,-0.0281538,-0.0990149,56,-0.0309447,-0.103042,56,-0.0355806,-0.106443,56,-0.0321484,-0.103296,56,-0.02916,-0.103571,56,-0.0376962,-0.0980628,56,-0.0344633,-0.10314,52,-0.0308983,-0.108786
4416801294378,4416789299000,4416789299000,4416801281971,73729,11.983,4416815188299,25.8893,0,4845,15194,0,0,1,0,0,0.011948,500,500,472,0.944,2.6443,3.83113,0.656265,0.306114,-0.169006,-0.0740128,-0.000284502,-0.000141175,0.0153241,-0.00594075,1,-0.0118158,0.0238116,-0.0238116,-0.0118158,1,1,-0.02791,-0.0114402,0.00409835,-0.000375585,0,0,0,0,0,0,0,0,0,0,0,0,0,0,0,0,0,0,0,0,0,0,0,255,0.2,1.54707,0.2,-0.01724,-0.256895,1,1,1,1,0,1,1,-0.119426,-3.28692,0.151598,-0.0449978,0.0150334,0.0244151,14.4109,3971,1,367,120.164,993,0,0.000884653,0.017026,0.0489383,0,0,0,1,472,0.205,-0.000241273,-0.000119659,-2.45301e-05,4.9461e-05,-1.55061e-05,5.29871e-05,0.0664987,-0.0143762,-0.0121194,0.0157687,-0.175845,-9.54725e-05,-0.0015399,-0.013519,14.1391,2,0,0,0,0,0,-1,1,-9.04573e-07,-3.41785e-06,-0.175951,0,14.6704,1,1010,1010,1010,1010,0,0,0,0,27.3048,56,-0.0285723,-0.0185091,56,-0.0260538,-0.000895267,55,-0.0225846,-0.0122413,56,-0.0247231,-0.00949986,56,-0.0186736,-0.00957696,52,-0.0254726,-0.017235,56,-0.0256478,-0.0110655,56,-0.0218609,-0.0150449,29,-0.0265997,-0.00968774
4416815716285,4416797313000,4416797313000,4416815707970,73729,18.395,4416827533873,30.2209,0,4845,15195,0,0,1,0,0,0.008014,500,500,500,1,2.65939,3.62327,0.666543,0.313522,-0.220627,0.116791,-0.000398134,0.000222416,0.00219196,-0.00517733,1,0.0277534,0.0496798,-0.0496798,0.0277534,1,1,-0.0497597,0.0267646,7.98989e-05,0.000988811,0,0,0,0,0,0,0,0,0,0,0,0,0,0,0,0,0,0,0,0,0,0,0,255,0.21,5.81235,0.21,-0.043407,0.0137321,1,1,1,1,1,1,1,-0.119426,-3.28692,0.151598,-0.0449978,0.0150334,0.0244151,26.7463,3971,1,367,132.5,993,0,0.000884653,0.017026,0.0489383,0,0,0,1,500,0.215,-0.000337689,0.000188442,4.05151e-05,7.26031e-05,5.25775e-05,6.43891e-05,0.0665513,-0.0143118,-0.012222,0.0157461,-0.175933,-0.00886137,0.00425189,-0.00736395,10.6583,2,0,0,0,0,0,-1,1,-9.04573e-07,-3.41785e-06,-0.175951,0,27.0179,1,1010,1010,1010,1010,0,0,0,0,39.6523,56,-0.0490923,0.0336973,56,-0.039971,0.0347068,56,-0.0468991,0.0276342,56,-0.0455583,0.0172345,56,-0.0576756,0.0344944,56,-0.0584123,0.0225006,56,-0.043551,0.0299879,56,-0.0576407,0.0242194,52,-0.0520007,0.0318446
4416828135063,4416817326000,4416817326000,4416828128082,73729,10.8021,4416840367673,23.0417,1,4846,15196,0,0,1,0,0,0.020013,500,500,500,1,2.6298,3.76527,0.626505,0.317392,-0.331161,0.608047,-0.000577694,0.0010982,0.00882293,0.00677002,1,0.0548746,0.0288659,-0.0288659,0.0548746,1,1,-0.0256846,0.0525444,-0.00318136,0.00233013,0,0,0,0,0,0,0,0,0,0,0,0,0,0,0,0,0,0,0,0,0,0,0,255,0.2,7.60953,0.2,-0.0117397,0.111082,1,1,1,1,0,1,1,-0.119426,-3.28692,0.151598,-0.0449978,0.0150334,0.0244151,39.5787,3971,1,367,145.332,993,0,0.000884653,0.017026,0.0489383,0,0,0,1,500,0.205,-0.000490132,0.000930643,0.000190782,0.000100477,0.000205375,6.55465e-05,0.0667567,-0.0142463,-0.0122331,0.0157688,-0.175873,-0.00626633,0.00955351,0.00542179,12.5625,1,0,0,0,0,0,-1,1,-9.04573e-07,-3.41785e-06,-0.176076,0,0.230058,1,1010,1010,1010,1010,0,0,0,0,0.233762,56,-0.0268475,0.0533775,56,-0.0199075,0.0419564,56,-0.0334736,0.0548483,56,-0.0273688,0.0607139,56,-0.0306133,0.0552803,56,-0.0298807,0.0588589,56,-0.0306899,0.0609306,56,-0.0272706,0.0578821,52,-0.0331669,0.0536462
4416840898696,4416829286000,4416829286000,4416840889733,73729,11.6037,4416852777877,23.4919,0,4846,15197,0,0,1,0,0,0.01196,500,500,500,1,2.72201,3.88361,0.587283,0.316133,-0.00280762,0.357941,-7.60309e-06,0.000668199,-0.00420644,-0.00118698,1,0.0558695,0.00063571,-0.00063571,0.0558695,1,1,0.00420886,0.0548862,-0.00484457,0.00098326,0,0,0,0,0,0,0,0,0,0,0,0,0,0,0,0,0,0,0,0,0,0,0,255,0.21,0.511245,0.21,0.0430066,0.262118,1,1,1,2,0,1,1,-0.121231,-3.28636,0.151134,-0.0348784,-0.0014239,0.0271471,12.3856,3972,1,367,157.756,993,0,0.000884653,0.017026,0.0489383,0,0,0,1,500,0.215,-6.57876e-06,0.000566217,0.000121737,1.41443e-06,0.000120093,-1.98965e-05,0.0668768,-0.0142662,-0.0122942,0.0156872,-0.175804,-0.00816599,0.00422802,0.0101325,12.127,1,0,0,0,0,0,-1,1,-9.04573e-07,-3.41785e-06,-0.176076,0,12.6488,1,1010,1010,1010,1010,0,0,0,0,12.6525,56,0.00427154,0.0488349,56,0.00703526,0.0582163,56,-0.00578644,0.0595505,56,-0.000645876,0.0577725,56,-0.0048365,0.0565153,56,-0.00831591,0.0557319,56,-0.00142649,0.0571167,56,0.00688253,0.0555763,52,0.00309668,0.0565016
4416853311900,4416837313000,4416837313000,4416853299956,73729,15.987,4416866065366,28.7524,0,4846,15198,0,0,1,0,0,0.008027,500,500,500,1,2.67028,4.67558,0.655283,0.315485,0.110397,0.26577,0.000196229,0.000468088,-0.00231797,0.0228249,1,0.0583141,-0.0244462,0.0244462,0.0583141,1,1,0.0284589,0.0577456,-0.00401273,0.000568529,0,0,0,0,0,0,0,0,0,0,0,0,0,0,0,0,0,0,0,0,0,0,0,255,0.2,2.76503,0.2,0.0354301,0.0928731,1,1,1,1,0,1,1,-0.121231,-3.28636,0.151134,-0.0348784,-0.0014239,0.0271471,25.6585,3972,1,367,171.029,993,0,0.000884653,0.017026,0.0489383,0,0,0,1,500,0.205,0.00016636,0.00039669,8.13214e-05,-3.41037e-05,7.41035e-05,-4.77929e-05,0.0669509,-0.014314,-0.0121775,0.0157034,-0.175735,-0.00295145,0.00233097,0.0108006,12.9931,1,0,0,0,0,0,-1,1,-9.04573e-07,-3.41785e-06,-0.176076,0,25.9334,1,1010,1010,1010,1010,0,0,0,0,25.9371,56,0.0170531,0.0578912,56,0.0289866,0.0423805,56,0.0218807,0.0671372,56,0.036755,0.0611021,56,0.0311149,0.0589708,56,0.0285621,0.0662989,56,0.0172007,0.0625987,56,0.0252089,0.0559707,52,0.0231985,0.0616181
4416866599519,4416857316000,4416857316000,4416866594464,73729,9.27846,4416877482450,20.1664,1,4847,15199,0,0,1,0,0,0.020003,500,500,500,1,2.64837,3.80998,0.734914,0.313595,0.702141,0.417038,0.00125288,0.000718892,-0.00924589,0.00782102,1,0.0359392,-0.0626347,0.0626347,0.0359392,1,1,0.0641648,0.0354724,-0.00153012,0.000466786,0,0,0,0,0,0,0,0,0,0,0,0,0,0,0,0,0,0,0,0,0,0,0,255,0.2,5.08853,0.2,0.0312308,-0.182578,1,1,1,2,1,1,1,-0.121231,-3.28636,0.151134,-0.0348784,-0.0014239,0.0271471,37.0779,3972,1,367,182.449,993,0,0.000884653,0.017026,0.0489383,0,0,0,1,500,0.205,0.00106259,0.000609337,0.000124914,-0.000217831,8.49858e-05,-0.000236285,0.0670359,-0.0145503,-0.0119112,0.0155419,-0.175516,0.00877048,0.00191382,0.0120352,7.08723,2,0,0,0,0,0,-1,1,-9.04573e-07,-3.41785e-06,-0.176076,0,37.3399,1,1010,1010,1010,1010,0,0,0,0,37.3436,56,0.0700332,0.0301216,56,0.0567294,0.0227824,56,0.0574192,0.0420277,56,0.06889,0.0411491,56,0.0659023,0.0398086,56,0.0577835,0.0386426,56,0.067853,0.0399964,56,0.0659421,0.0425546,52,0.0656246,0.0392843
4416878050844,4416869284000,4416869284000,4416878039344,73729,8.75534,4416891297648,22.0136,0,4847,15200,0,0,1,0,0,0.011968,500,500,500,1,2.66991,3.64898,0.652617,0.319188,0.246048,-0.00165558,0.000429384,-4.6254e-05,-0.0153625,0.0228717,1,-0.0038648,-0.0358777,0.0358777,-0.0038648,1,1,0.0385207,-0.00303555,-0.00264302,-0.000829255,0,0,0,0,0,0,0,0,0,0,0,0,0,0,0,0,0,0,0,0,0,0,0,255,0.21,6.53337,0.21,0.0535499,0.289226,1,1,1,2,0,1,1,-0.121231,-3.28636,0.151134,-0.0348784,-0.0014239,0.0271471,50.892,3972,1,367,196.263,993,0,0.000884653,0.017026,0.0489383,0,0,0,1,500,0.215,0.000364162,-3.9244e-05,-8.43747e-06,-7.82949e-05,-2.1952e-05,-7.56193e-05,0.0670139,-0.0146259,-0.0117814,0.0154533,-0.175365,0.00785017,-0.0035658,0.0153721,13.5217,1,0,0,0,0,0,-1,1,-9.04572e-07,-3.41785e-06,-0.175471,0,0.223465,1,1010,1010,1010,1010,0,0,0,0,0.227057,56,0.0337137,-0.00735291,56,0.0327594,-0.0082119,56,0.0348306,-9.82029e-05,56,0.030418,-0.00618785,56,0.0423178,-0.00214515,56,0.0368386,0.00498389,56,0.0389673,-0.00407993,56,0.0337773,-0.00721412,52,0.0293044,-0.00802161
4416891874561,4416877305000,4416877305000,4416891864783,73729,14.5598,4416901603537,24.2985,0,4847,15201,0,0,1,0,0,0.008021,500,500,500,1,2.62834,3.97029,0.600172,0.317077,0.181137,-0.0754471,0.000307023,-0.000121598,-0.0120293,-0.00416493,1,-0.0151599,-0.0382774,0.0382774,-0.0151599,1,1,0.0418964,-0.0142378,-0.00361899,-0.000922056,0,0,0,0,0,0,0,0,0,0,0,0,0,0,0,0,0,0,0,0,0,0,0,255,0.21,0.696321,0.21,0.04203,0.108174,1,1,1,2,0,1,1,-0.122724,-3.28639,0.15081,-0.0426403,0.00857516,0.0258133,10.2859,3973,1,367,206.586,993,0,0.000884653,0.017026,0.0489383,0,0,0,1,500,0.215,0.000260448,-0.000103016,-2.21485e-05,-5.59963e-05,-3.15574e-05,-5.12765e-05,0.0669824,-0.0146772,-0.0117124,0.0153449,-0.175213,0.00594785,-0.00396484,0.0172076,10.0287,1,0,0,0,0,0,-1,1,-9.04572e-07,-3.41785e-06,-0.175471,0,10.5484,1,1010,1010,1010,1010,0,0,0,0,10.552,56,0.0445103,-0.0163578,56,0.0321022,-0.0181834,56,0.0374067,-0.0115845,56,0.0410985,-0.00749613,56,0.0426506,-0.0216912,56,0.039289,-0.011545,56,0.0331309,-0.0164256,56,0.0482741,-0.0202344,52,0.0505316,-0.0141678
4416902153153,4416889284000,4416889284000,4416902140986,73729,12.857,4416915087343,25.8033,0,4847,15202,0,0,1,0,0,0.011979,500,500,500,1,2.66258,3.78735,0.586116,0.318095,-0.00442505,-0.152397,-1.62922e-05,-0.00025335,-0.0122693,-0.00494098,1,-0.0211495,0.00136006,-0.00136006,-0.0211495,1,1,0.00289473,-0.0201484,-0.0042548,-0.00100115,0,0,0,0,0,0,0,0,0,0,0,0,0,0,0,0,0,0,0,0,0,0,0,255,0.21,0.78597,0.21,-0.00979046,-0.014924,1,1,1,1,0,1,1,-0.122724,-3.28639,0.15081,-0.0426403,0.00857516,0.0258133,23.772,3973,1,367,13.4392,994,0,0.000884653,0.0121458,0.0503666,0,0,0,1,500,0.215,-1.37857e-05,-0.000214686,-4.61575e-05,2.96392e-06,-4.49307e-05,1.09585e-05,0.0669374,-0.0146662,-0.0116832,0.0152512,-0.175101,0.0014942,-0.00430496,0.0158319,13.1885,1,0,0,0,0,0,-1,1,-9.04572e-07,-3.41785e-06,-0.175471,0,24.0768,1,1010,1010,1010,1010,0,0,0,0,24.0804,56,-0.00399711,-0.00937706,56,0.00576626,-0.0175934,56,-0.00163013,-0.0289446,56,-0.00561302,-0.0257056,56,0.00341863,-0.0244598,56,0.00764005,-0.0202797,56,-0.00883813,-0.0223263,56,-0.00673507,-0.0314875,52,-0.000858491,-0.0228892
4416915682922,4416909284000,4416909284000,4416915677200,73729,6.3932,4416927500195,18.2162,1,4848,15203,0,0,1,0,0,0.02,500,500,500,1,2.6525,3.71311,0.698377,0.333632,-0.35849,-0.314743,-0.000654451,-0.000551005,-0.00231964,-0.0103295,1,-0.0275503,0.0327226,-0.0327226,-0.0275503,1,1,-0.0294595,-0.0269122,-0.00326303,-0.000638051,0,0,0,0,0,0,0,0,0,0,0,0,0,0,0,0,0,0,0,0,0,0,0,255,0.21,4.17124,0.21,-0.0331534,-0.0209399,1,1,1,2,0,1,1,-0.122724,-3.28639,0.15081,-0.0426403,0.00857516,0.0258133,36.1676,3973,1,367,25.8349,994,0,0.000884653,0.0121458,0.0503666,0,0,0,1,500,0.215,-0.000555012,-0.000467025,-0.00010041,0.000119328,-7.81006e-05,0.000134987,0.0668593,-0.0145312,-0.0116814,0.0151682,-0.175082,-0.00182303,-0.00274362,0.00976638,12.1361,1,0,0,0,0,0,-1,1,-9.04572e-07,-3.41785e-06,-0.175471,0,36.4324,1,1010,1010,1010,1010,0,0,0,0,36.436,56,-0.033378,-0.0248898,56,-0.0300997,-0.0145458,56,-0.0314786,-0.0284878,56,-0.0379557,-0.0289265,56,-0.0335341,-0.0274222,56,-0.0344107,-0.032717,56,-0.0361038,-0.0273607,56,-0.0330844,-0.0274611,52,-0.0315898,-0.032698
4416928061256,4416917306000,4416917306000,4416928050181,73729,10.7442,4416939528377,22.2224,0,4848,15204,0,0,1,0,0,0.008022,500,500,481,0.962,2.63221,3.63555,0.656098,0.334595,-0.226227,-0.153046,-0.000374332,-0.000279908,0.0108827,-0.00212795,1,-0.0348926,0.0466632,-0.0466632,-0.0348926,1,1,-0.0480223,-0.0343773,0.00135916,-0.000515312,0,0,0,0,0,0,0,0,0,0,0,0,0,0,0,0,0,0,0,0,0,0,0,255,0.2,6.37983,0.2,-0.0218893,-0.322169,1,1,1,1,1,1,1,-0.122724,-3.28639,0.15081,-0.0426403,0.00857516,0.0258133,48.1937,3973,1,367,37.8611,994,0,0.000884653,0.0121458,0.0503666,0,0,0,1,481,0.205,-0.000317489,-0.000237217,-4.86294e-05,6.50852e-05,-3.65257e-05,7.25726e-05,0.0668228,-0.0144586,-0.011652,0.0149607,-0.175493,-0.00426998,-0.00211278,-0.00787402,11.751,2,0,0,0,0,0,-1,1,-9.04572e-07,-3.41785e-06,-0.175471,0,48.4596,1,1010,1010,1010,1010,0,0,0,0,0.25591,56,-0.0493916,-0.0308643,56,-0.0305761,-0.022438,54,-0.0567858,-0.0440726,56,-0.0575876,-0.0331568,56,-0.0550978,-0.0381676,50,-0.0461332,-0.033741,56,-0.0529808,-0.0319036,56,-0.0529026,-0.0385679,41,-0.0497319,-0.0475971
4416940121104,4416925354000,4416925354000,4416940110975,73729,14.757,4416953254000,27.9,0,4848,15205,0,0,1,0,0,0.008048,500,500,500,1,2.69647,4.45561,0.665988,0.325948,-0.165703,-0.144333,-0.000293653,-0.000293191,0.0294737,0.00682532,1,-0.0364303,0.0364877,-0.0364877,-0.0364303,1,1,-0.0399045,-0.0360682,0.00341679,-0.000362136,0,0,0,0,0,0,0,0,0,0,0,0,0,0,0,0,0,0,0,0,0,0,0,255,0.21,8.25943,0.21,-0.034137,-0.0649408,1,1,1,1,0,1,1,-0.123765,-3.28604,0.150289,-0.0371325,0.0094282,0.025351,13.7209,3974,1,367,51.5956,994,0,0.000884653,0.0121458,0.0503666,0,0,0,1,500,0.215,-0.000249106,-0.000248512,-5.34301e-05,5.35577e-05,-4.32625e-05,6.20607e-05,0.0667796,-0.0143966,-0.011652,0.0149607,-0.175493,-0.00391244,-0.00155718,-0.0148837,25.4706,0,0,0,0,0,0,-1,1,-9.04573e-07,-3.41785e-06,-0.176111,0,0.254557,1,1010,1010,1010,1010,0,0,0,0,13.9909,56,-0.0362629,-0.0370989,56,-0.0420554,-0.0407571,56,-0.0367827,-0.0349801,56,-0.0456103,-0.0354367,56,-0.0353923,-0.030253,56,-0.0327929,-0.0334427,56,-0.0297518,-0.0358252,56,-0.0282967,-0.0351961,52,-0.0454064,-0.0375029
4416953811412,4416945318000,4416945318000,4416953806246,73729,8.48825,4416966229042,20.911,1,4849,15206,0,0,1,0,0,0.019964,500,500,500,1,2.67506,3.6994,0.591264,0.317188,-0.109886,-0.147263,-0.000111748,-0.000279192,0.0312947,-0.00744698,1,-0.0139848,0.0055975,-0.0055975,-0.0139848,1,1,-0.0137899,-0.013442,0.00819243,-0.000542753,0,0,0,0,0,0,0,0,0,0,0,0,0,0,0,0,0,0,0,0,0,0,0,255,0.21,1.66411,0.21,0.00772711,0.128754,1,1,1,1,0,1,1,-0.123765,-3.28604,0.150289,-0.0371325,0.0094282,0.025351,26.6878,3974,1,367,64.5625,994,0,0.000884653,0.0121458,0.0503666,0,0,0,1,500,0.215,-9.48912e-05,-0.000236551,-5.08585e-05,2.04016e-05,-4.64922e-05,2.90004e-05,0.0667331,-0.0143676,-0.0115736,0.0147088,-0.176231,-0.00312424,-0.00233384,-0.0306814,12.6642,2,0,0,0,0,0,-1,1,-9.04573e-07,-3.41785e-06,-0.176111,0,13.2292,1,1010,1010,1010,1010,0,0,0,0,26.9655,56,-0.00538727,-0.0102737,56,-0.00221977,-0.0120864,56,-0.00450009,-0.0174419,56,-0.00338266,-0.0174749,56,-0.00799135,-0.0171395,56,-0.00686484,-0.0140679,56,-0.0087638,-0.0106279,56,-0.00832303,-0.0157201,52,-0.00440125,-0.015654
4416966762343,4416957299000,4416957299000,4416966751732,73729,9.45273,4416980054833,22.7558,0,4849,15207,0,0,1,0,0,0.011981,500,500,500,1,2.65106,3.59296,0.669839,0.316891,0.0756836,0.0239639,0.000144523,8.15413e-06,0.0176773,0.00512385,1,0.000680588,-0.0120627,0.0120627,0.000680588,1,1,0.00234734,0.00072826,0.00971534,-4.7672e-05,0,0,0,0,0,0,0,0,0,0,0,0,0,0,0,0,0,0,0,0,0,0,0,255,0.21,4.43567,0.21,0.0157595,0.00407241,1,1,1,1,0,1,1,-0.123765,-3.28604,0.150289,-0.0371325,0.0094282,0.025351,40.5112,3974,1,367,78.3858,994,0,0.000884653,0.0121458,0.0503666,0,0,0,1,500,0.215,0.000122505,6.91257e-06,1.4862e-06,-2.63386e-05,-3.15768e-06,-2.61894e-05,0.0667299,-0.0143938,-0.011497,0.0146311,-0.176524,0.00043205,-0.00020499,-0.0330751,13.5679,1,0,0,0,0,0,-1,1,-9.04573e-07,-3.41785e-06,-0.176111,0,27.0464,1,1010,1010,1010,1010,0,0,0,0,40.7827,56,0.00908379,-0.00896177,56,0.000137945,-0.00168998,56,0.0123962,0.00651426,56,0.0115004,0.00438636,56,0.0195555,0.00320456,56,0.0085272,0.00604247,56,0.0164729,-0.00635921,56,0.0172727,0.000681557,52,0.0155447,0.00188232
4416980597208,4416965314000,4416965314000,4416980585430,73729,15.2714,4416992698372,27.3844,0,4849,15208,0,0,1,0,0,0.008015,500,500,500,1,2.64769,3.92083,0.603191,0.314743,0.117271,0.053215,0.00025354,8.76265e-05,0.0198474,0.00756425,1,0.0109328,-0.0316332,0.0316332,0.0109328,1,1,0.0271638,0.0104693,0.00446946,0.000463557,0,0,0,0,0,0,0,0,0,0,0,0,0,0,0,0,0,0,0,0,0,0,0,255,0.21,7.62748,0.21,0.0270689,0.0103684,1,1,1,1,1,1,1,-0.123765,-3.28604,0.150289,-0.0371325,0.0094282,0.025351,53.1549,3974,1,367,91.0295,994,0,0.000884653,0.0121458,0.0503666,0,0,0,1,500,0.215,0.000214994,7.43227e-05,1.59794e-05,-4.62236e-05,7.61763e-06,-4.83099e-05,0.0667375,-0.0144421,-0.0113319,0.0145333,-0.176576,0.00300313,0.00199329,-0.0129724,12.3657,2,0,0,0,0,0,-1,1,-9.04572e-07,-3.41785e-06,-0.176557,0,0.199668,1,1010,1010,1010,1010,0,0,0,0,0.25928,56,0.0462729,0.0122383,56,0.0383864,3.50708e-05,56,0.0240527,0.00712939,56,0.0299694,0.0160637,56,0.0292005,0.0126561,56,0.0370031,0.0158869,56,0.0296986,0.00915859,56,0.0226945,0.0194292,52,0.033256,0.00864432
4416993283766,4416977311000,4416977311000,4416993272914,73729,15.9619,4417006144215,28.8332,0,4849,15209,0,0,1,0,0,0.011997,500,500,468,0.936,2.68836,3.72466,0.588802,0.305577,0.121811,0.104362,0.000221596,0.000154174,-0.00117411,0.013459,1,0.0128511,-0.0184709,0.0184709,0.0128511,1,1,0.0223104,0.0124138,-0.00383943,0.000437275,0,0,0,0,0,0,0,0,0,0,0,0,0,0,0,0,0,0,0,0,0,0,0,255,0.21,0.504338,0.21,0.0166713,0.012049,1,1,1,1,0,1,1,-0.123917,-3.28625,0.149843,-0.0264509,0.000939669,0.0262275,13.4333,3975,1,367,104.478,994,0,0.000884653,0.0121458,0.0503666,0,0,0,1,468,0.215,0.000187907,0.000130652,2.80902e-05,-4.03999e-05,2.05727e-05,-4.46987e-05,0.0667581,-0.0144868,-0.0112445,0.0144908,-0.176309,0.00457131,0.00188028,0.0168647,13.147,1,0,0,0,0,0,-1,1,-9.04572e-07,-3.41785e-06,-0.176557,0,13.6369,1,1010,1010,1010,1010,0,0,0,0,13.6965,56,0.0163181,0.00880381,56,0.01912,0.0064626,33,0.0185969,0.0177313,56,0.0228815,0.0189281,56,0.0182332,0.0174802,50,0.0154342,0.0117573,56,0.0210164,0.0167382,56,0.021096,0.0151601,49,0.0205571,0.0155203
4417006694183,4416997352000,4416997352000,4417006687349,73729,9.33535,4417019943894,22.5919,1,4850,15210,0,0,1,0,0,0.020041,500,500,500,1,2.68036,3.60131,0.59182,0.314651,0.115395,0.209061,0.000141404,0.000414307,-0.0320078,0.00490299,1,0.020673,-0.00705571,0.00705571,0.020673,1,1,0.016603,0.0203826,-0.00954725,0.000290376,0,0,0,0,0,0,0,0,0,0,0,0,0,0,0,0,0,0,0,0,0,0,0,255,0.2,3.73127,0.2,-0.00881438,-0.0790076,1,1,1,1,0,1,1,-0.123917,-3.28625,0.149843,-0.0264509,0.000939669,0.0262275,27.2318,3975,1,367,118.276,994,0,0.000884653,0.0121458,0.0503666,0,0,0,1,500,0.205,0.000120039,0.00035105,7.19653e-05,-2.46079e-05,6.65452e-05,-3.68199e-05,0.0668246,-0.0145236,-0.0111776,0.0144676,-0.175905,0.00404486,0.00119054,0.0345509,13.5545,1,0,0,0,0,0,-1,1,-9.04572e-07,-3.41785e-06,-0.176557,0,27.4639,1,1010,1010,1010,1010,0,0,0,0,27.5236,56,0.00592942,0.0248485,56,0.00754755,0.0193483,56,0.00570823,0.0174094,56,0.0113915,0.0193157,56,0.00839682,0.0215824,56,0.00577282,0.0206079,56,0.00641862,0.0185032,56,0.00798812,0.0212175,52,0.00988312,0.0232724
4417020491621,4417005320000,4417005320000,4417020481788,73729,15.1618,4417032417395,27.0974,0,4850,15211,0,0,1,0,0,0.007968,500,500,500,1,2.66151,3.73472,0.620653,0.313762,0.00437164,0.0926285,-1.17112e-05,0.000200562,-0.0395284,-0.0162951,1,0.0251709,0.00146978,-0.00146978,0.0251709,1,1,0.01034,0.0249511,-0.0118098,0.000219815,0,0,0,0,0,0,0,0,0,0,0,0,0,0,0,0,0,0,0,0,0,0,0,255,0.2,6.67189,0.2,-0.0392157,-0.282852,1,1,1,1,0,1,1,-0.123917,-3.28625,0.149843,-0.0264509,0.000939669,0.0262275,39.7125,3975,1,367,130.757,994,0,0.000884653,0.0121458,0.0503666,0,0,0,1,500,0.205,-9.87159e-06,0.000169986,3.48471e-05,2.02368e-06,3.46622e-05,-4.08295e-06,0.0668593,-0.0145277,-0.0111017,0.0144285,-0.175263,0.00216716,0.000901242,0.0404698,12.1889,2,0,0,0,0,0,-1,1,-9.04572e-07,-3.41785e-06,-0.176557,0,39.9253,1,1010,1010,1010,1010,0,0,0,0,39.9849,56,0.000421857,0.0178199,56,0.0141026,0.0283443,56,-0.00700316,0.0216161,56,-0.00384935,0.029385,56,-0.00524075,0.0253813,56,-0.00461806,0.0194165,56,-0.00628666,0.0324203,56,-0.00833975,0.0282801,52,-0.00454121,0.0241641
4417032962677,4417017299000,4417017299000,4417032950325,73729,15.6513,4417046461317,29.1623,0,4850,15212,0,0,1,0,0,0.011979,500,500,500,1,2.65671,4.04255,0.702044,0.319651,-0.0405273,0.0544586,-0.000124193,6.19982e-05,-0.0212192,0.0170015,1,0.00517557,0.0103675,-0.0103675,0.00517557,1,1,-0.00491719,0.00504559,-0.00545034,0.000129986,0,0,0,0,0,0,0,0,0,0,0,0,0,0,0,0,0,0,0,0,0,0,0,255,0.2,-0.458264,0.2,-0.0135619,0.00582331,1,1,1,1,1,1,1,-0.123762,-3.28647,0.149438,-0.0269888,0.00559478,0.0251325,3.94494,3976,1,367,144.788,994,0,0.000884653,0.0121458,0.0503666,0,0,0,1,500,0.205,-0.000105339,5.24357e-05,1.07493e-05,2.15945e-05,1.43451e-05,1.9389e-05,0.0668736,-0.0145083,-0.0110729,0.0143647,-0.175253,-0.00048808,0.000532942,0.0174866,3.71066,2,0,0,0,0,0,-1,1,-9.04573e-07,-3.41785e-06,-0.175497,0,4.21267,1,1010,1010,1010,1010,0,0,0,0,4.2233,56,-0.0166169,0.00133187,56,-0.0163119,0.00222861,56,-0.0116228,0.00681975,56,-0.00277815,0.00909422,56,-0.00866198,0.0168486,56,-0.00954417,0.0110265,56,-0.00587355,0.00521507,56,-0.0124378,0.00388108,52,-0.00904609,2.75821e-05
4417047017878,4417037302000,4417037302000,4417047012877,73729,9.71088,4417061957734,24.6557,1,4851,15213,0,0,1,0,0,0.020003,500,500,500,1,2.665,3.60861,0.658247,0.316817,-0.085762,-0.0272141,-0.000163827,-6.37719e-05,-0.00213971,0.00131106,1,-0.00318812,0.00819013,-0.00819013,-0.00318812,1,1,-0.0124479,-0.00284941,0.00425779,-0.000338711,0,0,0,0,0,0,0,0,0,0,0,0,0,0,0,0,0,0,0,0,0,0,0,255,0.2,3.41901,0.2,-0.0107063,-0.00292277,1,1,1,1,0,1,1,-0.123762,-3.28647,0.149438,-0.0269888,0.00559478,0.0251325,19.4435,3976,1,367,160.287,994,0,0.000884653,0.0121458,0.0503666,0,0,0,1,500,0.205,-0.000138945,-5.40763e-05,-1.10857e-05,2.84838e-05,-5.94401e-06,2.9981e-05,0.0668677,-0.0144783,-0.0110546,0.0142973,-0.175557,-0.000387813,-0.00138871,-0.0142758,15.2621,1,0,0,0,0,0,-1,1,-9.04573e-07,-3.41785e-06,-0.175497,0,19.709,1,1010,1010,1010,1010,0,0,0,0,19.7196,56,-0.00839292,-0.00775138,56,-0.0069656,-0.0042537,56,-0.00912145,-0.00229582,56,-0.00859737,-0.00176065,56,-0.007468,-0.000829049,56,-0.00684604,-0.00358037,56,-0.00871092,-0.000982776,56,-0.00567392,-0.00146392,52,-0.00893195,-0.00141556
4417062442460,4417045322000,4417045322000,4417062433701,73729,17.1117,4417074482661,29.1607,0,4851,15214,0,0,1,0,0,0.00802,500,500,500,1,2.65521,3.77796,0.671932,0.314262,0.000610352,-0.0732422,4.66301e-05,-0.000151608,0.0341086,0.00623261,1,-0.0189038,-0.00581423,0.00581423,-0.0189038,1,1,-0.00319245,-0.0181722,0.00900668,-0.000731613,0,0,0,0,0,0,0,0,0,0,0,0,0,0,0,0,0,0,0,0,0,0,0,255,0.2,8.29532,0.2,0.000930755,-0.0149296,1,1,1,1,0,1,1,-0.123762,-3.28647,0.149438,-0.0269888,0.00559478,0.0251325,31.984,3976,1,367,172.828,994,0,0.000884653,0.0121458,0.0503666,0,0,0,1,500,0.205,3.94549e-05,-0.000128485,-2.63395e-05,-8.08825e-06,-2.73446e-05,-3.3534e-06,0.0668404,-0.0144817,-0.0110378,0.0142215,-0.175936,-0.000217105,-0.00299961,-0.0297156,12.2612,1,0,0,0,0,0,-1,1,-9.04573e-07,-3.41785e-06,-0.175497,0,32.259,1,1010,1010,1010,1010,0,0,0,0,32.2696,56,0.008821,-0.0207206,56,0.0122334,-0.022547,56,-0.00160067,-0.0149633,56,0.0046902,-0.0178973,56,0.00370497,-0.0276835,56,0.00366223,-0.0184509,56,0.00409619,-0.00856336,56,0.010299,-0.0219738,52,0.0025043,-0.0218392
4417075010721,4417065312000,4417065312000,4417075004184,73729,9.69218,4417087422573,22.1106,1,4852,15215,0,0,1,0,0,0.01999,500,500,500,1,2.67647,3.67103,0.698543,0.314281,0.0058136,-0.172318,8.80249e-05,-0.00033478,0.0304377,-0.00691262,1,-0.0167474,-0.00440345,0.00440345,-0.0167474,1,1,-0.00664417,-0.015819,0.0110476,-0.000928423,0,0,0,0,0,0,0,0,0,0,0,0,0,0,0,0,0,0,0,0,0,0,0,255,0.2,0.941971,0.2,0.00283526,-0.0128337,1,1,1,1,0,1,1,-0.123762,-3.28647,0.149438,-0.0269888,0.00559478,0.0251325,44.9113,3976,1,367,185.755,994,0,0.000884653,0.0121458,0.0503666,0,0,0,1,500,0.205,7.45796e-05,-0.000283653,-5.81488e-05,-1.52888e-05,-5.99208e-05,-4.8533e-06,0.0667804,-0.0144865,-0.0110271,0.0141543,-0.176307,-1.58264e-05,-0.00380653,-0.0362489,12.678,1,0,0,0,0,0,-1,1,-9.04573e-07,-3.41785e-06,-0.175497,0,45.1806,1,1010,1010,1010,1010,0,0,0,0,0.221798,56,0.00639162,-0.0177176,56,0.00449364,-0.00870227,56,0.00339258,-0.0181828,56,0.00574472,-0.0194561,56,0.00399821,-0.0186492,56,0.0069248,-0.0185679,56,0.00623084,-0.0200975,56,0.00340211,-0.0184494,52,0.00664418,-0.0162668
4417087925022,4417077290000,4417077290000,4417087915040,73729,10.625,4417101306309,24.0163,0,4852,15216,0,0,1,0,0,0.011978,500,500,469,0.938,2.65501,3.82665,0.673099,0.301651,0.00201416,-0.0584412,4.90391e-05,-0.000108613,0.0266446,0.00124148,1,-0.0090677,-0.0040941,0.0040941,-0.0090677,1,1,-0.00215001,-0.0088863,0.0062441,-0.000181397,0,0,0,0,0,0,0,0,0,0,0,0,0,0,0,0,0,0,0,0,0,0,0,255,0.2,3.66992,0.2,0.00419268,-0.00420721,1,1,1,1,1,1,1,-0.123533,-3.28657,0.149109,-0.0207664,0.0044045,0.0243259,3.18914,3977,1,367,3.14968,995,0,0.000884653,0.0160368,0.049508,0,0,0,1,469,0.205,4.15266e-05,-9.1972e-05,-1.88543e-05,-8.51296e-06,-2.0054e-05,-5.06588e-06,0.0667604,-0.0144916,-0.0110082,0.0141293,-0.176717,-0.000277699,-0.000743727,-0.0207028,2.93366,3,0,0,0,0,0,-1,1,-9.04572e-07,-3.41785e-06,-0.176972,0,3.4447,1,1010,1010,1010,1010,0,0,0,0,14.0842,56,-9.92967e-05,7.12798e-05,56,0.0095612,-0.0119557,34,0.00788648,-0.00952593,56,0.00949421,-0.0166999,56,0.00366103,-0.00800039,49,0.0107439,-0.011948,56,0.00344516,-0.00802265,56,0.000769091,-0.00916271,50,0.00399232,-0.0107066
4417101833332,4417085317000,4417085317000,4417101821572,73729,16.5046,4417113880421,28.5634,0,4852,15217,0,0,1,0,0,0.008027,500,500,500,1,2.64669,3.8492,0.588097,0.312058,-0.0395203,0.00360107,-5.79786e-05,4.35566e-06,0.0104667,-0.00902025,1,0.000542626,0.00722294,-0.00722294,0.000542626,1,1,-0.00929504,0.000307123,0.0020721,0.000235503,0,0,0,0,0,0,0,0,0,0,0,0,0,0,0,0,0,0,0,0,0,0,0,255,0.2,7.42012,0.2,-0.00450946,0.00160661,1,1,1,1,0,1,1,-0.123533,-3.28657,0.149109,-0.0207664,0.0044045,0.0243259,15.7833,3977,1,367,15.7439,995,0,0.000884653,0.0160368,0.049508,0,0,0,1,500,0.205,-4.91623e-05,3.69062e-06,7.56577e-07,1.00783e-05,2.51481e-06,9.78801e-06,0.0667629,-0.0144818,-0.0110082,0.0141293,-0.176717,-0.000153488,0.000965562,-0.00691926,15.4983,0,0,0,0,0,0,-1,1,-9.04572e-07,-3.41785e-06,-0.176972,0,16.0561,1,1010,1010,1010,1010,0,0,0,0,26.6956,56,-0.0032408,-0.00220354,56,-0.00420881,-0.00232444,56,-0.00231709,0.00269814,56,-0.00535557,0.00446899,56,-0.0124926,0.00239564,56,-0.00987118,0.00265674,56,-0.00343184,0.00420984,56,-0.0190538,0.00271464,52,-0.00877337,-0.00235537
4417114402815,4417105316000,4417105316000,4417114396204,73729,9.0802,4417126753759,21.4378,1,4853,15218,0,0,1,0,0,0.019999,500,500,500,1,2.68821,3.59975,0.677469,0.312429,-0.0322266,0.0617218,-9.0053e-05,9.88728e-05,-0.00122019,0.00644442,1,0.00494389,0.00450288,-0.00450288,0.00494389,1,1,-0.00223777,0.00449281,-0.0022651,0.000451076,0,0,0,0,0,0,0,0,0,0,0,0,0,0,0,0,0,0,0,0,0,0,0,255,0.2,-0.305558,0.2,-0.00140375,0.00488534,1,1,1,1,0,1,1,-0.123533,-3.28657,0.149109,-0.0207664,0.0044045,0.0243259,28.6456,3977,1,367,28.6061,995,0,0.000884653,0.0160368,0.049508,0,0,0,1,500,0.205,-7.6386e-05,8.37547e-05,1.71697e-05,1.56591e-05,1.96492e-05,1.23993e-05,0.0667825,-0.0144694,-0.0109968,0.0141505,-0.176582,0.000430788,0.00184941,0.00777417,12.6118,1,0,0,0,0,0,-1,1,-9.04572e-07,-3.41785e-06,-0.176972,0,28.9238,1,1010,1010,1010,1010,0,0,0,0,39.5633,56,-0.00307316,0.00311548,56,-0.00856418,0.00359467,56,-0.0059398,0.00637518,56,-0.0023605,0.00677725,56,-0.00428302,0.00816047,56,-0.00339668,0.00385664,56,-0.00290669,0.0038661,56,-0.000908128,0.00601692,52,-0.00397968,0.00767623
4417127264023,4417117337000,4417117337000,4417127253912,73729,9.91691,4417140558346,23.2213,0,4853,15219,0,0,1,0,0,0.012021,500,500,500,1,2.63428,3.53514,0.73821,0.314503,-0.00498962,0.0382996,-1.94648e-05,6.11408e-05,-0.0114941,0.00189775,1,0.00508617,0.00161923,-0.00161923,0.00508617,1,1,0.0045295,0.00482174,-0.00614873,0.000264425,0,0,0,0,0,0,0,0,0,0,0,0,0,0,0,0,0,0,0,0,0,0,0,255,0.21,2.37906,0.21,0.00991922,0.0963799,1,1,1,1,0,1,1,-0.123533,-3.28657,0.149109,-0.0207664,0.0044045,0.0243259,42.4484,3977,1,367,42.4089,995,0,0.000884653,0.0160368,0.049508,0,0,0,1,500,0.215,-1.65612e-05,5.18055e-05,1.11382e-05,3.56066e-06,1.15881e-05,1.55374e-06,0.0667941,-0.0144679,-0.0109465,0.0141841,-0.176154,0.00181337,0.00113703,0.0226023,13.5292,2,0,0,0,0,0,-1,1,-9.04572e-07,-3.41785e-06,-0.176221,0,0.230465,1,1010,1010,1010,1010,0,0,0,0,0.23428,56,0.00296734,0.00285698,56,0.00760979,0.00824907,56,-0.00806289,0.00246682,56,-0.000452804,0.00533946,56,0.00258666,0.00583036,56,-0.0031077,0.00881898,56,-0.00404284,0.00977991,56,-0.00320982,0.00227625,52,-0.00329662,0.00418535
4417141050998,4417125310000,4417125310000,4417141042072,73729,15.7321,4417152424711,27.1147,0,4853,15220,0,0,1,0,0,0.007973,500,500,500,1,2.67415,3.85981,0.666118,0.322022,0.0186234,0.046814,-5.63711e-06,9.36143e-05,-0.0370716,0.00232811,1,0.0117414,0.000707025,-0.000707025,0.0117414,1,1,0.0058546,0.0116972,-0.00656163,4.42022e-05,0,0,0,0,0,0,0,0,0,0,0,0,0,0,0,0,0,0,0,0,0,0,0,255,0.21,6.00418,0.21,0.0536266,0.415922,1,1,1,1,1,1,1,-0.122973,-3.28679,0.148903,-0.0174142,0.00126892,0.0245231,11.8339,3978,1,367,54.281,995,0,0.000884653,0.0160368,0.049508,0,0,0,1,500,0.215,-4.68903e-06,7.93198e-05,1.70538e-05,1.00814e-06,1.6965e-05,-1.99281e-06,0.0668111,-0.0144698,-0.0109234,0.0141943,-0.17598,0.00240923,0.000190069,0.0244994,10.2408,1,0,0,0,0,0,-1,1,-9.04572e-07,-3.41785e-06,-0.176221,0,12.1102,1,1010,1010,1010,1010,0,0,0,0,12.114,56,0.00657784,0.022151,56,-0.00528969,-0.00508587,56,0.0060642,0.0177746,56,-0.00710132,0.0138501,56,-0.00473578,0.017735,56,0.00418061,0.0155123,56,0.00494663,0.00486813,56,-0.000444185,0.00907901,52,-0.00153787,0.0109065
4417153004550,4417137332000,4417137332000,4417152993920,73729,15.6619,4417165871795,28.5398,0,4853,15221,0,0,1,0,0,0.012022,500,500,499,0.998,2.68784,3.70244,0.666117,0.30767,0.0192261,0.00491333,2.18784e-05,-7.83955e-06,-0.0129299,0.0087991,1,-0.0006521,-0.00181986,0.00181986,-0.0006521,1,1,0.00644806,-0.000574791,-0.0046282,-7.73093e-05,0,0,0,0,0,0,0,0,0,0,0,0,0,0,0,0,0,0,0,0,0,0,0,255,0.2,7.77835,0.2,-0.0102199,-0.0807311,1,1,1,1,0,1,1,-0.122973,-3.28679,0.148903,-0.0174142,0.00126892,0.0245231,25.2973,3978,1,367,67.7443,995,0,0.000884653,0.0160368,0.049508,0,0,0,1,499,0.205,1.85675e-05,-6.63678e-06,-1.36054e-06,-3.80634e-06,-2.00494e-06,-3.50939e-06,0.0668091,-0.0144734,-0.0109008,0.0141916,-0.175916,0.002394,-0.000316968,0.0170957,13.1688,1,0,0,0,0,0,-1,1,-9.04572e-07,-3.41785e-06,-0.176221,0,25.5703,1,1010,1010,1010,1010,0,0,0,0,25.5741,56,0.00245101,-0.00956397,56,0.00663485,-0.0048496,56,-0.00871612,-0.000799069,56,0.00372589,0.0109889,56,-0.00161162,-0.00361049,56,-0.000609173,0.0017998,56,0.00157545,0.00303978,56,0.00166526,0.00274955,51,0.0020483,-0.00240967
4417166415244,4417153348000,4417153348000,4417166410114,73729,13.0621,4417178748355,25.4004,1,4854,15222,0,0,1,0,0,0.016016,500,500,500,1,2.68369,3.56336,0.584894,0.314743,0.0744324,0.017334,0.000113565,2.40665e-05,-0.00633791,0.000866352,1,0.00150265,-0.00709071,0.00709071,0.00150265,1,1,0.00883539,0.00157452,-0.00174467,-7.18638e-05,0,0,0,0,0,0,0,0,0,0,0,0,0,0,0,0,0,0,0,0,0,0,0,255,0.2,0.88473,0.2,-0.0213366,-0.205789,1,1,1,1,0,1,1,-0.122973,-3.28679,0.148903,-0.0174142,0.00126892,0.0245231,38.1518,3978,1,367,80.599,995,0,0.000884653,0.0160368,0.049508,0,0,0,1,500,0.205,9.64067e-05,2.03491e-05,4.17157e-06,-1.97634e-05,6.505e-07,-2.01878e-05,0.0668097,-0.0144935,-0.0108904,0.0141907,-0.17595,0.00178441,-0.000294642,0.00715005,12.6085,1,0,0,0,0,0,-1,1,-9.04572e-07,-3.41785e-06,-0.176221,0,38.422,1,1010,1010,1010,1010,0,0,0,0,38.4258,56,0.00884546,0.00291911,56,-0.0036786,0.008381,56,0.0121968,0.00310375,56,0.0112417,-0.00503542,56,0.00761043,-0.00169035,56,0.00856369,0.000479203,56,0.00969362,0.00144542,56,0.00673374,0.00304994,52,0.00679338,0.00305186
4417179244581,4417165308000,4417165308000,4417179235100,73729,13.9271,4417192015381,26.7074,0,4854,15223,0,0,1,0,0,0.01196,500,500,460,0.92,2.6358,3.78916,0.592006,0.291817,0.0278931,-0.0069046,5.12687e-05,-3.0548e-05,0.00705617,0.00995231,1,-0.00255418,-0.00428668,0.00428668,-0.00255418,1,1,0.00216316,-0.00245838,0.00212352,-9.57985e-05,0,0,0,0,0,0,0,0,0,0,0,0,0,0,0,0,0,0,0,0,0,0,0,255,0.2,3.54575,0.2,-5.16911e-05,-0.00082553,1,1,1,1,0,1,1,-0.122973,-3.28679,0.148903,-0.0174142,0.00126892,0.0245231,51.4182,3978,1,367,93.8653,995,0,0.000884653,0.0160368,0.049508,0,0,0,1,460,0.205,4.34103e-05,-2.5869e-05,-5.30315e-06,-8.89911e-06,-6.77912e-06,-7.83144e-06,0.066803,-0.0145014,-0.0108948,0.0141705,-0.176217,0.000333479,-0.000392774,-0.00669836,12.9954,2,0,0,0,0,0,-1,1,-9.04572e-07,-3.41785e-06,-0.176619,0,0.251335,1,1010,1010,1010,1010,0,0,0,0,0.255428,56,0.011872,0.0047608,56,0.00340435,-0.00609068,56,0.00238988,-0.000612307,56,-0.00112999,-0.005759,56,0.00852745,0.00200126,56,0.00431467,-0.00363513,29,-0.000309772,-0.00701397,56,0.00501124,-0.00663908,39,0.00628866,6.08421e-05
4417192505441,4417173329000,4417173329000,4417192495163,73729,19.1662,4417205546039,32.217,0,4854,15224,0,0,1,0,0,0.008021,500,500,500,1,2.66449,3.7152,0.65984,0.316114,0.000640869,-0.0131073,6.01563e-06,-1.32757e-05,0.0166841,-0.0124643,1,-0.00165512,-0.000749985,0.000749985,-0.00165512,1,1,-0.00332069,-0.00136755,0.00407067,-0.000287571,0,0,0,0,0,0,0,0,0,0,0,0,0,0,0,0,0,0,0,0,0,0,0,255,0.2,6.10044,0.2,-0.00239533,-0.00214939,1,1,1,1,1,1,1,-0.122365,-3.287,0.148477,-0.0147327,0.00383295,0.0238245,13.5374,3979,1,367,107.416,995,0,0.000884653,0.0160368,0.049508,0,0,0,1,500,0.205,5.04652e-06,-1.12745e-05,-2.31127e-06,-1.03454e-06,-2.45654e-06,-6.12947e-07,0.0668005,-0.014502,-0.0109061,0.014157,-0.176378,-0.00067247,-0.00117904,-0.0138898,13.2873,1,0,0,0,0,0,-1,1,-9.04572e-07,-3.41785e-06,-0.176619,0,13.813,1,1010,1010,1010,1010,0,0,0,0,13.8171,56,-0.00478051,-0.00137523,56,0.0128002,0.00172816,56,0.00665592,-0.00513987,56,0.0046266,-0.000207119,56,-0.000721324,-0.00542696,56,-0.00290459,0.00222906,56,0.00532704,-0.00300622,56,0.00657489,-0.00141736,52,-0.00600771,0.00370329
4417206148267,4417193327000,4417193327000,4417206142026,73729,12.815,4417218652638,25.3256,1,4855,15225,0,0,1,0,0,0.019998,500,500,498,0.996,2.68508,3.53666,0.667543,0.313077,-0.0418243,-0.0372314,-4.23691e-05,-7.18526e-05,0.0131678,-0.00142136,1,-0.00359299,0.00211867,-0.00211867,-0.00359299,1,1,-0.00615989,-0.00328205,0.00404122,-0.000310937,0,0,0,0,0,0,0,0,0,0,0,0,0,0,0,0,0,0,0,0,0,0,0,255,0.2,-0.029426,0.2,-0.00206539,-0.00280162,1,1,1,1,0,1,1,-0.122365,-3.287,0.148477,-0.0147327,0.00383295,0.0238245,26.6242,3979,1,367,120.503,995,0,0.000884653,0.0160368,0.049508,0,0,0,1,498,0.205,-3.60136e-05,-6.08723e-05,-1.24788e-05,7.38279e-06,-1.09884e-05,9.459e-06,0.0667895,-0.0144925,-0.0109214,0.0141528,-0.176524,-0.00101737,-0.00127484,-0.0140691,12.8349,1,0,0,0,0,0,-1,1,-9.04572e-07,-3.41785e-06,-0.176619,0,26.8894,1,1010,1010,1010,1010,0,0,0,0,26.8935,56,-0.00466177,-0.00677808,56,-0.00201599,-0.00407838,54,-0.00244035,-0.0023744,56,-0.00384169,-0.00545416,56,-0.000867893,-0.00659474,56,-0.000362348,-0.00511032,56,-0.0055028,-0.00388584,56,0.00098263,-0.00586697,52,-0.00177316,-0.00198732
4417219147309,4417205310000,4417205310000,4417219137143,73729,13.8271,4417234785005,29.475,0,4855,15226,0,0,1,0,0,0.011983,500,500,500,1,2.65899,3.56429,0.677044,0.320632,-0.0240936,-0.0121994,-1.17683e-05,-1.85555e-05,0.00149301,0.00031315,1,-0.00154849,0.000982084,-0.000982084,-0.00154849,1,1,-0.0034347,-0.0015079,0.00245261,-4.05879e-05,0,0,0,0,0,0,0,0,0,0,0,0,0,0,0,0,0,0,0,0,0,0,0,255,0.2,2.82795,0.2,0.000243108,-0.000293688,1,1,1,1,0,1,1,-0.122365,-3.287,0.148477,-0.0147327,0.00383295,0.0238245,42.7569,3979,1,367,136.635,995,0,0.000884653,0.0160368,0.049508,0,0,0,1,500,0.205,-9.97045e-06,-1.56912e-05,-3.2167e-06,2.04394e-06,-2.80735e-06,2.57743e-06,0.0667867,-0.0144899,-0.0109413,0.0141881,-0.176697,-0.000800867,-0.00016641,-0.00868526,15.8621,2,0,0,0,0,0,-1,1,-9.04572e-07,-3.41785e-06,-0.176619,0,43.0386,1,1010,1010,1010,1010,0,0,0,0,43.0427,56,-0.00147611,-0.00783179,56,0.00654668,-0.00541683,56,-0.0117393,-0.00561079,56,-0.000518565,0.00155513,56,-0.00966954,0.000122234,56,-0.000259113,-0.000311338,56,-0.00243731,0.00211297,56,-0.00727893,0.00239684,52,0.000933488,-0.00417973
4417235296324,4417225318000,4417225318000,4417235290806,73729,9.97281,4417247933604,22.6156,1,4856,15227,0,0,1,0,0,0.020008,500,500,500,1,2.6906,3.92535,0.640228,0.318762,-0.0362701,0.0316238,-6.82825e-05,4.74283e-05,0.00429521,-0.000547449,1,0.00237047,0.00341276,-0.00341276,0.00237047,1,1,-0.00303879,0.00222346,-0.000373968,0.000147005,0,0,0,0,0,0,0,0,0,0,0,0,0,0,0,0,0,0,0,0,0,0,0,255,0.2,8.81428,0.2,-0.001321,0.0024305,1,1,1,1,0,1,1,-0.121781,-3.28709,0.148114,-0.012169,0.00176809,0.0234754,1.41446,3980,1,367,149.78,995,0,0.000884653,0.0160368,0.049508,0,0,0,1,500,0.205,-5.79731e-05,4.01835e-05,8.23762e-06,1.18845e-05,1.01953e-05,1.02515e-05,0.0667969,-0.0144797,-0.0109216,0.0142255,-0.176669,0.000963434,0.00060272,0.00199736,1.18668,2,0,0,0,0,0,-1,1,-9.04572e-07,-3.41785e-06,-0.17691,0,1.69694,1,1010,1010,1010,1010,0,0,0,0,1.70063,56,-0.00150546,0.00431651,56,-0.00226614,0.0040252,56,-0.00362247,-0.000158722,56,-0.00271007,0.00425187,56,-1.20606e-05,0.00317246,56,-0.00484847,0.00158776,56,-0.00428574,0.000362019,56,-0.00290825,0.00472602,52,-0.00343652,0.00365844
4417248436127,4417233329000,4417233329000,4417248427331,73729,15.0983,4417260255419,26.9264,0,4856,15228,0,0,1,0,0,0.008011,500,500,500,1,2.64508,3.49038,0.705488,0.314781,0.00839233,0.0156326,2.30042e-05,3.26982e-05,-0.00119223,0.00400984,1,0.00408166,-0.00287158,0.00287158,0.00408166,1,1,0.00490225,0.00408614,-0.00203068,-4.47719e-06,0,0,0,0,0,0,0,0,0,0,0,0,0,0,0,0,0,0,0,0,0,0,0,255,0.2,1.58864,0.2,0.00182053,0.00263139,1,1,1,1,1,1,1,-0.121781,-3.28709,0.148114,-0.012169,0.00176809,0.0234754,13.7394,3980,1,367,162.105,995,0,0.000884653,0.0160368,0.049508,0,0,0,1,500,0.205,1.9497e-05,2.76914e-05,5.67673e-06,-3.99688e-06,4.88631e-06,-4.93183e-06,0.0668018,-0.0144846,-0.01091,0.0142338,-0.176606,0.00187662,-1.83565e-05,0.00816191,12.0821,1,0,0,0,0,0,-1,1,-9.04572e-07,-3.41785e-06,-0.17691,0,14.0135,1,1010,1010,1010,1010,0,0,0,0,14.0171,56,-0.00295234,0.009784,56,-0.00129007,0.0154169,56,0.00755756,0.0026391,56,0.00589197,-0.0054702,56,-0.00348359,0.00309972,56,0.00162143,0.00310553,56,0.0020434,0.0102885,56,0.0031111,0.000874392,52,0.00145037,-0.00424145
4417260806924,4417245308000,4417245308000,4417260796146,73729,15.4881,4417274014616,28.7066,0,4856,15229,0,0,1,0,0,0.011979,500,500,500,1,2.67241,3.84416,0.600764,0.313503,0.0270081,-0.0142975,1.08622e-05,-2.20305e-05,-0.0119889,-0.00429569,1,-0.0018391,-0.000906768,0.000906768,-0.0018391,1,1,0.0032465,-0.00174148,-0.00233973,-9.76209e-05,0,0,0,0,0,0,0,0,0,0,0,0,0,0,0,0,0,0,0,0,0,0,0,255,0.21,3.84915,0.21,0.00145025,-0.0023624,1,1,1,1,0,1,1,-0.121781,-3.28709,0.148114,-0.012169,0.00176809,0.0234754,27.5038,3980,1,367,175.869,995,0,0.000884653,0.0160368,0.049508,0,0,0,1,500,0.215,9.29943e-06,-1.86817e-05,-4.01657e-06,-1.99938e-06,-4.30455e-06,-1.2629e-06,0.0667975,-0.0144859,-0.0108871,0.0142464,-0.176542,0.00224216,-0.00041977,0.0098424,13.5222,1,0,0,0,0,0,-1,1,-9.04572e-07,-3.41785e-06,-0.17691,0,27.7735,1,1010,1010,1010,1010,0,0,0,0,27.7772,56,0.00919585,0.0017127,56,-0.0211447,-0.00388122,56,0.00408615,-0.00208721,56,0.00407449,-0.0014175,56,0.00474743,-0.00311922,56,0.00320979,0.00204173,56,0.000486078,-0.0061409,56,0.00481777,-0.0020762,52,0.00390416,0.00379577
4417274521009,4417265307000,4417265307000,4417274515880,73729,9.20888,4417288271151,22.9642,1,4857,15230,0,0,1,0,0,0.019999,500,500,500,1,2.67826,3.68235,0.671562,0.310188,0.0596542,0.00242615,9.54295e-05,-9.16578e-06,-0.00451966,0.000474619,1,-0.000458312,-0.00477172,0.00477172,-0.000458312,1,1,0.00720946,-0.000326026,-0.00243774,-0.000132286,0,0,0,0,0,0,0,0,0,0,0,0,0,0,0,0,0,0,0,0,0,0,0,255,0.21,7.32864,0.21,0.0257299,0.223387,1,1,1,1,0,1,1,-0.121781,-3.28709,0.148114,-0.012169,0.00176809,0.0234754,41.757,3980,1,367,190.122,995,0,0.000884653,0.0160368,0.049508,0,0,0,1,500,0.215,8.09544e-05,-7.74696e-06,-1.6656e-06,-1.74052e-05,-4.69237e-06,-1.6842e-05,0.0667928,-0.0145027,-0.0108817,0.0142496,-0.176474,0.00201591,-0.00056883,0.00999857,14.0096,1,0,0,0,0,0,-1,1,-9.04572e-07,-3.41785e-06,-0.17691,0,42.0317,1,1010,1010,1010,1010,0,0,0,0,0.203613,56,0.00607506,-0.00161861,56,0.00786151,0.000238596,56,0.00628763,-0.000955676,56,0.00478973,-0.000516606,56,0.00414215,0.00262202,56,0.00508448,-0.00317236,56,0.00530496,0.00190589,56,0.00296461,0.00123083,52,0.00618643,-0.00233572
4417288777285,4417273329000,4417273329000,4417288765656,73729,15.4367,4417300184054,26.8551,0,4857,15231,0,0,1,0,0,0.008022,500,500,500,1,2.66563,3.75339,0.656043,0.320188,-0.00860596,-0.00258636,-1.12426e-05,3.03641e-05,-0.0132489,-0.00418243,1,0.0037851,0.00140147,-0.00140147,0.0037851,1,1,0.000335109,0.00383301,-0.00173658,-4.79077e-05,0,0,0,0,0,0,0,0,0,0,0,0,0,0,0,0,0,0,0,0,0,0,0,255,0.2,1.32984,0.2,-0.0331292,-0.321246,1,1,1,1,0,1,1,-0.121167,-3.28722,0.147931,-0.0104301,0.00296677,0.0228922,2.72445,3981,1,367,2.66747,996,0,0.000884653,0.0118521,0.0498178,0,0,0,1,500,0.205,-9.50423e-06,2.57134e-05,5.27125e-06,1.94837e-06,5.53057e-06,9.92834e-07,0.0667983,-0.0145017,-0.0108983,0.0142722,-0.176454,0.000286258,-0.000196422,0.00592499,2.4248,3,0,0,0,0,0,-1,1,-9.04572e-07,-3.41785e-06,-0.176647,0,2.99227,1,1010,1010,1010,1010,0,0,0,0,12.1055,56,-0.00665941,0.00350499,56,0.00197735,0.00547446,56,-0.00724218,0.00714946,56,-0.00462535,-0.00203197,56,-0.000494025,-0.00740384,56,-0.000923403,-0.00370307,56,-0.00525378,-0.00309692,56,-0.00690221,0.00235903,52,0.000289279,-4.86129e-05
4417300670985,4417285308000,4417285308000,4417300661336,73729,15.3533,4417313524026,28.216,0,4857,15232,0,0,1,0,0,0.011979,500,500,466,0.932,2.65597,3.77865,0.653283,0.305484,-0.0240097,-0.0083313,-7.02676e-05,-1.94504e-05,-0.00445832,0.00874417,1,-0.00162371,0.0058659,-0.0058659,-0.00162371,1,1,-0.00532569,-0.00170159,-0.000540215,7.78798e-05,0,0,0,0,0,0,0,0,0,0,0,0,0,0,0,0,0,0,0,0,0,0,0,255,0.2,3.07692,0.2,-0.0485135,-0.129188,1,1,1,1,1,1,1,-0.121167,-3.28722,0.147931,-0.0104301,0.00296677,0.0228922,16.0704,3981,1,367,16.0135,996,0,0.000884653,0.0118521,0.0498178,0,0,0,1,466,0.205,-5.96727e-05,-1.65287e-05,-3.38838e-06,1.22329e-05,-1.19007e-06,1.26373e-05,0.0667971,-0.0144891,-0.0108983,0.0142722,-0.176454,-0.000343661,0.000319307,0.00149698,15.7905,0,0,0,0,0,0,-1,1,-9.04572e-07,-3.41785e-06,-0.176647,0,16.3331,1,1010,1010,1010,1010,0,0,0,0,25.4464,56,-0.0111219,-0.00390335,56,0.000814429,-0.00147144,56,-0.00408258,0.000360853,46,-0.00771648,-0.00845249,56,-0.00219219,0.00164828,56,-0.00608297,-0.002,32,-0.00283758,0.00181422,56,-0.00223492,-0.00485143,52,-0.0112039,-0.0015974
4417314070623,4417305309000,4417305309000,4417314064419,73729,8.75542,4417327447947,22.1389,1,4858,15233,0,0,1,0,0,0.020001,500,500,500,1,2.69028,3.65707,0.634765,0.318484,-0.0529175,-0.0102234,-8.15138e-05,-3.48876e-05,0.00663691,0.00259775,1,-0.00174429,0.00407549,-0.00407549,-0.00174429,1,1,-0.00534934,-0.00175309,0.00127385,8.79859e-06,0,0,0,0,0,0,0,0,0,0,0,0,0,0,0,0,0,0,0,0,0,0,0,255,0.21,6.16154,0.21,0.0191698,0.164724,1,1,1,1,0,1,1,-0.121167,-3.28722,0.147931,-0.0104301,0.00296677,0.0228922,29.9953,3981,1,367,29.9383,996,0,0.000884653,0.0118521,0.0498178,0,0,0,1,500,0.215,-6.91612e-05,-2.95877e-05,-6.36135e-06,1.48697e-05,-3.65258e-06,1.57552e-05,0.0667935,-0.0144733,-0.0108972,0.0142689,-0.176554,-0.000163132,3.78339e-05,-0.00451256,13.678,1,0,0,0,0,0,-1,1,-9.04572e-07,-3.41785e-06,-0.176647,0,30.2642,1,1010,1010,1010,1010,0,0,0,0,39.3775,56,-0.00531449,-0.000992767,56,0.00396414,0.00340126,56,-0.00742227,-0.00474421,56,-0.00511629,-0.00282248,56,-0.0023414,-0.000669223,56,-0.00225145,-0.00119129,56,-0.00541043,-0.00302277,56,-0.00685575,-0.000665261,52,-0.00275571,-0.00189728
4417327951377,4417313326000,4417313326000,4417327941044,73729,14.615,4417339277145,25.9511,0,4858,15234,0,0,1,0,0,0.008017,500,500,500,1,2.64336,3.53353,0.616858,0.331763,-0.0149841,-0.00759888,-1.71818e-05,-2.05523e-05,0.0152116,-0.00573087,1,-0.00256359,0.00214317,-0.00214317,-0.00256359,1,1,-0.00515533,-0.00246414,0.00301215,-9.94467e-05,0,0,0,0,0,0,0,0,0,0,0,0,0,0,0,0,0,0,0,0,0,0,0,255,0.21,-0.166391,0.21,0.00867639,0.131164,1,1,1,1,0,1,1,-0.121167,-3.28722,0.147931,-0.0104301,0.00296677,0.0228922,41.8211,3981,1,367,41.7642,996,0,0.000884653,0.0118521,0.0498178,0,0,0,1,500,0.215,-1.46092e-05,-1.74291e-05,-3.74726e-06,3.14097e-06,-3.13635e-06,3.75108e-06,0.0667903,-0.0144696,-0.0108991,0.0142495,-0.176853,3.25835e-05,-0.000427621,-0.0103357,11.5467,2,0,0,0,0,0,-1,1,-9.04572e-07,-3.41785e-06,-0.176647,0,42.1011,1,1010,1010,1010,1010,0,0,0,0,0.244261,56,-0.017204,-0.00107988,56,0.00202832,-0.000742184,56,0.00332967,-0.00046856,56,0.00182275,-0.00499699,56,0.000842676,0.00380644,56,-0.00386703,-0.00818691,56,-0.00711802,-0.0105573,56,0.00159036,0.00578429,52,-0.0043668,-0.00150993
4417339791206,4417325299000,4417325299000,4417339780372,73729,14.4814,4417351974278,26.6753,0,4858,15235,0,0,1,0,0,0.011973,500,500,500,1,2.65167,3.562,0.686543,0.318114,0.00860596,-0.0128098,2.79357e-05,-1.80239e-05,0.00356562,-0.00360815,1,-0.00150538,-0.00233323,0.00233323,-0.00150538,1,1,-0.00109987,-0.0013783,0.0034331,-0.000127077,0,0,0,0,0,0,0,0,0,0,0,0,0,0,0,0,0,0,0,0,0,0,0,255,0.21,1.56629,0.21,0.00210777,-0.00172296,1,1,1,1,0,1,1,-0.121167,-3.28722,0.147931,-0.0104301,0.00296677,0.0228922,54.519,3981,1,367,54.4619,996,0,0.000884653,0.0118521,0.0498178,0,0,0,1,500,0.215,2.37165e-05,-1.52218e-05,-3.27269e-06,-5.09904e-06,-4.11757e-06,-4.44364e-06,0.0667862,-0.014474,-0.0108991,0.0142495,-0.176853,0.000154045,-0.000546433,-0.0116866,24.2437,0,0,0,0,0,0,-1,1,-9.04572e-07,-3.41785e-06,-0.177205,0,0.263317,1,1010,1010,1010,1010,0,0,0,0,12.946,56,0.00100809,-6.88564e-05,56,0.00794346,-0.00736643,56,-0.00143462,-0.00258877,56,0.000375871,0.000326186,56,-0.00487704,-0.00588852,56,0.00195424,-0.00320544,56,0.00563652,0.00303882,56,0.00312679,-0.00433337,52,0.00264183,0.00282857
4417352493875,4417345309000,4417345309000,4417352487097,73729,7.1781,4417366121553,20.8126,1,4859,15236,0,0,1,0,0,0.02001,500,500,496,0.992,2.65299,4.02091,0.589468,0.314632,0.0318222,0.0190277,7.76201e-05,2.30923e-05,0.00906623,-0.00240577,1,0.00115404,-0.00387906,0.00387906,0.00115404,1,1,0.00127255,0.00106957,0.00260651,8.44678e-05,0,0,0,0,0,0,0,0,0,0,0,0,0,0,0,0,0,0,0,0,0,0,0,255,0.2,4.06372,0.2,-0.00902439,-0.144011,1,1,1,1,1,1,1,-0.120571,-3.28732,0.147684,-0.0082532,0.00198018,0.0224794,14.1476,3982,1,367,68.6297,996,0,0.000884653,0.0118521,0.0498178,0,0,0,1,496,0.205,6.58226e-05,1.95687e-05,4.01158e-06,-1.34936e-05,1.57466e-06,-1.39887e-05,0.0667878,-0.014488,-0.0108793,0.0142635,-0.177009,0.000696303,0.000346318,-0.00799231,13.8605,2,0,0,0,0,0,-1,1,-9.04572e-07,-3.41785e-06,-0.177205,0,14.4204,1,1010,1010,1010,1010,0,0,0,0,27.103,56,0.00470563,0.00475425,56,0.00274382,0.000913758,56,0.0062787,0.00188741,56,0.0075942,0.00106338,56,-5.50435e-05,-0.00129623,56,0.00555919,0.000743646,56,0.00159192,-0.00206052,56,0.00385061,0.00287845,48,0.00301748,0.00206435
4417366726632,4417353325000,4417353325000,4417366714688,73729,13.3897,4417377998196,24.6732,0,4859,15237,0,0,1,0,0,0.008016,500,500,500,1,2.67178,3.57474,0.589135,0.318243,-0.00205231,0.023468,-3.51622e-05,5.11682e-05,-0.00930966,0.00612447,1,0.00638326,0.0043865,-0.0043865,0.00638326,1,1,-0.00456045,0.00611105,0.000173949,0.000272208,0,0,0,0,0,0,0,0,0,0,0,0,0,0,0,0,0,0,0,0,0,0,0,255,0.2,7.65188,0.2,-0.0193262,-0.161651,1,1,1,1,0,1,1,-0.120571,-3.28732,0.147684,-0.0082532,0.00198018,0.0224794,26.0055,3982,1,367,80.4875,996,0,0.000884653,0.0118521,0.0498178,0,0,0,1,500,0.205,-2.97915e-05,4.33308e-05,8.88282e-06,6.10726e-06,9.81744e-06,4.44789e-06,0.0667976,-0.0144836,-0.0108612,0.0142679,-0.176986,0.00170652,0.00111605,0.000794664,11.603,1,0,0,0,0,0,-1,1,-9.04572e-07,-3.41785e-06,-0.177205,0,26.2781,1,1010,1010,1010,1010,0,0,0,0,38.9607,56,0.00248781,0.00417494,56,-0.000635943,0.00516646,56,-0.00167103,0.00663617,56,-0.00490949,-0.00689453,56,0.00344888,0.00768015,56,-0.00984166,0.00746917,56,0.0019797,0.00328412,56,-0.00982233,0.011623,52,0.00558929,0.00180973
4417378502404,4417361351000,4417361351000,4417378492108,73729,17.1411,4417391189074,29.8381,0,4859,15238,0,0,1,0,0,0.008026,500,500,474,0.948,2.68425,3.66855,0.693913,0.310002,-0.00850677,0.0305939,4.53324e-06,6.57602e-05,-0.0116202,-0.0133404,1,0.0081934,-0.000564819,0.000564819,0.0081934,1,1,0.00280617,0.00809167,-0.00224135,0.00010173,0,0,0,0,0,0,0,0,0,0,0,0,0,0,0,0,0,0,0,0,0,0,0,255,0.21,-0.391097,0.21,-0.00713602,0.125581,1,1,1,1,0,1,1,-0.120571,-3.28732,0.147684,-0.0082532,0.00198018,0.0224794,39.1952,3982,1,367,93.6772,996,0,0.000884653,0.0118521,0.0498178,0,0,0,1,474,0.215,3.83142e-06,5.57331e-05,1.19826e-05,-8.23756e-07,1.16498e-05,-2.91854e-06,0.0668093,-0.0144865,-0.0108164,0.0142198,-0.17683,0.00146135,0.000437438,0.00887931,12.9188,2,0,0,0,0,0,-1,1,-9.04572e-07,-3.41785e-06,-0.177005,0,0.231298,1,1010,1010,1010,1010,0,0,0,0,0.235039,56,-0.0133069,0.00688961,56,0.0111232,0.00943894,56,-0.00164513,0.0102547,56,0.00178818,0.0149091,56,-0.0013365,0.00997967,51,-0.000916959,-0.00343158,55,-0.0083299,0.010098,56,-0.00345795,0.0150927,32,-0.00633981,0.00308404
4417391687708,4417381335000,4417381335000,4417391683541,73729,10.3485,4417403586277,22.2513,1,4860,15239,0,0,1,0,0,0.019984,500,500,498,0.996,2.64545,3.85674,0.599857,0.336521,-0.00886536,0.0352325,-3.99611e-05,7.80234e-05,-0.0112163,0.00151921,1,0.00390429,0.00199965,-0.00199965,0.00390429,1,1,0.000725178,0.00386224,-0.00272483,4.20566e-05,0,0,0,0,0,0,0,0,0,0,0,0,0,0,0,0,0,0,0,0,0,0,0,255,0.21,2.64247,0.21,0.0140924,0.168885,1,1,1,0,0,1,1,-0.119739,-3.28756,0.147379,-0.00586276,0.00130744,0.0218558,12.3639,3983,1,367,106.078,996,0,0.000884653,0.0118521,0.0498178,0,0,0,1,498,0.215,-3.38482e-05,6.60781e-05,1.42068e-05,7.27736e-06,1.52628e-05,4.66479e-06,0.0668245,-0.0144818,-0.0108164,0.0142198,-0.17683,0.00144732,0.000180843,0.0105313,25.2902,0,0,0,0,0,0,-1,1,-9.04572e-07,-3.41785e-06,-0.177005,0,12.6275,1,1010,1010,1010,1010,0,0,0,0,12.6313,56,-0.00083494,-0.00171958,56,-0.00205383,0.00326137,56,-0.00310988,0.00169942,56,-0.00522629,0.00405921,56,-0.00475393,0.00220875,56,0.000149412,0.00447091,56,-0.000557386,0.00340002,56,-0.00122274,0.00197544,50,-0.00165969,0.00520515
4417404098856,4417393320000,4417393320000,4417404089875,73729,10.7699,4417417537402,24.2174,0,4860,15240,0,0,1,0,0,0.011985,500,500,489,0.978,2.65336,3.60314,0.649191,0.33104,0.000411987,0.0116272,3.95949e-06,2.87647e-07,0.00216364,-0.00256921,1,2.40006e-05,-0.000330371,0.000330371,2.40006e-05,1,1,0.00250295,0.000103236,-0.00217258,-7.9235e-05,0,0,0,0,0,0,0,0,0,0,0,0,0,0,0,0,0,0,0,0,0,0,0,255,0.21,4.9006,0.21,-0.00207914,0.000912201,1,1,1,1,1,1,1,-0.119739,-3.28756,0.147379,-0.00586276,0.00130744,0.0218558,26.3126,3983,1,367,120.027,996,0,0.000884653,0.0118521,0.0498178,0,0,0,1,489,0.215,3.31512e-06,2.63425e-07,5.66363e-08,-7.12751e-07,-6.94536e-08,-7.11583e-07,0.0668245,-0.0144825,-0.0107543,0.0141638,-0.176739,0.00187957,-0.00034071,0.00897732,13.6621,2,0,0,0,0,0,-1,1,-9.04572e-07,-3.41785e-06,-0.177005,0,26.5807,1,1010,1010,1010,1010,0,0,0,0,26.5844,56,2.9959e-05,0.00841255,56,0.00912793,-0.00122746,46,0.0055551,0.00160348,56,-0.00368664,-0.000783781,56,0.00332698,0.00523097,55,-0.00889046,0.00295809,56,-0.000414967,-0.00242808,56,0.00401246,0.00240125,52,-0.00132424,0.0018675
4417418094741,4417401344000,4417401344000,4417418083222,73729,16.7392,4417429562770,28.2188,0,4860,15241,0,0,1,0,0,0.008024,500,500,500,1,2.66613,3.5226,0.591246,0.31854,0.000328064,-0.0199738,5.51069e-06,-1.31331e-05,-0.000253181,-0.00619273,1,-0.00163673,-0.000686776,0.000686776,-0.00163673,1,1,0.00120511,-0.00157281,-0.000518335,-6.39273e-05,0,0,0,0,0,0,0,0,0,0,0,0,0,0,0,0,0,0,0,0,0,0,0,255,0.2,8.56109,0.2,-0.0181164,-0.110542,1,1,1,1,0,1,1,-0.119739,-3.28756,0.147379,-0.00586276,0.00130744,0.0218558,38.3384,3983,1,367,132.053,996,0,0.000884653,0.0118521,0.0498178,0,0,0,1,500,0.205,4.69708e-06,-1.11596e-05,-2.28771e-06,-9.62902e-07,-2.42101e-06,-5.45647e-07,0.066822,-0.0144831,-0.0107301,0.0141416,-0.176755,0.00221196,-0.000262102,0.00346971,11.7782,1,0,0,0,0,0,-1,1,-9.04572e-07,-3.41785e-06,-0.177005,0,38.612,1,1010,1010,1010,1010,0,0,0,0,38.6157,56,-0.00472274,-0.0204439,56,-0.00413609,0.00331214,56,0.00498755,-0.00449204,56,0.0164339,-0.00444979,56,-0.00776702,-0.00681734,56,0.0112938,-0.00601113,56,-0.00274899,0.000243764,56,0.00200393,0.00377163,52,-0.00661373,-0.00205521
4417430075070,4417421343000,4417421343000,4417430070441,73729,8.72744,4417443360634,22.0176,1,4861,15242,0,0,1,0,0,0.019999,500,500,500,1,2.6716,3.945,0.752488,0.328707,-0.0294952,-0.041687,-5.96094e-05,-2.68841e-05,-0.00178933,-0.00768171,1,-0.00134427,0.00298062,-0.00298062,-0.00134427,1,1,-0.00397344,-0.00127314,0.000992816,-7.11265e-05,0,0,0,0,0,0,0,0,0,0,0,0,0,0,0,0,0,0,0,0,0,0,0,255,0.21,0.386707,0.21,-0.0211554,-0.132274,1,1,1,1,0,1,1,-0.119739,-3.28756,0.147379,-0.00586276,0.00130744,0.0218558,52.1322,3983,1,367,145.846,996,0,0.000884653,0.0118521,0.0498178,0,0,0,1,500,0.215,-5.04798e-05,-2.27536e-05,-4.89203e-06,1.08532e-05,-2.90683e-06,1.15443e-05,0.0668191,-0.0144715,-0.010714,0.0141285,-0.176916,0.00134974,-0.000305844,-0.0023355,13.5038,2,0,0,0,0,0,-1,1,-9.04572e-07,-3.41785e-06,-0.177247,0,0.25791,1,1010,1010,1010,1010,0,0,0,0,0.261854,56,-0.0014235,0.0106063,56,0.00182735,0.00677353,56,0.0033016,-0.00520083,56,-0.00649673,-0.00917746,56,-0.0041538,-0.00555061,56,-0.00594518,-0.00782873,56,-0.00426616,-0.00702794,56,-0.00685179,0.000851916,52,0.000498325,0.000801624
4417443853990,4417433316000,4417433316000,4417443845694,73729,10.5297,4417458432121,25.1161,0,4861,15243,0,0,1,0,0,0.011973,500,500,500,1,2.65134,4.56528,0.673876,0.315985,-0.0120087,-0.017746,-1.36443e-05,-4.30513e-05,0.0045842,-0.000304398,1,-0.0035957,0.00113959,-0.00113959,-0.0035957,1,1,-0.00293318,-0.0034639,0.00179359,-0.0001318,0,0,0,0,0,0,0,0,0,0,0,0,0,0,0,0,0,0,0,0,0,0,0,255,0.21,4.02183,0.21,0.034106,0.297886,1,1,1,1,0,1,1,-0.119078,-3.2877,0.147002,-0.00477028,0.00215201,0.0210843,15.058,3984,1,367,160.921,996,0,0.000884653,0.0118521,0.0498178,0,0,0,1,500,0.215,-1.16021e-05,-3.65074e-05,-7.8491e-06,2.49445e-06,-7.28684e-06,3.83739e-06,0.0668119,-0.0144677,-0.0107224,0.0141196,-0.17701,5.92433e-05,-0.000566738,-0.00612255,14.8215,1,0,0,0,0,0,-1,1,-9.04572e-07,-3.41785e-06,-0.177247,0,15.3397,1,1010,1010,1010,1010,0,0,0,0,15.3436,56,-0.0140616,-0.00607944,56,-0.00492985,0.00159867,56,-0.00118264,-0.00191013,56,0.00157743,-0.0031523,56,-0.0069925,-0.00377836,56,0.00451321,-0.00316877,56,0.0015514,-0.00140942,56,0.00324661,-0.00701941,52,-0.00620432,-0.00380123
4417458945348,4417441343000,4417441343000,4417458936237,73729,17.5932,4417470795250,29.4522,0,4861,15244,0,0,1,0,0,0.008027,500,500,500,1,2.65751,3.59011,0.590098,0.329114,-0.0127258,-0.0171967,1.40481e-05,-6.57639e-06,0.0201276,-0.0117907,1,-0.000819284,-0.00175011,0.00175011,-0.000819284,1,1,-2.52912e-05,-0.000658679,0.0017754,-0.000160605,0,0,0,0,0,0,0,0,0,0,0,0,0,0,0,0,0,0,0,0,0,0,0,255,0.21,8.93165,0.21,-0.00173475,-0.00249614,1,1,1,1,1,1,1,-0.119078,-3.2877,0.147002,-0.00477028,0.00215201,0.0210843,27.4192,3984,1,367,173.282,996,0,0.000884653,0.0118521,0.0498178,0,0,0,1,500,0.215,1.18566e-05,-5.57018e-06,-1.19759e-06,-2.54916e-06,-1.6276e-06,-2.29813e-06,0.0668102,-0.01447,-0.0107282,0.0141161,-0.177172,-0.000217728,-0.000690604,-0.00628155,12.0822,2,0,0,0,0,0,-1,1,-9.04572e-07,-3.41785e-06,-0.177247,0,27.6922,1,1010,1010,1010,1010,0,0,0,0,27.6961,56,0.00307642,-0.000772429,56,0.0170446,0.0171536,56,-0.000305828,-0.00718615,56,-0.00694836,-0.00827505,56,0.000311152,-0.0113215,56,-0.000782652,-0.00416748,56,-0.00538585,0.000854199,56,0.000909931,-0.00430992,52,0.00558225,-0.00356843
4417471349570,4417461336000,4417461336000,4417471343644,73729,10.0076,4417484326686,22.9907,1,4862,15245,0,0,1,0,0,0.019993,500,500,498,0.996,2.63489,3.80602,0.703506,0.313299,-0.0287781,0.0142517,-2.24923e-05,2.66083e-05,0.00555406,-0.000227013,1,0.00133088,0.00112501,-0.00112501,0.00133088,1,1,-0.00209701,0.00145734,0.000971997,-0.000126462,0,0,0,0,0,0,0,0,0,0,0,0,0,0,0,0,0,0,0,0,0,0,0,255,0.21,1.01282,0.21,-0.0191865,-0.18592,1,1,1,1,0,1,1,-0.119078,-3.2877,0.147002,-0.00477028,0.00215201,0.0210843,40.9591,3984,1,367,186.822,996,0,0.000884653,0.0118521,0.0498178,0,0,0,1,498,0.215,-1.91109e-05,2.25649e-05,4.85145e-06,4.10885e-06,5.49865e-06,3.18926e-06,0.0668157,-0.0144668,-0.0107278,0.0141384,-0.177204,0.000505671,-0.000543786,-0.00293913,13.2919,1,0,0,0,0,0,-1,1,-9.04572e-07,-3.41785e-06,-0.177247,0,41.2306,1,1010,1010,1010,1010,0,0,0,0,41.2345,56,-0.00255989,0.00266542,56,0.00431539,0.00330399,56,-0.00302311,-0.00169236,56,-0.00756771,-9.94924e-06,56,-0.00200912,0.00106859,56,0.000168895,0.0033488,54,-0.00370472,-0.000699665,56,-0.00234562,0.00221422,52,-0.000844548,0.000407024
4417484839024,4417473321000,4417473321000,4417484829524,73729,11.5085,4417498886169,25.5652,0,4862,15246,0,0,1,0,0,0.011985,500,500,500,1,2.67001,3.99663,0.680506,0.319651,0.0157242,0.00660706,1.90198e-05,1.40606e-05,-0.00769501,0.00484459,1,0.00117319,-0.00158697,0.00158697,0.00117319,1,1,0.00218814,0.000963287,-0.000601174,0.0002099,0,0,0,0,0,0,0,0,0,0,0,0,0,0,0,0,0,0,0,0,0,0,0,255,0.2,4.34539,0.2,0.0276046,0.218479,1,1,1,1,0,1,1,-0.118598,-3.28773,0.146638,-0.00282105,0.000908413,0.0202731,5.15029,3985,1,367,201.37,996,0,0.000884653,0.0118521,0.0498178,0,0,0,1,500,0.205,1.61732e-05,1.19441e-05,2.44855e-06,-3.31551e-06,1.82623e-06,-3.69498e-06,0.0668176,-0.0144705,-0.0107316,0.0142194,-0.177154,0.000934034,0.000860588,0.00271908,4.92291,2,0,0,0,0,0,-1,1,-9.04573e-07,-3.41785e-06,-0.17739,0,5.41912,1,1010,1010,1010,1010,0,0,0,0,5.42305,56,0.000953455,-0.000770456,56,0.0042914,-0.0023116,56,-0.00377354,0.00398185,56,0.0112274,0.000214826,56,0.000674514,0.000970495,56,0.00341616,-0.00352092,56,0.00415897,-0.00159893,56,-0.000363184,0.00550945,52,0.00109474,0.00353158
4417499373358,4417481337000,4417481337000,4417499363784,73729,18.0268,4417510925906,29.5889,0,4862,15247,0,0,1,0,0,0.008016,500,500,500,1,2.6158,3.59766,0.679006,0.322318,0.0182495,0.0511093,3.97854e-05,9.58513e-05,-0.00583837,-0.00415173,1,0.0119575,-0.00496325,0.00496325,0.0119575,1,1,0.00672268,0.0117522,-0.00175943,0.000205271,0,0,0,0,0,0,0,0,0,0,0,0,0,0,0,0,0,0,0,0,0,0,0,255,0.2,8.33772,0.2,-0.0370327,-0.369147,1,1,1,1,0,1,1,-0.118598,-3.28773,0.146638,-0.00282105,0.000908413,0.0202731,17.1928,3985,1,367,12.0369,997,0,0.000884653,0.0116311,0.0489149,0,0,0,1,500,0.205,3.37095e-05,8.12047e-05,1.6647e-05,-6.91045e-06,1.51686e-05,-9.73458e-06,0.0668327,-0.0144802,-0.010717,0.0142581,-0.177096,0.00166681,0.000841611,0.00710438,11.8088,1,0,0,0,0,0,-1,1,-9.04573e-07,-3.41785e-06,-0.17739,0,17.4641,1,1010,1010,1010,1010,0,0,0,0,17.468,56,-0.00156828,0.0197967,56,0.0096555,0.0148527,56,0.000693732,0.00946179,56,0.00525433,0.00418642,56,0.00403653,0.0131043,56,0.00706957,0.0085443,56,0.00514561,0.0153496,56,0.000975127,0.0143393,52,0.00435864,0.0165762
4417511432874,4417501337000,4417501337000,4417511425985,73729,10.089,4417524265063,22.9281,1,4863,15248,0,0,1,0,0,0.02,500,500,500,1,2.62593,3.73496,0.663506,0.315337,0.0284348,0.0607071,3.83635e-05,0.000117882,-0.00119209,0.000871048,1,0.00589412,-0.00191818,0.00191818,0.00589412,1,1,0.00360117,0.00589248,-0.00168299,1.63558e-06,0,0,0,0,0,0,0,0,0,0,0,0,0,0,0,0,0,0,0,0,0,0,0,255,0.21,0.447523,0.21,0.0213256,0.22304,1,1,1,1,1,1,1,-0.118598,-3.28773,0.146638,-0.00282105,0.000908413,0.0202731,30.5332,3985,1,367,25.3774,997,0,0.000884653,0.0116311,0.0489149,0,0,0,1,500,0.215,3.25511e-05,9.9851e-05,2.1468e-05,-6.99849e-06,1.98985e-05,-1.06699e-05,0.0668526,-0.0144909,-0.0107207,0.014286,-0.177067,0.00192498,7.033e-06,0.00732948,13.049,1,0,0,0,0,0,-1,1,-9.04573e-07,-3.41785e-06,-0.17739,0,30.8057,1,1010,1010,1010,1010,0,0,0,0,30.8097,56,0.00313237,0.00375829,56,-0.00337875,0.00705083,56,0.00499889,0.00239502,56,0.00194399,0.00998141,56,0.000539866,0.00845838,56,0.00310988,0.00649734,56,0.00267455,0.00648729,56,0.00315076,0.00383436,52,-0.000967908,0.00579529
4417524816475,4417513312000,4417513312000,4417524806846,73729,11.4948,4417537973834,24.6618,0,4863,15249,0,0,1,0,0,0.011975,500,500,449,0.898,2.66301,3.68857,0.579505,0.292132,0.0110779,0.00088501,2.89316e-05,8.54195e-07,-8.56779e-05,0.00114132,1,7.13315e-05,-0.002416,0.002416,7.13315e-05,1,1,0.00367108,0.000159094,-0.00125508,-8.77627e-05,0,0,0,0,0,0,0,0,0,0,0,0,0,0,0,0,0,0,0,0,0,0,0,255,0.21,3.68218,0.21,-0.000481389,-0.000223661,1,1,1,1,0,1,1,-0.118598,-3.28773,0.146638,-0.00282105,0.000908413,0.0202731,44.242,3985,1,367,39.0862,997,0,0.000884653,0.0116311,0.0489149,0,0,0,1,449,0.215,2.45427e-05,7.35563e-07,1.58146e-07,-5.27668e-06,-7.72966e-07,-5.22187e-06,0.0668518,-0.0144961,-0.0107294,0.0143415,-0.177072,0.0015734,-0.00037738,0.0055762,13.4808,1,0,0,0,0,0,-1,1,-9.04573e-07,-3.41785e-06,-0.17739,0,44.4949,1,1010,1010,1010,1010,0,0,0,0,44.4989,56,0.00133361,-0.000117851,56,0.00331667,-0.00691592,56,0.000430943,0.00218421,44,0.00486515,0.0074857,56,0.00757734,-0.0040963,56,-0.000104849,0.00127132,17,0.00406518,-0.00817817,56,-0.000578411,0.00279966,52,0.0020652,0.00267882
4417538466264,4417533316000,4417533316000,4417538460912,73729,5.14491,4417549236879,15.9209,1,4864,15250,0,0,1,0,0,0.020004,500,500,500,1,2.6426,3.8259,0.666839,0.339262,-0.0370178,-0.0211105,-5.14799e-05,4.71327e-06,-0.00218006,-0.0090459,1,0.000235617,0.00257348,-0.00257348,0.000235617,1,1,-0.00243394,0.000192237,-0.000139545,4.33794e-05,0,0,0,0,0,0,0,0,0,0,0,0,0,0,0,0,0,0,0,0,0,0,0,255,0.2,6.44041,0.2,-0.0203497,-0.186288,1,1,1,2,0,1,1,-0.118456,-3.28764,0.14623,-0.00498333,0.00305615,0.0196254,2.15807,3986,1,367,50.3474,997,0,0.000884653,0.0116311,0.0489149,0,0,0,1,500,0.205,-4.36137e-05,3.98696e-06,8.17327e-07,8.94081e-06,2.37869e-06,8.65657e-06,0.0668542,-0.0144875,-0.0107673,0.0144379,-0.177162,0.000616786,0.000177855,0.000951135,1.91911,2,0,0,0,0,0,-1,1,-9.04573e-07,-3.41785e-06,-0.1774,0,2.41258,1,1010,1010,1010,1010,0,0,0,0,2.41776,56,-0.0059547,0.00212835,56,-0.000280346,0.0082326,56,-0.00143489,-0.0032063,56,-0.000447425,0.00455009,56,-0.00917459,-0.00446183,56,-0.00124357,-0.00569407,56,-0.00676542,-0.00409759,56,-0.00318809,-0.00061458,52,-0.00314387,0.000759692
4417549714717,4417541338000,4417541338000,4417549705532,73729,8.36753,4417561200727,19.8627,0,4864,15251,0,0,1,0,0,0.008022,500,500,500,1,2.62997,3.49451,0.676524,0.31917,-0.0299683,-0.024292,-3.37127e-05,-5.41707e-05,0.00511747,-0.00238905,1,-0.00675276,0.00420254,-0.00420254,-0.00675276,1,1,-0.00507464,-0.00679353,0.000872101,4.07706e-05,0,0,0,0,0,0,0,0,0,0,0,0,0,0,0,0,0,0,0,0,0,0,0,255,0.21,8.25083,0.21,0.037648,0.475549,1,1,1,1,0,1,1,-0.118456,-3.28764,0.14623,-0.00498333,0.00305615,0.0196254,14.1236,3986,1,367,62.3128,997,0,0.000884653,0.0116311,0.0489149,0,0,0,1,500,0.215,-2.86463e-05,-4.59123e-05,-9.87115e-06,6.15896e-06,-8.63063e-06,7.80248e-06,0.0668456,-0.0144797,-0.0107805,0.0144878,-0.177235,4.82192e-07,0.000175314,-0.00299964,11.7275,1,0,0,0,0,0,-1,1,-9.04573e-07,-3.41785e-06,-0.1774,0,14.4019,1,1010,1010,1010,1010,0,0,0,0,14.407,56,-0.0151718,0.000233053,56,-0.00394843,-0.008723,56,-0.00565407,-0.00629704,56,-0.0121201,-0.0139746,56,-0.00253908,-0.00419114,56,-0.000366318,0.00434917,56,-0.00992475,-0.00214905,56,-0.0104411,-0.0034714,52,-0.00194556,-0.0149475
4417561727602,4417553318000,4417553318000,4417561718825,73729,8.40082,4417576624088,23.3061,0,4864,15252,0,0,1,0,0,0.01198,500,500,500,1,2.75147,4.11741,0.734562,0.354114,-0.0137024,-0.0162659,-2.05854e-05,-3.71466e-05,0.00142,-0.000674456,1,-0.00310072,0.00171831,-0.00171831,-0.00310072,1,1,-0.00298036,-0.0030671,0.00126205,-3.36187e-05,0,0,0,0,0,0,0,0,0,0,0,0,0,0,0,0,0,0,0,0,0,0,0,255,0.2,-0.052112,0.2,-0.0389591,-0.353009,1,1,1,1,1,1,1,-0.118456,-3.28764,0.14623,-0.00498333,0.00305615,0.0196254,29.5483,3986,1,367,77.7375,997,0,0.000884653,0.0116311,0.0489149,0,0,0,1,500,0.205,-1.74103e-05,-3.15111e-05,-6.45977e-06,3.56911e-06,-5.72894e-06,4.65225e-06,0.0668399,-0.014475,-0.0107885,0.0145192,-0.177298,0.000561841,-0.000137837,-0.00369005,15.1769,1,0,0,0,0,0,-1,1,-9.04573e-07,-3.41785e-06,-0.1774,0,29.8224,1,1010,1010,1010,1010,0,0,0,0,29.8276,56,0.000640182,-0.00372162,56,-0.00972294,-0.00457625,56,8.91485e-05,-0.00981418,56,-0.00208498,-0.00453703,56,-0.00357597,0.000230925,56,-0.00118781,-0.00151576,56,0.00627689,-0.000109705,56,-0.00475804,-0.00140636,52,-0.00512745,0.00192996
4417577172519,4417561333000,4417561333000,4417577163111,73729,15.8301,4417588911383,27.5784,0,4864,15253,0,0,1,0,0,0.008015,500,500,500,1,2.67554,3.63601,0.663765,0.316447,-0.0133057,-0.0362549,-2.70198e-05,-2.96095e-05,-0.00903627,-0.0180202,1,-0.00369426,0.00337116,-0.00337116,-0.00369426,1,1,-0.00445383,-0.00348401,0.00108267,-0.000210254,0,0,0,0,0,0,0,0,0,0,0,0,0,0,0,0,0,0,0,0,0,0,0,255,0.21,5.22777,0.21,-0.00227277,-0.00623316,1,1,1,1,0,1,1,-0.118456,-3.28764,0.14623,-0.00498333,0.00305615,0.0196254,41.8352,3986,1,367,90.0245,997,0,0.000884653,0.0116311,0.0489149,0,0,0,1,500,0.215,-2.28835e-05,-2.50305e-05,-5.38157e-06,4.91996e-06,-4.42946e-06,5.79193e-06,0.0668354,-0.0144692,-0.0107949,0.0145403,-0.177342,0.00091858,-0.000904092,-0.00298951,12.0336,1,0,0,0,0,0,-1,1,-9.04573e-07,-3.41785e-06,-0.1774,0,42.1077,1,1010,1010,1010,1010,0,0,0,0,0.168132,56,-0.00161808,0.00502551,56,0.00744733,-0.00713483,56,-0.000811156,-0.00712899,56,-0.00838271,0.00225949,56,-0.00694553,-0.0246844,56,0.00157722,-0.0030064,56,-0.0116944,-0.00876664,56,-0.00854455,0.0034592,52,-0.000119693,-0.0085339
4417589425517,4417581337000,4417581337000,4417589420869,73729,8.08387,4417601072529,19.7355,1,4865,15254,0,0,1,0,0,0.020004,500,500,500,1,2.66113,3.60357,0.589634,0.32078,0.00605774,-0.0146027,3.23679e-05,-2.16571e-05,0.0082387,-0.00136796,1,-0.00108264,-0.00161807,0.00161807,-0.00108264,1,1,0.00124542,-0.0008852,0.000372648,-0.000197439,0,0,0,0,0,0,0,0,0,0,0,0,0,0,0,0,0,0,0,0,0,0,0,255,0.21,6.85684,0.21,0.0229929,0.225065,1,1,1,2,0,1,1,-0.118499,-3.28748,0.145774,-0.00432286,0.00262941,0.0188198,2.34326,3987,1,367,102.18,997,0,0.000884653,0.0116311,0.0489149,0,0,0,1,500,0.215,2.74066e-05,-1.83703e-05,-3.94962e-06,-5.89242e-06,-4.92601e-06,-5.10293e-06,0.0668305,-0.0144743,-0.0107811,0.0146088,-0.177385,0.00158581,-0.000848988,-1.32592e-05,2.06504,3,0,0,0,0,0,-1,1,-9.04573e-07,-3.41785e-06,-0.177623,0,2.597,1,1010,1010,1010,1010,0,0,0,0,12.3047,56,0.000874792,-0.00596318,56,-0.00126571,0.00164965,56,0.00489122,-0.000229002,56,-0.000719452,-0.00265348,56,-0.000534804,0.00274533,56,-7.87698e-05,-0.00344454,56,0.00243915,0.003611,56,0.00596957,-0.00233119,52,0.00132265,-0.00341067
4417601549293,4417589365000,4417589365000,4417601539200,73729,12.1742,4417614484260,25.1193,0,4865,15255,0,0,1,0,0,0.008028,500,500,500,1,2.63526,3.86563,0.677765,0.317873,0.00845337,0.0182648,3.35194e-05,4.0622e-05,0.00450971,0.00448522,1,0.00506004,-0.00417531,0.00417531,0.00506004,1,1,0.00414881,0.00511121,2.6499e-05,-5.11687e-05,0,0,0,0,0,0,0,0,0,0,0,0,0,0,0,0,0,0,0,0,0,0,0,255,0.21,-0.869674,0.21,-0.0287,-0.363897,1,1,1,1,0,1,1,-0.118499,-3.28748,0.145774,-0.00432286,0.00262941,0.0188198,15.7626,3987,1,367,115.599,997,0,0.000884653,0.0116311,0.0489149,0,0,0,1,500,0.215,2.83967e-05,3.44618e-05,7.40929e-06,-6.1053e-06,6.21593e-06,-7.3166e-06,0.0668367,-0.0144817,-0.0107811,0.0146088,-0.177385,0.00180548,-0.000220025,0.00135322,15.4853,0,0,0,0,0,0,-1,1,-9.04573e-07,-3.41785e-06,-0.177623,0,16.0363,1,1010,1010,1010,1010,0,0,0,0,25.744,56,0.00147783,0.0124345,56,0.0183346,-0.00204991,56,-0.00704409,-0.00546032,56,-0.000128548,0.00429393,56,-0.00413888,0.00552937,56,0.00685129,-0.000435914,56,0.00495348,0.000705419,56,-0.00522574,0.0113632,52,0.0125746,0.0101951
4417614990858,4417601337000,4417601337000,4417614981395,73729,13.6444,4417627660212,26.3232,0,4865,15256,0,0,1,0,0,0.011972,500,500,500,1,2.66865,3.5824,0.582209,0.318225,0.00169373,0.0169373,-3.1979e-05,1.34786e-05,-0.0059345,0.00473585,1,0.00112584,0.00267115,-0.00267115,0.00112584,1,1,-0.00258129,0.00100946,-8.9857e-05,0.000116387,0,0,0,0,0,0,0,0,0,0,0,0,0,0,0,0,0,0,0,0,0,0,0,255,0.21,2.40485,0.21,0.0220164,0.220699,1,1,1,1,1,1,1,-0.118499,-3.28748,0.145774,-0.00432286,0.00262941,0.0188198,28.9358,3987,1,367,128.773,997,0,0.000884653,0.0116311,0.0489149,0,0,0,1,500,0.215,-2.71019e-05,1.13709e-05,2.44475e-06,5.82691e-06,3.43349e-06,5.30388e-06,0.0668402,-0.0144764,-0.010777,0.0146369,-0.177409,0.00130656,0.000500462,0.00135435,12.928,1,0,0,0,0,0,-1,1,-9.04573e-07,-3.41785e-06,-0.177623,0,29.2048,1,1010,1010,1010,1010,0,0,0,0,38.9125,56,-0.00808295,0.00356556,56,-0.00849116,0.00143261,56,0.00112957,0.00198258,56,0.00309546,0.00358638,56,-0.000139739,0.00257722,56,-0.00247048,0.00125994,56,0.0055948,0.000666582,56,-0.00141516,0.00398811,52,-0.00486688,0.000928111
4417628226828,4417609354000,4417609354000,4417628215069,73729,18.8611,4417639887321,30.5333,0,4865,15257,0,0,1,0,0,0.008017,500,500,500,1,2.64945,3.65412,0.678006,0.316225,-0.00588989,0.0445099,-2.10651e-05,0.000101447,-0.0116303,-0.00277168,1,0.0126539,0.00262755,-0.00262755,0.0126539,1,1,-0.0025964,0.0123797,-3.11475e-05,0.000274207,0,0,0,0,0,0,0,0,0,0,0,0,0,0,0,0,0,0,0,0,0,0,0,255,0.21,5.48481,0.21,0.00247955,0.067792,1,1,1,1,0,1,1,-0.118499,-3.28748,0.145774,-0.00432286,0.00262941,0.0188198,41.1632,3987,1,367,141,997,0,0.000884653,0.0116311,0.0489149,0,0,0,1,500,0.215,-1.7846e-05,8.59536e-05,1.848e-05,3.83689e-06,1.88645e-05,5.15093e-07,0.066859,-0.0144758,-0.0107702,0.0146665,-0.177433,0.00139387,0.00117909,0.00122225,11.9826,1,0,0,0,0,0,-1,1,-9.04573e-07,-3.41785e-06,-0.177623,0,41.4521,1,1010,1010,1010,1010,0,0,0,0,0.241613,56,0.00140343,0.0188267,56,-0.00878808,0.01555,56,0.00481382,0.0147495,56,-0.0162317,0.00535414,56,-0.00068083,0.0147202,56,-0.00353106,0.0101098,56,-0.0102581,0.000615062,56,0.000480624,0.00845617,52,0.000250775,0.0105899
4417640413160,4417629387000,4417629387000,4417640407067,73729,11.0201,4417653219015,23.832,1,4866,15258,0,0,1,0,0,0.020033,500,500,500,1,2.64317,4.46887,0.673377,0.334003,0.0136871,0.0563812,2.87162e-05,0.000116048,0.0050451,-0.00016614,1,0.00579286,-0.00143344,0.00143344,0.00579286,1,1,0.00160601,0.00542334,-0.00017257,0.000369516,0,0,0,0,0,0,0,0,0,0,0,0,0,0,0,0,0,0,0,0,0,0,0,255,0.21,7.39386,0.21,-0.000680211,0.00403171,1,1,1,2,0,1,1,-0.118499,-3.28748,0.145774,-0.00432286,0.00262941,0.0188198,54.6862,3987,1,367,154.523,997,0,0.000884653,0.0116311,0.0489149,0,0,0,1,500,0.215,2.43343e-05,9.83675e-05,2.1149e-05,-5.23188e-06,1.98919e-05,-8.8825e-06,0.0668789,-0.0144847,-0.0107727,0.0146923,-0.177456,0.000727623,0.00158892,0.00117574,13.021,1,0,0,0,0,0,-1,1,-9.04573e-07,-3.41785e-06,-0.177623,0,55.0214,1,1010,1010,1010,1010,0,0,0,0,13.8109,56,0.00561449,0.00453452,56,0.00452429,0.00145828,56,0.00248251,0.00629846,56,0.00235387,0.00515846,56,0.00114517,0.00575098,56,-0.00153395,0.00421846,56,-9.55345e-05,0.00907731,56,0.00412487,0.00685407,52,0.00194565,0.00534378
4417654028059,4417641332000,4417641332000,4417654016133,73729,12.6841,4417669388364,28.0564,0,4866,15259,0,0,1,0,0,0.011945,500,500,500,1,2.87127,4.88953,0.60545,0.318817,0.0101929,0.000915527,-6.01856e-06,6.99973e-06,-0.00380864,-0.00232357,1,0.000585997,0.000503856,-0.000503856,0.000585997,1,1,-0.00042682,0.000235272,-7.7036e-05,0.000350725,0,0,0,0,0,0,0,0,0,0,0,0,0,0,0,0,0,0,0,0,0,0,0,255,0.2,0.751155,0.2,-0.0265577,-0.299156,1,1,1,1,0,1,1,-0.118501,-3.28738,0.145271,-0.00474813,0.00296725,0.0186465,13.3637,3988,1,367,170.504,997,0,0.000884653,0.0116311,0.0489149,0,0,0,1,500,0.205,-5.08657e-06,5.92656e-06,1.21494e-06,1.04275e-06,1.37968e-06,8.11822e-07,0.0668803,-0.0144839,-0.0107621,0.0147111,-0.177509,0.000479221,0.00143797,0.000636055,13.0442,2,0,0,0,0,0,-1,1,-9.04573e-07,-3.41785e-06,-0.177722,0,13.6584,1,1010,1010,1010,1010,0,0,0,0,29.7518,56,-0.000290148,0.000639952,56,0.00422645,0.000515167,56,-0.00432225,-0.00519865,56,0.00786665,0.00291788,56,-0.0041738,-0.00301105,56,0.000871431,0.00748568,56,-0.000161219,-0.00767557,56,0.00349521,0.00488494,52,0.00422757,0.00127433
4417669985314,4417661356000,4417661356000,4417669978110,73729,8.62211,4417682854910,21.4989,1,4867,15260,0,0,1,0,0,0.020024,500,500,500,1,2.80964,3.52762,0.644746,0.319299,-0.00324249,-0.0314789,-2.49409e-05,-6.55197e-05,-0.0064101,0.0017271,1,-0.00327206,0.00124555,-0.00124555,-0.00327206,1,1,-0.00139397,-0.0031446,0.000148417,-0.000127459,0,0,0,0,0,0,0,0,0,0,0,0,0,0,0,0,0,0,0,0,0,0,0,255,0.21,6.58161,0.21,0.0123519,0.133427,1,1,1,1,1,1,1,-0.118501,-3.28738,0.145271,-0.00474813,0.00296725,0.0186465,26.8239,3988,1,367,183.964,997,0,0.000884653,0.0116311,0.0489149,0,0,0,1,500,0.215,-2.11065e-05,-5.55643e-05,-1.19463e-05,4.5379e-06,-1.09565e-05,6.57618e-06,0.0668693,-0.0144773,-0.0107377,0.0146808,-0.177553,0.00113785,-0.000548075,0.000399728,13.1678,2,0,0,0,0,0,-1,1,-9.04573e-07,-3.41785e-06,-0.177722,0,27.1192,1,1010,1010,1010,1010,0,0,0,0,43.2126,56,-0.00368597,-0.00534897,56,0.00109653,-0.000713753,56,0.00171689,-0.00267745,56,-0.00278182,-0.00487577,56,-0.00487751,-0.00100037,56,0.000307559,-0.00469949,56,0.00248812,-0.00302956,56,-0.000768425,-0.00362376,52,-0.00498618,-0.00238163
4417683426638,4417669368000,4417669368000,4417683416508,73729,14.0485,4417695458060,26.0901,0,4867,15261,0,0,1,0,0,0.008012,500,500,500,1,2.64241,4.0252,0.593653,0.322466,-0.0102234,-0.0302277,8.87252e-06,-3.29295e-05,0.000196078,-0.0162797,1,-0.00411002,-0.0011074,0.0011074,-0.00411002,1,1,0.00112938,-0.00390758,-2.19807e-05,-0.000202445,0,0,0,0,0,0,0,0,0,0,0,0,0,0,0,0,0,0,0,0,0,0,0,255,0.21,-0.276484,0.21,0.0138769,0.104065,1,1,1,1,0,1,1,-0.118535,-3.2873,0.144651,-0.0054687,0.00350114,0.0179278,1.69127,3989,1,367,196.566,997,0,0.000884653,0.0116311,0.0489149,0,0,0,1,500,0.215,7.52691e-06,-2.78499e-05,-5.98773e-06,-1.61829e-06,-6.17855e-06,-5.35145e-07,0.0668632,-0.0144779,-0.0107115,0.0146256,-0.177586,0.000692113,-0.000870512,0.000629304,1.44725,2,0,0,0,0,0,-1,1,-9.04573e-07,-3.41785e-06,-0.177822,0,1.95607,1,1010,1010,1010,1010,0,0,0,0,1.9597,56,-0.00716274,0.00163543,56,0.00156899,-0.0142526,56,-0.00453012,-0.00995624,56,-0.0022335,0.00570084,56,0.00953852,-0.00105171,56,-0.00416532,-0.0138716,56,-0.00362745,-0.0139862,56,-0.00449013,0.000653924,52,-0.000388756,-0.0060546
4417695941380,4417681334000,4417681334000,4417695932842,73729,14.5988,4417708677234,27.3432,0,4867,15262,0,0,1,0,0,0.011966,500,500,500,1,2.65549,3.53218,0.595116,0.315873,0.00318909,-0.0299072,-6.73704e-07,-5.06711e-05,0.00324586,0.00202537,1,-0.00423459,5.63015e-05,-5.63015e-05,-0.00423459,1,1,-3.80127e-05,-0.00401596,-1.82888e-05,-0.000218633,0,0,0,0,0,0,0,0,0,0,0,0,0,0,0,0,0,0,0,0,0,0,0,255,0.2,2.06898,0.2,-0.0013119,-0.00264813,1,1,1,1,0,1,1,-0.118535,-3.2873,0.144651,-0.0054687,0.00350114,0.0179278,14.9143,3989,1,367,13.1994,998,0,0.000884653,0.0147862,0.0482889,0,0,0,1,500,0.205,-5.34223e-07,-4.29394e-05,-8.80258e-06,1.09516e-07,-8.64388e-06,1.66263e-06,0.0668545,-0.0144762,-0.0107115,0.0146256,-0.177586,0.000759783,-0.000896397,0.000667814,14.6759,0,0,0,0,0,0,-1,1,-9.04573e-07,-3.41785e-06,-0.177822,0,15.1891,1,1010,1010,1010,1010,0,0,0,0,15.1927,56,0.00405099,-0.000310193,56,0.00105187,0.00371609,56,0.00386191,-0.00639725,56,0.00108143,-0.00520987,56,-0.0082709,-0.0052844,56,-0.000147323,-0.00662451,56,0.000111854,0.00208781,56,0.000696237,-0.00828578,52,0.00488943,-0.00878671
4417709186869,4417689358000,4417689358000,4417709176183,73729,19.8182,4417720678398,31.3204,0,4867,15263,0,0,1,0,0,0.008024,500,500,500,1,2.66823,3.56846,0.584858,0.315485,-0.0085144,-0.039032,-2.30178e-05,-9.85355e-05,-0.00819386,0.00945913,1,-0.0122801,0.00286862,-0.00286862,-0.0122801,1,1,-0.00298251,-0.0120665,0.000113899,-0.000213567,0,0,0,0,0,0,0,0,0,0,0,0,0,0,0,0,0,0,0,0,0,0,0,255,0.21,5.11782,0.21,-0.0340418,-0.309331,1,1,1,1,0,1,1,-0.118535,-3.2873,0.144651,-0.0054687,0.00350114,0.0179278,26.915,3989,1,367,25.2002,998,0,0.000884653,0.0147862,0.0482889,0,0,0,1,500,0.215,-1.95486e-05,-8.35394e-05,-1.7961e-05,4.20294e-06,-1.69346e-05,7.30983e-06,0.0668376,-0.0144689,-0.0106752,0.0145784,-0.177619,0.0011803,-0.000918338,0.000552428,11.7214,2,0,0,0,0,0,-1,1,-9.04573e-07,-3.41785e-06,-0.177822,0,27.1835,1,1010,1010,1010,1010,0,0,0,0,27.1872,56,-0.0223717,-0.0145573,56,-0.0154715,-0.0151481,56,-0.00309323,0.000265176,56,-0.00716008,-0.0159243,56,0.00550981,-0.00975043,56,0.00210395,-0.0089,56,-0.000641148,-0.0155878,56,0.00600315,-0.0152018,52,-0.0100218,-0.00600181
4417721180513,4417709353000,4417709353000,4417721172439,73729,11.8194,4417735533660,26.1807,1,4868,15264,0,0,1,0,0,0.019995,500,500,500,1,2.67032,3.77194,0.727044,0.331522,-0.0175171,-0.010376,-1.05161e-05,-2.46535e-06,0.00192591,-0.0051822,1,-0.000123298,0.000525939,-0.000525939,-0.000123298,1,1,-0.000642217,-0.000215123,0.000116279,9.18252e-05,0,0,0,0,0,0,0,0,0,0,0,0,0,0,0,0,0,0,0,0,0,0,0,255,0.2,6.66032,0.2,-0.000208391,0.0119875,1,1,1,1,1,1,1,-0.118535,-3.2873,0.144651,-0.0054687,0.00350114,0.0179278,41.7721,3989,1,367,40.0572,998,0,0.000884653,0.0147862,0.0482889,0,0,0,1,500,0.205,-8.88815e-06,-2.02519e-06,-4.15163e-07,1.82207e-06,-8.68737e-08,1.8667e-06,0.0668375,-0.014467,-0.0106579,0.0145622,-0.17766,0.00101932,0.000376483,0.00043406,14.5843,1,0,0,0,0,0,-1,1,-9.04573e-07,-3.41785e-06,-0.177822,0,42.0445,1,1010,1010,1010,1010,0,0,0,0,42.0481,56,0.0056469,-0.0012585,56,-0.00497008,0.0018064,56,-0.00304221,-0.00279909,56,-0.00341716,-0.00367859,56,-0.00144484,0.0015102,56,-0.00328671,-0.00256294,56,-0.00275114,0.00278083,56,-0.00052788,0.00143449,52,0.00305679,0.00264012
4417736102517,4417721329000,4417721329000,4417736091702,73729,14.7627,4417752050568,30.7216,0,4868,15265,0,0,1,0,0,0.011976,500,500,500,1,2.66823,3.96957,0.669654,0.318336,-0.00564575,0.0402222,-1.20879e-05,8.10687e-05,-0.00429632,0.00750498,1,0.00676926,0.00100934,-0.00100934,0.00676926,1,1,-0.00114249,0.00651367,0.000133144,0.000255594,0,0,0,0,0,0,0,0,0,0,0,0,0,0,0,0,0,0,0,0,0,0,0,255,0.21,1.58398,0.21,-0.0161313,-0.170527,1,1,1,1,0,1,1,-0.118367,-3.2873,0.144288,-0.00299859,0.00291236,0.0174774,8.19605,3990,1,367,56.569,998,0,0.000884653,0.0147862,0.0482889,0,0,0,1,500,0.215,-1.02596e-05,6.86501e-05,1.47598e-05,2.20582e-06,1.49154e-05,-4.38041e-07,0.0668524,-0.0144675,-0.0106159,0.0145122,-0.177721,0.000887891,0.00109905,0.000252299,7.94661,2,0,0,0,0,0,-1,1,-9.04573e-07,-3.41785e-06,-0.177955,0,8.47148,1,1010,1010,1010,1010,0,0,0,0,8.47628,56,-0.00164281,0.00684809,56,0.000498629,0.00508211,56,0.0046124,0.00759245,56,-0.00261274,0.0163716,56,-0.00258394,0.00414552,56,0.000624264,0.00846517,56,-0.0036711,-0.00116835,56,-0.00522586,0.00397378,52,-0.00164745,0.00187338
4417752548424,4417741330000,4417741330000,4417752543128,73729,11.2131,4417765409576,24.0796,1,4869,15266,0,0,1,0,0,0.020001,500,500,500,1,2.64738,3.86052,0.606061,0.319891,0.000549316,0.0528564,-1.35908e-05,0.000105143,0.00288103,-0.00347943,1,0.0052569,0.000679504,-0.000679504,0.0052569,1,1,-0.000820652,0.00497931,0.000141148,0.000277588,0,0,0,0,0,0,0,0,0,0,0,0,0,0,0,0,0,0,0,0,0,0,0,255,0.21,7.88539,0.21,0.0208632,0.226271,1,1,1,1,0,1,1,-0.118367,-3.2873,0.144288,-0.00299859,0.00291236,0.0174774,21.5627,3990,1,367,69.9357,998,0,0.000884653,0.0147862,0.0482889,0,0,0,1,500,0.215,-1.1526e-05,8.91229e-05,1.91614e-05,2.4781e-06,1.92953e-05,-9.48755e-07,0.0668717,-0.0144684,-0.010606,0.014488,-0.177753,0.000752944,0.00119363,0.000116806,13.1175,1,0,0,0,0,0,-1,1,-9.04573e-07,-3.41785e-06,-0.177955,0,21.8321,1,1010,1010,1010,1010,0,0,0,0,21.8369,56,0.00130008,0.00655628,56,-0.00312342,0.00440712,56,-0.00185476,0.0036846,56,0.00333923,0.00298012,56,-0.00254747,0.00535156,56,0.00399491,0.00331928,56,0.00154341,0.00725873,56,0.00183682,0.00541856,52,0.000437277,0.00951217
4417765920507,4417761329000,4417761329000,4417765913285,73729,4.58428,4417776524269,15.1953,1,4870,15267,0,0,1,0,0,0.019999,500,500,500,1,2.66286,3.63198,0.672209,0.316984,0.00865173,0.0229874,1.28574e-05,5.71884e-05,-0.00617803,-0.000807794,1,0.00285956,-0.000642903,0.000642903,0.00285956,1,1,0.000343354,0.00262005,0.00029955,0.000239512,0,0,0,0,0,0,0,0,0,0,0,0,0,0,0,0,0,0,0,0,0,0,0,255,0.2,0.936527,0.2,-0.0225409,-0.211284,1,1,1,2,0,1,1,-0.118367,-3.2873,0.144288,-0.00299859,0.00291236,0.0174774,32.6977,3990,1,367,81.0711,998,0,0.000884653,0.0147862,0.0482889,0,0,0,1,500,0.205,1.09325e-05,4.84784e-05,9.93808e-06,-2.24117e-06,9.38441e-06,-3.96315e-06,0.0668811,-0.0144724,-0.0105835,0.0144618,-0.177786,0.000740196,0.000981999,-0.000390366,10.8599,1,0,0,0,0,0,-1,1,-9.04573e-07,-3.41785e-06,-0.177955,0,32.9651,1,1010,1010,1010,1010,0,0,0,0,32.9699,56,-0.00189296,0.00246853,56,0.00274644,-0.00125172,56,0.000868544,0.00307512,56,-0.00205934,4.62187e-05,56,-0.000655657,0.00368941,56,0.000724557,0.00352624,56,0.000871686,0.00142448,56,-0.000216479,0.00606938,52,0.00126949,-0.000356988
4417777386906,4417769349000,4417769349000,4417777377202,73729,8.0282,4417788184151,18.8352,0,4870,15268,0,0,1,0,0,0.00802,500,500,499,0.998,2.67563,3.52759,0.626802,0.314688,0.0262451,0.0337219,3.60831e-05,5.39938e-05,-0.00330641,-0.00554533,1,0.00673239,-0.00449914,0.00449914,0.00673239,1,1,0.00422468,0.00657544,0.00027446,0.000156952,0,0,0,0,0,0,0,0,0,0,0,0,0,0,0,0,0,0,0,0,0,0,0,255,0.21,2.20985,0.21,0.0277878,0.244198,1,1,1,1,1,1,1,-0.118367,-3.2873,0.144288,-0.00299859,0.00291236,0.0174774,44.3342,3990,1,367,92.7071,998,0,0.000884653,0.0147862,0.0482889,0,0,0,1,499,0.215,3.0591e-05,4.57688e-05,9.8403e-06,-6.57706e-06,8.52187e-06,-8.21351e-06,0.0668896,-0.0144806,-0.0105661,0.014441,-0.177812,0.000958388,0.000674893,-0.000177431,11.3579,1,0,0,0,0,0,-1,1,-9.04573e-07,-3.41785e-06,-0.177955,0,44.6154,1,1010,1010,1010,1010,0,0,0,0,44.6202,56,0.00222622,0.00599239,56,0.00297892,0.00997594,56,0.00369972,0.017317,56,0.0099796,0.00878901,56,0.00901805,0.0116174,56,-0.00559012,0.0104833,55,0.00448773,0.00632815,56,0.00522278,0.00306272,52,0.00675958,0.00560057
4417788740063,4417781339000,4417781339000,4417788727341,73729,7.38834,4417799433011,18.094,0,4870,15269,0,0,1,0,0,0.01199,500,500,499,0.998,2.78584,3.72059,0.583912,0.311836,0.0169373,-0.00289917,6.21715e-05,-4.2773e-05,0.0074707,0.0129159,1,-0.00356739,-0.00518528,0.00518528,-0.00356739,1,1,0.00533128,-0.00332581,-0.000145995,-0.000241582,0,0,0,0,0,0,0,0,0,0,0,0,0,0,0,0,0,0,0,0,0,0,0,255,0.2,3.34033,0.2,0.000369068,-0.0146283,1,1,1,2,0,1,1,-0.118239,-3.28732,0.14365,-0.00416416,0.00338968,0.0177063,1.04079,3991,1,367,103.952,998,0,0.000884653,0.0147862,0.0482889,0,0,0,1,499,0.205,5.27122e-05,-3.62347e-05,-7.42811e-06,-1.0806e-05,-9.21987e-06,-9.32157e-06,0.0668804,-0.0144899,-0.0105359,0.0143801,-0.177815,0.0010548,-0.000990484,0.0013227,0.764766,3,0,0,0,0,0,-1,1,-9.04573e-07,-3.41785e-06,-0.178057,0,1.2996,1,1010,1010,1010,1010,0,0,0,0,1.30429,56,0.0080738,-0.00173039,55,0.0088503,-0.00685391,56,0.00236811,-0.00538628,56,0.00382896,-0.0019912,56,0.00793801,-0.00616431,56,0.00462039,0.000288996,56,0.00587075,-0.000522319,56,6.83789e-05,-0.0042884,52,0.00068229,-0.00238788
4417799917052,4417789352000,4417789352000,4417799907330,73729,10.5553,4417809342007,19.99,0,4870,15270,0,0,1,0,0,0.008013,500,500,500,1,2.64075,3.52894,0.675802,0.340595,-0.00432587,-0.0288162,-8.0166e-06,-3.26813e-05,0.00310599,-0.0151191,1,-0.00407853,0.00100045,-0.00100045,-0.00407853,1,1,-0.000498777,-0.00366768,-0.000501673,-0.00041085,0,0,0,0,0,0,0,0,0,0,0,0,0,0,0,0,0,0,0,0,0,0,0,255,0.21,3.81172,0.21,-0.00560401,-0.0212784,1,1,1,2,0,1,1,-0.118239,-3.28732,0.14365,-0.00416416,0.00338968,0.0177063,10.9537,3991,1,367,113.865,998,0,0.000884653,0.0147862,0.0482889,0,0,0,1,500,0.215,-6.76458e-06,-2.7716e-05,-5.95893e-06,1.45439e-06,-5.60735e-06,2.48532e-06,0.0668748,-0.0144874,-0.0105359,0.0143801,-0.177815,0.000974505,-0.00176665,0.00250536,10.6776,0,0,0,0,0,0,-1,1,-9.04573e-07,-3.41785e-06,-0.178057,0,11.2165,1,1010,1010,1010,1010,0,0,0,0,11.2211,56,0.00366113,-0.0154629,56,-0.00687734,0.00567582,56,0.00688229,0.000148847,56,-0.00254254,-0.00619922,56,-0.012777,0.00554664,56,-0.00155279,-0.00777608,56,-0.00634395,-0.0105893,56,0.0027188,-0.00726998,52,0.00740854,-0.0115509
4417809832641,4417797373000,4417797373000,4417809822771,73729,12.4498,4417822112770,24.7398,0,4870,15271,0,0,1,0,0,0.008021,500,500,500,1,2.63978,3.60535,0.674858,0.328947,0.00237274,-0.0562134,4.14965e-06,-8.07732e-05,-0.00870836,-0.00989171,1,-0.0100702,-0.000517348,0.000517348,-0.0100702,1,1,0.00112698,-0.00965544,-0.000609627,-0.000414771,0,0,0,0,0,0,0,0,0,0,0,0,0,0,0,0,0,0,0,0,0,0,0,255,0.21,3.74081,0.21,0.04191,0.339447,1,1,1,1,0,1,1,-0.118239,-3.28732,0.14365,-0.00416416,0.00338968,0.0177063,23.7233,3991,1,367,126.634,998,0,0.000884653,0.0147862,0.0482889,0,0,0,1,500,0.215,3.51846e-06,-6.84393e-05,-1.47144e-05,-7.56469e-07,-1.46146e-05,1.85807e-06,0.0668602,-0.0144856,-0.0105494,0.0143688,-0.177827,0.000309169,-0.00178352,0.00234445,12.4984,1,0,0,0,0,0,-1,1,-9.04573e-07,-3.41785e-06,-0.178057,0,23.993,1,1010,1010,1010,1010,0,0,0,0,23.9977,56,0.001891,0.00935522,56,0.0125378,-0.000852251,56,0.00207533,-0.0165332,56,-0.00739096,-0.0133566,56,0.00729578,-0.0217107,56,0.000516773,-0.0183658,56,-0.001367,-0.00960685,56,-0.00990112,-0.0151058,52,-0.00247272,-0.00561349
4417822610071,4417809368000,4417809368000,4417822600404,73729,13.2324,4417835676688,26.3087,0,4870,15272,0,0,1,0,0,0.011995,500,500,500,1,2.65636,3.88102,0.672432,0.315373,-0.0374908,-0.0235443,-7.5172e-05,-6.6795e-05,0.000533172,0.00299236,1,-0.00556857,0.00626695,-0.00626695,-0.00556857,1,1,-0.00583896,-0.00538237,-0.000427989,-0.000186202,0,0,0,0,0,0,0,0,0,0,0,0,0,0,0,0,0,0,0,0,0,0,0,255,0.2,6.79328,0.2,-0.0211952,-0.121031,1,1,1,1,0,1,1,-0.118239,-3.28732,0.14365,-0.00416416,0.00338968,0.0177063,37.2929,3991,1,367,140.204,998,0,0.000884653,0.0147862,0.0482889,0,0,0,1,500,0.205,-6.37754e-05,-5.66325e-05,-1.16097e-05,1.3074e-05,-9.11432e-06,1.49212e-05,0.0668511,-0.0144706,-0.0105533,0.0143723,-0.17786,-0.000321449,-0.000763427,0.00114664,13.2925,1,0,0,0,0,0,-1,1,-9.04573e-07,-3.41785e-06,-0.178057,0,37.5676,1,1010,1010,1010,1010,0,0,0,0,37.5723,56,-0.0104503,-0.00744835,56,-0.0037783,0.00235901,56,-0.0110248,-0.00572824,56,-0.00650599,-0.0075665,56,-0.00370737,-0.00453715,56,-0.0066902,-0.00682671,56,-0.00132212,-0.00485133,56,-0.00598397,-0.00108134,52,-0.0030555,-0.00307254
4417836203174,4417817357000,4417817357000,4417836193081,73729,18.8361,4417850302578,32.9456,0,4870,15273,0,0,1,0,0,0.007989,500,500,500,1,2.66113,4.80947,0.693247,0.320354,-0.023941,-0.0091095,-6.64375e-05,-1.2118e-05,-0.00715631,-0.00364674,1,-0.00151683,0.00831612,-0.00831612,-0.00151683,1,1,-0.00830338,-0.00170523,-1.27354e-05,0.000188394,0,0,0,0,0,0,0,0,0,0,0,0,0,0,0,0,0,0,0,0,0,0,0,255,0.2,0.047334,0.2,-0.0380295,-0.350786,1,1,1,1,1,1,1,-0.118238,-3.28728,0.142848,-0.00247847,0.00281899,0.0166973,5.73918,3992,1,367,154.821,998,0,0.000884653,0.0147862,0.0482889,0,0,0,1,500,0.205,-5.63295e-05,-1.03034e-05,-2.11219e-06,1.15476e-05,-3.66189e-08,1.17387e-05,0.066851,-0.0144589,-0.0105617,0.0144066,-0.177932,-7.29177e-05,0.000772415,-1.65622e-05,5.50151,2,0,0,0,0,0,-1,1,-9.04572e-07,-3.41785e-06,-0.178165,0,6.01061,1,1010,1010,1010,1010,0,0,0,0,6.01522,56,-0.00364811,-0.00765253,56,-0.0076031,0.00708617,56,-0.00349941,-0.00117749,56,0.00543,0.0130556,56,-0.00599669,0.000561499,56,-0.00935951,0.00227369,56,-0.0198801,-0.000404272,56,-0.00741715,-0.00329505,52,-0.00920201,-0.00439025
4417850840842,4417837364000,4417837364000,4417850835286,73729,13.4713,4417864785874,27.4219,1,4871,15274,0,0,1,0,0,0.020007,500,500,500,1,2.66628,3.57046,0.624469,0.32241,-0.0159912,0.0449142,-3.55102e-05,6.64185e-05,-0.00128847,0.00428233,1,0.00331976,0.00177489,-0.00177489,0.00331976,1,1,-0.00207052,0.00324292,0.000295632,7.68384e-05,0,0,0,0,0,0,0,0,0,0,0,0,0,0,0,0,0,0,0,0,0,0,0,255,0.2,4.56626,0.2,-0.00126432,0.00384014,1,1,1,1,0,1,1,-0.118238,-3.28728,0.142848,-0.00247847,0.00281899,0.0166973,20.2266,3992,1,367,169.309,998,0,0.000884653,0.0147862,0.0482889,0,0,0,1,500,0.205,-3.01211e-05,5.625e-05,1.15313e-05,6.17482e-06,1.24401e-05,4.03601e-06,0.0668635,-0.0144549,-0.0105545,0.0144101,-0.177964,0.000801603,0.000315037,-0.000328391,14.2446,1,0,0,0,0,0,-1,1,-9.04572e-07,-3.41785e-06,-0.178165,0,20.4954,1,1010,1010,1010,1010,0,0,0,0,20.5,56,-0.000181129,0.00539459,56,0.00334935,-0.000341038,56,-0.000835802,0.00374868,56,-0.00335285,0.00447179,56,-0.00196821,0.00522094,56,-0.00182143,0.00354713,56,-0.00190327,0.00223589,56,-0.0018894,0.00489711,52,-0.0047743,0.00558299
4417865283786,4417849360000,4417849360000,4417865274323,73729,15.9143,4417879154466,29.7945,0,4871,15275,0,0,1,0,0,0.011996,500,500,500,1,2.66343,3.77614,0.577079,0.32291,0.0155258,0.00885773,3.47547e-05,1.31744e-05,0.00460488,-0.00314842,1,0.00109823,-0.00289719,0.00289719,0.00109823,1,1,0.00226631,0.00107898,0.000630883,1.92536e-05,0,0,0,0,0,0,0,0,0,0,0,0,0,0,0,0,0,0,0,0,0,0,0,255,0.2,8.28774,0.2,0.00216802,-0.000257472,1,1,1,1,0,1,1,-0.118238,-3.28728,0.142848,-0.00247847,0.00281899,0.0166973,34.5961,3992,1,367,183.678,998,0,0.000884653,0.0147862,0.0482889,0,0,0,1,500,0.205,2.94857e-05,1.11847e-05,2.29287e-06,-6.04458e-06,1.18709e-06,-6.35484e-06,0.0668646,-0.0144612,-0.0105442,0.0144261,-0.178003,0.0015724,7.89396e-05,-0.000811379,14.122,1,0,0,0,0,0,-1,1,-9.04572e-07,-3.41785e-06,-0.178165,0,34.8677,1,1010,1010,1010,1010,0,0,0,0,34.8723,56,0.0066914,-0.00583485,56,-0.00945024,0.00659776,56,0.00452315,0.00019542,56,0.0122619,-0.00152251,56,0.00626104,0.00783468,56,0.0026429,-0.00224069,56,0.00182042,0.00633776,56,-0.000102587,-0.00246235,52,0.00555886,0.00216285
4417879661619,4417869352000,4417869352000,4417879657526,73729,10.3055,4417891781320,22.4293,1,4872,15276,0,0,1,0,0,0.019992,500,500,500,1,2.65269,3.49118,0.580801,0.315984,0.0244751,0.0355225,7.26364e-05,5.13335e-05,0.00406013,0.00402589,1,0.0025677,-0.00363327,0.00363327,0.0025677,1,1,0.00303854,0.00242967,0.000594727,0.000138026,0,0,0,0,0,0,0,0,0,0,0,0,0,0,0,0,0,0,0,0,0,0,0,255,0.21,2.88404,0.21,0.031091,0.224782,1,1,1,1,0,1,1,-0.118238,-3.28728,0.142848,-0.00247847,0.00281899,0.0166973,47.2217,3992,1,367,196.304,998,0,0.000884653,0.0147862,0.0482889,0,0,0,1,500,0.215,6.15199e-05,4.34996e-05,9.3524e-06,-1.32268e-05,6.86285e-06,-1.46737e-05,0.0668715,-0.0144759,-0.0105579,0.0145237,-0.178067,0.00146154,0.000593512,-0.000876633,12.3486,2,0,0,0,0,0,-1,1,-9.04572e-07,-3.41785e-06,-0.178323,0,0.242854,1,1010,1010,1010,1010,0,0,0,0,0.246595,56,-0.00164398,0.0038438,56,0.0117128,0.000950296,56,5.62856e-05,0.00253658,56,0.00835646,-0.00110094,56,0.00173295,0.000722272,56,0.00236198,0.00447729,56,0.00421437,0.000624624,56,0.00518118,0.00388422,52,0.00266746,0.00323809
4417892295010,4417877361000,4417877361000,4417892285010,73729,14.924,4417903576018,26.215,0,4872,15277,0,0,1,0,0,0.008009,500,500,500,1,2.65023,3.80772,0.618746,0.317484,0.0115509,0.0160294,1.62492e-05,-1.10122e-06,0.00611705,0.0107798,1,-0.000137497,-0.00202887,0.00202887,-0.000137497,1,1,0.001638,-0.000372463,0.000390868,0.000234966,0,0,0,0,0,0,0,0,0,0,0,0,0,0,0,0,0,0,0,0,0,0,0,255,0.21,5.35518,0.21,0.000640245,0.00160227,1,1,1,1,1,1,1,-0.118632,-3.28709,0.142303,-0.00422358,0.00363498,0.0168925,11.7572,3993,1,367,208.101,998,0,0.000884653,0.0147862,0.0482889,0,0,0,1,500,0.215,1.37906e-05,-9.47924e-07,-2.03804e-07,-2.96498e-06,-7.25324e-07,-2.8819e-06,0.0668708,-0.0144788,-0.0105795,0.014583,-0.178089,0.000796447,0.00101035,-0.000707428,10.1555,1,0,0,0,0,0,-1,1,-9.04572e-07,-3.41785e-06,-0.178323,0,12.0404,1,1010,1010,1010,1010,0,0,0,0,12.0442,56,0.0141638,-0.0127974,56,-0.0057018,0.000206749,56,0.000869417,0.00630684,56,0.00201793,0.00401231,56,0.00398856,0.0112237,56,-0.00345428,0.00171619,56,0.00413595,0.00179606,56,0.00875674,6.89196e-05,52,0.00428786,-0.00104981
4417904164616,4417889344000,4417889344000,4417904152579,73729,14.8086,4417919810201,30.4662,0,4872,15278,0,0,1,0,0,0.011983,500,500,500,1,2.62987,4.77493,0.661098,0.316706,-0.00648499,0.030159,-3.71793e-06,6.80104e-05,0.00102437,-0.0056488,1,0.00567558,0.000310267,-0.000310267,0.00567558,1,1,-0.00033634,0.00555837,2.60725e-05,0.000117205,0,0,0,0,0,0,0,0,0,0,0,0,0,0,0,0,0,0,0,0,0,0,0,255,0.2,6.60391,0.2,-0.0119564,-0.0768993,1,1,1,1,0,1,1,-0.118632,-3.28709,0.142303,-0.00422358,0.00363498,0.0168925,27.9875,3993,1,367,16.1915,999,0,0.000884653,0.00975584,0.0477422,0,0,0,1,500,0.205,-3.14271e-06,5.76369e-05,1.18156e-05,6.44256e-07,1.17415e-05,-1.45892e-06,0.0668825,-0.0144802,-0.0105909,0.0146339,-0.178095,0.000360619,0.00048054,0.000202978,15.9583,1,0,0,0,0,0,-1,1,-9.04572e-07,-3.41785e-06,-0.178323,0,28.2735,1,1010,1010,1010,1010,0,0,0,0,28.2773,56,-0.00604594,0.00936788,56,0.00281387,0.00125123,56,0.000298936,0.00225874,56,0.0047443,0.0008104,56,0.00190735,0.00593096,56,0.00472979,0.00416576,56,-0.00343568,0.00427672,56,-6.4433e-05,0.00554836,52,-0.00529253,0.00902506
4417920317298,4417909388000,4417909388000,4417920313483,73729,10.9255,4417934606223,25.2182,1,4873,15279,0,0,1,0,0,0.020044,500,500,500,1,2.62645,4.6238,0.697544,0.319058,-0.0234604,-0.0106354,-5.47836e-05,-6.24726e-06,-0.002977,-0.00137782,1,-0.000311677,0.00273317,-0.00273317,-0.000311677,1,1,-0.0023609,-0.000117992,-0.00037227,-0.000193685,0,0,0,0,0,0,0,0,0,0,0,0,0,0,0,0,0,0,0,0,0,0,0,255,0.2,2.89823,0.2,-0.0221642,-0.165017,1,1,1,1,0,1,1,-0.118632,-3.28709,0.142303,-0.00422358,0.00363498,0.0168925,42.7856,3993,1,367,30.9895,999,0,0.000884653,0.00975584,0.0477422,0,0,0,1,500,0.205,-4.64408e-05,-5.30837e-06,-1.08822e-06,9.52036e-06,6.14327e-07,9.56226e-06,0.0668831,-0.0144707,-0.0106199,0.0147118,-0.178115,0.000556757,-0.000794108,0.00166645,14.528,2,0,0,0,0,0,-1,1,-9.04572e-07,-3.41785e-06,-0.178323,0,43.0534,1,1010,1010,1010,1010,0,0,0,0,43.0571,56,-0.0044294,-0.00255522,56,0.000336403,0.000596588,56,-0.00381401,0.000256811,56,-0.00617145,-0.00135451,56,-0.00530919,-0.00320698,56,-0.00214706,-0.00187991,56,-0.00147574,-0.00118547,56,-0.00273327,0.000836183,52,-0.000939855,-9.17562e-05
4417935102931,4417917361000,4417917361000,4417935093468,73729,17.7325,4417948739664,31.3787,0,4873,15280,0,0,1,0,0,0.007973,500,500,500,1,2.6295,4.74967,0.676173,0.321448,-0.00637817,-0.0187607,-2.97895e-05,-5.41953e-05,-0.00774323,0.00773657,1,-0.00679735,0.0037363,-0.0037363,-0.00679735,1,1,-0.00326744,-0.00650265,-0.000468863,-0.000294706,0,0,0,0,0,0,0,0,0,0,0,0,0,0,0,0,0,0,0,0,0,0,0,255,0.2,7.54081,0.2,-0.00240558,-0.00470894,1,1,1,1,0,1,1,-0.11926,-3.28683,0.141785,-0.00606339,0.0042392,0.017065,0.945083,3994,1,367,45.1244,999,0,0.000884653,0.00975584,0.0477422,0,0,0,1,500,0.205,-2.53034e-05,-4.59798e-05,-9.42586e-06,5.1872e-06,-8.35742e-06,6.77498e-06,0.0668748,-0.0144639,-0.0106247,0.0147758,-0.178133,0.0013687,-0.00120829,0.00263283,0.629487,2,0,0,0,0,0,-1,1,-9.04572e-07,-3.41785e-06,-0.178367,0,1.1802,1,1010,1010,1010,1010,0,0,0,0,1.21644,56,-0.00307241,-0.0117478,56,0.00344858,0.00768393,56,0.0014094,-0.0045086,56,-0.00184629,-0.00418332,56,0.00156347,-0.00330767,56,-0.00910563,-0.0110891,56,-0.0144257,-0.00980466,56,-0.00543356,-0.00254222,52,-0.000602167,-0.00899002
4417949230224,4417937360000,4417937360000,4417949224150,73729,11.8641,4417962088599,24.7286,1,4874,15281,0,0,1,0,0,0.019999,500,500,500,1,2.63525,3.55464,0.643246,0.313151,-0.00953674,-0.0613327,-2.63672e-05,-0.000101659,-0.00600528,-0.00423387,1,-0.00508319,0.00131843,-0.00131843,-0.00508319,1,1,-0.00135697,-0.00494441,3.85474e-05,-0.000138776,0,0,0,0,0,0,0,0,0,0,0,0,0,0,0,0,0,0,0,0,0,0,0,255,0.21,1.35568,0.21,-0.00188657,-0.00340422,1,1,1,1,1,1,1,-0.11926,-3.28683,0.141785,-0.00606339,0.0042392,0.017065,14.2909,3994,1,367,58.4702,999,0,0.000884653,0.00975584,0.0477422,0,0,0,1,500,0.215,-2.2294e-05,-8.61121e-05,-1.85141e-05,4.79322e-06,-1.73704e-05,7.9979e-06,0.0668574,-0.0144559,-0.010618,0.0148128,-0.17816,0.0016882,-0.000596737,0.00121796,13.108,1,0,0,0,0,0,-1,1,-9.04572e-07,-3.41785e-06,-0.178367,0,14.5277,1,1010,1010,1010,1010,0,0,0,0,14.564,56,-0.00282495,-0.000262791,56,-0.00263204,-0.00465165,56,-0.00173879,-0.00594461,56,-0.00258962,-0.0102108,56,-0.00201614,-0.00736062,56,0.000305661,-0.00237097,56,-0.0018966,-0.00278895,56,-0.00143272,-0.00373226,52,-0.000166179,-0.00526986
4417962645659,4417949340000,4417949340000,4417962634677,73729,13.2947,4417976897990,27.558,0,4874,15282,0,0,1,0,0,0.01198,500,500,500,1,2.63567,3.82068,0.664617,0.320632,0.00790405,-0.00996399,2.6393e-05,-1.52268e-05,0.00112498,0.000321818,1,-0.00127101,-0.00220309,0.00220309,-0.00127101,1,1,0.00182473,-0.00136368,0.000378364,9.26701e-05,0,0,0,0,0,0,0,0,0,0,0,0,0,0,0,0,0,0,0,0,0,0,0,255,0.21,4.59773,0.21,0.0437143,0.37848,1,1,1,1,0,1,1,-0.11926,-3.28683,0.141785,-0.00606339,0.0042392,0.017065,29.1077,3994,1,367,73.2871,999,0,0.000884653,0.00975584,0.0477422,0,0,0,1,500,0.215,2.23831e-05,-1.29187e-05,-2.77751e-06,-4.81236e-06,-3.58542e-06,-4.24377e-06,0.0668538,-0.0144602,-0.0106143,0.0148489,-0.178191,0.00175495,0.000398481,0.000102387,14.5704,1,0,0,0,0,0,-1,1,-9.04572e-07,-3.41785e-06,-0.178367,0,29.3415,1,1010,1010,1010,1010,0,0,0,0,29.3777,56,0.00561435,-0.010969,56,0.00197665,-0.000122452,56,0.00398959,-0.000772527,56,0.00210844,-0.000961215,56,-0.00134922,-0.00409861,56,0.000711971,-0.00161498,56,0.00316062,-0.00056061,56,0.00151818,-0.00256458,52,-0.00196651,0.000445134
4417977405495,4417969343000,4417969343000,4417977398736,73729,8.05574,4417989193045,19.85,1,4875,15283,0,0,1,0,0,0.020003,500,500,485,0.97,2.66889,3.55803,0.58495,0.306984,0.00852966,0.0228882,1.32148e-05,3.12359e-05,0.000736214,0.00249067,1,0.00156156,-0.000660643,0.000660643,0.00156156,1,1,0.00016633,0.0013564,0.000494313,0.000205164,0,0,0,0,0,0,0,0,0,0,0,0,0,0,0,0,0,0,0,0,0,0,0,255,0.2,8.5315,0.2,-0.00274965,-0.215674,1,1,1,1,0,1,1,-0.11926,-3.28683,0.141785,-0.00606339,0.0042392,0.017065,41.3975,3994,1,367,85.5769,999,0,0.000884653,0.00975584,0.0477422,0,0,0,1,485,0.205,1.1204e-05,2.64811e-05,5.42864e-06,-2.29681e-06,4.93528e-06,-3.22261e-06,0.0668588,-0.0144634,-0.0106063,0.0148849,-0.178214,0.00176748,0.000841173,-0.000207358,12.0476,1,0,0,0,0,0,-1,1,-9.04572e-07,-3.41785e-06,-0.178367,0,41.6329,1,1010,1010,1010,1010,0,0,0,0,0.219076,56,0.0036625,0.000745921,56,-0.000347133,-0.00508453,47,-0.00241607,0.00121771,56,-0.000975457,0.00415938,56,0.00181894,0.00494044,56,-2.85406e-05,0.00173597,56,0.00235195,0.00275235,56,0.00244199,0.00140831,46,0.000803751,0.00155657
4417989690087,4417977393000,4417977393000,4417989680772,73729,12.2878,4418000568128,23.1751,0,4875,15284,0,0,1,0,0,0.00805,500,500,472,0.944,2.64649,3.70085,0.657432,0.301688,-0.0183105,0.028717,-4.94832e-05,5.2868e-05,-0.015148,0.00644113,1,0.00656745,0.00614698,-0.00614698,0.00656745,1,1,-0.00641229,0.00645196,0.000265304,0.000115486,0,0,0,0,0,0,0,0,0,0,0,0,0,0,0,0,0,0,0,0,0,0,0,255,0.21,1.18483,0.21,-0.00532071,0.00492282,1,1,1,1,0,1,1,-0.11985,-3.2866,0.141185,-0.00627388,0.00451195,0.0172848,0.937564,3995,1,367,96.946,999,0,0.000884653,0.00975584,0.0477422,0,0,0,1,472,0.215,-4.19741e-05,4.48035e-05,9.63274e-06,9.02443e-06,1.1078e-05,7.17289e-06,0.0668698,-0.0144562,-0.0106258,0.0149347,-0.178299,0.000395248,0.000496589,-0.000596448,0.684284,3,0,0,0,0,0,-1,1,-9.04572e-07,-3.41785e-06,-0.17851,0,1.18958,1,1010,1010,1010,1010,0,0,0,0,11.5735,55,-0.00459162,0.00925757,56,0.0057634,0.00541051,56,-0.00887187,0.0101002,46,-0.0159595,0.0103409,56,-0.00178769,0.00824555,56,-0.000718892,0.00384304,39,-0.00717824,-0.00366255,56,-0.00729327,0.00705744,52,-0.00777076,-0.00212488
4418001043281,4417989341000,4417989341000,4418001033577,73729,11.6926,4418013969656,24.6287,0,4875,15285,0,0,1,0,0,0.011948,500,500,500,1,2.61836,3.69922,0.673024,0.326169,0.00614929,0.0231171,3.13672e-05,4.70095e-05,0.0130628,-0.00269256,1,0.00393451,-0.00262531,0.00262531,0.00393451,1,1,0.00234586,0.00384902,0.000279446,8.5496e-05,0,0,0,0,0,0,0,0,0,0,0,0,0,0,0,0,0,0,0,0,0,0,0,255,0.21,2.36067,0.21,0.0480336,0.378173,1,1,1,1,1,1,1,-0.11985,-3.2866,0.141185,-0.00627388,0.00451195,0.0172848,14.3426,3995,1,367,110.351,999,0,0.000884653,0.00975584,0.0477422,0,0,0,1,500,0.215,2.65928e-05,3.98097e-05,8.55908e-06,-5.71746e-06,7.40937e-06,-7.1445e-06,0.0668772,-0.0144633,-0.0106258,0.0149347,-0.178299,0.000368317,0.000367633,-0.000666642,14.0754,0,0,0,0,0,0,-1,1,-9.04572e-07,-3.41785e-06,-0.17851,0,14.6195,1,1010,1010,1010,1010,0,0,0,0,25.0035,56,0.0023413,0.0035446,56,0.000237591,-0.00119533,56,0.00812547,0.000243514,56,0.00268927,0.00900733,56,8.61639e-05,0.00622829,56,0.00331662,0.0124349,56,0.00180288,0.00155432,56,0.000722196,0.00231434,52,0.00342457,0.00147065
4418014527439,4418005381000,4418005381000,4418014522179,73729,9.14118,4418026777549,21.3965,1,4876,15286,0,0,1,0,0,0.01604,500,500,482,0.964,2.65802,3.71022,0.586023,0.307243,0.0208435,0.0208054,3.9828e-05,4.50091e-05,-0.00120157,0.00470937,1,0.00280605,-0.00248304,0.00248304,0.00280605,1,1,0.0022035,0.00279905,0.000279544,6.99873e-06,0,0,0,0,0,0,0,0,0,0,0,0,0,0,0,0,0,0,0,0,0,0,0,255,0.21,5.66905,0.21,0.00163081,0.00227255,1,1,1,1,0,1,1,-0.11985,-3.2866,0.141185,-0.00627388,0.00451195,0.0172848,27.1724,3995,1,367,123.181,999,0,0.000884653,0.00975584,0.0477422,0,0,0,1,482,0.215,3.37489e-05,3.81321e-05,8.19841e-06,-7.25602e-06,6.78173e-06,-8.59475e-06,0.066884,-0.0144719,-0.0106062,0.0149288,-0.178312,0.000864539,3.00945e-05,-0.000269999,12.5783,1,0,0,0,0,0,-1,1,-9.04572e-07,-3.41785e-06,-0.17851,0,27.4356,1,1010,1010,1010,1010,0,0,0,0,37.8195,56,-0.00191303,0.00280198,56,0.00932018,0.00256942,56,-0.00113643,0.00292211,56,0.00270588,0.00320189,56,0.00355359,0.00129843,56,0.000655713,-0.0014642,38,0.00793509,0.00292482,56,0.00266192,0.00132074,52,-0.000309002,0.006036
4418027297424,4418017354000,4418017354000,4418027287461,73729,9.93346,4418039413903,22.0599,0,4876,15287,0,0,1,0,0,0.011973,500,500,500,1,2.63265,3.5942,0.689024,0.312743,-0.00302124,0.0214157,-4.14493e-07,4.09197e-05,0.00653211,-0.00188088,1,0.00341766,3.4619e-05,-3.4619e-05,0.00341766,1,1,-0.000227652,0.0032967,0.000193033,0.000120964,0,0,0,0,0,0,0,0,0,0,0,0,0,0,0,0,0,0,0,0,0,0,0,255,0.21,8.03713,0.21,-0.00110918,0.00245826,1,1,1,1,0,1,1,-0.11985,-3.2866,0.141185,-0.00627388,0.00451195,0.0172848,39.7883,3995,1,367,135.797,999,0,0.000884653,0.00975584,0.0477422,0,0,0,1,500,0.215,-3.43712e-07,3.46808e-05,7.45638e-06,7.3898e-08,7.3504e-06,-1.24979e-06,0.0668914,-0.0144732,-0.0105951,0.0149446,-0.178331,0.00140871,0.000520146,0.000462936,12.3592,1,0,0,0,0,0,-1,1,-9.04572e-07,-3.41785e-06,-0.17851,0,40.0571,1,1010,1010,1010,1010,0,0,0,0,0.197649,56,0.00278226,0.00251406,56,-0.00367033,0.00309008,56,0.00106458,0.00286472,56,0.00525493,0.00936137,56,0.000172917,0.00121127,56,0.00492937,0.00328439,56,-0.000152388,-0.000412148,56,-0.00810434,0.0131752,52,0.000705366,-0.00296586
4418039913963,4418025369000,4418025369000,4418039903888,73729,14.5349,4418055027116,29.6581,0,4876,15288,0,0,1,0,0,0.008015,500,500,496,0.992,2.6618,3.6209,0.688914,0.318466,0.0155029,-0.00975037,2.53232e-05,-1.17641e-05,-0.0120652,-0.003936,1,-0.00146777,-0.00315948,0.00315948,-0.00146777,1,1,0.003489,-0.00147661,-0.000329519,8.84277e-06,0,0,0,0,0,0,0,0,0,0,0,0,0,0,0,0,0,0,0,0,0,0,0,255,0.21,0.561839,0.21,0.00138797,-0.00243437,1,1,1,1,0,1,1,-0.120254,-3.28649,0.14084,-0.00685537,0.00496183,0.0174341,5.60346,3996,1,367,151.426,999,0,0.000884653,0.00975584,0.0477422,0,0,0,1,496,0.215,2.14877e-05,-9.97545e-06,-2.14472e-06,-4.61986e-06,-2.92933e-06,-4.16598e-06,0.0668885,-0.0144774,-0.0105412,0.0148577,-0.178358,0.00128942,3.80239e-05,0.00216508,4.58528,3,0,0,0,0,0,-1,1,-9.04572e-07,-3.41785e-06,-0.17858,0,5.88829,1,1010,1010,1010,1010,0,0,0,0,15.8427,56,-0.000288467,0.00190113,56,0.00724409,-0.0109462,56,9.37798e-05,-0.00517138,56,0.00116825,-0.00505117,56,0.00151623,0.00244951,56,0.00305462,0.0049619,56,0.00020509,-0.000809977,56,0.00949439,-0.00738032,48,-0.0028914,0.000765323
4418055627418,4418045374000,4418045374000,4418055620288,73729,10.2463,4418068971964,23.598,1,4877,15289,0,0,1,0,0,0.020005,500,500,483,0.966,2.6951,4.71206,0.674173,0.307447,-0.0256042,-0.0328369,-4.59144e-05,-0.000105573,0.000518656,0.00881916,1,-0.00527733,0.00229515,-0.00229515,-0.00527733,1,1,-0.00177661,-0.00514566,-0.000518541,-0.000131675,0,0,0,0,0,0,0,0,0,0,0,0,0,0,0,0,0,0,0,0,0,0,0,255,0.21,6.08655,0.21,-0.00357614,-0.00386481,1,1,1,1,1,1,1,-0.120254,-3.28649,0.14084,-0.00685537,0.00496183,0.0174341,19.532,3996,1,367,165.354,999,0,0.000884653,0.00975584,0.0477422,0,0,0,1,483,0.215,-3.89922e-05,-8.95148e-05,-1.92457e-05,8.38333e-06,-1.74523e-05,1.16642e-05,0.066871,-0.0144657,-0.0105412,0.0148577,-0.178358,0.000770804,-0.000566202,0.00240043,18.5557,0,0,0,0,0,0,-1,1,-9.04572e-07,-3.41785e-06,-0.17858,0,19.7948,1,1010,1010,1010,1010,0,0,0,0,29.7492,56,-0.0065093,-0.00840605,56,-0.00126316,-0.00184785,56,-0.00477561,-6.40232e-05,56,-0.00505639,-0.00313947,56,-0.00218609,-0.00592857,56,-0.000388438,-0.00350797,42,0.00140618,-0.00199901,56,-0.000544962,-0.00562852,49,-0.00549244,-0.00658377
4418069532580,4418057358000,4418057358000,4418069520283,73729,12.1623,4418082769532,25.4115,0,4877,15290,0,0,1,0,0,0.011984,500,500,489,0.978,2.88447,3.45816,0.688413,0.307614,0.00170898,-0.0303345,1.89752e-05,-4.45138e-05,-0.00281443,-0.0144352,1,-0.00371444,-0.00158338,0.00158338,-0.00371444,1,1,0.00171599,-0.0035981,-0.000132614,-0.00011634,0,0,0,0,0,0,0,0,0,0,0,0,0,0,0,0,0,0,0,0,0,0,0,255,0.21,-0.261743,0.21,-0.0001449,-0.00418664,1,1,1,1,0,1,1,-0.120254,-3.28649,0.14084,-0.00685537,0.00496183,0.0174341,33.3309,3996,1,367,179.153,999,0,0.000884653,0.00975584,0.0477422,0,0,0,1,489,0.215,1.61075e-05,-3.76897e-05,-8.10329e-06,-3.46311e-06,-8.58782e-06,-1.97016e-06,0.0668624,-0.0144677,-0.0104868,0.0147378,-0.17841,0.000633253,-0.000500262,0.000962795,13.5299,2,0,0,0,0,0,-1,1,-9.04572e-07,-3.41785e-06,-0.17858,0,33.5902,1,1010,1010,1010,1010,0,0,0,0,43.5445,56,-0.000792513,-0.000617822,56,0.00207772,-0.00137781,56,0.00433665,-0.00328558,56,-0.000900419,-0.00353777,56,-0.00316011,-0.00559916,56,-0.00273116,-0.00193837,47,0.00318532,-0.0107362,56,-0.00173925,-0.00379686,50,0.0053772,-0.00351573
4418083266018,4418065378000,4418065378000,4418083256703,73729,17.8787,4418097091197,31.7132,0,4877,15291,0,0,1,0,0,0.00802,500,500,500,1,2.61352,4.04983,0.660024,0.320299,-0.0156479,-0.00523376,9.97984e-06,-1.69655e-05,0.0215511,0.00329781,1,-0.00211539,-0.00124437,0.00124437,-0.00211539,1,1,0.000830639,-0.00213368,0.000413731,1.82863e-05,0,0,0,0,0,0,0,0,0,0,0,0,0,0,0,0,0,0,0,0,0,0,0,255,0.21,3.24616,0.21,-0.00252671,-0.000503472,1,1,1,1,0,1,1,-0.120073,-3.28663,0.140238,-0.00392004,0.00384072,0.017473,2.44321,3997,1,367,193.467,999,0,0.000884653,0.00975584,0.0477422,0,0,0,1,500,0.215,8.42435e-06,-1.43528e-05,-3.08585e-06,-1.81124e-06,-3.35779e-06,-1.23458e-06,0.0668591,-0.0144689,-0.0104405,0.0146243,-0.178494,0.000432716,7.86313e-05,-0.00107706,2.21258,2,0,0,0,0,0,-1,1,-9.04572e-07,-3.41785e-06,-0.178725,0,2.71147,1,1010,1010,1010,1010,0,0,0,0,2.71495,56,0.0133464,-0.0021636,56,-0.00415744,-0.0164676,56,-0.0028837,-0.00474151,56,-0.0107907,0.0112206,56,0.00292159,0.00784745,56,-0.000695704,-0.00841693,56,0.00041563,0.0049638,56,0.0042197,-0.00598215,52,-0.00157598,-0.00496546
4418097572868,4418085368000,4418085368000,4418097568609,73729,12.2006,4418109735255,24.3673,1,4878,15292,0,0,1,0,0,0.01999,500,500,500,1,2.65986,3.57246,0.578857,0.312947,-0.0249786,0.00618744,-1.49671e-05,2.37011e-05,-0.00350084,0.00193011,1,0.00118565,0.00074873,-0.00074873,0.00118565,1,1,-0.00125653,0.00111443,0.000507805,7.12181e-05,0,0,0,0,0,0,0,0,0,0,0,0,0,0,0,0,0,0,0,0,0,0,0,255,0.21,7.44303,0.21,-0.00167411,0.00117916,1,1,1,1,0,1,1,-0.120073,-3.28663,0.140238,-0.00392004,0.00384072,0.017473,15.094,3997,1,367,12.644,1000,0,0.000884653,0.0129779,0.0470918,0,0,0,1,500,0.215,-1.27374e-05,2.00431e-05,4.30926e-06,2.73855e-06,4.72613e-06,1.92995e-06,0.0668638,-0.014467,-0.0104405,0.0146243,-0.178494,0.000314591,0.000306238,-0.00149518,14.8627,0,0,0,0,0,0,-1,1,-9.04572e-07,-3.41785e-06,-0.178725,0,15.3704,1,1010,1010,1010,1010,0,0,0,0,15.3738,56,-0.00531028,-0.00551893,56,0.00213294,0.00375628,56,-0.00405346,-0.00219057,56,-0.00172221,-0.000166726,56,-0.00384891,-0.00103477,56,-0.00194052,0.00215566,56,-0.00141463,0.00118377,56,-0.00289254,0.00247727,52,-0.00370041,0.000560538
4418110244778,4418097354000,4418097354000,4418110233759,73729,12.8798,4418124099532,26.7455,0,4878,15293,0,0,1,0,0,0.011986,500,500,500,1,2.65926,3.49325,0.581635,0.320207,0.0223389,0.0253143,4.51253e-05,4.51451e-05,0.00730299,-0.00138006,1,0.00376649,-0.00376484,0.00376484,0.00376649,1,1,0.00342959,0.00381542,0.000335246,-4.8931e-05,0,0,0,0,0,0,0,0,0,0,0,0,0,0,0,0,0,0,0,0,0,0,0,255,0.21,-0.194816,0.21,0.00258868,0.00290684,1,1,1,1,1,1,1,-0.120073,-3.28663,0.140238,-0.00392004,0.00384072,0.017473,29.4567,3997,1,367,27.0068,1000,0,0.000884653,0.0129779,0.0470918,0,0,0,1,500,0.215,3.83163e-05,3.82926e-05,8.23291e-06,-8.23799e-06,6.63963e-06,-9.56868e-06,0.0668704,-0.0144765,-0.0103748,0.0144975,-0.178524,0.00128582,-0.000210403,-0.000124589,14.0797,2,0,0,0,0,0,-1,1,-9.04572e-07,-3.41785e-06,-0.178725,0,29.7263,1,1010,1010,1010,1010,0,0,0,0,29.7298,56,0.0159728,0.00335452,56,-0.000693411,-0.00621865,56,0.00491996,0.00454268,56,-0.000144198,0.00850779,56,-1.70039e-05,0.000362494,56,0.00889235,0.00721713,56,-0.000180593,0.00769506,56,0.00419063,-0.00124337,52,0.00263433,0.00220088
4418124645629,4418105376000,4418105376000,4418124634351,73729,19.2584,4418136480754,31.1048,0,4878,15294,0,0,1,0,0,0.008022,500,500,496,0.992,2.63715,3.80987,0.577968,0.308799,0.00166321,0.0248032,-6.75601e-06,4.20363e-05,-0.0111438,0.0021084,1,0.00524012,0.000842185,-0.000842185,0.00524012,1,1,-0.00095185,0.00537067,0.000109664,-0.000130544,0,0,0,0,0,0,0,0,0,0,0,0,0,0,0,0,0,0,0,0,0,0,0,255,0.21,4.03617,0.21,-0.000588761,0.00442419,1,1,1,1,0,1,1,-0.120073,-3.28663,0.140238,-0.00392004,0.00384072,0.017473,41.8608,3997,1,367,39.4108,1000,0,0.000884653,0.0129779,0.0470918,0,0,0,1,496,0.215,-5.73014e-06,3.56138e-05,7.65696e-06,1.23198e-06,7.75306e-06,-1.4737e-07,0.0668782,-0.0144767,-0.0103467,0.0144458,-0.178547,0.00171192,-0.000561341,0.000992293,12.139,1,0,0,0,0,0,-1,1,-9.04572e-07,-3.41785e-06,-0.178725,0,42.1364,1,1010,1010,1010,1010,0,0,0,0,42.1398,56,-0.00405711,0.0147643,56,-0.021973,-0.00716732,56,-0.00152672,0.00397602,56,0.00355012,-0.00889332,56,0.0156743,0.0185686,55,-0.0127983,0.00371039,56,0.00437909,0.0038385,56,-0.00125946,0.00322047,49,-0.00122653,0.0158037
4418137016351,4418125377000,4418125377000,4418137011184,73729,11.6342,4418151168274,25.7913,1,4879,15295,0,0,1,0,0,0.020001,500,500,499,0.998,2.6825,4.21013,0.59019,0.31378,0.0266724,-0.00549316,5.78489e-05,-4.17975e-05,-0.00291704,0.00415196,1,-0.00208977,-0.0028923,0.0028923,-0.00208977,1,1,0.00311578,-0.00192714,-0.000223481,-0.000162633,0,0,0,0,0,0,0,0,0,0,0,0,0,0,0,0,0,0,0,0,0,0,0,255,0.2,6.00244,0.2,-0.0062916,-0.0996964,1,1,1,1,0,1,1,-0.119787,-3.2868,0.139666,-0.00210826,0.00375249,0.017593,6.74802,3998,1,367,54.0729,1000,0,0.000884653,0.0129779,0.0470918,0,0,0,1,499,0.205,4.90488e-05,-3.54267e-05,-7.26248e-06,-1.0055e-05,-8.93097e-06,-8.60473e-06,0.0668692,-0.0144853,-0.0103139,0.0143504,-0.178601,0.000581488,-0.000666796,0.00119821,6.47917,2,0,0,0,0,0,-1,1,-9.04572e-07,-3.41785e-06,-0.178829,0,7.02441,1,1010,1010,1010,1010,0,0,0,0,7.02845,56,0.000926475,-0.00964863,55,-0.000248386,-0.0039952,56,0.00224735,0.00105303,56,0.00540194,0.00310099,56,0.00149857,-0.00242825,56,0.00531689,-1.86839e-05,56,0.00427892,0.00232952,56,0.00335771,0.00436282,52,-0.00111941,-0.00255033
4418151673964,4418137351000,4418137351000,4418151666445,73729,14.3154,4418167424272,30.0733,0,4879,15296,0,0,1,0,0,0.011974,500,500,499,0.998,3.03753,4.88484,0.741191,0.372966,-0.0159912,0.0143738,-4.74374e-05,1.81706e-05,-0.000829321,-0.000896452,1,0.0015175,0.0039617,-0.0039617,0.0015175,1,1,-0.00403739,0.00140972,7.56916e-05,0.000107778,0,0,0,0,0,0,0,0,0,0,0,0,0,0,0,0,0,0,0,0,0,0,0,255,0.2,0.582357,0.2,-0.0225599,-0.195038,1,1,1,1,0,1,1,-0.119787,-3.2868,0.139666,-0.00210826,0.00375249,0.017593,23.0067,3998,1,367,70.3316,1000,0,0.000884653,0.0129779,0.0470918,0,0,0,1,499,0.205,-4.02065e-05,1.54359e-05,3.16436e-06,8.24233e-06,4.57696e-06,7.54875e-06,0.0668738,-0.0144777,-0.0102979,0.0143199,-0.178635,0.000502209,0.00044189,0.000153499,15.9944,1,0,0,0,0,0,-1,1,-9.04572e-07,-3.41785e-06,-0.178829,0,23.3099,1,1010,1010,1010,1010,0,0,0,0,23.3139,56,-0.00198782,0.00685981,55,-0.00874306,-0.00334382,56,-0.00331568,0.00479918,56,-0.0055629,0.00335996,56,0.00202062,0.00430846,56,-0.00264069,0.00486498,56,-0.00540384,-0.00101454,56,-0.000523537,-0.00302813,52,-0.00146233,0.00375357
4418167969795,4418157348000,4418157348000,4418167964240,73729,10.6162,4418181194321,23.8463,1,4880,15297,0,0,1,0,0,0.019997,500,500,500,1,3.05214,3.59618,0.685747,0.31767,0.00973511,-0.00590515,7.89941e-06,-3.93779e-05,0.000861094,0.00608446,1,-0.00196919,-0.00039503,0.00039503,-0.00196919,1,1,0.000236993,-0.00215657,0.000158037,0.000187376,0,0,0,0,0,0,0,0,0,0,0,0,0,0,0,0,0,0,0,0,0,0,0,255,0.2,6.7055,0.2,0.000206768,-0.000228529,1,1,1,1,1,1,1,-0.119787,-3.2868,0.139666,-0.00210826,0.00375249,0.017593,36.7776,3998,1,367,84.1024,1000,0,0.000884653,0.0129779,0.0470918,0,0,0,1,500,0.205,6.63804e-06,-3.33803e-05,-6.84297e-06,-1.3608e-06,-6.97498e-06,-1.23109e-07,0.0668668,-0.0144779,-0.0102877,0.0143034,-0.178667,0.000399107,0.000768243,-0.000199077,13.5246,1,0,0,0,0,0,-1,1,-9.04572e-07,-3.41785e-06,-0.178829,0,37.1316,1,1010,1010,1010,1010,0,0,0,0,37.1356,56,0.00486326,-0.0067717,56,-0.0027695,-0.00435508,56,-0.00309147,0.00358919,56,0.00222468,-0.000185986,56,0.00309332,-0.00303797,56,0.00290017,-0.00407363,56,0.00150463,0.00287671,56,0.000702246,-0.000816875,52,0.000935249,-0.00146886
4418181848679,4418165373000,4418165373000,4418181836808,73729,16.4638,4418194660553,29.2876,0,4880,15298,0,0,1,0,0,0.008025,500,500,500,1,2.7603,3.70696,0.842027,0.364077,-0.0061264,-0.00247955,-5.75574e-06,1.73975e-05,-0.0024084,-0.0104586,1,0.00216792,0.000717226,-0.000717226,0.00216792,1,1,-0.000639068,0.00220524,-7.81573e-05,-3.73287e-05,0,0,0,0,0,0,0,0,0,0,0,0,0,0,0,0,0,0,0,0,0,0,0,255,0.21,0.277577,0.21,-0.00157039,-0.000744593,1,1,1,1,0,1,1,-0.119787,-3.2868,0.139666,-0.00210826,0.00375249,0.017593,50.2413,3998,1,367,97.5662,1000,0,0.000884653,0.0129779,0.0470918,0,0,0,1,500,0.215,-4.88351e-06,1.47055e-05,3.16169e-06,1.04995e-06,3.2975e-06,4.71282e-07,0.0668701,-0.0144774,-0.0102724,0.014237,-0.178697,0.000229994,-0.000160513,0.000452856,13.1565,2,0,0,0,0,0,-1,1,-9.04572e-07,-3.41785e-06,-0.178926,0,0.266706,1,1010,1010,1010,1010,0,0,0,0,0.270614,56,-0.00924616,-0.00909238,56,-0.00131428,0.0123714,56,0.00190979,-0.00322051,56,-0.00123135,-0.00419749,56,-0.00668154,0.00210366,56,-0.00141874,0.00976812,56,0.00630446,0.00175416,56,0.00149779,-0.00241004,52,-0.00262547,-0.00225379
4418195173965,4418185367000,4418185367000,4418195168317,73729,9.80132,4418207979468,22.6125,1,4881,15299,0,0,1,0,0,0.019994,500,500,500,1,2.77728,3.88116,0.664488,0.310132,-0.0146179,-0.0514069,-1.40019e-05,-9.76511e-05,-0.00231417,0.00172816,1,-0.00488402,0.000700303,-0.000700303,-0.00488402,1,1,-0.000371218,-0.0045729,-0.000329086,-0.000311117,0,0,0,0,0,0,0,0,0,0,0,0,0,0,0,0,0,0,0,0,0,0,0,255,0.21,3.45809,0.21,0.0184589,0.216645,1,1,1,1,0,1,1,-0.119469,-3.28695,0.139162,-0.0010596,0.0032853,0.0181707,13.416,3999,1,367,110.992,1000,0,0.000884653,0.0129779,0.0470918,0,0,0,1,500,0.215,-1.18665e-05,-8.27514e-05,-1.77916e-05,2.55129e-06,-1.70534e-05,5.67273e-06,0.0668531,-0.0144717,-0.0102502,0.0142174,-0.1787,0.000915744,-0.00133781,0.00186465,13.0785,1,0,0,0,0,0,-1,1,-9.04572e-07,-3.41785e-06,-0.178926,0,13.697,1,1010,1010,1010,1010,0,0,0,0,13.7009,56,-0.0052691,0.00148418,56,0.00296792,-0.00452465,56,-0.00159184,-0.00420871,56,-0.0032325,-0.00735846,56,-0.000619248,-0.00322182,56,-0.000752282,-0.00682426,56,-0.00257192,-0.00691343,56,-0.0021491,-0.00441627,52,0.00138018,-0.00530954
4418208646215,4418197351000,4418197351000,4418208636048,73729,11.285,4418222684100,25.3331,0,4881,15300,0,0,1,0,0,0.011984,500,500,481,0.962,2.76664,3.5754,0.641135,0.335003,-0.013855,-0.0148315,-3.10553e-05,-3.33473e-05,0.000187931,0.00497945,1,-0.00278265,0.00259139,-0.00259139,-0.00278265,1,1,-0.00248531,-0.00266879,-0.000106083,-0.000113866,0,0,0,0,0,0,0,0,0,0,0,0,0,0,0,0,0,0,0,0,0,0,0,255,0.21,5.94265,0.21,-0.00258423,-0.000334927,1,1,1,1,0,1,1,-0.119469,-3.28695,0.139162,-0.0010596,0.0032853,0.0181707,28.0165,3999,1,367,125.593,1000,0,0.000884653,0.0129779,0.0470918,0,0,0,1,481,0.215,-2.63077e-05,-2.82547e-05,-6.07475e-06,5.65615e-06,-4.97279e-06,6.64569e-06,0.0668481,-0.0144651,-0.0102401,0.0142061,-0.178715,0.00142149,-0.000489624,0.00150211,14.3549,1,0,0,0,0,0,-1,1,-9.04572e-07,-3.41785e-06,-0.178926,0,28.291,1,1010,1010,1010,1010,0,0,0,0,28.2949,56,-0.00144245,-0.00724534,56,-0.00759871,-0.00428944,48,-0.00278792,-0.000623365,56,0.000545541,-0.00246605,56,-0.00344048,-0.00864651,56,-0.00448399,-0.00124127,45,-0.00183202,-0.00216182,56,-0.00160466,0.000270524,52,-0.00339385,-0.0048655
4418223270217,4418217354000,4418217354000,4418223265772,73729,5.91177,4418236090943,18.7369,1,4882,15301,0,0,1,0,0,0.020003,500,500,493,0.986,2.73665,3.96792,0.834526,0.333114,0.0380249,0.0163879,8.23441e-05,-1.4317e-05,0.00499095,0.00273722,1,-0.000715744,-0.00411659,0.00411659,-0.000715744,1,1,0.00416909,-0.000724698,-5.25011e-05,8.95485e-06,0,0,0,0,0,0,0,0,0,0,0,0,0,0,0,0,0,0,0,0,0,0,0,255,0.21,1.05227,0.21,0.00163534,0.00105647,1,1,1,1,1,1,1,-0.119469,-3.28695,0.139162,-0.0010596,0.0032853,0.0181707,41.4244,3999,1,367,139,1000,0,0.000884653,0.0129779,0.0470918,0,0,0,1,493,0.215,6.97408e-05,-1.20914e-05,-2.59965e-06,-1.49943e-05,-5.222e-06,-1.42927e-05,0.0668429,-0.0144794,-0.01023,0.014201,-0.178774,0.000631461,3.85058e-05,0.000685772,6.96728,3,0,0,0,0,0,-1,1,-9.04572e-07,-3.41785e-06,-0.178926,0,41.6934,1,1010,1010,1010,1010,0,0,0,0,41.6973,49,0.00453165,-0.00416675,56,0.00612163,-0.00966123,56,-0.000531787,0.00340496,56,0.00456721,0.00371388,56,0.00408877,0.00209324,56,0.00483793,0.00146704,56,0.00397388,0.00536052,56,0.00606827,-0.00125611,52,0.00465065,-0.00209905
4418236651781,4418225371000,4418225371000,4418236640355,73729,11.2694,4418249636545,24.2655,0,4882,15302,0,0,1,0,0,0.008017,500,500,500,1,2.99654,4.40265,0.762192,0.316614,-0.00241852,0.0017395,2.12757e-05,9.81272e-08,0.0130732,-0.00276482,1,1.22399e-05,-0.00265382,0.00265382,1.22399e-05,1,1,0.00276125,3.87876e-05,-0.000107427,-2.65477e-05,0,0,0,0,0,0,0,0,0,0,0,0,0,0,0,0,0,0,0,0,0,0,0,255,0.21,4.28213,0.21,-0.00109825,-0.000579914,1,1,1,1,0,1,1,-0.119119,-3.28711,0.138822,0.000693631,0.00297574,0.0184436,0.929064,4000,1,367,152.541,1000,0,0.000884653,0.0129779,0.0470918,0,0,0,1,500,0.215,1.7982e-05,1.02118e-07,2.19553e-08,-3.86613e-06,-6.65396e-07,-3.8083e-06,0.0668422,-0.0144832,-0.0102215,0.0142045,-0.1788,0.000902866,-0.000114155,0.00109184,0.521912,1,0,0,0,0,0,-1,1,-9.04572e-07,-3.41785e-06,-0.179026,0,1.27099,1,1010,1010,1010,1010,0,0,0,0,1.27521,56,0.00209781,-0.00288174,56,0.0140715,0.00961034,56,0.00428,-0.0068355,56,-0.0102859,-0.00255966,56,-0.00345963,0.0101778,56,0.00176744,-0.0101236,56,-0.000945314,0.0024079,56,0.00399399,0.00443291,52,-0.00662381,-0.00123216
4418250270718,4418233383000,4418233383000,4418250262903,73729,16.8799,4418265459946,32.0769,0,4882,15303,0,0,1,0,0,0.008012,500,500,500,1,2.90765,3.98848,0.790544,0.3678,0.0154419,0.0163116,2.44306e-05,3.02015e-05,-0.0158633,0.00347009,1,0.00376953,-0.00304925,0.00304925,0.00376953,1,1,0.00313589,0.00383814,-8.66323e-05,-6.86043e-05,0,0,0,0,0,0,0,0,0,0,0,0,0,0,0,0,0,0,0,0,0,0,0,255,0.21,7.63716,0.21,0.00380643,0.00339684,1,1,1,1,0,1,1,-0.119119,-3.28711,0.138822,0.000693631,0.00297574,0.0184436,16.7522,4000,1,367,168.364,1000,0,0.000884653,0.0129779,0.0470918,0,0,0,1,500,0.215,2.07547e-05,2.55718e-05,5.49794e-06,-4.46226e-06,4.61672e-06,-5.36879e-06,0.0668468,-0.0144885,-0.0102201,0.0142088,-0.178818,0.00100266,-0.000294998,0.00110015,15.5305,1,0,0,0,0,0,-1,1,-9.04572e-07,-3.41785e-06,-0.179026,0,17.0189,1,1010,1010,1010,1010,0,0,0,0,17.0231,56,0.00504296,-0.00177599,56,-0.00475471,0.00280185,56,0.00434971,0.00263638,56,-0.00100314,0.00604345,56,0.00245881,-0.000747424,56,-0.000995798,0.00832196,56,0.000702039,0.010933,56,0.00376548,-0.00111924,52,0.0107077,0.0100805
4418265959210,4418253398000,4418253398000,4418265954358,73729,12.5564,4418279155254,25.7573,1,4883,15304,0,0,1,0,0,0.020015,500,500,500,1,2.92351,3.70996,0.658691,0.318633,-0.00219727,0.00511169,-3.34078e-06,-1.27946e-05,0.00206937,0.0043688,1,-0.000639252,0.000166914,-0.000166914,-0.000639252,1,1,-0.000100582,-0.000598365,-6.6332e-05,-4.0887e-05,0,0,0,0,0,0,0,0,0,0,0,0,0,0,0,0,0,0,0,0,0,0,0,255,0.21,3.0971,0.21,-0.00116362,0.000207977,1,1,1,1,0,1,1,-0.119119,-3.28711,0.138822,0.000693631,0.00297574,0.0184436,30.4497,4000,1,367,182.061,1000,0,0.000884653,0.0129779,0.0470918,0,0,0,1,500,0.215,-2.89174e-06,-1.08586e-05,-2.3346e-06,6.21723e-07,-2.18662e-06,1.02706e-06,0.0668447,-0.0144875,-0.0102261,0.0142124,-0.178848,0.000385987,-0.000175814,0.000536971,13.4252,1,0,0,0,0,0,-1,1,-9.04572e-07,-3.41785e-06,-0.179026,0,30.7619,1,1010,1010,1010,1010,0,0,0,0,30.7662,56,-0.00306215,0.000595728,56,0.00238206,-0.00117921,56,-0.000281616,0.00174773,56,-0.0017206,-0.00206396,56,0.00246688,0.000346007,56,-0.00105915,0.00175264,56,5.17244e-05,-0.001317,56,0.00317565,-0.00114777,52,-0.00181613,-0.00127792
4418279745482,4418265368000,4418265368000,4418279737482,73729,14.3695,4418295133435,29.7654,0,4883,15305,0,0,1,0,0,0.01197,500,500,500,1,2.75652,3.83648,0.633598,0.382836,0.0117035,0.0198975,2.07751e-05,5.39793e-05,0.00715973,-0.0083658,1,0.00450955,-0.0017356,0.0017356,0.00450955,1,1,0.00170741,0.00442817,2.81853e-05,8.13786e-05,0,0,0,0,0,0,0,0,0,0,0,0,0,0,0,0,0,0,0,0,0,0,0,255,0.21,6.31406,0.21,6.31891e-05,0.00282474,1,1,1,1,1,1,1,-0.118754,-3.28725,0.138285,0.00109853,0.0030715,0.0184587,0.929397,4001,1,367,198.034,1000,0,0.000884653,0.0129779,0.0470918,0,0,0,1,500,0.215,1.76298e-05,4.57479e-05,9.83581e-06,-3.7904e-06,9.00394e-06,-5.47987e-06,0.0668537,-0.014493,-0.0102199,0.0142516,-0.178898,0.000605809,0.000349928,0.00038769,0.704395,3,0,0,0,0,0,-1,1,-9.04572e-07,-3.41785e-06,-0.179124,0,1.23618,1,1010,1010,1010,1010,0,0,0,0,1.24009,56,0.00420202,0.0058912,56,-0.00230125,0.0153206,56,0.00397199,0.00220898,56,0.00634583,0.00524048,56,0.00368825,0.000982837,56,0.00671304,0.00219987,56,-0.00142425,0.00176251,56,0.00297676,0.00230979,52,0.00357587,0.00456355
4418295738088,4418285366000,4418285366000,4418295732903,73729,10.3669,4418308322145,22.9561,1,4884,15306,0,0,1,0,0,0.019998,500,500,491,0.982,2.85179,3.68464,0.692339,0.32804,-0.0287476,-0.00439453,-5.04646e-05,-2.00552e-05,-0.0039311,0.00446225,1,-0.00100286,0.00252348,-0.00252348,-0.00100286,1,1,-0.00243401,-0.000997077,-8.94682e-05,-5.78584e-06,0,0,0,0,0,0,0,0,0,0,0,0,0,0,0,0,0,0,0,0,0,0,0,255,0.21,2.4175,0.21,-0.00229143,-0.000359409,1,1,1,1,0,1,1,-0.118754,-3.28725,0.138285,0.00109853,0.0030715,0.0184587,14.1258,4001,1,367,211.231,1000,0,0.000884653,0.0129779,0.0470918,0,0,0,1,491,0.215,-4.27488e-05,-1.701e-05,-3.65714e-06,9.191e-06,-1.96431e-06,9.69478e-06,0.0668517,-0.0144833,-0.0102199,0.0142516,-0.178898,0.000881277,-2.48791e-05,0.00101279,13.8442,0,0,0,0,0,0,-1,1,-9.04572e-07,-3.41785e-06,-0.179124,0,14.4377,1,1010,1010,1010,1010,0,0,0,0,14.4416,56,-0.00350092,-0.0026662,56,-0.00884625,-0.00679515,47,-0.00262008,-0.000992584,56,0.00295304,0.00243242,56,-0.00266338,-0.00257031,56,-0.00688647,0.00196023,56,-0.00252689,-0.0033482,56,-0.00060027,0.00214489,52,-0.00508454,0.000356747
4418308899817,4418293380000,4418293380000,4418308889836,73729,15.5098,4418321116760,27.7368,0,4884,15307,0,0,1,0,0,0.008014,500,500,500,1,2.72226,3.54272,0.624839,0.315207,0.0032196,-0.00674438,4.25339e-06,-1.45746e-05,-0.00674601,0.00256614,1,-0.00181864,-0.000530745,0.000530745,-0.00181864,1,1,0.000623264,-0.00172681,-9.25191e-05,-9.18367e-05,0,0,0,0,0,0,0,0,0,0,0,0,0,0,0,0,0,0,0,0,0,0,0,255,0.21,5.37808,0.21,0.000257512,-0.0021481,1,1,1,1,0,1,1,-0.118754,-3.28725,0.138285,0.00109853,0.0030715,0.0184587,26.9204,4001,1,367,12.7823,1001,0,0.000884653,0.0122473,0.0471396,0,0,0,1,500,0.215,3.55206e-06,-1.24168e-05,-2.66961e-06,-7.63692e-07,-2.76252e-06,-2.76475e-07,0.0668489,-0.0144836,-0.0102132,0.014254,-0.178903,0.00134722,-0.000394898,0.00139604,12.5479,1,0,0,0,0,0,-1,1,-9.04572e-07,-3.41785e-06,-0.179124,0,27.2449,1,1010,1010,1010,1010,0,0,0,0,27.2488,56,-0.0157855,-0.0067397,56,0.0165981,0.0117825,56,0.00192349,0.00266179,56,-0.000261635,-0.00241816,56,-0.00200966,-0.0041037,56,0.00244441,-0.00372503,56,0.00280798,-0.0056613,56,-0.00501433,-0.00494073,52,0.00153974,-0.00350275
4418321690450,4418313387000,4418313387000,4418321684043,73729,8.29704,4418334993570,21.6066,1,4885,15308,0,0,1,0,0,0.020007,500,500,500,1,2.70576,3.63681,0.741303,0.362892,-0.00662231,-0.0498123,-2.16938e-05,-9.83537e-05,0.00015506,0.00116506,1,-0.00491596,0.00108431,-0.00108431,-0.00491596,1,1,-0.00115769,-0.00464611,7.33794e-05,-0.000269849,0,0,0,0,0,0,0,0,0,0,0,0,0,0,0,0,0,0,0,0,0,0,0,255,0.21,7.82238,0.21,-0.00198711,-0.00352142,1,1,1,1,0,1,1,-0.118754,-3.28725,0.138285,0.00109853,0.0030715,0.0184587,40.7974,4001,1,367,26.6594,1001,0,0.000884653,0.0122473,0.0471396,0,0,0,1,500,0.215,-1.83916e-05,-8.33924e-05,-1.79294e-05,3.95419e-06,-1.69381e-05,7.08191e-06,0.066832,-0.0144765,-0.0102022,0.0142576,-0.178946,0.00151338,-0.00116035,0.000958281,13.606,2,0,0,0,0,0,-1,1,-9.04572e-07,-3.41785e-06,-0.179124,0,41.0723,1,1010,1010,1010,1010,0,0,0,0,41.0762,56,-0.00271076,-0.0072208,56,-0.000649436,-0.00105329,56,0.0020871,-0.00533156,56,0.000793208,-0.00321653,56,0.000445694,-0.00183544,56,0.00114874,-0.0059487,56,-0.00151895,-0.00540151,56,-0.0016484,-0.00744117,52,-0.00349241,-0.0052322
4418335507019,4418325366000,4418325366000,4418335497389,73729,10.1314,4418350371874,25.0059,0,4885,15309,0,0,1,0,0,0.011979,500,500,500,1,2.81339,4.04104,0.686006,0.406152,-0.0170822,0.00730133,-1.02447e-05,4.08747e-06,0.000247944,0.00017461,1,0.00034122,0.000855226,-0.000855226,0.00034122,1,1,-0.00106003,0.00023401,0.000204803,0.000107209,0,0,0,0,0,0,0,0,0,0,0,0,0,0,0,0,0,0,0,0,0,0,0,255,0.2,1.53726,0.2,-0.00959531,-0.0529729,1,1,1,1,1,1,1,-0.11841,-3.28739,0.137797,0.00281467,0.00284918,0.0183376,1.78739,4002,1,367,42.0312,1001,0,0.000884653,0.0122473,0.0471396,0,0,0,1,500,0.205,-8.68344e-06,3.47798e-06,7.12986e-07,1.7801e-06,1.01821e-06,1.62467e-06,0.066833,-0.0144749,-0.0102166,0.0142963,-0.179014,0.000208112,0.000439557,-0.000505263,1.50194,2,0,0,0,0,0,-1,1,-9.04572e-07,-3.41785e-06,-0.17924,0,2.07748,1,1010,1010,1010,1010,0,0,0,0,2.08208,56,0.00126102,0.00223728,56,-0.00277719,0.00166905,56,-0.00297919,-0.000724686,56,-0.00344812,0.00652113,56,-0.00242422,-0.00269425,56,-0.00608639,-0.00272306,56,-0.00542279,-0.00058394,56,-0.000506083,0.00350069,52,0.000312214,0.00138535
4418350933138,4418333386000,4418333386000,4418350922490,73729,17.5365,4418363426139,30.0401,0,4885,15310,0,0,1,0,0,0.00802,500,500,500,1,2.89806,4.05478,0.59919,0.359633,0.00772095,0.0264282,9.77641e-06,4.59949e-05,-0.00302302,0.00412148,1,0.00573503,-0.001219,0.001219,0.00573503,1,1,0.00131691,0.00566847,-9.79026e-05,6.65635e-05,0,0,0,0,0,0,0,0,0,0,0,0,0,0,0,0,0,0,0,0,0,0,0,255,0.2,6.79321,0.2,-0.0503562,-0.416167,1,1,1,1,0,1,1,-0.11841,-3.28739,0.137797,0.00281467,0.00284918,0.0183376,14.8431,4002,1,367,55.0868,1001,0,0.000884653,0.0122473,0.0471396,0,0,0,1,500,0.205,8.28689e-06,3.89572e-05,7.98622e-06,-1.69881e-06,7.55555e-06,-3.09355e-06,0.0668406,-0.014478,-0.0102061,0.0143044,-0.179021,0.00086799,0.00027291,0.00101551,12.819,1,0,0,0,0,0,-1,1,-9.04572e-07,-3.41785e-06,-0.17924,0,15.1112,1,1010,1010,1010,1010,0,0,0,0,15.1158,56,-0.00351131,0.00782042,56,-0.000543336,-0.00147984,56,0.00136994,0.00682896,56,-0.00351308,-0.00543019,56,-0.00400832,0.0105099,56,0.00390315,0.0116459,56,0.0146679,0.0136851,56,0.00281795,0.00332805,52,-1.39039e-05,0.00031419
4418363933884,4418353403000,4418353403000,4418363929255,73729,10.5263,4418376810074,23.4071,1,4886,15311,0,0,1,0,0,0.020017,500,500,493,0.986,2.70532,3.93244,0.631172,0.311151,0.000457764,0.0420837,-5.04353e-06,7.61745e-05,-0.00328726,-0.00169177,1,0.00380549,0.000251962,-0.000251962,0.00380549,1,1,0.000220699,0.00384071,-0.000472662,-3.5225e-05,0,0,0,0,0,0,0,0,0,0,0,0,0,0,0,0,0,0,0,0,0,0,0,255,0.21,-0.529005,0.21,0.0247435,0.192113,1,1,1,1,0,1,1,-0.11841,-3.28739,0.137797,0.00281467,0.00284918,0.0183376,28.2336,4002,1,367,68.4773,1001,0,0.000884653,0.0122473,0.0471396,0,0,0,1,493,0.215,-4.28146e-06,6.45539e-05,1.38791e-05,9.20514e-07,1.38197e-05,-1.56534e-06,0.0668544,-0.0144795,-0.0101979,0.0143136,-0.179019,0.00129739,-0.000151468,0.00266387,13.129,1,0,0,0,0,0,-1,1,-9.04572e-07,-3.41785e-06,-0.17924,0,28.5307,1,1010,1010,1010,1010,0,0,0,0,28.5353,56,-0.00234386,0.00362308,56,0.00157452,0.00296362,54,-0.000911077,0.00306601,56,0.00153186,0.0107042,56,0.00225933,0.00483304,56,-0.00163635,0.00115475,51,-0.00415389,0.00201166,56,-0.00135102,0.00512526,52,3.02253e-05,0.00603033
4418377401635,4418365367000,4418365367000,4418377338190,73729,11.9712,4418391917691,26.5507,0,4886,15312,0,0,1,0,0,0.011964,500,500,500,1,2.98386,3.55785,0.728247,0.315336,-0.00206757,-0.00131226,-1.6835e-05,-3.24108e-06,-0.00559007,-0.00610071,1,-0.000270903,0.00140713,-0.00140713,-0.000270903,1,1,-0.00107377,-6.97048e-05,-0.000333367,-0.000201198,0,0,0,0,0,0,0,0,0,0,0,0,0,0,0,0,0,0,0,0,0,0,0,255,0.21,2.79165,0.21,0.00190697,0.0311042,1,1,1,1,0,1,1,-0.11841,-3.28739,0.137797,0.00281467,0.00284918,0.0183376,43.3403,4002,1,367,83.584,1001,0,0.000884653,0.0122473,0.0471396,0,0,0,1,500,0.215,-1.42395e-05,-2.72452e-06,-5.85772e-07,3.06148e-06,-3.16465e-08,3.11677e-06,0.0668544,-0.0144764,-0.0101897,0.0143068,-0.179029,0.00156583,-0.00086515,0.00239945,14.8227,1,0,0,0,0,0,-1,1,-9.04572e-07,-3.41785e-06,-0.17924,0,43.6622,1,1010,1010,1010,1010,0,0,0,0,0.278595,56,-0.000982744,0.00137067,56,-0.00717244,0.00106218,56,-0.00014162,0.00551946,56,0.00253104,-0.00833069,56,-0.00219342,0.000668742,56,0.00252637,-0.000457477,56,-0.000709438,0.00356233,56,-0.00250024,-0.000636111,52,-0.00015481,0.00421271
4418392477825,4418373388000,4418373388000,4418392466659,73729,19.0787,4418404640471,31.2525,0,4886,15313,0,0,1,0,0,0.008021,500,500,500,1,2.88464,3.6077,0.700784,0.379596,0.0134735,-0.0143433,7.78196e-06,-1.80096e-05,-0.00366448,0.00134211,1,-0.00224531,-0.000970199,0.000970199,-0.00224531,1,1,0.000931908,-0.00208377,3.82902e-05,-0.000161543,0,0,0,0,0,0,0,0,0,0,0,0,0,0,0,0,0,0,0,0,0,0,0,255,0.21,7.66457,0.21,0.000175227,-0.00174666,1,1,1,1,1,1,1,-0.118116,-3.28749,0.137363,0.00293975,0.00298305,0.0183827,12.6725,4003,1,367,96.304,1001,0,0.000884653,0.0122473,0.0471396,0,0,0,1,500,0.215,6.62886e-06,-1.52937e-05,-3.28814e-06,-1.42521e-06,-3.48886e-06,-8.16784e-07,0.0668509,-0.0144772,-0.0101946,0.0143211,-0.179067,0.000960976,-0.000694633,0.000637063,12.4798,1,0,0,0,0,0,-1,1,-9.04573e-07,-3.41785e-06,-0.179343,0,11.3562,1,1010,1010,1010,1010,0,0,0,0,12.9662,56,0.00551995,-0.00771551,56,0.00557683,-0.00263364,56,0.00417608,-0.0085825,56,-0.00772723,-0.0083457,56,0.00419559,-0.0030839,56,0.00578519,-0.00378162,56,0.0159333,-0.000748855,56,-0.00714221,-0.00259127,52,-0.00118638,0.00466764
4418405254755,4418393383000,4418393383000,4418405248532,73729,11.8655,4418418534411,25.1514,1,4887,15314,0,0,1,0,0,0.019995,500,500,500,1,2.7616,3.89222,0.679284,0.317003,0.0143738,-0.0107574,4.13324e-05,-1.02456e-05,0.00667651,-0.0031879,1,-0.000512406,-0.00206714,0.00206714,-0.000512406,1,1,0.00135078,-0.000593972,0.000716358,8.15657e-05,0,0,0,0,0,0,0,0,0,0,0,0,0,0,0,0,0,0,0,0,0,0,0,255,0.2,0.146039,0.2,-0.000279451,0.000108432,1,1,1,1,0,1,1,-0.118116,-3.28749,0.137363,0.00293975,0.00298305,0.0183827,26.5885,4003,1,367,110.22,1001,0,0.000884653,0.0122473,0.0471396,0,0,0,1,500,0.205,3.5041e-05,-8.60524e-06,-1.76407e-06,-7.1834e-06,-3.01467e-06,-6.7539e-06,0.0668479,-0.014484,-0.0102113,0.0143654,-0.179161,0.000200984,0.000334419,-0.00218887,13.6255,2,0,0,0,0,0,-1,1,-9.04573e-07,-3.41785e-06,-0.179343,0,25.3037,1,1010,1010,1010,1010,0,0,0,0,26.9137,56,0.00256496,0.00338212,56,0.00488926,-0.00250734,56,0.00338451,0.00148099,56,0.00407421,4.93955e-05,56,1.40724e-06,-0.00331219,56,0.000837003,-0.00106102,56,-0.00240954,-0.00191821,56,0.0059931,0.00269676,52,0.00194552,-0.00232146
4418419163379,4418405364000,4418405364000,4418419110879,73729,13.7469,4418435170504,29.8065,0,4887,15315,0,0,1,0,0,0.011981,500,500,500,1,2.89901,3.52838,0.700507,0.318688,-0.00587463,0.0114517,-1.65615e-05,1.37883e-05,-0.00165756,0.00400609,1,0.00115085,0.00138231,-0.00138231,0.00115085,1,1,-0.0018362,0.000832324,0.000453887,0.000318526,0,0,0,0,0,0,0,0,0,0,0,0,0,0,0,0,0,0,0,0,0,0,0,255,0.2,3.88913,0.2,-0.0424139,-0.35284,1,1,1,1,0,1,1,-0.118116,-3.28749,0.137363,0.00293975,0.00298305,0.0183827,43.2037,4003,1,367,126.835,1001,0,0.000884653,0.0122473,0.0471396,0,0,0,1,500,0.205,-1.40557e-05,1.16426e-05,2.38673e-06,2.88142e-06,2.86136e-06,2.4099e-06,0.0668507,-0.0144816,-0.0102122,0.0143958,-0.179177,-0.000163209,0.00130596,-0.00161932,16.3709,1,0,0,0,0,0,-1,1,-9.04573e-07,-3.41785e-06,-0.179343,0,41.8634,1,1010,1010,1010,1010,0,0,0,0,43.4735,56,0.0013137,-0.00729696,56,0.00368897,0.0138101,56,0.00119977,0.00204247,56,-0.00382894,0.00226068,56,-0.00246956,0.00397018,56,-0.00158943,-0.000905722,56,0.00229715,0.00333652,56,-0.00313215,-0.00221851,52,-0.00291077,0.00419827
4418435695083,4418425365000,4418425365000,4418435690231,73729,10.3252,4418449138722,23.7737,1,4888,15316,0,0,1,0,0,0.020001,500,500,499,0.998,2.81749,3.92791,0.795544,0.366521,0.00161743,0.0125427,5.5352e-06,3.25265e-05,-0.000736241,-0.00112391,1,0.00162625,-0.000276746,0.000276746,0.00162625,1,1,0.000434497,0.00160729,-0.000157751,1.89552e-05,0,0,0,0,0,0,0,0,0,0,0,0,0,0,0,0,0,0,0,0,0,0,0,255,0.21,0.125279,0.21,0.0207733,0.223397,1,1,1,1,0,1,1,-0.118116,-3.28749,0.137363,0.00293975,0.00298305,0.0183827,57.2405,4003,1,367,140.872,1001,0,0.000884653,0.0122473,0.0471396,0,0,0,1,499,0.215,4.71496e-06,2.75392e-05,5.92093e-06,-1.01372e-06,5.645e-06,-2.05265e-06,0.0668564,-0.0144836,-0.0101987,0.0144069,-0.17919,0.000959298,8.15074e-05,0.0013101,13.593,2,0,0,0,0,0,-1,1,-9.04572e-07,-3.41785e-06,-0.17942,0,0.428041,1,1010,1010,1010,1010,0,0,0,0,0.431985,56,-0.000133158,0.00433528,56,-0.000299274,0.000741122,56,0.00214708,-0.00122654,56,-0.000211066,0.00123428,55,0.000831065,0.00155015,56,-0.00117426,0.00282255,56,0.000494294,0.000680091,56,-0.00556227,0.00260508,52,0.00321006,-6.98564e-05
4418450018841,4418441401000,4418441401000,4418450010489,73729,8.60949,4418466441636,25.0406,1,4889,15317,0,0,1,0,0,0.016036,500,500,490,0.98,3.07429,6.2583,0.668117,0.398041,-0.0085907,-0.0863495,-9.75293e-06,-0.000160926,-0.0011299,5.6041e-05,1,-0.0100353,0.00060819,-0.00060819,-0.0100353,1,1,-0.000203141,-0.00950139,-0.000405048,-0.000533898,0,0,0,0,0,0,0,0,0,0,0,0,0,0,0,0,0,0,0,0,0,0,0,255,0.2,4.27439,0.2,-0.00609918,-0.16399,1,1,1,1,1,1,1,-0.117929,-3.28755,0.13694,0.0025943,0.00312288,0.0187287,17.3035,4004,1,367,158.2,1001,0,0.000884653,0.0122473,0.0471396,0,0,0,1,490,0.205,-8.28321e-06,-0.000136356,-2.7953e-05,1.69806e-06,-2.72e-05,6.65322e-06,0.0668292,-0.014477,-0.0101791,0.0143961,-0.179219,0.0016532,-0.00218898,0.00265112,14.0911,2,0,0,0,0,0,-1,1,-9.04572e-07,-3.41785e-06,-0.17942,0,17.5782,1,1010,1010,1010,1010,0,0,0,0,17.5821,56,-0.00607409,-0.00847443,56,0.00324354,-0.00554262,46,0.000653018,-0.00789784,56,-0.000457962,-0.0133432,56,0.00180798,-0.0101564,56,-0.00134206,-0.0153607,56,-0.00169066,-0.0113785,56,0.00375894,-0.0108388,52,-0.00659442,-0.00820875
4418467090364,4418453381000,4418453381000,4418467079068,73729,13.6981,4418481419530,28.0385,0,4889,15318,0,0,1,0,0,0.01198,500,500,500,1,3.49146,4.47521,0.746266,0.349596,-0.00885773,-0.0147552,-3.33676e-07,-4.91408e-06,-0.00138703,-0.00287986,1,-0.000410191,2.78527e-05,-2.78527e-05,-0.000410191,1,1,-0.000362962,-0.000499607,0.000335109,8.94167e-05,0,0,0,0,0,0,0,0,0,0,0,0,0,0,0,0,0,0,0,0,0,0,0,255,0.2,1.02186,0.2,0.00958738,0.120513,1,1,1,1,0,1,1,-0.117929,-3.28755,0.13694,0.0025943,0.00312288,0.0187287,32.2564,4004,1,367,173.153,1001,0,0.000884653,0.0122473,0.0471396,0,0,0,1,500,0.205,-3.3212e-07,-4.20721e-06,-8.62477e-07,6.80845e-08,-8.36437e-07,2.20767e-07,0.0668283,-0.0144768,-0.0101902,0.0144344,-0.179272,0.00089294,0.000366609,-0.000384805,14.4963,1,0,0,0,0,0,-1,1,-9.04572e-07,-3.41785e-06,-0.17942,0,32.5382,1,1010,1010,1010,1010,0,0,0,0,32.5422,56,-0.00691321,-0.00187475,56,0.0125729,0.00373516,56,-0.00444624,-0.00261401,56,-0.0104867,-0.0021843,56,0.00266485,0.00389023,56,-0.00697193,-0.00429657,56,-0.00296139,-0.00321287,56,8.12595e-05,-0.00163265,52,0.00166401,-0.00313422
4418482053221,4418473383000,4418473383000,4418482047628,73729,8.66463,4418498792130,25.4091,1,4890,15319,0,0,1,0,0,0.020002,500,500,500,1,2.77349,5.31555,0.866841,0.547987,-0.010437,0.102074,-3.25751e-05,0.00020492,0.000626295,-0.00311035,1,0.010245,0.00162859,-0.00162859,0.010245,1,1,-0.00184244,0.00961915,0.000213848,0.00062582,0,0,0,0,0,0,0,0,0,0,0,0,0,0,0,0,0,0,0,0,0,0,0,255,0.21,5.82126,0.21,-0.00421171,0.00135883,1,1,1,1,0,1,1,-0.117929,-3.28755,0.13694,0.0025943,0.00312288,0.0187287,49.6337,4004,1,367,190.53,1001,0,0.000884653,0.0122473,0.0471396,0,0,0,1,500,0.215,-2.75759e-05,0.000173683,3.73418e-05,5.92881e-06,3.77957e-05,-8.2599e-07,0.0668661,-0.0144776,-0.0102012,0.0145034,-0.179319,-0.000421807,0.00269103,-0.00107308,17.0309,2,0,0,0,0,0,-1,1,-9.04572e-07,-3.41785e-06,-0.179541,0,0.369077,1,1010,1010,1010,1010,0,0,0,0,0.372466,56,0.00318418,0.0119253,56,-0.0029047,0.0145831,56,-0.000208823,0.0116206,56,-0.000260259,0.0106777,56,-0.00450256,0.00635492,56,0.00214769,0.00881238,56,-0.00403178,0.0102804,56,-0.0016878,0.00945451,52,-0.00244847,0.0116852
4418499574933,4418481394000,4418481394000,4418499565637,73729,18.1716,4418513813190,32.4192,0,4890,15320,0,0,1,0,0,0.008011,500,500,500,1,2.93332,4.54232,1.24018,0.4203,-0.00471497,0.032547,-3.67283e-06,6.82155e-05,-0.00277436,-0.0110809,1,0.00851522,0.000458473,-0.000458473,0.00851522,1,1,-0.000197038,0.0083303,-0.000261435,0.00018492,0,0,0,0,0,0,0,0,0,0,0,0,0,0,0,0,0,0,0,0,0,0,0,255,0.21,3.04675,0.21,0.0142862,0.151957,1,1,1,1,0,1,1,-0.117804,-3.28757,0.136695,0.00251805,0.00308455,0.0185549,15.005,4005,1,367,14.9759,1002,0,0.000884653,0.0119787,0.0472866,0,0,0,1,500,0.215,-3.06648e-06,5.7843e-05,1.24363e-05,6.59292e-07,1.2353e-05,-1.56914e-06,0.0668785,-0.0144791,-0.0101902,0.0145009,-0.179316,0.00116826,0.000795156,0.00183395,14.6975,1,0,0,0,0,0,-1,1,-9.04572e-07,-3.41785e-06,-0.179541,0,15.2849,1,1010,1010,1010,1010,0,0,0,0,15.2883,56,-0.00431951,0.0264241,56,-0.0186243,-0.00253839,56,0.00609977,0.0125904,56,0.00722757,0.00473616,56,-0.00214382,0.0117006,56,0.00294262,0.0113644,56,-0.000773214,4.03537e-05,56,0.00375111,0.0148173,52,-0.000583636,0.00807615
4418514402159,4418501396000,4418501396000,4418514396640,73729,13.0006,4418529148031,27.752,1,4891,15321,0,0,1,0,0,0.020002,500,500,500,1,2.77386,5.10649,0.603264,0.344614,0.0103683,-0.0634613,4.19428e-06,-0.000101865,-0.00765247,-0.000512447,1,-0.00509273,-0.000209693,0.000209693,-0.00509273,1,1,0.000154174,-0.0045687,5.5519e-05,-0.000524029,0,0,0,0,0,0,0,0,0,0,0,0,0,0,0,0,0,0,0,0,0,0,0,255,0.2,7.4276,0.2,-0.00902375,-0.103425,1,1,1,1,1,1,1,-0.117804,-3.28757,0.136695,0.00251805,0.00308455,0.0185549,30.334,4005,1,367,30.3049,1002,0,0.000884653,0.0119787,0.0472866,0,0,0,1,500,0.205,3.62212e-06,-8.63088e-05,-1.76933e-05,-7.42535e-07,-1.754e-05,2.42541e-06,0.0668609,-0.0144767,-0.0101793,0.0145201,-0.179352,0.00196637,-0.00214852,0.00139099,14.7755,2,0,0,0,0,0,-1,1,-9.04572e-07,-3.41785e-06,-0.179541,0,30.769,1,1010,1010,1010,1010,0,0,0,0,30.7724,56,0.000315158,-0.00632092,56,0.00326369,-0.00561558,56,-0.00142507,-0.0056819,56,0.00222188,-0.00328699,56,0.000150226,-0.00709849,56,0.00150606,-0.00557197,56,-0.00135619,-0.00834313,56,-0.0019015,-0.00401704,52,-1.58849e-05,-0.00294651
4418529972557,4418521403000,4418521403000,4418529966724,73729,8.56372,4418545477974,24.075,1,4892,15322,0,0,1,0,0,0.020007,500,500,500,1,2.92866,4.66293,1.15225,0.451227,0.0140381,0.0116577,2.39534e-05,-1.04632e-06,0.00286027,0.00510796,1,-5.22976e-05,-0.00119725,0.00119725,-5.22976e-05,1,1,0.000481192,-0.000327265,0.00071606,0.000274968,0,0,0,0,0,0,0,0,0,0,0,0,0,0,0,0,0,0,0,0,0,0,0,255,0.2,2.93725,0.2,-0.0149805,-0.112258,1,1,1,2,0,1,1,-0.117995,-3.28751,0.136287,0.0015865,0.00374991,0.0182033,0.914286,4006,1,367,46.6314,1002,0,0.000884653,0.0119787,0.0472866,0,0,0,1,500,0.205,2.03001e-05,-8.87001e-07,-1.81835e-07,-4.16152e-06,-9.21188e-07,-4.0621e-06,0.06686,-0.0144808,-0.0102036,0.0146483,-0.179489,0.000381623,0.00112737,-0.00204338,0.374356,3,0,0,0,0,0,-1,1,-9.04572e-07,-3.41785e-06,-0.179715,0,1.18073,1,1010,1010,1010,1010,0,0,0,0,1.18442,56,0.00255933,0.00183677,56,0.00133963,0.000500277,56,0.00108056,0.000233958,56,0.0014614,0.000580921,56,0.00393341,0.000522341,56,-0.000656942,-0.000783857,56,0.00302391,0.000486234,56,0.000477418,-0.000513053,52,0.000993738,0.00150382
4418546033386,4418533377000,4418533377000,4418546024609,73729,12.6476,4418561546655,28.1697,0,4892,15323,0,0,1,0,0,0.011974,500,500,500,1,2.9571,5.0434,0.651246,0.31828,-0.00650024,0.0207291,1.41826e-05,5.64439e-05,0.00377936,-0.00486047,1,0.00471387,-0.00118445,0.00118445,0.00471387,1,1,0.000748211,0.00419892,0.000436239,0.000514944,0,0,0,0,0,0,0,0,0,0,0,0,0,0,0,0,0,0,0,0,0,0,0,255,0.2,8.77636,0.2,-6.21013e-05,0.00308079,1,1,1,1,0,1,1,-0.117995,-3.28751,0.136287,0.0015865,0.00374991,0.0182033,16.9971,4006,1,367,62.7142,1002,0,0.000884653,0.0119787,0.0472866,0,0,0,1,500,0.205,1.19808e-05,4.77933e-05,9.79763e-06,-2.45605e-06,9.20111e-06,-4.16549e-06,0.0668692,-0.0144849,-0.0102036,0.0146483,-0.179489,0.000365385,0.00211127,-0.00113856,16.6173,0,0,0,0,0,0,-1,1,-9.04572e-07,-3.41785e-06,-0.179715,0,17.2738,1,1010,1010,1010,1010,0,0,0,0,17.2775,56,-0.00744176,0.0108724,56,0.0054411,0.0171339,56,0.00615727,0.00163986,56,-0.00565364,-0.000238727,56,-0.00653244,0.00747522,56,-0.000310529,0.00213198,56,0.00190593,-0.000141457,56,0.00253539,0.00439718,52,-0.00218398,-0.000453061
4418562145086,4418553374000,4418553374000,4418562137494,73729,8.76349,4418576754828,23.3808,1,4893,15324,0,0,1,0,0,0.019997,500,500,474,0.948,2.79064,5.24703,0.694228,0.442448,-0.0223389,0.00352478,-6.07899e-05,2.18679e-05,-0.00628347,-0.00345115,1,0.00109356,0.00303995,-0.00303995,0.00109356,1,1,-0.0022142,0.00138223,-0.000825749,-0.000288673,0,0,0,0,0,0,0,0,0,0,0,0,0,0,0,0,0,0,0,0,0,0,0,255,0.2,4.64647,0.2,-0.00196636,-0.00133644,1,1,1,1,0,1,1,-0.117995,-3.28751,0.136287,0.0015865,0.00374991,0.0182033,32.2386,4006,1,367,77.9558,1002,0,0.000884653,0.0119787,0.0472866,0,0,0,1,474,0.205,-5.15089e-05,1.85069e-05,3.79391e-06,1.05593e-05,5.6156e-06,9.71243e-06,0.0668748,-0.0144752,-0.010204,0.014648,-0.179445,0.000877543,-0.00118356,0.00341049,14.8722,2,0,0,0,0,0,-1,1,-9.04572e-07,-3.41785e-06,-0.179715,0,32.517,1,1010,1010,1010,1010,0,0,0,0,32.5207,56,-0.00618579,0.00048574,56,-0.00698723,0.000582538,34,-0.00430641,0.00295416,56,-0.00031403,-0.000142527,56,0.000810891,-0.000458244,52,-0.00115153,0.00157596,56,-0.00431457,-0.000570399,56,-0.00365732,-0.000169866,52,-0.00186956,0.0026554
4418577433538,4418561400000,4418561400000,4418577422945,73729,16.0229,4418592579489,31.1795,0,4893,15325,0,0,1,0,0,0.008026,500,500,500,1,3.60181,4.71078,0.687303,0.323058,-0.0186005,-0.0286407,-4.80013e-05,-3.65813e-05,-0.00727692,-0.00471086,1,-0.00455785,0.00598072,-0.00598072,-0.00455785,1,1,-0.00487046,-0.00362411,-0.00111026,-0.000933739,0,0,0,0,0,0,0,0,0,0,0,0,0,0,0,0,0,0,0,0,0,0,0,255,0.2,-0.38643,0.2,-0.00539745,-0.00539744,1,1,1,1,1,1,1,-0.117995,-3.28751,0.136287,0.0015865,0.00374991,0.0182033,48.1108,4006,1,367,93.8279,1002,0,0.000884653,0.0119787,0.0472866,0,0,0,1,500,0.205,-4.06597e-05,-3.10353e-05,-6.36223e-06,8.33525e-06,-4.77299e-06,9.33664e-06,0.0668701,-0.0144659,-0.0102121,0.0146564,-0.179446,0.000743897,-0.00382833,0.00423677,15.4615,1,0,0,0,0,0,-1,1,-9.04572e-07,-3.41785e-06,-0.179715,0,48.5266,1,1010,1010,1010,1010,0,0,0,0,0.378781,56,-0.0105131,0.00718485,56,0.00175971,0.0091235,56,0.00229994,-0.0100425,56,-0.00512156,-0.00419677,56,-0.00902083,-0.0065871,56,-0.00514908,-0.0108999,56,-0.00684855,-0.0171098,56,-0.0124525,-0.00886432,52,-0.000328855,-0.0023281
4418593579961,4418581394000,4418581394000,4418593572294,73729,12.1783,4418607975016,26.581,1,4894,15326,0,0,1,0,0,0.019994,500,500,497,0.994,2.98719,5.28483,0.705654,0.311595,-0.00759888,-0.0252075,2.88901e-05,-9.26566e-05,0.0106224,0.00636735,1,-0.00463422,-0.00144494,0.00144494,-0.00463422,1,1,0.00148558,-0.00435926,-4.06404e-05,-0.000274956,0,0,0,0,0,0,0,0,0,0,0,0,0,0,0,0,0,0,0,0,0,0,0,255,0.21,5.53959,0.21,0.00863983,0.0783387,1,1,1,2,0,1,1,-0.1184,-3.28737,0.136111,0.00110985,0.003957,0.017629,15.324,4007,1,367,109.193,1002,0,0.000884653,0.0119787,0.0472866,0,0,0,1,497,0.215,2.43859e-05,-7.85151e-05,-1.68807e-05,-5.24297e-06,-1.7543e-05,-2.14518e-06,0.0668525,-0.014468,-0.0102141,0.0147024,-0.179495,0.000765134,-0.00118231,0.00075191,14.9837,1,0,0,0,0,0,-1,1,-9.04572e-07,-3.41785e-06,-0.179786,0,0.292151,1,1010,1010,1010,1010,0,0,0,0,15.6324,56,-0.00282735,-0.013272,56,-0.0045011,-0.00725429,56,-0.00254537,-0.00217567,56,0.00296305,-0.00374987,56,0.00535151,0.00170851,56,0.00278196,-0.0013945,53,0.000748458,-0.001715,56,0.00480453,-0.00343553,52,-0.00129168,-0.00644763
4418608637503,4418593396000,4418593396000,4418608627651,73729,15.2317,4418625464024,32.068,0,4894,15327,0,0,1,0,0,0.012002,500,500,496,0.992,3.04784,4.71641,0.703266,0.318633,-0.00321198,0.0528564,-7.62453e-06,0.000123279,-0.00155919,-0.00484084,1,0.0102716,0.000635271,-0.000635271,0.0102716,1,1,-0.00160227,0.00972511,0.000966994,0.000546456,0,0,0,0,0,0,0,0,0,0,0,0,0,0,0,0,0,0,0,0,0,0,0,255,0.2,0.321151,0.2,0.00285939,0.0526834,1,1,1,1,0,1,1,-0.1184,-3.28737,0.136111,0.00110985,0.003957,0.017629,32.7603,4007,1,367,126.629,1002,0,0.000884653,0.0119787,0.0472866,0,0,0,1,496,0.205,-6.46197e-06,0.000104459,2.14141e-05,1.3247e-06,2.13038e-05,-2.52134e-06,0.0668738,-0.0144706,-0.0102292,0.0148075,-0.17959,0.000239884,0.00224047,-0.00297983,17.0178,2,0,0,0,0,0,-1,1,-9.04572e-07,-3.41785e-06,-0.179786,0,17.6999,1,1010,1010,1010,1010,0,0,0,0,33.0402,56,-0.00210441,0.0203223,56,0.012521,0.00930062,56,0.00424771,0.00911169,56,-0.000260598,0.0139725,56,-0.00534643,0.0054995,55,-0.0037984,0.00901844,56,-0.00184581,0.00688629,56,-0.00513459,0.00783832,49,0.00208781,0.00922711
4418626050122,4418613373000,4418613373000,4418626044900,73729,12.6719,4418641188646,27.8156,1,4895,15328,0,0,1,0,0,0.019977,500,500,497,0.994,2.87864,5.06269,0.717617,0.33628,0.0235443,0.0246887,3.85042e-05,5.93879e-05,0.000762976,-0.00231289,1,0.00297282,-0.00192743,0.00192743,0.00297282,1,1,0.00142626,0.00289695,0.000501164,7.5861e-05,0,0,0,0,0,0,0,0,0,0,0,0,0,0,0,0,0,0,0,0,0,0,0,255,0.2,7.57044,0.2,-0.0165337,-0.101954,1,1,1,1,0,1,1,-0.1184,-3.28737,0.136111,0.00110985,0.003957,0.017629,48.6239,4007,1,367,142.492,1002,0,0.000884653,0.0119787,0.0472866,0,0,0,1,497,0.205,3.27015e-05,5.0348e-05,1.03213e-05,-6.7038e-06,8.95768e-06,-8.43942e-06,0.0668828,-0.014479,-0.0101878,0.0148085,-0.179605,0.00235491,0.00031103,0.000240107,15.3645,2,0,0,0,0,0,-1,1,-9.04572e-07,-3.41785e-06,-0.179786,0,33.6845,1,1010,1010,1010,1010,0,0,0,0,0.356115,56,0.00594431,0.00791515,56,0.00233438,0.00408354,56,0.00572785,0.000338841,56,-0.000825824,0.00426713,56,0.00285981,0.00164042,56,0.00118834,0.00022222,53,0.00473651,-0.00173764,56,0.000369878,0.00466648,52,0.00250455,0.00303295
4418642129785,4418633378000,4418633378000,4418642125173,73729,8.74717,4418655678221,22.3002,1,4896,15329,0,0,1,0,0,0.020005,500,500,500,1,3.29377,5.24392,0.781507,0.42304,0.00108337,-0.0524139,1.31808e-06,-6.92556e-05,-0.00620359,-0.00741591,1,-0.00346191,-6.58878e-05,6.58878e-05,-0.00346191,1,1,0.000100967,-0.00275166,-3.50797e-05,-0.000710251,0,0,0,0,0,0,0,0,0,0,0,0,0,0,0,0,0,0,0,0,0,0,0,255,0.2,3.34572,0.2,-0.00206537,-0.0035979,1,1,1,2,1,1,1,-0.118801,-3.28724,0.135946,0.000143426,0.00486443,0.0187307,12.4041,4008,1,367,156.873,1002,0,0.000884653,0.0119787,0.0472866,0,0,0,1,500,0.205,1.12583e-06,-5.87029e-05,-1.20341e-05,-2.30796e-07,-1.18804e-05,1.92274e-06,0.0668709,-0.0144771,-0.0101816,0.0147998,-0.179628,0.00210068,-0.00291203,0.00179561,14.0276,1,0,0,0,0,0,-1,1,-9.04573e-07,-3.41785e-06,-0.179883,0,12.6854,1,1010,1010,1010,1010,0,0,0,0,14.6206,56,-0.00494166,-0.0039426,56,0.00477084,-0.00107594,56,-0.000983677,-0.00338626,56,0.00342605,-0.00462569,56,-0.00533536,-0.00620191,56,-0.000415808,-0.00421848,56,-0.00226758,-0.00157371,56,0.00524292,-0.00523032,52,-0.0018618,-0.00144225
4418656341967,4418641392000,4418641392000,4418656332708,73729,14.9407,4418670650392,29.2584,0,4896,15330,0,0,1,0,0,0.008014,500,500,500,1,3.39134,4.88836,0.596154,0.319485,-0.0127258,0.0401535,-4.80618e-05,7.02663e-05,-0.00780347,1.9687e-05,1,0.00876795,0.00599723,-0.00599723,0.00876795,1,1,-0.00575424,0.00866449,-0.000242985,0.000103457,0,0,0,0,0,0,0,0,0,0,0,0,0,0,0,0,0,0,0,0,0,0,0,255,0.2,7.20084,0.2,-0.00515875,0.0109323,1,1,1,1,0,1,1,-0.118801,-3.28724,0.135946,0.000143426,0.00486443,0.0187307,27.342,4008,1,367,171.811,1002,0,0.000884653,0.0119787,0.0472866,0,0,0,1,500,0.205,-4.07344e-05,5.95462e-05,1.2207e-05,8.35055e-06,1.35001e-05,6.03467e-06,0.0668844,-0.014471,-0.0102135,0.0148659,-0.179674,0.000106636,0.000424173,0.000882299,14.4651,2,0,0,0,0,0,-1,1,-9.04573e-07,-3.41785e-06,-0.179883,0,27.7317,1,1010,1010,1010,1010,0,0,0,0,29.6669,56,0.00171505,-0.00277853,56,-0.0197961,0.0109474,56,0.0029957,0.0143013,56,-0.00421723,0.0181836,56,-0.00156743,0.00550618,56,-0.0134777,0.0161471,56,-0.00153586,0.0135187,56,-0.0122477,0.00683491,52,0.00400286,0.00388782
4418671445251,4418661396000,4418661396000,4418671440381,73729,10.0444,4418683948141,22.5521,1,4897,15331,0,0,1,0,0,0.020004,500,500,494,0.988,2.73493,4.84319,1.0254,0.581412,-0.0307465,0.0405273,-8.03364e-05,8.57238e-05,-0.00587176,-6.26582e-06,1,0.00428533,0.00401602,-0.00401602,0.00428533,1,1,-0.00370084,0.00394026,-0.000315172,0.000345076,0,0,0,0,0,0,0,0,0,0,0,0,0,0,0,0,0,0,0,0,0,0,0,255,0.2,2.16543,0.2,-0.00300186,0.00305838,1,1,1,2,0,1,1,-0.118801,-3.28724,0.135946,0.000143426,0.00486443,0.0187307,40.6568,4008,1,367,185.126,1002,0,0.000884653,0.0119787,0.0472866,0,0,0,1,494,0.205,-6.81258e-05,7.26118e-05,1.48854e-05,1.39658e-05,1.71382e-05,1.10801e-05,0.0669015,-0.01446,-0.0102018,0.0148585,-0.179715,6.83332e-05,0.00141481,0.00108843,12.9534,2,0,0,0,0,0,-1,1,-9.04573e-07,-3.41785e-06,-0.179883,0,40.9262,1,1010,1010,1010,1010,0,0,0,0,42.8614,56,-0.00291626,0.00473649,56,-0.00402874,0.00458597,56,-0.00729573,0.00310084,56,-0.00663281,0.0052971,56,0.000484325,0.0066986,56,-0.00134081,0.00235686,56,-0.00534361,0.000984526,56,-0.00262676,0.00163666,46,-0.00729686,0.00500429
4418684537924,4418669431000,4418669431000,4418684527572,73729,15.0966,4418700606031,31.175,0,4897,15332,0,0,1,0,0,0.008035,500,500,498,0.996,2.64526,5.10419,0.825433,0.468393,0.0131836,-0.0373077,4.1145e-05,-7.08362e-05,0.0115492,0.00142203,1,-0.00881596,-0.00512072,0.00512072,-0.00881596,1,1,0.00466811,-0.00836063,0.000452607,-0.000455333,0,0,0,0,0,0,0,0,0,0,0,0,0,0,0,0,0,0,0,0,0,0,0,255,0.2,4.75373,0.2,0.00333874,-0.00932649,1,1,1,1,0,1,1,-0.119115,-3.28714,0.135831,-0.000499042,0.00495486,0.0194099,0.451801,4009,1,367,0.417096,1003,0,0.000884653,0.00772732,0.046643,0,0,0,1,498,0.205,3.48701e-05,-6.00428e-05,-1.23088e-05,-7.14838e-06,-1.33862e-05,-4.8322e-06,0.0668881,-0.0144648,-0.0101635,0.0148,-0.179785,0.00163618,-0.00186687,-0.000175611,0.04113,2,0,0,0,0,0,-1,1,-9.04573e-07,-3.41785e-06,-0.180009,0,0.865841,1,1010,1010,1010,1010,0,0,0,0,0.869767,56,-0.00209208,-0.0160972,56,0.00422222,0.00370946,56,0.0130175,-0.0157705,56,0.00644226,-0.00840298,56,0.000751784,-0.00809266,56,0.000780339,-0.00932525,54,0.00710351,-0.00203161,56,0.00619788,-0.0169956,52,0.00548664,-0.0106941
4418701444409,4418689413000,4418689413000,4418701439520,73729,12.0265,4418715480368,26.0674,1,4898,15333,0,0,1,0,0,0.019982,500,500,500,1,2.74028,4.83475,0.832804,0.381725,0.0437241,-0.0433807,8.76351e-05,-6.50748e-05,0.000506316,-0.00453761,1,-0.00325667,-0.0043857,0.0043857,-0.00325667,1,1,0.0035265,-0.00312624,0.000859204,-0.000130428,0,0,0,0,0,0,0,0,0,0,0,0,0,0,0,0,0,0,0,0,0,0,0,255,0.21,1.70816,0.21,0.00265017,-0.00317531,1,1,1,1,1,1,1,-0.119115,-3.28714,0.135831,-0.000499042,0.00495486,0.0194099,15.2653,4009,1,367,15.2306,1003,0,0.000884653,0.00772732,0.046643,0,0,0,1,500,0.215,7.43197e-05,-5.51228e-05,-1.18514e-05,-1.59787e-05,-1.45143e-05,-1.36013e-05,0.0668736,-0.0144784,-0.0101558,0.0147962,-0.179817,0.00191784,-0.000560842,-0.00142139,14.58,1,0,0,0,0,0,-1,1,-9.04573e-07,-3.41785e-06,-0.180009,0,15.5434,1,1010,1010,1010,1010,0,0,0,0,15.5473,56,0.0051122,-0.00628931,56,0.00643147,-0.00342329,56,0.00291833,-0.0027047,56,0.00224729,-0.00418603,56,0.00314264,-0.005805,56,0.0065179,-0.003069,56,0.00590906,-0.00542292,56,0.00608472,-0.000974996,52,0.00121934,-0.00516739
4418716073947,4418701393000,4418701393000,4418716063854,73729,14.6709,4418733865107,32.4721,0,4898,15334,0,0,1,0,0,0.01198,500,500,500,1,2.88449,6.59069,0.68258,0.318355,0.0196991,0.0261841,4.65793e-05,4.33438e-05,0.00854097,0.000875885,1,0.00361802,-0.00388809,0.00388809,0.00361802,1,1,0.00360779,0.00352232,0.000280298,9.56933e-05,0,0,0,0,0,0,0,0,0,0,0,0,0,0,0,0,0,0,0,0,0,0,0,255,0.21,6.11655,0.21,0.043927,0.381463,1,1,1,1,0,1,1,-0.119115,-3.28714,0.135831,-0.000499042,0.00495486,0.0194099,33.6495,4009,1,367,33.6147,1003,0,0.000884653,0.00772732,0.046643,0,0,0,1,500,0.215,3.94472e-05,3.67198e-05,7.89475e-06,-8.48114e-06,6.25108e-06,-9.75602e-06,0.0668799,-0.0144882,-0.0101476,0.0147847,-0.179818,0.0014442,0.000411481,0.000191139,18.1168,1,0,0,0,0,0,-1,1,-9.04573e-07,-3.41785e-06,-0.180009,0,33.9245,1,1010,1010,1010,1010,0,0,0,0,33.9284,56,0.00365616,0.000738039,56,0.0118947,0.00318296,56,0.00267692,0.00160146,56,0.00668709,0.00652563,56,0.00923732,0.00790816,56,-0.0014525,-0.00191771,56,0.00275064,0.00659293,56,0.000911515,0.00302419,52,0.00292012,0.00809991
4418734382593,4418721392000,4418721392000,4418734377352,73729,12.9854,4418749530525,28.1385,1,4899,15335,0,0,1,0,0,0.019999,500,500,500,1,2.77356,5.2291,0.85836,0.388615,-0.0579376,0.000518799,-0.000127565,3.8681e-05,-0.0106201,-0.00550266,1,0.00193415,0.00637857,-0.00637857,0.00193415,1,1,-0.00611271,0.00191535,-0.000265867,1.87937e-05,0,0,0,0,0,0,0,0,0,0,0,0,0,0,0,0,0,0,0,0,0,0,0,255,0.2,4.14602,0.2,-0.0257395,-0.208871,1,1,1,1,0,1,1,-0.119371,-3.28704,0.13575,-0.000110409,0.00485763,0.0196257,3.68142,4010,1,367,49.3151,1003,0,0.000884653,0.00772732,0.046643,0,0,0,1,500,0.205,-0.000108129,3.27658e-05,6.71699e-06,2.21665e-05,1.05711e-05,2.06062e-05,0.0668905,-0.0144676,-0.0101611,0.0147415,-0.179923,-5.49249e-05,7.70542e-05,0.000828103,3.35346,3,0,0,0,0,0,-1,1,-9.04572e-07,-3.41785e-06,-0.180147,0,3.97761,1,1010,1010,1010,1010,0,0,0,0,3.98211,56,-0.00492566,0.0045041,56,-0.00757418,0.00478313,56,-0.00426479,0.00150127,56,-0.0087971,0.000510753,56,-0.00880045,-0.00185278,56,-0.0048545,0.000985456,56,-0.00534512,0.00128479,56,-0.00818791,0.00292195,52,-0.0059875,0.000293221
4418750172827,4418741392000,4418741392000,4418750168067,73729,8.77607,4418762778255,21.3863,1,4900,15336,0,0,1,0,0,0.02,500,500,494,0.988,2.92792,4.55,0.898638,0.40867,-0.012413,0.00517273,-7.76634e-06,9.93488e-06,0.00138453,0.0011184,1,0.000496744,0.000388317,-0.000388317,0.000496744,1,1,-0.000443379,0.000485878,5.50625e-05,1.08656e-05,0,0,0,0,0,0,0,0,0,0,0,0,0,0,0,0,0,0,0,0,0,0,0,255,0.2,-0.379096,0.2,-0.0013081,0.00057793,1,1,1,2,0,1,1,-0.119371,-3.28704,0.13575,-0.000110409,0.00485763,0.0196257,16.8936,4010,1,367,62.5273,1003,0,0.000884653,0.00772732,0.046643,0,0,0,1,494,0.205,-6.57257e-06,8.4412e-06,1.73045e-06,1.34738e-06,1.94323e-06,1.01596e-06,0.0668924,-0.0144665,-0.0101611,0.0147415,-0.179923,-0.000465688,4.4549e-05,-0.000553155,16.657,0,0,0,0,0,0,-1,1,-9.04572e-07,-3.41785e-06,-0.180147,0,17.1498,1,1010,1010,1010,1010,0,0,0,0,17.1543,56,0.00236408,0.00366506,56,-0.00693394,-0.00352575,50,4.74292e-05,0.000672195,56,0.00176316,0.00197654,56,-0.00247717,-0.00404355,56,-0.00281343,-0.00148118,56,0.000405954,9.00303e-06,56,-0.00287905,0.004055,52,0.000456695,0.00368147
4418763268722,4418749408000,4418749408000,4418763259277,73729,13.8513,4418778327505,28.9195,0,4900,15337,0,0,1,0,0,0.008016,500,500,500,1,2.74941,5.08688,0.59145,0.345521,0.0148468,0.0209427,2.1137e-05,5.41423e-05,-0.00697314,-0.00455261,1,0.00675427,-0.00263686,0.00263686,0.00675427,1,1,0.00196554,0.00675068,0.000671314,3.5926e-06,0,0,0,0,0,0,0,0,0,0,0,0,0,0,0,0,0,0,0,0,0,0,0,255,0.2,2.56412,0.2,0.00312584,0.00422953,1,1,1,1,1,1,1,-0.119371,-3.28704,0.13575,-0.000110409,0.00485763,0.0196257,32.456,4010,1,367,78.0896,1003,0,0.000884653,0.00772732,0.046643,0,0,0,1,500,0.205,1.79327e-05,4.58755e-05,9.40447e-06,-3.67619e-06,8.59392e-06,-5.30027e-06,0.066901,-0.0144718,-0.0101262,0.0146524,-0.180007,0.000762955,1.47297e-05,-0.00159155,15.2674,2,0,0,0,0,0,-1,1,-9.04572e-07,-3.41785e-06,-0.180147,0,32.7252,1,1010,1010,1010,1010,0,0,0,0,32.7297,56,0.00495426,0.00595535,56,-0.000290658,-0.0030103,56,0.00659123,0.0109811,56,-0.0035034,0.00293181,56,0.00536467,0.00622561,56,0.00767409,0.00762686,56,0.000264802,0.00598232,56,0.00563005,0.00408486,52,-0.00472864,0.00415253
4418778899640,4418769429000,4418769429000,4418778895029,73729,9.46603,4418793813477,24.3845,1,4901,15338,0,0,1,0,0,0.020021,500,500,498,0.996,3.23997,4.54906,0.693062,0.317374,0.053421,-0.0190125,9.53956e-05,-6.23504e-05,0.0033309,0.00853596,1,-0.00311425,-0.00476477,0.00476477,-0.00311425,1,1,0.00481982,-0.00274894,-5.50428e-05,-0.000365307,0,0,0,0,0,0,0,0,0,0,0,0,0,0,0,0,0,0,0,0,0,0,0,255,0.2,7.94368,0.2,0.00374763,-0.00177884,1,1,1,1,0,1,1,-0.118923,-3.28722,0.135756,0.00271641,0.00495494,0.0204045,0.702821,4011,1,367,93.5567,1003,0,0.000884653,0.00772732,0.046643,0,0,0,1,498,0.205,8.08916e-05,-5.28831e-05,-1.0841e-05,-1.65828e-05,-1.36312e-05,-1.43737e-05,0.0668874,-0.0144862,-0.0100846,0.0144808,-0.180011,0.00220301,-0.00149776,0.00194295,0.468115,2,0,0,0,0,0,-1,1,-9.04572e-07,-3.41785e-06,-0.180248,0,0.309003,1,1010,1010,1010,1010,0,0,0,0,1.02045,56,0.00521018,-0.00717963,56,-0.00199719,0.000865827,54,0.00264617,-0.00257492,56,0.00919957,-0.00242078,56,0.00582744,-0.000799431,56,0.005655,-0.00375311,56,0.00580489,-0.00665425,56,0.00667062,-0.00294564,52,0.00837509,-0.00186343
4418794376297,4418781384000,4418781384000,4418794366501,73729,12.9825,4418807986141,26.6021,0,4901,15339,0,0,1,0,0,0.011955,500,500,500,1,2.90571,5.02345,0.66358,0.320429,-0.0014801,-0.0172119,1.45999e-05,-2.08201e-05,-0.000793884,-0.00167387,1,-0.00174154,-0.00122124,0.00122124,-0.00174154,1,1,0.00162152,-0.00122556,-0.000400284,-0.000515981,0,0,0,0,0,0,0,0,0,0,0,0,0,0,0,0,0,0,0,0,0,0,0,255,0.2,3.17488,0.2,-0.00166265,-0.00134046,1,1,1,2,0,1,1,-0.118923,-3.28722,0.135756,0.00271641,0.00495494,0.0204045,14.9273,4011,1,367,107.781,1003,0,0.000884653,0.00772732,0.046643,0,0,0,1,500,0.205,1.23341e-05,-1.76463e-05,-3.61748e-06,-2.52849e-06,-4.01097e-06,-1.83996e-06,0.0668833,-0.0144881,-0.0100846,0.0144808,-0.180011,0.00205826,-0.00211552,0.00295954,14.71,0,0,0,0,0,0,-1,1,-9.04572e-07,-3.41785e-06,-0.180248,0,14.4837,1,1010,1010,1010,1010,0,0,0,0,15.1952,56,-0.000432604,-0.00245724,56,0.0158087,0.00432439,56,-0.00468073,-0.00305712,56,-0.00294068,0.00104141,56,0.0082399,-0.0120791,56,0.00413825,-0.00414698,56,-0.00101391,0.000505016,56,-0.00120531,-0.00411692,52,-0.00174836,-0.0034498
4418808559739,4418789414000,4418789414000,4418808549239,73729,19.1352,4418822674921,33.2609,0,4901,15340,0,0,1,0,0,0.00803,500,500,500,1,3.07336,4.55139,0.662746,0.320355,-0.0391388,0.00650024,-8.00314e-05,2.18019e-05,-0.00747826,0.00548852,1,0.00271505,0.00996656,-0.00996656,0.00271505,1,1,-0.00937975,0.00261482,-0.000586805,0.000100234,0,0,0,0,0,0,0,0,0,0,0,0,0,0,0,0,0,0,0,0,0,0,0,255,0.21,7.01123,0.21,-0.0100806,0.00411211,1,1,1,1,0,1,1,-0.118923,-3.28722,0.135756,0.00271641,0.00495494,0.0204045,29.5695,4011,1,367,122.423,1003,0,0.000884653,0.00772732,0.046643,0,0,0,1,500,0.215,-6.78546e-05,1.84385e-05,3.96427e-06,1.45887e-05,6.51013e-06,1.36427e-05,0.0668899,-0.0144744,-0.0100935,0.0143932,-0.180052,7.52826e-05,0.000431007,0.00207883,14.3507,2,0,0,0,0,0,-1,1,-9.04572e-07,-3.41785e-06,-0.180248,0,29.1346,1,1010,1010,1010,1010,0,0,0,0,29.8461,56,-0.0131835,-0.00435385,56,-0.0275191,0.00900213,56,-0.0109182,0.00281353,56,-0.00907562,0.00168922,56,-0.0110266,0.00241651,56,-0.0102043,-0.00218941,56,-0.00768199,-0.00532774,56,-0.0127906,0.00839188,52,-0.00140765,0.000919456
4418823182296,4418809407000,4418809407000,4418823176925,73729,13.7699,4418837095494,27.6885,1,4902,15341,0,0,1,0,0,0.019993,500,500,471,0.942,2.73351,4.69001,0.77247,0.301521,-0.0518799,0.0329437,-8.27659e-05,7.69569e-05,-0.00248224,-0.00510004,1,0.00384919,0.00413974,-0.00413974,0.00384919,1,1,-0.00434927,0.00385953,0.000209521,-1.03412e-05,0,0,0,0,0,0,0,0,0,0,0,0,0,0,0,0,0,0,0,0,0,0,0,255,0.21,1.52337,0.21,-0.0195803,0.241177,1,1,1,1,1,1,1,-0.118923,-3.28722,0.135756,0.00271641,0.00495494,0.0204045,43.9893,4011,1,367,136.843,1003,0,0.000884653,0.00772732,0.046643,0,0,0,1,471,0.215,-7.02003e-05,6.51576e-05,1.40089e-05,1.50931e-05,1.64834e-05,1.23379e-05,0.0669063,-0.0144621,-0.0100815,0.0141991,-0.180194,-0.000369443,-4.44672e-05,-0.00101631,4.61912,3,0,0,0,0,0,-1,1,-9.04572e-07,-3.41785e-06,-0.180248,0,43.5926,1,1010,1010,1010,1010,0,0,0,0,44.304,56,-0.010219,0.00620653,56,0.000775918,0.000553318,34,-0.0016216,0.00161732,56,-0.00246668,0.00198817,56,-0.00629769,0.00468413,50,-0.00716916,0.00193945,56,-0.00336248,0.00703512,56,-0.000800234,0.0020128,51,-0.0116505,0.00628092
4418837727352,4418829408000,4418829408000,4418837722241,73729,8.31424,4418856085591,26.6776,1,4903,15342,0,0,1,0,0,0.020001,500,500,500,1,3.33859,6.68324,0.635617,0.538838,0.00440979,-0.0185242,2.86365e-06,-4.86653e-05,0.00344686,0.00217361,1,-0.00243314,-0.000143175,0.000143175,-0.00243314,1,1,-0.000533885,-0.00215364,0.00067706,-0.000279503,0,0,0,0,0,0,0,0,0,0,0,0,0,0,0,0,0,0,0,0,0,0,0,255,0.2,5.54275,0.2,-0.0134598,-0.16234,1,1,1,1,0,1,1,-0.118398,-3.28741,0.135823,0.00400009,0.00344845,0.0208268,6.24052,4012,1,367,155.833,1003,0,0.000884653,0.00772732,0.046643,0,0,0,1,500,0.205,2.42189e-06,-4.12321e-05,-8.45258e-06,-4.96488e-07,-8.40375e-06,1.02662e-06,0.0668979,-0.014461,-0.0100634,0.0141568,-0.180234,0.00104079,-0.00114596,-0.00138813,5.99876,1,0,0,0,0,0,-1,1,-9.04572e-07,-3.41785e-06,-0.180456,0,6.51837,1,1010,1010,1010,1010,0,0,0,0,6.52245,56,0.000761606,-0.000418206,56,0.000315351,-0.00483764,56,0.000952249,0.000441955,56,-0.00314659,0.00157547,56,0.00270099,-0.00292805,56,0.00107525,0.000202726,56,0.00034739,-0.00443689,56,-0.00404965,-0.00173268,52,0.00356961,-0.00532976
4418856595391,4418841410000,4418841410000,4418856586114,73729,15.1761,4418871014410,29.6044,0,4903,15343,0,0,1,0,0,0.012002,500,500,500,1,2.81127,4.75758,0.667376,0.315892,0.0313416,0.00983429,5.8438e-05,1.83717e-05,0.00593263,-0.00242731,1,0.00153072,-0.00486902,0.00486902,0.00153072,1,1,0.00437411,0.00150893,0.000494915,2.17939e-05,0,0,0,0,0,0,0,0,0,0,0,0,0,0,0,0,0,0,0,0,0,0,0,255,0.21,4.4413,0.21,-0.00956812,-0.0953066,1,1,1,1,0,1,1,-0.118398,-3.28741,0.135823,0.00400009,0.00344845,0.0208268,21.1729,4012,1,367,170.765,1003,0,0.000884653,0.00772732,0.046643,0,0,0,1,500,0.215,4.95966e-05,1.56041e-05,3.35488e-06,-1.06633e-05,1.38993e-06,-1.10917e-05,0.0668993,-0.0144721,-0.0100528,0.0141274,-0.180267,0.00148594,9.3714e-05,-0.000513756,14.6433,1,0,0,0,0,0,-1,1,-9.04572e-07,-3.41785e-06,-0.180456,0,21.4895,1,1010,1010,1010,1010,0,0,0,0,21.4935,56,0.0134472,-0.000678874,56,0.000672963,-0.00519231,56,0.0045237,-0.00465084,56,0.00357439,0.00308239,56,0.0025349,-0.00128283,56,0.00260429,0.00542634,56,0.006464,0.00145869,56,0.0126674,0.00146682,52,0.00689806,0.00681253
4418871591952,4418861406000,4418861406000,4418871586859,73729,10.1809,4418885490113,24.0841,1,4904,15344,0,0,1,0,0,0.019996,500,500,500,1,2.72928,4.58604,0.826007,0.391392,0.0143433,-0.0217361,5.85569e-06,-3.53094e-05,-0.00855363,0.00218323,1,-0.00176582,-0.000292843,0.000292843,-0.00176582,1,1,0.000331232,-0.00181201,-3.83883e-05,4.61821e-05,0,0,0,0,0,0,0,0,0,0,0,0,0,0,0,0,0,0,0,0,0,0,0,255,0.2,-0.890267,0.2,0.0195266,0.224863,1,1,1,1,0,1,1,-0.118398,-3.28741,0.135823,0.00400009,0.00344845,0.0208268,35.6477,4012,1,367,185.24,1003,0,0.000884653,0.00772732,0.046643,0,0,0,1,500,0.205,5.04995e-06,-2.9954e-05,-6.14057e-06,-1.03524e-06,-6.22593e-06,8.25812e-08,0.0668931,-0.0144721,-0.0100422,0.014073,-0.180295,0.00100025,0.000189347,0.000926115,14.1416,2,0,0,0,0,0,-1,1,-9.04572e-07,-3.41785e-06,-0.180456,0,35.9215,1,1010,1010,1010,1010,0,0,0,0,35.9256,56,0.00139927,-0.00221202,56,-0.000188963,-0.000495609,56,0.00336498,-0.00130777,56,-0.00587448,0.000783361,56,-0.00176556,0.00208596,56,0.00301716,-0.00447812,56,0.00256533,-0.0048762,56,-0.00122477,-0.0029296,52,0.00168776,-0.00108867
4418886004525,4418877428000,4418877428000,4418886000081,73729,8.57208,4418900508674,23.0807,1,4905,15345,0,0,1,0,0,0.016022,500,500,499,0.998,2.80254,5.4024,0.781322,0.3753,-0.00183105,-0.0109558,-9.89049e-06,-6.23791e-06,0.00083645,-0.00619726,1,-0.000389334,0.000617307,-0.000617307,-0.000389334,1,1,-0.000160662,-0.000515304,-0.000456645,0.00012597,0,0,0,0,0,0,0,0,0,0,0,0,0,0,0,0,0,0,0,0,0,0,0,255,0.21,3.37753,0.21,-0.0104002,-0.139683,1,1,1,1,1,1,1,-0.117966,-3.28754,0.135953,0.00606514,0.00374135,0.021099,3.64848,4013,1,367,200.256,1003,0,0.000884653,0.00772732,0.046643,0,0,0,1,499,0.215,-8.38488e-06,-5.2564e-06,-1.13013e-06,1.80275e-06,-7.88665e-07,1.97613e-06,0.0668923,-0.0144701,-0.010058,0.0140966,-0.180311,-0.000173195,0.000541672,0.0014323,3.41796,2,0,0,0,0,0,-1,1,-9.04572e-07,-3.41785e-06,-0.180533,0,4.01335,1,1010,1010,1010,1010,0,0,0,0,4.01763,56,-0.00202593,-0.0018903,56,-0.00442318,-0.00316263,55,0.000910099,-0.00342884,56,0.00353834,0.00212219,56,-0.00144408,-0.00256701,56,-0.00110333,-8.72903e-05,56,-0.00179969,0.00427242,56,0.00183845,0.00072621,52,-0.00227211,-0.000358531
