mono_ns,camera_ts_ns,v4l2_timestamp_ns,camera_dequeue_ns,v4l2_flags,v4l2_to_dequeue_ms,flow_send_ns,frame_pipeline_latency_ms,camera_queue_dropped,camera_queue_dropped_total,frame,guide_leg,guide_stage,valid,invalid_reason,bridge_pending,dt_s,features,tracked,inliers,inlier_ratio,t_features_ms,t_lk_ms,t_ransac_ms,t_post_ms,du_px,dv_px,du_norm,dv_norm,yaw_rate_cam_z,scale_rate,lk_height_scale,flow_cam_x,flow_cam_y,flow_body_x,flow_body_y,lever_valid,lever_production_applied,lever_flow_body_x,lever_flow_body_y,lever_pred_flow_x,lever_pred_flow_y,ab_fb_enabled,ab_fb_max_px,ab_fb_checked,ab_fb_pass,ab_fb_ratio,ab_fb_inliers,ab_fb_valid,ab_fb_flow_body_x,ab_fb_flow_body_y,ab_fb_t_ms,ab_robust_valid,ab_robust_flow_body_x,ab_robust_flow_body_y,ab_robust_sigma,ab_robust_mean_weight,ab_robust_downweighted,ab_robust_iters,ab_obs_valid,ab_obs_flow_body_x,ab_obs_flow_body_y,ab_obs_median_ratio,ab_obs_mean_weight,ab_obs_downweighted,quality,luna_m,luna_age_ms,range_to_fc_m,flow_send_x,flow_send_y,flow_sent,stabilised_publish_mode,stabilised_publish_ready,stabilised_publish_source,range_sent,fc_armed,ekf_local_valid,ekf_x_ned,ekf_y_ned,ekf_z_ned,ekf_vx_ned,ekf_vy_ned,ekf_vz_ned,ekf_age_ms,ekf_count,ekf_status_valid,ekf_flags,ekf_status_age_ms,ekf_status_count,ekf_vel_var,ekf_pos_h_var,ekf_pos_v_var,ekf_compass_var,ekf_terrain_var,return_event,rc_zero_seq,worked5_valid,worked5_points,worked5_hcam_m,worked5_du_norm,worked5_dv_norm,worked5_dx_m,worked5_dy_m,worked5_dN_m,worked5_dE_m,worked5_acc_n_m,worked5_acc_e_m,fc_roll,fc_pitch,fc_yaw,fc_gyro_x,fc_gyro_y,fc_gyro_z,fc_gyro_age_ms,fc_gyro_samples,ctrl_target_valid,ctrl_target_x,ctrl_target_y,ctrl_target_vx,ctrl_target_vy,ctrl_target_age_ms,att_target_valid,att_target_roll,att_target_pitch,att_target_yaw,att_target_thrust,att_target_age_ms,outputs_valid,out1,out2,out3,out4,out5,out6,out7,out8,outputs_age_ms,c0_n,c0_bx,c0_by,c1_n,c1_bx,c1_by,c2_n,c2_bx,c2_by,c3_n,c3_bx,c3_by,c4_n,c4_bx,c4_by,c5_n,c5_bx,c5_by,c6_n,c6_bx,c6_by,c7_n,c7_bx,c7_by,c8_n,c8_bx,c8_by
6042383885298,6042371351000,6042371351000,6042383868724,73729,12.5177,6042393302996,21.952,0,37803,145473,0,0,1,0,0,0.008047,330,329,329,1,2.37654,3.34093,0.517819,0.223797,0.00370789,-0.010437,-4.9815e-06,-1.48739e-05,-0.0104797,-0.00145481,1,-0.00184838,0.000619051,-0.000619051,-0.00184838,1,1,-0.0011737,-0.00172808,0.00055465,-0.000120298,0,0,0,0,0,0,0,0,0,0,0,0,0,0,0,0,0,0,0,0,0,0,0,255,0.21,8.81705,0.21,0.114554,0.179729,1,1,1,1,1,1,1,-0.633466,-3.03983,0.11081,0.00828253,-0.0075748,0.000256196,9.97581,36416,1,367,144.591,9104,0,0.000884653,0.00137064,0.000650537,0,0,0,1,329,0.215,-4.16256e-06,-1.26298e-05,-2.71541e-06,8.94951e-07,-2.47704e-06,1.42721e-06,0.0491425,0.1512,0.0172728,-0.0210041,-0.204361,0.000624938,-0.000517282,-0.00140805,8.17958,1,0,0,0,0,0,-1,1,-9.04615e-07,-3.41771e-06,-0.203979,0,8.59045,1,1010,1010,1010,1010,0,0,0,0,10.1969,56,0.000234845,0.000920611,55,-0.00792636,-0.00896324,56,0.00989236,-0.00418564,3,0.0203228,-0.00973511,0,0,0,3,-0.00232137,0.00443133,44,0.00384269,-0.00486983,56,-0.00481711,-0.000221241,56,-0.00234653,0.00108432
6042393917297,6042383303000,6042383303000,6042393894908,73729,10.5919,6042406363999,23.061,0,37803,145474,0,0,1,0,0,0.011952,331,331,316,0.954683,2.41335,4.54566,0.442059,0.256817,0.00337219,-0.0144348,1.39801e-05,-3.54492e-05,0.00627309,0.00188745,1,-0.00296596,-0.00116969,0.00116969,-0.00296596,1,1,0.00110892,-0.00308969,6.07647e-05,0.00012373,0,0,0,0,0,0,0,0,0,0,0,0,0,0,0,0,0,0,0,0,0,0,0,255,0.2,8.72429,0.2,-0.029503,-0.178899,1,1,1,1,0,1,1,-0.633466,-3.03983,0.11081,0.00828253,-0.0075748,0.000256196,23.0256,36416,1,367,157.641,9104,0,0.000884653,0.00137064,0.000650537,0,0,0,1,316,0.205,1.18171e-05,-3.01054e-05,-6.17161e-06,-2.42251e-06,-6.53252e-06,-1.11982e-06,0.049136,0.151199,0.0172331,-0.0210548,-0.204347,0.00035117,0.000507295,8.16282e-05,12.8343,1,0,0,0,0,0,-1,1,-9.04615e-07,-3.41771e-06,-0.203979,0,21.6391,1,1010,1010,1010,1010,0,0,0,0,23.2456,56,-0.000824827,-0.00787633,56,0.00123407,0.0102311,41,0.00387304,-0.00335971,2,0,0,0,0,0,3,-0.0193762,-0.00882101,46,0.00219213,-0.000425847,56,0.00161116,-0.00586058,56,0.00130496,-0.0021901
6042406898818,6042391354000,6042391354000,6042406881762,73729,15.5278,6042417617396,26.2634,0,37803,145475,0,0,1,0,0,0.008051,330,330,330,1,2.49991,3.99395,0.399651,0.249427,-0.0101929,0.0116272,-2.63054e-05,2.43799e-05,-0.00278659,-0.00293858,1,0.00302818,0.00326734,-0.00326734,0.00302818,1,1,-0.00269997,0.00286225,-0.000567367,0.000165926,0,0,0,0,0,0,0,0,0,0,0,0,0,0,0,0,0,0,0,0,0,0,0,255,0.2,1.41675,0.2,-0.0427246,-0.0700918,1,1,1,1,0,1,1,-0.633466,-3.03983,0.11081,0.00828253,-0.0075748,0.000256196,34.2963,36416,1,367,168.911,9104,0,0.000884653,0.00137064,0.000650537,0,0,0,1,330,0.205,-2.22901e-05,2.06993e-05,4.24336e-06,4.56947e-06,5.07958e-06,3.61328e-06,0.0491411,0.151203,0.0171795,-0.0211191,-0.204326,-0.000457895,0.000680295,0.00149465,11.0657,1,0,0,0,0,0,-1,1,-9.04615e-07,-3.41771e-06,-0.203979,0,32.9091,1,1010,1010,1010,1010,0,0,0,0,34.5156,56,0.00263227,0.00316726,56,-0.00844053,0.00225978,56,-0.00471474,0.00101749,2,0,0,0,0,0,1,0,0,47,-0.0035282,0.00352016,56,-0.0033874,0.00117625,56,-0.000587067,0.00726816
6042418168955,6042403300000,6042403300000,6042418153141,73729,14.8531,6042429971653,26.6717,0,37803,145476,0,0,1,0,0,0.011946,333,332,332,1,2.37626,2.59415,0.427281,0.217557,-0.0314178,0.0123138,-7.30832e-05,5.54591e-06,-0.00443557,0.00290604,1,0.000464249,0.0061178,-0.0061178,0.000464249,1,1,-0.00525655,0.000483002,-0.000861251,-1.87534e-05,0,0,0,0,0,0,0,0,0,0,0,0,0,0,0,0,0,0,0,0,0,0,0,255,0.2,2.50826,0.2,-0.00522219,0.00092718,1,1,1,1,0,1,1,-0.633466,-3.03983,0.11081,0.00828253,-0.0075748,0.000256196,46.6276,36416,1,367,181.243,9104,0,0.000884653,0.00137064,0.000650537,0,0,0,1,332,0.205,-6.19947e-05,4.71851e-06,9.67294e-07,1.27089e-05,3.52058e-06,1.22475e-05,0.0491446,0.151215,0.0171311,-0.0211804,-0.204308,-0.000945318,-7.68891e-05,0.00206865,12.14,1,0,0,0,0,0,-1,1,-9.04615e-07,-3.41771e-06,-0.203979,0,45.2459,1,1010,1010,1010,1010,0,0,0,0,46.8524,56,-0.00667651,0.00180697,55,-0.0042797,-0.0049121,56,-0.00801925,0.00413773,2,0,0,0,0,0,2,0,0,49,-0.00846875,0.00533401,56,-0.00250265,0.00148735,56,-0.00583569,-0.00151467
6042430499971,6042419330000,6042419330000,6042430491656,73729,11.1617,6042441050456,21.7205,1,37804,145477,0,0,1,0,0,0.01603,328,328,328,1,2.57648,3.40232,0.498004,0.226205,-0.014801,0.0100632,-2.63206e-05,3.93782e-05,7.28777e-05,-0.00104694,1,0.00245653,0.00164196,-0.00164196,0.00245653,1,1,-0.00128516,0.00243489,-0.000356796,2.16412e-05,0,0,0,0,0,0,0,0,0,0,0,0,0,0,0,0,0,0,0,0,0,0,0,255,0.2,4.71824,0.2,-0.000738522,0.0012136,1,1,1,1,0,1,1,-0.631597,-3.04159,0.110892,0.0121639,-0.0116332,0.000621905,1.15908,36417,1,367,1.12042,9105,0,0.000884653,0.00109618,0.00222348,0,0,0,1,328,0.205,-2.23116e-05,3.33628e-05,6.83937e-06,4.57388e-06,7.62184e-06,3.0911e-06,0.0491522,0.151218,0.0170612,-0.0212818,-0.204309,-0.000548676,8.8729e-05,0.000731351,0.986637,2,0,0,0,0,0,-1,1,-9.04615e-07,-3.41771e-06,-0.203933,0,1.37323,1,1010,1010,1010,1010,0,0,0,0,1.37766,56,-0.00103294,0.000145163,56,-0.0031482,0.00827567,56,-0.00235786,-0.000311567,1,0,0,0,0,0,1,0,0,46,-0.000721302,-0.000441172,56,-0.00240262,0.00218147,56,-0.000738673,0.00460442
6042441579663,6042431339000,6042431339000,6042441562885,73729,10.2239,6042452166315,20.8273,0,37804,145478,0,0,1,0,0,0.012009,328,328,328,1,2.39572,3.21943,0.478022,0.221446,0.0169678,-0.00149536,3.91261e-05,-2.52404e-05,0.00551079,-0.000709015,1,-0.00210179,-0.00325807,0.00325807,-0.00210179,1,1,0.00305937,-0.00204468,0.000198698,-5.71061e-05,0,0,0,0,0,0,0,0,0,0,0,0,0,0,0,0,0,0,0,0,0,0,0,255,0.21,5.62176,0.21,0.0803613,0.129233,1,1,1,1,1,1,1,-0.631597,-3.04159,0.110892,0.0121639,-0.0116332,0.000621905,12.2868,36417,1,367,12.2488,9105,0,0.000884653,0.00109618,0.00222348,0,0,0,1,328,0.215,3.3166e-05,-2.13475e-05,-4.58971e-06,-7.13068e-06,-5.93726e-06,-6.05086e-06,0.0491463,0.151212,0.0170461,-0.0213228,-0.204314,0.000223737,-0.000245556,-0.000504532,10.8677,1,0,0,0,0,0,-1,1,-9.04615e-07,-3.41771e-06,-0.203933,0,12.5332,1,1010,1010,1010,1010,0,0,0,0,12.5376,56,0.0046197,0.00248162,56,0.00813509,-0.00199196,56,0.00443051,-0.00236489,3,-0.0127263,0.00627956,0,0,0,1,0,0,44,0.0027796,0.00220428,56,0.00149078,-0.00236986,56,0.00237854,-0.000950366
6042452933746,6042439337000,6042439337000,6042452910320,73729,13.5733,6042462621058,23.2841,0,37804,145479,0,0,1,0,0,0.007998,331,330,330,1,2.36152,2.456,0.427577,0.217464,0.0318832,-0.0111542,2.77004e-05,-1.15389e-06,-0.0144441,-0.00658761,1,-0.000144273,-0.00346341,0.00346341,-0.000144273,1,1,0.0028401,-0.000185075,0.000623317,4.08025e-05,0,0,0,0,0,0,0,0,0,0,0,0,0,0,0,0,0,0,0,0,0,0,0,255,0.2,6.53023,0.2,0.0314243,0.0674911,1,1,1,1,0,1,1,-0.631597,-3.04159,0.110892,0.0121639,-0.0116332,0.000621905,22.7332,36417,1,367,22.6946,9105,0,0.000884653,0.00109618,0.00222348,0,0,0,1,330,0.205,2.35228e-05,-1.01309e-06,-2.07682e-07,-4.82218e-06,-1.17993e-06,-4.6794e-06,0.0491451,0.151207,0.0170503,-0.0213337,-0.20433,0.00116492,0.00016729,-0.00111254,10.2554,1,0,0,0,0,0,-1,1,-9.04615e-07,-3.41771e-06,-0.203933,0,22.9449,1,1010,1010,1010,1010,0,0,0,0,22.9493,56,0.000396205,-0.00616005,55,0.00605279,-0.00418981,56,0.0059585,0.00615598,1,0,0,0,0,0,2,0,0,48,0.0111144,-0.00304806,56,0.00709503,-0.000538603,56,0.00328991,-0.00218932
6042463151580,6042451324000,6042451324000,6042463134913,73729,11.8109,6042473462822,22.1388,0,37804,145480,0,0,1,0,0,0.011987,331,330,330,1,2.31944,2.94913,0.512671,0.259502,0.0173798,-0.0115585,3.65893e-05,-2.43988e-05,0.000967193,0.00324041,1,-0.00203543,-0.00305242,0.00305242,-0.00203543,1,1,0.00242171,-0.00218914,0.000630708,0.000153707,0,0,0,0,0,0,0,0,0,0,0,0,0,0,0,0,0,0,0,0,0,0,0,255,0.2,6.93916,0.2,-0.102034,-0.177366,1,1,1,1,0,1,1,-0.631597,-3.04159,0.110892,0.0121639,-0.0116332,0.000621905,33.5727,36417,1,367,33.5341,9105,0,0.000884653,0.00109618,0.00222348,0,0,0,1,330,0.205,3.10256e-05,-2.06875e-05,-4.24094e-06,-6.36024e-06,-5.43993e-06,-5.36711e-06,0.0491397,0.151202,0.0170487,-0.0213386,-0.204339,0.00108612,0.000630199,-0.00119982,10.6571,1,0,0,0,0,0,-1,1,-9.04615e-07,-3.41771e-06,-0.203933,0,33.7976,1,1010,1010,1010,1010,0,0,0,0,33.8021,56,0.00209276,0.000871017,55,0.00541813,-0.00177953,56,0.00245458,-0.00375338,2,0,0,0,0,0,2,0,0,47,7.18227e-05,-0.00360324,56,0.00256547,-0.000112228,56,0.00286196,-0.00336554
6042473997641,6042459346000,6042459346000,6042473981807,73729,14.6358,6042483003225,23.6572,0,37804,145481,0,0,1,0,0,0.008022,331,331,331,1,2.34844,2.61289,0.534041,0.220521,0.0154114,0.00675964,3.45657e-05,1.7642e-05,0.0107053,-0.00109069,1,0.0021992,-0.00430886,0.00430886,0.0021992,1,1,0.00400183,0.0023857,0.000307033,-0.000186501,0,0,0,0,0,0,0,0,0,0,0,0,0,0,0,0,0,0,0,0,0,0,0,255,0.2,7.65626,0.2,0.00219425,0.00165971,1,1,1,1,0,1,1,-0.631597,-3.04159,0.110892,0.0121639,-0.0116332,0.000621905,43.1164,36417,1,367,43.0779,9105,0,0.000884653,0.00109618,0.00222348,0,0,0,1,331,0.205,2.93186e-05,1.49678e-05,3.06839e-06,-6.01032e-06,1.7866e-06,-6.50736e-06,0.0491414,0.151195,0.0170451,-0.0213649,-0.204336,0.000679655,-0.000764652,-0.000463344,9.35453,1,0,0,0,0,0,-1,1,-9.04615e-07,-3.41771e-06,-0.203933,0,43.3368,1,1010,1010,1010,1010,0,0,0,0,0.210834,56,0.00665569,-0.00198915,56,-0.0020428,0.00625394,56,0.0066022,-0.000475825,2,0,0,0,0,0,3,-0.016942,0.00990257,46,0.00377355,0.00772509,56,0.00679117,-0.00161456,56,0.00674308,0.0014362
6042483558581,6042471324000,6042471324000,6042483541488,73729,12.2175,6042493787933,22.4639,0,37804,145482,0,0,1,0,0,0.011978,332,332,332,1,2.31979,2.68926,0.48767,0.21952,-0.0144348,-0.0240021,-4.08582e-05,-5.3407e-05,-0.00205402,0.00213421,1,-0.00445876,0.0034111,-0.0034111,-0.00445876,1,1,-0.00370385,-0.00428093,0.000292752,-0.000177826,0,0,0,0,0,0,0,0,0,0,0,0,0,0,0,0,0,0,0,0,0,0,0,255,0.21,7.05525,0.21,0.0702666,0.131053,1,1,1,1,0,1,1,-0.629857,-3.04322,0.110998,0.0154983,-0.0132702,0.000680444,10.7722,36418,1,367,53.8636,9105,0,0.000884653,0.00109618,0.00222348,0,0,0,1,332,0.215,-3.46553e-05,-4.52715e-05,-9.73337e-06,7.45089e-06,-8.01967e-06,9.26999e-06,0.0491334,0.151205,0.0170451,-0.0213649,-0.204336,0.000679655,-0.000764652,-0.000463344,20.1418,0,0,0,0,0,0,-1,1,-9.04615e-07,-3.41771e-06,-0.203955,0,0.200631,1,1010,1010,1010,1010,0,0,0,0,10.9887,56,-0.000908932,-0.00348189,56,-0.00504666,-0.0058329,56,-0.00192663,-0.00200386,0,0,0,0,0,0,2,0,0,50,-0.000477193,-0.00687232,56,-0.00365031,-0.00387951,56,-0.00350815,-0.00323321
6042494314715,6042479348000,6042479348000,6042494298844,73729,14.9508,6042503235465,23.8875,0,37804,145483,0,0,1,0,0,0.008024,329,329,329,1,2.35715,2.63957,0.468485,0.219668,-0.0189209,0.0223999,-3.74471e-05,3.74761e-05,0.00150107,0.0155431,1,0.0046705,0.00466689,-0.00466689,0.0046705,1,1,-0.00432423,0.00475569,-0.000342656,-8.51922e-05,0,0,0,0,0,0,0,0,0,0,0,0,0,0,0,0,0,0,0,0,0,0,0,255,0.2,7.68356,0.2,0.0499372,0.0947585,1,1,1,1,1,1,1,-0.629857,-3.04322,0.110998,0.0154983,-0.0132702,0.000680444,20.217,36418,1,367,63.3085,9105,0,0.000884653,0.00109618,0.00222348,0,0,0,1,329,0.205,-3.18334e-05,3.17166e-05,6.5019e-06,6.52585e-06,7.68679e-06,5.07072e-06,0.0491411,0.15121,0.0170235,-0.0213613,-0.204321,-0.000547627,-0.000349288,0.000685808,9.22547,2,0,0,0,0,0,-1,1,-9.04615e-07,-3.41771e-06,-0.203955,0,9.64926,1,1010,1010,1010,1010,0,0,0,0,20.4373,56,-0.00803354,0.00288786,56,0.0127454,0.00908704,56,-0.0053809,0.00491867,2,0,0,0,0,0,1,0,0,46,-0.002989,0.00329947,56,-0.00644694,0.00263659,56,-0.00721017,-0.00403131
6042503816062,6042491317000,6042491317000,6042503802636,73729,12.4856,6042514345713,23.0287,0,37804,145484,0,0,1,0,0,0.011969,329,328,328,1,2.32342,2.58185,0.517355,0.215872,-0.0262299,0.00710297,-6.95642e-05,-1.44834e-05,-0.00282162,0.00334118,1,-0.00121008,0.00581203,-0.00581203,-0.00121008,1,1,-0.00528497,-0.00105445,-0.000527059,-0.000155629,0,0,0,0,0,0,0,0,0,0,0,0,0,0,0,0,0,0,0,0,0,0,0,255,0.21,7.01922,0.21,-0.0468693,-0.0695541,1,1,1,1,0,1,1,-0.629857,-3.04322,0.110998,0.0154983,-0.0132702,0.000680444,31.3295,36418,1,367,74.4209,9105,0,0.000884653,0.00109618,0.00222348,0,0,0,1,328,0.215,-5.89706e-05,-1.22929e-05,-2.64298e-06,1.26787e-05,-1.9828e-08,1.29502e-05,0.0491411,0.151223,0.0170293,-0.0213498,-0.204316,-0.000971218,-0.000669205,0.00103611,10.9341,1,0,0,0,0,0,-1,1,-9.04615e-07,-3.41771e-06,-0.203955,0,20.7556,1,1010,1010,1010,1010,0,0,0,0,31.5437,56,-0.00286965,0.00107285,55,-0.00621989,-0.00175912,56,-0.00399412,0.00262097,2,0,0,0,0,0,1,0,0,46,-0.00175224,0.00168842,56,-0.00725181,-0.00183182,56,-0.00580308,0.00252322
6042514884143,6042499343000,6042499343000,6042514868383,73729,15.5254,6042524117377,24.7744,0,37804,145485,0,0,1,0,0,0.008026,326,326,326,1,2.33624,2.786,0.496059,0.226187,-0.0200348,0.0155182,1.91287e-05,2.48013e-05,0.0154755,-0.0091678,1,0.00309012,-0.00238334,0.00238334,0.00309012,1,1,0.00254453,0.00308355,-0.000161187,6.56969e-06,0,0,0,0,0,0,0,0,0,0,0,0,0,0,0,0,0,0,0,0,0,0,0,255,0.2,7.95282,0.2,0.0766608,0.109271,1,1,1,1,0,1,1,-0.629857,-3.04322,0.110998,0.0154983,-0.0132702,0.000680444,41.1057,36418,1,367,84.1971,9105,0,0.000884653,0.00109618,0.00222348,0,0,0,1,326,0.205,1.61334e-05,2.10504e-05,4.31533e-06,-3.30735e-06,3.55481e-06,-4.11372e-06,0.0491446,0.151219,0.0170384,-0.0213321,-0.20432,-0.000282344,2.69357e-05,0.000302818,9.56298,1,0,0,0,0,0,-1,1,-9.04615e-07,-3.41771e-06,-0.203955,0,30.5384,1,1010,1010,1010,1010,0,0,0,0,41.3265,56,-0.000979517,0.00646395,56,0.00731625,0.00388666,56,-0.00509603,-0.000911346,1,0,0,0,0,0,2,0,0,43,0.00206816,0.00118913,56,-0.00203265,0.00596871,56,0.000277379,0.00293873
6042524654140,6042511322000,6042511322000,6042524637732,73729,13.3157,6042535205698,23.8837,0,37804,145486,0,0,1,0,0,0.011979,334,334,334,1,2.3227,2.6557,0.49167,0.221576,0.00634766,0.0187607,-1.83804e-05,4.15564e-05,-0.00988215,-0.000113258,1,0.00346911,0.00153438,-0.00153438,0.00346911,1,1,-0.00180966,0.00364096,0.000275282,-0.000171859,0,0,0,0,0,0,0,0,0,0,0,0,0,0,0,0,0,0,0,0,0,0,0,255,0.2,7.57772,0.2,-0.105594,-0.185276,1,1,1,1,0,1,1,-0.629857,-3.04322,0.110998,0.0154983,-0.0132702,0.000680444,52.1889,36418,1,367,95.2804,9105,0,0.000884653,0.00109618,0.00222348,0,0,0,1,334,0.205,-1.55154e-05,3.52097e-05,7.21798e-06,3.18065e-06,7.7104e-06,1.64993e-06,0.0491524,0.15122,0.0170627,-0.0213114,-0.204338,0.000193138,-0.000704622,-0.000748413,10.8986,1,0,0,0,0,0,-1,1,-9.04615e-07,-3.41771e-06,-0.203974,0,0.198817,1,1010,1010,1010,1010,0,0,0,0,0.20252,56,0.00270546,-0.00141129,56,-0.0129571,0.00469749,56,0.00179201,0.0065613,1,0,0,0,0,0,2,0,0,51,-0.00184287,0.00123655,56,0.00167482,0.0025884,56,-0.00175136,0.0046771
6042535740702,6042519380000,6042519380000,6042535723610,73729,16.3436,6042544398710,25.0187,0,37804,145487,0,0,1,0,0,0.008058,329,329,297,0.902736,2.31989,2.879,0.449077,0.199353,0.00688171,-0.0236511,2.61451e-05,-5.55873e-05,-0.000666127,0.00551838,1,-0.0068984,-0.00324461,0.00324461,-0.0068984,1,1,0.00257549,-0.00681779,0.000669128,-8.06165e-05,0,0,0,0,0,0,0,0,0,0,0,0,0,0,0,0,0,0,0,0,0,0,0,255,0.2,8.53382,0.2,0.00219611,-0.00509849,1,1,1,1,0,1,1,-0.628262,-3.04471,0.111079,0.0159831,-0.0156797,0.000409502,9.18042,36419,1,367,104.476,9105,0,0.000884653,0.00109618,0.00222348,0,0,0,1,297,0.205,2.21238e-05,-4.71197e-05,-9.65954e-06,-4.53538e-06,-1.0375e-05,-2.4809e-06,0.049142,0.151218,0.0171022,-0.0212785,-0.204352,0.00123955,-0.000330528,-0.0012031,9.01638,1,0,0,0,0,0,-1,1,-9.04615e-07,-3.41771e-06,-0.203974,0,9.39751,1,1010,1010,1010,1010,0,0,0,0,9.40122,24,-0.00532268,-0.00833485,56,0.0102877,-0.016565,56,-0.00480556,-0.00587403,0,0,0,0,0,0,1,0,0,48,-0.00155228,-0.00159671,56,0.00255292,-0.0036022,56,0.003499,-0.0079599
6042544917121,6042531322000,6042531322000,6042544905510,73729,13.5835,6042555442902,24.1209,0,37804,145488,0,0,1,0,0,0.011942,330,330,330,1,2.35583,2.49637,0.515263,0.223632,0.0416718,-0.00224304,6.06907e-05,-8.09694e-06,-0.00027681,0.00647305,1,-0.000678022,-0.00508212,0.00508212,-0.000678022,1,1,0.00437534,-0.000677794,0.000706775,-2.28316e-07,0,0,0,0,0,0,0,0,0,0,0,0,0,0,0,0,0,0,0,0,0,0,0,255,0.2,7.54881,0.2,0.00496204,0.000203405,1,1,1,1,1,1,1,-0.628262,-3.04471,0.111079,0.0159831,-0.0156797,0.000409502,20.2193,36419,1,367,115.514,9105,0,0.000884653,0.00109618,0.00222348,0,0,0,1,330,0.205,5.14679e-05,-6.89308e-06,-1.41308e-06,-1.05509e-05,-3.5205e-06,-1.00439e-05,0.0491385,0.151208,0.0171256,-0.0212432,-0.20436,0.00146771,-9.36096e-07,-0.00114406,10.8279,1,0,0,0,0,0,-1,1,-9.04615e-07,-3.41771e-06,-0.203974,0,20.4305,1,1010,1010,1010,1010,0,0,0,0,20.4342,56,0.00403954,-0.00151446,56,0.00135348,-0.000204289,56,0.0077082,0.00279146,1,0,0,0,0,0,2,0,0,47,0.00797443,-0.00218283,56,0.00614299,-0.00138627,56,0.00575347,-0.00192263
6042556034017,6042539344000,6042539344000,6042555995184,73729,16.6512,6042565258659,25.9147,0,37804,145489,0,0,1,0,0,0.008022,325,325,325,1,2.33572,2.90196,0.450225,0.215909,0.0243835,-0.0162964,5.464e-05,-3.29276e-05,0.00516346,0.0064858,1,-0.00410466,-0.00681126,0.00681126,-0.00410466,1,1,0.00643191,-0.00412135,0.000379357,1.6686e-05,0,0,0,0,0,0,0,0,0,0,0,0,0,0,0,0,0,0,0,0,0,0,0,255,0.2,8.53388,0.2,0.00452329,-0.00225933,1,1,1,1,0,1,1,-0.628262,-3.04471,0.111079,0.0159831,-0.0156797,0.000409502,30.0456,36419,1,367,125.341,9105,0,0.000884653,0.00109618,0.00222348,0,0,0,1,325,0.205,4.63341e-05,-2.7917e-05,-5.72299e-06,-9.4985e-06,-7.52659e-06,-8.13902e-06,0.0491309,0.1512,0.0171513,-0.0212149,-0.204359,0.00108469,6.84126e-05,-0.000376543,9.63994,1,0,0,0,0,0,-1,1,-9.04615e-07,-3.41771e-06,-0.203974,0,30.2632,1,1010,1010,1010,1010,0,0,0,0,30.2669,56,0.00654003,-0.000157986,56,0.0243252,-0.011454,56,0.00291187,-0.0054923,1,0,0,0,0,0,1,0,0,43,0.00924753,-0.00257887,56,0.00431888,-0.00549615,56,0.00307113,-0.00372394
6042565786959,6042551317000,6042551317000,6042565770366,73729,14.4534,6042576401277,25.0843,0,37804,145490,0,0,1,0,0,0.011973,329,329,329,1,2.34059,2.84287,0.465966,0.22052,0.000671387,-0.00866699,-9.23292e-07,1.69917e-06,0.00180595,-0.000809064,1,0.000141917,7.71145e-05,-7.71145e-05,0.000141917,1,1,0.000195683,0.00011534,-0.000272797,2.65771e-05,0,0,0,0,0,0,0,0,0,0,0,0,0,0,0,0,0,0,0,0,0,0,0,255,0.2,8.12376,0.2,-0.00180963,-0.000461671,1,1,1,1,0,1,1,-0.628262,-3.04471,0.111079,0.0159831,-0.0156797,0.000409502,41.1818,36419,1,367,136.477,9105,0,0.000884653,0.00109618,0.00222348,0,0,0,1,329,0.205,-8.18756e-07,1.41245e-06,2.89552e-07,1.67845e-07,3.1746e-07,1.05597e-07,0.0491313,0.1512,0.0171705,-0.0211587,-0.204344,-3.21635e-05,0.000108966,0.000869044,10.9462,1,0,0,0,0,0,-1,1,-9.04615e-07,-3.41771e-06,-0.203974,0,41.3966,1,1010,1010,1010,1010,0,0,0,0,41.4003,56,-0.00366323,-0.0013847,56,0.00215862,0.010604,56,0.000828417,-0.00113731,1,0,0,0,0,0,3,0.0253953,0.00238397,45,0.000871079,-0.00393842,56,-0.000545599,-0.00272863,56,0.00192231,-0.000173158
6042576930207,6042559336000,6042559336000,6042576914577,73729,17.5786,6042587013928,27.6779,0,37804,145491,0,0,1,0,0,0.008019,331,330,330,1,2.33379,3.65916,0.512096,0.219094,-0.0158691,0.01091,-3.67733e-05,2.78703e-05,-0.0090926,0.0016691,1,0.00347553,0.00458577,-0.00458577,0.00347553,1,1,-0.00390785,0.00350336,-0.000677922,-2.78301e-05,0,0,0,0,0,0,0,0,0,0,0,0,0,0,0,0,0,0,0,0,0,0,0,255,0.2,9.13897,0.2,-0.00430786,0.00251218,1,1,1,1,0,1,1,-0.627122,-3.04578,0.111072,0.0166226,-0.0149738,0.000672468,0.645523,36420,1,367,147.084,9105,0,0.000884653,0.00109618,0.00222348,0,0,0,1,330,0.205,-3.11664e-05,2.36301e-05,4.84417e-06,6.38911e-06,6.0363e-06,5.27304e-06,0.0491373,0.151205,0.0172244,-0.0210315,-0.204327,-0.000890717,-0.000114103,0.00151101,0.477708,2,0,0,0,0,0,-1,1,-9.04615e-07,-3.41771e-06,-0.203946,0,0.860969,1,1010,1010,1010,1010,0,0,0,0,0.865136,56,-0.00217972,-0.0015147,55,-0.00326045,-0.00143686,56,-0.00626526,0.00573063,2,0,0,0,0,0,2,0,0,47,-0.00581221,0.00461385,56,-0.00692898,0.00406644,56,-0.00311938,-0.000598323
6042587531229,6042579337000,6042579337000,6042587523691,73729,8.18669,6042599366500,20.0295,1,37805,145492,0,0,1,0,0,0.020001,333,332,332,1,2.33424,2.86289,0.460299,0.218094,-0.0573578,0.0085144,-9.56925e-05,1.26624e-05,-0.000739712,0.00442778,1,0.000633088,0.00478438,-0.00478438,0.000633088,1,1,-0.00402666,0.000697239,-0.000757728,-6.4151e-05,0,0,0,0,0,0,0,0,0,0,0,0,0,0,0,0,0,0,0,0,0,0,0,255,0.2,-0.539466,0.2,-0.00439685,0.000936205,1,1,1,1,0,1,1,-0.627122,-3.04578,0.111072,0.0166226,-0.0149738,0.000672468,13.0184,36420,1,367,159.457,9105,0,0.000884653,0.00109618,0.00222348,0,0,0,1,332,0.205,-8.11792e-05,1.07184e-05,2.19728e-06,1.66417e-05,5.52143e-06,1.58486e-05,0.0491428,0.151221,0.0172244,-0.0210315,-0.204327,-0.00115103,-0.000263019,0.00156452,12.8242,0,0,0,0,0,0,-1,1,-9.04615e-07,-3.41771e-06,-0.203946,0,13.2355,1,1010,1010,1010,1010,0,0,0,0,13.2397,56,-0.0050063,0.00139245,55,-0.00195762,0.00124656,56,-0.0041441,-0.00127284,2,0,0,0,0,0,2,0,0,49,-0.00528561,0.000369661,56,-0.00640365,0.00166511,56,-0.006914,-0.000353297
6042599888115,6042591314000,6042591314000,6042599872782,73729,8.55878,6042609896429,18.5824,0,37805,145493,0,0,1,0,0,0.011977,325,324,324,1,2.34487,2.54018,0.444058,0.214131,-0.023468,-0.00184631,-7.00202e-05,8.36322e-06,-0.00559132,0.00188765,1,0.000698273,0.00584622,-0.00584622,0.000698273,1,1,-0.00570894,0.00070039,-0.000137285,-2.1165e-06,0,0,0,0,0,0,0,0,0,0,0,0,0,0,0,0,0,0,0,0,0,0,0,255,0.2,1.64653,0.2,-0.00293731,0.000636629,1,1,1,1,1,1,1,-0.627122,-3.04578,0.111072,0.0166226,-0.0149738,0.000672468,23.5335,36420,1,367,169.972,9105,0,0.000884653,0.00109618,0.00222348,0,0,0,1,324,0.205,-5.94212e-05,7.05144e-06,1.44554e-06,1.21813e-05,3.88253e-06,1.16337e-05,0.0491467,0.151232,0.0172971,-0.0208969,-0.204357,-0.000462376,-8.67766e-06,8.03936e-05,8.87119,2,0,0,0,0,0,-1,1,-9.04615e-07,-3.41771e-06,-0.203946,0,23.7478,1,1010,1010,1010,1010,0,0,0,0,23.752,56,-0.00689667,-0.00381325,55,-0.0119234,0.00758558,56,-0.00503553,0.00142786,0,0,0,0,0,0,1,0,0,44,-0.00113791,-0.00139339,56,-0.00458527,-0.000706419,56,-0.00456364,0.00197394
6042610515804,6042599336000,6042599336000,6042610497767,73729,11.1618,6042619002792,19.6668,0,37805,145494,0,0,1,0,0,0.008022,326,325,325,1,2.34852,2.50522,0.481022,0.213779,0.00888062,0.0211182,3.42315e-05,4.66024e-05,0.00453247,-0.00126966,1,0.00580933,-0.0042672,0.0042672,0.00580933,1,1,0.00408119,0.00574099,0.000186009,6.83429e-05,0,0,0,0,0,0,0,0,0,0,0,0,0,0,0,0,0,0,0,0,0,0,0,255,0.2,2.14542,0.2,0.00342407,0.00478455,1,1,1,1,0,1,1,-0.627122,-3.04578,0.111072,0.0166226,-0.0149738,0.000672468,32.6664,36420,1,367,179.105,9105,0,0.000884653,0.00109618,0.00222348,0,0,0,1,325,0.205,2.90378e-05,3.9551e-05,8.10796e-06,-5.95275e-06,6.73176e-06,-7.47349e-06,0.0491534,0.151225,0.0172971,-0.0208969,-0.204357,-0.000180244,0.000280206,-0.000754304,17.9816,0,0,0,0,0,0,-1,1,-9.04615e-07,-3.41771e-06,-0.203946,0,32.8845,1,1010,1010,1010,1010,0,0,0,0,32.8887,56,0.00401065,0.0082236,55,0.00908245,3.00011e-05,56,0.00632535,0.00444041,1,0,0,0,0,0,2,0,0,43,-0.00334782,0.00806723,56,0.0034577,0.00743388,56,0.00286049,0.000942587
6042619581351,6042611312000,6042611312000,6042619564981,73729,8.25298,6042628943697,17.6317,0,37805,145495,0,0,1,0,0,0.011976,328,328,328,1,2.33537,2.51141,0.441096,0.218927,0.0202789,-0.0129242,1.70985e-05,-2.96698e-05,-0.0023888,0.00365477,1,-0.00247744,-0.00142773,0.00142773,-0.00247744,1,1,0.000477035,-0.00252452,0.000950694,4.70885e-05,0,0,0,0,0,0,0,0,0,0,0,0,0,0,0,0,0,0,0,0,0,0,0,255,0.2,1.03686,0.2,0.00296405,-0.00164566,1,1,1,1,0,1,1,-0.627122,-3.04578,0.111072,0.0166226,-0.0149738,0.000672468,42.5807,36420,1,367,189.019,9105,0,0.000884653,0.00109618,0.00222348,0,0,0,1,328,0.205,1.45628e-05,-2.51568e-05,-5.15714e-06,-2.98537e-06,-5.65348e-06,-1.87651e-06,0.0491478,0.151223,0.0173523,-0.0208376,-0.204386,0.00103744,0.000193063,-0.00228832,9.69994,1,0,0,0,0,0,-1,1,-9.04615e-07,-3.41771e-06,-0.203946,0,42.8071,1,1010,1010,1010,1010,0,0,0,0,42.8113,56,0.00351681,-0.00283005,56,-0.00726661,-0.00250488,56,0.00246297,-0.00202126,2,0,0,0,0,0,1,0,0,45,0.00426039,-0.00204138,56,0.00206707,-0.00389284,56,0.00495702,0.00201183
6042629493294,6042619332000,6042619332000,6042629477646,73729,10.1456,6042638336266,19.0043,0,37805,145496,0,0,1,0,0,0.00802,329,329,329,1,2.36113,2.92393,0.442707,0.212575,0.0322266,0.00616455,7.16398e-05,4.45494e-06,0.00263365,0.000593939,1,0.000555479,-0.00893264,0.00893264,0.000555479,1,1,0.00803929,0.000589014,0.000893351,-3.35352e-05,0,0,0,0,0,0,0,0,0,0,0,0,0,0,0,0,0,0,0,0,0,0,0,255,0.2,0.831432,0.2,0.006032,5.72187e-05,1,1,1,1,0,1,1,-0.626309,-3.04657,0.11106,0.0152975,-0.0146654,0.000462933,2.19818,36421,1,367,198.408,9105,0,0.000884653,0.00109618,0.00222348,0,0,0,1,329,0.205,6.07303e-05,3.78838e-06,7.76619e-07,-1.24497e-05,-1.76212e-06,-1.23472e-05,0.049146,0.151211,0.0174444,-0.0207219,-0.204413,0.00130493,-0.000137494,-0.00188624,2.02877,2,0,0,0,0,0,-1,1,-9.04616e-07,-3.41771e-06,-0.204028,0,2.40763,1,1010,1010,1010,1010,0,0,0,0,2.41179,56,0.0078069,-0.00147479,56,0.0103787,-0.00274957,56,0.00239684,0.00284804,1,0,0,0,0,0,1,0,0,47,0.00779571,-0.00162229,56,0.0105007,0.00107746,56,0.00768032,0.0031834
6042638859677,6042627362000,6042627362000,6042638844918,73729,11.4829,6042648355709,20.9937,0,37805,145497,0,0,1,0,0,0.00803,326,326,326,1,2.36713,2.5193,0.389891,0.21978,0.0266266,-0.0142746,4.5934e-05,-2.34366e-05,0.00488323,-0.00231693,1,-0.00291862,-0.0057203,0.0057203,-0.00291862,1,1,0.00501934,-0.00280789,0.000700962,-0.000110733,0,0,0,0,0,0,0,0,0,0,0,0,0,0,0,0,0,0,0,0,0,0,0,255,0.2,0.013204,0.2,0.00387009,-0.00287135,1,1,1,1,0,1,1,-0.626309,-3.04657,0.11106,0.0152975,-0.0146654,0.000462933,12.2451,36421,1,367,10.019,9106,0,0.000884653,0.00274863,0.00243421,0,0,0,1,326,0.205,3.89479e-05,-1.9881e-05,-4.0756e-06,-7.98433e-06,-5.60757e-06,-6.99036e-06,0.0491404,0.151204,0.0174444,-0.0207219,-0.204413,0.00121235,-0.000454004,-0.00132928,12.0461,0,0,0,0,0,0,-1,1,-9.04616e-07,-3.41771e-06,-0.204028,0,12.4656,1,1010,1010,1010,1010,0,0,0,0,12.4698,56,0.00566122,-0.00564047,56,0.0158901,0.00356742,56,0.00348722,-0.00460455,1,0,0,0,0,0,2,0,0,43,0.0079995,-0.00246665,56,0.00729914,-0.00237587,56,0.00568469,-0.00593306
6042648923010,6042639335000,6042639335000,6042648906510,73729,9.57151,6042658154540,18.8195,0,37805,145498,0,0,1,0,0,0.011973,325,325,325,1,2.36692,2.42891,0.497596,0.21502,0.00839233,-0.00323486,2.23904e-05,8.89743e-06,0.00187482,0.00156745,1,0.000743125,-0.00187007,0.00187007,0.000743125,1,1,0.00177845,0.000868806,9.16247e-05,-0.000125681,0,0,0,0,0,0,0,0,0,0,0,0,0,0,0,0,0,0,0,0,0,0,0,255,0.2,-0.030056,0.2,0.000386793,0.000797021,1,1,1,1,0,1,1,-0.626309,-3.04657,0.11106,0.0152975,-0.0146654,0.000462933,22.0474,36421,1,367,19.8213,9106,0,0.000884653,0.00274863,0.00243421,0,0,0,1,325,0.205,1.89844e-05,7.55066e-06,1.54789e-06,-3.89181e-06,7.26872e-07,-4.12462e-06,0.0491411,0.1512,0.0174722,-0.0206621,-0.204401,0.000467573,-0.000515294,7.35293e-05,9.58563,1,0,0,0,0,0,-1,1,-9.04616e-07,-3.41771e-06,-0.204028,0,22.2638,1,1010,1010,1010,1010,0,0,0,0,22.2679,56,-0.00209805,0.00465895,56,0.0152881,0.00641864,56,0.00418601,-0.00363745,1,0,0,0,0,0,1,0,0,43,-0.00325799,-0.00118897,56,0.000236351,-0.00317536,56,0.000955613,-0.00135607
6042658720359,6042647342000,6042647342000,6042658708470,73729,11.3665,6042668055613,20.7136,0,37805,145499,0,0,1,0,0,0.008007,327,327,327,1,2.37216,2.47937,0.448762,0.214446,-0.00863647,-0.00842285,-8.64277e-06,6.29224e-06,-0.00225552,-0.0169453,1,0.000785842,0.0010794,-0.0010794,0.000785842,1,1,-0.000376183,0.000822838,-0.000703219,-3.69962e-05,0,0,0,0,0,0,0,0,0,0,0,0,0,0,0,0,0,0,0,0,0,0,0,255,0.2,-0.382059,0.2,-0.00240018,-0.00104304,1,1,1,1,1,1,1,-0.626309,-3.04657,0.11106,0.0152975,-0.0146654,0.000462933,31.9416,36421,1,367,29.7155,9106,0,0.000884653,0.00274863,0.00243421,0,0,0,1,327,0.205,-7.29778e-06,5.34807e-06,1.09635e-06,1.49605e-06,1.37637e-06,1.24233e-06,0.0491425,0.151201,0.0174859,-0.0206143,-0.204376,-0.000430431,-0.000151684,0.00196221,9.65587,1,0,0,0,0,0,-1,1,-9.04616e-07,-3.41771e-06,-0.204028,0,32.1618,1,1010,1010,1010,1010,0,0,0,0,32.166,56,0.0008573,-0.00413486,56,-0.000892473,-0.00961866,56,2.17519e-05,0.000817484,2,0,0,0,0,0,1,0,0,44,0.000249817,0.00362131,56,-0.00273348,0.00552735,56,-0.00166868,-0.0020947
6042668662487,6042659328000,6042659328000,6042668645172,73729,9.31717,6042678838673,19.5107,0,37805,145500,0,0,1,0,0,0.011986,336,336,336,1,2.354,2.51509,0.434874,0.220002,-0.0441818,0.0056076,-7.20533e-05,1.39476e-06,-0.0040461,0.00488642,1,0.000116366,0.00601145,-0.00601145,0.000116366,1,1,-0.00469692,6.74857e-05,-0.00131454,4.888e-05,0,0,0,0,0,0,0,0,0,0,0,0,0,0,0,0,0,0,0,0,0,0,0,255,0.2,-0.574856,0.2,-0.00578997,0.00122136,1,1,1,1,0,1,1,-0.626309,-3.04657,0.11106,0.0152975,-0.0146654,0.000462933,42.7283,36421,1,367,40.5024,9106,0,0.000884653,0.00274863,0.00243421,0,0,0,1,336,0.205,-6.11495e-05,1.15492e-06,2.36759e-07,1.25356e-05,2.77079e-06,1.22258e-05,0.0491453,0.151213,0.0174975,-0.0205603,-0.204346,-0.0013531,0.000200408,0.0032292,10.5698,1,0,0,0,0,0,-1,1,-9.04616e-07,-3.41771e-06,-0.204028,0,42.9481,1,1010,1010,1010,1010,0,0,0,0,42.9523,56,-0.0100264,0.00361539,56,-0.00516945,-0.000508049,56,-0.00686298,-0.000484338,2,0,0,0,0,0,2,0,0,52,-0.00687679,0.000752744,56,-0.00908413,0.0014348,56,-0.00806255,0.000160758
6042679495011,6042667351000,6042667351000,6042679483918,73729,12.1329,6042688499243,21.1482,0,37805,145501,0,0,1,0,0,0.008023,329,329,329,1,2.31711,2.92208,0.459003,0.214001,-0.0217743,0.00801086,-2.68379e-05,2.34977e-05,0.00865912,-0.00541726,1,0.00292879,0.00334513,-0.00334513,0.00292879,1,1,-0.00244893,0.00296348,-0.000896198,-3.46847e-05,0,0,0,0,0,0,0,0,0,0,0,0,0,0,0,0,0,0,0,0,0,0,0,255,0.19,0.050575,0.19,-0.00354023,0.00196972,1,1,1,1,0,1,1,-0.625689,-3.04713,0.111081,0.0143361,-0.0133737,0.00043604,1.979,36422,1,367,50.1355,9106,0,0.000884653,0.00274863,0.00243421,0,0,0,1,329,0.195,-2.28182e-05,1.99356e-05,3.88743e-06,4.44956e-06,4.70694e-06,3.56799e-06,0.04915,0.151217,0.0175307,-0.0204823,-0.204333,-0.000918656,-0.00013527,0.00206121,1.80688,2,0,0,0,0,0,-1,1,-9.04616e-07,-3.41771e-06,-0.203946,0,2.19052,1,1010,1010,1010,1010,0,0,0,0,2.19496,56,-0.00866283,0.00348485,56,0.00704712,0.00361656,56,-0.00611223,-0.00100456,0,0,0,0,0,0,1,0,0,48,-0.00380773,0.00562717,56,-0.00493589,0.00207544,56,-0.00144253,0.00108316
6042689016136,6042679381000,6042679381000,6042689002932,73729,9.62193,6042698882300,19.5013,0,37805,145502,0,0,1,0,0,0.01203,329,329,329,1,2.36826,2.46248,0.429966,0.217539,-0.0248108,0.0121155,-8.55563e-05,-6.68793e-06,-0.00846349,0.00701125,1,-0.000555938,0.00711191,-0.00711191,-0.000555938,1,1,-0.00650911,-0.000451009,-0.0006028,-0.000104928,0,0,0,0,0,0,0,0,0,0,0,0,0,0,0,0,0,0,0,0,0,0,0,255,0.2,-0.507022,0.2,-0.164762,-0.263067,1,1,1,1,0,1,1,-0.625689,-3.04713,0.111081,0.0143361,-0.0133737,0.00043604,12.3923,36422,1,367,60.5487,9106,0,0.000884653,0.00274863,0.00243421,0,0,0,1,329,0.205,-7.25057e-05,-5.66428e-06,-1.16118e-06,1.48637e-05,1.87358e-06,1.47889e-05,0.0491519,0.151231,0.0175307,-0.0204823,-0.204333,-0.000773589,-0.000430206,0.00135831,12.1928,0,0,0,0,0,0,-1,1,-9.04616e-07,-3.41771e-06,-0.203946,0,12.6157,1,1010,1010,1010,1010,0,0,0,0,12.6201,56,-0.00291856,0.0017935,56,-0.0125806,-0.00577988,56,-0.0043922,0.00285546,2,0,0,0,0,0,2,0,0,45,-0.00420688,-0.00074505,56,-0.00230439,-0.00108091,56,-0.00767972,0.00358234
6042699468138,6042687349000,6042687349000,6042699452268,73729,12.1033,6042707969682,20.6207,0,37805,145503,0,0,1,0,0,0.007968,327,327,327,1,2.33265,2.49941,0.4433,0.217409,0.0172119,-0.00384521,3.83722e-05,-2.44272e-06,0.0112675,-0.00237895,1,-0.000306567,-0.00481578,0.00481578,-0.000306567,1,1,0.00463741,-0.00027667,0.00017837,-2.98965e-05,0,0,0,0,0,0,0,0,0,0,0,0,0,0,0,0,0,0,0,0,0,0,0,255,0.21,-0.210076,0.21,0.210051,0.312841,1,1,1,1,0,1,1,-0.625689,-3.04713,0.111081,0.0143361,-0.0133737,0.00043604,21.5094,36422,1,367,69.6658,9106,0,0.000884653,0.00274863,0.00243421,0,0,0,1,327,0.215,3.25052e-05,-2.09817e-06,-4.51106e-07,-6.98862e-06,-1.85722e-06,-6.75112e-06,0.04915,0.151225,0.0175609,-0.0204481,-0.20436,-1.68902e-05,-0.000128555,-0.000627104,8.86257,1,0,0,0,0,0,-1,1,-9.04616e-07,-3.41771e-06,-0.203946,0,21.7314,1,1010,1010,1010,1010,0,0,0,0,21.7358,56,0.0038164,-0.00514588,56,0.00239181,0.0101254,56,0.00440515,-0.00256222,1,0,0,0,0,0,2,0,0,44,0.0111849,-0.00040195,56,0.0029614,-0.00200892,56,0.00300455,0.000487246
6042708566779,6042699348000,6042699348000,6042708549241,73729,9.20124,6042718866724,19.5187,0,37805,145504,0,0,1,0,0,0.011999,334,334,334,1,2.3347,2.67267,0.470985,0.219094,0.0112839,-0.00583649,2.59684e-05,-1.82243e-05,0.000966844,0.00611099,1,-0.00151882,-0.00216421,0.00216421,-0.00151882,1,1,0.00127908,-0.00146395,0.000885129,-5.48706e-05,0,0,0,0,0,0,0,0,0,0,0,0,0,0,0,0,0,0,0,0,0,0,0,255,0.21,8.88856,0.21,0.163927,0.325228,1,1,1,1,0,1,1,-0.625689,-3.04713,0.111081,0.0143361,-0.0133737,0.00043604,32.3745,36422,1,367,80.5312,9106,0,0.000884653,0.00274863,0.00243421,0,0,0,1,334,0.215,2.20129e-05,-1.54425e-05,-3.32013e-06,-4.73278e-06,-4.20915e-06,-3.96013e-06,0.0491458,0.151221,0.017586,-0.0204201,-0.204393,0.000517952,-0.000235943,-0.00263048,10.6445,1,0,0,0,0,0,-1,1,-9.04616e-07,-3.41771e-06,-0.203946,0,32.5952,1,1010,1010,1010,1010,0,0,0,0,32.5996,56,-0.000260308,-0.00386906,56,-0.00155787,-0.00467658,56,0.00100059,0.00237952,2,0,0,0,0,0,2,0,0,50,0.00177531,-0.00202895,56,0.00396816,-0.00228541,56,0.00338001,-0.00193381
6042719446543,6042707353000,6042707353000,6042719430469,73729,12.0775,6042728195755,20.8428,0,37805,145505,0,0,1,0,0,0.008005,330,330,330,1,2.33822,2.50615,0.402077,0.218446,0.0473251,-0.0138168,9.73162e-05,-1.14821e-05,0.0019245,-0.00141305,1,-0.00143437,-0.0121569,0.0121569,-0.00143437,1,1,0.0110716,-0.00143962,0.00108537,5.25187e-06,0,0,0,0,0,0,0,0,0,0,0,0,0,0,0,0,0,0,0,0,0,0,0,255,0.21,-0.520245,0.21,0.0171596,0.0152063,1,1,1,1,1,1,1,-0.625689,-3.04713,0.111081,0.0143361,-0.0133737,0.00043604,41.707,36422,1,367,89.8635,9106,0,0.000884653,0.00274863,0.00243421,0,0,0,1,330,0.215,8.25268e-05,-9.7486e-06,-2.09595e-06,-1.77433e-05,-5.64702e-06,-1.6947e-05,0.0491401,0.151204,0.0176046,-0.0203904,-0.204424,0.000699429,2.25831e-05,-0.00317415,9.0921,1,0,0,0,0,0,-1,1,-9.04616e-07,-3.41771e-06,-0.203946,0,41.9281,1,1010,1010,1010,1010,0,0,0,0,41.9325,56,0.0150512,-0.00344481,56,0.0219056,-0.00487774,56,0.0102537,-0.00186708,2,0,0,0,0,0,1,0,0,47,0.0112721,-0.00631997,56,0.0104184,-0.00151582,56,0.0091504,-0.00228466
6042728826019,6042719341000,6042719341000,6042728807963,73729,9.46696,6042739133539,19.7925,0,37805,145506,0,0,1,0,0,0.011988,331,331,331,1,2.37826,2.93248,0.380799,0.217021,0.0175476,-0.00723267,2.98637e-05,-1.24988e-05,-0.0014926,-0.00544909,1,-0.00104261,-0.00249114,0.00249114,-0.00104261,1,1,0.00201164,-0.0010294,0.000479495,-1.32037e-05,0,0,0,0,0,0,0,0,0,0,0,0,0,0,0,0,0,0,0,0,0,0,0,255,0.21,8.85923,0.21,0.00131623,-0.00129464,1,1,1,1,0,1,1,-0.625281,-3.04754,0.11113,0.0131256,-0.0118778,0.0004885,2.59893,36423,1,367,100.768,9106,0,0.000884653,0.00274863,0.00243421,0,0,0,1,331,0.215,2.53291e-05,-1.05912e-05,-2.2771e-06,-5.44575e-06,-3.33266e-06,-4.86975e-06,0.0491368,0.151199,0.0176379,-0.0203482,-0.204427,0.000512469,-5.67758e-05,-0.00123949,2.4292,2,0,0,0,0,0,-1,1,-9.04616e-07,-3.41771e-06,-0.204038,0,2.81571,1,1010,1010,1010,1010,0,0,0,0,2.81995,56,0.00154953,0.00046166,56,0.00270476,-0.00010011,56,0.00141451,-0.000868661,1,0,0,0,0,0,2,0,0,48,-0.000359347,0.00157095,56,0.00387162,-0.00217618,56,0.00238795,-0.000881385
6042739657080,6042727354000,6042727354000,6042739642394,73729,12.2884,6042748421884,21.0679,0,37805,145507,0,0,1,0,0,0.008013,328,328,328,1,2.33004,2.49098,0.435132,0.218798,0.00226593,-0.0127411,1.78723e-06,-4.06806e-05,0.00595796,0.00147453,1,-0.00507683,-0.000223041,0.000223041,-0.00507683,1,1,-2.67852e-06,-0.0050066,0.00022572,-7.023e-05,0,0,0,0,0,0,0,0,0,0,0,0,0,0,0,0,0,0,0,0,0,0,0,255,0.2,-0.598726,0.2,-0.17017,-0.260533,1,1,1,1,0,1,1,-0.625281,-3.04754,0.11113,0.0131256,-0.0118778,0.0004885,11.9196,36423,1,367,110.089,9106,0,0.000884653,0.00274863,0.00243421,0,0,0,1,328,0.205,1.49185e-06,-3.44804e-05,-7.06848e-06,-3.0583e-07,-6.98183e-06,1.13521e-06,0.0491298,0.1512,0.0176379,-0.0203482,-0.204427,0.00048996,-0.000287943,-0.000348392,11.7173,0,0,0,0,0,0,-1,1,-9.04616e-07,-3.41771e-06,-0.204038,0,12.1371,1,1010,1010,1010,1010,0,0,0,0,12.1413,56,-0.00120223,-0.00681936,56,0.00124032,-0.0150233,56,-0.00616723,-8.26137e-05,1,0,0,0,0,0,1,0,0,46,0.0065977,-0.00393697,56,0.00286928,-0.00104234,56,0.00271251,-0.0018032
6042748979740,6042739329000,6042739329000,6042748962610,73729,9.63361,6042759005332,19.6763,0,37805,145508,0,0,1,0,0,0.011975,333,333,333,1,2.37007,2.4955,0.444373,0.221557,-0.0236511,0.0161896,-5.23163e-05,4.72873e-05,-0.00326862,0.00456135,1,0.00394884,0.00436879,-0.00436879,0.00394884,1,1,-0.00397142,0.00395698,-0.000397371,-8.14669e-06,0,0,0,0,0,0,0,0,0,0,0,0,0,0,0,0,0,0,0,0,0,0,0,255,0.2,8.72393,0.2,-0.0441313,-0.0657992,1,1,1,1,0,1,1,-0.625281,-3.04754,0.11113,0.0131256,-0.0118778,0.0004885,22.5013,36423,1,367,120.67,9106,0,0.000884653,0.00274863,0.00243421,0,0,0,1,333,0.205,-4.43906e-05,4.00431e-05,8.20884e-06,9.10007e-06,9.87999e-06,7.24396e-06,0.0491397,0.151207,0.017641,-0.0203266,-0.204407,-0.000106323,-3.34014e-05,0.00121832,10.3612,1,0,0,0,0,0,-1,1,-9.04616e-07,-3.41771e-06,-0.204038,0,22.7228,1,1010,1010,1010,1010,0,0,0,0,22.727,56,-0.00960429,0.00101373,56,0.0017466,0.0140256,56,0.000996841,0.00298651,1,0,0,0,0,0,3,0.0187332,-0.00472591,49,-0.00560948,0.00175098,56,-0.00498535,0.00142106,56,-0.00377631,0.000418726
6042759563688,6042747352000,6042747352000,6042759548688,73729,12.1967,6042769847504,22.4955,0,37805,145509,0,0,1,0,0,0.008023,330,330,330,1,2.33509,2.49206,0.480688,0.22165,-0.0360718,-0.00921631,-7.22213e-05,-1.26805e-05,-0.00699457,-0.01753,1,-0.00158051,0.00900178,-0.00900178,-0.00158051,1,1,-0.00798781,-0.0013549,-0.00101397,-0.00022561,0,0,0,0,0,0,0,0,0,0,0,0,0,0,0,0,0,0,0,0,0,0,0,255,0.2,9.17918,0.2,-0.00751332,-0.00218492,1,1,1,1,0,1,1,-0.625281,-3.04754,0.11113,0.0131256,-0.0118778,0.0004885,33.3403,36423,1,367,131.509,9106,0,0.000884653,0.00274863,0.00243421,0,0,0,1,330,0.205,-6.11865e-05,-1.0697e-05,-2.19288e-06,1.25432e-05,3.94153e-07,1.27261e-05,0.0491401,0.15122,0.0176375,-0.0203294,-0.204378,-0.000851534,-0.000924999,0.0026446,10.6232,1,0,0,0,0,0,-1,1,-9.04616e-07,-3.41771e-06,-0.204038,0,33.5574,1,1010,1010,1010,1010,0,0,0,0,33.5617,56,-0.000473799,-0.0014115,56,-0.0083359,-0.004023,56,-0.0140463,-0.00174855,1,0,0,0,0,0,3,-0.0601989,-0.0117109,46,-0.0103189,0.00955377,56,-0.011332,0.0019889,56,-0.00379626,-0.0029147
6042770375674,6042759320000,6042759320000,6042770360896,73729,11.0409,6042780435747,21.1157,0,37805,145510,0,0,1,0,0,0.011968,329,329,329,1,2.36146,2.5277,0.475726,0.21789,-0.0382996,0.0243683,-6.05515e-05,6.12074e-05,-0.00352233,-0.00583626,1,0.00511425,0.00505945,-0.00505945,0.00511425,1,1,-0.0041716,0.00524943,-0.000887848,-0.000135179,0,0,0,0,0,0,0,0,0,0,0,0,0,0,0,0,0,0,0,0,0,0,0,255,0.2,-0.295984,0.2,-0.00425169,0.0038973,1,1,1,1,1,1,1,-0.625281,-3.04754,0.11113,0.0131256,-0.0118778,0.0004885,43.9086,36423,1,367,142.078,9106,0,0.000884653,0.00274863,0.00243421,0,0,0,1,329,0.205,-5.13368e-05,5.19069e-05,1.06409e-05,1.0524e-05,1.25491e-05,8.14517e-06,0.0491527,0.151228,0.0176299,-0.0203014,-0.204361,-0.00114573,-0.000554232,0.00199555,8.88201,2,0,0,0,0,0,-1,1,-9.04616e-07,-3.41771e-06,-0.204038,0,44.1289,1,1010,1010,1010,1010,0,0,0,0,44.1332,56,-0.00872632,0.00484562,56,-0.00733525,0.0100179,56,-0.00398505,0.00536803,1,0,0,0,0,0,2,0,0,46,-0.00688137,0.00105968,56,-0.00461231,0.00440086,56,-0.00590736,0.00457162
6042781039085,6042767401000,6042767401000,6042781022326,73729,13.6213,6042790408154,23.0072,0,37805,145511,0,0,1,0,0,0.008081,331,331,331,1,2.4168,2.86413,0.503374,0.244909,-0.00784302,0.0088501,-5.68814e-06,5.37862e-06,0.00758487,0.00386306,1,0.000665589,0.000703891,-0.000703891,0.000665589,1,1,-0.000810971,0.0006184,0.00010708,4.71887e-05,0,0,0,0,0,0,0,0,0,0,0,0,0,0,0,0,0,0,0,0,0,0,0,255,0.2,0.211946,0.2,-0.00145801,0.0024659,1,1,1,1,0,1,1,-0.625011,-3.04778,0.111223,0.0112317,-0.0112836,0.00039275,3.4779,36424,1,367,152.043,9106,0,0.000884653,0.00274863,0.00243421,0,0,0,1,331,0.205,-4.87428e-06,4.56949e-06,9.36745e-07,9.99227e-07,1.11948e-06,7.88269e-07,0.0491538,0.151229,0.0176492,-0.0202844,-0.204379,1.83925e-05,0.000193474,-0.000336507,3.30673,1,0,0,0,0,0,-1,1,-9.04616e-07,-3.41771e-06,-0.203989,0,3.68627,1,1010,1010,1010,1010,0,0,0,0,3.69119,56,-0.000876221,0.00237653,56,0.00312239,-0.00562994,56,-0.006737,-0.000230258,1,0,0,0,0,0,2,0,0,48,0.00206351,0.00207474,56,-0.000795298,0.00541563,56,-0.00239835,0.00257579
6042790927324,6042779323000,6042779323000,6042790912602,73729,11.5896,6042800921416,21.5984,0,37805,145512,0,0,1,0,0,0.011922,327,327,327,1,2.35922,2.54531,0.358169,0.213205,0.0191956,0.00219727,5.19452e-05,-2.21764e-05,0.00514831,0.0092071,1,-0.00186013,-0.00435709,0.00435709,-0.00186013,1,1,0.00425001,-0.00190732,0.00010708,4.71887e-05,0,0,0,0,0,0,0,0,0,0,0,0,0,0,0,0,0,0,0,0,0,0,0,255,0.2,-0.036482,0.2,0.00415983,0.00099778,1,1,1,1,0,1,1,-0.625011,-3.04778,0.111223,0.0112317,-0.0112836,0.00039275,13.995,36424,1,367,162.56,9106,0,0.000884653,0.00274863,0.00243421,0,0,0,1,327,0.205,4.40133e-05,-1.88274e-05,-3.85962e-06,-9.02273e-06,-5.60631e-06,-8.05104e-06,0.0491482,0.151221,0.0176492,-0.0202844,-0.204379,1.83925e-05,0.000193474,-0.000336507,13.8162,0,0,0,0,0,0,-1,1,-9.04616e-07,-3.41771e-06,-0.203989,0,14.2095,1,1010,1010,1010,1010,0,0,0,0,14.2145,56,0.00269705,0.00130842,56,0.00397886,-0.00240903,56,0.000814422,-0.000425134,0,0,0,0,0,0,2,0,0,45,0.00800965,-0.000319131,56,0.00448181,-0.00364721,56,0.0004107,0.000630943
6042801465216,6042787375000,6042787375000,6042801447530,73729,14.0725,6042810095742,22.7207,0,37805,145513,0,0,1,0,0,0.008052,333,333,333,1,2.36018,2.50791,0.45554,0.219149,0.0332489,-0.0119019,6.92049e-05,-1.85193e-05,0.00529682,-0.0045991,1,-0.00229996,-0.00859475,0.00859475,-0.00229996,1,1,0.00775076,-0.00230595,0.000843991,5.98412e-06,0,0,0,0,0,0,0,0,0,0,0,0,0,0,0,0,0,0,0,0,0,0,0,255,0.2,0.348521,0.2,0.00699632,-0.00230338,1,1,1,1,0,1,1,-0.625011,-3.04778,0.111223,0.0112317,-0.0112836,0.00039275,23.1715,36424,1,367,171.737,9106,0,0.000884653,0.00274863,0.00243421,0,0,0,1,333,0.205,5.86718e-05,-1.56746e-05,-3.2133e-06,-1.20277e-05,-5.58258e-06,-1.11243e-05,0.0491426,0.15121,0.0176708,-0.0202845,-0.204404,0.00121345,2.45349e-05,-0.00179753,8.98108,1,0,0,0,0,0,-1,1,-9.04616e-07,-3.41771e-06,-0.203989,0,23.3883,1,1010,1010,1010,1010,0,0,0,0,23.3932,56,0.0101929,-0.00247134,56,0.0150029,0.00376876,56,0.00781079,-0.009185,1,0,0,0,0,0,1,0,0,51,0.00682449,0.000297733,56,0.0105924,-0.00562923,56,0.00954694,-0.00189779
6042810643875,6042799326000,6042799326000,6042810626912,73729,11.3009,6042820764246,21.4382,0,37805,145514,0,0,1,0,0,0.011951,331,331,331,1,2.36152,2.55459,0.439114,0.21976,0.0283508,-0.034729,4.08892e-05,-8.17575e-05,0.00126485,0.0026451,1,-0.00684106,-0.0034214,0.0034214,-0.00684106,1,1,0.00233809,-0.00667187,0.00108332,-0.000169182,0,0,0,0,0,0,0,0,0,0,0,0,0,0,0,0,0,0,0,0,0,0,0,255,0.2,-0.601023,0.2,0.00320635,-0.0050794,1,1,1,1,0,1,1,-0.625011,-3.04778,0.111223,0.0112317,-0.0112836,0.00039275,33.8397,36424,1,367,182.405,9106,0,0.000884653,0.00274863,0.00243421,0,0,0,1,331,0.205,3.47293e-05,-6.9323e-05,-1.42112e-05,-7.1195e-06,-1.5355e-05,-4.08632e-06,0.0491272,0.151206,0.0176861,-0.0202874,-0.204426,0.0014673,-0.000693645,-0.00237944,10.4783,1,0,0,0,0,0,-1,1,-9.04616e-07,-3.41771e-06,-0.203989,0,34.0555,1,1010,1010,1010,1010,0,0,0,0,34.0604,56,0.00720389,-0.00250587,56,-0.00462996,-0.0135813,56,0.00835699,-0.00526028,3,0.0146644,0.00162591,0,0,0,1,0,0,47,0.00558624,-0.00560929,56,0.00280273,-0.00733016,56,0.00344463,-0.00632709
6042821305435,6042807356000,6042807356000,6042821289675,73729,13.9337,6042830224037,22.868,0,37805,145515,0,0,1,0,0,0.00803,331,331,331,1,2.35165,2.47041,0.541004,0.215371,0.0118713,-0.00454712,4.02688e-05,-1.30841e-05,0.00610836,0.00680735,1,-0.0016294,-0.0050148,0.0050148,-0.0016294,1,1,0.00473566,-0.00162245,0.000279136,-6.94872e-06,0,0,0,0,0,0,0,0,0,0,0,0,0,0,0,0,0,0,0,0,0,0,0,255,0.21,-0.101223,0.21,0.00178809,-0.00101071,1,1,1,1,1,1,1,-0.625011,-3.04778,0.111223,0.0112317,-0.0112836,0.00039275,43.3177,36424,1,367,191.883,9106,0,0.000884653,0.00274863,0.00243421,0,0,0,1,331,0.215,3.4093e-05,-1.10886e-05,-2.38405e-06,-7.33e-06,-3.81918e-06,-6.69289e-06,0.0491234,0.151199,0.0176685,-0.0202618,-0.20443,-0.000224013,-2.98795e-05,-0.00113944,7.81485,2,0,0,0,0,0,-1,1,-9.04616e-07,-3.41771e-06,-0.203989,0,43.5329,1,1010,1010,1010,1010,0,0,0,0,43.5378,56,0.00231792,-0.00574488,56,0.0174121,0.00397495,56,-0.00115027,-0.0035189,2,0,0,0,0,0,2,0,0,47,0.0023346,-0.00531725,56,0.00397631,-0.000131968,56,0.00501373,-0.00185277
6042830843893,6042819319000,6042819319000,6042830825875,73729,11.5069,6042841161265,21.8423,0,37805,145516,0,0,1,0,0,0.011963,329,329,329,1,2.35828,2.92548,0.455503,0.215095,-0.0134583,0.0128784,-4.26343e-05,4.37632e-05,-0.00937731,-0.00596175,1,0.00365821,0.00356384,-0.00356384,0.00365821,1,1,-0.00285469,0.00353604,-0.000709152,0.000122165,0,0,0,0,0,0,0,0,0,0,0,0,0,0,0,0,0,0,0,0,0,0,0,255,0.2,-0.73395,0.2,0.124179,0.207819,1,1,1,1,0,1,1,-0.624873,-3.0479,0.111329,0.0109942,-0.00939541,0.00056931,2.73724,36425,1,367,202.795,9106,0,0.000884653,0.00274863,0.00243421,0,0,0,1,329,0.205,-3.61181e-05,3.70827e-05,7.60195e-06,7.40421e-06,8.94231e-06,5.70667e-06,0.0491324,0.151205,0.0176592,-0.0202548,-0.20441,-0.00132741,0.000500877,0.00126409,2.57107,1,0,0,0,0,0,-1,1,-9.04616e-07,-3.41771e-06,-0.20402,0,2.95108,1,1010,1010,1010,1010,0,0,0,0,2.95524,56,-0.0029325,-0.00214346,56,-0.0102646,0.0141528,56,-0.000905132,0.00461984,1,0,0,0,0,0,2,0,0,46,-0.00152102,0.00562131,56,-0.00353938,0.00379357,56,-0.0022056,9.89328e-05
6042841683935,6042827406000,6042827406000,6042841671898,73729,14.2659,6042850511222,23.1052,0,37805,145517,0,0,1,0,0,0.008087,329,329,326,0.990881,2.35026,2.53452,0.474003,0.223557,-0.0278931,0.0240326,-3.80794e-05,4.97048e-05,0.000505534,-0.00411443,1,0.00614626,0.00470872,-0.00470872,0.00614626,1,1,-0.00379317,0.00632139,-0.000915545,-0.000175124,0,0,0,0,0,0,0,0,0,0,0,0,0,0,0,0,0,0,0,0,0,0,0,255,0.2,-0.005815,0.2,-0.082916,-0.137999,1,1,1,1,0,1,1,-0.624873,-3.0479,0.111329,0.0109942,-0.00939541,0.00056931,12.1261,36425,1,367,9.38151,9107,0,0.000884653,0.00099857,0.00156698,0,0,0,1,326,0.205,-3.23182e-05,4.21455e-05,8.63983e-06,6.62522e-06,9.80043e-06,4.73356e-06,0.0491422,0.151209,0.0176557,-0.0202671,-0.204386,-0.000966164,-0.000718008,0.00223006,9.17422,1,0,0,0,0,0,-1,1,-9.04616e-07,-3.41771e-06,-0.20402,0,12.3471,1,1010,1010,1010,1010,0,0,0,0,12.3513,56,-0.00242117,0.00848154,56,-0.00442163,0.00915041,53,-0.00810968,0.00574232,0,0,0,0,0,0,2,0,0,47,-0.00993275,0.00623656,56,-0.00625808,0.00527438,56,-0.004098,0.00468288
6042851080911,6042835388000,6042835388000,6042851064744,73729,15.6767,6042860524091,25.1361,0,37805,145518,0,0,1,0,0,0.007982,330,330,330,1,2.32685,2.55813,0.372429,0.221835,-0.0175934,0.00601196,-4.99396e-05,-4.8666e-06,0.00173394,0.00553009,1,-0.000609696,0.00625653,-0.00625653,-0.000609696,1,1,-0.00534098,-0.000434572,-0.000915545,-0.000175124,0,0,0,0,0,0,0,0,0,0,0,0,0,0,0,0,0,0,0,0,0,0,0,255,0.2,-0.741913,0.2,-0.102111,-0.163828,1,1,1,1,0,1,1,-0.624873,-3.0479,0.111329,0.0109942,-0.00939541,0.00056931,22.1438,36425,1,367,19.3995,9107,0,0.000884653,0.00099857,0.00156698,0,0,0,1,330,0.205,-4.23487e-05,-4.13952e-06,-8.48601e-07,8.68148e-06,9.27962e-07,8.67229e-06,0.0491431,0.151218,0.0176557,-0.0202671,-0.204386,-0.000966164,-0.000718008,0.00223006,19.1797,0,0,0,0,0,0,-1,1,-9.04616e-07,-3.41771e-06,-0.20402,0,22.3798,1,1010,1010,1010,1010,0,0,0,0,22.384,56,-0.00634732,0.00378649,56,-0.00282595,-0.00567107,56,-0.00116695,0.00239051,2,0,0,0,0,0,2,0,0,46,-0.00309843,-0.00541498,56,-0.0036356,0.00146146,56,-0.00654058,-0.000469397
6042861121133,6042847350000,6042847350000,6042861105392,73729,13.7554,6042870649332,23.2993,0,37805,145519,0,0,1,0,0,0.011962,331,331,331,1,2.3735,2.48609,0.448726,0.221465,-0.0180664,-0.00811768,-4.90189e-05,9.40809e-06,-0.00560065,-0.00881952,1,0.000786498,0.00409789,-0.00409789,0.000786498,1,1,-0.00354978,0.00101853,-0.000548107,-0.000232036,0,0,0,0,0,0,0,0,0,0,0,0,0,0,0,0,0,0,0,0,0,0,0,255,0.21,-0.871321,0.21,-0.00181795,-0.000938022,1,1,1,1,0,1,1,-0.624873,-3.0479,0.111329,0.0109942,-0.00939541,0.00056931,32.2319,36425,1,367,29.4875,9107,0,0.000884653,0.00099857,0.00156698,0,0,0,1,331,0.215,-4.15557e-05,7.99219e-06,1.71832e-06,8.93448e-06,3.49215e-06,8.39913e-06,0.0491466,0.151227,0.0176623,-0.0202626,-0.204381,-0.000176381,-0.000997756,0.00174438,9.88018,1,0,0,0,0,0,-1,1,-9.04616e-07,-3.41771e-06,-0.20402,0,32.4519,1,1010,1010,1010,1010,0,0,0,0,32.456,56,-0.000215171,-0.00406359,56,-0.00349208,0.00664192,56,-0.00493385,-0.000911274,1,0,0,0,0,0,1,0,0,49,-0.00351127,0.00088863,56,-0.00299795,-0.00201667,56,-0.0012461,0.000773859
6042871160317,6042855356000,6042855356000,6042871146150,73729,15.7901,6042880605442,25.2494,0,37805,145520,0,0,1,0,0,0.008006,329,329,329,1,2.32852,2.52996,0.427855,0.222502,0.0101929,-0.0170135,-4.98254e-06,-5.49948e-05,-0.00473244,0.0163688,1,-0.00686919,0.000622351,-0.000622351,-0.00686919,1,1,-0.00057907,-0.0068368,-4.32805e-05,-3.23943e-05,0,0,0,0,0,0,0,0,0,0,0,0,0,0,0,0,0,0,0,0,0,0,0,255,0.21,-0.941248,0.21,0.0848581,0.127959,1,1,1,1,0,1,1,-0.624873,-3.0479,0.111329,0.0109942,-0.00939541,0.00056931,42.2096,36425,1,367,39.4649,9107,0,0.000884653,0.00099857,0.00156698,0,0,0,1,329,0.215,-4.24196e-06,-4.66641e-05,-1.00328e-05,9.12021e-07,-9.6372e-06,2.92883e-06,0.0491369,0.151229,0.0176648,-0.0202713,-0.204382,0.00057253,-0.000139295,0.000606909,9.75524,1,0,0,0,0,0,-1,1,-9.04616e-07,-3.41771e-06,-0.20402,0,42.435,1,1010,1010,1010,1010,0,0,0,0,42.4391,56,0.000858909,0.000366231,56,-0.000912309,-0.0181934,56,0.00383382,-0.00349657,3,-0.0295294,0.00826007,0,0,0,2,0,0,44,0.00441204,-0.00308265,56,-0.000800637,-0.012048,56,-0.0032414,-0.00144115
6042881157723,6042867351000,6042867351000,6042881146168,73729,13.7952,6042891616874,24.2659,0,37805,145521,0,0,1,0,0,0.011995,329,329,329,1,2.36678,2.87509,0.408189,0.234261,0.0198364,0.00863647,4.65638e-05,1.76571e-05,0.00494661,0.00186483,1,0.00147204,-0.00388193,0.00388193,0.00147204,1,1,0.00368839,0.00137857,0.000193547,9.34659e-05,0,0,0,0,0,0,0,0,0,0,0,0,0,0,0,0,0,0,0,0,0,0,0,255,0.21,9.05616,0.21,0.100952,0.165047,1,1,1,1,1,1,1,-0.624873,-3.0479,0.111329,0.0109942,-0.00939541,0.00056931,53.1969,36425,1,367,50.4522,9107,0,0.000884653,0.00099857,0.00156698,0,0,0,1,329,0.215,3.9479e-05,1.49508e-05,3.21443e-06,-8.48799e-06,1.42728e-06,-8.96294e-06,0.0491384,0.151221,0.0176506,-0.0202834,-0.204394,0.000421945,0.000401903,-0.000328247,10.8039,1,0,0,0,0,0,-1,1,-9.04616e-07,-3.41771e-06,-0.204013,0,0.207242,1,1010,1010,1010,1010,0,0,0,0,9.74768,56,0.000561926,-0.00195661,56,0.00555513,0.00738007,56,0.00374505,0.000379815,1,0,0,0,0,0,1,0,0,47,0.00174911,-0.000706544,56,0.00318807,0.00270171,56,0.00610673,-0.00387612
6042892201248,6042875357000,6042875357000,6042892186971,73729,16.83,6042900968757,25.6118,0,37805,145522,0,0,1,0,0,0.008006,327,327,326,0.996942,2.31894,2.49561,0.476855,0.21515,0.00976562,0.0330048,1.56047e-05,5.33405e-05,-0.00405104,0.00303291,1,0.00666256,-0.00194913,0.00194913,0.00666256,1,1,0.00154859,0.006542,0.000400538,0.00012056,0,0,0,0,0,0,0,0,0,0,0,0,0,0,0,0,0,0,0,0,0,0,0,255,0.2,-0.199113,0.2,-0.0721597,-0.110385,1,1,1,1,0,1,1,-0.624551,-3.04817,0.111415,0.0105886,-0.00976358,0.000482176,9.34488,36426,1,367,59.8053,9107,0,0.000884653,0.00099857,0.00156698,0,0,0,1,326,0.205,1.32557e-05,4.52598e-05,9.27826e-06,-2.71741e-06,8.53264e-06,-4.54363e-06,0.0491469,0.151216,0.017635,-0.0203212,-0.204411,0.000457588,0.000494297,-0.000947694,9.13166,2,0,0,0,0,0,-1,1,-9.04616e-07,-3.41771e-06,-0.204013,0,9.55611,1,1010,1010,1010,1010,0,0,0,0,19.0965,55,0.00402229,0.00922643,56,0.00832941,0.00185437,56,0.00142558,0.00579488,1,0,0,0,0,0,1,0,0,45,0.00154556,0.00890845,56,0.000174673,0.00743539,56,0.00122005,0.00624786
6042901478094,6042887345000,6042887345000,6042901461872,73729,14.1169,6042911635872,24.2909,0,37805,145523,0,0,1,0,0,0.011988,327,327,327,1,2.35694,2.50154,0.476337,0.214002,0.00506592,-0.0144348,9.12885e-06,-4.50745e-05,0.00810053,0.00633837,1,-0.00375997,-0.000761499,0.000761499,-0.00375997,1,1,0.000329514,-0.00382474,0.000431985,6.47669e-05,0,0,0,0,0,0,0,0,0,0,0,0,0,0,0,0,0,0,0,0,0,0,0,255,0.2,9.07773,0.2,-0.101267,-0.170185,1,1,1,1,0,1,1,-0.624551,-3.04817,0.111415,0.0105886,-0.00976358,0.000482176,20.0133,36426,1,367,70.4737,9107,0,0.000884653,0.00099857,0.00156698,0,0,0,1,327,0.205,7.68082e-06,-3.82543e-05,-7.84214e-06,-1.57457e-06,-7.99631e-06,4.98905e-08,0.0491389,0.151216,0.017635,-0.0203212,-0.204411,0.000456431,0.000265544,-0.00105177,19.8026,0,0,0,0,0,0,-1,1,-9.04616e-07,-3.41771e-06,-0.204013,0,20.2307,1,1010,1010,1010,1010,0,0,0,0,29.7712,56,-0.00110195,-0.00255071,56,0.00379642,-0.00598873,56,-0.00205922,-0.000690219,1,0,0,0,0,0,2,0,0,44,0.00557808,-0.00466899,56,0.00150296,-0.0042318,56,0.000573995,-0.00337251
6042912191394,6042895361000,6042895361000,6042912175431,73729,16.8144,6042920779161,25.4182,0,37805,145524,0,0,1,0,0,0.008016,329,329,329,1,2.31092,2.4885,0.43967,0.214169,0.00592041,-0.000686646,2.58432e-05,1.73938e-05,-0.00429244,-0.00545954,1,0.00216988,-0.00322396,0.00322396,0.00216988,1,1,0.0029889,0.00213051,0.000235053,3.93695e-05,0,0,0,0,0,0,0,0,0,0,0,0,0,0,0,0,0,0,0,0,0,0,0,255,0.19,-0.493652,0.19,0.00120513,-0.000460722,1,1,1,1,0,1,1,-0.624551,-3.04817,0.111415,0.0105886,-0.00976358,0.000482176,29.1556,36426,1,367,79.6163,9107,0,0.000884653,0.00099857,0.00156698,0,0,0,1,329,0.195,2.19242e-05,1.47621e-05,2.8786e-06,-4.27522e-06,1.95191e-06,-4.77008e-06,0.0491408,0.151211,0.0176023,-0.0203731,-0.204408,0.000520573,0.000153541,-0.000316907,8.92316,2,0,0,0,0,0,-1,1,-9.04616e-07,-3.41771e-06,-0.204013,0,29.3702,1,1010,1010,1010,1010,0,0,0,0,38.9107,56,0.00277912,0.00452631,56,0.00275307,-0.00400413,56,-0.000930753,-0.00423652,2,0,0,0,0,0,2,0,0,45,-0.0021631,-0.00146539,56,0.00587234,0.00388331,56,0.00160948,0.0015707
6042921317165,6042907347000,6042907347000,6042921298535,73729,13.9515,6042931441442,24.0944,0,37805,145525,0,0,1,0,0,0.011986,330,330,330,1,2.34474,2.41635,0.42654,0.215724,-0.00662231,-0.00888062,-7.22513e-06,-1.59178e-05,-4.62413e-05,0.00073126,1,-0.00132804,0.000602797,-0.000602797,-0.00132804,1,1,-0.000630862,-0.00123144,2.80651e-05,-9.65967e-05,0,0,0,0,0,0,0,0,0,0,0,0,0,0,0,0,0,0,0,0,0,0,0,255,0.19,8.63212,0.19,-0.0668541,-0.124085,1,1,1,1,0,1,1,-0.624551,-3.04817,0.111415,0.0105886,-0.00976358,0.000482176,39.8172,36426,1,367,90.2775,9107,0,0.000884653,0.00099857,0.00156698,0,0,0,1,330,0.195,-6.11964e-06,-1.3514e-05,-2.63523e-06,1.19333e-06,-2.33806e-06,1.7032e-06,0.0491385,0.151213,0.0176023,-0.0203731,-0.204408,0.000162094,-0.000376727,4.21123e-05,19.5795,0,0,0,0,0,0,-1,1,-9.04616e-07,-3.41771e-06,-0.204013,0,40.043,1,1010,1010,1010,1010,0,0,0,0,49.5835,56,-0.00218667,-0.00239394,56,-1.29957e-05,0.000367844,56,0.000606641,-0.00107606,0,0,0,0,0,0,2,0,0,48,0.00021958,-0.000776177,56,-0.00309053,-0.00345454,56,-0.00128616,-0.00115694
6042931970557,6042915361000,6042915361000,6042931952964,73729,16.592,6042943037101,27.6761,0,37805,145526,0,0,1,0,0,0.008014,330,330,330,1,2.32761,3.35102,0.428096,0.219928,-0.000289917,-0.00626373,5.77696e-06,-9.18389e-06,0.00258304,-0.00901977,1,-0.00114598,-0.000720859,0.000720859,-0.00114598,1,1,0.000933274,-0.0011699,-0.000212415,2.39224e-05,0,0,0,0,0,0,0,0,0,0,0,0,0,0,0,0,0,0,0,0,0,0,0,255,0.2,9.1027,0.2,-0.0599166,-0.10878,1,1,1,1,1,1,1,-0.624037,-3.0486,0.111402,0.0113815,-0.00983947,0.000386998,0.393688,36427,1,367,101.863,9107,0,0.000884653,0.00099857,0.00156698,0,0,0,1,330,0.205,4.91465e-06,-7.77425e-06,-1.59372e-06,-1.0075e-06,-1.76432e-06,-6.63064e-07,0.0491367,0.151212,0.0175491,-0.0204623,-0.204378,0.000124345,9.80817e-05,0.000796198,0.192779,3,0,0,0,0,0,-1,1,-9.04616e-07,-3.41771e-06,-0.204002,0,0.607023,1,1010,1010,1010,1010,0,0,0,0,10.328,56,0.00111548,0.00171926,56,-0.00704409,0.00323916,56,0.00452022,0.000539303,1,0,0,0,0,0,1,0,0,48,-0.00401965,-0.00278573,56,-0.000182794,0.00299834,56,0.00102351,-0.00525285
6042943574216,6042935362000,6042935362000,6042943566327,73729,8.20433,6042954119385,18.7574,1,37806,145527,0,0,1,0,0,0.020001,329,329,329,1,2.43141,2.95004,0.444504,0.216724,-0.0295258,-0.00317383,-6.99101e-05,-4.33015e-06,-0.00299197,0.00242397,1,-0.000216496,0.00349533,-0.00349533,-0.000216496,1,1,-0.00337249,-0.000393047,-0.000122838,0.00017655,0,0,0,0,0,0,0,0,0,0,0,0,0,0,0,0,0,0,0,0,0,0,0,255,0.2,0.431188,0.2,0.0714167,0.119736,1,1,1,1,0,1,1,-0.624037,-3.0486,0.111402,0.0113815,-0.00983947,0.000386998,11.4828,36427,1,367,112.952,9107,0,0.000884653,0.00099857,0.00156698,0,0,0,1,329,0.205,-5.92809e-05,-3.70741e-06,-7.60018e-07,1.21526e-05,1.71777e-06,1.20529e-05,0.0491385,0.151224,0.0175491,-0.0204623,-0.204378,0.000529926,0.000723855,0.00082685,11.2799,0,0,0,0,0,0,-1,1,-9.04616e-07,-3.41771e-06,-0.204002,0,11.6964,1,1010,1010,1010,1010,0,0,0,0,21.4174,56,-0.00437865,-0.00136725,56,-0.00239263,-0.00356081,56,-0.00236116,-0.000222461,1,0,0,0,0,0,2,0,0,46,-0.00198119,0.00101499,56,-0.00422757,-0.000354608,56,-0.00334936,0.000325911
6042955409506,6042947342000,6042947342000,6042955392969,73729,8.05097,6042965894823,18.5528,0,37806,145528,0,0,1,0,0,0.01198,328,328,328,1,2.32654,2.66819,0.4593,0.216446,-0.00233459,-0.00506592,2.53261e-06,-9.46686e-06,0.00504054,0.00206224,1,-0.000790222,-0.000211403,0.000211403,-0.000790222,1,1,0.000499604,-0.00103688,-0.0002882,0.000246661,0,0,0,0,0,0,0,0,0,0,0,0,0,0,0,0,0,0,0,0,0,0,0,255,0.2,2.14648,0.2,-0.00113215,-0.000518389,1,1,1,1,0,1,1,-0.624037,-3.0486,0.111402,0.0113815,-0.00983947,0.000386998,23.261,36427,1,367,124.73,9107,0,0.000884653,0.00099857,0.00156698,0,0,0,1,328,0.205,2.07383e-06,-8.0336e-06,-1.64689e-06,-4.25136e-07,-1.6984e-06,-8.20812e-08,0.0491368,0.151224,0.0175186,-0.0204915,-0.204375,-5.69518e-05,0.00101131,0.000899736,11.6034,1,0,0,0,0,0,-1,1,-9.04616e-07,-3.41771e-06,-0.204002,0,23.4715,1,1010,1010,1010,1010,0,0,0,0,33.1925,56,-0.00597331,-0.000669164,56,0.00132021,0.00191279,56,0.000808587,-0.000182025,1,0,0,0,0,0,1,0,0,46,-0.00153762,-0.00121955,56,0.0018451,-0.0029783,56,0.000357728,-0.00211075
6042966416031,6042955360000,6042955360000,6042966400438,73729,11.0404,6042975513005,20.153,0,37806,145529,0,0,1,0,0,0.008018,329,329,329,1,2.3622,2.9723,0.478615,0.214057,0.00746155,0.0110779,-1.32501e-06,1.7004e-05,-0.00153304,-0.00496021,1,0.00212073,0.000165255,-0.000165255,0.00212073,1,1,-0.000125515,0.00198153,-3.97401e-05,0.000139197,0,0,0,0,0,0,0,0,0,0,0,0,0,0,0,0,0,0,0,0,0,0,0,255,0.2,2.99756,0.2,0.000608024,0.00108311,1,1,1,1,0,1,1,-0.624037,-3.0486,0.111402,0.0113815,-0.00983947,0.000386998,32.8831,36427,1,367,134.352,9107,0,0.000884653,0.00099857,0.00156698,0,0,0,1,329,0.205,-1.09864e-06,1.44283e-05,2.9578e-06,2.25222e-07,2.94126e-06,-3.79663e-07,0.0491397,0.151224,0.0175037,-0.0205217,-0.204377,0.000201247,0.000570708,0.000291345,9.43436,1,0,0,0,0,0,-1,1,-9.04616e-07,-3.41771e-06,-0.204002,0,33.103,1,1010,1010,1010,1010,0,0,0,0,42.824,56,0.00705081,0.00158359,56,-0.000692446,0.00906364,56,0.000481917,0.00761815,1,0,0,0,0,0,2,0,0,46,-2.321e-05,0.0018597,56,0.00213244,0.0010372,56,0.00195078,0.000136587
6042976059323,6042967336000,6042967336000,6042976044694,73729,8.70869,6042985836895,18.5009,0,37806,145530,0,0,1,0,0,0.011976,328,328,328,1,2.31139,2.78161,0.395762,0.214965,0.00827026,0.0055542,3.65991e-05,1.79319e-05,0.00442275,0.00202346,1,0.00149732,-0.00305604,0.00305604,0.00149732,1,1,0.002779,0.00135346,0.000277042,0.000143859,0,0,0,0,0,0,0,0,0,0,0,0,0,0,0,0,0,0,0,0,0,0,0,255,0.2,2.50157,0.2,0.00182298,0.000592333,1,1,1,1,0,1,1,-0.624037,-3.0486,0.111402,0.0113815,-0.00983947,0.000386998,43.2034,36427,1,367,144.673,9107,0,0.000884653,0.00099857,0.00156698,0,0,0,1,328,0.205,3.10222e-05,1.51825e-05,3.11241e-06,-6.35956e-06,1.75864e-06,-6.85828e-06,0.0491415,0.151217,0.017501,-0.0205381,-0.204387,0.000643719,0.000589822,-0.000393723,10.1273,1,0,0,0,0,0,-1,1,-9.04616e-07,-3.41771e-06,-0.204001,0,0.198279,1,1010,1010,1010,1010,0,0,0,0,0.202242,56,3.22462e-05,0.000970171,56,0.0101802,0.000655906,56,0.00154096,-0.00235091,2,0,0,0,0,0,1,0,0,45,0.00527403,-0.00134811,56,0.00170174,0.00278053,56,9.8334e-08,0.00189577
6042986340232,6042975356000,6042975356000,6042986324880,73729,10.9689,6042995371983,20.016,0,37806,145531,0,0,1,0,0,0.00802,335,335,335,1,2.37955,2.80917,0.444707,0.218075,0.00164795,-0.00482178,-2.92554e-05,-8.45214e-06,-0.00732175,0.00336173,1,-0.00105388,0.0036478,-0.0036478,-0.00105388,1,1,-0.00397303,-0.00105885,0.00032523,4.9648e-06,0,0,0,0,0,0,0,0,0,0,0,0,0,0,0,0,0,0,0,0,0,0,0,255,0.2,2.62757,0.2,-0.00126733,-0.000968671,1,1,1,1,1,1,1,-0.623538,-3.04904,0.111328,0.011231,-0.0103081,0.000510152,9.52298,36428,1,367,154.209,9107,0,0.000884653,0.00099857,0.00156698,0,0,0,1,335,0.205,-2.47748e-05,-7.15204e-06,-1.46617e-06,5.07883e-06,-4.06457e-07,5.27024e-06,0.0491411,0.151222,0.0174967,-0.0205507,-0.204387,0.000761562,2.03557e-05,-0.000457505,9.34864,1,0,0,0,0,0,-1,1,-9.04616e-07,-3.41771e-06,-0.204001,0,9.74118,1,1010,1010,1010,1010,0,0,0,0,9.74514,56,0.00939098,-0.00648935,56,-0.0189876,0.00222984,56,-0.00299735,0.000587102,1,0,0,0,0,0,2,0,0,52,-0.00144505,-0.00450672,56,0.000693474,0.00327584,56,-0.00165331,-0.00166455
6042995946191,6042987325000,6042987325000,6042995928728,73729,8.60373,6043006380119,19.0551,0,37806,145532,0,0,1,0,0,0.011969,325,325,325,1,2.3222,2.80882,0.420262,0.21389,0.013031,-0.0178833,5.20038e-06,-3.34622e-05,-0.00282235,0.0020397,1,-0.00279574,-0.000434487,0.000434487,-0.00279574,1,1,6.42541e-05,-0.00263513,0.000370233,-0.000160607,0,0,0,0,0,0,0,0,0,0,0,0,0,0,0,0,0,0,0,0,0,0,0,255,0.21,2.09602,0.21,0.0644657,0.0867596,1,1,1,1,0,1,1,-0.623538,-3.04904,0.111328,0.011231,-0.0103081,0.000510152,20.5312,36428,1,367,165.217,9107,0,0.000884653,0.00099857,0.00156698,0,0,0,1,325,0.215,4.44221e-06,-2.8371e-05,-6.09977e-06,-9.55074e-07,-6.16503e-06,3.02768e-07,0.0491349,0.151223,0.0174977,-0.0205582,-0.204403,0.000593787,-0.00069061,-0.000798572,10.7944,1,0,0,0,0,0,-1,1,-9.04616e-07,-3.41771e-06,-0.204001,0,20.7419,1,1010,1010,1010,1010,0,0,0,0,20.7458,56,0.000872516,-0.00107708,56,0.00378195,-0.00577467,56,-0.00128843,-1.24799e-05,2,0,0,0,0,0,2,0,0,41,0.00377407,-0.0041831,56,-0.00178909,-0.00575678,56,0.00279772,-0.000428186
6043006910400,6042995384000,6042995384000,6043006895678,73729,11.5117,6043016081282,20.6973,0,37806,145533,0,0,1,0,0,0.008059,333,333,333,1,2.35985,2.94515,0.500392,0.216613,0.00135803,-0.00109863,-5.10898e-08,-4.79771e-06,0.00107595,0.00792736,1,-0.000595323,6.33948e-06,-6.33948e-06,-0.000595323,1,1,-0.00016249,-0.000535556,0.000156151,-5.97663e-05,0,0,0,0,0,0,0,0,0,0,0,0,0,0,0,0,0,0,0,0,0,0,0,255,0.21,2.92339,0.21,0.140328,0.25083,1,1,1,1,0,1,1,-0.623538,-3.04904,0.111328,0.011231,-0.0103081,0.000510152,30.234,36428,1,367,174.92,9107,0,0.000884653,0.00099857,0.00156698,0,0,0,1,333,0.215,-3.99521e-08,-4.08689e-06,-8.78682e-07,8.58971e-09,-8.58469e-07,1.86728e-07,0.049134,0.151223,0.0174916,-0.0205582,-0.204401,-2.69753e-05,-0.000256995,-0.00055874,9.48844,1,0,0,0,0,0,-1,1,-9.04616e-07,-3.41771e-06,-0.204001,0,30.4654,1,1010,1010,1010,1010,0,0,0,0,30.4693,56,0.000971401,0.00269859,56,0.00718473,-0.000673163,56,0.00626025,-0.00225482,2,0,0,0,0,0,2,0,0,49,-0.00254414,-0.000377985,56,-0.000162809,-0.000921552,56,-0.00243465,-0.00659621
6043016618879,6043007338000,6043007338000,6043016603249,73729,9.26525,6043027134066,19.7961,0,37806,145534,0,0,1,0,0,0.011954,327,327,327,1,2.32979,2.87143,0.441263,0.213742,0.00213623,-0.0039978,3.49333e-05,-8.12388e-06,0.00615728,-0.00400426,1,-0.000679595,-0.00292231,0.00292231,-0.000679595,1,1,0.00296731,-0.000630792,-4.49999e-05,-4.88031e-05,0,0,0,0,0,0,0,0,0,0,0,0,0,0,0,0,0,0,0,0,0,0,0,255,0.21,2.49763,0.21,0.000240494,7.88353e-06,1,1,1,1,0,1,1,-0.623538,-3.04904,0.111328,0.011231,-0.0103081,0.000510152,41.2905,36428,1,367,185.976,9107,0,0.000884653,0.00099857,0.00156698,0,0,0,1,327,0.215,2.95845e-05,-6.85474e-06,-1.47377e-06,-6.36067e-06,-2.73139e-06,-5.92871e-06,0.0491313,0.151217,0.0174967,-0.0205575,-0.204392,7.58527e-05,-0.000209854,0.000215482,10.8675,1,0,0,0,0,0,-1,1,-9.04616e-07,-3.41771e-06,-0.204001,0,41.5042,1,1010,1010,1010,1010,0,0,0,0,41.5082,56,-0.00177584,-0.000950158,56,0.0111991,-0.00510018,56,-0.000381538,-0.00331109,2,0,0,0,0,0,2,0,0,43,0.00107333,0.00765278,56,0.000372047,0.00080519,56,0.00228958,0.000227723
6043027653478,6043015383000,6043015383000,6043027638422,73729,12.2554,6043036673747,21.2907,0,37806,145535,0,0,1,0,0,0.008045,327,327,327,1,2.32848,2.91039,0.408114,0.219094,-0.012146,-0.00268555,-3.43648e-05,2.35162e-05,-0.00413002,-0.00689324,1,0.00292309,0.00427158,-0.00427158,0.00292309,1,1,-0.00385073,0.00287717,-0.000420841,4.59217e-05,0,0,0,0,0,0,0,0,0,0,0,0,0,0,0,0,0,0,0,0,0,0,0,255,0.2,3.3586,0.2,-0.0354492,-0.0428794,1,1,1,1,0,1,1,-0.623538,-3.04904,0.111328,0.011231,-0.0103081,0.000510152,50.8233,36428,1,367,195.509,9107,0,0.000884653,0.00099857,0.00156698,0,0,0,1,327,0.205,-2.91179e-05,1.9918e-05,4.0832e-06,5.96916e-06,5.2066e-06,5.01591e-06,0.0491365,0.151222,0.0174864,-0.0205438,-0.204382,-0.000358789,0.000188279,0.00109333,9.34973,1,0,0,0,0,0,-1,1,-9.04616e-07,-3.41771e-06,-0.203983,0,0.198705,1,1010,1010,1010,1010,0,0,0,0,0.202372,56,-0.00651034,-0.0029089,56,-0.00895491,0.00116408,56,-0.00169217,0.00174604,1,0,0,0,0,0,2,0,0,44,0.000971875,-0.00522704,56,-0.00409534,0.000872474,56,-0.00188909,0.00517914
6043037189714,6043027333000,6043027333000,6043037173029,73729,9.84003,6043047705680,20.3727,0,37806,145536,0,0,1,0,0,0.01195,329,329,329,1,2.39668,2.95956,0.467762,0.240298,-0.00466919,-0.00297546,-2.86628e-05,-1.81789e-05,-0.00189724,0.00740825,1,-0.00152125,0.00239856,-0.00239856,-0.00152125,1,1,-0.00191187,-0.00144242,-0.000486697,-7.88256e-05,0,0,0,0,0,0,0,0,0,0,0,0,0,0,0,0,0,0,0,0,0,0,0,255,0.2,2.75789,0.2,-0.136838,-0.21273,1,1,1,1,1,1,1,-0.623227,-3.04931,0.111211,0.011167,-0.00967401,0.000709757,11.0187,36429,1,367,9.58346,9108,0,0.000884653,0.00265579,0.00318416,0,0,0,1,329,0.205,-2.43241e-05,-1.54421e-05,-3.16563e-06,4.98644e-06,-2.08901e-06,5.52461e-06,0.0491344,0.151227,0.0174874,-0.0205427,-0.20437,-0.00037292,-0.000323185,0.00129803,10.8447,1,0,0,0,0,0,-1,1,-9.04616e-07,-3.41771e-06,-0.203983,0,11.2342,1,1010,1010,1010,1010,0,0,0,0,11.2379,56,-0.0021177,0.00122396,56,0.00176222,0.00122594,56,-0.00213206,-0.0018338,1,0,0,0,0,0,2,0,0,46,-0.000254892,-0.00239627,56,-0.00115989,-0.00335451,56,-0.00353251,-0.000612858
6043048291758,6043035363000,6043035363000,6043048275221,73729,12.9122,6043057134248,21.7712,0,37806,145537,0,0,1,0,0,0.00803,323,323,323,1,2.33428,2.74302,0.468725,0.213464,-0.0119629,-0.0177917,-3.17523e-05,-3.79198e-05,-0.00655026,0.00282886,1,-0.00472227,0.00395421,-0.00395421,-0.00472227,1,1,-0.00344962,-0.00468066,-0.000504594,-4.16038e-05,0,0,0,0,0,0,0,0,0,0,0,0,0,0,0,0,0,0,0,0,0,0,0,255,0.21,3.7178,0.21,0.0213229,0.0342524,1,1,1,1,0,1,1,-0.623227,-3.04931,0.111211,0.011167,-0.00967401,0.000709757,20.4547,36429,1,367,19.0194,9108,0,0.000884653,0.00265579,0.00318416,0,0,0,1,323,0.215,-2.69342e-05,-3.21569e-05,-6.91374e-06,5.79085e-06,-5.59543e-06,7.07271e-06,0.0491288,0.151234,0.0174893,-0.0205169,-0.204364,-0.000530744,-0.000178896,0.00131121,9.24686,1,0,0,0,0,0,-1,1,-9.04616e-07,-3.41771e-06,-0.203983,0,20.6636,1,1010,1010,1010,1010,0,0,0,0,20.6672,56,-0.00548358,-7.59459e-05,56,0.000728368,-0.0123623,56,-0.00223886,-0.0030209,0,0,0,0,0,0,1,0,0,42,-0.00836529,-0.0066045,56,-0.00547291,-0.00063633,56,-0.00403449,-0.00771937
6043057646197,6043047331000,6043047331000,6043057629308,73729,10.2983,6043068162940,20.8319,0,37806,145538,0,0,1,0,0,0.011968,328,328,328,1,2.34555,2.81487,0.513577,0.213853,-0.00169373,0.0115509,5.52569e-06,4.73521e-05,-0.00152882,-0.00907823,1,0.00395656,-0.000461705,0.000461705,0.00395656,1,1,0.000559,0.00388674,-9.7295e-05,6.98198e-05,0,0,0,0,0,0,0,0,0,0,0,0,0,0,0,0,0,0,0,0,0,0,0,255,0.21,2.93911,0.21,0.149173,0.232139,1,1,1,1,0,1,1,-0.623227,-3.04931,0.111211,0.011167,-0.00967401,0.000709757,31.4843,36429,1,367,30.049,9108,0,0.000884653,0.00265579,0.00318416,0,0,0,1,328,0.215,4.68707e-06,4.01613e-05,8.63468e-06,-1.00772e-06,8.24906e-06,-2.73876e-06,0.0491371,0.151232,0.0174935,-0.0205002,-0.204375,-0.000399727,0.000300225,1.49133e-05,10.8145,1,0,0,0,0,0,-1,1,-9.04616e-07,-3.41771e-06,-0.203983,0,31.7003,1,1010,1010,1010,1010,0,0,0,0,31.704,56,-0.00382316,0.00114312,56,0.00531576,-0.00154688,56,0.00167003,0.00184588,1,0,0,0,0,0,1,0,0,46,-0.00156466,0.00323812,56,-0.000261489,0.0066509,56,-0.000142851,0.00259938
6043068676407,6043055375000,6043055375000,6043068660795,73729,13.2858,6043077438285,22.0633,0,37806,145539,0,0,1,0,0,0.008044,329,329,329,1,2.33266,2.66991,0.414318,0.218446,0.00286865,0.00457764,-9.32184e-06,-2.06959e-05,0.0115875,0.0114266,1,-0.00257283,0.00115886,-0.00115886,-0.00257283,1,1,-0.00140028,-0.00266826,0.00024142,9.54268e-05,0,0,0,0,0,0,0,0,0,0,0,0,0,0,0,0,0,0,0,0,0,0,0,255,0.2,3.80447,0.2,-0.0136069,-0.0329428,1,1,1,1,0,1,1,-0.623227,-3.04931,0.111211,0.011167,-0.00967401,0.000709757,40.7709,36429,1,367,39.3356,9108,0,0.000884653,0.00265579,0.00318416,0,0,0,1,329,0.205,-7.91872e-06,-1.75181e-05,-3.59121e-06,1.62334e-06,-3.18684e-06,2.31818e-06,0.0491339,0.151234,0.0175051,-0.0204787,-0.204392,-0.000176606,0.00039125,-0.000933143,9.08232,1,0,0,0,0,0,-1,1,-9.04616e-07,-3.41771e-06,-0.203983,0,40.9853,1,1010,1010,1010,1010,0,0,0,0,40.9889,56,0.00562539,0.00279892,56,0.00212318,-0.00846774,56,-0.00507145,-0.00313399,2,0,0,0,0,0,1,0,0,46,0.00365777,0.00156629,56,0.00257017,-0.00235352,56,0.00275415,0.00193394
6043077980660,6043063375000,6043063375000,6043077963937,73729,14.5889,6043088150401,24.7754,0,37806,145540,0,0,1,0,0,0.008,332,332,332,1,2.36153,3.04386,0.461596,0.223279,0.00827026,-0.00678253,2.28497e-05,1.37478e-06,0.00241823,0.00303676,1,0.000171848,-0.00285621,0.00285621,0.000171848,1,1,0.00240898,0.000186226,0.000447226,-1.43788e-05,0,0,0,0,0,0,0,0,0,0,0,0,0,0,0,0,0,0,0,0,0,0,0,255,0.2,2.97465,0.2,-0.149935,-0.288805,1,1,1,1,0,1,1,-0.623185,-3.04932,0.111129,0.00981304,-0.0087762,0.000416175,1.0338,36430,1,367,50.0216,9108,0,0.000884653,0.00265579,0.00318416,0,0,0,1,332,0.205,1.93026e-05,1.09485e-06,2.24444e-07,-3.95704e-06,-5.82056e-07,-3.91989e-06,0.0491333,0.15123,0.0175403,-0.0204066,-0.204424,-6.28544e-05,-5.89531e-05,-0.00151719,0.844803,2,0,0,0,0,0,-1,1,-9.04616e-07,-3.41771e-06,-0.204037,0,1.25812,1,1010,1010,1010,1010,0,0,0,0,1.26184,56,-0.00736506,-0.00663711,56,0.0131134,0.00511358,56,0.00662808,0.00370062,1,0,0,0,0,0,2,0,0,49,0.0023015,0.00138825,56,0.00456508,-0.00809853,56,0.00522251,-0.00390171
6043088656960,6043075355000,6043075355000,6043088640497,73729,13.2855,6043098839719,23.4847,0,37806,145541,0,0,1,0,0,0.01198,333,333,333,1,2.31574,3.30767,0.480818,0.218039,-0.00239563,-0.0217896,-6.9136e-06,-5.30359e-05,0.000643458,0.00303549,1,-0.00442703,0.000577095,-0.000577095,-0.00442703,1,1,-0.000997464,-0.004359,0.000420369,-6.80288e-05,0,0,0,0,0,0,0,0,0,0,0,0,0,0,0,0,0,0,0,0,0,0,0,255,0.2,3.5128,0.2,-0.0228062,-0.0452634,1,1,1,1,1,1,1,-0.623185,-3.04932,0.111129,0.00981304,-0.0087762,0.000416175,11.7418,36430,1,367,60.7299,9108,0,0.000884653,0.00265579,0.00318416,0,0,0,1,333,0.205,-5.84824e-06,-4.49677e-05,-9.21839e-06,1.19889e-06,-8.78164e-06,3.0448e-06,0.0491245,0.151233,0.0175403,-0.0204066,-0.204424,-0.000178664,-0.000278918,-0.00152174,11.554,0,0,0,0,0,0,-1,1,-9.04616e-07,-3.41771e-06,-0.204037,0,11.9567,1,1010,1010,1010,1010,0,0,0,0,11.9604,56,-1.96731e-05,-0.00224983,56,-0.00572265,-0.00534089,56,0.00129609,-0.00309931,1,0,0,0,0,0,2,0,0,50,0.000397692,-0.00619594,56,0.000184442,-0.00510171,56,-0.0013883,-0.00155382
6043099439205,6043083417000,6043083417000,6043099418946,73729,16.0019,6043111273069,27.8561,0,37806,145542,0,0,1,0,0,0.008062,332,332,332,1,2.33885,3.27486,0.508188,0.217946,0.00988007,0.0194473,2.71131e-05,4.62314e-05,-0.0038698,0.00320055,1,0.00573448,-0.00336307,0.00336307,0.00573448,1,1,0.00328279,0.00577371,8.02883e-05,-3.92293e-05,0,0,0,0,0,0,0,0,0,0,0,0,0,0,0,0,0,0,0,0,0,0,0,255,0.21,4.15034,0.21,0.00266637,0.00421874,1,1,1,1,0,1,1,-0.623185,-3.04932,0.111129,0.00981304,-0.0087762,0.000416175,24.1588,36430,1,367,73.1469,9108,0,0.000884653,0.00265579,0.00318416,0,0,0,1,332,0.215,2.29747e-05,3.91745e-05,8.42252e-06,-4.93956e-06,7.24454e-06,-6.54581e-06,0.0491318,0.151227,0.0175601,-0.0203602,-0.20443,-0.000670954,-0.000168686,-0.000812955,12.2268,1,0,0,0,0,0,-1,1,-9.04616e-07,-3.41771e-06,-0.204037,0,24.3778,1,1010,1010,1010,1010,0,0,0,0,24.3815,56,-0.0005937,0.000106027,56,0.00758279,0.0120506,56,0.00138014,0.00773167,1,0,0,0,0,0,2,0,0,49,0.00582027,0.00314494,56,-0.00100041,0.0026278,56,7.23117e-05,0.00278645
6043111779462,6043103371000,6043103371000,6043111770443,73729,8.39944,6043121694016,18.323,1,37807,145543,0,0,1,0,0,0.019954,328,328,328,1,2.31291,2.52568,0.407836,0.219131,0.0293884,0.00106812,5.47489e-05,-6.36147e-07,0.00130848,-0.00455458,1,-3.18807e-05,-0.00274375,0.00274375,-3.18807e-05,1,1,0.00287913,4.38444e-05,-0.000135381,-7.5725e-05,0,0,0,0,0,0,0,0,0,0,0,0,0,0,0,0,0,0,0,0,0,0,0,255,0.21,5.81773,0.21,0.0969362,0.15354,1,1,1,1,0,1,1,-0.623185,-3.04932,0.111129,0.00981304,-0.0087762,0.000416175,34.5848,36430,1,367,83.5725,9108,0,0.000884653,0.00265579,0.00318416,0,0,0,1,328,0.215,4.65002e-05,-4.79931e-07,-1.03185e-07,-9.99753e-06,-2.12673e-06,-9.76764e-06,0.0491296,0.151217,0.0175885,-0.0203182,-0.204423,-0.000357677,-0.000325618,0.00017957,10.24,1,0,0,0,0,0,-1,1,-9.04616e-07,-3.41771e-06,-0.204037,0,34.8023,1,1010,1010,1010,1010,0,0,0,0,34.806,56,0.00664488,0.000865852,56,0.00469622,-0.00263677,56,0.00185639,-0.00090153,0,0,0,0,0,0,1,0,0,47,0.0018429,0.00150829,56,0.00227242,0.00152936,56,0.00297715,0.00129103
6043123418121,6043115362000,6043115362000,6043123402510,73729,8.04051,6043132289686,16.9277,0,37807,145544,0,0,1,0,0,0.011991,326,326,326,1,2.3154,2.55568,0.406188,0.214076,-0.0016098,-0.00701904,-1.26774e-05,-1.64268e-05,-0.00281453,0.00150743,1,-0.00136993,0.00105725,-0.00105725,-0.00136993,1,1,-0.00068191,-0.00131447,-0.000375337,-5.54602e-05,0,0,0,0,0,0,0,0,0,0,0,0,0,0,0,0,0,0,0,0,0,0,0,255,0.21,7.79419,0.21,0.000306379,-0.000833507,1,1,1,2,0,1,1,-0.623185,-3.04932,0.111129,0.00981304,-0.0087762,0.000416175,45.1798,36430,1,367,94.1675,9108,0,0.000884653,0.00265579,0.00318416,0,0,0,1,326,0.215,-1.07628e-05,-1.39432e-05,-2.99779e-06,2.31401e-06,-2.46599e-06,2.874e-06,0.0491272,0.15122,0.0176383,-0.0202287,-0.204394,0.000274593,-0.000238479,0.00151083,10.3637,2,0,0,0,0,0,-1,1,-9.04616e-07,-3.41771e-06,-0.204037,0,45.3826,1,1010,1010,1010,1010,0,0,0,0,0.138483,56,-0.00408764,-0.00156486,56,0.00211111,0.00233605,56,-0.000475111,-0.000299966,0,0,0,0,0,0,1,0,0,45,-0.000467992,-0.00170548,56,0.000426581,-0.000633274,56,-0.000892702,-0.00366636
6043132800801,6043123372000,6043123372000,6043132786189,73729,9.41419,6043141088491,17.7165,0,37807,145545,0,0,1,0,0,0.00801,331,331,331,1,2.3467,2.66178,0.44204,0.215168,-0.0189514,0.013092,-9.18322e-06,2.05609e-05,0.00792239,-0.00230058,1,0.00256691,0.00114647,-0.00114647,0.00256691,1,1,-0.000652004,0.0026171,-0.000494466,-5.01919e-05,0,0,0,0,0,0,0,0,0,0,0,0,0,0,0,0,0,0,0,0,0,0,0,255,0.2,7.07142,0.2,-0.174412,-0.293182,1,1,1,1,0,1,1,-0.623185,-3.04932,0.111129,0.00981304,-0.0087762,0.000416175,54.0016,36430,1,367,102.989,9108,0,0.000884653,0.00265579,0.00318416,0,0,0,1,331,0.205,-7.8274e-06,1.7461e-05,3.5795e-06,1.60462e-06,3.82936e-06,8.44689e-07,0.049131,0.151221,0.0176383,-0.0202287,-0.204394,0.000112763,-0.000205787,0.00171206,19.1699,0,0,0,0,0,0,-1,1,-9.04616e-07,-3.41771e-06,-0.203996,0,0.202279,1,1010,1010,1010,1010,0,0,0,0,8.97769,56,-0.00537205,0.00990911,56,0.00939704,-0.000986731,56,-0.00946496,0.00305482,2,0,0,0,0,0,2,0,0,47,-0.0047742,-0.00088926,56,-0.00298278,0.00569378,56,0.00240361,-0.00360766
6043143411934,6043135368000,6043135368000,6043143399045,73729,8.03104,6043153235987,17.868,0,37807,145546,0,0,1,0,0,0.011996,334,334,334,1,2.32731,2.62098,0.47854,0.219298,-0.00657654,0.0174103,-7.32708e-06,4.31324e-05,-0.00119911,-0.00665878,1,0.00359557,0.000610794,-0.000610794,0.00359557,1,1,-0.000129111,0.00341251,-0.000481683,0.000183058,0,0,0,0,0,0,0,0,0,0,0,0,0,0,0,0,0,0,0,0,0,0,0,255,0.2,7.55337,0.2,-0.034207,-0.0597334,1,1,1,1,1,1,1,-0.623458,-3.04903,0.111128,0.00829458,-0.00677173,0.000345979,12.1053,36431,1,367,115.113,9108,0,0.000884653,0.00265579,0.00318416,0,0,0,1,334,0.205,-6.17344e-06,3.65795e-05,7.49881e-06,1.26556e-06,7.59762e-06,-2.82653e-07,0.0491386,0.15122,0.0176724,-0.0201143,-0.204395,-0.000553633,0.000750537,0.00113701,8.69832,2,0,0,0,0,0,-1,1,-9.04616e-07,-3.41771e-06,-0.203996,0,12.3198,1,1010,1010,1010,1010,0,0,0,0,21.0952,56,0.000571659,0.00389886,56,-0.00816708,0.00324709,56,0.00124174,0.000928507,2,0,0,0,0,0,2,0,0,50,-0.00221576,0.0046399,56,-0.000827451,0.00390334,56,-0.00266644,0.00506262
6043153780750,6043143369000,6043143369000,6043153765491,73729,10.3965,6043162837761,19.4688,0,37807,145547,0,0,1,0,0,0.008001,333,333,333,1,2.36807,2.54815,0.510374,0.215483,-0.0161591,0.00741577,-2.83604e-05,1.51402e-05,0.00190184,0.00851768,1,0.00189229,0.00354461,-0.00354461,0.00189229,1,1,-0.00364955,0.00178005,0.000104932,0.000112232,0,0,0,0,0,0,0,0,0,0,0,0,0,0,0,0,0,0,0,0,0,0,0,255,0.2,7.76611,0.2,-0.00319282,0.00138654,1,1,1,1,0,1,1,-0.623458,-3.04903,0.111128,0.00829458,-0.00677173,0.000345979,21.7094,36431,1,367,124.717,9108,0,0.000884653,0.00265579,0.00318416,0,0,0,1,333,0.205,-2.41141e-05,1.27866e-05,2.62125e-06,4.94339e-06,3.56777e-06,4.30806e-06,0.0491422,0.151225,0.0176891,-0.020082,-0.204417,-0.00074695,0.000460151,-0.000941738,9.41844,1,0,0,0,0,0,-1,1,-9.04616e-07,-3.41771e-06,-0.203996,0,21.9282,1,1010,1010,1010,1010,0,0,0,0,30.7036,56,-0.0158078,-0.00404847,56,-0.00720802,0.00739601,56,-0.0022661,0.0018897,0,0,0,0,0,0,2,0,0,51,-0.00350733,0.00199735,56,0.00480768,-0.00252022,56,-0.00649984,0.00148079
6043163425246,6043155347000,6043155347000,6043163412006,73729,8.06501,6043172290459,16.9435,0,37807,145548,0,0,1,0,0,0.011978,333,332,325,0.978916,2.3405,2.55728,0.453281,0.211316,-0.010437,-0.0140381,-1.00901e-05,-3.64926e-05,0.00260276,-0.0042783,1,-0.00304664,0.000842389,-0.000842389,-0.00304664,1,1,-0.00131144,-0.00301518,0.000469053,-3.1455e-05,0,0,0,0,0,0,0,0,0,0,0,0,0,0,0,0,0,0,0,0,0,0,0,255,0.21,7.26741,0.21,0.122221,0.3566,1,1,1,2,0,1,1,-0.623458,-3.04903,0.111128,0.00829458,-0.00677173,0.000345979,31.1594,36431,1,367,134.167,9108,0,0.000884653,0.00265579,0.00318416,0,0,0,1,325,0.215,-8.53077e-06,-3.08907e-05,-6.6415e-06,1.83411e-06,-6.13022e-06,3.14385e-06,0.049136,0.151228,0.0177128,-0.0200405,-0.20444,-0.000307546,-0.000135257,-0.00185958,9.25712,1,0,0,0,0,0,-1,1,-9.04616e-07,-3.41771e-06,-0.203996,0,31.362,1,1010,1010,1010,1010,0,0,0,0,40.1375,49,0.00471956,0.000107218,55,-0.00849323,-0.00959883,56,-0.00391156,-0.000646873,2,0,0,0,0,0,2,0,0,49,9.92216e-05,-0.00164757,56,-0.00160283,-0.00196157,56,0.000705694,8.40935e-05
6043172776055,6043163379000,6043163379000,6043172759889,73729,9.38089,6043181307636,17.9286,0,37807,145549,0,0,1,0,0,0.008032,333,332,332,1,2.33813,2.51898,0.502448,0.226169,0.0140915,-7.62939e-06,4.50928e-05,1.04438e-05,0.00661516,-0.00356377,1,0.00130028,-0.00561414,0.00561414,0.00130028,1,1,0.00477366,0.00115728,0.00084048,0.000142998,0,0,0,0,0,0,0,0,0,0,0,0,0,0,0,0,0,0,0,0,0,0,0,255,0.2,6.46918,0.2,-0.129041,-0.247783,1,1,1,1,0,1,1,-0.623458,-3.04903,0.111128,0.00829458,-0.00677173,0.000345979,40.1801,36431,1,367,143.188,9108,0,0.000884653,0.00265579,0.00318416,0,0,0,1,332,0.205,3.82174e-05,8.86935e-06,1.81822e-06,-7.83456e-06,1.92151e-07,-8.03982e-06,0.0491362,0.15122,0.0177319,-0.0199942,-0.204471,0.000149172,0.000586294,-0.00263744,8.80436,1,0,0,0,0,0,-1,1,-9.04616e-07,-3.41771e-06,-0.203996,0,40.4088,1,1010,1010,1010,1010,0,0,0,0,49.1842,56,0.00366674,-0.000468627,55,0.0101329,0.00561632,56,0.00140706,-0.00238741,2,0,0,0,0,0,3,0.0431646,0.0245336,48,0.00225103,0.00696727,56,0.00511557,-0.000675923,56,0.00538392,-0.00312426
6043183416337,6043175349000,6043175349000,6043183402429,73729,8.05343,6043193940525,18.5915,0,37807,145550,0,0,1,0,0,0.01197,328,328,328,1,2.33679,2.75543,0.404485,0.214038,0.0187683,0.00370789,2.76202e-05,-1.68554e-05,0.000414512,0.00227383,1,-0.00140814,-0.00230745,0.00230745,-0.00140814,1,1,0.00173032,-0.00160528,0.000577131,0.000197141,0,0,0,0,0,0,0,0,0,0,0,0,0,0,0,0,0,0,0,0,0,0,0,255,0.21,6.89112,0.21,0.0905218,0.155786,1,1,1,1,0,1,1,-0.623882,-3.04862,0.111159,0.00563307,-0.00534187,0.000378706,6.13017,36432,1,367,155.815,9108,0,0.000884653,0.00265579,0.00318416,0,0,0,1,328,0.215,2.34383e-05,-1.43092e-05,-3.07649e-06,-5.03923e-06,-4.03315e-06,-4.30924e-06,0.0491322,0.151215,0.0177526,-0.0199588,-0.204483,7.4459e-05,0.000847705,-0.00192576,5.95914,1,0,0,0,0,0,-1,1,-9.04616e-07,-3.41771e-06,-0.204091,0,6.33984,1,1010,1010,1010,1010,0,0,0,0,6.34456,56,0.00310382,0.00207391,56,0.000354913,-0.00931337,56,0.00247794,0.000963656,1,0,0,0,0,0,1,0,0,46,0.00448138,-0.00111931,56,0.00301328,0.000462866,56,0.00405512,0.00204596
6043194427824,6043183370000,6043183370000,6043194414343,73729,11.0443,6043203222278,19.8523,0,37807,145551,0,0,1,0,0,0.008021,329,329,329,1,2.33954,2.54524,0.439707,0.214409,0.0147095,-0.0159912,2.46524e-05,-4.24356e-05,0.00564366,0.0102967,1,-0.00529056,-0.00307348,0.00307348,-0.00529056,1,1,0.00269378,-0.00521762,0.000379702,-7.29371e-05,0,0,0,0,0,0,0,0,0,0,0,0,0,0,0,0,0,0,0,0,0,0,0,255,0.2,7.838,0.2,-0.11781,-0.207345,1,1,1,1,1,1,1,-0.623882,-3.04862,0.111159,0.00563307,-0.00534187,0.000378706,15.4107,36432,1,367,165.095,9108,0,0.000884653,0.00265579,0.00318416,0,0,0,1,329,0.205,2.08625e-05,-3.59927e-05,-7.3785e-06,-4.2768e-06,-8.09016e-06,-2.68937e-06,0.0491241,0.151213,0.0177838,-0.019942,-0.204481,0.000967362,-0.000299042,-0.000471532,9.10275,1,0,0,0,0,0,-1,1,-9.04616e-07,-3.41771e-06,-0.204091,0,15.6262,1,1010,1010,1010,1010,0,0,0,0,15.6309,56,0.000811999,-0.0075371,56,0.00533528,-0.00673449,56,0.00193374,-0.00236236,0,0,0,0,0,0,2,0,0,47,0.00443682,-0.00366363,56,0.00713379,-0.00712547,56,0.00158845,-0.00649129
6043203760689,6043195349000,6043195349000,6043203746652,73729,8.39765,6043214002356,18.6534,0,37807,145552,0,0,1,0,0,0.011979,328,328,328,1,2.33368,2.55363,0.424726,0.218112,0.0123978,-0.0275879,5.33689e-06,-3.00478e-05,-0.00675913,-0.00638488,1,-0.00250837,-0.000445521,0.000445521,-0.00250837,1,1,0.000359064,-0.00231323,8.6457e-05,-0.000195147,0,0,0,0,0,0,0,0,0,0,0,0,0,0,0,0,0,0,0,0,0,0,0,255,0.2,7.03192,0.2,-0.0482206,-0.0818327,1,1,1,1,0,1,1,-0.623882,-3.04862,0.111159,0.00563307,-0.00534187,0.000378706,26.1937,36432,1,367,175.879,9108,0,0.000884653,0.00265579,0.00318416,0,0,0,1,328,0.205,4.52179e-06,-2.55169e-05,-5.23097e-06,-9.26967e-07,-5.30886e-06,1.54382e-07,0.0491188,0.151213,0.0177986,-0.019914,-0.204476,0.000904122,-0.000800103,0.000439719,10.6031,1,0,0,0,0,0,-1,1,-9.04616e-07,-3.41771e-06,-0.204091,0,26.4025,1,1010,1010,1010,1010,0,0,0,0,26.4072,56,-0.00412079,-0.00650875,56,0.00381863,0.00433579,56,0.00185765,-0.00379834,1,0,0,0,0,0,3,-0.00976983,0.00110379,44,-0.000572849,-0.00405582,56,0.0011679,-0.00497047,56,0.00301572,-0.00213939
6043214501341,6043203389000,6043203389000,6043214486138,73729,11.0971,6043223538444,20.1494,0,37807,145553,0,0,1,0,0,0.00804,327,326,326,1,2.35257,2.53998,0.473689,0.215298,-0.00551605,0.00621796,5.77005e-07,1.31152e-05,0.00232858,-0.00537011,1,0.00163124,-7.17668e-05,7.17668e-05,0.00163124,1,1,0.000370546,0.00156387,-0.00029878,6.73699e-05,0,0,0,0,0,0,0,0,0,0,0,0,0,0,0,0,0,0,0,0,0,0,0,255,0.2,7.6055,0.2,-0.00162105,0.00151224,1,1,1,1,0,1,1,-0.623882,-3.04862,0.111159,0.00563307,-0.00534187,0.000378706,35.7312,36432,1,367,185.416,9108,0,0.000884653,0.00265579,0.00318416,0,0,0,1,326,0.205,4.84511e-07,1.11401e-05,2.28373e-06,-9.93248e-08,2.21559e-06,-5.60848e-07,0.049121,0.151212,0.0178075,-0.0198765,-0.204463,0.000267652,0.000276217,0.00119412,9.35285,1,0,0,0,0,0,-1,1,-9.04616e-07,-3.41771e-06,-0.204091,0,35.9489,1,1010,1010,1010,1010,0,0,0,0,35.9536,56,0.00253005,0.00432831,55,0.000826773,-0.00235064,56,0.000429139,0.00687104,0,0,0,0,0,0,2,0,0,45,-0.00423428,0.00403326,56,-0.00211194,0.0038298,56,0.00194031,-0.000974844
6043224051837,6043215346000,6043215346000,6043224038226,73729,8.69223,6043234403820,19.0578,0,37807,145554,0,0,1,0,0,0.011957,334,334,334,1,2.33126,2.5098,0.481004,0.219686,-0.0235748,0.0124817,-3.99041e-05,3.24649e-05,-0.00384627,-0.000311733,1,0.00271513,0.0033373,-0.0033373,0.00271513,1,1,-0.00266077,0.00251611,-0.000676529,0.000199026,0,0,0,0,0,0,0,0,0,0,0,0,0,0,0,0,0,0,0,0,0,0,0,255,0.21,7.04068,0.21,0.113915,0.222499,1,1,1,1,0,1,1,-0.623882,-3.04862,0.111159,0.00563307,-0.00534187,0.000378706,46.5953,36432,1,367,196.28,9108,0,0.000884653,0.00265579,0.00318416,0,0,0,1,334,0.215,-3.38705e-05,2.74913e-05,5.91063e-06,7.28216e-06,7.26213e-06,5.93008e-06,0.0491283,0.151218,0.0178044,-0.0198484,-0.204451,-0.000798231,0.000855812,0.00168867,10.6796,1,0,0,0,0,0,-1,1,-9.04616e-07,-3.41771e-06,-0.204091,0,46.806,1,1010,1010,1010,1010,0,0,0,0,0.201224,56,-0.005872,0.000565327,56,-0.00104728,-0.00220031,56,-0.00379061,0.00171167,2,0,0,0,0,0,1,0,0,51,-0.00375921,0.00429692,56,-0.00131928,0.00235439,56,-0.00987329,0.00167692
6043234901694,6043223397000,6043223397000,6043234887064,73729,11.4901,6043243381052,19.9841,0,37807,145555,0,0,1,0,0,0.008051,328,328,328,1,2.36141,2.52998,0.490985,0.221039,-0.0131912,0.0176163,-4.63142e-05,3.25898e-05,-0.00447042,-0.000597507,1,0.00404792,0.0057526,-0.0057526,0.00404792,1,1,-0.00504307,0.00383918,-0.00070953,0.000208735,0,0,0,0,0,0,0,0,0,0,0,0,0,0,0,0,0,0,0,0,0,0,0,255,0.2,7.72476,0.2,-0.108884,-0.169585,1,1,1,1,0,1,1,-0.624505,-3.04802,0.11122,0.00385345,-0.00313271,0.000433448,8.96842,36433,1,367,205.263,9108,0,0.000884653,0.00265579,0.00318416,0,0,0,1,328,0.205,-3.92293e-05,2.76444e-05,5.6671e-06,8.04202e-06,7.1777e-06,6.72349e-06,0.0491355,0.151225,0.0178044,-0.0198484,-0.204451,-0.000798231,0.000855812,0.00168867,19.6603,0,0,0,0,0,0,-1,1,-9.04616e-07,-3.41771e-06,-0.204055,0,0.194743,1,1010,1010,1010,1010,0,0,0,0,9.18677,56,-0.00200866,0.00166432,56,-0.0162648,0.00347817,56,-0.00449073,0.00456927,1,0,0,0,0,0,1,0,0,46,-0.00726131,0.0025085,56,-0.00295334,0.00482128,56,-0.0014765,0.0069387
6043243879408,6043235340000,6043235340000,6043243866778,73729,8.52678,6043252824973,17.485,0,37807,145556,0,0,1,0,0,0.011943,334,334,334,1,2.31774,2.6078,0.434392,0.224817,-0.0104141,0.00848389,1.14184e-06,2.81044e-05,-0.00162536,-0.00904337,1,0.00235321,-9.56072e-05,9.56072e-05,0.00235321,1,1,0.000352331,0.00240213,-0.000256724,-4.89153e-05,0,0,0,0,0,0,0,0,0,0,0,0,0,0,0,0,0,0,0,0,0,0,0,255,0.21,6.5809,0.21,0.0649161,0.120706,1,1,1,2,0,1,1,-0.624505,-3.04802,0.11122,0.00385345,-0.00313271,0.000433448,18.4077,36433,1,367,9.37992,9109,0,0.000884653,0.00116514,0.00201743,0,0,0,1,334,0.215,9.4722e-07,2.38305e-05,5.12357e-06,-2.03652e-07,4.97459e-06,-1.23949e-06,0.0491404,0.151224,0.0178458,-0.0197989,-0.204463,-0.000401126,-0.000210336,0.000562228,9.19479,2,0,0,0,0,0,-1,1,-9.04616e-07,-3.41771e-06,-0.204055,0,9.62246,1,1010,1010,1010,1010,0,0,0,0,18.6145,56,-0.00186155,0.00223971,56,0.00426486,0.00297701,56,0.000466985,0.00233659,0,0,0,0,0,0,3,-0.0337379,-0.0145857,51,-0.00329159,0.00213998,56,-0.00227313,0.00138295,56,-0.000579579,-0.000499046
6043253314106,6043243376000,6043243376000,6043253298162,73729,9.92216,6043262095615,18.7196,0,37807,145557,0,0,1,0,0,0.008036,331,331,331,1,2.36289,2.47835,0.453058,0.218261,0.00775146,-0.00286865,1.53495e-05,-1.4397e-05,0.00264074,0.0183246,1,-0.00179156,-0.0019101,0.0019101,-0.00179156,1,1,0.00126693,-0.00173752,0.00064317,-5.40446e-05,0,0,0,0,0,0,0,0,0,0,0,0,0,0,0,0,0,0,0,0,0,0,0,255,0.2,5.77439,0.2,-0.0797212,-0.152866,1,1,1,1,1,1,1,-0.624505,-3.04802,0.11122,0.00385345,-0.00313271,0.000433448,27.679,36433,1,367,18.6514,9109,0,0.000884653,0.00116514,0.00201743,0,0,0,1,331,0.205,1.29862e-05,-1.22392e-05,-2.50903e-06,-2.66217e-06,-2.99587e-06,-2.09708e-06,0.0491374,0.151222,0.0178752,-0.0197568,-0.204488,0.000887544,-0.000221583,-0.00139956,9.06179,1,0,0,0,0,0,-1,1,-9.04616e-07,-3.41771e-06,-0.204055,0,18.9046,1,1010,1010,1010,1010,0,0,0,0,27.8966,56,0.00360835,-0.0107232,56,-0.000108303,0.00100085,56,0.000823091,-0.0028283,1,0,0,0,0,0,2,0,0,48,0.000250109,0.00350218,56,0.00203552,-0.00377716,56,0.00281142,-0.00335417
6043262684156,6043255339000,6043255339000,6043262669045,73729,7.33004,6043272747507,17.4085,0,37807,145558,0,0,1,0,0,0.011963,336,336,336,1,2.37768,2.57543,0.398948,0.224094,0.0139618,0.00847626,4.01817e-05,2.86273e-05,0.00660688,-0.00870083,1,0.00239299,-0.00335883,0.00335883,0.00239299,1,1,0.00249506,0.00238454,0.000863773,8.45335e-06,0,0,0,0,0,0,0,0,0,0,0,0,0,0,0,0,0,0,0,0,0,0,0,255,0.21,4.79,0.21,0.0435115,0.117674,1,1,1,1,0,1,1,-0.624505,-3.04802,0.11122,0.00385345,-0.00313271,0.000433448,38.328,36433,1,367,29.3006,9109,0,0.000884653,0.00116514,0.00201743,0,0,0,1,336,0.215,3.41133e-05,2.43077e-05,5.22615e-06,-7.33437e-06,3.62949e-06,-8.24206e-06,0.0491411,0.151213,0.0179003,-0.0197241,-0.204512,0.000906297,3.63494e-05,-0.00224634,10.4652,1,0,0,0,0,0,-1,1,-9.04616e-07,-3.41771e-06,-0.204055,0,29.5663,1,1010,1010,1010,1010,0,0,0,0,38.5583,56,0.00505529,0.00697531,56,-0.00541153,0.00166268,56,0.00549593,-0.000830886,2,0,0,0,0,0,2,0,0,52,0.00312759,0.00045783,56,0.000814328,0.00365802,56,0.00478513,0.000906233
6043273257103,6043263368000,6043263368000,6043273241011,73729,9.87301,6043282948952,19.581,0,37807,145559,0,0,1,0,0,0.008029,337,337,337,1,2.35396,2.46926,0.49843,0.223446,0.026001,-0.0164795,5.57944e-05,-4.26068e-05,-0.000882691,0.00485448,1,-0.00530661,-0.00694912,0.00694912,-0.00530661,1,1,0.00614466,-0.0053559,0.000804458,4.92937e-05,0,0,0,0,0,0,0,0,0,0,0,0,0,0,0,0,0,0,0,0,0,0,0,255,0.21,5.32061,0.21,0.0457402,0.134572,1,1,1,1,0,1,1,-0.624505,-3.04802,0.11122,0.00385345,-0.00313271,0.000433448,48.5272,36433,1,367,39.4995,9109,0,0.000884653,0.00116514,0.00201743,0,0,0,1,337,0.215,4.72593e-05,-3.61575e-05,-7.77386e-06,-1.01607e-05,-9.67026e-06,-8.36943e-06,0.0491314,0.151205,0.0179267,-0.0196854,-0.204534,0.000872013,0.000211963,-0.00206972,9.99283,1,0,0,0,0,0,-1,1,-9.04616e-07,-3.41771e-06,-0.204055,0,39.7565,1,1010,1010,1010,1010,0,0,0,0,0.183094,56,0.00272958,-0.00577323,56,0.023683,-0.00609526,56,-0.00297687,-0.00408212,1,0,0,0,0,0,2,0,0,54,0.00999094,-0.00477103,56,0.00682877,-0.00630598,56,0.00479167,-0.00277334
6043283430567,6043271383000,6043271383000,6043283415752,73729,12.0328,6043292893450,21.5104,0,37807,145560,0,0,1,0,0,0.008015,331,331,329,0.993958,2.3217,2.71226,0.488393,0.217076,0.0220947,-0.00738525,2.57843e-05,-1.28459e-05,0.00194198,0.00370541,1,-0.00160273,-0.003217,0.003217,-0.00160273,1,1,0.00294044,-0.00175305,0.00027656,0.000150316,0,0,0,0,0,0,0,0,0,0,0,0,0,0,0,0,0,0,0,0,0,0,0,255,0.21,5.04796,0.21,0.00310449,-0.00127363,1,1,1,1,0,1,1,-0.625403,-3.04721,0.111282,0.001137,-0.000800559,0.000249877,0.784136,36434,1,367,49.441,9109,0,0.000884653,0.00116514,0.00201743,0,0,0,1,329,0.215,2.18936e-05,-1.08893e-05,-2.3412e-06,-4.70712e-06,-3.24624e-06,-4.13317e-06,0.0491281,0.151201,0.0179294,-0.0196461,-0.204532,0.000247637,0.000646359,-0.000753256,0.582727,2,0,0,0,0,0,-1,1,-9.04616e-07,-3.41771e-06,-0.204147,0,0.994174,1,1010,1010,1010,1010,0,0,0,0,10.1176,56,0.01023,-0.00721008,56,-0.00323133,-0.00314521,54,0.00638637,0.00646065,1,0,0,0,0,0,3,0.00347857,0.00123364,47,0.0027281,-0.00158098,56,0.00541354,-0.00402228,56,0.00693256,-0.004876
6043293379250,6043283390000,6043283390000,6043293363713,73729,9.97371,6043302482891,19.0929,0,37807,145561,0,0,1,0,0,0.012007,333,333,333,1,2.34685,2.4955,0.455318,0.224021,-0.00320435,-0.0113831,-2.85554e-06,-1.82922e-05,-0.00459933,-0.00219424,1,-0.00152346,0.000237823,-0.000237823,-0.00152346,1,1,-0.000230961,-0.00171302,-6.86182e-06,0.000189559,0,0,0,0,0,0,0,0,0,0,0,0,0,0,0,0,0,0,0,0,0,0,0,255,0.21,5.15298,0.21,-0.00100519,-0.00178301,1,1,1,1,0,1,1,-0.625403,-3.04721,0.111282,0.001137,-0.000800559,0.000249877,10.3815,36434,1,367,59.0384,9109,0,0.000884653,0.00116514,0.00201743,0,0,0,1,333,0.215,-2.3873e-06,-1.55103e-05,-3.3347e-06,5.13271e-07,-3.16051e-06,1.17971e-06,0.049125,0.151202,0.0179294,-0.0196461,-0.204532,-0.000147302,0.000815105,-9.42369e-05,10.1738,0,0,0,0,0,0,-1,1,-9.04616e-07,-3.41771e-06,-0.204147,0,10.5984,1,1010,1010,1010,1010,0,0,0,0,19.7219,56,0.00107888,-0.000274746,56,-0.00600901,-0.00727782,56,-0.00134214,-0.00280912,4,0.00631627,0.00204757,0,0,0,3,-0.0340943,-0.0151962,46,-0.0019183,-0.00338201,56,-0.00175427,0.00122163,56,-0.000344294,0.00207848
6043302983635,6043291376000,6043291376000,6043302971191,73729,11.5952,6043312276055,20.9001,0,37807,145562,0,0,1,0,0,0.007986,330,329,329,1,2.35335,2.53346,0.467188,0.218706,-0.0192871,0.0161438,-3.46545e-05,4.88931e-05,-0.0029641,-0.00984313,1,0.00612235,0.00433941,-0.00433941,0.00612235,1,1,-0.00366799,0.00597569,-0.000671418,0.000146657,0,0,0,0,0,0,0,0,0,0,0,0,0,0,0,0,0,0,0,0,0,0,0,255,0.21,4.45394,0.21,-0.00497245,0.00335054,1,1,1,1,0,1,1,-0.625403,-3.04721,0.111282,0.001137,-0.000800559,0.000249877,20.1736,36434,1,367,68.8305,9109,0,0.000884653,0.00116514,0.00201743,0,0,0,1,329,0.215,-2.94149e-05,4.14327e-05,8.90804e-06,6.3242e-06,1.00027e-05,4.3831e-06,0.049135,0.151206,0.017923,-0.0196414,-0.20451,-0.000845366,0.000630625,0.00163339,9.58098,1,0,0,0,0,0,-1,1,-9.04616e-07,-3.41771e-06,-0.204147,0,20.385,1,1010,1010,1010,1010,0,0,0,0,29.5084,56,-0.0164317,0.000117838,55,-0.00391434,0.0124187,56,-0.00911042,0.00442255,0,0,0,0,0,0,3,0.0464885,0.0231236,47,-0.000868982,0.0049266,56,-0.00409752,0.00375711,56,-0.00178542,0.00764148
6043312776688,6043303366000,6043303366000,6043312760521,73729,9.39452,6043323302339,19.9363,0,37807,145563,0,0,1,0,0,0.01199,336,336,336,1,2.34822,2.52341,0.433578,0.220724,-0.026062,0.00872803,-3.60305e-05,1.74971e-05,0.00256641,0.000745524,1,0.00145931,0.00300504,-0.00300504,0.00145931,1,1,-0.00221844,0.00142769,-0.000786601,3.16169e-05,0,0,0,0,0,0,0,0,0,0,0,0,0,0,0,0,0,0,0,0,0,0,0,255,0.21,4.00749,0.21,-0.00266375,0.000472322,1,1,1,1,1,1,1,-0.625403,-3.04721,0.111282,0.001137,-0.000800559,0.000249877,31.1997,36434,1,367,79.8566,9109,0,0.000884653,0.00116514,0.00201743,0,0,0,1,336,0.215,-3.05758e-05,1.48713e-05,3.19734e-06,6.57379e-06,4.46257e-06,5.7871e-06,0.0491395,0.151212,0.017918,-0.0196442,-0.204492,-0.000576168,0.000135952,0.00224497,10.8129,1,0,0,0,0,0,-1,1,-9.04616e-07,-3.41771e-06,-0.204147,0,31.4173,1,1010,1010,1010,1010,0,0,0,0,40.5408,56,0.00246233,0.00616225,56,0.00141907,-0.00540472,56,-0.00528727,-0.00170541,2,0,0,0,0,0,2,0,0,52,-0.00599085,0.0026287,56,-0.00256928,0.0036329,56,-0.00504321,-0.00115708
6043323849269,6043311409000,6043311409000,6043323839232,73729,12.4302,6043332390276,20.9813,0,37807,145564,0,0,1,0,0,0.008043,325,325,325,1,2.33113,2.52357,0.487133,0.210483,-0.0161896,-0.0179138,-3.23786e-05,-3.11189e-05,0.00168003,0.00837439,1,-0.00386907,0.00402569,-0.00402569,-0.00386907,1,1,-0.00338234,-0.00371955,-0.000643347,-0.000149517,0,0,0,0,0,0,0,0,0,0,0,0,0,0,0,0,0,0,0,0,0,0,0,255,0.21,5.36824,0.21,-0.00247646,-0.00329329,1,1,1,1,0,1,1,-0.625403,-3.04721,0.111282,0.001137,-0.000800559,0.000249877,40.2895,36434,1,367,88.9466,9109,0,0.000884653,0.00116514,0.00201743,0,0,0,1,325,0.215,-2.75164e-05,-2.64427e-05,-5.68518e-06,5.91603e-06,-4.36651e-06,6.94653e-06,0.0491351,0.151219,0.0179003,-0.0196587,-0.204492,-0.00071839,-0.000642921,0.0016384,8.84669,1,0,0,0,0,0,-1,1,-9.04616e-07,-3.41771e-06,-0.204147,0,40.5002,1,1010,1010,1010,1010,0,0,0,0,0.175019,56,-0.00883607,-0.00693671,56,-0.00330734,0.00185278,56,-0.00490498,-0.00357217,1,0,0,0,0,0,1,0,0,43,-0.00107237,-0.000783357,56,-0.00151112,-0.0101438,56,-0.0070109,-0.00652805
6043332896483,6043323363000,6043323363000,6043332878650,73729,9.51565,6043342874667,19.5117,0,37807,145565,0,0,1,0,0,0.011954,335,335,335,1,2.34767,2.76676,0.359632,0.225557,-0.006073,-0.00518799,-6.27895e-06,-5.12979e-06,-0.00163015,0.00148028,1,-0.000429127,0.00052526,-0.00052526,-0.000429127,1,1,-0.000565044,-0.000386075,3.97842e-05,-4.30528e-05,0,0,0,0,0,0,0,0,0,0,0,0,0,0,0,0,0,0,0,0,0,0,0,255,0.2,4.27316,0.2,-0.067037,-0.130591,1,1,1,1,0,1,1,-0.626102,-3.04654,0.111357,-0.000306593,-3.88325e-05,-4.693e-05,0.753412,36435,1,367,99.4249,9109,0,0.000884653,0.00116514,0.00201743,0,0,0,1,335,0.205,-5.32809e-06,-4.38466e-06,-8.98855e-07,1.09226e-06,-6.58541e-07,1.25191e-06,0.0491344,0.15122,0.0178913,-0.0196709,-0.20451,-0.000308365,-0.000176517,-0.000377184,0.534911,2,0,0,0,0,0,-1,1,-9.04616e-07,-3.41771e-06,-0.204102,0,0.973156,1,1010,1010,1010,1010,0,0,0,0,10.6624,56,-0.00364937,0.000415145,56,0.00337733,0.00113284,56,0.00388601,-0.00390597,1,0,0,0,0,0,3,-0.0138034,0.0168157,51,0.00093193,0.00135237,56,-0.00432309,0.000456656,56,-0.00285768,-0.00201405
6043343364263,6043331390000,6043331390000,6043343351115,73729,11.9611,6043351963382,20.5734,0,37807,145566,0,0,1,0,0,0.008027,330,330,330,1,2.32683,2.56576,0.426299,0.217557,0.0114746,0.00822449,3.53258e-05,8.96326e-06,0.00797012,-0.00304367,1,0.00111664,-0.00440087,0.00440087,0.00111664,1,1,0.00414914,0.00109503,0.000251729,2.16114e-05,0,0,0,0,0,0,0,0,0,0,0,0,0,0,0,0,0,0,0,0,0,0,0,255,0.21,4.60896,0.21,-0.0516681,-0.0926379,1,1,1,1,0,1,1,-0.626102,-3.04654,0.111357,-0.000306593,-3.88325e-05,-4.693e-05,9.84746,36435,1,367,108.519,9109,0,0.000884653,0.00116514,0.00201743,0,0,0,1,330,0.215,2.99263e-05,7.60436e-06,1.63494e-06,-6.43416e-06,2.96285e-07,-6.6315e-06,0.0491347,0.151214,0.0178913,-0.0196709,-0.20451,-2.66836e-05,9.29289e-05,-0.000887294,9.62903,0,0,0,0,0,0,-1,1,-9.04616e-07,-3.41771e-06,-0.204102,0,10.0821,1,1010,1010,1010,1010,0,0,0,0,19.7713,56,0.002301,0.00398985,56,0.00979304,0.00160991,56,0.0067307,0.00428313,2,0,0,0,0,0,2,0,0,46,0.00611941,0.00521065,56,0.000375656,-0.00122899,56,0.00468777,-0.00217286
6043352502719,6043343361000,6043343361000,6043352485256,73729,9.12426,6043362145789,18.7848,0,37807,145567,0,0,1,0,0,0.011971,335,334,334,1,2.3365,2.46691,0.434651,0.220353,0.010437,0.000389099,2.18348e-05,6.61646e-06,0.001853,-0.00361874,1,0.000552708,-0.00182397,0.00182397,0.000552708,1,1,0.00157224,0.000531096,0.000251729,2.16114e-05,0,0,0,0,0,0,0,0,0,0,0,0,0,0,0,0,0,0,0,0,0,0,0,255,0.21,3.59154,0.21,0.0844432,0.24828,1,1,1,1,0,1,1,-0.626102,-3.04654,0.111357,-0.000306593,-3.88325e-05,-4.693e-05,20.0304,36435,1,367,118.702,9109,0,0.000884653,0.00116514,0.00201743,0,0,0,1,334,0.215,1.84948e-05,5.62578e-06,1.20954e-06,-3.97638e-06,3.78054e-07,-4.13878e-06,0.0491351,0.15121,0.0178913,-0.0196709,-0.20451,-2.66836e-05,9.29289e-05,-0.000887294,19.8103,0,0,0,0,0,0,-1,1,-9.04616e-07,-3.41771e-06,-0.204102,0,20.2484,1,1010,1010,1010,1010,0,0,0,0,29.9376,56,0.000992874,-0.00118318,55,0.00956784,0.00422299,56,-0.000682874,0.00117113,1,0,0,0,0,0,2,0,0,52,-2.32095e-06,-0.00234818,56,0.00518374,0.00320091,56,0.00392109,0.000929716
6043362642774,6043351384000,6043351384000,6043362628959,73729,11.245,6043371083429,19.6994,0,37807,145568,0,0,1,0,0,0.008023,331,331,331,1,2.36654,2.53202,0.387336,0.215724,0.0112915,-0.00416565,1.25553e-05,-1.38534e-05,0.000230604,0.00916648,1,-0.00172671,-0.00156491,0.00156491,-0.00172671,1,1,0.00104588,-0.00176866,0.000519029,4.19517e-05,0,0,0,0,0,0,0,0,0,0,0,0,0,0,0,0,0,0,0,0,0,0,0,255,0.21,3.58543,0.21,0.00231516,-0.000424021,1,1,1,1,0,1,1,-0.626102,-3.04654,0.111357,-0.000306593,-3.88325e-05,-4.693e-05,28.9949,36435,1,367,127.666,9109,0,0.000884653,0.00116514,0.00201743,0,0,0,1,331,0.215,1.06662e-05,-1.17179e-05,-2.51936e-06,-2.29322e-06,-2.93127e-06,-1.73363e-06,0.0491322,0.151208,0.0178889,-0.019686,-0.20453,0.000270308,0.000180392,-0.00156921,8.75416,1,0,0,0,0,0,-1,1,-9.04616e-07,-3.41771e-06,-0.204102,0,29.212,1,1010,1010,1010,1010,0,0,0,0,38.9012,56,0.00943008,-0.00237957,56,0.00216587,-0.0084648,56,-0.00224662,-0.00204222,2,0,0,0,0,0,2,0,0,47,0.00204596,0.00358527,56,0.00170798,-0.0066709,56,0.00259632,0.00121107
6043371660877,6043363418000,6043363418000,6043371644340,73729,8.22634,6043381860822,18.4428,0,37807,145569,0,0,1,0,0,0.012034,338,338,338,1,2.35807,2.56018,0.480041,0.220891,0.031517,-0.0243225,6.47991e-05,-3.81303e-05,0.00018013,-0.00494409,1,-0.00316855,-0.00538467,0.00538467,-0.00316855,1,1,0.00506859,-0.00309442,0.000316077,-7.41305e-05,0,0,0,0,0,0,0,0,0,0,0,0,0,0,0,0,0,0,0,0,0,0,0,255,0.21,2.45622,0.21,0.0038633,-0.00325217,1,1,1,1,1,1,1,-0.626102,-3.04654,0.111357,-0.000306593,-3.88325e-05,-4.693e-05,39.7459,36435,1,367,138.417,9109,0,0.000884653,0.00116514,0.00201743,0,0,0,1,338,0.215,5.497e-05,-3.23445e-05,-6.95408e-06,-1.18185e-05,-9.20376e-06,-1.01591e-05,0.049123,0.151198,0.0178772,-0.0197132,-0.204529,0.000369682,-0.000318761,-0.000791558,9.05134,2,0,0,0,0,0,-1,1,-9.04616e-07,-3.41771e-06,-0.204102,0,39.9709,1,1010,1010,1010,1010,0,0,0,0,49.6602,56,0.0028816,0.000870139,56,-0.000475672,-0.00722304,56,0.007177,-0.00464496,2,0,0,0,0,0,2,0,0,54,0.00618491,-0.00418506,56,0.00458685,-0.00266506,56,0.00488397,-0.000381488
6043382422715,6043371381000,6043371381000,6043382408511,73729,11.0275,6043391542059,20.1611,0,37807,145570,0,0,1,0,0,0.007963,323,323,323,1,2.37685,2.92548,0.425688,0.210465,0.000518799,0.0177307,-4.23803e-06,4.29326e-05,-0.00702142,-0.00908169,1,0.00539151,0.000532215,-0.000532215,0.00539151,1,1,-0.000283588,0.00524408,-0.000248627,0.000147431,0,0,0,0,0,0,0,0,0,0,0,0,0,0,0,0,0,0,0,0,0,0,0,255,0.21,3.0776,0.21,-5.85151e-05,0.00374595,1,1,1,1,0,1,1,-0.626804,-3.04591,0.111435,-0.00131021,0.0013123,0.000404493,2.94993,36436,1,367,148.094,9109,0,0.000884653,0.00116514,0.00201743,0,0,0,1,323,0.215,-3.56964e-06,3.6397e-05,7.82536e-06,7.67472e-07,7.81636e-06,-8.37544e-07,0.0491308,0.151197,0.0178648,-0.0197184,-0.204514,0.000171444,0.000633955,0.000992433,2.77902,1,0,0,0,0,0,-1,1,-9.04616e-07,-3.41771e-06,-0.20412,0,3.157,1,1010,1010,1010,1010,0,0,0,0,3.16182,56,0.00183788,0.00146362,56,-0.000224494,0.0139463,56,0.00402763,0.00266182,1,0,0,0,0,0,1,0,0,41,-0.00634139,0.014408,56,-0.000782359,0.00172814,56,-0.00099407,0.00216544
6043392058600,6043383378000,6043383378000,6043392044156,73729,8.66616,6043401934580,18.5566,0,37807,145571,0,0,1,0,0,0.011997,333,333,333,1,2.32146,2.49294,0.494504,0.220094,-0.00820923,0.0147095,2.24764e-05,1.58254e-05,0.00610991,-0.000675559,1,0.00131911,-0.0018735,0.0018735,0.00131911,1,1,0.00213425,0.00116449,-0.000260755,0.000154623,0,0,0,0,0,0,0,0,0,0,0,0,0,0,0,0,0,0,0,0,0,0,0,255,0.2,2.5717,0.2,-0.0523202,-0.103197,1,1,1,1,0,1,1,-0.626804,-3.04591,0.111435,-0.00131021,0.0013123,0.000404493,13.3467,36436,1,367,158.49,9109,0,0.000884653,0.00116514,0.00201743,0,0,0,1,333,0.205,1.90313e-05,1.34574e-05,2.75877e-06,-3.90142e-06,1.90988e-06,-4.37996e-06,0.0491327,0.151193,0.0178648,-0.0197184,-0.204514,0.000171444,0.000633955,0.000992433,13.1666,0,0,0,0,0,0,-1,1,-9.04616e-07,-3.41771e-06,-0.20412,0,13.5645,1,1010,1010,1010,1010,0,0,0,0,13.5693,56,0.00096674,0.00283072,56,0.00297472,0.000165045,56,-0.00390533,-0.000563804,1,0,0,0,0,0,2,0,0,50,0.000577959,0.0024911,56,-0.000911166,0.0042892,56,0.0013048,0.00345302
6043402446954,6043391383000,6043391383000,6043402433454,73729,11.0505,6043411048424,19.6654,0,37807,145572,0,0,1,0,0,0.008005,331,331,330,0.996979,2.3722,2.5427,0.443096,0.218631,-0.0279388,-0.00669861,-7.40893e-05,-1.57131e-05,-0.0120762,0.00332815,1,-0.00196291,0.00925538,-0.00925538,-0.00196291,1,1,-0.00858166,-0.00202614,-0.00067372,6.32236e-05,0,0,0,0,0,0,0,0,0,0,0,0,0,0,0,0,0,0,0,0,0,0,0,255,0.2,2.82434,0.2,-0.147442,-0.231152,1,1,1,1,0,1,1,-0.626804,-3.04591,0.111435,-0.00131021,0.0013123,0.000404493,22.4879,36436,1,367,167.632,9109,0,0.000884653,0.00116514,0.00201743,0,0,0,1,330,0.205,-6.27916e-05,-1.33438e-05,-2.73547e-06,1.28723e-05,-6.87652e-08,1.31584e-05,0.0491326,0.151206,0.0178502,-0.0197278,-0.204498,-0.000559175,0.000259217,0.00176246,8.93081,1,0,0,0,0,0,-1,1,-9.04616e-07,-3.41771e-06,-0.20412,0,22.7059,1,1010,1010,1010,1010,0,0,0,0,22.7107,56,-0.00568016,0.000694378,56,-0.0203402,-0.013567,55,-0.00132282,0.00250516,0,0,0,0,0,0,3,-0.0403842,0.0346932,48,-0.00711218,-0.00316695,56,-0.00563706,-0.000834307,56,-0.010414,-0.000220034
6043411602521,6043403398000,6043403398000,6043411586409,73729,8.18841,6043421590723,18.1927,0,37807,145573,0,0,1,0,0,0.012015,328,328,328,1,2.33274,2.49924,0.424688,0.219242,-0.0178452,-0.0143204,-2.92462e-05,-2.07337e-05,0.00287256,0.00214683,1,-0.00172565,0.00243414,-0.00243414,-0.00172565,1,1,-0.00181228,-0.00169174,-0.00062186,-3.39055e-05,0,0,0,0,0,0,0,0,0,0,0,0,0,0,0,0,0,0,0,0,0,0,0,255,0.2,1.81957,0.2,-0.00215936,-0.00174953,1,1,1,1,0,1,1,-0.626804,-3.04591,0.111435,-0.00131021,0.0013123,0.000404493,33.04,36436,1,367,178.184,9109,0,0.000884653,0.00116514,0.00201743,0,0,0,1,328,0.205,-2.48314e-05,-1.75951e-05,-3.60699e-06,5.09044e-06,-2.49938e-06,5.71626e-06,0.0491301,0.151211,0.0178444,-0.0197332,-0.204487,-0.000483515,-0.000139012,0.00165289,10.3131,1,0,0,0,0,0,-1,1,-9.04616e-07,-3.41771e-06,-0.20412,0,33.2707,1,1010,1010,1010,1010,0,0,0,0,33.2755,56,-0.00263409,-0.00410954,56,-0.00435868,0.00420774,56,-0.000767205,-0.00418774,2,0,0,0,0,0,1,0,0,45,-0.00354532,-0.00340905,56,-0.000785328,-0.0018915,56,-0.00318836,-0.000779716
6043422126801,6043411398000,6043411398000,6043422116727,73729,10.7187,6043430667271,19.2693,0,37807,145574,0,0,1,0,0,0.008,330,330,330,1,2.35542,2.49074,0.461244,0.215297,-0.00524902,0.00982666,-2.63832e-06,2.73498e-05,0.00453995,0.00119542,1,0.00341872,0.00032979,-0.00032979,0.00341872,1,1,-2.95587e-05,0.00330917,-0.000300232,0.000109552,0,0,0,0,0,0,0,0,0,0,0,0,0,0,0,0,0,0,0,0,0,0,0,255,0.2,2.22191,0.2,-0.000528191,0.00275775,1,1,1,1,1,1,1,-0.626804,-3.04591,0.111435,-0.00131021,0.0013123,0.000404493,42.1065,36436,1,367,187.25,9109,0,0.000884653,0.00116514,0.00201743,0,0,0,1,330,0.205,-2.2662e-06,2.32277e-05,4.76168e-06,4.64571e-07,4.75572e-06,-5.11916e-07,0.0491349,0.151211,0.0178262,-0.0197297,-0.204493,-0.000478975,0.000449163,0.000601579,7.43255,2,0,0,0,0,0,-1,1,-9.04616e-07,-3.41771e-06,-0.20412,0,42.3241,1,1010,1010,1010,1010,0,0,0,0,42.329,56,-0.000335755,0.00833906,56,0.0165463,-0.00385954,56,-0.0081195,0.00454897,1,0,0,0,0,0,2,0,0,47,-0.00530925,0.0106388,56,-0.00192606,-0.000798252,56,0.00131621,-0.000405596
6043431464332,6043423346000,6043423346000,6043431446573,73729,8.10057,6043441468961,18.123,0,37807,145575,0,0,1,0,0,0.011948,330,330,330,1,2.33804,2.87698,0.440355,0.216724,0.00402832,0.0116119,9.12591e-06,1.76739e-05,0.00104329,0.000485387,1,0.00147924,-0.000763803,0.000763803,0.00147924,1,1,0.00049439,0.00152352,0.000269413,-4.42805e-05,0,0,0,0,0,0,0,0,0,0,0,0,0,0,0,0,0,0,0,0,0,0,0,255,0.21,1.39805,0.21,0.0500023,0.0940379,1,1,1,1,0,1,1,-0.627669,-3.04512,0.111537,-0.0032712,0.00220464,-9.46732e-06,3.05378,36437,1,367,198.02,9109,0,0.000884653,0.00116514,0.00201743,0,0,0,1,330,0.215,7.75141e-06,1.49841e-05,3.22159e-06,-1.66655e-06,2.81603e-06,-2.28579e-06,0.0491377,0.151209,0.0178438,-0.0197305,-0.2045,0.000149994,-0.000190406,-0.000806784,2.88465,1,0,0,0,0,0,-1,1,-9.04616e-07,-3.41771e-06,-0.204106,0,3.262,1,1010,1010,1010,1010,0,0,0,0,3.26647,56,0.000605528,0.0025263,56,-0.00275201,-0.00229203,56,0.00426176,0.00214943,2,0,0,0,0,0,1,0,0,47,0.00158132,-0.000254583,56,0.00013425,0.00306248,56,-8.74679e-05,0.000971494
6043441953798,6043431407000,6043431407000,6043441940964,73729,10.534,6043451664128,20.2571,0,37807,145576,0,0,1,0,0,0.008061,326,326,326,1,2.35568,2.47263,0.420003,0.214132,0.0115509,-0.0222931,-4.53524e-07,-4.20724e-05,0.000738119,0.00978562,1,-0.00521926,5.62615e-05,-5.62615e-05,-0.00521926,1,1,-0.000325674,-0.00517498,0.000269413,-4.42805e-05,0,0,0,0,0,0,0,0,0,0,0,0,0,0,0,0,0,0,0,0,0,0,0,255,0.21,1.75899,0.21,0.159129,0.240687,1,1,1,1,0,1,1,-0.627669,-3.04512,0.111537,-0.0032712,0.00220464,-9.46732e-06,13.2655,36437,1,367,10.205,9110,0,0.000884653,0.000974343,0.00193845,0,0,0,1,326,0.215,-4.01441e-07,-3.57078e-05,-7.67717e-06,8.63097e-08,-7.49824e-06,1.64326e-06,0.0491302,0.15121,0.0178438,-0.0197305,-0.2045,0.000149994,-0.000190406,-0.000806784,13.081,0,0,0,0,0,0,-1,1,-9.04616e-07,-3.41771e-06,-0.204106,0,13.4781,1,1010,1010,1010,1010,0,0,0,0,13.4825,56,0.00381118,-0.0058723,56,0.00603145,0.00395591,56,0.000385042,-0.00572457,0,0,0,0,0,0,1,0,0,45,0.000537509,-0.0130335,56,0.00435198,-0.00655998,56,0.000722691,-0.00417982
6043452147298,6043443351000,6043443351000,6043452136076,73729,8.78508,6043462101611,18.7506,0,37807,145577,0,0,1,0,0,0.011944,334,334,334,1,2.31742,2.46946,0.427392,0.21928,0.012764,-0.00865173,2.53598e-05,-1.69186e-05,-0.0062949,0.000756636,1,-0.0014165,-0.00212322,0.00212322,-0.0014165,1,1,0.00165625,-0.00132659,0.000466971,-8.99043e-05,0,0,0,0,0,0,0,0,0,0,0,0,0,0,0,0,0,0,0,0,0,0,0,255,0.21,1.78394,0.21,0.00248363,-0.00149261,1,1,1,1,0,1,1,-0.627669,-3.04512,0.111537,-0.0032712,0.00220464,-9.46732e-06,23.6922,36437,1,367,20.6318,9110,0,0.000884653,0.000974343,0.00193845,0,0,0,1,334,0.215,2.15086e-05,-1.43781e-05,-3.0913e-06,-4.62435e-06,-3.96372e-06,-3.89989e-06,0.0491262,0.151206,0.0178606,-0.0197057,-0.204515,0.000719583,-0.000386588,-0.00103071,10.2338,1,0,0,0,0,0,-1,1,-9.04616e-07,-3.41771e-06,-0.204106,0,23.9108,1,1010,1010,1010,1010,0,0,0,0,23.9152,56,0.00245085,-0.00354637,56,0.00195012,0.000860365,56,0.00183552,-0.00270938,1,0,0,0,0,0,2,0,0,51,0.00433376,-0.000370995,56,-0.000325877,-0.00169782,56,0.000554676,0.00122709
6043462602245,6043451379000,6043451379000,6043462587393,73729,11.2084,6043471382864,20.0039,0,37807,145578,0,0,1,0,0,0.008028,326,326,326,1,2.59244,2.5273,0.440559,0.214094,0.0160217,0.00492859,6.04078e-05,-1.94129e-07,0.0206794,-0.00229236,1,-2.41815e-05,-0.00752464,0.00752464,-2.41815e-05,1,1,0.00711895,-7.44126e-05,0.00040569,5.02311e-05,0,0,0,0,0,0,0,0,0,0,0,0,0,0,0,0,0,0,0,0,0,0,0,255,0.2,2.1102,0.2,-0.0178162,-0.0401735,1,1,1,1,0,1,1,-0.627669,-3.04512,0.111537,-0.0032712,0.00220464,-9.46732e-06,33.0116,36437,1,367,29.9511,9110,0,0.000884653,0.000974343,0.00193845,0,0,0,1,326,0.205,5.12048e-05,-1.00103e-07,-2.05212e-08,-1.0497e-05,-2.14807e-06,-1.02731e-05,0.0491241,0.151196,0.0178947,-0.0196467,-0.204523,0.000627775,0.000205948,-0.000828444,9.06605,2,0,0,0,0,0,-1,1,-9.04616e-07,-3.41771e-06,-0.204106,0,33.2262,1,1010,1010,1010,1010,0,0,0,0,33.2306,56,0.00915182,0.00102603,56,0.010733,-0.00320628,56,-0.00084537,-0.000855984,1,0,0,0,0,0,1,0,0,44,0.00535833,0.000973917,56,0.00471671,0.00420018,56,0.0112397,-0.000609133
6043471939609,6043463354000,6043463354000,6043471921516,73729,8.56752,6043481412530,18.0585,0,37807,145579,0,0,1,0,0,0.011975,329,329,329,1,2.33859,2.49548,0.391151,0.214113,-0.0035553,-0.000305176,1.30658e-05,1.15803e-05,0.000597154,-0.00556005,1,0.000967042,-0.00109109,0.00109109,0.000967042,1,1,0.000854397,0.000838954,0.000236692,0.000128088,0,0,0,0,0,0,0,0,0,0,0,0,0,0,0,0,0,0,0,0,0,0,0,255,0.2,1.28803,0.2,-0.139267,-0.220179,1,1,1,1,0,1,1,-0.627669,-3.04512,0.111537,-0.0032712,0.00220464,-9.46732e-06,43.0373,36437,1,367,39.9767,9110,0,0.000884653,0.000974343,0.00193845,0,0,0,1,329,0.205,1.10311e-05,9.80301e-06,2.00962e-06,-2.26137e-06,1.50892e-06,-2.62212e-06,0.0491256,0.151193,0.0178947,-0.0196467,-0.204523,0.000324147,0.000525163,-0.000517032,19.0926,0,0,0,0,0,0,-1,1,-9.04616e-07,-3.41771e-06,-0.204106,0,43.258,1,1010,1010,1010,1010,0,0,0,0,43.2625,56,-0.00130551,0.00171374,56,0.0011068,0.00730072,56,0.000556593,0.000933509,2,0,0,0,0,0,2,0,0,45,-0.000251054,0.00120102,56,0.00147865,0.00160719,56,-0.00108646,-0.0026738
6043481949312,6043471375000,6043471375000,6043481934460,73729,10.5595,6043491028859,19.6539,0,37807,145580,0,0,1,0,0,0.008021,329,329,329,1,2.62457,2.79813,0.478263,0.213149,0.00012207,-0.00360107,-2.64545e-05,-4.17189e-06,-0.00808462,-0.00503778,1,-0.000520121,0.00329816,-0.00329816,-0.000520121,1,1,-0.00337624,-0.000715072,7.80849e-05,0.000194951,0,0,0,0,0,0,0,0,0,0,0,0,0,0,0,0,0,0,0,0,0,0,0,255,0.21,1.18134,0.21,0.0108645,0.0289802,1,1,1,1,1,1,1,-0.627669,-3.04512,0.111537,-0.0032712,0.00220464,-9.46732e-06,52.6217,36437,1,367,49.5611,9110,0,0.000884653,0.000974343,0.00193845,0,0,0,1,329,0.215,-2.23839e-05,-3.52968e-06,-7.58882e-07,4.81253e-06,2.32702e-07,4.86591e-06,0.0491258,0.151198,0.0179204,-0.019618,-0.204525,0.000628492,0.000838289,0.000234182,9.39409,1,0,0,0,0,0,-1,1,-9.04616e-07,-3.41771e-06,-0.204119,0,0.201631,1,1010,1010,1010,1010,0,0,0,0,8.35627,56,0.00202469,-0.000280928,56,-0.0126394,-0.00222029,56,0.00753093,0.00196046,2,0,0,0,0,0,1,0,0,46,-0.00380361,-0.00168813,56,-0.00400133,-0.000263971,56,-0.000848076,0.000991067
6043491594604,6043483351000,6043483351000,6043491576123,73729,8.22512,6043501565751,18.2148,0,37807,145581,0,0,1,0,0,0.011976,334,333,333,1,2.33955,2.62683,0.443967,0.226817,-0.013031,0.0140991,-1.51207e-05,1.57043e-05,0.00247232,0.00582046,1,0.00131131,0.00126258,-0.00126258,0.00131131,1,1,-0.00121364,0.00126631,-4.89417e-05,4.49978e-05,0,0,0,0,0,0,0,0,0,0,0,0,0,0,0,0,0,0,0,0,0,0,0,255,0.2,0.671153,0.2,0.106227,0.189391,1,1,1,1,0,1,1,-0.628776,-3.0441,0.111596,-0.0048522,0.00441397,0.000750904,10.5464,36438,1,367,60.1227,9110,0,0.000884653,0.000974343,0.00193845,0,0,0,1,333,0.205,-1.29017e-05,1.32891e-05,2.72426e-06,2.64484e-06,3.20312e-06,2.03633e-06,0.049129,0.1512,0.0179276,-0.0195971,-0.204515,0.000420337,0.000184491,0.000496798,10.3427,1,0,0,0,0,0,-1,1,-9.04616e-07,-3.41771e-06,-0.204119,0,10.809,1,1010,1010,1010,1010,0,0,0,0,18.9636,56,-0.00512651,-0.000497467,55,0.0114236,0.00583902,56,-0.00459391,0.00160441,3,0.00297116,0.0100817,0,0,0,3,-0.0157062,0.00400047,48,0.00160822,-0.000617772,56,-0.0021894,0.000721026,56,-0.00465963,0.00176808
6043502139052,6043491376000,6043491376000,6043502122255,73729,10.7463,6043510872430,19.4964,0,37807,145582,0,0,1,0,0,0.008025,332,332,332,1,2.35889,2.54891,0.534615,0.218743,-0.00727081,0.00370789,-1.39763e-05,1.99318e-05,-0.00312837,0.000617069,1,0.00248372,0.00174159,-0.00174159,0.00248372,1,1,-0.00143075,0.0024617,-0.000310842,2.20193e-05,0,0,0,0,0,0,0,0,0,0,0,0,0,0,0,0,0,0,0,0,0,0,0,255,0.21,1.06606,0.21,-0.145174,-0.265216,1,1,1,1,0,1,1,-0.628776,-3.0441,0.111596,-0.0048522,0.00441397,0.000750904,19.857,36438,1,367,69.433,9110,0,0.000884653,0.000974343,0.00193845,0,0,0,1,332,0.215,-1.18723e-05,1.68936e-05,3.63213e-06,2.55254e-06,4.07318e-06,1.76164e-06,0.0491331,0.151202,0.0179379,-0.0195796,-0.204508,-7.50953e-05,9.46828e-05,0.00100922,9.08992,1,0,0,0,0,0,-1,1,-9.04616e-07,-3.41771e-06,-0.204119,0,20.0734,1,1010,1010,1010,1010,0,0,0,0,28.228,56,-0.00161296,-0.00275607,56,-0.00363849,0.00221046,56,-0.00334693,0.00168912,1,0,0,0,0,0,2,0,0,49,-0.00281586,0.00901971,56,-0.00352095,-0.000948281,56,0.00024747,0.000694207
6043511410638,6043499387000,6043499387000,6043511392693,73729,12.0057,6043520713002,21.326,0,37807,145583,0,0,1,0,0,0.008011,328,328,328,1,2.34311,2.47833,0.369892,0.216391,-0.00971985,0.00866699,-2.91505e-05,3.18288e-06,-0.00249304,0.00706811,1,0.000397313,0.00363881,-0.00363881,0.000397313,1,1,-0.00343151,0.000410317,-0.00020731,-1.30042e-05,0,0,0,0,0,0,0,0,0,0,0,0,0,0,0,0,0,0,0,0,0,0,0,255,0.21,0.18839,0.21,0.18977,0.31036,1,1,1,1,0,1,1,-0.628776,-3.0441,0.111596,-0.0048522,0.00441397,0.000750904,29.692,36438,1,367,79.2682,9110,0,0.000884653,0.000974343,0.00193845,0,0,0,1,328,0.215,-2.47104e-05,2.69668e-06,5.79786e-07,5.31274e-06,1.64454e-06,5.08384e-06,0.0491348,0.151207,0.0179464,-0.0195628,-0.204509,-2.09459e-05,-5.59181e-05,0.000696389,9.6159,1,0,0,0,0,0,-1,1,-9.04616e-07,-3.41771e-06,-0.204119,0,29.9113,1,1010,1010,1010,1010,0,0,0,0,38.066,56,0.00267476,0.00683505,56,-0.0149057,-0.00250832,56,-0.00233966,0.00262703,0,0,0,0,0,0,2,0,0,46,-0.000551524,-0.000713078,56,-0.0032849,-0.000413992,56,-0.00579198,0.00121345
6043521232487,6043511395000,6043511395000,6043521217098,73729,9.8221,6043530630963,19.236,0,37807,145584,0,0,1,0,0,0.012008,333,333,333,1,2.64709,2.46181,0.430355,0.214964,0.00949097,0.00714111,-1.38373e-05,6.15853e-06,-0.00158067,-0.00109904,1,0.000512869,0.00115234,-0.00115234,0.000512869,1,1,-0.00122595,0.000435552,7.36136e-05,7.73172e-05,0,0,0,0,0,0,0,0,0,0,0,0,0,0,0,0,0,0,0,0,0,0,0,255,0.21,-0.114668,0.21,0.0195646,0.0420264,1,1,1,1,0,1,1,-0.628776,-3.0441,0.111596,-0.0048522,0.00441397,0.000750904,39.6099,36438,1,367,89.1862,9110,0,0.000884653,0.000974343,0.00193845,0,0,0,1,333,0.215,-1.16949e-05,5.2442e-06,1.1275e-06,2.51441e-06,1.6135e-06,2.23285e-06,0.0491364,0.151209,0.0179605,-0.019546,-0.204514,0.000365464,0.000332464,3.91408e-05,9.69957,1,0,0,0,0,0,-1,1,-9.04616e-07,-3.41771e-06,-0.204119,0,39.8225,1,1010,1010,1010,1010,0,0,0,0,47.9771,56,0.00252716,-0.000608978,56,-0.000117333,0.00226985,56,0.000661311,0.00276477,1,0,0,0,0,0,1,0,0,51,-0.000587096,0.00120185,56,0.0015867,0.00209952,56,0.00243549,0.000704385
6043531148504,6043519395000,6043519395000,6043531131615,73729,11.7366,6043540655370,21.2604,0,37807,145585,0,0,1,0,0,0.008,330,330,311,0.942424,2.34105,2.82376,0.475522,0.211835,-0.000579834,-0.0187683,-9.88059e-06,-1.74202e-05,-0.00634937,-0.00129208,1,-0.00217753,0.00123507,-0.00123507,-0.00217753,1,1,-0.00143991,-0.00204286,0.000204835,-0.000134667,0,0,0,0,0,0,0,0,0,0,0,0,0,0,0,0,0,0,0,0,0,0,0,255,0.2,-0.381095,0.2,-0.000215379,-0.00328354,1,1,1,1,0,1,1,-0.629908,-3.04307,0.111536,-0.00679241,0.00586871,2.03508e-05,2.51935,36439,1,367,99.1768,9110,0,0.000884653,0.000974343,0.00193845,0,0,0,1,311,0.205,-8.36804e-06,-1.48065e-05,-3.03533e-06,1.71545e-06,-2.62373e-06,2.29591e-06,0.0491337,0.151212,0.017986,-0.0195173,-0.204525,0.000356702,-0.000552135,-0.000386498,2.35839,2,0,0,0,0,0,-1,1,-9.04615e-07,-3.41771e-06,-0.204128,0,2.72858,1,1010,1010,1010,1010,0,0,0,0,2.73269,56,-0.00296772,-0.00678235,56,-0.00162658,0.013293,56,0.00437803,-0.00616479,2,0,0,0,0,0,2,0,0,46,-0.000294446,-0.0115534,56,0.000207613,-0.00311409,37,-0.00236959,-0.00505529
6043541129373,6043531374000,6043531374000,6043541116318,73729,9.74232,6043551215076,19.8411,0,37807,145586,0,0,1,0,0,0.011979,331,331,331,1,2.63348,2.45202,0.403095,0.213687,0.0168762,-0.0177307,4.57467e-05,-4.16807e-05,0.00175328,-0.000993487,1,-0.00347948,-0.0038189,0.0038189,-0.00347948,1,1,0.00356563,-0.00342575,0.000253276,-5.37244e-05,0,0,0,0,0,0,0,0,0,0,0,0,0,0,0,0,0,0,0,0,0,0,0,255,0.2,-0.537949,0.2,-0.128073,-0.239203,1,1,1,1,1,1,1,-0.629908,-3.04307,0.111536,-0.00679241,0.00586871,2.03508e-05,13.1134,36439,1,367,109.771,9110,0,0.000884653,0.000974343,0.00193845,0,0,0,1,331,0.205,3.87595e-05,-3.53528e-05,-7.24732e-06,-7.9457e-06,-8.70572e-06,-6.30774e-06,0.049125,0.151205,0.017986,-0.0195173,-0.204525,0.000524849,-0.00022027,-0.000410866,12.9092,0,0,0,0,0,0,-1,1,-9.04615e-07,-3.41771e-06,-0.204128,0,13.3322,1,1010,1010,1010,1010,0,0,0,0,13.3363,56,0.000634109,-0.00121795,56,0.00887925,-0.00445198,56,0.000203126,-0.0024823,1,0,0,0,0,0,1,0,0,49,0.00327396,-0.00346645,56,0.00374465,-0.00441403,56,0.00406202,-0.00081618
6043551811007,6043539389000,6043539389000,6043551788377,73729,12.3994,6043560366643,20.9776,0,37807,145587,0,0,1,0,0,0.008015,327,327,327,1,2.34818,2.5553,0.408725,0.217168,0.00128174,0.00817871,2.0948e-05,1.95268e-05,0.0069027,-0.00652448,1,0.00243629,-0.0026136,0.0026136,0.00243629,1,1,0.00247965,0.00234797,0.000133953,8.83196e-05,0,0,0,0,0,0,0,0,0,0,0,0,0,0,0,0,0,0,0,0,0,0,0,255,0.2,-0.010815,0.2,-0.00357911,-0.00529082,1,1,1,1,0,1,1,-0.629908,-3.04307,0.111536,-0.00679241,0.00586871,2.03508e-05,22.2655,36439,1,367,118.923,9110,0,0.000884653,0.000974343,0.00193845,0,0,0,1,327,0.205,1.77767e-05,1.65852e-05,3.39996e-06,-3.64422e-06,2.58965e-06,-4.25838e-06,0.0491276,0.151201,0.0179923,-0.0194797,-0.204534,-4.72837e-05,0.00036211,-0.000477193,8.93412,1,0,0,0,0,0,-1,1,-9.04615e-07,-3.41771e-06,-0.204128,0,22.4882,1,1010,1010,1010,1010,0,0,0,0,22.4923,56,0.00685248,-0.0011499,56,0.00271696,0.00573372,56,-0.00288938,-0.00146737,3,0.00820443,0.0152359,0,0,0,2,0,0,42,0.000255186,0.00297858,56,-0.00128355,0.000997014,56,0.00361287,0.00412301
6043560897443,6043551373000,6043551373000,6043560881758,73729,9.50876,6043571316371,19.9434,0,37807,145588,0,0,1,0,0,0.011984,331,331,328,0.990937,2.67376,2.48196,0.42854,0.217409,-0.0320892,0.0191727,-4.7592e-05,3.67538e-05,0.00275151,-0.000319494,1,0.0030669,0.00397129,-0.00397129,0.0030669,1,1,-0.0040261,0.00297266,5.48018e-05,9.42434e-05,0,0,0,0,0,0,0,0,0,0,0,0,0,0,0,0,0,0,0,0,0,0,0,255,0.2,9.07562,0.2,-0.00427781,0.00265803,1,1,1,1,0,1,1,-0.629908,-3.04307,0.111536,-0.00679241,0.00586871,2.03508e-05,33.2175,36439,1,367,129.875,9110,0,0.000884653,0.000974343,0.00193845,0,0,0,1,328,0.205,-4.03822e-05,3.11565e-05,6.38708e-06,8.27836e-06,7.93119e-06,6.80791e-06,0.0491356,0.151208,0.0179982,-0.0194488,-0.20455,-0.00106371,0.000386398,-0.00103072,10.7254,1,0,0,0,0,0,-1,1,-9.04615e-07,-3.41771e-06,-0.204128,0,33.4419,1,1010,1010,1010,1010,0,0,0,0,33.446,55,-0.00653934,0.00128835,56,-0.00529208,0.00491848,56,-0.00206016,0.00337558,1,0,0,0,0,0,1,0,0,47,-0.00496706,0.00287553,56,-0.00386336,0.00511901,56,-0.0055604,0.000396248
6043571853968,6043559396000,6043559396000,6043571835616,73729,12.4396,6043580604347,21.2083,0,37807,145589,0,0,1,0,0,0.008023,330,330,330,1,2.32537,2.5643,0.426892,0.220094,-0.0147247,0.0181732,-6.95544e-05,2.69578e-05,-0.0127991,0.0127868,1,0.00336006,0.00866937,-0.00866937,0.00336006,1,1,-0.00875329,0.00333533,8.39147e-05,2.47305e-05,0,0,0,0,0,0,0,0,0,0,0,0,0,0,0,0,0,0,0,0,0,0,0,255,0.2,-0.226427,0.2,-0.00326651,0.00378141,1,1,1,1,0,1,1,-0.629908,-3.04307,0.111536,-0.00679241,0.00586871,2.03508e-05,42.5043,36439,1,367,139.162,9110,0,0.000884653,0.000974343,0.00193845,0,0,0,1,330,0.205,-5.89362e-05,2.28296e-05,4.68006e-06,1.20819e-05,7.03131e-06,1.08785e-05,0.0491426,0.151219,0.0180141,-0.0194161,-0.204556,-0.000797746,0.000101395,-0.000913437,8.93771,1,0,0,0,0,0,-1,1,-9.04615e-07,-3.41771e-06,-0.204128,0,42.7329,1,1010,1010,1010,1010,0,0,0,0,42.737,56,-0.00642536,-0.000893543,56,-0.0186651,0.00454492,56,-0.00282158,0.00676723,1,0,0,0,0,0,3,-0.028703,0.00245192,46,-0.00582533,0.00047045,56,-0.00707321,0.00393784,56,-0.00799638,0.00398421
6043581144628,6043571369000,6043571369000,6043581128350,73729,9.75935,6043591855151,20.4862,0,37807,145590,0,0,1,0,0,0.011973,332,332,332,1,2.65463,2.88547,0.493745,0.218743,0.0207672,0.000175476,8.58857e-05,3.64248e-06,0.00993127,-0.00304425,1,0.000304224,-0.00717328,0.00717328,0.000304224,1,1,0.00685169,0.000396126,0.000321585,-9.19015e-05,0,0,0,0,0,0,0,0,0,0,0,0,0,0,0,0,0,0,0,0,0,0,0,255,0.2,9.06423,0.2,0.00505935,-0.000103563,1,1,1,1,0,1,1,-0.631287,-3.04184,0.11144,-0.00968725,0.00769253,0.000431356,3.93019,36440,1,367,150.38,9110,0,0.000884653,0.000974343,0.00193845,0,0,0,1,332,0.205,7.27848e-05,3.08514e-06,6.32454e-07,-1.49209e-05,-2.4064e-06,-1.47369e-05,0.0491402,0.151204,0.0180551,-0.019382,-0.204572,0.000710417,-0.000376796,-0.000486467,3.76058,2,0,0,0,0,0,-1,1,-9.04615e-07,-3.41771e-06,-0.204174,0,4.15479,1,1010,1010,1010,1010,0,0,0,0,4.15933,56,0.00599912,6.81161e-05,56,0.0168303,0.000621027,56,0.000460085,-0.00897368,1,0,0,0,0,0,1,0,0,50,0.00861829,0.0040057,56,0.00445928,-0.000394138,56,0.00411498,0.00326856
6043592367969,6043579397000,6043579397000,6043592352229,73729,12.9552,6043600928810,21.5318,0,37807,145591,0,0,1,0,0,0.008028,329,329,329,1,2.30924,2.47241,0.441336,0.220075,0.00888062,-0.00959778,1.39736e-06,-3.66477e-05,0.00283812,0.00679912,1,-0.00456499,-0.00017406,0.00017406,-0.00456499,1,1,5.43148e-05,-0.00429259,0.000119746,-0.000272403,0,0,0,0,0,0,0,0,0,0,0,0,0,0,0,0,0,0,0,0,0,0,0,255,0.2,-0.009982,0.2,0.00109159,-0.00225497,1,1,1,1,1,1,1,-0.631287,-3.04184,0.11144,-0.00968725,0.00769253,0.000431356,13.0357,36440,1,367,159.486,9110,0,0.000884653,0.000974343,0.00193845,0,0,0,1,329,0.205,1.1887e-06,-3.10381e-05,-6.36282e-06,-2.43684e-07,-6.27839e-06,1.05376e-06,0.0491339,0.151205,0.0180664,-0.0193705,-0.20457,0.000173009,-0.00111685,-0.000254358,7.45455,1,0,0,0,0,0,-1,1,-9.04615e-07,-3.41771e-06,-0.204174,0,13.2586,1,1010,1010,1010,1010,0,0,0,0,13.2631,56,0.00922536,0.00150271,56,-0.00851978,0.00118642,56,0.000348362,0.00280196,3,-0.00585266,0.00335668,0,0,0,1,0,0,45,-0.00469213,-0.00998396,56,0.00228257,-0.00588377,56,0.00664035,-0.00836348
6043601528610,6043591372000,6043591372000,6043601512684,73729,10.1407,6043611728370,20.3564,0,37807,145592,0,0,1,0,0,0.011975,323,323,323,1,2.63272,2.50737,0.413651,0.213372,0.0122375,-0.0101318,6.5076e-06,-2.03425e-05,-0.00359385,0.00322167,1,-0.00169875,-0.000543432,0.000543432,-0.00169875,1,1,0.000423687,-0.00142635,0.000119746,-0.000272403,0,0,0,0,0,0,0,0,0,0,0,0,0,0,0,0,0,0,0,0,0,0,0,255,0.2,9.15066,0.2,0.000940672,-0.000881306,1,1,1,1,0,1,1,-0.631287,-3.04184,0.11144,-0.00968725,0.00769253,0.000431356,23.8346,36440,1,367,170.284,9110,0,0.000884653,0.000974343,0.00193845,0,0,0,1,323,0.205,5.56963e-06,-1.72642e-05,-3.53915e-06,-1.14177e-06,-3.69622e-06,-3.99033e-07,0.0491302,0.151205,0.0180664,-0.0193705,-0.20457,0.000173009,-0.00111685,-0.000254358,18.2527,0,0,0,0,0,0,-1,1,-9.04615e-07,-3.41771e-06,-0.204174,0,24.0499,1,1010,1010,1010,1010,0,0,0,0,24.0544,56,0.000457192,-0.00241719,56,-0.00102123,-0.0100661,56,0.00216153,-0.00166968,1,0,0,0,0,0,1,0,0,41,0.00501689,-0.000433233,56,-0.00149909,-0.00348245,56,-0.00102684,0.00438638
6043612292393,6043599396000,6043599396000,6043612274633,73729,12.8786,6043622264225,22.8682,0,37807,145593,0,0,1,0,0,0.008024,331,330,330,1,2.34163,2.51476,0.394929,0.216243,0.0118408,-0.00393677,1.72621e-05,-7.92272e-06,-0.00292326,-0.00157916,1,-0.000987378,-0.00215131,0.00215131,-0.000987378,1,1,0.00209394,-0.000947413,5.73689e-05,-3.99653e-05,0,0,0,0,0,0,0,0,0,0,0,0,0,0,0,0,0,0,0,0,0,0,0,255,0.2,-0.363391,0.2,0.00208619,-0.00026469,1,1,1,1,0,1,1,-0.631287,-3.04184,0.11144,-0.00968725,0.00769253,0.000431356,34.3411,36440,1,367,180.791,9110,0,0.000884653,0.000974343,0.00193845,0,0,0,1,330,0.205,1.46731e-05,-6.70907e-06,-1.37536e-06,-3.00798e-06,-1.95633e-06,-2.66566e-06,0.0491282,0.151202,0.0180932,-0.0193468,-0.204561,0.00115899,-0.000163858,0.000739024,10.314,1,0,0,0,0,0,-1,1,-9.04615e-07,-3.41771e-06,-0.204174,0,34.5595,1,1010,1010,1010,1010,0,0,0,0,34.5641,56,0.0035425,-4.24117e-05,55,0.00286411,-0.00257195,56,0.00135933,-0.000510492,1,0,0,0,0,0,1,0,0,49,0.00183191,-0.00355248,56,0.00214546,0.00111372,56,0.00393167,-0.00132017
6043622726395,6043611364000,6043611364000,6043622712283,73729,11.3483,6043633035637,21.6716,0,37807,145594,0,0,1,0,0,0.011968,331,331,331,1,2.60894,2.4917,0.504967,0.21176,-0.00799561,-0.00088501,-2.8596e-05,-2.42679e-06,-0.00419475,0.00409502,1,-0.000202773,0.00238937,-0.00238937,-0.000202773,1,1,-0.00249337,-0.000335458,0.000104001,0.000132685,0,0,0,0,0,0,0,0,0,0,0,0,0,0,0,0,0,0,0,0,0,0,0,255,0.2,-0.08376,0.2,-0.00199728,0.000112385,1,1,1,1,0,1,1,-0.631287,-3.04184,0.11144,-0.00968725,0.00769253,0.000431356,45.1161,36440,1,367,191.566,9110,0,0.000884653,0.000974343,0.00193845,0,0,0,1,331,0.205,-2.42749e-05,-2.11124e-06,-4.32804e-07,4.97635e-06,5.85271e-07,4.96006e-06,0.0491288,0.151207,0.0181042,-0.0193346,-0.204553,0.00148331,0.00054401,0.000845521,10.5854,1,0,0,0,0,0,-1,1,-9.04615e-07,-3.41771e-06,-0.204174,0,45.3264,1,1010,1010,1010,1010,0,0,0,0,0.140223,56,-0.00317859,-0.00352478,56,-0.00181551,0.000837978,56,-0.00419102,0.00116855,1,0,0,0,0,0,1,0,0,49,-0.00141736,0.000220686,56,-0.000855787,-0.00153694,56,-0.00144816,-9.11393e-05
6043633528085,6043619395000,6043619395000,6043633509084,73729,14.1141,6043643157044,23.762,0,37807,145595,0,0,1,0,0,0.008031,332,332,332,1,2.35776,3.37493,0.509875,0.219409,0.000312805,0.00630188,-1.25429e-05,-1.91121e-05,-0.00290792,0.00563556,1,-0.00237979,0.00156181,-0.00156181,-0.00237979,1,1,-0.00123849,-0.00246321,-0.00032332,8.34219e-05,0,0,0,0,0,0,0,0,0,0,0,0,0,0,0,0,0,0,0,0,0,0,0,255,0.21,0.579856,0.21,-0.00159239,0.000353183,1,1,1,1,0,1,1,-0.63259,-3.04067,0.111335,-0.0105982,0.00975455,5.9067e-05,0.738431,36441,1,367,0.701394,9111,0,0.000884653,0.00274947,0.00139098,0,0,0,1,332,0.215,-1.06224e-05,-1.61557e-05,-3.47346e-06,2.28382e-06,-2.93737e-06,2.94143e-06,0.0491259,0.15121,0.0180831,-0.0193114,-0.20455,-0.000532283,0.000358714,0.000686396,0.565097,2,0,0,0,0,0,-1,1,-9.04615e-07,-3.41771e-06,-0.204151,0,0.952877,1,1010,1010,1010,1010,0,0,0,0,10.2603,56,0.00928939,0.00695177,56,0.000655803,-0.00590802,56,-0.00579884,0.00127392,2,0,0,0,0,0,1,0,0,49,0.000166185,0.000978228,56,-0.00369024,-0.000464716,56,-0.00192624,-0.00147014
6043643651659,6043631367000,6043631367000,6043643636584,73729,12.2696,6043654320440,22.9534,0,37807,145596,0,0,1,0,0,0.011972,330,330,330,1,2.57865,2.5487,0.427503,0.214668,-0.0332718,-0.00570679,-5.02051e-05,1.21545e-05,0.00421938,-0.00465694,1,0.00101525,0.00419354,-0.00419354,0.00101525,1,1,-0.00392459,0.00090761,-0.000268957,0.000107636,0,0,0,0,0,0,0,0,0,0,0,0,0,0,0,0,0,0,0,0,0,0,0,255,0.21,0.569134,0.21,0.118293,0.226739,1,1,1,1,1,1,1,-0.63259,-3.04067,0.111335,-0.0105982,0.00975455,5.9067e-05,11.9042,36441,1,367,11.8671,9111,0,0.000884653,0.00274947,0.00139098,0,0,0,1,330,0.215,-4.26182e-05,1.02687e-05,2.20778e-06,9.16292e-06,4.01921e-06,8.52268e-06,0.0491299,0.151219,0.0180764,-0.0193049,-0.204557,-0.0010449,0.000462835,8.92938e-05,10.9919,1,0,0,0,0,0,-1,1,-9.04615e-07,-3.41771e-06,-0.204151,0,12.1148,1,1010,1010,1010,1010,0,0,0,0,21.4223,56,-0.011004,-0.00511942,56,-0.00644728,0.0120471,56,-0.00331395,-0.00172136,1,0,0,0,0,0,2,0,0,47,-0.00394007,-6.92066e-05,56,-0.00360806,-0.00116484,56,-0.0036591,0.00141385
6043654877963,6043639424000,6043639424000,6043654860870,73729,15.4369,6043663676823,24.2528,0,37807,145597,0,0,1,0,0,0.008057,331,330,330,1,2.35618,2.57098,0.482337,0.219576,-0.0118561,-8.39233e-05,-3.02597e-05,-1.9917e-05,0.000307763,-0.000626334,1,-0.00247201,0.00375571,-0.00375571,-0.00247201,1,1,-0.00402361,-0.00257777,0.000267906,0.000105761,0,0,0,0,0,0,0,0,0,0,0,0,0,0,0,0,0,0,0,0,0,0,0,255,0.2,1.64477,0.2,0.0263354,0.0627096,1,1,1,1,0,1,1,-0.63259,-3.04067,0.111335,-0.0105982,0.00975455,5.9067e-05,21.2632,36441,1,367,21.2263,9111,0,0.000884653,0.00274947,0.00139098,0,0,0,1,330,0.205,-2.56257e-05,-1.68618e-05,-3.45667e-06,5.25328e-06,-2.31869e-06,5.84537e-06,0.0491276,0.151224,0.0180747,-0.0193081,-0.204581,-0.000658037,0.000433618,-0.00140516,9.17599,1,0,0,0,0,0,-1,1,-9.04615e-07,-3.41771e-06,-0.204151,0,21.488,1,1010,1010,1010,1010,0,0,0,0,30.7954,56,0.00751277,0.00285005,55,-0.0168315,-0.0141703,56,-0.00340828,0.0029723,1,0,0,0,0,0,2,0,0,48,-0.00712389,-0.00172461,56,0.00071796,0.00369049,56,-0.00450252,0.000665726
6043664202753,6043651370000,6043651370000,6043664188345,73729,12.8183,6043674500087,23.1301,0,37807,145598,0,0,1,0,0,0.011946,331,331,331,1,2.57033,2.46072,0.490856,0.214908,-0.0157776,0.00991821,-1.74632e-05,3.07128e-05,0.004864,0.00463218,1,0.00257097,0.00146185,-0.00146185,0.00257097,1,1,-0.00224715,0.00254481,0.000785299,2.61637e-05,0,0,0,0,0,0,0,0,0,0,0,0,0,0,0,0,0,0,0,0,0,0,0,255,0.2,0.780561,0.2,-0.122369,-0.198413,1,1,1,1,0,1,1,-0.63259,-3.04067,0.111335,-0.0105982,0.00975455,5.9067e-05,32.0842,36441,1,367,32.0472,9111,0,0.000884653,0.00274947,0.00139098,0,0,0,1,331,0.205,-1.48564e-05,2.60537e-05,5.34101e-06,3.04557e-06,5.84627e-06,1.89681e-06,0.0491334,0.151226,0.0180775,-0.0193248,-0.204601,0.000573054,0.000107271,-0.00211734,10.6139,1,0,0,0,0,0,-1,1,-9.04615e-07,-3.41771e-06,-0.204151,0,32.294,1,1010,1010,1010,1010,0,0,0,0,41.6015,56,-0.00251129,0.00274358,56,0.00446775,0.0038573,56,-0.00244179,0.00031006,1,0,0,0,0,0,2,0,0,48,-0.00333107,0.00305965,56,-0.00427323,-6.40463e-05,56,-0.00210072,-0.00108576
6043675004610,6043659392000,6043659392000,6043674987943,73729,15.5959,6043683904545,24.5125,0,37807,145599,0,0,1,0,0,0.008022,331,330,330,1,2.34885,2.52737,0.42541,0.218595,0.0113602,0.00680542,1.24847e-05,1.74387e-06,-0.000222333,0.00178742,1,0.000217386,-0.00155631,0.00155631,0.000217386,1,1,0.00076386,0.000149685,0.000792446,6.77012e-05,0,0,0,0,0,0,0,0,0,0,0,0,0,0,0,0,0,0,0,0,0,0,0,255,0.21,1.46442,0.21,-0.0354756,-0.0807217,1,1,1,1,0,1,1,-0.63259,-3.04067,0.111335,-0.0105982,0.00975455,5.9067e-05,41.4915,36441,1,367,41.4544,9111,0,0.000884653,0.00274947,0.00139098,0,0,0,1,330,0.215,1.05763e-05,1.4862e-06,3.19533e-07,-2.27391e-06,-1.48375e-07,-2.29119e-06,0.0491333,0.151224,0.0180826,-0.0193291,-0.204615,0.00108063,0.000291115,-0.00186151,9.18938,1,0,0,0,0,0,-1,1,-9.04615e-07,-3.41771e-06,-0.204151,0,41.7317,1,1010,1010,1010,1010,0,0,0,0,0.228928,56,0.00633521,-0.000347133,55,0.00158193,-0.0101269,56,0.000591106,0.00645395,2,0,0,0,0,0,2,0,0,47,0.00584296,0.00181014,56,0.00465306,0.00330871,56,0.00105601,-0.000641094
6043684424289,6043671373000,6043671373000,6043684408530,73729,13.0355,6043694785309,23.4123,0,37807,145600,0,0,1,0,0,0.011981,326,325,325,1,2.61307,2.60887,0.4838,0.216723,0.0151825,0.00164795,4.13666e-05,2.22635e-06,0.010384,0.00163478,1,0.000185823,-0.00345269,0.00345269,0.000185823,1,1,0.003171,0.000164816,0.000281683,2.10072e-05,0,0,0,0,0,0,0,0,0,0,0,0,0,0,0,0,0,0,0,0,0,0,0,255,0.21,0.781005,0.21,0.129563,0.196838,1,1,1,1,0,1,1,-0.633728,-3.03964,0.111262,-0.0119061,0.00991237,5.77658e-05,1.24093,36442,1,367,52.3285,9111,0,0.000884653,0.00274947,0.00139098,0,0,0,1,325,0.215,3.50458e-05,1.87886e-06,4.03955e-07,-7.53485e-06,-1.13256e-06,-7.45909e-06,0.0491322,0.151217,0.0180959,-0.0193508,-0.204593,0.00131913,9.03311e-05,8.63171e-05,1.0418,2,0,0,0,0,0,-1,1,-9.04615e-07,-3.41771e-06,-0.204212,0,1.44794,1,1010,1010,1010,1010,0,0,0,0,11.0705,56,-0.000156846,-0.000451323,55,0.00734063,0.00284873,56,0.00205375,-0.000547624,1,0,0,0,0,0,2,0,0,43,0.00608689,-0.000641392,56,0.00315835,-0.00198761,56,0.00579227,0.000743859
6043695324610,6043679385000,6043679385000,6043695308554,73729,15.9236,6043704372602,24.9876,0,37807,145601,0,0,1,0,0,0.008012,332,332,332,1,2.33276,2.55815,0.494744,0.218724,0.0382385,0.00186157,6.81522e-05,-9.03307e-06,-0.0068482,0.00440145,1,-0.00112744,-0.00850627,0.00850627,-0.00112744,1,1,0.00841911,-0.0011552,8.71555e-05,2.77564e-05,0,0,0,0,0,0,0,0,0,0,0,0,0,0,0,0,0,0,0,0,0,0,0,255,0.2,1.51175,0.2,0.0572366,0.0878914,1,1,1,1,1,1,1,-0.633728,-3.03964,0.111262,-0.0119061,0.00991237,5.77658e-05,10.8302,36442,1,367,61.9177,9111,0,0.000884653,0.00274947,0.00139098,0,0,0,1,332,0.205,5.77679e-05,-7.68685e-06,-1.57581e-06,-1.18424e-05,-3.94421e-06,-1.12743e-05,0.0491282,0.151205,0.0180959,-0.0193508,-0.204593,0.00142931,0.000113801,0.000857577,10.6229,0,0,0,0,0,0,-1,1,-9.04615e-07,-3.41771e-06,-0.204212,0,11.0471,1,1010,1010,1010,1010,0,0,0,0,20.6697,56,0.00219688,0.00187591,56,0.0108468,-0.00312793,56,0.00657649,0.00349053,0,0,0,0,0,0,1,0,0,51,0.0120656,0.000153132,56,0.011146,-0.000413926,56,0.000257642,-0.00343089
6043704916569,6043691368000,6043691368000,6043704901180,73729,13.5332,6043715382182,24.0142,0,37807,145602,0,0,1,0,0,0.011983,329,329,329,1,2.61378,2.44985,0.446911,0.216983,0.00961304,0.00976562,6.20221e-06,2.1959e-05,0.000184976,0.00175358,1,0.00183251,-0.000517584,0.000517584,0.00183251,1,1,0.000868777,0.00181577,-0.000351193,1.67467e-05,0,0,0,0,0,0,0,0,0,0,0,0,0,0,0,0,0,0,0,0,0,0,0,255,0.2,0.98023,0.2,-0.111348,-0.195059,1,1,1,1,0,1,1,-0.633728,-3.03964,0.111262,-0.0119061,0.00991237,5.77658e-05,21.847,36442,1,367,72.9346,9111,0,0.000884653,0.00274947,0.00139098,0,0,0,1,329,0.205,5.29628e-06,1.86255e-05,3.81823e-06,-1.08574e-06,3.51777e-06,-1.8385e-06,0.0491317,0.151203,0.0181055,-0.0193529,-0.204566,0.00153523,6.86616e-05,0.0023801,10.8381,1,0,0,0,0,0,-1,1,-9.04615e-07,-3.41771e-06,-0.204212,0,22.0606,1,1010,1010,1010,1010,0,0,0,0,31.6832,56,0.00474788,0.00104236,56,-0.00304935,0.000484491,56,0.000737813,-0.000397895,0,0,0,0,0,0,1,0,0,48,0.00298159,0.000441699,56,-0.000519793,0.00128006,56,0.000796737,0.00486724
6043715910649,6043707404000,6043707404000,6043715902778,73729,8.49878,6043725594108,18.1901,1,37808,145603,0,0,1,0,0,0.016036,332,332,332,1,2.33389,2.55393,0.478633,0.223613,-0.00512695,-0.0248489,-1.72001e-05,-5.71257e-05,-0.00140617,0.00290809,1,-0.00356234,0.00107259,-0.00107259,-0.00356234,1,1,-0.000186433,-0.00351856,-0.00088616,-4.37814e-05,0,0,0,0,0,0,0,0,0,0,0,0,0,0,0,0,0,0,0,0,0,0,0,255,0.2,1.81466,0.2,-0.0261911,-0.0483139,1,1,1,1,0,1,1,-0.633728,-3.03964,0.111262,-0.0119061,0.00991237,5.77658e-05,32.0546,36442,1,367,83.1421,9111,0,0.000884653,0.00274947,0.00139098,0,0,0,1,332,0.205,-1.46288e-05,-4.84247e-05,-9.92706e-06,2.99891e-06,-9.11036e-06,4.95199e-06,0.0491226,0.151208,0.0180969,-0.0193485,-0.204528,0.000440351,-0.000179504,0.00325889,10.0221,1,0,0,0,0,0,-1,1,-9.04615e-07,-3.41771e-06,-0.204212,0,32.2701,1,1010,1010,1010,1010,0,0,0,0,41.8927,56,-0.00405906,-0.00102209,56,0.00571183,-0.00940307,56,-0.00277298,-0.00260457,1,0,0,0,0,0,1,0,0,50,0.000252824,-0.00213911,56,0.000206651,-0.0041894,56,-0.00273822,-0.00332079
6043727431196,6043719388000,6043719388000,6043727415714,73729,8.02771,6043737334083,17.9461,0,37808,145604,0,0,1,0,0,0.011984,331,331,331,1,2.57841,2.75145,0.449282,0.21465,-0.0179443,-0.0088501,-4.85391e-05,-1.21011e-06,-0.00722021,-0.00295731,1,-0.000100977,0.00405033,-0.00405033,-0.000100977,1,1,-0.00293309,-4.66431e-05,-0.00111724,-5.4334e-05,0,0,0,0,0,0,0,0,0,0,0,0,0,0,0,0,0,0,0,0,0,0,0,255,0.2,3.20247,0.2,-0.00401319,-0.00067869,1,1,1,1,0,1,1,-0.633728,-3.03964,0.111262,-0.0119061,0.00991237,5.77658e-05,43.7934,36442,1,367,94.8809,9111,0,0.000884653,0.00274947,0.00139098,0,0,0,1,331,0.205,-4.1084e-05,-1.03119e-06,-2.11393e-07,8.42222e-06,1.50038e-06,8.28888e-06,0.0491241,0.151217,0.0180774,-0.019348,-0.204516,-0.0011533,-0.000222769,0.00274191,11.5593,1,0,0,0,0,0,-1,1,-9.04615e-07,-3.41771e-06,-0.204126,0,0.208835,1,1010,1010,1010,1010,0,0,0,0,0.212761,56,0.000451439,-0.000206126,56,-0.0143813,-0.0012494,56,0.0027891,-0.00194006,2,0,0,0,0,0,2,0,0,47,-0.00492454,-0.00129131,56,-0.00737088,-0.000531278,56,-0.00276589,-9.06154e-05
6043737834290,6043727389000,6043727389000,6043737817938,73729,10.4289,6043746183388,18.7944,0,37808,145605,0,0,1,0,0,0.008001,324,324,324,1,2.35828,2.77089,0.485967,0.21915,-0.0426941,0.0031662,-5.00665e-05,6.52976e-07,0.00684226,-0.00253781,1,8.16117e-05,0.00625753,-0.00625753,8.16117e-05,1,1,-0.00548024,6.29745e-05,-0.000777286,1.86372e-05,0,0,0,0,0,0,0,0,0,0,0,0,0,0,0,0,0,0,0,0,0,0,0,255,0.21,3.44145,0.21,0.0730518,0.114244,1,1,1,2,0,1,1,-0.635076,-3.0384,0.111258,-0.0132274,0.0120001,0.000149415,8.8388,36443,1,367,103.735,9111,0,0.000884653,0.00274947,0.00139098,0,0,0,1,324,0.215,-4.25383e-05,5.47258e-07,1.17661e-07,9.14573e-06,1.96928e-06,8.93041e-06,0.0491261,0.151226,0.0180547,-0.0193369,-0.204525,-0.00230927,8.01401e-05,0.000826445,8.65756,1,0,0,0,0,0,-1,1,-9.04615e-07,-3.41771e-06,-0.204126,0,9.03914,1,1010,1010,1010,1010,0,0,0,0,9.04307,56,-0.0134485,0.00391504,56,0.00688992,0.000848965,56,-0.0132518,-0.000205138,1,0,0,0,0,0,1,0,0,42,-0.00714322,-0.00339731,56,-0.00702176,0.00153778,56,-0.0075237,-0.00119638
6043747446249,6043739383000,6043739383000,6043747430712,73729,8.04771,6043757329618,17.9466,0,37808,145606,0,0,1,0,0,0.011994,334,334,334,1,2.59431,2.68961,0.40204,0.225835,-0.0115356,0.00892639,-4.04375e-06,1.93268e-05,0.0059904,-0.00416291,1,0.00161137,0.000337148,-0.000337148,0.00161137,1,1,-0.000418969,0.00144283,8.18208e-05,0.000168547,0,0,0,0,0,0,0,0,0,0,0,0,0,0,0,0,0,0,0,0,0,0,0,255,0.21,2.92378,0.21,0.0990221,0.183337,1,1,1,1,1,1,1,-0.635076,-3.0384,0.111258,-0.0132274,0.0120001,0.000149415,19.981,36443,1,367,114.877,9111,0,0.000884653,0.00274947,0.00139098,0,0,0,1,334,0.215,-3.42889e-06,1.64181e-05,3.52989e-06,7.3721e-07,3.60513e-06,4.88007e-09,0.0491297,0.151226,0.0180581,-0.0193284,-0.204554,-0.00151819,0.000724751,-0.00149602,10.9361,1,0,0,0,0,0,-1,1,-9.04615e-07,-3.41771e-06,-0.204126,0,20.1946,1,1010,1010,1010,1010,0,0,0,0,20.1985,56,0.000606306,0.00257347,56,0.00693691,0.00346782,56,-0.000789609,-0.00179243,3,-0.0066832,0.00397829,0,0,0,2,0,0,49,-0.00551416,0.00423755,56,-0.000388665,0.0038008,56,-0.000248218,-8.29057e-05
6043757871566,6043747405000,6043747405000,6043757857473,73729,10.4525,6043767028874,19.6239,0,37808,145607,0,0,1,0,0,0.008022,332,332,332,1,2.35042,2.80458,0.490708,0.218279,-0.00617981,-0.00655365,-2.39018e-05,-1.16346e-05,0.00193674,0.00290748,1,-0.00145033,0.00297953,-0.00297953,-0.00145033,1,1,-0.00382422,-0.00162284,0.000844686,0.000172503,0,0,0,0,0,0,0,0,0,0,0,0,0,0,0,0,0,0,0,0,0,0,0,255,0.21,3.19354,0.21,0.000389007,-0.000802208,1,1,1,1,0,1,1,-0.635076,-3.0384,0.111258,-0.0132274,0.0120001,0.000149415,29.6846,36443,1,367,124.581,9111,0,0.000884653,0.00274947,0.00139098,0,0,0,1,332,0.215,-2.0284e-05,-9.88422e-06,-2.12511e-06,4.36107e-06,-1.19601e-06,4.7014e-06,0.0491285,0.15123,0.018063,-0.0193237,-0.204592,-0.000141284,0.000741762,-0.00301875,9.52294,1,0,0,0,0,0,-1,1,-9.04615e-07,-3.41771e-06,-0.204126,0,29.9037,1,1010,1010,1010,1010,0,0,0,0,29.9076,56,-0.00371791,-0.0059135,56,-0.00537501,0.00313949,56,-0.000819983,-0.00140817,1,0,0,0,0,0,2,0,0,49,0.00181131,-0.00424718,56,0.00192583,-0.00206828,56,-0.00018631,0.00372381
6043767531118,6043759386000,6043759386000,6043767517340,73729,8.13134,6043778226474,18.8405,0,37808,145608,0,0,1,0,0,0.011981,324,324,324,1,2.56644,2.75045,0.500152,0.212206,0.0393524,0.007164,8.95071e-05,1.59085e-05,0.00473864,-0.000480007,1,0.00132781,-0.00747076,0.00747076,0.00132781,1,1,0.00612902,0.00123419,0.00134173,9.3618e-05,0,0,0,0,0,0,0,0,0,0,0,0,0,0,0,0,0,0,0,0,0,0,0,255,0.21,2.7195,0.21,0.00680325,0.000159754,1,1,1,1,0,1,1,-0.635076,-3.0384,0.111258,-0.0132274,0.0120001,0.000149415,40.8819,36443,1,367,135.778,9111,0,0.000884653,0.00274947,0.00139098,0,0,0,1,324,0.215,7.5893e-05,1.34909e-05,2.90054e-06,-1.6317e-05,-4.70017e-07,-1.65644e-05,0.049128,0.151214,0.0180825,-0.0193255,-0.204627,0.000908873,0.000402557,-0.00388847,11.0133,1,0,0,0,0,0,-1,1,-9.04615e-07,-3.41771e-06,-0.204126,0,41.0936,1,1010,1010,1010,1010,0,0,0,0,41.0975,56,0.00395989,0.00114676,56,0.0107279,0.00133347,56,0.00739515,0.000973198,0,0,0,0,0,0,1,0,0,43,0.00519059,0.00324839,56,0.00676918,-0.000629846,56,0.00597572,0.000377556
6043778726144,6043767408000,6043767408000,6043778709829,73729,11.3018,6043788030934,20.6229,0,37808,145609,0,0,1,0,0,0.008022,332,332,332,1,2.35711,2.98948,0.438299,0.220483,0.0323334,-0.0291824,3.55145e-05,-6.81154e-05,-0.00591906,0.00383163,1,-0.00849108,-0.00442714,0.00442714,-0.00849108,1,1,0.00323659,-0.00834633,0.00119054,-0.000144753,0,0,0,0,0,0,0,0,0,0,0,0,0,0,0,0,0,0,0,0,0,0,0,255,0.21,3.74619,0.21,0.00615231,-0.00697936,1,1,1,1,0,1,1,-0.635076,-3.0384,0.111258,-0.0132274,0.0120001,0.000149415,50.6845,36443,1,367,145.581,9111,0,0.000884653,0.00274947,0.00139098,0,0,0,1,332,0.215,3.01785e-05,-5.77356e-05,-1.24132e-05,-6.48837e-06,-1.3468e-05,-3.83038e-06,0.0491146,0.15121,0.0181029,-0.0193377,-0.204637,0.00185258,-0.000622436,-0.0026134,9.59022,1,0,0,0,0,0,-1,1,-9.04615e-07,-3.41771e-06,-0.204222,0,0.206446,1,1010,1010,1010,1010,0,0,0,0,0.210372,56,0.0142216,-0.00693539,56,-0.0022405,-0.0156843,56,0.00635218,-0.000923424,2,0,0,0,0,0,2,0,0,48,0.00328308,-0.00587073,56,0.00907116,-0.00818006,56,0.00601113,-0.00370617
6043788518327,6043779380000,6043779380000,6043788506771,73729,9.12677,6043799240998,19.861,0,37808,145610,0,0,1,0,0,0.011972,325,325,325,1,2.59015,2.82295,0.488078,0.211779,0.0386353,-0.00283813,8.56612e-05,8.42399e-06,-0.00475362,0.000413657,1,0.000703641,-0.00715513,0.00715513,0.000703641,1,1,0.00661774,0.00080107,0.000537392,-9.74292e-05,0,0,0,0,0,0,0,0,0,0,0,0,0,0,0,0,0,0,0,0,0,0,0,255,0.2,3.41556,0.2,-0.0560855,-0.10032,1,1,1,2,0,1,1,-0.636346,-3.03727,0.111267,-0.014207,0.0124956,9.32918e-05,11.2009,36444,1,367,156.797,9111,0,0.000884653,0.00274947,0.00139098,0,0,0,1,325,0.205,7.26549e-05,7.11213e-06,1.45799e-06,-1.48943e-05,-1.59356e-06,-1.48784e-05,0.049113,0.151195,0.0181172,-0.0193311,-0.204622,0.0020382,-0.00039946,-0.000132084,10.9978,1,0,0,0,0,0,-1,1,-9.04615e-07,-3.41771e-06,-0.204222,0,11.4068,1,1010,1010,1010,1010,0,0,0,0,11.4107,56,0.00383404,-0.00218625,56,0.0085505,0.00452712,56,0.00551695,-0.00276859,1,0,0,0,0,0,1,0,0,43,0.00880394,0.000695436,56,0.00468447,0.000153916,56,0.00457954,0.000777906
6043799695223,6043787407000,6043787407000,6043799679612,73729,12.2726,6043808834049,21.427,0,37808,145611,0,0,1,0,0,0.008027,329,329,329,1,2.32028,2.94074,0.416244,0.213168,-0.0102234,0.0183105,-4.4991e-05,1.44847e-05,-0.00538066,0.0106595,1,0.0018045,0.00560496,-0.00560496,0.0018045,1,1,-0.00517292,0.0018027,-0.000432032,1.79937e-06,0,0,0,0,0,0,0,0,0,0,0,0,0,0,0,0,0,0,0,0,0,0,0,255,0.21,4.43633,0.21,-0.0773352,-0.117976,1,1,1,1,1,1,1,-0.636346,-3.03727,0.111267,-0.014207,0.0124956,9.32918e-05,20.7866,36444,1,367,166.383,9111,0,0.000884653,0.00274947,0.00139098,0,0,0,1,329,0.215,-3.8165e-05,1.2279e-05,2.63998e-06,8.20548e-06,4.24843e-06,7.49735e-06,0.0491172,0.151203,0.0181079,-0.01933,-0.204591,0.000675814,7.73731e-06,0.00202684,9.36914,1,0,0,0,0,0,-1,1,-9.04615e-07,-3.41771e-06,-0.204222,0,21.0019,1,1010,1010,1010,1010,0,0,0,0,21.0058,56,0.00363903,0.00286013,56,-0.00826221,0.000899301,56,-0.00582151,0.00757631,0,0,0,0,0,0,2,0,0,47,0.000924635,0.00329322,56,-0.00505871,0.000989727,56,-0.00646538,0.0026239
6043809382572,6043799381000,6043799381000,6043809366294,73729,9.98529,6043820142224,20.7612,0,37808,145612,0,0,1,0,0,0.011974,332,332,314,0.945783,2.61606,2.77309,0.481577,0.209094,-0.0220032,0.0215073,-4.6785e-05,1.44919e-05,0.000816985,0.00299854,1,0.00121028,0.00390721,-0.00390721,0.00121028,1,1,-0.00273408,0.00095373,-0.00117313,0.000256552,0,0,0,0,0,0,0,0,0,0,0,0,0,0,0,0,0,0,0,0,0,0,0,255,0.2,3.51164,0.2,0.056399,0.155986,1,1,1,1,0,1,1,-0.636346,-3.03727,0.111267,-0.014207,0.0124956,9.32918e-05,32.1144,36444,1,367,177.711,9111,0,0.000884653,0.00274947,0.00139098,0,0,0,1,314,0.205,-3.96551e-05,1.23185e-05,2.52528e-06,8.12929e-06,4.12045e-06,7.4462e-06,0.0491213,0.15121,0.0180946,-0.019311,-0.204557,-0.000646736,0.00105186,0.00333047,11.1148,1,0,0,0,0,0,-1,1,-9.04615e-07,-3.41771e-06,-0.204222,0,32.3229,1,1010,1010,1010,1010,0,0,0,0,32.3268,38,-0.000534289,0.00588157,56,-0.00515134,-0.00132244,56,-0.00338396,0.00353959,1,0,0,0,0,0,2,0,0,49,-0.00383876,0.00543283,56,-0.00453065,0.00440524,56,-0.00349373,-0.00112811
6043820652506,6043807402000,6043807402000,6043820635265,73729,13.2333,6043829443459,22.0415,0,37808,145613,0,0,1,0,0,0.008021,331,331,329,0.993958,2.33394,2.6248,0.482319,0.217297,-0.0259399,0.0167542,-4.43073e-05,4.44432e-05,-0.000565175,-0.00602756,1,0.00554085,0.00552391,-0.00552391,0.00554085,1,1,-0.00428914,0.00546624,-0.00123476,7.46082e-05,0,0,0,0,0,0,0,0,0,0,0,0,0,0,0,0,0,0,0,0,0,0,0,255,0.2,5.10346,0.2,-0.135951,-0.222427,1,1,1,1,0,1,1,-0.636346,-3.03727,0.111267,-0.014207,0.0124956,9.32918e-05,41.4147,36444,1,367,187.011,9111,0,0.000884653,0.00274947,0.00139098,0,0,0,1,329,0.205,-3.76386e-05,3.76852e-05,7.72547e-06,7.71592e-06,9.12733e-06,5.98555e-06,0.0491305,0.151216,0.0180775,-0.0193386,-0.204536,-0.00117415,0.000305894,0.00311071,9.09397,1,0,0,0,0,0,-1,1,-9.04615e-07,-3.41771e-06,-0.204222,0,41.6424,1,1010,1010,1010,1010,0,0,0,0,41.6463,56,-0.0089852,0.00563984,56,0.0101476,0.00807152,56,-0.0106454,0.00362761,0,0,0,0,0,0,2,0,0,47,-0.00350766,0.00403817,56,-0.00539371,0.00467256,56,-0.00762101,0.00264605
6043829961981,6043819382000,6043819382000,6043829947426,73729,10.5654,6043840920598,21.5386,0,37808,145614,0,0,1,0,0,0.01198,329,328,328,1,2.6453,2.85754,0.489244,0.219131,-0.0223694,-0.00593567,-3.43923e-05,-1.79939e-05,-0.000601244,-0.000127958,1,-0.00150199,0.00287081,-0.00287081,-0.00150199,1,1,-0.00238207,-0.00153882,-0.000488743,3.68298e-05,0,0,0,0,0,0,0,0,0,0,0,0,0,0,0,0,0,0,0,0,0,0,0,255,0.2,4.04434,0.2,-0.00251379,-0.00197041,1,1,1,1,0,1,1,-0.637458,-3.03625,0.111276,-0.0156329,0.0129975,-0.000361545,1.74303,36445,1,367,198.465,9111,0,0.000884653,0.00274947,0.00139098,0,0,0,1,328,0.205,-2.91417e-05,-1.52631e-05,-3.12893e-06,5.97405e-06,-1.85194e-06,6.48441e-06,0.0491286,0.151222,0.0180544,-0.0193556,-0.204542,-0.000740176,0.000151002,0.00101094,1.57197,2,0,0,0,0,0,-1,1,-9.04615e-07,-3.41771e-06,-0.204143,0,1.95798,1,1010,1010,1010,1010,0,0,0,0,1.96233,56,-0.00119818,0.00124772,55,-0.00545315,-0.00144326,56,-0.00308476,-0.00441058,1,0,0,0,0,0,2,0,0,46,-0.00463865,-9.62778e-05,56,-0.00306853,-0.00391817,56,-0.0036741,0.00128089
6043841416768,6043827405000,6043827405000,6043841400657,73729,13.9957,6043850047220,22.6422,0,37808,145615,0,0,1,0,0,0.008023,327,327,327,1,2.35791,2.49926,0.451355,0.21702,-0.0179749,0.0213318,-4.76783e-05,4.58748e-05,0.00186357,0.00505497,1,0.00571791,0.00594271,-0.00594271,0.00571791,1,1,-0.00582601,0.00563596,-0.000116699,8.19522e-05,0,0,0,0,0,0,0,0,0,0,0,0,0,0,0,0,0,0,0,0,0,0,0,255,0.21,5.56222,0.21,0.0315079,0.0628936,1,1,1,1,0,1,1,-0.637458,-3.03625,0.111276,-0.0156329,0.0129975,-0.000361545,10.8998,36445,1,367,9.15151,9112,0,0.000884653,0.00117949,0.00113746,0,0,0,1,327,0.215,-4.04501e-05,3.89052e-05,8.36463e-06,8.69677e-06,9.95193e-06,6.81602e-06,0.0491386,0.151229,0.0180544,-0.0193556,-0.204542,-0.000325649,0.000352395,0.000140925,10.6991,0,0,0,0,0,0,-1,1,-9.04615e-07,-3.41771e-06,-0.204143,0,11.1211,1,1010,1010,1010,1010,0,0,0,0,11.1255,56,-0.00457362,0.00123246,56,-0.0061834,0.010189,56,-0.00227047,0.00766655,0,0,0,0,0,0,1,0,0,46,-0.00655261,0.00608836,56,-0.00294429,0.00559744,56,-0.0048694,-0.00117034
6043850573891,6043839377000,6043839377000,6043850558335,73729,11.1813,6043861842899,22.4659,0,37808,145616,0,0,1,0,0,0.011972,333,333,333,1,2.63863,3.3306,0.492671,0.217113,0.0150757,-0.0489197,8.69143e-06,-7.54039e-05,-0.00257388,-0.0073398,1,-0.00629836,-0.00072598,0.00072598,-0.00629836,1,1,-0.000152548,-0.00617412,0.000878527,-0.000124238,0,0,0,0,0,0,0,0,0,0,0,0,0,0,0,0,0,0,0,0,0,0,0,255,0.2,4.56335,0.2,0.07175,0.124654,1,1,1,1,1,1,1,-0.637458,-3.03625,0.111276,-0.0156329,0.0129975,-0.000361545,22.6891,36445,1,367,20.9409,9112,0,0.000884653,0.00117949,0.00113746,0,0,0,1,333,0.205,7.40324e-06,-6.39487e-05,-1.31095e-05,-1.51766e-06,-1.31414e-05,1.17683e-06,0.0491254,0.15123,0.0180611,-0.0193743,-0.204576,0.00085599,-0.000509377,-0.00219678,11.5778,1,0,0,0,0,0,-1,1,-9.04615e-07,-3.41771e-06,-0.204143,0,22.9036,1,1010,1010,1010,1010,0,0,0,0,22.9079,56,0.00467992,-0.0074724,56,-0.00923728,-0.00745976,56,0.000680945,-0.00724893,0,0,0,0,0,0,2,0,0,51,0.00228791,-0.00839007,56,0.0016506,-0.00545457,56,0.00314859,-0.0056406
6043862412829,6043847429000,6043847429000,6043862394385,73729,14.9654,6043871375487,23.9465,0,37808,145617,0,0,1,0,0,0.008052,333,333,333,1,2.38626,2.6257,0.44617,0.218446,0.0393982,-0.00291443,8.37587e-05,-2.60492e-05,0.000105238,0.010439,1,-0.00323512,-0.0104022,0.0104022,-0.00323512,1,1,0.00914096,-0.00328283,0.00126127,4.77119e-05,0,0,0,0,0,0,0,0,0,0,0,0,0,0,0,0,0,0,0,0,0,0,0,255,0.21,5.7893,0.21,-0.102644,-0.210632,1,1,1,1,0,1,1,-0.637458,-3.03625,0.111276,-0.0156329,0.0129975,-0.000361545,32.2348,36445,1,367,30.4864,9112,0,0.000884653,0.00117949,0.00113746,0,0,0,1,333,0.215,7.10418e-05,-2.20835e-05,-4.74796e-06,-1.5274e-05,-7.74562e-06,-1.39896e-05,0.0491177,0.151216,0.0180688,-0.0193837,-0.204601,0.00162937,0.000205161,-0.00303526,9.32433,1,0,0,0,0,0,-1,1,-9.04615e-07,-3.41771e-06,-0.204143,0,32.4604,1,1010,1010,1010,1010,0,0,0,0,32.4647,56,0.00523396,-5.38339e-05,56,0.00865518,-0.0049619,56,0.00807759,-0.0044252,2,0,0,0,0,0,2,0,0,49,0.0112434,-0.00398067,56,0.0109043,-0.00554442,56,0.00681135,0.00255751
6043871907121,6043859381000,6043859381000,6043871891843,73729,12.5108,6043882873812,23.4928,0,37808,145618,0,0,1,0,0,0.011952,332,332,319,0.960843,2.33281,3.32719,0.487225,0.210076,0.0227661,-0.0318909,4.72614e-05,-6.07613e-05,0.00453,0.000764497,1,-0.00508378,-0.00395427,0.00395427,-0.00508378,1,1,0.00296,-0.00479097,0.000994263,-0.000292803,0,0,0,0,0,0,0,0,0,0,0,0,0,0,0,0,0,0,0,0,0,0,0,255,0.2,5.59282,0.2,0.114789,0.134283,1,1,1,1,0,1,1,-0.637458,-3.03625,0.111276,-0.0156329,0.0129975,-0.000361545,43.7019,36445,1,367,41.9536,9112,0,0.000884653,0.00117949,0.00113746,0,0,0,1,319,0.205,4.00208e-05,-5.1536e-05,-1.05649e-05,-8.20427e-06,-1.20065e-05,-5.8861e-06,0.0491057,0.151211,0.0180749,-0.0193944,-0.204617,0.00107647,-0.00120049,-0.00240001,11.2659,1,0,0,0,0,0,-1,1,-9.04615e-07,-3.41771e-06,-0.204143,0,43.9215,1,1010,1010,1010,1010,0,0,0,0,43.9259,56,0.00551099,-0.00774473,56,0.00224239,-0.000155087,56,0.00307319,-0.00162592,1,0,0,0,0,0,2,0,0,36,0.0052118,-0.00379943,56,0.00371717,-0.00552436,56,0.00434856,-0.00799638
6043883378278,6043867427000,6043867427000,6043883360445,73729,15.9334,6043892626698,25.1997,0,37808,145619,0,0,1,0,0,0.008046,332,332,332,1,2.33181,2.85071,0.461522,0.216076,0.00608826,0.00849152,3.50423e-05,-1.79883e-06,0.0113587,0.000276116,1,-0.000223568,-0.00435525,0.00435525,-0.000223568,1,1,0.00415409,-0.00031775,0.000201159,9.41812e-05,0,0,0,0,0,0,0,0,0,0,0,0,0,0,0,0,0,0,0,0,0,0,0,255,0.21,6.96411,0.21,-0.127154,-0.227157,1,1,1,1,0,1,1,-0.638696,-3.03513,0.111176,-0.0154915,0.0146152,6.86793e-05,0.27191,36446,1,367,51.701,9112,0,0.000884653,0.00117949,0.00113746,0,0,0,1,332,0.215,2.97082e-05,-1.48495e-06,-3.19264e-07,-6.38726e-06,-1.60791e-06,-6.18861e-06,0.0491041,0.151204,0.0180818,-0.0193744,-0.204605,0.000448402,0.000404979,-0.000333264,0.076149,2,0,0,0,0,0,-1,1,-9.04615e-07,-3.41771e-06,-0.204206,0,0.509707,1,1010,1010,1010,1010,0,0,0,0,0.513781,56,-0.0014157,0.00563251,56,0.00326134,0.00473971,56,0.00089549,0.00115608,2,0,0,0,0,0,1,0,0,49,0.00709564,0.000765086,56,0.00631727,0.00112008,56,0.00370957,0.00175234
6043893193369,6043879375000,6043879375000,6043893175128,73729,13.8001,6043904273005,24.898,0,37808,145620,0,0,1,0,0,0.011948,333,333,333,1,2.74722,2.78293,0.58806,0.245853,-0.0122986,0.0153656,-3.53137e-05,4.34517e-05,-0.00690416,-0.000485825,1,0.00363673,0.00295562,-0.00295562,0.00363673,1,1,-0.00287912,0.00366264,-7.64996e-05,-2.5905e-05,0,0,0,0,0,0,0,0,0,0,0,0,0,0,0,0,0,0,0,0,0,0,0,255,0.21,6.65331,0.21,0.127749,0.232076,1,1,1,1,0,1,1,-0.638696,-3.03513,0.111176,-0.0154915,0.0146152,6.86793e-05,11.9181,36446,1,367,63.347,9112,0,0.000884653,0.00117949,0.00113746,0,0,0,1,333,0.215,-2.99039e-05,3.68551e-05,7.92384e-06,6.42934e-06,9.061e-06,4.68499e-06,0.0491131,0.151209,0.0180818,-0.0193744,-0.204605,0.000127086,-0.000111392,0.000364827,11.7438,0,0,0,0,0,0,-1,1,-9.04615e-07,-3.41771e-06,-0.204206,0,12.13,1,1010,1010,1010,1010,0,0,0,0,12.1341,56,-0.00110024,0.000190251,56,-0.00204325,-0.0019856,56,-0.0029541,0.00309368,2,0,0,0,0,0,2,0,0,49,-0.00530944,0.00987776,56,-0.00282855,0.00210878,56,-0.00326239,0.00380916
6043904767046,6043899392000,6043899392000,6043904758379,73729,5.36638,6043915202900,15.8109,1,37809,145621,0,0,1,0,0,0.020017,336,336,336,1,2.35281,2.57987,0.435096,0.223483,-0.0345459,0.033844,-6.62659e-05,5.94462e-05,-7.1651e-05,0.00120267,1,0.00296979,0.00331048,-0.00331048,0.00296979,1,1,-0.00251389,0.00294266,-0.000796593,2.71216e-05,0,0,0,0,0,0,0,0,0,0,0,0,0,0,0,0,0,0,0,0,0,0,0,255,0.21,8.04936,0.21,-0.0186482,-0.0512432,1,1,1,1,1,1,1,-0.638696,-3.03513,0.111176,-0.0154915,0.0146152,6.86793e-05,22.8516,36446,1,367,74.2806,9112,0,0.000884653,0.00117949,0.00113746,0,0,0,1,336,0.215,-5.62779e-05,5.03885e-05,1.08335e-05,1.20997e-05,1.3059e-05,9.64613e-06,0.0491262,0.151219,0.0180643,-0.0193516,-0.204559,-0.000797778,0.000116623,0.00210206,10.6874,2,0,0,0,0,0,-1,1,-9.04615e-07,-3.41771e-06,-0.204206,0,23.0719,1,1010,1010,1010,1010,0,0,0,0,23.076,56,-0.00544115,0.00460453,56,0.00169262,0.00432615,56,-0.00463046,0.00304339,2,0,0,0,0,0,3,-0.00670171,-0.00460261,51,-0.00448806,0.00180434,56,-0.00313201,0.00249073,56,-0.00322913,0.00273228
6043915749533,6043907413000,6043907413000,6043915735126,73729,8.32213,6043924550246,17.1372,0,37809,145622,0,0,1,0,0,0.008021,326,326,326,1,2.32641,2.50415,0.427818,0.216465,-0.0379486,-0.0161667,-9.60832e-05,-3.99569e-05,-0.00550911,0.00938063,1,-0.00498153,0.011979,-0.011979,-0.00498153,1,1,-0.0111194,-0.00495619,-0.000859548,-2.53403e-05,0,0,0,0,0,0,0,0,0,0,0,0,0,0,0,0,0,0,0,0,0,0,0,255,0.2,8.91345,0.2,-0.16467,-0.235607,1,1,1,1,0,1,1,-0.638696,-3.03513,0.111176,-0.0154915,0.0146152,6.86793e-05,32.1977,36446,1,367,83.6266,9112,0,0.000884653,0.00117949,0.00113746,0,0,0,1,326,0.205,-8.14522e-05,-3.39141e-05,-6.9524e-06,1.66977e-05,-3.42076e-06,1.77601e-05,0.0491228,0.151236,0.01805,-0.0193524,-0.204547,-0.00106058,-0.000103895,0.00197085,9.16314,1,0,0,0,0,0,-1,1,-9.04615e-07,-3.41771e-06,-0.204206,0,32.4084,1,1010,1010,1010,1010,0,0,0,0,32.4125,56,-0.0113381,-0.00586309,56,-0.0144294,-0.00181053,56,-0.00465877,-0.00420105,1,0,0,0,0,0,2,0,0,43,-0.00509391,-0.00352424,56,-0.0133632,-0.00398818,56,-0.0124743,-0.00947202
6043925049453,6043915420000,6043915420000,6043925032953,73729,9.61295,6043934493985,19.074,0,37809,145623,0,0,1,0,0,0.008007,329,329,321,0.975684,2.34572,2.50496,0.436096,0.215798,0.00634766,0.0342407,-1.57407e-06,6.6041e-05,-0.00788106,0.00444194,1,0.00824791,0.000196587,-0.000196587,0.00824791,1,1,2.74312e-05,0.0080009,-0.000224018,0.000247006,0,0,0,0,0,0,0,0,0,0,0,0,0,0,0,0,0,0,0,0,0,0,0,255,0.21,8.04763,0.21,0.186335,0.478266,1,1,1,1,0,1,1,-0.638696,-3.03513,0.111176,-0.0154915,0.0146152,6.86793e-05,42.1438,36446,1,367,93.5729,9112,0,0.000884653,0.00117949,0.00113746,0,0,0,1,321,0.215,-1.37544e-06,5.59668e-05,1.20329e-05,2.95719e-07,1.18397e-05,-2.15426e-06,0.0491346,0.151234,0.0180369,-0.0193681,-0.204555,-7.33768e-05,0.00106212,0.000711921,9.76318,1,0,0,0,0,0,-1,1,-9.04615e-07,-3.41771e-06,-0.204206,0,42.3578,1,1010,1010,1010,1010,0,0,0,0,0.123001,48,-0.00752801,0.004901,56,0.0155773,0.0153186,56,-0.00455155,0.00762989,1,0,0,0,0,0,1,0,0,47,0.00256904,0.00994759,56,0.000571123,0.00598883,56,-0.0019196,0.00710302
6043935439195,6043927397000,6043927397000,6043935423195,73729,8.02619,6043943810516,16.4135,0,37809,145624,0,0,1,0,0,0.011977,329,329,329,1,2.33607,3.44725,0.610616,0.247335,0.00604248,-0.0128784,1.47604e-05,-4.9395e-05,0.0016845,0.00440359,1,-0.00412415,-0.00123239,0.00123239,-0.00412415,1,1,0.00145641,-0.00437116,-0.000224018,0.000247006,0,0,0,0,0,0,0,0,0,0,0,0,0,0,0,0,0,0,0,0,0,0,0,255,0.21,8.31504,0.21,0.0250814,0.0366009,1,1,1,0,0,1,1,-0.638696,-3.03513,0.111176,-0.0154915,0.0146152,6.86793e-05,51.4658,36446,1,367,102.895,9112,0,0.000884653,0.00117949,0.00113746,0,0,0,1,329,0.215,1.24444e-05,-4.18978e-05,-9.00802e-06,-2.67554e-06,-9.36105e-06,-7.90056e-07,0.0491252,0.151234,0.0180369,-0.0193681,-0.204555,-7.33768e-05,0.00106212,0.000711921,19.0547,0,0,0,0,0,0,-1,1,-9.04615e-07,-3.41771e-06,-0.204173,0,0.224094,1,1010,1010,1010,1010,0,0,0,0,9.47533,56,-0.000391262,-0.000257674,56,0.00679808,-0.00690603,56,-0.000852829,0.00131479,1,0,0,0,0,0,2,0,0,46,0.00105545,-0.00505243,56,0.0027902,-0.00130655,56,0.000254137,-0.00657368
6043947448672,6043935401000,6043935401000,6043947432727,73729,12.0317,6043957597894,22.1969,0,37809,145625,0,0,1,0,0,0.008004,331,331,331,1,2.32903,3.46999,0.511911,0.216317,0.0420227,-0.0178223,7.5665e-05,1.15419e-06,-0.0043835,-0.0130713,1,0.000144202,-0.00945339,0.00945339,0.000144202,1,1,0.00887733,9.78281e-05,0.000576062,4.63734e-05,0,0,0,0,0,0,0,0,0,0,0,0,0,0,0,0,0,0,0,0,0,0,0,255,0.21,0.036611,0.21,0.00878259,-0.00367513,1,1,1,1,0,1,1,-0.63968,-3.03429,0.111034,-0.0167129,0.0133862,-0.00027385,13.7627,36447,1,367,116.677,9112,0,0.000884653,0.00117949,0.00113746,0,0,0,1,331,0.215,6.42884e-05,1.01572e-06,2.18379e-07,-1.3822e-05,-2.58906e-06,-1.35769e-05,0.0491227,0.15122,0.018036,-0.0194099,-0.204581,0.00103659,0.000199406,-0.00115238,13.5418,2,0,0,0,0,0,-1,1,-9.04615e-07,-3.41771e-06,-0.204173,0,13.9807,1,1010,1010,1010,1010,0,0,0,0,23.232,56,0.014099,-0.0066382,56,0.00764657,-0.00445773,56,0.0130802,-0.00485898,2,0,0,0,0,0,1,0,0,48,0.00358973,-0.000814766,56,0.00961914,0.000674093,56,0.00889049,0.0004895
6043958224769,6043947421000,6043947421000,6043958199028,73729,10.778,6043970344821,22.9238,0,37809,145626,0,0,1,0,0,0.01202,330,330,330,1,2.34707,2.87348,0.461337,0.217205,0.0309143,-0.027832,5.63237e-05,-4.11252e-05,-0.00238,0.00283395,1,-0.0034214,-0.00468583,0.00468583,-0.0034214,1,1,0.00407868,-0.00319648,0.000607145,-0.00022492,0,0,0,0,0,0,0,0,0,0,0,0,0,0,0,0,0,0,0,0,0,0,0,255,0.21,0.664949,0.21,0.00379925,-0.00355722,1,1,1,1,1,1,1,-0.63968,-3.03429,0.111034,-0.0167129,0.0133862,-0.00027385,26.5084,36447,1,367,129.422,9112,0,0.000884653,0.00117949,0.00113746,0,0,0,1,330,0.215,4.77505e-05,-3.48975e-05,-7.50295e-06,-1.02664e-05,-9.42692e-06,-8.52737e-06,0.0491132,0.151211,0.0180286,-0.0194461,-0.204582,0.00155427,-0.000967158,-0.000845164,12.541,1,0,0,0,0,0,-1,1,-9.04615e-07,-3.41771e-06,-0.204173,0,26.7173,1,1010,1010,1010,1010,0,0,0,0,35.9685,56,0.00262832,-0.00286605,56,0.00525453,-0.0040147,56,0.00548856,-0.00259639,0,0,0,0,0,0,2,0,0,48,0.00254285,-0.00596495,56,0.00539707,-0.00726353,56,0.00439606,-0.00253185
6043970829639,6043955413000,6043955413000,6043970814305,73729,15.4013,6043980897435,25.4844,0,37809,145627,0,0,1,0,0,0.007992,332,332,331,0.996988,2.35563,3.74525,0.441003,0.216687,0.0148773,-0.0110321,4.84176e-05,-2.75174e-05,0.0185388,0.00282543,1,-0.00344311,-0.00605826,0.00605826,-0.00344311,1,1,0.00582624,-0.00337509,0.000232024,-6.80203e-05,0,0,0,0,0,0,0,0,0,0,0,0,0,0,0,0,0,0,0,0,0,0,0,255,0.21,3.12584,0.21,0.00215433,-0.00207081,1,1,1,1,0,1,1,-0.63968,-3.03429,0.111034,-0.0167129,0.0133862,-0.00027385,37.0764,36447,1,367,139.99,9112,0,0.000884653,0.00117949,0.00113746,0,0,0,1,331,0.215,4.10141e-05,-2.33211e-05,-5.01404e-06,-8.81802e-06,-6.69663e-06,-7.61495e-06,0.0491065,0.151204,0.0179866,-0.0195283,-0.204577,0.00126563,-0.000292487,0.000214342,10.368,1,0,0,0,0,0,-1,1,-9.04615e-07,-3.41771e-06,-0.204173,0,37.299,1,1010,1010,1010,1010,0,0,0,0,46.5503,56,0.00774168,0.00110448,56,0.0183001,0.00115495,56,0.000706223,-0.00704211,1,0,0,0,0,0,1,0,0,49,0.00541178,-0.00329324,56,0.00717159,-0.0017837,56,0.00545187,-0.00665633
6043981409827,6043967400000,6043967400000,6043981394605,73729,13.9946,6043992189091,24.7891,0,37809,145628,0,0,1,0,0,0.011987,326,326,326,1,2.36524,2.89306,0.522874,0.215168,-0.0146713,0.00843811,-3.59069e-05,2.08931e-05,-0.00264247,-0.0017939,1,0.00174298,0.00299549,-0.00299549,0.00174298,1,1,-0.00252143,0.00181208,-0.000474059,-6.9101e-05,0,0,0,0,0,0,0,0,0,0,0,0,0,0,0,0,0,0,0,0,0,0,0,255,0.21,3.53645,0.21,-0.00368134,0.00118324,1,1,1,1,0,1,1,-0.639737,-3.03413,0.110827,-0.0124349,0.0122786,8.03475e-05,3.15019,36448,1,367,151.258,9112,0,0.000884653,0.00117949,0.00113746,0,0,0,1,326,0.215,-3.04303e-05,1.76976e-05,3.80499e-06,6.54251e-06,5.05148e-06,5.63277e-06,0.0491116,0.151209,0.0178712,-0.0197198,-0.204559,-0.000599643,-0.000297135,0.00115105,2.98513,2,0,0,0,0,0,-1,1,-9.04615e-07,-3.41771e-06,-0.204164,0,3.35843,1,1010,1010,1010,1010,0,0,0,0,3.36291,56,-0.00494921,-0.00202423,56,-0.00309938,0.0030099,56,6.95848e-05,-0.000266317,0,0,0,0,0,0,1,0,0,45,-0.00258006,0.00481068,56,-0.00281614,0.00148793,56,-0.00326047,0.00363358
6043992669928,6043975424000,6043975424000,6043992653020,73729,17.229,6044001665697,26.2417,0,37809,145629,0,0,1,0,0,0.008024,330,330,330,1,2.32266,2.53139,0.478948,0.220798,-0.0306396,0.00972748,-6.78082e-05,8.66935e-06,-0.0044668,0.00651473,1,0.00108043,0.00845067,-0.00845067,0.00108043,1,1,-0.00783865,0.00114725,-0.00061202,-6.68198e-05,0,0,0,0,0,0,0,0,0,0,0,0,0,0,0,0,0,0,0,0,0,0,0,255,0.21,4.68357,0.21,-0.00729257,0.0021776,1,1,1,1,0,1,1,-0.639737,-3.03413,0.110827,-0.0124349,0.0122786,8.03475e-05,12.662,36448,1,367,160.77,9112,0,0.000884653,0.00117949,0.00113746,0,0,0,1,330,0.215,-5.7504e-05,7.34348e-06,1.57885e-06,1.23633e-05,4.0524e-06,1.17839e-05,0.0491156,0.151221,0.0178712,-0.0197198,-0.204559,-0.000907268,-0.000287325,0.00137953,12.4638,0,0,0,0,0,0,-1,1,-9.04615e-07,-3.41771e-06,-0.204164,0,12.8884,1,1010,1010,1010,1010,0,0,0,0,12.8929,56,-0.00510266,0.00269937,56,-0.01052,0.00263437,56,-0.00541076,0.00342071,2,0,0,0,0,0,2,0,0,46,-0.00413987,0.0024764,56,-0.00846603,0.000923621,56,-0.0119623,0.000154683
6044002192516,6043987414000,6043987414000,6044002176942,73729,14.7629,6044012591129,25.1771,0,37809,145630,0,0,1,0,0,0.01199,330,330,330,1,2.38587,2.65285,0.395633,0.215242,-0.0297775,0.0245132,-3.5752e-05,5.19257e-05,0.0052567,-0.00375099,1,0.00433075,0.00298182,-0.00298182,0.00433075,1,1,-0.00252038,0.00420708,-0.000461435,0.000123669,0,0,0,0,0,0,0,0,0,0,0,0,0,0,0,0,0,0,0,0,0,0,0,255,0.21,3.77436,0.21,-0.00298247,0.00358528,1,1,1,1,0,1,1,-0.639737,-3.03413,0.110827,-0.0124349,0.0122786,8.03475e-05,23.5875,36448,1,367,171.695,9112,0,0.000884653,0.00117949,0.00113746,0,0,0,1,330,0.215,-3.03588e-05,4.40302e-05,9.4665e-06,6.52714e-06,1.05908e-05,4.46782e-06,0.0491262,0.151226,0.0178136,-0.0198099,-0.204568,-0.000923072,0.000531775,0.000848878,10.7097,1,0,0,0,0,0,-1,1,-9.04615e-07,-3.41771e-06,-0.204164,0,23.8052,1,1010,1010,1010,1010,0,0,0,0,23.8097,56,-0.00393378,0.00253651,56,0.00164662,0.00747209,56,-0.00570555,0.00364771,1,0,0,0,0,0,1,0,0,48,-0.00261146,0.00298398,56,-0.00459864,0.00656123,56,-0.0023512,0.00158753
6044013134188,6043995409000,6043995409000,6044013118077,73729,17.7091,6044022114235,26.7052,0,37809,145631,0,0,1,0,0,0.007995,331,330,330,1,2.35168,2.50913,0.395336,0.22378,-0.0247345,0.00131226,-3.0926e-05,1.9666e-06,0.000806502,0.00368029,1,0.000245978,0.00386817,-0.00386817,0.000245978,1,1,-0.00412147,0.000163857,0.000253296,8.21211e-05,0,0,0,0,0,0,0,0,0,0,0,0,0,0,0,0,0,0,0,0,0,0,0,255,0.2,4.84057,0.2,-0.00298775,0.00096917,1,1,1,1,1,1,1,-0.639737,-3.03413,0.110827,-0.0124349,0.0122786,8.03475e-05,33.1097,36448,1,367,181.217,9112,0,0.000884653,0.00117949,0.00113746,0,0,0,1,330,0.205,-2.62693e-05,1.65002e-06,3.38254e-07,5.38521e-06,1.42329e-06,5.20372e-06,0.0491277,0.151231,0.0177297,-0.019979,-0.20461,-0.000425775,0.000336696,-0.00117143,7.89119,2,0,0,0,0,0,-1,1,-9.04615e-07,-3.41771e-06,-0.204164,0,33.3292,1,1010,1010,1010,1010,0,0,0,0,33.3337,56,-0.00616561,0.00168058,55,0.0109604,0.00028521,56,-0.0029705,0.000465644,1,0,0,0,0,0,2,0,0,48,-0.00602598,0.00735257,56,-0.00585233,-0.000961622,56,-0.00771155,-0.00404538
6044022694054,6044007401000,6044007401000,6044022683721,73729,15.2827,6044033053167,25.6522,0,37809,145632,0,0,1,0,0,0.011992,329,329,329,1,2.37974,2.63578,0.492022,0.214428,-0.00144958,0.0289001,-6.11281e-06,5.95334e-05,-0.00195605,-0.00247517,1,0.00496442,0.000509741,-0.000509741,0.00496442,1,1,-0.00100182,0.00482377,0.000492081,0.000140651,0,0,0,0,0,0,0,0,0,0,0,0,0,0,0,0,0,0,0,0,0,0,0,255,0.2,3.76175,0.2,-0.134087,-0.212039,1,1,1,1,0,1,1,-0.639737,-3.03413,0.110827,-0.0124349,0.0122786,8.03475e-05,44.0242,36448,1,367,192.132,9112,0,0.000884653,0.00117949,0.00113746,0,0,0,1,329,0.205,-5.1509e-06,5.04983e-05,1.03522e-05,1.05594e-06,1.03483e-05,-1.06916e-06,0.049138,0.15123,0.0177297,-0.019979,-0.20461,-5.30155e-06,0.000576668,-0.00161827,18.8282,0,0,0,0,0,0,-1,1,-9.04615e-07,-3.41771e-06,-0.204164,0,44.2354,1,1010,1010,1010,1010,0,0,0,0,44.2399,56,-0.0003367,0.00454552,56,-0.00222076,0.00510258,56,5.80313e-05,0.0044554,2,0,0,0,0,0,2,0,0,45,0.00049289,0.00315234,56,2.05559e-05,0.00573405,56,-0.00103087,0.00681355
6044033560578,6044015416000,6044015416000,6044033544319,73729,18.1283,6044042805220,27.3892,0,37809,145633,0,0,1,0,0,0.008015,333,333,333,1,2.36565,2.97947,0.486096,0.218132,0.0353546,0.00486755,6.87272e-05,1.22881e-05,0.00294488,0.00218228,1,0.00153313,-0.00857482,0.00857482,0.00153313,1,1,0.00795028,0.00155818,0.00062454,-2.5045e-05,0,0,0,0,0,0,0,0,0,0,0,0,0,0,0,0,0,0,0,0,0,0,0,255,0.2,4.95779,0.2,-0.0115498,-0.0339901,1,1,1,1,0,1,1,-0.639375,-3.0343,0.11064,-0.0104619,0.00883975,-0.000187455,3.21412,36449,1,367,201.881,9112,0,0.000884653,0.00117949,0.00113746,0,0,0,1,333,0.205,5.82644e-05,1.03786e-05,2.12761e-06,-1.19442e-05,-3.39825e-07,-1.21263e-05,0.0491377,0.151218,0.0176735,-0.0201541,-0.204634,0.000808738,-0.000102684,-0.0014015,3.04221,2,0,0,0,0,0,-1,1,-9.04615e-07,-3.41771e-06,-0.204243,0,3.43249,1,1010,1010,1010,1010,0,0,0,0,3.43715,56,0.00387148,0.0021542,56,0.0140895,0.00506011,56,0.0101927,-0.000172395,0,0,0,0,0,0,3,0.0132245,0.0544143,50,0.0095117,-0.000414537,56,0.00867541,0.000374303,56,0.00780927,0.00355672
6044043288557,6044027396000,6044027396000,6044043274797,73729,15.8788,6044053618058,26.2221,0,37809,145634,0,0,1,0,0,0.01198,328,328,328,1,2.3192,2.51228,0.367133,0.22002,0.0214996,-0.014946,4.97763e-05,-1.02123e-05,0.00155452,-0.00371339,1,-0.000852443,-0.00415495,0.00415495,-0.000852443,1,1,0.00352812,-0.000796296,0.000626824,-5.61469e-05,0,0,0,0,0,0,0,0,0,0,0,0,0,0,0,0,0,0,0,0,0,0,0,255,0.2,4.56746,0.2,0.00352893,-0.00202194,1,1,1,1,0,1,1,-0.639375,-3.0343,0.11064,-0.0104619,0.00883975,-0.000187455,14.0292,36449,1,367,10.8069,9113,0,0.000884653,0.00225419,0.000998407,0,0,0,1,328,0.205,4.22515e-05,-8.62139e-06,-1.76738e-06,-8.66156e-06,-3.48696e-06,-8.12106e-06,0.0491342,0.15121,0.0176735,-0.0201541,-0.204634,0.00115724,-0.000230202,-0.00113019,13.8364,0,0,0,0,0,0,-1,1,-9.04615e-07,-3.41771e-06,-0.204243,0,14.2427,1,1010,1010,1010,1010,0,0,0,0,14.2474,56,0.00593911,0.000775243,56,0.00969673,3.7628e-05,56,0.00236596,-0.00240537,1,0,0,0,0,0,2,0,0,45,0.00202484,-0.00239269,56,0.00256831,-0.00214154,56,0.00303534,-0.00279989
6044054121228,6044035452000,6044035452000,6044054106154,73729,18.6542,6044063122998,27.671,0,37809,145635,0,0,1,0,0,0.008056,326,326,326,1,2.3409,2.54163,0.461577,0.219242,0.0296173,-0.0271301,6.82868e-05,-6.13913e-05,0.00056022,0.00234615,1,-0.00762057,-0.00847651,0.00847651,-0.00762057,1,1,0.0084684,-0.00747275,8.11147e-06,-0.000147825,0,0,0,0,0,0,0,0,0,0,0,0,0,0,0,0,0,0,0,0,0,0,0,255,0.21,5.08044,0.21,0.0060423,-0.00601806,1,1,1,1,0,1,1,-0.639375,-3.0343,0.11064,-0.0104619,0.00883975,-0.000187455,23.537,36449,1,367,20.3145,9113,0,0.000884653,0.00225419,0.000998407,0,0,0,1,326,0.215,5.78404e-05,-5.20883e-05,-1.1199e-05,-1.24357e-05,-1.3485e-05,-9.90041e-06,0.0491207,0.1512,0.0176171,-0.0202939,-0.204601,0.00117657,-0.000635646,0.000913356,9.27307,2,0,0,0,0,0,-1,1,-9.04615e-07,-3.41771e-06,-0.204243,0,23.7576,1,1010,1010,1010,1010,0,0,0,0,23.7623,56,0.000303495,-0.00877638,56,0.0203419,-0.00495338,56,0.00593192,-0.00327383,1,0,0,0,0,0,1,0,0,44,0.00804548,-0.00476825,56,0.0072114,-0.00882109,56,0.00755218,-0.00884449
6044063626798,6044055433000,6044055433000,6044063619946,73729,8.18695,6044073635482,18.2025,1,37810,145636,0,0,1,0,0,0.019981,324,324,324,1,2.33557,2.54356,0.496559,0.212779,0.00912476,-0.0393524,2.693e-06,-6.28877e-05,-0.00380321,-0.00417042,1,-0.00314737,-0.000134778,0.000134778,-0.00314737,1,1,0.00110794,-0.00297648,-0.000973166,-0.000170891,0,0,0,0,0,0,0,0,0,0,0,0,0,0,0,0,0,0,0,0,0,0,0,255,0.21,4.32933,0.21,0.100228,0.14095,1,1,1,1,1,1,1,-0.639375,-3.0343,0.11064,-0.0104619,0.00883975,-0.000187455,34.047,36449,1,367,30.8245,9113,0,0.000884653,0.00225419,0.000998407,0,0,0,1,324,0.215,2.37958e-06,-5.32936e-05,-1.14581e-05,-5.1161e-07,-1.13206e-05,1.82637e-06,0.0491094,0.151201,0.0175657,-0.0203597,-0.204577,-0.000712011,-0.000734831,0.00277808,8.85932,1,0,0,0,0,0,-1,1,-9.04615e-07,-3.41771e-06,-0.204243,0,34.2576,1,1010,1010,1010,1010,0,0,0,0,34.2623,56,0.00153576,-0.00418841,56,-0.000364466,-0.00183132,56,0.001379,-0.00567008,0,0,0,0,0,0,2,0,0,42,-0.00178412,-0.0024392,56,0.000423627,-0.00202335,56,0.00147747,-0.00285844
6044075472958,6044067389000,6044067389000,6044075458643,73729,8.06964,6044084185022,16.796,0,37810,145637,0,0,1,0,0,0.011956,331,331,331,1,2.32266,2.56978,0.443688,0.217854,-0.0413818,0.0110931,-6.9731e-05,1.16718e-05,0.0022558,0.000275514,1,0.00097623,0.0058323,-0.0058323,0.00097623,1,1,-0.00481166,0.00115546,-0.00102064,-0.000179227,0,0,0,0,0,0,0,0,0,0,0,0,0,0,0,0,0,0,0,0,0,0,0,255,0.2,6.00225,0.2,-0.123772,-0.198182,1,1,1,0,0,1,1,-0.639375,-3.0343,0.11064,-0.0104619,0.00883975,-0.000187455,44.594,36449,1,367,41.3715,9113,0,0.000884653,0.00225419,0.000998407,0,0,0,1,331,0.205,-5.92114e-05,9.88975e-06,2.0274e-06,1.21383e-05,4.44602e-06,1.14725e-05,0.0491138,0.151213,0.0175657,-0.0203597,-0.204577,-0.000712011,-0.000734831,0.00277808,19.3877,0,0,0,0,0,0,-1,1,-9.04615e-07,-3.41771e-06,-0.204243,0,44.806,1,1010,1010,1010,1010,0,0,0,0,0.164483,56,-0.0105772,0.00260981,56,-0.00242907,-0.00137257,56,-0.00446608,0.00274768,0,0,0,0,0,0,1,0,0,50,-0.00620597,-0.00114152,56,-0.00710104,0.00315865,56,-0.00484294,0.00123172
6044084670396,6044075428000,6044075428000,6044084656766,73729,9.22877,6044093154069,17.7261,0,37810,145638,0,0,1,0,0,0.008039,329,329,309,0.93921,2.32744,2.73961,0.484004,0.205446,-0.0287476,0.0412292,-6.31525e-05,6.63623e-05,-0.00512267,0.00526559,1,0.00825504,0.00785577,-0.00785577,0.00825504,1,1,-0.00676361,0.00821286,-0.00109217,4.21816e-05,0,0,0,0,0,0,0,0,0,0,0,0,0,0,0,0,0,0,0,0,0,0,0,255,0.2,5.33443,0.2,-0.0644609,-0.124571,1,1,1,1,0,1,1,-0.639375,-3.0343,0.11064,-0.0104619,0.00883975,-0.000187455,53.5646,36449,1,367,50.3421,9113,0,0.000884653,0.00225419,0.000998407,0,0,0,1,309,0.205,-5.35158e-05,5.62796e-05,1.15373e-05,1.09707e-05,1.35189e-05,8.39779e-06,0.0491273,0.151221,0.0175249,-0.0203828,-0.204575,-0.0021339,0.000172945,0.00187519,8.79377,1,0,0,0,0,0,-1,1,-9.04615e-07,-3.41771e-06,-0.204196,0,0.191834,1,1010,1010,1010,1010,0,0,0,0,9.12834,36,-0.000476708,0.0138228,56,-0.0150961,0.00725818,56,-0.0044106,0.00912185,1,0,0,0,0,0,2,0,0,46,-0.00536585,0.00497219,56,-0.0102144,0.0116857,56,-0.0105389,0.00917374
6044095457956,6044087392000,6044087392000,6044095441974,73729,8.04997,6044103562774,16.1708,0,37810,145639,0,0,1,0,0,0.011964,329,329,329,1,2.32692,2.56772,0.444225,0.21452,-0.0342712,0.0293884,-8.5983e-05,6.07849e-05,-0.00422526,-0.000469979,1,0.00508065,0.00718681,-0.00718681,0.00508065,1,1,-0.00664216,0.00473999,-0.000544646,0.000340656,0,0,0,0,0,0,0,0,0,0,0,0,0,0,0,0,0,0,0,0,0,0,0,255,0.21,5.45445,0.21,0.105231,0.197693,1,1,1,2,0,1,1,-0.638892,-3.03454,0.110482,-0.00660229,0.00755607,8.89788e-05,10.3976,36450,1,367,60.7541,9113,0,0.000884653,0.00225419,0.000998407,0,0,0,1,329,0.215,-7.29576e-05,5.14759e-05,1.10673e-05,1.56859e-05,1.4015e-05,1.31096e-05,0.0491413,0.151234,0.0174921,-0.0203981,-0.204583,-0.00191898,0.00146482,0.000338401,10.2117,1,0,0,0,0,0,-1,1,-9.04615e-07,-3.41771e-06,-0.204196,0,10.6005,1,1010,1010,1010,1010,0,0,0,0,19.537,56,-0.0106966,-0.000768206,56,-0.0105149,0.00954668,56,-0.00498258,0.00764691,1,0,0,0,0,0,1,0,0,47,-0.00375709,0.00609664,56,-0.00422724,0.00516285,56,-0.00716704,0.00341075
6044104056111,6044095405000,6044095405000,6044104041833,73729,8.63683,6044112455043,17.05,0,37810,145640,0,0,1,0,0,0.008013,330,330,330,1,2.33837,2.53095,0.391503,0.216335,0.00598145,0.00367737,3.29909e-05,-2.13264e-05,0.00946018,0.013656,1,-0.00266148,-0.00411718,0.00411718,-0.00266148,1,1,0.00360156,-0.00271404,0.000515617,5.25659e-05,0,0,0,0,0,0,0,0,0,0,0,0,0,0,0,0,0,0,0,0,0,0,0,255,0.21,4.39677,0.21,0.0612153,0.0995116,1,1,1,1,0,1,1,-0.638892,-3.03454,0.110482,-0.00660229,0.00755607,8.89788e-05,19.3156,36450,1,367,69.6718,9113,0,0.000884653,0.00225419,0.000998407,0,0,0,1,330,0.215,2.79333e-05,-1.80544e-05,-3.88169e-06,-6.00565e-06,-5.01799e-06,-5.09128e-06,0.0491363,0.151229,0.0174906,-0.0204494,-0.204628,-9.45124e-06,0.000226033,-0.00178128,8.67232,2,0,0,0,0,0,-1,1,-9.04615e-07,-3.41771e-06,-0.204196,0,19.537,1,1010,1010,1010,1010,0,0,0,0,28.4735,56,0.0111358,0.00282326,56,0.0235415,-0.00787782,56,-0.00291019,-0.000478207,2,0,0,0,0,0,1,0,0,47,0.00210245,0.00435653,56,-0.00011543,-0.00344119,56,-2.42685e-05,-0.00482499
6044112984399,6044107389000,6044107389000,6044112967787,73729,5.57879,6044121353052,13.9641,0,37810,145641,0,0,1,0,0,0.011984,333,333,333,1,2.35442,2.45537,0.367059,0.218409,0.0295868,-0.0042572,3.20327e-05,-1.44657e-05,-0.00483699,-0.00226766,1,-0.00120709,-0.00267296,0.00267296,-0.00120709,1,1,0.00183069,-0.00116379,0.000842265,-4.32955e-05,0,0,0,0,0,0,0,0,0,0,0,0,0,0,0,0,0,0,0,0,0,0,0,255,0.21,3.24489,0.21,0.00426547,-0.00134086,1,1,1,0,0,1,1,-0.638892,-3.03454,0.110482,-0.00660229,0.00755607,8.89788e-05,28.2096,36450,1,367,78.5659,9113,0,0.000884653,0.00225419,0.000998407,0,0,0,1,333,0.215,2.72279e-05,-1.22427e-05,-2.63218e-06,-5.85399e-06,-3.76404e-06,-5.19665e-06,0.0491326,0.151224,0.0174906,-0.0204494,-0.204628,0.000777173,-0.000186171,-0.00227565,17.5645,0,0,0,0,0,0,-1,1,-9.04615e-07,-3.41771e-06,-0.204196,0,28.4127,1,1010,1010,1010,1010,0,0,0,0,37.3492,56,-0.000401251,0.0025927,56,0.00374923,-0.00086532,56,0.00385809,-0.000418752,1,0,0,0,0,0,2,0,0,50,0.00357672,-0.00297819,56,0.00358816,-0.000327145,56,0.00500779,0.0032188
6044123469345,6044115437000,6044115437000,6044123455216,73729,8.01822,6044131854388,16.4174,0,37810,145642,0,0,1,0,0,0.008048,325,325,325,1,2.34228,2.55117,0.42841,0.214539,0.030365,-0.0137024,7.00416e-05,-2.66959e-05,0.00277143,-0.0011747,1,-0.00331708,-0.00870298,0.00870298,-0.00331708,1,1,0.00775883,-0.00330709,0.000944145,-9.99489e-06,0,0,0,0,0,0,0,0,0,0,0,0,0,0,0,0,0,0,0,0,0,0,0,255,0.21,3.58123,0.21,0.00633402,-0.00268571,1,1,1,1,1,1,1,-0.638892,-3.03454,0.110482,-0.00660229,0.00755607,8.89788e-05,38.7172,36450,1,367,89.0735,9113,0,0.000884653,0.00225419,0.000998407,0,0,0,1,325,0.215,5.93309e-05,-2.2675e-05,-4.87513e-06,-1.27561e-05,-7.36002e-06,-1.14983e-05,0.0491252,0.151213,0.0175099,-0.0204508,-0.204662,0.00151141,-4.2978e-05,-0.00203873,7.19135,2,0,0,0,0,0,-1,1,-9.04615e-07,-3.41771e-06,-0.204196,0,38.9588,1,1010,1010,1010,1010,0,0,0,0,47.8953,56,0.000802142,-0.00588562,56,0.0205231,-0.00670833,56,0.00741467,0.00201434,0,0,0,0,0,0,1,0,0,44,0.0104391,-0.00425186,56,0.0135201,-0.00540842,56,0.00615524,-0.00239401
6044132460726,6044127391000,6044127391000,6044132443892,73729,5.05289,6044142685560,15.2946,0,37810,145643,0,0,1,0,0,0.011954,329,329,329,1,2.31776,2.90963,0.475004,0.21265,0.0238342,-0.0113525,4.80515e-05,-2.13488e-05,-4.76814e-05,0.00108239,1,-0.00178592,-0.0040197,0.0040197,-0.00178592,1,1,0.00312227,-0.00182562,0.000897433,3.97094e-05,0,0,0,0,0,0,0,0,0,0,0,0,0,0,0,0,0,0,0,0,0,0,0,255,0.2,2.42589,0.2,-0.107053,-0.174554,1,1,1,0,0,1,1,-0.638892,-3.03454,0.110482,-0.00660229,0.00755607,8.89788e-05,49.5165,36450,1,367,99.8728,9113,0,0.000884653,0.00225419,0.000998407,0,0,0,1,329,0.205,4.08219e-05,-1.80745e-05,-3.70528e-06,-8.36849e-06,-5.32477e-06,-7.4403e-06,0.0491199,0.151205,0.0175099,-0.0204508,-0.204662,0.00133048,0.000162809,-0.0018792,18.0021,0,0,0,0,0,0,-1,1,-9.04615e-07,-3.41771e-06,-0.204262,0,0.18489,1,1010,1010,1010,1010,0,0,0,0,0.189094,56,0.0068106,-0.00323389,56,0.000950027,0.00144343,56,0.00377707,-0.00544078,0,0,0,0,0,0,1,0,0,48,0.000883386,-0.00156684,56,0.00322651,-0.00193829,56,0.00510666,-0.000833277
6044143454362,6044135426000,6044135426000,6044143441991,73729,8.01599,6044151733589,16.3076,0,37810,145644,0,0,1,0,0,0.008035,333,333,333,1,2.31213,2.57444,0.410818,0.218131,0.0107117,-0.0109863,-1.03013e-05,-2.93538e-05,-0.01397,0.00401454,1,-0.00365324,0.00128206,-0.00128206,-0.00365324,1,1,-0.00154214,-0.00363146,0.000260082,-2.17724e-05,0,0,0,0,0,0,0,0,0,0,0,0,0,0,0,0,0,0,0,0,0,0,0,255,0.2,3.2918,0.2,-0.0570019,-0.107434,1,1,1,1,0,1,1,-0.638512,-3.03477,0.110335,-0.00563915,0.00594583,0.000248174,9.05997,36451,1,367,108.951,9113,0,0.000884653,0.00225419,0.000998407,0,0,0,1,333,0.205,-8.71252e-06,-2.49504e-05,-5.11484e-06,1.78607e-06,-4.64477e-06,2.78789e-06,0.0491152,0.151208,0.0175151,-0.0204439,-0.204648,0.000741256,-8.92669e-05,-0.000260065,8.85721,1,0,0,0,0,0,-1,1,-9.04615e-07,-3.41771e-06,-0.204262,0,9.30731,1,1010,1010,1010,1010,0,0,0,0,9.31151,56,-0.00364921,-0.00258018,56,-0.00124325,-0.010035,56,0.00524159,0.00444812,1,0,0,0,0,0,2,0,0,50,0.0076659,-0.0031922,56,-0.00240134,-0.00569223,56,-0.00462757,-0.002166
6044152301463,6044143419000,6044143419000,6044152284926,73729,8.86593,6044161620050,18.201,0,37810,145645,0,0,1,0,0,0.007993,330,330,330,1,2.32618,2.51094,0.421799,0.217076,-0.0168381,0.0113678,-1.70254e-05,1.76124e-05,0.00498489,-0.00242908,1,0.00220348,0.00213004,-0.00213004,0.00220348,1,1,-0.00167041,0.00225576,-0.000459628,-5.22747e-05,0,0,0,0,0,0,0,0,0,0,0,0,0,0,0,0,0,0,0,0,0,0,0,255,0.2,1.98916,0.2,-0.00368646,0.0015501,1,1,1,1,0,1,1,-0.638512,-3.03477,0.110335,-0.00563915,0.00594583,0.000248174,18.9436,36451,1,367,118.835,9113,0,0.000884653,0.00225419,0.000998407,0,0,0,1,330,0.205,-1.44881e-05,1.49292e-05,3.06048e-06,2.97007e-06,3.5984e-06,2.28611e-06,0.0491188,0.15121,0.0175146,-0.0204242,-0.204627,-0.00012765,-0.000214326,0.00140546,9.6699,1,0,0,0,0,0,-1,1,-9.04615e-07,-3.41771e-06,-0.204262,0,19.1644,1,1010,1010,1010,1010,0,0,0,0,19.1686,56,-0.00804361,-0.00299656,56,-0.00232308,0.0136441,56,-0.00615339,0.0068428,0,0,0,0,0,0,2,0,0,48,-0.00450921,-0.00214647,56,-0.000186906,0.00415893,56,0.00113052,0.0017853
6044163457082,6044155410000,6044155410000,6044163443267,73729,8.03327,6044172586982,17.177,0,37810,145646,0,0,1,0,0,0.011991,332,331,321,0.969789,2.33681,2.57467,0.444058,0.215539,-0.0322571,0.0148621,-2.84523e-05,2.77307e-05,0.00499138,-0.000337494,1,0.00231263,0.0023728,-0.0023728,0.00231263,1,1,-0.00147135,0.00233337,-0.000901456,-2.07404e-05,0,0,0,0,0,0,0,0,0,0,0,0,0,0,0,0,0,0,0,0,0,0,0,255,0.2,2.9953,0.2,-0.0040258,0.0022273,1,1,1,1,0,1,1,-0.638512,-3.03477,0.110335,-0.00563915,0.00594583,0.000248174,29.9104,36451,1,367,129.802,9113,0,0.000884653,0.00225419,0.000998407,0,0,0,1,321,0.205,-2.41916e-05,2.354e-05,4.8257e-06,4.95928e-06,5.7298e-06,3.87517e-06,0.0491246,0.151214,0.0175125,-0.0204013,-0.204605,-0.000787143,-8.50358e-05,0.00232706,10.7543,1,0,0,0,0,0,-1,1,-9.04615e-07,-3.41771e-06,-0.204262,0,30.1206,1,1010,1010,1010,1010,0,0,0,0,30.1248,56,-0.00329986,0.00532442,55,0.00713106,-0.00120416,46,-0.00756742,-0.000946313,1,0,0,0,0,0,2,0,0,49,-0.00689638,0.00599587,56,-0.00449567,0.00299563,56,-0.00317742,-0.00246592
6044173118282,6044163416000,6044163416000,6044173101522,73729,9.68552,6044182344183,18.9282,0,37810,145647,0,0,1,0,0,0.008006,331,331,331,1,2.35191,2.46915,0.491504,0.218224,-0.0338135,0.0169373,-6.10464e-05,1.25072e-05,0.00247762,0.00100513,1,0.00156222,0.00762508,-0.00762508,0.00156222,1,1,-0.00669216,0.00135991,-0.000932924,0.00020231,0,0,0,0,0,0,0,0,0,0,0,0,0,0,0,0,0,0,0,0,0,0,0,255,0.2,2.51143,0.2,-0.006112,0.00281667,1,1,1,1,0,1,1,-0.638512,-3.03477,0.110335,-0.00563915,0.00594583,0.000248174,39.668,36451,1,367,139.559,9113,0,0.000884653,0.00225419,0.000998407,0,0,0,1,331,0.205,-5.17492e-05,1.06264e-05,2.17841e-06,1.06086e-05,4.28382e-06,9.94403e-06,0.0491288,0.151224,0.0175068,-0.0203665,-0.204591,-0.00109624,0.00082947,0.002183,9.54081,1,0,0,0,0,0,-1,1,-9.04615e-07,-3.41771e-06,-0.204262,0,39.8955,1,1010,1010,1010,1010,0,0,0,0,39.8997,56,-0.000741939,0.00678001,56,-0.0130437,-0.00918598,56,-0.00512511,0.00814261,2,0,0,0,0,0,1,0,0,48,-0.0058636,0.00244357,56,-0.00832879,0.00575186,56,-0.00898099,0.00359318
6044183467617,6044175402000,6044175402000,6044183452672,73729,8.05067,6044193635746,18.2337,0,37810,145648,0,0,1,0,0,0.011986,327,327,327,1,2.32496,2.91737,0.421485,0.213909,0.000366211,-0.0139771,6.69926e-06,-2.33177e-06,-0.00170359,-0.00463295,1,-0.000194541,-0.000558924,0.000558924,-0.000194541,1,1,0.00111112,-0.000154958,-0.000552193,-3.95833e-05,0,0,0,0,0,0,0,0,0,0,0,0,0,0,0,0,0,0,0,0,0,0,0,255,0.21,2.7147,0.21,0.082576,0.118891,1,1,1,1,1,1,1,-0.638512,-3.03477,0.110335,-0.00563915,0.00594583,0.000248174,50.9321,36451,1,367,150.823,9113,0,0.000884653,0.00225419,0.000998407,0,0,0,1,327,0.215,5.71598e-06,-1.9637e-06,-4.22196e-07,-1.22894e-06,-6.62509e-07,-1.11746e-06,0.0491282,0.151223,0.0175278,-0.0203378,-0.204584,-0.000565987,-0.000170208,0.00144675,11.0761,1,0,0,0,0,0,-1,1,-9.04615e-07,-3.41771e-06,-0.204205,0,0.194965,1,1010,1010,1010,1010,0,0,0,0,9.42305,56,0.000204116,-0.00363336,56,0.0020261,0.00111536,56,0.000869077,-0.00520419,0,0,0,0,0,0,2,0,0,45,-0.000329879,0.00557652,56,-0.00167363,-0.00207049,56,0.000603926,-0.00123677
6044194177750,6044183425000,6044183425000,6044194161880,73729,10.7369,6044202681257,19.2563,0,37810,145649,0,0,1,0,0,0.008023,334,334,333,0.997006,2.35637,2.60106,0.428614,0.220243,-0.00164795,-0.0253296,-1.24251e-05,-6.02659e-05,-0.00141194,0.000352098,1,-0.00751165,0.00154868,-0.00154868,-0.00751165,1,1,-0.00181146,-0.00729342,0.000262782,-0.00021823,0,0,0,0,0,0,0,0,0,0,0,0,0,0,0,0,0,0,0,0,0,0,0,255,0.2,3.26376,0.2,0.0574391,0.10346,1,1,1,1,0,1,1,-0.638357,-3.03477,0.110196,-0.00513322,0.00545594,-0.000151213,9.06157,36452,1,367,159.899,9113,0,0.000884653,0.00225419,0.000998407,0,0,0,1,333,0.205,-1.05638e-05,-5.10791e-05,-1.04712e-05,2.16557e-06,-9.81146e-06,4.24749e-06,0.0491184,0.151227,0.0175921,-0.0202575,-0.20462,0.000373117,-0.000894743,-0.000563431,8.82819,2,0,0,0,0,0,-1,1,-9.04615e-07,-3.41771e-06,-0.204205,0,9.27968,1,1010,1010,1010,1010,0,0,0,0,18.5078,56,0.0045195,-0.00547713,55,0.00878937,-0.0216443,56,-0.00678608,-0.00172863,2,0,0,0,0,0,2,0,0,50,-0.000215659,-0.0080535,56,0.00261305,-0.00651417,56,-0.00240072,-0.00650216
6044203524041,6044195409000,6044195409000,6044203507226,73729,8.09823,6044213158167,17.7492,0,37810,145650,0,0,1,0,0,0.011984,331,331,331,1,2.34407,2.57806,0.40354,0.217612,0.0307159,0.00172424,2.39483e-05,-9.74902e-06,-0.00483649,0.00686774,1,-0.000813503,-0.00199835,0.00199835,-0.000813503,1,1,0.00130734,-0.00060852,0.000691014,-0.000204983,0,0,0,0,0,0,0,0,0,0,0,0,0,0,0,0,0,0,0,0,0,0,0,255,0.2,2.48455,0.2,-0.092237,-0.180996,1,1,1,1,0,1,1,-0.638357,-3.03477,0.110196,-0.00513322,0.00545594,-0.000151213,19.5351,36452,1,367,170.372,9113,0,0.000884653,0.00225419,0.000998407,0,0,0,1,331,0.205,2.03194e-05,-8.32935e-06,-1.70752e-06,-4.16547e-06,-2.51637e-06,-3.73136e-06,0.0491159,0.151224,0.0175921,-0.0202575,-0.20462,0.00100271,-0.000840431,-0.00146436,19.3056,0,0,0,0,0,0,-1,1,-9.04615e-07,-3.41771e-06,-0.204205,0,19.7814,1,1010,1010,1010,1010,0,0,0,0,29.0095,56,0.00104218,0.000364718,56,0.00119804,-0.000539037,56,0.00617368,0.00217889,1,0,0,0,0,0,2,0,0,48,0.0048788,-0.0026043,56,0.00274648,-0.000750458,56,0.00180753,0.00098815
6044213729726,6044203472000,6044203472000,6044213710319,73729,10.2383,6044222190603,18.7186,0,37810,145651,0,0,1,0,0,0.008063,335,335,335,1,2.33704,2.54692,0.401207,0.255205,0.00796509,0.0272217,2.08e-05,5.61724e-05,0.00258428,-0.00423927,1,0.00696668,-0.00257969,0.00257969,0.00696668,1,1,0.00176085,0.00685621,0.000818832,0.000110473,0,0,0,0,0,0,0,0,0,0,0,0,0,0,0,0,0,0,0,0,0,0,0,255,0.21,2.55098,0.21,0.0431482,0.110433,1,1,1,1,0,1,1,-0.638357,-3.03477,0.110196,-0.00513322,0.00545594,-0.000151213,28.5705,36452,1,367,179.408,9113,0,0.000884653,0.00225419,0.000998407,0,0,0,1,335,0.215,1.7644e-05,4.76535e-05,1.02455e-05,-3.79347e-06,9.2602e-06,-5.79565e-06,0.0491251,0.151218,0.0176166,-0.0201979,-0.204643,0.000799008,0.000475034,-0.00217758,8.81677,1,0,0,0,0,0,-1,1,-9.04615e-07,-3.41771e-06,-0.204205,0,28.7931,1,1010,1010,1010,1010,0,0,0,0,38.0212,56,0.00294472,0.00427745,56,0.0112562,0.00705867,56,0.00191721,0.00455106,1,0,0,0,0,0,2,0,0,52,0.00239851,0.00910551,56,0.00213671,0.00812102,56,0.000966775,0.00719269
6044223469297,6044215425000,6044215425000,6044223455538,73729,8.03054,6044233295758,17.8708,0,37810,145652,0,0,1,0,0,0.011953,333,333,333,1,2.33178,2.56415,0.427577,0.221335,0.0104065,0.00579834,-2.64752e-06,8.49101e-06,-0.00186726,0.00226383,1,0.000710366,0.000221494,-0.000221494,0.000710366,1,1,-0.000929881,0.000621095,0.000708387,8.92712e-05,0,0,0,0,0,0,0,0,0,0,0,0,0,0,0,0,0,0,0,0,0,0,0,255,0.21,2.14294,0.21,0.111798,0.204154,1,1,1,1,0,1,1,-0.638357,-3.03477,0.110196,-0.00513322,0.00545594,-0.000151213,39.6513,36452,1,367,190.488,9113,0,0.000884653,0.00225419,0.000998407,0,0,0,1,333,0.215,-2.22761e-06,7.17189e-06,1.54196e-06,4.78937e-07,1.60662e-06,1.5559e-07,0.0491267,0.151218,0.0176414,-0.0201626,-0.204659,0.00044873,0.000383866,-0.00207787,10.8838,1,0,0,0,0,0,-1,1,-9.04615e-07,-3.41771e-06,-0.204205,0,39.8661,1,1010,1010,1010,1010,0,0,0,0,49.0942,56,-0.00291895,-0.00142656,56,-0.00267619,0.00447932,56,0.00408132,0.00480784,2,0,0,0,0,0,1,0,0,50,0.00195214,0.00320962,56,0.000308688,-0.000706134,56,0.0029374,-0.00257144
6044233809503,6044223424000,6044223424000,6044233793984,73729,10.37,6044242687641,19.2636,0,37810,145653,0,0,1,0,0,0.007999,331,331,331,1,2.37443,2.90665,0.435132,0.222853,0.00906372,-0.00775146,7.79387e-06,-4.57287e-06,-0.00938526,-0.000349272,1,-0.00057168,-0.000974356,0.000974356,-0.00057168,1,1,0.000549144,-0.0005752,0.000425212,3.5204e-06,0,0,0,0,0,0,0,0,0,0,0,0,0,0,0,0,0,0,0,0,0,0,0,255,0.21,2.35224,0.21,0.00159064,-0.00171924,1,1,1,1,1,1,1,-0.638357,-3.03477,0.110196,-0.00513322,0.00545594,-0.000151213,49.042,36452,1,367,199.879,9113,0,0.000884653,0.00225419,0.000998407,0,0,0,1,331,0.215,6.65984e-06,-3.86166e-06,-8.30257e-07,-1.43186e-06,-1.10322e-06,-1.23317e-06,0.0491256,0.151217,0.0176584,-0.0201363,-0.204657,0.00055051,1.51377e-05,-0.00102232,9.19972,1,0,0,0,0,0,-1,1,-9.04615e-07,-3.41771e-06,-0.204256,0,0.200168,1,1010,1010,1010,1010,0,0,0,0,8.1101,56,0.00854185,0.000947743,56,-0.00374902,-0.00637129,56,0.000483766,-0.00447658,2,0,0,0,0,0,3,0.00210518,0.00428663,46,-0.00130479,-0.00442468,56,0.00154674,-0.000266567,56,0.000367965,0.00292898
6044243525092,6044235405000,6044235405000,6044243509314,73729,8.10431,6044253481776,18.0768,0,37810,145654,0,0,1,0,0,0.011981,331,330,330,1,2.33035,2.56126,0.436892,0.222446,0.00113678,-0.0278778,8.68828e-06,-4.44679e-05,0.0041011,-0.0118861,1,-0.00371153,-0.000725171,0.000725171,-0.00371153,1,1,0.000778967,-0.00356595,-5.37953e-05,-0.000145579,0,0,0,0,0,0,0,0,0,0,0,0,0,0,0,0,0,0,0,0,0,0,0,255,0.2,1.91409,0.2,-0.0609392,-0.10805,1,1,1,1,0,1,1,-0.638264,-3.03476,0.110039,-0.00464081,0.00552558,0.000233962,10.7799,36453,1,367,10.7449,9114,0,0.000884653,0.00198981,0.00166428,0,0,0,1,330,0.205,7.36586e-06,-3.76639e-05,-7.72109e-06,-1.51e-06,-7.86473e-06,9.03991e-08,0.0491178,0.151217,0.0176628,-0.0201308,-0.204647,0.000401744,-0.000596873,0.000497844,10.6002,1,0,0,0,0,0,-1,1,-9.04615e-07,-3.41771e-06,-0.204256,0,10.9903,1,1010,1010,1010,1010,0,0,0,0,18.9002,56,-0.00176948,-0.000949944,55,0.00974138,-0.00834705,56,-0.000127036,-0.00365696,1,0,0,0,0,0,3,0.00997381,-0.0128947,47,-0.00226736,8.69163e-05,56,0.00188664,-0.00208028,56,0.00466359,-0.00657593
6044253995298,6044243472000,6044243472000,6044253980150,73729,10.5081,6044262561823,19.0898,0,37810,145655,0,0,1,0,0,0.008067,326,326,326,1,2.37324,2.50531,0.461911,0.220446,-0.0134125,0.0112076,-2.46064e-05,1.46829e-05,0.00127096,0.0117749,1,0.00182012,0.00305026,-0.00305026,0.00182012,1,1,-0.00255598,0.0017973,-0.000494275,2.28122e-05,0,0,0,0,0,0,0,0,0,0,0,0,0,0,0,0,0,0,0,0,0,0,0,255,0.21,2.24328,0.21,-0.102709,-0.142686,1,1,1,1,0,1,1,-0.638264,-3.03476,0.110039,-0.00464081,0.00552558,0.000233962,19.8836,36453,1,367,19.8488,9114,0,0.000884653,0.00198981,0.00166428,0,0,0,1,326,0.215,-2.09023e-05,1.24323e-05,2.67295e-06,4.494e-06,3.52813e-06,3.85685e-06,0.0491213,0.151221,0.0176577,-0.0200938,-0.204625,-0.000287607,9.80925e-05,0.00147022,8.88527,1,0,0,0,0,0,-1,1,-9.04615e-07,-3.41771e-06,-0.204256,0,20.1094,1,1010,1010,1010,1010,0,0,0,0,28.0194,56,-0.00383085,0.000374747,56,0.000129279,0.00660487,56,-0.00229825,0.000913771,2,0,0,0,0,0,2,0,0,42,-0.00149848,0.00176261,56,-0.00257574,-0.00249454,56,-0.00733417,0.00420631
6044263509923,6044255403000,6044255403000,6044263497201,73729,8.0942,6044273613071,18.2101,0,37810,145656,0,0,1,0,0,0.011931,332,332,332,1,2.5873,2.50474,0.391799,0.217853,-0.0289764,-7.62939e-06,-6.32035e-05,1.81719e-05,-0.00599856,-0.00804167,1,0.00152309,0.00529742,-0.00529742,0.00152309,1,1,-0.0044632,0.00146335,-0.000834225,5.97377e-05,0,0,0,0,0,0,0,0,0,0,0,0,0,0,0,0,0,0,0,0,0,0,0,255,0.21,1.59881,0.21,0.105177,0.225207,1,1,1,1,0,1,1,-0.638264,-3.03476,0.110039,-0.00464081,0.00552558,0.000233962,30.9116,36453,1,367,30.8768,9114,0,0.000884653,0.00198981,0.00166428,0,0,0,1,332,0.215,-5.35556e-05,1.53918e-05,3.30924e-06,1.15145e-05,5.57465e-06,1.06011e-05,0.0491269,0.151231,0.0176526,-0.0200861,-0.204599,-0.000663168,0.000256872,0.0023392,10.8292,1,0,0,0,0,0,-1,1,-9.04615e-07,-3.41771e-06,-0.204256,0,31.1278,1,1010,1010,1010,1010,0,0,0,0,39.0377,56,-0.00552143,0.00158366,56,-0.0117899,0.00582059,56,-0.00191108,-8.16583e-05,0,0,0,0,0,0,2,0,0,50,-0.00451801,-0.00272682,56,-0.00629796,0.00457501,56,-0.00433778,-2.98932e-05
6044274124019,6044263464000,6044263464000,6044274107167,73729,10.6432,6044282786082,19.3221,0,37810,145657,0,0,1,0,0,0.008061,332,331,326,0.984894,2.35861,2.5165,0.536819,0.217021,-0.0116882,0.0117111,-2.56244e-05,-1.07519e-05,0.000124056,0.0166462,1,-0.00133382,0.00317881,-0.00317881,-0.00133382,1,1,-0.00233565,-0.00139265,-0.000843154,5.88248e-05,0,0,0,0,0,0,0,0,0,0,0,0,0,0,0,0,0,0,0,0,0,0,0,255,0.21,2.06638,0.21,-0.00197355,0.00114178,1,1,1,1,0,1,1,-0.638264,-3.03476,0.110039,-0.00464081,0.00552558,0.000233962,40.1092,36453,1,367,40.0743,9114,0,0.000884653,0.00198981,0.00166428,0,0,0,1,326,0.215,-2.18067e-05,-9.12827e-06,-1.96258e-06,4.68844e-06,-9.70494e-07,4.98893e-06,0.0491259,0.151236,0.017648,-0.0200675,-0.204592,-0.000944944,0.000252947,0.0021445,8.95181,1,0,0,0,0,0,-1,1,-9.04615e-07,-3.41771e-06,-0.204256,0,40.3269,1,1010,1010,1010,1010,0,0,0,0,48.2368,51,-0.00577037,-0.000698125,55,-0.000285166,-0.00997473,56,-0.00352183,0.00548115,1,0,0,0,0,0,2,0,0,49,-0.00185157,0.00407979,56,-0.00216819,-0.00268054,56,-0.00548557,0.000707602
6044283500828,6044275398000,6044275398000,6044283487217,73729,8.08922,6044294030961,18.633,0,37810,145658,0,0,1,0,0,0.011934,330,330,330,1,2.60306,2.90265,0.400743,0.217594,0.00450134,-0.0204391,2.90036e-05,-3.31503e-05,0.00386746,-0.00159025,1,-0.0027778,-0.00243033,0.00243033,-0.0027778,1,1,0.00245609,-0.00275965,-2.57584e-05,-1.81508e-05,0,0,0,0,0,0,0,0,0,0,0,0,0,0,0,0,0,0,0,0,0,0,0,255,0.2,1.30232,0.2,-0.0403996,-0.0808285,1,1,1,1,0,1,1,-0.638097,-3.03484,0.109823,-0.00443839,0.0046366,-0.000526007,4.17057,36454,1,367,51.2885,9114,0,0.000884653,0.00198981,0.00166428,0,0,0,1,330,0.205,2.45647e-05,-2.81166e-05,-5.7639e-06,-5.03577e-06,-6.66377e-06,-3.75951e-06,0.0491192,0.151232,0.0176722,-0.0200499,-0.204596,0.000429548,-7.44183e-05,0.000428126,4.00133,2,0,0,0,0,0,-1,1,-9.04615e-07,-3.41771e-06,-0.204206,0,4.37981,1,1010,1010,1010,1010,0,0,0,0,4.38459,56,0.00092332,-0.00351064,56,0.0115274,-0.000984801,56,-0.00188393,-0.00532155,1,0,0,0,0,0,1,0,0,48,0.00137824,-0.00566684,56,0.000387542,-0.00150722,56,0.00239134,-0.00393846
6044294498408,6044283449000,6044283449000,6044294483519,73729,11.0345,6044303250954,19.802,0,37810,145659,0,0,1,0,0,0.008051,332,331,331,1,2.35072,2.52233,0.408169,0.212113,0.00869751,0.00967407,-1.35106e-05,2.1799e-05,-0.00292065,0.00347101,1,0.00270761,0.00167813,-0.00167813,0.00270761,1,1,-0.00229547,0.00258823,0.000617341,0.000119375,0,0,0,0,0,0,0,0,0,0,0,0,0,0,0,0,0,0,0,0,0,0,0,255,0.21,2.18748,0.21,-0.114392,-0.20772,1,1,1,1,1,1,1,-0.638097,-3.03484,0.109823,-0.00443839,0.0046366,-0.000526007,13.4098,36454,1,367,60.5283,9114,0,0.000884653,0.00198981,0.00166428,0,0,0,1,331,0.215,-1.14115e-05,1.84866e-05,3.97461e-06,2.45348e-06,4.3885e-06,1.59468e-06,0.0491236,0.151234,0.0176908,-0.0200325,-0.204611,0.00161183,0.000513311,-0.000834189,9.01192,1,0,0,0,0,0,-1,1,-9.04615e-07,-3.41771e-06,-0.204206,0,13.6345,1,1010,1010,1010,1010,0,0,0,0,13.6393,56,0.000802714,0.000637103,55,-0.00844126,0.00382483,56,0.0030288,0.00140801,2,0,0,0,0,0,2,0,0,48,-0.00121043,-0.0011126,56,0.0027113,0.00294524,56,0.00128574,0.00214701
6044303822810,6044295403000,6044295403000,6044303808143,73729,8.40514,6044314758038,19.355,0,37810,145660,0,0,1,0,0,0.011954,331,331,331,1,2.31824,2.58537,0.443466,0.215427,0.036087,0.00498962,7.74045e-05,-2.68293e-06,0.00341855,0.0020436,1,-0.000224437,-0.00647519,0.00647519,-0.000224437,1,1,0.00585785,-0.000343812,0.000617341,0.000119375,0,0,0,0,0,0,0,0,0,0,0,0,0,0,0,0,0,0,0,0,0,0,0,255,0.21,1.33534,0.21,0.130279,0.230764,1,1,1,1,0,1,1,-0.638097,-3.03484,0.109823,-0.00443839,0.0046366,-0.000526007,24.8976,36454,1,367,72.0156,9114,0,0.000884653,0.00198981,0.00166428,0,0,0,1,331,0.215,6.56115e-05,-2.27099e-06,-4.88262e-07,-1.41065e-05,-3.33888e-06,-1.37119e-05,0.0491203,0.15122,0.0176908,-0.0200325,-0.204611,0.00161183,0.000513311,-0.000834189,20.5226,0,0,0,0,0,0,-1,1,-9.04615e-07,-3.41771e-06,-0.204206,0,25.1038,1,1010,1010,1010,1010,0,0,0,0,25.1086,56,0.00532721,0.0027732,56,0.0128644,-0.00205312,56,0.00176648,-0.000568321,2,0,0,0,0,0,1,0,0,48,0.00834071,0.00420926,56,0.00343503,-0.00161266,56,0.00667372,0.00177022
6044315201208,6044303423000,6044303423000,6044315187226,73729,11.7642,6044323629732,20.2067,0,37810,145661,0,0,1,0,0,0.00802,329,329,329,1,2.30768,2.53346,0.393354,0.214742,0.0018158,-0.018158,1.06472e-05,-1.93218e-05,-0.000721351,0.0045516,1,-0.0024092,-0.00132758,0.00132758,-0.0024092,1,1,0.000674335,-0.0022902,0.000653245,-0.000119007,0,0,0,0,0,0,0,0,0,0,0,0,0,0,0,0,0,0,0,0,0,0,0,255,0.2,2.59076,0.2,-0.0205487,-0.0382261,1,1,1,1,0,1,1,-0.638097,-3.03484,0.109823,-0.00443839,0.0046366,-0.000526007,33.7757,36454,1,367,80.8938,9114,0,0.000884653,0.00198981,0.00166428,0,0,0,1,329,0.205,9.02913e-06,-1.64154e-05,-3.36516e-06,-1.85097e-06,-3.66973e-06,-1.12849e-06,0.0491166,0.151219,0.017697,-0.0200268,-0.20464,0.000606264,-0.000487931,-0.00165763,8.64775,2,0,0,0,0,0,-1,1,-9.04615e-07,-3.41771e-06,-0.204206,0,33.9928,1,1010,1010,1010,1010,0,0,0,0,33.9975,56,0.00145115,-0.00805503,56,0.00553425,-0.00384076,56,0.00513034,-0.0029443,1,0,0,0,0,0,2,0,0,46,-0.00162386,-0.00171401,56,0.00256901,-0.00537591,56,-0.00399222,-0.00560735
6044324152680,6044315400000,6044315400000,6044324137884,73729,8.73788,6044333815973,18.416,0,37810,145662,0,0,1,0,0,0.011977,328,328,328,1,2.3337,2.47176,0.479615,0.215298,0.00845337,-0.00270081,5.00089e-05,5.59338e-06,0.00845454,-0.0104107,1,0.00046701,-0.00417541,0.00417541,0.00046701,1,1,0.00362499,0.000648533,0.000550424,-0.000181523,0,0,0,0,0,0,0,0,0,0,0,0,0,0,0,0,0,0,0,0,0,0,0,255,0.2,1.37321,0.2,-0.142761,-0.230086,1,1,1,1,0,1,1,-0.638097,-3.03484,0.109823,-0.00443839,0.0046366,-0.000526007,43.9534,36454,1,367,91.0713,9114,0,0.000884653,0.00198981,0.00166428,0,0,0,1,328,0.205,4.24128e-05,4.78645e-06,9.81223e-07,-8.69462e-06,-8.03022e-07,-8.71185e-06,0.0491158,0.15121,0.017697,-0.0200268,-0.20464,0.000258098,-0.000744245,-0.00159891,18.8453,0,0,0,0,0,0,-1,1,-9.04615e-07,-3.41771e-06,-0.204206,0,44.1616,1,1010,1010,1010,1010,0,0,0,0,44.1664,56,0.00313293,0.00468246,56,0.00424604,0.000672168,56,0.00296854,-0.00319065,1,0,0,0,0,0,2,0,0,45,6.67372e-05,0.00158298,56,0.0036867,-0.00134189,56,0.00465124,0.00061978
6044334314810,6044323433000,6044323433000,6044334302569,73729,10.8696,6044343449821,20.0168,0,37810,145663,0,0,1,0,0,0.008033,328,328,328,1,2.35287,2.9908,0.482745,0.220853,-0.0181274,0.0185242,-5.37735e-05,5.11356e-05,-0.00946324,-0.00221577,1,0.0063657,0.00669408,-0.00669408,0.0063657,1,1,-0.00680155,0.00635802,0.000107473,7.67616e-06,0,0,0,0,0,0,0,0,0,0,0,0,0,0,0,0,0,0,0,0,0,0,0,255,0.21,1.41525,0.21,0.00900022,0.0371498,1,1,1,1,0,1,1,-0.638097,-3.03484,0.109823,-0.00443839,0.0046366,-0.000526007,53.5995,36454,1,367,100.717,9114,0,0.000884653,0.00198981,0.00166428,0,0,0,1,328,0.215,-4.56009e-05,4.332e-05,9.31379e-06,9.8042e-06,1.11063e-05,7.70649e-06,0.0491269,0.151218,0.017689,-0.0200024,-0.204641,-0.000472287,3.30075e-05,-0.000747538,9.44222,1,0,0,0,0,0,-1,1,-9.04615e-07,-3.41771e-06,-0.204251,0,0.215649,1,1010,1010,1010,1010,0,0,0,0,0.220168,56,-0.00457511,0.00163451,56,-0.0148099,0.0113393,56,-0.00321731,0.0104259,3,0.0127747,0.0207469,0,0,0,1,0,0,44,-0.00489712,0.0039804,56,-0.00684381,0.00503137,56,-0.0054864,0.00349802
6044343953029,6044335397000,6044335397000,6044343940436,73729,8.54344,6044353737581,18.3406,0,37810,145664,0,0,1,0,0,0.011964,331,331,307,0.927492,2.5952,2.43283,0.440022,0.203982,-0.017868,-0.00180054,-3.6931e-05,-9.74975e-06,0.00334498,0.00746362,1,-0.000814924,0.00308684,-0.00308684,-0.000814924,1,1,-0.00302925,-0.00107657,-5.75893e-05,0.000261644,0,0,0,0,0,0,0,0,0,0,0,0,0,0,0,0,0,0,0,0,0,0,0,255,0.21,0.901655,0.21,0.0371176,0.379488,1,1,1,1,0,1,1,-0.638177,-3.03472,0.109609,-0.00440379,0.00550502,-0.000231733,10.2801,36455,1,367,111.008,9114,0,0.000884653,0.00198981,0.00166428,0,0,0,1,307,0.215,-3.13169e-05,-8.28528e-06,-1.78133e-06,6.73314e-06,-3.78076e-07,6.95402e-06,0.0491265,0.151225,0.017703,-0.0199674,-0.204642,-0.000421924,0.00112507,-0.000139432,10.1005,1,0,0,0,0,0,-1,1,-9.04615e-07,-3.41771e-06,-0.204251,0,10.4847,1,1010,1010,1010,1010,0,0,0,0,10.4892,56,-0.0016348,-0.00276849,56,0.000628598,0.00378643,32,-0.00453761,-0.00242947,2,0,0,0,0,0,2,0,0,47,-0.000768,-0.00438843,56,-0.00338485,-0.000699784,56,-0.00309959,0.00233151
6044354248252,6044343421000,6044343421000,6044354232270,73729,10.8113,6044362954519,19.5335,0,37810,145665,0,0,1,0,0,0.008024,330,330,330,1,2.36511,2.5805,0.432633,0.221965,-0.00888062,-0.00260925,-3.04397e-06,5.52108e-07,-0.0025941,-0.00472991,1,6.88071e-05,0.000379358,-0.000379358,6.88071e-05,1,1,-0.000147479,5.41328e-05,-0.000231878,1.46743e-05,0,0,0,0,0,0,0,0,0,0,0,0,0,0,0,0,0,0,0,0,0,0,0,255,0.21,1.06191,0.21,-0.00112515,-0.00160752,1,1,1,1,1,1,1,-0.638177,-3.03472,0.109609,-0.00440379,0.00550502,-0.000231733,19.5155,36455,1,367,120.244,9114,0,0.000884653,0.00198981,0.00166428,0,0,0,1,330,0.215,-2.64197e-06,4.65713e-07,1.00128e-07,5.68024e-07,2.13225e-07,5.35786e-07,0.0491267,0.151226,0.0177302,-0.0199085,-0.20462,-7.84938e-05,6.30994e-05,0.000734866,7.6165,2,0,0,0,0,0,-1,1,-9.04615e-07,-3.41771e-06,-0.204251,0,19.7353,1,1010,1010,1010,1010,0,0,0,0,19.7398,56,-0.00989239,0.00296093,56,0.00898562,-0.00376088,56,-0.00403458,-0.00181635,2,0,0,0,0,0,3,-0.050113,0.0168816,45,-0.00523737,0.00469855,56,-0.00153568,0.00224064,56,7.82044e-05,-0.00248292
6044363562690,6044351445000,6044351445000,6044363542672,73729,12.0977,6044373389651,21.9447,0,37810,145666,0,0,1,0,0,0.008024,336,336,336,1,2.60804,2.48828,0.481689,0.220576,0.0116577,-0.000205994,3.85245e-05,-6.02779e-06,0.00345754,-0.01407,1,-0.00075122,-0.00480116,0.00480116,-0.00075122,1,1,0.00507907,-0.000750276,-0.000277913,-9.44015e-07,0,0,0,0,0,0,0,0,0,0,0,0,0,0,0,0,0,0,0,0,0,0,0,255,0.2,0.229113,0.2,0.00378912,-0.00139897,1,1,1,1,0,1,1,-0.638177,-3.03472,0.109609,-0.00440379,0.00550502,-0.000231733,29.9523,36455,1,367,130.681,9114,0,0.000884653,0.00198981,0.00166428,0,0,0,1,336,0.205,3.26965e-05,-5.0586e-06,-1.03701e-06,-6.70278e-06,-2.37462e-06,-6.35173e-06,0.0491244,0.151219,0.0177302,-0.0199085,-0.20462,0.000159403,-3.87046e-06,0.00103908,18.0513,0,0,0,0,0,0,-1,1,-9.04615e-07,-3.41771e-06,-0.204251,0,30.1736,1,1010,1010,1010,1010,0,0,0,0,30.1781,56,0.00915436,0.00350979,56,0.0163386,0.00111845,56,0.000974519,-0.0039761,1,0,0,0,0,0,1,0,0,54,0.00100872,0.000672436,56,0.00303544,0.00403134,56,0.00739691,0.00390354
6044373918599,6044363467000,6044363467000,6044373902618,73729,10.4356,6044383301982,19.835,0,37810,145667,0,0,1,0,0,0.012022,336,336,336,1,2.35974,2.5328,0.466225,0.227428,-0.00527954,0.00919342,-1.60764e-05,2.23917e-05,0.00503337,0.00308452,1,0.00186256,0.00133725,-0.00133725,0.00186256,1,1,-0.00113465,0.00170762,-0.000202603,0.000154944,0,0,0,0,0,0,0,0,0,0,0,0,0,0,0,0,0,0,0,0,0,0,0,255,0.2,0.32241,0.2,-0.130935,-0.303326,1,1,1,1,0,1,1,-0.638177,-3.03472,0.109609,-0.00440379,0.00550502,-0.000231733,39.8796,36455,1,367,140.608,9114,0,0.000884653,0.00198981,0.00166428,0,0,0,1,336,0.205,-1.36687e-05,1.89444e-05,3.88359e-06,2.80209e-06,4.37013e-06,1.95444e-06,0.0491287,0.151221,0.0177509,-0.0198698,-0.204617,0.000492758,0.000635271,0.00105874,9.68431,1,0,0,0,0,0,-1,1,-9.04615e-07,-3.41771e-06,-0.204251,0,40.1037,1,1010,1010,1010,1010,0,0,0,0,40.1082,56,-0.00513906,0.00113983,56,-0.00550498,0.00416342,56,0.00290825,0.000919889,1,0,0,0,0,0,3,-0.0258875,0.0470923,52,0.000965739,0.00099658,56,0.000810992,0.000593529,56,0.000179903,-0.000238618
6044383855338,6044371431000,6044371431000,6044383841190,73729,12.4102,6044393816133,22.3851,0,37810,145668,0,0,1,0,0,0.007964,334,334,331,0.991018,2.32368,2.99248,0.497282,0.217834,-0.00241089,-3.05176e-05,2.70183e-06,-3.50806e-06,-0.0128484,6.38344e-05,1,-0.000440489,-0.000339255,0.000339255,-0.000440489,1,1,0.000175411,-0.00050145,0.000163844,6.09607e-05,0,0,0,0,0,0,0,0,0,0,0,0,0,0,0,0,0,0,0,0,0,0,0,255,0.21,0.228909,0.21,-0.000152366,-0.000983612,1,1,1,1,0,1,1,-0.638361,-3.03441,0.109415,-0.00493192,0.00572976,-0.000600992,3.65442,36456,1,367,151.073,9114,0,0.000884653,0.00198981,0.00166428,0,0,0,1,331,0.215,2.32521e-06,-2.95503e-06,-6.35332e-07,-4.99919e-07,-7.23343e-07,-3.60387e-07,0.049128,0.151221,0.0177959,-0.0198618,-0.204608,0.00105236,0.000262131,0.000278265,3.48338,2,0,0,0,0,0,-1,1,-9.04615e-07,-3.41771e-06,-0.204215,0,3.86716,1,1010,1010,1010,1010,0,0,0,0,3.87195,53,-6.11297e-05,0.00112651,56,-0.00182208,-0.0171321,56,0.00275503,0.000866091,1,0,0,0,0,0,1,0,0,52,-0.00468086,0.00205188,56,-0.00159816,0.0026892,56,-0.00499454,0.00198651
6044394304026,6044383432000,6044383432000,6044394288433,73729,10.8564,6044404609286,21.1773,0,37810,145669,0,0,1,0,0,0.012001,332,332,332,1,2.35555,2.58081,0.458929,0.225668,0.0108795,-0.00757599,5.48047e-06,-1.59642e-05,-0.000930645,0.00214688,1,-0.00133024,-0.000456668,0.000456668,-0.00133024,1,1,0.000235831,-0.00133934,0.000220836,9.10278e-06,0,0,0,0,0,0,0,0,0,0,0,0,0,0,0,0,0,0,0,0,0,0,0,255,0.21,0.551949,0.21,0.130673,0.252718,1,1,1,1,0,1,1,-0.638361,-3.03441,0.109415,-0.00493192,0.00572976,-0.000600992,14.4528,36456,1,367,161.871,9114,0,0.000884653,0.00198981,0.00166428,0,0,0,1,332,0.215,4.62125e-06,-1.35735e-05,-2.9183e-06,-9.9357e-07,-3.05836e-06,-3.79929e-07,0.049125,0.151221,0.0177959,-0.0198618,-0.204608,0.00131286,3.9142e-05,0.000290608,14.2658,0,0,0,0,0,0,-1,1,-9.04615e-07,-3.41771e-06,-0.204215,0,14.6684,1,1010,1010,1010,1010,0,0,0,0,14.6732,56,-0.000490537,-0.00621874,56,-0.00303849,0.00224898,56,0.00010677,0.000162466,3,0.0114294,-0.00335414,0,0,0,1,0,0,48,0.0039616,-0.00134616,56,0.00230012,-0.00157273,56,0.00184171,-0.00198399
6044405095253,6044391436000,6044391436000,6044405082030,73729,13.646,6044414157337,22.7213,0,37810,145670,0,0,1,0,0,0.008004,335,335,335,1,2.61713,2.41431,0.488152,0.218446,0.00494385,-0.00656128,4.51073e-05,-1.55151e-05,0.00952426,-0.00800737,1,-0.00193842,-0.00563559,0.00563559,-0.00193842,1,1,0.00533366,-0.00186003,0.000301938,-7.83922e-05,0,0,0,0,0,0,0,0,0,0,0,0,0,0,0,0,0,0,0,0,0,0,0,255,0.2,1.1899,0.2,0.00604293,0.0078317,1,1,1,1,1,1,1,-0.638361,-3.03441,0.109415,-0.00493192,0.00572976,-0.000600992,23.9994,36456,1,367,171.418,9114,0,0.000884653,0.00198981,0.00166428,0,0,0,1,335,0.205,3.81886e-05,-1.31516e-05,-2.69607e-06,-7.82865e-06,-4.2272e-06,-7.1169e-06,0.0491207,0.151213,0.0177904,-0.0199229,-0.204637,0.000142557,-0.000321408,-0.000876309,9.32279,2,0,0,0,0,0,-1,1,-9.04615e-07,-3.41771e-06,-0.204215,0,24.2117,1,1010,1010,1010,1010,0,0,0,0,24.2165,56,-0.00171898,-0.00634991,56,0.015716,0.00363164,56,-0.00284493,-0.000753998,1,0,0,0,0,0,2,0,0,52,0.00238071,0.00280464,56,0.00604666,-0.00167162,56,0.00381087,-0.00183148
6044414726915,6044403410000,6044403410000,6044414708415,73729,11.2984,6044424796841,21.3868,0,37810,145671,0,0,1,0,0,0.011974,335,335,335,1,2.37178,2.54909,0.48217,0.215557,-0.0223389,0.0286255,-7.53044e-05,4.76185e-05,-0.00253063,0.0048063,1,0.00397682,0.00628899,-0.00628899,0.00397682,1,1,-0.00667488,0.00400948,0.000385884,-3.26504e-05,0,0,0,0,0,0,0,0,0,0,0,0,0,0,0,0,0,0,0,0,0,0,0,255,0.2,0.669153,0.2,-0.137702,-0.24963,1,1,1,1,0,1,1,-0.638361,-3.03441,0.109415,-0.00493192,0.00572976,-0.000600992,34.6422,36456,1,367,182.06,9114,0,0.000884653,0.00198981,0.00166428,0,0,0,1,335,0.205,-6.38454e-05,4.03611e-05,8.27403e-06,1.30883e-05,1.07545e-05,1.11331e-05,0.0491315,0.151225,0.0177904,-0.0199229,-0.204637,-0.000279492,-0.000133867,-0.00148929,19.9661,0,0,0,0,0,0,-1,1,-9.04615e-07,-3.41771e-06,-0.204215,0,34.8695,1,1010,1010,1010,1010,0,0,0,0,34.8743,56,-0.00751436,0.00457919,56,-0.0083574,0.00435695,56,-0.000872529,0.00502503,1,0,0,0,0,0,2,0,0,52,-0.00336785,0.00518071,56,-0.0045286,0.00169657,56,-0.0056681,0.00453662
6044425310048,6044411444000,6044411444000,6044425300196,73729,13.8562,6044434385226,22.9412,0,37810,145672,0,0,1,0,0,0.008034,332,332,332,1,2.60007,2.44235,0.551393,0.256391,0.00183105,0.0508575,4.12792e-05,0.000100613,0.0105715,-0.00859965,1,0.0125234,-0.00513806,0.00513806,0.0125234,1,1,0.00472683,0.012293,0.000411226,0.000230408,0,0,0,0,0,0,0,0,0,0,0,0,0,0,0,0,0,0,0,0,0,0,0,255,0.2,1.11534,0.2,-0.00776895,-0.0173145,1,1,1,1,0,1,1,-0.638361,-3.03441,0.109415,-0.00493192,0.00572976,-0.000600992,44.2297,36456,1,367,191.648,9114,0,0.000884653,0.00198981,0.00166428,0,0,0,1,332,0.205,3.49556e-05,8.53398e-05,1.74947e-05,-7.1659e-06,1.56725e-05,-1.05705e-05,0.0491472,0.151214,0.0177899,-0.0199769,-0.204659,-0.000557987,0.000944674,-0.00179521,9.36477,2,0,0,0,0,0,-1,1,-9.04615e-07,-3.41771e-06,-0.204215,0,44.4429,1,1010,1010,1010,1010,0,0,0,0,44.4477,56,0.00557981,0.0120007,56,0.0164327,0.0201098,56,-0.00303134,0.00495841,2,0,0,0,0,0,3,0.0143983,0.0286339,47,-0.00232046,0.015021,56,0.00236988,0.0170529,56,0.00538842,0.00981625
6044434892322,6044423424000,6044423424000,6044434875081,73729,11.4511,6044445568141,22.1441,0,37810,145673,0,0,1,0,0,0.01198,331,331,331,1,2.36589,2.95528,0.388763,0.21352,0.0117493,0.0209961,3.01162e-05,3.03434e-05,0.00589281,-0.00189391,1,0.00253284,-0.00251387,0.00251387,0.00253284,1,1,0.00221895,0.00266946,0.000294927,-0.000136625,0,0,0,0,0,0,0,0,0,0,0,0,0,0,0,0,0,0,0,0,0,0,0,255,0.2,0.567301,0.2,0.0025912,0.00186053,1,1,1,1,0,1,1,-0.637833,-3.03442,0.10916,-0.0040748,0.00516749,-0.000358306,4.58994,36457,1,367,202.825,9114,0,0.000884653,0.00198981,0.00166428,0,0,0,1,331,0.205,2.55478e-05,2.57322e-05,5.2751e-06,-5.23731e-06,4.10173e-06,-6.19933e-06,0.0491513,0.151208,0.0177903,-0.0200602,-0.204633,0.000725401,-0.000560161,-0.000387039,4.41927,1,0,0,0,0,0,-1,1,-9.04615e-07,-3.41771e-06,-0.20424,0,4.80803,1,1010,1010,1010,1010,0,0,0,0,4.8133,56,0.00603201,0.00205499,56,-0.0049357,0.00378839,56,0.00354637,0.00239983,1,0,0,0,0,0,2,0,0,48,0.00305291,-0.00119923,56,0.00212635,0.00327095,56,0.00377842,0.00432599
6044446050477,6044431437000,6044431437000,6044446035922,73729,14.5989,6044454823912,23.3869,0,37810,145674,0,0,1,0,0,0.008013,332,332,330,0.993976,2.33561,2.53417,0.461059,0.219372,0.0269623,-0.0601807,3.87274e-05,-0.000115315,-0.0090109,3.59047e-05,1,-0.0143909,-0.00483307,0.00483307,-0.0143909,1,1,0.00485002,-0.0138754,-1.69473e-05,-0.000515505,0,0,0,0,0,0,0,0,0,0,0,0,0,0,0,0,0,0,0,0,0,0,0,255,0.2,1.56925,0.2,0.00515953,-0.013324,1,1,1,1,0,1,1,-0.637833,-3.03442,0.10916,-0.0040748,0.00516749,-0.000358306,13.8517,36457,1,367,9.25538,9115,0,0.000884653,0.00161944,0.00121716,0,0,0,1,330,0.205,3.28187e-05,-9.78065e-05,-2.00503e-05,-6.72782e-06,-2.09925e-05,-2.51406e-06,0.0491303,0.151205,0.0177825,-0.0201571,-0.204599,0.00150315,-0.00211357,0.00125811,9.07845,1,0,0,0,0,0,-1,1,-9.04615e-07,-3.41771e-06,-0.20424,0,14.0657,1,1010,1010,1010,1010,0,0,0,0,14.0709,56,-0.00549563,-0.0165487,56,0.0113177,-0.0115352,56,0.00419647,-0.00954422,2,0,0,0,0,0,2,0,0,46,0.00442016,-0.0126501,56,0.0067091,-0.0140767,56,0.00358546,-0.0167916
6044455319693,6044443411000,6044443411000,6044455302619,73729,11.8916,6044465905696,22.4947,0,37810,145675,0,0,1,0,0,0.011974,335,334,334,1,2.32211,2.56257,0.446096,0.22252,0.0288086,-0.0734711,6.5758e-05,-0.000112231,-0.00174364,-0.00718374,1,-0.00937285,-0.00549173,0.00549173,-0.00937285,1,1,0.00603649,-0.00876455,-0.000544754,-0.000608303,0,0,0,0,0,0,0,0,0,0,0,0,0,0,0,0,0,0,0,0,0,0,0,255,0.2,0.70282,0.2,0.00426979,-0.00950034,1,1,1,1,1,1,1,-0.637833,-3.03442,0.10916,-0.0040748,0.00516749,-0.000358306,24.931,36457,1,367,20.3346,9115,0,0.000884653,0.00161944,0.00121716,0,0,0,1,334,0.205,5.57903e-05,-9.51529e-05,-1.95063e-05,-1.1437e-05,-2.14147e-05,-7.23587e-06,0.0491089,0.151198,0.017745,-0.0202528,-0.204566,0.000466641,-0.00249404,0.00216011,10.8699,1,0,0,0,0,0,-1,1,-9.04615e-07,-3.41771e-06,-0.20424,0,25.1486,1,1010,1010,1010,1010,0,0,0,0,25.1539,56,0.00822488,-0.0105716,55,0.00518128,-0.00539028,56,0.00285603,-0.0116287,1,0,0,0,0,0,2,0,0,52,0.00179092,-0.00855825,56,0.00561073,-0.0121351,56,0.00633349,-0.00916533
6044466457274,6044451445000,6044451445000,6044466441960,73729,14.997,6044475556230,24.1112,0,37810,145676,0,0,1,0,0,0.008034,327,326,326,1,2.6253,2.51876,0.48467,0.21552,-0.0154266,-0.0493011,-4.08061e-05,-9.72098e-05,-0.0101728,0.00143703,1,-0.0120998,0.00507917,-0.00507917,-0.0120998,1,1,-0.00423177,-0.0118274,-0.0008474,-0.00027239,0,0,0,0,0,0,0,0,0,0,0,0,0,0,0,0,0,0,0,0,0,0,0,255,0.2,1.68401,0.2,-0.00473716,-0.00929526,1,1,1,1,0,1,1,-0.637833,-3.03442,0.10916,-0.0040748,0.00516749,-0.000358306,34.5847,36457,1,367,29.9882,9115,0,0.000884653,0.00161944,0.00121716,0,0,0,1,326,0.205,-3.45824e-05,-8.2482e-05,-1.69088e-05,7.0894e-06,-1.51156e-05,1.03748e-05,0.0490937,0.151208,0.0176972,-0.02031,-0.204542,-0.00114198,-0.0011168,0.00186589,9.46959,1,0,0,0,0,0,-1,1,-9.04615e-07,-3.41771e-06,-0.20424,0,34.7963,1,1010,1010,1010,1010,0,0,0,0,34.8016,56,-0.00135329,-0.0122228,55,-0.0187634,-0.0173913,56,-0.00210133,-0.01283,1,0,0,0,0,0,2,0,0,44,0.000275466,-0.0145072,56,-0.00508817,-0.00970039,56,-0.0081189,-0.00655823
6044476104549,6044463411000,6044463411000,6044476088456,73729,12.6775,6044487735559,24.3246,0,37810,145677,0,0,1,0,0,0.011966,331,331,331,1,2.32657,2.51211,0.454967,0.216761,-0.032486,0.0207214,-3.46783e-05,2.56819e-05,0.00672724,0.00437685,1,0.00214624,0.00289807,-0.00289807,0.00214624,1,1,-0.00205525,0.00186492,-0.000842823,0.000281311,0,0,0,0,0,0,0,0,0,0,0,0,0,0,0,0,0,0,0,0,0,0,0,255,0.2,1.17297,0.2,-0.00517,0.00503136,1,1,1,1,0,1,1,-0.637833,-3.03442,0.10916,-0.0040748,0.00516749,-0.000358306,46.7586,36457,1,367,42.1623,9115,0,0.000884653,0.00161944,0.00121716,0,0,0,1,331,0.205,-2.94729e-05,2.17689e-05,4.46263e-06,6.04195e-06,5.59361e-06,5.00927e-06,0.0490993,0.151213,0.0176433,-0.0203626,-0.20454,-0.00282576,0.00115337,0.000503848,11.9687,1,0,0,0,0,0,-1,1,-9.04615e-07,-3.41771e-06,-0.204145,0,0.19989,1,1010,1010,1010,1010,0,0,0,0,0.203723,56,-0.00607203,0.00361333,56,0.0049652,0.00721278,56,-0.00802925,-0.00162186,1,0,0,0,0,0,2,0,0,48,-0.00406745,0.00619242,56,-0.00371508,0.00116812,56,-0.0035762,0.00116045
6044488207748,6044471439000,6044471439000,6044488197118,73729,16.7581,6044497227832,25.7888,0,37810,145678,0,0,1,0,0,0.008028,327,326,325,0.996933,2.6915,2.60417,0.40178,0.223038,-0.056778,0.0861969,-8.5464e-05,0.000159712,-0.00679935,-0.00218841,1,0.0198943,0.0106457,-0.0106457,0.0198943,1,1,-0.00980292,0.019613,-0.000842823,0.000281311,0,0,0,0,0,0,0,0,0,0,0,0,0,0,0,0,0,0,0,0,0,0,0,255,0.2,3.15189,0.2,-0.00981147,0.0182509,1,1,1,1,0,1,1,-0.636897,-3.03473,0.108907,0.000678448,0.00334082,-0.000305857,9.48125,36458,1,367,51.6577,9115,0,0.000884653,0.00161944,0.00121716,0,0,0,1,325,0.205,-7.24856e-05,0.000135438,2.77649e-05,1.48596e-05,3.0193e-05,8.91026e-06,0.0491295,0.151222,0.0176433,-0.0203626,-0.20454,-0.00282576,0.00115337,0.000503848,21.4668,0,0,0,0,0,0,-1,1,-9.04615e-07,-3.41771e-06,-0.204145,0,9.69068,1,1010,1010,1010,1010,0,0,0,0,9.69451,56,-0.0101289,0.0260907,54,-0.00745327,0.0143523,56,-0.0104748,0.0236254,1,0,0,0,0,0,2,0,0,44,-0.0174803,0.0157778,56,-0.0190334,0.0233304,56,-0.0151817,0.0145894
6044497725188,6044483419000,6044483419000,6044497708058,73729,14.2891,6044508138856,24.7199,0,37810,145679,0,0,1,0,0,0.01198,331,331,331,1,2.35009,2.54348,0.518522,0.218557,-0.0391388,0.0639038,-5.2209e-05,0.000107648,0.0111206,-0.00611899,1,0.00898565,0.00435801,-0.00435801,0.00898565,1,1,-0.00421183,0.00861466,-0.000146179,0.000370993,0,0,0,0,0,0,0,0,0,0,0,0,0,0,0,0,0,0,0,0,0,0,0,255,0.2,2.53528,0.2,-0.00322954,0.00809444,1,1,1,1,0,1,1,-0.636897,-3.03473,0.108907,0.000678448,0.00334082,-0.000305857,20.3903,36458,1,367,62.5668,9115,0,0.000884653,0.00161944,0.00121716,0,0,0,1,331,0.205,-4.42619e-05,9.13414e-05,1.8725e-05,9.07369e-06,2.01703e-05,5.08133e-06,0.0491497,0.151227,0.0175872,-0.0204551,-0.204537,-0.00181993,0.00152107,-0.000976477,10.6716,2,0,0,0,0,0,-1,1,-9.04615e-07,-3.41771e-06,-0.204145,0,20.6365,1,1010,1010,1010,1010,0,0,0,0,20.6403,56,-0.00356744,0.00991405,56,-0.0122134,0.00785731,56,-0.00536885,0.00592611,2,0,0,0,0,0,2,0,0,47,-0.00275817,0.0118415,56,-0.00397594,0.0121474,56,-0.00208353,0.0120799
6044508647305,6044491449000,6044491449000,6044508633675,73729,17.1847,6044517972984,26.524,0,37810,145680,0,0,1,0,0,0.00803,331,331,331,1,2.70228,2.63628,0.453022,0.229724,0.0126648,0.058136,7.07202e-06,0.00010521,0.0012523,0.0129389,1,0.0131021,-0.0008807,0.0008807,0.0131021,1,1,0.0002161,0.0131476,0.000664599,-4.54368e-05,0,0,0,0,0,0,0,0,0,0,0,0,0,0,0,0,0,0,0,0,0,0,0,255,0.2,3.29825,0.2,0.00496703,0.0107235,1,1,1,1,1,1,1,-0.636897,-3.03473,0.108907,0.000678448,0.00334082,-0.000305857,30.226,36458,1,367,72.4025,9115,0,0.000884653,0.00161944,0.00121716,0,0,0,1,331,0.205,5.9713e-06,8.92057e-05,1.82872e-05,-1.22412e-06,1.76541e-05,-4.91193e-06,0.0491673,0.151223,0.0175879,-0.0205156,-0.204528,0.00132637,-0.000186291,-0.00111879,9.6524,1,0,0,0,0,0,-1,1,-9.04615e-07,-3.41771e-06,-0.204145,0,30.4376,1,1010,1010,1010,1010,0,0,0,0,30.4414,56,7.59139e-05,0.00993845,56,0.0106078,0.0143577,56,0.000103885,0.0157662,1,0,0,0,0,0,2,0,0,48,0.00113868,0.0118465,56,0.00288574,0.0122917,56,0.00368916,0.00935326
6044518526729,6044503412000,6044503412000,6044518507580,73729,15.0956,6044528889675,25.4777,0,37810,145681,0,0,1,0,0,0.011963,327,327,327,1,2.35194,2.60902,0.434244,0.221854,0.0580292,-0.00933838,0.000121928,-1.5139e-05,0.000243371,-0.00524389,1,-0.00126549,-0.0101921,0.0101921,-0.00126549,1,1,0.00943142,-0.0011277,0.000760636,-0.00013779,0,0,0,0,0,0,0,0,0,0,0,0,0,0,0,0,0,0,0,0,0,0,0,255,0.2,2.99463,0.2,0.0100322,-0.00288474,1,1,1,1,0,1,1,-0.636897,-3.03473,0.108907,0.000678448,0.00334082,-0.000305857,41.1419,36458,1,367,83.3184,9115,0,0.000884653,0.00161944,0.00121716,0,0,0,1,327,0.205,0.000103425,-1.28261e-05,-2.62934e-06,-2.12022e-05,-6.87183e-06,-2.02248e-05,0.0491605,0.151202,0.0175884,-0.0205607,-0.204515,0.0025535,-0.00056494,-0.000452088,10.7395,1,0,0,0,0,0,-1,1,-9.04615e-07,-3.41771e-06,-0.204145,0,41.3601,1,1010,1010,1010,1010,0,0,0,0,41.3639,56,0.00972177,0.001403,56,0.00655647,-0.000213493,56,0.0104556,-0.00317888,1,0,0,0,0,0,1,0,0,45,0.00905561,-0.00201964,56,0.0111962,-0.0012363,56,0.00684289,-0.000363064
6044529378363,6044523413000,6044523413000,6044529369660,73729,5.95666,6044540098071,16.6851,1,37811,145682,0,0,1,0,0,0.020001,330,330,330,1,2.60911,2.80721,0.457651,0.214835,0.0727005,-0.0454865,0.000136209,-7.91025e-05,0.00176307,0.00264465,1,-0.00395493,-0.00681012,0.00681012,-0.00395493,1,1,0.0067398,-0.00377819,7.03214e-05,-0.000176735,0,0,0,0,0,0,0,0,0,0,0,0,0,0,0,0,0,0,0,0,0,0,0,255,0.2,3.63293,0.2,0.00463823,-0.00352687,1,1,1,1,0,1,1,-0.636024,-3.03512,0.108655,0.00187467,0.00287841,-0.000429522,0.138742,36459,1,367,94.5189,9115,0,0.000884653,0.00161944,0.00121716,0,0,0,1,330,0.205,0.000115489,-6.71115e-05,-1.37579e-05,-2.36753e-05,-1.82666e-05,-2.03872e-05,0.0491422,0.151182,0.0175791,-0.0206082,-0.204476,0.00198889,-0.000724613,0.00136046,11.0069,1,0,0,0,0,0,-1,1,-9.04615e-07,-3.41771e-06,-0.204035,0,0.355687,1,1010,1010,1010,1010,0,0,0,0,0.359706,56,0.00568369,-0.00366458,56,0.0112008,-0.00394876,56,0.00620041,-0.00469678,2,0,0,0,0,0,1,0,0,47,0.00781862,-0.00425229,56,0.00643843,-0.0066448,56,0.00701954,-0.00327828
6044540567093,6044531426000,6044531426000,6044540552463,73729,9.12646,6044549503825,18.0778,0,37811,145683,0,0,1,0,0,0.008013,329,329,320,0.972644,2.32266,2.81922,0.444374,0.215706,-0.0070343,-0.012085,-3.25795e-06,-2.95216e-05,-0.00477102,-0.00347255,1,-0.00368421,0.000406583,-0.000406583,-0.00368421,1,1,0.000233092,-0.00356371,-0.000639675,-0.000120496,0,0,0,0,0,0,0,0,0,0,0,0,0,0,0,0,0,0,0,0,0,0,0,255,0.2,4.7927,0.2,-0.00321262,-0.00214064,1,1,1,1,0,1,1,-0.636024,-3.03512,0.108655,0.00187467,0.00287841,-0.000429522,9.56042,36459,1,367,103.941,9115,0,0.000884653,0.00161944,0.00121716,0,0,0,1,320,0.205,-2.72388e-06,-2.5e-05,-5.125e-06,5.58396e-07,-4.90408e-06,1.58689e-06,0.0491373,0.151183,0.0175725,-0.0206334,-0.204423,0.00142548,-0.000494034,0.00323852,9.38299,1,0,0,0,0,0,-1,1,-9.04615e-07,-3.41771e-06,-0.204035,0,9.77285,1,1010,1010,1010,1010,0,0,0,0,9.77687,56,-0.00287002,-0.00609732,56,-0.00659401,-0.00461759,47,-0.00238413,-0.00497975,1,0,0,0,0,0,2,0,0,46,-0.00376393,0.00399838,56,0.00083065,0.00130697,56,-0.00216852,-0.00334135
6044549992199,6044543404000,6044543404000,6044549981291,73729,6.57729,6044559866919,16.4629,0,37811,145684,0,0,1,0,0,0.011978,330,330,330,1,2.58837,2.8828,0.385373,0.222261,-0.0232239,-0.0140533,-6.24039e-05,-1.97712e-05,-0.00468162,0.000943784,1,-0.00165063,0.00520988,-0.00520988,-0.00165063,1,1,-0.0040065,-0.00157427,-0.00120338,-7.63517e-05,0,0,0,0,0,0,0,0,0,0,0,0,0,0,0,0,0,0,0,0,0,0,0,255,0.21,4.01957,0.21,0.107022,0.197733,1,1,1,1,0,1,1,-0.636024,-3.03512,0.108655,0.00187467,0.00287841,-0.000429522,19.9205,36459,1,367,114.301,9115,0,0.000884653,0.00161944,0.00121716,0,0,0,1,330,0.215,-5.29064e-05,-1.67734e-05,-3.60629e-06,1.13749e-05,-1.22639e-06,1.1869e-05,0.0491361,0.151195,0.0175472,-0.0206581,-0.204366,0.000490203,-0.000328312,0.00453179,10.1709,1,0,0,0,0,0,-1,1,-9.04615e-07,-3.41771e-06,-0.204035,0,20.1564,1,1010,1010,1010,1010,0,0,0,0,20.1604,56,-0.00555601,-0.000284009,56,-0.00212739,0.000562942,56,-0.00502318,-0.000287187,3,-0.00801137,-0.00255287,0,0,0,2,0,0,45,-0.00338508,-0.00541999,56,-0.004338,-0.00223325,56,-0.00509144,-0.00156946
6044560374312,6044551432000,6044551432000,6044560358941,73729,8.92694,6044569252451,17.8205,0,37811,145685,0,0,1,0,0,0.008028,329,329,329,1,2.31783,2.86271,0.429966,0.214779,-0.039978,0.0129395,-5.59342e-05,2.7499e-05,-0.00431127,-0.00497571,1,0.00342539,0.00696739,-0.00696739,0.00342539,1,1,-0.00550952,0.00346773,-0.00145787,-4.23412e-05,0,0,0,0,0,0,0,0,0,0,0,0,0,0,0,0,0,0,0,0,0,0,0,255,0.21,4.28579,0.21,0.0475937,0.0920836,1,1,1,1,1,1,1,-0.636024,-3.03512,0.108655,0.00187467,0.00287841,-0.000429522,29.3076,36459,1,367,123.688,9115,0,0.000884653,0.00161944,0.00121716,0,0,0,1,329,0.215,-4.74614e-05,2.33085e-05,5.01133e-06,1.02042e-05,6.97258e-06,8.97454e-06,0.0491431,0.151204,0.0175196,-0.0206716,-0.204323,-0.000747872,-0.000182067,0.00441677,9.19548,1,0,0,0,0,0,-1,1,-9.04615e-07,-3.41771e-06,-0.204035,0,29.5183,1,1010,1010,1010,1010,0,0,0,0,29.5223,56,-0.00661705,0.00308876,56,0.00626446,0.00208511,56,-0.00797245,-5.20246e-05,1,0,0,0,0,0,1,0,0,47,-0.0133634,0.011504,56,-0.0129532,0.001582,56,-0.0100524,0.000876582
6044569798492,6044563400000,6044563400000,6044569783917,73729,6.38392,6044580517329,17.1173,0,37811,145686,0,0,1,0,0,0.011968,333,333,333,1,2.62356,2.991,0.445558,0.215409,-0.038559,0.00390625,-5.39634e-05,5.94499e-06,0.00298762,0.00129414,1,0.000496741,0.00450898,-0.00450898,0.000496741,1,1,-0.00347286,0.000601157,-0.00103611,-0.000104416,0,0,0,0,0,0,0,0,0,0,0,0,0,0,0,0,0,0,0,0,0,0,0,255,0.21,3.57275,0.21,-0.00494972,0.000828395,1,1,1,1,0,1,1,-0.636024,-3.03512,0.108655,0.00187467,0.00287841,-0.000429522,40.5766,36459,1,367,134.957,9115,0,0.000884653,0.00161944,0.00121716,0,0,0,1,333,0.215,-4.579e-05,5.05571e-06,1.08698e-06,9.84484e-06,3.05776e-06,9.41884e-06,0.0491461,0.151214,0.0174967,-0.0206981,-0.204308,-0.000980045,-0.000448991,0.00278019,11.0757,1,0,0,0,0,0,-1,1,-9.04615e-07,-3.41771e-06,-0.204035,0,40.8034,1,1010,1010,1010,1010,0,0,0,0,40.8074,56,-0.00539816,0.00297579,56,-0.000192314,-0.00187724,56,-0.00754761,-0.0018608,2,0,0,0,0,0,2,0,0,49,-0.00676552,0.00112939,56,-0.00457761,0.00104505,56,-0.00629974,-0.0009671
6044581039129,6044571428000,6044571428000,6044581023759,73729,9.59576,6044590059065,18.6311,0,37811,145687,0,0,1,0,0,0.008028,328,328,328,1,2.34885,2.79441,0.478078,0.22215,-0.0211258,0.00705719,-5.24264e-05,1.14298e-06,0.00678859,0.00895388,1,0.000142374,0.00653044,-0.00653044,0.000142374,1,1,-0.00631679,0.000351464,-0.000213651,-0.00020909,0,0,0,0,0,0,0,0,0,0,0,0,0,0,0,0,0,0,0,0,0,0,0,255,0.21,4.68822,0.21,-0.00449821,0.00201547,1,1,1,1,0,1,1,-0.636024,-3.03512,0.108655,0.00187467,0.00287841,-0.000429522,50.1075,36459,1,367,144.488,9115,0,0.000884653,0.00161944,0.00121716,0,0,0,1,328,0.215,-4.44978e-05,9.67274e-07,2.07964e-07,9.56704e-06,2.14115e-06,9.3251e-06,0.0491482,0.151223,0.0174793,-0.0207058,-0.204328,-0.00120319,-0.000899086,-0.000227594,9.34533,1,0,0,0,0,0,-1,1,-9.04615e-07,-3.41771e-06,-0.204,0,0.195686,1,1010,1010,1010,1010,0,0,0,0,0.199519,56,-0.00625267,0.00254325,56,-0.010077,-0.00899873,56,-0.00281353,0.00986383,0,0,0,0,0,0,2,0,0,46,-0.00160004,-0.0036615,56,-0.00594304,-0.000774786,56,-0.00441685,0.00064798
6044590539365,6044579441000,6044579441000,6044590523902,73729,11.0829,6044599168502,19.7275,0,37811,145688,0,0,1,0,0,0.008013,328,328,328,1,2.6208,2.81459,0.39367,0.217353,0.0122604,0.0405884,3.18961e-05,6.98297e-05,0.00488293,0.0176122,1,0.00871455,-0.00398055,0.00398055,0.00871455,1,1,0.00281438,0.00869761,0.00116617,1.69369e-05,0,0,0,0,0,0,0,0,0,0,0,0,0,0,0,0,0,0,0,0,0,0,0,255,0.2,4.03394,0.2,-0.0610057,-0.105238,1,1,1,2,0,1,1,-0.635055,-3.03554,0.108444,0.00513983,0.000931473,-3.94371e-05,9.11097,36460,1,367,153.614,9115,0,0.000884653,0.00161944,0.00121716,0,0,0,1,328,0.205,2.70254e-05,5.91642e-05,1.21287e-05,-5.5402e-06,1.07513e-05,-7.88564e-06,0.049159,0.151215,0.0174692,-0.0207205,-0.204386,-0.000146002,6.94413e-05,-0.00394185,8.91914,1,0,0,0,0,0,-1,1,-9.04615e-07,-3.41771e-06,-0.204,0,9.31403,1,1010,1010,1010,1010,0,0,0,0,9.31786,56,0.000654535,0.00495697,56,0.00512307,0.0171235,56,0.00553768,0.00756821,1,0,0,0,0,0,2,0,0,45,0.00671897,0.00623597,56,0.00276662,0.00507016,56,-0.0019773,0.00791352
6044599672654,6044591428000,6044591428000,6044599656432,73729,8.22843,6044609162760,17.7348,0,37811,145689,0,0,1,0,0,0.011987,331,331,331,1,2.32689,2.82902,0.374021,0.219798,0.0243835,0.027832,6.15384e-05,4.40665e-05,0.00577806,-0.00226414,1,0.00367619,-0.00513376,0.00513376,0.00367619,1,1,0.00292063,0.00362904,0.00221313,4.715e-05,0,0,0,0,0,0,0,0,0,0,0,0,0,0,0,0,0,0,0,0,0,0,0,255,0.2,3.03058,0.2,-0.0926063,-0.168841,1,1,1,1,0,1,1,-0.635055,-3.03554,0.108444,0.00513983,0.000931473,-3.94371e-05,19.0918,36460,1,367,163.595,9115,0,0.000884653,0.00161944,0.00121716,0,0,0,1,331,0.205,5.22091e-05,3.73984e-05,7.66667e-06,-1.07029e-05,5.33644e-06,-1.20354e-05,0.0491643,0.151203,0.017464,-0.0207421,-0.204457,0.000685639,0.000193315,-0.00671056,9.77078,1,0,0,0,0,0,-1,1,-9.04615e-07,-3.41771e-06,-0.204,0,19.3073,1,1010,1010,1010,1010,0,0,0,0,19.3111,56,0.00704884,0.00551898,56,-0.00073511,0.00244792,56,0.00339811,0.00421337,3,0.0112663,0.00855983,0,0,0,2,0,0,46,0.00486111,0.0040575,56,0.00462704,0.0031225,56,0.00561478,0.00450599
6044609646819,6044599444000,6044599444000,6044609632505,73729,10.1885,6044619936172,20.4922,0,37811,145690,0,0,1,0,0,0.008016,336,336,336,1,2.61802,2.83369,0.487726,0.221409,0.0280685,0.0664978,5.4561e-05,0.000111953,0.00722133,0.00927641,1,0.0139662,-0.00680651,0.00680651,0.0139662,1,1,0.00441487,0.0139853,0.00239164,-1.91822e-05,0,0,0,0,0,0,0,0,0,0,0,0,0,0,0,0,0,0,0,0,0,0,0,255,0.2,2.85574,0.2,0.00530848,0.0126489,1,1,1,1,0,1,1,-0.635055,-3.03554,0.108444,0.00513983,0.000931473,-3.94371e-05,29.8653,36460,1,367,174.368,9115,0,0.000884653,0.00161944,0.00121716,0,0,0,1,336,0.205,4.62454e-05,9.49184e-05,1.94583e-05,-9.48031e-06,1.7127e-05,-1.32329e-05,0.0491815,0.15119,0.0174501,-0.0207629,-0.204511,0.000786256,-7.86469e-05,-0.00721559,10.5888,1,0,0,0,0,0,-1,1,-9.04615e-07,-3.41771e-06,-0.204,0,30.0953,1,1010,1010,1010,1010,0,0,0,0,30.0991,56,0.00429965,0.0133508,56,0.0152782,0.0150502,56,0.00474961,0.0106974,2,0,0,0,0,0,2,0,0,52,0.0108058,0.0171,56,0.00856743,0.0157945,56,0.00461722,0.0137976
6044620437676,6044611427000,6044611427000,6044620421991,73729,8.99499,6044631415589,19.9886,0,37811,145691,0,0,1,0,0,0.011983,335,335,335,1,2.32755,3.44958,0.40167,0.216687,0.00933838,0.0957947,2.44467e-05,0.000171775,0.0045135,0.000785756,1,0.0143349,-0.00204012,0.00204012,0.0143349,1,1,0.000258375,0.014287,0.00178174,4.79208e-05,0,0,0,0,0,0,0,0,0,0,0,0,0,0,0,0,0,0,0,0,0,0,0,255,0.2,3.51973,0.2,0.00162058,0.0125208,1,1,1,1,1,1,1,-0.635055,-3.03554,0.108444,0.00513983,0.000931473,-3.94371e-05,41.3418,36460,1,367,185.845,9115,0,0.000884653,0.00161944,0.00121716,0,0,0,1,335,0.205,2.07687e-05,0.000145714,2.98715e-05,-4.25759e-06,2.83792e-05,-1.02349e-05,0.0492098,0.15118,0.0174314,-0.020774,-0.204551,0.000189846,0.000196475,-0.00569224,11.2885,1,0,0,0,0,0,-1,1,-9.04615e-07,-3.41771e-06,-0.204,0,41.5639,1,1010,1010,1010,1010,0,0,0,0,41.5677,56,0.00631119,0.0158736,56,0.00257384,0.00565399,56,-0.00155252,0.015844,2,0,0,0,0,0,2,0,0,51,0.000584574,0.0156083,56,0.00179177,0.0148304,56,0.00350153,0.0176442
6044631963168,6044619447000,6044619447000,6044631947686,73729,12.5007,6044641379570,21.9326,0,37811,145692,0,0,1,0,0,0.00802,331,331,331,1,2.71294,2.87996,0.429096,0.217187,0.0122375,0.0915527,6.36229e-06,0.000171529,-0.0024511,-0.00254365,1,0.0213877,-0.000793303,0.000793303,0.0213877,1,1,0.000285838,0.0215141,0.000507466,-0.00012642,0,0,0,0,0,0,0,0,0,0,0,0,0,0,0,0,0,0,0,0,0,0,0,255,0.21,4.89059,0.21,0.0601071,0.117828,1,1,1,1,0,1,1,-0.633787,-3.03624,0.108351,0.0077372,-0.000854075,-7.8249e-05,0.877507,36461,1,367,195.804,9115,0,0.000884653,0.00161944,0.00121716,0,0,0,1,331,0.215,5.40451e-06,0.000145496,3.12816e-05,-1.16197e-06,3.03875e-05,-7.48924e-06,0.0492402,0.151172,0.0174413,-0.0208386,-0.204512,0.00134039,-0.000543606,-0.000673373,0.706154,2,0,0,0,0,0,-1,1,-9.04615e-07,-3.41771e-06,-0.204126,0,1.08803,1,1010,1010,1010,1010,0,0,0,0,1.09193,56,0.00480725,0.021055,56,0.00247606,0.0174346,56,-0.00280923,0.0219482,1,0,0,0,0,0,2,0,0,48,0.00348132,0.018914,56,0.00213638,0.0248187,56,0.00223795,0.0246013
6044641867944,6044631425000,6044631425000,6044641858129,73729,10.4331,6044652500077,21.0751,0,37811,145693,0,0,1,0,0,0.011978,328,328,328,1,2.61585,2.76626,0.442003,0.219761,0.0251312,0.0526352,4.15745e-05,0.000109478,0.00258063,0.00826616,1,0.00913989,-0.00347091,0.00347091,0.00913989,1,1,0.00332997,0.00950658,0.000140939,-0.000366693,0,0,0,0,0,0,0,0,0,0,0,0,0,0,0,0,0,0,0,0,0,0,0,255,0.2,4.4125,0.2,0.0546074,0.092294,1,1,1,1,0,1,1,-0.633787,-3.03624,0.108351,0.0077372,-0.000854075,-7.8249e-05,12.0288,36461,1,367,206.955,9115,0,0.000884653,0.00161944,0.00121716,0,0,0,1,328,0.205,3.5239e-05,9.27784e-05,1.90196e-05,-7.22399e-06,1.71548e-05,-1.09347e-05,0.0492574,0.151161,0.0174413,-0.0208386,-0.204512,0.00184768,-0.00150344,0.00101586,11.8303,0,0,0,0,0,0,-1,1,-9.04615e-07,-3.41771e-06,-0.204126,0,12.2492,1,1010,1010,1010,1010,0,0,0,0,12.2531,56,0.00340394,0.00628417,56,0.00449682,0.0140836,56,0.00591633,0.00598716,1,0,0,0,0,0,3,-0.00764253,0.0748442,44,0.00733217,0.00767251,56,0.00369886,0.00662668,56,0.00238784,0.00726657
6044653052599,6044639452000,6044639452000,6044653034506,73729,13.5825,6044663452379,24.0004,0,37811,145694,0,0,1,0,0,0.008027,332,332,332,1,2.64122,2.43874,0.508004,0.221557,-0.000343323,0.039032,-1.04009e-05,8.68703e-05,-0.0153139,-0.00521295,1,0.0108223,0.00129574,-0.00129574,0.0108223,1,1,-0.000818519,0.0114055,-0.000477223,-0.000583246,0,0,0,0,0,0,0,0,0,0,0,0,0,0,0,0,0,0,0,0,0,0,0,255,0.2,5.60104,0.2,-0.139702,-0.215773,1,1,1,1,0,1,1,-0.633787,-3.03624,0.108351,0.0077372,-0.000854075,-7.8249e-05,22.9804,36461,1,367,10.9347,9116,0,0.000884653,0.0023603,0.0024302,0,0,0,1,332,0.205,-8.78544e-06,7.36708e-05,1.51025e-05,1.80102e-06,1.51497e-05,-1.30267e-06,0.0492725,0.15116,0.0174327,-0.0208656,-0.204481,0.00162101,-0.00239131,0.00286209,10.7381,1,0,0,0,0,0,-1,1,-9.04615e-07,-3.41771e-06,-0.204126,0,23.1932,1,1010,1010,1010,1010,0,0,0,0,23.1971,56,-0.00175599,0.00502835,56,0.000834186,0.0119634,56,-0.00148666,0.0101709,0,0,0,0,0,0,4,0.000137333,-0.0546659,48,-0.00408564,0.00974466,56,-0.00551068,0.0118137,56,0.00200646,0.0120842
6044663942382,6044651427000,6044651427000,6044663931105,73729,12.5041,6044674295014,22.868,0,37811,145695,0,0,1,0,0,0.011975,330,329,329,1,2.59256,2.5343,0.429688,0.217039,-0.0106201,0.0752258,-1.24668e-05,0.000129919,0.00415657,0.00230728,1,0.0108492,0.00104107,-0.00104107,0.0108492,1,1,-0.000314686,0.0111751,-0.000726386,-0.000325901,0,0,0,0,0,0,0,0,0,0,0,0,0,0,0,0,0,0,0,0,0,0,0,255,0.2,6.05151,0.2,-0.0032281,0.0120534,1,1,1,1,0,1,1,-0.633787,-3.03624,0.108351,0.0077372,-0.000854075,-7.8249e-05,33.7992,36461,1,367,21.7534,9116,0,0.000884653,0.0023603,0.0024302,0,0,0,1,329,0.205,-1.05913e-05,0.000110203,2.25916e-05,2.17121e-06,2.25562e-05,-2.46012e-06,0.0492951,0.151157,0.0174213,-0.0208659,-0.204459,0.000562779,-0.00133619,0.00283277,10.6239,1,0,0,0,0,0,-1,1,-9.04615e-07,-3.41771e-06,-0.204126,0,34.025,1,1010,1010,1010,1010,0,0,0,0,34.0289,56,0.00176532,0.0139678,55,0.000536932,0.00289071,56,-0.00180747,0.012861,2,0,0,0,0,0,4,0.0129088,0.0132147,44,9.97715e-06,0.014745,56,-0.0016963,0.00969108,56,-0.00348893,0.011088
6044674839332,6044659450000,6044659450000,6044674821573,73729,15.3716,6044683852805,24.4028,0,37811,145696,0,0,1,0,0,0.008023,329,329,329,1,2.6035,2.52667,0.476874,0.215612,-0.00946045,0.110229,-1.8269e-05,0.000188422,0.00417717,0.0118889,1,0.0234852,0.00227708,-0.00227708,0.0234852,1,1,-0.00246008,0.0234971,0.000183006,-1.18682e-05,0,0,0,0,0,0,0,0,0,0,0,0,0,0,0,0,0,0,0,0,0,0,0,255,0.2,7.108,0.2,-0.00385896,0.0234601,1,1,1,1,1,1,1,-0.633787,-3.03624,0.108351,0.0077372,-0.000854075,-7.8249e-05,43.3807,36461,1,367,31.3354,9116,0,0.000884653,0.0023603,0.0024302,0,0,0,1,329,0.205,-1.55018e-05,0.00015977,3.27528e-05,3.17787e-06,3.27074e-05,-3.53881e-06,0.0493278,0.151154,0.0174052,-0.0208798,-0.204509,0.000123125,-4.86598e-05,-0.000501761,7.92013,2,0,0,0,0,0,-1,1,-9.04615e-07,-3.41771e-06,-0.204126,0,43.629,1,1010,1010,1010,1010,0,0,0,0,43.6329,56,-0.0019199,0.0271975,56,-0.0116699,0.0209728,56,0.00305666,0.0230358,2,0,0,0,0,0,2,0,0,45,0.00186371,0.0225327,56,-0.0013167,0.0212287,56,-0.00578325,0.0251105
6044684496106,6044671431000,6044671431000,6044684475347,73729,13.0443,6044695129240,23.6982,0,37811,145697,0,0,1,0,0,0.011981,327,327,327,1,2.62067,2.88778,0.450856,0.214372,-0.0223236,0.114227,-3.20076e-05,0.000220887,0.0039852,0.00125031,1,0.0184364,0.00267153,-0.00267153,0.0184364,1,1,-0.00413926,0.0186905,0.00146773,-0.00025408,0,0,0,0,0,0,0,0,0,0,0,0,0,0,0,0,0,0,0,0,0,0,0,255,0.21,6.7066,0.21,0.0598297,0.112588,1,1,1,1,0,1,1,-0.632507,-3.03691,0.108333,0.0141752,-0.00206675,0.00012609,4.18936,36462,1,367,42.5848,9116,0,0.000884653,0.0023603,0.0024302,0,0,0,1,327,0.215,-2.72415e-05,0.000187284,4.02661e-05,5.85692e-06,4.06055e-05,-2.44389e-06,0.0493684,0.151152,0.0174117,-0.0208883,-0.204573,0.000274417,-0.00109255,-0.00482946,4.01546,1,0,0,0,0,0,-1,1,-9.04615e-07,-3.41771e-06,-0.204188,0,4.40051,1,1010,1010,1010,1010,0,0,0,0,4.40577,56,-0.00851252,0.0173603,56,0.00838762,0.0179878,56,-0.00597585,0.0181293,1,0,0,0,0,0,3,-0.0156703,0.00851058,43,-0.00257677,0.0164557,56,-0.00176341,0.0173479,56,-0.00139948,0.0176378
6044695642762,6044679448000,6044679448000,6044695626095,73729,16.1781,6044704651272,25.2033,0,37811,145698,0,0,1,0,0,0.008017,329,329,329,1,2.57674,2.5837,0.488596,0.215224,-0.0202637,0.131256,-2.2908e-05,0.0002292,0.010202,-0.00398857,1,0.0285893,0.00285742,-0.00285742,0.0285893,1,1,-0.0050692,0.0286997,0.00221178,-0.000110482,0,0,0,0,0,0,0,0,0,0,0,0,0,0,0,0,0,0,0,0,0,0,0,255,0.21,7.70169,0.21,0.132757,0.251464,1,1,1,1,0,1,1,-0.632507,-3.03691,0.108333,0.0141752,-0.00206675,0.00012609,13.714,36462,1,367,52.1094,9116,0,0.000884653,0.0023603,0.0024302,0,0,0,1,329,0.215,-1.93948e-05,0.000194382,4.17921e-05,4.16989e-06,4.17568e-05,-4.40931e-06,0.0494102,0.151147,0.0174036,-0.0208814,-0.204663,0.000245162,-0.000475075,-0.00741239,9.32335,1,0,0,0,0,0,-1,1,-9.04615e-07,-3.41771e-06,-0.204188,0,13.9247,1,1010,1010,1010,1010,0,0,0,0,13.93,56,-0.00357862,0.0324732,56,-0.0233452,0.0203872,56,0.000697416,0.0323205,0,0,0,0,0,0,1,0,0,48,-0.000260155,0.0246696,56,-0.00321938,0.0313613,56,0.000158348,0.0340261
6044705180702,6044691428000,6044691428000,6044705167702,73729,13.7397,6044715493536,24.0655,0,37811,145699,0,0,1,0,0,0.01198,327,327,327,1,2.59281,2.54535,0.445837,0.219631,-0.00241089,0.22049,-4.76364e-06,0.000395675,0.00410554,0.00740464,1,0.033028,0.000397633,-0.000397633,0.033028,1,1,-0.0027173,0.0331438,0.00231967,-0.000115872,0,0,0,0,0,0,0,0,0,0,0,0,0,0,0,0,0,0,0,0,0,0,0,255,0.2,7.10755,0.2,-0.0560608,-0.0617119,1,1,1,1,0,1,1,-0.632507,-3.03691,0.108333,0.0141752,-0.00206675,0.00012609,24.5664,36462,1,367,62.9622,9116,0,0.000884653,0.0023603,0.0024302,0,0,0,1,327,0.205,-4.04132e-06,0.000335558,6.87895e-05,8.2847e-07,6.75072e-05,-1.31664e-05,0.0494777,0.151134,0.0174036,-0.0208814,-0.204663,0.000245162,-0.000475075,-0.00741239,20.1694,0,0,0,0,0,0,-1,1,-9.04615e-07,-3.41771e-06,-0.204188,0,24.784,1,1010,1010,1010,1010,0,0,0,0,24.7892,56,0.006411,0.0343992,56,-0.000434257,0.0278827,56,-0.000129801,0.034774,1,0,0,0,0,0,3,0.0101297,0.0466409,43,0.00104743,0.0347726,56,-0.000764715,0.0324962,56,-0.00254004,0.0348928
6044716048689,6044699442000,6044699442000,6044716036374,73729,16.5944,6044725079773,25.6378,0,37811,145700,0,0,1,0,0,0.008014,336,336,336,1,2.55544,2.63272,0.396317,0.228409,-0.0257111,0.287552,-5.3713e-05,0.000524715,0.00970128,0.0155897,1,0.0654748,0.00670239,-0.00670239,0.0654748,1,1,-0.010321,0.0656127,0.00361864,-0.000137869,0,0,0,0,0,0,0,0,0,0,0,0,0,0,0,0,0,0,0,0,0,0,0,255,0.2,7.81841,0.2,-0.129255,-0.268488,1,1,1,1,0,1,1,-0.632507,-3.03691,0.108333,0.0141752,-0.00206675,0.00012609,34.1464,36462,1,367,72.5419,9116,0,0.000884653,0.0023603,0.0024302,0,0,0,1,336,0.205,-4.55849e-05,0.000444917,9.1208e-05,9.34491e-06,9.1178e-05,-9.40868e-06,0.0495688,0.151125,0.0174367,-0.020892,-0.204938,1.09259e-05,-0.000565264,-0.0118604,9.34822,2,0,0,0,0,0,-1,1,-9.04615e-07,-3.41771e-06,-0.204188,0,34.3599,1,1010,1010,1010,1010,0,0,0,0,34.3651,56,-0.0121227,0.0681363,56,-0.00578578,0.0515147,56,-0.000424243,0.0650775,1,0,0,0,0,0,3,-0.0155348,0.0365497,52,-0.00425232,0.0674553,56,-0.00398314,0.0660352,56,-0.00872432,0.0690142
6044725660037,6044711422000,6044711422000,6044725648740,73729,14.2267,6044736277373,24.8554,0,37811,145701,0,0,1,0,0,0.01198,329,329,323,0.981763,2.60722,2.64765,0.473856,0.215353,0.0107727,0.333923,5.5371e-05,0.000636308,0.0177904,-0.00813257,1,0.0531142,-0.00462196,0.00462196,0.0531142,1,1,-0.00051804,0.053617,0.00513999,-0.000502836,0,0,0,0,0,0,0,0,0,0,0,0,0,0,0,0,0,0,0,0,0,0,0,255,0.2,7.29641,0.2,0.00268082,0.044921,1,1,1,1,1,1,1,-0.632507,-3.03691,0.108333,0.0141752,-0.00206675,0.00012609,45.338,36462,1,367,83.7334,9116,0,0.000884653,0.0023603,0.0024302,0,0,0,1,323,0.205,4.69671e-05,0.000539637,0.000110626,-9.62826e-06,0.000106326,-3.19512e-05,0.0496752,0.151093,0.0174577,-0.0208986,-0.205099,0.00238063,-0.00206163,-0.0149547,9.53046,1,0,0,0,0,0,-1,1,-9.04615e-07,-3.41771e-06,-0.204188,0,45.548,1,1010,1010,1010,1010,0,0,0,0,0.200316,53,0.00275086,0.049606,56,0.0011855,0.0459278,56,0.00159232,0.0522111,2,0,0,0,0,0,3,0.0191119,0.0493824,41,0.00524354,0.053336,56,0.00446047,0.0554514,56,0.00958908,0.0532194
6044736851081,6044719464000,6044719464000,6044736833229,73729,17.3692,6044746241113,26.7771,0,37811,145702,0,0,1,0,0,0.008042,333,333,333,1,2.65748,2.794,0.479466,0.216242,0.0646057,0.371796,0.000140069,0.000669008,0.0229248,0.0112845,1,0.0831893,-0.0174171,0.0174171,0.0831893,1,1,0.0113369,0.0835068,0.0060802,-0.000317556,0,0,0,0,0,0,0,0,0,0,0,0,0,0,0,0,0,0,0,0,0,0,0,255,0.2,8.33341,0.2,0.0147091,0.0728579,1,1,1,1,0,1,1,-0.630947,-3.0376,0.10839,0.0261846,-0.00631696,0.000685785,0.525986,36463,1,367,93.6946,9116,0,0.000884653,0.0023603,0.0024302,0,0,0,1,333,0.205,0.000118761,0.000567336,0.000116304,-2.4346e-05,0.000108874,-4.75589e-05,0.049784,0.151045,0.0175281,-0.0208873,-0.205497,0.00163774,-0.00130198,-0.0186329,0.32265,2,0,0,0,0,0,-1,1,-9.04615e-07,-3.41771e-06,-0.204908,0,0.735172,1,1010,1010,1010,1010,0,0,0,0,10.16,56,0.0190248,0.0886295,56,0.0169462,0.0738584,56,0.0199121,0.08871,1,0,0,0,0,0,3,0.0322178,0.119985,49,0.0154585,0.0861046,56,0.0145043,0.0856563,56,0.0147828,0.0823559
6044746751579,6044731427000,6044731427000,6044746735098,73729,15.3081,6044757451991,26.025,0,37811,145703,0,0,1,0,0,0.011963,330,330,330,1,2.58581,2.71708,0.478596,0.218539,0.0378876,0.466873,0.000109422,0.000863745,0.0151796,-0.00774957,1,0.0722014,-0.00914673,0.00914673,0.0722014,1,1,0.00256906,0.0724203,0.00657767,-0.000218929,0,0,0,0,0,0,0,0,0,0,0,0,0,0,0,0,0,0,0,0,0,0,0,255,0.2,8.10124,0.2,0.00553733,0.0626992,1,1,1,1,0,1,1,-0.630947,-3.0376,0.10839,0.0261846,-0.00631696,0.000685785,11.7414,36463,1,367,104.91,9116,0,0.000884653,0.0023603,0.0024302,0,0,0,1,330,0.205,9.27819e-05,0.000732482,0.000150159,-1.90203e-05,0.000143094,-4.92524e-05,0.0499271,0.150996,0.0175281,-0.0208873,-0.205497,0.00233188,-0.000897608,-0.0197092,11.5267,0,0,0,0,0,0,-1,1,-9.04615e-07,-3.41771e-06,-0.204908,0,11.9598,1,1010,1010,1010,1010,0,0,0,0,21.3847,56,-0.00145145,0.0770034,56,0.0200326,0.0689094,56,0.0110861,0.0722808,1,0,0,0,0,0,4,-0.0144714,0.0460725,45,0.00900482,0.0746924,56,0.0110891,0.072131,56,0.00776236,0.077219
6044757984587,6044751424000,6044751424000,6044757977198,73729,6.5532,6044768855722,17.4317,1,37812,145704,0,0,1,0,0,0.019997,325,325,324,0.996923,2.57178,2.90821,0.488615,0.219335,0.162735,1.36816,0.000333313,0.00249309,0.0175224,0.0058277,1,0.124673,-0.0166682,0.0166682,0.124673,1,1,0.00942537,0.124486,0.00724278,0.000187063,0,0,0,0,0,0,0,0,0,0,0,0,0,0,0,0,0,0,0,0,0,0,0,255,0.2,9.18166,0.2,0.0368272,0.150123,1,1,1,1,0,1,1,-0.630947,-3.0376,0.10839,0.0261846,-0.00631696,0.000685785,23.1448,36463,1,367,116.313,9116,0,0.000884653,0.0023603,0.0024302,0,0,0,1,324,0.205,0.000282735,0.00211417,0.000433404,-5.79608e-05,0.000412355,-0.00014525,0.0503395,0.150851,0.0175529,-0.0208527,-0.205727,0.00270013,0.000766958,-0.0215962,11.1961,1,0,0,0,0,0,-1,1,-9.04615e-07,-3.41771e-06,-0.204908,0,23.3481,1,1010,1010,1010,1010,0,0,0,0,32.7729,56,0.0180985,0.130204,55,0.0127042,0.117883,56,0.0183833,0.128635,1,0,0,0,0,0,2,0,0,42,0.0200744,0.124852,56,0.0176274,0.126157,56,0.0170943,0.12592
6044769357985,6044759436000,6044759436000,6044769342670,73729,9.90667,6044778773906,19.3379,0,37812,145705,0,0,1,0,0,0.008012,331,331,331,1,2.58672,3.02071,0.543967,0.21628,0.0651855,0.829025,0.00018522,0.00153536,0.0267065,-0.00630783,1,0.191633,-0.0231178,0.0231178,0.191633,1,1,0.0154781,0.191708,0.00763969,-7.48293e-05,0,0,0,0,0,0,0,0,0,0,0,0,0,0,0,0,0,0,0,0,0,0,0,255,0.2,0.275632,0.2,0.127338,0.422227,1,1,1,1,0,1,1,-0.630947,-3.0376,0.10839,0.0261846,-0.00631696,0.000685785,33.0646,36463,1,367,126.233,9116,0,0.000884653,0.0023603,0.0024302,0,0,0,1,331,0.205,0.000157022,0.00130203,0.000266915,-3.21895e-05,0.000254645,-8.60858e-05,0.0505941,0.150764,0.017592,-0.020825,-0.205979,0.00108589,-0.0003068,-0.0241895,9.73757,1,0,0,0,0,0,-1,1,-9.04615e-07,-3.41771e-06,-0.204908,0,33.2795,1,1010,1010,1010,1010,0,0,0,0,42.7043,56,0.0192538,0.19478,56,0.0269907,0.169945,56,0.0190876,0.197979,0,0,0,0,0,0,1,0,0,50,0.0178098,0.186639,56,0.0227228,0.192679,56,0.0198946,0.195014
6044779285132,6044771418000,6044771418000,6044779268224,73729,7.85022,6044789333372,17.9154,0,37812,145706,0,0,1,0,0,0.011982,329,329,329,1,2.57067,3.0175,0.448225,0.220242,0.0680084,1.00604,0.000197254,0.00187139,0.0300619,0.00872619,1,0.156184,-0.0164626,0.0164626,0.156184,1,1,0.00818931,0.156618,0.00827325,-0.000434549,0,0,0,0,0,0,0,0,0,0,0,0,0,0,0,0,0,0,0,0,0,0,0,255,0.2,0.042908,0.2,-0.126748,-0.127956,1,1,1,1,1,1,1,-0.630947,-3.0376,0.10839,0.0261846,-0.00631696,0.000685785,43.6214,36463,1,367,136.79,9116,0,0.000884653,0.0023603,0.0024302,0,0,0,1,329,0.205,0.000167221,0.00158694,0.000325322,-3.42803e-05,0.000311354,-0.000100152,0.0509055,0.150664,0.0176742,-0.0207793,-0.206226,0.00212645,-0.00178165,-0.0254351,10.3745,1,0,0,0,0,0,-1,1,-9.04615e-07,-3.41771e-06,-0.206063,0,0.194354,1,1010,1010,1010,1010,0,0,0,0,0.198761,56,0.00959222,0.157599,56,0.0233639,0.153775,56,0.0159481,0.152995,1,0,0,0,0,0,3,-0.0057348,0.159184,45,0.0159016,0.162773,56,0.0164411,0.149976,56,0.0171491,0.155758
6044789891394,6044779441000,6044779441000,6044789870542,73729,10.4295,6044797989287,18.5483,0,37812,145707,0,0,1,0,0,0.008023,329,329,329,1,2.6355,3.13591,0.506892,0.217094,0.110565,1.21985,0.000269412,0.00227167,0.032793,0.00241503,1,0.283144,-0.03358,0.03358,0.283144,1,1,0.0253067,0.283579,0.00827325,-0.000434549,0,0,0,0,0,0,0,0,0,0,0,0,0,0,0,0,0,0,0,0,0,0,0,255,0.2,0.429262,0.2,0.0260059,0.243127,1,1,1,0,0,1,1,-0.62913,-3.03813,0.108489,0.0486133,-0.0102295,0.00193697,8.64962,36464,1,367,145.453,9116,0,0.000884653,0.0023603,0.0024302,0,0,0,1,329,0.205,0.000228444,0.00192638,0.000394907,-4.6831e-05,0.000376885,-0.000126682,0.0512824,0.150538,0.0176742,-0.0207793,-0.206226,0.00212645,-0.00178165,-0.0254351,19.0272,0,0,0,0,0,0,-1,1,-9.04615e-07,-3.41771e-06,-0.206063,0,8.85206,1,1010,1010,1010,1010,0,0,0,0,8.85647,56,0.0372866,0.281675,56,0.0424008,0.271557,56,0.0274073,0.284222,2,0,0,0,0,0,2,0,0,45,0.0357433,0.288404,56,0.032051,0.288213,56,0.0283289,0.28024
6044798502161,6044787466000,6044787466000,6044798485494,73729,11.0195,6044808857033,21.391,0,37812,145708,0,0,1,0,0,0.008025,330,330,330,1,2.67363,2.92009,0.403077,0.221483,0.0766754,1.41553,0.000179297,0.00263802,0.0184554,-0.000509815,1,0.328726,-0.0223424,0.0223424,0.328726,1,1,0.0141702,0.328285,0.00817214,0.000440583,0,0,0,0,0,0,0,0,0,0,0,0,0,0,0,0,0,0,0,0,0,0,0,255,0.2,9.04003,0.2,0.0172042,0.283377,1,1,1,1,0,1,1,-0.62913,-3.03813,0.108489,0.0486133,-0.0102295,0.00193697,19.5125,36464,1,367,156.316,9116,0,0.000884653,0.0023603,0.0024302,0,0,0,1,330,0.205,0.000152057,0.00223696,0.000458576,-3.11716e-05,0.000442337,-0.00012459,0.0517247,0.150413,0.0178241,-0.0205976,-0.206678,0.0039429,0.00180639,-0.0236503,10.6414,2,0,0,0,0,0,-1,1,-9.04615e-07,-3.41771e-06,-0.206063,0,19.7219,1,1010,1010,1010,1010,0,0,0,0,19.7263,56,0.0195309,0.330851,56,0.0174127,0.317452,56,0.0259762,0.334064,2,0,0,0,0,0,4,0.0185869,0.316414,44,0.0280717,0.333444,56,0.0217283,0.330663,56,0.0172084,0.329448
6044809370740,6044799437000,6044799437000,6044809354203,73729,9.9172,6044819746816,20.3098,0,37812,145709,0,0,1,0,0,0.011971,332,332,332,1,2.59557,3.083,0.54956,0.216853,0.0869522,1.59308,0.000167183,0.00292817,0.0136516,0.0140636,1,0.244605,-0.0139656,0.0139656,0.244605,1,1,0.00585637,0.244479,0.00810928,0.000125932,0,0,0,0,0,0,0,0,0,0,0,0,0,0,0,0,0,0,0,0,0,0,0,255,0.2,-0.296206,0.2,0.0103106,0.209443,1,1,1,1,0,1,1,-0.62913,-3.03813,0.108489,0.0486133,-0.0102295,0.00193697,30.4018,36464,1,367,167.205,9116,0,0.000884653,0.0023603,0.0024302,0,0,0,1,332,0.205,0.000141773,0.00248296,0.000509007,-2.90634e-05,0.000492089,-0.000132973,0.0522168,0.15028,0.0179766,-0.0205818,-0.206881,0.00766435,0.000516321,-0.020467,10.7027,1,0,0,0,0,0,-1,1,-9.04615e-07,-3.41771e-06,-0.206063,0,30.6112,1,1010,1010,1010,1010,0,0,0,0,30.6156,56,0.0098254,0.248484,56,0.00459992,0.242275,56,0.0154624,0.250384,2,0,0,0,0,0,2,0,0,48,0.0131211,0.242809,56,0.0159853,0.244603,56,0.0167709,0.247379
6044820289264,6044807451000,6044807451000,6044820273079,73729,12.8221,6044832115758,24.6648,0,37812,145710,0,0,1,0,0,0.008014,333,332,332,1,2.56698,3.15065,0.476856,0.222668,0.11132,1.82887,0.000206418,0.0033798,0.0174703,0.00564333,1,0.421737,-0.0257572,0.0257572,0.421737,1,1,0.0171135,0.42082,0.00864376,0.000917365,0,0,0,0,0,0,0,0,0,0,0,0,0,0,0,0,0,0,0,0,0,0,0,255,0.2,0.486226,0.2,0.0207696,0.359145,1,1,1,1,0,1,1,-0.62913,-3.03813,0.108489,0.0486133,-0.0102295,0.00193697,42.7782,36464,1,367,179.582,9116,0,0.000884653,0.0023603,0.0024302,0,0,0,1,332,0.205,0.000175086,0.00286607,0.000587544,-3.58927e-05,0.0005675,-0.000155919,0.0527843,0.150124,0.0180486,-0.0204667,-0.207117,0.00932164,0.00376119,-0.0208942,12.166,1,0,0,0,0,0,-1,1,-9.04615e-07,-3.41771e-06,-0.206063,0,42.9872,1,1010,1010,1010,1010,0,0,0,0,42.9916,56,0.0308584,0.430988,56,0.0355405,0.40277,56,0.0323773,0.430571,0,0,0,0,0,0,5,-0.0294305,0.401936,47,0.0274524,0.423789,56,0.0307159,0.428836,56,0.0258412,0.424944
6044832587150,6044819440000,6044819440000,6044832572854,73729,13.1329,6044843530230,24.0902,0,37812,145711,0,0,1,0,0,0.011989,327,326,309,0.947853,2.63376,3.12682,0.460652,0.210391,0.0270691,2.17209,5.08424e-05,0.00404607,0.00893853,0.000791648,1,0.337482,-0.00424075,0.00424075,0.337482,1,1,-0.00485622,0.337599,0.00909697,-0.000117222,0,0,0,0,0,0,0,0,0,0,0,0,0,0,0,0,0,0,0,0,0,0,0,255,0.21,2.62517,0.21,-0.00117527,0.286195,1,1,1,1,1,1,1,-0.625503,-3.03902,0.108736,0.0883836,-0.0158053,0.0041765,2.14079,36465,1,367,190.983,9116,0,0.000884653,0.0023603,0.0024302,0,0,0,1,309,0.215,4.28512e-05,0.00343038,0.000737531,-9.213e-06,0.00071964,-0.00016103,0.0535039,0.149963,0.018227,-0.0205734,-0.207646,0.00664913,-0.000504057,-0.0259743,1.97994,2,0,0,0,0,0,-1,1,-9.04615e-07,-3.41771e-06,-0.207244,0,2.37561,1,1010,1010,1010,1010,0,0,0,0,2.37994,39,0.004942,0.340443,56,-0.00471981,0.335908,56,0.0112378,0.34411,0,0,0,0,0,0,4,0.0188843,0.349081,42,0.00699533,0.33386,56,0.00539343,0.338066,56,0.0017555,0.339359
6044844121271,6044827458000,6044827458000,6044844105290,73729,16.6473,6044853418432,25.9604,0,37812,145712,0,0,1,0,0,0.008018,332,328,325,0.990854,2.61231,2.87858,0.42854,0.220242,0.0737305,2.3293,0.000174927,0.00432855,0.0302089,0.00347118,1,0.539855,-0.0218168,0.0218168,0.539855,1,1,0.0116682,0.540952,0.0101486,-0.00109775,0,0,0,0,0,0,0,0,0,0,0,0,0,0,0,0,0,0,0,0,0,0,0,255,0.2,4.03142,0.2,0.194146,0.807689,1,1,1,1,0,1,1,-0.625503,-3.03902,0.108736,0.0883836,-0.0158053,0.0041765,12.0617,36465,1,367,9.91687,9117,0,0.000884653,0.00194105,0.00278613,0,0,0,1,325,0.205,0.00014824,0.00367024,0.000752399,-3.03892e-05,0.000729828,-0.000184814,0.0542338,0.149778,0.018227,-0.0205734,-0.207646,0.00775749,-0.00450076,-0.0270815,11.8641,0,0,0,0,0,0,-1,1,-9.04615e-07,-3.41771e-06,-0.207244,0,12.2734,1,1010,1010,1010,1010,0,0,0,0,12.2777,56,0.0133528,0.545856,54,0.019725,0.541405,56,0.0230419,0.54334,0,0,0,1,0,0,5,-0.00705522,0.548164,41,0.0218653,0.541752,56,0.0289532,0.543253,56,0.0211047,0.544078
6044853969954,6044839443000,6044839443000,6044853953325,73729,14.5103,6044864914886,25.4719,0,37812,145713,0,0,1,0,0,0.011985,334,331,331,1,2.63937,2.95932,0.517319,0.221705,0.0159607,2.66669,6.67918e-05,0.00494878,0.0148864,0.00725816,1,0.412915,-0.00557295,0.00557295,0.412915,1,1,-0.00195586,0.413499,0.00752881,-0.000584215,0,0,0,0,0,0,0,0,0,0,0,0,0,0,0,0,0,0,0,0,0,0,0,255,0.2,3.47841,0.2,-0.113832,0.156062,1,1,1,1,0,1,1,-0.625503,-3.03902,0.108736,0.0883836,-0.0158053,0.0041765,23.5311,36465,1,367,21.3863,9117,0,0.000884653,0.00194105,0.00278613,0,0,0,1,331,0.205,5.65387e-05,0.00419629,0.00086024,-1.15904e-05,0.00083917,-0.000188775,0.0550729,0.149589,0.0181732,-0.0205522,-0.207798,0.00294864,-0.00239528,-0.0223356,11.2746,1,0,0,0,0,0,-1,1,-9.04615e-07,-3.41771e-06,-0.207244,0,23.7426,1,1010,1010,1010,1010,0,0,0,0,23.747,56,-0.00419118,0.419321,56,-0.00849242,0.415241,56,0.0100153,0.417447,2,0,0,0,0,0,7,0.0119604,0.434425,42,0.000494444,0.411707,56,0.00778095,0.416668,56,0.00648452,0.414504
6044865445075,6044847457000,6044847457000,6044865429668,73729,17.9727,6044875006219,27.5492,0,37812,145714,0,0,1,0,0,0.008014,339,339,337,0.9941,2.6203,2.94893,0.519541,0.228576,-0.167755,3.00558,-0.000287848,0.0055545,0.00632826,0.0142365,1,0.6931,0.0359181,-0.0359181,0.6931,1,1,-0.0387779,0.694594,0.00285979,-0.00149379,0,0,0,0,0,0,0,0,0,0,0,0,0,0,0,0,0,0,0,0,0,0,0,255,0.2,5.05485,0.2,-0.051452,0.554978,1,1,1,1,0,1,1,-0.625503,-3.03902,0.108736,0.0883836,-0.0158053,0.0041765,33.6252,36465,1,367,31.4805,9117,0,0.000884653,0.00194105,0.00278613,0,0,0,1,337,0.205,-0.000244407,0.0047097,0.000965488,5.01034e-05,0.000954833,-0.00015011,0.0560278,0.149439,0.0181898,-0.0207307,-0.207786,-0.0012074,-0.00612456,-0.010346,9.90026,1,0,0,0,0,0,-1,1,-9.04615e-07,-3.41771e-06,-0.207244,0,33.8412,1,1010,1010,1010,1010,0,0,0,0,33.8455,56,-0.0372027,0.719098,56,-0.00265614,0.68787,56,-0.0410868,0.705549,1,0,0,4,-0.163546,0.712235,7,-0.0398902,0.706266,46,-0.0407857,0.695527,55,-0.0350164,0.7087,56,-0.03297,0.691319
6044875561668,6044867461000,6044867461000,6044875554334,73729,8.09333,6044886212634,18.7516,1,37813,145715,0,0,1,0,0,0.020004,355,355,337,0.949296,2.58411,3.221,0.465652,0.235335,-0.369507,6.65327,-0.000746688,0.0124424,-0.0182003,0.00954579,1,0.621997,0.0373269,-0.0373269,0.621997,1,1,-0.035652,0.626869,-0.00167491,-0.00487176,0,0,0,0,0,0,0,0,0,0,0,0,0,0,0,0,0,0,0,0,0,0,0,255,0.2,4.99378,0.2,-0.0279242,0.534861,1,1,1,1,0,1,1,-0.625503,-3.03902,0.108736,0.0883836,-0.0158053,0.0041765,44.8291,36465,1,367,42.6843,9117,0,0.000884653,0.00194105,0.00278613,0,0,0,1,337,0.205,-0.000633758,0.0105489,0.00216253,0.00012992,0.00214234,-0.000318603,0.0581701,0.149121,0.0181654,-0.021012,-0.207646,-9.77183e-05,-0.0199742,0.00541554,11.0181,1,0,0,0,0,0,-1,1,-9.04615e-07,-3.41771e-06,-0.207244,0,45.0385,1,1010,1010,1010,1010,0,0,0,0,0.142427,55,-0.04145,0.636014,45,-0.0383672,0.616308,56,-0.0293729,0.62458,6,-0.0233747,0.633986,8,-0.0377305,0.64343,15,-0.0347603,0.639861,40,-0.0443022,0.617732,56,-0.0330019,0.624387,56,-0.0435912,0.621801
6044887502051,6044879441000,6044879441000,6044887486588,73729,8.04559,6044897257178,17.8162,0,37813,145716,0,0,1,0,0,0.01198,368,368,364,0.98913,2.33665,3.29732,0.475745,0.254446,-0.126114,3.93787,-0.000211316,0.00735334,-0.0202393,-0.00329728,1,0.613801,0.017639,-0.017639,0.613801,1,1,-0.0126949,0.61806,-0.00494413,-0.00425898,0,0,0,0,0,0,0,0,0,0,0,0,0,0,0,0,0,0,0,0,0,0,0,255,0.2,6.71638,0.2,-0.0153407,0.54363,1,1,1,2,1,1,1,-0.619379,-3.04032,0.109129,0.135258,-0.0237864,0.0082295,8.85436,36466,1,367,53.7281,9117,0,0.000884653,0.00194105,0.00278613,0,0,0,1,364,0.205,-0.000179529,0.00623404,0.00127798,3.68033e-05,0.00125786,-0.000227187,0.059428,0.148894,0.0181517,-0.0210939,-0.20748,-0.00226123,-0.0174618,0.0144078,10.8415,1,0,0,0,0,0,-1,1,-9.04615e-07,-3.41771e-06,-0.206819,0,0.205538,1,1010,1010,1010,1010,0,0,0,0,11.1936,56,-0.0375068,0.623994,54,-0.00928295,0.605624,56,-0.0270912,0.61755,13,-0.0221811,0.635011,15,0.0187394,0.623139,24,-0.0206227,0.624562,38,-0.0256044,0.61538,52,-0.020938,0.620731,56,-0.0224073,0.620231
6044897833719,6044887457000,6044887457000,6044897817904,73729,10.3609,6044907973719,20.5167,0,37813,145717,0,0,1,0,0,0.008016,385,385,378,0.981818,2.3703,3.32899,0.491374,0.259243,-0.0313721,4.22574,-3.12141e-05,0.00791212,-0.0443496,0.00343798,1,0.98704,0.00389398,-0.00389398,0.98704,1,1,0.00257186,0.988724,-0.00646584,-0.00168414,0,0,0,0,0,0,0,0,0,0,0,0,0,0,0,0,0,0,0,0,0,0,0,255,0.2,7.01335,0.2,-0.00305395,0.859853,1,1,1,1,0,1,1,-0.619379,-3.04032,0.109129,0.135258,-0.0237864,0.0082295,19.5914,36466,1,367,64.4652,9117,0,0.000884653,0.00194105,0.00278613,0,0,0,1,378,0.205,-2.66098e-05,0.00670726,0.00137499,5.45501e-06,0.0013465,-0.000276958,0.0607745,0.148617,0.0181088,-0.0213526,-0.206827,0.00627776,-0.00690499,0.0262302,10.4767,2,0,0,0,0,0,-1,1,-9.04615e-07,-3.41771e-06,-0.206819,0,10.9557,1,1010,1010,1010,1010,0,0,0,0,21.9438,55,-0.0161733,1.0046,51,0.0454591,0.952779,56,-0.0154429,0.98256,16,0.00577002,1.02169,27,-0.0207896,1.01824,34,-0.00136023,1.00228,35,-0.0211747,0.987325,48,-0.0161777,0.996096,56,-0.0127155,0.980508
6044908519760,6044899432000,6044899432000,6044908506223,73729,9.07422,6044919726268,20.2943,0,37813,145718,0,0,1,0,0,0.011975,383,383,339,0.885117,2.34772,4.15761,0.665856,0.236335,-0.431763,4.2662,-0.0007829,0.00799611,-0.0405982,-0.00665473,1,0.667733,0.0653779,-0.0653779,0.667733,1,1,-0.0508311,0.669912,-0.0145468,-0.00217862,0,0,0,0,0,0,0,0,0,0,0,0,0,0,0,0,0,0,0,0,0,0,0,255,0.21,7.57078,0.21,0.123991,0.911858,1,1,1,1,0,1,1,-0.619379,-3.04032,0.109129,0.135258,-0.0237864,0.0082295,31.3273,36466,1,367,76.201,9117,0,0.000884653,0.00194105,0.00278613,0,0,0,1,339,0.215,-0.000664539,0.00677798,0.00145727,0.000142876,0.00145526,-0.000158471,0.0622297,0.148458,0.0182321,-0.0213162,-0.206209,-0.00353617,-0.00936806,0.0472119,11.5319,1,0,0,0,0,0,-1,1,-9.04615e-07,-3.41771e-06,-0.206819,0,22.6754,1,1010,1010,1010,1010,0,0,0,0,33.6634,47,-0.0782005,0.679155,14,0.00718227,0.613273,54,-0.059171,0.668903,27,-0.0894577,0.685361,27,-0.0578842,0.675295,37,-0.0718056,0.680996,30,-0.0796941,0.670246,47,-0.0760615,0.676815,56,-0.0703484,0.659114
6044920275938,6044907457000,6044907457000,6044920261790,73729,12.8048,6044930243955,22.787,0,37813,145719,0,0,1,0,0,0.008025,399,399,329,0.824561,2.3399,3.72393,0.555078,0.257613,0.0178528,4.73114,-0.000111178,0.0088853,-0.0953169,-0.00710595,1,1.1072,0.013854,-0.013854,1.1072,1,1,0.00207602,1.10505,-0.01593,0.00214945,0,0,0,0,0,0,0,0,0,0,0,0,0,0,0,0,0,0,0,0,0,0,0,255,0.22,9.16644,0.22,0.372378,1.36213,1,1,1,1,0,1,1,-0.619379,-3.04032,0.109129,0.135258,-0.0237864,0.0082295,41.8491,36466,1,367,86.7227,9117,0,0.000884653,0.00194105,0.00278613,0,0,0,1,329,0.225,-9.5648e-05,0.00752872,0.00169396,2.15208e-05,0.00166236,-0.000324381,0.0638921,0.148134,0.0183247,-0.0211727,-0.205416,0.012354,0.00967252,0.0672313,10.3353,1,0,0,0,0,0,-1,1,-9.04615e-07,-3.41771e-06,-0.206819,0,33.1924,1,1010,1010,1010,1010,0,0,0,0,44.1805,11,-0.0239844,1.08693,43,-0.0324987,1.05399,56,-0.00414381,1.11174,21,0.0408622,1.1809,34,-0.0268076,1.15298,38,-0.0173239,1.14918,32,-0.0167051,1.10385,38,-0.00426869,1.11794,56,-0.00772343,1.1018
6044930747274,6044919433000,6044919433000,6044930734792,73729,11.3018,6044942704009,23.271,0,37813,145720,0,0,1,0,0,0.011976,396,396,361,0.911616,2.35663,3.7643,0.594597,0.26152,-0.165558,4.92398,-0.000483031,0.00930111,-0.115341,-0.0503516,1,0.776646,0.0403332,-0.0403332,0.776646,1,1,-0.018961,0.776676,-0.0213722,-2.9699e-05,0,0,0,0,0,0,0,0,0,0,0,0,0,0,0,0,0,0,0,0,0,0,0,255,0.22,-0.64782,0.22,-0.00877285,0.775312,1,1,1,1,0,1,1,-0.619379,-3.04032,0.109129,0.135258,-0.0237864,0.0082295,54.2984,36466,1,367,99.172,9117,0,0.000884653,0.00194105,0.00278613,0,0,0,1,361,0.225,-0.000409035,0.00788197,0.00177344,9.20329e-05,0.00175473,-0.000270008,0.0656468,0.147864,0.0182882,-0.0214236,-0.204529,0.00786518,-0.000133646,0.0832322,12.2566,1,0,0,0,0,0,-1,1,-9.04615e-07,-3.41771e-06,-0.20319,0,0.214853,1,1010,1010,1010,1010,0,0,0,0,0.218853,53,-0.0476988,0.771713,36,-0.0136472,0.733322,36,-0.0348347,0.763095,41,-0.0281254,0.801975,36,-0.0319939,0.803933,43,-0.0255949,0.811513,27,-0.0579137,0.771994,35,-0.0557629,0.780304,54,-0.0416932,0.772847
6044943203735,6044927479000,6044927479000,6044943192994,73729,15.714,6044954345354,26.8664,0,37813,145721,0,0,1,0,0,0.008046,400,399,389,0.974937,2.48028,4.10994,0.628912,0.271725,-0.200195,4.87885,-0.000311298,0.00921683,-0.11022,-0.0315073,1,1.14552,0.0386898,-0.0386898,1.14552,1,1,-0.0141841,1.14876,-0.0245057,-0.00324305,0,0,0,0,0,0,0,0,0,0,0,0,0,0,0,0,0,0,0,0,0,0,0,255,0.22,1.67366,0.22,-0.0545354,0.95988,1,1,1,1,1,1,1,-0.611206,-3.04206,0.10962,0.168858,-0.0322276,0.00876518,11.653,36467,1,367,110.841,9117,0,0.000884653,0.00194105,0.00278613,0,0,0,1,389,0.225,-0.000264343,0.00781065,0.0017574,5.94771e-05,0.0017327,-0.000297001,0.0673795,0.147567,0.0182556,-0.0215846,-0.203593,0.00536532,-0.0145937,0.0925128,11.4336,1,0,0,0,0,0,-1,1,-9.04615e-07,-3.41771e-06,-0.20319,0,11.8878,1,1010,1010,1010,1010,0,0,0,0,11.8918,51,-0.0839843,1.14007,47,-0.0036798,1.02976,56,-0.0438977,1.13447,40,-0.079513,1.18205,37,0.0341305,1.19051,56,-0.0523697,1.17864,25,-0.0766503,1.14404,33,-0.0524973,1.14357,44,-0.0660765,1.11963
6044954976784,6044939435000,6044939435000,6044954963747,73729,15.5287,6044966611702,27.1767,0,37813,145722,0,0,1,0,0,0.011956,403,403,387,0.960298,2.35004,3.47371,0.687097,0.258891,-0.254929,5.20972,-0.000567874,0.0099318,-0.103032,-0.0221438,1,0.830696,0.047497,-0.047497,0.830696,1,1,-0.0213465,0.83355,-0.0261506,-0.00285332,0,0,0,0,0,0,0,0,0,0,0,0,0,0,0,0,0,0,0,0,0,0,0,255,0.22,3.26625,0.22,-0.0497438,0.701792,1,1,1,1,0,1,1,-0.611206,-3.04206,0.10962,0.168858,-0.0322276,0.00876518,23.8958,36467,1,367,123.084,9117,0,0.000884653,0.00194105,0.00278613,0,0,0,1,387,0.225,-0.000481789,0.00841583,0.00189356,0.000108403,0.00187613,-0.000274948,0.0692557,0.147292,0.0181999,-0.0216755,-0.202705,-0.000509876,-0.0128399,0.0937341,12.0286,1,0,0,0,0,0,-1,1,-9.04615e-07,-3.41771e-06,-0.20319,0,24.1309,1,1010,1010,1010,1010,0,0,0,0,24.1349,49,-0.055638,0.820761,41,-0.0313228,0.734345,56,-0.0360036,0.822112,45,-0.0552606,0.845606,45,-0.0338981,0.859984,56,-0.0488492,0.853784,29,-0.0679527,0.819014,25,-0.0524839,0.82683,41,-0.0538841,0.813018
6044967167818,6044959430000,6044959430000,6044967161910,73729,7.73191,6044979888299,20.4583,1,37814,145723,0,0,1,0,0,0.019995,424,424,323,0.761792,2.35366,4.75342,0.702635,0.255132,-0.370529,11.0196,-0.000903413,0.0207665,-0.104285,0.00925401,1,1.03858,0.0451819,-0.0451819,1.03858,1,1,-0.021803,1.0431,-0.023379,-0.00451419,0,0,0,0,0,0,0,0,0,0,0,0,0,0,0,0,0,0,0,0,0,0,0,255,0.22,5.34304,0.22,-0.0404168,0.89899,1,1,1,1,0,1,1,-0.611206,-3.04206,0.10962,0.168858,-0.0322276,0.00876518,37.1727,36467,1,367,136.361,9117,0,0.000884653,0.00194105,0.00278613,0,0,0,1,323,0.225,-0.000766369,0.0176015,0.00396033,0.000172433,0.00391387,-0.000622245,0.0731695,0.14667,0.0178963,-0.0223388,-0.201182,-0.00201151,-0.0203138,0.0825551,13.0611,2,0,0,0,0,0,-1,1,-9.04615e-07,-3.41771e-06,-0.20319,0,37.3994,1,1010,1010,1010,1010,0,0,0,0,37.4034,55,-0.0450208,1.02855,8,-0.064253,0.919312,56,-0.0400023,1.03473,43,-0.0541892,1.06593,16,-0.0383718,1.07851,56,-0.0475794,1.07792,23,-0.0539045,1.02858,23,-0.0469984,1.03726,43,-0.0430414,1.02944
6044980405173,6044967447000,6044967447000,6044980392933,73729,12.9459,6044990870824,23.4238,0,37814,145724,0,0,1,0,0,0.008017,396,396,338,0.853535,2.35363,3.84738,0.668875,0.232224,-0.484093,5.75563,-0.000889657,0.0106835,-0.154126,0.0799774,1,1.33261,0.110971,-0.110971,1.33261,1,1,-0.0881905,1.34029,-0.0227808,-0.00767953,0,0,0,0,0,0,0,0,0,0,0,0,0,0,0,0,0,0,0,0,0,0,0,255,0.22,7.88026,0.22,-0.101721,1.15325,1,1,1,1,0,1,1,-0.611206,-3.04206,0.10962,0.168858,-0.0322276,0.00876518,48.1525,36467,1,367,147.341,9117,0,0.000884653,0.00194105,0.00278613,0,0,0,1,338,0.225,-0.000754796,0.009051,0.00203647,0.000169829,0.00202889,-0.000239329,0.0751984,0.14643,0.017692,-0.0226086,-0.20063,-0.0247619,-0.0345579,0.0622013,10.7974,1,0,0,0,0,0,-1,1,-9.04615e-07,-3.41771e-06,-0.199779,0,0.200797,1,1010,1010,1010,1010,0,0,0,0,0.204945,49,-0.108819,1.31414,55,-0.104397,1.27399,50,-0.120942,1.33907,56,-0.107787,1.37883,54,-0.109376,1.36918,56,-0.13969,1.37839,7,-0.109951,1.32437,9,-0.126727,1.32033,2,0,0
6044991377402,6044979432000,6044979432000,6044991367587,73729,11.9356,6045002425390,22.9934,0,37814,145725,0,0,1,0,0,0.011985,377,377,366,0.970822,2.38113,3.67067,0.616041,0.250261,-0.222061,6.13001,-0.000419926,0.0114621,-0.0630241,0.0293701,1,0.956371,0.0350376,-0.0350376,0.956371,1,1,-0.0205001,0.958983,-0.0145375,-0.00261161,0,0,0,0,0,0,0,0,0,0,0,0,0,0,0,0,0,0,0,0,0,0,0,255,0.22,9.27822,0.22,-0.0221829,0.841808,1,1,1,2,0,1,1,-0.601193,-3.04425,0.110236,0.204242,-0.0411793,0.0110747,11.5526,36468,1,367,158.907,9117,0,0.000884653,0.00194105,0.00278613,0,0,0,1,366,0.225,-0.000356038,0.0097121,0.00218522,8.01085e-05,0.00215694,-0.000355896,0.0773554,0.146074,0.0178504,-0.0224936,-0.200174,-0.00164055,-0.0117523,0.0510227,11.3329,1,0,0,0,0,0,-1,1,-9.04615e-07,-3.41771e-06,-0.199779,0,11.7682,1,1010,1010,1010,1010,0,0,0,0,11.7724,56,-0.0301322,0.938417,49,-0.0371298,0.922422,56,-0.0386874,0.964992,56,-0.0364887,0.996897,55,-0.0343837,0.982777,56,-0.0383537,0.97076,13,-0.0276082,0.936815,5,-0.0392155,0.958242,20,-0.0539679,0.964265
6045002906152,6044987503000,6044987503000,6045002895171,73729,15.3922,6045012898762,25.3958,0,37814,145726,0,0,1,0,0,0.008071,383,382,280,0.732984,2.40422,3.65258,0.738135,0.201724,0.0830765,6.6252,3.69307e-05,0.0123871,-0.149371,0.0743849,1,1.53477,-0.00457572,0.00457572,1.53477,1,1,0.0183161,1.53415,-0.0137404,0.000615847,0,0,0,0,0,0,0,0,0,0,0,0,0,0,0,0,0,0,0,0,0,0,0,255,0.22,0.511929,0.22,0.0371872,1.34725,1,1,1,1,1,1,1,-0.601193,-3.04425,0.110236,0.204242,-0.0411793,0.0110747,22.0393,36468,1,367,169.394,9117,0,0.000884653,0.00194105,0.00278613,0,0,0,1,280,0.225,3.06152e-05,0.010492,0.0023607,-6.88842e-06,0.00231182,-0.000474976,0.0796672,0.145599,0.0175407,-0.0225951,-0.199718,-0.00478084,0.00277131,0.0456408,10.2665,1,0,0,0,0,0,-1,1,-9.04615e-07,-3.41771e-06,-0.199779,0,22.2374,1,1010,1010,1010,1010,0,0,0,0,22.2416,25,0.0230839,1.52557,33,0.0120653,1.42763,36,0.00898788,1.54978,55,0.0163093,1.58799,54,-0.000233697,1.56833,47,0.00889703,1.55478,0,0,0,14,-0.00249593,1.50102,16,-0.0308399,1.53644
6045013496211,6044995474000,6044995474000,6045013482081,73729,18.0081,6045024565088,29.0911,0,37814,145727,0,0,1,0,0,0.007971,387,386,370,0.958549,2.44531,3.53628,0.62969,0.256113,-0.310905,6.53395,-0.000597057,0.0122119,-0.101829,0.00847977,1,1.53204,0.0749036,-0.0749036,1.53204,1,1,-0.0494643,1.54142,-0.0254393,-0.009383,0,0,0,0,0,0,0,0,0,0,0,0,0,0,0,0,0,0,0,0,0,0,0,255,0.22,0.943118,0.22,-0.0586211,1.32194,1,1,1,1,0,1,1,-0.601193,-3.04425,0.110236,0.204242,-0.0411793,0.0110747,33.709,36468,1,367,181.063,9117,0,0.000884653,0.00194105,0.00278613,0,0,0,1,370,0.225,-0.000506867,0.0103477,0.00232823,0.000114045,0.00230407,-0.000348816,0.0819712,0.145251,0.0162345,-0.0237222,-0.199203,-0.0554428,-0.0422235,0.0472273,11.4413,1,0,0,0,0,0,-1,1,-9.04615e-07,-3.41771e-06,-0.199779,0,33.941,1,1010,1010,1010,1010,0,0,0,0,33.9452,56,-0.0830046,1.52202,46,-0.0521054,1.40788,56,-0.0749765,1.54518,56,-0.096164,1.59258,53,-0.0836942,1.5996,56,-0.0742824,1.56027,18,0.00407454,1.48987,15,-0.150807,1.47528,14,-0.115921,1.52641
6045025133685,6045015455000,6045015455000,6045025128204,73729,9.6732,6045037186088,21.7311,1,37815,145728,0,0,1,0,0,0.019981,391,386,271,0.702073,2.42617,4.42998,0.840432,0.19315,-1.42679,12.1603,-0.00249862,0.0227983,-0.122638,0.0983988,1,1.141,0.12505,-0.12505,1.141,1,1,-0.087689,1.16385,-0.037361,-0.022856,0,0,0,0,0,0,0,0,0,0,0,0,0,0,0,0,0,0,0,0,0,0,0,255,0.22,2.4405,0.22,-0.0862231,0.982304,1,1,1,1,0,1,1,-0.601193,-3.04425,0.110236,0.204242,-0.0411793,0.0110747,46.3031,36468,1,367,193.657,9117,0,0.000884653,0.00194105,0.00278613,0,0,0,1,271,0.225,-0.00211997,0.0193183,0.00434663,0.000476993,0.00435393,-0.000388398,0.0863252,0.144862,0.0160532,-0.0246433,-0.198296,-0.0890598,-0.102852,0.0632518,12.4229,1,0,0,0,0,0,-1,1,-9.04615e-07,-3.41771e-06,-0.199779,0,46.4983,1,1010,1010,1010,1010,0,0,0,0,0.150094,55,-0.116833,1.13195,24,-0.106929,1.09683,56,-0.151665,1.14165,50,-0.120148,1.15228,33,-0.120917,1.16912,49,-0.143784,1.14707,0,0,0,3,-0.0639782,1.25337,1,0,0
6045037685925,6045027442000,6045027442000,6045037675147,73729,10.2331,6045049446159,22.0042,0,37815,145729,0,0,1,0,0,0.011987,415,407,350,0.859951,2.45609,3.98797,0.595041,0.245687,0.457054,7.72658,0.000783439,0.0145331,-0.097726,-0.00731497,1,1.2124,-0.0653574,0.0653574,1.2124,1,1,0.0878019,1.21484,-0.0224445,-0.00243327,0,0,0,0,0,0,0,0,0,0,0,0,0,0,0,0,0,0,0,0,0,0,0,255,0.22,4.84267,0.22,0.141433,1.12101,1,1,1,1,0,1,1,-0.589551,-3.04663,0.110951,0.234754,-0.0416093,0.0161034,2.82482,36469,1,367,2.77259,9118,0,0.000884653,0.00140115,0.00239595,0,0,0,1,350,0.225,0.00066313,0.0123123,0.00277026,-0.000149204,0.00268768,-0.000684613,0.0890129,0.144178,0.016957,-0.0245438,-0.195604,0.0164046,-0.0109497,0.093924,2.60009,3,0,0,0,0,0,-1,1,-9.04615e-07,-3.41771e-06,-0.196063,0,3.04432,1,1010,1010,1010,1010,0,0,0,0,12.4308,25,0.0645103,1.208,51,0.0676744,1.19059,56,0.0656378,1.22426,54,0.0864764,1.24478,50,0.0666229,1.21328,52,0.064005,1.22035,12,0.101729,1.21528,18,0.0734541,1.25229,32,0.0474078,1.2553
6045049942181,6045035468000,6045035468000,6045049930829,73729,14.4628,6045061112040,25.644,0,37815,145730,0,0,1,0,0,0.008026,413,412,374,0.907767,2.43541,4.13255,0.729784,0.252984,-1.0128,7.08304,-0.00188075,0.0131133,-0.130855,0.106198,1,1.63386,0.234332,-0.234332,1.63386,1,1,-0.214722,1.6383,-0.0196099,-0.00443949,0,0,0,0,0,0,0,0,0,0,0,0,0,0,0,0,0,0,0,0,0,0,0,255,0.22,6.86716,0.22,-0.210627,1.44043,1,1,1,1,0,1,1,-0.589551,-3.04663,0.110951,0.234754,-0.0416093,0.0161034,14.5005,36469,1,367,14.4483,9118,0,0.000884653,0.00140115,0.00239595,0,0,0,1,374,0.225,-0.0015957,0.0111116,0.0025001,0.000359033,0.00252131,-0.000133606,0.0915342,0.144044,0.016957,-0.0245438,-0.195604,0.0262455,-0.0199777,0.0915919,14.2554,0,0,0,0,0,0,-1,1,-9.04615e-07,-3.41771e-06,-0.196063,0,14.7211,1,1010,1010,1010,1010,0,0,0,0,24.1076,56,-0.237452,1.65678,48,-0.150635,1.58218,56,-0.260326,1.65172,52,-0.252825,1.70286,54,-0.241436,1.5942,56,-0.260642,1.63681,11,-0.251145,1.71615,18,-0.239248,1.68843,23,-0.2668,1.70278
6045061632859,6045047448000,6045047448000,6045061620859,73729,14.1729,6045073209851,25.7619,0,37815,145731,0,0,1,0,0,0.01198,420,420,378,0.9,2.47317,4.01255,0.634746,0.258335,0.593933,7.53841,0.00109458,0.0139548,-0.0679462,0.0429002,1,1.16484,-0.091367,0.091367,1.16484,1,1,0.109603,1.16291,-0.0182364,0.00193077,0,0,0,0,0,0,0,0,0,0,0,0,0,0,0,0,0,0,0,0,0,0,0,255,0.22,8.50986,0.22,0.0699902,0.997657,1,1,1,1,1,1,1,-0.589551,-3.04663,0.110951,0.234754,-0.0416093,0.0161034,26.6155,36469,1,367,26.5635,9118,0,0.000884653,0.00140115,0.00239595,0,0,0,1,378,0.225,0.000928629,0.0118241,0.00266041,-0.000208941,0.00256865,-0.000720946,0.0941028,0.143323,0.0162021,-0.0241643,-0.195244,0.000719756,0.00868846,0.0662269,11.8908,1,0,0,0,0,0,-1,1,-9.04615e-07,-3.41771e-06,-0.196063,0,26.849,1,1010,1010,1010,1010,0,0,0,0,36.2354,56,0.0952935,1.17857,47,0.0630572,1.14789,44,0.0826582,1.19293,47,0.10181,1.15486,50,0.0928802,1.14362,56,0.0808069,1.15944,15,0.105928,1.18857,24,0.087882,1.20971,39,0.0777953,1.21273
6045073840115,6045055472000,6045055472000,6045073826318,73729,18.3543,6045084788398,29.3164,0,37815,145732,0,0,1,0,0,0.008024,451,450,338,0.751111,2.54406,4.03533,0.727875,0.242427,-1.15235,8.16851,-0.00208201,0.0150417,-0.035394,-0.00498007,1,1.87459,0.259473,-0.259473,1.87459,1,1,-0.254535,1.87258,-0.00493772,0.00200934,0,0,0,0,0,0,0,0,0,0,0,0,0,0,0,0,0,0,0,0,0,0,0,255,0.22,0.436448,0.22,-0.251308,1.61915,1,1,1,1,0,1,1,-0.589551,-3.04663,0.110951,0.234754,-0.0416093,0.0161034,38.2036,36469,1,367,38.1514,9118,0,0.000884653,0.00140115,0.00239595,0,0,0,1,338,0.225,-0.00176712,0.0127464,0.00286795,0.000397601,0.00288957,-0.000166521,0.0969924,0.143156,0.0167893,-0.0243775,-0.195351,0.00357315,0.00904202,0.0206343,11.3522,1,0,0,0,0,0,-1,1,-9.04615e-07,-3.41771e-06,-0.196063,0,38.4215,1,1010,1010,1010,1010,0,0,0,0,47.808,56,-0.273395,1.94283,31,-0.164249,1.83957,56,-0.298308,1.93667,42,-0.297525,1.8838,52,-0.269218,1.7558,54,-0.253965,1.82677,14,-0.243801,1.99193,28,-0.2739,1.98199,5,-0.291996,1.98575
6045085339384,6045075473000,6045075473000,6045085333272,73729,9.86027,6045099081391,23.6084,1,37816,145733,0,0,1,0,0,0.020001,478,478,257,0.537657,2.54143,5.53265,1.16742,0.193631,-0.408173,16.7324,-0.000566828,0.0317886,0.133164,0.0271508,1,1.58935,0.02834,-0.02834,1.58935,1,1,-0.0407619,1.59025,0.0124219,-0.000899222,0,0,0,0,0,0,0,0,0,0,0,0,0,0,0,0,0,0,0,0,0,0,0,255,0.22,1.79429,0.22,-0.0543156,1.34203,1,1,1,1,0,1,1,-0.575526,-3.0491,0.111863,0.274232,-0.0433304,0.0154227,7.69654,36470,1,367,52.411,9118,0,0.000884653,0.00140115,0.00239595,0,0,0,1,257,0.225,-0.000480467,0.0269349,0.00606036,0.000108105,0.00596225,-0.00108089,0.102955,0.142076,0.0162762,-0.0246655,-0.197181,-0.0163387,-0.0040465,-0.0577896,7.54452,2,0,0,0,0,0,-1,1,-9.04616e-07,-3.41771e-06,-0.196822,0,7.89398,1,1010,1010,1010,1010,0,0,0,0,7.89832,55,-0.0411298,1.57257,5,-0.0568989,1.58452,1,0,0,41,-0.0132138,1.58348,19,-0.0378448,1.53995,10,-0.043743,1.52644,33,0.00819754,1.61078,41,-0.0219644,1.60776,52,-0.0265761,1.61694
6045099572580,6045087444000,6045087444000,6045099561117,73729,12.1171,6045113002882,25.5589,0,37816,145734,0,0,1,0,0,0.011971,500,500,413,0.826,2.53167,4.5875,0.778191,0.275724,-0.0218048,8.38019,7.31827e-05,0.0156878,0.0674844,0.0701741,1,1.31048,-0.00611333,0.00611333,1.31048,1,1,-0.0290753,1.31252,0.0351886,-0.0020392,0,0,0,0,0,0,0,0,0,0,0,0,0,0,0,0,0,0,0,0,0,0,0,255,0.22,5.35498,0.22,0.000173869,1.11984,1,1,1,1,0,1,1,-0.575526,-3.0491,0.111863,0.274232,-0.0433304,0.0154227,21.6263,36470,1,367,66.3405,9118,0,0.000884653,0.00140115,0.00239595,0,0,0,1,413,0.225,6.19145e-05,0.0132902,0.00299031,-1.39308e-05,0.00292793,-0.00060329,0.105883,0.141472,0.0163196,-0.0245824,-0.198543,0.0007207,-0.00917639,-0.126102,13.7136,1,0,0,0,0,0,-1,1,-9.04616e-07,-3.41771e-06,-0.196822,0,21.8644,1,1010,1010,1010,1010,0,0,0,0,21.8688,56,0.0201908,1.32578,42,-0.00330601,1.28742,3,-0.0373434,1.2949,54,0.0231342,1.28227,46,0.00990939,1.23073,53,-0.000931532,1.25702,53,0.0194372,1.34624,54,0.00701914,1.36015,52,-0.0245723,1.37711
6045113548941,6045095469000,6045095469000,6045113537182,73729,18.0682,6045125378694,29.9097,0,37816,145735,0,0,1,0,0,0.008025,500,500,453,0.906,2.58541,4.20975,0.775469,0.298205,-0.0783081,8.81758,-1.21248e-05,0.0164049,0.185702,0.058114,1,2.04423,0.00151088,-0.00151088,2.04423,1,1,-0.0353314,2.04096,0.0338205,0.00326348,0,0,0,0,0,0,0,0,0,0,0,0,0,0,0,0,0,0,0,0,0,0,0,255,0.22,-0.434059,0.22,0.0144246,1.75688,1,1,1,1,1,1,1,-0.575526,-3.0491,0.111863,0.274232,-0.0433304,0.0154227,33.9974,36470,1,367,78.7114,9118,0,0.000884653,0.00140115,0.00239595,0,0,0,1,453,0.225,-1.08355e-05,0.0139011,0.00312775,2.43799e-06,0.00306511,-0.000618135,0.108948,0.140854,0.0160254,-0.0244214,-0.199778,-0.0178929,0.0146857,-0.136068,12.132,1,0,0,0,0,0,-1,1,-9.04616e-07,-3.41771e-06,-0.196822,0,34.2451,1,1010,1010,1010,1010,0,0,0,0,34.2494,54,0.012368,2.09651,52,0.0314985,2.00604,56,-0.0378114,2.07979,46,-0.00101606,2.00613,50,0.00976177,1.85265,54,-0.00556834,2.02047,34,0.017549,2.13981,55,-0.0443502,2.10609,52,-0.0012268,2.10043
6045125984940,6045115460000,6045115460000,6045125977291,73729,10.5173,6045138390697,22.9307,1,37817,145736,0,0,1,0,0,0.019991,500,500,300,0.6,2.60715,5.20435,1.04236,0.218854,-0.949112,18.342,-0.00162291,0.0344216,0.0890291,0.040549,1,1.72186,0.0811819,-0.0811819,1.72186,1,1,-0.110202,1.72018,0.0290197,0.00167699,0,0,0,0,0,0,0,0,0,0,0,0,0,0,0,0,0,0,0,0,0,0,0,255,0.22,1.86231,0.22,-0.0530605,1.47381,1,1,1,1,0,1,1,-0.575526,-3.0491,0.111863,0.274232,-0.0433304,0.0154227,47.0084,36470,1,367,91.7228,9118,0,0.000884653,0.00140115,0.00239595,0,0,0,1,300,0.225,-0.0013781,0.029172,0.0065637,0.000310072,0.00649172,-0.00100415,0.115439,0.13985,0.0159607,-0.0245242,-0.200679,-0.0166138,0.00754644,-0.117762,12.8362,1,0,0,0,0,0,-1,1,-9.04616e-07,-3.41771e-06,-0.196822,0,47.2194,1,1010,1010,1010,1010,0,0,0,0,0.139723,53,-0.083065,1.72423,19,-0.0870495,1.67756,52,-0.0991492,1.75455,27,-0.0690311,1.72262,28,-0.0800519,1.68578,31,-0.0689247,1.69562,17,-0.075756,1.78312,53,-0.100933,1.76807,20,-0.0763417,1.73939
6045138903700,6045127437000,6045127437000,6045138891830,73729,11.4548,6045152293243,24.8562,0,37817,145737,0,0,1,0,0,0.011977,500,500,435,0.87,2.5772,4.63942,0.80932,0.309743,-0.904572,9.44719,-0.00156217,0.0176618,0.0211282,0.0456951,1,1.47464,0.130431,-0.130431,1.47464,1,1,-0.145279,1.47164,0.0148485,0.00300036,0,0,0,0,0,0,0,0,0,0,0,0,0,0,0,0,0,0,0,0,0,0,0,255,0.22,4.30159,0.22,-0.0834405,1.25258,1,1,1,1,0,1,1,-0.559992,-3.0517,0.112844,0.295625,-0.0465841,0.0155903,13.8257,36471,1,367,105.624,9118,0,0.000884653,0.00140115,0.00239595,0,0,0,1,435,0.225,-0.00132735,0.0149668,0.00336754,0.000298654,0.00335814,-0.000380641,0.118798,0.139469,0.0153443,-0.0243284,-0.20134,-0.0369182,0.0135016,-0.0829891,13.682,1,0,0,0,0,0,-1,1,-9.04615e-07,-3.41771e-06,-0.201374,0,0.229872,1,1010,1010,1010,1010,0,0,0,0,14.0706,55,-0.120653,1.47545,27,-0.0426767,1.39609,55,-0.165673,1.50541,48,-0.128837,1.44796,36,-0.140927,1.39022,50,-0.149151,1.45019,56,-0.097862,1.56408,56,-0.153658,1.53103,52,-0.155116,1.49843
6045152824191,6045135531000,6045135531000,6045152812858,73729,17.2819,6045164107810,28.5768,0,37817,145738,0,0,1,0,0,0.008094,500,499,335,0.671343,2.60328,4.47566,0.769302,0.233816,-0.27243,8.97177,-0.000302922,0.01669,0.139664,0.135295,1,2.06202,0.0374255,-0.0374255,2.06202,1,1,-0.0462439,2.06136,0.00881843,0.000655599,0,0,0,0,0,0,0,0,0,0,0,0,0,0,0,0,0,0,0,0,0,0,0,255,0.22,8.28704,0.22,0.00661376,1.76475,1,1,1,1,0,1,1,-0.559992,-3.0517,0.112844,0.295625,-0.0465841,0.0155903,25.6652,36471,1,367,117.464,9118,0,0.000884653,0.00140115,0.00239595,0,0,0,1,335,0.225,-0.000259948,0.0141393,0.00318133,5.84882e-05,0.00312756,-0.000580111,0.121925,0.138889,0.0155629,-0.0243423,-0.201785,-0.0111238,0.00295019,-0.0406454,11.5643,2,0,0,0,0,0,-1,1,-9.04615e-07,-3.41771e-06,-0.201374,0,12.0546,1,1010,1010,1010,1010,0,0,0,0,25.8953,7,-0.0812691,2.10506,25,0.127991,1.85558,50,-0.122476,2.07611,20,-0.00826667,2.02592,49,-0.0403348,1.97891,52,-0.0680432,2.05432,29,0.0302144,2.28399,54,-0.0376218,2.0979,49,-0.0581622,2.06874
6045164657500,6045155506000,6045155506000,6045164650703,73729,9.1447,6045179240328,23.7343,1,37818,145739,0,0,1,0,0,0.019975,498,498,263,0.528112,2.57765,5.97569,1.39447,0.203594,-0.68335,18.5904,-0.00121655,0.0351701,-0.00677884,0.00819665,1,1.76071,0.0609036,-0.0609036,1.76071,1,1,-0.0624749,1.75586,0.00157134,0.00484846,0,0,0,0,0,0,0,0,0,0,0,0,0,0,0,0,0,0,0,0,0,0,0,255,0.22,-0.039296,0.22,-0.0206176,1.48897,1,1,1,1,1,1,1,-0.559992,-3.0517,0.112844,0.295625,-0.0465841,0.0155903,40.7696,36471,1,367,132.568,9118,0,0.000884653,0.00140115,0.00239595,0,0,0,1,263,0.225,-0.00103909,0.029801,0.00670524,0.000233795,0.00661421,-0.00111354,0.128539,0.137776,0.0156505,-0.0239899,-0.201651,0.00785234,0.0218181,0.000625056,14.9298,1,0,0,0,0,0,-1,1,-9.04615e-07,-3.41771e-06,-0.201374,0,27.1259,1,1010,1010,1010,1010,0,0,0,0,40.9667,3,-0.041168,1.78238,6,0.0499811,1.77643,40,-0.0831764,1.76085,23,-0.0417065,1.75784,28,-0.065137,1.72041,38,-0.0579708,1.72645,23,-0.0377534,1.73356,48,-0.0668514,1.77376,54,-0.0661867,1.7757
6045179710776,6045167436000,6045167436000,6045179699572,73729,12.2636,6045193462321,26.0263,0,37818,145740,0,0,1,0,0,0.01193,500,500,423,0.846,2.60159,4.70955,0.727061,0.282113,-0.196533,9.12451,-0.0001658,0.017095,0.00364385,-0.0220017,1,1.43294,0.0138977,-0.0138977,1.43294,1,1,-0.0103667,1.42487,-0.00353105,0.0080681,0,0,0,0,0,0,0,0,0,0,0,0,0,0,0,0,0,0,0,0,0,0,0,255,0.22,4.84502,0.22,-0.025734,1.20497,1,1,1,1,0,1,1,-0.559992,-3.0517,0.112844,0.295625,-0.0465841,0.0155903,54.9942,36471,1,367,146.793,9118,0,0.000884653,0.00140115,0.00239595,0,0,0,1,423,0.225,-0.000141804,0.0144888,0.00325999,3.19058e-05,0.00320001,-0.000618647,0.131739,0.137157,0.0163742,-0.0231606,-0.200759,0.0266267,0.0363064,0.0340131,13.9791,2,0,0,0,0,0,-1,1,-9.04616e-07,-3.41771e-06,-0.19996,0,0.234576,1,1010,1010,1010,1010,0,0,0,0,0.238687,56,-0.0520659,1.47339,40,0.148217,1.3798,50,-0.0341711,1.44408,45,-0.0252333,1.4377,35,-0.026711,1.43112,47,-0.0344241,1.47363,44,-0.0201297,1.44755,54,-0.0276544,1.41558,52,-0.0191846,1.44424
6045194000843,6045187443000,6045187443000,6045193994343,73729,6.55134,6045207667758,20.2248,1,37819,145741,0,0,1,0,0,0.020007,500,465,267,0.574194,2.64646,6.85151,0.950358,0.209428,-0.207794,18.799,-0.000439971,0.0353051,-0.041572,-0.0284666,1,1.76464,0.0219908,-0.0219908,1.76464,1,1,-0.0193306,1.75202,-0.00266026,0.0126131,0,0,0,0,0,0,0,0,0,0,0,0,0,0,0,0,0,0,0,0,0,0,0,255,0.22,8.54897,0.22,-0.0454936,1.46275,1,1,1,1,0,1,1,-0.54439,-3.05447,0.113569,0.288154,-0.045649,0.013701,14.1926,36472,1,367,161,9118,0,0.000884653,0.00140115,0.00239595,0,0,0,1,267,0.225,-0.000373293,0.0299268,0.00673354,8.3991e-05,0.00661387,-0.00125729,0.138353,0.1359,0.0168151,-0.0225575,-0.200331,0.0506362,0.0567591,0.0500859,14.0363,1,0,0,0,0,0,-1,1,-9.04616e-07,-3.41771e-06,-0.19996,0,14.3863,1,1010,1010,1010,1010,0,0,0,0,14.3904,53,-0.0354484,1.77727,5,-0.0436391,1.75351,44,-0.0198366,1.76548,29,-0.0133278,1.76183,30,-0.0197786,1.74545,39,-0.0158475,1.80088,21,-0.027512,1.76798,18,-0.0256191,1.70977,28,-0.010282,1.76237
6045208185299,6045195455000,6045195455000,6045208173354,73729,12.7184,6045220382388,24.9274,0,37819,145742,0,0,1,0,0,0.008012,497,495,433,0.874747,2.5832,4.53753,0.827025,0.293539,-0.514099,8.69666,-0.000884059,0.0162411,0.0130051,-0.0480603,1,2.0271,0.110342,-0.110342,2.0271,1,1,-0.102471,2.024,-0.00787076,0.00309982,0,0,0,0,0,0,0,0,0,0,0,0,0,0,0,0,0,0,0,0,0,0,0,255,0.22,2.91648,0.22,-0.150898,1.67829,1,1,1,1,0,1,1,-0.54439,-3.05447,0.113569,0.288154,-0.045649,0.013701,26.9058,36472,1,367,173.714,9118,0,0.000884653,0.00140115,0.00239595,0,0,0,1,433,0.225,-0.000751729,0.0137653,0.00309719,0.000169139,0.00306832,-0.000448559,0.141422,0.135451,0.0166608,-0.0227348,-0.199726,0.0121322,0.0139492,0.0380405,12.4584,2,0,0,0,0,0,-1,1,-9.04616e-07,-3.41771e-06,-0.19996,0,27.1515,1,1010,1010,1010,1010,0,0,0,0,27.1556,55,-0.141546,2.08854,9,-0.123898,1.84729,53,-0.125061,2.05624,54,-0.133424,2.00207,51,-0.106969,2.02962,50,-0.150215,2.02846,51,-0.105731,2.07259,54,-0.0838245,2.01879,56,-0.0941441,2.05789
6045220933651,6045207441000,6045207441000,6045220921429,73729,13.4804,6045233558206,26.1172,0,37819,145743,0,0,1,0,0,0.011986,500,497,351,0.706237,2.63152,4.68022,0.767894,0.241687,-0.405212,8.47757,-0.000614969,0.0157439,0.0064665,-0.0417564,1,1.31352,0.0513073,-0.0513073,1.31352,1,1,-0.0478695,1.31105,-0.00343773,0.00247398,0,0,0,0,0,0,0,0,0,0,0,0,0,0,0,0,0,0,0,0,0,0,0,255,0.22,5.33095,0.22,-0.0902125,1.08564,1,1,1,1,1,1,1,-0.54439,-3.05447,0.113569,0.288154,-0.045649,0.013701,40.0951,36472,1,367,186.903,9118,0,0.000884653,0.00140115,0.00239595,0,0,0,1,351,0.225,-0.000521008,0.0133418,0.00300192,0.000117227,0.00296491,-0.000479426,0.144386,0.134972,0.0170613,-0.0221335,-0.199347,0.0107699,0.0111329,0.0209918,5.83423,2,0,0,0,0,0,-1,1,-9.04616e-07,-3.41771e-06,-0.19996,0,40.3123,1,1010,1010,1010,1010,0,0,0,0,40.3164,54,-0.0899054,1.37441,17,-0.0960931,1.22466,24,-0.0649606,1.33989,42,-0.0638872,1.29769,45,-0.0404532,1.3361,40,-0.0617901,1.35616,23,-0.0175299,1.30638,55,-0.062557,1.33541,51,-0.0383322,1.36059
6045234145914,6045223469000,6045223469000,6045234139414,73729,10.6704,6045248056534,24.5875,1,37820,145744,0,0,1,0,0,0.016028,500,496,315,0.635081,2.68978,6.51264,0.822931,0.232872,-0.180893,18.0694,-0.000307574,0.0341963,-0.0358341,-0.109771,1,2.13353,0.0191898,-0.0191898,2.13353,1,1,-0.0128447,2.12691,-0.00634508,0.00662265,0,0,0,0,0,0,0,0,0,0,0,0,0,0,0,0,0,0,0,0,0,0,0,255,0.22,8.36878,0.22,-0.0247867,1.80509,1,1,1,1,0,1,1,-0.529526,-3.05724,0.114081,0.293456,-0.0528883,0.0174318,5.4996,36473,1,367,201.384,9118,0,0.000884653,0.00140115,0.00239595,0,0,0,1,315,0.225,-0.000261366,0.0289834,0.00652127,5.88074e-05,0.0064027,-0.00123101,0.150789,0.133741,0.0168196,-0.0218067,-0.198964,0.00482732,0.0298019,0.0267041,5.31054,1,0,0,0,0,0,-1,1,-9.04616e-07,-3.41771e-06,-0.198593,0,5.71612,1,1010,1010,1010,1010,0,0,0,0,5.72056,46,-0.0499388,2.141,6,0.0616541,2.05884,43,-0.0123222,2.13217,24,-0.0299866,2.13438,37,-0.0228036,2.14444,38,-0.0350368,2.15855,33,-0.024838,2.14037,39,-0.0441655,2.09308,49,-0.00366189,2.12782
6045248549815,6045235460000,6045235460000,6045248538538,73729,13.0785,6045261351705,25.8917,0,37820,145745,0,0,1,0,0,0.011991,489,485,423,0.872165,2.619,4.41575,0.743932,0.284483,-0.40593,9.05705,-0.0008545,0.0169757,-0.0694407,-0.0587094,1,1.41571,0.0712617,-0.0712617,1.41571,1,1,-0.0551473,1.413,-0.0161144,0.0027123,0,0,0,0,0,0,0,0,0,0,0,0,0,0,0,0,0,0,0,0,0,0,0,255,0.22,2.66894,0.22,-0.0663317,1.19456,1,1,1,1,0,1,1,-0.529526,-3.05724,0.114081,0.293456,-0.0528883,0.0174318,18.7985,36473,1,367,13.29,9119,0,0.000884653,0.00708198,0.00923182,0,0,0,1,423,0.225,-0.000726167,0.0143862,0.0032369,0.000163388,0.00320475,-0.000477916,0.153994,0.133263,0.0164992,-0.0218318,-0.198476,-0.0234877,0.0122053,0.0392219,13.0851,1,0,0,0,0,0,-1,1,-9.04616e-07,-3.41771e-06,-0.198593,0,19.0355,1,1010,1010,1010,1010,0,0,0,0,19.0399,56,-0.076308,1.46321,11,0.0158898,1.22885,53,-0.0609538,1.4401,51,-0.092346,1.3713,47,-0.0772244,1.44708,48,-0.0656618,1.41876,51,-0.0766094,1.42363,52,-0.0774879,1.41939,54,-0.0493675,1.41243
6045261888117,6045243476000,6045243476000,6045261878598,73729,18.4026,6045274046594,30.5706,0,37820,145746,0,0,1,0,0,0.008016,481,478,359,0.751046,2.64833,4.43627,0.702357,0.246391,-0.487885,8.76379,-0.00108369,0.0164812,-0.14315,-0.150046,1,2.05604,0.135191,-0.135191,2.05604,1,1,-0.120565,2.05377,-0.0146253,0.0022656,0,0,0,0,0,0,0,0,0,0,0,0,0,0,0,0,0,0,0,0,0,0,0,255,0.22,5.82769,0.22,-0.112185,1.72562,1,1,1,1,0,1,1,-0.529526,-3.05724,0.114081,0.293456,-0.0528883,0.0174318,31.4944,36473,1,367,25.9859,9119,0,0.000884653,0.00708198,0.00923182,0,0,0,1,359,0.225,-0.000922307,0.0139676,0.0031427,0.000207519,0.00312137,-0.000414318,0.157115,0.132849,0.0168525,-0.021463,-0.197908,-0.00100038,0.0101952,0.0518509,12.4996,1,0,0,0,0,0,-1,1,-9.04616e-07,-3.41771e-06,-0.198593,0,31.7244,1,1010,1010,1010,1010,0,0,0,0,31.7289,52,-0.139395,2.11282,10,0.0626206,1.72391,52,-0.104881,2.05957,53,-0.160927,2.01993,44,-0.0993539,2.10595,36,-0.122735,2.09942,52,-0.158513,2.07805,54,-0.158044,2.07598,6,-0.118895,2.06188
6045274582302,6045263476000,6045263476000,6045274575061,73729,11.0991,6045288292143,24.8161,1,37821,145747,0,0,1,0,0,0.02,486,481,278,0.577963,2.64245,6.39866,0.977026,0.212538,0.35186,18.1593,0.000608242,0.0341812,-0.0591573,-0.0384695,1,1.70906,-0.0304121,0.0304121,1.70906,1,1,0.0422521,1.70268,-0.0118399,0.00638164,0,0,0,0,0,0,0,0,0,0,0,0,0,0,0,0,0,0,0,0,0,0,0,255,0.22,8.45689,0.22,0.0366283,1.4365,1,1,1,1,1,1,1,-0.529526,-3.05724,0.114081,0.293456,-0.0528883,0.0174318,45.7391,36473,1,367,40.2304,9119,0,0.000884653,0.00708198,0.00923182,0,0,0,1,278,0.225,0.000516695,0.0289694,0.00651812,-0.000116256,0.00636756,-0.00139115,0.163483,0.131457,0.0169929,-0.0210917,-0.19726,0.0231093,0.0287174,0.0611113,14.0749,1,0,0,0,0,0,-1,1,-9.04616e-07,-3.41771e-06,-0.198593,0,45.9381,1,1010,1010,1010,1010,0,0,0,0,0.15639,46,0.0199841,1.72562,0,0,0,17,0.0242047,1.63195,39,0.041211,1.66419,23,0.0172983,1.68904,34,0.0148547,1.70552,34,0.0369227,1.71974,41,0.0189771,1.718,44,0.0367536,1.75398
6045288842184,6045275460000,6045275460000,6045288831109,73729,13.3711,6045301911316,26.4513,0,37821,145748,0,0,1,0,0,0.011984,485,480,393,0.81875,2.62643,4.49409,0.81882,0.26228,-0.0314941,8.5704,-0.000150199,0.0161331,-0.109721,-0.0545984,1,1.34622,0.0125333,-0.0125333,1.34622,1,1,0.00357684,1.34325,-0.0161102,0.00296811,0,0,0,0,0,0,0,0,0,0,0,0,0,0,0,0,0,0,0,0,0,0,0,255,0.22,2.43083,0.22,-0.0195605,1.12193,1,1,1,1,0,1,1,-0.529526,-3.05724,0.114081,0.293456,-0.0528883,0.0174318,59.3592,36473,1,367,53.8505,9119,0,0.000884653,0.00708198,0.00923182,0,0,0,1,393,0.225,-0.000127213,0.0136716,0.00307611,2.8623e-05,0.00302177,-0.000572603,0.166505,0.130885,0.0169192,-0.0211537,-0.196578,0.0120091,0.0133565,0.0676039,13.4131,1,0,0,0,0,0,-1,1,-9.04616e-07,-3.41771e-06,-0.195645,0,0.219742,1,1010,1010,1010,1010,0,0,0,0,13.8106,56,-0.0218448,1.37538,19,0.0452741,1.33987,27,-0.00525648,1.29156,51,-0.0330589,1.33672,39,-0.00562699,1.35023,49,-0.0243339,1.32238,44,-0.0311577,1.33401,53,-0.0283979,1.34837,55,-0.0150784,1.38408
6045302444857,6045283475000,6045283475000,6045302433264,73729,18.9583,6045313955367,30.4804,0,37821,145749,0,0,1,0,0,0.008015,469,468,399,0.852564,2.60515,4.35225,0.690801,0.268409,0.0828247,8.63208,-5.04149e-05,0.0161155,-0.201809,-0.0909008,1,2.01067,0.00629007,-0.00629007,2.01067,1,1,0.00634597,2.00631,-0.012636,0.00436363,0,0,0,0,0,0,0,0,0,0,0,0,0,0,0,0,0,0,0,0,0,0,0,255,0.22,5.69152,0.22,-0.00673323,1.69587,1,1,1,1,0,1,1,-0.514938,-3.06047,0.114411,0.28157,-0.0635732,0.0124105,12.0521,36474,1,367,65.9153,9119,0,0.000884653,0.00708198,0.00923182,0,0,0,1,399,0.225,-4.26504e-05,0.0136562,0.00307264,9.59635e-06,0.00301522,-0.000587977,0.16952,0.130297,0.0174452,-0.0203809,-0.195709,0.0149366,0.0196363,0.0574391,11.7976,2,0,0,0,0,0,-1,1,-9.04616e-07,-3.41771e-06,-0.195645,0,12.2874,1,1010,1010,1010,1010,0,0,0,0,25.8782,53,-0.00863136,2.05788,10,-0.0788878,1.91099,31,0.0084859,1.95041,51,0.00830454,2.04308,42,-0.0203021,2.06799,54,-0.0216852,2.01934,46,-0.00335469,1.95659,56,-0.0268372,2.02059,56,-6.51387e-06,2.1345
6045314531353,6045303477000,6045303477000,6045314524186,73729,11.0472,6045328434473,24.9575,1,37822,145750,0,0,1,0,0,0.020002,479,472,236,0.5,2.62561,6.53212,1.41171,0.184094,1.06441,17.194,0.00174634,0.0325036,-0.0945388,-0.0815578,1,1.62502,-0.0873081,0.0873081,1.62502,1,1,0.0879222,1.61874,-0.000614114,0.00627898,0,0,0,0,0,0,0,0,0,0,0,0,0,0,0,0,0,0,0,0,0,0,0,255,0.22,7.83078,0.22,0.0641619,1.36489,1,1,1,1,0,1,1,-0.514938,-3.06047,0.114411,0.28157,-0.0635732,0.0124105,26.5087,36474,1,367,80.3722,9119,0,0.000884653,0.00708198,0.00923182,0,0,0,1,236,0.225,0.00148415,0.027548,0.00619831,-0.000333933,0.00601425,-0.00153142,0.175534,0.128765,0.017726,-0.0201225,-0.195509,0.0355295,0.0282554,0.0306344,14.2928,1,0,0,0,0,0,-1,1,-9.04616e-07,-3.41771e-06,-0.195645,0,26.7009,1,1010,1010,1010,1010,0,0,0,0,40.2918,48,0.0783359,1.63454,2,0,0,5,0.119632,1.50819,39,0.0937914,1.65909,25,0.0804494,1.6358,27,0.100424,1.65798,17,0.0552569,1.59391,41,0.069254,1.62525,32,0.0762219,1.61579
6045328916050,6045315472000,6045315472000,6045328903846,73729,13.4318,6045342269703,26.7977,0,37822,145751,0,0,1,0,0,0.011995,457,454,366,0.806167,2.59495,4.43824,0.705394,0.250354,0.210472,8.65863,0.000349955,0.0159982,-0.0300863,-0.00364956,1,1.33374,-0.029175,0.029175,1.33374,1,1,0.0284462,1.32937,0.000728884,0.00437261,0,0,0,0,0,0,0,0,0,0,0,0,0,0,0,0,0,0,0,0,0,0,0,255,0.22,1.92485,0.22,-0.00710256,1.11379,1,1,1,1,1,1,1,-0.514938,-3.06047,0.114411,0.28157,-0.0635732,0.0124105,40.3411,36474,1,367,94.2044,9119,0,0.000884653,0.00708198,0.00923182,0,0,0,1,366,0.225,0.000296141,0.0135566,0.00305023,-6.66317e-05,0.00297863,-0.000657721,0.178513,0.128108,0.0179138,-0.0197605,-0.195484,0.0154141,0.0196768,0.00970729,13.6038,2,0,0,0,0,0,-1,1,-9.04616e-07,-3.41771e-06,-0.195399,0,0.209539,1,1010,1010,1010,1010,0,0,0,0,0.213224,56,0.0332824,1.35987,5,0.132772,1.22429,13,0.0198374,1.148,52,0.0446242,1.38464,46,0.0392853,1.35219,56,0.0241485,1.37157,52,0.0321932,1.258,50,0.0159306,1.35433,36,0.0260847,1.38915
6045342831263,6045323477000,6045323477000,6045342820985,73729,19.344,6045355730042,32.253,0,37822,145752,0,0,1,0,0,0.008005,460,454,378,0.832599,2.60428,4.39003,0.627837,0.256131,0.360886,8.38388,0.000778731,0.0155585,0.0648623,-0.031127,1,1.9436,-0.0972806,0.0972806,1.9436,1,1,0.0918791,1.93847,0.00540148,0.00513241,0,0,0,0,0,0,0,0,0,0,0,0,0,0,0,0,0,0,0,0,0,0,0,255,0.22,5.68219,0.22,0.041147,1.63593,1,1,1,1,0,1,1,-0.501252,-3.06373,0.114752,0.276655,-0.0611847,0.0127304,13.4487,36475,1,367,107.665,9119,0,0.000884653,0.00708198,0.00923182,0,0,0,1,378,0.225,0.000660272,0.0131844,0.00296648,-0.000148561,0.00288042,-0.00072272,0.181393,0.127385,0.017925,-0.0191829,-0.195795,0.00537939,0.0230958,-0.0151418,13.2429,1,0,0,0,0,0,-1,1,-9.04616e-07,-3.41771e-06,-0.195399,0,13.6821,1,1010,1010,1010,1010,0,0,0,0,13.6858,55,0.0569621,1.98914,3,0.388955,1.76755,12,0.0727216,1.64298,50,0.103325,2.02337,41,0.0989262,1.92136,53,0.100505,1.98686,54,0.0801835,1.78188,54,0.108949,1.9878,56,0.0980012,2.02393
6045356242805,6045343475000,6045343475000,6045356235620,73729,12.7606,6045369314308,25.8393,1,37823,145753,0,0,1,0,0,0.019998,453,450,254,0.564444,2.56672,6.03197,1.04488,0.19426,0.740952,17.7899,0.00158783,0.0336954,0.0252846,-0.0596586,1,1.68494,-0.0793996,0.0793996,1.68494,1,1,0.0678956,1.67475,0.011504,0.0101926,0,0,0,0,0,0,0,0,0,0,0,0,0,0,0,0,0,0,0,0,0,0,0,255,0.22,8.52197,0.22,0.0500644,1.40854,1,1,1,1,0,1,1,-0.501252,-3.06373,0.114752,0.276655,-0.0611847,0.0127304,27.0363,36475,1,367,121.253,9119,0,0.000884653,0.00708198,0.00923182,0,0,0,1,254,0.225,0.00134836,0.0285518,0.00642416,-0.000303382,0.00624081,-0.0015495,0.187634,0.125835,0.0182125,-0.0186945,-0.196174,0.0123459,0.0458665,-0.0315378,13.4257,1,0,0,0,0,0,-1,1,-9.04616e-07,-3.41771e-06,-0.195399,0,27.2315,1,1010,1010,1010,1010,0,0,0,0,27.2352,36,0.0700436,1.67681,0,0,0,5,0.08399,1.64319,42,0.0892456,1.70173,34,0.0410786,1.65038,34,0.0814695,1.67263,25,0.100621,1.6969,31,0.064488,1.68976,47,0.0752303,1.70323
6045369796311,6045355448000,6045355448000,6045369786200,73729,14.3382,6045382462589,27.0146,0,37823,145754,0,0,1,0,0,0.011973,452,448,311,0.694196,2.57809,4.4419,0.739524,0.214706,0.356567,8.6167,0.000918508,0.0161684,0.0668692,-0.0895463,1,1.3504,-0.076715,0.076715,1.3504,1,1,0.0677573,1.3429,0.00895764,0.00750329,0,0,0,0,0,0,0,0,0,0,0,0,0,0,0,0,0,0,0,0,0,0,0,255,0.22,2.23137,0.22,0.0494862,1.10713,1,1,1,1,0,1,1,-0.501252,-3.06373,0.114752,0.276655,-0.0611847,0.0127304,40.1898,36475,1,367,134.406,9119,0,0.000884653,0.00708198,0.00923182,0,0,0,1,311,0.225,0.000778946,0.0136987,0.0030822,-0.000175263,0.00298808,-0.000774087,0.190622,0.125061,0.0180385,-0.01827,-0.196685,0.000221241,0.0337648,-0.0320705,12.9352,2,0,0,0,0,0,-1,1,-9.04616e-07,-3.41771e-06,-0.195399,0,40.3952,1,1010,1010,1010,1010,0,0,0,0,40.3989,53,0.0329475,1.36659,9,0.310787,1.2451,0,0,0,50,0.0618727,1.40227,45,0.05348,1.32242,10,0.0660209,1.39141,48,0.0597267,1.39082,52,0.0600138,1.38004,44,0.0772734,1.36927
6045382975297,6045363478000,6045363478000,6045382964241,73729,19.4862,6045394780031,31.302,0,37823,145755,0,0,1,0,0,0.00803,463,462,363,0.785714,2.57044,4.98428,0.682913,0.243002,-0.0123291,8.44489,0.000178479,0.0157842,0.0470189,-0.0904584,1,1.96565,-0.0222265,0.0222265,1.96565,1,1,0.0175251,1.95972,0.00470136,0.00593566,0,0,0,0,0,0,0,0,0,0,0,0,0,0,0,0,0,0,0,0,0,0,0,255,0.22,5.25496,0.22,0.00294118,1.62557,1,1,1,1,1,1,1,-0.501252,-3.06373,0.114752,0.276655,-0.0611847,0.0127304,52.5148,36475,1,367,146.731,9119,0,0.000884653,0.00708198,0.00923182,0,0,0,1,363,0.225,0.000151068,0.0133736,0.00300906,-3.39902e-05,0.00294393,-0.000621343,0.193566,0.12444,0.018203,-0.0179081,-0.196711,0.00324175,0.0267105,-0.0143315,12.1125,1,0,0,0,0,0,-1,1,-9.04616e-07,-3.41771e-06,-0.19607,0,0.212612,1,1010,1010,1010,1010,0,0,0,0,0.217538,55,-0.000451966,1.97347,11,0.208245,1.77035,12,0.0243593,1.9949,51,0.0249655,2.04616,37,0.000584712,1.93989,48,0.0190216,1.94309,46,0.048673,2.03007,47,-0.0171013,2.00287,56,0.00032651,2.01195
6045395373628,6045383465000,6045383465000,6045395367831,73729,11.9028,6045410898648,27.4336,1,37824,145756,0,0,1,0,0,0.019987,468,463,281,0.606911,2.58848,8.55306,0.898951,0.200965,0.293335,17.3379,0.000488983,0.0327921,-0.0491419,-0.0449743,1,1.64067,-0.024465,0.024465,1.64067,1,1,0.0269493,1.63283,-0.00248424,0.00784382,0,0,0,0,0,0,0,0,0,0,0,0,0,0,0,0,0,0,0,0,0,0,0,255,0.22,7.34594,0.22,0.0329292,1.3579,1,1,1,1,0,1,1,-0.487258,-3.06686,0.114835,0.276879,-0.057716,0.0143757,16.0815,36476,1,367,162.835,9119,0,0.000884653,0.00708198,0.00923182,0,0,0,1,281,0.225,0.000412268,0.0277847,0.00625157,-9.27602e-05,0.00611228,-0.00131112,0.199678,0.123129,0.0180151,-0.0175729,-0.196468,-0.00154076,0.0352972,0.00771067,15.9247,1,0,0,0,0,0,-1,1,-9.04616e-07,-3.41771e-06,-0.19607,0,16.2816,1,1010,1010,1010,1010,0,0,0,0,16.2865,29,0.0106959,1.62737,0,0,0,17,0.0270895,1.68472,40,0.0207306,1.67721,30,0.0254557,1.61593,38,0.0367937,1.60799,37,0.0477803,1.64989,37,0.0240098,1.63264,53,0.0200901,1.66602
6045411394393,6045395450000,6045395450000,6045411383374,73729,15.9334,6045424750268,29.3003,0,37824,145757,0,0,1,0,0,0.011985,481,477,375,0.786164,2.5465,4.9848,0.738395,0.254484,-0.162933,8.29593,-0.000336504,0.0154906,-0.0626646,-0.0337788,1,1.2925,0.0280771,-0.0280771,1.2925,1,1,-0.0112556,1.28813,-0.0168215,0.00437468,0,0,0,0,0,0,0,0,0,0,0,0,0,0,0,0,0,0,0,0,0,0,0,255,0.22,3.25065,0.22,-0.0169756,1.06895,1,1,1,1,0,1,1,-0.487258,-3.06686,0.114835,0.276879,-0.057716,0.0143757,29.9476,36476,1,367,176.702,9119,0,0.000884653,0.00708198,0.00923182,0,0,0,1,375,0.225,-0.00028708,0.0131259,0.00295334,6.45931e-05,0.00290929,-0.000509595,0.202588,0.122619,0.017665,-0.0172106,-0.19527,-0.0182686,0.019686,0.0459424,13.6098,2,0,0,0,0,0,-1,1,-9.04616e-07,-3.41771e-06,-0.19607,0,30.1788,1,1010,1010,1010,1010,0,0,0,0,30.1838,47,-0.0423473,1.24711,3,-0.139552,1.07465,42,-0.0702317,1.2977,53,-0.036905,1.3044,36,-0.044758,1.28579,44,-0.0226738,1.25071,49,0.00264974,1.32666,45,-0.0168666,1.3024,56,-0.0400432,1.36465
6045425292605,6045415456000,6045415456000,6045425286865,73729,9.83086,6045440235492,24.7795,1,37825,145758,0,0,1,0,0,0.020006,460,456,187,0.410088,2.58172,6.91957,2.56939,0.151038,-0.0310059,17.5975,6.96991e-05,0.0335547,-0.0782165,-0.129217,1,1.67723,-0.00348391,0.00348391,1.67723,1,1,0.0277701,1.67205,-0.0242862,0.00517482,0,0,0,0,0,0,0,0,0,0,0,0,0,0,0,0,0,0,0,0,0,0,0,255,0.22,6.96512,0.22,0.0160406,1.38417,1,1,1,1,0,1,1,-0.472516,-3.07003,0.114966,0.290095,-0.0607846,0.0175437,1.09803,36477,1,367,192.168,9119,0,0.000884653,0.00708198,0.00923182,0,0,0,1,187,0.225,5.11122e-05,0.0284217,0.00639489,-1.15003e-05,0.00627246,-0.00124073,0.20886,0.121379,0.0172876,-0.0168868,-0.193487,-0.00403174,0.0232867,0.0842048,1.02347,2,0,0,0,0,0,-1,1,-9.04616e-07,-3.41771e-06,-0.192239,0,0.162557,1,1010,1010,1010,1010,0,0,0,0,1.27006,0,0,0,0,0,0,22,-0.0249011,1.67168,23,0.0212777,1.66844,19,0.0102272,1.67855,30,0.0257183,1.60377,27,-0.000215479,1.69282,18,-0.0229694,1.70362,48,0.000160618,1.7209
6045440701866,6045431493000,6045431493000,6045440695644,73729,9.20264,6045456354480,24.8615,1,37826,145759,0,0,1,0,0,0.016037,471,462,179,0.387446,2.582,7.4573,3.11078,0.185816,-0.692841,17.7044,-0.00140954,0.0333926,-0.104397,-0.0657186,1,2.08222,0.0878932,-0.0878932,2.08222,1,1,-0.0541556,2.07806,-0.0337376,0.00416132,0,0,0,0,0,0,0,0,0,0,0,0,0,0,0,0,0,0,0,0,0,0,0,255,0.22,2.11635,0.22,-0.0720581,1.74415,1,1,1,2,1,1,1,-0.472516,-3.07003,0.114966,0.290095,-0.0607846,0.0175437,17.2182,36477,1,367,208.288,9119,0,0.000884653,0.00708198,0.00923182,0,0,0,1,179,0.225,-0.00120213,0.0282869,0.00636456,0.00027048,0.00629768,-0.000952704,0.215158,0.120426,0.0169277,-0.0167463,-0.192613,-0.03824,0.0187259,0.0908634,14.6886,1,0,0,0,0,0,-1,1,-9.04616e-07,-3.41771e-06,-0.192239,0,16.2734,1,1010,1010,1010,1010,0,0,0,0,17.3809,2,0,0,0,0,0,15,-0.132309,2.06979,35,-0.0705936,2.08945,14,-0.0670922,2.07901,18,-0.0824071,1.98352,26,-0.104885,2.15545,23,-0.111042,2.12006,46,-0.097778,2.11459
6045456835039,6045443466000,6045443466000,6045456823910,73729,13.3579,6045468185511,24.7195,0,37826,145760,0,0,1,0,0,0.011973,496,490,321,0.655102,2.60093,4.74411,0.853451,0.226502,-0.00250244,8.63644,-0.000246045,0.016038,-0.128741,0.0822061,1,1.33951,0.02055,-0.02055,1.33951,1,1,0.0112942,1.33557,-0.0318442,0.00394323,0,0,0,0,0,0,0,0,0,0,0,0,0,0,0,0,0,0,0,0,0,0,0,255,0.22,7.73378,0.22,0.0070622,1.13518,1,1,1,1,0,1,1,-0.472516,-3.07003,0.114966,0.290095,-0.0607846,0.0175437,29.0541,36477,1,367,11.7977,9120,0,0.000884653,0.00667833,0.018249,0,0,0,1,321,0.225,-0.000209863,0.0135863,0.00305691,4.72193e-05,0.00300952,-0.000535842,0.218167,0.11989,0.0167278,-0.0164844,-0.191648,-0.0261398,0.0177445,0.0937272,11.6206,1,0,0,0,0,0,-1,1,-9.04616e-07,-3.41771e-06,-0.192239,0,28.158,1,1010,1010,1010,1010,0,0,0,0,29.2655,23,0.0361242,1.33776,4,0.0192382,1.14161,32,-0.0183352,1.28384,53,-1.59774e-05,1.36022,40,-0.0527724,1.34893,43,-0.0175323,1.34966,30,-0.0571782,1.40225,41,-0.0406206,1.31907,55,-0.0555735,1.38494
6045468685700,6045451479000,6045451479000,6045468676607,73729,17.1976,6045480953030,29.474,0,37826,145761,0,0,1,0,0,0.008013,495,489,343,0.701431,2.57915,4.99404,0.857784,0.242169,-0.283813,8.74554,-0.000649341,0.0160672,-0.18641,0.170547,1,2.00514,0.081036,-0.081036,2.00514,1,1,-0.0482679,1.99981,-0.0327681,0.00533398,0,0,0,0,0,0,0,0,0,0,0,0,0,0,0,0,0,0,0,0,0,0,0,255,0.22,-0.327576,0.22,-0.0231815,1.72322,1,1,1,1,0,1,1,-0.472516,-3.07003,0.114966,0.290095,-0.0607846,0.0175437,41.8224,36477,1,367,24.5661,9120,0,0.000884653,0.00667833,0.018249,0,0,0,1,343,0.225,-0.00055352,0.0136094,0.00306211,0.000124542,0.00303023,-0.000455147,0.221197,0.119435,0.0161774,-0.0159533,-0.189737,-0.0230557,0.0240029,0.0995206,12.542,2,0,0,0,0,0,-1,1,-9.04616e-07,-3.41771e-06,-0.192239,0,40.9432,1,1010,1010,1010,1010,0,0,0,0,42.0507,18,-0.10672,1.82982,5,-0.0482073,1.68951,32,-0.0443801,1.91266,54,-0.0624852,2.09212,45,-0.128656,2.05258,43,-0.11689,2.02848,54,-0.0112722,2.04269,44,-0.137738,1.98853,48,-0.154304,2.04741
6045481481015,6045471488000,6045471488000,6045481473626,73729,9.98563,6045499756889,28.2689,1,37827,145762,0,0,1,0,0,0.020009,497,494,164,0.331984,2.60476,7.88241,5.05074,0.141483,-0.387146,17.5473,-0.000566144,0.0326621,0.0136906,-0.00582494,1,1.63237,0.0282945,-0.0282945,1.63237,1,1,-0.0125902,1.629,-0.0157043,0.0033723,0,0,0,0,0,0,0,0,0,0,0,0,0,0,0,0,0,0,0,0,0,0,0,255,0.22,2.30798,0.22,-0.0185658,1.37892,1,1,1,1,0,1,1,-0.458468,-3.07298,0.115111,0.284704,-0.0572721,0.0150772,3.54243,36478,1,367,43.3635,9120,0,0.000884653,0.00667833,0.018249,0,0,0,1,164,0.225,-0.000485731,0.0276656,0.00622475,0.00010929,0.00613408,-0.00105975,0.227331,0.118375,0.0163834,-0.0153776,-0.18863,0.00347521,0.0151753,0.0593156,3.38073,3,0,0,0,0,0,-1,1,-9.04616e-07,-3.41771e-06,-0.1883,0,3.70619,1,1010,1010,1010,1010,0,0,0,0,3.71053,7,-0.0813879,1.38103,0,0,0,9,-0.100046,1.6679,25,-0.039831,1.64267,24,-0.0243052,1.67669,18,-0.0529107,1.66184,16,0.0404861,1.69812,29,-0.0181011,1.68596,36,-0.0352803,1.63834
6045500204671,6045491528000,6045491528000,6045500199763,73729,8.67176,6045519040901,27.5129,1,37828,145763,0,0,1,0,0,0.02004,500,497,192,0.386318,2.5787,7.44924,4.88772,0.167205,0.270477,17.6773,0.000697628,0.0334496,0.00616915,-0.0675474,1,1.66914,-0.0348118,0.0348118,1.66914,1,1,0.0324821,1.66401,0.00232969,0.00512778,0,0,0,0,0,0,0,0,0,0,0,0,0,0,0,0,0,0,0,0,0,0,0,255,0.22,0.702524,0.22,0.024119,1.3928,1,1,1,1,1,1,1,-0.458468,-3.07298,0.115111,0.284704,-0.0572721,0.0150772,22.83,36478,1,367,62.651,9120,0,0.000884653,0.00667833,0.018249,0,0,0,1,192,0.225,0.000585546,0.0283368,0.00637578,-0.000131748,0.00623701,-0.00132612,0.233568,0.117049,0.0164608,-0.0152284,-0.188841,0.00549708,0.023075,-0.00398923,12.1399,1,0,0,0,0,0,-1,1,-9.04616e-07,-3.41771e-06,-0.1883,0,23.0016,1,1010,1010,1010,1010,0,0,0,0,23.006,6,0.166062,1.66892,0,0,0,13,0.00848635,1.65449,33,0.0281415,1.65549,24,-0.00215188,1.62508,26,0.0263395,1.69553,23,0.0411162,1.68933,35,0.0300007,1.68139,32,0.0481835,1.68727
6045519571367,6045511487000,6045511487000,6045519564571,73729,8.07757,6045537381979,25.895,1,37829,145764,0,0,1,0,0,0.019959,500,499,192,0.38477,2.59915,7.99611,3.20732,0.15339,0.0494614,17.9387,0.000361535,0.0336765,0.0364982,0.020334,1,1.68728,-0.0181139,0.0181139,1.68728,1,1,0.0119952,1.68085,0.00611871,0.0064284,0,0,0,0,0,0,0,0,0,0,0,0,0,0,0,0,0,0,0,0,0,0,0,255,0.22,-0.168779,0.22,-0.00927533,1.42407,1,1,1,1,0,1,1,-0.458468,-3.07298,0.115111,0.284704,-0.0572721,0.0150772,41.1678,36478,1,367,80.9888,9120,0,0.000884653,0.00667833,0.018249,0,0,0,1,192,0.225,0.000304419,0.0285335,0.00642003,-6.84942e-05,0.00629188,-0.00127472,0.23986,0.115774,0.0163231,-0.0148399,-0.189224,-0.00602959,0.0289278,-0.026851,18.1754,1,0,0,0,0,0,-1,1,-9.04616e-07,-3.41771e-06,-0.1883,0,41.3482,1,1010,1010,1010,1010,0,0,0,0,0.134983,20,0.0259977,1.73884,0,0,0,7,0.0365844,1.72769,38,0.01591,1.68226,21,-0.00641732,1.66113,35,0.0150569,1.67951,20,0.0249387,1.65184,25,-0.00377619,1.71452,26,0.0140547,1.72234
6045537812797,6045523466000,6045523466000,6045537802871,73729,14.3369,6045550627150,27.1611,0,37829,145765,0,0,1,0,0,0.011979,500,498,280,0.562249,2.62461,5.17063,1.4566,0.229557,0.0831146,8.82155,0.000629123,0.0151097,0.0442018,0.371146,1,1.26135,-0.0525188,0.0525188,1.26135,1,1,0.0425202,1.25413,0.0099986,0.00721504,0,0,0,0,0,0,0,0,0,0,0,0,0,0,0,0,0,0,0,0,0,0,0,255,0.22,6.82875,0.22,0.0198768,1.14248,1,1,1,1,0,1,1,-0.443546,-3.07589,0.115162,0.297172,-0.0570365,0.014681,3.3026,36479,1,367,94.2362,9120,0,0.000884653,0.00667833,0.018249,0,0,0,1,280,0.225,0.000531295,0.012794,0.00287866,-0.000119541,0.00280388,-0.000661602,0.242664,0.115113,0.016331,-0.0141038,-0.19022,-0.00148028,0.0324677,-0.0371792,3.09219,3,0,0,0,0,0,-1,1,-9.04616e-07,-3.41771e-06,-0.189654,0,3.49228,1,1010,1010,1010,1010,0,0,0,0,13.392,6,0.0207472,0.962851,11,0.206482,0.793035,8,0.410444,0.870457,51,0.102877,1.36305,44,0.00172709,1.2522,30,-0.0413891,1.30427,46,0.160578,1.29758,42,-0.00862012,1.32919,42,-0.0589087,1.31977
6045551102135,6045531488000,6045531488000,6045551091764,73729,19.6038,6045563177075,31.6891,0,37829,145766,0,0,1,0,0,0.008022,500,499,276,0.553106,2.61828,5.20861,1.16406,0.207076,0.0624008,9.00357,0.000421139,0.0169741,0.110847,-0.130894,1,2.11595,-0.052498,0.052498,2.11595,1,1,0.0451723,2.10998,0.00732573,0.00596753,0,0,0,0,0,0,0,0,0,0,0,0,0,0,0,0,0,0,0,0,0,0,0,255,0.22,0.941581,0.22,0.0338709,1.75756,1,1,1,1,1,1,1,-0.443546,-3.07589,0.115162,0.297172,-0.0570365,0.014681,15.8602,36479,1,367,106.794,9120,0,0.000884653,0.00667833,0.018249,0,0,0,1,276,0.225,0.000355203,0.0143769,0.0032348,-7.99206e-05,0.00316105,-0.00069003,0.245825,0.114423,0.016331,-0.0141038,-0.19022,-0.00452291,0.0268539,-0.029991,15.6427,0,0,0,0,0,0,-1,1,-9.04616e-07,-3.41771e-06,-0.189654,0,16.0568,1,1010,1010,1010,1010,0,0,0,0,25.9566,16,0.183817,2.24669,3,0.2608,1.78799,8,-0.19287,2.11158,38,-0.0118073,2.13712,39,0.038144,2.14719,40,0.0495382,2.10933,47,0.104142,2.15502,37,0.00871071,2.14193,48,0.0897702,2.18885
6045563730634,6045551481000,6045551481000,6045563724134,73729,12.2431,6045582017749,30.5367,1,37830,145767,0,0,1,0,0,0.019993,500,487,177,0.36345,2.59859,8.38891,4.5454,0.149686,-0.201141,18.4836,5.41497e-05,0.0347345,0.142865,-0.0102015,1,1.73733,-0.00270843,0.00270843,1.73733,1,1,0.00134922,1.7317,0.00135921,0.00563318,0,0,0,0,0,0,0,0,0,0,0,0,0,0,0,0,0,0,0,0,0,0,0,255,0.22,3.40891,0.22,-0.00873982,1.44338,1,1,1,1,0,1,1,-0.443546,-3.07589,0.115162,0.297172,-0.0570365,0.014681,34.6972,36479,1,367,125.631,9120,0,0.000884653,0.00667833,0.018249,0,0,0,1,177,0.225,3.86656e-05,0.0294299,0.00662174,-8.69977e-06,0.00650004,-0.00126046,0.252325,0.113162,0.0162485,-0.0137444,-0.190225,-0.0102957,0.0253493,-0.0131298,18.7005,1,0,0,0,0,0,-1,1,-9.04616e-07,-3.41771e-06,-0.189654,0,34.8632,1,1010,1010,1010,1010,0,0,0,0,44.7629,9,-0.0107225,1.68923,0,0,0,12,-0.0360988,1.76938,36,-0.0151636,1.74679,21,0.00421998,1.72565,34,0.0118384,1.74557,24,0.0163317,1.71503,19,0.0246265,1.73718,22,0.0115261,1.7802
6045582495882,6045571485000,6045571485000,6045582487975,73729,11.003,6045601457243,29.9722,1,37831,145768,0,0,1,0,0,0.020004,500,500,174,0.348,2.63121,8.07134,4.578,0.148038,-0.0318756,19.1626,0.000710619,0.0357341,0.201003,-0.0174346,1,1.78635,-0.0355238,0.0355238,1.78635,1,1,0.0504415,1.77772,-0.0149177,0.00863055,0,0,0,0,0,0,0,0,0,0,0,0,0,0,0,0,0,0,0,0,0,0,0,255,0.22,1.89374,0.22,0.0144691,1.49822,1,1,1,1,0,1,1,-0.427949,-3.0789,0.115103,0.310916,-0.0592718,0.011858,3.92679,36480,1,367,145.064,9120,0,0.000884653,0.00667833,0.018249,0,0,0,1,174,0.225,0.000593396,0.0302791,0.0068128,-0.000133514,0.00666767,-0.0014028,0.258993,0.111759,0.0162302,-0.0120476,-0.18777,-0.00491857,0.0388375,0.0497687,3.7614,4,0,0,0,0,0,-1,1,-9.04616e-07,-3.41771e-06,-0.188237,0,4.09759,1,1010,1010,1010,1010,0,0,0,0,4.10205,11,-0.0288318,1.6658,0,0,0,18,-0.0341948,1.82039,19,0.00563651,1.7656,19,0.0216657,1.75177,34,0.0212922,1.80398,26,0.0800517,1.78999,17,0.073767,1.83905,30,0.0624179,1.81161
6045601918894,6045591492000,6045591492000,6045601913191,73729,10.4212,6045620072712,28.5807,1,37832,145769,0,0,1,0,0,0.020007,500,493,146,0.296146,2.62378,7.9565,4.99546,0.131131,-0.392014,18.851,-0.000796074,0.0353951,-0.0474788,0.0574233,1,1.76913,0.0397898,-0.0397898,1.76913,1,1,-0.0186294,1.7608,-0.0211604,0.00833741,0,0,0,0,0,0,0,0,0,0,0,0,0,0,0,0,0,0,0,0,0,0,0,255,0.22,1.03015,0.22,-0.0285123,1.46747,1,1,1,1,1,1,1,-0.427949,-3.0789,0.115103,0.310916,-0.0592718,0.011858,22.5462,36480,1,367,163.683,9120,0,0.000884653,0.00667833,0.018249,0,0,0,1,146,0.225,-0.000686117,0.0299778,0.00674501,0.000154376,0.00665475,-0.00110734,0.265648,0.110652,0.0162302,-0.0120476,-0.18777,0.00731563,0.0375183,0.0820299,22.3696,0,0,0,0,0,0,-1,1,-9.04616e-07,-3.41771e-06,-0.188237,0,22.7144,1,1010,1010,1010,1010,0,0,0,0,22.7188,0,0,0,0,0,0,12,-0.0179339,1.7293,13,0.0104007,1.86045,23,-0.0774319,1.79569,28,-0.058209,1.76772,27,-0.0288887,1.7345,20,-0.0531175,1.76854,23,-0.0554709,1.77252
6045620579901,6045611477000,6045611477000,6045620572605,73729,9.0956,6045638996572,27.5196,1,37833,145770,0,0,1,0,0,0.019985,500,498,156,0.313253,2.63043,8.09926,5.04311,0.136242,-0.294464,19.8007,-0.000804711,0.0375446,-0.0572417,0.00980134,1,1.87864,0.0402657,-0.0402657,1.87864,1,1,-0.0183236,1.87109,-0.0219421,0.00754422,0,0,0,0,0,0,0,0,0,0,0,0,0,0,0,0,0,0,0,0,0,0,0,255,0.22,-0.605486,0.22,-0.0331749,1.56247,1,1,1,1,0,1,1,-0.427949,-3.0789,0.115103,0.310916,-0.0592718,0.011858,41.4706,36480,1,367,182.608,9120,0,0.000884653,0.00667833,0.018249,0,0,0,1,156,0.225,-0.000693592,0.0317972,0.00715438,0.000156058,0.00705906,-0.0011712,0.272707,0.109481,0.0158765,-0.0117658,-0.186225,0.00634042,0.033949,0.084064,18.7619,2,0,0,0,0,0,-1,1,-9.04616e-07,-3.41771e-06,-0.188237,0,41.6529,1,1010,1010,1010,1010,0,0,0,0,0.104427,0,0,0,0,0,0,13,-0.0344006,1.8845,18,-0.0567697,1.866,27,-0.043399,1.90867,35,-0.0297717,1.88784,18,-0.0385042,1.8453,13,-0.0347184,1.8904,32,-0.043473,1.82741
6045639470983,6045623459000,6045623459000,6045639459909,73729,16.0009,6045652290225,28.8312,0,37833,145771,0,0,1,0,0,0.011982,500,499,278,0.557114,2.61504,5.44041,1.35571,0.202706,-0.715347,9.9946,-0.00149369,0.0190534,-0.0715402,-0.0270943,1,1.59017,0.124661,-0.124661,1.59017,1,1,-0.0985919,1.57877,-0.0260688,0.0114054,0,0,0,0,0,0,0,0,0,0,0,0,0,0,0,0,0,0,0,0,0,0,0,255,0.22,7.43416,0.22,-0.12264,1.30232,1,1,1,1,0,1,1,-0.427949,-3.0789,0.115103,0.310916,-0.0592718,0.011858,54.7675,36480,1,367,195.905,9120,0,0.000884653,0.00667833,0.018249,0,0,0,1,278,0.225,-0.00126933,0.0161426,0.00363209,0.0002856,0.00362208,-0.000390197,0.276329,0.109091,0.0156037,-0.010753,-0.18578,-0.0345912,0.0513241,0.0661748,13.1254,1,0,0,0,0,0,-1,1,-9.04616e-07,-3.41771e-06,-0.185026,0,0.181131,1,1010,1010,1010,1010,0,0,0,0,13.4144,14,-0.0270571,1.7436,2,0,0,22,-0.105264,1.55493,46,-0.127496,1.5883,39,-0.129667,1.56821,48,-0.103983,1.55313,29,-0.157858,1.58758,34,-0.121249,1.59548,44,-0.125874,1.59078
6045652797562,6045639537000,6045639537000,6045652791154,73729,13.2542,6045670676211,31.1392,1,37834,145772,0,0,1,0,0,0.016078,500,497,152,0.305835,2.64317,7.91085,5.04906,0.13363,0.189911,20.3249,0.000655458,0.0386342,-0.0324652,-0.115417,1,2.40292,-0.0407674,0.0407674,2.40292,1,1,0.049775,2.38904,-0.00900763,0.0138823,0,0,0,0,0,0,0,0,0,0,0,0,0,0,0,0,0,0,0,0,0,0,0,255,0.22,1.19714,0.22,0.0341868,1.98808,1,1,1,1,1,1,1,-0.411576,-3.08187,0.114945,0.323626,-0.0582609,0.0117263,18.3717,36481,1,367,18.3296,9121,0,0.000884653,0.00635636,0.0275179,0,0,0,1,152,0.225,0.000555122,0.032731,0.00736447,-0.000124902,0.0072152,-0.00147873,0.283544,0.107612,0.0157873,-0.00999941,-0.18519,0.0106866,0.0624701,0.0409768,18.2113,2,0,0,0,0,0,-1,1,-9.04616e-07,-3.41771e-06,-0.185026,0,18.5415,1,1010,1010,1010,1010,0,0,0,0,31.7747,5,0.0610146,2.32584,2,0,0,24,0.0411511,2.36749,7,0.152572,2.43248,27,0.0220158,2.43356,35,0.0403781,2.38093,2,0,0,19,0.0240837,2.39996,31,0.0347328,2.43723
6045671207770,6045659492000,6045659492000,6045671198918,73729,11.7069,6045690281558,30.7896,1,37835,145773,0,0,1,0,0,0.019955,500,495,129,0.260606,2.62487,8.24808,5.10296,0.123316,-1.37973,19.8792,-0.00140269,0.0364346,0.265841,-0.0898539,1,1.82584,0.0702928,-0.0702928,1.82584,1,1,-0.0578689,1.82232,-0.012424,0.00351605,0,0,0,0,0,0,0,0,0,0,0,0,0,0,0,0,0,0,0,0,0,0,0,255,0.22,-0.680265,0.22,-0.117011,1.52231,1,1,1,1,0,1,1,-0.411576,-3.08187,0.114945,0.323626,-0.0582609,0.0117263,37.9759,36481,1,367,37.9338,9121,0,0.000884653,0.00635636,0.0275179,0,0,0,1,129,0.225,-0.00119144,0.030869,0.00694553,0.000268073,0.00687579,-0.00101524,0.29042,0.106597,0.0149423,-0.00965149,-0.18517,-0.0429587,0.0158222,0.0103593,19.4335,2,0,0,0,0,0,-1,1,-9.04616e-07,-3.41771e-06,-0.185026,0,38.1286,1,1010,1010,1010,1010,0,0,0,0,0.103779,4,-0.075935,1.84099,0,0,0,19,-0.11425,1.82864,9,-0.0545414,1.72813,21,-0.0918817,1.84731,40,-0.0671534,1.84497,2,0,0,9,-0.0561273,1.84425,25,-0.0296023,1.80697
6045690744357,6045679492000,6045679492000,6045690738283,73729,11.2463,6045710241222,30.7492,1,37836,145774,0,0,1,0,0,0.02,500,493,110,0.223124,2.65106,8.53554,5.00418,0.106723,-0.493149,21.4061,-0.00196224,0.0401936,-0.0707232,0.148852,1,2.00968,0.0981119,-0.0981119,2.00968,1,1,-0.0881711,2.00196,-0.00994075,0.00772455,0,0,0,0,0,0,0,0,0,0,0,0,0,0,0,0,0,0,0,0,0,0,0,255,0.22,7.87198,0.22,0.00335632,1.69405,1,1,1,1,0,1,1,-0.394531,-3.08477,0.114993,0.346292,-0.0570364,0.024216,19.8981,36482,1,367,57.8853,9121,0,0.000884653,0.00635636,0.0275179,0,0,0,1,110,0.225,-0.00166626,0.0340654,0.00766472,0.000374909,0.00760224,-0.00104389,0.298022,0.105553,0.0125871,-0.00840425,-0.185332,-0.0494747,0.0347605,-0.00379311,3.07748,4,0,0,0,0,0,-1,1,-9.04616e-07,-3.41771e-06,-0.184998,0,3.38288,1,1010,1010,1010,1010,0,0,0,0,20.0502,0,0,0,1,0,0,23,-0.116975,2.01937,1,0,0,4,-0.0854118,1.95162,45,-0.0705688,2.05588,0,0,0,20,-0.0818161,1.97712,16,-0.0555697,1.98022
6045710631614,6045699497000,6045699497000,6045710625336,73729,11.1283,6045729580233,30.0832,1,37837,145775,0,0,1,0,0,0.020005,500,498,134,0.269076,2.64996,8.78416,5.07215,0.124279,-2.17253,21.6257,-0.00421091,0.0404299,0.0108115,0.116385,1,2.02099,0.210493,-0.210493,2.02099,1,1,-0.192086,2.01335,-0.0184068,0.00764326,0,0,0,0,0,0,0,0,0,0,0,0,0,0,0,0,0,0,0,0,0,0,0,255,0.22,7.94319,0.22,-0.155131,1.68165,1,1,1,1,1,1,1,-0.394531,-3.08477,0.114993,0.346292,-0.0570364,0.024216,39.2435,36482,1,367,77.2307,9121,0,0.000884653,0.00635636,0.0275179,0,0,0,1,134,0.225,-0.00358435,0.0342426,0.00770459,0.000806479,0.00772113,-0.000625193,0.305743,0.104928,0.012283,-0.00744411,-0.185087,-0.0640674,0.0343947,0.0150105,11.3393,1,0,0,0,0,0,-1,1,-9.04616e-07,-3.41771e-06,-0.184998,0,22.7308,1,1010,1010,1010,1010,0,0,0,0,39.3981,0,0,0,0,0,0,21,-0.217216,1.98677,7,-0.212594,1.90881,31,-0.190883,2.03135,33,-0.227266,2.01854,18,-0.168416,2.02537,17,-0.204294,2.03048,7,-0.287659,2.04037
6045730073515,6045719494000,6045719494000,6045730066978,73729,10.573,6045749819177,30.3252,1,37838,145776,0,0,1,0,0,0.019997,500,497,107,0.215292,2.68054,9.89546,5.02257,0.104612,-0.898285,21.8966,5.31744e-05,0.0401017,0.336067,-0.1555,1,2.00538,-0.00265912,0.00265912,2.00538,1,1,0.0174698,1.99235,-0.0148107,0.0130302,0,0,0,0,0,0,0,0,0,0,0,0,0,0,0,0,0,0,0,0,0,0,0,255,0.22,7.44102,0.22,0.0168859,1.72023,1,1,1,1,0,1,1,-0.377094,-3.08757,0.115282,0.355592,-0.0565425,0.0208924,2.92339,36483,1,367,97.4648,9121,0,0.000884653,0.00635636,0.0275179,0,0,0,1,107,0.225,4.19617e-05,0.0339776,0.00764496,-9.44139e-06,0.00751427,-0.00140682,0.313258,0.103521,0.0115102,-0.0058878,-0.183842,-0.0151042,0.0586359,0.0412352,2.75154,3,0,0,0,0,0,-1,1,-9.04616e-07,-3.41771e-06,-0.183956,0,3.06806,1,1010,1010,1010,1010,0,0,0,0,3.07243,3,-0.0403375,2.01157,0,0,0,10,-0.0241994,2.03236,2,0,0,7,-0.0572882,2.07482,42,0.00069868,2.00561,1,0,0,11,0.0258168,1.95007,31,0.0355158,2.02277
6045750250514,6045739499000,6045739499000,6045750244903,73729,10.7459,6045769260616,29.7616,1,37839,145777,0,0,1,0,0,0.020005,500,498,126,0.253012,2.68296,8.91947,5.02063,0.116963,-0.669601,21.937,-0.00223326,0.0413233,-0.160329,0.182864,1,2.06565,0.111635,-0.111635,2.06565,1,1,-0.0858879,2.05293,-0.0257472,0.0127234,0,0,0,0,0,0,0,0,0,0,0,0,0,0,0,0,0,0,0,0,0,0,0,255,0.22,6.8444,0.22,-0.0107001,1.71323,1,1,1,1,0,1,1,-0.377094,-3.08757,0.115282,0.355592,-0.0565425,0.0208924,22.3706,36483,1,367,116.912,9121,0,0.000884653,0.00635636,0.0275179,0,0,0,1,126,0.225,-0.00190465,0.0349903,0.00787281,0.000428545,0.00781831,-0.00101789,0.321076,0.102503,0.0115102,-0.0058878,-0.183842,-0.0594427,0.0572552,0.0451358,22.1871,0,0,0,0,0,0,-1,1,-9.04616e-07,-3.41771e-06,-0.183956,0,22.5195,1,1010,1010,1010,1010,0,0,0,0,22.5239,0,0,0,1,0,0,6,-0.117968,2.01176,0,0,0,21,-0.0956306,2.05803,38,-0.0988771,2.05465,7,-0.11775,2.15586,21,-0.110915,2.06614,32,-0.149148,2.07963
6045769699748,6045759496000,6045759496000,6045769693434,73729,10.1974,6045788724332,29.2283,1,37840,145778,0,0,1,0,0,0.019997,500,495,69,0.139394,2.66494,9.39303,5.0552,0.085316,-0.338959,21.9866,0.00094124,0.0412035,0.315026,-0.0740872,1,2.06048,-0.0470691,0.0470691,2.06048,1,1,0.0478777,2.04731,-0.000808642,0.0131765,0,0,0,0,0,0,0,0,0,0,0,0,0,0,0,0,0,0,0,0,0,0,0,255,0.22,6.49425,0.22,-0.0166279,1.6997,1,1,1,1,1,1,1,-0.377094,-3.08757,0.115282,0.355592,-0.0565425,0.0208924,41.8322,36483,1,367,136.374,9121,0,0.000884653,0.00635636,0.0275179,0,0,0,1,69,0.225,0.00077903,0.0348948,0.00785132,-0.000175282,0.00768608,-0.00161159,0.328762,0.100891,0.0122758,-0.00408196,-0.184362,0.0071645,0.059294,0.00864271,11.0559,3,0,0,0,0,0,-1,1,-9.04616e-07,-3.41771e-06,-0.183956,0,41.9697,1,1010,1010,1010,1010,0,0,0,0,0.107427,0,0,0,0,0,0,0,0,0,0,0,0,2,0,0,20,0.0225962,2.05993,14,0.0362357,2.05871,24,0.0732626,2.05741,9,0.0555688,2.04682
6045789216928,6045779491000,6045779491000,6045789207131,73729,9.71613,6045808365790,28.8748,1,37841,145779,0,0,1,0,0,0.019995,500,500,67,0.134,2.73946,9.47777,4.99554,0.08276,-0.370056,22.5305,0.000956052,0.0428497,0.366644,-0.16928,1,2.14302,-0.0478145,0.0478145,2.14302,1,1,0.0292388,2.1424,0.0185757,0.000616102,0,0,0,0,0,0,0,0,0,0,0,0,0,0,0,0,0,0,0,0,0,0,0,255,0.22,5.65932,0.22,-0.0259816,1.73705,1,1,1,1,0,1,1,-0.359521,-3.0904,0.115172,0.34743,-0.0602634,0.0148527,2.05281,36484,1,367,156.012,9121,0,0.000884653,0.00635636,0.0275179,0,0,0,1,67,0.225,0.000782983,0.036302,0.00816796,-0.000176171,0.0079937,-0.00168707,0.336756,0.0992043,0.0115809,-0.00430101,-0.186434,-0.0206359,0.00277246,-0.0833813,1.91472,2,0,0,0,0,0,-1,1,-9.04616e-07,-3.41771e-06,-0.185006,0,2.18426,1,1010,1010,1010,1010,0,0,0,0,19.7405,0,0,0,0,0,0,12,-0.00827217,2.12216,0,0,0,0,0,0,9,0.049206,2.10958,26,0.0532924,2.10895,20,0.0690788,2.20294,0,0,0
6045808796515,6045799510000,6045799510000,6045808790737,73729,9.28074,6045827990007,28.48,1,37842,145780,0,0,1,0,0,0.020019,500,497,126,0.253521,2.67306,9.41255,5.0452,0.117853,-0.732025,21.8582,-0.00139439,0.0404017,0.0884229,0.0990949,1,2.01817,0.0696534,-0.0696534,2.01817,1,1,-0.0996659,2.01458,0.0300124,0.00358518,0,0,0,0,0,0,0,0,0,0,0,0,0,0,0,0,0,0,0,0,0,0,0,255,0.22,5.01924,0.22,-0.0618455,1.68238,1,1,1,1,0,1,1,-0.359521,-3.0904,0.115172,0.34743,-0.0602634,0.0148527,21.856,36484,1,367,175.816,9121,0,0.000884653,0.00635636,0.0275179,0,0,0,1,126,0.225,-0.00120275,0.0342223,0.00770002,0.000270619,0.00761522,-0.00117087,0.344371,0.0980334,0.011865,-0.00380602,-0.187688,-0.0128319,0.0161333,-0.11831,19.4931,1,0,0,0,0,0,-1,1,-9.04616e-07,-3.41771e-06,-0.185006,0,22.0331,1,1010,1010,1010,1010,0,0,0,0,39.5893,1,0,0,1,0,0,18,-0.0754824,2.00454,0,0,0,6,-0.0388118,2.08337,29,-0.074755,2.0695,29,-0.0357136,2.04154,23,-0.0429583,2.01543,19,-0.079402,2.03095
6045828667901,6045819489000,6045819489000,6045828661290,73729,9.17229,6045848280414,28.7914,1,37843,145781,0,0,1,0,0,0.019979,500,495,100,0.20202,2.65843,9.85639,5.02968,0.105538,0.314743,22.7296,0.000514168,0.0407209,0.217127,0.271539,1,2.03818,-0.0257354,0.0257354,2.03818,1,1,0.00299156,2.02979,0.0227438,0.00839366,0,0,0,0,0,0,0,0,0,0,0,0,0,0,0,0,0,0,0,0,0,0,0,255,0.22,4.59698,0.22,0.077256,1.7921,1,1,1,1,1,1,1,-0.341731,-3.09342,0.115155,0.354528,-0.0622082,0.0174402,4.66757,36485,1,367,4.62046,9122,0,0.000884653,0.00623645,0.0343408,0,0,0,1,100,0.225,0.000423548,0.0344957,0.00776153,-9.52983e-05,0.00760438,-0.00155673,0.351975,0.0964767,0.0113593,-0.00311483,-0.189648,-0.00328313,0.0377715,-0.0845043,4.57183,3,0,0,0,0,0,-1,1,-9.04617e-07,-3.41771e-06,-0.189397,0,4.80846,1,1010,1010,1010,1010,0,0,0,0,4.81294,0,0,0,1,0,0,4,-0.020471,1.86316,0,0,0,1,0,0,34,-0.0155078,2.07207,2,0,0,31,0.0945474,2.02789,27,0.0140747,2.05991
6045848767233,6045839492000,6045839492000,6045848761344,73729,9.26934,6045868258560,28.7666,1,37844,145782,0,0,1,0,0,0.020003,500,497,152,0.305835,2.67441,9.37674,5.06452,0.134556,-1.01303,21.5021,-0.00158665,0.0401538,0.103028,-0.00105814,1,2.00739,0.0793204,-0.0793204,2.00739,1,1,-0.0776858,2.00676,-0.00163461,0.000624736,0,0,0,0,0,0,0,0,0,0,0,0,0,0,0,0,0,0,0,0,0,0,0,255,0.22,4.40949,0.22,-0.0723652,1.64935,1,1,1,1,0,1,1,-0.341731,-3.09342,0.115155,0.354528,-0.0622082,0.0174402,24.6485,36485,1,367,24.6016,9122,0,0.000884653,0.00623645,0.0343408,0,0,0,1,152,0.225,-0.00135846,0.0340148,0.00765332,0.000305654,0.00757376,-0.00114204,0.359549,0.0953346,0.0113882,-0.00289157,-0.189575,-0.02456,0.00281131,-0.0137634,19.8596,1,0,0,0,0,0,-1,1,-9.04617e-07,-3.41771e-06,-0.189397,0,24.8055,1,1010,1010,1010,1010,0,0,0,0,24.8099,1,0,0,1,0,0,20,-0.0724082,1.99366,0,0,0,13,-0.0700906,2.02379,48,-0.0822433,2.02921,13,-0.0710991,1.97435,15,-0.0625658,2.00348,41,-0.0732275,2.00434
6045868713360,6045859491000,6045859491000,6045868707841,73729,9.21684,6045888812895,29.3219,1,37845,145783,0,0,1,0,0,0.019999,500,498,104,0.208835,2.66194,9.38551,5.04311,0.109168,-0.863815,22.4085,-0.00189401,0.0417515,0.0753533,0.120149,1,2.08768,0.0947053,-0.0947053,2.08768,1,1,-0.0798417,2.08548,-0.0148636,0.00220328,0,0,0,0,0,0,0,0,0,0,0,0,0,0,0,0,0,0,0,0,0,0,0,255,0.22,4.07244,0.22,-0.0313404,1.7767,1,1,1,1,0,1,1,-0.341731,-3.09342,0.115155,0.354528,-0.0622082,0.0174402,45.1993,36485,1,367,45.1522,9122,0,0.000884653,0.00623645,0.0343408,0,0,0,1,104,0.225,-0.00162017,0.0353663,0.00795741,0.000364539,0.00788405,-0.0011377,0.367433,0.0941969,0.0101821,-0.00285192,-0.189092,-0.038172,0.00991476,0.0229713,20.408,2,0,0,0,0,0,-1,1,-9.04617e-07,-3.41771e-06,-0.189397,0,45.4141,1,1010,1010,1010,1010,0,0,0,0,0.10489,0,0,0,0,0,0,15,-0.128177,2.05988,2,0,0,8,-0.0825365,2.10572,34,-0.0908641,2.10474,11,-0.0190714,2.03892,10,-0.0665568,1.99737,24,-0.0584056,2.09607
6045889275695,6045879486000,6045879486000,6045889270417,73729,9.78442,6045910445850,30.9598,1,37846,145784,0,0,1,0,0,0.019995,500,497,126,0.253521,2.7028,10.9606,5.08543,0.119835,-0.992523,21.5322,-0.00111814,0.0399231,0.130468,-0.0270328,1,1.99665,0.0559211,-0.0559211,1.99665,1,1,-0.0517668,1.98937,-0.00415436,0.00728425,0,0,0,0,0,0,0,0,0,0,0,0,0,0,0,0,0,0,0,0,0,0,0,255,0.22,4.33986,0.22,-0.03722,1.70866,1,1,1,1,1,1,1,-0.323833,-3.09651,0.1152,0.352604,-0.0702999,0.0174787,20.352,36486,1,367,66.7869,9122,0,0.000884653,0.00623645,0.0343408,0,0,0,1,126,0.225,-0.000954939,0.0338247,0.00761057,0.000214861,0.00751453,-0.00122415,0.374948,0.0929728,0.00966704,-0.00161077,-0.189709,-0.0212403,0.0327791,-0.00203656,2.63774,4,0,0,0,0,0,-1,1,-9.04616e-07,-3.41771e-06,-0.188931,0,2.94869,1,1010,1010,1010,1010,0,0,0,0,21.674,0,0,0,1,0,0,19,-0.0362387,2.03205,1,0,0,6,-0.0277584,1.97101,36,-0.077685,2.03151,2,0,0,17,-0.0744155,2.03222,44,-0.0510675,1.96721
6045910935927,6045899488000,6045899488000,6045910927631,73729,11.4396,6045930716905,31.2289,1,37847,145785,0,0,1,0,0,0.020002,500,493,123,0.249493,2.66996,9.72614,5.14683,0.114408,0.252548,21.8244,0.000150776,0.0406363,-0.0393052,0.111889,1,2.03161,-0.00753806,0.00753806,2.03161,1,1,0.00315289,2.02303,0.00438517,0.00858088,0,0,0,0,0,0,0,0,0,0,0,0,0,0,0,0,0,0,0,0,0,0,0,255,0.22,5.70891,0.22,0.0583111,1.73317,1,1,1,1,0,1,1,-0.323833,-3.09651,0.1152,0.352604,-0.0702999,0.0174787,40.6248,36486,1,367,87.0596,9122,0,0.000884653,0.00623645,0.0343408,0,0,0,1,123,0.225,0.000113161,0.0344118,0.00774267,-2.54611e-05,0.00759895,-0.00148506,0.382546,0.0914877,0.00966704,-0.00161077,-0.189709,-0.010276,0.038614,-0.0240074,22.9095,0,0,0,0,0,0,-1,1,-9.04616e-07,-3.41771e-06,-0.188931,0,23.2383,1,1010,1010,1010,1010,0,0,0,0,41.9637,0,0,0,1,0,0,6,0.00261888,1.9828,2,0,0,7,0.0755174,1.95998,32,-0.00102278,2.03916,33,0.0253274,2.0671,7,-0.0128246,2.09245,35,-0.0166331,2.03223
6045931181316,6045919484000,6045919484000,6045931175927,73729,11.6919,6045950493549,31.0095,1,37848,145786,0,0,1,0,0,0.019996,500,500,92,0.184,2.64007,9.4227,5.08652,0.10263,-0.152374,19.7694,0.000851101,0.035234,0.0938204,0.290181,1,1.76205,-0.0425636,0.0425636,1.76205,1,1,0.0201837,1.7578,0.0223799,0.00425172,0,0,0,0,0,0,0,0,0,0,0,0,0,0,0,0,0,0,0,0,0,0,0,255,0.22,5.66552,0.22,0.00140041,1.52236,1,1,1,1,0,1,1,-0.307163,-3.09966,0.115008,0.317904,-0.0627852,0.0108253,3.08882,36487,1,367,106.833,9122,0,0.000884653,0.00623645,0.0343408,0,0,0,1,92,0.225,0.000705967,0.0298295,0.00671164,-0.000158842,0.00655527,-0.00144903,0.389102,0.0900387,0.00956924,-0.000949455,-0.193888,-0.00505235,0.0191328,-0.0846094,2.85765,4,0,0,0,0,0,-1,1,-9.04616e-07,-3.41771e-06,-0.192258,0,3.22938,1,1010,1010,1010,1010,0,0,0,0,3.23538,1,0,0,1,0,0,0,0,0,0,0,0,10,0.0969078,1.70508,18,-0.0836638,1.7856,41,0.0708557,1.82636,18,-0.00993481,1.81043,3,-0.0863117,1.84479
6045950904812,6045939486000,6045939486000,6045950897663,73729,11.4117,6045967703656,28.2177,1,37849,145787,0,0,1,0,0,0.020002,500,498,191,0.383534,2.67465,8.15045,3.20786,0.145982,0.715485,20.1814,0.00188772,0.0375552,0.156494,-9.60246e-05,1,1.87757,-0.0943767,0.0943767,1.87757,1,1,0.0595847,1.87393,0.034792,0.00364779,0,0,0,0,0,0,0,0,0,0,0,0,0,0,0,0,0,0,0,0,0,0,0,255,0.22,5.10719,0.22,0.0791616,1.58812,1,1,1,1,1,1,1,-0.307163,-3.09966,0.115008,0.317904,-0.0627852,0.0108253,20.3019,36487,1,367,124.046,9122,0,0.000884653,0.00623645,0.0343408,0,0,0,1,191,0.225,0.00158831,0.0318092,0.00715708,-0.000357369,0.00695181,-0.0017389,0.396054,0.0882998,0.00956696,-0.000477737,-0.195218,-0.01591,0.016415,-0.137979,9.74005,1,0,0,0,0,0,-1,1,-9.04616e-07,-3.41771e-06,-0.192258,0,20.4779,1,1010,1010,1010,1010,0,0,0,0,20.4839,1,0,0,0,0,0,15,0.102423,1.82782,3,0.0679352,1.86188,13,0.0881513,1.91347,43,0.0962127,1.88666,36,0.109177,1.84902,37,0.0959431,1.886,43,0.102664,1.89043
6045968246901,6045959488000,6045959488000,6045968240438,73729,8.75244,6045986380663,26.8927,1,37850,145788,0,0,1,0,0,0.020002,500,498,136,0.273092,2.66322,8.22763,5.03043,0.125945,0.261139,19.4566,-0.000197328,0.0355382,0.0517901,0.245172,1,1.77673,0.0098654,-0.0098654,1.77673,1,1,-0.0392467,1.76733,0.0293813,0.00939713,0,0,0,0,0,0,0,0,0,0,0,0,0,0,0,0,0,0,0,0,0,0,0,255,0.22,2.15735,0.22,0.0435945,1.50157,1,1,1,1,0,1,1,-0.307163,-3.09966,0.115008,0.317904,-0.0627852,0.0108253,38.9826,36487,1,367,142.727,9122,0,0.000884653,0.00623645,0.0343408,0,0,0,1,136,0.225,-0.000173453,0.0301029,0.00677316,3.90268e-05,0.00665092,-0.00128159,0.402704,0.0870182,0.00946431,-8.24723e-05,-0.196122,-0.0105575,0.0422871,-0.114219,18.5414,1,0,0,0,0,0,-1,1,-9.04616e-07,-3.41771e-06,-0.192258,0,39.1347,1,1010,1010,1010,1010,0,0,0,0,39.1407,1,0,0,0,0,0,14,-0.0230791,1.82611,4,0.0100026,1.69111,11,0.0579929,1.78421,44,0.00745482,1.76013,6,0.0511922,1.84729,15,0.0368922,1.81602,41,-0.0307156,1.77742
6045986832314,6045967533000,6045967533000,6045986820018,73729,19.287,6045999615537,32.0825,0,37850,145789,0,0,1,0,0,0.008045,500,499,307,0.61523,2.69835,5.87825,0.9821,0.218613,0.103882,9.19739,0.000590314,0.0168348,0.264303,0.0403064,1,2.09258,-0.0733765,0.0733765,2.09258,1,1,0.0602146,2.08961,0.0131619,0.00296647,0,0,0,0,0,0,0,0,0,0,0,0,0,0,0,0,0,0,0,0,0,0,0,255,0.22,0.463058,0.22,0.0608544,1.78378,1,1,1,1,0,1,1,-0.291932,-3.10256,0.114767,0.29391,-0.0597936,0.0112521,6.17295,36488,1,367,155.96,9122,0,0.000884653,0.00623645,0.0343408,0,0,0,1,307,0.225,0.0004967,0.0142616,0.00320885,-0.000111757,0.00312495,-0.000737492,0.405829,0.0862807,0.00916575,-4.0736e-05,-0.196948,-0.0177303,0.0133491,-0.061567,6.00273,2,0,0,0,0,0,-1,1,-9.04617e-07,-3.41771e-06,-0.196746,0,6.3889,1,1010,1010,1010,1010,0,0,0,0,6.39375,16,0.113629,1.89943,1,0,0,28,0.0289413,2.16402,32,0.0931647,2.00498,33,0.0957127,1.944,55,0.0499512,2.08801,50,0.0834212,2.24138,43,0.0876436,2.16001,49,0.0765462,2.12233
6046000154319,6045987502000,6045987502000,6046000148356,73729,12.6464,6046018602602,31.1006,1,37851,145790,0,0,1,0,0,0.019969,500,500,172,0.344,2.62711,8.09071,4.84866,0.142112,-0.0677643,17.6591,0.000266098,0.0330808,0.0624209,0.0458011,1,1.65661,-0.0133256,0.0133256,1.65661,1,1,0.0100646,1.65174,0.00326095,0.00486903,0,0,0,0,0,0,0,0,0,0,0,0,0,0,0,0,0,0,0,0,0,0,0,255,0.22,3.59962,0.22,0.0338435,1.37853,1,1,1,1,0,1,1,-0.291932,-3.10256,0.114767,0.29391,-0.0597936,0.0112521,25.1587,36488,1,367,174.945,9122,0,0.000884653,0.00623645,0.0343408,0,0,0,1,172,0.225,0.00021278,0.028016,0.0063036,-4.78755e-05,0.00617222,-0.00128118,0.412002,0.0849995,0.00910742,0.000351423,-0.197072,-0.00839644,0.0219106,-0.0184566,18.8347,1,0,0,0,0,0,-1,1,-9.04617e-07,-3.41771e-06,-0.196746,0,25.3264,1,1010,1010,1010,1010,0,0,0,0,25.3313,2,0,0,1,0,0,7,-0.00106688,1.65813,15,0.0114851,1.62523,16,0.0273783,1.64887,45,-0.00317167,1.66533,51,0.0210371,1.66731,16,-0.00136246,1.67698,19,-0.0209859,1.62982
6046019062531,6046007507000,6046007507000,6046019055790,73729,11.5488,6046035418058,27.9111,1,37852,145791,0,0,1,0,0,0.020005,500,500,215,0.43,2.65739,7.82102,2.26316,0.167205,0.0478516,17.4145,0.000434266,0.0326453,0.036531,0.00125158,1,1.63186,-0.0217079,0.0217079,1.63186,1,1,0.0247113,1.62749,-0.00300346,0.00436228,0,0,0,0,0,0,0,0,0,0,0,0,0,0,0,0,0,0,0,0,0,0,0,255,0.22,2.27548,0.22,0.0321963,1.36854,1,1,1,1,1,1,1,-0.291932,-3.10256,0.114767,0.29391,-0.0597936,0.0112521,41.9781,36488,1,367,191.765,9122,0,0.000884653,0.00623645,0.0343408,0,0,0,1,215,0.225,0.000356297,0.0276515,0.00622158,-8.01668e-05,0.00608554,-0.00129642,0.418087,0.0837031,0.00886791,0.000548195,-0.197012,-0.0111113,0.0196303,0.00192339,16.5599,2,0,0,0,0,0,-1,1,-9.04617e-07,-3.41771e-06,-0.196746,0,42.1875,1,1010,1010,1010,1010,0,0,0,0,42.1924,4,0.0871681,1.469,0,0,0,22,0.00630192,1.6427,12,0.0235191,1.57131,18,0.0228744,1.56419,42,0.0117926,1.66021,49,0.0152872,1.65667,19,0.0341698,1.65653,49,-0.00253151,1.6233
6046035963469,6046027525000,6046027525000,6046035957173,73729,8.43217,6046052979908,25.4549,1,37853,145792,0,0,1,0,0,0.020018,500,495,219,0.442424,2.69787,8.24973,2.11461,0.161519,0.131775,17.1372,0.000389652,0.032287,-0.00426239,-0.00512179,1,1.6129,-0.0194651,0.0194651,1.6129,1,1,0.0247627,1.60784,-0.00529759,0.00505501,0,0,0,0,0,0,0,0,0,0,0,0,0,0,0,0,0,0,0,0,0,0,0,255,0.22,8.63491,0.22,0.026923,1.34295,1,1,1,1,0,1,1,-0.277431,-3.10547,0.114391,0.280719,-0.0579372,0.00824694,9.40892,36489,1,367,209.323,9122,0,0.000884653,0.00623645,0.0343408,0,0,0,1,219,0.225,0.000318529,0.027347,0.00615308,-7.16691e-05,0.00602043,-0.00127275,0.424108,0.0824304,0.00876539,0.00102427,-0.19669,-0.00498159,0.0227476,0.0150861,9.26783,2,0,0,0,0,0,-1,1,-9.04616e-07,-3.41771e-06,-0.196497,0,9.58959,1,1010,1010,1010,1010,0,0,0,0,9.59375,0,0,0,0,0,0,24,0.0154089,1.61055,14,0.0147046,1.58987,23,0.0138394,1.61804,50,0.00886435,1.62415,39,0.0237513,1.64584,21,0.0230672,1.58286,48,0.0193278,1.62145
6046053401856,6046039511000,6046039511000,6046053392485,73729,13.8815,6046067605497,28.0945,0,37853,145793,0,0,1,0,0,0.011986,500,500,344,0.688,2.68626,6.59366,0.901136,0.240446,0.0483551,8.2758,0.00022993,0.015026,0.0743835,0.0577229,1,1.25363,-0.0191832,0.0191832,1.25363,1,1,0.0289382,1.25068,-0.00975501,0.00294979,0,0,0,0,0,0,0,0,0,0,0,0,0,0,0,0,0,0,0,0,0,0,0,255,0.22,5.7641,0.22,0.0164723,1.0642,1,1,1,1,0,1,1,-0.277431,-3.10547,0.114391,0.280719,-0.0579372,0.00824694,24.0355,36489,1,367,14.5939,9123,0,0.000884653,0.00614033,0.0395302,0,0,0,1,344,0.225,0.000192252,0.0127311,0.0028645,-4.32566e-05,0.00280092,-0.000601706,0.426909,0.0818287,0.00844689,0.00109257,-0.196509,-0.0186882,0.0132741,0.0201675,14.4128,1,0,0,0,0,0,-1,1,-9.04616e-07,-3.41771e-06,-0.196497,0,24.2586,1,1010,1010,1010,1010,0,0,0,0,24.2628,29,-0.000220552,1.17708,12,-0.0192392,1.21957,41,-0.0257818,1.29573,28,0.0411914,1.24305,40,0.0218693,1.32269,56,-0.000783637,1.26234,55,0.0442183,1.31946,33,0.0433375,1.17152,50,0.031561,1.31595
6046068153352,6046059481000,6046059481000,6046068146056,73729,8.66506,6046085765333,26.2843,1,37854,145794,0,0,1,0,0,0.01997,500,499,183,0.366733,2.63913,8.63349,3.74934,0.148427,-0.14682,16.3876,-0.000329659,0.0310521,-0.0299013,0.0250844,1,1.55494,0.0165077,-0.0165077,1.55494,1,1,-0.0109161,1.55145,-0.00559157,0.00348448,0,0,0,0,0,0,0,0,0,0,0,0,0,0,0,0,0,0,0,0,0,0,0,255,0.22,0.5918,0.22,0.000556654,1.2939,1,1,1,1,0,1,1,-0.277431,-3.10547,0.114391,0.280719,-0.0579372,0.00824694,42.2006,36489,1,367,32.759,9123,0,0.000884653,0.00614033,0.0395302,0,0,0,1,183,0.225,-0.000291687,0.0263018,0.00591791,6.56296e-05,0.00581677,-0.00109139,0.432725,0.0807373,0.0083164,0.00134677,-0.196561,-0.0131138,0.0156802,0.00963864,17.986,2,0,0,0,0,0,-1,1,-9.04616e-07,-3.41771e-06,-0.196497,0,42.3684,1,1010,1010,1010,1010,0,0,0,0,42.3725,0,0,0,0,0,0,23,-0.0160739,1.54443,6,-0.0141244,1.54894,18,0.00916019,1.57018,50,-0.00607133,1.53615,38,-0.0179371,1.56504,8,-0.0620153,1.56702,40,-0.01919,1.56519
6046086232744,6046075522000,6046075522000,6046086228095,73729,10.7061,6046102662123,27.1401,1,37855,145795,0,0,1,0,0,0.016041,500,497,200,0.402414,2.69048,7.64807,2.76587,0.159982,0.25795,15.7073,0.000631998,0.0294526,0.017384,0.0212973,1,1.83608,-0.0393989,0.0393989,1.83608,1,1,0.0364581,1.83419,0.0029408,0.00189287,0,0,0,0,0,0,0,0,0,0,0,0,0,0,0,0,0,0,0,0,0,0,0,255,0.22,8.57878,0.22,0.0446867,1.54503,1,1,1,1,1,1,1,-0.263498,-3.10846,0.114066,0.26652,-0.0573649,0.00920682,5.55995,36490,1,367,49.6482,9123,0,0.000884653,0.00614033,0.0395302,0,0,0,1,200,0.225,0.000526955,0.0249459,0.00561282,-0.000118565,0.00548097,-0.00121518,0.438206,0.0795221,0.00819694,0.00154562,-0.19706,-0.00766442,0.0085179,-0.0167184,5.43243,2,0,0,0,0,0,-1,1,-9.04617e-07,-3.41771e-06,-0.196879,0,5.73938,1,1010,1010,1010,1010,0,0,0,0,5.74341,5,0.0135066,1.78785,2,0,0,17,0.00805456,1.83999,15,0.049924,1.85339,30,0.065218,1.84281,52,0.0307144,1.84007,40,0.0366029,1.85465,20,0.0389738,1.86234,19,0.0319998,1.8372
6046103183367,6046087534000,6046087534000,6046103171589,73729,15.6376,6046115263567,27.7296,0,37855,145796,0,0,1,0,0,0.012012,500,500,325,0.65,2.65809,5.1117,0.979322,0.231261,0.222534,7.64835,0.000487623,0.0140606,0.0471889,0.0937978,1,1.17055,-0.0405947,0.0405947,1.17055,1,1,0.0342754,1.16537,0.00631924,0.00517174,0,0,0,0,0,0,0,0,0,0,0,0,0,0,0,0,0,0,0,0,0,0,0,255,0.22,5.24282,0.22,0.0394335,1.00017,1,1,1,1,0,1,1,-0.263498,-3.10846,0.114066,0.26652,-0.0573649,0.00920682,18.1882,36490,1,367,62.2766,9123,0,0.000884653,0.00614033,0.0395302,0,0,0,1,325,0.225,0.000411153,0.0119152,0.00268093,-9.25094e-05,0.00261076,-0.000616316,0.440817,0.0789058,0.00815452,0.00177933,-0.197332,-0.00331061,0.0232728,-0.0253977,12.4226,1,0,0,0,0,0,-1,1,-9.04617e-07,-3.41771e-06,-0.196879,0,18.4019,1,1010,1010,1010,1010,0,0,0,0,18.406,39,0.0474743,1.06254,6,0.110846,1.15058,33,-0.0032444,1.13947,32,0.0554797,1.22614,41,0.0400128,1.11343,56,0.0133355,1.22966,51,0.0650189,1.21732,42,0.0468052,1.17562,25,0.03572,1.20639
6046115806126,6046107495000,6046107495000,6046115800237,73729,8.30524,6046131837762,24.3428,1,37856,145797,0,0,1,0,0,0.019961,500,498,191,0.383534,2.67976,7.0234,3.23265,0.150149,0.13118,15.4653,0.000380025,0.0293392,0.0173965,-0.0295585,1,1.46983,-0.0190384,0.0190384,1.46983,1,1,0.0148861,1.46444,0.00415225,0.0053818,0,0,0,0,0,0,0,0,0,0,0,0,0,0,0,0,0,0,0,0,0,0,0,255,0.22,7.68933,0.22,0.0215153,1.22224,1,1,1,1,0,1,1,-0.263498,-3.10846,0.114066,0.26652,-0.0573649,0.00920682,34.739,36490,1,367,78.8271,9123,0,0.000884653,0.00614033,0.0395302,0,0,0,1,191,0.225,0.000314725,0.0248521,0.00559172,-7.08131e-05,0.00546901,-0.0011671,0.446286,0.0777387,0.00790235,0.00196526,-0.197586,-0.0129185,0.0242181,-0.0252829,16.4043,1,0,0,0,0,0,-1,1,-9.04617e-07,-3.41771e-06,-0.196879,0,34.9492,1,1010,1010,1010,1010,0,0,0,0,34.9532,6,-0.0104934,1.48179,0,0,0,5,-0.0253046,1.55348,14,0.0176219,1.47057,11,0.0301715,1.47107,45,0.0331286,1.47248,43,0.0116052,1.46532,26,0.0334709,1.43442,41,0.017709,1.46704
6046132339099,6046115518000,6046115518000,6046132328839,73729,16.8108,6046144869616,29.3516,0,37856,145798,0,0,1,0,0,0.008023,500,500,353,0.706,2.63572,5.43606,1.01293,0.239446,0.0316162,7.27914,0.000200693,0.0134674,0.0833784,-0.0236792,1,1.6786,-0.0250146,0.0250146,1.6786,1,1,0.0257835,1.6748,-0.000768873,0.00380579,0,0,0,0,0,0,0,0,0,0,0,0,0,0,0,0,0,0,0,0,0,0,0,255,0.22,3.94677,0.22,0.022371,1.40597,1,1,1,1,0,1,1,-0.250188,-3.11139,0.113627,0.251403,-0.0534084,0.0091757,1.3301,36491,1,367,91.8501,9123,0,0.000884653,0.00614033,0.0395302,0,0,0,1,353,0.225,0.000168588,0.0114127,0.00256787,-3.79323e-05,0.00251051,-0.000541016,0.448797,0.0771977,0.00766795,0.00235286,-0.197484,-0.0109481,0.017126,-0.00599052,1.15327,3,0,0,0,0,0,-1,1,-9.04617e-07,-3.41771e-06,-0.197315,0,1.54375,1,1010,1010,1010,1010,0,0,0,0,1.54777,45,-0.0418691,1.70845,1,0,0,36,-0.0167757,1.6977,22,0.0177749,1.77094,42,0.0336764,1.71042,56,0.0375319,1.77115,54,0.0424296,1.6926,49,0.0286902,1.58455,48,0.0473477,1.73101
6046145360860,6046135514000,6046135514000,6046145355934,73729,9.84193,6046162476115,26.9621,1,37857,145799,0,0,1,0,0,0.019996,500,495,230,0.464646,2.67611,9.39042,1.72342,0.177428,0.231667,14.4353,0.000544432,0.027282,0.00493943,-0.041041,1,1.36437,-0.027227,0.027227,1.36437,1,1,0.0312009,1.36132,-0.00397385,0.00304848,0,0,0,0,0,0,0,0,0,0,0,0,0,0,0,0,0,0,0,0,0,0,0,255,0.22,6.60273,0.22,0.0381674,1.12583,1,1,1,1,1,1,1,-0.250188,-3.11139,0.113627,0.251403,-0.0534084,0.0091757,18.9464,36491,1,367,109.466,9123,0,0.000884653,0.00614033,0.0395302,0,0,0,1,230,0.225,0.000454441,0.0231151,0.00520089,-0.000102249,0.00507973,-0.00112069,0.453876,0.076077,0.00766795,0.00235286,-0.197484,-0.00357087,0.0137182,0.0114492,18.8044,0,0,0,0,0,0,-1,1,-9.04617e-07,-3.41771e-06,-0.197315,0,19.1295,1,1010,1010,1010,1010,0,0,0,0,19.1335,6,0.0678243,1.40087,0,0,0,28,0.025005,1.33691,12,0.0321373,1.42544,15,-0.00131326,1.31715,51,0.026671,1.38148,46,0.0218226,1.36703,30,0.0225702,1.37049,42,0.0412756,1.37394
6046163003767,6046147511000,6046147511000,6046162991730,73729,15.4807,6046176583884,29.0729,0,37857,145800,0,0,1,0,0,0.011997,500,497,335,0.674044,2.66802,5.14326,1.18507,0.23026,-0.128723,6.9541,-1.73943e-05,0.0124673,0.123771,0.106247,1,1.0392,0.00144988,-0.00144988,1.0392,1,1,0.0152882,1.03618,-0.0167381,0.00302439,0,0,0,0,0,0,0,0,0,0,0,0,0,0,0,0,0,0,0,0,0,0,0,255,0.22,4.20485,0.22,-0.00771667,0.891935,1,1,1,1,0,1,1,-0.250188,-3.11139,0.113627,0.251403,-0.0534084,0.0091757,33.075,36491,1,367,123.595,9123,0,0.000884653,0.00614033,0.0395302,0,0,0,1,335,0.225,-1.60001e-05,0.0105637,0.00237683,3.60002e-06,0.00233195,-0.000459655,0.456208,0.0756173,0.00750802,0.00263994,-0.196132,-0.00770816,0.0136097,0.0540905,13.8813,2,0,0,0,0,0,-1,1,-9.04617e-07,-3.41771e-06,-0.197315,0,33.2895,1,1010,1010,1010,1010,0,0,0,0,33.2935,36,0.0430984,0.889219,5,0.246218,0.800569,43,-0.0791603,1.03631,29,-0.00501893,1.10713,51,0.00258582,0.944071,56,-0.0549134,1.06385,27,0.0288988,1.16501,39,0.0324649,1.14544,49,-0.00916988,1.06092
6046177204444,6046167497000,6046167497000,6046177198296,73729,9.7013,6046191239528,23.7425,1,37858,145801,0,0,1,0,0,0.019986,500,494,260,0.526316,2.67132,6.58251,1.4534,0.197094,-0.143364,13.9679,-0.000283479,0.0262749,-0.037069,-0.0331269,1,1.31466,0.0141839,-0.0141839,1.31466,1,1,0.010304,1.31078,-0.0244879,0.00387878,0,0,0,0,0,0,0,0,0,0,0,0,0,0,0,0,0,0,0,0,0,0,0,255,0.22,8.19434,0.22,-0.0088855,1.09639,1,1,1,1,0,1,1,-0.23734,-3.11423,0.113103,0.245771,-0.0512123,0.00623348,0.422466,36492,1,367,138.223,9123,0,0.000884653,0.00614033,0.0395302,0,0,0,1,260,0.225,-0.000245565,0.0222611,0.00500875,5.52521e-05,0.00492478,-0.000914865,0.461133,0.0747025,0.00723114,0.00286722,-0.194705,-0.0109109,0.0174545,0.0794277,0.318873,2,0,0,0,0,0,-1,1,-9.04616e-07,-3.41771e-06,-0.193907,0,0.186649,1,1010,1010,1010,1010,0,0,0,0,0.617708,14,-0.0200626,1.30461,0,0,0,30,-0.0409558,1.28748,18,-0.0168507,1.33877,24,-0.0493822,1.25982,54,-0.0186887,1.33655,43,0.00105023,1.32994,33,-0.00421466,1.33351,44,-0.0065817,1.35865
6046191735643,6046175516000,6046175516000,6046191725847,73729,16.2098,6046203379876,27.8639,0,37858,145802,0,0,1,0,0,0.008019,500,495,345,0.69697,2.6545,4.96974,0.855599,0.233853,0.0443115,6.47,0.00054812,0.0113418,0.186723,0.308976,1,1.41437,-0.0683526,0.0683526,1.41437,1,1,0.0925937,1.41137,-0.0242411,0.00299787,0,0,0,0,0,0,0,0,0,0,0,0,0,0,0,0,0,0,0,0,0,0,0,255,0.22,2.44107,0.22,0.0151174,1.23976,1,1,1,1,0,1,1,-0.23734,-3.11423,0.113103,0.245771,-0.0512123,0.00623348,12.5803,36492,1,367,150.381,9123,0,0.000884653,0.00614033,0.0395302,0,0,0,1,345,0.225,0.000463689,0.00960724,0.00216163,-0.00010433,0.00210059,-0.000520579,0.463234,0.0741819,0.00723114,0.00286722,-0.194705,-0.0107423,0.0134904,0.0786741,12.4318,0,0,0,0,0,0,-1,1,-9.04616e-07,-3.41771e-06,-0.193907,0,12.3735,1,1010,1010,1010,1010,0,0,0,0,12.8045,41,0.170326,1.23577,25,0.161924,0.996459,0,0,0,42,0.104335,1.47003,46,0.0452669,1.4321,41,-0.0900154,1.42309,49,0.176412,1.58316,52,0.0744934,1.50799,49,-0.0356703,1.44226
6046203904565,6046195527000,6046195527000,6046203899028,73729,8.37203,6046220514149,24.9871,1,37859,145803,0,0,1,0,0,0.020011,500,499,231,0.462926,2.64026,7.69967,1.75038,0.175668,-0.0979919,13.7002,-0.000617417,0.0256567,-0.103622,0.0248134,1,1.28213,0.0308539,-0.0308539,1.28213,1,1,-0.0111539,1.27879,-0.0197,0.00334557,0,0,0,0,0,0,0,0,0,0,0,0,0,0,0,0,0,0,0,0,0,0,0,255,0.22,3.87919,0.22,-0.0128448,1.07493,1,1,1,1,1,1,1,-0.23734,-3.11423,0.113103,0.245771,-0.0512123,0.00623348,29.6997,36492,1,367,167.5,9123,0,0.000884653,0.00614033,0.0395302,0,0,0,1,231,0.225,-0.000527581,0.02173,0.00488925,0.000118706,0.0048208,-0.000823726,0.468054,0.0733581,0.00715445,0.00325645,-0.193509,-0.00310848,0.0150551,0.0684332,16.9287,2,0,0,0,0,0,-1,1,-9.04616e-07,-3.41771e-06,-0.193907,0,29.4559,1,1010,1010,1010,1010,0,0,0,0,29.887,10,-0.021837,1.22375,0,0,0,3,-0.00811503,1.1798,23,-0.0294437,1.31456,25,-0.0383366,1.26253,39,-0.0510346,1.26646,43,-0.018404,1.29301,41,-0.0125178,1.31931,47,-0.0258252,1.30518
6046220983375,6046207504000,6046207504000,6046220973282,73729,13.4693,6046234872865,27.3689,0,37859,145804,0,0,1,0,0,0.011977,500,500,392,0.784,2.65676,5.00643,0.89884,0.266354,-0.250275,6.6619,-0.000175157,0.0122662,0.078683,0.0075511,1,1.02415,0.0146245,-0.0146245,1.02415,1,1,-0.000127643,1.01982,-0.0144968,0.00433005,0,0,0,0,0,0,0,0,0,0,0,0,0,0,0,0,0,0,0,0,0,0,0,255,0.22,1.32273,0.22,-0.035481,0.864903,1,1,1,1,0,1,1,-0.23734,-3.11423,0.113103,0.245771,-0.0512123,0.00623348,44.0694,36492,1,367,181.869,9123,0,0.000884653,0.00614033,0.0395302,0,0,0,1,392,0.225,-0.00015099,0.0103934,0.00233852,3.39727e-05,0.00230159,-0.000415261,0.470356,0.0729429,0.00684425,0.00373752,-0.193029,-0.0129331,0.0194852,0.0418421,14.1235,2,0,0,0,0,0,-1,1,-9.04616e-07,-3.41771e-06,-0.193907,0,43.8725,1,1010,1010,1010,1010,0,0,0,0,44.3035,28,-0.0188437,0.996063,14,-0.00783246,0.957106,35,-0.086368,1.02416,47,-0.0377695,1.03649,48,-0.017601,0.953996,56,-0.0574016,1.07107,56,-0.00498684,1.10149,56,-0.00747334,1.04845,52,-0.0173672,1.02988
6046235410869,6046215514000,6046215514000,6046235400184,73729,19.8862,6046247771071,32.2571,0,37859,145805,0,0,1,0,0,0.00801,500,500,371,0.742,2.66589,5.38728,0.720412,0.250335,-0.0158386,6.75281,-8.77029e-05,0.0127414,0.00466187,-0.0801837,1,1.59069,0.0109492,-0.0109492,1.59069,1,1,-0.0120121,1.58672,0.00106289,0.00396824,0,0,0,0,0,0,0,0,0,0,0,0,0,0,0,0,0,0,0,0,0,0,0,255,0.22,5.58567,0.22,-0.00692444,1.32704,1,1,1,1,0,1,1,-0.224916,-3.1169,0.112662,0.234177,-0.0462757,0.00806377,3.90899,36493,1,367,194.758,9123,0,0.000884653,0.00614033,0.0395302,0,0,0,1,371,0.225,-7.59291e-05,0.0107976,0.00242947,1.7084e-05,0.00238731,-0.000450853,0.472743,0.072492,0.00655698,0.00401569,-0.193688,-0.0127613,0.0178571,-0.0140355,3.72047,2,0,0,0,0,0,-1,1,-9.04617e-07,-3.41771e-06,-0.193543,0,4.15001,1,1010,1010,1010,1010,0,0,0,0,4.15446,29,-0.00270833,1.68423,8,-0.230705,1.60312,40,-0.0582423,1.59338,42,0.00875474,1.51486,39,-0.0511742,1.49179,56,-0.00298054,1.64682,51,0.0130989,1.58182,56,0.0200065,1.62246,50,0.0260836,1.60881
6046248312926,6046235516000,6046235516000,6046248306834,73729,12.7908,6046262333158,26.8172,1,37860,145806,0,0,1,0,0,0.020002,500,492,246,0.5,2.65656,6.51573,1.59175,0.202094,0.00949097,13.2098,0.000329773,0.0245134,0.0580122,0.0197638,1,1.22555,-0.016487,0.016487,1.22555,1,1,0.0115786,1.22244,0.00490843,0.00310512,0,0,0,0,0,0,0,0,0,0,0,0,0,0,0,0,0,0,0,0,0,0,0,255,0.22,8.1948,0.22,0.00960913,1.02709,1,1,1,1,0,1,1,-0.224916,-3.1169,0.112662,0.234177,-0.0462757,0.00806377,18.4791,36493,1,367,14.5447,9124,0,0.000884653,0.00536622,0.0419293,0,0,0,1,246,0.225,0.000270086,0.020763,0.00467168,-6.07693e-05,0.00457259,-0.000958824,0.477316,0.0715332,0.00655698,0.00401569,-0.193688,-0.012498,0.0139731,-0.0276688,18.3266,0,0,0,0,0,0,-1,1,-9.04617e-07,-3.41771e-06,-0.193543,0,18.6782,1,1010,1010,1010,1010,0,0,0,0,18.6827,0,0,0,4,0.0939784,1.2939,27,-0.00773105,1.23117,13,0.0248374,1.22232,27,0.0182212,1.22356,28,0.00844557,1.25728,46,0.0119891,1.23346,54,0.0285079,1.23455,47,0.00503432,1.22904
6046262839329,6046247516000,6046247516000,6046262827625,73729,15.3116,6046276873264,29.3573,0,37860,145807,0,0,1,0,0,0.012,500,500,390,0.78,2.67591,5.03524,0.713986,0.263854,-0.0305634,6.52884,0.000182747,0.0119143,0.131229,0.0259351,1,0.992857,-0.0152289,0.0152289,0.992857,1,1,0.00197394,0.989094,0.013255,0.00376304,0,0,0,0,0,0,0,0,0,0,0,0,0,0,0,0,0,0,0,0,0,0,0,255,0.22,2.59095,0.22,0.0116972,0.838295,1,1,1,1,1,1,1,-0.224916,-3.1169,0.112662,0.234177,-0.0462757,0.00806377,33.0347,36493,1,367,29.1003,9124,0,0.000884653,0.00536622,0.0419293,0,0,0,1,390,0.225,0.000152469,0.0100972,0.00227187,-3.43056e-05,0.00222175,-0.00047569,0.479538,0.0710575,0.0060123,0.00444211,-0.195823,-0.0173014,0.0169337,-0.061559,8.44888,3,0,0,0,0,0,-1,1,-9.04617e-07,-3.41771e-06,-0.193543,0,33.2659,1,1010,1010,1010,1010,0,0,0,0,33.2704,36,0.00115813,1.00031,13,0.00373404,0.974075,47,-0.0316175,0.995785,48,0.0396425,1.00817,46,-0.00590717,0.942009,52,-0.00752984,1.02238,55,0.05034,1.05693,56,0.0369366,1.00833,37,0.0290709,1.03046
6046277501695,6046267521000,6046267521000,6046277493436,73729,9.97244,6046291221017,23.7,1,37861,145808,0,0,1,0,0,0.020005,500,497,302,0.607646,2.7023,6.0331,1.39227,0.220594,-0.19014,12.1159,-0.000384864,0.0226199,-0.0189407,0.042435,1,1.13071,0.0192384,-0.0192384,1.13071,1,1,-0.0354976,1.12938,0.0162592,0.00132782,0,0,0,0,0,0,0,0,0,0,0,0,0,0,0,0,0,0,0,0,0,0,0,255,0.22,6.14201,0.22,0.0107588,0.940131,1,1,1,1,0,1,1,-0.224916,-3.1169,0.112662,0.234177,-0.0462757,0.00806377,47.3681,36493,1,367,43.4339,9124,0,0.000884653,0.00536622,0.0419293,0,0,0,1,302,0.225,-0.000333667,0.0191634,0.00431176,7.5075e-05,0.00424392,-0.000765308,0.483782,0.0702922,0.0060123,0.00444211,-0.195823,-0.020863,0.00597519,-0.0752236,22.8186,0,0,0,0,0,0,-1,1,-9.04617e-07,-3.41771e-06,-0.193543,0,47.5854,1,1010,1010,1010,1010,0,0,0,0,0.175334,4,-0.141793,1.12766,3,-0.0217752,1.06701,34,-0.0251318,1.11135,35,-0.0183205,1.14217,24,-0.0463815,1.13033,47,-0.00376486,1.16209,52,0.0017182,1.12151,56,-0.027744,1.12703,47,-0.0330849,1.13799
6046291748706,6046283536000,6046283536000,6046291740521,73729,8.20452,6046304305094,20.7691,1,37862,145809,0,0,1,0,0,0.016015,500,498,333,0.668675,2.67178,6.13658,0.822876,0.22952,0.14447,11.6943,0.000403023,0.0220154,0.0338326,-0.00709662,1,1.37467,-0.0251654,0.0251654,1.37467,1,1,0.00404256,1.37136,0.0211228,0.00331232,0,0,0,0,0,0,0,0,0,0,0,0,0,0,0,0,0,0,0,0,0,0,0,255,0.22,1.06141,0.22,0.0462275,1.15159,1,1,1,2,0,1,1,-0.213896,-3.11915,0.112309,0.209881,-0.0408613,0.00633746,13.0436,36494,1,367,56.5235,9124,0,0.000884653,0.00536622,0.0419293,0,0,0,1,333,0.225,0.000337273,0.0186546,0.00419729,-7.58865e-05,0.00410141,-0.000895034,0.487883,0.0693972,0.00603745,0.00467926,-0.19678,-0.0107404,0.0149055,-0.0846344,12.8909,1,0,0,0,0,0,-1,1,-9.04616e-07,-3.41771e-06,-0.197592,0,0.191557,1,1010,1010,1010,1010,0,0,0,0,13.2537,19,0.0172988,1.35514,7,0.0315768,1.36036,37,0.0187894,1.38991,38,0.00740628,1.39873,28,0.0159833,1.40747,51,0.047615,1.36696,49,0.035473,1.36333,52,0.0124651,1.38317,52,0.0289533,1.38416
6046304828376,6046295518000,6046295518000,6046304819191,73729,9.30119,6046317022669,21.5047,0,37862,145810,0,0,1,0,0,0.011982,500,500,432,0.864,2.69511,4.76909,0.759061,0.285966,0.0761871,5.51041,0.000287285,0.0102657,0.07131,0.0163725,1,0.856758,-0.0239764,0.0239764,0.856758,1,1,-0.000923397,0.853125,0.0248998,0.0036332,0,0,0,0,0,0,0,0,0,0,0,0,0,0,0,0,0,0,0,0,0,0,0,255,0.22,3.44917,0.22,0.0317082,0.713194,1,1,1,1,0,1,1,-0.213896,-3.11915,0.112309,0.209881,-0.0408613,0.00633746,25.7731,36494,1,367,69.253,9124,0,0.000884653,0.00536622,0.0419293,0,0,0,1,432,0.225,0.000242097,0.0086998,0.00195746,-5.44718e-05,0.00190816,-0.000439788,0.489791,0.0689574,0.00599921,0.0050317,-0.198701,-0.00333274,0.0163494,-0.0923055,12.4442,2,0,0,0,0,0,-1,1,-9.04616e-07,-3.41771e-06,-0.197592,0,12.9618,1,1010,1010,1010,1010,0,0,0,0,26.0239,48,0.0275963,0.859709,22,0.094211,0.819559,52,0.0185753,0.861366,40,0.0169083,0.876531,50,-0.0112903,0.885495,56,0.0224758,0.862745,56,0.0302848,0.858147,56,0.0285711,0.851434,52,0.0255231,0.85825
6046317600043,6046303525000,6046303525000,6046317586821,73729,14.0618,6046330072671,26.5477,0,37862,145811,0,0,1,0,0,0.008007,500,500,401,0.802,2.68687,4.50559,0.749672,0.268151,0.104675,5.47498,0.000151423,0.0101813,0.0334923,0.0651646,1,1.27155,-0.0189113,0.0189113,1.27155,1,1,-0.00662598,1.26714,0.0255372,0.00441109,0,0,0,0,0,0,0,0,0,0,0,0,0,0,0,0,0,0,0,0,0,0,0,255,0.22,6.59183,0.22,0.033555,1.06818,1,1,1,1,1,1,1,-0.213896,-3.11915,0.112309,0.209881,-0.0408613,0.00633746,38.8011,36494,1,367,82.281,9124,0,0.000884653,0.00536622,0.0419293,0,0,0,1,401,0.225,0.000126258,0.00862746,0.00194118,-2.84081e-05,0.00189658,-0.000414544,0.491688,0.0685428,0.00592569,0.00542561,-0.200557,-0.003065,0.0198499,-0.0943861,11.4274,2,0,0,0,0,0,-1,1,-9.04616e-07,-3.41771e-06,-0.197592,0,25.979,1,1010,1010,1010,1010,0,0,0,0,39.0412,34,0.0111615,1.24391,16,-0.0133999,1.27425,56,0.0311744,1.2885,48,0.0472046,1.25953,48,0.00602242,1.34665,55,0.00507132,1.28984,55,0.0662244,1.26766,55,0.0546678,1.24647,34,0.0221373,1.29423
6046330665101,6046315513000,6046315513000,6046330652694,73729,15.1397,6046343438954,27.926,0,37862,145812,0,0,1,0,0,0.011988,500,500,417,0.834,2.68709,4.6089,0.685172,0.274409,0.0368958,5.23596,0.000191879,0.00979602,0.0752725,-0.00651877,1,0.817152,-0.0160059,0.0160059,0.817152,1,1,-0.00523916,0.813581,0.0212451,0.0035713,0,0,0,0,0,0,0,0,0,0,0,0,0,0,0,0,0,0,0,0,0,0,0,255,0.22,-0.603838,0.22,0.0194872,0.673568,1,1,1,1,0,1,1,-0.213896,-3.11915,0.112309,0.209881,-0.0408613,0.00633746,52.167,36494,1,367,95.6468,9124,0,0.000884653,0.00536622,0.0419293,0,0,0,1,417,0.225,0.000160813,0.00830169,0.00186788,-3.6183e-05,0.00182287,-0.000409063,0.493511,0.0681338,0.00576842,0.00570446,-0.201381,-0.00839442,0.0160708,-0.0831978,13.1231,1,0,0,0,0,0,-1,1,-9.04617e-07,-3.41771e-06,-0.201966,0,0.128594,1,1010,1010,1010,1010,0,0,0,0,0.227298,48,0.0268134,0.832812,23,0.0938483,0.775793,56,0.0246707,0.826676,39,-0.000277388,0.846119,51,-0.0207006,0.880249,56,0.0159591,0.821401,56,0.0438845,0.831401,56,0.0336161,0.809618,32,-0.00837503,0.802816
6046343992125,6046335513000,6046335513000,6046343984365,73729,8.47137,6046357490779,21.9778,1,37863,145813,0,0,1,0,0,0.02,500,500,293,0.586,2.65765,6.12479,0.926988,0.212039,-0.209198,10.3859,-0.000351599,0.0192041,0.0552521,0.0404017,1,0.960203,0.01758,-0.01758,0.960203,1,1,-0.0352879,0.956692,0.0177079,0.00351086,0,0,0,0,0,0,0,0,0,0,0,0,0,0,0,0,0,0,0,0,0,0,0,255,0.22,2.59569,0.22,-0.0023036,0.795429,1,1,1,2,0,1,1,-0.204611,-3.12094,0.11192,0.186223,-0.0359272,0.00591515,14.0488,36495,1,367,109.71,9124,0,0.000884653,0.00536622,0.0419293,0,0,0,1,293,0.225,-0.000299842,0.0162743,0.00366173,6.74645e-05,0.00360069,-0.00066887,0.497111,0.0674649,0.00565055,0.00583103,-0.20209,-0.0131971,0.0157989,-0.0743062,13.7665,1,0,0,0,0,0,-1,1,-9.04617e-07,-3.41771e-06,-0.201966,0,14.1585,1,1010,1010,1010,1010,0,0,0,0,14.2572,17,-0.0738712,0.946138,7,0.090583,1.02314,49,-0.0167212,0.976093,15,-0.015774,0.971306,42,-0.0518067,0.978642,56,-0.0238377,0.967298,14,-0.00287006,0.953494,47,-0.00240717,0.943513,46,-0.0128758,0.953119
6046358000560,6046343570000,6046343570000,6046357987616,73729,14.4176,6046370616023,27.046,0,37863,145814,0,0,1,0,0,0.008057,500,500,452,0.904,2.67541,4.90683,0.697524,0.30415,-0.0761795,4.76521,6.47583e-05,0.00880897,0.122084,-0.00880317,1,1.09333,-0.00803752,0.00803752,1.09333,1,1,-0.00740837,1.09098,0.0154459,0.00235573,0,0,0,0,0,0,0,0,0,0,0,0,0,0,0,0,0,0,0,0,0,0,0,255,0.22,6.37977,0.22,0.00806714,0.914387,1,1,1,1,0,1,1,-0.204611,-3.12094,0.11192,0.186223,-0.0359272,0.00591515,27.1665,36495,1,367,122.828,9124,0,0.000884653,0.00536622,0.0419293,0,0,0,1,452,0.225,5.34908e-05,0.00746557,0.00167975,-1.20354e-05,0.00164288,-0.000350067,0.498754,0.0671148,0.00546631,0.0059841,-0.202776,-0.0159098,0.0106008,-0.068333,12.8586,1,0,0,0,0,0,-1,1,-9.04617e-07,-3.41771e-06,-0.201966,0,27.3219,1,1010,1010,1010,1010,0,0,0,0,27.4206,49,0.00518303,1.12647,28,0.139575,0.96722,55,-0.0048969,1.09525,50,0.0105098,1.12956,53,-0.0460436,1.10103,56,-0.00719999,1.11013,56,0.0132106,1.13923,53,-0.00246772,1.11235,52,-0.00518204,1.11369
6046371177286,6046355513000,6046355513000,6046371165767,73729,15.6528,6046385882801,30.3698,0,37863,145815,0,0,1,0,0,0.011943,500,500,457,0.914,2.64889,4.55229,0.767802,0.29328,-0.0761414,4.61496,-4.01438e-05,0.00846491,0.05254,0.0279081,1,0.708776,0.00336128,-0.00336128,0.708776,1,1,-0.0204533,0.705161,0.017092,0.00361492,0,0,0,0,0,0,0,0,0,0,0,0,0,0,0,0,0,0,0,0,0,0,0,255,0.22,-0.667246,0.22,0.0143796,0.593981,1,1,1,1,1,1,1,-0.204611,-3.12094,0.11192,0.186223,-0.0359272,0.00591515,42.4284,36495,1,367,138.089,9124,0,0.000884653,0.00536622,0.0419293,0,0,0,1,457,0.225,-3.56626e-05,0.00717297,0.00161392,8.02408e-06,0.00158195,-0.000319559,0.500336,0.0667953,0.00537329,0.0063857,-0.204293,-0.0096363,0.0162671,-0.0692402,14.9958,2,0,0,0,0,0,-1,1,-9.04617e-07,-3.41771e-06,-0.201966,0,42.6012,1,1010,1010,1010,1010,0,0,0,0,42.6999,37,-0.0342248,0.719931,47,0.040404,0.606208,56,-0.016683,0.73988,47,0.0117311,0.713046,53,-0.0310146,0.740773,56,-0.0124156,0.738362,56,0.00668496,0.732449,56,0.00810601,0.718788,49,-0.0258647,0.723361
6046386448397,6046375511000,6046375511000,6046386438897,73729,10.9279,6046400626075,25.1151,1,37864,145816,0,0,1,0,0,0.019998,500,500,387,0.774,2.71789,5.46469,0.758376,0.257224,0.134552,8.58131,0.000589712,0.0161049,0.0688416,-0.0202136,1,0.805325,-0.0294886,0.0294886,0.805325,1,1,0.0117836,0.803783,0.017705,0.00154207,0,0,0,0,0,0,0,0,0,0,0,0,0,0,0,0,0,0,0,0,0,0,0,255,0.22,4.46664,0.22,0.0361879,0.665772,1,1,1,1,0,1,1,-0.196556,-3.12269,0.111465,0.15587,-0.0340668,0.00454238,3.26671,36496,1,367,152.827,9124,0,0.000884653,0.00536622,0.0419293,0,0,0,1,387,0.225,0.000496928,0.0136478,0.00307076,-0.000111809,0.00298318,-0.000736382,0.503319,0.0660589,0.00531129,0.0064689,-0.205611,-0.00483651,0.0069393,-0.0676071,3.0745,2,0,0,0,0,0,-1,1,-9.04617e-07,-3.41771e-06,-0.205494,0,3.49347,1,1010,1010,1010,1010,0,0,0,0,3.49734,37,0.0239813,0.816733,13,0.0879664,0.782593,51,0.0253032,0.79942,37,0.0154087,0.79522,41,0.0217824,0.783716,54,0.0173541,0.824735,56,0.0236016,0.819478,52,0.0255493,0.804367,46,0.0187839,0.824687
6046401140486,6046383529000,6046383529000,6046401131356,73729,17.6024,6046413486002,29.957,0,37864,145817,0,0,1,0,0,0.008018,500,500,464,0.928,2.68595,4.41109,0.711894,0.30141,0.175308,3.82635,0.000500922,0.00708344,0.120732,-0.00385335,1,0.883442,-0.0624747,0.0624747,0.883442,1,1,0.0465709,0.880736,0.0159037,0.00270592,0,0,0,0,0,0,0,0,0,0,0,0,0,0,0,0,0,0,0,0,0,0,0,255,0.22,8.9291,0.22,0.0501714,0.737317,1,1,1,1,0,1,1,-0.196556,-3.12269,0.111465,0.15587,-0.0340668,0.00454238,16.1312,36496,1,367,165.692,9124,0,0.000884653,0.00536622,0.0419293,0,0,0,1,464,0.225,0.000423705,0.00600282,0.00135064,-9.53337e-05,0.00130248,-0.000369815,0.504622,0.0656891,0.00534979,0.00667245,-0.206183,-0.00099436,0.0121766,-0.0580489,12.6349,1,0,0,0,0,0,-1,1,-9.04617e-07,-3.41771e-06,-0.205494,0,16.3825,1,1010,1010,1010,1010,0,0,0,0,16.3863,47,0.0216544,0.890779,32,0.128156,0.831984,56,0.0493377,0.869165,56,0.0676553,0.889106,54,0.026661,0.879707,56,0.0591851,0.920244,56,0.0591163,0.933832,56,0.0646186,0.904811,51,0.0572928,0.908658
6046414043432,6046403525000,6046403525000,6046414035136,73729,10.5101,6046426969601,23.4446,1,37865,145818,0,0,1,0,0,0.019996,500,500,387,0.774,2.68663,4.92326,0.741858,0.255113,0.278503,7.52136,0.000714465,0.0139011,0.0688034,-0.0145931,1,0.695193,-0.0357304,0.0357304,0.695193,1,1,0.0205609,0.692603,0.0151695,0.0025901,0,0,0,0,0,0,0,0,0,0,0,0,0,0,0,0,0,0,0,0,0,0,0,255,0.22,1.63027,0.22,0.0352992,0.583754,1,1,1,1,0,1,1,-0.196556,-3.12269,0.111465,0.15587,-0.0340668,0.00454238,29.6421,36496,1,367,179.203,9124,0,0.000884653,0.00536622,0.0419293,0,0,0,1,387,0.225,0.000602319,0.0117792,0.00265031,-0.000135522,0.00256599,-0.000676681,0.507188,0.0650124,0.00528369,0.00672623,-0.206751,-2.76086e-05,0.0116554,-0.0546324,13.2834,1,0,0,0,0,0,-1,1,-9.04617e-07,-3.41771e-06,-0.205494,0,29.8762,1,1010,1010,1010,1010,0,0,0,0,29.8801,30,0.0198465,0.693792,19,0.0679138,0.644057,54,0.0308653,0.708995,47,0.0366442,0.692729,52,0.0289558,0.687292,56,0.0346072,0.718979,56,0.0406449,0.732588,51,0.0493679,0.683812,22,0.0361908,0.715426
6046427546642,6046415503000,6046415503000,6046427536753,73729,12.0338,6046441441095,25.9381,0,37865,145819,0,0,1,0,0,0.011978,500,500,470,0.94,2.66667,4.34075,0.743005,0.303391,0.0244904,3.37999,0.000242869,0.00614687,0.0746569,0.0140588,1,0.51318,-0.0202762,0.0202762,0.51318,1,1,0.00752784,0.510616,0.0127484,0.00256351,0,0,0,0,0,0,0,0,0,0,0,0,0,0,0,0,0,0,0,0,0,0,0,255,0.22,4.97856,0.22,0.0119843,0.430524,1,1,1,1,1,1,1,-0.196556,-3.12269,0.111465,0.15587,-0.0340668,0.00454238,44.0854,36496,1,367,193.646,9124,0,0.000884653,0.00536622,0.0419293,0,0,0,1,470,0.225,0.000204798,0.0052093,0.00117209,-4.60796e-05,0.00113736,-0.00028681,0.508325,0.0647256,0.00522615,0.00709147,-0.207727,-0.00355093,0.0115358,-0.0487349,12.7832,2,0,0,0,0,0,-1,1,-9.04617e-07,-3.41771e-06,-0.205494,0,44.3378,1,1010,1010,1010,1010,0,0,0,0,0.184039,51,-0.0113084,0.541698,34,0.116099,0.4003,56,0.0044809,0.529938,54,0.0267649,0.509179,56,0.00622557,0.518084,56,0.00425118,0.541292,56,0.0212767,0.545272,55,0.0434361,0.502884,52,0.0119313,0.523781
6046442041859,6046423532000,6046423532000,6046442028266,73729,18.4963,6046454198447,30.6664,0,37865,145820,0,0,1,0,0,0.008029,500,500,437,0.874,2.72785,4.52722,0.762728,0.286446,0.230591,3.33765,0.000638669,0.00607378,0.111222,0.0285524,1,0.75648,-0.0795453,0.0795453,0.75648,1,1,0.071446,0.755038,0.0080993,0.00144217,0,0,0,0,0,0,0,0,0,0,0,0,0,0,0,0,0,0,0,0,0,0,0,255,0.22,-0.800487,0.22,0.0532356,0.642262,1,1,1,1,0,1,1,-0.190189,-3.12426,0.111096,0.131281,-0.031798,0.00332788,12.6835,36497,1,367,4.03503,9125,0,0.000884653,0.00518259,0.0458143,0,0,0,1,437,0.225,0.000540253,0.00514722,0.00115812,-0.000121557,0.00110794,-0.000358338,0.509433,0.0643673,0.0052429,0.00723984,-0.208229,-0.00105605,0.00648978,-0.0300023,3.83136,2,0,0,0,0,0,-1,1,-9.04617e-07,-3.41771e-06,-0.207909,0,4.33149,1,1010,1010,1010,1010,0,0,0,0,12.9318,47,0.0878331,0.777633,30,0.278467,0.60241,52,0.0354828,0.775444,55,0.0847376,0.76961,54,0.030171,0.766248,56,0.0668136,0.785284,56,0.067972,0.816504,56,0.102387,0.763362,31,0.0623305,0.770782
6046454743433,6046443528000,6046443528000,6046454733525,73729,11.2055,6046467892733,24.3647,1,37866,145821,0,0,1,0,0,0.019996,500,500,438,0.876,2.67806,4.75955,0.741265,0.310595,0.237305,6.20031,0.000578057,0.011307,0.036232,0.0274689,1,0.565461,-0.0289086,0.0289086,0.565461,1,1,0.0217073,0.564436,0.00720129,0.00102513,0,0,0,0,0,0,0,0,0,0,0,0,0,0,0,0,0,0,0,0,0,0,0,255,0.22,1.7402,0.22,0.028773,0.474871,1,1,1,1,0,1,1,-0.190189,-3.12426,0.111096,0.131281,-0.031798,0.00332788,26.3782,36497,1,367,17.7296,9125,0,0.000884653,0.00518259,0.0458143,0,0,0,1,438,0.225,0.000488412,0.00958119,0.00215577,-0.000109893,0.00208642,-0.000553161,0.511519,0.0638141,0.0052429,0.00723984,-0.208229,0.00149447,0.00461306,-0.0247291,17.5148,0,0,0,0,0,0,-1,1,-9.04617e-07,-3.41771e-06,-0.207909,0,18.0405,1,1010,1010,1010,1010,0,0,0,0,26.6408,47,0.022899,0.56903,24,0.067563,0.505173,46,0.021661,0.585549,52,0.0320131,0.576245,53,0.0161343,0.57793,56,0.0248685,0.587292,56,0.0315203,0.594318,53,0.032759,0.55779,51,0.019066,0.577884
6046468452477,6046455501000,6046455501000,6046468440033,73729,12.939,6046481898353,26.3974,0,37866,145822,0,0,1,0,0,0.011973,500,500,441,0.882,2.65815,4.16794,0.637134,0.28365,0.0925903,3.08948,0.000221375,0.00567716,0.0267883,0.0269985,1,0.474163,-0.0184895,0.0184895,0.474163,1,1,0.0131098,0.471405,0.00537971,0.00275821,0,0,0,0,0,0,0,0,0,0,0,0,0,0,0,0,0,0,0,0,0,0,0,255,0.22,5.30489,0.22,0.0186441,0.399696,1,1,1,1,0,1,1,-0.190189,-3.12426,0.111096,0.131281,-0.031798,0.00332788,40.3847,36497,1,367,31.7361,9125,0,0.000884653,0.00518259,0.0458143,0,0,0,1,441,0.225,0.000186572,0.00481074,0.00108242,-4.19788e-05,0.00105028,-0.000265017,0.51257,0.0635491,0.00525208,0.00741625,-0.208407,0.00269944,0.012412,-0.0172074,13.7878,1,0,0,0,0,0,-1,1,-9.04617e-07,-3.41771e-06,-0.207909,0,32.0383,1,1010,1010,1010,1010,0,0,0,0,40.6386,52,-0.0146388,0.472233,33,0.0477756,0.443219,55,-0.00430544,0.490246,55,0.042706,0.466687,55,0.0160207,0.4791,56,0.0181012,0.493251,56,0.0236095,0.489325,53,0.0279919,0.478002,26,0.00909422,0.485232
6046482443394,6046475510000,6046475510000,6046482436635,73729,6.92664,6046495297784,19.7878,1,37867,145823,0,0,1,0,0,0.020009,500,500,372,0.744,2.67704,4.69752,0.782098,0.256539,0.106789,5.85648,0.000178547,0.0108617,0.0204724,0.0132296,1,0.54284,-0.00892335,0.00892335,0.54284,1,1,0.00580566,0.54048,0.00311769,0.00236007,0,0,0,0,0,0,0,0,0,0,0,0,0,0,0,0,0,0,0,0,0,0,0,255,0.22,7.50185,0.22,0.00713099,0.453733,1,1,1,1,1,1,1,-0.190189,-3.12426,0.111096,0.131281,-0.031798,0.00332788,53.7829,36497,1,367,45.1344,9125,0,0.000884653,0.00518259,0.0458143,0,0,0,1,372,0.225,0.000149149,0.00920394,0.00207089,-3.35585e-05,0.00201893,-0.000461928,0.514589,0.0630872,0.00516367,0.00770768,-0.208724,-0.00158143,0.0106203,-0.0124888,13.1654,2,0,0,0,0,0,-1,1,-9.04617e-07,-3.41771e-06,-0.208781,0,0.210502,1,1010,1010,1010,1010,0,0,0,0,0.214224,41,-0.0190985,0.538092,18,0.0153702,0.544757,55,0.00711935,0.556051,47,0.0151738,0.549013,54,0.00563743,0.539888,54,0.0156552,0.555318,40,0.021868,0.544158,51,0.0257481,0.550323,12,0.00726054,0.556955
6046495861992,6046483520000,6046483520000,6046495851992,73729,12.332,6046508370713,24.8507,0,37867,145824,0,0,1,0,0,0.00801,500,500,427,0.854,2.67215,5.20158,0.702505,0.280465,0.1008,2.85852,0.000247751,0.00525565,0.0290691,0.0366152,1,0.656136,-0.0309302,0.0309302,0.656136,1,1,0.0279281,0.653357,0.00300213,0.00277866,0,0,0,0,0,0,0,0,0,0,0,0,0,0,0,0,0,0,0,0,0,0,0,255,0.22,2.29761,0.22,0.0241713,0.554013,1,1,1,1,0,1,1,-0.185106,-3.12557,0.110787,0.12095,-0.02766,0.00381113,13.0611,36498,1,367,58.2091,9125,0,0.000884653,0.00518259,0.0458143,0,0,0,1,427,0.225,0.000209623,0.00445268,0.00100185,-4.71653e-05,0.000970261,-0.000253895,0.515559,0.0628333,0.00512556,0.00788151,-0.208894,-0.00245731,0.012504,-0.0127735,12.8414,1,0,0,0,0,0,-1,1,-9.04617e-07,-3.41771e-06,-0.208781,0,13.3138,1,1010,1010,1010,1010,0,0,0,0,13.3175,53,0.0270564,0.667571,40,0.0843064,0.602123,12,0.0126905,0.698826,56,0.0416365,0.661986,56,0.0187041,0.655128,46,0.0093908,0.679339,56,0.0392917,0.680671,56,0.0519403,0.679461,52,0.0098801,0.677179
6046508925439,6046495507000,6046495507000,6046508913106,73729,13.4061,6046521748459,26.2415,0,37867,145825,0,0,1,0,0,0.011987,500,500,476,0.952,2.69567,4.12079,0.753191,0.318631,0.0142822,2.79803,0.00011269,0.00508925,0.0472295,0.0269985,1,0.424564,-0.00940103,0.00940103,0.424564,1,1,0.00742605,0.421962,0.00197498,0.00260183,0,0,0,0,0,0,0,0,0,0,0,0,0,0,0,0,0,0,0,0,0,0,0,255,0.22,5.21526,0.22,0.00604844,0.355949,1,1,1,1,0,1,1,-0.185106,-3.12557,0.110787,0.12095,-0.02766,0.00381113,26.4396,36498,1,367,71.5873,9125,0,0.000884653,0.00518259,0.0458143,0,0,0,1,476,0.225,9.45174e-05,0.00431266,0.000970349,-2.12664e-05,0.000944783,-0.000222153,0.516504,0.0626111,0.0050193,0.00801596,-0.209028,-0.00626055,0.0117082,-0.0121184,13.147,1,0,0,0,0,0,-1,1,-9.04617e-07,-3.41771e-06,-0.208781,0,26.6935,1,1010,1010,1010,1010,0,0,0,0,26.6972,55,-0.0086667,0.417113,33,0.089669,0.383606,56,-0.0114205,0.436954,56,0.01433,0.44931,56,0.0157705,0.421955,56,-0.000934544,0.437576,56,0.0173666,0.44321,56,0.00324239,0.435512,52,0.00674079,0.425631
6046522316593,6046511546000,6046511546000,6046522309444,73729,10.7634,6046535859136,24.3131,1,37868,145826,0,0,1,0,0,0.016039,500,500,448,0.896,2.68069,4.72281,0.79858,0.299705,-0.0285416,5.27284,-5.9601e-05,0.00972074,0.00767883,0.0153789,1,0.606069,0.00371601,-0.00371601,0.606069,1,1,-0.00429387,0.604582,0.00057786,0.00148692,0,0,0,0,0,0,0,0,0,0,0,0,0,0,0,0,0,0,0,0,0,0,0,255,0.22,6.86877,0.22,0.00310244,0.505285,1,1,1,1,0,1,1,-0.185106,-3.12557,0.110787,0.12095,-0.02766,0.00381113,40.5583,36498,1,367,85.706,9125,0,0.000884653,0.00518259,0.0458143,0,0,0,1,448,0.225,-5.21685e-05,0.00823699,0.00185332,1.17379e-05,0.00181531,-0.000373328,0.518319,0.0622378,0.00492198,0.00826416,-0.209161,-0.00686292,0.00669112,-0.00757063,13.8518,2,0,0,0,0,0,-1,1,-9.04617e-07,-3.41771e-06,-0.208781,0,40.8234,1,1010,1010,1010,1010,0,0,0,0,40.8271,44,-0.0299421,0.59636,22,0.00998552,0.569076,56,-0.00691839,0.626045,53,0.00181006,0.618436,56,-0.0165585,0.593915,56,0.000880455,0.620693,56,0.00551653,0.616077,53,0.00787661,0.628552,52,-0.00262654,0.615263
6046536419862,6046523523000,6046523523000,6046536407973,73729,12.885,6046549609292,26.0863,0,37868,145827,0,0,1,0,0,0.011977,500,500,495,0.99,2.66606,4.55853,0.765006,0.313688,0.0422668,2.49301,0.000125122,0.00454237,0.0107823,0.0344519,1,0.379258,-0.0104468,0.0104468,0.379258,1,1,0.015075,0.377712,-0.00462817,0.0015458,0,0,0,0,0,0,0,0,0,0,0,0,0,0,0,0,0,0,0,0,0,0,0,255,0.22,2.26881,0.22,0.0149525,0.321743,1,1,1,1,1,1,1,-0.180912,-3.12659,0.110413,0.100971,-0.0219704,0.00351112,1.05206,36499,1,367,99.442,9125,0,0.000884653,0.00518259,0.0458143,0,0,0,1,495,0.225,0.000105268,0.00384908,0.000866043,-2.36853e-05,0.000842326,-0.00020254,0.519161,0.0620352,0.00472949,0.00860211,-0.208631,-0.00403639,0.00695609,0.0134323,0.789209,3,0,0,0,0,0,-1,1,-9.04617e-07,-3.41771e-06,-0.208806,0,1.3109,1,1010,1010,1010,1010,0,0,0,0,1.31471,56,-0.0210587,0.380686,51,0.0552911,0.327432,56,-0.00742377,0.396153,56,0.0132571,0.395134,56,0.00351836,0.381608,56,-0.000562969,0.392211,56,0.0276279,0.389417,56,0.0136864,0.386842,52,0.00126035,0.384169
6046550213444,6046531535000,6046531535000,6046550199722,73729,18.6647,6046564378159,32.8432,0,37868,145828,0,0,1,0,0,0.008012,500,500,441,0.882,2.68296,4.01433,0.701301,0.287299,-0.061676,2.30714,3.2185e-05,0.00412916,0.0420604,0.0520315,1,0.515372,-0.0040171,0.0040171,0.515372,1,1,0.0120416,0.514444,-0.0080245,0.000927994,0,0,0,0,0,0,0,0,0,0,0,0,0,0,0,0,0,0,0,0,0,0,0,255,0.22,5.90886,0.22,-0.00265756,0.445376,1,1,1,1,0,1,1,-0.180912,-3.12659,0.110413,0.100971,-0.0219704,0.00351112,15.8244,36499,1,367,114.214,9125,0,0.000884653,0.00518259,0.0458143,0,0,0,1,441,0.225,2.64309e-05,0.0034988,0.000787229,-5.94695e-06,0.000768898,-0.000168863,0.51993,0.0618664,0.00472949,0.00860211,-0.208631,-0.0064166,0.00417597,0.0237549,15.5773,0,0,0,0,0,0,-1,1,-9.04617e-07,-3.41771e-06,-0.208806,0,16.0708,1,1010,1010,1010,1010,0,0,0,0,16.0746,56,-0.0232944,0.550074,55,0.0895389,0.420049,41,-0.0423042,0.538888,56,0.0120742,0.557517,56,-0.0133816,0.528372,39,-0.0307474,0.53257,50,0.00848489,0.55679,56,-0.0112813,0.50784,32,-0.0109668,0.533426
6046564877181,6046551543000,6046551543000,6046564871792,73729,13.3288,6046578176908,26.6339,1,37869,145829,0,0,1,0,0,0.020008,500,500,452,0.904,2.68061,4.41874,0.748635,0.290483,-0.197983,4.24319,-0.000389114,0.00773157,-0.0194803,0.0437565,1,0.386424,0.0194479,-0.0194479,0.386424,1,1,-0.00934923,0.38519,-0.0100987,0.00123392,0,0,0,0,0,0,0,0,0,0,0,0,0,0,0,0,0,0,0,0,0,0,0,255,0.22,0.318688,0.22,-0.0123788,0.327864,1,1,1,1,0,1,1,-0.180912,-3.12659,0.110413,0.100971,-0.0219704,0.00351112,29.6249,36499,1,367,128.015,9125,0,0.000884653,0.00518259,0.0458143,0,0,0,1,452,0.225,-0.000331658,0.00655059,0.00147388,7.46231e-05,0.0014574,-0.000231769,0.521388,0.0616346,0.00469093,0.00870181,-0.208296,-0.00482368,0.00555265,0.0324964,13.5483,1,0,0,0,0,0,-1,1,-9.04617e-07,-3.41771e-06,-0.208806,0,29.8728,1,1010,1010,1010,1010,0,0,0,0,29.8766,34,-0.0475851,0.379366,44,0.01507,0.365284,56,-0.0359381,0.404967,54,-0.0137474,0.398922,56,-0.0276133,0.390157,56,-0.0332851,0.402383,56,-0.00570912,0.40188,45,-0.0133808,0.392312,51,-0.0281149,0.396824
6046578716004,6046563520000,6046563520000,6046578703078,73729,15.1831,6046592797922,29.2779,0,37869,145830,0,0,1,0,0,0.011977,500,500,496,0.992,2.69585,4.03742,0.729394,0.311058,-0.0924683,1.87507,-0.000131967,0.00342693,-0.0147016,0.0269354,1,0.286126,0.0110184,-0.0110184,0.286126,1,1,0.000562647,0.285276,-0.011581,0.000849679,0,0,0,0,0,0,0,0,0,0,0,0,0,0,0,0,0,0,0,0,0,0,0,255,0.22,3.9751,0.22,-0.00690668,0.246335,1,1,1,1,0,1,1,-0.178513,-3.12727,0.10994,0.0718755,-0.0178185,0.00379819,0.371448,36500,1,367,142.631,9125,0,0.000884653,0.00518259,0.0458143,0,0,0,1,496,0.225,-0.000112549,0.00290403,0.000653407,2.53234e-05,0.000644568,-0.000109916,0.522032,0.0615247,0.00454332,0.00891169,-0.20764,-0.00484431,0.00382356,0.0378162,0.184501,2,0,0,0,0,0,-1,1,-9.04617e-07,-3.41771e-06,-0.207296,0,0.634819,1,1010,1010,1010,1010,0,0,0,0,0.638708,56,-0.0131482,0.291816,52,0.0668493,0.23253,56,-0.0304633,0.297413,56,-0.0122726,0.310047,56,-0.0112286,0.294039,56,-0.0274808,0.296343,56,-0.00750078,0.306173,56,-0.011686,0.278543,52,-0.0230183,0.287837
6046593370945,6046583520000,6046583520000,6046593364593,73729,9.84459,6046604615693,21.0957,1,37870,145831,0,0,1,0,0,0.02,500,500,470,0.94,2.6917,4.38788,0.652893,0.306614,-0.161636,3.40351,-0.000312848,0.00629857,-0.0229684,0.0130645,1,0.314929,0.0156424,-0.0156424,0.314929,1,1,-0.00472102,0.313602,-0.0109214,0.00132694,0,0,0,0,0,0,0,0,0,0,0,0,0,0,0,0,0,0,0,0,0,0,0,255,0.22,8.25014,0.22,-0.0120059,0.267126,1,1,1,2,1,1,1,-0.178513,-3.12727,0.10994,0.0718755,-0.0178185,0.00379819,12.2122,36500,1,367,154.471,9125,0,0.000884653,0.00518259,0.0458143,0,0,0,1,470,0.225,-0.000266284,0.00533727,0.00120089,5.99139e-05,0.00118744,-0.000188636,0.52322,0.0613361,0.0044219,0.00901819,-0.207394,-0.00836137,0.00597122,0.032628,10.1247,1,0,0,0,0,0,-1,1,-9.04617e-07,-3.41771e-06,-0.207296,0,12.4633,1,1010,1010,1010,1010,0,0,0,0,12.4671,56,-0.03138,0.310138,28,0.030631,0.292169,56,-0.0290375,0.320614,54,-0.0134916,0.322272,56,-0.0217249,0.324345,56,-0.0225693,0.325555,56,-0.00784283,0.329761,56,-0.0107986,0.306476,52,-0.0225155,0.323994
6046605258439,6046591542000,6046591542000,6046605243902,73729,13.7019,6046617764308,26.2223,0,37870,145832,0,0,1,0,0,0.008022,500,500,498,0.996,2.69767,4.05381,0.874247,0.319003,-0.0771942,1.3772,-4.45485e-05,0.00242735,0.0186623,0.0494561,1,0.302586,0.00555329,-0.00555329,0.302586,1,1,0.00357028,0.301779,-0.00912357,0.000807135,0,0,0,0,0,0,0,0,0,0,0,0,0,0,0,0,0,0,0,0,0,0,0,255,0.22,0.079612,0.22,-0.0117398,0.266811,1,1,1,1,0,1,1,-0.178513,-3.12727,0.10994,0.0718755,-0.0178185,0.00379819,25.3673,36500,1,367,167.627,9125,0,0.000884653,0.00518259,0.0458143,0,0,0,1,498,0.225,-3.83364e-05,0.00205697,0.000462818,8.62569e-06,0.000454671,-8.67859e-05,0.523674,0.0612493,0.00431064,0.00907831,-0.207243,-0.0103844,0.00363211,0.0245374,12.8576,1,0,0,0,0,0,-1,1,-9.04617e-07,-3.41771e-06,-0.207296,0,25.6321,1,1010,1010,1010,1010,0,0,0,0,25.636,56,-6.01327e-05,0.317321,54,0.0552582,0.203,56,-0.0446704,0.318698,56,-0.0136147,0.331302,56,-0.0244061,0.325148,56,-0.0301878,0.321068,56,-0.00538472,0.329959,56,-0.0141326,0.298867,52,-0.0174778,0.314557
6046618381701,6046603520000,6046603520000,6046618368127,73729,14.8481,6046631035553,27.5156,0,37870,145833,0,0,1,0,0,0.011978,500,500,469,0.938,2.69422,3.9186,0.756969,0.298077,-0.0276794,1.11459,8.69289e-06,0.0019774,0.00718484,0.0203384,1,0.165086,-0.000725738,0.000725738,0.165086,1,1,0.0067968,0.164659,-0.00607106,0.000427145,0,0,0,0,0,0,0,0,0,0,0,0,0,0,0,0,0,0,0,0,0,0,0,255,0.22,3.07417,0.22,0.00294922,0.140789,1,1,1,1,0,1,1,-0.178513,-3.12727,0.10994,0.0718755,-0.0178185,0.00379819,38.6158,36500,1,367,180.875,9125,0,0.000884653,0.00518259,0.0458143,0,0,0,1,469,0.225,6.96179e-06,0.00167567,0.000377025,-1.5664e-06,0.000368625,-7.90819e-05,0.524043,0.0611702,0.00427317,0.00913923,-0.207174,-0.00781246,0.00192215,0.0156058,13.0116,1,0,0,0,0,0,-1,1,-9.04617e-07,-3.41771e-06,-0.207296,0,38.8804,1,1010,1010,1010,1010,0,0,0,0,38.8843,55,-0.0197189,0.171588,43,0.0635342,0.119279,56,-0.0182756,0.170567,56,0.00387828,0.178514,56,-0.00327688,0.181457,56,-0.00851844,0.176478,40,0.00391981,0.178889,55,0.0045163,0.159151,52,-0.00755341,0.17241
6046631611501,6046623525000,6046623525000,6046631604205,73729,8.0792,6046645729160,22.2042,1,37871,145834,0,0,1,0,0,0.020005,500,500,495,0.99,2.65535,4.10981,0.777672,0.32078,0.234833,1.3501,0.000466772,0.00238019,-0.000325394,0.0197895,1,0.11898,-0.0233328,0.0233328,0.11898,1,1,0.0237663,0.118845,-0.000433569,0.000134557,0,0,0,0,0,0,0,0,0,0,0,0,0,0,0,0,0,0,0,0,0,0,0,255,0.22,5.75976,0.22,0.026042,0.103561,1,1,1,1,0,1,1,-0.177818,-3.1277,0.109649,0.0246579,-0.00825232,0.00168757,1.3349,36501,1,367,195.562,9125,0,0.000884653,0.00518259,0.0458143,0,0,0,1,495,0.225,0.000395461,0.00201697,0.000453819,-8.89787e-05,0.000425774,-0.000180455,0.524469,0.0609897,0.00432229,0.00924118,-0.207259,0.000552166,0.000605505,0.00200258,1.11118,3,0,0,0,0,0,-1,1,-9.04617e-07,-3.41771e-06,-0.207164,0,1.59368,1,1010,1010,1010,1010,0,0,0,0,1.59744,56,0.0209738,0.121482,51,0.0470969,0.0937471,56,0.015555,0.129411,56,0.027039,0.127008,56,0.0195122,0.129153,56,0.0190592,0.129189,56,0.0286988,0.127079,56,0.0283066,0.115573,52,0.0162339,0.123086
6046646280794,6046631558000,6046631558000,6046646268775,73729,14.7108,6046658153769,26.5958,0,37871,145835,0,0,1,0,0,0.008033,500,500,498,0.996,2.6885,3.69036,0.642801,0.321465,0.101349,0.190521,0.00020679,0.000357645,0.0159878,-0.00496977,1,0.044522,-0.0257426,0.0257426,0.044522,1,1,0.0245096,0.0447788,0.00123292,-0.000256841,0,0,0,0,0,0,0,0,0,0,0,0,0,0,0,0,0,0,0,0,0,0,0,255,0.22,0.571727,0.22,0.0210448,0.0358703,1,1,1,1,1,1,1,-0.177818,-3.1277,0.109649,0.0246579,-0.00825232,0.00168757,13.7913,36501,1,367,12.4322,9126,0,0.000884653,0.00494639,0.0458696,0,0,0,1,498,0.225,0.000175324,0.000303099,6.81973e-05,-3.94479e-05,5.86159e-05,-5.2636e-05,0.524527,0.0609371,0.00432229,0.00924118,-0.207259,0.00280347,-0.00115578,-0.00219575,13.5335,0,0,0,0,0,0,-1,1,-9.04617e-07,-3.41771e-06,-0.207164,0,14.0645,1,1010,1010,1010,1010,0,0,0,0,14.0683,56,0.0282117,0.0395109,56,0.0258447,0.0360993,56,0.0221158,0.03503,56,0.0305274,0.0522147,56,0.0263649,0.0438158,56,0.0228086,0.0427961,54,0.0311937,0.0482114,56,0.0133705,0.0515675,52,0.0250636,0.0503485
6046658836385,6046643519000,6046643519000,6046658822404,73729,15.3034,6046671616201,28.0972,0,37871,145836,0,0,1,0,0,0.011961,500,500,500,1,2.68339,3.52902,0.725746,0.316632,0.091568,-0.0918198,0.000158805,-0.000162042,-0.000462117,-0.00216143,1,-0.0135476,-0.0132769,0.0132769,-0.0135476,1,1,0.0110361,-0.0126873,0.00224083,-0.000860214,0,0,0,0,0,0,0,0,0,0,0,0,0,0,0,0,0,0,0,0,0,0,0,255,0.22,2.95219,0.22,0.0103401,-0.0129903,1,1,1,1,0,1,1,-0.177818,-3.1277,0.109649,0.0246579,-0.00825232,0.00168757,27.229,36501,1,367,25.8699,9126,0,0.000884653,0.00494639,0.0458696,0,0,0,1,500,0.225,0.000134671,-0.000137314,-3.08956e-05,-3.0301e-05,-3.64711e-05,-2.32922e-05,0.524491,0.0609138,0.00439313,0.00919396,-0.207326,0.00526915,-0.00387096,-0.00385166,13.1896,1,0,0,0,0,0,-1,1,-9.04617e-07,-3.41771e-06,-0.207164,0,27.4933,1,1010,1010,1010,1010,0,0,0,0,27.497,56,0.00804508,-0.0129789,56,0.0246104,-0.0120739,56,0.0134797,-0.0104937,56,0.0143476,-0.0150241,56,0.00742838,-0.0102333,56,0.0167241,-0.0141006,56,0.0147806,-0.0146507,56,0.018533,-0.0151378,52,0.00979539,-0.0168023
6046672201168,6046663523000,6046663523000,6046672193798,73729,8.6708,6046687953598,24.4306,1,37872,145837,0,0,1,0,0,0.020004,500,500,487,0.974,2.65652,4.11114,0.623449,0.308502,0.0678406,-0.917084,7.09197e-05,-0.00165273,-0.00376628,-0.00251316,1,-0.0826202,-0.00354528,0.00354528,-0.0826202,1,1,-1.07803e-05,-0.0801552,0.00355606,-0.00246499,0,0,0,0,0,0,0,0,0,0,0,0,0,0,0,0,0,0,0,0,0,0,0,255,0.22,6.16943,0.22,0.000854559,-0.0690205,1,1,1,1,0,1,1,-0.177818,-3.1277,0.109649,0.0246579,-0.00825232,0.00168757,43.565,36501,1,367,42.2059,9126,0,0.000884653,0.00494639,0.0458696,0,0,0,1,487,0.225,6.0445e-05,-0.00140068,-0.000315153,-1.36001e-05,-0.000311183,5.1611e-05,0.52418,0.0609654,0.00461148,0.00903602,-0.207487,0.00833107,-0.0110925,-0.00613695,16.066,2,0,0,0,0,0,-1,1,-9.04617e-07,-3.41771e-06,-0.207164,0,43.8505,1,1010,1010,1010,1010,0,0,0,0,43.8543,55,0.00339998,-0.0859654,56,-0.0220885,-0.0539467,56,0.0124185,-0.0894982,56,0.00482416,-0.0863234,56,0.0097192,-0.0884735,56,0.0106403,-0.0837274,44,0.00262345,-0.0887978,56,0.000713553,-0.0826439,52,0.00528818,-0.0869386
6046688545158,6046683513000,6046683513000,6046688535880,73729,5.02288,6046699686665,16.1737,1,37873,145838,0,0,1,0,0,0.01999,500,500,500,1,2.6707,4.10092,0.702876,0.320262,-0.0170135,-0.997025,-0.000143983,-0.00171323,-0.00922716,-0.0209151,1,-0.0857042,0.00720277,-0.00720277,-0.0857042,1,1,-0.0115766,-0.0848757,0.00437385,-0.000828517,0,0,0,0,0,0,0,0,0,0,0,0,0,0,0,0,0,0,0,0,0,0,0,255,0.22,2.25596,0.22,-0.010341,-0.0677371,1,1,1,2,0,1,1,-0.178821,-3.12748,0.109197,0.0171541,0.00155073,0.0012954,1.5781,36502,1,367,53.9353,9126,0,0.000884653,0.00494639,0.0458696,0,0,0,1,500,0.225,-0.000121557,-0.00145186,-0.000326668,2.73503e-05,-0.000313996,9.41099e-05,0.523866,0.0610595,0.00479158,0.0090372,-0.207664,0.0131568,-0.00372833,-0.00522042,1.34381,2,0,0,0,0,0,-1,1,-9.04617e-07,-3.41771e-06,-0.207558,0,1.83238,1,1010,1010,1010,1010,0,0,0,0,1.83666,56,-0.00401289,-0.0916498,56,-0.0616327,-0.0466947,56,0.010087,-0.0909105,56,-0.00921062,-0.0990218,56,-0.00367613,-0.0951815,56,0.00571781,-0.0901884,56,-0.00982269,-0.0943311,56,-0.00826867,-0.0854342,52,0.00221065,-0.0910954
6046700267484,6046691538000,6046691538000,6046700255984,73729,8.71798,6046712066737,20.5287,0,37873,145839,0,0,1,0,0,0.008025,500,500,500,1,2.63537,3.62408,0.620338,0.344558,-0.179169,-0.374512,-0.000345932,-0.000660416,-0.00180396,-0.0147213,1,-0.0822949,0.0431068,-0.0431068,-0.0822949,1,1,-0.0462498,-0.0815343,0.00314296,-0.000760567,0,0,0,0,0,0,0,0,0,0,0,0,0,0,0,0,0,0,0,0,0,0,0,255,0.22,3.82081,0.22,-0.0505507,-0.0681818,1,1,1,1,1,1,1,-0.178821,-3.12748,0.109197,0.0171541,0.00155073,0.0012954,13.9619,36502,1,367,66.3191,9126,0,0.000884653,0.00494639,0.0458696,0,0,0,1,500,0.225,-0.000293215,-0.000559653,-0.000125922,6.59734e-05,-0.000109592,9.05329e-05,0.523756,0.0611501,0.00477404,0.00904651,-0.207822,0.00283875,-0.00342255,-0.00904367,12.1252,1,0,0,0,0,0,-1,1,-9.04617e-07,-3.41771e-06,-0.207558,0,14.229,1,1010,1010,1010,1010,0,0,0,0,14.2333,56,-0.0331624,-0.0862134,56,-0.0525318,-0.0605543,56,-0.0314269,-0.0856915,56,-0.0452539,-0.0947483,56,-0.0433669,-0.0821884,56,-0.0396046,-0.0947862,56,-0.0546953,-0.0948463,56,-0.0411922,-0.079625,52,-0.0413946,-0.0823716
6046712682537,6046703516000,6046703516000,6046712668500,73729,9.1525,6046725941801,22.4258,0,37873,145840,0,0,1,0,0,0.011978,500,500,500,1,2.68515,3.99642,0.705431,0.317761,-0.16449,-0.158936,-0.000272801,-0.000268857,0.0118982,-0.00938859,1,-0.0224459,0.0227752,-0.0227752,-0.0224459,1,1,-0.0260106,-0.0221241,0.00323546,-0.00032183,0,0,0,0,0,0,0,0,0,0,0,0,0,0,0,0,0,0,0,0,0,0,0,255,0.22,5.26228,0.22,-0.0317132,-0.0170979,1,1,1,1,0,1,1,-0.178821,-3.12748,0.109197,0.0171541,0.00155073,0.0012954,27.839,36502,1,367,80.1962,9126,0,0.000884653,0.00494639,0.0458696,0,0,0,1,500,0.225,-0.000231426,-0.000227833,-5.12623e-05,5.20709e-05,-3.93998e-05,6.15334e-05,0.523717,0.0612116,0.00472516,0.00906089,-0.208011,-0.00268769,-0.00144824,-0.0137978,13.6356,1,0,0,0,0,0,-1,1,-9.04617e-07,-3.41771e-06,-0.207558,0,28.1029,1,1010,1010,1010,1010,0,0,0,0,28.1071,56,-0.0260319,-0.0199825,56,-0.0089116,-0.0223169,56,-0.0202726,-0.027072,56,-0.0302886,-0.0231621,56,-0.0261218,-0.02627,56,-0.0214192,-0.0215376,56,-0.0315784,-0.0240242,56,-0.0170944,-0.0229764,52,-0.0291537,-0.0239786
6046726504305,6046711537000,6046711537000,6046726491397,73729,14.9544,6046740193886,28.6569,0,37873,145841,0,0,1,0,0,0.008021,500,500,500,1,2.6905,3.65082,0.662079,0.31991,-0.163544,0.0366364,-0.000299448,5.39274e-05,0.00812285,0.00410808,1,0.00672328,0.037333,-0.037333,0.00672328,1,1,-0.0400458,0.00671583,0.00271271,7.45358e-06,0,0,0,0,0,0,0,0,0,0,0,0,0,0,0,0,0,0,0,0,0,0,0,255,0.22,-0.363225,0.22,-0.0337486,0.00974914,1,1,1,1,0,1,1,-0.178821,-3.12748,0.109197,0.0171541,0.00155073,0.0012954,42.0856,36502,1,367,94.4429,9126,0,0.000884653,0.00494639,0.0458696,0,0,0,1,500,0.225,-0.000254008,4.56823e-05,1.02785e-05,5.71517e-05,2.187e-05,5.37926e-05,0.523739,0.0612654,0.00463478,0.00910321,-0.208171,-0.0072306,3.35411e-05,-0.0155503,13.9854,1,0,0,0,0,0,-1,1,-9.04617e-07,-3.41771e-06,-0.207558,0,42.3615,1,1010,1010,1010,1010,0,0,0,0,0.231854,56,-0.0399375,0.00766175,56,-0.0561265,0.00405922,56,-0.0399341,0.0123317,56,-0.0450723,0.000687155,56,-0.0218895,0.0143186,56,-0.0352293,0.00639988,56,-0.030256,0.00757575,56,-0.0430563,0.0084908,52,-0.0446572,0.00949013
6046740734501,6046731537000,6046731537000,6046740728075,73729,9.19107,6046754031117,22.4941,1,37874,145842,0,0,1,0,0,0.02,500,500,477,0.954,2.69137,3.80397,0.680301,0.305261,-0.104599,0.556793,-0.000116384,0.000987545,0.019006,0.00705266,1,0.0493772,0.00581919,-0.00581919,0.0493772,1,1,-0.0051476,0.0481848,-0.000671596,0.00119244,0,0,0,0,0,0,0,0,0,0,0,0,0,0,0,0,0,0,0,0,0,0,0,255,0.22,3.70243,0.22,-0.00133994,0.0446053,1,1,1,1,0,1,1,-0.179235,-3.12734,0.108814,0.0301485,-0.0104546,0.0027308,4.10773,36503,1,367,108.28,9126,0,0.000884653,0.00494639,0.0458696,0,0,0,1,477,0.225,-9.90104e-05,0.000836731,0.000188265,2.22773e-05,0.000188798,-1.71041e-05,0.523927,0.0612483,0.00448189,0.00930672,-0.208134,-0.00550838,0.00536597,-0.00198896,3.83914,3,0,0,0,0,0,-1,1,-9.04617e-07,-3.41771e-06,-0.208129,0,4.36616,1,1010,1010,1010,1010,0,0,0,0,14.052,56,-0.00563089,0.0535116,56,0.0140313,0.0389109,33,-0.0138493,0.0536604,56,-0.00532607,0.0534185,56,-0.0100704,0.0534636,56,-0.00973903,0.0484151,56,-0.00653977,0.0569802,56,-0.0019866,0.0495592,52,-0.00928899,0.0485593
6046754587362,6046739567000,6046739567000,6046754575602,73729,15.0086,6046767864736,28.2977,0,37874,145843,0,0,1,0,0,0.00803,500,500,500,1,2.66224,3.94997,0.659153,0.322206,0.0257111,0.336685,5.1308e-05,0.000594927,0.000939861,0.0184384,1,0.074088,-0.00638954,0.00638954,0.074088,1,1,0.00958774,0.0732538,-0.0031982,0.000834219,0,0,0,0,0,0,0,0,0,0,0,0,0,0,0,0,0,0,0,0,0,0,0,255,0.22,6.54071,0.22,0.0127041,0.0613643,1,1,1,1,1,1,1,-0.179235,-3.12734,0.108814,0.0301485,-0.0104546,0.0027308,17.9593,36503,1,367,122.132,9126,0,0.000884653,0.00494639,0.0458696,0,0,0,1,500,0.225,4.34445e-05,0.000504197,0.000113444,-9.77501e-06,0.000108971,-3.30044e-05,0.524036,0.0612153,0.00448189,0.00930672,-0.208134,-0.00556785,0.00375398,0.00705926,17.6595,0,0,0,0,0,0,-1,1,-9.04617e-07,-3.41771e-06,-0.208129,0,18.2508,1,1010,1010,1010,1010,0,0,0,0,27.9367,56,0.00549382,0.0895241,56,0.0117876,0.048373,56,-0.00489049,0.0804217,56,0.00157816,0.0783877,56,0.0108754,0.0745456,56,0.00380089,0.0763223,56,0.0151518,0.0779442,56,-0.00575562,0.0739117,52,0.0132084,0.0802309
6046768577242,6046759554000,6046759554000,6046768566630,73729,9.01263,6046781235908,21.6819,1,37875,145844,0,0,1,0,0,0.019987,500,500,498,0.996,2.70445,3.6621,0.686894,0.313687,0.217308,0.446465,0.000402813,0.000812389,-0.00427325,0.00543548,1,0.0406458,-0.0201538,0.0201538,0.0406458,1,1,0.0246626,0.041025,-0.00450881,-0.000379123,0,0,0,0,0,0,0,0,0,0,0,0,0,0,0,0,0,0,0,0,0,0,0,255,0.22,1.12973,0.22,0.0224077,0.029089,1,1,1,1,0,1,1,-0.179235,-3.12734,0.108814,0.0301485,-0.0104546,0.0027308,31.3172,36503,1,367,135.49,9126,0,0.000884653,0.00494639,0.0458696,0,0,0,1,498,0.225,0.000341514,0.000688413,0.000154893,-7.68406e-05,0.000135671,-0.000107175,0.524172,0.0611081,0.00442814,0.00929053,-0.208052,-0.00663402,-0.00170605,0.0109245,13.1154,1,0,0,0,0,0,-1,1,-9.04617e-07,-3.41771e-06,-0.208129,0,31.5771,1,1010,1010,1010,1010,0,0,0,0,41.263,56,0.0174209,0.0416609,56,0.0293028,0.0357162,54,0.0175254,0.0427303,56,0.0229371,0.0430013,56,0.0176584,0.0444331,56,0.0171056,0.0442213,56,0.0197327,0.0423618,56,0.0197668,0.0371043,52,0.0202423,0.0405578
6046781811023,6046771527000,6046771527000,6046781797764,73729,10.2708,6046796144128,24.6171,0,37875,145845,0,0,1,0,0,0.011973,500,500,490,0.98,2.72828,3.79473,0.672171,0.323206,0.207428,0.140823,0.000385735,0.000227168,-0.00118449,0.0118619,1,0.0189734,-0.032217,0.032217,0.0189734,1,1,0.034084,0.0197127,-0.00186697,-0.000739278,0,0,0,0,0,0,0,0,0,0,0,0,0,0,0,0,0,0,0,0,0,0,0,255,0.22,4.19812,0.22,0.0321341,0.0185575,1,1,1,1,0,1,1,-0.179761,-3.12752,0.108473,0.017283,-0.00640127,0.00268617,1.62857,36504,1,367,150.392,9126,0,0.000884653,0.00494639,0.0458696,0,0,0,1,490,0.225,0.000327096,0.000192529,4.33191e-05,-7.35965e-05,2.71833e-05,-8.09539e-05,0.524199,0.0610271,0.00449253,0.00924073,-0.207995,3.95524e-05,-0.00332675,0.00675274,1.39027,3,0,0,0,0,0,-1,1,-9.04618e-07,-3.41771e-06,-0.207895,0,1.89268,1,1010,1010,1010,1010,0,0,0,0,1.89664,56,0.0224129,0.0258006,56,0.0498626,0.00651451,46,0.0296376,0.0225686,56,0.0348474,0.026188,56,0.0251953,0.0276093,56,0.0299477,0.0220147,56,0.0398693,0.0200513,56,0.0303168,0.0158834,52,0.0288519,0.0205817
6046796695836,6046779587000,6046779587000,6046796682336,73729,17.0953,6046808592219,29.0052,0,37875,145846,0,0,1,0,0,0.00806,500,500,500,1,2.69113,3.60953,0.635005,0.324113,0.199265,0.0728989,0.000339315,0.000142089,-0.0161721,-0.0019579,1,0.0176289,-0.0420986,0.0420986,0.0176289,1,1,0.0426264,0.0184532,-0.000527798,-0.000824273,0,0,0,0,0,0,0,0,0,0,0,0,0,0,0,0,0,0,0,0,0,0,0,255,0.22,8.95403,0.22,0.0414426,0.0178428,1,1,1,1,0,1,1,-0.179761,-3.12752,0.108473,0.017283,-0.00640127,0.00268617,14.0825,36504,1,367,162.846,9126,0,0.000884653,0.00494639,0.0458696,0,0,0,1,500,0.225,0.000287865,0.0001204,2.70899e-05,-6.47697e-05,1.31276e-05,-6.89663e-05,0.524212,0.0609582,0.00449253,0.00924073,-0.207995,0.00257342,-0.00370923,0.00395881,13.8386,0,0,0,0,0,0,-1,1,-9.04618e-07,-3.41771e-06,-0.207895,0,14.3533,1,1010,1010,1010,1010,0,0,0,0,14.3572,56,0.0406937,0.0232612,56,0.0151373,0.0217876,56,0.0551236,0.0181144,56,0.0388981,0.00763459,56,0.0435812,0.0172739,56,0.0488103,0.0224349,56,0.0421366,0.013617,56,0.0389359,0.0188887,52,0.0468735,0.0236266
6046809184445,6046799547000,6046799547000,6046809176945,73729,9.62994,6046821697833,22.1508,1,37876,145847,0,0,1,0,0,0.01996,500,500,500,1,2.68267,3.58447,0.637412,0.321262,0.148743,-0.0973892,0.000249261,-0.000171417,-0.00561655,0.00113048,1,-0.00858804,-0.012488,0.012488,-0.00858804,1,1,0.0129453,-0.00805133,-0.000457213,-0.000536715,0,0,0,0,0,0,0,0,0,0,0,0,0,0,0,0,0,0,0,0,0,0,0,255,0.22,1.13995,0.22,0.0102259,-0.00413921,1,1,1,1,1,1,1,-0.179761,-3.12752,0.108473,0.017283,-0.00640127,0.00268617,27.1863,36504,1,367,175.95,9126,0,0.000884653,0.00494639,0.0458696,0,0,0,1,500,0.225,0.000211541,-0.000145275,-3.26868e-05,-4.75967e-05,-4.18102e-05,-3.98216e-05,0.524171,0.0609184,0.00452643,0.00924352,-0.207966,0.00244212,-0.00241522,0.00359967,11.3803,2,0,0,0,0,0,-1,1,-9.04618e-07,-3.41771e-06,-0.207895,0,27.4527,1,1010,1010,1010,1010,0,0,0,0,27.4567,56,0.0173636,-0.0059008,56,0.00263008,-0.00435738,56,0.0186254,-0.00718464,56,0.0118822,-0.00981297,56,0.0107432,-0.00681085,56,0.0148923,-0.0115814,56,0.0135723,-0.0124912,56,0.0120011,-0.0117254,52,0.0117907,-0.00946391
6046822329578,6046811530000,6046811530000,6046822315337,73729,10.7853,6046836691831,25.1618,0,37876,145848,0,0,1,0,0,0.011983,500,500,494,0.988,2.68406,3.90307,0.607375,0.318632,-0.0719223,-0.110863,-0.000135347,-0.000196726,-0.00466648,0.00489584,1,-0.0164171,0.0112949,-0.0112949,-0.0164171,1,1,-0.0103189,-0.0160245,-0.000976061,-0.000392614,0,0,0,0,0,0,0,0,0,0,0,0,0,0,0,0,0,0,0,0,0,0,0,255,0.22,4.14533,0.22,-0.0122743,-0.0102302,1,1,1,1,0,1,1,-0.179761,-3.12752,0.108473,0.017283,-0.00640127,0.00268617,42.1823,36504,1,367,190.946,9126,0,0.000884653,0.00494639,0.0458696,0,0,0,1,494,0.225,-0.000114789,-0.000166746,-3.75178e-05,2.58276e-05,-3.13738e-05,3.30171e-05,0.524139,0.0609514,0.0044926,0.00922605,-0.20798,-0.000595089,-0.00176676,0.00303775,14.7298,1,0,0,0,0,0,-1,1,-9.04618e-07,-3.41771e-06,-0.207895,0,42.4454,1,1010,1010,1010,1010,0,0,0,0,42.4493,56,-0.0123265,-0.0175385,56,-0.0169698,-0.00343188,50,-0.0113016,-0.0177497,56,-0.0123471,-0.0239029,56,-0.0102708,-0.0191538,56,-0.0138979,-0.0153851,56,-0.0170709,-0.0193197,56,-0.00166699,-0.0138129,52,-0.0113947,-0.0186608
6046837246502,6046819553000,6046819553000,6046837233613,73729,17.6806,6046849675463,30.1225,0,37876,145849,0,0,1,0,0,0.008023,500,500,500,1,2.68552,4.15799,0.612282,0.320688,-0.164917,-0.138466,-0.000348182,-0.00021653,-0.0223952,-0.0172173,1,-0.0269886,0.043398,-0.043398,-0.0269886,1,1,-0.0442199,-0.0269993,0.000821899,1.06968e-05,0,0,0,0,0,0,0,0,0,0,0,0,0,0,0,0,0,0,0,0,0,0,0,255,0.22,8.80886,0.22,-0.0357905,-0.0243096,1,1,1,1,0,1,1,-0.180664,-3.12717,0.108179,0.0122041,0.00303415,0.00227457,4.53324,36505,1,367,203.925,9126,0,0.000884653,0.00494639,0.0458696,0,0,0,1,500,0.225,-0.000295198,-0.000183504,-4.12883e-05,6.64196e-05,-2.66655e-05,7.35171e-05,0.524113,0.0610249,0.00451579,0.00926918,-0.208173,-0.000843502,4.81357e-05,-0.00363364,4.30173,2,0,0,0,0,0,-1,1,-9.04618e-07,-3.41771e-06,-0.208073,0,4.80676,1,1010,1010,1010,1010,0,0,0,0,4.81111,56,-0.0437099,-0.0338758,56,-0.0543855,-0.000778972,56,-0.0355446,-0.0269304,56,-0.0544379,-0.0357491,56,-0.0375525,-0.0386647,56,-0.0337886,-0.0283585,56,-0.0401968,-0.0303296,56,-0.0396008,-0.0353948,52,-0.0374857,-0.0271194
6046850241893,6046839547000,6046839547000,6046850232134,73729,10.6851,6046862657428,23.1104,1,37877,145850,0,0,1,0,0,0.019994,500,500,500,1,2.66572,3.61353,0.663949,0.320113,-0.265244,-0.241241,-0.000497711,-0.000420347,0.00240213,-0.00585419,1,-0.0210236,0.024893,-0.024893,-0.0210236,1,1,-0.0282342,-0.0213692,0.00334118,0.000345548,0,0,0,0,0,0,0,0,0,0,0,0,0,0,0,0,0,0,0,0,0,0,0,255,0.22,1.6452,0.22,-0.0205759,-0.0174006,1,1,1,1,0,1,1,-0.180664,-3.12717,0.108179,0.0122041,0.00303415,0.00227457,17.5192,36505,1,367,12.9804,9127,0,0.000884653,0.0043468,0.0467836,0,0,0,1,500,0.225,-0.000422041,-0.000356236,-8.01531e-05,9.49591e-05,-5.87741e-05,0.000109481,0.524054,0.0611344,0.00453365,0.00926901,-0.208319,0.0017071,0.00155497,-0.0106626,12.7489,1,0,0,0,0,0,-1,1,-9.04618e-07,-3.41771e-06,-0.208073,0,17.7814,1,1010,1010,1010,1010,0,0,0,0,17.7857,56,-0.0233332,-0.0278924,56,-0.0276098,-0.01292,56,-0.0226353,-0.0214992,56,-0.0220086,-0.0243966,56,-0.028362,-0.0210633,56,-0.0265022,-0.0245535,56,-0.0292153,-0.0241444,56,-0.0190828,-0.0183962,52,-0.0248961,-0.0225061
6046863229192,6046851529000,6046851529000,6046863215525,73729,11.6865,6046877589000,26.06,0,37877,145851,0,0,1,0,0,0.011982,500,500,484,0.968,2.63885,3.99077,0.658449,0.314465,-0.0947189,-0.127838,-0.000184604,-0.000226633,-0.00156203,-0.000463983,1,-0.0189145,0.0154068,-0.0154068,-0.0189145,1,1,-0.0194478,-0.0187292,0.00404101,-0.000185227,0,0,0,0,0,0,0,0,0,0,0,0,0,0,0,0,0,0,0,0,0,0,0,255,0.22,4.47731,0.22,-0.0118246,-0.0171238,1,1,1,1,1,1,1,-0.180664,-3.12717,0.108179,0.0122041,0.00303415,0.00227457,32.4546,36505,1,367,27.9156,9127,0,0.000884653,0.0043468,0.0467836,0,0,0,1,484,0.225,-0.000156583,-0.000192083,-4.32188e-05,3.52311e-05,-3.49879e-05,4.34123e-05,0.524019,0.0611778,0.00454805,0.00925484,-0.208479,0.00135908,-0.00083352,-0.0134604,14.6716,1,0,0,0,0,0,-1,1,-9.04618e-07,-3.41771e-06,-0.208073,0,32.7201,1,1010,1010,1010,1010,0,0,0,0,32.7245,56,-0.0191831,-0.0171641,56,-0.0146221,-0.00460609,40,-0.0157933,-0.0247505,56,-0.0157376,-0.0189665,56,-0.00864776,-0.0238888,56,-0.0136909,-0.022767,56,-0.020512,-0.0254547,56,-0.0115312,-0.0181276,52,-0.0132213,-0.0183512
6046878200542,6046859552000,6046859552000,6046878186356,73729,18.6344,6046889832108,30.2801,0,37877,145852,0,0,1,0,0,0.008023,500,500,464,0.928,2.67798,3.59728,0.655042,0.296372,-0.0378723,-0.108643,-5.18513e-05,-0.000186849,0.0135175,-0.0132147,1,-0.0232892,0.00646284,-0.00646284,-0.0232892,1,1,-0.0106238,-0.0229992,0.00416098,-0.000289976,0,0,0,0,0,0,0,0,0,0,0,0,0,0,0,0,0,0,0,0,0,0,0,255,0.22,-0.831117,0.22,-0.00772358,-0.0224119,1,1,1,1,0,1,1,-0.180664,-3.12717,0.108179,0.0122041,0.00303415,0.00227457,44.6941,36505,1,367,40.1552,9127,0,0.000884653,0.0043468,0.0467836,0,0,0,1,464,0.225,-4.39821e-05,-0.000158354,-3.56296e-05,9.89597e-06,-3.28057e-05,1.706e-05,0.523986,0.0611948,0.00458547,0.00924887,-0.208616,0.00229852,-0.00130489,-0.0131407,12.0018,1,0,0,0,0,0,-1,1,-9.04618e-07,-3.41771e-06,-0.208073,0,44.951,1,1010,1010,1010,1010,0,0,0,0,0.190779,56,-0.0109735,-0.0292563,56,-0.00631126,-0.0201429,56,-0.00291921,-0.0276574,56,-0.0159864,-0.0303218,56,-0.00599409,-0.0197063,56,-0.00549161,-0.024356,21,-0.0158672,-0.0292676,55,0.00640308,-0.0150135,52,-0.016648,-0.0295183
6046890396982,6046879549000,6046879549000,6046890389019,73729,10.84,6046903764765,24.2158,1,37878,145853,0,0,1,0,0,0.019997,500,500,500,1,2.75982,4.16879,0.683468,0.32004,0.093483,-0.0744476,0.000162917,-0.000125527,0.00327649,-0.00348147,1,-0.0062773,-0.00814705,0.00814705,-0.0062773,1,1,0.00784395,-0.00628111,0.000303102,3.80825e-06,0,0,0,0,0,0,0,0,0,0,0,0,0,0,0,0,0,0,0,0,0,0,0,255,0.22,1.20486,0.22,0.0062472,-0.00520825,1,1,1,1,0,1,1,-0.181569,-3.1269,0.107815,0.0142899,-0.00427306,0.00303452,3.92832,36506,1,367,54.0935,9127,0,0.000884653,0.0043468,0.0467836,0,0,0,1,500,0.225,0.000138269,-0.000106398,-2.39396e-05,-3.11106e-05,-2.98607e-05,-2.54816e-05,0.523956,0.0611694,0.00467647,0.00930105,-0.208485,0.00320605,1.71371e-05,0.00147367,3.61988,3,0,0,0,0,0,-1,1,-9.04618e-07,-3.41771e-06,-0.208517,0,4.21805,1,1010,1010,1010,1010,0,0,0,0,14.1624,56,0.0109914,-0.00792396,56,-0.0013974,0.00278135,56,0.013266,-0.00714277,56,0.00848409,-0.0101045,56,0.00523798,-0.0060812,56,0.0103136,-0.00687443,56,0.0102383,-0.00942129,56,0.00641339,-0.00301324,52,0.0134071,-0.00769577
6046904387103,6046891530000,6046891530000,6046904375640,73729,12.8456,6046919841605,28.3116,0,37878,145854,0,0,1,0,0,0.011981,500,500,442,0.884,2.66915,3.95883,0.665986,0.28752,0.0785675,0.0388794,0.000121612,8.54595e-05,-0.000786098,-0.00605499,1,0.00713292,-0.0101504,0.0101504,0.00713292,1,1,0.0126284,0.00680643,-0.00247806,0.000326485,0,0,0,0,0,0,0,0,0,0,0,0,0,0,0,0,0,0,0,0,0,0,0,255,0.22,5.06124,0.22,0.00608375,0.00612693,1,1,1,1,0,1,1,-0.181569,-3.1269,0.107815,0.0142899,-0.00427306,0.00303452,19.9953,36506,1,367,70.1605,9127,0,0.000884653,0.0043468,0.0467836,0,0,0,1,442,0.225,0.000103178,7.24342e-05,1.62977e-05,-2.32151e-05,1.11381e-05,-2.6085e-05,0.523967,0.0611433,0.00467647,0.00930105,-0.208485,0.00302908,0.00146918,0.0113443,19.737,0,0,0,0,0,0,-1,1,-9.04618e-07,-3.41771e-06,-0.208517,0,20.2531,1,1010,1010,1010,1010,0,0,0,0,30.1975,56,0.00834635,0.0123091,56,0.00429747,0.0183305,56,0.0149814,0.00204598,55,0.0023447,0.00616411,56,0.0118577,0.00478793,55,0.01658,0.00732347,21,0.0192835,0.000142775,56,0.00888718,0.00526759,31,0.0121473,0.00734923
6046920360683,6046911534000,6046911534000,6046920355201,73729,8.8212,6046933220647,21.6866,1,37879,145855,0,0,1,0,0,0.020004,500,500,499,0.998,2.64254,3.5916,0.70282,0.341744,0.162231,0.185455,0.000263872,0.000293224,-0.0176665,0.00937766,1,0.0146583,-0.013191,0.013191,0.0146583,1,1,0.0179636,0.0142042,-0.00477263,0.000454133,0,0,0,0,0,0,0,0,0,0,0,0,0,0,0,0,0,0,0,0,0,0,0,255,0.22,0.75645,0.22,0.00898881,0.013879,1,1,1,1,1,1,1,-0.181569,-3.1269,0.107815,0.0142899,-0.00427306,0.00303452,33.3759,36506,1,367,83.5411,9127,0,0.000884653,0.0043468,0.0467836,0,0,0,1,499,0.225,0.000223735,0.000248474,5.59066e-05,-5.03404e-05,4.42914e-05,-6.08062e-05,0.524012,0.0610825,0.00470874,0.00936024,-0.208168,0.00260389,0.0020436,0.0192646,13.1073,2,0,0,0,0,0,-1,1,-9.04618e-07,-3.41771e-06,-0.208517,0,33.6426,1,1010,1010,1010,1010,0,0,0,0,43.5869,56,0.00963235,0.0144026,56,0.0222723,-0.00146039,55,0.00738685,0.0179201,56,0.0148593,0.0170478,56,0.0203652,0.0216377,56,0.00986644,0.0179518,56,0.0193349,0.0190202,56,0.0147857,0.0188444,52,0.00812211,0.0153445
6046933829633,6046919547000,6046919547000,6046933814429,73729,14.2674,6046946246483,26.6995,0,37879,145856,0,0,1,0,0,0.008013,500,500,500,1,2.67591,3.87325,0.739042,0.352114,0.0335464,0.112801,5.99041e-05,0.000212599,-0.0182577,-0.00343369,1,0.0265318,-0.00747586,0.00747586,0.0265318,1,1,0.0118545,0.0263325,-0.00437866,0.000199242,0,0,0,0,0,0,0,0,0,0,0,0,0,0,0,0,0,0,0,0,0,0,0,255,0.22,4.09073,0.22,0.00228891,0.0203741,1,1,1,1,0,1,1,-0.181569,-3.1269,0.107815,0.0142899,-0.00427306,0.00303452,46.4002,36506,1,367,96.5656,9127,0,0.000884653,0.0043468,0.0467836,0,0,0,1,500,0.225,5.07723e-05,0.000180184,4.05414e-05,-1.14238e-05,3.73044e-05,-1.95526e-05,0.524049,0.0610629,0.00467276,0.00937287,-0.208098,-0.000408247,0.000896591,0.0154366,12.7837,1,0,0,0,0,0,-1,1,-9.04618e-07,-3.41771e-06,-0.208052,0,0.250169,1,1010,1010,1010,1010,0,0,0,0,0.253909,56,-0.00682711,0.026213,56,0.00538231,0.0162212,56,-0.00205745,0.0283738,56,0.0206207,0.0348903,56,0.0220909,0.0216863,56,0.00786432,0.0266238,56,0.00215159,0.0326851,56,0.00446724,0.0256529,52,0.00475941,0.0272126
6046946796227,6046931528000,6046931528000,6046946785153,73729,15.2572,6046959992268,28.4643,0,37879,145857,0,0,1,0,0,0.011981,500,500,500,1,2.67867,3.88558,0.594505,0.317484,0.0177917,0.0933533,3.87423e-05,0.000163145,-0.00264956,0.00635258,1,0.0136169,-0.00323364,0.00323364,0.0136169,1,1,0.00544327,0.0135109,-0.00220963,0.000106014,0,0,0,0,0,0,0,0,0,0,0,0,0,0,0,0,0,0,0,0,0,0,0,255,0.22,6.77227,0.22,-0.00188673,0.010635,1,1,1,1,0,1,1,-0.182296,-3.12681,0.107498,0.0126529,-0.00100845,0.00368974,13.7436,36507,1,367,110.325,9127,0,0.000884653,0.0043468,0.0467836,0,0,0,1,500,0.225,3.27993e-05,0.00013825,3.11062e-05,-7.37984e-06,2.89081e-05,-1.36483e-05,0.524078,0.0610493,0.00463077,0.00937971,-0.208154,-0.00303114,0.000477065,0.00552976,13.4941,1,0,0,0,0,0,-1,1,-9.04618e-07,-3.41771e-06,-0.208052,0,14.0258,1,1010,1010,1010,1010,0,0,0,0,14.0295,56,0.00664686,0.0109837,56,0.0125529,0.0117636,56,0.00161303,0.0142908,56,-0.00139808,0.013454,56,-0.00114626,0.0155388,56,-0.00437944,0.0155722,56,0.00286621,0.0180302,56,0.0118331,0.0109806,52,0.00146989,0.0120366
6046960594476,6046947557000,6046947557000,6046960585532,73729,13.0285,6046973208198,25.6512,1,37880,145858,0,0,1,0,0,0.016029,500,500,500,1,2.66785,3.53764,0.710339,0.331651,-0.00384521,0.175446,3.17612e-05,0.000289942,0.0182875,0.00469229,1,0.0180886,-0.00198148,0.00198148,0.0180886,1,1,-0.000354053,0.0181357,0.00233554,-4.71519e-05,0,0,0,0,0,0,0,0,0,0,0,0,0,0,0,0,0,0,0,0,0,0,0,255,0.22,0.41741,0.22,-0.000547322,0.0158577,1,1,1,1,0,1,1,-0.182296,-3.12681,0.107498,0.0126529,-0.00100845,0.00368974,26.947,36507,1,367,123.529,9127,0,0.000884653,0.0043468,0.0467836,0,0,0,1,500,0.225,2.67907e-05,0.000245722,5.52875e-05,-6.02792e-06,5.28394e-05,-1.7342e-05,0.524131,0.0610319,0.00457774,0.00937099,-0.208522,-0.00338142,-0.000212183,-0.0111131,12.9281,2,0,0,0,0,0,-1,1,-9.04618e-07,-3.41771e-06,-0.208052,0,27.2141,1,1010,1010,1010,1010,0,0,0,0,27.2178,56,0.0045644,0.0217554,56,0.015344,0.0131194,56,-0.00325654,0.017369,56,-0.00109031,0.0194933,56,0.00420476,0.0213721,56,0.00055815,0.0178795,56,0.00619872,0.0227091,56,-0.000889585,0.021538,52,-0.00159159,0.0174208
6046973769517,6046959593000,6046959593000,6046973756443,73729,14.1634,6046987239023,27.646,0,37880,145859,0,0,1,0,0,0.012036,500,500,500,1,2.91024,3.8434,0.625227,0.322781,-0.00337219,0.0232315,2.34153e-06,2.40268e-05,0.0107764,-0.00289035,1,0.00199624,-0.000194544,0.000194544,0.00199624,1,1,-0.0047032,0.00224225,0.00489774,-0.00024601,0,0,0,0,0,0,0,0,0,0,0,0,0,0,0,0,0,0,0,0,0,0,0,255,0.22,3.43965,0.22,0.00291717,0.00160545,1,1,1,1,1,1,1,-0.182296,-3.12681,0.107498,0.0126529,-0.00100845,0.00368974,40.9878,36507,1,367,137.57,9127,0,0.000884653,0.0043468,0.0467836,0,0,0,1,500,0.225,1.9346e-06,2.03527e-05,4.57935e-06,-4.35285e-07,4.38954e-06,-1.3747e-06,0.524135,0.0610306,0.00457281,0.00935479,-0.208728,-0.00174725,-0.00110705,-0.0190297,13.7576,1,0,0,0,0,0,-1,1,-9.04618e-07,-3.41771e-06,-0.208052,0,41.2644,1,1010,1010,1010,1010,0,0,0,0,41.2682,56,-0.00412619,0.00460435,56,-0.000376356,0.00398234,56,-0.001081,0.00710889,56,0.00227369,-0.00427552,56,0.0073317,0.00123872,56,0.00377392,0.00288379,56,0.000673761,0.00425432,56,-0.00251946,0.00105215,52,-0.000616018,0.00471258
6046987886805,6046979592000,6046979592000,6046987879398,73729,8.2874,6047002791321,23.1993,1,37881,145860,0,0,1,0,0,0.019999,500,500,500,1,2.66759,4.88481,0.667727,0.321243,-0.0116348,-0.136841,5.66256e-06,-0.000238032,0.0126793,-0.000707344,1,-0.0119022,-0.000283142,0.000283142,-0.0119022,1,1,-0.00292872,-0.0113934,0.00321186,-0.000508799,0,0,0,0,0,0,0,0,0,0,0,0,0,0,0,0,0,0,0,0,0,0,0,255,0.22,7.14663,0.22,0.00327015,-0.0100086,1,1,1,1,0,1,1,-0.183188,-3.12655,0.10722,0.00578716,0.00240012,0.00356711,3.9889,36508,1,367,153.111,9127,0,0.000884653,0.0043468,0.0467836,0,0,0,1,500,0.225,4.77879e-06,-0.000201722,-4.53875e-05,-1.07523e-06,-4.46218e-05,8.36039e-06,0.52409,0.0610389,0.00459559,0.00930536,-0.2089,0.000794477,-0.0022896,-0.0109271,3.75979,2,0,0,0,0,0,-1,1,-9.04617e-07,-3.41771e-06,-0.208798,0,4.25001,1,1010,1010,1010,1010,0,0,0,0,4.25442,56,-0.00171074,-0.0138572,56,-0.000814764,-0.00470232,56,0.000784685,-0.0162236,56,0.00386349,-0.00887046,56,-0.000960159,-0.0151133,56,0.000438058,-0.0137598,56,-0.000297274,-0.0146568,56,-0.00102916,-0.0116504,52,0.00205639,-0.0119531
6047003352733,6046987566000,6046987566000,6047003341177,73729,15.7752,6047015323635,27.7576,0,37881,145861,0,0,1,0,0,0.007974,500,500,470,0.94,2.66491,3.78075,0.777579,0.300965,-0.0579987,-0.114182,-0.000145741,-0.00016284,-0.0127426,-0.0124237,1,-0.0204213,0.0182771,-0.0182771,-0.0204213,1,1,-0.0182864,-0.0198787,9.36332e-06,-0.00054266,0,0,0,0,0,0,0,0,0,0,0,0,0,0,0,0,0,0,0,0,0,0,0,255,0.22,2.59369,0.22,-0.0103166,-0.0186632,1,1,1,1,0,1,1,-0.183188,-3.12655,0.10722,0.00578716,0.00240012,0.00356711,16.5251,36508,1,367,165.647,9127,0,0.000884653,0.0043468,0.0467836,0,0,0,1,470,0.225,-0.000123491,-0.00013802,-3.10546e-05,2.77855e-05,-2.46155e-05,3.36203e-05,0.524066,0.0610725,0.00461387,0.00929595,-0.208876,0.00195318,-0.00244197,0.00152884,12.3076,1,0,0,0,0,0,-1,1,-9.04617e-07,-3.41771e-06,-0.208798,0,16.7833,1,1010,1010,1010,1010,0,0,0,0,16.7877,56,-0.0132887,-0.021634,56,-0.0395599,0.0127108,27,-0.00141383,-0.0239941,56,-0.0246557,-0.0417619,56,-0.0142369,-0.0197594,55,-0.0132108,-0.0280969,56,-0.0156973,-0.0283839,56,-0.0269075,-0.0245607,52,-0.00889652,-0.0269016
6047015879417,6047007567000,6047007567000,6047015872287,73729,8.30529,6047029806389,22.2394,1,37882,145862,0,0,1,0,0,0.020001,500,500,500,1,2.65124,4.89633,0.596653,0.320114,-0.0495758,-0.206551,-7.36267e-05,-0.000399449,-0.00595516,7.6326e-05,1,-0.0199714,0.00368115,-0.00368115,-0.0199714,1,1,-0.00227266,-0.0196436,-0.00140849,-0.00032785,0,0,0,0,0,0,0,0,0,0,0,0,0,0,0,0,0,0,0,0,0,0,0,255,0.22,4.98585,0.22,-0.00362837,-0.0142073,1,1,1,1,0,1,1,-0.183188,-3.12655,0.10722,0.00578716,0.00240012,0.00356711,31.0062,36508,1,367,180.128,9127,0,0.000884653,0.0043468,0.0467836,0,0,0,1,500,0.225,-6.23806e-05,-0.000338418,-7.61441e-05,1.40356e-05,-7.15767e-05,2.95145e-05,0.523994,0.061102,0.004642,0.00929455,-0.208815,0.00266672,-0.00147533,0.00720395,14.2378,1,0,0,0,0,0,-1,1,-9.04617e-07,-3.41771e-06,-0.208798,0,31.2719,1,1010,1010,1010,1010,0,0,0,0,31.2763,56,-0.000442914,-0.0172468,56,-0.00551805,-0.0278082,56,-0.00560614,-0.0191109,56,-0.00680552,-0.0170581,56,0.000452775,-0.0182831,56,-0.00406846,-0.0213225,56,-0.0100444,-0.0190685,56,-0.000881747,-0.0172868,52,-0.00820551,-0.0190265
6047030368430,6047019546000,6047019546000,6047030356208,73729,10.8102,6047044104919,24.5589,0,37882,145863,0,0,1,0,0,0.011979,500,500,481,0.962,2.69611,3.5559,0.653338,0.304669,-0.0209351,-0.0323181,-5.74928e-05,-3.39051e-05,-0.012422,-0.0126732,1,-0.00283038,0.00479947,-0.00479947,-0.00283038,1,1,-0.00287139,-0.00299108,-0.00192808,0.000160703,0,0,0,0,0,0,0,0,0,0,0,0,0,0,0,0,0,0,0,0,0,0,0,255,0.22,-0.809043,0.22,-0.00497885,-0.00211224,1,1,1,1,1,1,1,-0.183188,-3.12655,0.10722,0.00578716,0.00240012,0.00356711,45.3035,36508,1,367,194.425,9127,0,0.000884653,0.0043468,0.0467836,0,0,0,1,481,0.225,-4.86392e-05,-2.87006e-05,-6.45763e-06,1.09438e-05,-4.0492e-06,1.20441e-05,0.52399,0.0611141,0.00467092,0.0093295,-0.208714,0.0028867,0.000723163,0.00925045,14.0178,2,0,0,0,0,0,-1,1,-9.04617e-07,-3.41771e-06,-0.208607,0,0.251187,1,1010,1010,1010,1010,0,0,0,0,0.255132,56,0.00401598,-0.00197548,56,-0.0177035,0.00711912,37,-0.00187589,-0.00345638,56,-0.0126468,-0.00842201,56,-0.00435719,-0.00481144,56,-0.00117398,-0.00341934,56,-0.000509495,-0.00726174,56,-0.00742564,0.00238134,52,0.000439506,-0.00592245
6047044732238,6047027562000,6047027562000,6047044718238,73729,17.1562,6047056602492,29.0405,0,37882,145864,0,0,1,0,0,0.008016,500,500,500,1,2.67354,3.92203,0.701672,0.325725,0.011673,-0.0154572,2.78507e-05,-5.12932e-05,0.00129171,0.0199948,1,-0.00639885,-0.00347438,0.00347438,-0.00639885,1,1,0.00502271,-0.00658297,-0.00154833,0.000184125,0,0,0,0,0,0,0,0,0,0,0,0,0,0,0,0,0,0,0,0,0,0,0,255,0.22,3.39297,0.22,-0.00197997,-0.00232305,1,1,1,1,0,1,1,-0.184057,-3.12631,0.106982,0.00818703,0.000507203,0.00428914,12.4995,36509,1,367,206.94,9127,0,0.000884653,0.0043468,0.0467836,0,0,0,1,500,0.225,2.35207e-05,-4.34752e-05,-9.78191e-06,-5.29216e-06,-1.0666e-05,-3.15051e-06,0.523979,0.0611109,0.00466534,0.00934632,-0.20871,0.000362667,0.000828563,0.00586412,12.2524,1,0,0,0,0,0,-1,1,-9.04617e-07,-3.41771e-06,-0.208607,0,12.7833,1,1010,1010,1010,1010,0,0,0,0,12.7872,56,0.00588587,-0.0118324,56,0.015077,-0.014173,56,-0.0116449,-0.00581913,56,0.00973395,0.000492198,56,0.00654815,-0.0016686,56,-0.00485996,-0.00187772,56,-0.0063423,-0.00624544,56,0.0110961,-0.00549513,52,0.00257058,-0.00965394
6047057215552,6047047562000,6047047562000,6047057209885,73729,9.64788,6047070227221,22.6652,1,37883,145865,0,0,1,0,0,0.02,500,500,500,1,2.703,3.72306,0.77232,0.323799,0.0144501,0.139168,3.39396e-05,0.000227898,0.00198674,0.00745991,1,0.0113949,-0.00169698,0.00169698,0.0113949,1,1,0.00230929,0.0111061,-0.000612305,0.000288806,0,0,0,0,0,0,0,0,0,0,0,0,0,0,0,0,0,0,0,0,0,0,0,255,0.22,5.17922,0.22,-0.00235462,0.0101718,1,1,1,1,0,1,1,-0.184057,-3.12631,0.106982,0.00818703,0.000507203,0.00428914,26.1084,36509,1,367,13.5657,9128,0,0.000884653,0.00389454,0.0484534,0,0,0,1,500,0.225,2.86368e-05,0.000193116,4.34511e-05,-6.44328e-06,4.11708e-05,-1.53066e-05,0.524021,0.0610956,0.0046689,0.00936447,-0.208727,0.000314204,0.00129963,0.00245566,13.332,1,0,0,0,0,0,-1,1,-9.04617e-07,-3.41771e-06,-0.208607,0,26.3719,1,1010,1010,1010,1010,0,0,0,0,26.3758,56,-0.0070628,0.0144664,56,0.0189027,0.000419404,56,-0.000245814,0.0157509,56,0.00280204,0.0134344,56,0.00140606,0.012511,56,-0.00360054,0.0113023,56,0.00597042,0.0125184,56,-0.000763655,0.0101655,52,0.00356078,0.0132471
6047070779984,6047059543000,6047059543000,6047070767132,73729,11.2241,6047083584133,24.0411,0,37883,145866,0,0,1,0,0,0.011981,500,500,437,0.874,2.67715,3.43819,0.737505,0.282169,0.0351868,0.0722961,7.67446e-05,0.000146178,-0.00517156,-0.0149997,1,0.0122008,-0.00640552,0.00640552,0.0122008,1,1,0.00570933,0.0119674,0.000696193,0.000233459,0,0,0,0,0,0,0,0,0,0,0,0,0,0,0,0,0,0,0,0,0,0,0,255,0.22,9.15458,0.22,0.00490352,0.00805984,1,1,1,1,0,1,1,-0.184057,-3.12631,0.106982,0.00818703,0.000507203,0.00428914,39.4678,36509,1,367,26.9251,9128,0,0.000884653,0.00389454,0.0484534,0,0,0,1,437,0.225,6.51903e-05,0.000123906,2.78788e-05,-1.46678e-05,2.42298e-05,-2.01291e-05,0.524045,0.0610755,0.00466273,0.00938483,-0.208862,0.00013308,0.00105057,-0.00239983,13.1088,2,0,0,0,0,0,-1,1,-9.04617e-07,-3.41771e-06,-0.208607,0,39.7175,1,1010,1010,1010,1010,0,0,0,0,39.7214,56,0.0186983,0.0156737,56,0.000844716,0.0156388,56,0.00783577,0.0092537,49,0.00354741,0.0157498,56,0.00286576,0.0132739,56,0.007533,0.0129752,17,-0.00589639,0.00546835,56,0.00956163,0.0133692,35,0.00454043,0.0172409
6047084152119,6047067557000,6047067557000,6047084140563,73729,16.5836,6047097876793,30.3198,0,37883,145867,0,0,1,0,0,0.008014,500,500,500,1,2.6477,3.95405,0.717006,0.322725,0.0344238,0.0480423,6.29024e-05,8.41856e-05,0.0066354,0.00818661,1,0.0105048,-0.00784907,0.00784907,0.0105048,1,1,0.00620484,0.0104014,0.00164423,0.000103392,0,0,0,0,0,0,0,0,0,0,0,0,0,0,0,0,0,0,0,0,0,0,0,255,0.22,2.24367,0.22,0.00562397,0.00886479,1,1,1,1,1,1,1,-0.184057,-3.12631,0.106982,0.00818703,0.000507203,0.00428914,53.7557,36509,1,367,41.213,9128,0,0.000884653,0.00389454,0.0484534,0,0,0,1,500,0.225,5.3297e-05,7.12996e-05,1.60424e-05,-1.19918e-05,1.32046e-05,-1.50585e-05,0.524058,0.0610604,0.00466049,0.00938563,-0.20896,0.000532112,0.000465263,-0.00549354,14.0228,1,0,0,0,0,0,-1,1,-9.04617e-07,-3.41771e-06,-0.20895,0,0.254002,1,1010,1010,1010,1010,0,0,0,0,0.257983,56,-0.0261159,0.00241936,56,0.010319,0.0160502,56,0.00822051,0.00855666,56,0.0155642,0.012265,56,0.00314642,0.0102853,56,0.0118773,0.0120866,56,0.0139158,0.00630347,56,0.018764,0.0124907,52,0.00267781,0.0141244
6047098437186,6047087557000,6047087557000,6047098431575,73729,10.8746,6047111182260,23.6253,1,37884,145868,0,0,1,0,0,0.02,500,500,500,1,2.68483,3.59266,0.599523,0.323021,0.0497284,0.0686264,8.3097e-05,0.00013121,0.00169758,-3.59853e-05,1,0.0065605,-0.00415485,0.00415485,0.0065605,1,1,0.00246522,0.00656251,0.00168963,-2.01085e-06,0,0,0,0,0,0,0,0,0,0,0,0,0,0,0,0,0,0,0,0,0,0,0,255,0.22,6.37879,0.22,0.00399759,0.00444246,1,1,1,1,0,1,1,-0.184793,-3.12618,0.106709,0.00531952,0.00177153,0.00463611,13.2946,36510,1,367,54.5218,9128,0,0.000884653,0.00389454,0.0484534,0,0,0,1,500,0.225,7.049e-05,0.000111195,2.50189e-05,-1.58602e-05,2.11809e-05,-2.07066e-05,0.524079,0.0610397,0.00465214,0.00938729,-0.209052,1.16113e-05,-9.04885e-06,-0.00607339,13.0601,1,0,0,0,0,0,-1,1,-9.04617e-07,-3.41771e-06,-0.20895,0,13.5652,1,1010,1010,1010,1010,0,0,0,0,13.5692,56,0.00881214,0.0105605,56,0.00669986,0.00561976,56,0.00734108,0.00595865,56,0.0074413,0.0067503,56,0.00101321,0.00712856,56,0.00594824,0.00673467,56,0.00285581,0.00419407,56,-0.00294903,0.00673147,52,0.00841313,0.00484033
6047111754690,6047099538000,6047099538000,6047111741653,73729,12.2037,6047125189659,25.6517,0,37884,145869,0,0,1,0,0,0.011981,500,500,457,0.914,2.65631,3.4873,0.658412,0.311392,0.000946045,0.0012207,-1.67435e-08,-5.80239e-06,-0.00189808,0.0041719,1,-0.000484299,1.3975e-06,-1.3975e-06,-0.000484299,1,1,-0.00120372,-0.000432224,0.00120232,-5.20747e-05,0,0,0,0,0,0,0,0,0,0,0,0,0,0,0,0,0,0,0,0,0,0,0,255,0.22,-0.575949,0.22,0.000986876,0.000152895,1,1,1,1,0,1,1,-0.184793,-3.12618,0.106709,0.00531952,0.00177153,0.00463611,27.2999,36510,1,367,68.5271,9128,0,0.000884653,0.00389454,0.0484534,0,0,0,1,457,0.225,7.4228e-09,-4.91353e-06,-1.10554e-06,-1.67013e-09,-1.08175e-06,2.27921e-07,0.524078,0.06104,0.00464992,0.00937673,-0.209171,2.54959e-05,-0.000234336,-0.00430797,13.7415,2,0,0,0,0,0,-1,1,-9.04617e-07,-3.41771e-06,-0.20895,0,27.5516,1,1010,1010,1010,1010,0,0,0,0,27.5556,56,0.00922855,-0.00263161,56,-0.00210739,0.00200887,27,-0.00680877,-0.00391758,56,-0.00848052,-0.00193462,56,0.00933828,-0.00137472,42,0.000520618,0.00137183,56,-0.000951711,-0.000424849,56,0.00204685,0.000810691,52,-0.00147309,0.00297383
6047125750478,6047119572000,6047119572000,6047125743348,73729,6.17135,6047138481626,18.9096,1,37885,145870,0,0,1,0,0,0.020034,500,500,500,1,2.68624,3.82273,0.619412,0.320743,-0.0408325,-0.0561752,-5.15984e-05,-0.000114436,0.006219,0.000151685,1,-0.0057121,0.00257554,-0.00257554,-0.0057121,1,1,-0.00271627,-0.00542053,0.000140729,-0.000291563,0,0,0,0,0,0,0,0,0,0,0,0,0,0,0,0,0,0,0,0,0,0,0,255,0.22,3.26517,0.22,-0.0029775,-0.00476171,1,1,1,1,0,1,1,-0.184793,-3.12618,0.106709,0.00531952,0.00177153,0.00463611,40.6169,36510,1,367,81.8441,9128,0,0.000884653,0.00389454,0.0484534,0,0,0,1,500,0.225,-4.38622e-05,-9.69748e-05,-2.18193e-05,9.86898e-06,-1.9293e-05,1.41845e-05,0.524059,0.0610542,0.0046419,0.00936256,-0.209182,0.00013257,-0.00131204,-0.000400569,13.0555,1,0,0,0,0,0,-1,1,-9.04617e-07,-3.41771e-06,-0.20895,0,40.8889,1,1010,1010,1010,1010,0,0,0,0,40.8928,56,-0.00835793,-0.00789281,56,0.00323337,-0.00351964,56,-0.00387597,-0.00450309,56,-0.00131509,-0.00708771,56,-0.00150229,-0.00696727,56,-0.00443632,-0.00789499,56,-0.00294294,-0.00192099,56,-0.00251855,-0.00502197,52,-0.00472295,-0.00727726
6047139086427,6047127558000,6047127558000,6047139074038,73729,11.516,6047150591270,23.0333,0,37885,145871,0,0,1,0,0,0.007986,500,500,471,0.942,2.65787,3.90862,0.665616,0.303892,-0.0240631,-0.0441895,-7.93487e-05,-5.87494e-05,-0.0242131,-0.00244885,1,-0.00735655,0.00993598,-0.00993598,-0.00735655,1,1,-0.00891858,-0.00715696,-0.0010174,-0.000199592,0,0,0,0,0,0,0,0,0,0,0,0,0,0,0,0,0,0,0,0,0,0,0,255,0.22,5.96904,0.22,-0.00535897,-0.00663542,1,1,1,1,1,1,1,-0.185567,-3.12597,0.106462,0.002719,0.00312153,0.00451948,0.624412,36511,1,367,93.9252,9128,0,0.000884653,0.00389454,0.0484534,0,0,0,1,471,0.225,-6.71923e-05,-4.97761e-05,-1.11996e-05,1.51183e-05,-7.81598e-06,1.71136e-05,0.524051,0.0610713,0.00464757,0.00935169,-0.209121,0.000330924,-0.000898165,0.00392737,0.368651,3,0,0,0,0,0,-1,1,-9.04617e-07,-3.41771e-06,-0.209048,0,0.880062,1,1010,1010,1010,1010,0,0,0,0,0.885099,56,-0.0109112,-0.011572,56,-0.035261,-0.015324,56,-0.0152012,-0.0062372,56,-0.00138952,-0.005418,56,-0.00165708,-0.00478915,56,-0.0045785,-0.0121402,56,-0.0159089,-0.0150422,56,0.00557432,-0.00600577,23,-0.0221212,-0.0112299
6047151210367,6047139535000,6047139535000,6047151196275,73729,11.6613,6047163422938,23.8879,0,37885,145872,0,0,1,0,0,0.011977,500,500,497,0.994,2.65985,3.49282,0.810635,0.341558,-0.0252686,-0.0284119,-3.12334e-05,-4.35045e-05,0.00426012,-0.000139719,1,-0.00363233,0.00260778,-0.00260778,-0.00363233,1,1,-0.00135953,-0.00344976,-0.00124826,-0.000182571,0,0,0,0,0,0,0,0,0,0,0,0,0,0,0,0,0,0,0,0,0,0,0,255,0.22,8.43254,0.22,-0.00412316,-0.00185017,1,1,1,1,0,1,1,-0.185567,-3.12597,0.106462,0.002719,0.00312153,0.00451948,13.4622,36511,1,367,106.763,9128,0,0.000884653,0.00389454,0.0484534,0,0,0,1,497,0.225,-2.65273e-05,-3.68659e-05,-8.29482e-06,5.96865e-06,-6.87442e-06,7.56043e-06,0.524044,0.0610788,0.00464757,0.00935169,-0.209121,0.000807954,-0.000821571,0.00514008,13.1952,0,0,0,0,0,0,-1,1,-9.04617e-07,-3.41771e-06,-0.209048,0,13.7386,1,1010,1010,1010,1010,0,0,0,0,13.7436,53,0.00103957,-0.00208083,56,0.0101658,0.000263202,56,-0.00431763,-0.00647061,56,-0.0120594,-0.00370574,56,-0.00608989,-0.00662245,56,-0.00602916,-0.00681646,56,-0.00366029,0.000225987,56,-0.0130937,-0.00731473,52,-1.06953e-05,-0.00365486
6047164048350,6047155577000,6047155577000,6047164042035,73729,8.46504,6047177195205,21.6182,1,37886,145873,0,0,1,0,0,0.016042,500,500,500,1,2.65472,3.89188,0.621912,0.322984,-0.0187683,-0.0646515,-6.71173e-05,-9.98005e-05,-0.00555928,-0.00496368,1,-0.0062212,0.00418385,-0.00418385,-0.0062212,1,1,-0.00332789,-0.00609645,-0.00085596,-0.000124753,0,0,0,0,0,0,0,0,0,0,0,0,0,0,0,0,0,0,0,0,0,0,0,255,0.22,0.965581,0.22,-0.00284062,-0.00519964,1,1,1,1,0,1,1,-0.185567,-3.12597,0.106462,0.002719,0.00312153,0.00451948,27.2422,36511,1,367,120.543,9128,0,0.000884653,0.00389454,0.0484534,0,0,0,1,500,0.225,-5.68038e-05,-8.45791e-05,-1.90303e-05,1.27809e-05,-1.59611e-05,1.64527e-05,0.524028,0.0610953,0.00465698,0.00935308,-0.209121,0.00119224,-0.000561387,0.00403525,13.5084,1,0,0,0,0,0,-1,1,-9.04617e-07,-3.41771e-06,-0.209048,0,27.508,1,1010,1010,1010,1010,0,0,0,0,27.513,56,-0.00413583,-0.00319984,56,-0.0167905,-0.00502467,56,0.00041397,-0.0070322,56,-0.00169425,-0.00803598,56,-0.00971819,-0.00663192,56,0.00116943,-0.004781,56,-0.005436,-0.0112631,56,-0.00399052,-0.0042922,52,-0.000696152,-0.00709488
6047177763098,6047167548000,6047167548000,6047177752154,73729,10.2042,6047190381598,22.8336,0,37886,145874,0,0,1,0,0,0.011971,500,500,498,0.996,2.69991,3.56051,0.704505,0.320447,0.0268555,-0.0115891,3.682e-05,1.65461e-06,-0.000438067,-0.0103168,1,0.000138218,-0.00307577,0.00307577,0.000138218,1,1,0.0031301,0.000200695,-5.43362e-05,-6.24774e-05,0,0,0,0,0,0,0,0,0,0,0,0,0,0,0,0,0,0,0,0,0,0,0,255,0.22,4.56816,0.22,0.00173513,-0.000913202,1,1,1,1,0,1,1,-0.185567,-3.12597,0.106462,0.002719,0.00312153,0.00451948,40.4224,36511,1,367,133.723,9128,0,0.000884653,0.00389454,0.0484534,0,0,0,1,498,0.225,3.12867e-05,1.38145e-06,3.10826e-07,-7.0395e-06,-1.15789e-06,-6.95048e-06,0.524027,0.0610883,0.00467738,0.00935294,-0.209156,0.0018294,-0.000281148,0.00165913,12.9304,1,0,0,0,0,0,-1,1,-9.04617e-07,-3.41771e-06,-0.209048,0,40.6927,1,1010,1010,1010,1010,0,0,0,0,0.223742,56,0.00581774,-0.00412889,56,-0.000642735,0.00519154,56,0.00742873,-0.00458872,56,0.0118739,-0.000425608,56,0.00518627,0.00117315,56,0.00348317,-0.00377975,54,0.0030958,7.25627e-05,56,0.0055523,0.000526748,52,0.00439985,0.0022564
6047190965454,6047175566000,6047175566000,6047190951583,73729,15.3856,6047203862011,28.296,0,37886,145875,0,0,1,0,0,0.008018,500,500,500,1,2.68433,3.69342,0.682875,0.336688,0.025116,0.024147,1.61548e-05,5.20143e-05,-0.0202913,0.0103203,1,0.00648719,-0.00201482,0.00201482,0.00648719,1,1,0.000787691,0.00632997,0.00122713,0.000157228,0,0,0,0,0,0,0,0,0,0,0,0,0,0,0,0,0,0,0,0,0,0,0,255,0.22,7.05622,0.22,0.00281344,0.00625193,1,1,1,1,1,1,1,-0.186279,-3.12583,0.106287,0.00369042,0.0025729,0.00524485,2.56924,36512,1,367,147.193,9128,0,0.000884653,0.00389454,0.0484534,0,0,0,1,500,0.225,1.37601e-05,4.40573e-05,9.9129e-06,-3.09602e-06,9.05228e-06,-5.08878e-06,0.524036,0.0610832,0.0046848,0.00938757,-0.209391,0.00127187,0.000707525,-0.00340017,2.30789,3,0,0,0,0,0,-1,1,-9.04617e-07,-3.41771e-06,-0.209203,0,2.84267,1,1010,1010,1010,1010,0,0,0,0,13.6978,56,0.00354516,0.00611601,56,0.00365527,0.0125535,56,0.0086157,0.00772429,56,0.000226939,0.00833231,56,-0.0013169,0.00228691,56,0.0104412,0.00395222,56,0.00482411,0.00096208,56,-0.0126954,0.000436188,52,0.00458482,0.00572045
6047204509145,6047195593000,6047195593000,6047204499256,73729,8.90626,6047217688056,22.0951,1,37887,145876,0,0,1,0,0,0.020027,500,500,500,1,2.66981,4.01686,0.601023,0.321595,0.00688934,0.0976715,2.88078e-07,0.000187098,0.0034637,-1.72782e-05,1,0.00934227,-1.43845e-05,1.43845e-05,0.00934227,1,1,-0.00107063,0.0090739,0.00108501,0.000268371,0,0,0,0,0,0,0,0,0,0,0,0,0,0,0,0,0,0,0,0,0,0,0,255,0.22,0.876636,0.22,-0.00161473,0.0078905,1,1,1,1,0,1,1,-0.186279,-3.12583,0.106287,0.00369042,0.0025729,0.00524485,16.4133,36512,1,367,161.037,9128,0,0.000884653,0.00389454,0.0484534,0,0,0,1,500,0.225,2.50714e-07,0.000158538,3.5671e-05,-5.64106e-08,3.48782e-05,-7.47152e-06,0.524071,0.0610758,0.0046701,0.00939402,-0.209447,-0.00058722,0.00120767,-0.00437583,7.11444,1,0,0,0,0,0,-1,1,-9.04617e-07,-3.41771e-06,-0.209203,0,16.6813,1,1010,1010,1010,1010,0,0,0,0,27.5365,56,-0.000113108,0.0107229,56,-0.00433029,0.0139226,56,0.00196403,0.00762449,56,-0.00134118,0.00651822,56,-3.64505e-05,0.00638432,56,0.00286514,0.0110829,56,0.000457841,0.00782201,56,3.54815e-05,0.00636674,52,0.00706191,0.010615
6047218258523,6047207547000,6047207547000,6047218246745,73729,10.6997,6047232138828,24.5918,0,37887,145877,0,0,1,0,0,0.011954,500,500,500,1,2.70808,3.55127,0.68532,0.320335,-0.00154114,0.0408936,1.17381e-06,5.83843e-05,0.00839194,0.0039289,1,0.00488408,-9.81943e-05,9.81943e-05,0.00488408,1,1,-0.000986821,0.00461571,0.00108501,0.000268371,0,0,0,0,0,0,0,0,0,0,0,0,0,0,0,0,0,0,0,0,0,0,0,255,0.22,4.47859,0.22,-0.00141902,0.0041896,1,1,1,1,0,1,1,-0.186279,-3.12583,0.106287,0.00369042,0.0025729,0.00524485,30.8532,36512,1,367,175.477,9128,0,0.000884653,0.00389454,0.0484534,0,0,0,1,500,0.225,9.77266e-07,4.94769e-05,1.11323e-05,-2.19885e-07,1.08428e-05,-2.52959e-06,0.524082,0.0610732,0.0046701,0.00939402,-0.209447,-0.00058722,0.00120767,-0.00437583,21.5417,0,0,0,0,0,0,-1,1,-9.04617e-07,-3.41771e-06,-0.209203,0,31.1164,1,1010,1010,1010,1010,0,0,0,0,41.9716,56,0.00129536,0.00541866,56,-0.00777169,-0.00485752,56,-4.22695e-05,0.00139706,56,0.00723428,0.00679166,56,-0.000175779,0.00616194,56,-0.000476175,0.0065384,56,0.00308514,0.00927673,56,-0.00252164,0.00559841,52,-0.00592571,0.0111003
6047232720721,6047215573000,6047215573000,6047232706869,73729,17.1339,6047244692161,29.1192,0,37887,145878,0,0,1,0,0,0.008026,500,500,500,1,2.66822,3.72381,0.633801,0.319429,-0.00801086,0.0484772,-1.47054e-05,0.000115172,0.00242172,-0.0114287,1,0.0143499,0.00183222,-0.00183222,0.0143499,1,1,-0.0018037,0.0142341,-2.85202e-05,0.000115783,0,0,0,0,0,0,0,0,0,0,0,0,0,0,0,0,0,0,0,0,0,0,0,255,0.22,8.23819,0.22,-0.00129704,0.00897424,1,1,1,1,0,1,1,-0.186279,-3.12583,0.106287,0.00369042,0.0025729,0.00524485,43.4064,36512,1,367,188.03,9128,0,0.000884653,0.00389454,0.0484534,0,0,0,1,500,0.225,-1.24924e-05,9.75959e-05,2.19591e-05,2.81078e-06,2.20627e-05,-1.8168e-06,0.524104,0.0610714,0.00465685,0.00940535,-0.209474,-0.000831772,0.000521024,-0.000562745,12.273,2,0,0,0,0,0,-1,1,-9.04617e-07,-3.41771e-06,-0.209355,0,0.233613,1,1010,1010,1010,1010,0,0,0,0,0.237557,56,-0.00642502,0.0166294,56,0.0112613,0.0324912,56,0.00275392,0.00872495,56,0.00675145,0.014535,56,0.0129084,0.00995942,56,-0.000669258,0.0133888,56,-0.00851969,0.0163179,56,-0.0215831,0.0168865,52,0.000604345,0.00656714
6047245265072,6047235571000,6047235571000,6047245258368,73729,9.68737,6047258286371,22.7154,1,37888,145879,0,0,1,0,0,0.019998,500,500,500,1,2.71682,3.82212,0.597097,0.322002,-0.0410767,0.0279388,-8.13378e-05,4.00985e-05,0.0017547,0.00342561,1,0.00200513,0.0040673,-0.0040673,0.00200513,1,1,-0.00328934,0.00205384,-0.000777959,-4.87182e-05,0,0,0,0,0,0,0,0,0,0,0,0,0,0,0,0,0,0,0,0,0,0,0,255,0.22,1.05608,0.22,-0.00240612,0.00112829,1,1,1,1,1,1,1,-0.186897,-3.12569,0.106109,0.00100635,0.00384567,0.00523432,13.5745,36513,1,367,201.642,9128,0,0.000884653,0.00389454,0.0484534,0,0,0,1,500,0.225,-6.89719e-05,3.3974e-05,7.64415e-06,1.55187e-05,1.07042e-05,1.35898e-05,0.524115,0.061085,0.00465764,0.00939741,-0.209458,0.000311468,-0.000219232,0.00304983,13.3271,1,0,0,0,0,0,-1,1,-9.04617e-07,-3.41771e-06,-0.209355,0,13.8401,1,1010,1010,1010,1010,0,0,0,0,13.8441,56,-0.00199088,0.00159277,56,-0.00858645,-0.00228087,56,-0.00493801,0.00123585,56,0.00175473,0.0035945,56,-0.00714411,0.00307859,56,-0.00108369,0.00343493,56,-0.00767644,0.00183238,56,-0.00190281,0.00094769,52,-0.00274512,0.00556184
6047258930727,6047247554000,6047247554000,6047258916320,73729,11.3623,6047274336007,26.782,0,37888,145880,0,0,1,0,0,0.011983,500,500,500,1,2.70832,3.55266,0.686727,0.322243,-0.00251007,-0.0218735,-7.52256e-06,-3.00698e-05,-0.00496683,-0.00866074,1,-0.00250937,0.00062777,-0.00062777,-0.00250937,1,1,0.000214988,-0.00232887,-0.000842757,-0.000180502,0,0,0,0,0,0,0,0,0,0,0,0,0,0,0,0,0,0,0,0,0,0,0,255,0.22,4.57864,0.22,-0.000157601,-0.00340718,1,1,1,1,0,1,1,-0.186897,-3.12569,0.106109,0.00100635,0.00384567,0.00523432,29.6047,36513,1,367,16.0146,9129,0,0.000884653,0.00343589,0.0469635,0,0,0,1,500,0.225,-6.34264e-06,-2.5495e-05,-5.73637e-06,1.42709e-06,-5.31399e-06,2.5885e-06,0.524109,0.0610876,0.00467124,0.00939223,-0.209443,0.0012563,-0.00081226,0.00403896,15.7835,1,0,0,0,0,0,-1,1,-9.04617e-07,-3.41771e-06,-0.209355,0,29.8819,1,1010,1010,1010,1010,0,0,0,0,29.8858,56,-0.00200052,-0.00364138,56,0.00185237,0.00887068,56,0.000714197,-0.00148685,56,-0.00330095,-0.00470311,56,-0.00665465,-0.000501441,56,-0.00141274,-0.00344012,56,-0.000910406,-0.00167423,56,0.00221529,-0.00650819,52,-0.000487556,-0.00279469
6047274872603,6047255573000,6047255573000,6047274860714,73729,19.2877,6047286859839,31.2868,0,37888,145881,0,0,1,0,0,0.008019,500,500,482,0.964,2.68085,3.80644,0.656616,0.310262,0.00463867,-0.0537033,-2.06186e-05,-8.69921e-05,-0.00142396,-0.00131533,1,-0.0108482,0.00257122,-0.00257122,-0.0108482,1,1,-0.00206399,-0.0106769,-0.00050723,-0.000171348,0,0,0,0,0,0,0,0,0,0,0,0,0,0,0,0,0,0,0,0,0,0,0,255,0.22,0.242854,0.22,-0.00230615,-0.0100613,1,1,1,1,0,1,1,-0.186897,-3.12569,0.106109,0.00100635,0.00384567,0.00523432,42.1459,36513,1,367,28.5558,9129,0,0.000884653,0.00343589,0.0469635,0,0,0,1,482,0.225,-1.74361e-05,-7.37462e-05,-1.65929e-05,3.92313e-06,-1.54136e-05,7.28727e-06,0.524094,0.0610949,0.004691,0.00938299,-0.209455,0.00171318,-0.000771065,0.00319657,12.2587,2,0,0,0,0,0,-1,1,-9.04617e-07,-3.41771e-06,-0.209355,0,42.4102,1,1010,1010,1010,1010,0,0,0,0,42.4142,56,-0.0117907,-0.00273196,56,-0.0123661,-0.00652731,56,0.00428584,-0.013586,56,-0.00558678,-0.0264302,56,0.0026394,-0.00558461,56,0.00468832,-0.0143181,38,0.00647967,-0.024061,56,0.00150941,-0.00687784,52,-0.00592896,-0.0165675
6047287433121,6047275574000,6047275574000,6047287427065,73729,11.8531,6047300856959,25.283,1,37889,145882,0,0,1,0,0,0.020001,500,500,500,1,2.66833,4.13442,0.676875,0.338854,0.0059967,-0.0592346,-4.51361e-06,-0.000104006,-0.00385808,-0.00230136,1,-0.00520004,0.000225669,-0.000225669,-0.00520004,1,1,-0.000622881,-0.0051438,0.000397212,-5.62342e-05,0,0,0,0,0,0,0,0,0,0,0,0,0,0,0,0,0,0,0,0,0,0,0,255,0.22,2.64004,0.22,-0.00165827,-0.00403314,1,1,1,1,0,1,1,-0.187529,-3.12555,0.105933,0.000716709,0.00433995,0.00578298,5.12561,36514,1,367,42.5349,9129,0,0.000884653,0.00343589,0.0469635,0,0,0,1,500,0.225,-3.76619e-06,-8.81172e-05,-1.98264e-05,8.47392e-07,-1.92155e-05,4.95298e-06,0.524075,0.0610998,0.00469271,0.0093777,-0.209552,0.000756596,-0.000253054,-0.000824685,4.89691,2,0,0,0,0,0,-1,1,-9.04617e-07,-3.41771e-06,-0.209449,0,5.39204,1,1010,1010,1010,1010,0,0,0,0,5.39621,56,0.000930555,-0.00515011,56,-0.00132149,-0.000950622,56,0.00212998,-0.00344592,56,-0.00039836,-0.00655717,56,-0.00375124,-0.00749623,56,0.000233226,-0.00560235,56,-0.0016031,-0.00630375,56,0.00218536,-0.00464492,52,0.00185448,-0.00570147
6047301414260,6047287552000,6047287552000,6047301404482,73729,13.8525,6047315237657,27.6857,0,37889,145883,0,0,1,0,0,0.011978,500,500,493,0.986,2.68857,3.5781,0.686579,0.315743,-0.0116272,0.00411987,-3.77153e-05,3.17878e-05,0.00113786,-0.0113888,1,0.00265385,0.00314871,-0.00314871,0.00265385,1,1,-0.00370645,0.00271774,0.000557732,-6.38891e-05,0,0,0,0,0,0,0,0,0,0,0,0,0,0,0,0,0,0,0,0,0,0,0,255,0.22,6.37947,0.22,-0.00377356,0.00134975,1,1,1,1,1,1,1,-0.187529,-3.12555,0.105933,0.000716709,0.00433995,0.00578298,19.5109,36514,1,367,56.9202,9129,0,0.000884653,0.00343589,0.0469635,0,0,0,1,493,0.225,-3.19425e-05,2.69226e-05,6.05759e-06,7.18707e-06,7.42047e-06,5.76927e-06,0.524082,0.0611056,0.00468898,0.00937885,-0.209604,0.000255083,-0.000287501,-0.00180377,14.134,1,0,0,0,0,0,-1,1,-9.04617e-07,-3.41771e-06,-0.209449,0,19.7802,1,1010,1010,1010,1010,0,0,0,0,19.7843,56,-0.00122165,0.00147111,56,-0.0144138,0.00775871,49,-0.000140431,-0.00399171,56,-0.00328526,0.00318589,56,0.00452468,0.000922151,56,-0.000226837,0.00131007,56,0.00101522,0.00658488,56,-0.0123262,-0.000811897,52,-0.00117681,0.00418132
6047315878884,6047307553000,6047307553000,6047315867532,73729,8.31453,6047328338715,20.7857,1,37890,145884,0,0,1,0,0,0.020001,500,500,459,0.918,2.65809,3.83753,0.653412,0.297262,-0.00491333,-0.015686,3.97456e-05,-5.70194e-05,0.00772788,0.00428885,1,-0.00285083,-0.00198718,0.00198718,-0.00285083,1,1,0.00145313,-0.00281353,0.000534049,-3.72925e-05,0,0,0,0,0,0,0,0,0,0,0,0,0,0,0,0,0,0,0,0,0,0,0,255,0.22,0.671301,0.22,-0.000782275,-0.00118444,1,1,1,1,0,1,1,-0.187529,-3.12555,0.105933,0.000716709,0.00433995,0.00578298,32.6328,36514,1,367,70.042,9129,0,0.000884653,0.00343589,0.0469635,0,0,0,1,459,0.225,3.35951e-05,-4.82956e-05,-1.08665e-05,-7.55889e-06,-1.22016e-05,-5.13173e-06,0.52407,0.0611005,0.00468099,0.00937846,-0.209657,-0.000178283,-0.000167816,-0.0020652,12.8695,1,0,0,0,0,0,-1,1,-9.04617e-07,-3.41771e-06,-0.209449,0,32.8925,1,1010,1010,1010,1010,0,0,0,0,32.8966,56,-0.00212789,-0.00132262,56,0.0152062,-0.00562063,22,-0.00752278,-0.00359983,56,0.000485763,-7.60905e-05,56,-0.00223721,-0.00048692,49,-0.00138388,-0.00513762,56,0.00430233,0.000562515,56,-0.000558048,0.000799134,52,0.00185052,-0.00467749
6047328921016,6047315571000,6047315571000,6047328910442,73729,13.3394,6047340312858,24.7419,0,37890,145885,0,0,1,0,0,0.008018,500,500,454,0.908,2.71309,3.58497,0.669079,0.299132,-0.00572968,0.0300064,-1.80053e-05,5.86353e-05,-0.0158932,0.00349887,1,0.00731296,0.00224561,-0.00224561,0.00731296,1,1,-0.00286442,0.00723664,0.000618816,7.63219e-05,0,0,0,0,0,0,0,0,0,0,0,0,0,0,0,0,0,0,0,0,0,0,0,255,0.22,3.53704,0.22,-0.000332173,0.0072042,1,1,1,1,0,1,1,-0.187529,-3.12555,0.105933,0.000716709,0.00433995,0.00578298,44.5868,36514,1,367,81.9964,9129,0,0.000884653,0.00343589,0.0469635,0,0,0,1,454,0.225,-1.52547e-05,4.96391e-05,1.11688e-05,3.4323e-06,1.16383e-05,1.03208e-06,0.524081,0.0611015,0.00467721,0.00938746,-0.209708,-0.000218864,0.000343448,-0.00240283,11.7173,1,0,0,0,0,0,-1,1,-9.04617e-07,-3.41771e-06,-0.209449,0,44.8424,1,1010,1010,1010,1010,0,0,0,0,44.8466,56,-0.00503126,0.0218326,56,-0.00670139,0.0103986,55,0.00336268,0.0120452,56,0.00838862,0.0114595,56,0.00668192,0.000647435,50,-0.00149899,0.0108481,55,-0.0093142,-0.00035047,56,-0.00759816,0.002407,14,-0.0189703,0.00433268
6047340873529,6047327548000,6047327548000,6047340859622,73729,13.3116,6047353396658,25.8487,0,37890,145886,0,0,1,0,0,0.011977,500,500,491,0.982,2.69298,3.76875,0.695208,0.309354,0.0188293,0.0323486,5.61711e-05,4.35216e-05,0.0115158,0.00604127,1,0.00363377,-0.00468991,0.00468991,0.00363377,1,1,0.00431535,0.00334335,0.000374566,0.000290415,0,0,0,0,0,0,0,0,0,0,0,0,0,0,0,0,0,0,0,0,0,0,0,255,0.22,4.82865,0.22,0.00280549,0.00398561,1,1,1,1,0,1,1,-0.188044,-3.12544,0.10576,0.000430046,0.00373583,0.00547614,2.94821,36515,1,367,95.0753,9129,0,0.000884653,0.00343589,0.0469635,0,0,0,1,491,0.225,4.75389e-05,3.69124e-05,8.30529e-06,-1.06963e-05,5.89499e-06,-1.2191e-05,0.524087,0.0610893,0.00469678,0.00941992,-0.209778,0.000742396,0.00130687,-0.00075452,2.68535,3,0,0,0,0,0,-1,1,-9.04617e-07,-3.41771e-06,-0.20967,0,3.21713,1,1010,1010,1010,1010,0,0,0,0,3.22273,56,0.00206412,0.00161928,56,0.00879526,-0.00168196,47,0.00164316,0.0083979,56,0.00616058,0.00881223,56,0.00996307,0.00277438,56,-0.000920791,0.00438626,56,0.00124603,0.00571699,56,0.00790713,0.00532859,52,0.000294559,0.00473817
6047353975940,6047347556000,6047347556000,6047353968902,73729,6.4129,6047367678410,20.1224,1,37891,145887,0,0,1,0,0,0.020008,500,500,500,1,2.67041,3.75264,0.673542,0.324095,0.0393372,0.0818024,7.54096e-05,0.000123958,-0.000257532,0.00634379,1,0.00619542,-0.00376897,0.00376897,0.00619542,1,1,0.00369074,0.00600291,7.82351e-05,0.000192506,0,0,0,0,0,0,0,0,0,0,0,0,0,0,0,0,0,0,0,0,0,0,0,255,0.22,8.27482,0.22,0.00306899,0.00508379,1,1,1,1,1,1,1,-0.188044,-3.12544,0.10576,0.000430046,0.00373583,0.00547614,17.2347,36515,1,367,109.362,9129,0,0.000884653,0.00343589,0.0469635,0,0,0,1,500,0.225,6.3922e-05,0.000105077,2.36422e-05,-1.43825e-05,2.01273e-05,-1.899e-05,0.524107,0.0610703,0.00469678,0.00941992,-0.209778,0.0014491,0.000866277,0.000877631,16.9625,0,0,0,0,0,0,-1,1,-9.04617e-07,-3.41771e-06,-0.20967,0,17.5167,1,1010,1010,1010,1010,0,0,0,0,17.5223,56,0.00613931,0.00450009,56,0.00414303,-0.00248571,56,-0.000659273,0.00698903,56,-0.000929376,0.00733429,56,0.00418757,0.0106311,56,0.00368572,0.00949331,56,0.00638708,0.006437,56,0.00305328,0.0055762,52,0.00418427,0.00968713
6047368340470,6047355569000,6047355569000,6047368325507,73729,12.7565,6047379844406,24.2754,0,37891,145888,0,0,1,0,0,0.008013,500,500,500,1,2.67459,3.44208,0.674079,0.326003,0.0192413,0.000869751,3.06152e-05,1.94242e-05,-0.00879256,-0.00906882,1,0.00242408,-0.00382069,0.00382069,0.00242408,1,1,0.00396886,0.00258848,-0.000148167,-0.000164393,0,0,0,0,0,0,0,0,0,0,0,0,0,0,0,0,0,0,0,0,0,0,0,255,0.22,2.39257,0.22,0.00243757,-0.00205118,1,1,1,1,0,1,1,-0.188044,-3.12544,0.10576,0.000430046,0.00373583,0.00547614,29.4032,36515,1,367,121.53,9129,0,0.000884653,0.00343589,0.0469635,0,0,0,1,500,0.225,2.59682e-05,1.64289e-05,3.69649e-06,-5.84283e-06,2.3984e-06,-6.48433e-06,0.52411,0.0610638,0.00471699,0.00940619,-0.209767,0.00201425,-0.000739768,0.0021448,11.9128,1,0,0,0,0,0,-1,1,-9.04617e-07,-3.41771e-06,-0.20967,0,29.6952,1,1010,1010,1010,1010,0,0,0,0,29.7008,56,-0.00270935,-0.00461355,56,0.000571913,0.0167279,56,0.00898197,0.000766264,56,-0.00691381,0.000957212,56,0.00444892,-0.0042648,56,0.0078314,-0.000919656,56,0.00663986,0.00506193,56,0.00761796,0.00422365,52,-0.00290049,0.00239661
6047380446985,6047363591000,6047363591000,6047380432966,73729,16.842,6047393339708,29.7487,0,37891,145889,0,0,1,0,0,0.008022,500,500,500,1,2.68433,3.40178,0.717449,0.323039,0.0380707,-0.0332336,6.85297e-05,-6.48651e-05,0.00997184,0.00204964,1,-0.0080859,-0.00854272,0.00854272,-0.0080859,1,1,0.00881062,-0.00787646,-0.000267893,-0.000209442,0,0,0,0,0,0,0,0,0,0,0,0,0,0,0,0,0,0,0,0,0,0,0,255,0.22,4.35248,0.22,0.0047014,-0.00770597,1,1,1,1,0,1,1,-0.188044,-3.12544,0.10576,0.000430046,0.00373583,0.00547614,42.8957,36515,1,367,135.023,9129,0,0.000884653,0.00343589,0.0469635,0,0,0,1,500,0.225,5.81182e-05,-5.49551e-05,-1.23649e-05,-1.30766e-05,-1.4817e-05,-1.02148e-05,0.524095,0.0610536,0.00472011,0.0094032,-0.20978,0.00183663,-0.000942489,0.00243372,13.2463,1,0,0,0,0,0,-1,1,-9.04617e-07,-3.41771e-06,-0.20967,0,43.1685,1,1010,1010,1010,1010,0,0,0,0,0.135204,56,0.0221519,-0.00189263,56,0.0277951,-0.00819006,56,0.0135871,-0.0102143,56,0.00826393,-0.00761939,56,0.00817613,-0.00803984,56,0.0117919,-0.0211004,56,0.00332181,-0.00515854,56,-0.00710407,-0.00892953,52,0.0036525,-0.00772341
6047393938435,6047383578000,6047383578000,6047393930027,73729,10.352,6047406573231,22.9952,1,37892,145890,0,0,1,0,0,0.019987,500,500,500,1,2.70637,3.80275,0.685005,0.321502,-0.0409546,-0.0235672,-0.000128252,-2.03509e-05,-0.00822187,-0.00254073,1,-0.00101821,0.00641676,-0.00641676,-0.00101821,1,1,-0.00590188,-0.00088143,-0.000514883,-0.000136776,0,0,0,0,0,0,0,0,0,0,0,0,0,0,0,0,0,0,0,0,0,0,0,255,0.22,7.41059,0.22,-0.0060569,-0.000475528,1,1,1,1,0,1,1,-0.188551,-3.12533,0.105678,-0.000702997,0.00566571,0.00576014,13.0936,36516,1,367,148.258,9129,0,0.000884653,0.00343589,0.0469635,0,0,0,1,500,0.225,-0.000108604,-1.72607e-05,-3.88366e-06,2.44358e-05,1.29164e-06,2.47083e-05,0.524096,0.0610783,0.004711,0.00940144,-0.209794,0.000397867,-0.000615492,0.00217187,12.994,1,0,0,0,0,0,-1,1,-9.04617e-07,-3.41771e-06,-0.209716,0,0.251927,1,1010,1010,1010,1010,0,0,0,0,13.3615,56,-0.00274429,-0.00110543,56,-0.0226623,0.00401857,56,-0.00201865,-0.00206577,56,-0.00489135,-0.00592134,56,-0.00858275,9.81351e-06,56,-0.00174623,-0.0014308,56,-0.0050702,-0.0052729,56,-0.00606526,-0.00248303,52,-0.00212194,0.00235776
6047407150513,6047395565000,6047395565000,6047407137790,73729,11.5728,6047420651093,25.0861,0,37892,145891,0,0,1,0,0,0.011987,500,500,451,0.902,2.66706,3.6618,0.636671,0.291095,-0.0296021,-0.00772095,-5.7437e-05,-3.87708e-06,-0.00640278,-0.00669486,1,-0.000323441,0.00479161,-0.00479161,-0.000323441,1,1,-0.00431169,-0.000289279,-0.000479914,-3.41617e-05,0,0,0,0,0,0,0,0,0,0,0,0,0,0,0,0,0,0,0,0,0,0,0,255,0.22,0.631431,0.22,-0.00445963,-0.000318035,1,1,1,1,1,1,1,-0.188551,-3.12533,0.105678,-0.000702997,0.00566571,0.00576014,27.1666,36516,1,367,162.331,9129,0,0.000884653,0.00343589,0.0469635,0,0,0,1,451,0.225,-4.86504e-05,-3.28315e-06,-7.38709e-07,1.09463e-05,1.5582e-06,1.08599e-05,0.524098,0.0610892,0.00469066,0.00939528,-0.209847,-0.000548419,-0.000153727,0.00128895,13.8089,2,0,0,0,0,0,-1,1,-9.04617e-07,-3.41771e-06,-0.209716,0,14.3166,1,1010,1010,1010,1010,0,0,0,0,27.4262,56,-0.0102336,-0.00688079,56,-0.0127732,-0.0115952,18,-0.00527401,0.00204364,56,0.000825172,0.00752754,56,-0.0028273,-0.000166363,45,-0.00444934,0.00364382,56,-0.00248984,0.0025013,56,-0.0141315,0.00492845,52,-0.00256393,-0.00204283
6047421277634,6047403586000,6047403586000,6047421261005,73729,17.675,6047433265055,29.6791,0,37892,145892,0,0,1,0,0,0.008021,500,500,500,1,2.67867,3.61699,0.78832,0.321225,-0.00468445,-0.0366516,-9.62123e-07,-8.33647e-05,0.00442793,0.0108707,1,-0.0103933,0.00011995,-0.00011995,-0.0103933,1,1,-0.000205701,-0.0101824,8.57507e-05,-0.000210873,0,0,0,0,0,0,0,0,0,0,0,0,0,0,0,0,0,0,0,0,0,0,0,255,0.22,4.61148,0.22,-0.000584054,-0.00713354,1,1,1,1,0,1,1,-0.188551,-3.12533,0.105678,-0.000702997,0.00566571,0.00576014,39.7804,36516,1,367,174.945,9129,0,0.000884653,0.00343589,0.0469635,0,0,0,1,500,0.225,-9.13425e-07,-7.06451e-05,-1.58952e-05,2.05521e-07,-1.55027e-05,3.51317e-06,0.524082,0.0610927,0.00469982,0.00937571,-0.209923,0.000380566,-0.000948927,-4.24989e-06,12.3401,2,0,0,0,0,0,-1,1,-9.04617e-07,-3.41771e-06,-0.209716,0,26.9401,1,1010,1010,1010,1010,0,0,0,0,40.0497,56,-0.00426352,-0.0130414,56,0.0225328,-0.018397,56,-0.0111163,-0.00697457,56,-0.0024335,-0.0074389,56,0.00330137,-0.0111606,56,-0.00592848,-0.00973917,56,-0.00523657,-0.00852913,56,0.00772368,-0.0144271,52,-0.00744108,-0.00887718
6047433837208,6047423580000,6047423580000,6047433830578,73729,10.2506,6047448211627,24.6316,1,37893,145893,0,0,1,0,0,0.019994,500,500,477,0.954,2.6938,3.68658,0.681671,0.307502,-0.0129395,-0.0361938,-9.08858e-06,-4.62151e-05,0.00293235,-0.00287218,1,-0.00231145,0.000454565,-0.000454565,-0.00231145,1,1,-0.00172024,-0.00228457,0.00126568,-2.68786e-05,0,0,0,0,0,0,0,0,0,0,0,0,0,0,0,0,0,0,0,0,0,0,0,255,0.22,6.31105,0.22,-0.000364706,-0.00186042,1,1,1,1,0,1,1,-0.189006,-3.12523,0.105547,-0.000611959,0.00474002,0.00614993,1.33212,36517,1,367,1.29449,9130,0,0.000884653,0.00326607,0.0470433,0,0,0,1,477,0.225,-7.69273e-06,-3.91503e-05,-8.80882e-06,1.73086e-06,-8.25377e-06,3.52961e-06,0.524074,0.0610962,0.00469112,0.00938217,-0.210073,0.000386585,-0.000120954,-0.00424717,1.09927,2,0,0,0,0,0,-1,1,-9.04617e-07,-3.41771e-06,-0.20997,0,1.59244,1,1010,1010,1010,1010,0,0,0,0,1.59646,56,0.00327807,-0.00710379,56,-0.00469539,0.00010172,56,0.000725155,-0.00304321,56,-0.000879444,-0.00450906,56,8.59925e-05,-0.00330739,56,-0.00110688,-0.00419397,33,-0.00354731,0.000620635,56,-0.00177966,-0.00188155,52,-0.002136,-0.00175389
6047448719890,6047435560000,6047435560000,6047448710668,73729,13.1507,6047462428083,26.8681,0,37893,145894,0,0,1,0,0,0.01198,500,500,500,1,2.69059,3.55023,0.633061,0.320428,0.00510406,0.00467682,1.81249e-05,-2.53119e-05,0.0042093,0.0144811,1,-0.00211284,-0.00151293,0.00151293,-0.00211284,1,1,0.000134995,-0.00218129,0.00137794,6.84514e-05,0,0,0,0,0,0,0,0,0,0,0,0,0,0,0,0,0,0,0,0,0,0,0,255,0.22,1.62092,0.22,-0.000304833,0.00124712,1,1,1,1,0,1,1,-0.189006,-3.12523,0.105547,-0.000611959,0.00474002,0.00614993,15.5587,36517,1,367,15.5207,9130,0,0.000884653,0.00326607,0.0470433,0,0,0,1,500,0.225,1.53239e-05,-2.14349e-05,-4.82286e-06,-3.44788e-06,-5.43575e-06,-2.36634e-06,0.524069,0.0610939,0.00469112,0.00938217,-0.210073,0.00013306,0.000308031,-0.00485412,15.3263,0,0,0,0,0,0,-1,1,-9.04617e-07,-3.41771e-06,-0.20997,0,15.8226,1,1010,1010,1010,1010,0,0,0,0,15.8266,56,-0.00214666,0.000414878,56,0.00616688,-0.0135942,56,-0.00253951,0.00118381,56,0.00325294,0.00508135,56,0.00334681,0.00146497,56,-0.00392693,0.00117756,56,-0.000540008,-0.00296572,56,0.00386991,-0.0024132,52,-0.0010059,-0.00378375
6047462983920,6047443587000,6047443587000,6047462973772,73729,19.3868,6047474763340,31.1763,0,37893,145895,0,0,1,0,0,0.008027,500,500,500,1,2.66217,3.56529,0.637079,0.32565,0.0205841,0.0389862,6.30878e-05,6.09056e-05,0.0199218,-0.000506924,1,0.00758759,-0.00785945,0.00785945,0.00758759,1,1,0.00711581,0.00750638,0.000743635,8.12007e-05,0,0,0,0,0,0,0,0,0,0,0,0,0,0,0,0,0,0,0,0,0,0,0,255,0.22,5.75484,0.22,0.00385761,0.00783159,1,1,1,1,1,1,1,-0.189006,-3.12523,0.105547,-0.000611959,0.00474002,0.00614993,27.8936,36517,1,367,27.8556,9130,0,0.000884653,0.00326607,0.0470433,0,0,0,1,500,0.225,5.34301e-05,5.16085e-05,1.16119e-05,-1.20218e-05,8.84794e-06,-1.41791e-05,0.524078,0.0610797,0.004681,0.00938383,-0.210128,-0.000130342,0.000365403,-0.00278136,12.0675,2,0,0,0,0,0,-1,1,-9.04617e-07,-3.41771e-06,-0.20997,0,28.173,1,1010,1010,1010,1010,0,0,0,0,28.177,56,0.00803714,0.0119248,56,0.018341,0.0106106,56,0.00959993,0.00479547,56,-0.00606823,0.0125424,56,0.00669775,0.0130497,56,0.0154979,0.00463617,56,0.00742753,0.00802993,56,0.00745932,0.00365752,52,0.00485404,0.0112419
6047475402400,6047463584000,6047463584000,6047475393585,73729,11.8096,6047488554199,24.9702,1,37894,145896,0,0,1,0,0,0.019997,500,500,500,1,2.64694,3.82755,0.597726,0.325095,0.0365677,0.037262,6.94993e-05,5.91246e-05,-0.00206641,0.00210046,1,0.00295667,-0.00347549,0.00347549,0.00295667,1,1,0.00386444,0.00290059,-0.000388952,5.608e-05,0,0,0,0,0,0,0,0,0,0,0,0,0,0,0,0,0,0,0,0,0,0,0,255,0.22,7.03827,0.22,0.00364516,0.00246866,1,1,1,1,0,1,1,-0.189006,-3.12523,0.105547,-0.000611959,0.00474002,0.00614993,41.6984,36517,1,367,41.6604,9130,0,0.000884653,0.00326607,0.0470433,0,0,0,1,500,0.225,5.89265e-05,5.01027e-05,1.12731e-05,-1.32585e-05,8.25869e-06,-1.53178e-05,0.524086,0.0610644,0.00467865,0.00938725,-0.210122,0.000411947,0.00025236,0.00172978,13.5554,1,0,0,0,0,0,-1,1,-9.04617e-07,-3.41771e-06,-0.20997,0,41.9655,1,1010,1010,1010,1010,0,0,0,0,41.9695,56,0.00335683,0.00287755,56,0.0044621,-0.00606353,56,0.00313537,0.005655,56,0.00600339,0.00471315,56,0.00400866,0.00142182,56,0.00167716,0.00443052,56,0.00538976,0.00365019,56,0.00454429,0.00502298,52,0.00112117,0.000789389
6047489145037,6047475566000,6047475566000,6047489134926,73729,13.5689,6047503499605,27.9336,0,37894,145897,0,0,1,0,0,0.011982,500,500,500,1,2.71415,3.93131,0.592652,0.320113,0.022644,0.00572205,4.87498e-05,1.05431e-05,0.00375949,-0.00565158,1,0.000879915,-0.00406859,0.00406859,0.000879915,1,1,0.00519634,0.00093195,-0.00112775,-5.2035e-05,0,0,0,0,0,0,0,0,0,0,0,0,0,0,0,0,0,0,0,0,0,0,0,255,0.22,1.47868,0.22,0.0026858,0.000354192,1,1,1,1,0,1,1,-0.1894,-3.12518,0.10544,-0.00165481,0.00581627,0.00645185,6.85979,36518,1,367,56.589,9130,0,0.000884653,0.00326607,0.0470433,0,0,0,1,500,0.225,4.13053e-05,8.96164e-06,2.01637e-06,-9.29369e-06,3.34162e-08,-9.50965e-06,0.524086,0.0610549,0.00469872,0.00938389,-0.210087,0.00122561,-0.000234158,0.00504038,6.63049,2,0,0,0,0,0,-1,1,-9.04617e-07,-3.41771e-06,-0.209983,0,7.13157,1,1010,1010,1010,1010,0,0,0,0,7.13624,56,0.00526398,-0.00402648,56,0.0238193,-0.000681209,56,0.00160328,-0.000347036,56,0.00461067,0.00259915,56,0.00829138,-0.00217297,56,-0.000206851,0.00282987,56,0.00330352,0.00643204,56,0.00386795,-0.000436557,52,-0.000291451,0.00501774
6047504081498,6047495586000,6047495586000,6047504074165,73729,8.48817,6047517044315,21.4583,1,37895,145898,0,0,1,0,0,0.02002,500,500,500,1,2.63261,3.60662,0.67769,0.354317,-0.00299072,-0.0106049,7.43104e-07,-9.07768e-06,-0.00707375,0.000149939,1,-0.000453431,-3.71181e-05,3.71181e-05,-0.000453431,1,1,0.00090884,-0.000336094,-0.000871722,-0.000117336,0,0,0,0,0,0,0,0,0,0,0,0,0,0,0,0,0,0,0,0,0,0,0,255,0.22,6.27693,0.22,-0.000808865,-0.000649314,1,1,1,1,0,1,1,-0.1894,-3.12518,0.10544,-0.00165481,0.00581627,0.00645185,20.4084,36518,1,367,70.1377,9130,0,0.000884653,0.00326607,0.0470433,0,0,0,1,500,0.225,6.9369e-07,-7.67952e-06,-1.72789e-06,-1.5608e-07,-1.72238e-06,2.07698e-07,0.524084,0.0610551,0.00469986,0.00937551,-0.210096,0.00126476,-0.000528013,0.00415001,13.3109,1,0,0,0,0,0,-1,1,-9.04617e-07,-3.41771e-06,-0.209983,0,20.6746,1,1010,1010,1010,1010,0,0,0,0,20.6792,56,4.97335e-05,0.00349935,56,-0.00350244,-0.00181679,56,-0.000191358,0.000271599,56,-0.00060488,0.000387683,56,-0.0016585,-9.62783e-06,56,0.000277495,-0.00272837,56,-0.00174367,-0.00327516,56,-0.00425293,0.00231788,52,0.00281184,-0.000456653
6047517608430,6047503578000,6047503578000,6047517596060,73729,14.0181,6047529580888,26.0029,0,37895,145899,0,0,1,0,0,0.007992,500,500,500,1,2.67474,3.75119,0.595671,0.313836,0.0055542,-0.02491,2.65079e-05,-5.49869e-05,0.00808535,-0.00388374,1,-0.00688024,-0.0033168,0.0033168,-0.00688024,1,1,0.00369191,-0.00679105,-0.000375108,-8.91843e-05,0,0,0,0,0,0,0,0,0,0,0,0,0,0,0,0,0,0,0,0,0,0,0,255,0.22,-0.473392,0.22,-0.000858246,-0.00481394,1,1,1,1,1,1,1,-0.1894,-3.12518,0.10544,-0.00165481,0.00581627,0.00645185,32.9689,36518,1,367,82.698,9130,0,0.000884653,0.00326607,0.0470433,0,0,0,1,500,0.225,2.24169e-05,-4.65451e-05,-1.04727e-05,-5.04379e-06,-1.12941e-05,-2.74847e-06,0.524073,0.0610523,0.00469937,0.00937654,-0.210122,0.000788271,-0.000401329,0.00198101,12.2921,1,0,0,0,0,0,-1,1,-9.04617e-07,-3.41771e-06,-0.209983,0,33.2433,1,1010,1010,1010,1010,0,0,0,0,33.248,56,0.00796132,-0.0146334,56,0.0114792,-0.0104036,56,-0.00972889,-0.00641794,56,0.00233901,0.00098018,56,0.00488214,-0.00143593,56,0.00286742,-0.0102876,56,-0.00869381,0.00244728,56,0.0167655,-0.0091214,52,-0.00240064,-0.00655822
6047530278245,6047515553000,6047515553000,6047530262837,73729,14.7098,6047543146042,27.593,0,37895,145900,0,0,1,0,0,0.011975,500,500,500,1,2.74728,3.52036,0.597134,0.321151,-0.0227661,-0.0168076,-4.20851e-05,-1.35942e-05,-0.00224261,-0.00328567,1,-0.00113522,0.00351441,-0.00351441,-0.00113522,1,1,-0.00380139,-0.00116543,0.00028698,3.02099e-05,0,0,0,0,0,0,0,0,0,0,0,0,0,0,0,0,0,0,0,0,0,0,0,255,0.22,2.03355,0.22,-0.00476467,-0.000924958,1,1,1,1,0,1,1,-0.1894,-3.12518,0.10544,-0.00165481,0.00581627,0.00645185,46.5096,36518,1,367,96.2388,9130,0,0.000884653,0.00326607,0.0470433,0,0,0,1,500,0.225,-3.57003e-05,-1.15259e-05,-2.59333e-06,8.03257e-06,-8.59999e-07,8.39668e-06,0.524072,0.0610607,0.00469401,0.00937833,-0.210173,0.000405571,0.000135944,-0.000708671,13.2932,1,0,0,0,0,0,-1,1,-9.04617e-07,-3.41771e-06,-0.209983,0,46.7763,1,1010,1010,1010,1010,0,0,0,0,0.219983,56,-0.00895105,0.00237505,56,0.00409145,-0.00366908,56,-0.00477119,-0.00368867,56,-0.00206161,0.00263885,56,-0.00234545,-0.00665921,56,-0.00402234,0.00235694,56,-0.00567079,-0.00679151,56,-0.00739739,-0.00288543,52,-0.00262052,0.000981392
6047543801047,6047535560000,6047535560000,6047543792991,73729,8.23299,6047555578763,20.0188,1,37896,145901,0,0,1,0,0,0.020007,500,500,500,1,2.6902,3.53558,0.701338,0.355113,-0.02948,-0.0237579,-8.09254e-05,-5.48672e-05,-0.00160563,0.00378158,1,-0.0027424,0.00404485,-0.00404485,-0.0027424,1,1,-0.00485901,-0.00275508,0.000814161,1.26821e-05,0,0,0,0,0,0,0,0,0,0,0,0,0,0,0,0,0,0,0,0,0,0,0,255,0.22,5.40765,0.22,-0.003472,-0.00173993,1,1,1,2,0,1,1,-0.189762,-3.12509,0.105352,-0.00220555,0.00601397,0.00691364,12.3861,36519,1,367,108.676,9130,0,0.000884653,0.00326607,0.0470433,0,0,0,1,500,0.225,-6.8577e-05,-4.65309e-05,-1.04695e-05,1.54298e-05,-7.01788e-06,1.72745e-05,0.524065,0.061078,0.00469418,0.00937547,-0.210231,0.000312381,5.70696e-05,-0.00268107,12.1861,1,0,0,0,0,0,-1,1,-9.04617e-07,-3.41771e-06,-0.210186,0,0.249465,1,1010,1010,1010,1010,0,0,0,0,12.6537,56,-0.000596657,-0.00442678,56,-0.01544,0.000732737,56,-0.00284262,-0.00211879,56,0.000573204,-0.00323737,56,-0.00544815,-0.000716325,56,-0.00216762,-0.00350091,56,-0.00495531,-0.00268485,56,-0.00671285,-0.00250436,52,-0.00281039,-0.00184399
6047556158952,6047543586000,6047543586000,6047556145508,73729,12.5595,6047567861149,24.2751,0,37896,145902,0,0,1,0,0,0.008026,500,500,483,0.966,2.67863,3.79462,0.684394,0.309151,-0.00222778,-0.0148926,3.47e-05,-4.7249e-05,0.0143359,0.0116624,1,-0.00588699,-0.00432345,0.00432345,-0.00588699,1,1,0.00329324,-0.00578858,0.00103021,-9.84136e-05,0,0,0,0,0,0,0,0,0,0,0,0,0,0,0,0,0,0,0,0,0,0,0,255,0.22,7.58185,0.22,-2.99547e-05,-0.00250114,1,1,1,1,0,1,1,-0.189762,-3.12509,0.105352,-0.00220555,0.00601397,0.00691364,24.6879,36519,1,367,120.978,9130,0,0.000884653,0.00326607,0.0470433,0,0,0,1,483,0.225,2.9302e-05,-3.99971e-05,-8.99934e-06,-6.59296e-06,-1.01775e-05,-4.56852e-06,0.524055,0.0610734,0.00468371,0.00935791,-0.210349,0.000229645,-0.000442861,-0.00352503,12.0028,2,0,0,0,0,0,-1,1,-9.04617e-07,-3.41771e-06,-0.210186,0,12.5763,1,1010,1010,1010,1010,0,0,0,0,24.9806,56,-0.00567302,-0.0015897,56,0.0385762,-0.0296056,40,-0.0039891,-0.00367831,55,-0.0153608,-0.0048404,56,0.00338782,0.00374316,56,-0.0117874,-0.00651358,56,0.010749,0.000153209,56,0.00980411,-0.00557717,52,-0.00378198,-0.00634244
6047568478653,6047555559000,6047555559000,6047568466190,73729,12.9072,6047581074060,25.5151,0,37896,145903,0,0,1,0,0,0.011973,500,500,499,0.998,2.70711,3.49634,0.643635,0.315909,0.011795,-0.0093689,3.10773e-05,-2.37258e-05,0.00934358,0.00134652,1,-0.00198161,-0.00259561,0.00259561,-0.00198161,1,1,0.00146489,-0.00190136,0.00113072,-8.02476e-05,0,0,0,0,0,0,0,0,0,0,0,0,0,0,0,0,0,0,0,0,0,0,0,255,0.22,-0.34191,0.22,0.00146955,-0.00120646,1,1,1,1,1,1,1,-0.189762,-3.12509,0.105352,-0.00220555,0.00601397,0.00691364,37.8775,36519,1,367,134.167,9130,0,0.000884653,0.00326607,0.0470433,0,0,0,1,499,0.225,2.63497e-05,-2.00846e-05,-4.51903e-06,-5.92868e-06,-5.65766e-06,-4.85402e-06,0.524049,0.0610686,0.00468363,0.00935633,-0.210406,0.000146439,-0.000361114,-0.00395344,12.9355,1,0,0,0,0,0,-1,1,-9.04617e-07,-3.41771e-06,-0.210186,0,25.7521,1,1010,1010,1010,1010,0,0,0,0,38.1564,56,0.00511352,-0.00557727,56,-0.00477725,-0.00271678,55,-0.000624328,-0.000201158,56,0.00390378,0.00358306,56,-0.00226546,-0.00597036,56,0.00519905,-0.00248683,56,0.00294199,-0.000862486,56,0.00903242,-0.00189202,52,0.00170492,-0.000479148
6047581728268,6047575565000,6047575565000,6047581720009,73729,6.15501,6047593450428,17.8854,1,37897,145904,0,0,1,0,0,0.020006,500,500,492,0.984,2.70721,3.55764,0.680709,0.320206,0.0384064,0.02845,6.79216e-05,6.2085e-05,0.000893041,-0.00465177,1,0.00310332,-0.00339506,0.00339506,0.00310332,1,1,0.00280304,0.00314112,0.00059202,-3.78011e-05,0,0,0,0,0,0,0,0,0,0,0,0,0,0,0,0,0,0,0,0,0,0,0,255,0.22,2.7673,0.22,0.00295998,0.00285405,1,1,1,2,0,1,1,-0.189762,-3.12509,0.105352,-0.00220555,0.00601397,0.00691364,50.2536,36519,1,367,146.543,9130,0,0.000884653,0.00326607,0.0470433,0,0,0,1,492,0.225,5.7548e-05,5.26352e-05,1.18429e-05,-1.29483e-05,8.87535e-06,-1.51364e-05,0.524058,0.0610534,0.00468067,0.00935414,-0.210472,0.00043518,-0.000170105,-0.00178313,12.094,2,0,0,0,0,0,-1,1,-9.04617e-07,-3.41771e-06,-0.210186,0,38.1079,1,1010,1010,1010,1010,0,0,0,0,0.217502,56,0.00366075,0.00338572,56,0.00844435,-0.000320121,48,0.00353343,0.00365801,56,0.0058544,0.00168725,56,0.00737461,0.00402673,56,0.00233484,0.00344605,56,0.00153832,0.00656768,56,0.0018779,0.000790375,52,0.00326524,0.00282771
6047593998321,6047583582000,6047583582000,6047593988117,73729,10.4061,6047604888530,21.3065,0,37897,145905,0,0,1,0,0,0.008017,500,500,500,1,2.71367,3.67116,0.687394,0.32378,0.0145874,0.0303574,3.56406e-05,4.18603e-05,0.00180235,0.00639288,1,0.00522144,-0.00444563,0.00444563,0.00522144,1,1,0.00419082,0.00523472,0.000254807,-1.32861e-05,0,0,0,0,0,0,0,0,0,0,0,0,0,0,0,0,0,0,0,0,0,0,0,255,0.22,4.8747,0.22,0.00338904,0.0053555,1,1,1,1,0,1,1,-0.190083,-3.12507,0.105329,-0.00206051,0.00550831,0.00704199,11.3975,36520,1,367,157.982,9130,0,0.000884653,0.00326607,0.0470433,0,0,0,1,500,0.225,3.0233e-05,3.55064e-05,7.98894e-06,-6.80241e-06,6.39085e-06,-8.32116e-06,0.524064,0.0610451,0.00468067,0.00935414,-0.210472,0.000478663,-5.97873e-05,-0.000534377,23.5373,0,0,0,0,0,0,-1,1,-9.04617e-07,-3.41771e-06,-0.210357,0,0.252558,1,1010,1010,1010,1010,0,0,0,0,11.6662,56,0.00280973,0.0132087,56,0.0111766,0.00542697,56,-0.00358156,0.0042351,56,0.00552756,0.00803296,56,0.00412776,0.00607763,56,0.00705989,0.00301321,56,0.00234335,0.00160646,56,0.00585124,0.0126921,52,0.00339943,0.00761885
6047605442719,6047591593000,6047591593000,6047605432534,73729,13.8395,6047620156271,28.5633,0,37897,145906,0,0,1,0,0,0.008011,500,500,500,1,2.67644,3.81862,0.67106,0.32091,0.00582886,0.0127258,-1.22717e-05,2.48548e-05,-0.00899548,-0.00574118,1,0.00310258,0.00153186,-0.00153186,0.00310258,1,1,-0.000737787,0.00312233,-0.000794074,-1.97458e-05,0,0,0,0,0,0,0,0,0,0,0,0,0,0,0,0,0,0,0,0,0,0,0,255,0.22,6.03727,0.22,0.000120449,0.00209887,1,1,1,1,0,1,1,-0.190083,-3.12507,0.105329,-0.00206051,0.00550831,0.00704199,26.6741,36520,1,367,173.259,9130,0,0.000884653,0.00326607,0.0470433,0,0,0,1,500,0.225,-1.03439e-05,2.10057e-05,4.72628e-06,2.32737e-06,5.10808e-06,1.28872e-06,0.52407,0.0610464,0.00468566,0.00934618,-0.210447,0.000751484,-8.88561e-05,0.00345985,14.979,2,0,0,0,0,0,-1,1,-9.04617e-07,-3.41771e-06,-0.210357,0,15.5388,1,1010,1010,1010,1010,0,0,0,0,26.9524,56,-0.00773029,0.00174893,56,-0.0113125,0.00466617,56,0.00412311,0.00503496,56,0.00614319,-0.000497213,56,0.00261002,0.00988681,56,0.00905175,0.00242249,56,0.00351594,0.00512791,56,-0.00817255,0.00242376,52,-0.00774178,0.00498015
6047620715608,6047611597000,6047611597000,6047620708942,73729,9.11194,6047632887234,21.2902,1,37898,145907,0,0,1,0,0,0.020004,500,500,500,1,2.69924,3.47938,0.630245,0.321762,0.0239105,-0.00350189,5.78422e-05,-4.91685e-05,0.00146931,0.0100724,1,-0.00245793,-0.00289153,0.00289153,-0.00245793,1,1,0.00359586,-0.0024195,-0.000704322,-3.84325e-05,0,0,0,0,0,0,0,0,0,0,0,0,0,0,0,0,0,0,0,0,0,0,0,255,0.22,1.19217,0.22,0.000774284,-0.000492961,1,1,1,1,1,1,1,-0.190083,-3.12507,0.105329,-0.00206051,0.00550831,0.00704199,39.3954,36520,1,367,185.98,9130,0,0.000884653,0.00326607,0.0470433,0,0,0,1,500,0.225,4.89735e-05,-4.16208e-05,-9.36467e-06,-1.1019e-05,-1.14601e-05,-8.81943e-06,0.524058,0.0610376,0.00469634,0.00935647,-0.210458,0.00113459,-0.000172946,0.00344323,11.0325,2,0,0,0,0,0,-1,1,-9.04617e-07,-3.41771e-06,-0.210357,0,28.2566,1,1010,1010,1010,1010,0,0,0,0,39.6702,56,0.00481267,-0.00232289,56,0.0150128,-0.00551446,56,-0.000766555,-0.000819696,56,-0.000756637,0.000326255,56,0.0022597,-0.000946541,56,-0.00195393,-0.000489731,56,0.00065845,-0.0035297,56,0.00393942,-0.00158776,52,0.0041581,-0.00177758
6047633508868,6047623571000,6047623571000,6047633495146,73729,9.92415,6047647553063,23.9821,0,37898,145908,0,0,1,0,0,0.011974,500,500,482,0.964,2.68746,3.6621,0.682653,0.31091,0.00233459,0.0110931,-9.24215e-06,2.85502e-05,-0.00424478,-0.0044901,1,0.00238435,0.000771852,-0.000771852,0.00238435,1,1,-0.000964371,0.00226655,0.000192519,0.000117798,0,0,0,0,0,0,0,0,0,0,0,0,0,0,0,0,0,0,0,0,0,0,0,255,0.22,3.81421,0.22,-0.00126949,0.00181655,1,1,1,1,0,1,1,-0.190369,-3.12505,0.105265,-0.00269308,0.00648338,0.00723971,1.23436,36521,1,367,200.641,9130,0,0.000884653,0.00326607,0.0470433,0,0,0,1,482,0.225,-7.80164e-06,2.41696e-05,5.43815e-06,1.75537e-06,5.68475e-06,5.80177e-07,0.524064,0.0610382,0.004696,0.00935699,-0.210529,0.00084246,0.000530093,-1.91017e-05,1.01197,2,0,0,0,0,0,-1,1,-9.04617e-07,-3.41771e-06,-0.210425,0,1.4982,1,1010,1010,1010,1010,0,0,0,0,1.50207,56,0.00269463,-0.00308699,56,-0.00357194,0.0100075,43,0.000755041,0.00140305,56,0.0023709,0.00507677,56,-0.00135479,0.0018083,56,-0.00258995,0.000571212,51,0.0022575,0.000597779,56,0.000296699,0.00494357,52,0.003771,0.00204206
6047648115271,6047631596000,6047631596000,6047648104049,73729,16.508,6047660557214,28.9612,0,37898,145909,0,0,1,0,0,0.008025,500,500,485,0.97,2.64739,4.57159,0.664024,0.310651,-0.0138245,-0.0132751,-4.02202e-05,-5.19301e-05,-0.00307694,0.0186598,1,-0.00647104,0.00501186,-0.00501186,-0.00647104,1,1,-0.00539626,-0.00654026,0.000384395,6.92149e-05,0,0,0,0,0,0,0,0,0,0,0,0,0,0,0,0,0,0,0,0,0,0,0,255,0.22,7.37531,0.22,-0.00481559,-0.00294898,1,1,1,1,0,1,1,-0.190369,-3.12505,0.105265,-0.00269308,0.00648338,0.00723971,14.2461,36521,1,367,12.9881,9131,0,0.000884653,0.00318005,0.0466737,0,0,0,1,485,0.225,-3.41093e-05,-4.3997e-05,-9.89932e-06,7.6746e-06,-8.0762e-06,9.57364e-06,0.524056,0.0610477,0.004696,0.00935699,-0.210529,0.000755402,0.000311467,-0.000779499,14.0089,0,0,0,0,0,0,-1,1,-9.04617e-07,-3.41771e-06,-0.210425,0,14.5097,1,1010,1010,1010,1010,0,0,0,0,14.5136,56,-0.00105298,0.00543739,56,0.00405424,-0.0183601,52,-0.00508811,0.00275727,56,-0.00250418,-0.00738531,56,-0.0142303,-0.00527716,52,-0.00276641,-0.0063973,56,0.00017057,-0.00663719,56,-0.0046046,-0.00794547,45,-0.00973403,-0.00809259
6047661144181,6047651591000,6047651591000,6047661136088,73729,9.54509,6047673471604,21.8806,1,37899,145910,0,0,1,0,0,0.019995,500,500,500,1,2.68322,3.51695,0.59219,0.323798,-0.0155792,-0.0434036,-4.45166e-05,-6.39197e-05,-0.00221927,-0.00127264,1,-0.00319678,0.00222639,-0.00222639,-0.00319678,1,1,-0.00287299,-0.00319552,0.000646604,-1.25873e-06,0,0,0,0,0,0,0,0,0,0,0,0,0,0,0,0,0,0,0,0,0,0,0,255,0.22,1.04991,0.22,-0.00242025,-0.0034184,1,1,1,1,0,1,1,-0.190369,-3.12505,0.105265,-0.00269308,0.00648338,0.00723971,27.1586,36521,1,367,25.9007,9131,0,0.000884653,0.00318005,0.0466737,0,0,0,1,500,0.225,-3.77553e-05,-5.42048e-05,-1.21961e-05,8.49494e-06,-1.01501e-05,1.08563e-05,0.524046,0.0610586,0.00468651,0.00935687,-0.210578,0.00025316,-5.6643e-06,-0.00212525,12.6689,1,0,0,0,0,0,-1,1,-9.04617e-07,-3.41771e-06,-0.210425,0,27.4275,1,1010,1010,1010,1010,0,0,0,0,27.4313,56,-0.011614,-0.00418332,56,-0.00784827,-0.00225132,56,-0.000590629,-0.000461622,56,0.00112314,-0.00644547,56,0.000917013,-0.00602887,56,-0.0035122,-0.00325138,56,-0.000134389,-0.00379597,56,0.00197537,-0.00319273,52,-0.00284185,-0.00294933
6047674041035,6047663576000,6047663576000,6047674027331,73729,10.4513,6047688320176,24.7442,0,37899,145911,0,0,1,0,0,0.011985,500,500,500,1,2.67882,3.80399,0.670245,0.323854,0.00604248,-0.009552,1.22751e-05,-9.3393e-06,0.00428425,0.000634179,1,-0.000779249,-0.0010242,0.0010242,-0.000779249,1,1,4.06261e-05,-0.000684752,0.000983578,-9.44969e-05,0,0,0,0,0,0,0,0,0,0,0,0,0,0,0,0,0,0,0,0,0,0,0,255,0.22,3.75512,0.22,0.000136112,-0.0014603,1,1,1,1,1,1,1,-0.190369,-3.12505,0.105265,-0.00269308,0.00648338,0.00723971,42.009,36521,1,367,40.7509,9131,0,0.000884653,0.00318005,0.0466737,0,0,0,1,500,0.225,1.03941e-05,-7.92576e-06,-1.7833e-06,-2.33867e-06,-2.233e-06,-1.91395e-06,0.524043,0.0610567,0.00467466,0.00934606,-0.210701,-4.9029e-05,-0.000425236,-0.0035801,14.5717,2,0,0,0,0,0,-1,1,-9.04617e-07,-3.41771e-06,-0.210425,0,42.2882,1,1010,1010,1010,1010,0,0,0,0,42.2921,56,-0.00247592,-0.0020276,56,0.00246926,0.0110955,56,-0.000215692,-0.00182276,56,0.000374527,-0.00440943,56,0.00720802,-0.000277594,56,0.00206554,-0.00368378,56,0.00108313,-0.00592919,56,-0.000952419,-0.00529763,52,0.00380417,-0.00209773
6047688955421,6047671598000,6047671598000,6047688940328,73729,17.3423,6047700894305,29.2963,0,37899,145912,0,0,1,0,0,0.008022,500,500,464,0.928,2.69174,3.95166,0.655375,0.304021,-0.0215759,-0.000961304,-5.4026e-05,-6.90019e-06,-0.0113817,0.00594635,1,-0.000860158,0.00673473,-0.00673473,-0.000860158,1,1,-0.00736481,-0.000831903,0.000630074,-2.82552e-05,0,0,0,0,0,0,0,0,0,0,0,0,0,0,0,0,0,0,0,0,0,0,0,255,0.22,8.56269,0.22,-0.00441215,0.000525364,1,1,1,1,0,1,1,-0.190632,-3.12505,0.105223,-0.00266302,0.00570253,0.00730224,0.714469,36522,1,367,53.3176,9131,0,0.000884653,0.00318005,0.0466737,0,0,0,1,464,0.225,-4.57799e-05,-5.89421e-06,-1.3262e-06,1.03005e-05,8.58736e-07,1.03498e-05,0.524044,0.061067,0.00467408,0.00934817,-0.210782,0.000373681,-0.000127149,-0.00196932,0.480263,2,0,0,0,0,0,-1,1,-9.04617e-07,-3.41771e-06,-0.210678,0,0.970247,1,1010,1010,1010,1010,0,0,0,0,0.974303,56,-0.00678448,-0.00757258,56,-0.0150643,0.0082298,21,-0.00489579,-4.91193e-05,56,-0.0103182,-0.00229565,56,-0.00473531,-0.0038984,55,-0.0117247,-0.000337395,56,-0.00640257,-0.00248638,56,-0.00145161,-0.00923001,52,-0.0015386,0.00939782
6047701452309,6047691591000,6047691591000,6047701445809,73729,9.85481,6047713748824,22.1578,1,37900,145913,0,0,1,0,0,0.019993,500,500,500,1,2.68059,3.50127,0.741709,0.323058,0.0275574,0.0216293,4.84366e-05,4.46206e-05,0.000481683,-0.00292649,1,0.00223181,-0.00242268,0.00242268,0.00223181,1,1,0.00242841,0.00222056,-5.73755e-06,1.12502e-05,0,0,0,0,0,0,0,0,0,0,0,0,0,0,0,0,0,0,0,0,0,0,0,255,0.22,0.787691,0.22,0.00241656,0.00225281,1,1,1,1,0,1,1,-0.190632,-3.12505,0.105223,-0.00266302,0.00570253,0.00730224,13.5758,36522,1,367,66.1789,9131,0,0.000884653,0.00318005,0.0466737,0,0,0,1,500,0.225,4.11072e-05,3.783e-05,8.51176e-06,-9.24912e-06,6.38733e-06,-1.08251e-05,0.524051,0.0610562,0.00468336,0.00934476,-0.210797,0.000896078,5.0626e-05,0.000737517,12.6255,1,0,0,0,0,0,-1,1,-9.04617e-07,-3.41771e-06,-0.210678,0,13.8461,1,1010,1010,1010,1010,0,0,0,0,13.8501,56,0.00478858,0.00177312,56,0.00204906,-0.00269215,56,0.00424822,0.00243575,56,0.00462216,0.00305173,56,0.00239803,0.00391952,56,0.00404087,0.00122099,56,0.00289442,0.00466794,56,-0.000519252,0.00359288,52,0.00128675,0.00204471
6047714319736,6047703568000,6047703568000,6047714307199,73729,10.7392,6047728472876,24.9049,0,37900,145914,0,0,1,0,0,0.011977,500,500,500,1,2.69119,3.7028,0.66832,0.325392,0.0125961,0.0091095,4.43605e-05,2.3689e-06,0.000254022,-0.000287809,1,0.000197787,-0.00370381,0.00370381,0.000197787,1,1,0.00391524,0.000205249,-0.000211433,-7.46207e-06,0,0,0,0,0,0,0,0,0,0,0,0,0,0,0,0,0,0,0,0,0,0,0,255,0.22,3.48753,0.22,0.00252231,0.00026628,1,1,1,1,0,1,1,-0.190632,-3.12505,0.105223,-0.00266302,0.00570253,0.00730224,28.3025,36522,1,367,80.9057,9131,0,0.000884653,0.00318005,0.0466737,0,0,0,1,500,0.225,3.75762e-05,2.01366e-06,4.53075e-07,-8.45464e-06,-1.32639e-06,-8.36212e-06,0.524049,0.0610478,0.00469397,0.00934789,-0.2108,0.0015144,-3.35793e-05,0.00197268,14.4582,1,0,0,0,0,0,-1,1,-9.04617e-07,-3.41771e-06,-0.210678,0,28.5705,1,1010,1010,1010,1010,0,0,0,0,28.5745,56,0.00541511,0.00214801,56,-0.00137337,-0.000441628,56,0.000407881,-0.000590753,56,0.00751867,-7.68731e-05,56,0.00731341,0.0031561,56,0.00161284,0.00154626,56,-0.000767899,0.00205508,56,0.00945405,0.0036328,52,-0.00738532,-0.000260998
6047729055084,6047711590000,6047711590000,6047729041399,73729,17.4514,6047740841707,29.2517,0,37900,145915,0,0,1,0,0,0.008022,500,500,500,1,2.69633,3.46815,0.678968,0.321521,0.00766754,0.00382996,2.34842e-07,-9.01022e-06,-0.00142764,0.00516241,1,-0.00112319,-2.92748e-05,2.92748e-05,-0.00112319,1,1,0.000307052,-0.00116064,-0.000277777,3.74485e-05,0,0,0,0,0,0,0,0,0,0,0,0,0,0,0,0,0,0,0,0,0,0,0,255,0.22,7.95772,0.22,0.000482306,0.000122125,1,1,1,1,1,1,1,-0.190632,-3.12505,0.105223,-0.00266302,0.00570253,0.00730224,40.668,36522,1,367,93.2711,9131,0,0.000884653,0.00318005,0.0466737,0,0,0,1,500,0.225,2.21264e-07,-7.63107e-06,-1.71699e-06,-4.97844e-08,-1.68933e-06,3.10583e-07,0.524048,0.0610482,0.00470502,0.00935019,-0.210808,0.00172963,0.000168518,0.0023837,12.1199,1,0,0,0,0,0,-1,1,-9.04617e-07,-3.41771e-06,-0.210678,0,40.9403,1,1010,1010,1010,1010,0,0,0,0,40.9444,56,0.00223826,-0.0138185,56,-0.00698487,-0.00203388,56,-0.00572278,-3.70226e-05,56,0.00520828,-0.00129219,56,0.00510857,0.00333002,56,0.00318636,-0.00388144,56,0.00334257,0.00549939,56,0.0012652,-0.0041717,52,0.00259404,0.00497454
6047741496101,6047731592000,6047731592000,6047741487990,73729,9.89599,6047753923432,22.3314,1,37901,145916,0,0,1,0,0,0.020002,500,500,486,0.972,2.68489,3.75651,0.669301,0.311298,0.0112,0.0141296,2.29803e-05,4.52196e-05,0.00137807,-0.00445209,1,0.00226075,-0.0011489,0.0011489,0.00226075,1,1,0.00137325,0.00218623,-0.000224352,7.45218e-05,0,0,0,0,0,0,0,0,0,0,0,0,0,0,0,0,0,0,0,0,0,0,0,255,0.22,0.232946,0.22,-0.000889197,0.00101217,1,1,1,1,0,1,1,-0.190848,-3.12507,0.105228,-0.002465,0.0062979,0.00764964,3.40875,36523,1,367,106.348,9131,0,0.000884653,0.00318005,0.0466737,0,0,0,1,486,0.225,1.9497e-05,3.83432e-05,8.62722e-06,-4.38683e-06,7.51756e-06,-6.09502e-06,0.524055,0.0610421,0.00469338,0.00935984,-0.210838,0.000845369,0.000335348,0.00148396,3.18597,2,0,0,0,0,0,-1,1,-9.04617e-07,-3.41771e-06,-0.210734,0,3.66632,1,1010,1010,1010,1010,0,0,0,0,3.67099,56,0.00237111,0.00721316,56,0.00461212,-0.00216102,42,0.00490682,0.00208021,56,-0.00326499,0.00115671,56,-0.000344419,-0.00100355,56,0.000543164,0.00370159,56,0.000268268,0.00124885,56,0.00164246,0.00337413,52,0.00130792,-0.00384939
6047754475159,6047743573000,6047743573000,6047754461510,73729,10.8885,6047768438594,24.8656,0,37901,145917,0,0,1,0,0,0.011981,500,500,500,1,2.66352,3.55695,0.627931,0.323077,-0.0183258,0.00469971,-4.27148e-05,-3.39122e-06,-0.00439431,0.00882463,1,-0.000283049,0.00356521,-0.00356521,-0.000283049,1,1,-0.00338112,-0.000374142,-0.000184096,9.10923e-05,0,0,0,0,0,0,0,0,0,0,0,0,0,0,0,0,0,0,0,0,0,0,0,255,0.22,3.08154,0.22,-0.00403699,0.000437423,1,1,1,1,0,1,1,-0.190848,-3.12507,0.105228,-0.002465,0.0062979,0.00764964,17.9299,36523,1,367,120.869,9131,0,0.000884653,0.00318005,0.0466737,0,0,0,1,500,0.225,-3.62258e-05,-2.90364e-06,-6.53319e-07,8.15081e-06,1.06749e-06,8.10685e-06,0.524056,0.0610502,0.00468499,0.00936273,-0.210862,-0.000369507,0.000409915,0.00036714,14.2799,1,0,0,0,0,0,-1,1,-9.04617e-07,-3.41771e-06,-0.210734,0,18.1996,1,1010,1010,1010,1010,0,0,0,0,18.2043,56,-0.00666324,-0.0108283,56,-0.00825381,0.00593093,56,-0.00586488,0.00127695,56,-0.00524023,0.00212614,56,-0.00703143,-0.001532,56,-0.000155114,-0.000987522,56,0.00159568,0.000254737,56,8.61649e-05,-0.00202319,52,-0.00208232,0.00303128
6047769019802,6047763572000,6047763572000,6047769012542,73729,5.44054,6047781188539,17.6165,1,37902,145918,0,0,1,0,0,0.019999,500,500,500,1,2.69176,3.54153,0.594874,0.325614,-0.0395584,-0.0164871,-7.24383e-05,-4.76782e-05,0.00056491,0.00713521,1,-0.00238403,0.0036221,-0.0036221,-0.00238403,1,1,-0.00378798,-0.00239946,0.000165886,1.54285e-05,0,0,0,0,0,0,0,0,0,0,0,0,0,0,0,0,0,0,0,0,0,0,0,255,0.22,7.47105,0.22,-0.00301251,-0.0017279,1,1,1,1,0,1,1,-0.190848,-3.12507,0.105228,-0.002465,0.0062979,0.00764964,30.68,36523,1,367,133.62,9131,0,0.000884653,0.00318005,0.0466737,0,0,0,1,500,0.225,-6.14852e-05,-4.04431e-05,-9.09969e-06,1.38342e-05,-6.00123e-06,1.54322e-05,0.52405,0.0610656,0.0046893,0.00935846,-0.210889,4.81906e-05,6.94281e-05,-0.000558636,12.4996,1,0,0,0,0,0,-1,1,-9.04617e-07,-3.41771e-06,-0.210734,0,30.9482,1,1010,1010,1010,1010,0,0,0,0,30.9529,56,-0.00639513,-0.0015148,56,-0.000675793,-0.000705087,56,-0.00454773,-0.0031887,56,-0.00476564,-0.00148228,56,0.00149062,-0.00126797,56,-0.00251241,-0.00350832,56,-0.0022468,-0.00306082,56,-0.00487438,-0.00148033,52,-0.00477157,-0.00478144
6047781776228,6047771594000,6047771594000,6047781762876,73729,10.1689,6047794485265,22.8913,0,37902,145919,0,0,1,0,0,0.008022,500,500,500,1,2.6938,3.56925,0.601319,0.320891,0.00746155,-0.00119019,2.25921e-05,1.32424e-05,0.00365305,-0.0117283,1,0.00165075,-0.00281627,0.00281627,0.00165075,1,1,0.00216278,0.00177451,0.000653497,-0.000123759,0,0,0,0,0,0,0,0,0,0,0,0,0,0,0,0,0,0,0,0,0,0,0,255,0.22,-0.039463,0.22,0.00178,-0.000428272,1,1,1,1,1,1,1,-0.190848,-3.12507,0.105228,-0.002465,0.0062979,0.00764964,43.9704,36523,1,367,146.91,9131,0,0.000884653,0.00318005,0.0466737,0,0,0,1,500,0.225,1.91439e-05,1.12063e-05,2.52142e-06,-4.30739e-06,1.56309e-06,-4.73983e-06,0.524052,0.0610609,0.00468881,0.00934684,-0.210999,0.000693726,-0.000556915,-0.00179761,11.5614,2,0,0,0,0,0,-1,1,-9.04617e-07,-3.41771e-06,-0.210948,0,0.237705,1,1010,1010,1010,1010,0,0,0,0,0.241502,56,-0.00707081,0.00560744,56,-0.00542678,0.00801349,56,0.00389011,-0.0019542,56,0.00237278,-0.00861589,56,0.0158163,-0.00385353,56,-0.00318087,0.00379747,56,0.000375487,-0.0024167,56,0.0112189,0.00384337,52,0.00196303,0.00608126
6047795075196,6047783572000,6047783572000,6047795061566,73729,11.4896,6047807131765,23.5598,0,37902,145920,0,0,1,0,0,0.011978,500,500,500,1,2.65515,3.88892,0.603449,0.32278,-0.0123749,-0.00994873,-3.50852e-05,-2.20757e-05,-0.002973,0.00120503,1,-0.00184302,0.00292914,-0.00292914,-0.00184302,1,1,-0.00369763,-0.0017102,0.000768492,-0.000132817,0,0,0,0,0,0,0,0,0,0,0,0,0,0,0,0,0,0,0,0,0,0,0,255,0.22,3.11802,0.22,-0.00240753,-0.00128832,1,1,1,1,0,1,1,-0.19105,-3.12509,0.105268,-0.00300005,0.00601022,0.00773066,12.6151,36524,1,367,159.564,9131,0,0.000884653,0.00318005,0.0466737,0,0,0,1,500,0.225,-2.97423e-05,-1.86825e-05,-4.20357e-06,6.69202e-06,-2.70834e-06,7.42381e-06,0.524049,0.0610683,0.00468881,0.00934684,-0.210999,0.000669362,-0.000597675,-0.00223108,24.2127,0,0,0,0,0,0,-1,1,-9.04617e-07,-3.41771e-06,-0.210948,0,12.879,1,1010,1010,1010,1010,0,0,0,0,12.8828,56,-0.00200632,0.00131555,56,-0.00469432,-0.0029234,56,-0.00201248,0.00237973,56,-0.00920553,-0.0060378,56,-0.00446673,-0.00431158,56,0.00112061,-0.0023006,56,0.000854308,0.00166978,56,-0.0045886,-0.000660363,52,-0.00206967,-0.00323503
6047807715547,6047799613000,6047799613000,6047807709047,73729,8.09605,6047820640993,21.028,1,37903,145921,0,0,1,0,0,0.016041,500,500,500,1,2.65043,3.78279,0.730079,0.348539,0.0157242,0.0163116,2.55041e-05,4.51679e-05,0.00148051,-0.00132559,1,0.00281578,-0.00158993,0.00158993,0.00281578,1,1,0.000907455,0.00285461,0.000682479,-3.88273e-05,0,0,0,0,0,0,0,0,0,0,0,0,0,0,0,0,0,0,0,0,0,0,0,255,0.22,5.4188,0.22,0.000948189,0.00233932,1,1,1,1,0,1,1,-0.19105,-3.12509,0.105268,-0.00300005,0.00601022,0.00773066,26.1602,36524,1,367,173.109,9131,0,0.000884653,0.00318005,0.0466737,0,0,0,1,500,0.225,2.16504e-05,3.82319e-05,8.60217e-06,-4.87135e-06,7.38999e-06,-6.56543e-06,0.524056,0.0610617,0.00469247,0.00934571,-0.211091,0.000568176,-0.000174723,-0.00200238,13.2263,2,0,0,0,0,0,-1,1,-9.04617e-07,-3.41771e-06,-0.210948,0,26.4498,1,1010,1010,1010,1010,0,0,0,0,26.4536,56,-0.00176174,0.00323332,56,-0.00171977,0.0144226,56,0.00281169,0.000429547,56,0.00434299,-0.00270507,56,-0.000155616,0.00131243,56,0.00516863,0.00199328,56,0.00299267,0.000133114,56,0.00553161,0.00351883,52,-0.000906438,0.00242315
6047821267979,6047811585000,6047811585000,6047821255053,73729,9.67005,6047833712552,22.1276,0,37903,145922,0,0,1,0,0,0.011972,500,500,500,1,2.671,3.49543,0.676412,0.324521,0.00605774,0.00468445,4.24261e-06,9.68821e-06,-0.00184572,-0.00449697,1,0.000809239,-0.000354378,0.000354378,0.000809239,1,1,1.05569e-05,0.000792998,0.000343821,1.62406e-05,0,0,0,0,0,0,0,0,0,0,0,0,0,0,0,0,0,0,0,0,0,0,0,255,0.22,9.02038,0.22,0.000259174,0.000486179,1,1,1,1,0,1,1,-0.19105,-3.12509,0.105268,-0.00300005,0.00601022,0.00773066,39.1936,36524,1,367,186.143,9131,0,0.000884653,0.00318005,0.0466737,0,0,0,1,500,0.225,3.61516e-06,8.24863e-06,1.85594e-06,-8.1341e-07,1.64419e-06,-1.18421e-06,0.524058,0.0610605,0.00470144,0.00934263,-0.211104,0.00137885,7.30825e-05,-0.000134672,12.7819,1,0,0,0,0,0,-1,1,-9.04617e-07,-3.41771e-06,-0.210948,0,39.4586,1,1010,1010,1010,1010,0,0,0,0,39.4624,56,0.00826803,0.00253536,56,-0.00504751,-0.00133434,56,0.00312145,0.00214023,56,-0.00822324,-0.00135254,56,0.00882926,0.0028414,56,0.000112056,-0.00177618,56,0.00100014,0.00666456,56,-0.000784639,0.00220233,52,-0.00196756,-0.000747859
6047834299797,6047819594000,6047819594000,6047834286741,73729,14.6927,6047847305058,27.7111,0,37903,145923,0,0,1,0,0,0.008009,500,500,486,0.972,2.68554,3.77823,0.628838,0.315206,-0.0248642,0.0188751,-5.99022e-05,3.24015e-05,-0.00683134,-0.00184955,1,0.00404564,0.00747936,-0.00747936,0.00404564,1,1,-0.00734051,0.0040469,-0.000138849,-1.26533e-06,0,0,0,0,0,0,0,0,0,0,0,0,0,0,0,0,0,0,0,0,0,0,0,255,0.22,1.74823,0.22,-0.00631317,0.00280876,1,1,1,1,1,1,1,-0.19105,-3.12509,0.105268,-0.00300005,0.00601022,0.00773066,52.7833,36524,1,367,199.732,9131,0,0.000884653,0.00318005,0.0466737,0,0,0,1,486,0.225,-5.07383e-05,2.74558e-05,6.17757e-06,1.14161e-05,8.43314e-06,9.86774e-06,0.524066,0.0610704,0.00468378,0.00934192,-0.211143,0.000364448,-5.69399e-06,0.000791414,13.3208,2,0,0,0,0,0,-1,1,-9.04617e-07,-3.41771e-06,-0.211059,0,0.254484,1,1010,1010,1010,1010,0,0,0,0,0.258521,56,-0.011207,0.00586443,56,-0.0184354,0.0122174,56,-0.00207625,0.00490161,56,-0.00189294,0.00809177,56,-0.012417,0.00082334,56,-0.00221683,0.000946887,42,-0.00319423,0.00396475,56,-0.0234593,0.00418765,52,0.000228997,0.0112083
6047847923303,6047839607000,6047839607000,6047847915470,73729,8.30847,6047860740638,21.1336,1,37904,145924,0,0,1,0,0,0.020013,500,500,500,1,2.6607,3.69732,0.674653,0.346539,0.0259705,0.030777,2.69772e-05,9.49241e-05,-0.00298657,-0.00547973,1,0.00474312,-0.00134798,0.00134798,0.00474312,1,1,0.00150659,0.00475392,-0.000158605,-1.08001e-05,0,0,0,0,0,0,0,0,0,0,0,0,0,0,0,0,0,0,0,0,0,0,0,255,0.22,5.25574,0.22,0.000795577,0.00303824,1,1,1,1,0,1,1,-0.19123,-3.12514,0.105263,-0.00293485,0.00589157,0.00811689,13.4449,36525,1,367,213.192,9131,0,0.000884653,0.00318005,0.0466737,0,0,0,1,500,0.225,2.28908e-05,8.04102e-05,1.80923e-05,-5.15043e-06,1.66099e-05,-8.82785e-06,0.524083,0.0610616,0.00468138,0.00933901,-0.211162,8.76395e-05,-4.86003e-05,0.000641091,13.1875,1,0,0,0,0,0,-1,1,-9.04617e-07,-3.41771e-06,-0.211059,0,13.7197,1,1010,1010,1010,1010,0,0,0,0,13.7238,56,0.00225732,0.00354114,56,0.00201747,0.0125074,56,0.00448822,0.00372461,56,0.00164383,0.00526055,56,0.00497319,0.00178807,56,0.00374562,0.00227311,56,0.000289883,0.00179923,56,0.000585047,0.00366827,52,-0.0013074,0.00328828
6047861344975,6047851594000,6047851594000,6047861331901,73729,9.7379,6047874646924,23.0529,0,37904,145925,0,0,1,0,0,0.011987,500,500,474,0.948,2.68867,3.52367,0.65619,0.309095,-0.00868225,-0.00463867,-3.12448e-05,-1.14132e-05,0.000830114,-0.00339535,1,-0.000952135,0.00260655,-0.00260655,-0.000952135,1,1,-0.00250211,-0.000939591,-0.000104443,-1.25434e-05,0,0,0,0,0,0,0,0,0,0,0,0,0,0,0,0,0,0,0,0,0,0,0,255,0.22,8.44254,0.22,-0.00168787,-0.00127841,1,1,1,1,0,1,1,-0.19123,-3.12514,0.105263,-0.00293485,0.00589157,0.00811689,27.3296,36525,1,367,13.8655,9132,0,0.000884653,0.00317455,0.0455738,0,0,0,1,474,0.225,-2.64699e-05,-9.67874e-06,-2.17772e-06,5.95573e-06,-8.80645e-07,6.27975e-06,0.524082,0.0610679,0.00468518,0.00934309,-0.211173,0.00051685,-5.64454e-05,0.000789476,13.6423,1,0,0,0,0,0,-1,1,-9.04617e-07,-3.41771e-06,-0.211059,0,27.5901,1,1010,1010,1010,1010,0,0,0,0,27.5941,56,0.00502311,-0.00443978,56,-0.0102821,-0.0010098,56,0.00162346,-0.00136611,56,-0.00198769,-0.00242647,56,-0.00742193,0.00204691,56,-0.00438879,0.0017495,56,0.00444552,-0.000601076,56,-0.0035899,-0.000609383,26,0.00372486,0.00155664
6047875223780,6047859601000,6047859601000,6047875210836,73729,15.6098,6047887326647,27.7256,0,37904,145926,0,0,1,0,0,0.008007,500,500,500,1,2.65772,3.81814,0.66519,0.321872,-0.00497437,0.00994873,-1.44062e-05,1.03902e-05,-0.00415969,0.00315817,1,0.00129764,0.0017992,-0.0017992,0.00129764,1,1,-0.00193393,0.00122874,0.000134732,6.8905e-05,0,0,0,0,0,0,0,0,0,0,0,0,0,0,0,0,0,0,0,0,0,0,0,255,0.22,2.12081,0.22,-0.00149667,0.00166996,1,1,1,1,0,1,1,-0.19123,-3.12514,0.105263,-0.00293485,0.00589157,0.00811689,40.014,36525,1,367,26.55,9132,0,0.000884653,0.00317455,0.0455738,0,0,0,1,500,0.225,-1.22343e-05,8.79126e-06,1.97803e-06,2.75271e-06,2.51124e-06,2.27677e-06,0.524085,0.0610701,0.00468138,0.00934117,-0.211232,0.00066894,0.000310073,5.01154e-05,12.4081,2,0,0,0,0,0,-1,1,-9.04617e-07,-3.41771e-06,-0.211059,0,40.282,1,1010,1010,1010,1010,0,0,0,0,40.2861,56,-0.000658105,0.011879,56,0.00909108,-0.00831997,56,-0.00215136,0.000950874,56,0.00579238,0.0104331,56,-0.00588266,-0.000949393,56,-0.00248461,0.00191644,56,-0.00145559,0.00427791,56,-0.0135696,0.0014205,52,-0.000150001,-0.00250863
6047887900003,6047879608000,6047879608000,6047887893169,73729,8.28517,6047901098729,21.4907,1,37905,145927,0,0,1,0,0,0.020007,500,500,453,0.906,2.65717,4.5314,0.67932,0.28978,-0.0223999,-0.00509644,-9.34127e-05,3.50173e-05,-0.00791571,-0.00712219,1,0.00175025,0.004669,-0.004669,0.00175025,1,1,-0.00497441,0.00171105,0.000305408,3.9202e-05,0,0,0,0,0,0,0,0,0,0,0,0,0,0,0,0,0,0,0,0,0,0,0,255,0.22,4.65624,0.22,-0.00282373,-0.000235288,1,1,1,1,1,1,1,-0.191382,-3.12519,0.105276,-0.00321644,0.0064435,0.00840203,3.84247,36526,1,367,40.3123,9132,0,0.000884653,0.00317455,0.0455738,0,0,0,1,453,0.225,-7.9107e-05,2.96582e-05,6.6731e-06,1.77991e-05,1.02584e-05,1.60032e-05,0.524095,0.0610861,0.0046741,0.009349,-0.211318,0.000131584,0.000176409,-0.000994201,3.62816,2,0,0,0,0,0,-1,1,-9.04617e-07,-3.41771e-06,-0.211215,0,4.10262,1,1010,1010,1010,1010,0,0,0,0,4.10662,56,-0.00532997,-0.00230951,56,-0.0112569,0.00901805,26,-0.00236992,-2.33459e-06,56,-0.00711066,-0.00295532,56,-0.00276847,0.00136788,43,0.000403146,0.00192928,56,-0.00280901,-0.00435735,56,-0.00150905,-0.00220313,48,-0.000729538,0.00355894
6047901697511,6047891581000,6047891581000,6047901684825,73729,10.1038,6047915362166,23.7812,0,37905,145928,0,0,1,0,0,0.011973,500,500,500,1,2.69769,3.6004,0.672394,0.326595,-0.0112991,0.0194397,-2.76407e-05,4.9975e-05,-0.00011011,0.000722587,1,0.00417397,0.00230859,-0.00230859,0.00417397,1,1,-0.00273344,0.00409163,0.000424855,8.23439e-05,0,0,0,0,0,0,0,0,0,0,0,0,0,0,0,0,0,0,0,0,0,0,0,255,0.22,8.21065,0.22,-0.00168462,0.00269649,1,1,1,1,0,1,1,-0.191382,-3.12519,0.105276,-0.00321644,0.0064435,0.00840203,18.1115,36526,1,367,54.581,9132,0,0.000884653,0.00317455,0.0455738,0,0,0,1,500,0.225,-2.34076e-05,4.23401e-05,9.52652e-06,5.26671e-06,1.04191e-05,3.15136e-06,0.524105,0.0610893,0.0046741,0.009349,-0.211318,0.000353815,0.000370548,-0.00124643,17.8781,0,0,0,0,0,0,-1,1,-9.04617e-07,-3.41771e-06,-0.211215,0,18.3777,1,1010,1010,1010,1010,0,0,0,0,18.3817,56,-0.00397566,0.00947985,56,-0.000329686,0.0115199,56,0.00223546,0.00195996,56,-0.00136024,-0.00178064,56,-0.00343344,0.000397424,56,-0.00109815,-0.00318536,56,-0.0006349,0.00649335,56,-0.0116309,0.00157981,52,0.000520686,0.00513422
6047915945763,6047899606000,6047899606000,6047915931929,73729,16.3259,6047927456180,27.8502,0,37905,145929,0,0,1,0,0,0.008025,500,500,481,0.962,2.63796,3.68951,0.59306,0.330688,0.00112915,-0.0281067,-3.40861e-06,-4.78243e-05,-0.00690223,-0.000985937,1,-0.00595941,0.000424748,-0.000424748,-0.00595941,1,1,-0.00104044,-0.00596785,0.000615695,8.4397e-06,0,0,0,0,0,0,0,0,0,0,0,0,0,0,0,0,0,0,0,0,0,0,0,255,0.22,2.26183,0.22,0.000794348,-0.00490623,1,1,1,1,0,1,1,-0.191382,-3.12519,0.105276,-0.00321644,0.0064435,0.00840203,30.2114,36526,1,367,66.681,9132,0,0.000884653,0.00317455,0.0455738,0,0,0,1,481,0.225,-2.85542e-06,-4.05125e-05,-9.1153e-06,6.42469e-07,-8.77717e-06,2.54068e-06,0.524097,0.0610918,0.00471171,0.00935116,-0.211395,0.00163945,3.79786e-05,-0.000904944,11.821,2,0,0,0,0,0,-1,1,-9.04617e-07,-3.41771e-06,-0.211215,0,30.4779,1,1010,1010,1010,1010,0,0,0,0,30.4819,56,0.0041274,-0.00482988,56,-0.0118371,-0.0167298,37,-0.00758217,0.000868744,56,-0.00504724,-0.00550646,56,0.000317913,-0.00851459,56,-0.000341275,0.00257482,56,0.0021056,-0.0134057,56,0.00356581,-0.00480135,52,0.00144584,-0.00964815
6047928051314,6047919603000,6047919603000,6047928044036,73729,8.44104,6047940645980,21.043,1,37906,145930,0,0,1,0,0,0.019997,500,500,500,1,2.64885,3.62918,0.672227,0.344632,-0.0137939,0.0186844,-3.23007e-05,3.81165e-05,0.00206017,0.000487976,1,0.00190611,0.00161528,-0.00161528,0.00190611,1,1,-0.00214346,0.00175926,0.000528179,0.00014685,0,0,0,0,0,0,0,0,0,0,0,0,0,0,0,0,0,0,0,0,0,0,0,255,0.22,4.2284,0.22,-0.00257141,0.00141365,1,1,1,1,0,1,1,-0.191382,-3.12519,0.105276,-0.00321644,0.0064435,0.00840203,43.3992,36526,1,367,79.8687,9132,0,0.000884653,0.00317455,0.0455738,0,0,0,1,500,0.225,-2.7396e-05,3.22547e-05,7.25731e-06,6.1641e-06,8.38927e-06,4.5037e-06,0.524105,0.0610963,0.00468716,0.00934766,-0.211438,0.000689332,0.000660825,-0.00134998,12.9288,1,0,0,0,0,0,-1,1,-9.04617e-07,-3.41771e-06,-0.211215,0,43.6709,1,1010,1010,1010,1010,0,0,0,0,43.6749,56,-0.00335375,0.0022667,56,-0.00544465,0.00601021,56,-0.000492673,0.00141061,56,-0.000720514,-0.00270102,56,-0.00108395,0.00716413,56,0.000872273,0.00159652,56,0.000599582,0.00151573,56,-0.00477135,-0.00182216,52,-0.000144792,0.00078232
6047941272522,6047931600000,6047931600000,6047941258799,73729,9.6588,6047955546607,23.9466,0,37906,145931,0,0,1,0,0,0.011997,500,500,500,1,2.71309,4.28475,0.654282,0.317928,0.012825,-0.016861,3.19547e-05,-2.36038e-05,0.0037605,-0.00385742,1,-0.00196748,-0.00266356,0.00266356,-0.00196748,1,1,0.002216,-0.00195008,0.000447555,-1.73973e-05,0,0,0,0,0,0,0,0,0,0,0,0,0,0,0,0,0,0,0,0,0,0,0,255,0.22,6.97838,0.22,0.000239922,-0.00242909,1,1,1,1,1,1,1,-0.191523,-3.12523,0.105361,-0.00332322,0.00585936,0.00859427,2.82909,36527,1,367,94.7596,9132,0,0.000884653,0.00317455,0.0455738,0,0,0,1,500,0.225,2.70998e-05,-1.99781e-05,-4.49506e-06,-6.09745e-06,-5.67516e-06,-5.01766e-06,0.524099,0.0610913,0.0047045,0.00934192,-0.211537,0.000407615,-7.82877e-05,-0.00128511,2.56124,3,0,0,0,0,0,-1,1,-9.04617e-07,-3.41771e-06,-0.21141,0,3.09552,1,1010,1010,1010,1010,0,0,0,0,13.59,56,-0.00210981,0.000459906,56,0.000991511,-0.00596675,56,0.0071864,-0.00268379,56,-7.61587e-05,0.000898372,56,0.00692945,-0.00588775,56,1.30776e-05,-0.00175727,56,0.00395206,0.00046321,56,0.00135739,-0.00530402,52,0.00298824,-0.00489738
6047956185390,6047939601000,6047939601000,6047956172149,73729,16.5711,6047969758007,30.157,0,37906,145932,0,0,1,0,0,0.008001,500,500,500,1,2.65285,3.79825,0.622041,0.318632,0.00631714,0.00363159,2.19227e-05,-4.87145e-06,0.00616787,-0.00381782,1,-0.000608856,-0.00273999,0.00273999,-0.000608856,1,1,0.00217998,-0.000577661,0.000560011,-3.11946e-05,0,0,0,0,0,0,0,0,0,0,0,0,0,0,0,0,0,0,0,0,0,0,0,255,0.22,1.91894,0.22,0.00117082,-0.000319162,1,1,1,1,0,1,1,-0.191523,-3.12523,0.105361,-0.00332322,0.00585936,0.00859427,17.0513,36527,1,367,108.982,9132,0,0.000884653,0.00317455,0.0455738,0,0,0,1,500,0.225,1.85469e-05,-4.08967e-06,-9.20177e-07,-4.17304e-06,-1.77598e-06,-3.88675e-06,0.524097,0.0610874,0.0047045,0.00934192,-0.211537,0.00113927,-0.000140376,-0.00110462,16.7699,0,0,0,0,0,0,-1,1,-9.04617e-07,-3.41771e-06,-0.21141,0,17.3217,1,1010,1010,1010,1010,0,0,0,0,27.8162,56,0.00385503,-0.0100164,56,0.0105753,-0.008649,56,-0.00246024,-0.000282878,56,-0.00708502,0.0094514,56,-0.00234652,0.00334666,56,-0.000393448,-0.00338566,56,0.00749823,0.00653433,56,0.00948872,0.00658126,52,0.00349841,-0.00118377
6047970315956,6047959600000,6047959600000,6047970310493,73729,10.7105,6047982846381,23.2464,1,37907,145933,0,0,1,0,0,0.019999,500,500,500,1,2.70256,3.54812,0.587394,0.319039,0.0222168,0.0210114,4.28897e-05,3.46887e-05,-0.000912108,0.000764261,1,0.00173452,-0.00214459,0.00214459,0.00173452,1,1,0.00201224,0.00162369,0.000132348,0.000110836,0,0,0,0,0,0,0,0,0,0,0,0,0,0,0,0,0,0,0,0,0,0,0,255,0.22,5.91815,0.22,0.00171998,0.00169324,1,1,1,1,0,1,1,-0.191523,-3.12523,0.105361,-0.00332322,0.00585936,0.00859427,30.1339,36527,1,367,122.064,9132,0,0.000884653,0.00317455,0.0455738,0,0,0,1,500,0.225,3.63503e-05,2.93893e-05,6.61259e-06,-8.17882e-06,4.74726e-06,-9.38472e-06,0.524102,0.061078,0.00468981,0.00935225,-0.211544,0.000667091,0.000498762,5.72185e-05,12.8285,1,0,0,0,0,0,-1,1,-9.04617e-07,-3.41771e-06,-0.21141,0,30.4068,1,1010,1010,1010,1010,0,0,0,0,40.9012,56,-0.0060936,0.00160393,56,0.00346159,0.00243861,56,0.00182074,0.00337479,56,0.00792654,0.0040233,56,0.0053592,-0.00111611,56,0.000155097,0.00158891,56,0.000984516,0.000281959,56,-0.00126085,0.00374232,52,0.000786372,0.00173768
6047983423700,6047971619000,6047971619000,6047983411792,73729,11.7928,6047996837168,25.2182,0,37907,145934,0,0,1,0,0,0.012019,500,500,500,1,2.64798,3.41839,0.605671,0.319539,0.00979614,-0.00960541,4.4756e-06,-4.20761e-06,-0.00278407,-0.0092972,1,-0.00035008,-0.000372377,0.000372377,-0.00035008,1,1,0.000811342,-0.000221515,-0.000438965,-0.000128565,0,0,0,0,0,0,0,0,0,0,0,0,0,0,0,0,0,0,0,0,0,0,0,255,0.22,7.72293,0.22,-3.49884e-07,-0.00129196,1,1,1,1,0,1,1,-0.191639,-3.12529,0.105422,-0.00336097,0.00623774,0.00887806,0.076908,36528,1,367,136.049,9132,0,0.000884653,0.00317455,0.0455738,0,0,0,1,500,0.225,3.85259e-06,-3.56026e-06,-8.01057e-07,-8.66833e-07,-9.65229e-07,-6.79274e-07,0.524101,0.0610774,0.00468268,0.00933548,-0.211572,-4.99639e-05,-0.000578542,0.0015403,13.6782,2,0,0,0,0,0,-1,1,-9.04617e-07,-3.41771e-06,-0.211489,0,0.353225,1,1010,1010,1010,1010,0,0,0,0,0.35704,56,0.00542808,0.00395451,56,-0.00611845,0.00108665,56,0.00467913,-0.00383304,56,-0.00356079,-0.00321276,56,0.00347382,0.00073629,56,0.00204276,0.0039506,56,0.00073475,-0.000176261,56,-0.000155088,-0.00879812,52,-0.000972698,0.00168737
6047997458284,6047991581000,6047991581000,6047997449913,73729,5.86891,6048011517423,19.9364,1,37908,145935,0,0,1,0,0,0.019962,500,500,500,1,2.94178,4.77483,0.606708,0.326724,-0.00704193,0.0082016,-5.30243e-05,2.85304e-05,-0.00181574,0.00149392,1,0.00142924,0.00265626,-0.00265626,0.00142924,1,1,-0.00227466,0.00151331,-0.000381606,-8.40744e-05,0,0,0,0,0,0,0,0,0,0,0,0,0,0,0,0,0,0,0,0,0,0,0,255,0.22,2.62759,0.22,-0.00148182,0.00154663,1,1,1,1,1,1,1,-0.191639,-3.12529,0.105422,-0.00336097,0.00623774,0.00887806,14.764,36528,1,367,150.736,9132,0,0.000884653,0.00317455,0.0455738,0,0,0,1,500,0.225,-4.48989e-05,2.41361e-05,5.43062e-06,1.01022e-05,7.43133e-06,8.73626e-06,0.524109,0.0610861,0.00469495,0.00932554,-0.211593,0.000476343,-0.000378335,0.00175486,14.5267,1,0,0,0,0,0,-1,1,-9.04617e-07,-3.41771e-06,-0.211489,0,15.0468,1,1010,1010,1010,1010,0,0,0,0,15.0506,56,0.0038538,0.00193282,56,-0.00691382,0.0059446,56,0.00117021,4.97823e-05,56,-0.000353853,0.00180627,56,-0.00854233,-0.000580957,56,-0.000567209,-0.00119567,56,3.0715e-05,0.00135405,56,-0.00375702,-0.00223175,52,0.000858591,-0.000578976
6048012179132,6047999616000,6047999616000,6048012166539,73729,12.5505,6048023571567,23.9556,0,37908,145936,0,0,1,0,0,0.008035,500,500,500,1,2.64446,3.53821,0.610615,0.352336,0.010704,-0.0169678,2.89167e-05,-2.78802e-05,-0.00258462,-0.000740561,1,-0.00346984,-0.00359885,0.00359885,-0.00346984,1,1,0.00346957,-0.00355124,0.000129276,8.13946e-05,0,0,0,0,0,0,0,0,0,0,0,0,0,0,0,0,0,0,0,0,0,0,0,255,0.22,5.57315,0.22,0.00149245,-0.00233471,1,1,1,1,0,1,1,-0.191639,-3.12529,0.105422,-0.00336097,0.00623774,0.00887806,26.8202,36528,1,367,162.792,9132,0,0.000884653,0.00317455,0.0455738,0,0,0,1,500,0.225,2.44715e-05,-2.36106e-05,-5.31238e-06,-5.50609e-06,-6.35057e-06,-4.2671e-06,0.524102,0.0610818,0.00469241,0.00934586,-0.211662,0.000894645,0.000366276,0.000250322,11.7721,2,0,0,0,0,0,-1,1,-9.04617e-07,-3.41771e-06,-0.211489,0,27.0912,1,1010,1010,1010,1010,0,0,0,0,27.095,56,0.0030243,-3.94342e-05,56,0.00669044,-0.0154871,56,-0.00355923,-0.000631381,56,-0.00650488,-0.00756029,56,0.00539156,-0.00601449,56,-0.000524102,-0.00302153,56,0.00514528,-0.00314308,56,0.00273991,-0.00362909,52,0.00409372,-0.00489077
6048024166071,6048011616000,6048011616000,6048024153534,73729,12.5375,6048036880479,25.2645,0,37908,145937,0,0,1,0,0,0.012,500,500,475,0.95,2.63932,3.62403,0.736246,0.310021,0.00320435,0.00109863,2.66983e-06,6.5263e-06,-0.00134507,0.00502629,1,0.000543858,-0.000222486,0.000222486,0.000543858,1,1,1.4481e-05,0.000354524,0.000208005,0.000189334,0,0,0,0,0,0,0,0,0,0,0,0,0,0,0,0,0,0,0,0,0,0,0,255,0.22,9.0362,0.22,-0.000440008,0.000927215,1,1,1,1,0,1,1,-0.191639,-3.12529,0.105422,-0.00336097,0.00623774,0.00887806,40.1269,36528,1,367,176.099,9132,0,0.000884653,0.00317455,0.0455738,0,0,0,1,475,0.225,2.27657e-06,5.50107e-06,1.23774e-06,-5.12229e-07,1.1024e-06,-7.60851e-07,0.524103,0.0610811,0.00467197,0.00934761,-0.211702,-0.000511516,0.000852003,-0.00115803,13.0494,1,0,0,0,0,0,-1,1,-9.04617e-07,-3.41771e-06,-0.211489,0,40.3908,1,1010,1010,1010,1010,0,0,0,0,40.3946,56,0.000844142,-0.00321156,56,-0.00246045,-0.00520925,56,-0.000384584,-0.0021224,56,0.0082042,0.00653509,56,0.0109577,0.00290791,56,-0.00242985,0.00051251,31,-0.00854003,-0.00290327,56,0.000545283,-0.00266139,52,-0.00382452,0.00310711
6048037458761,6048027605000,6048027605000,6048037451575,73729,9.84657,6048050778228,23.1732,1,37909,145938,0,0,1,0,0,0.015989,500,500,500,1,2.68391,4.04064,0.598634,0.320373,-0.011673,0.0254059,2.65052e-06,4.46026e-05,0.00285549,-4.07828e-05,1,0.00278958,-0.000165772,0.000165772,0.00278958,1,1,-0.000188733,0.00279581,0.000354504,-6.23024e-06,0,0,0,0,0,0,0,0,0,0,0,0,0,0,0,0,0,0,0,0,0,0,0,255,0.22,2.04055,0.22,-0.00130076,0.00138891,1,1,1,1,0,1,1,-0.191746,-3.12533,0.10549,-0.00356519,0.00626426,0.00935227,3.52938,36529,1,367,189.991,9132,0,0.000884653,0.00317455,0.0455738,0,0,0,1,500,0.225,2.18081e-06,3.7772e-05,8.49869e-06,-4.90682e-07,8.20531e-06,-2.26598e-06,0.524112,0.0610788,0.00468189,0.00933651,-0.21177,5.92404e-05,-2.80361e-05,-0.00122882,3.30395,2,0,0,0,0,0,-1,1,-9.04617e-07,-3.41771e-06,-0.211667,0,3.79245,1,1010,1010,1010,1010,0,0,0,0,3.79686,56,-0.00684809,0.00411853,56,0.00341909,0.00530949,56,0.000900392,0.00538684,56,-0.00173085,0.000175243,56,0.000931589,0.00215122,56,-0.00217668,0.000361912,56,-0.00131389,0.0044826,56,-0.00365345,0.00371187,52,0.00126343,-0.000470269
6048051342473,6048039597000,6048039597000,6048051329584,73729,11.7326,6048063421339,23.8243,0,37909,145939,0,0,1,0,0,0.011992,500,500,444,0.888,2.66185,3.52084,0.589023,0.286577,-0.0217285,-0.0179901,-1.73555e-05,-5.02935e-05,0.0051494,0.00690528,1,-0.00419392,0.00144726,-0.00144726,-0.00419392,1,1,-0.00212168,-0.00404417,0.000674418,-0.000149748,0,0,0,0,0,0,0,0,0,0,0,0,0,0,0,0,0,0,0,0,0,0,0,255,0.22,5.79719,0.22,-0.00170167,-0.00305595,1,1,1,1,1,1,1,-0.191746,-3.12533,0.10549,-0.00356519,0.00626426,0.00935227,16.1786,36529,1,367,12.6244,9133,0,0.000884653,0.00323341,0.0454768,0,0,0,1,444,0.225,-1.47838e-05,-4.2638e-05,-9.59356e-06,3.32635e-06,-8.67933e-06,5.26869e-06,0.524103,0.0610841,0.00469703,0.00933148,-0.211808,0.00155617,-0.000673865,-0.00118297,10.954,1,0,0,0,0,0,-1,1,-9.04617e-07,-3.41771e-06,-0.211667,0,16.4318,1,1010,1010,1010,1010,0,0,0,0,16.4362,56,-0.00553709,-0.00491164,56,-0.00425875,-0.00933712,11,-0.00476518,-0.00460622,56,-0.00145764,-0.00329527,56,-0.000645548,-0.00128725,45,-0.0101397,0.000898081,56,0.000231158,-0.00185294,56,0.00279787,-0.00577656,52,-0.00376979,-0.00683891
6048064050658,6048047648000,6048047648000,6048064038566,73729,16.3906,6048076745195,29.0972,0,37909,145940,0,0,1,0,0,0.008051,500,500,500,1,2.65304,3.41247,0.621486,0.352225,-0.0107117,-0.014267,-1.87641e-05,-1.32654e-05,-0.000194747,-0.00445853,1,-0.00164768,0.00233065,-0.00233065,-0.00164768,1,1,-0.00322831,-0.00156071,0.000897658,-8.69674e-05,0,0,0,0,0,0,0,0,0,0,0,0,0,0,0,0,0,0,0,0,0,0,0,255,0.22,7.32133,0.22,-0.00138782,-0.00260955,1,1,1,1,0,1,1,-0.191746,-3.12533,0.10549,-0.00356519,0.00626426,0.00935227,29.5019,36529,1,367,25.9477,9133,0,0.000884653,0.00323341,0.0454768,0,0,0,1,500,0.225,-1.58578e-05,-1.11982e-05,-2.51958e-06,3.568e-06,-1.71283e-06,4.0179e-06,0.524101,0.0610881,0.00471577,0.00932761,-0.211834,0.00237531,-0.000391353,-0.00133132,13.059,1,0,0,0,0,0,-1,1,-9.04617e-07,-3.41771e-06,-0.211667,0,29.7697,1,1010,1010,1010,1010,0,0,0,0,29.7741,56,0.0147863,0.00106088,56,-0.00795511,-0.0117426,56,-0.00416372,-0.00545286,56,-0.000150417,-0.00258873,56,-0.00515369,-0.00676364,56,-0.00249686,0.00382884,56,-0.010437,-0.00926595,56,-0.00308021,-0.001656,52,0.00636456,0.00914708
6048077327792,6048067618000,6048067618000,6048077320515,73729,9.70252,6048090439536,22.8215,1,37910,145941,0,0,1,0,0,0.01997,500,500,500,1,2.68109,3.81729,0.659505,0.321317,0.0158234,0.00436401,3.87343e-05,3.50983e-05,-0.00213781,-0.00238108,1,0.00175755,-0.00193963,0.00193963,0.00175755,1,1,0.00143081,0.001895,0.000508816,-0.000137451,0,0,0,0,0,0,0,0,0,0,0,0,0,0,0,0,0,0,0,0,0,0,0,255,0.22,1.34682,0.22,0.000365059,0.00140522,1,1,1,1,0,1,1,-0.191746,-3.12533,0.10549,-0.00356519,0.00626426,0.00935227,43.2205,36529,1,367,39.666,9133,0,0.000884653,0.00323341,0.0454768,0,0,0,1,500,0.225,3.28534e-05,2.97233e-05,6.68775e-06,-7.39202e-06,4.98319e-06,-8.63286e-06,0.524106,0.0610795,0.00470869,0.00932057,-0.211868,0.00116414,-0.000618529,-0.000900421,13.4547,1,0,0,0,0,0,-1,1,-9.04617e-07,-3.41771e-06,-0.211667,0,43.4851,1,1010,1010,1010,1010,0,0,0,0,43.4895,56,0.00132928,0.00202578,56,0.00227854,0.00734612,56,0.000583717,0.00176944,56,-0.000855249,0.00200252,56,0.00237917,0.000600447,56,0.00533765,-0.0004468,56,0.00101939,-0.00115136,56,0.000123242,-0.000104627,52,0.0016435,6.03771e-06
6048091064911,6048079596000,6048079596000,6048091052930,73729,11.4569,6048106344800,26.7488,0,37910,145942,0,0,1,0,0,0.011978,500,500,500,1,2.67024,4.63344,0.746821,0.321762,0.00935364,0.00695038,9.4293e-06,2.95416e-05,-7.44797e-05,-0.0094085,1,0.00246633,-0.000787219,0.000787219,0.00246633,1,1,0.000771036,0.00244525,1.61824e-05,2.10785e-05,0,0,0,0,0,0,0,0,0,0,0,0,0,0,0,0,0,0,0,0,0,0,0,255,0.22,4.93504,0.22,-0.00126522,0.00161087,1,1,1,1,0,1,1,-0.191839,-3.1254,0.105547,-0.00322242,0.00618592,0.00948641,8.86036,36530,1,367,55.5612,9133,0,0.000884653,0.00323341,0.0454768,0,0,0,1,500,0.225,7.98856e-06,2.50515e-05,5.63658e-06,-1.79743e-06,5.13214e-06,-2.94265e-06,0.524111,0.0610765,0.00472323,0.00932462,-0.211908,0.000931656,9.48535e-05,0.000687068,8.59503,2,0,0,0,0,0,-1,1,-9.04617e-07,-3.41771e-06,-0.211804,0,9.16983,1,1010,1010,1010,1010,0,0,0,0,9.17403,56,0.00116539,0.00273576,56,-0.000125857,-0.00104918,56,0.0018799,0.00228761,56,0.000858525,-0.00136509,56,0.0115095,0.00726043,56,0.0021216,0.00371177,56,0.00364897,0.00587012,56,-0.00185399,0.00168643,52,-0.00131922,-0.00284676
6048106987657,6048087613000,6048087613000,6048106975953,73729,19.363,6048120291254,32.6783,0,37910,145943,0,0,1,0,0,0.008017,500,500,500,1,2.67685,4.975,0.688228,0.319225,0.0047226,0.00636292,-2.07492e-05,2.38125e-05,-0.00564388,-0.00939035,1,0.00297025,0.00258815,-0.00258815,0.00297025,1,1,-0.00231151,0.00289426,-0.000276638,7.59886e-05,0,0,0,0,0,0,0,0,0,0,0,0,0,0,0,0,0,0,0,0,0,0,0,255,0.22,0.5648,0.22,-0.00138634,0.00152158,1,1,1,1,1,1,1,-0.191839,-3.1254,0.105547,-0.00322242,0.00618592,0.00948641,22.8121,36530,1,367,69.5129,9133,0,0.000884653,0.00323341,0.0454768,0,0,0,1,500,0.225,-1.7532e-05,2.01685e-05,4.53792e-06,3.94471e-06,5.26608e-06,2.90194e-06,0.524117,0.0610794,0.00471912,0.00933043,-0.211918,0.000684169,0.000341949,0.00154323,13.6834,1,0,0,0,0,0,-1,1,-9.04617e-07,-3.41771e-06,-0.211804,0,23.0809,1,1010,1010,1010,1010,0,0,0,0,23.0851,56,0.00528472,-0.000492936,56,-0.0165,0.0107266,56,0.00845184,0.0011184,56,0.000820912,-0.00100795,56,-0.00973402,-0.0115978,56,0.00691529,0.00361055,56,-0.00316653,0.0036509,56,-0.00807186,0.00182505,52,0.00767987,0.0095811
6048120954518,6048107617000,6048107617000,6048120944462,73729,13.3275,6048133812186,26.1952,1,37911,145944,0,0,1,0,0,0.020004,500,500,500,1,2.68928,3.68055,0.600542,0.321169,-0.00270081,0.0150528,2.74139e-05,1.84716e-05,0.00172958,0.0012697,1,0.000923395,-0.00137042,0.00137042,0.000923395,1,1,0.0016119,0.00086729,-0.000241481,5.61058e-05,0,0,0,0,0,0,0,0,0,0,0,0,0,0,0,0,0,0,0,0,0,0,0,255,0.22,4.38401,0.22,-0.000938381,0.000529146,1,1,1,1,0,1,1,-0.191839,-3.1254,0.105547,-0.00322242,0.00618592,0.00948641,36.3129,36530,1,367,83.0137,9133,0,0.000884653,0.00323341,0.0454768,0,0,0,1,500,0.225,2.31728e-05,1.56427e-05,3.5196e-06,-5.21388e-06,2.34371e-06,-5.83746e-06,0.524119,0.0610736,0.00471389,0.00933051,-0.211941,0.000523141,0.000252476,0.00128784,13.2567,1,0,0,0,0,0,-1,1,-9.04617e-07,-3.41771e-06,-0.211804,0,36.5833,1,1010,1010,1010,1010,0,0,0,0,36.5875,56,-0.00314859,0.000296501,56,0.00909714,-0.00126971,56,7.74945e-05,0.00196582,56,0.00429894,0.00198254,56,0.000123686,0.00383261,56,-0.00186364,-9.29587e-05,56,-0.00361879,0.00282223,56,0.00272938,0.00112693,52,-0.000577138,-0.000482638
6048134388431,6048119596000,6048119596000,6048134377875,73729,14.7819,6048150130509,30.5345,0,37911,145945,0,0,1,0,0,0.011979,500,500,500,1,2.701,3.6036,0.628468,0.321132,-0.0213699,-0.000930786,-4.34377e-05,-6.97313e-07,0.00187056,-0.00462256,1,-5.82113e-05,0.00362615,-0.00362615,-5.82113e-05,1,1,-0.00393114,-9.31706e-05,0.00030499,3.49592e-05,0,0,0,0,0,0,0,0,0,0,0,0,0,0,0,0,0,0,0,0,0,0,0,255,0.22,7.14631,0.22,-0.00324681,-0.000721099,1,1,1,1,0,1,1,-0.191918,-3.12545,0.105691,-0.00366333,0.0062478,0.00946644,2.56478,36531,1,367,99.3207,9133,0,0.000884653,0.00323341,0.0454768,0,0,0,1,500,0.225,-3.67337e-05,-5.6442e-07,-1.26994e-07,8.26507e-06,1.61572e-06,8.1065e-06,0.524121,0.0610817,0.00471776,0.00933568,-0.212053,0.000454991,0.000157317,-0.00073397,2.34383,3,0,0,0,0,0,-1,1,-9.04617e-07,-3.41771e-06,-0.211949,0,2.83074,1,1010,1010,1010,1010,0,0,0,0,2.83506,56,0.00207841,0.00396135,56,-0.0261755,0.00327589,56,0.00125051,-0.00473476,56,-0.00423714,-0.00260436,56,-0.00200539,-0.00107037,56,0.000163146,0.0026475,56,-0.00138809,-0.00556279,56,-0.0100782,0.000664466,52,0.000623515,0.00498368
6048150664550,6048139598000,6048139598000,6048150658994,73729,11.061,6048163153030,23.555,1,37912,145946,0,0,1,0,0,0.020002,500,500,489,0.978,2.68806,3.60353,0.68756,0.315854,0.00906372,0.0135498,3.79228e-05,-1.36234e-05,-0.00128823,0.00593405,1,-0.000681101,-0.00189595,0.00189595,-0.000681101,1,1,0.00129816,-0.000756205,0.000597795,7.51036e-05,0,0,0,0,0,0,0,0,0,0,0,0,0,0,0,0,0,0,0,0,0,0,0,255,0.22,3.68253,0.22,0.00107572,0.000362806,1,1,1,1,0,1,1,-0.191918,-3.12545,0.105691,-0.00366333,0.0062478,0.00946644,15.5973,36531,1,367,112.353,9133,0,0.000884653,0.00323341,0.0454768,0,0,0,1,489,0.225,3.20384e-05,-1.15728e-05,-2.60388e-06,-7.20864e-06,-4.06292e-06,-6.49902e-06,0.524117,0.0610752,0.00471776,0.00933568,-0.212053,0.000884924,0.000337966,-0.00144412,15.3668,0,0,0,0,0,0,-1,1,-9.04617e-07,-3.41771e-06,-0.211949,0,15.8609,1,1010,1010,1010,1010,0,0,0,0,15.8652,56,-0.00369765,0.0014561,56,0.00859808,0.000294626,56,-0.000981857,0.00249429,56,-0.00152874,0.000518805,56,0.00328899,0.00174844,56,-0.00190202,0.00312248,45,0.000811474,0.00222355,56,0.00167666,-0.00364654,52,0.000355807,-0.0032487
6048163729478,6048147618000,6048147618000,6048163716812,73729,16.0988,6048175407286,27.7893,0,37912,145947,0,0,1,0,0,0.00802,500,500,500,1,2.65163,3.54434,0.609672,0.329743,0.00839233,-0.00769043,1.4722e-05,-1.78493e-05,0.00398504,0.00450461,1,-0.0022256,-0.00183566,0.00183566,-0.0022256,1,1,0.00112167,-0.00216654,0.000713992,-5.90673e-05,0,0,0,0,0,0,0,0,0,0,0,0,0,0,0,0,0,0,0,0,0,0,0,255,0.22,5.90886,0.22,0.000748193,-0.00223231,1,1,1,1,1,1,1,-0.191918,-3.12545,0.105691,-0.00366333,0.0062478,0.00946644,27.8531,36531,1,367,124.609,9133,0,0.000884653,0.00323341,0.0454768,0,0,0,1,500,0.225,1.2486e-05,-1.5086e-05,-3.39436e-06,-2.80936e-06,-3.90973e-06,-2.0317e-06,0.524113,0.0610732,0.00472597,0.00932098,-0.21213,0.000924469,-0.000265803,-0.00183079,11.9747,2,0,0,0,0,0,-1,1,-9.04617e-07,-3.41771e-06,-0.211949,0,28.1212,1,1010,1010,1010,1010,0,0,0,0,28.1255,56,0.00705926,-0.010118,56,0.00992418,-0.0172379,56,0.00292215,-0.00150169,56,-0.00203869,0.00222387,56,-0.000465084,-0.00636438,56,0.000831499,-0.00754297,56,0.00671286,0.0021877,56,-0.0023943,0.00104191,52,0.00250826,-0.000683772
6048176056235,6048167618000,6048167618000,6048176049309,73729,8.43131,6048189153201,21.5352,1,37913,145948,0,0,1,0,0,0.02,500,500,496,0.992,2.64978,3.89795,0.656431,0.317947,0.0164185,-0.024292,3.97933e-05,-2.95175e-05,-0.00147383,-0.00591443,1,-0.00147588,-0.00198966,0.00198966,-0.00147588,1,1,0.00124834,-0.0013953,0.000741329,-8.05783e-05,0,0,0,0,0,0,0,0,0,0,0,0,0,0,0,0,0,0,0,0,0,0,0,255,0.22,8.79417,0.22,0.00058248,-0.00188371,1,1,1,1,0,1,1,-0.191918,-3.12545,0.105691,-0.00366333,0.0062478,0.00946644,41.6052,36531,1,367,138.361,9133,0,0.000884653,0.00323341,0.0454768,0,0,0,1,496,0.225,3.37732e-05,-2.50023e-05,-5.62551e-06,-7.59896e-06,-7.09963e-06,-6.24385e-06,0.524106,0.0610669,0.00473354,0.00932172,-0.212168,0.0011947,-0.000362602,-0.00171303,13.5086,1,0,0,0,0,0,-1,1,-9.04617e-07,-3.41771e-06,-0.211949,0,41.8772,1,1010,1010,1010,1010,0,0,0,0,41.8815,56,0.00635629,-0.00219922,56,-0.00580905,-0.00184228,56,0.00229115,-0.00212177,56,-0.00178044,-0.00587362,56,0.00294595,-0.00301623,56,0.00286734,-0.00155658,56,0.00133435,-0.00102387,56,0.00495248,0.00247325,48,-0.000534101,-0.00224393
6048189741687,6048179594000,6048179594000,6048189729390,73729,10.1354,6048206732311,27.1383,0,37913,145949,0,0,1,0,0,0.011976,500,500,500,1,2.70389,6.54747,0.611727,0.320058,-0.00310516,-0.00714111,-3.41133e-05,-1.50902e-05,-0.0023468,0.0042191,1,-0.00126004,0.00284847,-0.00284847,-0.00126004,1,1,-0.00301101,-0.00136745,0.000162543,0.000107414,0,0,0,0,0,0,0,0,0,0,0,0,0,0,0,0,0,0,0,0,0,0,0,255,0.22,2.17602,0.22,-0.00161169,-0.000711054,1,1,1,1,0,1,1,-0.191988,-3.12551,0.105776,-0.00279097,0.00638014,0.00973819,8.94155,36532,1,367,155.932,9133,0,0.000884653,0.00323341,0.0454768,0,0,0,1,500,0.225,-2.88709e-05,-1.2809e-05,-2.88203e-06,6.49596e-06,-1.44866e-06,6.95713e-06,0.524104,0.0610739,0.00471753,0.00933368,-0.212231,0.000386414,0.000483365,-0.000276025,8.70953,2,0,0,0,0,0,-1,1,-9.04617e-07,-3.41771e-06,-0.212127,0,9.20825,1,1010,1010,1010,1010,0,0,0,0,9.21259,56,-0.000689698,0.000982436,56,-0.0128497,0.00798053,56,0.00447148,-0.0031389,56,0.000722409,-0.00588906,56,-0.000471666,-0.00320893,56,0.00400472,0.00100746,56,-0.00312875,-0.0063634,56,-0.00370041,-0.00240159,52,0.00283823,-0.000658104
6048207286130,6048199599000,6048199599000,6048207281018,73729,7.68202,6048219917518,20.3185,1,37914,145950,0,0,1,0,0,0.020005,500,500,471,0.942,2.6753,3.88766,0.698228,0.306724,-0.0287476,0.038559,-5.37408e-05,9.92781e-05,-0.00599033,-0.00531168,1,0.00496266,0.00268637,-0.00268637,0.00496266,1,1,-0.00227683,0.00488827,-0.000409536,7.43902e-05,0,0,0,0,0,0,0,0,0,0,0,0,0,0,0,0,0,0,0,0,0,0,0,255,0.22,-0.560615,0.22,-0.00253551,0.00312206,1,1,1,1,0,1,1,-0.191988,-3.12551,0.105776,-0.00279097,0.00638014,0.00973819,22.1413,36532,1,367,169.132,9133,0,0.000884653,0.00323341,0.0454768,0,0,0,1,471,0.225,-4.55659e-05,8.41053e-05,1.89237e-05,1.02523e-05,2.06583e-05,6.03601e-06,0.524125,0.0610799,0.00470978,0.00932932,-0.212238,-0.000371422,0.000334756,0.00117719,12.9548,1,0,0,0,0,0,-1,1,-9.04617e-07,-3.41771e-06,-0.212127,0,22.4226,1,1010,1010,1010,1010,0,0,0,0,22.4269,56,-0.00793374,0.00404818,56,-0.00164397,0.00404739,56,-0.00143126,0.00751268,56,0.00237006,0.00418105,56,-0.00290836,0.00301856,55,-0.00399285,0.0030031,43,-0.00585278,0.00303548,56,-0.00540374,0.00484159,37,0.000959368,0.00501904
6048220520948,6048207613000,6048207613000,6048220511096,73729,12.8981,6048231831846,24.2188,0,37914,145951,0,0,1,0,0,0.008014,500,500,487,0.974,2.71374,3.48043,0.628171,0.306188,-0.00604248,0.0250244,1.9233e-05,1.21513e-05,0.0145736,0.0110501,1,0.00151626,-0.00239992,0.00239992,0.00151626,1,1,0.00300544,0.00153889,-0.000605519,-2.26333e-05,0,0,0,0,0,0,0,0,0,0,0,0,0,0,0,0,0,0,0,0,0,0,0,255,0.22,2.51415,0.22,-0.000560612,0.00272191,1,1,1,1,1,1,1,-0.191988,-3.12551,0.105776,-0.00279097,0.00638014,0.00973819,34.0426,36532,1,367,181.033,9133,0,0.000884653,0.00323341,0.0454768,0,0,0,1,487,0.225,1.6215e-05,1.02958e-05,2.31655e-06,-3.64837e-06,1.49579e-06,-4.0544e-06,0.524126,0.0610759,0.00471556,0.0093279,-0.21224,0.000247867,-0.00010185,0.00237816,11.6578,1,0,0,0,0,0,-1,1,-9.04617e-07,-3.41771e-06,-0.212127,0,34.3291,1,1010,1010,1010,1010,0,0,0,0,34.3334,56,0.00833695,-0.00219433,56,0.0156787,0.00350044,47,-0.002619,-0.00107318,56,0.0040575,0.00674404,56,6.1228e-05,0.0104667,54,-0.00256864,0.00371464,55,-0.00486975,0.0131618,56,0.0108748,0.00272845,51,-0.00736135,-2.80791e-05
6048232483443,6048219593000,6048219593000,6048232471462,73729,12.8785,6048244564994,24.972,0,37914,145952,0,0,1,0,0,0.01198,500,500,458,0.916,2.66644,3.44427,0.61306,0.293965,-0.00395966,-0.00166321,-1.27258e-05,1.3989e-05,-2.48385e-05,0.00225237,1,0.0011677,0.00106225,-0.00106225,0.0011677,1,1,-0.00100401,0.00138183,-5.82392e-05,-0.000214135,0,0,0,0,0,0,0,0,0,0,0,0,0,0,0,0,0,0,0,0,0,0,0,255,0.22,4.34423,0.22,-0.000488653,0.000799104,1,1,1,1,0,1,1,-0.191988,-3.12551,0.105776,-0.00279097,0.00638014,0.00973819,46.7757,36532,1,367,193.766,9133,0,0.000884653,0.00323341,0.0454768,0,0,0,1,458,0.225,-1.07771e-05,1.18369e-05,2.66331e-06,2.42485e-06,3.1144e-06,1.80927e-06,0.524129,0.0610777,0.00473694,0.00930668,-0.21228,0.00162543,-0.000963609,0.00151001,12.467,2,0,0,0,0,0,-1,1,-9.04617e-07,-3.41771e-06,-0.212127,0,47.0333,1,1010,1010,1010,1010,0,0,0,0,0.225909,56,-0.00133468,0.00123208,56,0.000459384,0.0182619,56,-0.000485896,-0.00440081,53,-0.000457097,0.00225403,56,-0.00802837,-0.00116345,56,0.00207813,-0.0019213,17,-0.0108041,0.00472033,56,-0.0023036,-0.0020915,52,0.00132273,-0.00274397
6048245125665,6048235634000,6048235634000,6048245119202,73729,9.4852,6048255296739,19.6627,1,37915,145953,0,0,1,0,0,0.016041,500,500,499,0.998,2.69358,3.69116,0.608764,0.316466,0.0382385,-0.0464478,8.20692e-05,-9.48394e-05,-0.000178503,0.00457849,1,-0.00591231,-0.00511622,0.00511622,-0.00591231,1,1,0.00444616,-0.0059779,0.000670061,6.55901e-05,0,0,0,0,0,0,0,0,0,0,0,0,0,0,0,0,0,0,0,0,0,0,0,255,0.22,6.50653,0.22,0.00263293,-0.00347901,1,1,1,0,0,1,1,-0.192045,-3.12557,0.105883,-0.00334405,0.00621287,0.00991195,10.6893,36533,1,367,1.2429,9134,0,0.000884653,0.0033918,0.0452599,0,0,0,1,499,0.225,6.95871e-05,-8.0366e-05,-1.80823e-05,-1.56571e-05,-2.09762e-05,-1.14938e-05,0.524108,0.0610662,0.00474134,0.00931953,-0.212373,0.000969616,0.000295156,-0.00163653,1.01665,2,0,0,0,0,0,-1,1,-9.04617e-07,-3.41771e-06,-0.212225,0,1.54168,1,1010,1010,1010,1010,0,0,0,0,10.9433,56,0.00375718,-0.00694383,55,0.00862145,-0.0162007,56,0.00273459,0.000700035,56,0.00959612,-0.00444012,56,0.00408615,-0.00540044,56,0.000800881,-0.00577216,56,0.00585025,-0.0097161,56,0.00597023,-0.00372436,52,0.00434947,-0.0049179
6048255845595,6048247608000,6048247608000,6048255833188,73729,8.22519,6048268847894,21.2399,0,37915,145954,0,0,1,0,0,0.011974,500,500,500,1,2.64465,3.74169,0.759784,0.344113,0.0027771,-0.000976562,-2.37573e-05,-1.27449e-05,-0.000938182,0.00779031,1,-0.00106438,0.00198408,-0.00198408,-0.00106438,1,1,-0.00279453,-0.00122041,0.000810455,0.000156028,0,0,0,0,0,0,0,0,0,0,0,0,0,0,0,0,0,0,0,0,0,0,0,255,0.22,7.4212,0.22,-0.00261431,0.000780553,1,1,1,1,0,1,1,-0.192045,-3.12557,0.105883,-0.00334405,0.00621287,0.00991195,24.2484,36533,1,367,14.802,9134,0,0.000884653,0.0033918,0.0452599,0,0,0,1,500,0.225,-2.01595e-05,-1.07954e-05,-2.42896e-06,4.5359e-06,-1.41803e-06,4.94585e-06,0.524107,0.0610711,0.00474134,0.00931953,-0.212373,0.000686546,0.000702128,-0.0023684,14.5722,0,0,0,0,0,0,-1,1,-9.04617e-07,-3.41771e-06,-0.212225,0,15.1211,1,1010,1010,1010,1010,0,0,0,0,24.5228,56,0.00461542,-0.00288985,56,-0.0108827,0.00369862,56,-0.000658955,-0.00314994,56,-0.00738909,-0.0075982,56,0.00821315,0.0024552,56,-0.00571216,0.00347483,56,-0.000328548,0.00269583,56,0.00524174,-0.00551837,52,0.00114269,-0.00162717
6048269412953,6048255617000,6048255617000,6048269401527,73729,13.7845,6048282339381,26.7224,0,37915,145955,0,0,1,0,0,0.008009,500,500,500,1,2.69296,3.59151,0.596985,0.32041,0.0114517,-0.0019455,1.59983e-05,-1.24666e-05,0.00364939,0.0120879,1,-0.00155658,-0.00199754,0.00199754,-0.00155658,1,1,0.00132031,-0.00174493,0.00067723,0.000188358,0,0,0,0,0,0,0,0,0,0,0,0,0,0,0,0,0,0,0,0,0,0,0,255,0.22,0.702023,0.22,0.000151013,-0.000568125,1,1,1,1,0,1,1,-0.192045,-3.12557,0.105883,-0.00334405,0.00621287,0.00991195,37.7392,36533,1,367,28.2929,9134,0,0.000884653,0.0033918,0.0452599,0,0,0,1,500,0.225,1.35171e-05,-1.06179e-05,-2.38904e-06,-3.04134e-06,-2.97651e-06,-2.46933e-06,0.524104,0.0610686,0.00473541,0.00932533,-0.212402,0.00040217,0.000847609,-0.00211629,13.2485,1,0,0,0,0,0,-1,1,-9.04617e-07,-3.41771e-06,-0.212225,0,28.6093,1,1010,1010,1010,1010,0,0,0,0,38.011,56,-0.00823941,-0.0140309,56,0.0109437,-0.000430298,56,-0.00446803,-0.00326263,56,0.00168017,0.00902236,56,0.00857141,-0.00724955,56,0.00496416,-9.26023e-05,56,0.00758419,-0.00181364,56,0.00119827,0.0101525,52,0.00135305,-0.00336458
6048282906848,6048267608000,6048267608000,6048282894218,73729,15.2862,6048295993166,28.3852,0,37915,145956,0,0,1,0,0,0.011991,500,500,500,1,2.65961,3.53149,0.657375,0.323854,-0.0303802,0.00341797,-3.91846e-05,2.26124e-05,0.00366065,-0.00353962,1,0.00188578,0.00326783,-0.00326783,0.00188578,1,1,-0.00326925,0.00180636,1.41264e-06,7.94149e-05,0,0,0,0,0,0,0,0,0,0,0,0,0,0,0,0,0,0,0,0,0,0,0,255,0.22,4.03034,0.22,-0.00356722,9.81255e-05,1,1,1,1,1,1,1,-0.192045,-3.12557,0.105883,-0.00334405,0.00621287,0.00991195,51.4694,36533,1,367,42.0231,9134,0,0.000884653,0.0033918,0.0452599,0,0,0,1,500,0.225,-3.32233e-05,1.91794e-05,4.31537e-06,7.47524e-06,5.79464e-06,6.39717e-06,0.52411,0.061075,0.004723,0.0093265,-0.212447,-0.000180979,0.000357367,-0.000149869,13.3048,2,0,0,0,0,0,-1,1,-9.04617e-07,-3.41771e-06,-0.212364,0,0.387577,1,1010,1010,1010,1010,0,0,0,0,0.392133,56,-0.00194826,0.00920896,56,-0.00723756,0.00444789,56,0.00149001,0.000471891,56,-0.00760431,-0.00590393,56,-0.00313302,-0.00074627,56,-0.00372863,-0.00198911,56,-0.00516708,0.00367031,56,0.0011789,-0.00341468,52,-0.00720659,0.00439002
6048297101137,6048287610000,6048287610000,6048297088600,73729,9.4786,6048309594265,21.9843,1,37916,145957,0,0,1,0,0,0.020002,500,500,500,1,2.77885,4.41157,0.72419,0.321725,-0.0257721,-0.00196838,-7.49781e-05,4.50825e-05,-0.00596483,-0.0118578,1,0.0022539,0.00374853,-0.00374853,0.0022539,1,1,-0.00357045,0.00222176,-0.000178082,3.21401e-05,0,0,0,0,0,0,0,0,0,0,0,0,0,0,0,0,0,0,0,0,0,0,0,255,0.22,8.0661,0.22,-0.00202067,-0.000498558,1,1,1,0,0,1,1,-0.192095,-3.12563,0.106013,-0.00324833,0.00640394,0.0106639,13.5262,36534,1,367,55.5706,9134,0,0.000884653,0.0033918,0.0452599,0,0,0,1,500,0.225,-6.34499e-05,3.82018e-05,8.59541e-06,1.42762e-05,1.14126e-05,1.21427e-05,0.524121,0.0610872,0.004723,0.0093265,-0.212447,-4.45831e-05,0.000144631,0.000605428,26.9774,0,0,0,0,0,0,-1,1,-9.04617e-07,-3.41771e-06,-0.212364,0,13.7922,1,1010,1010,1010,1010,0,0,0,0,13.7968,56,-0.00230687,-0.00130616,56,-0.0175225,0.00881427,56,0.00133398,-0.00137741,56,-0.000890879,0.000940027,56,-0.0076284,0.000706616,56,-0.00124463,0.00254471,56,-0.00447103,-0.000395578,56,-0.00412714,0.00310044,52,-0.000605006,0.00300062
6048310244862,6048295633000,6048295633000,6048310231696,73729,14.5987,6048323723035,28.09,0,37916,145958,0,0,1,0,0,0.008023,500,500,500,1,2.70959,3.57184,0.705097,0.318354,-0.00847626,0.0020752,1.33929e-05,9.10329e-07,0.010192,0.00241508,1,0.000113465,-0.00166932,0.00166932,0.000113465,1,1,0.00194108,0.00022703,-0.00027176,-0.000113565,0,0,0,0,0,0,0,0,0,0,0,0,0,0,0,0,0,0,0,0,0,0,0,255,0.22,0.952747,0.22,-0.000345656,0.000298155,1,1,1,1,0,1,1,-0.192095,-3.12563,0.106013,-0.00324833,0.00640394,0.0106639,27.6295,36534,1,367,69.6736,9134,0,0.000884653,0.0033918,0.0452599,0,0,0,1,500,0.225,1.12461e-05,7.74657e-07,1.74298e-07,-2.53037e-06,-3.634e-07,-2.51016e-06,0.524121,0.0610847,0.0047146,0.00931509,-0.2125,0.000212258,-0.000511041,0.00114814,13.8122,2,0,0,0,0,0,-1,1,-9.04617e-07,-3.41771e-06,-0.212364,0,27.9104,1,1010,1010,1010,1010,0,0,0,0,27.915,56,-0.00873253,0.00708471,56,0.0316079,-0.00902963,56,-0.00629893,0.000937867,56,0.00553046,-0.000282825,56,-0.00301575,0.00794246,56,-0.00297744,-0.00216233,56,-0.00535347,0.00513121,56,-0.000901039,-0.00381929,52,-0.00347052,-0.00075804
6048324296335,6048315642000,6048315642000,6048324290076,73729,8.64808,6048337059595,21.4176,1,37917,145959,0,0,1,0,0,0.020009,500,500,500,1,2.64204,3.49845,0.727598,0.317965,0.0130615,0.0193253,2.49614e-05,2.48299e-05,0.00027771,0.00526905,1,0.00124094,-0.00124751,0.00124751,0.00124094,1,1,0.000877351,0.00116751,0.000370159,7.34288e-05,0,0,0,0,0,0,0,0,0,0,0,0,0,0,0,0,0,0,0,0,0,0,0,255,0.22,4.82565,0.22,0.000536398,0.00233878,1,1,1,1,0,1,1,-0.192095,-3.12563,0.106013,-0.00324833,0.00640394,0.0106639,40.9682,36534,1,367,83.0123,9134,0,0.000884653,0.0033918,0.0452599,0,0,0,1,500,0.225,2.11253e-05,2.10482e-05,4.73584e-06,-4.75319e-06,3.62605e-06,-5.6452e-06,0.524124,0.061079,0.00472713,0.00932384,-0.212571,0.000897814,0.00033043,-0.000614322,13.0677,2,0,0,0,0,0,-1,1,-9.04617e-07,-3.41771e-06,-0.212364,0,41.2484,1,1010,1010,1010,1010,0,0,0,0,41.2529,56,0.000930261,-0.000515043,56,0.00721645,0.00252173,56,-0.00154464,0.000374166,56,-0.00321407,0.00135905,56,0.00143542,0.000336497,56,0.000728049,0.000458647,56,0.00321153,0.00147136,56,0.00448762,0.00187222,52,0.000593152,0.00247175
6048337638729,6048327603000,6048327603000,6048337625821,73729,10.0228,6048351986056,24.3831,0,37917,145960,0,0,1,0,0,0.011961,500,500,500,1,2.67717,4.02853,0.596579,0.323336,0.0297699,-0.0108795,7.63108e-05,-2.50899e-05,0.00914686,-0.00121644,1,-0.00209764,-0.00637997,0.00637997,-0.00209764,1,1,0.00591307,-0.0022674,0.000466897,0.000169764,0,0,0,0,0,0,0,0,0,0,0,0,0,0,0,0,0,0,0,0,0,0,0,255,0.22,8.0305,0.22,0.00351967,-0.0021067,1,1,1,1,1,1,1,-0.192095,-3.12563,0.106013,-0.00324833,0.00640394,0.0106639,55.9164,36534,1,367,97.9605,9134,0,0.000884653,0.0033918,0.0452599,0,0,0,1,500,0.225,6.47203e-05,-2.12563e-05,-4.78268e-06,-1.45621e-05,-7.74805e-06,-1.32248e-05,0.524117,0.0610658,0.00473288,0.00933395,-0.212603,0.00123358,0.000763939,-0.000693968,14.6886,1,0,0,0,0,0,-1,1,-9.04617e-07,-3.41771e-06,-0.212509,0,0.258632,1,1010,1010,1010,1010,0,0,0,0,0.262335,56,0.0113433,-0.00824032,56,8.92595e-05,-0.0119629,56,0.00884814,-0.00288919,56,0.00465858,-0.000320035,56,0.00638872,0.00262191,56,-6.61177e-05,-0.00301061,56,0.00663462,0.00136845,56,0.00588374,-0.00303264,52,0.0070819,0.000346452
6048352645135,6048335628000,6048335628000,6048352633357,73729,17.0054,6048364481406,28.8534,0,37917,145961,0,0,1,0,0,0.008025,500,500,500,1,2.68346,3.52121,0.622875,0.317743,0.0174255,-0.00473022,2.62497e-05,-2.1041e-05,-0.00441259,0.0151621,1,-0.00262193,-0.00327099,0.00327099,-0.00262193,1,1,0.0028892,-0.00263259,0.000381787,1.06581e-05,0,0,0,0,0,0,0,0,0,0,0,0,0,0,0,0,0,0,0,0,0,0,0,255,0.22,2.7908,0.22,0.00251001,-0.000674645,1,1,1,1,0,1,1,-0.192147,-3.12571,0.106202,-0.00334847,0.00619951,0.0105344,12.4626,36535,1,367,110.437,9134,0,0.000884653,0.0033918,0.0452599,0,0,0,1,500,0.225,2.21829e-05,-1.7875e-05,-4.02188e-06,-4.99115e-06,-4.98456e-06,-4.03002e-06,0.524112,0.0610618,0.0047452,0.00932203,-0.212613,0.00168688,4.79616e-05,-2.49303e-05,12.2287,1,0,0,0,0,0,-1,1,-9.04617e-07,-3.41771e-06,-0.212509,0,12.7374,1,1010,1010,1010,1010,0,0,0,0,12.7411,56,-0.00849308,-0.00564507,56,0.0172429,0.00585319,56,-0.00173625,-0.00441359,56,-0.00128037,0.00140187,56,0.0128302,-0.00273045,56,-0.00297484,-0.00499623,56,0.00964057,-0.00636564,56,0.00837862,0.00862531,52,-0.0096785,-0.00777277
6048365080300,6048355625000,6048355625000,6048365074003,73729,9.449,6048378171654,22.5467,1,37918,145962,0,0,1,0,0,0.019997,500,500,500,1,2.67109,3.62462,0.741654,0.324669,0.00931549,-0.0376205,2.26407e-05,-7.12628e-05,0.000414332,0.00170394,1,-0.00356368,-0.0011322,0.0011322,-0.00356368,1,1,0.0012645,-0.00350797,-0.000132299,-5.57044e-05,0,0,0,0,0,0,0,0,0,0,0,0,0,0,0,0,0,0,0,0,0,0,0,255,0.22,5.02752,0.22,-0.000839501,-0.00312215,1,1,1,1,0,1,1,-0.192147,-3.12571,0.106202,-0.00334847,0.00619951,0.0105344,26.1515,36535,1,367,124.126,9134,0,0.000884653,0.0033918,0.0452599,0,0,0,1,500,0.225,1.9239e-05,-6.03628e-05,-1.35816e-05,-4.32879e-06,-1.41889e-05,-1.36518e-06,0.524098,0.0610604,0.0047345,0.00932692,-0.21263,0.000905493,-0.00025067,0.00120067,13.4092,2,0,0,0,0,0,-1,1,-9.04617e-07,-3.41771e-06,-0.212509,0,26.4182,1,1010,1010,1010,1010,0,0,0,0,26.4219,56,0.00566844,-0.00581834,56,-0.00109375,-0.00804949,56,-0.00108055,-0.00558968,56,0.00283097,0.000824704,56,-0.00359088,-0.00415265,56,0.00255602,-0.00498685,56,-0.00249565,-0.00449497,56,0.00182081,-0.0031279,52,0.00258045,-0.00347692
6048378741510,6048367607000,6048367607000,6048378729029,73729,11.122,6048392771539,25.1645,0,37918,145963,0,0,1,0,0,0.011982,500,500,500,1,2.67443,3.69977,0.672413,0.317558,-0.0123596,0.0214615,-4.70572e-05,4.93326e-05,-0.0014105,-0.00549505,1,0.00411723,0.00392733,-0.00392733,0.00411723,1,1,-0.0035223,0.00391689,-0.000405026,0.000200337,0,0,0,0,0,0,0,0,0,0,0,0,0,0,0,0,0,0,0,0,0,0,0,255,0.22,8.34499,0.22,-0.00415165,0.00317383,1,1,1,1,0,1,1,-0.192147,-3.12571,0.106202,-0.00334847,0.00619951,0.0105344,40.7498,36535,1,367,138.723,9134,0,0.000884653,0.0033918,0.0452599,0,0,0,1,500,0.225,-3.98917e-05,4.1781e-05,9.40074e-06,8.97562e-06,1.10833e-05,6.7893e-06,0.524109,0.0610672,0.00471115,0.00933664,-0.212652,-0.000715847,0.000901515,0.000885415,14.3545,1,0,0,0,0,0,-1,1,-9.04617e-07,-3.41771e-06,-0.212509,0,41.0217,1,1010,1010,1010,1010,0,0,0,0,0.201891,56,-0.0101824,0.00462692,56,-0.00334197,0.00525657,56,0.00169123,0.00419147,56,0.000993093,0.00279881,56,-0.00236583,0.00505158,56,-0.00305924,0.00485565,56,-0.00494233,0.00368574,56,-0.00153519,-0.00101987,52,-0.00358028,0.00592814
6048393392506,6048375627000,6048375627000,6048393382191,73729,17.7552,6048410067609,34.4406,0,37918,145964,0,0,1,0,0,0.00802,500,500,500,1,3.32038,7.51629,0.713931,0.355059,-0.0368042,0.0289459,-5.94804e-05,5.06919e-05,-0.00013039,0.00499925,1,0.00632069,0.0074165,-0.0074165,0.00632069,1,1,-0.00709891,0.00626232,-0.000317596,5.83662e-05,0,0,0,0,0,0,0,0,0,0,0,0,0,0,0,0,0,0,0,0,0,0,0,255,0.22,2.94817,0.22,-0.00726828,0.00578394,1,1,1,1,1,1,1,-0.192147,-3.12571,0.106202,-0.00334847,0.00619951,0.0105344,58.0532,36535,1,367,156.027,9134,0,0.000884653,0.0033918,0.0452599,0,0,0,1,500,0.225,-5.05268e-05,4.29868e-05,9.67204e-06,1.13685e-05,1.1854e-05,9.0705e-06,0.52412,0.0610763,0.00469585,0.00932642,-0.212694,-0.00131543,0.000262648,9.10025e-05,17.0529,1,0,0,0,0,0,-1,1,-9.04617e-07,-3.41771e-06,-0.212643,0,0.248632,1,1010,1010,1010,1010,0,0,0,0,17.5016,56,-0.00933547,0.0105899,56,0.0123703,-0.000174285,56,-0.0180032,0.0112514,56,-0.0100862,0.002836,56,-0.00372018,0.00234444,56,-0.0121349,0.00445912,56,-0.00603264,0.0050788,56,-0.00658588,0.00772837,52,-0.00627203,0.00920028
6048410707688,6048395686000,6048395686000,6048410699114,73729,15.0131,6048425256239,29.5702,1,37919,145965,0,0,1,0,0,0.020059,500,500,500,1,2.73665,4.90963,0.734227,0.322021,-0.0136871,0.00596619,-4.22512e-05,3.71351e-05,-0.00329407,-0.00240216,1,0.0018513,0.00210635,-0.00210635,0.0018513,1,1,-0.00264476,0.00209299,0.000538412,-0.000241697,0,0,0,0,0,0,0,0,0,0,0,0,0,0,0,0,0,0,0,0,0,0,0,255,0.22,-0.039649,0.22,-0.000217309,3.66962e-05,1,1,1,1,0,1,1,-0.19217,-3.12579,0.106313,-0.00342761,0.00612488,0.0108355,15.1629,36536,1,367,171.209,9134,0,0.000884653,0.0033918,0.0452599,0,0,0,1,500,0.225,-3.57205e-05,3.14129e-05,7.0679e-06,8.03711e-06,8.60591e-06,6.36302e-06,0.524129,0.0610826,0.00470963,0.00929328,-0.212798,0.000362818,-0.00108764,-0.00164803,14.89,2,0,0,0,0,0,-1,1,-9.04617e-07,-3.41771e-06,-0.212643,0,15.4336,1,1010,1010,1010,1010,0,0,0,0,32.6866,56,0.00136977,0.00258508,56,-0.00570616,0.00443725,56,0.00227234,-0.00299542,56,-0.00540829,0.000433556,56,-0.0073913,0.00164488,56,0.00125019,0.000587256,56,-0.00121748,-0.00276109,56,-0.00187378,0.00137283,52,-0.00214368,0.0039637
6048425834058,6048415625000,6048415625000,6048425826835,73729,10.2018,6048441337782,25.7128,1,37920,145966,0,0,1,0,0,0.019939,500,500,478,0.956,2.69448,4.96965,0.648004,0.345262,0.0503693,-0.0525513,0.00011809,-0.000109348,0.00622497,-0.00137509,1,-0.00548415,-0.00592254,0.00592254,-0.00548415,1,1,0.00485741,-0.00525262,0.00106513,-0.000231527,0,0,0,0,0,0,0,0,0,0,0,0,0,0,0,0,0,0,0,0,0,0,0,255,0.22,4.9433,0.22,0.00393442,-0.00321113,1,1,1,1,0,1,1,-0.19217,-3.12579,0.106313,-0.00342761,0.00612488,0.0108355,31.2607,36536,1,367,187.307,9134,0,0.000884653,0.0033918,0.0452599,0,0,0,1,478,0.225,0.000100073,-9.2621e-05,-2.08397e-05,-2.25165e-05,-2.51266e-05,-1.76049e-05,0.524104,0.061065,0.00473651,0.00927725,-0.212884,0.00197328,-0.00104187,-0.00225585,15.8015,2,0,0,0,0,0,-1,1,-9.04617e-07,-3.41771e-06,-0.212643,0,31.5346,1,1010,1010,1010,1010,0,0,0,0,48.7876,56,0.00363797,-0.00632657,56,0.0091991,-0.00721699,56,0.00278218,-0.00290899,56,0.00275952,-0.00348145,56,0.0107306,-0.00332573,56,0.00373375,-0.00532159,51,0.010132,-0.0053348,56,0.0035921,-0.00297785,35,0.00656274,-0.00866327
6048441929286,6048427602000,6048427602000,6048441916990,73729,14.315,6048456774839,29.1728,0,37920,145967,0,0,1,0,0,0.011977,500,500,500,1,2.7518,5.04585,0.716783,0.339855,0.0101624,-0.00255585,3.52629e-05,1.60434e-05,-0.00145546,-0.00516246,1,0.00133952,-0.00294422,0.00294422,0.00133952,1,1,0.00304943,0.00120597,-0.000105211,0.000133556,0,0,0,0,0,0,0,0,0,0,0,0,0,0,0,0,0,0,0,0,0,0,0,255,0.22,0.757598,0.22,0.00036624,0.00149471,1,1,1,1,0,1,1,-0.192198,-3.12587,0.106446,-0.00263352,0.00658711,0.0107411,7.37516,36537,1,367,7.32379,9135,0,0.000884653,0.00356241,0.0446728,0,0,0,1,500,0.225,2.99365e-05,1.35867e-05,3.057e-06,-6.73571e-06,1.56449e-06,-7.22937e-06,0.524106,0.0610578,0.00473432,0.00929835,-0.212882,0.000996221,0.000601002,0.00117574,7.13713,2,0,0,0,0,0,-1,1,-9.04617e-07,-3.41771e-06,-0.212777,0,7.64189,1,1010,1010,1010,1010,0,0,0,0,7.64678,56,0.00389735,0.00218505,56,0.00694471,0.00441932,56,0.00599827,-0.00221738,56,0.00260154,-0.0019316,56,-0.00125447,-0.000997232,56,0.00223712,-0.000671381,56,-0.00596555,0.0044814,56,0.00709632,0.00273248,52,-0.000484374,-0.000873007
6048457344510,6048443640000,6048443640000,6048457337862,73729,13.6979,6048470914146,27.2741,1,37921,145968,0,0,1,0,0,0.016038,500,500,500,1,2.7145,5.04046,0.703097,0.318187,-0.0160675,0.00501251,-8.4436e-06,-3.50392e-05,-0.00110403,0.0122059,1,-0.00218476,0.000526475,-0.000526475,-0.00218476,1,1,0.000402541,-0.0023694,-0.000929016,0.000184642,0,0,0,0,0,0,0,0,0,0,0,0,0,0,0,0,0,0,0,0,0,0,0,255,0.22,6.03038,0.22,-0.00259086,1.40564e-05,1,1,1,1,1,1,1,-0.192198,-3.12587,0.106446,-0.00263352,0.00658711,0.0107411,21.5221,36537,1,367,21.4707,9135,0,0.000884653,0.00356241,0.0446728,0,0,0,1,500,0.225,-7.23204e-06,-2.96855e-05,-6.67925e-06,1.62721e-06,-6.18437e-06,3.00147e-06,0.524099,0.0610608,0.00472569,0.00930113,-0.212868,0.000263938,0.000830887,0.00355561,13.8838,1,0,0,0,0,0,-1,1,-9.04617e-07,-3.41771e-06,-0.212777,0,21.7987,1,1010,1010,1010,1010,0,0,0,0,21.8036,56,-0.00346332,-0.00517497,56,0.006938,-0.0114552,56,-0.00786095,0.00152327,56,-0.00494192,0.00332683,56,-0.00238135,0.00190271,56,-0.00507246,-0.00261429,56,-0.000196863,0.00047156,56,0.00435266,0.000838567,52,0.00302783,-0.00202913
6048471557132,6048455618000,6048455618000,6048471540928,73729,15.9229,6048485590901,29.9729,0,37921,145969,0,0,1,0,0,0.011978,500,500,500,1,2.69924,4.55207,0.625597,0.318206,-0.0371094,0.016777,-5.42197e-05,2.73055e-05,-0.000161804,-0.0022423,1,0.00227963,0.00452661,-0.00452661,0.00227963,1,1,-0.00371048,0.00218087,-0.000816132,9.87601e-05,0,0,0,0,0,0,0,0,0,0,0,0,0,0,0,0,0,0,0,0,0,0,0,255,0.22,-0.046926,0.22,-0.00606113,0.00109654,1,1,1,1,0,1,1,-0.192198,-3.12587,0.106446,-0.00263352,0.00658711,0.0107411,36.189,36537,1,367,36.1375,9135,0,0.000884653,0.00356241,0.0446728,0,0,0,1,500,0.225,-4.60351e-05,2.31332e-05,5.20497e-06,1.03579e-05,7.27597e-06,9.0243e-06,0.524107,0.0610698,0.00472593,0.00930287,-0.212872,2.05769e-05,0.00044442,0.00295454,14.4187,1,0,0,0,0,0,-1,1,-9.04617e-07,-3.41771e-06,-0.212777,0,36.4574,1,1010,1010,1010,1010,0,0,0,0,36.4623,56,-0.00667124,-0.00122014,56,0.000584749,0.000898677,56,-0.00636298,0.0047764,56,-0.00543378,0.00212109,56,-0.00433031,0.00470807,56,-0.00383353,0.000656008,56,-0.00922981,0.00489011,56,-0.0117385,0.00166629,52,-0.0112062,0.0055249
6048486180480,6048475631000,6048475631000,6048486173980,73729,10.543,6048503039806,27.4088,1,37922,145970,0,0,1,0,0,0.020013,500,500,497,0.994,2.7087,4.8702,0.701635,0.313965,-0.0191498,0.0177002,-3.2477e-05,3.12371e-05,0.00251588,0.00101273,1,0.00156084,0.00162279,-0.00162279,0.00156084,1,1,-0.00217954,0.00159329,0.000556745,-3.24525e-05,0,0,0,0,0,0,0,0,0,0,0,0,0,0,0,0,0,0,0,0,0,0,0,255,0.22,4.42222,0.22,-0.00201605,0.000841719,1,1,1,1,0,1,1,-0.19221,-3.12594,0.106616,-0.0034286,0.00601005,0.0111397,1.03106,36538,1,367,53.5774,9135,0,0.000884653,0.00356241,0.0446728,0,0,0,1,497,0.225,-2.75348e-05,2.64926e-05,5.96083e-06,6.19533e-06,7.1361e-06,4.79469e-06,0.524114,0.0610746,0.00472066,0.00928941,-0.213068,0.000246686,-0.000146036,-0.00180693,0.803246,3,0,0,0,0,0,-1,1,-9.04617e-07,-3.41771e-06,-0.212964,0,1.29905,1,1010,1010,1010,1010,0,0,0,0,1.30356,56,-0.00253477,0.00188078,56,0.0017376,0.00194329,56,-0.00202582,-0.00117083,56,0.000829182,0.00391444,56,-0.0017427,0.00119424,56,-0.00128482,0.000679971,53,-0.0039818,0.0031579,56,-0.00132564,0.00182841,52,-0.00281408,0.00235211
6048503579662,6048483640000,6048483640000,6048503568032,73729,19.928,6048516502293,32.8623,0,37922,145971,0,0,1,0,0,0.008009,500,500,500,1,2.68565,4.68396,0.652913,0.324318,-0.00238037,0.00265503,-1.50467e-05,3.57242e-05,0.00758073,-0.0161243,1,0.00446051,0.00187872,-0.00187872,0.00446051,1,1,-0.00322683,0.00459903,0.00134811,-0.000138519,0,0,0,0,0,0,0,0,0,0,0,0,0,0,0,0,0,0,0,0,0,0,0,255,0.22,-0.454059,0.22,-0.00152897,0.00110759,1,1,1,1,0,1,1,-0.19221,-3.12594,0.106616,-0.0034286,0.00601005,0.0111397,14.505,36538,1,367,67.0514,9135,0,0.000884653,0.00356241,0.0446728,0,0,0,1,500,0.225,-1.27307e-05,3.03025e-05,6.81807e-06,2.86441e-06,7.26951e-06,1.35747e-06,0.524121,0.061076,0.00472547,0.00927765,-0.213125,0.0011224,-0.000623335,-0.00395527,12.1945,1,0,0,0,0,0,-1,1,-9.04617e-07,-3.41771e-06,-0.212964,0,14.7772,1,1010,1010,1010,1010,0,0,0,0,14.7817,56,-0.00399206,0.00822907,56,0.00428079,0.015756,56,0.00990513,-0.000381975,56,-0.00981725,-0.00576249,56,-5.01154e-05,0.00168647,56,0.00861465,0.00291298,56,-0.00583778,-0.00422081,56,-0.00278396,-0.00319929,52,0.000578246,0.00901028
6048517080427,6048503640000,6048503640000,6048517069353,73729,13.4294,6048531529940,27.8899,1,37923,145972,0,0,1,0,0,0.02,500,500,500,1,2.71639,4.84922,0.697894,0.314466,0.0592575,-0.0216522,0.000125183,-6.33768e-05,0.00258235,0.00234314,1,-0.00316884,-0.00625913,0.00625913,-0.00316884,1,1,0.00531753,-0.00296677,0.000941598,-0.000202074,0,0,0,0,0,0,0,0,0,0,0,0,0,0,0,0,0,0,0,0,0,0,0,255,0.22,4.67772,0.22,0.00489462,-0.00192483,1,1,1,1,1,1,1,-0.19221,-3.12594,0.106616,-0.0034286,0.00601005,0.0111397,29.555,36538,1,367,82.1014,9135,0,0.000884653,0.00356241,0.0446728,0,0,0,1,500,0.225,0.000106175,-5.37227e-05,-1.20876e-05,-2.38894e-05,-1.68682e-05,-2.07913e-05,0.524104,0.0610552,0.00473969,0.00926851,-0.213156,0.00157643,-0.000909331,-0.00212861,14.7858,1,0,0,0,0,0,-1,1,-9.04617e-07,-3.41771e-06,-0.212964,0,29.8363,1,1010,1010,1010,1010,0,0,0,0,29.8409,56,0.00540856,-0.00252839,56,0.00658106,-0.00822746,56,0.00569018,-0.00224938,56,0.0073671,-0.000492172,56,0.00274526,-0.00335473,56,0.00332615,-0.000569167,56,0.00745488,-0.00333064,56,0.00868625,9.95771e-05,52,0.00521795,-0.00368356
6048532266797,6048523642000,6048523642000,6048532260890,73729,8.61889,6048546722921,23.0809,1,37924,145973,0,0,1,0,0,0.020002,500,500,500,1,2.71119,4.67614,0.590967,0.320798,0.0176239,-0.0378189,4.96337e-05,-6.9979e-05,0.000264358,0.000854077,1,-0.0034986,-0.00248144,0.00248144,-0.0034986,1,1,0.00253843,-0.00332762,-5.69875e-05,-0.00017098,0,0,0,0,0,0,0,0,0,0,0,0,0,0,0,0,0,0,0,0,0,0,0,255,0.22,-0.222484,0.22,0.000794894,-0.00217072,1,1,1,1,0,1,1,-0.192231,-3.12601,0.106815,-0.0023239,0.00697296,0.0115865,0.88984,36539,1,367,97.2663,9135,0,0.000884653,0.00356241,0.0446728,0,0,0,1,500,0.225,4.20473e-05,-5.92844e-05,-1.3339e-05,-9.46065e-06,-1.50383e-05,-6.42464e-06,0.524089,0.0610488,0.00474389,0.00925548,-0.213157,0.00121354,-0.00076941,0.00117599,0.702542,2,0,0,0,0,0,-1,1,-9.04617e-07,-3.41771e-06,-0.213045,0,0.258484,1,1010,1010,1010,1010,0,0,0,0,1.15806,56,-0.000177038,-0.00558049,56,0.00466384,-0.00712137,56,-0.00221185,-0.0059759,56,0.00539415,-0.000263168,56,0.00546083,-0.00163707,56,0.00106182,-0.00348941,56,0.0019378,-0.00362627,56,0.00216739,-0.000835914,52,0.00137403,-0.00389977
6048547291129,6048535620000,6048535620000,6048547279018,73729,11.659,6048561111156,25.4912,0,37924,145974,0,0,1,0,0,0.011978,500,500,500,1,2.69446,4.9818,0.682246,0.324077,0.019165,0.000801086,3.63427e-05,-3.36998e-05,0.0076705,0.00850317,1,-0.00281348,-0.00303412,0.00303412,-0.00281348,1,1,0.00342018,-0.00265514,-0.000386057,-0.000158336,0,0,0,0,0,0,0,0,0,0,0,0,0,0,0,0,0,0,0,0,0,0,0,255,0.22,4.68314,0.22,0.000137294,0.000639663,1,1,1,1,0,1,1,-0.192231,-3.12601,0.106815,-0.0023239,0.00697296,0.0115865,15.3033,36539,1,367,111.68,9135,0,0.000884653,0.00356241,0.0446728,0,0,0,1,500,0.225,3.07408e-05,-2.85515e-05,-6.42408e-06,-6.91668e-06,-7.7419e-06,-5.40106e-06,0.524081,0.0610434,0.00474389,0.00925548,-0.213157,0.00106495,-0.000712511,0.00224177,15.0895,0,0,0,0,0,0,-1,1,-9.04617e-07,-3.41771e-06,-0.213045,0,14.6875,1,1010,1010,1010,1010,0,0,0,0,15.5871,56,-0.00357762,0.00104322,56,0.0121677,-0.0161992,56,-0.00134574,-0.000406378,56,0.0010199,0.00271829,56,0.0071842,0.000721581,56,0.000675874,-0.00301567,56,0.0104897,0.00472391,56,0.00845632,-0.00323933,52,-0.0037902,-0.00404954
6048561720512,6048543633000,6048543633000,6048561708623,73729,18.0756,6048574694829,31.0618,0,37924,145975,0,0,1,0,0,0.008013,500,500,500,1,2.77196,4.58301,0.661968,0.324206,-0.0256195,0.021347,-6.22112e-05,3.4568e-05,-0.0181968,-0.0063501,1,0.00431399,0.00776379,-0.00776379,0.00431399,1,1,-0.00696461,0.00404536,-0.000799181,0.000268629,0,0,0,0,0,0,0,0,0,0,0,0,0,0,0,0,0,0,0,0,0,0,0,255,0.22,8.94908,0.22,-0.00681749,0.00416893,1,1,1,1,0,1,1,-0.192231,-3.12601,0.106815,-0.0023239,0.00697296,0.0115865,28.8673,36539,1,367,125.244,9135,0,0.000884653,0.00356241,0.0446728,0,0,0,1,500,0.225,-5.27561e-05,2.92945e-05,6.59126e-06,1.18701e-05,8.95333e-06,1.0207e-05,0.52409,0.0610536,0.00472554,0.00929524,-0.213152,6.28087e-05,0.00120883,0.0029273,13.2517,2,0,0,0,0,0,-1,1,-9.04617e-07,-3.41771e-06,-0.213045,0,28.2456,1,1010,1010,1010,1010,0,0,0,0,29.1452,56,-0.00340121,0.0021187,56,-0.0111926,0.00339684,56,-0.0160291,0.000266965,56,0.00461281,0.00729167,56,-0.00660233,0.00567601,56,-0.0158926,0.0089449,56,-0.0160112,0.00503636,56,0.00176446,0.00728584,52,-8.72303e-05,0.00893287
6048575277796,6048563639000,6048563639000,6048575271445,73729,11.6324,6048589651012,26.012,1,37925,145976,0,0,1,0,0,0.020006,500,500,500,1,2.67795,4.91392,0.666746,0.319039,-0.0241394,0.041008,-1.45239e-05,7.56797e-05,0.00411927,-0.00208594,1,0.00378285,0.000725978,-0.000725978,0.00378285,1,1,-0.00065696,0.00350605,-6.9018e-05,0.000276802,0,0,0,0,0,0,0,0,0,0,0,0,0,0,0,0,0,0,0,0,0,0,0,255,0.22,2.25731,0.22,-0.00197072,0.00224402,1,1,1,1,1,1,1,-0.192231,-3.12601,0.106815,-0.0023239,0.00697296,0.0115865,43.8259,36539,1,367,140.202,9135,0,0.000884653,0.00356241,0.0446728,0,0,0,1,500,0.225,-1.24103e-05,6.41298e-05,1.44292e-05,2.79231e-06,1.46928e-05,-3.24284e-07,0.524105,0.0610532,0.00472482,0.00930363,-0.213227,-4.23754e-05,0.00124561,0.000214565,14.6754,2,0,0,0,0,0,-1,1,-9.04617e-07,-3.41771e-06,-0.213045,0,43.2026,1,1010,1010,1010,1010,0,0,0,0,44.1022,56,-0.00521528,0.00338331,56,0.00784722,-0.00181915,56,-0.00366969,0.00429701,56,0.00158681,0.00658574,56,-0.00452045,0.00441934,56,-0.00126505,0.0023086,56,-0.00238448,0.00571278,56,0.00182697,0.00398618,52,-0.0020944,0.00310227
6048590274998,6048575617000,6048575617000,6048590261591,73729,14.6446,6048606093077,30.4761,0,37925,145977,0,0,1,0,0,0.011978,500,500,500,1,2.73106,5.19822,0.698338,0.343966,0.00808716,-0.0289612,1.04731e-05,-5.96177e-05,0.00271163,0.00341223,1,-0.00497726,-0.000874365,0.000874365,-0.00497726,1,1,-0.000443161,-0.00480508,0.00131753,-0.000172179,0,0,0,0,0,0,0,0,0,0,0,0,0,0,0,0,0,0,0,0,0,0,0,255,0.22,7.00044,0.22,0.00102338,-0.00568115,1,1,1,1,0,1,1,-0.192247,-3.12609,0.106964,-0.00303687,0.00594008,0.0120824,7.64065,36540,1,367,156.639,9135,0,0.000884653,0.00356241,0.0446728,0,0,0,1,500,0.225,8.92525e-06,-5.04953e-05,-1.13614e-05,-2.00818e-06,-1.15286e-05,4.43203e-07,0.524093,0.0610537,0.00474309,0.00928593,-0.213376,0.00140799,-0.000774804,-0.0036167,7.40726,2,0,0,0,0,0,-1,1,-9.04617e-07,-3.41771e-06,-0.213271,0,7.90817,1,1010,1010,1010,1010,0,0,0,0,7.91259,56,0.0143624,-0.0054181,56,-0.0131836,-0.00445634,56,-0.00075428,-0.00741243,56,-0.00405739,-0.00768138,56,0.00419676,-0.000797315,56,0.00348812,-0.00332614,56,0.00157844,-0.00826863,56,-0.00418758,-0.00421326,52,0.00895379,-0.00562014
6048606657118,6048595605000,6048595605000,6048606649340,73729,11.0443,6048620928796,25.3238,1,37926,145978,0,0,1,0,0,0.019988,500,500,480,0.96,2.70574,4.82615,0.669912,0.34028,0.0540466,-0.0493317,0.000113924,-0.000109098,0.00460223,0.0009972,1,-0.00545815,-0.00569963,0.00569963,-0.00545815,1,1,0.00434548,-0.0056207,0.00135415,0.00016255,0,0,0,0,0,0,0,0,0,0,0,0,0,0,0,0,0,0,0,0,0,0,0,255,0.22,3.18945,0.22,0.00389986,-0.00437952,1,1,1,1,0,1,1,-0.192247,-3.12609,0.106964,-0.00303687,0.00594008,0.0120824,22.4868,36540,1,367,171.485,9135,0,0.000884653,0.00356241,0.0446728,0,0,0,1,480,0.225,9.6584e-05,-9.24318e-05,-2.07972e-05,-2.17314e-05,-2.49284e-05,-1.68328e-05,0.524069,0.0610369,0.0047419,0.00930079,-0.213434,0.00103517,0.000731473,-0.00404682,14.5768,1,0,0,0,0,0,-1,1,-9.04617e-07,-3.41771e-06,-0.213271,0,22.7564,1,1010,1010,1010,1010,0,0,0,0,22.7609,56,0.00319266,-0.00498703,56,0.0117376,-0.0102397,56,0.00827567,-0.00407334,56,0.00540318,-0.0030762,56,0.00642984,-0.00711273,56,0.00273086,-0.00585605,36,0.00711263,-0.00339069,56,0.00454687,-0.00382514,52,0.00495586,-0.00502714
6048621515949,6048603675000,6048603675000,6048621503763,73729,17.8288,6048634314524,30.6395,0,37926,145979,0,0,1,0,0,0.00807,500,500,499,0.998,2.74041,4.5865,0.664783,0.319614,0.0212708,0.000427246,4.91561e-05,-3.98308e-06,0.0107582,-0.00253412,1,-0.000493566,-0.00609122,0.00609122,-0.000493566,1,1,0.00568152,-0.000438136,0.000409695,-5.54297e-05,0,0,0,0,0,0,0,0,0,0,0,0,0,0,0,0,0,0,0,0,0,0,0,255,0.22,7.7848,0.22,0.00335007,0.000828708,1,1,1,1,0,1,1,-0.192247,-3.12609,0.106964,-0.00303687,0.00594008,0.0120824,35.8638,36540,1,367,184.862,9135,0,0.000884653,0.00356241,0.0446728,0,0,0,1,499,0.225,4.16731e-05,-3.3556e-06,-7.55011e-07,-9.37644e-06,-2.72442e-06,-9.00355e-06,0.524066,0.0610278,0.00473169,0.00928065,-0.213445,0.000101077,-0.000249434,-0.00139404,13.1221,1,0,0,0,0,0,-1,1,-9.04617e-07,-3.41771e-06,-0.213271,0,36.1386,1,1010,1010,1010,1010,0,0,0,0,36.1431,56,0.0167913,-0.00817938,55,0.0166058,-0.00251947,56,0.00270122,-0.00074525,56,0.000663533,-0.00207819,56,0.00216403,0.0158093,56,0.006926,-0.0017558,56,0.0123669,0.00690945,56,0.0138736,0.00120348,52,0.000975463,-0.00500697
6048634900195,6048623628000,6048623628000,6048634893769,73729,11.2658,6048649229040,25.601,1,37927,145980,0,0,1,0,0,0.019953,500,500,500,1,2.68589,4.8997,0.638635,0.312095,0.00140381,0.0294876,-6.043e-07,4.05119e-05,-0.00303798,0.00466649,1,0.00203037,3.02862e-05,-3.02862e-05,0.00203037,1,1,0.00081235,0.00231408,-0.000842636,-0.000283709,0,0,0,0,0,0,0,0,0,0,0,0,0,0,0,0,0,0,0,0,0,0,0,255,0.22,1.01667,0.22,-0.000487287,0.00205941,1,1,1,1,1,1,1,-0.192237,-3.12614,0.107121,-0.00254332,0.0069424,0.0117958,1.24001,36541,1,367,199.772,9135,0,0.000884653,0.00356241,0.0446728,0,0,0,1,500,0.225,-5.47721e-07,3.42985e-05,7.71717e-06,1.23237e-07,7.56792e-06,-1.51378e-06,0.524073,0.0610263,0.00475269,0.00924117,-0.213389,0.000988355,-0.00127669,0.00382417,1.00899,3,0,0,0,0,0,-1,1,-9.04616e-07,-3.41771e-06,-0.213284,0,1.5107,1,1010,1010,1010,1010,0,0,0,0,1.52353,56,-0.00263533,-0.00151124,56,-0.000392499,0.00274208,56,-0.00109783,0.00146477,56,0.0015766,0.00243565,56,0.00242022,0.00164994,56,-0.00111042,0.00180395,56,-0.000454236,0.00153802,56,7.53886e-05,0.0030848,52,-0.00258052,0.00439617
6048649859026,6048635615000,6048635615000,6048649845507,73729,14.2305,6048665168212,29.5532,0,37927,145981,0,0,1,0,0,0.011987,500,500,500,1,2.74811,4.67524,0.668894,0.316854,-0.0228882,-0.00164795,-3.49031e-05,-5.82872e-06,-0.000594249,0.00064493,1,-0.000486253,0.00291175,-0.00291175,-0.000486253,1,1,-0.00184382,-4.86473e-05,-0.00106792,-0.000437606,0,0,0,0,0,0,0,0,0,0,0,0,0,0,0,0,0,0,0,0,0,0,0,255,0.22,5.80093,0.22,-0.00329004,0.000523916,1,1,1,1,0,1,1,-0.192237,-3.12614,0.107121,-0.00254332,0.0069424,0.0117958,17.1837,36541,1,367,215.716,9135,0,0.000884653,0.00356241,0.0446728,0,0,0,1,500,0.225,-2.96013e-05,-4.92087e-06,-1.1072e-06,6.66029e-06,3.28704e-07,6.74355e-06,0.524074,0.0610331,0.00475269,0.00924117,-0.213389,0.000873191,-0.00196923,0.00454308,16.9419,0,0,0,0,0,0,-1,1,-9.04616e-07,-3.41771e-06,-0.213284,0,17.4523,1,1010,1010,1010,1010,0,0,0,0,17.4652,56,-0.00530866,-0.000218739,56,-0.00537449,-0.00502062,56,-0.00633804,-0.00236108,56,0.00135837,-0.00225224,56,-0.00335781,-0.00102639,56,-0.00437061,0.00134546,56,-0.00130316,0.00170798,56,-0.000987397,0.00762634,52,-0.00785795,0.00154625
6048665708623,6048655612000,6048655612000,6048665702493,73729,10.0905,6048681372589,25.7606,1,37928,145982,0,0,1,0,0,0.019997,500,500,499,0.998,2.74039,4.68689,0.724857,0.317243,-0.0302429,-0.00180054,-6.60607e-05,2.21557e-06,-0.00350921,-0.000104477,1,0.000110795,0.00330353,-0.00330353,0.000110795,1,1,-0.00336116,3.05776e-05,5.76269e-05,8.02177e-05,0,0,0,0,0,0,0,0,0,0,0,0,0,0,0,0,0,0,0,0,0,0,0,255,0.22,1.37384,0.22,-0.00400457,0.00152981,1,1,1,1,0,1,1,-0.192237,-3.12614,0.107121,-0.00254332,0.0069424,0.0117958,33.3915,36541,1,367,16.1951,9136,0,0.000884653,0.00374763,0.0439728,0,0,0,1,499,0.225,-5.60037e-05,1.87128e-06,4.21037e-07,1.26008e-05,3.08164e-06,1.22253e-05,0.524077,0.0610453,0.00473998,0.00926472,-0.213482,5.90784e-05,0.00036098,-0.000160194,15.9115,2,0,0,0,0,0,-1,1,-9.04616e-07,-3.41771e-06,-0.213284,0,33.6704,1,1010,1010,1010,1010,0,0,0,0,33.6833,56,-0.002661,0.00101154,56,-0.00242326,-0.00122239,56,-0.00411716,0.00182756,56,-0.00472435,-9.01665e-05,56,-0.00297512,1.40949e-05,56,-0.00380851,0.00105218,55,-0.00647721,-0.00175787,56,-0.00220644,0.000483826,52,-0.00168129,-0.0022264
6048681918871,6048671655000,6048671655000,6048681911593,73729,10.2566,6048695160505,23.5055,1,37929,145983,0,0,1,0,0,0.016043,500,500,495,0.99,2.733,4.4885,0.66006,0.318928,0.0360413,-0.0232849,6.32362e-05,-5.08045e-05,0.00373344,0.00264478,1,-0.00316677,-0.00394167,0.00394167,-0.00316677,1,1,0.00247715,-0.00339296,0.00146453,0.000226185,0,0,0,0,0,0,0,0,0,0,0,0,0,0,0,0,0,0,0,0,0,0,0,255,0.22,7.44989,0.22,0.00309102,-0.00222643,1,1,1,1,0,1,1,-0.192237,-3.12614,0.107121,-0.00254332,0.0069424,0.0117958,47.1759,36541,1,367,29.9795,9136,0,0.000884653,0.00374763,0.0439728,0,0,0,1,495,0.225,5.36024e-05,-4.30293e-05,-9.68159e-06,-1.20605e-05,-1.20179e-05,-9.73441e-06,0.524065,0.0610356,0.00474796,0.00926886,-0.213566,0.000672888,0.00101783,-0.00473398,13.5332,1,0,0,0,0,0,-1,1,-9.04616e-07,-3.41771e-06,-0.213284,0,47.4539,1,1010,1010,1010,1010,0,0,0,0,0.230057,56,0.000525815,-0.00237403,56,0.00916923,-0.00804923,51,0.00317278,-0.00220967,56,0.00316249,-0.00794196,56,0.0074192,-0.00202464,56,0.00545081,-0.00190357,56,0.00606811,-0.0003286,56,0.00472434,-0.00294426,52,0.0017724,-0.00234601
6048695712898,6048683631000,6048683631000,6048695702120,73729,12.0711,6048708290971,24.66,0,37929,145984,0,0,1,0,0,0.011976,500,500,500,1,2.72208,4.82089,0.682338,0.323132,0.0274963,-0.00390625,6.83023e-05,-2.38805e-06,0.00546643,-0.00793208,1,-0.000199403,-0.00570327,0.00570327,-0.000199403,1,1,0.00395994,-0.000332105,0.00174332,0.000132701,0,0,0,0,0,0,0,0,0,0,0,0,0,0,0,0,0,0,0,0,0,0,0,255,0.22,0.973119,0.22,0.00329766,-0.00194855,1,1,1,1,1,1,1,-0.19226,-3.12621,0.107337,-0.00314428,0.00645061,0.0124914,11.6399,36542,1,367,43.1119,9136,0,0.000884653,0.00374763,0.0439728,0,0,0,1,500,0.225,5.79682e-05,-2.00194e-06,-4.50437e-07,-1.30429e-05,-3.20603e-06,-1.26506e-05,0.524062,0.0610229,0.00475638,0.00927119,-0.21364,0.00147368,0.000597156,-0.00509702,12.8826,1,0,0,0,0,0,-1,1,-9.04616e-07,-3.41771e-06,-0.213586,0,11.9102,1,1010,1010,1010,1010,0,0,0,0,13.3551,56,0.0113922,0.00462474,56,0.00423046,0.00185459,56,0.00951898,-0.00350784,56,0.00263927,0.00308765,56,-0.00213686,-0.00263442,56,0.00484681,-0.00273404,56,0.0046033,-0.00295322,56,-0.000605443,-0.00226235,52,0.00680152,0.00478568
6048708891883,6048691644000,6048691644000,6048708877938,73729,17.2339,6048724773480,33.1295,0,37929,145985,0,0,1,0,0,0.008013,500,500,500,1,2.70515,6.47821,0.594356,0.321576,0.000396729,-0.00422668,1.60537e-05,-1.32783e-05,0.00284404,-0.00364701,1,-0.00165709,-0.00200346,0.00200346,-0.00165709,1,1,0.00120583,-0.0016239,0.000797624,-3.31986e-05,0,0,0,0,0,0,0,0,0,0,0,0,0,0,0,0,0,0,0,0,0,0,0,255,0.22,3.98597,0.22,-0.00019295,-0.00215213,1,1,1,1,0,1,1,-0.19226,-3.12621,0.107337,-0.00314428,0.00645061,0.0124914,28.1233,36542,1,367,59.595,9136,0,0.000884653,0.00374763,0.0439728,0,0,0,1,500,0.225,1.36039e-05,-1.12423e-05,-2.52951e-06,-3.06087e-06,-3.12111e-06,-2.45478e-06,0.524058,0.0610205,0.00475874,0.00925768,-0.213694,0.000898577,-0.000149394,-0.00215259,16.1942,2,0,0,0,0,0,-1,1,-9.04616e-07,-3.41771e-06,-0.213586,0,28.3977,1,1010,1010,1010,1010,0,0,0,0,29.8426,56,-0.00231092,-0.00141018,56,0.00133322,-0.00590881,56,0.0020392,-0.00164937,56,0.00718968,0.00480973,56,0.0139151,-0.00745679,56,-0.00238163,-0.0009876,56,-0.012245,0.00332081,56,0.00837805,0.00241622,52,-0.000778926,-0.0102652
6048725332669,6048711646000,6048711646000,6048725326188,73729,13.6802,6048739366772,27.7208,1,37930,145986,0,0,1,0,0,0.020002,500,500,500,1,2.73083,4.54894,0.62169,0.325039,-0.016983,-0.0424042,-3.88936e-05,-6.60078e-05,-0.00116936,0.000240522,1,-0.00330006,0.00194448,-0.00194448,-0.00330006,1,1,-0.000956024,-0.00303772,-0.000988459,-0.000262342,0,0,0,0,0,0,0,0,0,0,0,0,0,0,0,0,0,0,0,0,0,0,0,255,0.22,0.133445,0.22,-0.00207301,-0.00300256,1,1,1,1,0,1,1,-0.19226,-3.12621,0.107337,-0.00314428,0.00645061,0.0124914,42.7161,36542,1,367,74.1878,9136,0,0.000884653,0.00374763,0.0439728,0,0,0,1,500,0.225,-3.29714e-05,-5.59327e-05,-1.25849e-05,7.41857e-06,-1.07247e-05,9.91821e-06,0.524048,0.0610304,0.00473458,0.00924435,-0.213671,-0.000183418,-0.00118054,0.00341172,14.3142,2,0,0,0,0,0,-1,1,-9.04616e-07,-3.41771e-06,-0.213586,0,42.9839,1,1010,1010,1010,1010,0,0,0,0,44.4288,56,0.00175537,-0.00559446,56,-0.000547586,-0.00400471,56,-0.0040215,-0.00369054,56,-0.00690342,-0.00274732,56,-0.00204664,-0.00458551,56,-0.00207599,-0.00105451,56,-0.0021736,-0.00466567,56,-0.00168204,-0.00560516,52,0.00138613,-0.00181962
6048739927128,6048731651000,6048731651000,6048739920868,73729,8.26987,6048757242495,25.5915,1,37931,145987,0,0,1,0,0,0.020005,500,500,500,1,2.69161,6.74742,0.600189,0.319391,-0.0314331,0.0211182,-7.9941e-05,3.88173e-05,-0.00638202,0.00439399,1,0.00194038,0.00399605,-0.00399605,0.00194038,1,1,-0.0032658,0.00181795,-0.000730251,0.000122437,0,0,0,0,0,0,0,0,0,0,0,0,0,0,0,0,0,0,0,0,0,0,0,255,0.22,4.59816,0.22,-0.00308209,0.00289298,1,1,1,1,0,1,1,-0.192259,-3.12628,0.107541,-0.00230573,0.00603043,0.0117068,6.88601,36543,1,367,92.0606,9136,0,0.000884653,0.00374763,0.0439728,0,0,0,1,500,0.225,-6.78202e-05,3.2853e-05,7.39191e-06,1.52596e-05,1.04603e-05,1.33445e-05,0.524058,0.0610437,0.00470446,0.0092618,-0.213705,-0.000733796,0.000550966,0.00204187,6.65179,2,0,0,0,0,0,-1,1,-9.04616e-07,-3.41771e-06,-0.213601,0,7.15963,1,1010,1010,1010,1010,0,0,0,0,7.16411,56,-0.0078965,0.00398498,56,-0.00320995,0.00484515,56,-0.00336585,0.0022646,56,-0.00940193,-0.00111665,56,-0.00372422,0.000476993,56,-0.00273766,0.00236892,56,-0.000220085,-0.0014406,56,-0.00438477,0.00185661,52,-0.00465571,0.00284852
6048757783165,6048743636000,6048743636000,6048757773184,73729,14.1372,6048771965121,28.3291,0,37931,145988,0,0,1,0,0,0.011985,500,500,500,1,2.72459,4.78209,0.592153,0.323299,-0.0139694,0.0448227,1.39986e-05,8.82543e-05,0.010119,-0.00140906,1,0.00736373,-0.00116801,0.00116801,0.00736373,1,1,0.00125667,0.00713374,-8.86653e-05,0.000229994,0,0,0,0,0,0,0,0,0,0,0,0,0,0,0,0,0,0,0,0,0,0,0,255,0.22,2.17387,0.22,-0.000223637,0.0064128,1,1,1,1,1,1,1,-0.192259,-3.12628,0.107541,-0.00230573,0.00603043,0.0117068,21.6139,36543,1,367,106.788,9136,0,0.000884653,0.00374763,0.0439728,0,0,0,1,500,0.225,1.18457e-05,7.47953e-05,1.68289e-05,-2.66528e-06,1.588e-05,-6.17376e-06,0.524074,0.0610376,0.00471439,0.00926893,-0.213718,-5.66109e-05,0.00103497,0.000273906,14.4834,1,0,0,0,0,0,-1,1,-9.04616e-07,-3.41771e-06,-0.213601,0,21.8956,1,1010,1010,1010,1010,0,0,0,0,21.9001,56,0.00422921,0.00518693,56,-0.00613633,0.00340956,56,0.00410379,0.00737086,56,0.00670442,0.00373105,56,-0.00425853,0.00748683,56,-0.000535082,0.00355606,56,-0.00164081,0.0191655,56,-0.00167988,0.00875315,52,-0.00360522,0.00596915
6048772606236,6048763635000,6048763635000,6048772599422,73729,8.96442,6048785973297,22.3383,1,37932,145989,0,0,1,0,0,0.019999,500,500,480,0.96,2.72537,4.58396,0.584467,0.313835,0.0489273,0.0124435,9.55017e-05,1.51258e-06,0.00157233,0.002044,1,7.56328e-05,-0.00477532,0.00477532,7.56328e-05,1,1,0.00452723,-9.00962e-06,0.000248099,8.46424e-05,0,0,0,0,0,0,0,0,0,0,0,0,0,0,0,0,0,0,0,0,0,0,0,255,0.22,4.56646,0.22,0.00426371,-0.000294316,1,1,1,1,0,1,1,-0.192259,-3.12628,0.107541,-0.00230573,0.00603043,0.0117068,35.6197,36543,1,367,120.794,9136,0,0.000884653,0.00374763,0.0439728,0,0,0,1,480,0.225,8.09946e-05,1.31882e-06,2.96733e-07,-1.82238e-05,-3.57603e-06,-1.78717e-05,0.524071,0.0610197,0.00474046,0.00926203,-0.213723,0.00171073,0.000380891,0.000475428,13.7527,1,0,0,0,0,0,-1,1,-9.04616e-07,-3.41771e-06,-0.213601,0,35.8916,1,1010,1010,1010,1010,0,0,0,0,35.8961,56,0.00653366,-0.00139749,56,0.00187248,-0.00093214,36,0.00268353,-0.000960003,56,0.00455122,0.00526673,56,0.00536983,0.00146773,56,0.0020038,0.00325709,56,0.00732086,-0.00202549,56,0.00791103,0.00419967,52,0.00190135,0.000353233
6048786516338,6048771649000,6048771649000,6048786504616,73729,14.8556,6048799422432,27.7734,0,37932,145990,0,0,1,0,0,0.008014,500,500,500,1,2.72689,4.67979,0.637671,0.326762,0.0191498,-0.0467682,3.29837e-05,-9.8159e-05,0.00249264,0.008161,1,-0.0122484,-0.00411576,0.00411576,-0.0122484,1,1,0.00351948,-0.0120587,0.000596276,-0.000189739,0,0,0,0,0,0,0,0,0,0,0,0,0,0,0,0,0,0,0,0,0,0,0,255,0.21,10.6271,0.21,-0.0231005,-0.232853,1,1,1,1,0,1,1,-0.192259,-3.12628,0.107541,-0.00230573,0.00603043,0.0117068,49.0675,36543,1,367,134.242,9136,0,0.000884653,0.00374763,0.0439728,0,0,0,1,500,0.215,2.79309e-05,-8.32212e-05,-1.78926e-05,-6.00515e-06,-1.87588e-05,-2.072e-06,0.524052,0.0610176,0.00476172,0.00925565,-0.213806,0.00253253,-0.000815876,-2.51635e-05,13.1631,2,0,0,0,0,0,-1,1,-9.04616e-07,-3.41771e-06,-0.213762,0,0.250983,1,1010,1010,1010,1010,0,0,0,0,0.254594,56,-0.00972159,-0.00745768,56,0.00797097,-0.00997965,56,0.00140882,-0.0143331,56,0.01405,-0.00845312,56,0.00717779,-0.00643868,56,0.00818482,-0.0145405,56,0.00237342,-0.0169412,56,-0.00362424,-0.0222094,52,0.00347387,-0.0106283
6048799982621,6048791650000,6048791650000,6048799973769,73729,8.32377,6048813547369,21.8974,1,37933,145991,0,0,1,0,0,0.020001,500,500,492,0.984,2.69693,4.67839,0.595078,0.316095,0.0165253,-0.0177917,4.75693e-06,-2.06199e-05,-0.00113295,-7.68391e-05,1,-0.00103094,-0.000237835,0.000237835,-0.00103094,1,1,-0.000443768,-0.00115218,0.000681602,0.000121239,0,0,0,0,0,0,0,0,0,0,0,0,0,0,0,0,0,0,0,0,0,0,0,255,0.22,3.79136,0.22,-0.00335859,-0.0201237,1,1,1,1,0,1,1,-0.192286,-3.12635,0.107713,-0.00226133,0.00708505,0.0115652,14.1084,36544,1,367,148.368,9136,0,0.000884653,0.00374763,0.0439728,0,0,0,1,492,0.225,4.03511e-06,-1.7497e-05,-3.93683e-06,-9.07901e-07,-4.0397e-06,-5.16808e-08,0.524048,0.0610176,0.00475424,0.00925669,-0.213867,0.000708137,0.000545574,-0.00188726,13.8709,1,0,0,0,0,0,-1,1,-9.04616e-07,-3.41771e-06,-0.213762,0,14.3829,1,1010,1010,1010,1010,0,0,0,0,14.3865,56,0.000968051,-0.00341704,56,0.0034622,0.00274823,48,0.00186759,-0.00168306,56,0.001243,-0.00673366,56,0.00111268,-0.000838231,56,-0.00121582,-0.00201233,56,0.00123291,-0.00132455,56,0.00239104,-0.00120734,52,0.000312502,-0.000416431
6048814103132,6048803627000,6048803627000,6048814091669,73729,10.4647,6048829174038,25.547,0,37933,145992,0,0,1,0,0,0.011977,500,500,500,1,2.73791,4.65679,0.613967,0.322669,-0.0605087,0.014267,-0.000126873,1.74684e-05,0.00131179,0.00774152,1,0.0014585,0.0105931,-0.0105931,0.0014585,1,1,-0.0110715,0.00122961,0.000478441,0.00022889,0,0,0,0,0,0,0,0,0,0,0,0,0,0,0,0,0,0,0,0,0,0,0,255,0.22,7.06303,0.22,0.0130393,0.192331,1,1,1,1,1,1,1,-0.192286,-3.12635,0.107713,-0.00226133,0.00708505,0.0115652,29.7335,36544,1,367,163.993,9136,0,0.000884653,0.00374763,0.0439728,0,0,0,1,500,0.225,-0.000107611,1.47732e-05,3.32397e-06,2.42125e-05,8.38993e-06,2.29542e-05,0.524056,0.0610405,0.00474215,0.00927387,-0.213954,-0.000780959,0.00103,-0.00234716,15.3443,2,0,0,0,0,0,-1,1,-9.04616e-07,-3.41771e-06,-0.213762,0,30.001,1,1010,1010,1010,1010,0,0,0,0,30.0046,56,-0.00591532,0.000134104,56,-0.0120925,0.00634103,56,-0.00887186,0.00651381,56,-0.0160709,0.00507237,56,-0.00776206,-0.000278349,56,-0.00794719,0.00102678,56,-0.0132859,-0.00081558,56,-0.0116246,-0.00177447,52,-0.0102707,-0.0033493
6048829779931,6048811640000,6048811640000,6048829765968,73729,18.126,6048842586377,30.9464,0,37933,145993,0,0,1,0,0,0.008013,500,500,499,0.998,2.74909,4.69537,0.67856,0.317114,-0.030899,0.022522,-4.18155e-05,5.56741e-05,-0.00615492,-0.00269079,1,0.00694797,0.00521846,-0.00521846,0.00694797,1,1,-0.00549374,0.00715895,0.000275278,-0.000210977,0,0,0,0,0,0,0,0,0,0,0,0,0,0,0,0,0,0,0,0,0,0,0,255,0.22,3.15271,0.22,-0.00416769,0.00518745,1,1,1,1,0,1,1,-0.192286,-3.12635,0.107713,-0.00226133,0.00708505,0.0115652,43.1721,36544,1,367,177.432,9136,0,0.000884653,0.00374763,0.0439728,0,0,0,1,499,0.225,-3.54788e-05,4.71783e-05,1.06151e-05,7.98272e-06,1.2068e-05,5.54667e-06,0.524068,0.0610461,0.0047471,0.00924376,-0.213963,0.00130595,-0.000949398,5.37623e-05,13.1666,1,0,0,0,0,0,-1,1,-9.04616e-07,-3.41771e-06,-0.213762,0,43.4545,1,1010,1010,1010,1010,0,0,0,0,43.4581,56,-0.00770342,0.0160499,56,-0.00341615,0.000889533,56,-0.00850989,0.00042464,56,-0.00729302,0.00533324,56,-0.0141507,0.00612782,56,-0.0102984,0.00810504,55,-0.0084134,-0.00206131,56,-0.00236646,0.0105207,52,0.000550621,0.00927857
6048843182029,6048831646000,6048831646000,6048843176492,73729,11.5305,6048859257980,27.612,1,37934,145994,0,0,1,0,0,0.020006,500,500,500,1,2.70454,4.95663,0.692209,0.331392,-0.0223694,-0.025238,-4.78421e-05,-4.54925e-05,0.000658947,0.00134254,1,-0.00227394,0.00239139,-0.00239139,-0.00227394,1,1,-0.0024308,-0.00199798,3.94178e-05,-0.000275958,0,0,0,0,0,0,0,0,0,0,0,0,0,0,0,0,0,0,0,0,0,0,0,255,0.22,6.3043,0.22,-0.00158643,-0.00250899,1,1,1,1,0,1,1,-0.19256,-3.12632,0.107877,-0.00352261,0.00622163,0.0122861,9.78318,36545,1,367,194.075,9136,0,0.000884653,0.00374763,0.0439728,0,0,0,1,500,0.225,-4.0563e-05,-3.86005e-05,-8.68512e-06,9.12669e-06,-6.54812e-06,1.07626e-05,0.524062,0.0610568,0.00477665,0.00929085,-0.213991,0.00131635,-0.00124181,0.000911174,9.54953,2,0,0,0,0,0,-1,1,-9.04616e-07,-3.41771e-06,-0.213886,0,10.0498,1,1010,1010,1010,1010,0,0,0,0,10.0545,56,-0.00348023,-0.00480305,56,-0.0111982,0.00311297,56,-0.00163283,-0.00265867,56,-0.000508091,-0.00187283,56,0.000397859,-0.00379247,56,-0.000500844,-0.00220355,56,-0.00296241,-0.00377856,56,-0.00571679,-0.00206677,52,-0.00148065,-0.00410412
6048859790354,6048851645000,6048851645000,6048859784595,73729,8.13959,6048874630777,22.9858,1,37935,145995,0,0,1,0,0,0.019999,500,500,500,1,2.66239,4.766,0.600986,0.321613,0.0429611,-0.0366821,0.000105409,-6.78684e-05,0.00124927,-0.00157077,1,-0.00339359,-0.0052707,0.0052707,-0.00339359,1,1,0.00501915,-0.00335907,0.000251547,-3.45248e-05,0,0,0,0,0,0,0,0,0,0,0,0,0,0,0,0,0,0,0,0,0,0,0,255,0.22,2.75157,0.22,0.00276087,-0.00165255,1,1,1,1,0,1,1,-0.19256,-3.12632,0.107877,-0.00352261,0.00622163,0.0122861,25.1581,36545,1,367,15.3618,9137,0,0.000884653,0.00397924,0.0439717,0,0,0,1,500,0.225,8.93986e-05,-5.74631e-05,-1.29292e-05,-2.01147e-05,-1.69065e-05,-1.69096e-05,0.524045,0.0610399,0.00477925,0.0093296,-0.214013,0.00113117,-0.000155361,-6.32546e-07,15.1231,1,0,0,0,0,0,-1,1,-9.04616e-07,-3.41771e-06,-0.213886,0,25.4319,1,1010,1010,1010,1010,0,0,0,0,25.4366,56,0.00876671,-0.00436615,56,0.00561785,-0.0079589,56,0.00249969,-0.00307949,56,0.00160212,-0.00299791,56,0.00382948,-0.00252148,56,0.0043177,-0.00496679,56,0.00306959,-0.00236394,56,0.00557346,0.0011784,52,0.00284427,-0.0038058
6048875172800,6048863624000,6048863624000,6048875162800,73729,11.5388,6048889242551,25.6186,0,37935,145996,0,0,1,0,0,0.011979,500,500,498,0.996,2.70565,4.58109,0.666264,0.328262,0.0194855,0.0473862,2.78784e-06,7.93777e-05,-0.00582211,0.00220554,1,0.0066264,-0.000232727,0.000232727,0.0066264,1,1,-6.72496e-05,0.0063329,0.000299977,0.000293502,0,0,0,0,0,0,0,0,0,0,0,0,0,0,0,0,0,0,0,0,0,0,0,255,0.21,7.10337,0.21,-0.0176972,-0.190477,1,1,1,1,1,1,1,-0.19256,-3.12632,0.107877,-0.00352261,0.00622163,0.0122861,39.7689,36545,1,367,29.9724,9137,0,0.000884653,0.00397924,0.0439717,0,0,0,1,498,0.215,2.4106e-06,6.72491e-05,1.44586e-05,-5.18279e-07,1.40179e-05,-3.57745e-06,0.524059,0.0610363,0.00479649,0.00941305,-0.214041,0.00119245,0.00126206,-7.79632e-05,14.332,2,0,0,0,0,0,-1,1,-9.04616e-07,-3.41771e-06,-0.213886,0,40.0394,1,1010,1010,1010,1010,0,0,0,0,40.0441,56,0.00892769,0.00835435,56,-0.0144667,0.00545589,54,0.00225683,0.00648929,56,0.00420028,0.00235698,56,0.00306065,0.013254,56,0.00100647,0.0106882,56,0.00370658,0.00505873,56,0.00504998,0.00458442,52,0.00641878,0.012648
6048889870833,6048879661000,6048879661000,6048889862611,73729,10.2016,6048903131967,23.471,1,37936,145997,0,0,1,0,0,0.016037,500,500,496,0.992,2.72806,5.1813,0.664005,0.317058,0.0161438,0.0367584,1.87775e-05,9.28585e-05,-0.00659594,-0.00440886,1,0.00579027,-0.00117089,0.00117089,0.00579027,1,1,0.00174641,0.00579829,-0.000575522,-8.02314e-06,0,0,0,0,0,0,0,0,0,0,0,0,0,0,0,0,0,0,0,0,0,0,0,255,0.22,2.38172,0.22,-0.00034845,-0.0391654,1,1,1,1,0,1,1,-0.193101,-3.12624,0.108128,-0.00487348,0.00746673,0.0131492,0.667283,36546,1,367,43.8597,9137,0,0.000884653,0.00397924,0.0439717,0,0,0,1,496,0.225,1.59304e-05,7.86901e-05,1.77053e-05,-3.58433e-06,1.65389e-05,-7.26324e-06,0.524075,0.0610291,0.00480918,0.00945612,-0.214051,0.000234428,-3.61041e-05,0.00225942,0.43767,2,0,0,0,0,0,-1,1,-9.04616e-07,-3.41771e-06,-0.213945,0,0.946155,1,1010,1010,1010,1010,0,0,0,0,0.949822,56,0.0014213,0.00791199,56,0.00566842,0.00608997,56,0.00154512,0.0066245,56,0.00194954,0.00683215,56,0.00154384,0.00297599,56,0.000797211,0.00273381,56,-0.00187027,0.00293335,56,-0.000827341,0.00343644,48,-0.0024154,0.00624405
6048903675786,6048891644000,6048891644000,6048903664822,73729,12.0208,6048917065568,25.4216,0,37936,145998,0,0,1,0,0,0.011983,500,500,485,0.97,2.67657,4.5859,0.691598,0.33454,-0.00521851,-0.000640869,-1.7266e-05,-3.49444e-07,0.00100723,-0.00235254,1,-2.91616e-05,0.00144088,-0.00144088,-2.91616e-05,1,1,-0.000870496,9.11066e-05,-0.000570381,-0.000120268,0,0,0,0,0,0,0,0,0,0,0,0,0,0,0,0,0,0,0,0,0,0,0,255,0.22,5.8973,0.22,-0.0140549,0.245852,1,1,1,1,0,1,1,-0.193101,-3.12624,0.108128,-0.00487348,0.00746673,0.0131492,14.6045,36546,1,367,57.7969,9137,0,0.000884653,0.00397924,0.0439717,0,0,0,1,485,0.225,-1.45799e-05,-2.95528e-07,-6.64937e-08,3.28049e-06,6.32006e-07,3.21968e-06,0.524076,0.0610323,0.00480918,0.00945612,-0.214051,0.000598136,-0.000541207,0.00253188,14.3713,0,0,0,0,0,0,-1,1,-9.04616e-07,-3.41771e-06,-0.213945,0,14.8721,1,1010,1010,1010,1010,0,0,0,0,14.8757,56,0.0041993,0.003158,56,-0.0092216,0.00476723,56,0.0024208,-0.00377845,56,-0.00303143,-0.00363258,56,0.00163849,-0.000494115,56,0.00319807,0.00308653,56,0.0023133,-0.000375362,56,-0.00661091,-0.000941264,37,-0.000670122,0.000300945
6048917615795,6048899656000,6048899656000,6048917601572,73729,17.9456,6048931673879,32.0179,0,37936,145999,0,0,1,0,0,0.008012,500,500,500,1,2.70395,4.75383,0.635894,0.325743,-0.00547791,-0.0152969,-1.14574e-05,-1.13822e-05,-0.00396276,-0.00420866,1,-0.00142065,0.00143004,-0.00143004,-0.00142065,1,1,-0.0017399,-0.00124389,0.000309864,-0.000176753,0,0,0,0,0,0,0,0,0,0,0,0,0,0,0,0,0,0,0,0,0,0,0,255,0.21,-0.285854,0.21,-0.0015906,-0.00258914,1,1,1,1,0,1,1,-0.193101,-3.12624,0.108128,-0.00487348,0.00746673,0.0131492,29.2267,36546,1,367,72.4193,9137,0,0.000884653,0.00397924,0.0439717,0,0,0,1,500,0.215,-9.72709e-06,-9.6192e-06,-2.06813e-06,2.09133e-06,-1.57625e-06,2.48301e-06,0.524074,0.0610348,0.00480611,0.00950325,-0.214154,0.000347657,-0.000760038,-0.000787806,14.3291,2,0,0,0,0,0,-1,1,-9.04616e-07,-3.41771e-06,-0.213945,0,29.507,1,1010,1010,1010,1010,0,0,0,0,29.5107,56,-0.000525363,-0.000296256,56,0.0137391,-0.0155485,56,-2.36458e-05,-0.00642546,56,-0.00405684,0.00750823,56,-0.000229225,-0.002964,56,-0.00333499,-0.00565413,56,-0.00778008,-0.00106633,56,0.00374059,0.00285949,52,-0.00469354,-0.0043212
6048932261216,6048919660000,6048919660000,6048932253901,73729,12.5939,6048946438135,26.7781,1,37937,146000,0,0,1,0,0,0.020004,500,500,500,1,2.71467,4.81696,0.694505,0.330428,-0.046051,0.0196381,-0.000108375,6.13141e-05,-0.000342853,-0.00441654,1,0.00306509,0.00541769,-0.00541769,0.00306509,1,1,-0.00641059,0.00285892,0.000992894,0.000206178,0,0,0,0,0,0,0,0,0,0,0,0,0,0,0,0,0,0,0,0,0,0,0,255,0.22,4.1956,0.22,-0.0181945,-0.158255,1,1,1,1,1,1,1,-0.193101,-3.12624,0.108128,-0.00487348,0.00746673,0.0131492,43.9743,36546,1,367,87.1667,9137,0,0.000884653,0.00397924,0.0439717,0,0,0,1,500,0.225,-9.18157e-05,5.18914e-05,1.16756e-05,2.06585e-05,1.58008e-05,1.77039e-05,0.52409,0.0610525,0.00478767,0.0095322,-0.214224,-0.000587292,0.000927802,-0.00404425,14.5009,1,0,0,0,0,0,-1,1,-9.04616e-07,-3.41771e-06,-0.213945,0,44.2421,1,1010,1010,1010,1010,0,0,0,0,0.222206,56,-0.00827529,0.00154498,56,-0.0242947,0.0156251,56,0.00318962,0.00115101,56,-3.54424e-06,-0.00147376,56,-0.00624138,-0.000198972,56,-0.00171985,0.00418573,56,-0.00769281,0.000681757,56,-0.00818709,0.000269986,52,-0.00150139,0.00407099
6048947085658,6048931639000,6048931639000,6048947069343,73729,15.4303,6048961537411,29.8984,0,37937,146001,0,0,1,0,0,0.011979,500,500,486,0.972,2.68904,4.4729,0.598689,0.362224,0.0070343,-0.00622559,-1.51317e-05,-2.32119e-05,-0.00134284,0.0066452,1,-0.00193772,0.00126319,-0.00126319,-0.00193772,1,1,-0.00223437,-0.00223904,0.000971186,0.000301325,0,0,0,0,0,0,0,0,0,0,0,0,0,0,0,0,0,0,0,0,0,0,0,255,0.22,8.71173,0.22,0.00334875,0.294363,1,1,1,1,0,1,1,-0.193496,-3.12614,0.108284,-0.00548812,0.00731763,0.012686,15.0539,36547,1,367,102.27,9137,0,0.000884653,0.00397924,0.0439717,0,0,0,1,486,0.225,-1.28459e-05,-1.96565e-05,-4.4227e-06,2.89033e-06,-3.70665e-06,3.76456e-06,0.524086,0.0610562,0.00478983,0.00956329,-0.214274,-0.000683406,0.00135596,-0.00404299,14.8598,1,0,0,0,0,0,-1,1,-9.04616e-07,-3.41771e-06,-0.214194,0,0.262002,1,1010,1010,1010,1010,0,0,0,0,15.3329,56,0.00933933,0.00218522,56,-0.000443146,-0.0110658,42,-0.00601032,0.00438044,56,-0.0152586,-0.00504661,56,0.00476383,-0.00102949,56,0.000987026,-7.46596e-05,56,0.00939448,-0.00264788,56,-0.00651312,-0.00307457,52,3.71449e-05,0.00168366
6048962103730,6048951643000,6048951643000,6048962098064,73729,10.4551,6048975856497,24.2135,1,37938,146002,0,0,1,0,0,0.020004,500,500,500,1,2.77169,4.54163,0.661597,0.315818,0.0336609,-0.0108261,7.48731e-05,6.10917e-06,0.00154943,-0.00732118,1,0.000305397,-0.00374291,0.00374291,0.000305397,1,1,0.00298886,0.000414654,0.000754045,-0.000109256,0,0,0,0,0,0,0,0,0,0,0,0,0,0,0,0,0,0,0,0,0,0,0,255,0.22,3.61354,0.22,0.0032632,-0.0019365,1,1,1,1,0,1,1,-0.193496,-3.12614,0.108284,-0.00548812,0.00731763,0.012686,29.3715,36547,1,367,116.587,9137,0,0.000884653,0.00397924,0.0439717,0,0,0,1,500,0.225,6.35162e-05,5.19946e-06,1.16988e-06,-1.42912e-05,-1.89673e-06,-1.42127e-05,0.524085,0.061042,0.00483975,0.00949851,-0.214299,0.00205028,-0.000491652,-0.00107433,14.0338,2,0,0,0,0,0,-1,1,-9.04616e-07,-3.41771e-06,-0.214194,0,14.594,1,1010,1010,1010,1010,0,0,0,0,29.6649,56,0.0063616,0.000979385,56,0.00505809,0.00351521,56,0.00526216,-0.00413465,56,0.00383173,-0.00108915,56,-0.000525132,-0.00076743,56,0.00408481,0.000122686,56,-0.00249546,0.00120294,56,0.00759567,0.00304216,52,0.0022731,-0.000362519
6048976381131,6048959661000,6048959661000,6048976369797,73729,16.7088,6048989383337,29.7223,0,37938,146003,0,0,1,0,0,0.008018,500,500,500,1,2.68215,4.80922,0.602171,0.313835,-0.0001297,-0.0118561,-6.84123e-06,-3.021e-05,-0.00632905,0.00944574,1,-0.00376778,0.000853234,-0.000853234,-0.00376778,1,1,-0.000392025,-0.00371868,-0.000461209,-4.91022e-05,0,0,0,0,0,0,0,0,0,0,0,0,0,0,0,0,0,0,0,0,0,0,0,255,0.22,7.31826,0.22,-0.000723069,-0.00229128,1,1,1,1,0,1,1,-0.193496,-3.12614,0.108284,-0.00548812,0.00731763,0.012686,42.8997,36547,1,367,130.116,9137,0,0.000884653,0.00397924,0.0439717,0,0,0,1,500,0.225,-5.75893e-06,-2.55852e-05,-5.75667e-06,1.29576e-06,-5.34914e-06,2.49023e-06,0.524079,0.0610445,0.00483753,0.00945346,-0.214293,0.00188754,-0.00022096,0.00317039,13.2463,2,0,0,0,0,0,-1,1,-9.04616e-07,-3.41771e-06,-0.214194,0,28.1035,1,1010,1010,1010,1010,0,0,0,0,43.1744,56,-0.00257443,0.00616164,56,-0.00219872,-0.0195381,56,-0.00333162,-0.000380139,56,-0.0058863,-0.00713009,56,0.00394129,0.00353028,56,0.0016292,-0.00254823,56,0.000573,-0.0121834,56,-0.00795102,-0.00586359,52,0.00600347,-0.00704189
6048989891304,6048979653000,6048979653000,6048989886192,73729,10.2332,6049003917313,24.2643,1,37939,146004,0,0,1,0,0,0.019992,500,500,479,0.958,2.71817,5.11378,0.66632,0.300706,-0.0394287,0.0209656,-9.1966e-05,4.94871e-05,-0.00371827,-0.00125264,1,0.00247535,0.00460014,-0.00460014,0.00247535,1,1,-0.00416345,0.00221298,-0.000436687,0.000262364,0,0,0,0,0,0,0,0,0,0,0,0,0,0,0,0,0,0,0,0,0,0,0,255,0.22,0.9676,0.22,-0.00629531,0.00251867,1,1,1,1,1,1,1,-0.193381,-3.12614,0.108463,-0.00398854,0.00743208,0.0132619,0.809136,36548,1,367,144.643,9137,0,0.000884653,0.00397924,0.0439717,0,0,0,1,479,0.225,-7.79733e-05,4.18917e-05,9.42563e-06,1.7544e-05,1.29425e-05,1.51369e-05,0.524092,0.0610597,0.00480691,0.00941369,-0.214378,-0.000837646,0.00118064,0.000901955,0.578967,2,0,0,0,0,0,-1,1,-9.04616e-07,-3.41771e-06,-0.214272,0,1.09227,1,1010,1010,1010,1010,0,0,0,0,1.09649,56,-0.00477232,0.00283598,56,-0.00856601,0.00962846,36,-0.00126034,0.00118041,56,-0.00457756,0.000438499,56,-0.00189728,-0.00237387,55,-0.00067824,0.00166326,56,-0.00522716,0.00375621,56,-0.00854206,0.000623779,52,-0.00479539,0.00298467
6049004499114,6048991633000,6048991633000,6049004488669,73729,12.8557,6049019436278,27.8033,0,37939,146005,0,0,1,0,0,0.01198,500,500,500,1,2.71033,4.69627,0.68482,0.344743,-0.0241699,0.0356293,-6.6452e-05,8.00073e-05,-0.00607052,-0.00478431,1,0.00667841,0.00554692,-0.00554692,0.00667841,1,1,-0.00591498,0.00646078,0.00036806,0.000217627,0,0,0,0,0,0,0,0,0,0,0,0,0,0,0,0,0,0,0,0,0,0,0,255,0.22,5.4355,0.22,-0.00367065,0.00428822,1,1,1,1,0,1,1,-0.193381,-3.12614,0.108463,-0.00398854,0.00743208,0.0132619,16.3349,36548,1,367,160.169,9137,0,0.000884653,0.00397924,0.0439717,0,0,0,1,500,0.225,-5.63037e-05,6.77733e-05,1.5249e-05,1.26683e-05,1.75953e-05,9.13326e-06,0.52411,0.0610688,0.00480361,0.00938,-0.214428,-0.000370609,0.000979324,-0.0016215,15.2776,1,0,0,0,0,0,-1,1,-9.04616e-07,-3.41771e-06,-0.214272,0,16.6051,1,1010,1010,1010,1010,0,0,0,0,16.6093,56,-0.00935988,0.00244109,56,-0.0125103,0.0148501,56,-0.0020248,0.00411344,56,-0.00392489,0.00513126,56,-0.000380018,0.00770469,56,-0.0077901,0.000340632,56,-0.00124878,0.000964577,56,0.00311534,0.0106447,52,-0.00562075,0.00919376
6049019951171,6049011636000,6049011636000,6049019946671,73729,8.31067,6049035391080,23.7551,1,37940,146006,0,0,1,0,0,0.020003,500,500,500,1,2.69907,4.76214,0.701949,0.31091,0.0215302,0.0171814,6.76404e-05,1.68349e-05,0.00468939,-0.00096151,1,0.000841621,-0.00338151,0.00338151,0.000841621,1,1,0.00269564,0.000914474,0.000685871,-7.28535e-05,0,0,0,0,0,0,0,0,0,0,0,0,0,0,0,0,0,0,0,0,0,0,0,255,0.22,0.606264,0.22,0.0028721,-0.000169095,1,1,1,1,0,1,1,-0.193381,-3.12614,0.108463,-0.00398854,0.00743208,0.0132619,32.2858,36548,1,367,176.12,9137,0,0.000884653,0.00397924,0.0439717,0,0,0,1,500,0.225,5.73049e-05,1.42727e-05,3.21135e-06,-1.28936e-05,3.92909e-07,-1.32814e-05,0.52411,0.0610555,0.00481127,0.00932808,-0.214474,0.00076775,-0.000327841,-0.00185494,15.6665,1,0,0,0,0,0,-1,1,-9.04616e-07,-3.41771e-06,-0.214272,0,32.5617,1,1010,1010,1010,1010,0,0,0,0,32.5659,56,0.00633028,0.00201885,56,0.00687244,0.00336785,56,0.000449386,0.00270191,56,0.00206578,0.00293425,56,0.00180792,0.000706526,56,0.000839287,0.00318694,56,0.0059734,0.00345799,56,0.000180411,-0.00224183,52,0.00255973,9.13702e-05
6049035894806,6049019658000,6049019658000,6049035884232,73729,16.2262,6049048813085,29.1551,0,37940,146007,0,0,1,0,0,0.008022,500,500,483,0.966,2.68248,4.70487,0.747617,0.30428,0.0137024,-0.00482178,1.6753e-05,1.91947e-05,-0.00294469,0.000221922,1,0.00239276,-0.00208839,0.00208839,0.00239276,1,1,0.0014958,0.00277844,0.000592588,-0.000385674,0,0,0,0,0,0,0,0,0,0,0,0,0,0,0,0,0,0,0,0,0,0,0,255,0.22,6.35503,0.22,0.00312794,3.89087e-05,1,1,1,1,0,1,1,-0.193381,-3.12614,0.108463,-0.00398854,0.00743208,0.0132619,45.7223,36548,1,367,189.556,9137,0,0.000884653,0.00397924,0.0439717,0,0,0,1,483,0.225,1.42777e-05,1.62727e-05,3.66135e-06,-3.21249e-06,2.89324e-06,-3.9182e-06,0.524113,0.0610516,0.00483097,0.00923613,-0.214529,0.00193121,-0.00173553,-0.00058835,13.1201,2,0,0,0,0,0,-1,1,-9.04616e-07,-3.41771e-06,-0.214442,0,0.262243,1,1010,1010,1010,1010,0,0,0,0,0.268613,56,0.0237662,0.0144539,56,-0.00432391,0.0118721,56,0.00987071,-0.00345507,56,-0.00926306,-0.00406204,56,0.00196525,-0.00879424,55,0.00535299,-0.00446818,56,-0.00215526,-0.00866753,56,-0.00223209,-0.000450862,36,0.004752,0.00169187
6049049394701,6049039659000,6049039659000,6049049388904,73729,9.7299,6049063450488,23.7915,1,37941,146008,0,0,1,0,0,0.020001,500,500,478,0.956,2.73704,4.78555,0.676561,0.30141,0.0340576,-0.0585327,5.46752e-05,-0.000121528,-0.0010652,0.0038466,1,-0.00607612,-0.00273363,0.00273363,-0.00607612,1,1,0.00235415,-0.00585333,0.000379475,-0.000222784,0,0,0,0,0,0,0,0,0,0,0,0,0,0,0,0,0,0,0,0,0,0,0,255,0.22,-0.381188,0.22,0.000927094,-0.00354658,1,1,1,1,1,1,1,-0.193253,-3.12616,0.108649,-0.00299553,0.00760617,0.0128977,14.6389,36549,1,367,204.219,9137,0,0.000884653,0.00397924,0.0439717,0,0,0,1,478,0.225,4.63436e-05,-0.000102952,-2.31642e-05,-1.04273e-05,-2.48526e-05,-5.25643e-06,0.524088,0.0610463,0.00483981,0.00920272,-0.214548,0.00200216,-0.00100253,0.000235621,14.3687,1,0,0,0,0,0,-1,1,-9.04616e-07,-3.41771e-06,-0.214442,0,14.9146,1,1010,1010,1010,1010,0,0,0,0,14.921,56,-0.0020506,-0.00989866,56,0.0041089,-0.0087951,56,-0.00142475,-0.00247511,56,0.00371487,-0.0067793,56,0.000706375,-0.00352758,56,0.00253723,-0.00421959,39,-0.00203816,-0.00347388,56,0.00517671,-0.00751691,47,0.00670406,-0.00557477
6049064078789,6049051638000,6049051638000,6049064066697,73729,12.4287,6049078472246,26.8342,0,37941,146009,0,0,1,0,0,0.011979,500,500,487,0.974,2.69954,4.59763,0.598597,0.313151,-0.0149841,0.0167236,-2.08162e-05,4.06579e-05,-0.0025765,-0.00336106,1,0.0033941,0.00173772,-0.00173772,0.0033941,1,1,-0.00190837,0.00321772,0.000170653,0.000176375,0,0,0,0,0,0,0,0,0,0,0,0,0,0,0,0,0,0,0,0,0,0,0,255,0.22,4.16275,0.22,-0.0038093,0.00402171,1,1,1,1,0,1,1,-0.193253,-3.12616,0.108649,-0.00299553,0.00760617,0.0128977,29.6254,36549,1,367,14.9447,9138,0,0.000884653,0.00419381,0.0439143,0,0,0,1,487,0.225,-1.76558e-05,3.44616e-05,7.75386e-06,3.97255e-06,8.42176e-06,2.23042e-06,0.524097,0.0610486,0.00483002,0.0092039,-0.214572,0.000958795,0.000793689,0.000152685,14.7132,1,0,0,0,0,0,-1,1,-9.04616e-07,-3.41771e-06,-0.214442,0,29.8878,1,1010,1010,1010,1010,0,0,0,0,29.8942,51,-0.0100046,0.00354866,56,-0.00807208,-0.000623051,56,0.000815032,0.00533858,56,-0.0019061,0.0048963,56,-0.00362712,0.00458015,56,-0.00479226,0.00197292,56,-0.00378818,0.0017576,56,0.00375475,0.00418486,44,-0.00239151,0.000115194
6049078981083,6049071639000,6049071639000,6049078974880,73729,7.33588,6049092891944,21.2529,1,37942,146010,0,0,1,0,0,0.020001,500,500,500,1,2.70241,4.82994,0.689375,0.319687,-0.0378571,0.0569305,-6.95779e-05,0.000101421,0.000227625,0.00418371,1,0.00507077,0.00347872,-0.00347872,0.00507077,1,1,-0.00322501,0.0046943,-0.00025371,0.00037647,0,0,0,0,0,0,0,0,0,0,0,0,0,0,0,0,0,0,0,0,0,0,0,255,0.22,5.83728,0.22,-0.00402478,0.00408212,1,1,1,1,0,1,1,-0.193253,-3.12616,0.108649,-0.00299553,0.00760617,0.0128977,44.0849,36549,1,367,29.4043,9138,0,0.000884653,0.00419381,0.0439143,0,0,0,1,500,0.225,-5.90964e-05,8.59131e-05,1.93304e-05,1.32967e-05,2.17184e-05,8.87494e-06,0.524118,0.0610574,0.00481031,0.00917657,-0.214605,-0.000379457,0.00169412,0.000609789,14.1319,2,0,0,0,0,0,-1,1,-9.04616e-07,-3.41771e-06,-0.214442,0,44.3635,1,1010,1010,1010,1010,0,0,0,0,44.3698,56,-0.000576501,0.00466934,56,0.0109763,0.0079952,56,-0.00600649,0.000613059,56,-0.00348427,0.00899182,56,-0.000483908,0.00254695,56,-0.00444632,0.00498018,56,-0.0057976,0.00664573,56,-0.005463,0.00387745,52,-0.00501399,0.00562262
6049093444393,6049079651000,6049079651000,6049093434059,73729,13.7831,6049106224004,26.573,0,37942,146011,0,0,1,0,0,0.008012,500,500,495,0.99,2.75637,4.75381,0.592745,0.309187,-0.000640869,-0.00646973,-2.60938e-05,1.57104e-06,-0.0110786,-0.00898878,1,0.000196086,0.00325684,-0.00325684,0.000196086,1,1,-0.00350433,0.000397036,0.00024749,-0.000200951,0,0,0,0,0,0,0,0,0,0,0,0,0,0,0,0,0,0,0,0,0,0,0,255,0.22,3.07415,0.22,-0.000793899,-0.00334687,1,1,1,1,0,1,1,-0.193107,-3.1262,0.108897,-0.00313226,0.00713817,0.0135202,6.67859,36550,1,367,42.6939,9138,0,0.000884653,0.00419381,0.0439143,0,0,0,1,495,0.225,-2.20596e-05,1.32642e-06,2.98444e-07,4.96341e-06,1.34916e-06,4.78579e-06,0.52412,0.0610622,0.00482341,0.00912208,-0.214679,0.00151485,-0.000904278,0.000320913,6.44586,2,0,0,0,0,0,-1,1,-9.04616e-07,-3.41771e-06,-0.214573,0,6.94318,1,1010,1010,1010,1010,0,0,0,0,6.94781,56,-0.000208878,0.00527489,56,-0.000569598,0.00399753,51,-0.000118506,-0.0099376,56,0.00174481,-0.00302086,56,0.00232953,-0.00820837,56,0.0023749,-0.000503332,56,-0.00330693,-0.00499104,56,-0.0118166,-0.00542578,52,0.000990391,0.00303626
6049106726212,6049091630000,6049091630000,6049106715934,73729,15.0859,6049120152939,28.5229,0,37942,146012,0,0,1,0,0,0.011979,500,500,451,0.902,2.7397,4.6245,0.62032,0.28628,0.00991821,-0.0170288,3.19173e-05,-2.20583e-05,0.00753945,-0.0113861,1,-0.00184142,-0.00266444,0.00266444,-0.00184142,1,1,0.00171048,-0.00169847,0.000953961,-0.000142947,0,0,0,0,0,0,0,0,0,0,0,0,0,0,0,0,0,0,0,0,0,0,0,255,0.22,3.86616,0.22,0.00127229,-0.00382374,1,1,1,1,1,1,1,-0.193107,-3.1262,0.108897,-0.00313226,0.00713817,0.0135202,20.6065,36550,1,367,56.6217,9138,0,0.000884653,0.00419381,0.0439143,0,0,0,1,451,0.225,2.70811e-05,-1.86416e-05,-4.19437e-06,-6.09325e-06,-5.39692e-06,-5.05901e-06,0.524114,0.0610572,0.00480118,0.00910701,-0.214816,0.00021634,-0.00064326,-0.00326119,4.74872,2,0,0,0,0,0,-1,1,-9.04616e-07,-3.41771e-06,-0.214573,0,20.8707,1,1010,1010,1010,1010,0,0,0,0,20.8753,56,0.011093,0.00110556,56,-0.0040201,-0.000292257,18,0.00333121,-0.00346944,56,-0.00326488,-0.00724231,56,0.00225998,-0.000612144,45,0.00471067,-0.00531834,56,0.00381267,-0.0016984,56,-0.00407141,0.00173531,52,0.0081969,-0.00731898
6049120707777,6049107662000,6049107662000,6049120702240,73729,13.0402,6049134863361,27.2014,1,37943,146013,0,0,1,0,0,0.016032,500,500,500,1,2.75719,4.7039,0.600893,0.311465,0.00895691,-0.0147705,2.01082e-05,-3.9414e-05,0.00297241,0.00301514,1,-0.00245846,-0.00125425,0.00125425,-0.00245846,1,1,0.000141339,-0.00245494,0.00111292,-3.51931e-06,0,0,0,0,0,0,0,0,0,0,0,0,0,0,0,0,0,0,0,0,0,0,0,255,0.22,-0.067037,0.22,-0.0010227,-0.000505722,1,1,1,1,0,1,1,-0.193107,-3.1262,0.108897,-0.00313226,0.00713817,0.0135202,35.3173,36550,1,367,71.3326,9138,0,0.000884653,0.00419381,0.0439143,0,0,0,1,500,0.225,1.70342e-05,-3.3386e-05,-7.51186e-06,-3.8327e-06,-8.15606e-06,-2.14332e-06,0.524106,0.061055,0.00480118,0.00910701,-0.214816,-0.000136959,-1.58369e-05,-0.00411606,19.4506,0,0,0,0,0,0,-1,1,-9.04616e-07,-3.41771e-06,-0.214573,0,35.589,1,1010,1010,1010,1010,0,0,0,0,35.5936,56,0.00251951,-0.0017855,56,0.00585707,-0.0112045,56,-9.54224e-05,-0.00343194,56,0.000143083,-0.000271069,56,0.00109766,-0.0024127,56,0.0023783,-0.00256219,56,0.00588992,-0.000463189,56,-0.0006535,-0.00296958,52,-0.0049432,-0.00108969
6049135373069,6049119653000,6049119653000,6049135364476,73729,15.7115,6049149073428,29.4204,0,37943,146014,0,0,1,0,0,0.011991,500,500,499,0.998,2.68378,4.63066,0.770431,0.309021,0.0145874,0.0306091,1.15273e-05,8.26809e-05,0.00955225,-0.00818113,1,0.00689525,-0.000961333,0.000961333,0.00689525,1,1,0.000420264,0.00671641,0.000541069,0.000178842,0,0,0,0,0,0,0,0,0,0,0,0,0,0,0,0,0,0,0,0,0,0,0,255,0.22,4.43398,0.22,0.000587931,0.00531623,1,1,1,1,0,1,1,-0.192948,-3.12627,0.109047,-0.00217402,0.00710483,0.0136838,0.12589,36551,1,367,85.5339,9138,0,0.000884653,0.00419381,0.0439143,0,0,0,1,499,0.225,9.78229e-06,7.0009e-05,1.5752e-05,-2.20102e-06,1.49199e-05,-5.5085e-06,0.524121,0.0610495,0.00481302,0.00910964,-0.214845,0.000659772,0.000804789,-0.00142003,13.9255,2,0,0,0,0,0,-1,1,-9.04616e-07,-3.41771e-06,-0.214714,0,0.397428,1,1010,1010,1010,1010,0,0,0,0,0.400891,56,-0.00891707,0.00350417,56,-0.00279244,0.0317927,56,0.00649519,0.000957673,56,0.00902694,0.0033143,56,0.00318611,0.00509226,56,0.00910203,0.0057576,55,-0.00206019,0.00405792,56,-0.00134829,0.00190135,52,-0.0012745,0.00586484
6049149574061,6049139654000,6049139654000,6049149569154,73729,9.91515,6049162449878,22.7959,1,37944,146015,0,0,1,0,0,0.020001,500,500,500,1,2.70924,4.8465,0.656023,0.318613,0.0549011,-0.00610352,9.23293e-05,-3.5951e-05,-0.00748825,0.00553466,1,-0.00179746,-0.00461623,0.00461623,-0.00179746,1,1,0.00503052,-0.00175879,-0.000414285,-3.86753e-05,0,0,0,0,0,0,0,0,0,0,0,0,0,0,0,0,0,0,0,0,0,0,0,255,0.21,5.51511,0.21,-0.00524594,-0.133491,1,1,1,2,0,1,1,-0.192948,-3.12627,0.109047,-0.00217402,0.00710483,0.0136838,13.5354,36551,1,367,98.9434,9138,0,0.000884653,0.00419381,0.0439143,0,0,0,1,500,0.215,7.82946e-05,-3.04227e-05,-6.54087e-06,-1.68333e-05,-9.97934e-06,-1.50518e-05,0.524111,0.0610345,0.00482648,0.00910145,-0.214821,0.00229254,-0.000166304,0.00325917,13.2711,1,0,0,0,0,0,-1,1,-9.04616e-07,-3.41771e-06,-0.214714,0,13.7994,1,1010,1010,1010,1010,0,0,0,0,13.8028,56,0.0088331,5.89383e-05,56,0.00849484,-0.0113765,56,-0.000505324,0.00202357,56,0.000992527,0.00126158,56,0.00593864,-0.00129596,56,0.000735917,0.000592237,56,0.00541452,-0.00131469,56,0.00929638,0.000594107,52,0.00684509,-0.00263001
6049162984807,6049147668000,6049147668000,6049162976622,73729,15.3086,6049175434398,27.7664,0,37944,146016,0,0,1,0,0,0.008014,500,500,470,0.94,2.71669,4.46783,0.656709,0.328669,0.00691223,-0.012558,4.07792e-06,-8.6486e-06,-0.00387743,0.0055316,1,-0.00107919,-0.00050885,0.00050885,-0.00107919,1,1,0.00124703,-0.000917125,-0.000738181,-0.000162061,0,0,0,0,0,0,0,0,0,0,0,0,0,0,0,0,0,0,0,0,0,0,0,255,0.21,1.62679,0.21,0.0217782,-0.19046,1,1,1,1,1,1,1,-0.192948,-3.12627,0.109047,-0.00217402,0.00710483,0.0136838,26.4968,36551,1,367,111.905,9138,0,0.000884653,0.00419381,0.0439143,0,0,0,1,470,0.215,3.45609e-06,-7.36006e-06,-1.58241e-06,-7.4306e-07,-1.7044e-06,-3.88682e-07,0.524109,0.0610341,0.0048358,0.00909368,-0.214803,0.00217286,-0.000696863,0.00427763,12.6821,1,0,0,0,0,0,-1,1,-9.04616e-07,-3.41771e-06,-0.214714,0,26.761,1,1010,1010,1010,1010,0,0,0,0,26.7645,56,-0.000343131,-0.00872636,56,0.0129601,-0.00630088,29,0.00419834,-0.00621356,56,0.000561414,-0.00380566,56,-0.0100767,0.00989783,53,0.00255929,-0.00391667,56,-0.000304393,0.00708879,56,-0.00347121,-0.0095196,52,0.000641144,-0.0012512
6049175992662,6049167674000,6049167674000,6049175986310,73729,8.31231,6049189386407,21.7124,1,37945,146017,0,0,1,0,0,0.020006,500,500,500,1,2.69309,4.61131,0.686339,0.318669,-0.0637054,0.0155792,-0.00011782,5.11677e-05,-0.00338205,-0.00467906,1,0.00255762,0.00588921,-0.00588921,0.00255762,1,1,-0.00545015,0.00259775,-0.000439056,-4.01338e-05,0,0,0,0,0,0,0,0,0,0,0,0,0,0,0,0,0,0,0,0,0,0,0,255,0.21,-0.052352,0.21,-0.00741385,0.00207589,1,1,1,1,0,1,1,-0.192948,-3.12627,0.109047,-0.00217402,0.00710483,0.0136838,40.4495,36551,1,367,125.858,9138,0,0.000884653,0.00419381,0.0439143,0,0,0,1,500,0.215,-9.99368e-05,4.33543e-05,9.32117e-06,2.14864e-05,1.36885e-05,1.90046e-05,0.524123,0.0610531,0.00479907,0.00911155,-0.214861,0.00018298,-0.000172575,0.00165674,13.6712,2,0,0,0,0,0,-1,1,-9.04616e-07,-3.41771e-06,-0.214714,0,40.7143,1,1010,1010,1010,1010,0,0,0,0,40.7178,56,-0.00859539,0.00264991,56,-0.00657198,0.00439855,56,-0.00595423,0.00311354,56,-0.00443576,0.00252212,56,-0.0031712,-0.000116532,56,-0.00610077,0.00211914,56,-0.00950458,-0.00366973,56,-0.000786907,0.0033179,52,-0.00725546,0.00190142
6049189892078,6049179646000,6049179646000,6049189880281,73729,10.2343,6049206839072,27.1931,0,37945,146018,0,0,1,0,0,0.011972,500,500,493,0.986,2.72483,5.21028,0.672505,0.304557,-0.026886,0.011322,-5.76797e-05,3.64264e-05,0.00110856,-0.0055332,1,0.00304263,0.00481789,-0.00481789,0.00304263,1,1,-0.00573325,0.00272065,0.000915359,0.000321986,0,0,0,0,0,0,0,0,0,0,0,0,0,0,0,0,0,0,0,0,0,0,0,255,0.21,6.5082,0.21,-0.00547844,0.00226776,1,1,1,1,0,1,1,-0.19277,-3.12633,0.109215,-0.00183456,0.00701753,0.0139039,6.80392,36552,1,367,143.304,9138,0,0.000884653,0.00419381,0.0439143,0,0,0,1,493,0.215,-4.88579e-05,3.08779e-05,6.63875e-06,1.05045e-05,8.72734e-06,8.8459e-06,0.524132,0.0610619,0.00477679,0.00913663,-0.215022,-0.00103842,0.00138454,-0.00397957,6.57536,2,0,0,0,0,0,-1,1,-9.04616e-07,-3.41771e-06,-0.214916,0,7.0752,1,1010,1010,1010,1010,0,0,0,0,7.07972,56,-0.00319483,-0.00291806,56,-0.0231655,0.0041871,49,-0.0010342,0.00701604,56,-0.00306814,0.00106184,56,-0.0139901,0.000325355,56,0.00149575,0.00197073,56,-0.00332534,0.0054723,56,-0.0130326,0.00073635,52,-0.00230461,0.00184975
6049207351576,6049187671000,6049187671000,6049207341668,73729,19.6707,6049220299133,32.6281,0,37945,146019,0,0,1,0,0,0.008025,500,500,500,1,2.66633,4.76767,0.707135,0.312521,-0.00997925,-0.0075531,-2.14882e-05,2.11965e-05,-0.00196578,-0.0177714,1,0.00264131,0.00267766,-0.00267766,0.00264131,1,1,-0.00414351,0.00259055,0.00146586,5.07537e-05,0,0,0,0,0,0,0,0,0,0,0,0,0,0,0,0,0,0,0,0,0,0,0,255,0.22,5.42948,0.22,0.0156003,0.260829,1,1,1,1,0,1,1,-0.19277,-3.12633,0.109215,-0.00183456,0.00701753,0.0139039,20.2736,36552,1,367,156.774,9138,0,0.000884653,0.00419381,0.0439143,0,0,0,1,500,0.225,-1.81364e-05,1.79335e-05,4.03503e-06,4.08068e-06,4.81298e-06,3.12543e-06,0.524137,0.061065,0.00479218,0.00913411,-0.21508,0.000832484,0.000228391,-0.00461109,13.2223,1,0,0,0,0,0,-1,1,-9.04616e-07,-3.41771e-06,-0.214916,0,20.5447,1,1010,1010,1010,1010,0,0,0,0,20.5492,56,0.00677596,0.00690607,56,-0.0196133,0.00869645,56,0.00845521,-0.00767019,56,0.00367489,-0.00279334,56,-0.00701707,0.00362988,56,-0.00138424,0.00131889,56,-0.00714689,-0.00559097,56,-0.0105398,-0.00134436,52,-0.000613471,0.00091384
6049220820711,6049207668000,6049207668000,6049220814711,73729,13.1467,6049234969129,27.3011,1,37946,146020,0,0,1,0,0,0.019997,500,500,500,1,2.71624,4.76031,0.633745,0.323188,0.0485077,-0.0335159,0.00011028,-0.000101729,0.00321227,0.0064385,1,-0.00508721,-0.00551484,0.00551484,-0.00508721,1,1,0.00443997,-0.00497835,0.00107486,-0.000108855,0,0,0,0,0,0,0,0,0,0,0,0,0,0,0,0,0,0,0,0,0,0,0,255,0.22,8.38304,0.22,0.0185541,0.0910991,1,1,1,1,1,1,1,-0.19277,-3.12633,0.109215,-0.00183456,0.00701753,0.0139039,34.9375,36552,1,367,171.438,9138,0,0.000884653,0.00419381,0.0439143,0,0,0,1,500,0.225,9.34345e-05,-8.6199e-05,-1.93948e-05,-2.10228e-05,-2.34352e-05,-1.63981e-05,0.524113,0.0610486,0.00480221,0.00912862,-0.215107,0.00212292,-0.000489847,-0.00217118,14.4144,1,0,0,0,0,0,-1,1,-9.04616e-07,-3.41771e-06,-0.214916,0,35.218,1,1010,1010,1010,1010,0,0,0,0,35.2226,56,0.000486648,-0.00598418,56,0.0090767,-0.00925124,56,0.00155656,-0.00323234,56,0.00563325,-0.00287393,56,0.00741976,-0.00550578,56,0.00423322,-0.00228929,56,0.00127462,-0.00343754,56,0.0105074,-0.00639847,52,0.00527734,-0.00349246
6049235553467,6049219648000,6049219648000,6049235543763,73729,15.8958,6049250612132,30.9641,0,37946,146021,0,0,1,0,0,0.01198,500,500,500,1,2.69026,4.64581,0.71869,0.314632,0.0181122,0.0158081,8.68067e-06,6.20992e-05,-0.0068895,-0.0101623,1,0.00518357,-0.000724597,0.000724597,0.00518357,1,1,0.00119364,0.00533601,-0.000469041,-0.000152437,0,0,0,0,0,0,0,0,0,0,0,0,0,0,0,0,0,0,0,0,0,0,0,255,0.22,3.17484,0.22,0.00147823,0.00256963,1,1,1,1,0,1,1,-0.192602,-3.1264,0.10941,-0.000938578,0.00720946,0.0141133,1.74244,36553,1,367,187.076,9138,0,0.000884653,0.00419381,0.0439143,0,0,0,1,500,0.225,7.44115e-06,5.25986e-05,1.18347e-05,-1.67426e-06,1.12041e-05,-4.1614e-06,0.524124,0.0610445,0.00479097,0.00912653,-0.215083,0.000964593,-0.000685967,0.00246022,1.51329,3,0,0,0,0,0,-1,1,-9.04616e-07,-3.41771e-06,-0.214977,0,2.01005,1,1010,1010,1010,1010,0,0,0,0,2.01357,56,-0.000310163,0.000126834,56,-0.017001,0.0178171,56,0.009959,0.00337874,56,0.001131,-0.00357223,56,0.00340032,0.00483209,56,0.00386483,0.00512594,56,0.00154589,-8.53242e-05,56,0.00311816,0.00661311,52,0.00175162,0.0021385
6049251114062,6049239659000,6049239659000,6049251108247,73729,11.4492,6049265227924,25.5689,1,37947,146022,0,0,1,0,0,0.020011,500,500,500,1,2.722,4.69768,0.710709,0.308502,-0.0151062,0.0120239,-1.7599e-05,-5.57025e-06,0.00113977,0.00557699,1,-0.00027836,0.000879466,-0.000879466,-0.00027836,1,1,7.10302e-05,-0.000161918,-0.000950496,-0.000116442,0,0,0,0,0,0,0,0,0,0,0,0,0,0,0,0,0,0,0,0,0,0,0,255,0.22,8.58297,0.22,-0.0029242,0.00144225,1,1,1,1,0,1,1,-0.192602,-3.1264,0.10941,-0.000938578,0.00720946,0.0141133,16.3632,36553,1,367,14.6011,9139,0,0.000884653,0.00451376,0.043558,0,0,0,1,500,0.225,-1.49296e-05,-4.69333e-06,-1.056e-06,3.35916e-06,-3.1455e-07,3.50706e-06,0.524124,0.061048,0.00479097,0.00912653,-0.215083,7.37198e-05,-0.000523987,0.00348076,16.1251,0,0,0,0,0,0,-1,1,-9.04616e-07,-3.41771e-06,-0.214977,0,16.6401,1,1010,1010,1010,1010,0,0,0,0,16.6437,56,0.00418141,-0.00477998,56,0.00848741,-0.00348318,56,-0.00515175,0.00121732,56,-0.0040034,-0.000455852,56,-0.0107469,0.000709906,56,-0.000907874,-0.000675355,56,0.00261231,0.00594765,56,-0.00203735,0.00238101,52,0.00225947,-0.000191022
6049265772520,6049247689000,6049247689000,6049265760798,73729,18.0718,6049278621318,30.9323,0,37947,146023,0,0,1,0,0,0.00803,500,500,500,1,2.72361,4.5345,0.65069,0.313095,-0.00489807,0.00987244,-8.62833e-06,3.31449e-05,-0.0125634,-0.0121779,1,0.00412764,0.00107451,-0.00107451,0.00412764,1,1,-0.000575281,0.00408122,-0.000499231,4.64183e-05,0,0,0,0,0,0,0,0,0,0,0,0,0,0,0,0,0,0,0,0,0,0,0,255,0.22,2.97554,0.22,-0.00147696,0.00294292,1,1,1,1,0,1,1,-0.192602,-3.1264,0.10941,-0.000938578,0.00720946,0.0141133,29.7576,36553,1,367,27.9953,9139,0,0.000884653,0.00451376,0.043558,0,0,0,1,500,0.225,-7.31862e-06,2.80724e-05,6.31628e-06,1.64669e-06,6.52201e-06,2.60459e-07,0.524131,0.0610483,0.00477162,0.0091473,-0.215119,-0.00048636,0.000208882,0.00140814,13.1234,2,0,0,0,0,0,-1,1,-9.04616e-07,-3.41771e-06,-0.214977,0,30.0271,1,1010,1010,1010,1010,0,0,0,0,30.0306,56,-0.00595335,0.00130057,56,-0.0136902,0.0107887,56,-0.00294,0.00407297,56,0.00302325,0.0145857,56,0.0205882,0.00200256,56,-0.00371242,0.00461987,56,-0.00855006,-0.00267762,56,0.0046496,0.00531861,52,-0.000451919,0.0072527
6049279134933,6049267667000,6049267667000,6049279128785,73729,11.4618,6049293131831,25.4648,1,37948,146024,0,0,1,0,0,0.019978,500,500,500,1,2.67646,4.74918,0.61943,0.309299,-0.0195999,0.00836945,-6.65864e-05,9.85959e-06,-0.000270596,0.00533177,1,0.000493522,0.00333299,-0.00333299,0.000493522,1,1,-0.00394785,0.000349275,0.000614864,0.000144248,0,0,0,0,0,0,0,0,0,0,0,0,0,0,0,0,0,0,0,0,0,0,0,255,0.22,5.22183,0.22,-0.00234107,0.00110835,1,1,1,1,1,1,1,-0.192602,-3.1264,0.10941,-0.000938578,0.00720946,0.0141133,44.2924,36553,1,367,42.5303,9139,0,0.000884653,0.00451376,0.043558,0,0,0,1,500,0.225,-5.64646e-05,8.31834e-06,1.87163e-06,1.27045e-05,4.54151e-06,1.20117e-05,0.524135,0.0610603,0.00479206,0.0091559,-0.215171,0.000785787,0.000649115,-0.00158488,14.2428,1,0,0,0,0,0,-1,1,-9.04616e-07,-3.41771e-06,-0.214977,0,44.574,1,1010,1010,1010,1010,0,0,0,0,44.5775,56,-0.00730088,0.000514853,56,-0.00169498,0.000717683,56,-0.000543893,0.00161477,56,-0.00290082,-0.00301052,56,-0.00709776,0.00422543,56,-0.00276365,-0.000674995,56,0.000873379,0.0009131,56,-0.00221207,-0.00106659,52,-0.00202594,-0.000286927
6049293759225,6049279643000,6049279643000,6049293744817,73729,14.1018,6049308599500,28.9565,0,37948,146025,0,0,1,0,0,0.011976,500,500,499,0.998,2.75232,4.60507,0.595838,0.308576,0.0149231,0.0124512,1.18465e-05,3.7893e-05,0.000142131,-0.00293056,1,0.00316408,-0.00098919,0.00098919,0.00316408,1,1,0.00026036,0.00334593,0.00072883,-0.000181849,0,0,0,0,0,0,0,0,0,0,0,0,0,0,0,0,0,0,0,0,0,0,0,255,0.22,0.522597,0.22,0.00167423,0.00124349,1,1,1,1,0,1,1,-0.192444,-3.12646,0.109615,-0.0011524,0.00718749,0.0144427,3.85812,36554,1,367,57.9684,9139,0,0.000884653,0.00451376,0.043558,0,0,0,1,499,0.225,1.0056e-05,3.20909e-05,7.22044e-06,-2.2626e-06,6.57003e-06,-3.75272e-06,0.524142,0.0610565,0.00481108,0.00913827,-0.215283,0.00178479,-0.000818319,-0.00119595,3.59669,3,0,0,0,0,0,-1,1,-9.04616e-07,-3.41771e-06,-0.215141,0,4.12747,1,1010,1010,1010,1010,0,0,0,0,4.13155,56,0.00177534,0.0104406,56,0.00367639,0.0133044,56,0.000532538,-0.00088407,56,-0.00727788,0.000896852,56,0.00657645,-9.11846e-05,56,0.00369893,0.00310503,56,-0.000750544,-0.00266619,56,0.00152355,-6.87727e-05,51,0.00617084,0.0025097
6049309109151,6049299673000,6049299673000,6049309104337,73729,9.43134,6049323365570,23.6926,1,37949,146026,0,0,1,0,0,0.02003,500,500,498,0.996,2.71111,4.86531,0.691931,0.31378,0.00837708,-0.0258102,2.01427e-05,-4.40862e-05,0.000992829,-0.00488154,1,-0.00220101,-0.00100562,0.00100562,-0.00220101,1,1,0.000610399,-0.00200828,0.000395226,-0.00019273,0,0,0,0,0,0,0,0,0,0,0,0,0,0,0,0,0,0,0,0,0,0,0,255,0.22,5.74963,0.22,-0.000458979,-0.00235374,1,1,1,1,0,1,1,-0.192444,-3.12646,0.109615,-0.0011524,0.00718749,0.0144427,18.6378,36554,1,367,72.7482,9139,0,0.000884653,0.00451376,0.043558,0,0,0,1,498,0.225,1.71653e-05,-3.73484e-05,-8.40338e-06,-3.8622e-06,-9.03427e-06,-1.97788e-06,0.524133,0.0610545,0.00481108,0.00913827,-0.215283,0.000876992,-0.000867285,-0.000721219,18.3564,0,0,0,0,0,0,-1,1,-9.04616e-07,-3.41771e-06,-0.215141,0,18.919,1,1010,1010,1010,1010,0,0,0,0,18.9231,56,0.00823182,-0.00516624,56,-0.0131477,0.00187582,56,0.0039923,-0.00268912,56,-0.000481365,-0.00497905,56,-0.00228919,-0.000523747,56,0.00356905,-0.00227434,54,-0.00164078,0.000854651,56,0.00352891,-0.00130977,52,0.00182672,-0.0016969
6049323913556,6049315688000,6049315688000,6049323905093,73729,8.21709,6049337192171,21.5042,1,37950,146027,0,0,1,0,0,0.016015,500,500,500,1,2.7103,4.53046,0.674561,0.313224,-0.0326233,-0.0116959,-7.41704e-05,-4.50795e-06,-0.00817332,-0.000967689,1,-0.000281483,0.00463131,-0.00463131,-0.000281483,1,1,-0.00486723,-0.000303379,0.000235926,2.18958e-05,0,0,0,0,0,0,0,0,0,0,0,0,0,0,0,0,0,0,0,0,0,0,0,255,0.22,0.234169,0.22,-0.00458053,0.000433696,1,1,1,1,0,1,1,-0.192444,-3.12646,0.109615,-0.0011524,0.00718749,0.0144427,32.4556,36554,1,367,86.5659,9139,0,0.000884653,0.00451376,0.043558,0,0,0,1,500,0.225,-6.28832e-05,-3.8677e-06,-8.70233e-07,1.41487e-05,2.17345e-06,1.40076e-05,0.524135,0.0610685,0.00480822,0.00914449,-0.215317,0.000145547,9.85313e-05,-0.000732896,13.5658,1,0,0,0,0,0,-1,1,-9.04616e-07,-3.41771e-06,-0.215141,0,32.7266,1,1010,1010,1010,1010,0,0,0,0,32.7307,56,-0.00805575,0.00209047,56,-0.0046181,0.000992066,56,-0.000322745,-0.00140374,56,-0.00956237,-0.00240969,56,-0.00479234,-0.00471516,56,-0.00635293,0.000943738,56,-0.00311702,-0.00459389,56,-0.000947758,-0.00259624,52,-0.00395809,-0.00254104
6049337698564,6049327671000,6049327671000,6049337687934,73729,10.0169,6049350410675,22.7397,0,37950,146028,0,0,1,0,0,0.011983,500,500,497,0.994,2.70778,4.85491,0.59169,0.308595,-0.0146179,0.0133972,-1.22597e-05,1.26023e-05,0.00620848,0.00525824,1,0.00105168,0.0010231,-0.0010231,0.00105168,1,1,-0.00142998,0.000889724,0.000406885,0.000161957,0,0,0,0,0,0,0,0,0,0,0,0,0,0,0,0,0,0,0,0,0,0,0,255,0.22,3.89684,0.22,-0.00164273,0.0016178,1,1,1,1,1,1,1,-0.192444,-3.12646,0.109615,-0.0011524,0.00718749,0.0144427,45.6735,36554,1,367,99.7839,9139,0,0.000884653,0.00451376,0.043558,0,0,0,1,497,0.225,-1.03956e-05,1.07119e-05,2.41018e-06,2.339e-06,2.8544e-06,1.76979e-06,0.524138,0.0610703,0.00479668,0.00916277,-0.215393,-0.000101697,0.000728804,-0.00154614,12.9415,2,0,0,0,0,0,-1,1,-9.04616e-07,-3.41771e-06,-0.215296,0,0.266799,1,1010,1010,1010,1010,0,0,0,0,0.270725,56,0.0069287,-0.00110574,56,-0.00168023,-0.0060901,53,-0.0068603,0.0010888,56,-0.00218191,0.00373036,56,0.00903972,0.00577676,56,0.000257856,-0.00202212,56,0.00113766,0.00375815,56,-0.009898,0.0026749,52,3.54465e-05,0.00127672
6049350998457,6049335676000,6049335676000,6049350986568,73729,15.3106,6049364843484,29.1675,0,37950,146029,0,0,1,0,0,0.008005,500,500,497,0.994,2.71176,4.72576,0.599745,0.332076,0.00613403,0.0137177,2.53063e-05,-4.00336e-06,0.00937912,0.0138684,1,-0.000500108,-0.00316131,0.00316131,-0.000500108,1,1,0.00301103,-0.000520457,0.000150272,2.0349e-05,0,0,0,0,0,0,0,0,0,0,0,0,0,0,0,0,0,0,0,0,0,0,0,255,0.22,6.84405,0.22,0.001602,0.000755327,1,1,1,1,0,1,1,-0.19229,-3.12652,0.109878,-0.000735765,0.00677895,0.0144463,14.4208,36555,1,367,114.219,9139,0,0.000884653,0.00451376,0.043558,0,0,0,1,497,0.225,2.13887e-05,-3.40252e-06,-7.65567e-07,-4.81245e-06,-1.77665e-06,-4.53751e-06,0.524136,0.0610658,0.00480159,0.00915611,-0.215402,0.00046738,9.15704e-05,-0.000167074,14.1793,1,0,0,0,0,0,-1,1,-9.04616e-07,-3.41771e-06,-0.215296,0,14.6944,1,1010,1010,1010,1010,0,0,0,0,14.6983,56,-6.67557e-05,0.00356504,56,0.0220945,-0.0233955,56,-0.00401286,-0.000359587,56,0.0119505,0.00516102,56,0.00384311,0.0017488,56,-0.00331012,0.00308034,53,0.0075717,0.00544198,56,-0.00610962,0.00351471,52,-0.00641464,-0.000713167
6049365359543,6049355685000,6049355685000,6049365355377,73729,9.67038,6049380186466,24.5015,1,37951,146030,0,0,1,0,0,0.020009,500,500,500,1,2.71211,4.50322,0.68756,0.315021,0.0194702,-0.00515747,4.69552e-05,9.8966e-08,-0.000483356,-0.00397206,1,4.94608e-06,-0.0023467,0.0023467,4.94608e-06,1,1,0.00237524,0.000275408,-2.85365e-05,-0.000270462,0,0,0,0,0,0,0,0,0,0,0,0,0,0,0,0,0,0,0,0,0,0,0,255,0.22,1.12567,0.22,0.00184851,-0.000860123,1,1,1,1,0,1,1,-0.19229,-3.12652,0.109878,-0.000735765,0.00677895,0.0144463,29.7602,36555,1,367,129.559,9139,0,0.000884653,0.00451376,0.043558,0,0,0,1,500,0.225,3.98309e-05,1.24221e-07,2.79498e-08,-8.96195e-06,-1.88858e-06,-8.76063e-06,0.524134,0.061057,0.0048234,0.00913427,-0.215401,0.00178171,-0.00121708,0.0015281,15.0428,2,0,0,0,0,0,-1,1,-9.04616e-07,-3.41771e-06,-0.215296,0,30.0312,1,1010,1010,1010,1010,0,0,0,0,30.0352,56,0.00274383,0.000485369,56,0.00262439,-0.0023679,56,0.00143199,0.000743904,56,0.00505617,0.00280795,56,-0.00047328,-0.000999411,56,0.00161677,-0.000866966,56,-0.000853531,-0.00084687,56,0.00459257,0.00145145,52,0.00317512,-5.56483e-05
6049380699841,6049367661000,6049367661000,6049380689303,73729,13.0283,6049395845562,28.1846,0,37951,146031,0,0,1,0,0,0.011976,500,500,500,1,2.70485,4.65705,0.699449,0.315484,0.0163345,-0.0264587,-1.1625e-05,-4.92772e-05,-0.00833499,-0.00260877,1,-0.00411466,0.000970695,-0.000970695,-0.00411466,1,1,-0.000959454,-0.00401694,-1.12407e-05,-9.77249e-05,0,0,0,0,0,0,0,0,0,0,0,0,0,0,0,0,0,0,0,0,0,0,0,255,0.22,6.31281,0.22,-0.00036906,-0.00288423,1,1,1,1,0,1,1,-0.19229,-3.12652,0.109878,-0.000735765,0.00677895,0.0144463,45.4197,36555,1,367,145.218,9139,0,0.000884653,0.00451376,0.043558,0,0,0,1,500,0.225,-9.75455e-06,-4.1788e-05,-9.4023e-06,2.19477e-06,-8.7153e-06,4.15385e-06,0.524125,0.0610612,0.00481919,0.0091447,-0.215434,0.00116914,-0.000439762,0.000975782,15.3857,1,0,0,0,0,0,-1,1,-9.04616e-07,-3.41771e-06,-0.215296,0,45.7117,1,1010,1010,1010,1010,0,0,0,0,0.22002,56,0.00227525,-0.00876568,56,-0.0231296,-0.00243831,56,0.00550147,-0.00321952,56,-0.00302935,-0.00537987,56,-0.000515288,-0.00583163,56,0.00498754,0.000797746,56,0.00774165,-0.00623708,56,0.00118792,-0.00868526,52,-0.00107926,-0.00150384
6049396383529,6049387668000,6049387668000,6049396378585,73729,8.71059,6049410020314,22.3523,1,37952,146032,0,0,1,0,0,0.020007,500,500,500,1,2.73156,4.73044,0.744358,0.314706,-0.0301743,0.0328979,-6.42771e-05,8.43418e-05,-0.000602144,-0.00313679,1,0.00421561,0.00321273,-0.00321273,0.00421561,1,1,-0.00312194,0.00403812,-9.0797e-05,0.000177494,0,0,0,0,0,0,0,0,0,0,0,0,0,0,0,0,0,0,0,0,0,0,0,255,0.22,1.71885,0.22,-0.00419973,0.00385862,1,1,1,1,1,1,1,-0.192164,-3.12659,0.110062,-0.000237363,0.0067415,0.0144557,12.717,36556,1,367,159.395,9139,0,0.000884653,0.00451376,0.043558,0,0,0,1,500,0.225,-5.4511e-05,7.14788e-05,1.60827e-05,1.2265e-05,1.83331e-05,8.54254e-06,0.524144,0.0610697,0.00479486,0.00916004,-0.215477,-0.000607412,0.000798725,-0.000159061,13.9363,1,0,0,0,0,0,-1,1,-9.04616e-07,-3.41771e-06,-0.215407,0,0.260595,1,1010,1010,1010,1010,0,0,0,0,14.3788,56,-0.00711507,0.00658803,56,-0.00399283,0.0068038,56,-0.00265399,0.00325389,56,-0.00388823,0.000577417,56,-0.00603717,0.000751325,56,-0.00306316,0.00285038,56,-0.00193073,0.00151892,56,-0.000132639,0.00427666,52,-0.0017385,0.00479595
6049410601207,6049395690000,6049395690000,6049410587892,73729,14.8979,6049423519505,27.8295,0,37952,146033,0,0,1,0,0,0.008022,500,500,500,1,2.70915,4.64674,0.669968,0.309873,0.00691986,0.0179138,3.36844e-05,3.51035e-05,0.00272346,0.00266818,1,0.0043759,-0.004199,0.004199,0.0043759,1,1,0.00415844,0.0040811,4.05635e-05,0.000294802,0,0,0,0,0,0,0,0,0,0,0,0,0,0,0,0,0,0,0,0,0,0,0,255,0.22,5.79832,0.22,0.0028138,0.00309901,1,1,1,1,0,1,1,-0.192164,-3.12659,0.110062,-0.000237363,0.0067415,0.0144557,26.237,36556,1,367,172.915,9139,0,0.000884653,0.00451376,0.043558,0,0,0,1,500,0.225,2.85299e-05,2.9765e-05,6.69713e-06,-6.41923e-06,5.16876e-06,-7.70282e-06,0.524149,0.061062,0.0047878,0.00917786,-0.215534,-0.000591281,0.00132661,-0.000619053,13.2167,2,0,0,0,0,0,-1,1,-9.04616e-07,-3.41771e-06,-0.215407,0,13.7841,1,1010,1010,1010,1010,0,0,0,0,27.9024,56,-0.00153775,0.0133935,56,0.0202677,-0.0046134,56,-0.00166731,0.00864418,56,0.000137415,-0.00194468,56,0.00193204,0.00665707,56,0.0056461,0.00598527,56,-0.000945862,0.0040212,56,0.00635284,0.0003633,52,0.00809153,-0.000926622
6049424097509,6049415683000,6049415683000,6049424091046,73729,8.40805,6049437272365,21.5894,1,37953,146034,0,0,1,0,0,0.019993,500,500,476,0.952,2.69298,4.58274,0.675097,0.295984,0.0271912,-0.034317,5.57147e-05,-6.63336e-05,-0.000501077,0.00392549,1,-0.00331784,-0.00278671,0.00278671,-0.00331784,1,1,0.00275567,-0.0031668,3.10446e-05,-0.000151043,0,0,0,0,0,0,0,0,0,0,0,0,0,0,0,0,0,0,0,0,0,0,0,255,0.22,9.12784,0.22,0.002842,-0.0036092,1,1,1,1,0,1,1,-0.192164,-3.12659,0.110062,-0.000237363,0.0067415,0.0144557,39.967,36556,1,367,186.645,9139,0,0.000884653,0.00451376,0.043558,0,0,0,1,476,0.225,4.72422e-05,-5.62183e-05,-1.26491e-05,-1.06295e-05,-1.46298e-05,-7.67796e-06,0.524134,0.0610543,0.00478974,0.00916587,-0.215549,0.00100726,-0.000679695,0.000694047,13.4774,1,0,0,0,0,0,-1,1,-9.04616e-07,-3.41771e-06,-0.215407,0,27.5018,1,1010,1010,1010,1010,0,0,0,0,41.62,56,0.00333537,-0.00590524,56,0.00318915,-0.00739702,32,0.00510962,-0.00296088,56,0.00337155,-0.000241132,56,0.000628517,-0.000597235,56,0.00172487,-0.00435211,56,0.003566,7.12557e-05,56,0.000740462,-0.00379568,52,-0.00129365,-0.00485289
6049437787831,6049427661000,6049427661000,6049437776794,73729,10.1158,6049453331982,25.671,0,37953,146035,0,0,1,0,0,0.011978,500,500,500,1,2.69743,4.85883,0.748598,0.307355,-0.00271606,-0.00325012,-1.55372e-06,1.52667e-06,-0.00254839,-0.00608008,1,0.000127457,0.000129714,-0.000129714,0.000127457,1,1,-0.000281638,0.000144656,0.000151924,-1.71991e-05,0,0,0,0,0,0,0,0,0,0,0,0,0,0,0,0,0,0,0,0,0,0,0,255,0.22,2.54083,0.22,-0.00119493,-0.000166052,1,1,1,1,0,1,1,-0.19205,-3.12666,0.110296,-7.58926e-05,0.00689305,0.0142601,2.35789,36557,1,367,2.32081,9140,0,0.000884653,0.00467634,0.0424014,0,0,0,1,500,0.225,-1.31926e-06,1.30254e-06,2.9307e-07,2.96833e-07,3.49795e-07,2.27248e-07,0.524134,0.0610546,0.00477174,0.0091898,-0.215633,0.000660618,-7.73958e-05,-1.84317e-05,2.13063,3,0,0,0,0,0,-1,1,-9.04616e-07,-3.41771e-06,-0.215527,0,2.63802,1,1010,1010,1010,1010,0,0,0,0,2.64194,56,-0.00156359,-0.0030542,56,-0.00520533,0.00120821,56,-0.00187429,0.000960632,56,-5.9203e-05,0.00227158,56,0.00635436,-0.000831194,56,0.00134298,-0.000404487,56,0.00152044,0.000665801,56,-0.00473903,-0.00055382,52,0.00193179,-2.66276e-05
6049453836078,6049435683000,6049435683000,6049453824874,73729,18.1419,6049466755117,31.0721,0,37953,146036,0,0,1,0,0,0.008022,500,500,500,1,2.72083,4.54618,0.634393,0.313669,-0.0161514,-0.00151062,-1.25554e-05,-4.5689e-05,0.00253049,0.0224107,1,-0.00569546,0.00156512,-0.00156512,-0.00569546,1,1,-0.00179103,-0.00603239,0.000225906,0.000336927,0,0,0,0,0,0,0,0,0,0,0,0,0,0,0,0,0,0,0,0,0,0,0,255,0.21,8.44567,0.21,-0.00700907,-0.0226973,1,1,1,1,1,1,1,-0.19205,-3.12666,0.110296,-7.58926e-05,0.00689305,0.0142601,15.7878,36557,1,367,15.7507,9140,0,0.000884653,0.00467634,0.0424014,0,0,0,1,500,0.215,-1.06853e-05,-3.87467e-05,-8.33053e-06,2.29733e-06,-7.64554e-06,4.02661e-06,0.524127,0.0610586,0.00477101,0.00920195,-0.215653,-0.000248465,0.00144879,-0.000975887,11.7698,1,0,0,0,0,0,-1,1,-9.04616e-07,-3.41771e-06,-0.215527,0,16.0598,1,1010,1010,1010,1010,0,0,0,0,16.0638,56,-0.0155497,-0.00827479,56,0.00423832,-0.0261793,56,-0.0100248,-0.00234902,56,0.00292786,-0.0021211,56,-0.00807519,0.00267919,56,-0.0112735,0.000783838,56,0.00635587,-0.00171184,56,-0.00650197,-0.00128866,52,-0.00249468,-0.0040212
6049467333565,6049455718000,6049455718000,6049467327158,73729,11.6092,6049481405872,25.6879,1,37954,146037,0,0,1,0,0,0.020035,500,500,500,1,2.69626,4.60014,0.735579,0.312502,-0.0259552,0.0310364,-2.29615e-05,6.44647e-05,0.00214247,-0.00284792,1,0.0032176,0.00114607,-0.00114607,0.0032176,1,1,-0.00123766,0.00306528,9.15861e-05,0.000152326,0,0,0,0,0,0,0,0,0,0,0,0,0,0,0,0,0,0,0,0,0,0,0,255,0.22,1.67479,0.22,0.000147251,0.0108184,1,1,1,1,0,1,1,-0.19205,-3.12666,0.110296,-7.58926e-05,0.00689305,0.0142601,30.4414,36557,1,367,30.4043,9140,0,0.000884653,0.00467634,0.0424014,0,0,0,1,500,0.225,-1.9549e-05,5.46322e-05,1.22922e-05,4.39852e-06,1.29484e-05,1.66605e-06,0.52414,0.0610603,0.00476362,0.00919853,-0.215672,-2.66149e-06,0.000685469,-0.000331839,14.3894,1,0,0,0,0,0,-1,1,-9.04616e-07,-3.41771e-06,-0.215527,0,30.7141,1,1010,1010,1010,1010,0,0,0,0,30.718,56,-0.00461146,-0.000184624,56,-0.00160572,0.00410569,56,-0.0019709,0.00329791,56,0.00208609,0.00382863,56,-6.35918e-05,0.00267019,56,-0.00260214,0.00391871,56,-0.00573316,0.00366671,56,0.000105823,0.00198904,52,0.000342982,0.00511188
6049481914727,6049467652000,6049467652000,6049481906116,73729,14.2541,6049497091320,29.4393,0,37954,146038,0,0,1,0,0,0.011934,500,500,500,1,2.73604,4.53144,0.668301,0.309595,-0.0100708,-0.0152893,-1.03266e-05,-6.36997e-05,0.00924225,0.00485112,1,-0.00533767,0.000865311,-0.000865311,-0.00533767,1,1,-0.00110818,-0.00511984,0.000242873,-0.000217825,0,0,0,0,0,0,0,0,0,0,0,0,0,0,0,0,0,0,0,0,0,0,0,255,0.22,6.09393,0.22,-0.00121381,-0.00461994,1,1,1,1,0,1,1,-0.19205,-3.12666,0.110296,-7.58926e-05,0.00689305,0.0142601,46.1228,36557,1,367,46.0857,9140,0,0.000884653,0.00467634,0.0424014,0,0,0,1,500,0.225,-8.77494e-06,-5.39772e-05,-1.21449e-05,1.97436e-06,-1.14403e-05,4.52785e-06,0.524128,0.0610648,0.00477846,0.0091837,-0.2157,0.00115068,-0.000980211,4.61987e-05,15.4333,1,0,0,0,0,0,-1,1,-9.04616e-07,-3.41771e-06,-0.215527,0,46.3924,1,1010,1010,1010,1010,0,0,0,0,0.224186,56,-0.000405435,-0.00611194,56,0.00247853,-0.00399157,56,-0.00243089,-0.00470492,56,0.00144022,0.00364291,56,-0.00959062,-0.00199077,56,0.00384328,-0.00460574,56,0.00443293,-0.00706954,56,-0.00308538,-0.00186612,52,-0.00353211,-0.00241398
6049497615101,6049487658000,6049487658000,6049497609638,73729,9.95164,6049511404609,23.7466,1,37955,146039,0,0,1,0,0,0.020006,500,500,500,1,2.7323,4.95957,0.661486,0.309021,0.0169983,-0.0267029,-8.78803e-06,-2.40974e-05,-0.0044191,-0.000932967,1,-0.00120451,0.00043927,-0.00043927,-0.00120451,1,1,-0.000908085,-0.000926467,0.000468815,-0.000278042,0,0,0,0,0,0,0,0,0,0,0,0,0,0,0,0,0,0,0,0,0,0,0,255,0.22,1.50751,0.22,0.000274993,-0.00155788,1,1,1,1,0,1,1,-0.19205,-3.12666,0.110296,-7.58926e-05,0.00689305,0.0142601,60.4448,36557,1,367,60.4077,9140,0,0.000884653,0.00467634,0.0424014,0,0,0,1,500,0.225,-7.33428e-06,-2.04365e-05,-4.59822e-06,1.65021e-06,-4.13811e-06,2.59623e-06,0.524124,0.0610674,0.00478989,0.00917803,-0.215741,0.00190515,-0.00125119,-0.000163612,14.0762,1,0,0,0,0,0,-1,1,-9.04616e-07,-3.41771e-06,-0.215668,0,0.253353,1,1010,1010,1010,1010,0,0,0,0,14.5467,56,0.00290955,-0.000944748,56,-0.00732718,0.00732131,56,0.00415468,-0.00440675,56,-0.00255543,-0.00940628,56,-0.00390781,-0.000410373,56,0.00458709,-0.00044163,56,0.00113889,-0.00428985,56,0.00082284,-0.00431014,52,0.00307836,-0.000710667
6049511925520,6049507656000,6049507656000,6049511919446,73729,4.26345,6049525170376,17.5144,1,37956,146040,0,0,1,0,0,0.019998,500,500,455,0.91,2.69572,4.85987,0.745413,0.285817,0.0271606,0.00769043,0.000103207,-1.77739e-05,0.00376894,0.00955048,1,-0.000888782,-0.00516087,0.00516087,-0.000888782,1,1,0.00474789,-0.000957699,0.000412976,6.89171e-05,0,0,0,0,0,0,0,0,0,0,0,0,0,0,0,0,0,0,0,0,0,0,0,255,0.22,5.68149,0.22,0.000852908,0.00146628,1,1,1,1,1,1,1,-0.191984,-3.12677,0.110499,4.72042e-06,0.00641933,0.0143444,13.74,36558,1,367,74.1641,9140,0,0.000884653,0.00467634,0.0424014,0,0,0,1,455,0.225,8.73685e-05,-1.50664e-05,-3.38993e-06,-1.96579e-05,-7.52131e-06,-1.84757e-05,0.524117,0.0610489,0.00478392,0.00920298,-0.215801,0.00125006,0.000310127,-0.000486663,13.4811,2,0,0,0,0,0,-1,1,-9.04616e-07,-3.41771e-06,-0.215668,0,13.9934,1,1010,1010,1010,1010,0,0,0,0,28.2868,56,0.00270462,-0.00312918,56,0.0132643,-0.00460699,11,-0.00618406,0.000406518,56,0.00282067,0.00219755,56,0.011404,-0.000848148,56,-0.00273623,-0.000206968,56,0.00752156,0.00130776,56,0.0079366,-0.00205186,52,-0.00105771,-0.000537149
6049525737584,6049515681000,6049515681000,6049525726640,73729,10.0456,6049538122878,22.4419,0,37956,146041,0,0,1,0,0,0.008025,500,500,500,1,2.70832,4.58114,0.667708,0.313114,-0.0330963,0.0150146,-5.93903e-05,3.83442e-05,0.00403377,-0.0204541,1,0.00477809,0.00740066,-0.00740066,0.00477809,1,1,-0.00721895,0.00461528,-0.000181711,0.000162809,0,0,0,0,0,0,0,0,0,0,0,0,0,0,0,0,0,0,0,0,0,0,0,255,0.22,-0.790802,0.22,-0.00732657,0.00178353,1,1,1,1,0,1,1,-0.191984,-3.12677,0.110499,4.72042e-06,0.00641933,0.0143444,26.6958,36558,1,367,87.1198,9140,0,0.000884653,0.00467634,0.0424014,0,0,0,1,500,0.225,-5.02863e-05,3.25411e-05,7.32176e-06,1.13144e-05,9.57514e-06,9.48371e-06,0.524126,0.0610584,0.00476639,0.0092124,-0.215832,-5.63234e-05,0.000732641,0.000609102,12.6806,2,0,0,0,0,0,-1,1,-9.04616e-07,-3.41771e-06,-0.215668,0,26.9667,1,1010,1010,1010,1010,0,0,0,0,41.26,56,-0.00127867,0.0155004,56,-0.0311776,0.00505933,56,-0.000282736,0.000847331,56,0.0034373,0.010217,56,-0.0133556,0.00150879,56,-0.0035517,0.00238959,56,-0.0131583,0.0118507,56,-0.0222091,0.00793377,52,0.000101754,0.00751192
6049538636012,6049527658000,6049527658000,6049538624215,73729,10.9662,6049554407812,26.7498,0,37956,146042,0,0,1,0,0,0.011977,500,500,500,1,2.71307,4.83611,0.644672,0.348225,-0.0178528,-0.00673676,-2.74413e-05,-5.997e-06,0.00184322,0.00327532,1,-0.00050071,0.00229117,-0.00229117,-0.00050071,1,1,-0.00232831,-0.000329374,3.71448e-05,-0.000171336,0,0,0,0,0,0,0,0,0,0,0,0,0,0,0,0,0,0,0,0,0,0,0,255,0.22,1.95383,0.22,-0.00264356,-0.00134318,1,1,1,1,0,1,1,-0.191932,-3.12685,0.110668,-0.000203073,0.0063464,0.0147249,0.061222,36559,1,367,103.395,9140,0,0.000884653,0.00467634,0.0424014,0,0,0,1,500,0.225,-2.33473e-05,-5.10695e-06,-1.14906e-06,5.25314e-06,3.06797e-09,5.37723e-06,0.524126,0.0610638,0.00476274,0.00919685,-0.215869,0.000112534,-0.000771014,-4.36938e-05,16.011,1,0,0,0,0,0,-1,1,-9.04616e-07,-3.41771e-06,-0.215804,0,0.333632,1,1010,1010,1010,1010,0,0,0,0,0.337651,56,-0.0101327,-0.00106129,56,0.0103201,-0.000461252,56,-0.0045239,-0.00476972,56,-0.000504272,-0.0100562,56,-0.00177739,0.000647716,56,-0.00283912,0.0020518,56,-0.00403843,6.39494e-05,56,-0.00214272,0.00328378,52,-0.00582624,-0.00268903
6049554920760,6049543683000,6049543683000,6049554916464,73729,11.2335,6049568324450,24.6414,1,37957,146043,0,0,1,0,0,0.016025,500,500,492,0.984,2.70402,4.60639,0.707079,0.33441,0.0212708,-0.0463867,6.45152e-05,-0.000114159,0.00688321,0.0045523,1,-0.00712379,-0.00402591,0.00402591,-0.00712379,1,1,0.0033309,-0.00696462,0.000695009,-0.000159167,0,0,0,0,0,0,0,0,0,0,0,0,0,0,0,0,0,0,0,0,0,0,0,255,0.22,7.97932,0.22,0.00279994,-0.00528358,1,1,1,1,0,1,1,-0.191932,-3.12685,0.110668,-0.000203073,0.0063464,0.0147249,13.9872,36559,1,367,117.321,9140,0,0.000884653,0.00467634,0.0424014,0,0,0,1,492,0.225,5.46616e-05,-9.67667e-05,-2.17725e-05,-1.22989e-05,-2.39017e-05,-7.34791e-06,0.524102,0.0610564,0.0047708,0.0092016,-0.215947,0.000978114,-0.000716252,-0.00171954,13.3865,2,0,0,0,0,0,-1,1,-9.04616e-07,-3.41771e-06,-0.215804,0,14.269,1,1010,1010,1010,1010,0,0,0,0,14.2731,56,0.00113655,-0.00673278,56,0.00643998,-0.00404098,56,0.00455396,-0.00489386,56,0.00225502,-0.0021177,56,0.0106074,-0.00176235,56,0.0010149,-0.00651322,48,0.00110937,-0.00646037,56,0.00352798,-0.0106154,52,0.00213068,-0.0103857
6049568850436,6049555674000,6049555674000,6049568838732,73729,13.1647,6049583118410,27.4444,0,37957,146044,0,0,1,0,0,0.011991,500,500,500,1,2.68433,4.90703,0.654931,0.311225,0.0424805,0.0180359,9.16785e-05,3.20133e-05,0.000720785,-0.00489584,1,0.00266977,-0.00764561,0.00764561,0.00266977,1,1,0.0072085,0.00254431,0.000437106,0.000125469,0,0,0,0,0,0,0,0,0,0,0,0,0,0,0,0,0,0,0,0,0,0,0,255,0.22,1.75316,0.22,0.0053459,0.00358652,1,1,1,1,1,1,1,-0.191932,-3.12685,0.110668,-0.000203073,0.0063464,0.0147249,28.7944,36559,1,367,132.128,9140,0,0.000884653,0.00467634,0.0424014,0,0,0,1,500,0.225,7.7763e-05,2.7228e-05,6.1263e-06,-1.74967e-05,2.23384e-06,-1.84026e-05,0.524105,0.061038,0.00477182,0.00920949,-0.215956,0.000781179,0.000564609,-0.000948637,14.5276,1,0,0,0,0,0,-1,1,-9.04616e-07,-3.41771e-06,-0.215804,0,29.0646,1,1010,1010,1010,1010,0,0,0,0,29.0686,56,0.017908,0.00781074,56,0.0102723,-0.00684958,56,-0.000235659,0.00132476,56,0.00651587,0.00109466,56,0.0123084,0.00271407,56,0.00603145,0.0068405,56,0.00430974,0.00312501,56,0.00807085,0.0101391,52,0.00816366,0.00826389
6049583709692,6049563690000,6049563690000,6049583700618,73729,20.0106,6049597379311,33.6893,0,37957,146045,0,0,1,0,0,0.008016,500,500,481,0.962,2.6995,4.51807,0.642857,0.297151,-0.00613403,0.0299377,-5.46119e-06,3.55682e-05,0.00146179,0.00710945,1,0.00443715,0.000681286,-0.000681286,0.00443715,1,1,-0.000330587,0.00430556,-0.000350699,0.000131595,0,0,0,0,0,0,0,0,0,0,0,0,0,0,0,0,0,0,0,0,0,0,0,255,0.22,6.39186,0.22,-0.00262225,0.00535833,1,1,1,1,0,1,1,-0.191932,-3.12685,0.110668,-0.000203073,0.0063464,0.0147249,43.0415,36559,1,367,146.375,9140,0,0.000884653,0.00467634,0.0424014,0,0,0,1,481,0.225,-4.65091e-06,3.00855e-05,6.76923e-06,1.04645e-06,6.836e-06,-4.28288e-07,0.524111,0.0610376,0.00476981,0.00921439,-0.21595,0.000653474,0.000592176,0.00178529,13.9935,1,0,0,0,0,0,-1,1,-9.04616e-07,-3.41771e-06,-0.215804,0,43.3147,1,1010,1010,1010,1010,0,0,0,0,0.225946,56,-0.00162637,-0.00916434,56,0.0115844,0.000927205,37,0.00618414,0.00268362,56,0.0109392,0.0126432,56,-0.0276214,0.00913551,56,-0.00186463,0.00412912,56,0.00290178,0.0143491,56,-0.00940332,-0.00133944,52,-6.42347e-05,0.00622651
6049597894037,6049583720000,6049583720000,6049597888296,73729,14.1683,6049611042318,27.3223,1,37958,146046,0,0,1,0,0,0.02003,500,500,438,0.876,2.7247,4.67729,0.616468,0.279373,-0.0155716,-0.015625,-4.55171e-05,-3.19489e-05,-0.00268369,0.00262754,1,-0.00159505,0.00227245,-0.00227245,-0.00159505,1,1,-0.00156634,-0.00155273,-0.000706111,-4.23264e-05,0,0,0,0,0,0,0,0,0,0,0,0,0,0,0,0,0,0,0,0,0,0,0,255,0.22,0.354725,0.22,-0.0019565,-0.00161107,1,1,1,1,0,1,1,-0.1919,-3.12693,0.11082,-0.000131859,0.00680154,0.0149898,13.6147,36560,1,367,160.041,9140,0,0.000884653,0.00467634,0.0424014,0,0,0,1,438,0.225,-3.85903e-05,-2.70519e-05,-6.08668e-06,8.68283e-06,-4.08415e-06,9.78516e-06,0.524107,0.0610474,0.00477399,0.009209,-0.215954,0.000776519,-0.000190469,0.00316321,13.44,1,0,0,0,0,0,-1,1,-9.04616e-07,-3.41771e-06,-0.215875,0,0.235409,1,1010,1010,1010,1010,0,0,0,0,13.8674,55,-0.00203701,0.00292089,54,-0.00211895,0.000633144,9,0.00193327,-0.000718504,56,-0.00278917,-0.00308443,56,0.00301707,-0.00317271,44,9.18453e-05,-0.00137274,56,-0.00555287,-0.00485543,56,0.00160798,-0.00340414,52,-0.00305819,-0.000556853
6049611543988,6049595672000,6049595672000,6049611532692,73729,15.8607,6049626641987,30.97,0,37958,146047,0,0,1,0,0,0.011952,500,500,500,1,2.67187,4.68359,0.615134,0.310113,-0.00454712,-0.0241776,1.81441e-05,-4.69728e-05,0.00593683,-0.00453307,1,-0.00393012,-0.00151808,0.00151808,-0.00393012,1,1,0.00168597,-0.00378544,-0.000167895,-0.000144683,0,0,0,0,0,0,0,0,0,0,0,0,0,0,0,0,0,0,0,0,0,0,0,255,0.22,3.85114,0.22,-0.000812994,-0.00337045,1,1,1,1,0,1,1,-0.1919,-3.12693,0.11082,-0.000131859,0.00680154,0.0149898,29.2117,36560,1,367,175.638,9140,0,0.000884653,0.00467634,0.0424014,0,0,0,1,500,0.225,1.5395e-05,-3.97717e-05,-8.94863e-06,-3.46387e-06,-9.48291e-06,-1.46506e-06,0.524098,0.0610459,0.00474755,0.00920392,-0.216044,0.000134462,-0.000651074,0.000711993,15.3092,2,0,0,0,0,0,-1,1,-9.04616e-07,-3.41771e-06,-0.215875,0,15.8593,1,1010,1010,1010,1010,0,0,0,0,29.4913,56,0.00763281,-0.00328454,56,-0.00374437,-0.0107972,56,-0.00288525,-0.0036231,56,0.0103359,0.00096726,56,0.00101777,-0.00065089,56,-5.16913e-05,-0.00535765,56,0.000373889,-0.00072006,56,-0.0031679,8.90537e-05,52,0.0018263,-0.00620153
6049627164713,6049615675000,6049615675000,6049627157121,73729,11.4821,6049640959869,25.2849,1,37959,146048,0,0,1,0,0,0.020003,500,500,495,0.99,2.67289,4.79126,0.643338,0.306688,0.00305176,0.00845337,1.21957e-05,-3.30356e-05,0.00572272,0.0101935,1,-0.00165153,-0.000609694,0.000609694,-0.00165153,1,1,-0.000186057,-0.00174458,0.00079575,9.30489e-05,0,0,0,0,0,0,0,0,0,0,0,0,0,0,0,0,0,0,0,0,0,0,0,255,0.22,-0.796117,0.22,-0.000502185,0.000720685,1,1,1,1,1,1,1,-0.1919,-3.12693,0.11082,-0.000131859,0.00680154,0.0149898,43.5302,36560,1,367,189.956,9140,0,0.000884653,0.00467634,0.0424014,0,0,0,1,495,0.225,1.0219e-05,-2.80309e-05,-6.30694e-06,-2.29928e-06,-6.65315e-06,-8.9307e-07,0.524091,0.061045,0.00472592,0.00921678,-0.21616,-0.0009224,0.00041872,-0.00360262,14.0438,2,0,0,0,0,0,-1,1,-9.04616e-07,-3.41771e-06,-0.215875,0,30.1734,1,1010,1010,1010,1010,0,0,0,0,43.8054,56,-0.00626212,-0.00523093,56,0.0108336,-0.00270924,51,-0.000604442,0.000409916,56,-0.00130908,0.00458843,56,0.00230375,0.00021383,56,-0.00414919,-0.00296098,56,0.00157676,0.00110858,56,0.00596026,-0.000766633,52,-0.00148761,0.00123464
6049641553429,6049623692000,6049623692000,6049641539448,73729,17.8474,6049654554469,30.8625,0,37959,146049,0,0,1,0,0,0.008017,500,500,500,1,2.69943,4.66816,0.642153,0.312058,0.0121002,0.005867,5.07121e-05,-1.18728e-05,0.0109922,0.0145188,1,-0.00148096,-0.00632557,0.00632557,-0.00148096,1,1,0.00578525,-0.00149886,0.000540324,1.79032e-05,0,0,0,0,0,0,0,0,0,0,0,0,0,0,0,0,0,0,0,0,0,0,0,255,0.22,3.43014,0.22,0.00391939,0.00174362,1,1,1,1,0,1,1,-0.1919,-3.12693,0.11082,-0.000131859,0.00680154,0.0149898,57.1242,36560,1,367,203.55,9140,0,0.000884653,0.00467634,0.0424014,0,0,0,1,500,0.225,4.28751e-05,-1.0058e-05,-2.26305e-06,-9.64689e-06,-4.27996e-06,-8.93674e-06,0.524087,0.0610361,0.00472007,0.00921272,-0.216183,-0.000112606,8.05642e-05,-0.00203525,13.3456,1,0,0,0,0,0,-1,1,-9.04616e-07,-3.41771e-06,-0.216084,0,0.260706,1,1010,1010,1010,1010,0,0,0,0,0.264595,56,-0.00394181,0.00251849,56,0.0280521,-0.0172271,56,-0.000953463,-0.000115463,56,0.00460562,0.00340019,56,0.00807444,0.00124364,56,0.00186395,0.00566047,56,0.000534459,0.00949263,56,0.00865309,-0.00822802,52,-0.00165042,-0.00696259
6049655077009,6049643687000,6049643687000,6049655071769,73729,11.3848,6049668646664,24.9597,1,37960,146050,0,0,1,0,0,0.019995,500,500,500,1,2.68185,4.65996,0.598042,0.325502,0.0200043,-0.0206146,5.87851e-05,-4.87717e-05,0.00436692,0.0027406,1,-0.00243919,-0.00293999,0.00293999,-0.00243919,1,1,0.00285329,-0.00231011,8.66982e-05,-0.000129089,0,0,0,0,0,0,0,0,0,0,0,0,0,0,0,0,0,0,0,0,0,0,0,255,0.22,6.49229,0.22,0.0025899,-0.00199332,1,1,1,1,0,1,1,-0.191883,-3.127,0.11109,-0.000813298,0.00625444,0.0154123,14.0785,36561,1,367,14.0447,9141,0,0.000884653,0.00521135,0.0423529,0,0,0,1,500,0.225,4.97951e-05,-4.13222e-05,-9.2975e-06,-1.12039e-05,-1.14845e-05,-8.94858e-06,0.524075,0.0610271,0.00473255,0.00920249,-0.216188,0.00099265,-0.000580902,0.000482007,13.8411,1,0,0,0,0,0,-1,1,-9.04616e-07,-3.41771e-06,-0.216084,0,14.3478,1,1010,1010,1010,1010,0,0,0,0,14.3517,56,0.00166213,-0.00477748,56,0.00435396,-0.00400198,56,0.000553533,-0.00169409,56,0.000388036,0.000660197,56,0.00148932,-0.00442265,56,1.67508e-05,-0.00254637,56,0.00490842,-0.00184994,56,0.0045821,-0.00260294,52,0.00275023,-5.86658e-05
6049669171001,6049655671000,6049655671000,6049669160520,73729,13.4895,6049684462557,28.7916,0,37960,146051,0,0,1,0,0,0.011984,500,500,500,1,2.69489,4.82652,0.593041,0.31815,0.00637054,-0.0323639,1.29192e-05,-6.13452e-05,0.000221554,0.00129051,1,-0.00511892,-0.00107804,0.00107804,-0.00511892,1,1,0.00123486,-0.00486174,-0.000156817,-0.000257185,0,0,0,0,0,0,0,0,0,0,0,0,0,0,0,0,0,0,0,0,0,0,0,255,0.22,0.628393,0.22,0.000360514,-0.00360046,1,1,1,1,0,1,1,-0.191883,-3.127,0.11109,-0.000813298,0.00625444,0.0154123,29.8984,36561,1,367,29.8647,9141,0,0.000884653,0.00521135,0.0423529,0,0,0,1,500,0.225,1.09649e-05,-5.1967e-05,-1.16926e-05,-2.46711e-06,-1.19492e-05,9.85774e-08,0.524063,0.0610272,0.0047371,0.00919042,-0.216202,0.00134448,-0.00115733,0.00164013,15.5181,2,0,0,0,0,0,-1,1,-9.04616e-07,-3.41771e-06,-0.216084,0,30.1803,1,1010,1010,1010,1010,0,0,0,0,30.1841,56,0.000516043,-0.00609203,56,0.00401547,-0.00811347,56,-0.000264931,-0.00627633,56,0.00419133,-0.00384431,56,-0.00113863,-0.00486476,56,-0.0020495,-0.00256879,56,-0.000374492,-0.00198133,56,0.00464601,-0.00741214,52,0.000608018,-0.00734066
6049684999969,6049675700000,6049675700000,6049684993876,73729,9.29388,6049698254806,22.5548,1,37961,146052,0,0,1,0,0,0.020029,500,500,496,0.992,2.72126,4.54998,0.607356,0.307466,0.013504,-0.0184174,-1.20346e-05,-2.66127e-05,-0.0009857,0.00231839,1,-0.00132871,0.000600859,-0.000600859,-0.00132871,1,1,-0.000616342,-0.00144179,1.54826e-05,0.000113087,0,0,0,0,0,0,0,0,0,0,0,0,0,0,0,0,0,0,0,0,0,0,0,255,0.22,6.29453,0.22,-0.00119018,3.92087e-05,1,1,1,1,1,1,1,-0.191883,-3.127,0.11109,-0.000813298,0.00625444,0.0154123,43.6849,36561,1,367,43.6513,9141,0,0.000884653,0.00521135,0.0423529,0,0,0,1,496,0.225,-1.01907e-05,-2.26127e-05,-5.08785e-06,2.29291e-06,-4.47696e-06,3.33124e-06,0.524059,0.0610306,0.00472215,0.00921013,-0.216279,0.000155465,0.000508891,6.86349e-05,12.1001,2,0,0,0,0,0,-1,1,-9.04616e-07,-3.41771e-06,-0.216214,0,0.231483,1,1010,1010,1010,1010,0,0,0,0,0.235317,56,0.00180705,-0.00659012,56,-0.00610392,-0.00234114,56,0.00178906,-0.00196196,56,0.00449211,-0.00380695,56,-3.81287e-05,0.00448679,56,0.000929603,-0.00110533,52,0.00114556,-0.0016343,56,0.0023458,-0.00197204,52,-0.00042634,-0.00153133
6049698840292,6049683688000,6049683688000,6049698829199,73729,15.1412,6049711307901,27.6199,0,37961,146053,0,0,1,0,0,0.007988,500,500,500,1,2.69554,4.74529,0.666691,0.332892,-0.0161591,0.0253067,2.21789e-06,3.65317e-05,0.00415955,-0.00156176,1,0.00457332,-0.000277653,0.000277653,0.00457332,1,1,0.000173584,0.00436334,0.00010407,0.000209975,0,0,0,0,0,0,0,0,0,0,0,0,0,0,0,0,0,0,0,0,0,0,0,255,0.22,-0.252835,0.22,-0.00244203,0.00431225,1,1,1,1,0,1,1,-0.191884,-3.12709,0.111235,-0.000298013,0.00641809,0.0152501,13.0208,36562,1,367,56.7111,9141,0,0.000884653,0.00521135,0.0423529,0,0,0,1,500,0.225,1.838e-06,3.10137e-05,6.97809e-06,-4.1355e-07,6.72647e-06,-1.90132e-06,0.524066,0.0610287,0.00472215,0.00921013,-0.216279,-6.78699e-05,0.000944889,-0.000428946,25.1534,0,0,0,0,0,0,-1,1,-9.04616e-07,-3.41771e-06,-0.216214,0,13.2967,1,1010,1010,1010,1010,0,0,0,0,13.3006,56,0.00694147,0.00863333,56,0.00895569,-0.00173979,56,-0.00742138,0.00639809,56,-0.0050884,0.0107176,56,0.00707274,-0.00443092,56,-0.00447308,0.00615913,56,-0.00403603,0.011893,56,0.000498293,-0.00397222,52,-0.0053466,0.00937182
6049711836535,6049703689000,6049703689000,6049711831053,73729,8.14205,6049727103702,23.4147,1,37962,146054,0,0,1,0,0,0.020001,500,500,500,1,2.69083,4.71876,0.668097,0.31165,-0.00678253,0.0244446,-5.36997e-07,2.65302e-05,0.000973319,0.00691544,1,0.00132644,2.68485e-05,-2.68485e-05,0.00132644,1,1,-0.000233519,0.00122247,0.00020667,0.000103976,0,0,0,0,0,0,0,0,0,0,0,0,0,0,0,0,0,0,0,0,0,0,0,255,0.22,2.71026,0.22,-0.000761341,0.0010779,1,1,1,1,0,1,1,-0.191884,-3.12709,0.111235,-0.000298013,0.00641809,0.0152501,28.8091,36562,1,367,72.499,9141,0,0.000884653,0.00521135,0.0423529,0,0,0,1,500,0.225,-5.12439e-07,2.24845e-05,5.059e-06,1.15299e-07,4.96563e-06,-9.73253e-07,0.524071,0.0610277,0.00471844,0.00921055,-0.216332,0.000304623,0.000467894,-0.000500314,15.5054,2,0,0,0,0,0,-1,1,-9.04616e-07,-3.41771e-06,-0.216214,0,29.0796,1,1010,1010,1010,1010,0,0,0,0,29.0834,56,-0.000810975,-0.000241968,56,0.00253859,-0.0037983,56,0.000208097,0.00385458,56,-0.00405873,0.00516558,56,-0.000792845,0.00486464,56,-0.00351931,0.00226114,56,-0.00278499,0.00166373,56,0.0017578,0.00269126,52,-0.00131494,-0.00194017
6049727624928,6049715667000,6049715667000,6049727615057,73729,11.9481,6049742778205,27.1112,0,37962,146055,0,0,1,0,0,0.011978,500,500,500,1,2.65665,4.69189,0.616356,0.307947,-0.00461578,-0.0213623,1.48466e-06,-4.17639e-05,0.00100841,-0.00306249,1,-0.00348672,-0.000123949,0.000123949,-0.00348672,1,1,-9.62582e-05,-0.00331383,0.000220207,-0.00017289,0,0,0,0,0,0,0,0,0,0,0,0,0,0,0,0,0,0,0,0,0,0,0,255,0.22,7.57363,0.22,-0.000272385,-0.00340145,1,1,1,1,0,1,1,-0.191884,-3.12709,0.111235,-0.000298013,0.00641809,0.0152501,44.4865,36562,1,367,88.1764,9141,0,0.000884653,0.00521135,0.0423529,0,0,0,1,500,0.225,1.26086e-06,-3.53802e-05,-7.96053e-06,-2.83693e-07,-7.83547e-06,1.43208e-06,0.524063,0.0610291,0.00472702,0.00919226,-0.216397,0.00096229,-0.000778005,-2.2913e-05,15.4039,2,0,0,0,0,0,-1,1,-9.04616e-07,-3.41771e-06,-0.216214,0,44.7604,1,1010,1010,1010,1010,0,0,0,0,44.7643,56,-0.00161217,2.846e-05,56,0.00120045,-0.0142353,56,0.00273522,-0.00213057,56,0.00325894,-0.00449865,56,-0.00265964,0.000692841,56,0.000197451,-0.0038714,56,0.00167618,-0.00243155,56,-0.000854696,-0.000272683,52,-0.00286499,-0.00603792
6049743300098,6049735664000,6049735664000,6049743293709,73729,7.62971,6049757948297,22.2843,1,37963,146056,0,0,1,0,0,0.019997,500,500,494,0.988,2.69832,5.16498,0.618801,0.305706,0.00328064,-0.0311279,1.19593e-05,-3.06824e-05,-0.00213448,-0.00468812,1,-0.00153435,-0.000598055,0.000598055,-0.00153435,1,1,3.67011e-05,-0.00158582,0.000561354,5.14687e-05,0,0,0,0,0,0,0,0,0,0,0,0,0,0,0,0,0,0,0,0,0,0,0,255,0.22,3.73377,0.22,-0.000445959,-0.00136375,1,1,1,1,1,1,1,-0.191908,-3.12717,0.111406,-0.00057744,0.00612483,0.015221,6.72692,36563,1,367,103.343,9141,0,0.000884653,0.00521135,0.0423529,0,0,0,1,494,0.225,1.01787e-05,-2.59983e-05,-5.84962e-06,-2.29022e-06,-6.20485e-06,-9.80345e-07,0.524057,0.0610281,0.00472386,0.00921278,-0.216475,0.000513204,0.000231609,-0.00161031,6.49169,2,0,0,0,0,0,-1,1,-9.04616e-07,-3.41771e-06,-0.21637,0,6.99351,1,1010,1010,1010,1010,0,0,0,0,6.99781,50,0.00338085,-0.00543033,56,-0.00342569,-0.000223862,56,0.000521554,-0.00150847,56,4.3679e-05,-0.00347017,56,0.000942971,0.00304188,56,0.00223778,-0.00262287,56,-0.00348888,0.000567662,56,0.000331697,-0.00341525,52,0.000871614,-0.00389078
6049758516672,6049743683000,6049743683000,6049758505209,73729,14.8222,6049771573230,27.8902,0,37963,146057,0,0,1,0,0,0.008019,500,500,490,0.98,2.73147,4.79411,0.664338,0.305503,0.00899506,0.00390625,1.6292e-05,6.6466e-06,0.00731179,0.0053613,1,0.000828856,-0.00203167,0.00203167,0.000828856,1,1,0.0015627,0.000758185,0.000468973,7.06708e-05,0,0,0,0,0,0,0,0,0,0,0,0,0,0,0,0,0,0,0,0,0,0,0,255,0.22,8.74886,0.22,0.000965152,0.00168862,1,1,1,1,0,1,1,-0.191908,-3.12717,0.111406,-0.00057744,0.00612483,0.015221,20.3597,36563,1,367,116.976,9141,0,0.000884653,0.00521135,0.0423529,0,0,0,1,490,0.225,1.37976e-05,5.63087e-06,1.26695e-06,-3.10447e-06,5.70329e-07,-3.30407e-06,0.524057,0.0610248,0.00472291,0.00920618,-0.216495,0.000511586,0.000318018,-0.00127904,13.3907,1,0,0,0,0,0,-1,1,-9.04616e-07,-3.41771e-06,-0.21637,0,20.6347,1,1010,1010,1010,1010,0,0,0,0,20.639,56,-0.00242662,0.00391832,56,0.00895831,0.00198334,46,0.000882216,0.00761517,56,0.0045888,-0.00204408,56,0.00530491,0.000192474,56,0.00740489,-0.00146275,56,0.00291842,-0.00690028,56,0.000388684,-0.00505351,52,0.00266357,0.00792073
6049772117808,6049763687000,6049763687000,6049772112475,73729,8.42548,6049785752222,22.0652,1,37964,146058,0,0,1,0,0,0.020004,500,500,500,1,2.70856,4.66105,0.592763,0.313854,0.0259247,-0.00515747,4.9065e-05,-9.63556e-06,-0.00145032,0.00336608,1,-0.000481682,-0.00245276,0.00245276,-0.000481682,1,1,0.00225359,-0.000444226,0.000199169,-3.74556e-05,0,0,0,0,0,0,0,0,0,0,0,0,0,0,0,0,0,0,0,0,0,0,0,255,0.22,2.12905,0.22,0.00184046,-0.000490876,1,1,1,1,0,1,1,-0.191908,-3.12717,0.111406,-0.00057744,0.00612483,0.015221,34.5328,36563,1,367,131.149,9141,0,0.000884653,0.00521135,0.0423529,0,0,0,1,500,0.225,4.16009e-05,-8.15947e-06,-1.83588e-06,-9.36021e-06,-3.80406e-06,-8.74714e-06,0.524053,0.0610161,0.00473374,0.00920415,-0.216505,0.00101281,-0.00016855,9.324e-05,13.9166,1,0,0,0,0,0,-1,1,-9.04616e-07,-3.41771e-06,-0.21637,0,34.8182,1,1010,1010,1010,1010,0,0,0,0,34.8225,56,0.00432672,-0.00184588,56,0.000964111,-0.00205533,56,0.00172925,-0.000949137,56,0.00600006,-0.00207237,56,0.00226455,-0.000660386,56,0.000326957,0.000565455,56,-0.00054385,0.000583048,56,0.0049953,-0.00250778,52,0.00310466,-1.28484e-05
6049786291985,6049771694000,6049771694000,6049786281615,73729,14.5876,6049799941807,28.2478,0,37964,146059,0,0,1,0,0,0.008007,500,500,500,1,2.72482,4.48398,0.59732,0.312243,-0.0155182,-0.00614929,-4.35047e-05,-2.63158e-05,-0.00295457,0.00650368,1,-0.0032866,0.00543333,-0.00543333,-0.0032866,1,1,-0.0051378,-0.00314385,-0.000295526,-0.000142744,0,0,0,0,0,0,0,0,0,0,0,0,0,0,0,0,0,0,0,0,0,0,0,255,0.22,5.93067,0.22,-0.00379453,-0.00181045,1,1,1,1,0,1,1,-0.191908,-3.12717,0.111406,-0.00057744,0.00612483,0.015221,48.7233,36563,1,367,145.339,9141,0,0.000884653,0.00521135,0.0423529,0,0,0,1,500,0.225,-3.68923e-05,-2.23118e-05,-5.02014e-06,8.30077e-06,-3.11906e-06,9.18525e-06,0.52405,0.0610253,0.00473246,0.00919696,-0.216526,0.00118843,-0.00064235,0.00201464,13.9017,2,0,0,0,0,0,-1,1,-9.04616e-07,-3.41771e-06,-0.216451,0,0.238632,1,1010,1010,1010,1010,0,0,0,0,0.242465,56,-0.00508715,-0.00465408,56,0.0090042,-0.0132949,56,-0.00389809,0.00208674,56,-0.00872275,-0.000848081,56,-0.00620132,-0.00534447,56,-0.00235208,-0.00257482,56,0.00886702,-0.000439761,56,-0.00721482,0.00718945,52,-0.0120389,-0.00256124
6049800478885,6049791707000,6049791707000,6049800474348,73729,8.76735,6049814478080,22.7711,1,37965,146060,0,0,1,0,0,0.020013,500,500,500,1,2.71165,4.81955,0.595894,0.310539,-0.0257416,0.0204926,-4.07139e-05,4.73731e-05,-0.00619207,0.000140266,1,0.00236711,0.00203437,-0.00203437,0.00236711,1,1,-0.00175016,0.00237742,-0.000284213,-1.03078e-05,0,0,0,0,0,0,0,0,0,0,0,0,0,0,0,0,0,0,0,0,0,0,0,255,0.22,0.025648,0.22,-0.00268144,0.00228914,1,1,1,1,1,1,1,-0.191933,-3.12725,0.1116,-0.000605109,0.00626734,0.0154752,14.5206,36564,1,367,159.905,9141,0,0.000884653,0.00521135,0.0423529,0,0,0,1,500,0.225,-3.44809e-05,4.0123e-05,9.02767e-06,7.75821e-06,1.04837e-05,5.63718e-06,0.524061,0.0610309,0.00472537,0.00919851,-0.216556,9.91644e-05,-4.63851e-05,0.0011025,14.2578,1,0,0,0,0,0,-1,1,-9.04616e-07,-3.41771e-06,-0.216451,0,14.7986,1,1010,1010,1010,1010,0,0,0,0,14.8024,56,-0.00106161,0.00241763,56,-0.00154986,0.00550595,56,0.000627909,-2.07713e-06,56,-0.00376624,0.00208212,56,-0.0073246,0.000389489,56,-7.31987e-05,0.00185031,56,-0.00328458,0.0020242,56,-0.0060374,0.00232246,52,-0.00336496,0.00361966
6049815089233,6049803684000,6049803684000,6049815077936,73729,11.3939,6049829682339,25.9983,0,37965,146061,0,0,1,0,0,0.011977,500,500,500,1,2.66787,4.50607,0.634116,0.34641,-0.00695801,0.00428772,-3.17108e-05,5.87303e-06,-0.00391469,0.000345616,1,0.000490359,0.00264764,-0.00264764,0.000490359,1,1,-0.00267385,0.000472098,2.62045e-05,1.82606e-05,0,0,0,0,0,0,0,0,0,0,0,0,0,0,0,0,0,0,0,0,0,0,0,255,0.21,4.52074,0.21,-0.0124441,-0.102207,1,1,1,1,0,1,1,-0.191933,-3.12725,0.1116,-0.000605109,0.00626734,0.0154752,29.694,36564,1,367,175.078,9141,0,0.000884653,0.00521135,0.0423529,0,0,0,1,500,0.215,-2.69008e-05,4.96455e-06,1.06738e-06,5.78366e-06,2.28555e-06,5.41904e-06,0.524063,0.0610363,0.00472354,0.00920289,-0.216592,-3.80166e-05,7.85206e-05,-0.000120557,14.9276,1,0,0,0,0,0,-1,1,-9.04616e-07,-3.41771e-06,-0.216451,0,29.9642,1,1010,1010,1010,1010,0,0,0,0,29.9681,56,-0.0114413,-0.00744049,56,0.0069124,-0.0047094,56,-0.00296476,0.0035638,56,0.00237355,0.00605826,56,-0.00795167,0.00219715,56,-0.00164472,0.000220822,56,-0.000149691,-0.00248296,56,7.07579e-05,0.00608964,52,-0.00276176,-0.000590209
6049830191232,6049811704000,6049811704000,6049830180121,73729,18.4761,6049842781990,31.078,0,37965,146062,0,0,1,0,0,0.00802,500,500,499,0.998,2.69693,4.59635,0.62156,0.305873,0.00469971,0.00564575,2.36569e-05,1.05951e-05,0.0102725,-0.00960816,1,0.00132108,-0.00294974,0.00294974,0.00132108,1,1,0.00228263,0.00127499,0.000667109,4.6096e-05,0,0,0,0,0,0,0,0,0,0,0,0,0,0,0,0,0,0,0,0,0,0,0,255,0.22,-0.651153,0.22,-0.0239727,-0.338978,1,1,1,1,0,1,1,-0.191933,-3.12725,0.1116,-0.000605109,0.00626734,0.0154752,42.808,36564,1,367,188.192,9141,0,0.000884653,0.00521135,0.0423529,0,0,0,1,499,0.225,2.00574e-05,8.98809e-06,2.02232e-06,-4.51291e-06,1.00452e-06,-4.84205e-06,0.524064,0.0610315,0.00472967,0.00919904,-0.216686,0.000482859,0.000207432,-0.00201531,12.8164,2,0,0,0,0,0,-1,1,-9.04616e-07,-3.41771e-06,-0.216451,0,43.0852,1,1010,1010,1010,1010,0,0,0,0,43.089,56,0.0176538,-0.0136451,56,0.00209697,0.0102325,56,-0.00218668,0.000318168,56,-0.00418858,0.00515286,56,0.00190926,0.00804197,56,0.00017477,0.00305278,56,-0.0017514,0.00802792,56,0.0147306,-0.00417163,51,0.00539073,0.00254949
6049843327346,6049831702000,6049831702000,6049843322031,73729,11.62,6049858066954,26.365,1,37966,146063,0,0,1,0,0,0.019998,500,500,500,1,2.69509,5.2555,0.699727,0.312188,0.0280762,-0.00493622,5.2971e-05,-3.05845e-05,0.00358265,0.00538408,1,-0.00152938,-0.00264882,0.00264882,-0.00152938,1,1,0.00210006,-0.00136095,0.000548752,-0.000168428,0,0,0,0,0,0,0,0,0,0,0,0,0,0,0,0,0,0,0,0,0,0,0,255,0.22,2.31787,0.22,0.00907802,0.20531,1,1,1,1,0,1,1,-0.191973,-3.12733,0.111845,-0.000903497,0.00618027,0.0156789,6.26938,36565,1,367,203.462,9141,0,0.000884653,0.00521135,0.0423529,0,0,0,1,500,0.225,4.48957e-05,-2.59304e-05,-5.83434e-06,-1.01015e-05,-7.8701e-06,-8.61056e-06,0.524056,0.0610229,0.00475688,0.00918087,-0.216716,0.0018786,-0.000757927,-0.000472628,6.03691,2,0,0,0,0,0,-1,1,-9.04615e-07,-3.41771e-06,-0.216611,0,6.53668,1,1010,1010,1010,1010,0,0,0,0,6.54142,56,0.000790041,-0.00155414,56,6.85341e-05,-0.000737007,56,0.00413043,-0.000917538,56,-0.000383481,-0.00250551,56,0.00600007,-0.00304663,56,0.00362193,-0.00188805,56,0.00768074,-0.000744234,56,0.00267914,0.000504092,52,0.000159031,0.000113106
6049858568661,6049843679000,6049843679000,6049858558439,73729,14.8794,6049873695790,30.0168,0,37966,146064,0,0,1,0,0,0.011977,500,500,500,1,2.71852,4.62679,0.644801,0.319465,0.000640869,-0.00499725,-1.5384e-05,-1.43027e-05,-0.00903777,-0.00147296,1,-0.00119418,0.00128446,-0.00128446,-0.00119418,1,1,-0.00116931,-0.00106355,-0.000115154,-0.000130626,0,0,0,0,0,0,0,0,0,0,0,0,0,0,0,0,0,0,0,0,0,0,0,255,0.22,7.41972,0.22,-0.000733295,-0.00127325,1,1,1,1,1,1,1,-0.191973,-3.12733,0.111845,-0.000903497,0.00618027,0.0156789,21.9033,36565,1,367,15.6244,9142,0,0.000884653,0.00544402,0.0423642,0,0,0,1,500,0.225,-1.30063e-05,-1.21321e-05,-2.72972e-06,2.92641e-06,-2.03641e-06,3.44482e-06,0.524054,0.0610263,0.00475954,0.00918054,-0.216711,0.00153481,-0.000587818,0.0016424,15.3888,1,0,0,0,0,0,-1,1,-9.04615e-07,-3.41771e-06,-0.216611,0,22.1794,1,1010,1010,1010,1010,0,0,0,0,22.1842,56,-0.00562424,-0.00145222,56,-0.0103805,0.00144302,56,-0.0013216,0.00224852,56,0.00384248,-0.00120579,56,-0.00340791,-0.00400088,56,0.00414299,0.00452586,56,-0.00018181,-0.00437701,56,0.00484924,-0.000202445,52,-0.00372153,-0.0039828
6049874297072,6049863685000,6049863685000,6049874291850,73729,10.6068,6049887873505,24.1885,1,37967,146065,0,0,1,0,0,0.020006,500,500,500,1,2.735,4.49192,0.594301,0.311595,-0.0262909,0.00196075,-2.77048e-05,-2.4913e-07,0.00401579,-0.00106101,1,-1.24528e-05,0.00138482,-0.00138482,-1.24528e-05,1,1,-0.000952273,-5.82122e-05,-0.000432551,4.57594e-05,0,0,0,0,0,0,0,0,0,0,0,0,0,0,0,0,0,0,0,0,0,0,0,255,0.22,2.86928,0.22,-0.00368908,0.00072708,1,1,1,1,0,1,1,-0.191973,-3.12733,0.111845,-0.000903497,0.00618027,0.0156789,36.0768,36565,1,367,29.7982,9142,0,0.000884653,0.00544402,0.0423642,0,0,0,1,500,0.225,-2.35302e-05,-1.67721e-07,-3.77373e-08,5.29429e-06,1.10179e-06,5.17845e-06,0.524055,0.0610315,0.00474239,0.00920044,-0.216723,6.04943e-05,0.000205917,0.00160558,13.9317,1,0,0,0,0,0,-1,1,-9.04615e-07,-3.41771e-06,-0.216611,0,36.3628,1,1010,1010,1010,1010,0,0,0,0,36.3675,56,-0.00143207,0.000184685,56,-0.00266873,-0.00593088,56,-0.00288365,-0.00103232,56,-0.00199561,-0.00244425,56,0.00196564,0.000423897,56,-0.00313517,-0.00126741,56,-0.00261008,0.0017524,56,5.4405e-05,0.00365614,52,-0.00135625,0.000469368
6049888393731,6049871703000,6049871703000,6049888386082,73729,16.6831,6049903685990,31.983,0,37967,146066,0,0,1,0,0,0.008018,500,500,500,1,2.68158,5.30909,0.630486,0.313058,-0.00114441,0.00524139,-2.43647e-05,1.28675e-05,-0.00519501,0.0102532,1,0.00160482,0.00303875,-0.00303875,0.00160482,1,1,-0.00282302,0.00150751,-0.000215732,9.7307e-05,0,0,0,0,0,0,0,0,0,0,0,0,0,0,0,0,0,0,0,0,0,0,0,255,0.22,5.97497,0.22,-0.0028803,0.00259591,1,1,1,1,0,1,1,-0.191973,-3.12733,0.111845,-0.000903497,0.00618027,0.0156789,51.8995,36565,1,367,45.6206,9142,0,0.000884653,0.00544402,0.0423642,0,0,0,1,500,0.225,-2.06805e-05,1.08921e-05,2.45072e-06,4.65312e-06,3.39426e-06,4.01703e-06,0.524059,0.0610355,0.00474108,0.00928931,-0.216778,-0.000556789,0.000437882,0.000331202,15.4951,2,0,0,0,0,0,-1,1,-9.04615e-07,-3.41771e-06,-0.216707,0,0.306539,1,1010,1010,1010,1010,0,0,0,0,0.312021,56,-0.015015,-0.0088092,56,0.0102647,-0.00157967,56,-0.00963857,0.00796407,56,0.00424481,0.00446069,56,-0.00550223,-0.00129919,56,0.000167201,0.00691821,56,-0.0105456,0.00222159,56,-0.00607248,-0.00764894,52,0.00939817,0.0033122
6049904375810,6049891725000,6049891725000,6049904366588,73729,12.6416,6049918357708,26.6327,1,37968,146067,0,0,1,0,0,0.020022,500,500,500,1,2.76898,4.60433,0.669486,0.307095,0.0026474,0.00797272,-3.57909e-05,1.42752e-05,-0.00346782,-0.000335091,1,0.000712973,0.00178758,-0.00178758,0.000712973,1,1,-0.00213444,0.000815705,0.000346861,-0.000102731,0,0,0,0,0,0,0,0,0,0,0,0,0,0,0,0,0,0,0,0,0,0,0,255,0.22,2.50437,0.22,-0.000436589,7.68311e-05,1,1,1,1,0,1,1,-0.192592,-3.12725,0.112012,-0.00302636,0.00623439,0.0159707,14.636,36566,1,367,60.2822,9142,0,0.000884653,0.00544402,0.0423642,0,0,0,1,500,0.225,-3.02825e-05,1.20801e-05,2.71801e-06,6.81355e-06,4.12026e-06,6.06923e-06,0.524063,0.0610416,0.00475655,0.00932747,-0.216812,0.000822971,-0.000462291,-0.000590321,14.4026,1,0,0,0,0,0,-1,1,-9.04615e-07,-3.41771e-06,-0.216707,0,14.9058,1,1010,1010,1010,1010,0,0,0,0,14.9112,56,0.000674746,0.003415,56,-0.0152449,0.003958,56,0.00299819,-0.000139445,56,-0.00379742,-0.00161725,56,0.000375816,0.00325751,56,0.000590465,0.0027475,56,0.000543889,-0.00376108,56,0.000312565,0.00218985,52,-0.0026065,-0.000793385
6049918862379,6049903688000,6049903688000,6049918850249,73729,15.1622,6049933939341,30.2513,0,37968,146068,0,0,1,0,0,0.011963,500,500,483,0.966,2.70678,4.82009,0.740024,0.297706,0.0131531,0.00152588,5.41569e-05,6.97417e-06,0.00338214,-0.00887897,1,0.000582979,-0.00452703,0.00452703,0.000582979,1,1,0.00423105,0.000660425,0.000295981,-7.74463e-05,0,0,0,0,0,0,0,0,0,0,0,0,0,0,0,0,0,0,0,0,0,0,0,255,0.22,6.20029,0.22,0.00286448,-6.06516e-05,1,1,1,1,1,1,1,-0.192592,-3.12725,0.112012,-0.00302636,0.00623439,0.0159707,30.2224,36566,1,367,75.8688,9142,0,0.000884653,0.00544402,0.0423642,0,0,0,1,483,0.225,4.58931e-05,5.89873e-06,1.32721e-06,-1.03259e-05,-9.26182e-07,-1.03694e-05,0.524062,0.0610312,0.00478236,0.00945488,-0.216865,0.00104895,-0.000348508,-0.00022637,7.56365,3,0,0,0,0,0,-1,1,-9.04615e-07,-3.41771e-06,-0.216707,0,30.4939,1,1010,1010,1010,1010,0,0,0,0,30.4994,56,-0.00568485,0.000101154,56,0.0102198,0.00156904,56,0.00201611,0.000159895,56,0.0117221,0.00501308,56,0.00431676,-0.000841835,56,0.00296685,0.000244121,56,0.00266643,0.000970418,56,0.00110185,0.00208245,35,-0.00118045,0.0011683
6049934537678,6049923682000,6049923682000,6049934532456,73729,10.8505,6049949086544,25.4045,1,37969,146069,0,0,1,0,0,0.019994,500,500,500,1,2.72995,5.12165,0.768395,0.340428,0.0222168,0.00708771,2.33498e-05,2.9438e-05,-6.92718e-05,-0.00256534,1,0.00147234,-0.00116784,0.00116784,0.00147234,1,1,0.00123836,0.00142254,-7.05165e-05,4.98025e-05,0,0,0,0,0,0,0,0,0,0,0,0,0,0,0,0,0,0,0,0,0,0,0,255,0.22,2.24792,0.22,0.000207156,0.00127964,1,1,1,1,0,1,1,-0.193434,-3.12712,0.112182,-0.00461783,0.00698724,0.0159995,0.319688,36567,1,367,91.0076,9142,0,0.000884653,0.00544402,0.0423642,0,0,0,1,500,0.225,1.98565e-05,2.49613e-05,5.61629e-06,-4.46771e-06,4.52291e-06,-5.57144e-06,0.524066,0.0610256,0.00478001,0.00949471,-0.21688,0.00024978,0.000224111,0.000453683,0.132334,1,0,0,0,0,0,-1,1,-9.04615e-07,-3.41771e-06,-0.216796,0,0.262372,1,1010,1010,1010,1010,0,0,0,0,0.592022,56,0.0019499,0.00467423,56,0.00200776,0.00443534,56,0.00607172,2.31572e-05,56,0.00469139,-0.000868145,56,0.000518826,-0.000614575,56,0.0027712,1.84323e-05,56,-0.00111518,-0.000216559,56,0.00115521,0.000964798,52,0.00203246,0.0027343
6049949584325,6049943687000,6049943687000,6049949579659,73729,5.89266,6049961522338,17.8353,1,37970,146070,0,0,1,0,0,0.020005,500,500,500,1,2.79978,4.74444,0.674764,0.363706,-0.0331421,-0.0162048,-6.21947e-05,-2.84484e-05,-0.00178851,0.000331056,1,-0.00142206,0.00310896,-0.00310896,-0.00142206,1,1,-0.00303844,-0.00147187,-7.05165e-05,4.98025e-05,0,0,0,0,0,0,0,0,0,0,0,0,0,0,0,0,0,0,0,0,0,0,0,255,0.22,6.36618,0.22,-0.00323787,-0.000996967,1,1,1,2,0,1,1,-0.193434,-3.12712,0.112182,-0.00461783,0.00698724,0.0159995,12.7777,36567,1,367,103.466,9142,0,0.000884653,0.00544402,0.0423642,0,0,0,1,500,0.225,-5.27043e-05,-2.41032e-05,-5.42322e-06,1.18585e-05,-2.74369e-06,1.27474e-05,0.524064,0.0610384,0.00478001,0.00949471,-0.21688,0.00024978,0.000224111,0.000453683,12.5684,0,0,0,0,0,0,-1,1,-9.04615e-07,-3.41771e-06,-0.216796,0,12.7171,1,1010,1010,1010,1010,0,0,0,0,13.0468,56,-0.00142772,-0.008755,56,-0.0100138,-0.000608178,56,-0.00373893,-0.000475581,56,-0.00269092,8.12807e-05,56,-0.00583478,-0.00134984,56,-0.0018662,-0.0015018,56,-0.00210824,-0.00178677,56,-0.00580165,0.00145501,52,-0.00082108,-0.0019037
6049962059138,6049951707000,6049951707000,6049962048212,73729,10.3412,6049974969270,23.2623,0,37970,146071,0,0,1,0,0,0.00802,500,500,498,0.996,2.69513,4.77685,0.669097,0.308558,-0.00167847,0.0113678,-1.64974e-05,2.98963e-05,-0.00714383,-0.00689958,1,0.00372772,0.00205704,-0.00205704,0.00372772,1,1,-0.00224214,0.00375421,0.000185101,-2.64948e-05,0,0,0,0,0,0,0,0,0,0,0,0,0,0,0,0,0,0,0,0,0,0,0,255,0.22,-0.672209,0.22,-0.000899043,0.00147949,1,1,1,1,0,1,1,-0.193434,-3.12712,0.112182,-0.00461783,0.00698724,0.0159995,26.2273,36567,1,367,116.915,9142,0,0.000884653,0.00544402,0.0423642,0,0,0,1,498,0.225,-1.3969e-05,2.53203e-05,5.69706e-06,3.14302e-06,6.23989e-06,1.84317e-06,0.52407,0.0610402,0.0047893,0.00955265,-0.216927,0.000348883,-0.000119227,-0.000387256,13.1197,2,0,0,0,0,0,-1,1,-9.04615e-07,-3.41771e-06,-0.216796,0,26.2175,1,1010,1010,1010,1010,0,0,0,0,26.5471,56,-0.00919634,0.00415789,56,-0.015245,0.00749058,56,0.00177589,-0.000399484,56,-0.0022414,0.00139013,56,0.0134195,0.00246577,56,-0.0021696,0.00930783,56,0.00387838,0.00107652,56,0.000145792,0.00361461,50,-0.0030173,0.00562216
6049975652460,6049959736000,6049959736000,6049975634663,73729,15.8987,6049989817360,30.0814,0,37970,146072,0,0,1,0,0,0.008029,500,500,500,1,2.84963,4.55996,0.59619,0.32441,0.0103378,0.0154495,2.46749e-05,3.42931e-05,-0.00857222,-0.0032549,1,0.00427116,-0.00307322,0.00307322,0.00427116,1,1,0.0026146,0.00431674,0.00045862,-4.55807e-05,0,0,0,0,0,0,0,0,0,0,0,0,0,0,0,0,0,0,0,0,0,0,0,255,0.22,2.77948,0.22,0.00232649,0.00249884,1,1,1,1,1,1,1,-0.193434,-3.12712,0.112182,-0.00461783,0.00698724,0.0159995,41.0549,36567,1,367,131.743,9142,0,0.000884653,0.00544402,0.0423642,0,0,0,1,500,0.225,2.09399e-05,2.90467e-05,6.5355e-06,-4.71149e-06,5.36743e-06,-6.00785e-06,0.524075,0.0610342,0.00480938,0.00959576,-0.216986,0.00105129,-0.000205113,-0.000809997,9.98955,2,0,0,0,0,0,-1,1,-9.04615e-07,-3.41771e-06,-0.216796,0,41.0142,1,1010,1010,1010,1010,0,0,0,0,41.3438,56,0.000879069,0.00124223,56,0.0118871,0.028927,56,-0.000543262,0.000214516,56,0.00398284,0.00449608,56,-0.0013857,0.00200414,56,0.00541104,0.00631926,56,-0.00650167,0.00731177,56,-0.00208293,-0.000636796,52,0.0178133,0.00446739
6049990415401,6049979720000,6049979720000,6049990409216,73729,10.6892,6050004785821,25.0658,1,37971,146073,0,0,1,0,0,0.019984,500,500,500,1,2.70246,5.16831,0.601208,0.326966,-0.00409698,-0.00421906,-2.35532e-05,-2.05832e-06,-0.00174183,-0.00155217,1,-0.000102998,0.0011786,-0.0011786,-0.000102998,1,1,-0.00147794,-6.30147e-05,0.000299334,-3.99838e-05,0,0,0,0,0,0,0,0,0,0,0,0,0,0,0,0,0,0,0,0,0,0,0,255,0.22,6.25136,0.22,-0.00140769,1.6778e-05,1,1,1,1,0,1,1,-0.194244,-3.12698,0.112397,-0.00605472,0.0073793,0.0162444,3.34471,36568,1,367,146.707,9142,0,0.000884653,0.00544402,0.0423642,0,0,0,1,500,0.225,-1.99101e-05,-1.72834e-06,-3.88876e-07,4.47977e-06,5.85135e-07,4.45831e-06,0.524076,0.0610387,0.00482113,0.00961712,-0.217041,0.00127725,-0.000179927,-5.58029e-05,3.10489,2,0,0,0,0,0,-1,1,-9.04615e-07,-3.41771e-06,-0.216935,0,3.6181,1,1010,1010,1010,1010,0,0,0,0,3.62216,56,0.0010006,0.00604862,56,-0.00313652,-0.000522644,56,0.00159655,-0.000819117,56,0.000323453,-0.00473805,56,-0.00333995,-0.00209398,56,0.00121355,-0.000118631,56,-0.000114646,-0.00257124,56,-0.00464254,0.000869043,52,-0.000987506,0.00244857
6050005287287,6049991697000,6049991697000,6050005276769,73729,13.5798,6050020302860,28.6059,0,37971,146074,0,0,1,0,0,0.011977,500,500,500,1,2.73926,4.55742,0.67482,0.307076,-0.00659943,-0.00376892,-3.42989e-05,3.85886e-05,-0.00417059,-0.00670414,1,0.00322189,0.00286373,-0.00286373,0.00322189,1,1,-0.00308021,0.00322592,0.000216482,-4.02815e-06,0,0,0,0,0,0,0,0,0,0,0,0,0,0,0,0,0,0,0,0,0,0,0,255,0.22,1.98007,0.22,-0.00216724,0.000627523,1,1,1,1,0,1,1,-0.194244,-3.12698,0.112397,-0.00605472,0.0073793,0.0162444,18.8651,36568,1,367,162.228,9142,0,0.000884653,0.00544402,0.0423642,0,0,0,1,500,0.225,-2.90228e-05,3.26519e-05,7.34669e-06,6.53013e-06,8.58048e-06,4.79482e-06,0.524084,0.0610435,0.00482113,0.00961712,-0.217041,0.00101845,-1.81267e-05,3.54233e-05,18.6256,0,0,0,0,0,0,-1,1,-9.04615e-07,-3.41771e-06,-0.216935,0,19.152,1,1010,1010,1010,1010,0,0,0,0,19.1561,56,-0.0050758,0.00142487,56,-0.0122907,0.0138312,56,0.00511345,-0.0011864,56,-0.00466553,-0.00312457,56,-0.00439053,-0.00229368,56,0.00356936,0.00185714,56,0.00245663,-0.00349232,56,-0.000287437,0.00256236,52,-0.00601301,-3.01243e-06
6050020846382,6050011691000,6050011691000,6050020841808,73729,9.15081,6050034667650,22.9766,1,37972,146075,0,0,1,0,0,0.019994,500,500,500,1,2.70111,4.64891,0.589319,0.308817,-0.019516,0.00927734,-5.38359e-05,2.00793e-05,-0.00543134,0.000388477,1,0.00100427,0.0026926,-0.0026926,0.00100427,1,1,-0.00280432,0.000960559,0.000111715,4.37058e-05,0,0,0,0,0,0,0,0,0,0,0,0,0,0,0,0,0,0,0,0,0,0,0,255,0.22,7.36474,0.22,-0.00253929,0.00115565,1,1,1,1,0,1,1,-0.194244,-3.12698,0.112397,-0.00605472,0.0073793,0.0162444,33.2518,36568,1,367,176.614,9142,0,0.000884653,0.00544402,0.0423642,0,0,0,1,500,0.225,-4.55959e-05,1.70381e-05,3.83357e-06,1.02591e-05,5.9536e-06,9.19237e-06,0.52409,0.0610527,0.00481935,0.00962971,-0.217095,0.000604303,0.000196676,8.12698e-05,14.086,2,0,0,0,0,0,-1,1,-9.04615e-07,-3.41771e-06,-0.216935,0,33.522,1,1010,1010,1010,1010,0,0,0,0,33.526,56,0.00130881,-0.0013909,56,-0.00706408,0.00212045,56,-0.00180839,0.00171728,56,-0.00173677,-0.000369249,56,-0.00211348,0.00209332,56,-0.00148024,0.001961,56,-0.00633606,0.000900173,56,-0.00287163,0.00107667,52,-0.000863152,3.90465e-05
6050035206043,6050019714000,6050019714000,6050035195617,73729,15.4816,6050047892469,28.1785,0,37972,146076,0,0,1,0,0,0.008023,500,500,500,1,2.69741,4.58129,0.614264,0.309132,0.00546265,0.0212708,9.39267e-06,4.41698e-05,0.00352372,0.000538073,1,0.0055054,-0.00117072,0.00117072,0.0055054,1,1,0.000918402,0.00559893,0.000252316,-9.35377e-05,0,0,0,0,0,0,0,0,0,0,0,0,0,0,0,0,0,0,0,0,0,0,0,255,0.22,1.47762,0.22,-6.21054e-05,0.00393444,1,1,1,1,1,1,1,-0.194244,-3.12698,0.112397,-0.00605472,0.0073793,0.0162444,46.4532,36568,1,367,189.816,9142,0,0.000884653,0.00544402,0.0423642,0,0,0,1,500,0.225,7.95167e-06,3.73834e-05,8.41126e-06,-1.78912e-06,7.82779e-06,-3.55922e-06,0.524098,0.0610491,0.00482353,0.0096031,-0.217157,0.000616119,-0.00042092,-0.000415443,11.5072,2,0,0,0,0,0,-1,1,-9.04615e-07,-3.41771e-06,-0.216935,0,46.7483,1,1010,1010,1010,1010,0,0,0,0,0.260873,56,-0.0109769,0.00909698,56,0.0129532,0.0125297,56,0.00821141,0.00170884,56,0.000448137,0.00166656,56,-0.0120918,0.00163138,56,0.0016767,0.00391563,56,0.00322295,0.00334425,56,0.000186915,0.0030117,52,0.00565493,0.00780999
6050048494732,6050039717000,6050039717000,6050048489862,73729,8.77286,6050062741114,23.0241,1,37973,146077,0,0,1,0,0,0.020003,500,500,500,1,2.73939,4.86122,0.633172,0.308688,-0.00796509,-0.0229797,-1.07168e-05,-2.68586e-05,-0.00191099,-0.00289342,1,-0.00134273,0.000535762,-0.000535762,-0.00134273,1,1,-0.000888016,-0.0011976,0.000352254,-0.000145132,0,0,0,0,0,0,0,0,0,0,0,0,0,0,0,0,0,0,0,0,0,0,0,255,0.22,4.59807,0.22,-0.000958037,-0.00191082,1,1,1,1,0,1,1,-0.194976,-3.12686,0.112651,-0.00711062,0.00752916,0.0165995,5.44848,36569,1,367,5.39728,9143,0,0.000884653,0.00553355,0.0416228,0,0,0,1,500,0.225,-9.03814e-06,-2.27477e-05,-5.11824e-06,2.03358e-06,-4.55941e-06,3.08872e-06,0.524094,0.0610522,0.00482584,0.00957425,-0.21721,0.00116583,-0.000653094,-0.000335446,5.17467,2,0,0,0,0,0,-1,1,-9.04615e-07,-3.41771e-06,-0.217073,0,5.71341,1,1010,1010,1010,1010,0,0,0,0,15.0775,56,0.00178532,-0.000399503,56,-0.00481135,-0.00506061,56,0.000255308,-0.00204197,56,-0.00140834,-0.00144471,56,-0.000899456,0.00126931,56,0.00278932,-0.00176148,56,-0.00126744,-0.000204075,56,-0.00299244,-0.00358611,52,-0.00395888,-0.00252065
6050063240895,6050051694000,6050051694000,6050063230784,73729,11.5368,6050079854942,28.1609,0,37973,146078,0,0,1,0,0,0.011977,500,500,500,1,2.70459,4.54011,0.612042,0.30928,0.00626373,0.00196838,8.99388e-06,-6.11502e-06,0.00401789,0.00244941,1,-0.000510564,-0.00075093,0.00075093,-0.000510564,1,1,0.000423391,-0.000431893,0.000327539,-7.86702e-05,0,0,0,0,0,0,0,0,0,0,0,0,0,0,0,0,0,0,0,0,0,0,0,255,0.22,-0.929989,0.22,-0.000721946,0.000950271,1,1,1,1,0,1,1,-0.194976,-3.12686,0.112651,-0.00711062,0.00752916,0.0165995,22.5661,36569,1,367,22.5149,9143,0,0.000884653,0.00553355,0.0416228,0,0,0,1,500,0.225,7.61761e-06,-5.15301e-06,-1.15943e-06,-1.71396e-06,-1.50157e-06,-1.4238e-06,0.524092,0.0610508,0.00482584,0.00957425,-0.21721,0.000966614,-0.000354016,-0.000405849,22.2814,0,0,0,0,0,0,-1,1,-9.04615e-07,-3.41771e-06,-0.217073,0,22.8487,1,1010,1010,1010,1010,0,0,0,0,32.2128,56,0.00402472,0.00391701,56,0.00596957,0.00153767,56,0.00384056,0.0021875,56,2.11868e-06,0.005377,56,-0.00858417,-0.00520265,56,-0.00153508,-0.00290937,56,0.00035629,-0.00477064,56,0.00502526,0.000988818,52,0.00627035,0.000609416
6050080392946,6050071695000,6050071695000,6050080388502,73729,8.6935,6050094294122,22.5991,1,37974,146079,0,0,1,0,0,0.020001,500,500,498,0.996,2.65891,4.784,0.595005,0.306558,-0.0127945,0.0110016,-6.13773e-05,2.85107e-05,-0.00304567,-0.000427747,1,0.00142546,0.00306871,-0.00306871,0.00142546,1,1,-0.00325658,0.00133387,0.000187873,9.1599e-05,0,0,0,0,0,0,0,0,0,0,0,0,0,0,0,0,0,0,0,0,0,0,0,255,0.22,6.0811,0.22,-0.00251253,0.00144046,1,1,1,1,0,1,1,-0.194976,-3.12686,0.112651,-0.00711062,0.00752916,0.0165995,37.0178,36569,1,367,36.9665,9143,0,0.000884653,0.00553355,0.0416228,0,0,0,1,498,0.225,-5.19711e-05,2.41219e-05,5.42743e-06,1.16935e-05,7.82084e-06,1.02484e-05,0.5241,0.061061,0.00482235,0.00955783,-0.217275,0.000453333,0.000412195,-0.000313675,14.1191,2,0,0,0,0,0,-1,1,-9.04615e-07,-3.41771e-06,-0.217073,0,37.2889,1,1010,1010,1010,1010,0,0,0,0,46.653,56,0.000647857,-0.00136865,56,-0.010028,0.00580896,54,-0.00138506,0.000715981,56,0.000388326,-0.0020708,56,-0.00184758,0.00277813,56,0.000833475,0.00236936,56,-0.00263365,-0.000757697,56,-0.00144713,0.00416559,52,-0.00194753,5.15527e-05
6050094814033,6050079714000,6050079714000,6050094804070,73729,15.0901,6050107712164,27.9982,0,37974,146080,0,0,1,0,0,0.008019,500,500,500,1,2.71267,4.83065,0.594263,0.34191,-0.00358582,0.0250702,1.76873e-05,6.40913e-05,-0.000492029,-0.0126248,1,0.00799242,-0.00220568,0.00220568,0.00799242,1,1,0.00214194,0.00795831,6.374e-05,3.41105e-05,0,0,0,0,0,0,0,0,0,0,0,0,0,0,0,0,0,0,0,0,0,0,0,255,0.22,0.226335,0.22,0.000403512,0.004962,1,1,1,1,1,1,1,-0.195633,-3.12675,0.112806,-0.00754846,0.00762411,0.0167339,2.07811,36570,1,367,50.375,9143,0,0.000884653,0.00553355,0.0416228,0,0,0,1,500,0.225,1.49457e-05,5.43121e-05,1.22202e-05,-3.36278e-06,1.12069e-05,-5.91865e-06,0.524111,0.0610551,0.00483528,0.00950875,-0.217348,0.00107798,0.000153497,0.000632916,1.79611,3,0,0,0,0,0,-1,1,-9.04615e-07,-3.41771e-06,-0.217216,0,2.36963,1,1010,1010,1010,1010,0,0,0,0,2.37431,56,-0.00722708,0.0098348,56,0.0221636,0.0174986,56,-0.000669627,0.00290955,56,0.00130997,0.00192822,56,0.00260136,0.00730263,56,-0.00599774,0.0111036,56,-0.000984887,0.00791208,56,-0.00283311,0.00629433,52,0.00106457,0.00305091
6050108312021,6050099708000,6050099708000,6050108306335,73729,8.59833,6050122533198,22.8252,1,37975,146081,0,0,1,0,0,0.019994,500,500,500,1,2.66272,4.83915,0.678042,0.321151,-0.00404358,-0.0022583,-3.36963e-05,1.12505e-06,-0.00356378,-0.000134027,1,5.62694e-05,0.00168532,-0.00168532,5.62694e-05,1,1,-0.00177276,8.95595e-05,8.744e-05,-3.32901e-05,0,0,0,0,0,0,0,0,0,0,0,0,0,0,0,0,0,0,0,0,0,0,0,255,0.22,3.56006,0.22,-0.00134868,-0.000603673,1,1,1,1,0,1,1,-0.195633,-3.12675,0.112806,-0.00754846,0.00762411,0.0167339,16.9028,36570,1,367,65.1998,9143,0,0.000884653,0.00553355,0.0416228,0,0,0,1,500,0.225,-2.84985e-05,9.53096e-07,2.14447e-07,6.41216e-06,1.59239e-06,6.21492e-06,0.524113,0.0610613,0.00483528,0.00950875,-0.217348,0.00135897,-0.000149806,0.000772393,16.6195,0,0,0,0,0,0,-1,1,-9.04615e-07,-3.41771e-06,-0.217216,0,17.1779,1,1010,1010,1010,1010,0,0,0,0,17.1826,56,-0.00164295,0.00406151,56,-0.00314132,-0.00152966,56,0.000768752,0.00254304,56,-0.0048208,-0.00349815,56,-0.00755785,0.00135861,56,0.00435036,-0.000385517,56,7.90667e-07,-0.00139268,56,-0.00295878,-0.00318797,52,0.000461165,0.00138478
6050123053239,6050111680000,6050111680000,6050123045035,73729,11.365,6050137683661,26.0037,0,37975,146082,0,0,1,0,0,0.011972,500,500,467,0.934,2.72087,4.63561,0.690616,0.290594,0.0022583,-0.0067749,2.67095e-05,-1.71972e-05,0.00457481,0.00620208,1,-0.00143645,-0.002231,0.002231,-0.00143645,1,1,0.00204389,-0.00136405,0.000187106,-7.23964e-05,0,0,0,0,0,0,0,0,0,0,0,0,0,0,0,0,0,0,0,0,0,0,0,255,0.22,7.80513,0.22,-0.000379215,-0.000616107,1,1,1,1,0,1,1,-0.195633,-3.12675,0.112806,-0.00754846,0.00762411,0.0167339,32.0463,36570,1,367,80.3431,9143,0,0.000884653,0.00553355,0.0416228,0,0,0,1,467,0.225,2.25737e-05,-1.45781e-05,-3.28007e-06,-5.07909e-06,-4.29834e-06,-4.25208e-06,0.524108,0.0610571,0.00483581,0.00949024,-0.217375,0.00128963,-0.000325784,0.000358123,14.9075,1,0,0,0,0,0,-1,1,-9.04615e-07,-3.41771e-06,-0.217216,0,32.3185,1,1010,1010,1010,1010,0,0,0,0,32.3231,56,-0.0124703,-0.00781504,56,0.0112722,-0.00231057,28,-0.00478359,-0.00282835,56,0.00639563,0.00811253,56,0.000931149,-0.00389354,51,-0.00312072,-0.00231592,56,-0.00278443,0.000666887,56,0.00705485,0.00099983,52,-0.00183952,-0.0061652
6050138213016,6050119711000,6050119711000,6050138201794,73729,18.4908,6050151342927,31.6319,0,37975,146083,0,0,1,0,0,0.008031,500,500,500,1,2.68796,4.85311,0.597542,0.315836,-0.016098,-0.00328827,-2.73828e-05,1.10926e-05,-0.00681452,-0.000443798,1,0.00138123,0.00340963,-0.00340963,0.00138123,1,1,-0.00368998,0.00139089,0.000280343,-9.66502e-06,0,0,0,0,0,0,0,0,0,0,0,0,0,0,0,0,0,0,0,0,0,0,0,255,0.22,3.04945,0.22,-0.00347832,6.36377e-05,1,1,1,1,0,1,1,-0.195633,-3.12675,0.112806,-0.00754846,0.00762411,0.0167339,45.7205,36570,1,367,94.0174,9143,0,0.000884653,0.00553355,0.0416228,0,0,0,1,500,0.225,-2.31998e-05,9.33184e-06,2.09966e-06,5.21996e-06,3.17652e-06,4.64395e-06,0.524112,0.0610617,0.00480589,0.00945991,-0.217454,0.000165857,-4.34926e-05,-0.000876548,13.3851,2,0,0,0,0,0,-1,1,-9.04615e-07,-3.41771e-06,-0.217216,0,45.9936,1,1010,1010,1010,1010,0,0,0,0,45.9982,56,-0.011198,0.00143782,56,-0.00721736,0.0173503,56,0.00235996,-0.00501153,56,-0.00757954,-0.013745,56,-0.00581197,0.00462384,56,-0.00392488,-0.00361763,56,5.73171e-05,-0.00704917,56,-0.00414673,0.000510736,52,-0.00950509,0.00279148
6050151868005,6050139709000,6050139709000,6050151863079,73729,12.1541,6050163820333,24.1113,1,37976,146084,0,0,1,0,0,0.019998,500,500,499,0.998,2.67133,4.86487,0.768617,0.305706,-0.00231934,0.00289917,1.36809e-06,-2.77004e-05,-0.00169307,0.00486693,1,-0.00138516,-6.84113e-05,6.84113e-05,-0.00138516,1,1,-0.000272611,-0.0014508,0.000341023,6.56465e-05,0,0,0,0,0,0,0,0,0,0,0,0,0,0,0,0,0,0,0,0,0,0,0,255,0.22,6.45214,0.22,-0.0011021,0.000481327,1,1,1,2,1,1,1,-0.19618,-3.12667,0.112971,-0.00775202,0.00772317,0.0168924,11.8018,36571,1,367,106.464,9143,0,0.000884653,0.00553355,0.0416228,0,0,0,1,499,0.225,1.12758e-06,-2.34179e-05,-5.26904e-06,-2.53705e-07,-5.19943e-06,8.89199e-07,0.524106,0.0610626,0.00480256,0.00944315,-0.217494,-0.000523764,0.000295409,-0.00164669,11.5826,1,0,0,0,0,0,-1,1,-9.04615e-07,-3.41771e-06,-0.217388,0,12.0814,1,1010,1010,1010,1010,0,0,0,0,12.085,56,0.00269673,-0.00379648,56,0.00451352,-0.00512292,56,-0.00444686,0.00114573,56,-0.00102125,0.0015159,56,0.0013037,0.0042588,56,-0.00163248,0.00140361,56,0.000319633,0.00142318,56,-0.00352806,-0.0021123,51,0.0031548,-0.0020706
6050164415060,6050151689000,6050151689000,6050164400967,73729,12.712,6050176809131,25.1201,0,37976,146085,0,0,1,0,0,0.01198,500,500,500,1,2.73107,4.49187,0.630764,0.308557,-0.00468445,0.00499725,6.15788e-06,1.57761e-05,0.00326941,-0.00462131,1,0.00131687,-0.000514014,0.000514014,0.00131687,1,1,8.54016e-05,0.00136732,0.000428612,-5.04536e-05,0,0,0,0,0,0,0,0,0,0,0,0,0,0,0,0,0,0,0,0,0,0,0,255,0.22,8.96127,0.22,0.00018646,0.000324456,1,1,1,2,0,1,1,-0.19618,-3.12667,0.112971,-0.00775202,0.00772317,0.0168924,24.8083,36571,1,367,119.47,9143,0,0.000884653,0.00553355,0.0416228,0,0,0,1,500,0.225,5.20461e-06,1.33599e-05,3.00599e-06,-1.17104e-06,2.68215e-06,-1.79226e-06,0.524109,0.0610608,0.00483397,0.00939682,-0.217578,0.00128355,-0.000227041,-0.000516166,0.573763,3,0,0,0,0,0,-1,1,-9.04615e-07,-3.41771e-06,-0.217388,0,25.0662,1,1010,1010,1010,1010,0,0,0,0,25.0698,56,-0.00332841,0.00355178,56,0.00177695,0.0135321,56,0.00115007,0.0010751,56,0.00148043,-0.00540998,56,-0.0052596,-0.00178396,56,0.00080224,0.00123035,56,0.00218946,0.00763832,56,0.00124416,-1.66229e-05,52,-0.00400619,0.00182732
6050177322061,6050171693000,6050171693000,6050177317654,73729,5.62465,6050188753922,17.0609,1,37977,146086,0,0,1,0,0,0.020004,500,500,500,1,2.70456,4.45268,0.611171,0.309132,0.00114441,-0.00720978,-2.31061e-05,4.45551e-06,-0.00587436,-0.00407467,1,0.000222731,0.00115508,-0.00115508,0.000222731,1,1,-0.00159583,0.000235324,0.000440758,-1.25934e-05,0,0,0,0,0,0,0,0,0,0,0,0,0,0,0,0,0,0,0,0,0,0,0,255,0.22,1.58949,0.22,-0.000167688,-0.000443155,1,1,1,2,0,1,1,-0.19618,-3.12667,0.112971,-0.00775202,0.00772317,0.0168924,36.7563,36571,1,367,131.419,9143,0,0.000884653,0.00553355,0.0416228,0,0,0,1,500,0.225,-1.95151e-05,3.7549e-06,8.44853e-07,4.3909e-06,1.77292e-06,4.10492e-06,0.524111,0.0610649,0.00483397,0.00939682,-0.217578,0.00194212,-5.66704e-05,-3.30313e-05,12.5208,0,0,0,0,0,0,-1,1,-9.04615e-07,-3.41771e-06,-0.217388,0,37.0139,1,1010,1010,1010,1010,0,0,0,0,37.0175,56,0.00264618,0.000808,56,-0.00811325,-0.000726377,56,0.000898349,-0.00294027,56,-0.00112363,0.00248079,56,0.00102801,0.00196751,56,-0.00194677,0.00210876,56,-0.00218229,-0.00653068,56,0.000797852,0.00034664,52,-0.00117751,-0.000347348
6050189275185,6050179709000,6050179709000,6050189263556,73729,9.55456,6050202482504,22.7735,0,37977,146087,0,0,1,0,0,0.008016,500,500,500,1,2.75443,4.98398,0.669986,0.313168,0.00196838,-0.0016861,8.25403e-06,1.35508e-05,0.0130821,-0.0156092,1,0.00169047,-0.00102969,0.00102969,0.00169047,1,1,0.000908695,0.00166757,0.000121,2.29046e-05,0,0,0,0,0,0,0,0,0,0,0,0,0,0,0,0,0,0,0,0,0,0,0,255,0.22,3.37888,0.22,-0.00190214,0.000110854,1,1,1,1,0,1,1,-0.196639,-3.12661,0.113214,-0.00745222,0.00766048,0.0170084,0.690746,36572,1,367,145.137,9143,0,0.000884653,0.00553355,0.0416228,0,0,0,1,500,0.225,7.0071e-06,1.14837e-05,2.58384e-06,-1.5766e-06,2.18232e-06,-2.09722e-06,0.524113,0.0610628,0.00483605,0.00936725,-0.217622,0.00131975,0.000103071,0.000620204,0.46517,2,0,0,0,0,0,-1,1,-9.04615e-07,-3.41771e-06,-0.217515,0,0.958988,1,1010,1010,1010,1010,0,0,0,0,0.96284,56,0.000755409,-0.0018858,56,0.00933706,0.0134659,56,0.0045986,-0.00119677,56,-0.00226406,-0.000336434,56,-0.00515064,-0.00646921,56,0.00853418,-0.00104434,56,0.000569032,0.00736579,56,-0.00285086,0.0011244,52,0.00358641,0.0015264
6050202975841,6050187725000,6050187725000,6050202965193,73729,15.2402,6050217183426,29.4584,0,37977,146088,0,0,1,0,0,0.008016,500,500,500,1,2.69302,4.6659,0.785191,0.30815,0.00428772,0.0161591,-5.32714e-06,6.57931e-05,-0.0160237,0.000493303,1,0.00820772,0.000664564,-0.000664564,0.00820772,1,1,-0.000670084,0.00823822,5.51974e-06,-3.05014e-05,0,0,0,0,0,0,0,0,0,0,0,0,0,0,0,0,0,0,0,0,0,0,0,255,0.22,6.85661,0.22,-0.000856738,0.00577584,1,1,1,1,1,1,1,-0.196639,-3.12661,0.113214,-0.00745222,0.00766048,0.0170084,15.4549,36572,1,367,159.901,9143,0,0.000884653,0.00553355,0.0416228,0,0,0,1,500,0.225,-4.47582e-06,5.57319e-05,1.25397e-05,1.00706e-06,1.24609e-05,-1.72401e-06,0.524126,0.0610611,0.00483605,0.00936725,-0.217622,0.000959261,-0.000137256,0.000747538,15.1576,0,0,0,0,0,0,-1,1,-9.04615e-07,-3.41771e-06,-0.217515,0,15.7252,1,1010,1010,1010,1010,0,0,0,0,15.7291,56,-0.00940024,0.019237,56,-0.000226144,0.0121009,56,0.00806953,0.00826929,56,-0.011034,-0.000848761,56,-0.00262612,0.00358258,56,0.00203375,0.00298757,56,-0.00357268,0.011135,56,-0.00470239,-0.000847563,52,0.00304764,0.000698849
6050217838857,6050207720000,6050207720000,6050217834209,73729,10.1142,6050231161787,23.4418,1,37978,146089,0,0,1,0,0,0.019995,500,500,500,1,2.72187,4.55802,0.712023,0.314039,-0.0180664,-0.00294495,-2.00012e-05,-3.94572e-05,0.00454645,0.00401648,1,-0.00197335,0.00100031,-0.00100031,-0.00197335,1,1,-0.00103622,-0.00204417,3.59097e-05,7.08183e-05,0,0,0,0,0,0,0,0,0,0,0,0,0,0,0,0,0,0,0,0,0,0,0,255,0.22,1.52394,0.22,-0.00273146,-0.000861989,1,1,1,1,0,1,1,-0.196639,-3.12661,0.113214,-0.00745222,0.00766048,0.0170084,29.4355,36572,1,367,173.881,9143,0,0.000884653,0.00553355,0.0416228,0,0,0,1,500,0.225,-1.70219e-05,-3.34098e-05,-7.51721e-06,3.82993e-06,-6.51222e-06,5.36283e-06,0.524119,0.0610665,0.00483374,0.00935504,-0.217677,0.000647531,0.000318682,0.000388749,13.705,2,0,0,0,0,0,-1,1,-9.04615e-07,-3.41771e-06,-0.217515,0,29.7065,1,1010,1010,1010,1010,0,0,0,0,29.7103,56,0.00123121,-0.000293076,56,0.00259748,-0.00817493,56,-0.00460863,-0.00101138,56,-0.00146142,0.000817984,56,0.000365715,-0.00163284,56,0.000466059,-0.000136115,56,0.00143476,-7.46652e-05,56,-0.003127,0.000680813,52,-0.00382651,-0.00185551
6050231727903,6050219708000,6050219708000,6050231716402,73729,12.0084,6050248530803,28.8228,0,37978,146090,0,0,1,0,0,0.011988,500,500,500,1,2.66956,4.8354,0.661208,0.314169,-0.00299835,0.00878906,-7.58149e-06,5.0155e-05,0.00420071,-0.00826797,1,0.00418376,0.000632423,-0.000632423,0.00418376,1,1,-0.00109783,0.00419192,0.000465403,-8.1557e-06,0,0,0,0,0,0,0,0,0,0,0,0,0,0,0,0,0,0,0,0,0,0,0,255,0.22,5.26028,0.22,-0.00146045,0.0017565,1,1,1,1,0,1,1,-0.196639,-3.12661,0.113214,-0.00745222,0.00766048,0.0170084,46.7939,36572,1,367,191.24,9143,0,0.000884653,0.00553355,0.0416228,0,0,0,1,500,0.225,-6.43179e-06,4.24663e-05,9.55491e-06,1.44715e-06,9.64159e-06,-6.50828e-07,0.524129,0.0610658,0.00484043,0.00933862,-0.217718,0.000762878,-3.67006e-05,-0.00106515,17.094,1,0,0,0,0,0,-1,1,-9.04615e-07,-3.41771e-06,-0.217515,0,47.0635,1,1010,1010,1010,1010,0,0,0,0,0.277262,56,-0.00133197,0.00165061,56,-0.00625725,0.0234663,56,0.001843,0.00018834,56,0.00209826,0.00119521,56,-0.0100668,-0.00561135,56,0.00589555,0.000954646,56,0.00256352,0.000102297,56,-0.0037646,0.00200365,52,0.000113833,0.0028797
6050249108141,6050239707000,6050239707000,6050249103603,73729,9.3966,6050262795796,23.0888,1,37979,146091,0,0,1,0,0,0.019999,500,500,500,1,2.74061,4.94233,0.665319,0.311743,0.0318298,-0.0363922,8.03342e-05,-9.54416e-05,0.000545583,0.00648365,1,-0.00477232,-0.00401691,0.00401691,-0.00477232,1,1,0.00339012,-0.00476598,0.000626789,-6.33871e-06,0,0,0,0,0,0,0,0,0,0,0,0,0,0,0,0,0,0,0,0,0,0,0,255,0.22,2.3583,0.22,0.0022095,-0.00310561,1,1,1,1,0,1,1,-0.197014,-3.12657,0.113424,-0.00730856,0.00767895,0.0169762,0.046093,36573,1,367,0.015778,9144,0,0.000884653,0.00577746,0.0410595,0,0,0,1,500,0.225,6.80736e-05,-8.0803e-05,-1.81807e-05,-1.53166e-05,-2.10601e-05,-1.10271e-05,0.524108,0.0610548,0.00484775,0.00932933,-0.217748,0.00124856,-2.85242e-05,-0.00125759,14.0217,1,0,0,0,0,0,-1,1,-9.04615e-07,-3.41771e-06,-0.217669,0,0.333409,1,1010,1010,1010,1010,0,0,0,0,14.5833,56,0.00780169,-0.00827619,56,0.00452739,-0.0188702,56,-0.000643197,-0.00102085,56,0.00596332,-0.0037158,56,0.00525311,-0.00222534,56,-0.00231726,-0.00297932,56,0.000423295,0.000557068,56,0.00895745,-0.00609683,52,0.00124483,-0.00361425
6050263393893,6050247725000,6050247725000,6050263383745,73729,15.6587,6050276257394,28.5324,0,37979,146092,0,0,1,0,0,0.008018,500,500,500,1,2.68437,4.55353,0.615005,0.308669,-0.0189056,-0.00108337,-2.51919e-05,1.15066e-05,-0.000359009,-0.000512092,1,0.0014351,0.00314192,-0.00314192,0.0014351,1,1,-0.00362991,0.00133705,0.000487991,9.80545e-05,0,0,0,0,0,0,0,0,0,0,0,0,0,0,0,0,0,0,0,0,0,0,0,255,0.22,6.44331,0.22,-0.00377606,0.000290613,1,1,1,1,1,1,1,-0.197014,-3.12657,0.113424,-0.00730856,0.00767895,0.0169762,13.49,36573,1,367,13.4599,9144,0,0.000884653,0.00577746,0.0410595,0,0,0,1,500,0.225,-2.13885e-05,9.7154e-06,2.18597e-06,4.81241e-06,3.1743e-06,4.22629e-06,0.524111,0.061059,0.0048465,0.00932469,-0.217798,0.00108086,0.000441245,-0.000892079,13.1493,2,0,0,0,0,0,-1,1,-9.04615e-07,-3.41771e-06,-0.217669,0,13.7616,1,1010,1010,1010,1010,0,0,0,0,28.0116,56,-0.0152447,0.00151082,56,0.0109492,0.00857551,56,0.00315366,0.00429446,56,-0.00635614,0.00131366,56,-0.00911213,-0.00660297,56,-0.00452349,0.0012234,56,-0.00728241,-0.0120574,56,0.00103633,-0.00133503,52,-0.00543831,-0.00216485
6050276924992,6050267723000,6050267723000,6050276916973,73729,9.19397,6050290090958,22.368,1,37980,146093,0,0,1,0,0,0.019998,500,500,500,1,2.71096,4.48833,0.597689,0.309854,-0.015625,0.0239182,-2.55613e-05,5.41311e-05,-0.00115136,-0.00460911,1,0.00270683,0.00127819,-0.00127819,0.00270683,1,1,-0.00148579,0.00269913,0.0002076,7.7005e-06,0,0,0,0,0,0,0,0,0,0,0,0,0,0,0,0,0,0,0,0,0,0,0,255,0.22,-0.281909,0.22,-0.00228804,0.00142643,1,1,1,1,0,1,1,-0.197014,-3.12657,0.113424,-0.00730856,0.00767895,0.0169762,27.3295,36573,1,367,27.2993,9144,0,0.000884653,0.00577746,0.0410595,0,0,0,1,500,0.225,-2.16436e-05,4.58966e-05,1.03267e-05,4.8698e-06,1.11349e-05,2.52269e-06,0.524122,0.0610615,0.00485717,0.00930281,-0.217857,0.000724572,3.46522e-05,-0.000167703,13.5602,2,0,0,0,0,0,-1,1,-9.04615e-07,-3.41771e-06,-0.217669,0,27.5989,1,1010,1010,1010,1010,0,0,0,0,41.8488,56,0.00576774,0.000723038,56,-0.0166078,0.0034798,56,-0.00107467,0.00142557,56,-0.00464692,2.92432e-05,56,-0.000613344,0.000949602,56,0.000366236,0.00274314,56,0.000316673,0.00673039,56,-0.00149706,0.00242569,52,-0.00206045,0.00443163
6050290656073,6050279705000,6050279705000,6050290644962,73729,10.94,6050306286447,26.5814,0,37980,146094,0,0,1,0,0,0.011982,500,500,500,1,2.69219,5.01002,0.661949,0.334854,0.0112,-0.0108643,1.62722e-05,5.35315e-07,-0.00522904,-0.00589129,1,4.46766e-05,-0.00135806,0.00135806,4.46766e-05,1,1,0.00084522,4.30123e-05,0.000512836,1.66426e-06,0,0,0,0,0,0,0,0,0,0,0,0,0,0,0,0,0,0,0,0,0,0,0,255,0.22,2.60672,0.22,0.00082219,-0.00115124,1,1,1,1,0,1,1,-0.197314,-3.12656,0.113593,-0.00703256,0.00740824,0.0169261,4.60818,36574,1,367,43.4745,9144,0,0.000884653,0.00577746,0.0410595,0,0,0,1,500,0.225,1.38813e-05,4.40246e-07,9.90554e-08,-3.1233e-06,-5.78689e-07,-3.07077e-06,0.524121,0.0610585,0.00487744,0.009296,-0.217924,0.00186593,7.48917e-06,-0.000353467,4.32896,2,0,0,0,0,0,-1,1,-9.04615e-07,-3.41771e-06,-0.217816,0,4.87726,1,1010,1010,1010,1010,0,0,0,0,4.88144,56,0.00691314,0.00714372,56,-0.00414304,-0.00224425,56,0.00365983,-0.00230026,56,0.00455096,-0.000323329,56,-0.00156645,0.00310099,56,0.00429819,-0.00288334,56,-0.00283278,-0.00338168,56,-0.00838057,-0.00188225,52,0.00402646,0.00102432
6050306850451,6050287725000,6050287725000,6050306837599,73729,19.1126,6050319723211,31.9982,0,37980,146095,0,0,1,0,0,0.00802,500,500,500,1,2.70224,4.58894,0.664542,0.339077,-0.00833893,-0.000175476,-2.35962e-05,7.25849e-07,-0.0075142,0.0027814,1,9.05048e-05,0.00294217,-0.00294217,9.05048e-05,1,1,-0.00320584,4.07139e-05,0.000263678,4.97909e-05,0,0,0,0,0,0,0,0,0,0,0,0,0,0,0,0,0,0,0,0,0,0,0,255,0.22,-0.765413,0.22,-0.00221552,-0.000138705,1,1,1,1,0,1,1,-0.197314,-3.12656,0.113593,-0.00703256,0.00740824,0.0169261,18.0673,36574,1,367,56.9337,9144,0,0.000884653,0.00577746,0.0410595,0,0,0,1,500,0.225,-1.99809e-05,5.41447e-07,1.21826e-07,4.4957e-06,1.0912e-06,4.36292e-06,0.524122,0.0610628,0.00487705,0.00928463,-0.217945,0.0012033,0.000224059,1.33999e-05,13.1772,1,0,0,0,0,0,-1,1,-9.04615e-07,-3.41771e-06,-0.217816,0,18.3588,1,1010,1010,1010,1010,0,0,0,0,18.363,56,-0.0181194,0.000351225,56,-0.0204667,0.0279741,56,0.00839398,-0.00666438,56,-0.00105025,-0.00436684,56,-0.00632815,0.00155413,56,4.4614e-05,-0.00181997,56,-0.00025438,-0.00828666,56,-0.0038282,0.00342218,52,-0.00869047,-0.00551263
6050320319290,6050307725000,6050307725000,6050320312105,73729,12.5871,6050334447208,26.7222,1,37981,146096,0,0,1,0,0,0.02,500,500,495,0.99,2.66559,4.92218,0.666672,0.306392,0.0198212,-4.57764e-05,5.62835e-05,-1.64863e-05,0.00135242,-0.000646879,1,-0.000824315,-0.00281417,0.00281417,-0.000824315,1,1,0.00275685,-0.000888298,5.73249e-05,6.39824e-05,0,0,0,0,0,0,0,0,0,0,0,0,0,0,0,0,0,0,0,0,0,0,0,255,0.22,2.57356,0.22,3.14704e-05,-0.000447903,1,1,1,1,1,1,1,-0.197314,-3.12656,0.113593,-0.00703256,0.00740824,0.0169261,32.7907,36574,1,367,71.6569,9144,0,0.000884653,0.00577746,0.0410595,0,0,0,1,495,0.225,4.77142e-05,-1.39154e-05,-3.13097e-06,-1.07357e-05,-5.37899e-06,-9.80428e-06,0.524117,0.061053,0.00487796,0.00928252,-0.217992,0.000756248,0.000287921,0.000398629,7.91461,2,0,0,0,0,0,-1,1,-9.04615e-07,-3.41771e-06,-0.217816,0,33.0589,1,1010,1010,1010,1010,0,0,0,0,33.0631,56,0.00650996,-0.000229744,56,0.00410314,-0.00919029,56,-0.00145387,0.00184395,56,0.00131906,0.00360467,56,0.002372,-0.000616155,56,0.000250751,0.00140049,56,0.0021671,0.00307088,56,0.000263902,-0.00153286,47,0.00122857,0.000894945
6050335097879,6050319703000,6050319703000,6050335085823,73729,15.3828,6050350015636,30.3126,0,37981,146097,0,0,1,0,0,0.011978,500,500,500,1,2.69843,4.55716,0.589763,0.332095,-0.0117188,0.000747681,-3.92763e-05,7.39927e-06,-0.000795217,0.00268468,1,0.000617738,0.00327904,-0.00327904,0.000617738,1,1,-0.00343673,0.000531581,0.00015769,8.61568e-05,0,0,0,0,0,0,0,0,0,0,0,0,0,0,0,0,0,0,0,0,0,0,0,255,0.22,6.32964,0.22,-0.00337988,0.000143779,1,1,1,1,0,1,1,-0.19752,-3.12656,0.113727,-0.00639177,0.00754178,0.0170199,0.504282,36575,1,367,87.1812,9144,0,0.000884653,0.00577746,0.0410595,0,0,0,1,500,0.225,-3.33005e-05,6.25443e-06,1.40725e-06,7.49262e-06,2.99477e-06,7.01074e-06,0.52412,0.06106,0.00487406,0.00928185,-0.218013,0.000486573,0.000387706,-0.000178425,0.302632,1,0,0,0,0,0,-1,1,-9.04615e-07,-3.41771e-06,-0.217928,0,0.279002,1,1010,1010,1010,1010,0,0,0,0,0.781061,56,0.000488024,0.000605911,56,-0.0121095,0.0134133,56,0.00239114,-0.000351355,56,-0.00596867,-0.00169887,56,-0.000658202,0.000586727,56,2.17068e-05,-0.00131884,56,-0.0092463,-0.00252981,56,-0.00239896,0.000253208,52,-0.000894317,-0.000919013
6050350539899,6050339705000,6050339705000,6050350535714,73729,10.8307,6050363871737,24.1667,1,37982,146098,0,0,1,0,0,0.020002,500,500,499,0.998,2.70248,4.92074,0.591653,0.334188,0.00314331,0.00698853,6.76251e-06,-1.1333e-05,-0.00334412,0.00462395,1,-0.000566592,-0.000338092,0.000338092,-0.000566592,1,1,0.000180402,-0.000652749,0.00015769,8.61568e-05,0,0,0,0,0,0,0,0,0,0,0,0,0,0,0,0,0,0,0,0,0,0,0,255,0.22,2.34094,0.22,-0.000545544,-6.71972e-05,1,1,1,1,0,1,1,-0.19752,-3.12656,0.113727,-0.00639177,0.00754178,0.0170199,14.4288,36575,1,367,101.106,9144,0,0.000884653,0.00577746,0.0410595,0,0,0,1,499,0.225,5.68737e-06,-9.61512e-06,-2.1634e-06,-1.27966e-06,-2.38893e-06,-7.81436e-07,0.524118,0.0610592,0.00487406,0.00928185,-0.218013,0.000486573,0.000387706,-0.000178425,14.1659,0,0,0,0,0,0,-1,1,-9.04615e-07,-3.41771e-06,-0.217928,0,14.2148,1,1010,1010,1010,1010,0,0,0,0,14.7169,56,-0.00489954,-0.00311054,56,0.00865393,-0.00760863,55,-0.00398616,0.000414578,56,0.00692752,0.000564424,56,-0.0013755,0.00134048,56,-0.00436422,0.00242925,56,0.000916874,0.00181952,56,0.00263397,0.000836698,52,-0.00110209,-0.00167659
6050364511816,6050359702000,6050359702000,6050364507334,73729,4.80533,6050377757931,18.0559,1,37983,146099,0,0,1,0,0,0.019997,500,500,500,1,2.73172,4.4874,0.714653,0.321688,-0.0070343,0.00189209,2.638e-06,6.26266e-06,0.00594783,-0.00104215,1,0.00031318,-0.00013192,0.00013192,0.00031318,1,1,-9.19839e-05,0.000333703,0.000223903,-2.05229e-05,0,0,0,0,0,0,0,0,0,0,0,0,0,0,0,0,0,0,0,0,0,0,0,255,0.22,6.17793,0.22,-0.00111863,-0.000298521,1,1,1,1,0,1,1,-0.19752,-3.12656,0.113727,-0.00639177,0.00754178,0.0170199,28.2899,36575,1,367,114.967,9144,0,0.000884653,0.00577746,0.0410595,0,0,0,1,500,0.225,2.2258e-06,5.31088e-06,1.19495e-06,-5.00805e-07,1.05824e-06,-7.47432e-07,0.524119,0.0610585,0.00487202,0.0092594,-0.218058,0.000564913,-9.2353e-05,-0.000354122,13.5807,2,0,0,0,0,0,-1,1,-9.04615e-07,-3.41771e-06,-0.217928,0,28.074,1,1010,1010,1010,1010,0,0,0,0,28.576,56,0.00568271,3.54121e-06,56,-0.00425733,0.00290515,56,-0.000129115,-0.000393404,56,-0.00479142,0.00183232,56,-0.00126594,-1.19458e-05,56,0.00279836,-0.000748376,56,-0.00221639,-0.00070481,56,0.00160475,-0.000546288,52,0.000704887,0.00174801
6050378336343,6050367716000,6050367716000,6050378328176,73729,10.6122,6050391278196,23.5622,0,37983,146100,0,0,1,0,0,0.008014,500,500,500,1,2.71556,4.50357,0.722598,0.318539,0.0229492,-0.0161743,4.41735e-05,-3.36512e-05,0.00532853,0.00379055,1,-0.00419906,-0.00551204,0.00551204,-0.00419906,1,1,0.00489199,-0.00401251,0.000620051,-0.000186543,0,0,0,0,0,0,0,0,0,0,0,0,0,0,0,0,0,0,0,0,0,0,0,255,0.22,-0.277428,0.22,0.00442108,-0.00221327,1,1,1,1,1,1,1,-0.19752,-3.12656,0.113727,-0.00639177,0.00754178,0.0170199,41.8282,36575,1,367,128.505,9144,0,0.000884653,0.00577746,0.0410595,0,0,0,1,500,0.225,3.74269e-05,-2.85135e-05,-6.41553e-06,-8.42105e-06,-8.08599e-06,-6.83298e-06,0.524111,0.0610517,0.00489658,0.00923639,-0.218137,0.00144625,-0.000839445,-0.00107518,13.2455,2,0,0,0,0,0,-1,1,-9.04615e-07,-3.41771e-06,-0.217928,0,41.5995,1,1010,1010,1010,1010,0,0,0,0,42.1015,56,0.00906039,-0.00402161,56,0.0132487,-0.016656,56,0.00225613,-0.00787394,56,-0.00179769,-0.00256457,56,0.012123,-0.00127419,56,0.001915,0.00130007,56,0.0142277,-0.00360477,56,0.00174883,0.00309336,52,-0.000862619,-0.00762295
6050392019998,6050379697000,6050379697000,6050391996998,73729,12.3,6050406472381,26.7754,0,37983,146101,0,0,1,0,0,0.011981,500,500,500,1,2.66787,5.07335,0.739394,0.312298,-0.00669861,-0.000183105,-3.72485e-05,1.94056e-05,-0.0047892,-0.00180691,1,0.0016197,0.00310896,-0.00310896,0.0016197,1,1,-0.00367508,0.00166416,0.000566115,-4.44593e-05,0,0,0,0,0,0,0,0,0,0,0,0,0,0,0,0,0,0,0,0,0,0,0,255,0.22,3.24404,0.22,-0.00196832,0.00136091,1,1,1,1,0,1,1,-0.197683,-3.12658,0.113988,-0.0058738,0.00737668,0.0174465,0.212594,36576,1,367,143.614,9144,0,0.000884653,0.00577746,0.0410595,0,0,0,1,500,0.225,-3.14961e-05,1.64295e-05,3.69665e-06,7.08662e-06,5.14301e-06,6.1184e-06,0.524116,0.0610578,0.00490164,0.00923794,-0.218169,0.00171013,-0.000200067,-0.000669912,14.9414,1,0,0,0,0,0,-1,1,-9.04615e-07,-3.41771e-06,-0.218077,0,0.481652,1,1010,1010,1010,1010,0,0,0,0,0.485485,56,-0.000948577,0.000104591,56,-0.0314141,0.00829814,56,0.00234126,0.00441998,56,0.0108949,-0.0047776,56,-0.00371806,-0.00133216,56,0.000184478,-0.00227722,56,-0.00969229,-0.00227778,56,-0.000417717,0.000838789,52,0.00139972,0.00102133
6050406967274,6050395746000,6050395746000,6050406962348,73729,11.2163,6050422018495,26.2725,1,37984,146102,0,0,1,0,0,0.016049,500,500,500,1,2.68404,4.52198,0.592949,0.35028,0.0176697,0.00445557,4.45326e-06,2.17965e-05,-0.00839705,0.000254434,1,0.00135812,-0.000277479,0.000277479,0.00135812,1,1,0.000257812,0.00133167,1.96669e-05,2.64525e-05,0,0,0,0,0,0,0,0,0,0,0,0,0,0,0,0,0,0,0,0,0,0,0,255,0.22,8.02597,0.22,-9.62774e-05,0.00152221,1,1,1,1,0,1,1,-0.197683,-3.12658,0.113988,-0.0058738,0.00737668,0.0174465,15.8199,36576,1,367,159.221,9144,0,0.000884653,0.00577746,0.0410595,0,0,0,1,500,0.225,3.819e-06,1.84298e-05,4.1467e-06,-8.59275e-07,3.86217e-06,-1.73646e-06,0.52412,0.061056,0.00489699,0.00922664,-0.218192,0.000949377,0.000119036,0.000688701,15.4738,2,0,0,0,0,0,-1,1,-9.04615e-07,-3.41771e-06,-0.218077,0,16.0896,1,1010,1010,1010,1010,0,0,0,0,16.0934,56,-0.00635699,0.00144272,56,0.00610823,0.00538163,56,0.00419317,9.94132e-05,56,-0.000339586,0.00433258,56,-0.00113222,-0.000843098,56,0.0018131,0.000834665,56,0.00919757,-0.000287886,56,-0.00304502,-0.00189549,52,-0.00145553,0.00133689
6050422587295,6050407714000,6050407714000,6050422578036,73729,14.864,6050436917030,29.203,0,37984,146103,0,0,1,0,0,0.011968,500,500,500,1,2.71106,4.65863,0.718635,0.319076,-0.00238037,-0.0088501,1.67708e-05,-2.77745e-05,0.000962339,-0.00035685,1,-0.00232073,-0.00140131,0.00140131,-0.00232073,1,1,0.00187587,-0.00234943,-0.000474562,2.87036e-05,0,0,0,0,0,0,0,0,0,0,0,0,0,0,0,0,0,0,0,0,0,0,0,255,0.22,3.39249,0.22,-0.00155002,-0.00192756,1,1,1,1,0,1,1,-0.197683,-3.12658,0.113988,-0.0058738,0.00737668,0.0174465,30.7191,36576,1,367,174.121,9144,0,0.000884653,0.00577746,0.0410595,0,0,0,1,500,0.225,1.41498e-05,-2.34735e-05,-5.28153e-06,-3.1837e-06,-5.84538e-06,-1.96492e-06,0.524114,0.0610541,0.00489603,0.0092253,-0.218194,0.0005761,0.000129166,0.0021693,14.6304,1,0,0,0,0,0,-1,1,-9.04615e-07,-3.41771e-06,-0.218077,0,30.9924,1,1010,1010,1010,1010,0,0,0,0,30.9962,56,0.00233877,-0.00418642,56,0.0170358,-0.0102482,56,-0.0101846,-0.00342318,56,-0.00393305,0.00179457,56,-0.0021128,0.00251589,56,0.000432405,0.000248977,56,-0.00879159,0.000568235,56,0.00446614,-0.00212024,52,-0.00156962,-0.000573824
6050437486256,6050427717000,6050427717000,6050437479756,73729,9.76276,6050452710163,24.9932,1,37985,146104,0,0,1,0,0,0.020003,500,500,500,1,2.6998,4.53762,0.704265,0.308317,-0.046814,0.0261078,-7.79776e-05,6.95225e-05,0.000851312,-0.00391201,1,0.00347561,0.00389829,-0.00389829,0.00347561,1,1,-0.00375655,0.00338823,-0.000141748,8.73735e-05,0,0,0,0,0,0,0,0,0,0,0,0,0,0,0,0,0,0,0,0,0,0,0,255,0.22,8.14056,0.22,-0.0040984,0.00227489,1,1,1,1,1,1,1,-0.197781,-3.1266,0.114137,-0.00555722,0.00711113,0.0174713,0.679561,36577,1,367,189.888,9144,0,0.000884653,0.00577746,0.0410595,0,0,0,1,500,0.225,-6.60893e-05,5.88423e-05,1.32395e-05,1.48701e-05,1.61455e-05,1.16501e-05,0.52413,0.0610657,0.00487782,0.00922338,-0.218275,-0.000111546,0.000393181,0.000421056,0.416744,3,0,0,0,0,0,-1,1,-9.04615e-07,-3.41771e-06,-0.218168,0,0.944804,1,1010,1010,1010,1010,0,0,0,0,0.9491,56,-0.00569393,0.00115531,56,-0.00515995,0.0123665,56,0.000237927,0.00260053,56,-0.00128901,0.00253596,56,-0.00993787,0.00302632,56,-0.00584012,0.00305343,56,-0.00150412,0.00238193,56,-0.00571305,0.000486668,52,-0.000924774,0.00239657
6050453311668,6050435732000,6050435732000,6050453301056,73729,17.5691,6050465774092,30.0421,0,37985,146105,0,0,1,0,0,0.008015,500,500,467,0.934,2.72872,4.64811,0.590726,0.292595,0.000976562,-0.00778198,5.38015e-06,-2.97824e-05,-0.00781158,0.0206115,1,-0.00371583,-0.000671261,0.000671261,-0.00371583,1,1,0.000263887,-0.003829,0.000407373,0.000113162,0,0,0,0,0,0,0,0,0,0,0,0,0,0,0,0,0,0,0,0,0,0,0,255,0.22,3.68164,0.22,0.000112176,-0.00101542,1,1,1,1,0,1,1,-0.197781,-3.1266,0.114137,-0.00555722,0.00711113,0.0174713,13.802,36577,1,367,0.035185,9145,0,0.000884653,0.0060161,0.0411174,0,0,0,1,467,0.225,4.55044e-06,-2.52083e-05,-5.67186e-06,-1.02385e-06,-5.7588e-06,2.28634e-07,0.524124,0.061066,0.00487782,0.00922338,-0.218275,0.000177949,0.000509231,-0.00132419,13.4895,0,0,0,0,0,0,-1,1,-9.04615e-07,-3.41771e-06,-0.218168,0,14.0764,1,1010,1010,1010,1010,0,0,0,0,14.0807,56,-0.00435844,-0.00301995,56,0.00148621,-0.0156142,41,-0.00993716,0.00167055,56,-0.00765555,0.00180171,56,0.00237242,-0.0104115,48,0.00199272,-0.000859226,56,0.00078939,-0.00656007,56,0.00338254,0.00536173,42,-0.00020697,-0.00489946
6050466386152,6050455738000,6050455738000,6050466379133,73729,10.6411,6050479827361,24.0894,1,37986,146106,0,0,1,0,0,0.020006,500,500,500,1,2.71402,4.4799,0.661875,0.317206,0.0215607,-0.00410461,6.41346e-05,-1.64913e-05,0.00455223,-0.000580681,1,-0.000824319,-0.00320577,0.00320577,-0.000824319,1,1,0.00236709,-0.000779272,0.000838678,-4.50474e-05,0,0,0,0,0,0,0,0,0,0,0,0,0,0,0,0,0,0,0,0,0,0,0,255,0.22,6.04199,0.22,0.00240877,-0.00114689,1,1,1,1,0,1,1,-0.197781,-3.1266,0.114137,-0.00555722,0.00711113,0.0174713,27.8368,36577,1,367,14.0698,9145,0,0.000884653,0.0060161,0.0411174,0,0,0,1,500,0.225,5.43535e-05,-1.39848e-05,-3.14658e-06,-1.22295e-05,-5.72107e-06,-1.12575e-05,0.524118,0.0610547,0.00488266,0.00921523,-0.21832,0.000924312,-0.000202713,-0.00227979,13.7669,1,0,0,0,0,0,-1,1,-9.04615e-07,-3.41771e-06,-0.218168,0,28.1236,1,1010,1010,1010,1010,0,0,0,0,28.1279,56,0.00149642,-0.00253568,56,0.0072835,-0.000267088,56,0.00155368,-0.00299274,56,0.00834346,0.00258292,56,0.00328358,0.00141827,56,0.00547343,-0.000511527,56,-0.00157007,0.00255617,56,0.00225904,0.000217071,52,0.00118484,-0.00175083
6050480422754,6050467711000,6050467711000,6050480414051,73729,12.7031,6050495569958,27.859,0,37986,146107,0,0,1,0,0,0.011973,500,500,500,1,2.68519,4.70307,0.659524,0.309428,-0.00193787,-0.0015564,4.32696e-06,-3.70037e-06,0.00537422,0.000910002,1,-0.000309059,-0.000361393,0.000361393,-0.000309059,1,1,-0.000615416,-0.000290031,0.000976809,-1.90282e-05,0,0,0,0,0,0,0,0,0,0,0,0,0,0,0,0,0,0,0,0,0,0,0,255,0.22,0.366225,0.22,-0.000677386,-0.000383942,1,1,1,1,0,1,1,-0.197781,-3.1266,0.114137,-0.00555722,0.00711113,0.0174713,43.5721,36577,1,367,29.8052,9145,0,0.000884653,0.0060161,0.0411174,0,0,0,1,500,0.225,3.61458e-06,-3.18876e-06,-7.1747e-07,-8.1328e-07,-8.76645e-07,-6.38495e-07,0.524118,0.0610541,0.00490171,0.00920841,-0.218403,0.00160657,-8.56271e-05,-0.00223126,15.4631,2,0,0,0,0,0,-1,1,-9.04615e-07,-3.41771e-06,-0.218168,0,43.8568,1,1010,1010,1010,1010,0,0,0,0,43.8611,56,-0.00832421,-0.00325836,56,0.00517346,0.00642155,56,0.00148313,-0.00182952,56,-0.00187503,-0.0039538,56,0.00412343,0.00194837,56,-0.0035251,0.000434678,56,0.00438968,0.00144391,56,0.00174667,-0.00358633,52,0.000893782,-0.00172945
6050496190073,6050487759000,6050487759000,6050496183962,73729,8.42496,6050509974192,22.2152,1,37987,146108,0,0,1,0,0,0.020048,500,500,498,0.996,2.68832,5.00741,0.675356,0.33128,0.00572205,0.00657654,-3.35955e-05,4.24319e-05,-0.00859278,-0.00512325,1,0.00211652,0.00167575,-0.00167575,0.00211652,1,1,-0.00147373,0.00216908,-0.000202019,-5.25667e-05,0,0,0,0,0,0,0,0,0,0,0,0,0,0,0,0,0,0,0,0,0,0,0,255,0.22,5.96686,0.22,-0.00132422,0.000976156,1,1,1,1,1,1,1,-0.197832,-3.12666,0.114273,-0.00478302,0.00740721,0.0174276,3.53443,36578,1,367,44.1777,9145,0,0.000884653,0.0060161,0.0411174,0,0,0,1,498,0.225,-2.83873e-05,3.58998e-05,8.07745e-06,6.38715e-06,9.26949e-06,4.48504e-06,0.524127,0.0610585,0.00489564,0.00919394,-0.218422,0.000816581,-0.00023655,0.00138053,3.20619,3,0,0,0,0,0,-1,1,-9.04615e-07,-3.41771e-06,-0.218315,0,3.79727,1,1010,1010,1010,1010,0,0,0,0,3.80216,56,-0.00451702,-0.00396509,56,-0.0146271,0.00964508,56,0.00385022,0.000943164,56,0.00436621,0.000801283,56,-0.00126785,-0.00039106,56,0.0009507,0.0013526,54,0.00159692,0.000162833,56,-0.00320099,0.0020024,52,0.00140369,0.00230804
6050510565400,6050495730000,6050495730000,6050510552011,73729,14.822,6050523162288,27.4323,0,37987,146109,0,0,1,0,0,0.007971,500,500,457,0.914,2.68756,4.925,0.66132,0.310521,-0.00985718,-0.00415039,2.54751e-06,-1.0741e-05,0.00983994,0.00369304,1,-0.00134751,-0.000319598,0.000319598,-0.00134751,1,1,0.000874563,-0.00132865,-0.000554965,-1.88649e-05,0,0,0,0,0,0,0,0,0,0,0,0,0,0,0,0,0,0,0,0,0,0,0,255,0.22,-0.242761,0.22,-0.00259415,0.000133624,1,1,1,1,0,1,1,-0.197832,-3.12666,0.114273,-0.00478302,0.00740721,0.0174276,16.7647,36578,1,367,57.4078,9145,0,0.000884653,0.0060161,0.0411174,0,0,0,1,457,0.225,2.11789e-06,-9.06695e-06,-2.04006e-06,-4.76525e-07,-2.09479e-06,-2.3152e-08,0.524125,0.0610585,0.00489564,0.00919394,-0.218422,0.000554384,-8.48919e-05,0.00244138,16.4106,0,0,0,0,0,0,-1,1,-9.04615e-07,-3.41771e-06,-0.218315,0,17.0299,1,1010,1010,1010,1010,0,0,0,0,17.0348,56,0.00431962,0.00890761,56,0.0119408,-0.0130151,36,-0.00497052,0.00440004,56,-0.00298104,0.000444329,56,-0.00386891,0.00247553,45,-0.001396,0.000362446,44,0.000206273,-0.00340205,56,-0.0031364,-0.000239152,52,0.00131003,-0.00715495
6050523743737,6050507715000,6050507715000,6050523732367,73729,16.0174,6050537908563,30.1936,0,37987,146110,0,0,1,0,0,0.011985,500,500,500,1,2.67785,4.71285,0.694727,0.312984,-0.0287552,-0.00241852,-2.38233e-05,-5.6447e-06,0.00445122,-0.000992071,1,-0.000470981,0.00198776,-0.00198776,-0.000470981,1,1,-0.00137029,-0.000507527,-0.000617463,3.65463e-05,0,0,0,0,0,0,0,0,0,0,0,0,0,0,0,0,0,0,0,0,0,0,0,255,0.22,3.10284,0.22,-0.00379184,0.000126463,1,1,1,1,0,1,1,-0.197832,-3.12666,0.114273,-0.00478302,0.00740721,0.0174276,31.4969,36578,1,367,72.1401,9145,0,0.000884653,0.0060161,0.0411174,0,0,0,1,500,0.225,-2.02593e-05,-4.77989e-06,-1.07547e-06,4.55834e-06,-6.19416e-08,4.68297e-06,0.524125,0.0610632,0.00489392,0.0091972,-0.218423,0.000573109,0.000164458,0.00268135,14.4693,1,0,0,0,0,0,-1,1,-9.04615e-07,-3.41771e-06,-0.218315,0,31.7743,1,1010,1010,1010,1010,0,0,0,0,31.7792,56,0.00189081,-0.00421892,56,0.0130399,-0.00698413,56,-0.00661759,-0.0047898,56,-0.00131547,0.00432279,56,-0.000552627,0.00201617,56,-0.00552695,0.00205212,56,-0.00263283,0.0039572,56,-0.0110166,0.00210965,52,-0.00558536,-0.00168486
6050538494474,6050527710000,6050527710000,6050538489160,73729,10.7792,6050552741467,25.0315,1,37988,146111,0,0,1,0,0,0.019995,500,500,500,1,2.69565,4.4979,0.710635,0.314076,-0.0020752,0.00604248,-2.13442e-05,-1.67926e-06,-0.00477579,0.00234599,1,-8.39838e-05,0.00106748,-0.00106748,-8.39838e-05,1,1,-0.00132996,-0.000188204,0.000262483,0.00010422,0,0,0,0,0,0,0,0,0,0,0,0,0,0,0,0,0,0,0,0,0,0,0,255,0.22,7.67317,0.22,-0.00110456,0.000455375,1,1,1,1,0,1,1,-0.197845,-3.12671,0.114439,-0.00461411,0.00701168,0.0174924,0.5358,36579,1,367,86.9377,9145,0,0.000884653,0.0060161,0.0411174,0,0,0,1,500,0.225,-1.80595e-05,-1.42349e-06,-3.20284e-07,4.06339e-06,5.684e-07,4.03611e-06,0.524125,0.0610672,0.00490814,0.0091994,-0.218521,0.00104988,0.000468992,-0.000105034,0.276631,3,0,0,0,0,0,-1,1,-9.04616e-07,-3.41771e-06,-0.218412,0,0.803024,1,1010,1010,1010,1010,0,0,0,0,0.807006,56,-0.00283614,0.00205046,56,-0.00111349,-0.00184453,56,-0.00199966,-0.00140459,56,-0.00122979,-0.000436538,56,-0.00167822,0.000542086,56,0.000121496,0.000864146,56,0.00072292,0.00182322,56,-0.00121143,-0.00127463,52,-0.00181262,0.00337932
6050553278934,6050535727000,6050535727000,6050553267119,73729,17.5401,6050565953823,30.2268,0,37988,146112,0,0,1,0,0,0.008017,500,500,482,0.964,2.70008,4.63,0.581115,0.30178,0.0125351,0.00582123,6.23739e-05,-5.05064e-06,0.0121364,0.00645896,1,-0.000629991,-0.0077802,0.0077802,-0.000629991,1,1,0.00704902,-0.00074251,0.00073118,0.000112519,0,0,0,0,0,0,0,0,0,0,0,0,0,0,0,0,0,0,0,0,0,0,0,255,0.22,2.18733,0.22,0.0034834,0.000225946,1,1,1,1,1,1,1,-0.197845,-3.12671,0.114439,-0.00461411,0.00701168,0.0174924,13.8107,36579,1,367,100.213,9145,0,0.000884653,0.0060161,0.0411174,0,0,0,1,482,0.225,5.28242e-05,-4.26907e-06,-9.6054e-07,-1.18854e-05,-3.51475e-06,-1.13943e-05,0.524122,0.0610558,0.00490814,0.0091994,-0.218521,0.00132951,0.000506334,-0.00156864,13.4985,0,0,0,0,0,0,-1,1,-9.04616e-07,-3.41771e-06,-0.218412,0,14.0903,1,1010,1010,1010,1010,0,0,0,0,14.0943,56,0.00506152,0.00202157,56,0.00869208,-0.020543,41,-0.00378406,0.00640456,56,0.0214062,0.0125544,56,-0.000158748,-0.00402948,53,0.00240649,-0.00068088,56,-0.00554529,0.00234001,56,0.0290441,-0.000671369,52,0.00413058,-0.00289393
6050566662013,6050555732000,6050555732000,6050566653365,73729,10.9214,6050580108074,24.3761,1,37989,146113,0,0,1,0,0,0.020005,500,500,500,1,2.7103,4.46999,0.663079,0.316335,0.0402527,-0.025856,5.10358e-05,-5.76507e-05,3.45205e-05,0.00364295,1,-0.00288181,-0.00255115,0.00255115,-0.00288181,1,1,0.00166481,-0.00290315,0.000886342,2.13331e-05,0,0,0,0,0,0,0,0,0,0,0,0,0,0,0,0,0,0,0,0,0,0,0,255,0.22,5.14976,0.22,0.00146584,-0.00277927,1,1,1,1,0,1,1,-0.197845,-3.12671,0.114439,-0.00461411,0.00701168,0.0174924,27.9412,36579,1,367,114.343,9145,0,0.000884653,0.0060161,0.0411174,0,0,0,1,500,0.225,4.32605e-05,-4.8887e-05,-1.09996e-05,-9.73361e-06,-1.28483e-05,-7.117e-06,0.524109,0.0610487,0.00490953,0.00919451,-0.218558,0.0010282,9.59988e-05,-0.00236827,13.8534,1,0,0,0,0,0,-1,1,-9.04616e-07,-3.41771e-06,-0.218412,0,28.2117,1,1010,1010,1010,1010,0,0,0,0,28.2157,56,0.00202211,-0.00233584,56,0.00857018,-0.00170618,56,0.00302749,-0.00286151,56,-0.00264951,-0.00297791,56,0.00639342,-0.00158448,56,0.00302627,-0.00340997,56,0.00518086,-0.00459969,56,0.00190213,-0.00552651,52,0.00162586,-0.000715327
6050580679782,6050567716000,6050567716000,6050580668264,73729,12.9523,6050597321422,29.6054,0,37989,146114,0,0,1,0,0,0.011984,500,500,500,1,2.67632,4.49422,0.615486,0.31728,-0.00679016,-0.0118713,1.17779e-05,-1.87889e-05,0.00522664,-0.00635118,1,-0.00156783,-0.000982801,0.000982801,-0.00156783,1,1,0.000486406,-0.00149073,0.000496396,-7.71023e-05,0,0,0,0,0,0,0,0,0,0,0,0,0,0,0,0,0,0,0,0,0,0,0,255,0.22,-0.816728,0.22,-0.00122854,-0.00212642,1,1,1,1,0,1,1,-0.197845,-3.12671,0.114439,-0.00461411,0.00701168,0.0174924,45.1396,36579,1,367,131.541,9145,0,0.000884653,0.0060161,0.0411174,0,0,0,1,500,0.225,9.9763e-06,-1.5898e-05,-3.57705e-06,-2.24467e-06,-3.97868e-06,-1.41542e-06,0.524105,0.0610473,0.00490316,0.00918107,-0.218621,0.000594845,-0.00034696,-0.00131115,16.9292,2,0,0,0,0,0,-1,1,-9.04616e-07,-3.41771e-06,-0.218412,0,45.4231,1,1010,1010,1010,1010,0,0,0,0,0.289984,56,-0.0065033,-0.00482279,56,-0.00701466,0.00461837,56,-0.00055944,-0.00239837,56,0.00398544,-0.00313727,56,0.000439114,-0.00413429,56,-3.02436e-05,-0.00107344,56,0.00508727,-0.00127966,56,-0.00473794,0.00625213,52,0.00647535,-0.0025381
6050597893075,6050587714000,6050587714000,6050597887556,73729,10.1736,6050612382477,24.6685,1,37990,146115,0,0,1,0,0,0.019998,500,500,500,1,2.71735,4.86085,0.711931,0.319077,-0.0116272,0.0315399,-3.14584e-05,8.32449e-05,-0.0042509,-0.00412492,1,0.00416266,0.00157308,-0.00157308,0.00416266,1,1,-0.0012948,0.00417252,-0.000278276,-9.85857e-06,0,0,0,0,0,0,0,0,0,0,0,0,0,0,0,0,0,0,0,0,0,0,0,255,0.22,6.2296,0.22,-0.00140137,0.00300279,1,1,1,1,0,1,1,-0.197825,-3.12676,0.114689,-0.00369264,0.00699974,0.0177089,5.71526,36580,1,367,146.584,9145,0,0.000884653,0.0060161,0.0411174,0,0,0,1,500,0.225,-2.66737e-05,7.04979e-05,1.5862e-05,6.00159e-06,1.67858e-05,2.41795e-06,0.524122,0.0610497,0.00489374,0.00917476,-0.218656,0.000366845,-4.43636e-05,0.00129527,5.40222,3,0,0,0,0,0,-1,1,-9.04616e-07,-3.41771e-06,-0.218537,0,5.98145,1,1010,1010,1010,1010,0,0,0,0,15.3154,56,-0.00334635,0.004158,56,0.0041896,0.00515271,56,0.000446779,0.00304107,56,-0.00373257,0.00278467,56,-0.00355063,0.00680818,56,-0.00164162,0.00400986,56,-0.00216226,0.00431881,56,0.000557083,-0.000549189,52,-0.000941971,0.00438567
6050612916406,6050607752000,6050607752000,6050612911962,73729,5.15996,6050625882797,18.1308,1,37991,146116,0,0,1,0,0,0.020038,500,500,470,0.94,2.6827,4.8622,0.647246,0.298298,-0.00582123,-0.0091095,1.7514e-05,-5.06795e-05,0.00728411,0.0091755,1,-0.00252917,-0.000874041,0.000874041,-0.00252917,1,1,0.00121453,-0.00251626,-0.000340486,-1.29138e-05,0,0,0,0,0,0,0,0,0,0,0,0,0,0,0,0,0,0,0,0,0,0,0,255,0.22,0.977173,0.22,-0.00069092,-0.000523091,1,1,1,1,1,1,1,-0.197825,-3.12676,0.114689,-0.00369264,0.00699974,0.0177089,19.2805,36580,1,367,160.149,9145,0,0.000884653,0.0060161,0.0411174,0,0,0,1,470,0.225,1.47705e-05,-4.29184e-05,-9.65665e-06,-3.32335e-06,-1.01474e-05,-1.14954e-06,0.524112,0.0610486,0.00489374,0.00917476,-0.218656,0.000684547,-5.81122e-05,0.00177339,18.9152,0,0,0,0,0,0,-1,1,-9.04616e-07,-3.41771e-06,-0.218537,0,19.5512,1,1010,1010,1010,1010,0,0,0,0,28.8852,56,0.00462463,-0.00426001,56,-0.00186776,-0.00282851,28,-0.00234348,0.00266009,56,-0.00110575,-0.00157111,56,0.00297634,-0.00288935,54,0.000556134,-0.00123198,56,-0.000293062,-0.000690186,56,0.00214608,-0.00176465,52,-0.00318345,-0.0028702
6050626548339,6050615731000,6050615731000,6050626538821,73729,10.8078,6050639094968,23.364,0,37991,146117,0,0,1,0,0,0.007979,500,500,500,1,2.71702,4.52825,0.671542,0.311502,-0.00787354,-0.00718689,-8.08369e-07,1.69049e-06,-0.00391462,-0.00391136,1,0.000211868,0.000101312,-0.000101312,0.000211868,1,1,-6.97164e-06,0.000349444,-9.43404e-05,-0.000137576,0,0,0,0,0,0,0,0,0,0,0,0,0,0,0,0,0,0,0,0,0,0,0,255,0.22,4.45598,0.22,-0.000904837,-0.000906076,1,1,1,1,0,1,1,-0.197825,-3.12676,0.114689,-0.00369264,0.00699974,0.0177089,32.4944,36580,1,367,173.363,9145,0,0.000884653,0.0060161,0.0411174,0,0,0,1,500,0.225,-6.3795e-07,1.4158e-06,3.18554e-07,1.43539e-07,3.421e-07,7.10121e-08,0.524112,0.0610487,0.00489728,0.00916294,-0.218681,0.000891968,-0.000619094,0.0010532,12.9246,1,0,0,0,0,0,-1,1,-9.04616e-07,-3.41771e-06,-0.218537,0,32.7656,1,1010,1010,1010,1010,0,0,0,0,42.0995,56,0.0119127,-0.00199013,56,-0.00387126,-0.00108205,56,0.00878913,-0.0036829,56,-0.00069084,0.00382667,56,-0.00503118,0.00951706,56,-0.00357754,-0.00602363,56,0.00292483,-0.00596678,56,-0.0136258,0.00268114,52,-0.00346068,0.00670095
6050639700454,6050623742000,6050623742000,6050639689917,73729,15.9479,6050653914446,30.1724,0,37991,146118,0,0,1,0,0,0.008011,500,500,486,0.972,2.64743,4.85561,0.691801,0.30604,0.0110626,0.00382233,5.77762e-06,-2.79625e-05,0.000654109,0.0142176,1,-0.00349051,-0.000721211,0.000721211,-0.00349051,1,1,0.000132682,-0.00339235,0.00058853,-9.8155e-05,0,0,0,0,0,0,0,0,0,0,0,0,0,0,0,0,0,0,0,0,0,0,0,255,0.22,7.23663,0.22,0.000261237,-0.000437594,1,1,1,1,0,1,1,-0.197781,-3.12682,0.114798,-0.00324223,0.00690876,0.0178701,1.85509,36581,1,367,0.004259,9146,0,0.000884653,0.00624234,0.0404333,0,0,0,1,486,0.225,4.88701e-06,-2.37143e-05,-5.33572e-06,-1.09958e-06,-5.44701e-06,8.4659e-08,0.524106,0.0610487,0.00491383,0.00915148,-0.218778,0.00129842,-0.000441697,-0.00107997,1.59375,3,0,0,0,0,0,-1,1,-9.04615e-07,-3.41771e-06,-0.21867,0,2.12174,1,1010,1010,1010,1010,0,0,0,0,2.12585,56,0.00343449,0.00366367,56,0.000802804,-0.00807122,56,0.001087,0.00483285,56,-0.00498904,-0.00451691,56,0.00126703,-0.00133785,56,0.00396573,0.00178223,42,0.00379506,-0.007613,56,0.00284607,-0.00197476,52,0.00116751,0.000705618
6050654446450,6050643763000,6050643763000,6050654442246,73729,10.6792,6050667907141,24.1441,1,37992,146119,0,0,1,0,0,0.020021,500,500,464,0.928,2.71419,4.71831,0.578375,0.290743,0.0350494,-0.00977325,0.000109871,-3.53763e-05,0.00379135,0.00194905,1,-0.00176696,-0.00548779,0.00548779,-0.00176696,1,1,0.00483071,-0.00176204,0.000657083,-4.91565e-06,0,0,0,0,0,0,0,0,0,0,0,0,0,0,0,0,0,0,0,0,0,0,0,255,0.22,1.93092,0.22,0.00218954,-0.000236767,1,1,1,1,0,1,1,-0.197781,-3.12682,0.114798,-0.00324223,0.00690876,0.0178701,15.8766,36581,1,367,14.0258,9146,0,0.000884653,0.00624234,0.0404333,0,0,0,1,464,0.225,9.30667e-05,-2.99447e-05,-6.73755e-06,-2.094e-05,-1.11223e-05,-1.89782e-05,0.524095,0.0610298,0.00491383,0.00915148,-0.218778,0.00129458,-2.21204e-05,-0.00132984,15.5938,0,0,0,0,0,0,-1,1,-9.04615e-07,-3.41771e-06,-0.21867,0,16.1437,1,1010,1010,1010,1010,0,0,0,0,16.1478,56,-0.000170131,-0.00266252,56,0.0111839,-0.00699976,20,0.00447834,-0.00148391,56,0.00633866,0.000386729,56,0.00838336,-0.00100708,56,0.00197633,2.55078e-05,56,0.00243849,0.00480649,56,0.00256354,-0.00385805,52,0.00206195,-0.00309559
6050668473978,6050655728000,6050655728000,6050668462293,73729,12.7343,6050683552607,27.8246,0,37992,146120,0,0,1,0,0,0.011965,500,500,500,1,2.68857,4.48718,0.694634,0.317262,0.00126648,-0.0196152,8.47902e-06,-4.70341e-05,4.06606e-05,0.00209339,1,-0.00393097,-0.000708652,0.000708652,-0.00393097,1,1,0.000559962,-0.00399029,0.00014869,5.93189e-05,0,0,0,0,0,0,0,0,0,0,0,0,0,0,0,0,0,0,0,0,0,0,0,255,0.22,5.68393,0.22,-0.00107354,-0.00249297,1,1,1,1,1,1,1,-0.197781,-3.12682,0.114798,-0.00324223,0.00690876,0.0178701,31.5118,36581,1,367,29.661,9146,0,0.000884653,0.00624234,0.0404333,0,0,0,1,500,0.225,7.18674e-06,-3.98114e-05,-8.95757e-06,-1.61702e-06,-9.09469e-06,3.65983e-07,0.524086,0.0610301,0.0048913,0.00915307,-0.21882,0.000288091,0.000266935,-0.000304812,15.3636,2,0,0,0,0,0,-1,1,-9.04615e-07,-3.41771e-06,-0.21867,0,31.7866,1,1010,1010,1010,1010,0,0,0,0,31.7907,56,-0.000364422,-0.00312823,56,-0.00600313,-0.00856133,56,-0.00217368,-0.00466903,56,-0.000355761,0.00290419,56,-0.00438791,-0.00413049,56,1.13962e-05,-0.00162731,56,0.0033928,-0.00251549,56,0.00644465,-0.00316103,52,-0.00236974,-0.00535444
6050684182815,6050675730000,6050675730000,6050684176445,73729,8.44644,6050697971805,22.2418,1,37993,146121,0,0,1,0,0,0.020002,500,500,500,1,2.70128,4.78172,0.781265,0.313558,-0.0198975,0.0115891,-2.12004e-05,-2.80155e-06,-0.000126001,0.00176495,1,-0.000140063,0.00105992,-0.00105992,-0.000140063,1,1,-0.000746768,-0.000188169,-0.000313148,4.8106e-05,0,0,0,0,0,0,0,0,0,0,0,0,0,0,0,0,0,0,0,0,0,0,0,255,0.22,1.24679,0.22,-0.0019227,0.000208026,1,1,1,1,0,1,1,-0.197781,-3.12682,0.114798,-0.00324223,0.00690876,0.0178701,45.9378,36581,1,367,44.087,9146,0,0.000884653,0.00624234,0.0404333,0,0,0,1,500,0.225,-1.80396e-05,-2.41231e-06,-5.42769e-07,4.05892e-06,3.5156e-07,4.07986e-06,0.524087,0.0610342,0.00487747,0.00915116,-0.218843,-0.00109787,0.000216477,0.000249036,14.1546,1,0,0,0,0,0,-1,1,-9.04615e-07,-3.41771e-06,-0.21867,0,46.2073,1,1010,1010,1010,1010,0,0,0,0,0.276928,56,-0.00318883,-0.0015637,56,0.00441082,-0.00314706,56,-0.00539021,0.00243548,56,0.000983976,0.000564698,56,-0.00172511,0.00218703,56,-0.00276392,-0.000320375,56,-0.000744528,0.00200823,56,-0.00565985,0.000456425,52,-0.000920634,0.00180637
6050698538550,6050683744000,6050683744000,6050698528013,73729,14.784,6050711137438,27.3934,0,37993,146122,0,0,1,0,0,0.008014,500,500,467,0.934,2.73639,4.67402,0.708506,0.291965,-0.00790405,0.0072937,-3.17571e-05,-4.08054e-06,-0.00133964,0.0208072,1,-0.000509177,0.00396271,-0.00396271,-0.000509177,1,1,-0.00399117,-0.000348168,2.84595e-05,-0.000161009,0,0,0,0,0,0,0,0,0,0,0,0,0,0,0,0,0,0,0,0,0,0,0,255,0.22,5.43069,0.22,-0.00176211,0.00115086,1,1,1,1,0,1,1,-0.197715,-3.12688,0.11494,-0.00283975,0.00650992,0.0178626,3.86938,36582,1,367,57.2241,9146,0,0.000884653,0.00624234,0.0404333,0,0,0,1,467,0.225,-2.69592e-05,-3.50777e-06,-7.89248e-07,6.06581e-06,5.47265e-07,6.0923e-06,0.524087,0.0610403,0.00488611,0.00912131,-0.218928,0.000498775,-0.000724539,0.000296566,3.57043,3,0,0,0,0,0,-1,1,-9.04616e-07,-3.41771e-06,-0.218784,0,4.13803,1,1010,1010,1010,1010,0,0,0,0,13.4134,31,-0.00831853,-0.0226324,56,-0.00683013,0.0097694,56,0.00133887,-0.00141967,54,0.000427693,0.000171384,56,-0.00422993,0.00355048,56,-0.0119633,0.0030634,50,-0.00761905,-1.39683e-05,56,0.00680185,-0.00370863,52,-0.00405377,-0.00730339
6050711672220,6050695721000,6050695721000,6050711660831,73729,15.9398,6050725997509,30.2765,0,37993,146123,0,0,1,0,0,0.011977,500,500,500,1,2.67778,4.84003,0.670561,0.309632,-0.00852966,-0.0254211,1.73327e-05,-5.18371e-05,0.00470646,0.00228061,1,-0.00432806,-0.00144716,0.00144716,-0.00432806,1,1,0.00106413,-0.00418047,0.000383031,-0.000147585,0,0,0,0,0,0,0,0,0,0,0,0,0,0,0,0,0,0,0,0,0,0,0,255,0.22,8.02815,0.22,0.000776283,-0.0029289,1,1,1,1,0,1,1,-0.197715,-3.12688,0.11494,-0.00283975,0.00650992,0.0178626,18.773,36582,1,367,72.1277,9146,0,0.000884653,0.00624234,0.0404333,0,0,0,1,500,0.225,1.46571e-05,-4.3919e-05,-9.88177e-06,-3.29785e-06,-1.03619e-05,-1.07299e-06,0.524077,0.0610392,0.00488611,0.00912131,-0.218928,0.00129603,-0.000664131,-0.000342089,18.4195,0,0,0,0,0,0,-1,1,-9.04616e-07,-3.41771e-06,-0.218784,0,19.0482,1,1010,1010,1010,1010,0,0,0,0,28.3236,56,-0.00775549,0.00272345,56,0.0108098,-0.00934192,56,-0.005144,-0.00318895,56,-0.000628509,-0.00577214,56,-0.00328742,-0.00605834,56,0.000143615,-0.00478791,56,0.000259241,-0.00594873,56,-7.19899e-05,-0.00396207,52,0.000117937,0.00026722
6050726607236,6050715729000,6050715729000,6050726602699,73729,10.8737,6050741101305,25.3723,1,37994,146124,0,0,1,0,0,0.020008,500,500,500,1,2.71806,4.56742,0.591282,0.309687,0.0399017,-0.00714874,6.14585e-05,-4.04126e-05,-0.00110959,0.00432627,1,-0.00201982,-0.00307169,0.00307169,-0.00201982,1,1,0.00256455,-0.00195101,0.000507148,-6.8807e-05,0,0,0,0,0,0,0,0,0,0,0,0,0,0,0,0,0,0,0,0,0,0,0,255,0.22,3.08224,0.22,0.00242659,-5.74811e-05,1,1,1,1,1,1,1,-0.197715,-3.12688,0.11494,-0.00283975,0.00650992,0.0178626,33.8616,36582,1,367,87.2164,9146,0,0.000884653,0.00624234,0.0404333,0,0,0,1,500,0.225,5.21065e-05,-3.42491e-05,-7.70605e-06,-1.1724e-05,-1.0069e-05,-9.7698e-06,0.524067,0.0610295,0.00489155,0.00911828,-0.21898,0.00115606,-0.000309632,-0.00090088,13.3211,2,0,0,0,0,0,-1,1,-9.04616e-07,-3.41771e-06,-0.218784,0,34.1338,1,1010,1010,1010,1010,0,0,0,0,43.4092,56,0.00298747,-0.00345502,56,0.00564822,-0.00249899,56,0.00290242,0.00170216,56,0.00760068,-0.00403573,56,0.00257763,-0.0019513,56,0.00192123,-0.000664688,56,0.00704116,0.00227401,56,0.00118702,-0.00239628,52,0.00262126,-0.00189501
6050741721772,6050723746000,6050723746000,6050741710809,73729,17.9648,6050754860516,31.1145,0,37994,146125,0,0,1,0,0,0.008017,500,500,500,1,2.69587,4.89205,0.60106,0.309428,0.0075531,0.0135193,4.04431e-05,2.70443e-05,0.0148721,0.00215813,1,0.00337337,-0.00504467,0.00504467,0.00337337,1,1,0.00498016,0.00332898,6.45054e-05,4.43906e-05,0,0,0,0,0,0,0,0,0,0,0,0,0,0,0,0,0,0,0,0,0,0,0,255,0.22,6.88235,0.22,0.00119436,0.00366182,1,1,1,1,0,1,1,-0.197584,-3.12705,0.11497,-0.00195596,0.00668965,0.017615,0.030611,36583,1,367,100.972,9146,0,0.000884653,0.00624234,0.0404333,0,0,0,1,500,0.225,3.42279e-05,2.28933e-05,5.15099e-06,-7.70127e-06,3.35443e-06,-8.63614e-06,0.52407,0.0610208,0.00489535,0.00912303,-0.218986,0.0012461,0.000199758,0.000764662,13.4952,1,0,0,0,0,0,-1,1,-9.04615e-07,-3.41771e-06,-0.218879,0,0.301336,1,1010,1010,1010,1010,0,0,0,0,0.305039,56,0.00109925,-0.0024207,56,0.0126603,-0.00341229,56,-0.00556293,-0.00320853,56,0.00349948,0.0111676,56,0.00682721,0.00821362,56,0.00369555,0.0036676,56,0.00218277,-0.00267019,56,0.0138313,0.00836527,52,-0.0070976,4.41407e-06
6050755426909,6050743746000,6050743746000,6050755421298,73729,11.6753,6050770915633,27.1696,1,37995,146126,0,0,1,0,0,0.02,500,500,500,1,2.6982,4.49122,0.692912,0.313391,-0.0117645,-0.008461,-2.27184e-05,-3.41021e-05,0.000840155,0.00229621,1,-0.0017051,0.00113592,-0.00113592,-0.0017051,1,1,-0.000962074,-0.00168574,-0.000173845,-1.9368e-05,0,0,0,0,0,0,0,0,0,0,0,0,0,0,0,0,0,0,0,0,0,0,0,255,0.22,1.4674,0.22,-0.00194172,-0.000863143,1,1,1,1,0,1,1,-0.197584,-3.12705,0.11497,-0.00195596,0.00668965,0.017615,16.1023,36583,1,367,117.044,9146,0,0.000884653,0.00624234,0.0404333,0,0,0,1,500,0.225,-1.92301e-05,-2.88696e-05,-6.49565e-06,4.32676e-06,-5.40013e-06,5.6344e-06,0.524065,0.0610265,0.0048973,0.00911355,-0.218987,0.00117766,-8.7156e-05,0.00156797,15.8002,1,0,0,0,0,0,-1,1,-9.04615e-07,-3.41771e-06,-0.218879,0,16.3748,1,1010,1010,1010,1010,0,0,0,0,16.3785,56,0.00399745,0.00210135,56,-0.000876093,-0.00171318,56,0.0013424,-0.000372204,56,-0.00612558,4.93813e-05,56,0.000478,0.000555398,56,-0.00153955,-0.00213007,56,-0.000843488,-0.00297394,56,-0.00259067,-0.00139547,52,0.00106498,0.000436686
6050771488193,6050755723000,6050755723000,6050771478341,73729,15.7553,6050786916695,31.1937,0,37995,146127,0,0,1,0,0,0.011977,500,500,500,1,2.67339,4.82005,0.70519,0.306317,-0.00860596,-0.00395203,-7.43927e-06,-3.65445e-06,0.00121349,-0.00354317,1,-0.000305122,0.00062113,-0.00062113,-0.000305122,1,1,-0.000488183,-0.000272332,-0.000132947,-3.27905e-05,0,0,0,0,0,0,0,0,0,0,0,0,0,0,0,0,0,0,0,0,0,0,0,255,0.22,3.45684,0.22,-0.00236,-0.000473393,1,1,1,1,0,1,1,-0.197584,-3.12705,0.11497,-0.00195596,0.00668965,0.017615,32.0812,36583,1,367,133.023,9146,0,0.000884653,0.00624234,0.0404333,0,0,0,1,500,0.225,-6.34169e-06,-3.12166e-06,-7.02373e-07,1.42688e-06,-3.75453e-07,1.54537e-06,0.524064,0.061028,0.0048808,0.00911614,-0.21904,-3.27082e-05,-0.000147557,0.000452443,15.7155,2,0,0,0,0,0,-1,1,-9.04615e-07,-3.41771e-06,-0.218879,0,32.3505,1,1010,1010,1010,1010,0,0,0,0,32.3542,56,-0.00440821,-0.000271324,56,0.00656366,0.00465312,56,-0.00476856,-0.00350793,56,0.0111994,-0.00604981,56,-0.00594999,0.000395474,56,0.000702254,-0.00133378,56,0.000842944,0.00379515,56,0.000226822,0.00101982,52,-0.00314684,-0.000206637
6050787491921,6050775725000,6050775725000,6050787484347,73729,11.7593,6050801014557,25.2896,1,37996,146128,0,0,1,0,0,0.020002,500,500,500,1,2.66193,4.52379,0.687135,0.308835,-0.0157623,-0.00210571,-2.92359e-05,-3.41622e-05,0.000573723,0.006086,1,-0.00170794,0.00146165,-0.00146165,-0.00170794,1,1,-0.00212973,-0.0015889,0.000668084,-0.000119038,0,0,0,0,0,0,0,0,0,0,0,0,0,0,0,0,0,0,0,0,0,0,0,255,0.22,3.11521,0.22,-0.00176862,-0.000494811,1,1,1,1,1,1,1,-0.197501,-3.12712,0.115117,-0.00173847,0.00622101,0.0174935,0.006666,36584,1,367,147.114,9146,0,0.000884653,0.00624234,0.0404333,0,0,0,1,500,0.225,-2.4802e-05,-2.89449e-05,-6.51261e-06,5.58044e-06,-5.14319e-06,6.86262e-06,0.524059,0.0610349,0.00488498,0.00909605,-0.219146,0.000707031,-0.000535669,-0.00183948,12.3296,2,0,0,0,0,0,-1,1,-9.04616e-07,-3.41771e-06,-0.219082,0,0.279669,1,1010,1010,1010,1010,0,0,0,0,0.283687,56,-0.00575352,-0.00109423,56,-0.00393733,-0.00284082,56,-0.000345583,0.00148072,56,-0.00267123,-0.00149115,56,-0.00375284,0.000646046,56,-0.00323866,0.00196849,56,-0.00248209,-0.00481541,56,0.000229177,0.00020637,52,0.00144511,-0.00579603
6050801633006,6050795720000,6050795720000,6050801626783,73729,5.90678,6050812817384,17.0974,1,37997,146129,0,0,1,0,0,0.019995,500,500,487,0.974,2.72457,4.77003,0.591301,0.303317,0.0210571,-0.022583,2.48901e-05,-4.75089e-05,7.88604e-05,0.00120876,1,-0.00237604,-0.00124481,0.00124481,-0.00237604,1,1,0.000431046,-0.00220927,0.000813768,-0.000166763,0,0,0,0,0,0,0,0,0,0,0,0,0,0,0,0,0,0,0,0,0,0,0,255,0.22,5.96673,0.22,0.000904434,-0.00149297,1,1,1,0,0,1,1,-0.197501,-3.12712,0.115117,-0.00173847,0.00622101,0.0174935,11.8638,36584,1,367,158.971,9146,0,0.000884653,0.00624234,0.0404333,0,0,0,1,487,0.225,2.10834e-05,-4.02532e-05,-9.05698e-06,-4.74377e-06,-9.87147e-06,-2.66135e-06,0.524049,0.0610322,0.00488498,0.00909605,-0.219146,0.000793738,-0.000750435,-0.00229457,24.137,0,0,0,0,0,0,-1,1,-9.04616e-07,-3.41771e-06,-0.219082,0,12.1182,1,1010,1010,1010,1010,0,0,0,0,12.1222,56,0.00292995,-0.00297524,56,0.00257393,-0.00302476,43,0.00196458,0.000312846,56,0.00211661,-0.00325328,56,0.00432188,-0.00330905,56,0.00169429,-0.00390795,56,0.00485958,0.000773873,56,0.00119648,-0.00393735,52,-0.00341381,3.19426e-05
6050813411166,6050803743000,6050803743000,6050813400073,73729,9.65707,6050826672318,22.9293,0,37997,146130,0,0,1,0,0,0.008023,500,500,500,1,2.68569,5.28078,0.676875,0.307929,0.009552,0.00669861,5.17899e-06,1.53539e-05,-0.00528006,1.91565e-05,1,0.00191374,-0.000645518,0.000645518,0.00191374,1,1,-2.6548e-05,0.00199248,0.000672066,-7.87394e-05,0,0,0,0,0,0,0,0,0,0,0,0,0,0,0,0,0,0,0,0,0,0,0,255,0.22,8.74556,0.22,0.000912736,0.00129729,1,1,1,1,0,1,1,-0.197501,-3.12712,0.115117,-0.00173847,0.00622101,0.0174935,25.6865,36584,1,367,172.794,9146,0,0.000884653,0.00624234,0.0404333,0,0,0,1,500,0.225,4.4312e-06,1.3013e-05,2.92793e-06,-9.97019e-07,2.64088e-06,-1.60984e-06,0.524052,0.0610306,0.00487861,0.00909435,-0.21922,0.00085329,-0.000354327,-0.00173681,13.539,2,0,0,0,0,0,-1,1,-9.04616e-07,-3.41771e-06,-0.219082,0,25.9729,1,1010,1010,1010,1010,0,0,0,0,25.977,56,0.00862767,0.00703681,56,-0.0104176,-0.00395853,56,-1.08891e-06,-0.00264106,56,-0.00497463,-0.00237548,56,0.00377549,0.00444652,56,0.00822638,0.00690017,56,-0.00406665,-0.00820382,56,0.00279026,2.81078e-05,52,0.00385236,0.00567661
6050827269989,6050815722000,6050815722000,6050827257693,73729,11.5357,6050840857422,25.1354,0,37997,146131,0,0,1,0,0,0.011979,500,500,500,1,2.66183,4.53001,0.698746,0.310669,0.00378418,0.00346375,6.22158e-06,6.28635e-06,-0.00356119,0.00197664,1,0.000524781,-0.000519374,0.000519374,0.000524781,1,1,0.000438126,0.000458366,8.12483e-05,6.64149e-05,0,0,0,0,0,0,0,0,0,0,0,0,0,0,0,0,0,0,0,0,0,0,0,255,0.22,2.30544,0.22,0.000505574,0.00126937,1,1,1,1,0,1,1,-0.197501,-3.12712,0.115117,-0.00173847,0.00622101,0.0174935,39.874,36584,1,367,186.982,9146,0,0.000884653,0.00624234,0.0404333,0,0,0,1,500,0.225,5.29664e-06,5.33201e-06,1.1997e-06,-1.19175e-06,9.11716e-07,-1.42409e-06,0.524053,0.0610292,0.00489225,0.0090946,-0.219227,0.000833796,0.000298867,0.000374543,13.9233,1,0,0,0,0,0,-1,1,-9.04616e-07,-3.41771e-06,-0.219082,0,40.1415,1,1010,1010,1010,1010,0,0,0,0,40.1455,56,-0.00510798,0.00512571,56,0.00121844,-0.000600004,56,0.00109772,0.00240037,56,0.00562463,0.00152463,56,0.0030666,0.00077166,56,-0.00176555,0.00326874,56,-0.00377656,0.00114697,56,-0.00843876,-0.00438964,52,0.0112376,-0.00190289
6050841427648,6050831765000,6050831765000,6050841422703,73729,9.6577,6050855201656,23.4367,1,37998,146132,0,0,1,0,0,0.016043,500,500,500,1,2.68315,4.68174,0.643116,0.306484,-0.00165558,-0.00549316,-1.76044e-05,-2.01258e-05,-0.000505108,0.00353603,1,-0.00125449,0.00109733,-0.00109733,-0.00125449,1,1,-0.000793177,-0.00120133,-0.000304151,-5.31588e-05,0,0,0,0,0,0,0,0,0,0,0,0,0,0,0,0,0,0,0,0,0,0,0,255,0.22,6.0428,0.22,-0.001276,-0.000686919,1,1,1,1,1,1,1,-0.197408,-3.12718,0.115236,-0.00149315,0.00641498,0.0175833,0.943433,36585,1,367,0.886414,9147,0,0.000884653,0.00645781,0.0403979,0,0,0,1,500,0.225,-1.49734e-05,-1.70549e-05,-3.83736e-06,3.36902e-06,-3.01247e-06,4.12287e-06,0.52405,0.0610333,0.00488468,0.00908885,-0.219246,0.000747346,-0.000239215,0.00169282,0.712154,3,0,0,0,0,0,-1,1,-9.04615e-07,-3.41771e-06,-0.219138,0,1.21766,1,1010,1010,1010,1010,0,0,0,0,1.22188,56,-0.000248608,-0.0027679,56,-0.000476321,-0.000575151,56,-0.000480815,0.00273124,56,-0.00754768,-0.00428995,56,0.00183729,2.18837e-05,56,-0.00256134,-0.00107403,56,0.0047385,-0.000988817,56,0.00358654,-0.000645953,52,-0.00442872,-0.00271107
6050855754178,6050843739000,6050843739000,6050855744289,73729,12.0053,6050869472964,25.734,0,37998,146133,0,0,1,0,0,0.011974,500,500,500,1,2.6907,4.45977,0.612727,0.307151,-0.00776672,0.0204926,5.36827e-06,4.60725e-05,0.00444204,-0.00846748,1,0.00384771,-0.000448327,0.000448327,0.00384771,1,1,0.000795413,0.00388216,-0.000347086,-3.44505e-05,0,0,0,0,0,0,0,0,0,0,0,0,0,0,0,0,0,0,0,0,0,0,0,255,0.22,0.368206,0.22,-0.00230305,0.00285132,1,1,1,1,0,1,1,-0.197408,-3.12718,0.115236,-0.00149315,0.00641498,0.0175833,15.2842,36585,1,367,15.2271,9147,0,0.000884653,0.00645781,0.0403979,0,0,0,1,500,0.225,4.50568e-06,3.905e-05,8.78626e-06,-1.01378e-06,8.35505e-06,-2.90036e-06,0.524058,0.0610304,0.00488468,0.00908885,-0.219246,0.000267116,-0.000155027,0.0014632,14.9835,0,0,0,0,0,0,-1,1,-9.04615e-07,-3.41771e-06,-0.219138,0,15.5531,1,1010,1010,1010,1010,0,0,0,0,15.5573,56,4.84217e-05,-0.00401444,56,0.0144679,0.00682276,56,-0.00122909,0.00162972,56,-0.000735783,0.011756,56,-0.00653566,0.00665362,56,-0.0013135,0.00264202,56,-0.00189149,0.00372733,56,0.00156825,0.00456614,52,0.0024489,0.00395682
6050870043838,6050851790000,6050851790000,6050870032801,73729,18.2428,6050883948329,32.1583,0,37998,146134,0,0,1,0,0,0.008051,500,500,500,1,2.6862,4.58746,0.665005,0.304113,-0.00865173,-0.00752258,-5.18639e-05,5.49274e-06,-0.015995,0.00898824,1,0.000682244,0.00644192,-0.00644192,0.000682244,1,1,-0.00664718,0.000735541,0.00020526,-5.32971e-05,0,0,0,0,0,0,0,0,0,0,0,0,0,0,0,0,0,0,0,0,0,0,0,255,0.22,4.50653,0.22,-0.00354617,0.000366785,1,1,1,1,0,1,1,-0.197408,-3.12718,0.115236,-0.00149315,0.00641498,0.0175833,29.7621,36585,1,367,29.7048,9147,0,0.000884653,0.00645781,0.0403979,0,0,0,1,500,0.225,-4.39129e-05,4.63428e-06,1.04271e-06,9.8804e-06,3.16774e-06,9.41666e-06,0.524061,0.0610398,0.00487868,0.00907724,-0.21932,0.000207744,-0.000239837,-0.00057274,14.1965,2,0,0,0,0,0,-1,1,-9.04615e-07,-3.41771e-06,-0.219138,0,30.0368,1,1010,1010,1010,1010,0,0,0,0,30.041,56,-0.00646346,0.0109581,56,-0.0227811,0.00271663,56,-0.00478568,-0.000294913,56,-0.0157897,-0.0104851,56,0.00157466,-0.00435273,56,0.00142374,-0.00114935,56,-0.00388392,-0.00627433,56,-0.00715859,-0.0102885,52,-0.00321829,0.00627308
6050884541629,6050871758000,6050871758000,6050884535259,73729,12.7773,6050898216007,26.458,1,37999,146135,0,0,1,0,0,0.019968,500,500,500,1,2.72185,4.45481,0.591653,0.309669,0.0136261,-0.0153809,2.48435e-05,-3.23304e-05,-0.000266787,0.000507164,1,-0.00161911,-0.00124416,0.00124416,-0.00161911,1,1,0.00034869,-0.0014022,0.000895473,-0.000216908,0,0,0,0,0,0,0,0,0,0,0,0,0,0,0,0,0,0,0,0,0,0,0,255,0.22,8.04719,0.22,0.000878639,-0.00112322,1,1,1,1,0,1,1,-0.197408,-3.12718,0.115236,-0.00149315,0.00641498,0.0175833,44.0425,36585,1,367,43.9853,9147,0,0.000884653,0.00645781,0.0403979,0,0,0,1,500,0.225,2.1072e-05,-2.74317e-05,-6.17214e-06,-4.7412e-06,-7.05595e-06,-3.28432e-06,0.524054,0.0610365,0.00487632,0.00906546,-0.219378,0.000757161,-0.000976084,-0.00261797,13.9962,1,0,0,0,0,0,-1,1,-9.04615e-07,-3.41771e-06,-0.219138,0,44.3115,1,1010,1010,1010,1010,0,0,0,0,0.276131,56,-0.0026205,-0.00599412,56,-0.00452646,-0.00211456,56,0.00246756,-0.000566802,56,0.00496765,0.000185343,56,0.00117655,-0.000400662,56,0.000300242,0.0016774,56,0.00426899,-0.00277423,56,0.00175713,-0.00138188,52,-0.000281272,-0.00534854
6050898806196,6050883738000,6050883738000,6050898794770,73729,15.0568,6050913903195,30.1652,0,37999,146136,0,0,1,0,0,0.01198,500,500,500,1,2.7052,4.70318,0.650505,0.334114,-0.00370789,-0.00314331,1.00628e-05,1.64068e-05,0.00955333,-0.00665595,1,0.00136952,-0.000839967,0.000839967,0.00136952,1,1,0.000295419,0.00142725,0.000544548,-5.77327e-05,0,0,0,0,0,0,0,0,0,0,0,0,0,0,0,0,0,0,0,0,0,0,0,255,0.22,2.82811,0.22,-0.000727559,0.00110376,1,1,1,1,1,1,1,-0.197329,-3.12724,0.115329,-0.00111505,0.00635001,0.0177209,5.12711,36586,1,367,59.5884,9147,0,0.000884653,0.00645781,0.0403979,0,0,0,1,500,0.225,8.51391e-06,1.39298e-05,3.13421e-06,-1.91563e-06,2.64178e-06,-2.55196e-06,0.524057,0.061034,0.00488861,0.0090679,-0.219467,0.000862065,-0.000259797,-0.00127072,4.85044,3,0,0,0,0,0,-1,1,-9.04615e-07,-3.41771e-06,-0.219343,0,5.39639,1,1010,1010,1010,1010,0,0,0,0,15.8801,56,0.0018638,0.0049862,56,0.00663371,0.00893979,56,0.00227761,-0.00471892,56,-0.00620944,0.000806381,56,0.00883062,-0.00250298,56,0.00118492,-0.00155028,56,-0.00294497,0.000235007,56,-0.00295512,-0.000360538,52,0.000995306,0.00361581
6050914465366,6050903733000,6050903733000,6050914460588,73729,10.7276,6050928205022,24.472,1,38000,146137,0,0,1,0,0,0.019995,500,500,497,0.994,2.74976,4.5294,0.701597,0.306465,0.00691223,-0.0100098,6.10304e-06,-2.3695e-05,-0.00448421,-0.000820664,1,-0.00118504,-0.000305228,0.000305228,-0.00118504,1,1,0.000171004,-0.00123335,0.000134224,4.83091e-05,0,0,0,0,0,0,0,0,0,0,0,0,0,0,0,0,0,0,0,0,0,0,0,255,0.22,7.59163,0.22,0.000250474,-0.000467627,1,1,1,1,0,1,1,-0.197329,-3.12724,0.115329,-0.00111505,0.00635001,0.0177209,19.4908,36586,1,367,73.9519,9147,0,0.000884653,0.00645781,0.0403979,0,0,0,1,497,0.225,5.18597e-06,-2.01197e-05,-4.52694e-06,-1.16684e-06,-4.67226e-06,-1.53311e-07,0.524052,0.0610338,0.00488861,0.0090679,-0.219467,0.000954132,0.000217391,0.0002801,19.1341,0,0,0,0,0,0,-1,1,-9.04615e-07,-3.41771e-06,-0.219343,0,19.7612,1,1010,1010,1010,1010,0,0,0,0,30.2449,56,-0.000247946,-0.00439787,55,0.00204381,-8.15943e-05,56,-0.00256819,0.000831294,56,-0.000830084,-5.87761e-06,56,-0.00151538,-0.0010999,56,-0.000945915,-0.00118153,54,0.000713793,-0.00139951,56,0.00565557,-0.0015399,52,0.000943101,0.00175991
6050928785045,6050911760000,6050911760000,6050928773711,73729,17.0137,6050942925092,31.1651,0,38000,146138,0,0,1,0,0,0.008027,500,500,500,1,2.70822,4.43288,0.610319,0.312725,-0.0277557,0.0137024,-3.19905e-05,2.38557e-05,0.0106608,-0.00478018,1,0.00297193,0.00398536,-0.00398536,0.00297193,1,1,-0.00375372,0.00291543,-0.000231643,5.65007e-05,0,0,0,0,0,0,0,0,0,0,0,0,0,0,0,0,0,0,0,0,0,0,0,255,0.22,2.38994,0.22,-0.00573055,0.00228857,1,1,1,1,0,1,1,-0.197329,-3.12724,0.115329,-0.00111505,0.00635001,0.0177209,34.2221,36586,1,367,88.6832,9147,0,0.000884653,0.00645781,0.0403979,0,0,0,1,500,0.225,-2.71431e-05,2.02576e-05,4.55796e-06,6.1072e-06,5.7784e-06,4.96818e-06,0.524058,0.0610388,0.00488134,0.00906906,-0.219488,0.000672842,0.000254253,0.00137219,14.4284,2,0,0,0,0,0,-1,1,-9.04615e-07,-3.41771e-06,-0.219343,0,34.5082,1,1010,1010,1010,1010,0,0,0,0,44.9919,56,0.00692449,0.00908304,56,-0.0059584,-0.00527516,56,-0.00845433,0.00312915,56,-0.00439001,0.00849141,56,-0.00554875,0.000427246,56,0.00173455,0.00139592,56,-0.00742856,0.00555946,56,-0.00333757,0.00498994,52,-0.0112487,0.00210979
6050943522615,6050931756000,6050931756000,6050943517411,73729,11.7614,6050958254130,26.4981,1,38001,146139,0,0,1,0,0,0.019996,500,500,500,1,2.82663,5.24024,0.667986,0.431559,-0.0203247,0.0215302,-2.93521e-05,2.76092e-05,0.00112435,0.00367321,1,0.00138074,0.0014679,-0.0014679,0.00138074,1,1,-0.00149449,0.00135856,2.65955e-05,2.21727e-05,0,0,0,0,0,0,0,0,0,0,0,0,0,0,0,0,0,0,0,0,0,0,0,255,0.22,6.70542,0.22,-0.00250496,0.00132993,1,1,1,1,0,1,1,-0.197232,-3.1273,0.115551,-0.00104137,0.00603695,0.0179558,4.79631,36587,1,367,103.949,9147,0,0.000884653,0.00645781,0.0403979,0,0,0,1,500,0.225,-2.49097e-05,2.33578e-05,5.2555e-06,5.60467e-06,6.34992e-06,4.3256e-06,0.524064,0.0610431,0.00488538,0.00906563,-0.219529,0.000454017,9.9777e-05,0.00026747,4.55377,2,0,0,0,0,0,-1,1,-9.04615e-07,-3.41771e-06,-0.219421,0,5.06293,1,1010,1010,1010,1010,0,0,0,0,5.06724,56,-0.0022414,0.00124172,56,-0.00450884,0.00355253,56,-0.00180042,0.000686601,56,-0.00264545,-0.000443246,56,-0.000488179,0.000169471,56,0.000553231,0.000840144,56,0.00213068,0.00288053,56,-0.00600627,0.00223582,52,-0.00143017,0.00385242
6050958760004,6050943738000,6050943738000,6050958749411,73729,15.0114,6050973793132,30.0551,0,38001,146140,0,0,1,0,0,0.011982,500,500,500,1,2.69969,4.47285,0.649097,0.316465,0.0132217,-0.00257874,7.18596e-06,4.24303e-06,-0.00761968,0.00341501,1,0.000354117,-0.00059973,0.00059973,0.000354117,1,1,0.000159841,0.000483638,0.000439888,-0.000129521,0,0,0,0,0,0,0,0,0,0,0,0,0,0,0,0,0,0,0,0,0,0,0,255,0.22,1.88811,0.22,0.00100014,0.000417972,1,1,1,1,1,1,1,-0.197232,-3.1273,0.115551,-0.00104137,0.00603695,0.0179558,20.3357,36587,1,367,119.489,9147,0,0.000884653,0.00645781,0.0403979,0,0,0,1,500,0.225,6.09572e-06,3.60098e-06,8.1022e-07,-1.37154e-06,4.9197e-07,-1.51504e-06,0.524065,0.0610416,0.00489085,0.00906244,-0.219553,0.00113337,-0.000582845,-0.000676902,13.5345,1,0,0,0,0,0,-1,1,-9.04615e-07,-3.41771e-06,-0.219421,0,20.6105,1,1010,1010,1010,1010,0,0,0,0,20.6148,56,-0.00916089,0.00998763,56,0.00284616,-0.00752252,56,0.00239698,0.00201713,56,0.000176457,-0.00816579,56,0.00829374,0.00344884,56,-0.00114382,0.00143674,56,-0.00153753,-0.00111889,56,0.00277497,-0.00338533,52,-0.00358532,6.00936e-05
6050974375211,6050963731000,6050963731000,6050974369100,73729,10.6381,6050989745786,26.0148,1,38002,146141,0,0,1,0,0,0.019993,500,500,500,1,2.73382,6.11527,0.671616,0.317465,0.0173264,0.000839233,1.15537e-05,-8.44608e-06,-0.00205132,-0.00126799,1,-0.000422452,-0.000577889,0.000577889,-0.000422452,1,1,5.00405e-05,-0.000370249,0.000527848,-5.22028e-05,0,0,0,0,0,0,0,0,0,0,0,0,0,0,0,0,0,0,0,0,0,0,0,255,0.22,7.38648,0.22,0.000581167,-0.000325026,1,1,1,1,0,1,1,-0.197232,-3.1273,0.115551,-0.00104137,0.00603695,0.0179558,36.2887,36587,1,367,135.442,9147,0,0.000884653,0.00645781,0.0403979,0,0,0,1,500,0.225,9.82921e-06,-7.14262e-06,-1.60709e-06,-2.21157e-06,-2.05028e-06,-1.80835e-06,0.524063,0.0610398,0.00488995,0.00906135,-0.219596,0.000890143,-0.000234913,-0.00118814,13.4952,1,0,0,0,0,0,-1,1,-9.04615e-07,-3.41771e-06,-0.219421,0,36.5564,1,1010,1010,1010,1010,0,0,0,0,36.5607,56,0.00198632,0.000516722,56,-0.00287527,0.00113448,56,0.0011797,-0.00040052,56,0.00592243,0.0053057,56,0.00085687,-0.00335224,56,0.00196258,0.00123393,56,0.000234935,-0.00266803,56,0.00059223,-0.000150246,52,0.000959565,0.000775012
6050990262030,6050971753000,6050971753000,6050990254734,73729,18.5017,6051003254033,31.501,0,38002,146142,0,0,1,0,0,0.008022,500,500,500,1,2.76439,4.6537,0.595245,0.312465,-0.0098114,0.00102997,-1.21402e-05,1.52084e-05,-0.00684195,-0.00968579,1,0.00189584,0.00151337,-0.00151337,0.00189584,1,1,-0.00183296,0.00189793,0.000319589,-2.08518e-06,0,0,0,0,0,0,0,0,0,0,0,0,0,0,0,0,0,0,0,0,0,0,0,255,0.22,3.00852,0.22,-0.00246779,0.000843846,1,1,1,1,0,1,1,-0.197146,-3.12736,0.115643,-0.000511033,0.00623087,0.0178022,0.019648,36588,1,367,148.988,9147,0,0.000884653,0.00645781,0.0403979,0,0,0,1,500,0.225,-1.02517e-05,1.29028e-05,2.90314e-06,2.30664e-06,3.33595e-06,1.61863e-06,0.524066,0.0610414,0.004893,0.00905643,-0.219652,0.00065682,-9.38331e-06,-0.000625063,10.9854,2,0,0,0,0,0,-1,1,-9.04615e-07,-3.41771e-06,-0.219566,0,0.294946,1,1010,1010,1010,1010,0,0,0,0,0.299132,56,0.00310303,0.000903889,56,-0.00103078,0.0121336,56,-0.000190868,-0.00209326,56,-0.00826248,-0.00683823,56,-0.00975869,-0.00710211,56,-0.0034662,-0.00141025,56,-0.00699622,0.00585162,56,-0.00400079,0.00863442,52,0.0106844,0.00879848
6051003836611,6050991754000,6050991754000,6051003829370,73729,12.0754,6051015615308,23.8613,1,38003,146143,0,0,1,0,0,0.020001,500,500,500,1,2.67157,4.77537,0.638283,0.308576,-0.000823975,-0.00470734,-4.76683e-05,-7.30015e-06,-0.00153158,0.00304829,1,-0.000364989,0.00238329,-0.00238329,-0.000364989,1,1,-0.00233095,-0.000276736,-5.23487e-05,-8.82537e-05,0,0,0,0,0,0,0,0,0,0,0,0,0,0,0,0,0,0,0,0,0,0,0,255,0.22,5.26978,0.22,-0.00169427,-0.000100384,1,1,1,2,0,1,1,-0.197146,-3.12736,0.115643,-0.000511033,0.00623087,0.0178022,12.4334,36588,1,367,161.402,9147,0,0.000884653,0.00645781,0.0403979,0,0,0,1,500,0.225,-4.04255e-05,-6.27362e-06,-1.41156e-06,9.09574e-06,6.04848e-07,9.18454e-06,0.524067,0.0610506,0.00488651,0.00905224,-0.219674,0.000519075,-0.000397142,0.000603715,12.0951,1,0,0,0,0,0,-1,1,-9.04615e-07,-3.41771e-06,-0.219566,0,12.7137,1,1010,1010,1010,1010,0,0,0,0,12.7179,56,-0.00764737,-0.00427425,56,0.000794069,0.00245757,56,2.829e-05,0.00205153,56,-0.000403713,-0.00410313,56,-0.00125575,0.000921224,56,0.00095664,-0.00100301,56,0.00285913,-0.00186882,56,-0.00345228,-0.000640019,52,-0.000792165,-0.00076201
6051016249387,6051003753000,6051003753000,6051016237942,73729,12.4849,6051031199959,27.447,0,38003,146144,0,0,1,0,0,0.011999,500,500,500,1,2.72337,4.56614,0.66256,0.314039,-0.0234222,-0.00109863,-2.9904e-05,-1.35719e-06,0.00233268,-0.00309197,1,-0.000113109,0.00249221,-0.00249221,-0.000113109,1,1,-0.00255239,-5.27474e-05,6.01756e-05,-6.03616e-05,0,0,0,0,0,0,0,0,0,0,0,0,0,0,0,0,0,0,0,0,0,0,0,255,0.22,8.69854,0.22,-0.00360651,1.9825e-05,1,1,1,1,1,1,1,-0.197146,-3.12736,0.115643,-0.000511033,0.00623087,0.0178022,27.9872,36588,1,367,176.955,9147,0,0.000884653,0.00645781,0.0403979,0,0,0,1,500,0.225,-2.53697e-05,-1.10851e-06,-2.49415e-07,5.70818e-06,1.00085e-06,5.6252e-06,0.524068,0.0610562,0.00489077,0.00905259,-0.219701,0.000519949,-0.000271627,0.000199327,15.2761,1,0,0,0,0,0,-1,1,-9.04615e-07,-3.41771e-06,-0.219566,0,28.2602,1,1010,1010,1010,1010,0,0,0,0,28.2644,56,0.000158508,0.00254388,56,0.00430122,0.000101116,56,-0.0046954,-0.00135529,56,-0.00431902,0.00254621,56,-0.00387612,-0.00404108,56,-0.00330896,0.000522587,56,-0.00419717,0.00463855,56,-0.0033559,-0.00180344,52,-0.000307763,0.00117617
6051031855260,6051023737000,6051023737000,6051031848575,73729,8.11158,6051046104475,22.3675,1,38004,146145,0,0,1,0,0,0.019984,500,500,500,1,2.68257,4.92394,0.661597,0.308299,-0.00611877,0.0213165,-3.3038e-05,7.67386e-05,0.000466421,-0.00353794,1,0.00384,0.00165322,-0.00165322,0.00384,1,1,-0.00169437,0.0038001,4.11425e-05,3.99055e-05,0,0,0,0,0,0,0,0,0,0,0,0,0,0,0,0,0,0,0,0,0,0,0,255,0.22,4.03299,0.22,-0.00162937,0.00247004,1,1,1,1,0,1,1,-0.197146,-3.12736,0.115643,-0.000511033,0.00623087,0.0178022,42.8978,36588,1,367,191.866,9147,0,0.000884653,0.00645781,0.0403979,0,0,0,1,500,0.225,-2.79619e-05,6.50329e-05,1.46324e-05,6.29143e-06,1.56516e-05,2.95058e-06,0.524083,0.0610592,0.00488138,0.0090542,-0.219743,0.000214198,0.000179575,2.32456e-05,14.6197,2,0,0,0,0,0,-1,1,-9.04615e-07,-3.41771e-06,-0.219566,0,43.1673,1,1010,1010,1010,1010,0,0,0,0,43.1715,56,0.00181768,0.00342322,56,-0.00303194,0.0139103,56,0.000911373,0.00159761,56,-0.00506896,-0.000128335,56,-0.00223173,0.00200418,56,0.00212571,0.00147097,56,-0.00306063,-0.0018218,56,-0.00230958,0.00556711,52,0.0016756,0.00144581
6051046693757,6051031776000,6051031776000,6051046682738,73729,14.9067,6051059741797,27.9658,0,38004,146146,0,0,1,0,0,0.008039,500,500,500,1,2.71196,4.91824,0.591134,0.324003,0.0212555,0.00141907,2.40286e-05,1.29541e-05,-0.0155321,-0.00868655,1,0.00161141,-0.002989,0.002989,0.00161141,1,1,0.00264137,0.00164389,0.000347632,-3.24797e-05,0,0,0,0,0,0,0,0,0,0,0,0,0,0,0,0,0,0,0,0,0,0,0,255,0.22,7.66313,0.22,0.0036149,0.000206947,1,1,1,1,0,1,1,-0.197054,-3.1274,0.115742,-0.000392894,0.00596865,0.0180953,5.73054,36589,1,367,0.031352,9148,0,0.000884653,0.00670245,0.0397936,0,0,0,1,500,0.225,2.04061e-05,1.09624e-05,2.46654e-06,-4.59137e-06,1.40583e-06,-5.01858e-06,0.524085,0.0610541,0.00488747,0.00905314,-0.219802,0.000655284,-0.000146159,-0.000727248,5.4445,2,0,0,0,0,0,-1,1,-9.04615e-07,-3.41771e-06,-0.219694,0,6.03264,1,1010,1010,1010,1010,0,0,0,0,6.03719,56,0.00196337,0.00909118,56,3.85985e-05,0.00830865,56,0.00535728,0.000731804,56,0.00332996,-0.00422597,56,0.0076433,0.00280506,56,0.00349618,-0.00230732,56,0.00508657,-1.62316e-05,56,0.00190758,-0.000875446,52,-0.00338372,0.00444379
6051060339616,6051051747000,6051051747000,6051060333690,73729,8.58669,6051074348533,22.6015,1,38005,146147,0,0,1,0,0,0.019971,500,500,500,1,2.65726,4.76022,0.675412,0.316095,-0.00823975,-0.00440979,-2.21819e-05,-1.05925e-05,0.000130642,0.00115555,1,-0.000530396,0.00111071,-0.00111071,-0.000530396,1,1,-0.00150788,-0.000556326,0.000397177,2.59302e-05,0,0,0,0,0,0,0,0,0,0,0,0,0,0,0,0,0,0,0,0,0,0,0,255,0.22,2.07374,0.22,-0.000888531,-0.000532842,1,1,1,1,0,1,1,-0.197054,-3.1274,0.115742,-0.000392894,0.00596865,0.0180953,20.3457,36589,1,367,14.6462,9148,0,0.000884653,0.00670245,0.0397936,0,0,0,1,500,0.225,-1.87802e-05,-9.01108e-06,-2.02749e-06,4.22555e-06,-1.05708e-06,4.56586e-06,0.524084,0.0610587,0.00489358,0.00905402,-0.219815,0.00110376,0.000116686,-0.000546831,14.3578,1,0,0,0,0,0,-1,1,-9.04615e-07,-3.41771e-06,-0.219694,0,20.6209,1,1010,1010,1010,1010,0,0,0,0,20.6254,56,-0.000773304,-0.00496888,56,-0.00968089,1.20053e-05,56,-0.000107766,-0.00181621,56,0.00465187,0.000233421,56,0.00281989,0.00197255,56,-0.0015733,0.000191877,56,0.000300001,-0.00164027,56,-0.00499032,0.00120806,52,-0.000555171,0.000868351
6051074925815,6051059764000,6051059764000,6051074914648,73729,15.1506,6051089016973,29.253,0,38005,146148,0,0,1,0,0,0.008017,500,500,500,1,2.71815,4.55194,0.599523,0.361354,0.00193787,0.00280762,-2.2653e-05,-2.03582e-07,-0.0099053,0.000751075,1,-2.53938e-05,0.00282563,-0.00282563,-2.53938e-05,1,1,-0.00299707,1.52329e-05,0.000171448,-4.06267e-05,0,0,0,0,0,0,0,0,0,0,0,0,0,0,0,0,0,0,0,0,0,0,0,255,0.22,6.28488,0.22,-0.000766888,0.000363778,1,1,1,1,1,1,1,-0.197054,-3.1274,0.115742,-0.000392894,0.00596865,0.0180953,35.0186,36589,1,367,29.3191,9148,0,0.000884653,0.00670245,0.0397936,0,0,0,1,500,0.225,-1.91597e-05,-1.23985e-07,-2.78966e-08,4.31093e-06,9.13021e-07,4.21317e-06,0.524085,0.0610629,0.00489546,0.00905092,-0.219833,0.00111508,-0.00018282,0.000274853,14.4032,1,0,0,0,0,0,-1,1,-9.04615e-07,-3.41771e-06,-0.219694,0,35.2927,1,1010,1010,1010,1010,0,0,0,0,35.2973,56,0.00199406,0.00752391,56,0.000872504,-0.0192112,56,0.00025917,0.00234279,56,0.0154546,0.00634766,56,-0.00805462,-0.00263413,56,-0.000124828,0.00623101,56,-0.0146271,-0.00234056,56,0.00837205,-0.0016733,52,-0.00739676,-0.00304445
6051089651144,6051079764000,6051079764000,6051089645663,73729,9.88166,6051102970853,23.2069,1,38006,146149,0,0,1,0,0,0.02,500,500,500,1,2.73719,4.57472,0.641282,0.313687,-0.00192261,0.00630188,-2.96997e-05,4.42707e-05,-0.0035482,-0.00531745,1,0.00221354,0.00148498,-0.00148498,0.00221354,1,1,-0.00147159,0.00222167,-1.33951e-05,-8.13818e-06,0,0,0,0,0,0,0,0,0,0,0,0,0,0,0,0,0,0,0,0,0,0,0,255,0.22,0.960692,0.22,-0.0016845,0.000815474,1,1,1,1,0,1,1,-0.196964,-3.12746,0.115871,0.000110154,0.0060162,0.0181422,0.017852,36590,1,367,43.2752,9148,0,0.000884653,0.00670245,0.0397936,0,0,0,1,500,0.225,-2.50846e-05,3.74975e-05,8.43693e-06,5.64403e-06,9.46472e-06,3.66791e-06,0.524094,0.0610666,0.00490469,0.00905199,-0.219879,0.000953979,-3.66218e-05,0.000811405,13.675,2,0,0,0,0,0,-1,1,-9.04615e-07,-3.41771e-06,-0.219796,0,0.28252,1,1010,1010,1010,1010,0,0,0,0,0.286298,56,0.000964931,0.0017372,56,-0.00811718,0.0111663,56,0.00282532,0.000391525,56,-0.00148623,0.00106758,56,-0.00647356,-0.00164112,56,0.00105418,0.000839543,56,-0.000691695,-0.00144736,56,-0.00666724,-0.000771562,52,0.00442814,0.00480202
6051103547413,6051091749000,6051091749000,6051103534690,73729,11.7857,6051118064241,26.3152,0,38006,146150,0,0,1,0,0,0.011985,500,500,500,1,2.65895,4.75744,0.705949,0.30741,-0.00346375,0.013382,1.01418e-06,2.33332e-05,0.00218344,-0.00101621,1,0.00194687,-8.46204e-05,8.46204e-05,0.00194687,1,1,-1.48336e-05,0.00191744,9.94539e-05,2.9424e-05,0,0,0,0,0,0,0,0,0,0,0,0,0,0,0,0,0,0,0,0,0,0,0,255,0.22,4.54672,0.22,-0.00143326,0.00183687,1,1,1,2,0,1,1,-0.196964,-3.12746,0.115871,0.000110154,0.0060162,0.0181422,15.1095,36590,1,367,58.3669,9148,0,0.000884653,0.00670245,0.0397936,0,0,0,1,500,0.225,8.70931e-07,1.9793e-05,4.45343e-06,-1.9596e-07,4.30326e-06,-1.16265e-06,0.524098,0.0610654,0.00490181,0.00905786,-0.219904,0.000902175,0.000132408,0.000363705,14.789,1,0,0,0,0,0,-1,1,-9.04615e-07,-3.41771e-06,-0.219796,0,15.3698,1,1010,1010,1010,1010,0,0,0,0,15.3736,56,0.0169096,0.00154613,56,-0.00335071,0.00184375,56,0.00290641,0.00217782,56,-0.00856951,-0.00122798,56,-0.00851948,0.00292964,56,-0.00139257,-0.00203417,56,-0.000205099,0.00654351,56,0.0111586,0.00330625,52,-0.00422955,0.00698102
6051118624467,6051099770000,6051099770000,6051118611411,73729,18.8414,6051131462838,31.6928,0,38006,146151,0,0,1,0,0,0.008021,500,500,500,1,2.68382,4.54305,0.68356,0.309724,-0.00038147,-0.00771332,2.88953e-05,-1.89283e-05,0.00347509,-0.00384406,1,-0.00235984,-0.00360246,0.00360246,-0.00235984,1,1,0.00338008,-0.00238503,0.000222379,2.51909e-05,0,0,0,0,0,0,0,0,0,0,0,0,0,0,0,0,0,0,0,0,0,0,0,255,0.22,-0.507763,0.22,0.0005961,-0.00206678,1,1,1,1,0,1,1,-0.196964,-3.12746,0.115871,0.000110154,0.0060162,0.0181422,28.5072,36590,1,367,71.7645,9148,0,0.000884653,0.00670245,0.0397936,0,0,0,1,500,0.225,2.44436e-05,-1.60211e-05,-3.60474e-06,-5.4998e-06,-4.718e-06,-4.58066e-06,0.524094,0.0610608,0.00489981,0.00905268,-0.219965,0.000574154,0.000113359,-0.000341241,13.1153,2,0,0,0,0,0,-1,1,-9.04615e-07,-3.41771e-06,-0.219796,0,28.7851,1,1010,1010,1010,1010,0,0,0,0,28.7889,56,-0.00885366,-0.0103179,56,0.0227997,0.00293765,56,-0.00534943,-0.00295303,56,0.00168672,0.000692065,56,0.00104548,-0.0017408,56,0.0026081,-0.00101995,56,0.00576987,-6.07083e-05,56,-0.00145753,0.00185861,52,0.00415439,-0.00359062
6051132069843,6051119764000,6051119764000,6051132064732,73729,12.3007,6051146246002,26.482,1,38007,146152,0,0,1,0,0,0.019994,500,500,492,0.984,2.66909,4.84565,0.633319,0.307502,-0.00256348,0.00262451,-3.63591e-05,2.43791e-05,-0.00204941,-0.00122241,1,0.00121932,0.0018185,-0.0018185,0.00121932,1,1,-0.00217776,0.00131778,0.000359254,-9.84621e-05,0,0,0,0,0,0,0,0,0,0,0,0,0,0,0,0,0,0,0,0,0,0,0,255,0.22,2.80374,0.22,-0.00172023,0.000502097,1,1,1,1,1,1,1,-0.196964,-3.12746,0.115871,0.000110154,0.0060162,0.0181422,43.3249,36590,1,367,86.5822,9148,0,0.000884653,0.00670245,0.0397936,0,0,0,1,492,0.225,-3.07162e-05,2.06631e-05,4.6492e-06,6.91114e-06,6.04538e-06,5.72993e-06,0.5241,0.0610666,0.00490052,0.00904944,-0.219988,0.000859631,-0.000443079,-0.00060561,14.5148,1,0,0,0,0,0,-1,1,-9.04615e-07,-3.41771e-06,-0.219796,0,43.5996,1,1010,1010,1010,1010,0,0,0,0,43.6033,56,0.000928179,0.0023403,56,-0.00364745,0.00371538,56,0.00335608,-0.000261548,56,-0.00121804,0.00318901,56,-0.00669477,-0.00264914,56,-0.000211201,0.000524893,48,-0.00206701,-0.00193253,56,-0.00318416,-0.000363877,52,0.00195594,0.000322912
6051146906859,6051131745000,6051131745000,6051146898414,73729,15.1534,6051162520843,30.7758,0,38007,146153,0,0,1,0,0,0.011981,500,500,500,1,2.74598,4.98978,0.689449,0.310206,0.000701904,-0.00481415,2.28208e-05,-2.00404e-05,0.00358781,0.00126724,1,-0.00167268,-0.00190475,0.00190475,-0.00167268,1,1,0.00160126,-0.00162944,0.000303493,-4.32368e-05,0,0,0,0,0,0,0,0,0,0,0,0,0,0,0,0,0,0,0,0,0,0,0,255,0.22,6.39969,0.22,0.00020083,-0.000916973,1,1,1,1,0,1,1,-0.196881,-3.12752,0.116066,0.000240811,0.00591166,0.018346,8.6268,36591,1,367,102.813,9148,0,0.000884653,0.00670245,0.0397936,0,0,0,1,500,0.225,1.92635e-05,-1.69789e-05,-3.82025e-06,-4.33428e-06,-4.67419e-06,-3.39589e-06,0.524095,0.0610632,0.0049007,0.00904957,-0.220037,0.000908678,-0.000194566,-0.000365633,8.34062,2,0,0,0,0,0,-1,1,-9.04615e-07,-3.41771e-06,-0.219929,0,8.89607,1,1010,1010,1010,1010,0,0,0,0,8.90023,56,-0.000198281,-0.00164767,56,0.0126723,-0.010549,56,-0.000718769,0.000382809,56,-0.00227563,0.00355889,56,0.00216114,0.00207993,56,-0.00141743,-0.00201275,56,0.000355968,0.00518128,56,0.00409818,-0.00607359,52,-0.00502934,-0.00279806
6051163083902,6051151746000,6051151746000,6051163079273,73729,11.3333,6051176758725,25.0127,1,38008,146154,0,0,1,0,0,0.020001,500,500,495,0.99,2.67235,4.70935,0.685338,0.305299,0.0183105,0.0100098,1.22667e-05,2.58991e-05,0.000376477,-0.00289858,1,0.00129489,-0.000613306,0.000613306,0.00129489,1,1,0.000499361,0.00133102,0.000113945,-3.61271e-05,0,0,0,0,0,0,0,0,0,0,0,0,0,0,0,0,0,0,0,0,0,0,0,255,0.22,3.36843,0.22,-0.000380803,0.00113092,1,1,1,1,0,1,1,-0.196881,-3.12752,0.116066,0.000240811,0.00591166,0.018346,22.8929,36591,1,367,117.079,9148,0,0.000884653,0.00670245,0.0397936,0,0,0,1,495,0.225,1.04391e-05,2.19681e-05,4.94283e-06,-2.3488e-06,4.31065e-06,-3.37098e-06,0.524099,0.0610598,0.00489129,0.0090451,-0.22005,0.000165191,-0.000162572,-0.000278048,13.9879,1,0,0,0,0,0,-1,1,-9.04615e-07,-3.41771e-06,-0.219929,0,23.1805,1,1010,1010,1010,1010,0,0,0,0,23.1847,56,0.00194528,0.0042692,56,-0.00509319,0.00403395,53,-0.000471542,-0.0021816,56,0.00187583,-0.00258387,56,0.0019396,-0.000129518,56,0.00354476,0.00324384,56,0.0028249,0.000278013,56,-0.00216989,0.00297682,50,0.00540442,0.00138714
6051177372859,6051159763000,6051159763000,6051177361636,73729,17.5986,6051190241212,30.4782,0,38008,146155,0,0,1,0,0,0.008017,500,500,500,1,2.72441,4.51948,0.679116,0.313039,-0.0105362,0.00514221,-4.64014e-05,4.14396e-05,-0.00393771,-0.00716432,1,0.00516897,0.00578787,-0.00578787,0.00516897,1,1,-0.00577713,0.00521979,-1.07451e-05,-5.08249e-05,0,0,0,0,0,0,0,0,0,0,0,0,0,0,0,0,0,0,0,0,0,0,0,255,0.22,7.26615,0.22,-0.0034267,0.00234005,1,1,1,1,0,1,1,-0.196881,-3.12752,0.116066,0.000240811,0.00591166,0.018346,36.3632,36591,1,367,130.55,9148,0,0.000884653,0.00670245,0.0397936,0,0,0,1,500,0.225,-3.92738e-05,3.50541e-05,7.88716e-06,8.8366e-06,9.626e-06,6.90161e-06,0.524109,0.0610667,0.00488528,0.00904558,-0.22007,0.000111449,-0.000228712,0.000127841,13.1947,1,0,0,0,0,0,-1,1,-9.04615e-07,-3.41771e-06,-0.219929,0,36.6357,1,1010,1010,1010,1010,0,0,0,0,36.6399,56,0.00897431,0.00468406,56,-0.0216001,0.0194522,56,0.0106427,-0.000552694,56,-0.00405999,0.00668368,56,-0.0135357,0.0015742,56,0.0024917,0.00297887,56,-0.000325626,-0.00435082,56,-0.00410087,-0.000120437,52,-0.00439625,0.00470327
6051190828994,6051179766000,6051179766000,6051190822975,73729,11.057,6051204927189,25.1612,1,38009,146156,0,0,1,0,0,0.020003,500,500,500,1,2.69006,4.71209,0.612153,0.341095,0.00708008,0.0085144,2.29138e-05,2.36862e-05,0.00278127,-0.00169963,1,0.00118413,-0.00114552,0.00114552,0.00118413,1,1,0.000979017,0.00112953,0.000166499,5.46029e-05,0,0,0,0,0,0,0,0,0,0,0,0,0,0,0,0,0,0,0,0,0,0,0,255,0.22,0.696413,0.22,0.00020586,0.00111408,1,1,1,1,1,1,1,-0.196802,-3.12759,0.116135,0.000507579,0.00597677,0.0183182,0.583967,36592,1,367,145.163,9148,0,0.000884653,0.00670245,0.0397936,0,0,0,1,500,0.225,1.93586e-05,2.00608e-05,4.51367e-06,-4.35569e-06,3.45304e-06,-5.2362e-06,0.524112,0.0610615,0.00487431,0.00906199,-0.220179,0.000357837,0.000245713,-0.000313126,0.351632,3,0,0,0,0,0,-1,1,-9.04615e-07,-3.41771e-06,-0.220071,0,0.850914,1,1010,1010,1010,1010,0,0,0,0,0.855396,56,-0.000916278,-0.00385187,56,0.00622825,0.00530809,56,0.000486992,0.000343013,56,0.00375763,0.00167853,56,0.00367277,0.000623148,56,0.00210598,-0.00211206,56,-0.000263118,0.00421075,56,0.00134163,0.0011912,52,-0.0068594,0.00208665
6051205481675,6051191740000,6051191740000,6051205469675,73729,13.7297,6051220708638,28.9686,0,38009,146157,0,0,1,0,0,0.011974,500,500,500,1,2.73191,4.64644,0.694579,0.321261,-0.0167084,-0.00123596,-5.87877e-05,1.09572e-06,-0.00602258,-0.000249677,1,9.15083e-05,0.00490961,-0.00490961,9.15083e-05,1,1,-0.00524092,-2.42588e-05,0.000331311,0.000115767,0,0,0,0,0,0,0,0,0,0,0,0,0,0,0,0,0,0,0,0,0,0,0,255,0.22,5.19813,0.22,-0.00335753,-0.000136331,1,1,1,1,0,1,1,-0.196802,-3.12759,0.116135,0.000507579,0.00597677,0.0183182,16.4353,36592,1,367,161.014,9148,0,0.000884653,0.00670245,0.0397936,0,0,0,1,500,0.225,-4.97505e-05,9.60155e-07,2.16035e-07,1.11939e-05,2.65605e-06,1.08762e-05,0.524115,0.0610724,0.00487431,0.00906199,-0.220179,0.000317955,0.000520952,-0.000938357,16.1326,0,0,0,0,0,0,-1,1,-9.04615e-07,-3.41771e-06,-0.220071,0,16.7043,1,1010,1010,1010,1010,0,0,0,0,16.7088,56,0.000906953,0.00178178,56,-0.0232941,0.00248153,56,-0.00301106,0.00209055,56,-0.00772828,0.0014237,56,-0.00852871,-0.0045216,56,0.00373901,0.00161033,56,-0.00737601,-0.00533446,56,-0.00256917,0.000896586,52,0.00253624,-0.000970826
6051221283309,6051211748000,6051211748000,6051221278401,73729,9.5304,6051235428930,23.6809,1,38010,146158,0,0,1,0,0,0.020008,500,500,500,1,2.69404,4.91796,0.595134,0.309206,-0.00259399,0.00590515,1.70339e-05,1.17146e-05,0.00292922,0.000622175,1,0.000585497,-0.000851355,0.000851355,0.000585497,1,1,0.000714961,0.000544376,0.000136393,4.11212e-05,0,0,0,0,0,0,0,0,0,0,0,0,0,0,0,0,0,0,0,0,0,0,0,255,0.22,0.707506,0.22,-0.000199195,0.00014919,1,1,1,1,0,1,1,-0.196802,-3.12759,0.116135,0.000507579,0.00597677,0.0183182,31.156,36592,1,367,175.734,9148,0,0.000884653,0.00670245,0.0397936,0,0,0,1,500,0.225,1.43884e-05,9.90373e-06,2.22834e-06,-3.2374e-06,1.46709e-06,-3.6459e-06,0.524117,0.0610687,0.0048588,0.00906507,-0.220227,1.42091e-05,0.000185045,-0.000479648,14.4426,2,0,0,0,0,0,-1,1,-9.04615e-07,-3.41771e-06,-0.220071,0,31.4331,1,1010,1010,1010,1010,0,0,0,0,31.4376,56,-0.00245913,-0.00179633,56,0.0050027,0.000219454,56,0.00139513,-0.00231574,56,-0.0014903,0.000157592,56,0.000342078,0.00612833,56,-0.0037889,0.000712347,56,0.00206256,0.000543274,56,0.00316499,-0.00199265,52,-8.15124e-05,0.000498783
6051236033805,6051231740000,6051231740000,6051236027564,73729,4.28756,6051247638538,15.8985,1,38011,146159,0,0,1,0,0,0.019992,500,500,500,1,2.70293,4.53794,0.661042,0.317761,-0.000686646,0.00328064,-1.10299e-05,5.90902e-06,-0.00351978,0.00167205,1,0.000295569,0.000551716,-0.000551716,0.000295569,1,1,-0.000679771,0.000242237,0.000128055,5.33323e-05,0,0,0,0,0,0,0,0,0,0,0,0,0,0,0,0,0,0,0,0,0,0,0,255,0.22,5.31972,0.22,7.20351e-05,0.000313835,1,1,1,2,0,1,1,-0.196802,-3.12759,0.116135,0.000507579,0.00597677,0.0183182,43.3658,36592,1,367,187.944,9148,0,0.000884653,0.00670245,0.0397936,0,0,0,1,500,0.225,-9.33685e-06,5.01711e-06,1.12885e-06,2.10079e-06,1.56059e-06,1.80339e-06,0.524118,0.0610705,0.00486029,0.00906414,-0.22025,0.000474286,0.000239996,-8.15682e-05,11.9315,1,0,0,0,0,0,-1,1,-9.04615e-07,-3.41771e-06,-0.220071,0,43.6551,1,1010,1010,1010,1010,0,0,0,0,43.6596,56,0.000365541,-0.000979417,56,-0.00222771,-0.00462809,56,-0.00164611,0.00454437,56,0.000742251,0.00139608,56,0.000710668,0.00135999,56,0.00204316,0.0038238,56,-9.38154e-05,-0.00231155,56,-0.00243904,-0.00100797,52,-0.00173416,-0.00112438
6051248254339,6051239769000,6051239769000,6051248242487,73729,8.47349,6051261068858,21.2999,0,38011,146160,0,0,1,0,0,0.008029,500,500,462,0.924,2.69019,4.76292,0.59919,0.427447,0.00606537,-0.0148163,-3.45967e-06,-1.82521e-05,0.00141974,-0.00735877,1,-0.00227327,0.000430897,-0.000430897,-0.00227327,1,1,-0.000439214,-0.00218262,8.3168e-06,-9.06437e-05,0,0,0,0,0,0,0,0,0,0,0,0,0,0,0,0,0,0,0,0,0,0,0,255,0.22,6.33869,0.22,-0.000370598,-0.00284671,1,1,1,1,1,1,1,-0.196736,-3.12764,0.116227,0.000297099,0.00592459,0.0184002,3.54286,36593,1,367,3.47941,9149,0,0.000884653,0.0068746,0.0399399,0,0,0,1,462,0.225,-2.92767e-06,-1.54154e-05,-3.46846e-06,6.58726e-07,-3.24057e-06,1.4006e-06,0.524115,0.0610719,0.00486547,0.0090546,-0.220271,0.000781062,-0.000407897,0.000594909,3.28612,2,0,0,0,0,0,-1,1,-9.04615e-07,-3.41771e-06,-0.220163,0,3.79979,1,1010,1010,1010,1010,0,0,0,0,12.1747,56,-0.000866318,-0.0024234,56,0.00702735,-0.00032996,32,0.0021637,0.00598275,56,-0.00689431,-0.00879152,56,0.00890027,-0.00949627,48,-0.00142091,-0.00642372,56,0.00360537,0.0011975,56,0.00307592,-0.00240694,46,-0.000828324,-0.0019001
6051261653974,6051251746000,6051251746000,6051261641992,73729,9.89599,6051275639909,23.8939,0,38011,146161,0,0,1,0,0,0.011977,500,500,496,0.992,2.71146,4.79085,0.605912,0.314391,0.0190887,0.00138092,3.63683e-05,1.69787e-05,-0.00460585,-0.000323288,1,0.00141761,-0.00303651,0.00303651,0.00141761,1,1,0.00286012,0.00150061,0.000176393,-8.30039e-05,0,0,0,0,0,0,0,0,0,0,0,0,0,0,0,0,0,0,0,0,0,0,0,255,0.22,0.478263,0.22,0.00203388,0.00093446,1,1,1,1,0,1,1,-0.196736,-3.12764,0.116227,0.000297099,0.00592459,0.0184002,18.1445,36593,1,367,18.0809,9149,0,0.000884653,0.0068746,0.0399399,0,0,0,1,496,0.225,3.08337e-05,1.4383e-05,3.23618e-06,-6.93758e-06,1.64161e-06,-7.4769e-06,0.524117,0.0610644,0.00486934,0.00905752,-0.220292,0.00132217,-0.000373518,0.000422721,14.3325,1,0,0,0,0,0,-1,1,-9.04615e-07,-3.41771e-06,-0.220163,0,18.4326,1,1010,1010,1010,1010,0,0,0,0,26.8075,56,0.00711986,0.00797518,56,0.0151941,0.00362724,56,0.000438635,-0.00570588,56,0.00127056,-0.00149548,56,-0.00172259,0.00272639,56,0.00125942,0.00209597,52,0.0044654,-0.00217867,56,0.000901226,-0.00495897,52,0.00783825,-0.000355527
6051276242580,6051267774000,6051267774000,6051276237802,73729,8.4638,6051290973613,23.1996,1,38012,146162,0,0,1,0,0,0.016028,500,500,456,0.912,2.7103,4.51564,0.665486,0.30065,-0.0126495,-0.00135803,-2.20407e-05,-2.15718e-05,0.00354887,0.00440857,1,-0.00134588,0.00137514,-0.00137514,-0.00134588,1,1,-0.00168874,-0.00142488,0.000313605,7.9003e-05,0,0,0,0,0,0,0,0,0,0,0,0,0,0,0,0,0,0,0,0,0,0,0,255,0.22,4.93135,0.22,-0.00261614,3.76718e-05,1,1,1,1,0,1,1,-0.196736,-3.12764,0.116227,0.000297099,0.00592459,0.0184002,33.479,36593,1,367,33.4155,9149,0,0.000884653,0.0068746,0.0399399,0,0,0,1,456,0.225,-1.86601e-05,-1.82875e-05,-4.11469e-06,4.19852e-06,-3.09733e-06,4.99615e-06,0.524113,0.0610694,0.00487261,0.00906633,-0.220323,0.00105925,0.000355513,-0.000281575,15.0766,1,0,0,0,0,0,-1,1,-9.04615e-07,-3.41771e-06,-0.220163,0,33.7487,1,1010,1010,1010,1010,0,0,0,0,42.1237,56,0.00170859,-0.00225498,56,-0.00992289,-0.00431622,56,0.000568529,-0.00247156,46,-0.00475664,0.000886467,56,-0.00127699,0.00019161,56,0.00288728,-0.00103293,22,-0.00308478,-0.00038718,56,-0.00174332,0.00101808,52,-0.00546395,-0.000979115
6051291548747,6051279762000,6051279762000,6051291539655,73729,11.7777,6051305511108,25.7491,0,38012,146163,0,0,1,0,0,0.011988,500,500,497,0.994,2.66859,4.87942,0.639764,0.320317,-0.00119019,-0.00668335,-9.50797e-06,1.89804e-06,-0.00214395,-0.0058611,1,0.000158328,0.000793124,-0.000793124,0.000158328,1,1,-0.00100983,6.25983e-05,0.000216702,9.57296e-05,0,0,0,0,0,0,0,0,0,0,0,0,0,0,0,0,0,0,0,0,0,0,0,255,0.22,-0.028278,0.22,-0.00111432,-0.000630238,1,1,1,1,0,1,1,-0.196668,-3.1277,0.116374,0.000943755,0.00600659,0.0186208,1.68542,36594,1,367,47.9187,9149,0,0.000884653,0.0068746,0.0399399,0,0,0,1,497,0.225,-8.06136e-06,1.58007e-06,3.55517e-07,1.81381e-06,7.43562e-07,1.69215e-06,0.524114,0.0610711,0.00484053,0.00907867,-0.220431,7.70792e-05,0.000430783,-0.000718465,1.41819,3,0,0,0,0,0,-1,1,-9.04615e-07,-3.41771e-06,-0.220324,0,1.95375,1,1010,1010,1010,1010,0,0,0,0,1.95764,56,-0.0076439,-0.000656903,56,0.00301777,0.0142052,56,0.00115168,0.00235853,56,0.00225154,-0.00175672,56,-0.00351801,0.00324012,56,-0.001172,-0.000669081,56,-0.00432608,-0.00450043,56,0.00023673,-0.000575763,49,0.00951517,-0.00366539
6051306045446,6051287774000,6051287774000,6051306034816,73729,18.2608,6051320137437,32.3634,0,38012,146164,0,0,1,0,0,0.008012,500,500,500,1,2.70998,4.67561,0.587431,0.311206,-0.024498,0.02034,-7.08704e-05,6.69838e-05,-0.00257888,-0.0145838,1,0.00836043,0.00884553,-0.00884553,0.00836043,1,1,-0.00888666,0.00826352,4.11346e-05,9.69147e-05,0,0,0,0,0,0,0,0,0,0,0,0,0,0,0,0,0,0,0,0,0,0,0,255,0.22,4.31844,0.22,-0.00691032,0.00415273,1,1,1,1,1,1,1,-0.196668,-3.1277,0.116374,0.000943755,0.00600659,0.0186208,16.3469,36594,1,367,62.5802,9149,0,0.000884653,0.0068746,0.0399399,0,0,0,1,500,0.225,-6.00009e-05,5.67239e-05,1.27629e-05,1.35002e-05,1.54059e-05,1.03828e-05,0.52413,0.0610815,0.00484053,0.00907867,-0.220431,-0.00080017,0.000436116,-0.000788221,16.0273,0,0,0,0,0,0,-1,1,-9.04615e-07,-3.41771e-06,-0.220324,0,16.6189,1,1010,1010,1010,1010,0,0,0,0,16.6228,56,-0.00620766,0.0114558,56,-0.021806,0.0249673,56,0.00726178,-0.000164648,56,-0.00631363,0.00125608,56,-0.0183309,0.00544069,56,-0.00122544,-0.000405735,56,0.000906212,0.00458148,56,-0.0121557,0.00622383,52,-0.0101604,0.0152678
6051320776387,6051307779000,6051307779000,6051320770312,73729,12.9913,6051334870600,27.0916,1,38013,146165,0,0,1,0,0,0.020005,500,500,500,1,2.70593,4.68189,0.669172,0.312076,-0.0194016,0.0249863,-1.81626e-05,2.63844e-05,0.00208187,-3.82358e-05,1,0.00131889,0.000907904,-0.000907904,0.00131889,1,1,-0.000947993,0.00129038,4.00895e-05,2.85096e-05,0,0,0,0,0,0,0,0,0,0,0,0,0,0,0,0,0,0,0,0,0,0,0,255,0.22,8.70666,0.22,-0.00125351,0.000962839,1,1,1,1,0,1,1,-0.196668,-3.1277,0.116374,0.000943755,0.00600659,0.0186208,31.0677,36594,1,367,77.301,9149,0,0.000884653,0.0068746,0.0399399,0,0,0,1,500,0.225,-1.54895e-05,2.24101e-05,5.04227e-06,3.48514e-06,5.68237e-06,2.29793e-06,0.524135,0.0610838,0.00481454,0.00908286,-0.220494,-0.000702642,0.000128293,-0.000706436,14.4515,2,0,0,0,0,0,-1,1,-9.04615e-07,-3.41771e-06,-0.220324,0,31.3372,1,1010,1010,1010,1010,0,0,0,0,31.3411,56,-0.000867295,0.00134424,56,0.00233255,-0.00443234,56,-0.00538328,0.00436891,56,0.00274016,0.00420446,56,9.94338e-05,-0.00204478,56,-0.0020925,0.00306733,56,-0.0049905,0.00134295,56,0.00285054,0.00294411,52,0.000783023,0.00172785
6051335438049,6051319754000,6051319754000,6051335426160,73729,15.6722,6051349928414,30.1744,0,38013,146166,0,0,1,0,0,0.011975,500,500,455,0.91,2.6942,4.57177,0.673727,0.286798,0.00372314,0.00531006,3.7001e-06,6.60079e-06,0.00778877,0.00393521,1,0.000551214,-0.000308985,0.000308985,0.000551214,1,1,9.79945e-05,0.000501586,0.000210991,4.96278e-05,0,0,0,0,0,0,0,0,0,0,0,0,0,0,0,0,0,0,0,0,0,0,0,255,0.22,3.29088,0.22,0.00111072,0.000654938,1,1,1,1,0,1,1,-0.196668,-3.1277,0.116374,0.000943755,0.00600659,0.0186208,46.1286,36594,1,367,92.3619,9149,0,0.000884653,0.0068746,0.0399399,0,0,0,1,455,0.225,3.13908e-06,5.58549e-06,1.25674e-06,-7.06293e-07,1.07173e-06,-9.64055e-07,0.524136,0.0610828,0.0048214,0.00908244,-0.220517,0.000282682,0.000223325,-0.000533421,14.815,1,0,0,0,0,0,-1,1,-9.04615e-07,-3.41771e-06,-0.220324,0,46.388,1,1010,1010,1010,1010,0,0,0,0,0.266891,56,0.00248918,-0.00171921,56,0.000406706,0.00671297,56,-0.000736642,-0.00216313,51,0.00390157,0.00550239,56,0.00412561,0.00356605,56,-0.00109132,-0.000901284,16,0.00226849,-0.00495807,56,0.00208653,-0.000591443,52,-0.000979314,-0.000234771
6051350498159,6051339761000,6051339761000,6051350491900,73729,10.7309,6051363476457,23.7155,1,38014,146167,0,0,1,0,0,0.020007,500,500,448,0.896,2.71702,4.58122,0.669023,0.290706,0.0516663,-0.0268555,0.000124897,-6.13853e-05,0.00422928,0.00128905,1,-0.00306819,-0.00624267,0.00624267,-0.00306819,1,1,0.00592629,-0.00298964,0.000316382,-7.8555e-05,0,0,0,0,0,0,0,0,0,0,0,0,0,0,0,0,0,0,0,0,0,0,0,255,0.22,8.10365,0.22,0.00458889,-0.00247525,1,1,1,1,0,1,1,-0.196633,-3.12776,0.116577,4.40238e-06,0.0054793,0.0184949,3.18528,36595,1,367,105.85,9149,0,0.000884653,0.0068746,0.0399399,0,0,0,1,448,0.225,0.000105869,-5.19567e-05,-1.16903e-05,-2.38206e-05,-1.66187e-05,-2.06858e-05,0.52412,0.0610622,0.00486838,0.00907857,-0.22055,0.002084,-0.000353498,0.000528227,2.92928,3,0,0,0,0,0,-1,1,-9.04615e-07,-3.41771e-06,-0.220439,0,3.43301,1,1010,1010,1010,1010,0,0,0,0,13.7441,56,0.00921623,7.93342e-05,56,0.0119253,-0.0168085,56,0.00461092,-0.00147217,56,0.00105919,-0.00111813,56,0.00754945,0.000182701,52,0.00320828,-0.00384731,56,0.00516038,-0.00248597,51,0.00413711,-0.00353754,9,0.000298907,0.000689478
6051363981628,6051347776000,6051347776000,6051363968942,73729,16.1929,6051377007093,29.2311,0,38014,146168,0,0,1,0,0,0.008015,500,500,496,0.992,2.65457,4.81402,0.591078,0.31015,0.011879,-0.0181885,1.38707e-05,-3.03894e-05,0.0015517,0.00306801,1,-0.00379157,-0.0017306,0.0017306,-0.00379157,1,1,0.00163797,-0.00389353,9.26264e-05,0.000101958,0,0,0,0,0,0,0,0,0,0,0,0,0,0,0,0,0,0,0,0,0,0,0,255,0.22,1.39357,0.22,0.000263146,-0.00300841,1,1,1,1,1,1,1,-0.196633,-3.12776,0.116577,4.40238e-06,0.0054793,0.0184949,16.79,36595,1,367,119.455,9149,0,0.000884653,0.0068746,0.0399399,0,0,0,1,496,0.225,1.17967e-05,-2.57825e-05,-5.80106e-06,-2.65426e-06,-6.24108e-06,-1.32089e-06,0.524114,0.0610608,0.00487834,0.00908877,-0.220549,0.00213025,0.00045881,0.00137074,7.59889,1,0,0,0,0,0,-1,1,-9.04615e-07,-3.41771e-06,-0.220439,0,17.0642,1,1010,1010,1010,1010,0,0,0,0,27.3753,56,-0.00083799,-0.00546315,56,-0.0115335,0.00337243,56,0.0131009,-0.00350854,56,0.0129695,-0.00902667,56,-0.000596444,-0.0076707,56,0.00627224,-0.00696425,56,-0.00128925,-0.00355622,56,-0.00334673,-0.00549344,48,0.00185177,-0.00385971
6051377665709,6051367781000,6051367781000,6051377659635,73729,9.87863,6051390888787,23.1078,1,38015,146169,0,0,1,0,0,0.020005,500,500,494,0.988,2.74546,4.5125,0.597319,0.308114,0.0105896,-0.00988007,1.42077e-05,-3.09071e-06,-0.00541065,-0.000558622,1,-0.000154497,-0.00071021,0.00071021,-0.000154497,1,1,0.000617583,-0.000256455,9.26264e-05,0.000101958,0,0,0,0,0,0,0,0,0,0,0,0,0,0,0,0,0,0,0,0,0,0,0,255,0.22,4.94154,0.22,-0.00136831,-0.000171972,1,1,1,1,0,1,1,-0.196633,-3.12776,0.116577,4.40238e-06,0.0054793,0.0184949,30.6895,36595,1,367,133.354,9149,0,0.000884653,0.0068746,0.0399399,0,0,0,1,494,0.225,1.20608e-05,-2.65449e-06,-5.97261e-07,-2.71369e-06,-1.17654e-06,-2.51724e-06,0.524112,0.0610583,0.00487834,0.00908877,-0.220549,0.00213025,0.00045881,0.00137074,21.4816,0,0,0,0,0,0,-1,1,-9.04615e-07,-3.41771e-06,-0.220439,0,30.9552,1,1010,1010,1010,1010,0,0,0,0,41.2664,56,-0.00475755,-0.00184081,56,0.00140584,-0.00141436,56,-0.000167877,0.000943599,56,0.000790501,-0.00145316,56,0.000385789,0.000847052,56,0.00117787,0.000886735,50,0.00413784,-0.00207648,56,0.00168709,-0.000559468,52,0.000845263,-0.00245871
6051391486143,6051379752000,6051379752000,6051391475162,73729,11.7232,6051407442463,27.6905,0,38015,146170,0,0,1,0,0,0.011971,500,500,500,1,2.75324,5.30869,0.686746,0.31928,-0.0436249,0.0239487,-0.000116354,2.70875e-05,-0.00736397,0.00445057,1,0.00226276,0.00971962,-0.00971962,0.00226276,1,1,-0.00924304,0.00213137,-0.000476577,0.000131388,0,0,0,0,0,0,0,0,0,0,0,0,0,0,0,0,0,0,0,0,0,0,0,255,0.22,7.88356,0.22,-0.00934142,0.00229477,1,1,1,1,0,1,1,-0.196592,-3.12779,0.116636,0.000728059,0.00619786,0.0187422,0.033,36596,1,367,149.875,9149,0,0.000884653,0.0068746,0.0399399,0,0,0,1,500,0.225,-9.86398e-05,2.29441e-05,5.16242e-06,2.2194e-05,9.8938e-06,2.05264e-05,0.524122,0.0610788,0.00484299,0.00909505,-0.220572,-0.000143156,0.000591246,0.00160115,16.2652,2,0,0,0,0,0,-1,1,-9.04615e-07,-3.41771e-06,-0.220506,0,0.322224,1,1010,1010,1010,1010,0,0,0,0,0.326076,56,-0.00599022,0.00645641,56,-0.0113263,0.0028153,56,-0.00520823,0.00476942,56,-0.0135758,0.00217315,56,-0.0113484,0.00303516,56,-0.00847399,0.00436598,56,-0.00472899,0.00346489,56,-0.00325374,0.000381786,52,-0.012158,0.00213226
6051408040449,6051399754000,6051399754000,6051408035042,73729,8.28104,6051421377472,21.6235,1,38016,146171,0,0,1,0,0,0.020002,500,500,500,1,2.67469,4.61727,0.659005,0.315391,-0.0820618,0.00723267,-0.000141467,3.71804e-05,0.000479092,-0.00458537,1,0.00185883,0.00707265,-0.00707265,0.00185883,1,1,-0.00685547,0.00188567,-0.000217176,-2.6842e-05,0,0,0,0,0,0,0,0,0,0,0,0,0,0,0,0,0,0,0,0,0,0,0,255,0.22,4.86333,0.22,-0.00646218,0.00013826,1,1,1,1,0,1,1,-0.196592,-3.12779,0.116636,0.000728059,0.00619786,0.0187422,13.9761,36596,1,367,163.818,9149,0,0.000884653,0.0068746,0.0399399,0,0,0,1,500,0.225,-0.000119929,3.15406e-05,7.09662e-06,2.69841e-05,1.28303e-05,2.47767e-05,0.524135,0.0611036,0.00483165,0.00909578,-0.220612,-0.000772045,-0.000120789,0.000164199,13.6746,1,0,0,0,0,0,-1,1,-9.04615e-07,-3.41771e-06,-0.220506,0,14.246,1,1010,1010,1010,1010,0,0,0,0,14.2499,56,0.000621594,0.00122575,56,-0.00805607,0.0107768,56,-0.00663307,-0.00263673,56,-0.010785,-0.00191837,56,-0.00775071,6.72579e-06,56,-0.00430175,-0.00134111,56,-0.00861964,0.00270324,56,-0.00954851,0.0037524,52,-0.00495886,0.00352614
6051421950014,6051407772000,6051407772000,6051421941421,73729,14.1694,6051435339371,27.5674,0,38016,146172,0,0,1,0,0,0.008018,500,500,500,1,2.69348,5.05865,0.66869,0.321873,-0.00265503,-0.00250244,-9.3358e-07,-2.80494e-05,0.00955328,0.0103949,1,-0.0034983,0.000116435,-0.000116435,-0.0034983,1,1,-0.00103751,-0.00351459,0.000921077,1.62814e-05,0,0,0,0,0,0,0,0,0,0,0,0,0,0,0,0,0,0,0,0,0,0,0,255,0.22,7.97613,0.22,2.26716e-05,-0.00123194,1,1,1,1,1,1,1,-0.196592,-3.12779,0.116636,0.000728059,0.00619786,0.0187422,27.9235,36596,1,367,177.765,9149,0,0.000884653,0.0068746,0.0399399,0,0,0,1,500,0.225,-8.79259e-07,-2.37842e-05,-5.35145e-06,1.97833e-07,-5.17804e-06,1.36477e-06,0.52413,0.061105,0.00482552,0.00910101,-0.220756,-0.000183871,7.32663e-05,-0.00346297,13.6739,2,0,0,0,0,0,-1,1,-9.04615e-07,-3.41771e-06,-0.220506,0,28.1984,1,1010,1010,1010,1010,0,0,0,0,28.2022,56,-0.00976961,-0.00502546,56,0.00975987,-0.0253774,56,-0.00188404,0.00108594,56,0.0129859,0.0011757,56,0.00654589,0.000111672,56,-0.00680318,0.00596898,56,-0.000833371,-0.00739804,56,0.00243152,-0.00681408,52,-0.000531419,0.0015503
6051435969375,6051427775000,6051427775000,6051435963301,73729,8.1883,6051449591215,21.8162,1,38017,146173,0,0,1,0,0,0.020003,500,500,500,1,2.70257,4.56329,0.663486,0.310466,0.055481,0.0113754,0.00010499,1.36264e-05,0.0041429,-0.00250125,1,0.000681218,-0.00524872,0.00524872,0.000681218,1,1,0.00377334,0.000639973,0.00147538,4.12452e-05,0,0,0,0,0,0,0,0,0,0,0,0,0,0,0,0,0,0,0,0,0,0,0,255,0.22,2.37905,0.22,0.00474115,0.000557044,1,1,1,1,0,1,1,-0.196592,-3.12779,0.116636,0.000728059,0.00619786,0.0187422,42.1805,36596,1,367,192.022,9149,0,0.000884653,0.0068746,0.0399399,0,0,0,1,500,0.225,8.90633e-05,1.15461e-05,2.59787e-06,-2.00392e-05,-1.85501e-06,-2.01212e-05,0.524128,0.0610849,0.00483681,0.00909969,-0.220805,0.000911219,0.000185603,-0.00458241,13.9947,1,0,0,0,0,0,-1,1,-9.04615e-07,-3.41771e-06,-0.220506,0,42.4526,1,1010,1010,1010,1010,0,0,0,0,0.279095,56,0.00839729,-0.00368918,56,-0.000938785,-0.00074214,56,0.00711712,-0.000360286,56,0.0101353,0.00585552,56,0.00429316,0.000408685,56,0.00633613,0.000549674,56,0.00759279,0.00357127,56,0.0012466,0.00199118,52,0.00702439,0.00118528
6051450158164,6051439761000,6051439761000,6051450146979,73729,10.386,6051467687255,27.9263,0,38017,146174,0,0,1,0,0,0.011986,500,500,494,0.988,3.01437,4.93435,0.813006,0.32628,0.0282745,-0.0161362,6.48157e-05,-1.77898e-05,0.00502416,0.00375674,1,-0.00148421,-0.00540761,0.00540761,-0.00148421,1,1,0.00527906,-0.00139028,0.000128554,-9.39314e-05,0,0,0,0,0,0,0,0,0,0,0,0,0,0,0,0,0,0,0,0,0,0,0,255,0.22,6.00902,0.22,0.00346759,-0.0015654,1,1,1,1,0,1,1,-0.196577,-3.12785,0.116713,0.000515693,0.00539726,0.0185601,8.15993,36597,1,367,8.10806,9150,0,0.000884653,0.00703213,0.0397158,0,0,0,1,494,0.225,5.49513e-05,-1.50612e-05,-3.38877e-06,-1.2364e-05,-6.01443e-06,-1.13216e-05,0.524122,0.0610735,0.00486812,0.00909625,-0.220774,0.00194252,-0.000422691,0.00109122,7.84204,3,0,0,0,0,0,-1,1,-9.04615e-07,-3.41771e-06,-0.220699,0,8.44143,1,1010,1010,1010,1010,0,0,0,0,18.3678,56,0.00665255,0.0115574,56,0.0152403,0.00446299,50,0.00483634,-0.00601997,56,-0.00484905,-0.00587463,56,0.0114416,-0.00497843,56,0.0067447,-0.00129588,56,0.000418054,-0.00531147,56,0.00269522,-0.00353742,52,0.00388187,-0.00363346
6051468260907,6051459756000,6051459756000,6051468253277,73729,8.49728,6051481164649,21.4086,1,38018,146175,0,0,1,0,0,0.019995,500,500,500,1,2.68265,4.56401,0.5888,0.31165,0.0323792,-0.0100632,4.45712e-05,-1.07428e-05,-0.00360576,-0.000942909,1,-0.000537274,-0.00222912,0.00222912,-0.000537274,1,1,0.0030111,-0.000453871,-0.000781985,-8.34027e-05,0,0,0,0,0,0,0,0,0,0,0,0,0,0,0,0,0,0,0,0,0,0,0,255,0.22,4.22942,0.22,0.000327089,-0.000380362,1,1,1,1,0,1,1,-0.196577,-3.12785,0.116713,0.000515693,0.00539726,0.0185601,21.6602,36597,1,367,21.6083,9150,0,0.000884653,0.00703213,0.0397158,0,0,0,1,500,0.225,3.78126e-05,-9.07312e-06,-2.04145e-06,-8.50784e-06,-3.85525e-06,-7.85413e-06,0.524118,0.0610657,0.00486812,0.00909625,-0.220774,0.00147689,-0.000375312,0.00399666,21.3108,0,0,0,0,0,0,-1,1,-9.04615e-07,-3.41771e-06,-0.220699,0,21.9285,1,1010,1010,1010,1010,0,0,0,0,31.8549,56,0.00330698,-0.00454918,56,-0.00348765,-0.00306375,56,0.00266447,0.00166126,56,0.00147028,-0.00169469,56,0.00363976,0.000174415,56,0.00337751,-0.00174249,56,0.00400813,-0.000720371,56,0.00519114,0.000521363,52,0.00242428,-0.00140671
6051481736931,6051467777000,6051467777000,6051481726302,73729,13.9493,6051494929768,27.1528,0,38018,146176,0,0,1,0,0,0.008021,500,500,500,1,2.71332,4.7845,0.658579,0.312317,-0.0160217,0.0204773,-4.1797e-05,4.49334e-05,-0.00449655,0.00480878,1,0.00560197,0.00521094,-0.00521094,0.00560197,1,1,-0.00379424,0.0055369,-0.0014167,6.50627e-05,0,0,0,0,0,0,0,0,0,0,0,0,0,0,0,0,0,0,0,0,0,0,0,255,0.22,1.70144,0.22,-0.0060574,0.00530139,1,1,1,1,1,1,1,-0.196577,-3.12785,0.116713,0.000515693,0.00539726,0.0185601,35.422,36597,1,367,35.3701,9150,0,0.000884653,0.00703213,0.0397158,0,0,0,1,500,0.225,-3.54947e-05,3.80136e-05,8.55307e-06,7.9863e-06,1.00941e-05,5.91979e-06,0.524128,0.0610716,0.00484089,0.00910697,-0.220733,-0.000213798,0.000292782,0.00492908,13.4877,2,0,0,0,0,0,-1,1,-9.04615e-07,-3.41771e-06,-0.220699,0,35.6972,1,1010,1010,1010,1010,0,0,0,0,45.6236,56,-0.0103352,-0.00706632,56,0.0119575,0.0148269,56,-0.00225132,0.00253151,56,-0.013517,0.00791419,56,-0.00489331,0.00845203,56,-0.000211192,0.00320757,56,0.00502102,0.00380462,56,-0.00642664,0.00483899,52,-0.0135163,0.00299273
6051495554532,6051475797000,6051475797000,6051495541940,73729,19.7449,6051509849081,34.0521,0,38018,146177,0,0,1,0,0,0.00802,500,500,500,1,2.67541,4.951,0.602097,0.319298,-0.0301743,0.0167694,-4.82965e-05,5.0532e-05,-0.00344936,-0.00682841,1,0.00630075,0.00602201,-0.00602201,0.00630075,1,1,-0.00574539,0.00617886,-0.000276623,0.000121889,0,0,0,0,0,0,0,0,0,0,0,0,0,0,0,0,0,0,0,0,0,0,0,255,0.22,1.10501,0.22,-0.0069822,0.00437683,1,1,1,1,0,1,1,-0.196545,-3.12788,0.116869,0.000520043,0.00599695,0.0182412,1.59147,36598,1,367,50.2602,9150,0,0.000884653,0.00703213,0.0397158,0,0,0,1,500,0.225,-4.09067e-05,4.28602e-05,9.64354e-06,9.20402e-06,1.14254e-05,6.86806e-06,0.52414,0.0610785,0.00481894,0.00911955,-0.220832,-0.000764448,0.000548502,0.000384285,1.32242,2,0,0,0,0,0,-1,1,-9.04615e-07,-3.41771e-06,-0.220726,0,1.86109,1,1010,1010,1010,1010,0,0,0,0,1.865,56,0.000988216,0.00485708,56,-0.0217846,0.00366248,56,-0.00521067,0.00434366,56,0.0020327,0.00579618,56,-0.00448722,-0.00113447,56,-0.00403216,0.00656922,56,-0.0184373,0.00467287,56,-0.00871927,0.0125428,52,-0.00111566,0.00528265
6051510385807,6051495786000,6051495786000,6051510380529,73729,14.5945,6051524051574,28.2656,1,38019,146178,0,0,1,0,0,0.019989,500,500,500,1,2.68635,4.63887,0.600893,0.321261,-0.0614929,0.0261841,-0.000132767,6.7717e-05,-0.00199165,-0.00341661,1,0.00338771,0.00664198,-0.00664198,0.00338771,1,1,-0.00790891,0.00326733,0.00126693,0.000120379,0,0,0,0,0,0,0,0,0,0,0,0,0,0,0,0,0,0,0,0,0,0,0,255,0.22,5.78323,0.22,-0.00509454,0.00203976,1,1,1,1,0,1,1,-0.196545,-3.12788,0.116869,0.000520043,0.00599695,0.0182412,15.8234,36598,1,367,64.492,9150,0,0.000884653,0.00703213,0.0397158,0,0,0,1,500,0.225,-0.000112568,5.73061e-05,1.28939e-05,2.53277e-05,1.81309e-05,2.18864e-05,0.524158,0.0611004,0.00482046,0.00912037,-0.220915,0.000125393,0.000541704,-0.00446065,13.9435,1,0,0,0,0,0,-1,1,-9.04615e-07,-3.41771e-06,-0.220726,0,16.1062,1,1010,1010,1010,1010,0,0,0,0,16.1101,56,-0.00820202,0.00208449,56,-0.0104337,0.0123484,56,-0.00356958,0.00273527,56,-0.00624068,0.00171429,56,-0.00774273,0.00305789,56,-0.00548687,0.00289938,56,-0.00369464,0.00164848,56,-0.0124233,-0.00117416,52,-0.00277138,0.00478635
6051524638596,6051515786000,6051515786000,6051524632522,73729,8.84652,6051539227166,23.4412,1,38020,146179,0,0,1,0,0,0.02,500,500,473,0.946,2.68367,4.7332,0.70432,0.300965,0.0546417,-0.0384827,0.00010932,-0.000110824,0.002543,0.00780576,1,-0.00554121,-0.00546598,0.00546598,-0.00554121,1,1,0.00350152,-0.00556416,0.00196446,2.29502e-05,0,0,0,0,0,0,0,0,0,0,0,0,0,0,0,0,0,0,0,0,0,0,0,255,0.22,-0.256002,0.22,0.00489673,-0.00409538,1,1,1,1,0,1,1,-0.196545,-3.12788,0.116869,0.000520043,0.00599695,0.0182412,31.006,36598,1,367,79.6747,9150,0,0.000884653,0.00703213,0.0397158,0,0,0,1,473,0.225,9.2638e-05,-9.39337e-05,-2.11351e-05,-2.08436e-05,-2.51901e-05,-1.57034e-05,0.524133,0.0610847,0.00483632,0.00911703,-0.221001,0.00118783,0.000103276,-0.00612181,14.9059,1,0,0,0,0,0,-1,1,-9.04615e-07,-3.41771e-06,-0.220726,0,31.2687,1,1010,1010,1010,1010,0,0,0,0,31.2726,56,0.00147499,-0.00417415,56,0.0104101,-0.0158599,56,0.00437392,-0.000788764,56,0.00595896,-0.00406038,56,0.00440968,-0.00401351,56,0.00409949,-0.00452714,56,0.00886377,-0.00333493,56,0.00677358,-0.00326084,25,-0.00010998,-0.00672996
6051539801651,6051527768000,6051527768000,6051539793725,73729,12.0257,6051553868310,26.1003,0,38020,146180,0,0,1,0,0,0.011982,500,500,500,1,2.66098,4.62907,0.675579,0.311688,0.0311737,-0.0438538,7.71382e-05,-8.67491e-05,0.00127249,0.00765443,1,-0.00723995,-0.00643784,0.00643784,-0.00723995,1,1,0.00498506,-0.00712329,0.00145278,-0.000116667,0,0,0,0,0,0,0,0,0,0,0,0,0,0,0,0,0,0,0,0,0,0,0,255,0.22,4.76176,0.22,0.00431467,-0.00575886,1,1,1,1,1,1,1,-0.196551,-3.12791,0.116975,0.000938956,0.00590454,0.018301,0.023796,36599,1,367,94.2974,9150,0,0.000884653,0.00703213,0.0397158,0,0,0,1,500,0.225,6.53516e-05,-7.35368e-05,-1.65458e-05,-1.47041e-05,-1.93674e-05,-1.07178e-05,0.524113,0.0610739,0.00485461,0.00911088,-0.221084,0.00174981,-0.000525002,-0.00383016,14.3527,2,0,0,0,0,0,-1,1,-9.04615e-07,-3.41771e-06,-0.220967,0,0.298614,1,1010,1010,1010,1010,0,0,0,0,0.302465,56,0.00183995,-0.0162133,56,0.0128847,-0.0052058,56,-0.000979023,-0.00857128,56,0.00847783,-0.00375943,56,0.00570414,-0.00549834,56,0.0010259,-0.00735487,56,0.00613589,-0.00719798,56,0.0112294,-0.0106929,52,0.00489207,-0.00895934
6051554476388,6051535790000,6051535790000,6051554465740,73729,18.6757,6051566951331,31.1613,0,38020,146181,0,0,1,0,0,0.008022,500,500,499,0.998,2.68635,4.73217,0.629746,0.312317,0.016449,-0.0266113,2.89647e-05,-4.81458e-05,0.0068784,0.00507533,1,-0.00600172,-0.00361065,0.00361065,-0.00600172,1,1,0.0036183,-0.0059631,-7.64249e-06,-3.86225e-05,0,0,0,0,0,0,0,0,0,0,0,0,0,0,0,0,0,0,0,0,0,0,0,255,0.22,-0.833543,0.22,0.00121426,-0.00435367,1,1,1,1,0,1,1,-0.196551,-3.12791,0.116975,0.000938956,0.00590454,0.018301,13.1502,36599,1,367,107.424,9150,0,0.000884653,0.00703213,0.0397158,0,0,0,1,499,0.225,2.45367e-05,-4.07996e-05,-9.17991e-06,-5.52076e-06,-1.01669e-05,-3.37341e-06,0.524103,0.0610706,0.00485124,0.00910644,-0.221075,0.000924986,-0.000173801,0.000767501,12.8259,1,0,0,0,0,0,-1,1,-9.04615e-07,-3.41771e-06,-0.220967,0,13.4222,1,1010,1010,1010,1010,0,0,0,0,13.4261,56,0.0106524,-0.00495275,56,0.00833365,-0.011107,56,0.00357748,-0.0104779,56,0.0139803,-0.00922043,56,0.00493818,-0.00188877,56,0.000200437,9.41523e-05,55,0.00584349,0.000397931,56,-0.00526688,-0.00704567,52,-0.00409689,-0.00755336
6051567568836,6051555787000,6051555787000,6051567562780,73729,11.7758,6051581125786,25.3388,1,38021,146182,0,0,1,0,0,0.019997,500,500,500,1,2.69046,4.49968,0.740284,0.315132,-0.0171356,0.0264893,-5.15861e-05,6.6173e-05,-0.00639887,-0.00389862,1,0.00330915,0.00257969,-0.00257969,0.00330915,1,1,-0.00160967,0.00324479,-0.000970015,6.43571e-05,0,0,0,0,0,0,0,0,0,0,0,0,0,0,0,0,0,0,0,0,0,0,0,255,0.22,2.08566,0.22,-0.00284088,0.00269949,1,1,1,1,0,1,1,-0.196551,-3.12791,0.116975,0.000938956,0.00590454,0.018301,27.2993,36599,1,367,121.573,9150,0,0.000884653,0.00703213,0.0397158,0,0,0,1,500,0.225,-4.36942e-05,5.60833e-05,1.26187e-05,9.8312e-06,1.44671e-05,6.82522e-06,0.524118,0.0610774,0.0048394,0.00911876,-0.221047,3.94587e-05,0.000289607,0.00352362,13.8704,1,0,0,0,0,0,-1,1,-9.04615e-07,-3.41771e-06,-0.220967,0,27.5736,1,1010,1010,1010,1010,0,0,0,0,27.5775,56,-0.00363832,-0.000593229,56,-0.00915103,0.000321753,56,-0.00214075,0.00626814,56,0.000537634,0.00547444,56,-0.00441181,0.000411137,56,-0.00178343,0.00281701,56,-0.000852069,0.00424539,56,-0.00284575,0.00466152,52,-0.000872578,0.00384586
6051581711309,6051567768000,6051567768000,6051581700235,73729,13.9322,6051596937679,29.1697,0,38021,146183,0,0,1,0,0,0.011981,500,500,500,1,2.68752,4.68026,0.696634,0.318391,-0.0259247,0.0161057,-5.9014e-05,1.27399e-05,0.000537803,0.00708602,1,0.00106335,0.00492563,-0.00492563,0.00106335,1,1,-0.00365928,0.000884945,-0.00126635,0.000178401,0,0,0,0,0,0,0,0,0,0,0,0,0,0,0,0,0,0,0,0,0,0,0,255,0.22,6.02586,0.22,-0.0044912,0.00181552,1,1,1,1,0,1,1,-0.196551,-3.12791,0.116975,0.000938956,0.00590454,0.018301,43.1028,36599,1,367,137.376,9150,0,0.000884653,0.00703213,0.0397158,0,0,0,1,500,0.225,-5.00982e-05,1.07973e-05,2.4294e-06,1.12721e-05,4.8418e-06,1.04651e-05,0.524122,0.0610879,0.00482766,0.00913297,-0.221021,-0.000342683,0.000802803,0.00428471,15.5295,2,0,0,0,0,0,-1,1,-9.04615e-07,-3.41771e-06,-0.220967,0,43.3721,1,1010,1010,1010,1010,0,0,0,0,43.3759,56,-0.00148485,0.00575875,56,0.00572512,-0.000354597,56,-0.00684548,0.00246354,56,-0.00557967,-0.00482855,56,-0.00712537,0.00778857,56,-0.00595185,0.000697964,56,-0.00684365,0.000434052,56,0.00339997,-0.00183593,52,-0.000949286,0.00227798
6051597508721,6051587765000,6051587765000,6051597503609,73729,9.73861,6051612105605,24.3406,1,38022,146184,0,0,1,0,0,0.019997,500,500,488,0.976,2.72582,5.11735,0.657616,0.30478,-0.0299377,0.0528107,-8.5432e-05,0.000145953,-0.00098897,-0.00977674,1,0.00729875,0.00427224,-0.00427224,0.00729875,1,1,-0.00429126,0.00731933,1.90236e-05,-2.05862e-05,0,0,0,0,0,0,0,0,0,0,0,0,0,0,0,0,0,0,0,0,0,0,0,255,0.22,1.62414,0.22,-0.00279665,0.00381869,1,1,1,1,1,1,1,-0.19655,-3.12797,0.117029,0.000186729,0.00543499,0.0182324,7.43876,36600,1,367,152.534,9150,0,0.000884653,0.00703213,0.0397158,0,0,0,1,488,0.225,-7.23724e-05,0.000123669,2.78256e-05,1.62838e-05,3.07189e-05,9.78481e-06,0.524153,0.0610976,0.00483654,0.0091365,-0.221109,0.000920887,-9.2638e-05,0.000668225,7.1477,2,0,0,0,0,0,-1,1,-9.04615e-07,-3.41771e-06,-0.221002,0,7.70572,1,1010,1010,1010,1010,0,0,0,0,7.71037,56,-0.00205664,0.009499,56,-0.011064,0.0145832,44,0.00252367,0.00359614,56,-0.00141941,0.00588595,56,-0.000293318,0.00438402,56,-0.000550131,0.00202327,56,-0.00745806,0.00710317,56,-0.0103874,0.00714675,52,-0.0012626,0.00589283
6051612708646,6051595789000,6051595789000,6051612696443,73729,16.9074,6051625734945,29.9459,0,38022,146185,0,0,1,0,0,0.008024,500,500,500,1,2.72587,4.7957,0.588819,0.306873,0.0236664,-0.0135498,6.18943e-05,-4.97631e-05,0.00924789,0.0137677,1,-0.00620179,-0.00771365,0.00771365,-0.00620179,1,1,0.00652521,-0.00620571,0.00118844,3.92827e-06,0,0,0,0,0,0,0,0,0,0,0,0,0,0,0,0,0,0,0,0,0,0,0,255,0.22,6.4094,0.22,0.00477688,-0.00373895,1,1,1,1,0,1,1,-0.19655,-3.12797,0.117029,0.000186729,0.00543499,0.0182324,21.0789,36600,1,367,166.175,9150,0,0.000884653,0.00703213,0.0397158,0,0,0,1,500,0.225,5.24129e-05,-4.22199e-05,-9.49948e-06,-1.17929e-05,-1.18552e-05,-9.42158e-06,0.524141,0.0610882,0.00484759,0.00913355,-0.22117,0.0015498,1.76772e-05,-0.00303853,13.378,1,0,0,0,0,0,-1,1,-9.04615e-07,-3.41771e-06,-0.221002,0,21.3654,1,1010,1010,1010,1010,0,0,0,0,21.37,56,-0.00988439,-0.0225294,56,0.0265998,-0.0133357,56,0.00129564,-0.00356126,56,0.00634863,-0.00388351,56,0.00019397,-0.00199537,56,0.00140564,-0.00202945,56,0.0171484,-0.00560887,56,0.013305,-0.00430014,52,-0.000409069,-0.00722281
6051626327301,6051615783000,6051615783000,6051626321227,73729,10.5382,6051641615283,25.8323,1,38023,146186,0,0,1,0,0,0.019994,500,500,491,0.982,2.73859,4.60687,0.597504,0.30541,0.0425415,-0.0190735,0.000102846,-4.67686e-05,0.00610265,-0.000908633,1,-0.00233913,-0.00514385,0.00514385,-0.00233913,1,1,0.00362843,-0.00223136,0.00151542,-0.000107766,0,0,0,0,0,0,0,0,0,0,0,0,0,0,0,0,0,0,0,0,0,0,0,255,0.22,-0.016241,0.22,0.00267715,-0.0018918,1,1,1,1,0,1,1,-0.19655,-3.12797,0.117029,0.000186729,0.00543499,0.0182324,36.9868,36600,1,367,182.082,9150,0,0.000884653,0.00703213,0.0397158,0,0,0,1,491,0.225,8.7177e-05,-3.96156e-05,-8.91351e-06,-1.96148e-05,-1.3001e-05,-1.71804e-05,0.524128,0.061071,0.00485074,0.00912578,-0.22124,0.0015132,-0.000484947,-0.00424494,15.62,1,0,0,0,0,0,-1,1,-9.04615e-07,-3.41771e-06,-0.221002,0,37.2533,1,1010,1010,1010,1010,0,0,0,0,37.2579,56,0.00605886,-0.0024816,56,0.00244681,-0.00282026,56,0.00415027,-0.00203445,56,0.00669001,-0.00267189,56,0.00858777,-0.0023943,56,0.00186647,-0.000880627,56,0.00209102,-0.00157793,56,0.00488932,-0.00378637,43,0.00470298,-0.000638818
6051642202584,6051627764000,6051627764000,6051642191769,73729,14.4278,6051657661456,29.8975,0,38023,146187,0,0,1,0,0,0.011981,500,500,500,1,2.69687,4.91068,0.66632,0.311595,0.00927734,-0.0223694,2.2608e-05,-7.54953e-05,0.00747336,0.0085648,1,-0.00630126,-0.00188699,0.00188699,-0.00630126,1,1,0.00146213,-0.0062211,0.000424858,-8.01556e-05,0,0,0,0,0,0,0,0,0,0,0,0,0,0,0,0,0,0,0,0,0,0,0,255,0.22,5.72595,0.22,-5.95513e-05,-0.00335189,1,1,1,1,0,1,1,-0.196577,-3.12801,0.117064,0.000812583,0.00636298,0.0184842,3.18384,36601,1,367,198.047,9150,0,0.000884653,0.00703213,0.0397158,0,0,0,1,500,0.225,1.91349e-05,-6.39611e-05,-1.43912e-05,-4.30535e-06,-1.49849e-05,-1.04162e-06,0.524113,0.06107,0.00482443,0.00912167,-0.221295,0.000273383,-0.0003607,-0.00131078,2.9465,3,0,0,0,0,0,-1,1,-9.04615e-07,-3.41771e-06,-0.221189,0,3.4563,1,1010,1010,1010,1010,0,0,0,0,3.46032,56,0.00032724,-0.012267,56,0.00377608,-0.020967,56,-0.00368651,-0.00523092,56,0.00848993,-0.00418818,56,0.00784327,0.00231551,56,0.00293106,-0.00160048,56,0.0101477,0.00122366,56,0.00280198,-0.000137037,52,-0.0042706,-0.00705164
6051658178423,6051647767000,6051647767000,6051658172774,73729,10.4058,6051671705929,23.9389,1,38024,146188,0,0,1,0,0,0.020003,500,500,500,1,2.73178,4.55157,0.65969,0.309132,-0.0134583,-0.0332031,-1.97135e-05,-5.99332e-05,-0.00132386,0.00373593,1,-0.00299621,0.000985528,-0.000985528,-0.00299621,1,1,-0.000265079,-0.00296694,-0.000720448,-2.92743e-05,0,0,0,0,0,0,0,0,0,0,0,0,0,0,0,0,0,0,0,0,0,0,0,255,0.22,1.42975,0.22,-0.0015067,-0.00199409,1,1,1,1,1,1,1,-0.196577,-3.12801,0.117064,0.000812583,0.00636298,0.0184842,17.2446,36601,1,367,11.954,9151,0,0.000884653,0.00716043,0.0386837,0,0,0,1,500,0.225,-1.67619e-05,-5.07925e-05,-1.14283e-05,3.77142e-06,-1.03212e-05,6.18762e-06,0.524103,0.0610762,0.00482045,0.00912484,-0.221286,-0.000321228,-0.000131734,0.00233663,11.6972,1,0,0,0,0,0,-1,1,-9.04615e-07,-3.41771e-06,-0.221189,0,17.5333,1,1010,1010,1010,1010,0,0,0,0,17.5374,56,-0.00167374,-0.00236032,56,0.00490357,0.000450754,56,-0.00129767,-0.00318202,56,-0.00614227,-0.00233825,56,-0.000401253,-0.00185709,56,-0.00474354,-0.00680723,56,0.00161114,-0.00535221,56,-0.000152401,-0.00208934,52,-0.00330509,-0.00525683
6051672328026,6051667770000,6051667770000,6051672321248,73729,4.55125,6052418355988,750.586,1,38025,146189,0,0,1,0,0,0.020003,500,500,496,0.992,2.66191,4.85087,0.654598,0.314799,-0.043396,0.0385437,-7.40885e-05,5.46857e-05,-0.00120829,0.00208214,1,0.00273388,0.00370387,-0.00370387,0.00273388,1,1,-0.00316095,0.00271199,-0.000542918,2.18898e-05,0,0,0,0,0,0,0,0,0,0,0,0,0,0,0,0,0,0,0,0,0,0,0,0,0.22,5.40293,0.22,-0.00307651,0.00324035,0,1,1,1,0,1,1,-0.196652,-3.12805,0.117309,0.000120609,0.00558262,0.0182851,0.048315,36604,1,367,758.56,9151,0,0.000884653,0.00716043,0.0386837,0,0,0,1,496,0.225,-6.28845e-05,4.6325e-05,1.04231e-05,1.4149e-05,1.32747e-05,1.1516e-05,0.524116,0.0610877,0.00481614,0.00912817,-0.221296,3.74289e-05,9.85041e-05,0.00198445,10.0965,1,0,0,0,0,0,-1,1,-9.04615e-07,-3.41771e-06,-0.223062,0,0.051463,1,1010,1010,1010,1010,0,0,0,0,0.053463,56,-0.00437028,0.00453404,56,-0.00531466,-0.00309518,52,-0.00751913,0.00299919,56,-0.000755787,0.00271282,56,-0.00292593,0.00424113,56,-0.0053543,0.00416228,56,-0.00535774,0.00345934,56,-0.000251686,0.003056,52,-0.00414091,0.00396457
6052419413385,6051743798000,6051743798000,6052419408088,73729,675.61,6052436256452,692.458,7,38032,146190,0,0,1,0,0,0.076028,500,500,488,0.976,2.66976,4.92759,0.820154,0.311984,0.0596619,-0.0456543,0.000163786,-0.000143566,0.00181715,0.00131233,1,-0.00188833,-0.00215429,0.00215429,-0.00188833,1,1,0.00192632,-0.0018831,0.000227971,-5.23357e-06,0,0,0,0,0,0,0,0,0,0,0,0,0,0,0,0,0,0,0,0,0,0,0,0,0.22,1.87485,0.22,0.000634168,-0.00117356,0,1,1,1,1,1,1,-0.195839,-3.12392,0.118781,0.00300027,0.0118536,0.0181814,17.136,36616,1,367,17.3076,9154,0,0.000884653,0.00744069,0.0378671,0,0,0,1,488,0.225,0.000138735,-0.000121648,-2.73707e-05,-3.12153e-05,-3.36015e-05,-2.4382e-05,0.524083,0.0610633,0.00517095,0.00913273,-0.223198,0.000665998,-2.35511e-05,-0.000287896,16.8972,74,0,0,0,0,0,-1,1,-9.04615e-07,-3.41771e-06,-0.223062,0,17.3944,1,1010,1010,1010,1010,0,0,0,0,17.3964,56,0.0014168,-0.00206407,56,0.00544985,-0.00472837,56,0.000485419,-0.000879922,56,0.0025628,-0.000103306,56,0.00308447,-0.000720974,56,0.000794926,-0.00163173,56,0.00188478,-0.00119723,56,0.0035537,-0.00185079,40,0.000593536,-0.00170754
6052436776104,6052427835000,6052427835000,6052436769937,73729,8.93494,6052438926897,11.0919,1,38033,146191,0,0,0,1,0,0.684037,0,0,0,0,0,0,0,0,0,0,0,0,0,0,1,0,0,0,0,0,0,0,0,0,0,0,0,0,0,0,0,0,0,0,0,0,0,0,0,0,0,0,0,0,0,0,0,0,0,0.22,8.82701,0.22,0,0,0,1,0,0,0,1,1,-0.195839,-3.12392,0.118781,0.00300027,0.0118536,0.0181814,19.8063,36616,1,367,19.9782,9154,0,0.000884653,0.00744069,0.0378671,0,0,0,0,0,0,0,0,0,0,0,0,0.524083,0.0610633,0.00517095,0.00913273,-0.223198,0.00153218,6.7114e-05,-2.52896e-05,19.7744,0,0,0,0,0,0,-1,1,-9.04615e-07,-3.41771e-06,-0.223062,0,19.869,1,1010,1010,1010,1010,0,0,0,0,19.871,0,0,0,0,0,0,0,0,0,0,0,0,0,0,0,0,0,0,0,0,0,0,0,0,0,0,0
6052447869740,6052439825000,6052439825000,6052447862166,73729,8.03717,6052460254090,20.4291,0,38033,146192,0,0,1,0,0,0.01199,500,500,480,0.96,2.69715,4.8354,0.609616,0.309169,-0.00376892,0.00901031,2.26164e-05,2.49836e-05,0.0024638,-0.0088666,1,0.0020837,-0.00188627,0.00188627,0.0020837,1,1,0.00196288,0.00209119,-7.66057e-05,-7.49082e-06,0,0,0,0,0,0,0,0,0,0,0,0,0,0,0,0,0,0,0,0,0,0,0,255,0.22,-0.089094,0.22,0.00085838,0.000382408,1,1,1,1,0,1,1,-0.195649,-3.12325,0.119349,0.00354851,0.0131145,0.0180692,4.05423,36617,1,367,41.3275,9154,0,0.000884653,0.00744069,0.0378671,0,0,0,1,480,0.225,1.91632e-05,2.1133e-05,4.75493e-06,-4.31172e-06,3.68175e-06,-5.25744e-06,0.524086,0.0610581,0.00516615,0.00912492,-0.223285,-0.000149739,-3.37087e-05,0.000155989,3.82458,4,0,0,0,0,0,-1,1,-9.04615e-07,-3.41771e-06,-0.223171,0,4.32309,1,1010,1010,1010,1010,0,0,0,0,4.32733,56,0.00300271,0.00210757,56,0.0169006,0.00284671,56,-0.00204687,-0.00128056,56,-0.00124245,0.000375582,56,0.00689921,0.00669303,56,-0.00217731,-0.00566445,36,0.00513321,0.00485967,56,-0.00358258,0.00446472,52,-0.00073054,0.00832908
6052460778687,6052447833000,6052447833000,6052460766686,73729,12.9337,6052473186777,25.3538,0,38033,146193,0,0,1,0,0,0.008008,500,500,500,1,2.73182,4.52459,0.595523,0.319188,-0.0167618,0.0125656,-2.44966e-05,2.10471e-05,0.00463677,7.56899e-05,1,0.00262825,0.00305901,-0.00305901,0.00262825,1,1,-0.00343672,0.0027313,0.000377708,-0.000103049,0,0,0,0,0,0,0,0,0,0,0,0,0,0,0,0,0,0,0,0,0,0,0,255,0.22,2.64439,0.22,-0.00286338,0.00155925,1,1,1,1,0,1,1,-0.195649,-3.12325,0.119349,0.00354851,0.0131145,0.0180692,16.9913,36617,1,367,12.9047,9155,0,0.000884653,0.00744069,0.0372461,0,0,0,1,500,0.225,-2.0796e-05,1.78481e-05,4.01583e-06,4.6791e-06,4.95229e-06,3.67363e-06,0.524091,0.0610617,0.00516615,0.00912492,-0.223285,0.000319323,-0.000463721,-0.00110429,16.7486,0,0,0,0,0,0,-1,1,-9.04615e-07,-3.41771e-06,-0.223171,0,17.267,1,1010,1010,1010,1010,0,0,0,0,17.2712,56,-0.00287885,0.002819,56,-0.021611,0.0055809,56,0.000346579,0.00497869,56,0.000483629,0.00893836,56,-0.00958525,-0.00245159,56,-0.00442708,0.0050199,56,-0.00813838,-0.0027087,56,-0.0034648,-0.00150313,52,0.0013292,0.000422692
6052473705318,6052459812000,6052459812000,6052473695022,73729,13.883,6052486761691,26.9497,0,38033,146194,0,0,1,0,0,0.011979,500,500,495,0.99,2.70548,4.994,0.660801,0.312243,-0.00204468,-0.00912476,8.81306e-06,-1.7615e-06,0.00232438,-0.00777736,1,-0.000147049,-0.000735709,0.000735709,-0.000147049,1,1,4.6446e-05,-9.2097e-05,0.000689263,-5.49518e-05,0,0,0,0,0,0,0,0,0,0,0,0,0,0,0,0,0,0,0,0,0,0,0,255,0.22,4.7169,0.22,0.000188337,-0.000697052,1,1,1,1,1,1,1,-0.195649,-3.12325,0.119349,0.00354851,0.0131145,0.0180692,30.5693,36617,1,367,26.4826,9155,0,0.000884653,0.00744069,0.0372461,0,0,0,1,495,0.225,7.48333e-06,-1.4577e-06,-3.27983e-07,-1.68375e-06,-6.92859e-07,-1.56924e-06,0.524091,0.0610602,0.0051737,0.00913099,-0.223361,0.000363537,-0.000247283,-0.00219052,13.295,2,0,0,0,0,0,-1,1,-9.04615e-07,-3.41771e-06,-0.223171,0,30.8494,1,1010,1010,1010,1010,0,0,0,0,30.8537,56,0.00361744,-0.00275747,56,-0.0032518,-0.00418502,51,-0.000245982,-0.000241365,56,0.00269009,-0.00779119,56,0.000528927,0.000198835,56,0.00111717,-0.000463432,56,0.00234085,0.00490578,56,0.00033837,0.00102659,52,-0.00685013,0.000576663
6052487348029,6052467831000,6052467831000,6052487336714,73729,19.5057,6052501450650,33.6197,0,38033,146195,0,0,1,0,0,0.008019,500,500,500,1,2.70165,5.8203,0.606153,0.319928,-0.00144196,-0.00621033,-8.64773e-06,-1.39538e-05,0.00552456,0.00281493,1,-0.00174009,0.0010784,-0.0010784,-0.00174009,1,1,-0.00179114,-0.0017243,0.000712733,-1.57918e-05,0,0,0,0,0,0,0,0,0,0,0,0,0,0,0,0,0,0,0,0,0,0,0,255,0.22,8.5366,0.22,-0.000763983,-0.000258751,1,1,1,1,0,1,1,-0.195649,-3.12325,0.119349,0.00354851,0.0131145,0.0180692,45.2557,36617,1,367,41.1692,9155,0,0.000884653,0.00744069,0.0372461,0,0,0,1,500,0.225,-7.32195e-06,-1.18045e-05,-2.65601e-06,1.64744e-06,-2.22486e-06,2.19486e-06,0.524088,0.0610624,0.00518938,0.0091158,-0.223396,0.00157457,-7.10632e-05,-0.00130618,14.431,1,0,0,0,0,0,-1,1,-9.04615e-07,-3.41771e-06,-0.223171,0,45.5283,1,1010,1010,1010,1010,0,0,0,0,0.222631,56,0.011162,0.00272556,56,-0.0147519,-0.00777903,56,0.000925103,-0.00351985,56,-0.00400955,0.00559097,56,0.00390285,-0.000682151,56,-0.000510764,-0.00414808,56,-0.00639558,-0.00140441,56,-0.00472738,-0.00312442,52,0.00705486,-0.000374543
6052501979098,6052487832000,6052487832000,6052501970172,73729,14.1382,6052516926615,29.0946,1,38034,146196,0,0,1,0,0,0.020001,500,500,500,1,2.73302,4.82168,0.608838,0.316762,0.0252533,-0.0122375,3.35738e-05,9.40376e-06,-0.00237266,-0.00411043,1,0.000470164,-0.00167861,0.00167861,0.000470164,1,1,0.00163512,0.000440857,4.34863e-05,2.93069e-05,0,0,0,0,0,0,0,0,0,0,0,0,0,0,0,0,0,0,0,0,0,0,0,255,0.22,3.26354,0.22,0.00145684,-0.000596865,1,1,1,1,0,1,1,-0.195586,-3.12293,0.119992,0.00337297,0.0131788,0.0186578,5.13985,36618,1,367,56.64,9155,0,0.000884653,0.00744069,0.0372461,0,0,0,1,500,0.225,2.85317e-05,7.91557e-06,1.781e-06,-6.41964e-06,3.13881e-07,-6.65453e-06,0.524089,0.0610557,0.00513257,0.00913587,-0.223441,0.00105359,0.000131881,0.000686323,4.86539,3,0,0,0,0,0,-1,1,-9.04615e-07,-3.41771e-06,-0.223319,0,5.41026,1,1010,1010,1010,1010,0,0,0,0,15.692,56,-0.00123786,-0.00238841,56,-7.47299e-05,0.0104854,56,0.00465446,0.000951563,56,0.00491387,-0.00595299,56,-0.00314942,-0.00111168,56,0.00518897,-0.00190821,56,0.00403952,0.000239111,56,-0.00193883,-0.00181934,52,0.00279501,0.00132605
6052517445044,6052507825000,6052507825000,6052517438544,73729,9.61354,6052531853242,24.0282,1,38035,146197,0,0,1,0,0,0.019993,500,500,461,0.922,2.72463,4.73885,0.608208,0.291132,0.00476074,0.00411987,4.61094e-05,-3.49904e-06,0.00509147,0.00133493,1,-0.000175013,-0.00230628,0.00230628,-0.000175013,1,1,0.00275368,-0.000286497,-0.0004474,0.000111484,0,0,0,0,0,0,0,0,0,0,0,0,0,0,0,0,0,0,0,0,0,0,0,255,0.22,8.41513,0.22,-0.000907545,0.000475289,1,1,1,1,0,1,1,-0.195586,-3.12293,0.119992,0.00337297,0.0131788,0.0186578,20.1893,36618,1,367,71.6896,9155,0,0.000884653,0.00744069,0.0372461,0,0,0,1,461,0.225,3.90085e-05,-2.95422e-06,-6.64699e-07,-8.77691e-06,-2.59336e-06,-8.41124e-06,0.524086,0.0610473,0.00513257,0.00913587,-0.223441,-5.35997e-05,0.000501677,0.00156776,19.8018,0,0,0,0,0,0,-1,1,-9.04615e-07,-3.41771e-06,-0.223319,0,20.4669,1,1010,1010,1010,1010,0,0,0,0,30.7486,55,0.000548137,0.00351528,56,0.0089179,-0.00528181,56,-0.00146988,-0.000855217,56,-0.0031249,0.003172,56,0.00245226,0.00110108,55,-0.00294439,0.00191752,56,-0.000474642,-0.00160904,56,0.00498188,-0.00139359,15,-0.00536576,-0.002733
6052532495006,6052519803000,6052519803000,6052532484358,73729,12.6814,6052546389885,26.5869,0,38035,146198,0,0,1,0,0,0.011978,500,500,500,1,2.69167,4.46153,0.61456,0.320521,-0.00354004,0.00151825,-1.26344e-05,-3.1158e-06,-0.00520782,-0.00246998,1,-0.000260127,0.0010548,-0.0010548,-0.000260127,1,1,-0.000853774,-0.000294742,-0.000201023,3.46147e-05,0,0,0,0,0,0,0,0,0,0,0,0,0,0,0,0,0,0,0,0,0,0,0,255,0.22,3.37219,0.22,-0.00128441,-0.0006547,1,1,1,1,1,1,1,-0.195586,-3.12293,0.119992,0.00337297,0.0131788,0.0186578,34.6074,36618,1,367,86.1077,9155,0,0.000884653,0.00744069,0.0372461,0,0,0,1,500,0.225,-1.06755e-05,-2.61144e-06,-5.87574e-07,2.40198e-06,-4.04727e-08,2.47241e-06,0.524086,0.0610498,0.00508871,0.00914352,-0.223491,-5.39793e-05,0.000155766,0.0006805,14.1398,2,0,0,0,0,0,-1,1,-9.04615e-07,-3.41771e-06,-0.223319,0,34.883,1,1010,1010,1010,1010,0,0,0,0,45.1647,56,0.000696371,-0.00289021,56,-0.0039904,0.000895571,56,0.000664348,-0.0015634,56,-0.00249382,0.00103132,56,-0.00240156,-0.00250286,56,-0.00254179,-0.00177544,56,-0.000979384,0.0022086,56,0.00150914,0.00784418,52,0.00184608,0.00140428
6052546984686,6052539810000,6052539810000,6052546975278,73729,7.16528,6052560622730,20.8127,1,38036,146199,0,0,1,0,0,0.020007,500,500,499,0.998,2.702,5.06682,0.69545,0.313706,-0.00976562,0.0168915,-3.09594e-05,5.99992e-06,0.0005504,0.00774143,1,0.000299891,0.00154743,-0.00154743,0.000299891,1,1,-0.00192723,0.000463913,0.000379808,-0.000164022,0,0,0,0,0,0,0,0,0,0,0,0,0,0,0,0,0,0,0,0,0,0,0,255,0.22,7.6597,0.22,-0.00103887,0.000840671,1,1,1,1,0,1,1,-0.19565,-3.12304,0.120412,0.00315314,0.012452,0.0189301,3.95455,36619,1,367,100.339,9155,0,0.000884653,0.00744069,0.0372461,0,0,0,1,499,0.225,-2.62568e-05,5.08889e-06,1.145e-06,5.90778e-06,2.42648e-06,5.50679e-06,0.524088,0.0610553,0.00504243,0.0091351,-0.223561,0.000270044,-0.0007381,-0.00115127,3.72258,2,0,0,0,0,0,-1,1,-9.04615e-07,-3.41771e-06,-0.22345,0,4.21827,1,1010,1010,1010,1010,0,0,0,0,4.22268,56,0.00148735,-0.00328983,56,-0.00461294,-0.00356559,55,-0.0053639,0.00287645,56,0.00263107,0.00379684,56,-0.00355178,0.00195702,56,-5.38228e-05,0.000671112,56,0.000421942,0.0015091,56,0.00106625,-0.00237433,52,-0.00082707,0.00183512
6052561122030,6052547830000,6052547830000,6052561112141,73729,13.2821,6052573566750,25.7367,0,38036,146200,0,0,1,0,0,0.00802,500,500,500,1,2.71491,4.53192,0.664912,0.320613,0.0192413,-0.00421143,3.52749e-05,3.55066e-06,-0.00183318,0.00139784,1,0.000442726,-0.00439837,0.00439837,0.000442726,1,1,0.00391071,0.000643032,0.000487658,-0.000200307,0,0,0,0,0,0,0,0,0,0,0,0,0,0,0,0,0,0,0,0,0,0,0,255,0.22,1.55583,0.22,0.00314056,0.000189736,1,1,1,1,0,1,1,-0.19565,-3.12304,0.120412,0.00315314,0.012452,0.0189301,16.9012,36619,1,367,113.285,9155,0,0.000884653,0.00744069,0.0372461,0,0,0,1,500,0.225,2.98643e-05,2.97887e-06,6.70245e-07,-6.71946e-06,-8.36474e-07,-6.70068e-06,0.524088,0.0610486,0.00504243,0.0091351,-0.223561,0.000374394,-0.00090138,-0.00145605,16.6657,0,0,0,0,0,0,-1,1,-9.04615e-07,-3.41771e-06,-0.22345,0,17.1775,1,1010,1010,1010,1010,0,0,0,0,17.1819,56,-0.00907862,0.00272326,56,0.0166815,0.0127366,56,0.00477351,-0.00323142,56,0.0103474,-0.00336003,56,0.014672,-0.00323834,56,0.00260281,-0.00172556,56,-0.00597572,0.000487662,56,-0.00341704,-0.00156988,52,0.00144606,-0.0055972
6052574158940,6052555878000,6052555878000,6052574146069,73729,18.2681,6052588411359,32.5334,0,38036,146201,0,0,1,0,0,0.008048,500,500,500,1,2.69969,4.83059,0.687801,0.316965,0.0083313,0.00222778,2.65748e-05,-2.63544e-06,0.0150984,0.00119684,1,-0.000327465,-0.00330204,0.00330204,-0.000327465,1,1,0.00268471,-0.000300018,0.000617334,-2.74473e-05,0,0,0,0,0,0,0,0,0,0,0,0,0,0,0,0,0,0,0,0,0,0,0,255,0.22,4.45259,0.22,0.00046974,0.000576681,1,1,1,1,0,1,1,-0.19565,-3.12304,0.120412,0.00315314,0.012452,0.0189301,31.7541,36619,1,367,128.138,9155,0,0.000884653,0.00744069,0.0372461,0,0,0,1,500,0.225,2.25231e-05,-2.2257e-06,-5.00782e-07,-5.06769e-06,-1.61229e-06,-4.83036e-06,0.524086,0.0610437,0.0050157,0.00914582,-0.223614,0.00114123,-0.000123513,-0.00130942,14.5692,2,0,0,0,0,0,-1,1,-9.04615e-07,-3.41771e-06,-0.22345,0,32.0251,1,1010,1010,1010,1010,0,0,0,0,32.0295,56,0.00657116,0.00434852,56,-0.000819393,0.00390055,56,0.00191645,-0.00315436,56,-0.00460601,-0.00301267,56,-0.0109696,0.00186974,56,-0.00544679,-0.00189299,56,0.0024887,0.00154045,56,0.0108182,-0.000134569,52,0.010834,0.00183495
6052588936325,6052575833000,6052575833000,6052588931251,73729,13.0983,6052604505087,28.6721,1,38037,146202,0,0,1,0,0,0.019955,500,500,500,1,2.74443,4.56948,0.59556,0.321187,0.0295258,-0.000984192,3.04447e-05,1.42705e-05,-0.00426461,0.00129469,1,0.000715132,-0.00152567,0.00152567,0.000715132,1,1,0.00153623,0.000750809,-1.05638e-05,-3.56765e-05,0,0,0,0,0,0,0,0,0,0,0,0,0,0,0,0,0,0,0,0,0,0,0,255,0.22,8.1106,0.22,0.0014143,0.00115802,1,1,1,1,1,1,1,-0.195784,-3.12341,0.120657,0.00317207,0.0120149,0.0186975,0.232372,36620,1,367,144.212,9155,0,0.000884653,0.00744069,0.0372461,0,0,0,1,500,0.225,2.58684e-05,1.20754e-05,2.71696e-06,-5.82039e-06,1.35806e-06,-6.27787e-06,0.524087,0.0610375,0.00497478,0.00914771,-0.223646,0.00106989,-0.000160544,0.000893944,0.042222,2,0,0,0,0,0,-1,1,-9.04615e-07,-3.41771e-06,-0.223552,0,0.51067,1,1010,1010,1010,1010,0,0,0,0,0.5158,56,-0.00398113,0.00108074,56,0.000307326,0.00476149,56,0.0034911,0.000133398,56,-0.000408025,0.000746865,56,0.0018852,-0.00193294,56,0.0055803,0.000715825,56,0.000684284,0.00183839,56,0.00201606,-0.00024793,52,0.00150122,-0.000991423
6052605064017,6052595863000,6052595863000,6052605059202,73729,9.1962,6052617933352,22.0704,1,38038,146203,0,0,1,0,0,0.02003,500,500,500,1,2.72937,4.66624,0.66832,0.318114,-0.0292816,-0.00888062,-6.10119e-05,4.70482e-06,-0.00325729,-0.00212939,1,0.000234888,0.00304603,-0.00304603,0.000234888,1,1,-0.00287023,0.000278157,-0.000175795,-4.32681e-05,0,0,0,0,0,0,0,0,0,0,0,0,0,0,0,0,0,0,0,0,0,0,0,255,0.22,4.9288,0.22,-0.00365236,-0.000392389,1,1,1,2,0,1,1,-0.195784,-3.12341,0.120657,0.00317207,0.0120149,0.0186975,13.6791,36620,1,367,157.659,9155,0,0.000884653,0.00744069,0.0372461,0,0,0,1,500,0.225,-5.17047e-05,3.98368e-06,8.96329e-07,1.16336e-05,3.45461e-06,1.11448e-05,0.524091,0.0610486,0.00497478,0.00914771,-0.223646,0.000967216,-0.000194706,0.00140663,13.4815,0,0,0,0,0,0,-1,1,-9.04615e-07,-3.41771e-06,-0.223552,0,13.9404,1,1010,1010,1010,1010,0,0,0,0,13.9455,56,-8.53864e-05,-0.000667215,56,-0.00492717,0.00102971,56,-0.00267686,0.00127391,56,-0.0079095,-0.00122544,56,-0.00527339,-0.00111874,56,-0.000287859,0.000109248,56,-0.00129268,-0.00497216,56,-0.00748401,-0.00155325,52,-0.00122342,0.00167883
6052618447781,6052607821000,6052607821000,6052618437207,73729,10.6162,6052632295364,24.4744,0,38038,146204,0,0,1,0,0,0.011958,500,500,500,1,2.74026,4.68518,0.614875,0.316318,0.0170441,-0.0146179,4.82897e-05,-3.85081e-05,0.00511485,0.000269631,1,-0.00322028,-0.00403827,0.00403827,-0.00322028,1,1,0.00430584,-0.00317544,-0.000267568,-4.48438e-05,0,0,0,0,0,0,0,0,0,0,0,0,0,0,0,0,0,0,0,0,0,0,0,255,0.22,2.40654,0.22,0.00163032,-0.00179312,1,1,1,1,0,1,1,-0.195784,-3.12341,0.120657,0.00317207,0.0120149,0.0186975,28.0333,36620,1,367,172.013,9155,0,0.000884653,0.00744069,0.0372461,0,0,0,1,500,0.225,4.08727e-05,-3.26333e-05,-7.3425e-06,-9.19637e-06,-9.19965e-06,-7.33836e-06,0.524082,0.0610413,0.00491353,0.00915398,-0.223687,0.000287122,-0.000201797,0.00119294,14.0627,2,0,0,0,0,0,-1,1,-9.04615e-07,-3.41771e-06,-0.223552,0,28.3107,1,1010,1010,1010,1010,0,0,0,0,28.3158,56,0.0052227,-0.00895807,56,0.0238273,-0.00818153,56,-0.00270068,-0.00352208,56,0.000728354,-0.00120801,56,0.00860844,-0.00544345,56,-0.00243458,0.00059942,56,0.00824378,0.00233827,56,0.00577617,-0.000863926,52,-9.27504e-05,-0.00468175
6052632819923,6052615846000,6052615846000,6052632809257,73729,16.9633,6052645768333,29.9223,0,38038,146205,0,0,1,0,0,0.008025,500,500,500,1,2.70291,4.58218,0.713468,0.319094,-0.0405197,0.02108,-8.03171e-05,4.29006e-05,0.00168592,0.00391586,1,0.00534586,0.0100084,-0.0100084,0.00534586,1,1,-0.0103743,0.00531107,0.000365934,3.47893e-05,0,0,0,0,0,0,0,0,0,0,0,0,0,0,0,0,0,0,0,0,0,0,0,255,0.22,2.268,0.22,-0.00878591,0.00469042,1,1,1,1,0,1,1,-0.195784,-3.12341,0.120657,0.00317207,0.0120149,0.0186975,41.5101,36620,1,367,185.49,9155,0,0.000884653,0.00744069,0.0372461,0,0,0,1,500,0.225,-6.81111e-05,3.63523e-05,8.17928e-06,1.5325e-05,1.13764e-05,1.31276e-05,0.524093,0.0610544,0.00486603,0.00915981,-0.223775,3.6946e-05,0.000156552,-0.00128781,13.1932,2,0,0,0,0,0,-1,1,-9.04615e-07,-3.41771e-06,-0.223552,0,41.7806,1,1010,1010,1010,1010,0,0,0,0,41.7857,56,-0.0181395,0.0232257,56,-0.0101175,-0.000960829,56,0.00229029,0.0036537,56,-0.00693079,0.00275675,56,-0.000248789,0.00455091,56,-0.0107806,0.00274679,56,-0.0137056,0.000546205,56,-0.0112092,0.00284807,52,-0.013589,0.00974112
6052646294022,6052635841000,6052635841000,6052646288485,73729,10.4475,6052660610015,24.769,1,38039,146206,0,0,1,0,0,0.019995,500,500,500,1,2.73689,5.03743,0.601745,0.319336,0.0168457,-0.020195,4.04354e-05,-6.05623e-05,0.00201444,0.00571906,1,-0.00302887,-0.00202227,0.00202227,-0.00302887,1,1,0.00133008,-0.00302239,0.000692189,-6.48834e-06,0,0,0,0,0,0,0,0,0,0,0,0,0,0,0,0,0,0,0,0,0,0,0,255,0.22,5.38184,0.22,0.00137732,-0.00157248,1,1,1,1,1,1,1,-0.195951,-3.1239,0.120743,0.00264286,0.0103482,0.0186944,3.94897,36621,1,367,200.325,9155,0,0.000884653,0.00744069,0.0372461,0,0,0,1,500,0.225,3.42198e-05,-5.13088e-05,-1.15445e-05,-7.69945e-06,-1.29654e-05,-4.94465e-06,0.52408,0.0610495,0.00484419,0.00916751,-0.223845,0.000429383,-2.91975e-05,-0.00214837,3.71542,2,0,0,0,0,0,-1,1,-9.04615e-07,-3.41771e-06,-0.223738,0,4.22079,1,1010,1010,1010,1010,0,0,0,0,4.22496,56,0.00720903,-0.00807293,56,0.00784245,-0.00766723,56,-0.00367695,-0.00450062,56,0.00268997,0.000874508,56,0.00018105,0.000539025,56,-0.0028166,-0.0011973,56,-0.00114687,0.000532541,56,0.00774151,-0.000740128,52,0.00230436,-0.0024365
6052661178204,6052647838000,6052647838000,6052661165408,73729,13.3274,6052675666366,27.8284,0,38039,146207,0,0,1,0,0,0.011997,500,500,485,0.97,2.72561,4.54596,0.680246,0.308743,0.013916,-0.0118713,3.52326e-05,-1.44874e-05,0.00799166,0.000515238,1,-0.00120759,-0.00293678,0.00293678,-0.00120759,1,1,0.00228319,-0.00121648,0.000653589,8.89504e-06,0,0,0,0,0,0,0,0,0,0,0,0,0,0,0,0,0,0,0,0,0,0,0,255,0.22,0.186538,0.22,0.00197636,-0.00130737,1,1,1,1,0,1,1,-0.195951,-3.1239,0.120743,0.00264286,0.0103482,0.0186944,19.0114,36621,1,367,15.0419,9156,0,0.000884653,0.00884117,0.0369255,0,0,0,1,485,0.225,2.98863e-05,-1.22734e-05,-2.76151e-06,-6.72441e-06,-4.18546e-06,-5.94353e-06,0.524076,0.0610435,0.00484419,0.00916751,-0.223845,0.000858983,4.00277e-05,-0.00166573,18.7737,0,0,0,0,0,0,-1,1,-9.04615e-07,-3.41771e-06,-0.223738,0,19.2782,1,1010,1010,1010,1010,0,0,0,0,19.2823,56,0.00565767,-0.00283279,56,-0.00876924,0.00581804,56,0.00418918,-0.000856613,56,-0.0023827,-0.00302768,56,0.00792823,-0.000733514,56,0.00627911,-0.00583961,41,0.00739437,-0.00564984,56,-0.00101376,-0.00336943,52,0.00662062,-0.00217053
6052676201833,6052667824000,6052667824000,6052676196295,73729,8.37229,6052690059804,22.2358,1,38040,146208,0,0,1,0,0,0.019986,500,500,500,1,2.65656,4.76929,0.666227,0.321058,0.00990295,0.000244141,-5.57415e-06,-1.37652e-06,-0.00815352,0.00193321,1,-6.88741e-05,0.000278903,-0.000278903,-6.88741e-05,1,1,-0.000465705,4.59726e-05,0.000186802,-0.000114847,0,0,0,0,0,0,0,0,0,0,0,0,0,0,0,0,0,0,0,0,0,0,0,255,0.22,5.0717,0.22,2.16514e-05,0.000166788,1,1,1,1,0,1,1,-0.195951,-3.1239,0.120743,0.00264286,0.0103482,0.0186944,33.4236,36621,1,367,29.4539,9156,0,0.000884653,0.00884117,0.0369255,0,0,0,1,500,0.225,-4.70775e-06,-1.2235e-06,-2.75288e-07,1.05924e-06,-3.32173e-08,1.0939e-06,0.524076,0.0610446,0.00482547,0.00915609,-0.223861,0.00128437,-0.00051681,0.000355008,14.0949,2,0,0,0,0,0,-1,1,-9.04615e-07,-3.41771e-06,-0.223738,0,33.7025,1,1010,1010,1010,1010,0,0,0,0,33.7067,56,-0.0069717,-0.00224117,56,-0.00164253,-0.00434344,56,0.00175702,0.00259698,56,0.00117115,0.00168763,56,-0.00208837,-0.000664211,56,-0.00232246,0.002212,56,0.00459101,-0.000708818,56,-0.000253401,7.29878e-05,52,-0.000414635,-0.00021831
6052690611752,6052675840000,6052675840000,6052690601549,73729,14.7615,6052703053473,27.2135,0,38040,146209,0,0,1,0,0,0.008016,500,500,499,0.998,2.73063,4.46716,0.687227,0.31428,0.0154724,-0.0134277,3.99304e-05,-1.0469e-05,0.00518416,-0.00271872,1,-0.00130601,-0.00498134,0.00498134,-0.00130601,1,1,0.0051557,-0.00116314,-0.000174358,-0.000142875,0,0,0,0,0,0,0,0,0,0,0,0,0,0,0,0,0,0,0,0,0,0,0,255,0.22,-0.801062,0.22,0.00243508,-0.00149694,1,1,1,1,0,1,1,-0.195951,-3.1239,0.120743,0.00264286,0.0103482,0.0186944,46.3982,36621,1,367,42.4286,9156,0,0.000884653,0.00884117,0.0369255,0,0,0,1,499,0.225,3.38785e-05,-8.85147e-06,-1.99158e-06,-7.62266e-06,-3.63438e-06,-6.99016e-06,0.524072,0.0610376,0.00482448,0.00915866,-0.223871,0.00138207,-0.000642937,0.00173334,12.7165,1,0,0,0,0,0,-1,1,-9.04615e-07,-3.41771e-06,-0.223738,0,46.672,1,1010,1010,1010,1010,0,0,0,0,0.229576,56,0.000521362,-0.000233572,55,0.0221253,0.00220979,56,0.00669068,-0.00283161,56,-0.00147574,-0.00765214,56,0.00371811,-0.00389447,56,0.00750612,-0.000980593,56,0.00394427,0.00199414,56,-0.00283212,-0.0128737,52,0.00356125,-0.00304296
6052703579514,6052687822000,6052687822000,6052703567366,73729,15.7454,6052717240021,29.418,0,38040,146210,0,0,1,0,0,0.011982,500,500,488,0.976,2.68719,4.70857,0.717764,0.312965,-0.021637,0.0296936,-4.32621e-05,7.26199e-05,-0.0086812,-0.00696298,1,0.00606075,0.00361059,-0.00361059,0.00606075,1,1,-0.00326856,0.00601128,-0.000342034,4.94697e-05,0,0,0,0,0,0,0,0,0,0,0,0,0,0,0,0,0,0,0,0,0,0,0,255,0.22,2.01055,0.22,-0.00323846,0.00445452,1,1,1,1,1,1,1,-0.196139,-3.12445,0.120989,0.00276198,0.00989249,0.018791,12.7385,36622,1,367,56.6164,9156,0,0.000884653,0.00884117,0.0369255,0,0,0,1,488,0.225,-3.66292e-05,6.15103e-05,1.38398e-05,8.24158e-06,1.5324e-05,4.96316e-06,0.524087,0.0610426,0.00481042,0.00916792,-0.223884,0.000962052,0.000222614,0.00200096,13.9419,1,0,0,0,0,0,-1,1,-9.04615e-07,-3.41771e-06,-0.223806,0,0.26539,1,1010,1010,1010,1010,0,0,0,0,14.4224,56,-0.00661125,0.00795615,56,-0.0104224,0.00801542,44,-0.00199232,0.00384657,56,-0.00334981,0.00543823,56,-0.0095915,0.005022,56,-0.00356718,0.00391224,56,-0.00775826,0.00364872,56,-0.00478373,0.00731657,52,-0.000295012,0.00716618
6052717827284,6052707817000,6052707817000,6052717821581,73729,10.0046,6052732910580,25.0936,1,38041,146211,0,0,1,0,0,0.019995,500,500,500,1,2.72248,4.83611,0.660024,0.314095,-0.0307007,-0.00894165,-1.66769e-05,-4.4815e-05,0.00736378,0.00744498,1,-0.00224131,0.000834054,-0.000834054,-0.00224131,1,1,-0.00079121,-0.00230542,-4.28436e-05,6.41071e-05,0,0,0,0,0,0,0,0,0,0,0,0,0,0,0,0,0,0,0,0,0,0,0,255,0.22,5.92508,0.22,-0.00292114,-0.000589261,1,1,1,1,0,1,1,-0.196139,-3.12445,0.120989,0.00276198,0.00989249,0.018791,28.4046,36622,1,367,72.2829,9156,0,0.000884653,0.00884117,0.0369255,0,0,0,1,500,0.225,-1.4269e-05,-3.79637e-05,-8.54183e-06,3.21053e-06,-7.61503e-06,5.02721e-06,0.52408,0.0610476,0.00477938,0.00917585,-0.223951,-0.000136146,0.000288482,4.53199e-05,15.3829,2,0,0,0,0,0,-1,1,-9.04615e-07,-3.41771e-06,-0.223806,0,15.9207,1,1010,1010,1010,1010,0,0,0,0,30.0777,56,-0.00778962,-0.00475979,56,0.00890144,-0.0135969,56,-0.0059103,0.000286913,56,-0.00241003,0.0018703,56,0.00176957,0.00252959,56,-0.00487534,-0.0025095,56,0.000689282,-0.00060769,56,-0.00102206,-0.00267987,52,-0.00435961,-0.00211501
6052733428602,6052727822000,6052727822000,6052733422917,73729,5.60092,6052746863959,19.042,1,38042,146212,0,0,1,0,0,0.020005,500,500,499,0.998,2.70037,4.67457,0.616171,0.31304,0.023468,-0.0125275,6.67809e-05,-3.33093e-05,0.00280411,6.44735e-05,1,-0.00166505,-0.00333821,0.00333821,-0.00166505,1,1,0.00265424,-0.00170233,0.000683967,3.72859e-05,0,0,0,0,0,0,0,0,0,0,0,0,0,0,0,0,0,0,0,0,0,0,0,255,0.22,1.44366,0.22,0.00225855,-0.0015726,1,1,1,1,0,1,1,-0.196139,-3.12445,0.120989,0.00276198,0.00989249,0.018791,42.3617,36622,1,367,86.2397,9156,0,0.000884653,0.00884117,0.0369255,0,0,0,1,499,0.225,5.65826e-05,-2.81949e-05,-6.34385e-06,-1.27311e-05,-9.01392e-06,-1.10034e-05,0.524071,0.0610366,0.00477989,0.00917262,-0.22403,0.000858777,0.000167786,-0.00177526,13.6718,2,0,0,0,0,0,-1,1,-9.04615e-07,-3.41771e-06,-0.223806,0,29.8882,1,1010,1010,1010,1010,0,0,0,0,44.0452,56,0.00666761,0.000197096,56,0.0083842,-0.00190343,55,-0.000372733,-0.00125502,56,0.00240063,-0.00073405,56,0.00544499,-0.000990077,56,0.000888137,-0.00152349,56,0.00116546,-0.00155662,56,0.00339137,0.000790325,52,0.0036094,-0.00445948
6052747384222,6052735835000,6052735835000,6052747372981,73729,11.538,6052760483114,24.6481,0,38042,146213,0,0,1,0,0,0.008013,500,500,500,1,2.66056,5.06159,0.596616,0.316299,-0.00395203,-0.00146484,8.54862e-06,-9.56588e-06,0.00941718,0.00316094,1,-0.0011938,-0.00106684,0.00106684,-0.0011938,1,1,0.000503997,-0.00110683,0.000562847,-8.69667e-05,0,0,0,0,0,0,0,0,0,0,0,0,0,0,0,0,0,0,0,0,0,0,0,255,0.22,5.23426,0.22,-0.000860987,-0.00117317,1,1,1,1,0,1,1,-0.196139,-3.12445,0.120989,0.00276198,0.00989249,0.018791,55.9788,36622,1,367,99.8567,9156,0,0.000884653,0.00884117,0.0369255,0,0,0,1,500,0.225,7.20156e-06,-8.11304e-06,-1.82543e-06,-1.62035e-06,-2.13983e-06,-1.17423e-06,0.524069,0.0610354,0.0047714,0.00917711,-0.224064,0.000510933,-0.00039135,-0.0016175,13.3676,1,0,0,0,0,0,-1,1,-9.04615e-07,-3.41771e-06,-0.223975,0,0.256853,1,1010,1010,1010,1010,0,0,0,0,0.260816,56,-0.00626396,-0.00336404,56,0.00767945,-0.0173251,56,-0.00363581,-0.0042277,56,0.00067512,0.00630445,56,-0.0035054,0.0011988,56,0.00725641,-0.00186097,56,0.00268287,-0.00314727,56,0.0112285,-0.00121436,52,-0.00646021,0.00518147
6052761002099,6052747823000,6052747823000,6052760992396,73729,13.1694,6052775973764,28.1508,0,38042,146214,0,0,1,0,0,0.011988,500,500,473,0.946,2.72687,4.47335,0.66006,0.298243,0.0241089,-0.0118713,7.58494e-05,-1.83181e-05,0.00640302,-0.00450803,1,-0.00152804,-0.00632711,0.00632711,-0.00152804,1,1,0.00609793,-0.00148239,0.000229177,-4.56483e-05,0,0,0,0,0,0,0,0,0,0,0,0,0,0,0,0,0,0,0,0,0,0,0,255,0.22,8.50917,0.22,0.00292649,-0.00166037,1,1,1,1,1,1,1,-0.196333,-3.12503,0.120936,0.00223163,0.00869347,0.0186998,15.4703,36623,1,367,115.344,9156,0,0.000884653,0.00884117,0.0369255,0,0,0,1,473,0.225,6.42826e-05,-1.55329e-05,-3.49489e-06,-1.44636e-05,-6.6219e-06,-1.33251e-05,0.524062,0.0610221,0.00477849,0.00917725,-0.22408,0.000928678,-0.000205417,-8.20954e-05,13.823,2,0,0,0,0,0,-1,1,-9.04615e-07,-3.41771e-06,-0.223975,0,15.7485,1,1010,1010,1010,1010,0,0,0,0,15.7525,56,0.000122819,-0.00759051,56,0.0194705,-0.00396174,31,-0.00280476,-0.0033886,56,0.014323,0.00805093,56,0.00508945,-0.00338641,54,0.00273762,-0.00109334,56,0.00618348,-0.00075714,56,-0.00150965,0.00219667,52,0.00550191,-0.0023702
6052776530009,6052763859000,6052763859000,6052776523361,73729,12.6644,6052790735539,26.8765,1,38043,146215,0,0,1,0,0,0.016036,500,500,500,1,2.69341,4.87366,0.594245,0.315502,0.0262222,-0.00487518,7.22184e-05,-3.42228e-05,0.00652333,0.00654439,1,-0.00213412,-0.00450352,0.00450352,-0.00213412,1,1,0.00471073,-0.00210206,-0.000207214,-3.20631e-05,0,0,0,0,0,0,0,0,0,0,0,0,0,0,0,0,0,0,0,0,0,0,0,255,0.22,3.94497,0.22,0.00201492,-0.000566272,1,1,1,1,0,1,1,-0.196333,-3.12503,0.120936,0.00223163,0.00869347,0.0186998,30.2351,36623,1,367,130.109,9156,0,0.000884653,0.00884117,0.0369255,0,0,0,1,500,0.225,6.11664e-05,-2.90082e-05,-6.52684e-06,-1.37624e-05,-9.42212e-06,-1.19678e-05,0.524053,0.0610101,0.00477934,0.00917685,-0.224082,0.00112481,-0.000144284,0.00164582,14.4751,1,0,0,0,0,0,-1,1,-9.04615e-07,-3.41771e-06,-0.223975,0,30.5185,1,1010,1010,1010,1010,0,0,0,0,30.5224,56,0.00591451,-0.00524522,56,0.0124347,-0.00103812,56,0.0015461,-0.00208591,56,0.00279733,0.000922883,56,0.00177869,-0.00124311,56,-0.000626187,-0.00291419,56,0.00514991,0.000312676,56,0.00819395,-0.00308935,52,0.00182403,-0.00205568
6052791255654,6052775833000,6052775833000,6052791246672,73729,15.4137,6052805225830,29.3928,0,38043,146216,0,0,1,0,0,0.011974,500,500,500,1,2.67548,4.55089,0.804395,0.321743,-0.0193405,0.00466919,-3.91884e-05,-1.21732e-05,-0.00795134,0.0061779,1,-0.00101664,0.00327279,-0.00327279,-0.00101664,1,1,-0.0029823,-0.00104214,-0.000290493,2.55092e-05,0,0,0,0,0,0,0,0,0,0,0,0,0,0,0,0,0,0,0,0,0,0,0,255,0.22,7.56637,0.22,-0.00345803,0.000262388,1,1,1,1,0,1,1,-0.196517,-3.12558,0.120881,0.00209862,0.00813739,0.0187622,0.587467,36624,1,367,144.592,9156,0,0.000884653,0.00884117,0.0369255,0,0,0,1,500,0.225,-3.32243e-05,-1.03092e-05,-2.31958e-06,7.47548e-06,-5.99773e-07,7.80386e-06,0.524052,0.0610179,0.00476152,0.00918815,-0.224118,0.000501036,0.000114792,0.0014466,0.391207,2,0,0,0,0,0,-1,1,-9.04615e-07,-3.41771e-06,-0.224048,0,0.857562,1,1010,1010,1010,1010,0,0,0,0,0.861858,56,-0.00567952,0.00342872,56,-0.00443638,-0.00913868,56,-0.00416481,0.00386108,56,-0.00302761,-0.00337795,56,0.00434639,0.00531215,56,-0.00385235,0.00260983,56,-0.00836098,-0.00275387,56,0.00375358,-0.00106112,52,-0.00545524,-0.00142558
6052805734944,6052795839000,6052795839000,6052805729889,73729,9.89089,6052818650020,22.811,1,38044,146217,0,0,1,0,0,0.020006,500,500,500,1,2.6973,4.77283,0.730449,0.315539,-0.0372009,0.019516,-6.92134e-05,3.88953e-05,-0.00192952,-0.00228601,1,0.00194418,0.00345963,-0.00345963,0.00194418,1,1,-0.00312576,0.00186215,-0.000333868,8.20265e-05,0,0,0,0,0,0,0,0,0,0,0,0,0,0,0,0,0,0,0,0,0,0,0,255,0.22,2.72571,0.22,-0.00380498,0.0015639,1,1,1,2,0,1,1,-0.196517,-3.12558,0.120881,0.00209862,0.00813739,0.0187622,14.0331,36624,1,367,158.037,9156,0,0.000884653,0.00884117,0.0369255,0,0,0,1,500,0.225,-5.86523e-05,3.29708e-05,7.41843e-06,1.31968e-05,1.01661e-05,1.12178e-05,0.524062,0.0610292,0.00476152,0.00918815,-0.224118,9.91581e-05,0.000369119,0.00128125,13.8162,0,0,0,0,0,0,-1,1,-9.04615e-07,-3.41771e-06,-0.224048,0,14.2955,1,1010,1010,1010,1010,0,0,0,0,14.2998,56,-0.00124915,0.00302773,56,-0.0124769,-0.0048278,56,-0.00113004,3.28534e-05,56,-0.00456774,0.00301551,56,-0.00589676,0.00329555,56,-0.00274988,0.00216974,56,-0.00174041,0.000866985,56,-0.00473221,0.00101654,52,-0.00526691,0.00386725
6052819161265,6052803850000,6052803850000,6052819149302,73729,15.2993,6052832097655,28.2477,0,38044,146218,0,0,1,0,0,0.008011,500,500,500,1,2.68933,4.58759,0.690616,0.315187,0.0115509,-0.00773621,3.75882e-05,-3.52502e-05,0.00477229,0.0100082,1,-0.00440022,-0.00469208,0.00469208,-0.00440022,1,1,0.00456893,-0.00447398,0.000123145,7.37587e-05,0,0,0,0,0,0,0,0,0,0,0,0,0,0,0,0,0,0,0,0,0,0,0,255,0.22,5.06898,0.22,0.00234437,-0.00244769,1,1,1,1,1,1,1,-0.196517,-3.12558,0.120881,0.00209862,0.00813739,0.0187622,27.4664,36624,1,367,171.471,9156,0,0.000884653,0.00884117,0.0369255,0,0,0,1,500,0.225,3.18252e-05,-2.98701e-05,-6.72076e-06,-7.16066e-06,-8.14453e-06,-5.48722e-06,0.524054,0.0610237,0.00476355,0.00920264,-0.224193,9.25168e-05,0.000331914,-0.000369309,13.0918,2,0,0,0,0,0,-1,1,-9.04615e-07,-3.41771e-06,-0.224048,0,27.7569,1,1010,1010,1010,1010,0,0,0,0,27.7612,56,0.0073496,-0.00603164,56,0.00725491,-0.0020698,56,-0.00434492,-0.0026745,56,0.00313916,-0.00961457,56,0.00364588,-0.00442356,56,-0.000794754,0.00143581,56,0.00990554,0.00863469,56,0.00402106,-0.00603808,52,0.0095645,-0.00770648
6052832688752,6052823857000,6052823857000,6052832683326,73729,8.82633,6052845598161,21.7412,1,38045,146219,0,0,1,0,0,0.020007,500,500,477,0.954,2.69198,4.55431,0.616227,0.301687,0.0264282,-0.0124817,5.65116e-05,-2.71781e-07,0.00108768,-0.00232847,1,-1.35843e-05,-0.00282459,0.00282459,-1.35843e-05,1,1,0.00201853,-0.000111396,0.000806065,9.78119e-05,0,0,0,0,0,0,0,0,0,0,0,0,0,0,0,0,0,0,0,0,0,0,0,255,0.22,-0.744172,0.22,0.0019387,-0.00058775,1,1,1,1,0,1,1,-0.196517,-3.12558,0.120881,0.00209862,0.00813739,0.0187622,40.9682,36624,1,367,184.972,9156,0,0.000884653,0.00884117,0.0369255,0,0,0,1,477,0.225,4.78909e-05,-2.23961e-07,-5.03913e-08,-1.07754e-05,-2.44597e-06,-1.04942e-05,0.524052,0.0610132,0.0047663,0.00920084,-0.22427,0.00109957,0.000440154,-0.00202218,13.2307,2,0,0,0,0,0,-1,1,-9.04615e-07,-3.41771e-06,-0.224048,0,41.233,1,1010,1010,1010,1010,0,0,0,0,41.2373,56,-0.00240039,-0.00243935,56,-0.000254961,0.00299616,51,0.00111487,-0.000275245,56,0.00844572,0.0031442,56,0.00580874,-0.00163586,51,0.00291456,-0.00258183,56,-0.00115116,-0.00186046,56,0.00391252,-0.00170062,39,0.00281423,0.00167086
6052846099961,6052835831000,6052835831000,6052846089646,73729,10.2586,6052861243405,25.4124,0,38045,146220,0,0,1,0,0,0.011974,500,500,500,1,2.67476,4.85239,0.606782,0.31954,0.0177155,0.00611877,2.11523e-05,1.76516e-06,-0.00262417,-0.000304469,1,0.000147416,-0.00176652,0.00176652,0.000147416,1,1,0.00143084,0.000231166,0.000335675,-8.375e-05,0,0,0,0,0,0,0,0,0,0,0,0,0,0,0,0,0,0,0,0,0,0,0,255,0.22,2.51285,0.22,0.000637647,-0.000735141,1,1,1,1,0,1,1,-0.196779,-3.12634,0.120578,0.0016217,0.00713399,0.0184293,3.39693,36625,1,367,200.611,9156,0,0.000884653,0.00884117,0.0369255,0,0,0,1,500,0.225,1.79629e-05,1.47974e-06,3.32941e-07,-4.04166e-06,-5.74534e-07,-4.01438e-06,0.524051,0.0610092,0.00478577,0.00919921,-0.224299,0.000988259,-0.000376875,-0.000417824,3.16213,2,0,0,0,0,0,-1,1,-9.04615e-07,-3.41771e-06,-0.224194,0,3.67308,1,1010,1010,1010,1010,0,0,0,0,3.67703,56,-0.00211033,0.00100868,56,0.0013884,-0.00956766,56,0.00393669,0.00158273,56,0.00389115,0.00139888,56,-0.000836183,0.00225706,56,0.00115166,0.00258949,56,0.00454636,0.00238798,56,-0.00374687,-0.00324296,52,0.00711156,-0.00240784
6052861746242,6052843857000,6052843857000,6052861735094,73729,17.8781,6052874494687,30.6377,0,38045,146221,0,0,1,0,0,0.008026,500,500,500,1,2.69115,4.54385,0.589949,0.318261,0.0035553,-0.00370026,8.41149e-06,-4.97042e-06,0.000573013,-0.00232448,1,-0.00061929,-0.00104803,0.00104803,-0.00061929,1,1,0.000785711,-0.000505547,0.000262319,-0.000113743,0,0,0,0,0,0,0,0,0,0,0,0,0,0,0,0,0,0,0,0,0,0,0,255,0.22,7.2392,0.22,0.000250705,-0.000733998,1,1,1,1,0,1,1,-0.196779,-3.12634,0.120578,0.0016217,0.00713399,0.0184293,16.6538,36625,1,367,13.2508,9157,0,0.000884653,0.00849843,0.0367193,0,0,0,1,500,0.225,7.15051e-06,-4.18673e-06,-9.42013e-07,-1.60886e-06,-1.27629e-06,-1.35901e-06,0.52405,0.0610078,0.00478577,0.00919921,-0.224299,0.00142404,-0.000511843,0.00019488,16.4141,0,0,0,0,0,0,-1,1,-9.04615e-07,-3.41771e-06,-0.224194,0,16.9235,1,1010,1010,1010,1010,0,0,0,0,16.9274,56,0.00686776,0.0105192,56,0.000691136,-0.00962687,56,-0.000356236,-0.00803623,56,-0.000560802,-0.00207364,56,0.00440822,-0.000692552,56,-0.0048135,0.000432881,56,0.00307994,-0.00277277,56,0.0143982,0.00983261,52,0.000291731,-0.000608422
6052875006802,6052863881000,6052863881000,6052875001302,73729,11.1203,6052889214424,25.3334,1,38046,146222,0,0,1,0,0,0.020024,500,500,500,1,2.67183,4.81839,0.688098,0.317725,-0.00534821,-0.0196075,2.46461e-07,-4.52247e-05,7.74693e-05,0.00466438,1,-0.00225852,-1.23083e-05,1.23083e-05,-0.00225852,1,1,0.000100141,-0.0020776,-8.78325e-05,-0.000180919,0,0,0,0,0,0,0,0,0,0,0,0,0,0,0,0,0,0,0,0,0,0,0,255,0.22,1.01284,0.22,-0.00104356,-0.00116022,1,1,1,1,1,1,1,-0.196779,-3.12634,0.120578,0.0016217,0.00713399,0.0184293,31.3831,36625,1,367,27.9801,9157,0,0.000884653,0.00849843,0.0367193,0,0,0,1,500,0.225,1.67299e-07,-3.83456e-05,-8.62776e-06,-3.76423e-08,-8.41963e-06,1.88237e-06,0.524041,0.0610097,0.00478408,0.00918054,-0.224316,0.00113096,-0.000814133,0.00122096,14.4422,2,0,0,0,0,0,-1,1,-9.04615e-07,-3.41771e-06,-0.224194,0,31.6619,1,1010,1010,1010,1010,0,0,0,0,31.6658,56,-0.000419198,-0.00503374,56,0.000222679,0.000783692,56,-0.00135755,-0.00116722,56,-0.00263581,-0.00379662,56,0.00630455,-0.00118195,56,-0.00212562,-0.00357974,56,0.00312445,-0.00328503,56,-0.00240847,-0.000223614,52,-0.00262519,-0.00283867
6052889791447,6052875828000,6052875828000,6052889778539,73729,13.9505,6052905021650,29.1936,0,38046,146223,0,0,1,0,0,0.011947,500,500,448,0.896,2.73161,4.9942,0.652208,0.297799,-0.0208435,0.00590515,-3.22054e-05,3.02925e-05,0.00152608,-0.0100107,1,0.00253557,0.00269569,-0.00269569,0.00253557,1,1,-0.00257463,0.0026703,-0.000121054,-0.000134729,0,0,0,0,0,0,0,0,0,0,0,0,0,0,0,0,0,0,0,0,0,0,0,255,0.22,5.62889,0.22,-0.00417369,0.00168482,1,1,1,1,0,1,1,-0.196957,-3.12683,0.120581,0.00123794,0.00651547,0.0187181,0.125019,36626,1,367,43.7747,9157,0,0.000884653,0.00849843,0.0367193,0,0,0,1,448,0.225,-2.72825e-05,2.56909e-05,5.78046e-06,6.13856e-06,7.00124e-06,4.69869e-06,0.524048,0.0610144,0.00478116,0.00918473,-0.224344,0.000415632,-0.00060628,0.000768298,15.5257,1,0,0,0,0,0,-1,1,-9.04615e-07,-3.41771e-06,-0.224323,0,0.08313,1,1010,1010,1010,1010,0,0,0,0,0.432707,56,0.0018863,0.00430346,56,-0.00430317,0.00141326,6,-0.00388767,-0.00245205,56,-0.00454217,0.00490605,56,-0.00436184,0.00201553,54,-0.00281062,0.00193228,56,-0.00859961,0.00156783,56,0.00138809,0.00277169,52,0.0027186,0.00260785
6052905658396,6052895834000,6052895834000,6052905651414,73729,9.81741,6052917568149,21.7341,1,38047,146224,0,0,1,0,0,0.020006,500,500,490,0.98,2.76352,4.71774,0.710986,0.315799,-0.0258636,0.0133972,-3.07646e-05,1.16544e-05,0.0039537,0.00329374,1,0.000582548,0.00153777,-0.00153777,0.000582548,1,1,-0.00159416,0.000524428,5.63944e-05,5.81198e-05,0,0,0,0,0,0,0,0,0,0,0,0,0,0,0,0,0,0,0,0,0,0,0,255,0.22,1.19969,0.22,-0.00230591,0.00179771,1,1,1,2,0,1,1,-0.196957,-3.12683,0.120581,0.00123794,0.00651547,0.0187181,12.6783,36626,1,367,56.328,9157,0,0.000884653,0.00849843,0.0367193,0,0,0,1,490,0.225,-2.61597e-05,9.88628e-06,2.22441e-06,5.88594e-06,3.47844e-06,5.24335e-06,0.524052,0.0610196,0.00477128,0.00919342,-0.224381,1.98151e-05,0.000261539,-0.000187168,12.5332,1,0,0,0,0,0,-1,1,-9.04615e-07,-3.41771e-06,-0.224323,0,12.5968,1,1010,1010,1010,1010,0,0,0,0,12.9464,56,-0.00623456,0.00215119,56,-0.00210931,-0.00509608,56,-0.00264052,0.00312612,56,-0.000349057,0.00437473,56,-0.000747506,-0.00107736,56,-0.00185438,0.00126025,46,0.00265982,0.00106095,56,-0.00233454,-0.000692854,52,-0.00373608,0.000307473
6052918071060,6052903860000,6052903860000,6052918057079,73729,14.1971,6052931039618,27.1796,0,38047,146225,0,0,1,0,0,0.008026,500,500,500,1,2.71748,4.64972,0.659079,0.318706,0.0162354,0.00868988,3.21576e-05,1.25059e-05,-0.00562703,-0.000301578,1,0.00155817,-0.00400668,0.00400668,0.00155817,1,1,0.00361129,0.00145126,0.000395396,0.000106908,0,0,0,0,0,0,0,0,0,0,0,0,0,0,0,0,0,0,0,0,0,0,0,255,0.22,3.48717,0.22,0.00321245,0.000904088,1,1,1,1,0,1,1,-0.196957,-3.12683,0.120581,0.00123794,0.00651547,0.0187181,26.175,36626,1,367,69.8248,9157,0,0.000884653,0.00849843,0.0367193,0,0,0,1,500,0.225,2.72662e-05,1.05625e-05,2.37656e-06,-6.1349e-06,9.51097e-07,-6.50982e-06,0.524053,0.0610131,0.00476502,0.0092012,-0.22446,-0.00020451,0.000481084,-0.00158703,13.1746,2,0,0,0,0,0,-1,1,-9.04615e-07,-3.41771e-06,-0.224323,0,26.108,1,1010,1010,1010,1010,0,0,0,0,26.4576,56,-0.00481507,-0.00235381,56,0.0127203,-0.00480544,56,0.000127377,0.00377035,56,-0.00301186,0.00226415,56,-0.00625877,0.00438176,56,0.00144865,0.00358041,56,0.0113918,-0.000216202,56,-0.00398981,0.00301618,52,0.00787068,0.000982388
6052931604492,6052915828000,6052915828000,6052931592992,73729,15.765,6052947355015,31.527,0,38047,146226,0,0,1,0,0,0.011968,500,500,500,1,2.6793,4.45087,0.68945,0.336873,-0.00502014,-0.0122681,-2.03746e-06,-1.33199e-05,0.00430463,-0.00027305,1,-0.00111296,0.000170242,-0.000170242,-0.00111296,1,1,-0.000638455,-0.00105696,0.000468213,-5.59946e-05,0,0,0,0,0,0,0,0,0,0,0,0,0,0,0,0,0,0,0,0,0,0,0,255,0.22,4.08559,0.22,-8.18417e-05,-0.00153229,1,1,1,1,1,1,1,-0.196957,-3.12683,0.120581,0.00123794,0.00651547,0.0187181,42.4587,36626,1,367,86.1085,9157,0,0.000884653,0.00849843,0.0367193,0,0,0,1,500,0.225,-1.74594e-06,-1.12785e-05,-2.53766e-06,3.92837e-07,-2.38639e-06,9.47917e-07,0.52405,0.0610141,0.00477644,0.00919402,-0.224516,0.000989964,-0.000251975,-0.000893597,14.5474,2,0,0,0,0,0,-1,1,-9.04615e-07,-3.41771e-06,-0.224323,0,42.3993,1,1010,1010,1010,1010,0,0,0,0,42.7488,56,-4.76526e-06,0.00205577,56,0.00822504,0.00462263,56,-0.000149638,-0.00516683,56,-0.00613367,-0.00616354,56,0.000451844,-0.00460485,56,0.0033083,-0.00217987,56,-0.000368704,0.000768786,56,-0.00515266,-0.00527071,52,-0.00265429,0.00224461
6052947922704,6052935830000,6052935830000,6052947916352,73729,12.0864,6052963524929,27.6949,1,38048,146227,0,0,1,0,0,0.020002,500,500,500,1,2.69282,5.11954,0.649393,0.321095,0.050293,-0.0149918,0.000118369,-2.40396e-05,0.00396587,-0.00256614,1,-0.00120186,-0.00591788,0.00591788,-0.00120186,1,1,0.00569453,-0.00123898,0.000223349,3.71196e-05,0,0,0,0,0,0,0,0,0,0,0,0,0,0,0,0,0,0,0,0,0,0,0,255,0.22,2.89276,0.22,0.00378688,-0.00121583,1,1,1,1,0,1,1,-0.19714,-3.12729,0.120385,0.00147523,0.00639388,0.0182825,1.77255,36627,1,367,102.274,9157,0,0.000884653,0.00849843,0.0367193,0,0,0,1,500,0.225,0.00010037,-2.035e-05,-4.57876e-06,-2.25832e-05,-9.49316e-06,-2.09963e-05,0.524041,0.0609931,0.00478259,0.00920932,-0.224553,0.00111106,0.000167038,8.47944e-05,1.50273,3,0,0,0,0,0,-1,1,-9.04615e-07,-3.41771e-06,-0.224446,0,2.04153,1,1010,1010,1010,1010,0,0,0,0,2.04572,56,0.00491029,-0.00232568,56,0.00435635,-0.00420399,56,0.00621756,-0.00306,56,0.00656638,0.00250309,56,0.0095296,0.000735284,56,0.0041586,-0.00103906,56,0.00258046,-0.000347242,56,0.00490644,-0.00289199,52,0.00114184,-0.00229718
6052964038914,6052955872000,6052955872000,6052964033933,73729,8.16193,6052978136980,22.265,1,38049,146228,0,0,1,0,0,0.020042,500,500,500,1,2.66713,4.74789,0.600689,0.32241,0.00822449,-0.0111237,-6.9036e-06,-1.42626e-05,-0.00546136,0.0005902,1,-0.000711634,0.000344457,-0.000344457,-0.000711634,1,1,-0.00035852,-0.000803281,1.40637e-05,9.16471e-05,0,0,0,0,0,0,0,0,0,0,0,0,0,0,0,0,0,0,0,0,0,0,0,255,0.22,8.6371,0.22,-0.000840093,-0.000571014,1,1,1,1,0,1,1,-0.19714,-3.12729,0.120385,0.00147523,0.00639388,0.0182825,16.3912,36627,1,367,116.892,9157,0,0.000884653,0.00849843,0.0367193,0,0,0,1,500,0.225,-5.81528e-06,-1.21074e-05,-2.72416e-06,1.30844e-06,-2.36425e-06,1.88213e-06,0.524039,0.060995,0.00478259,0.00920932,-0.224553,0.000874146,0.000412412,0.000648688,16.1144,0,0,0,0,0,0,-1,1,-9.04615e-07,-3.41771e-06,-0.224446,0,16.6717,1,1010,1010,1010,1010,0,0,0,0,16.6759,56,-0.00587743,-0.00188804,56,-0.00356216,0.00601175,56,0.00136666,0.000943855,56,-0.00219482,-0.00321772,56,-0.00238042,-0.00237598,56,0.000574027,-0.000536264,56,0.00148013,-0.00276925,56,0.00176297,0.000223048,52,0.000457151,-0.0034944
6052978653780,6052963850000,6052963850000,6052978643799,73729,14.7938,6052991083352,27.2334,0,38049,146229,0,0,1,0,0,0.007978,500,500,465,0.93,2.69857,4.64783,0.582597,0.297762,-0.020752,0.0182495,-3.77247e-05,3.29359e-05,0.00138198,0.00341151,1,0.00412834,0.00472859,-0.00472859,0.00412834,1,1,-0.00452126,0.00401697,-0.000207332,0.000111373,0,0,0,0,0,0,0,0,0,0,0,0,0,0,0,0,0,0,0,0,0,0,0,255,0.22,3.20474,0.22,-0.00504744,0.0038915,1,1,1,1,0,1,1,-0.19714,-3.12729,0.120385,0.00147523,0.00639388,0.0182825,29.3398,36627,1,367,129.841,9157,0,0.000884653,0.00849843,0.0367193,0,0,0,1,465,0.225,-3.20191e-05,2.7912e-05,6.2802e-06,7.2043e-06,7.72687e-06,5.62475e-06,0.524046,0.0610006,0.00477238,0.00921733,-0.224575,2.95634e-05,0.000501179,0.000770045,12.6994,1,0,0,0,0,0,-1,1,-9.04615e-07,-3.41771e-06,-0.224446,0,29.601,1,1010,1010,1010,1010,0,0,0,0,29.6051,56,-0.000521944,0.00179053,56,0.00296068,0.0029082,54,-0.00902028,0.00870872,56,-0.00715377,0.00304628,56,-0.00180561,0.00452346,56,-0.00216425,0.00155025,23,-0.0140095,0.0117409,56,-0.0132918,0.00399185,52,-0.000730615,0.00310412
6052991603727,6052975838000,6052975838000,6052991592226,73729,15.7542,6053005303938,29.4659,0,38049,146230,0,0,1,0,0,0.011988,500,500,500,1,2.66122,4.44768,0.647949,0.320187,-0.0139236,0.0154724,-4.3548e-05,2.21798e-05,-0.00187016,0.00326159,1,0.00185017,0.00363263,-0.00363263,0.00185017,1,1,-0.00357771,0.00178307,-5.4919e-05,6.70994e-05,0,0,0,0,0,0,0,0,0,0,0,0,0,0,0,0,0,0,0,0,0,0,0,255,0.22,5.91456,0.22,-0.00338448,0.00155944,1,1,1,1,1,1,1,-0.19714,-3.12729,0.120385,0.00147523,0.00639388,0.0182825,43.5592,36627,1,367,144.06,9157,0,0.000884653,0.00849843,0.0367193,0,0,0,1,500,0.225,-3.69333e-05,1.87711e-05,4.22349e-06,8.31e-06,5.96856e-06,7.16032e-06,0.524052,0.0610077,0.00477614,0.00922169,-0.22463,0.000223577,0.000301947,0.00037657,12.5183,2,0,0,0,0,0,-1,1,-9.04615e-07,-3.41771e-06,-0.224446,0,43.8374,1,1010,1010,1010,1010,0,0,0,0,0.243205,56,-0.012368,0.00414638,56,-0.00852249,0.0014669,56,-0.00267259,-0.000483215,56,-0.000203152,0.00158456,56,0.00653575,-0.00136252,56,0.00145937,0.00142546,56,-0.00183389,0.000215132,56,-0.00091613,0.00333984,52,-0.0060004,0.00760612
