mono_ns,camera_ts_ns,v4l2_timestamp_ns,camera_dequeue_ns,v4l2_flags,v4l2_to_dequeue_ms,flow_send_ns,frame_pipeline_latency_ms,camera_queue_dropped,camera_queue_dropped_total,frame,guide_leg,guide_stage,valid,invalid_reason,bridge_pending,dt_s,features,tracked,inliers,inlier_ratio,t_features_ms,t_lk_ms,t_ransac_ms,t_post_ms,du_px,dv_px,du_norm,dv_norm,yaw_rate_cam_z,scale_rate,lk_height_scale,flow_cam_x,flow_cam_y,flow_body_x,flow_body_y,lever_valid,lever_production_applied,lever_flow_body_x,lever_flow_body_y,lever_pred_flow_x,lever_pred_flow_y,ab_fb_enabled,ab_fb_max_px,ab_fb_checked,ab_fb_pass,ab_fb_ratio,ab_fb_inliers,ab_fb_valid,ab_fb_flow_body_x,ab_fb_flow_body_y,ab_fb_t_ms,ab_robust_valid,ab_robust_flow_body_x,ab_robust_flow_body_y,ab_robust_sigma,ab_robust_mean_weight,ab_robust_downweighted,ab_robust_iters,ab_obs_valid,ab_obs_flow_body_x,ab_obs_flow_body_y,ab_obs_median_ratio,ab_obs_mean_weight,ab_obs_downweighted,quality,luna_m,luna_age_ms,range_to_fc_m,flow_send_x,flow_send_y,flow_sent,stabilised_publish_mode,stabilised_publish_ready,stabilised_publish_source,range_sent,fc_armed,ekf_local_valid,ekf_x_ned,ekf_y_ned,ekf_z_ned,ekf_vx_ned,ekf_vy_ned,ekf_vz_ned,ekf_age_ms,ekf_count,ekf_status_valid,ekf_flags,ekf_status_age_ms,ekf_status_count,ekf_vel_var,ekf_pos_h_var,ekf_pos_v_var,ekf_compass_var,ekf_terrain_var,return_event,rc_zero_seq,worked5_valid,worked5_points,worked5_hcam_m,worked5_du_norm,worked5_dv_norm,worked5_dx_m,worked5_dy_m,worked5_dN_m,worked5_dE_m,worked5_acc_n_m,worked5_acc_e_m,fc_roll,fc_pitch,fc_yaw,fc_gyro_x,fc_gyro_y,fc_gyro_z,fc_gyro_age_ms,fc_gyro_samples,ctrl_target_valid,ctrl_target_x,ctrl_target_y,ctrl_target_vx,ctrl_target_vy,ctrl_target_age_ms,att_target_valid,att_target_roll,att_target_pitch,att_target_yaw,att_target_thrust,att_target_age_ms,outputs_valid,out1,out2,out3,out4,out5,out6,out7,out8,outputs_age_ms,c0_n,c0_bx,c0_by,c1_n,c1_bx,c1_by,c2_n,c2_bx,c2_by,c3_n,c3_bx,c3_by,c4_n,c4_bx,c4_by,c5_n,c5_bx,c5_by,c6_n,c6_bx,c6_by,c7_n,c7_bx,c7_by,c8_n,c8_bx,c8_by
5256967580677,5256951864000,5256951864000,5256967564121,73729,15.7001,5256979147524,27.2835,0,19900,84302,0,0,1,0,0,0.011972,340,340,340,1,2.38798,3.41745,0.467504,0.22652,-0.0206146,-0.0338898,-4.33747e-05,-6.52402e-05,0.00461535,0.00332573,1,-0.0054494,0.00362301,-0.00362301,-0.0054494,1,1,-0.00431303,-0.00530178,0.000690015,-0.000147618,0,0,0,0,0,0,0,0,0,0,0,0,0,0,0,0,0,0,0,0,0,0,0,255,0.2,6.59825,0.2,-0.00470763,-0.00321441,1,1,1,1,1,1,1,-0.471328,-3.11638,0.111281,0.018986,-0.00321618,-0.00139763,12.1159,20740,1,367,153.769,5185,0,0.000884653,0.0014053,0.000754177,0,0,0,1,340,0.205,-3.67839e-05,-5.53286e-05,-1.13424e-05,7.5407e-06,-9.7224e-06,9.5385e-06,-0.152462,0.175127,0.0117695,-0.0126914,-0.189164,-1.4804e-05,-0.000605234,-0.00227509,22.5339,0,0,0,0,0,0,-1,1,-9.04601e-07,-3.41778e-06,-0.188939,0,10.8042,1,1010,1010,1010,1010,0,0,0,0,12.3409,56,-0.00136097,-0.00538894,56,-0.00816354,-0.0062484,56,-0.00435038,-0.00318987,2,0,0,1,0,0,1,0,0,56,-0.00386254,-0.00816764,56,-0.00235302,-0.00783964,56,-0.00163644,-0.00539717
5256979737917,5256959886000,5256959886000,5256979718917,73729,19.8329,5256990185422,30.2994,0,19900,84303,0,0,1,0,0,0.008022,342,342,342,1,2.37455,3.74449,0.428188,0.228094,-0.00543213,-0.00897217,-2.75568e-06,-2.27579e-05,0.00108289,0.00343436,1,-0.00283693,0.000343515,-0.000343515,-0.00283693,1,1,-0.00127087,-0.00289022,0.000927352,5.32827e-05,0,0,0,0,0,0,0,0,0,0,0,0,0,0,0,0,0,0,0,0,0,0,0,255,0.2,8.59721,0.2,-0.00125423,-0.00128867,1,1,1,1,0,1,1,-0.471328,-3.11638,0.111281,0.018986,-0.00321618,-0.00139763,23.2267,20740,1,367,164.88,5185,0,0.000884653,0.0014053,0.000754177,0,0,0,1,342,0.205,-2.35914e-06,-1.93141e-05,-3.95939e-06,4.83624e-07,-3.79751e-06,1.21967e-06,-0.152466,0.175128,0.0117362,-0.0127034,-0.189227,-0.000561272,0.000218459,-0.00349073,10.7613,2,0,0,0,0,0,-1,1,-9.04601e-07,-3.41778e-06,-0.188939,0,21.9788,1,1010,1010,1010,1010,0,0,0,0,23.5154,56,0.000840262,0.00158935,56,0.00292787,0.00627477,56,0.004047,-0.0123485,1,0,0,2,0,0,3,-0.0564631,0.0618572,56,-0.000462192,-0.000316796,56,-0.00201021,-0.00423539,56,-0.00239188,-0.0032354
5256990994336,5256979907000,5256979907000,5256990979965,73729,11.073,5257003146316,23.2393,1,19901,84304,0,0,1,0,0,0.020021,344,344,344,1,2.55857,3.57758,0.494207,0.228317,-0.0255737,0.00988007,-1.97247e-05,1.52417e-05,0.0044919,0.000888152,1,0.000761285,0.0009852,-0.0009852,0.000761285,1,1,-0.00157371,0.00087858,0.00058851,-0.000117295,0,0,0,0,0,0,0,0,0,0,0,0,0,0,0,0,0,0,0,0,0,0,0,255,0.2,-0.527855,0.2,-0.00104999,0.00104369,1,1,1,1,0,1,1,-0.471328,-3.11638,0.111281,0.018986,-0.00321618,-0.00139763,36.1389,20740,1,367,177.792,5185,0,0.000884653,0.0014053,0.000754177,0,0,0,1,344,0.205,-1.674e-05,1.29279e-05,2.65022e-06,3.43169e-06,3.24767e-06,2.87182e-06,-0.152463,0.175131,0.0117329,-0.0127083,-0.189232,-0.000585329,-0.000480908,-0.00239858,11.5304,1,0,0,0,0,0,-1,1,-9.04601e-07,-3.41778e-06,-0.188939,0,34.8347,1,1010,1010,1010,1010,0,0,0,0,36.3713,56,-0.00237522,0.00258045,56,-0.00148547,-0.00213613,56,-0.000975578,0.00284162,2,0,0,2,0,0,4,0.0248869,0.00743215,56,-0.000471116,0.00051946,56,-0.00194869,0.000791435,56,-0.0016242,3.0078e-05
5257003725061,5256991865000,5256991865000,5257003708321,73729,11.8433,5257015138018,23.273,0,19901,84305,0,0,1,0,0,0.011958,341,340,340,1,2.42309,3.34743,0.395633,0.223446,-0.00537109,0.0038147,-1.46801e-05,-6.70773e-06,0.00107472,-0.00176647,1,-0.00056094,0.00122764,-0.00122764,-0.00056094,1,1,-0.0013681,-0.000443239,0.000140464,-0.000117702,0,0,0,0,0,0,0,0,0,0,0,0,0,0,0,0,0,0,0,0,0,0,0,255,0.2,0.456318,0.2,0.000203825,8.02089e-06,1,1,1,1,0,1,1,-0.471328,-3.11638,0.111281,0.018986,-0.00321618,-0.00139763,48.1078,20740,1,367,189.761,5185,0,0.000884653,0.0014053,0.000754177,0,0,0,1,340,0.205,-1.24621e-05,-5.70688e-06,-1.16991e-06,2.55473e-06,-6.68787e-07,2.72907e-06,-0.152463,0.175134,0.0117191,-0.0126955,-0.18923,-0.000318207,-0.000482577,-0.000715287,11.7691,1,0,0,0,0,0,-1,1,-9.04601e-07,-3.41778e-06,-0.188939,0,46.7913,1,1010,1010,1010,1010,0,0,0,0,0.13139,56,-0.0034601,0.000334936,56,0.000950804,0.00197761,56,-0.00133283,-0.00218933,2,0,0,1,0,0,1,0,0,56,-0.00162746,0.0016005,56,3.65148e-05,0.000547164,56,0.000279532,-0.000100924
5257015667800,5256999889000,5256999889000,5257015651337,73729,15.7623,5257027076349,27.1873,0,19901,84306,0,0,1,0,0,0.008024,342,342,342,1,2.3702,3.5259,0.407652,0.225223,-0.0212555,0.0360107,-5.94202e-05,5.23354e-05,-0.00839377,0.00716829,1,0.00652236,0.00740531,-0.00740531,0.00652236,1,1,-0.0071281,0.00623818,-0.000277206,0.000284181,0,0,0,0,0,0,0,0,0,0,0,0,0,0,0,0,0,0,0,0,0,0,0,255,0.2,3.92838,0.2,-0.00441517,0.00700618,1,1,1,1,0,1,1,-0.470409,-3.11672,0.111265,0.0194596,-0.00467016,-0.00175774,2.02522,20741,1,367,1.97996,5186,0,0.000884653,0.00130578,0.000602092,0,0,0,1,342,0.205,-5.03899e-05,4.43508e-05,9.09191e-06,1.03299e-05,1.08699e-05,8.43564e-06,-0.152452,0.175142,0.0117446,-0.0126076,-0.189175,0.000600174,0.00116514,0.00138938,1.78755,3,0,0,0,0,0,-1,1,-9.04601e-07,-3.41778e-06,-0.188934,0,2.2415,1,1010,1010,1010,1010,0,0,0,0,12.0673,56,-0.00676685,0.0116677,56,-0.00977228,0.00176006,56,0.00010399,0.0110947,2,0,0,2,0,0,2,0,0,56,-0.00399781,0.0064383,56,-0.00592763,0.00317377,56,-0.00916098,0.0121471
5257027553853,5257011858000,5257011858000,5257027537501,73729,15.6795,5257038059099,26.2011,0,19901,84307,0,0,1,0,0,0.011969,341,341,341,1,2.34468,3.30777,0.450948,0.222928,0.0122986,0.0328674,2.82709e-05,6.1192e-05,0.00196478,-0.000892855,1,0.00511254,-0.00236201,0.00236201,0.00511254,1,1,0.00249153,0.0046874,-0.000129517,0.000425146,0,0,0,0,0,0,0,0,0,0,0,0,0,0,0,0,0,0,0,0,0,0,0,255,0.21,5.06474,0.21,0.0025278,0.00899747,1,1,1,1,1,1,1,-0.470409,-3.11672,0.111265,0.0194596,-0.00467016,-0.00175774,13.0114,20741,1,367,12.9662,5186,0,0.000884653,0.00130578,0.000602092,0,0,0,1,341,0.215,2.39616e-05,5.18938e-05,1.11572e-05,-5.15174e-06,9.98928e-06,-7.15755e-06,-0.152443,0.175135,0.0117446,-0.0126076,-0.189175,0.00170536,0.00182813,0.00180983,12.7704,0,0,0,0,0,0,-1,1,-9.04601e-07,-3.41778e-06,-0.188934,0,13.2255,1,1010,1010,1010,1010,0,0,0,0,23.0512,56,-0.00179048,0.00398658,56,0.00741391,0.00565126,56,0.00339492,0.00703004,1,0,0,2,0,0,2,0,0,56,0.00159221,0.00512612,56,0.00414116,0.00731301,56,0.00270119,0.00298366
5257038665622,5257031857000,5257031857000,5257038656455,73729,6.79946,5257049560130,17.7031,1,19902,84308,0,0,1,0,0,0.019999,341,340,340,1,2.37039,2.879,0.417707,0.226057,0.0658417,0.0511169,0.000126563,8.78875e-05,-0.00082252,-0.000746801,1,0.00439459,-0.00632846,0.00632846,0.00439459,1,1,0.00637261,0.00423322,-4.41486e-05,0.00016137,0,0,0,0,0,0,0,0,0,0,0,0,0,0,0,0,0,0,0,0,0,0,0,255,0.21,6.61203,0.21,0.0064388,0.225189,1,1,1,1,0,1,1,-0.470409,-3.11672,0.111265,0.0194596,-0.00467016,-0.00175774,24.5108,20741,1,367,24.4656,5186,0,0.000884653,0.00130578,0.000602092,0,0,0,1,340,0.215,0.000107396,7.45458e-05,1.60273e-05,-2.30901e-05,1.14022e-05,-2.56907e-05,-0.152431,0.175109,0.0117524,-0.0125989,-0.189159,0.0017637,0.00069389,0.00156283,11.3193,1,0,0,0,0,0,-1,1,-9.04601e-07,-3.41778e-06,-0.188934,0,24.7384,1,1010,1010,1010,1010,0,0,0,0,34.5642,56,0.010014,0.00565714,56,0.00577979,0.00125116,56,0.0045617,0.00437755,2,0,0,1,0,0,1,0,0,56,0.00622325,0.00464268,56,0.00528872,0.00645909,56,0.00561836,0.00511928
5257050097301,5257039881000,5257039881000,5257050083097,73729,10.2021,5257059500020,19.619,0,19902,84309,0,0,1,0,0,0.008024,341,341,341,1,2.38159,3.07319,0.440522,0.223631,0.0272217,-0.0235291,3.17042e-05,-4.95246e-05,-0.00917474,0.0093118,1,-0.00617206,-0.00395117,0.00395117,-0.00617206,1,1,0.00394135,-0.00611259,9.82002e-06,-5.94647e-05,0,0,0,0,0,0,0,0,0,0,0,0,0,0,0,0,0,0,0,0,0,0,0,255,0.2,7.84073,0.2,-0.0169547,-0.411427,1,1,1,1,0,1,1,-0.470409,-3.11672,0.111265,0.0194596,-0.00467016,-0.00175774,34.4562,20741,1,367,34.411,5186,0,0.000884653,0.00130578,0.000602092,0,0,0,1,341,0.205,2.68837e-05,-4.20201e-05,-8.61412e-06,-5.51117e-06,-9.49513e-06,-3.79322e-06,-0.152441,0.175105,0.0117739,-0.0125826,-0.189139,0.00206216,-0.000243805,0.00161752,9.7548,1,0,0,0,0,0,-1,1,-9.04601e-07,-3.41778e-06,-0.188934,0,34.6732,1,1010,1010,1010,1010,0,0,0,0,44.499,56,-0.00153884,-0.0116524,56,0.00589917,0.00218598,56,0.00133717,-0.00713724,1,0,0,2,0,0,2,0,0,56,0.00519312,-0.00739643,56,0.00529468,-0.0086075,56,0.00749515,-0.00585716
5257060075136,5257047904000,5257047904000,5257060061302,73729,12.1573,5257070063267,22.1593,0,19902,84310,0,0,1,0,0,0.008023,339,338,338,1,2.33981,2.81869,0.419504,0.22365,0.0226135,-0.0489807,1.66259e-05,-8.2852e-05,-0.00409892,0.00283028,1,-0.0103268,-0.00207227,0.00207227,-0.0103268,1,1,0.00219849,-0.0101551,-0.00012622,-0.000171677,0,0,0,0,0,0,0,0,0,0,0,0,0,0,0,0,0,0,0,0,0,0,0,255,0.2,7.719,0.2,-0.00199356,-0.137739,1,1,1,1,0,1,1,-0.470409,-3.11672,0.111265,0.0194596,-0.00467016,-0.00175774,45.0138,20741,1,367,44.9688,5186,0,0.000884653,0.00130578,0.000602092,0,0,0,1,338,0.205,1.41568e-05,-7.02848e-05,-1.44084e-05,-2.90215e-06,-1.46955e-05,-1.41726e-07,-0.152455,0.175105,0.0117766,-0.0125665,-0.189125,0.00151322,-0.000703874,0.00162458,10.3695,1,0,0,0,0,0,-1,1,-9.04601e-07,-3.41778e-06,-0.188864,0,0.207909,1,1010,1010,1010,1010,0,0,0,0,0.212038,56,-0.00018946,-0.00831578,56,0.00255383,-0.00849408,56,0.00729456,-0.0109037,1,0,0,1,0,0,0,0,0,56,0.00668096,-0.0159377,56,0.00604289,-0.0132172,56,0.000948997,-0.010012
5257070598104,5257059885000,5257059885000,5257070582345,73729,10.6973,5257079587543,19.7025,0,19902,84311,0,0,1,0,0,0.011981,342,340,340,1,2.38307,2.91226,0.443077,0.224076,-0.0282593,-0.0244217,-4.77353e-05,-4.90508e-05,-0.000567112,-0.00116304,1,-0.00409405,0.00398425,-0.00398425,-0.00409405,1,1,-0.00388483,-0.00387585,-9.9417e-05,-0.000218201,0,0,0,0,0,0,0,0,0,0,0,0,0,0,0,0,0,0,0,0,0,0,0,255,0.2,8.10645,0.2,-0.00584156,-0.00379256,1,1,1,1,0,1,1,-0.469672,-3.11702,0.11129,0.0184921,-0.00317564,-0.00149448,9.5127,20742,1,367,54.4979,5186,0,0.000884653,0.00130578,0.000602092,0,0,0,1,340,0.205,-4.05265e-05,-4.15755e-05,-8.52297e-06,8.30794e-06,-6.80978e-06,9.76165e-06,-0.152462,0.175115,0.0117708,-0.0125549,-0.189124,0.000247054,-0.000894625,0.000523731,9.33205,1,0,0,0,0,0,-1,1,-9.04601e-07,-3.41778e-06,-0.188864,0,9.72843,1,1010,1010,1010,1010,0,0,0,0,9.73255,56,-0.00513852,-0.00481445,56,-0.00198176,-0.0112491,56,-0.00743543,-0.00145431,2,0,0,1,0,0,1,0,0,56,-0.00382929,-0.00356088,56,-0.00437211,-0.0030473,56,-0.0043699,-0.0030357
5257080154325,5257067890000,5257067890000,5257080136917,73729,12.2469,5257090433310,22.5433,0,19902,84312,0,0,1,0,0,0.008005,343,341,341,1,2.3345,3.01945,0.510189,0.220187,-0.0491943,-0.00927734,-7.90353e-05,-2.90175e-05,-0.00134005,0.00404153,1,-0.00362493,0.00987325,-0.00987325,-0.00362493,1,1,-0.00952068,-0.00332866,-0.000352564,-0.000296271,0,0,0,0,0,0,0,0,0,0,0,0,0,0,0,0,0,0,0,0,0,0,0,255,0.2,7.51543,0.2,-0.00996281,-0.00169383,1,1,1,1,1,1,1,-0.469672,-3.11702,0.11129,0.0184921,-0.00317564,-0.00149448,20.3577,20742,1,367,65.3432,5186,0,0.000884653,0.00130578,0.000602092,0,0,0,1,341,0.205,-6.7026e-05,-2.46257e-05,-5.04827e-06,1.37403e-05,-2.37678e-06,1.44438e-05,-0.152464,0.175129,0.0117446,-0.0125476,-0.189131,-0.00162893,-0.00121471,-0.000146734,10.6072,1,0,0,0,0,0,-1,1,-9.04601e-07,-3.41778e-06,-0.188864,0,20.5785,1,1010,1010,1010,1010,0,0,0,0,20.5826,56,-0.0132988,0.000245792,56,-0.0172957,0.00280694,56,-0.00429617,-0.00269519,2,0,0,2,0,0,1,0,0,56,-0.011587,-0.00288573,56,-0.0119955,-0.0041755,56,-0.0132275,-0.00608712
5257091018610,5257079880000,5257079880000,5257091001203,73729,11.1212,5257101884693,22.0047,0,19902,84313,0,0,1,0,0,0.01199,341,341,341,1,2.38687,3.03969,0.396966,0.225743,-0.0458069,-0.0205841,-7.43562e-05,-4.5143e-05,0.000103982,-0.000943704,1,-0.00376506,0.00620152,-0.00620152,-0.00376506,1,1,-0.00622718,-0.00353637,2.56591e-05,-0.00022869,0,0,0,0,0,0,0,0,0,0,0,0,0,0,0,0,0,0,0,0,0,0,0,255,0.2,8.22804,0.2,-0.00592626,-0.00198115,1,1,1,1,0,1,1,-0.469672,-3.11702,0.11129,0.0184921,-0.00317564,-0.00149448,31.8182,20742,1,367,76.8036,5186,0,0.000884653,0.00130578,0.000602092,0,0,0,1,341,0.205,-6.30556e-05,-3.82843e-05,-7.84828e-06,1.29264e-05,-5.27907e-06,1.41709e-05,-0.15247,0.175144,0.0117252,-0.0125256,-0.189163,-0.0023099,-0.00093763,-0.00193208,11.2616,1,0,0,0,0,0,-1,1,-9.04601e-07,-3.41778e-06,-0.188864,0,32.0347,1,1010,1010,1010,1010,0,0,0,0,32.0388,56,-0.00639128,-0.00572414,56,-0.00848461,0.00321584,56,-0.00479701,-0.0024029,1,0,0,1,0,0,3,-0.0197792,-0.0992395,56,-0.00848249,-0.00345868,56,-0.00779608,-0.0035542,56,-0.00635422,-0.00450719
5257102427993,5257087906000,5257087906000,5257102412623,73729,14.5066,5257111791638,23.8856,0,19902,84314,0,0,1,0,0,0.008026,339,338,338,1,2.38954,2.7458,0.489726,0.22152,-0.0333557,-0.0195007,-4.49493e-05,-5.73986e-05,0.0115993,0.00430874,1,-0.00715158,0.00560046,-0.00560046,-0.00715158,1,1,-0.00613407,-0.00696741,0.000533609,-0.000184171,0,0,0,0,0,0,0,0,0,0,0,0,0,0,0,0,0,0,0,0,0,0,0,255,0.2,-0.669875,0.2,-0.00502566,-0.00368692,1,1,1,1,0,1,1,-0.469672,-3.11702,0.11129,0.0184921,-0.00317564,-0.00149448,41.7371,20742,1,367,86.7223,5186,0,0.000884653,0.00130578,0.000602092,0,0,0,1,338,0.205,-3.81448e-05,-4.86695e-05,-9.97725e-06,7.81968e-06,-8.32902e-06,9.5561e-06,-0.152478,0.175153,0.0117212,-0.0125081,-0.189197,-0.00192514,-0.000755101,-0.00329035,9.70544,1,0,0,0,0,0,-1,1,-9.04601e-07,-3.41778e-06,-0.188864,0,41.9813,1,1010,1010,1010,1010,0,0,0,0,41.9854,56,-0.00417405,0.00326761,56,0.00279199,-0.0108382,56,-0.00765471,-0.0121553,0,0,0,1,0,0,1,0,0,56,-0.00363728,-0.00463303,56,-0.00829195,-0.00530372,56,-0.00769408,-0.00496275
5257112375198,5257099882000,5257099882000,5257112357809,73729,12.4758,5257123462004,23.58,0,19902,84315,0,0,1,0,0,0.011976,340,340,340,1,2.36068,3.04169,0.383725,0.229965,-0.00254822,-0.00921631,-4.53521e-06,-7.44186e-06,0.00391373,-0.000776513,1,-0.000621398,0.000378692,-0.000378692,-0.000621398,1,1,-0.00140564,-0.000634612,0.00102695,1.3214e-05,0,0,0,0,0,0,0,0,0,0,0,0,0,0,0,0,0,0,0,0,0,0,0,255,0.2,-0.882692,0.2,0.00218871,0.000368578,1,1,1,1,0,1,1,-0.469418,-3.11719,0.111385,0.0174444,-0.00483993,-0.00109223,2.69154,20743,1,367,98.3618,5186,0,0.000884653,0.00130578,0.000602092,0,0,0,1,340,0.205,-3.85453e-06,-6.33003e-06,-1.29766e-06,7.90179e-07,-1.12586e-06,1.02014e-06,-0.152479,0.175154,0.0117338,-0.0123852,-0.189255,-0.000256662,5.41772e-05,-0.00357371,2.51948,2,0,0,0,0,0,-1,1,-9.04601e-07,-3.41778e-06,-0.188996,0,2.91613,1,1010,1010,1010,1010,0,0,0,0,2.92043,56,-0.00179673,0.00115689,56,0.00112806,9.00416e-05,56,0.00343149,-0.000545352,1,0,0,2,0,0,1,0,0,56,0.00198421,-0.000234808,56,-0.00162582,-0.00244077,56,0.000196559,-0.00150449
5257123994471,5257107907000,5257107907000,5257123976489,73729,16.0695,5257133197318,25.2903,0,19902,84316,0,0,1,0,0,0.008025,342,340,340,1,2.36174,2.62745,0.436744,0.22402,0.0142365,0.0428314,9.2441e-06,6.48031e-05,-0.00640182,0.010786,1,0.00807515,-0.00115191,0.00115191,0.00807515,1,1,3.09932e-05,0.00780356,0.00112092,0.000271593,0,0,0,0,0,0,0,0,0,0,0,0,0,0,0,0,0,0,0,0,0,0,0,255,0.19,0.606801,0.19,0.00403952,0.00874868,1,1,1,1,0,1,1,-0.469418,-3.11719,0.111385,0.0174444,-0.00483993,-0.00109223,12.462,20743,1,367,108.132,5186,0,0.000884653,0.00130578,0.000602092,0,0,0,1,340,0.195,7.86086e-06,5.49041e-05,1.07063e-05,-1.53287e-06,1.02262e-05,-3.51943e-06,-0.152469,0.175151,0.0117338,-0.0123852,-0.189255,0.000115758,0.00105921,-0.00340466,12.2549,0,0,0,0,0,0,-1,1,-9.04601e-07,-3.41778e-06,-0.188996,0,12.6831,1,1010,1010,1010,1010,0,0,0,0,12.6874,56,0.0042569,-0.000833053,56,-0.00982539,0.0128639,56,-0.000802412,0.00852792,2,0,0,1,0,0,1,0,0,56,0.00543496,0.00941364,56,0.00460232,0.00749701,56,0.000796216,0.00850172
5257133766823,5257119882000,5257119882000,5257133749100,73729,13.8671,5257144400699,24.5187,0,19902,84317,0,0,1,0,0,0.011975,339,339,339,1,2.39961,2.55604,0.521856,0.223539,0.0350342,0.0559082,3.66455e-05,9.70607e-05,-0.00702327,0.00310273,1,0.00810527,-0.00306017,0.00306017,0.00810527,1,1,0.00210778,0.00760341,0.000952392,0.000501867,0,0,0,0,0,0,0,0,0,0,0,0,0,0,0,0,0,0,0,0,0,0,0,255,0.19,0.197891,0.19,-0.019585,-0.170517,1,1,1,1,1,1,1,-0.469418,-3.11719,0.111385,0.0174444,-0.00483993,-0.00109223,23.6382,20743,1,367,119.309,5186,0,0.000884653,0.00130578,0.000602092,0,0,0,1,339,0.195,3.10944e-05,8.23098e-05,1.60504e-05,-6.06341e-06,1.46228e-05,-8.97424e-06,-0.152454,0.175142,0.0117569,-0.0123289,-0.189258,0.00112912,0.00195728,-0.00206817,10.9769,1,0,0,0,0,0,-1,1,-9.04601e-07,-3.41778e-06,-0.188996,0,23.8583,1,1010,1010,1010,1010,0,0,0,0,23.8626,56,0.00350045,0.0108366,56,0.00312151,0.00459824,56,0.00392805,0.00946503,0,0,0,1,0,0,2,0,0,56,0.00285415,0.00729535,56,0.00474052,0.00732648,56,0.00394951,0.00976602
5257145001908,5257127909000,5257127909000,5257144982296,73729,17.0733,5257154080272,26.1713,0,19902,84318,0,0,1,0,0,0.008027,341,340,340,1,2.38152,2.53763,0.407596,0.228742,0.0476532,0.0324326,6.89808e-05,5.46333e-05,-0.00780786,0.00245982,1,0.00680619,-0.00859359,0.00859359,0.00680619,1,1,0.0082115,0.00639215,0.000382094,0.000414036,0,0,0,0,0,0,0,0,0,0,0,0,0,0,0,0,0,0,0,0,0,0,0,255,0.2,1.28821,0.2,0.0170618,-0.193363,1,1,1,1,0,1,1,-0.469418,-3.11719,0.111385,0.0174444,-0.00483993,-0.00109223,33.3603,20743,1,367,129.031,5186,0,0.000884653,0.00130578,0.000602092,0,0,0,1,340,0.205,5.85019e-05,4.62986e-05,9.49122e-06,-1.19929e-05,7.06709e-06,-1.35635e-05,-0.152447,0.175128,0.0117857,-0.0122725,-0.189228,0.00237493,0.00169755,0.000646678,9.4912,1,0,0,0,0,0,-1,1,-9.04601e-07,-3.41778e-06,-0.188996,0,33.5807,1,1010,1010,1010,1010,0,0,0,0,33.585,56,0.00363791,0.00105456,56,0.00867618,0.0151962,56,0.0091617,0.00548062,1,0,0,2,0,0,1,0,0,56,0.0123137,0.00344362,56,0.00844287,0.0106662,56,0.0103234,0.00901235
5257154652369,5257139884000,5257139884000,5257154635369,73729,14.7514,5257165161153,25.2772,0,19902,84319,0,0,1,0,0,0.011975,342,341,341,1,2.37659,2.60761,0.405522,0.221798,0.0409241,0.00372314,6.4885e-05,-5.24851e-06,-0.00688603,0.00306742,1,-0.000438289,-0.00541837,0.00541837,-0.000438289,1,1,0.00578728,-0.00050905,-0.000368915,7.07608e-05,0,0,0,0,0,0,0,0,0,0,0,0,0,0,0,0,0,0,0,0,0,0,0,255,0.2,0.775228,0.2,0.00225646,0.233944,1,1,1,1,0,1,1,-0.469418,-3.11719,0.111385,0.0174444,-0.00483993,-0.00109223,44.3968,20743,1,367,140.067,5186,0,0.000884653,0.00130578,0.000602092,0,0,0,1,341,0.205,5.50254e-05,-4.42875e-06,-9.07893e-07,-1.12802e-05,-3.01123e-06,-1.09078e-05,-0.15245,0.175117,0.0117977,-0.0122447,-0.189186,0.00218344,0.000290119,0.00295679,10.8351,1,0,0,0,0,0,-1,1,-9.04601e-07,-3.41778e-06,-0.188996,0,44.6177,1,1010,1010,1010,1010,0,0,0,0,44.622,56,0.00294125,0.000437628,56,0.00547684,-0.00570369,56,0.00263562,0.0016866,1,0,0,2,0,0,2,0,0,56,0.00509548,0.00193363,56,0.00949604,-0.00215055,56,0.00435245,0.0030385
5257165712620,5257147897000,5257147897000,5257165695323,73729,17.7983,5257174957579,27.0606,0,19902,84320,0,0,1,0,0,0.008013,339,339,339,1,2.37439,2.84908,0.475337,0.222631,0.0103149,-0.0281067,1.76346e-05,-3.24102e-05,-0.011621,-0.00618665,1,-0.0040447,-0.00220075,0.00220075,-0.0040447,1,1,0.00342668,-0.00389444,-0.00122593,-0.000150263,0,0,0,0,0,0,0,0,0,0,0,0,0,0,0,0,0,0,0,0,0,0,0,255,0.21,1.7014,0.21,0.0162924,0.149048,1,1,1,1,0,1,1,-0.469335,-3.11733,0.11145,0.0148285,-0.00281952,-0.00141759,0.043241,20744,1,367,149.857,5186,0,0.000884653,0.00130578,0.000602092,0,0,0,1,339,0.215,1.49746e-05,-2.75007e-05,-5.91264e-06,-3.21953e-06,-6.41156e-06,-2.05049e-06,-0.152457,0.175115,0.0117943,-0.0121991,-0.189127,0.000914047,-0.00064613,0.00494842,9.59429,1,0,0,0,0,0,-1,1,-9.04602e-07,-3.41778e-06,-0.188836,0,0.25902,1,1010,1010,1010,1010,0,0,0,0,0.263502,56,-0.00229385,-0.00292312,56,0.00714343,0.00424378,56,0.00116864,0.00127931,0,0,0,1,0,0,2,0,0,56,-0.00178854,-0.00228724,56,-0.000161612,-0.00906783,56,0.00127272,-0.00636558
5257175487360,5257159894000,5257159894000,5257175471064,73729,15.5771,5257185888587,25.9946,0,19902,84321,0,0,1,0,0,0.011997,341,339,339,1,2.34829,2.59585,0.365633,0.220002,-0.0264893,0.00640869,-3.53853e-05,3.2298e-06,0.00518133,-0.000477955,1,0.000269218,0.00294951,-0.00294951,0.000269218,1,1,-0.00131842,0.000301085,-0.00163109,-3.18674e-05,0,0,0,0,0,0,0,0,0,0,0,0,0,0,0,0,0,0,0,0,0,0,0,255,0.2,1.31212,0.2,-0.00512204,0.238003,1,1,1,1,0,1,1,-0.469335,-3.11733,0.11145,0.0148285,-0.00281952,-0.00141759,10.9798,20744,1,367,160.794,5186,0,0.000884653,0.00130578,0.000602092,0,0,0,1,339,0.205,-3.00171e-05,2.76047e-06,5.65895e-07,6.15351e-06,1.71139e-06,5.93724e-06,-0.152455,0.175121,0.0117495,-0.0121253,-0.189076,-0.00174024,-0.000130656,0.00395778,10.4479,2,0,0,0,0,0,-1,1,-9.04602e-07,-3.41778e-06,-0.188836,0,11.1991,1,1010,1010,1010,1010,0,0,0,0,11.2036,56,0.00104453,0.00346736,56,-0.00670124,-0.00725368,56,0.000351215,0.00368981,2,0,0,1,0,0,0,0,0,56,-0.00146894,0.00204521,56,-0.00339322,0.00144473,56,-0.0033957,-0.00113183
5257186435684,5257167895000,5257167895000,5257186419036,73729,18.524,5257197060746,29.1657,0,19902,84322,0,0,1,0,0,0.008001,344,342,342,1,2.38737,2.63072,0.37017,0.228113,-0.0486908,0.0187988,-0.00011922,4.64513e-05,-0.0146788,-0.00606872,1,0.00580568,0.0149006,-0.0149006,0.00580568,1,1,-0.014352,0.00589428,-0.000548635,-8.85998e-05,0,0,0,0,0,0,0,0,0,0,0,0,0,0,0,0,0,0,0,0,0,0,0,255,0.19,2.12363,0.19,-0.0119622,0.0177905,1,1,1,1,1,1,1,-0.469335,-3.11733,0.11145,0.0148285,-0.00281952,-0.00141759,22.1495,20744,1,367,171.963,5186,0,0.000884653,0.00130578,0.000602092,0,0,0,1,342,0.195,-0.000101075,3.93673e-05,7.67662e-06,1.97097e-05,1.12411e-05,1.79147e-05,-0.152444,0.175139,0.0117456,-0.0121042,-0.189096,-0.0017265,-0.000345539,0.000330544,10.9581,1,0,0,0,0,0,-1,1,-9.04602e-07,-3.41778e-06,-0.188836,0,22.3619,1,1010,1010,1010,1010,0,0,0,0,22.3664,56,-0.0200318,0.00841769,56,-0.0159302,0.0114222,56,-0.0127187,-0.000179126,2,0,0,2,0,0,2,0,0,56,-0.0114209,0.000967458,56,-0.017632,0.00354484,56,-0.0101648,0.00919885
5257197584898,5257187918000,5257187918000,5257197574601,73729,9.6566,5257207926272,20.0083,1,19903,84323,0,0,1,0,0,0.020023,342,339,339,1,2.36922,2.55109,0.408762,0.250446,-0.0638428,-0.043335,-0.000115314,-7.74889e-05,0.00122894,-0.00185511,1,-0.00387,0.00575908,-0.00575908,-0.00387,1,1,-0.00652072,-0.00365092,0.000761642,-0.000219075,0,0,0,0,0,0,0,0,0,0,0,0,0,0,0,0,0,0,0,0,0,0,0,255,0.2,3.09958,0.2,0.00385447,-0.295331,1,1,1,1,0,1,1,-0.469335,-3.11733,0.11145,0.0148285,-0.00281952,-0.00141759,33.0262,20744,1,367,182.84,5186,0,0.000884653,0.00130578,0.000602092,0,0,0,1,339,0.205,-9.77687e-05,-6.572e-05,-1.34726e-05,2.00426e-05,-9.46606e-06,2.22172e-05,-0.152453,0.175161,0.0117491,-0.012091,-0.189144,-0.000708481,-0.000898207,-0.00306497,10.6862,1,0,0,0,0,0,-1,1,-9.04602e-07,-3.41778e-06,-0.188836,0,33.2615,1,1010,1010,1010,1010,0,0,0,0,33.266,56,-0.00118062,-0.00226251,56,-0.00595154,-0.00387934,56,-0.00412414,-0.00676468,1,0,0,2,0,0,0,0,0,56,-0.00681558,-0.0035751,56,-0.00547706,-0.00370258,56,-0.00641673,-0.00435374
5257208492536,5257199876000,5257199876000,5257208475406,73729,8.59941,5257218990412,19.1144,0,19903,84324,0,0,1,0,0,0.011958,342,341,341,1,2.34463,2.5823,0.470392,0.225316,0.0181885,-0.0386353,4.0745e-05,-8.42314e-05,0.00594393,0.00229524,1,-0.00704394,-0.00340734,0.00340734,-0.00704394,1,1,0.00166735,-0.00700822,0.00173999,-3.57215e-05,0,0,0,0,0,0,0,0,0,0,0,0,0,0,0,0,0,0,0,0,0,0,0,255,0.2,3.85825,0.2,0.00695485,0.242903,1,1,1,1,0,1,1,-0.469335,-3.11733,0.11145,0.0148285,-0.00281952,-0.00141759,44.0813,20744,1,367,193.895,5186,0,0.000884653,0.00130578,0.000602092,0,0,0,1,341,0.205,3.45049e-05,-7.14342e-05,-1.4644e-05,-7.07351e-06,-1.57109e-05,-4.19309e-06,-0.152469,0.175157,0.0117609,-0.0120796,-0.189198,0.000629941,-0.000146458,-0.00520322,10.856,1,0,0,0,0,0,-1,1,-9.04601e-07,-3.41778e-06,-0.188991,0,0.201539,1,1010,1010,1010,1010,0,0,0,0,0.204854,56,-0.000224275,-0.00614867,56,0.00567286,-0.00965625,56,-0.000874977,-0.00293906,1,0,0,2,0,0,2,0,0,56,0.00358231,-0.00643054,56,0.00557341,-0.00879901,56,0.00452337,-0.00624906
5257219524082,5257207916000,5257207916000,5257219508119,73729,11.5921,5257228412298,20.4963,0,19903,84325,0,0,1,0,0,0.00804,342,340,340,1,2.34468,2.80528,0.413132,0.227872,0.0227356,-0.0284042,5.6548e-05,-6.37878e-05,0.00440325,0.00394183,1,-0.0079338,-0.00703333,0.00703333,-0.0079338,1,1,0.00529334,-0.00789808,0.00173999,-3.57215e-05,0,0,0,0,0,0,0,0,0,0,0,0,0,0,0,0,0,0,0,0,0,0,0,255,0.2,4.70878,0.2,0.0064976,-0.00550914,1,1,1,1,0,1,1,-0.469193,-3.11746,0.1115,0.013668,-0.00354737,-0.00137628,9.41077,20745,1,367,203.318,5186,0,0.000884653,0.00130578,0.000602092,0,0,0,1,340,0.205,4.79473e-05,-5.41153e-05,-1.10936e-05,-9.82919e-06,-1.2742e-05,-7.56715e-06,-0.152482,0.17515,0.0117609,-0.0120796,-0.189198,0.000629941,-0.000146458,-0.00520322,20.2777,0,0,0,0,0,0,-1,1,-9.04601e-07,-3.41778e-06,-0.188991,0,9.63139,1,1010,1010,1010,1010,0,0,0,0,9.6347,56,0.0011296,-0.00495556,56,0.0032575,-0.00331902,56,0.0200315,-0.00473552,1,0,0,2,0,0,1,0,0,56,0.00962047,-0.0100124,56,0.00615253,-0.00960582,56,0.00494485,-0.00798855
5257228959672,5257219868000,5257219868000,5257228943968,73729,9.07597,5257238812450,18.9444,0,19903,84326,0,0,1,0,0,0.011952,340,340,340,1,2.36541,2.55469,0.391373,0.225427,0.0111084,-0.035553,8.31379e-06,-8.38879e-05,-0.00641725,-0.000453895,1,-0.00701874,-0.000695598,0.000695598,-0.00701874,1,1,-0.00105971,-0.00685559,0.00175531,-0.000163142,0,0,0,0,0,0,0,0,0,0,0,0,0,0,0,0,0,0,0,0,0,0,0,255,0.2,3.9816,0.2,0.00154226,-0.00423544,1,1,1,1,0,1,1,-0.469193,-3.11746,0.1115,0.013668,-0.00354737,-0.00137628,19.8108,20745,1,367,10.3556,5187,0,0.000884653,0.00119293,0.000381147,0,0,0,1,340,0.205,7.11967e-06,-7.1121e-05,-1.45798e-05,-1.45953e-06,-1.45928e-05,1.30957e-06,-0.152496,0.175151,0.0117701,-0.0120852,-0.189277,0.000725697,-0.000668882,-0.00517684,10.1812,2,0,0,0,0,0,-1,1,-9.04601e-07,-3.41778e-06,-0.188991,0,20.0259,1,1010,1010,1010,1010,0,0,0,0,20.0292,56,0.000997901,-0.00579132,56,0.00118727,-0.00755149,56,-0.00290002,-0.00588361,1,0,0,1,0,0,2,0,0,56,0.00229361,-0.0076533,56,-0.000776072,-0.00581355,56,2.82449e-05,-0.00224697
5257239343695,5257227898000,5257227898000,5257239327788,73729,11.4298,5257248507635,20.6096,0,19903,84327,0,0,1,0,0,0.00803,340,339,339,1,2.34609,2.73258,0.452633,0.220465,0.0147095,0.0145569,1.91902e-05,2.67877e-05,0.00320767,-0.00161275,1,0.00333595,-0.00238982,0.00238982,0.00333595,1,1,0.00195019,0.00331882,0.000439625,1.71313e-05,0,0,0,0,0,0,0,0,0,0,0,0,0,0,0,0,0,0,0,0,0,0,0,255,0.2,4.27475,0.2,0.00247118,0.00339272,1,1,1,1,1,1,1,-0.469193,-3.11746,0.1115,0.013668,-0.00354737,-0.00137628,29.5052,20745,1,367,20.0498,5187,0,0.000884653,0.00119293,0.000381147,0,0,0,1,339,0.205,1.62481e-05,2.27182e-05,4.65722e-06,-3.33085e-06,3.94756e-06,-4.14738e-06,-0.152492,0.175147,0.0117575,-0.0120835,-0.189268,-0.000306008,7.02383e-05,-0.00168678,9.50953,1,0,0,0,0,0,-1,1,-9.04601e-07,-3.41778e-06,-0.188991,0,29.7261,1,1010,1010,1010,1010,0,0,0,0,29.7294,56,0.00450455,-0.0049603,56,0.0132118,0.00858188,56,-0.000553797,0.00410274,2,0,0,1,0,0,0,0,0,56,0.00350104,0.00379046,56,0.00317367,0.00381407,56,0.00525897,0.00283997
5257249092954,5257239869000,5257239869000,5257249075546,73729,9.20655,5257259924203,20.0552,0,19903,84328,0,0,1,0,0,0.011971,343,340,340,1,2.37759,2.76446,0.40491,0.224076,-0.0214996,0.0462036,-4.90094e-05,7.73553e-05,0.00277453,0.00329395,1,0.00646189,0.00409401,-0.00409401,0.00646189,1,1,-0.00338294,0.00610377,-0.000711072,0.00035812,0,0,0,0,0,0,0,0,0,0,0,0,0,0,0,0,0,0,0,0,0,0,0,255,0.2,3.87944,0.2,-0.00323873,0.00668118,1,1,1,1,0,1,1,-0.469193,-3.11746,0.1115,0.013668,-0.00354737,-0.00137628,40.9234,20745,1,367,31.4681,5187,0,0.000884653,0.00119293,0.000381147,0,0,0,1,340,0.205,-4.15776e-05,6.55866e-05,1.34452e-05,8.5234e-06,1.48063e-05,5.84194e-06,-0.152478,0.175153,0.0117457,-0.012054,-0.189234,-0.000880619,0.00146829,0.00162782,11.2361,1,0,0,0,0,0,-1,1,-9.04601e-07,-3.41778e-06,-0.188991,0,41.1503,1,1010,1010,1010,1010,0,0,0,0,41.1537,56,-9.12486e-05,0.00136792,56,-0.00826324,0.0100931,56,-0.000889236,0.00671775,2,0,0,2,0,0,0,0,0,56,-0.00383294,0.00751733,56,-0.00157329,0.00454337,56,-0.00433752,0.00635958
5257260458188,5257247914000,5257247914000,5257260442169,73729,12.5282,5257269745036,21.831,0,19903,84329,0,0,1,0,0,0.008045,342,339,339,1,2.35119,2.97593,0.493281,0.217113,0.00259399,0.0725708,3.47023e-05,0.000144151,0.0116041,-0.00835165,1,0.0179181,-0.00431353,0.00431353,0.0179181,1,1,0.00584166,0.0173553,-0.00152813,0.000562781,0,0,0,0,0,0,0,0,0,0,0,0,0,0,0,0,0,0,0,0,0,0,0,255,0.19,5.0503,0.19,0.0056076,-0.135984,1,1,1,1,0,1,1,-0.469193,-3.11746,0.1115,0.013668,-0.00354737,-0.00137628,50.7408,20745,1,367,41.2855,5187,0,0.000884653,0.00119293,0.000381147,0,0,0,1,339,0.195,2.94197e-05,0.000122275,2.38436e-05,-5.73685e-06,2.23386e-05,-1.01178e-05,-0.152455,0.175142,0.0117442,-0.0120507,-0.189178,-0.000557514,0.00219485,0.00432177,9.63617,1,0,0,0,0,0,-1,1,-9.04601e-07,-3.41778e-06,-0.188863,0,0.206261,1,1010,1010,1010,1010,0,0,0,0,0.209742,56,0.00573261,0.0230794,56,0.00483035,0.00807368,56,0.0015836,0.011118,1,0,0,2,0,0,0,0,0,56,-0.00107354,0.0194566,56,0.000739382,0.0231572,56,0.00383565,0.0187956
5257270277429,5257255923000,5257255923000,5257270259966,73729,14.337,5257280038021,24.115,0,19903,84330,0,0,1,0,0,0.008009,342,341,341,1,2.37296,2.99432,0.475763,0.220946,0.00619507,0.030426,-4.19157e-06,4.52e-05,-0.0107923,0.00307364,1,0.00564365,0.000523358,-0.000523358,0.00564365,1,1,0.00118929,0.00562218,-0.00171265,2.14639e-05,0,0,0,0,0,0,0,0,0,0,0,0,0,0,0,0,0,0,0,0,0,0,0,255,0.2,4.52974,0.2,0.00395158,-0.405339,1,1,1,1,0,1,1,-0.468991,-3.1176,0.111579,0.0133111,-0.00366964,-0.00115478,10.2849,20746,1,367,51.5844,5187,0,0.000884653,0.00119293,0.000381147,0,0,0,1,341,0.205,-3.52165e-06,3.83285e-05,7.85734e-06,7.21938e-07,7.85229e-06,-7.68008e-07,-0.152447,0.175142,0.0117447,-0.0120624,-0.189122,0.000203605,8.80021e-05,0.00578037,10.0841,1,0,0,0,0,0,-1,1,-9.04601e-07,-3.41778e-06,-0.188863,0,10.5035,1,1010,1010,1010,1010,0,0,0,0,10.507,56,0.00799502,-0.00192996,56,-0.0151582,0.00603955,56,-0.000408012,0.00778935,2,0,0,2,0,0,1,0,0,56,0.0023221,0.010909,56,-0.00200618,0.00893568,56,0.000153139,0.00720872
5257280569488,5257267895000,5257267895000,5257280553840,73729,12.6588,5257290754843,22.8598,0,19903,84331,0,0,1,0,0,0.011972,342,342,342,1,2.35324,2.92165,0.452874,0.231298,0.000907898,0.0153656,-3.47907e-05,7.88011e-07,-0.0143578,0.00216399,1,6.58211e-05,0.002906,-0.002906,6.58211e-05,1,1,-0.00154629,5.21547e-05,-0.00135971,1.36664e-05,0,0,0,0,0,0,0,0,0,0,0,0,0,0,0,0,0,0,0,0,0,0,0,255,0.21,4.89143,0.21,0.0200663,0.399162,1,1,1,1,0,1,1,-0.468991,-3.1176,0.111579,0.0133111,-0.00366964,-0.00115478,21.002,20746,1,367,62.3015,5187,0,0.000884653,0.00119293,0.000381147,0,0,0,1,342,0.215,-2.94392e-05,6.72789e-07,1.4465e-07,6.32944e-06,1.3308e-06,6.18918e-06,-0.152446,0.175148,0.0117443,-0.0120581,-0.189088,0.000303774,5.87655e-05,0.00492042,10.4995,1,0,0,0,0,0,-1,1,-9.04601e-07,-3.41778e-06,-0.188863,0,21.225,1,1010,1010,1010,1010,0,0,0,0,21.2284,56,-0.00478159,0.00377059,56,-0.00663642,-0.00181197,56,0.000137849,0.00103824,2,0,0,1,0,0,3,0.0114077,-0.267961,56,-0.00407623,0.0026481,56,-0.00280347,0.00234693,56,-0.00418637,0.00630733
5257291284903,5257275910000,5257275910000,5257291269088,73729,15.3591,5257301403516,25.4935,0,19903,84332,0,0,1,0,0,0.008015,344,341,341,1,2.35966,2.95815,0.420688,0.225038,0.0250549,0.0127258,4.84932e-05,4.06711e-05,-0.000432483,-0.00717803,1,0.00507437,-0.00605031,0.00605031,0.00507437,1,1,0.00676166,0.00503478,-0.000711353,3.95906e-05,0,0,0,0,0,0,0,0,0,0,0,0,0,0,0,0,0,0,0,0,0,0,0,255,0.2,5.44847,0.2,-0.0186502,0.456167,1,1,1,1,1,1,1,-0.468991,-3.1176,0.111579,0.0133111,-0.00366964,-0.00115478,31.6501,20746,1,367,72.9498,5187,0,0.000884653,0.00119293,0.000381147,0,0,0,1,341,0.205,4.11513e-05,3.45075e-05,7.07404e-06,-8.43603e-06,5.36303e-06,-9.6149e-06,-0.152441,0.175138,0.0117382,-0.0120584,-0.189092,-0.000206517,0.000162321,0.00216802,10.4567,1,0,0,0,0,0,-1,1,-9.04601e-07,-3.41778e-06,-0.188863,0,31.8672,1,1010,1010,1010,1010,0,0,0,0,31.8706,56,0.0106295,0.00722687,56,0.00339403,-0.00113668,56,0.000694576,0.00592473,3,0.00251803,0.011114,2,0,0,0,0,0,56,0.00197491,0.00400082,56,0.00701991,0.0029655,56,0.00880987,0.00479858
5257301999039,5257287894000,5257287894000,5257301980169,73729,14.0862,5257312591767,24.6978,0,19903,84333,0,0,1,0,0,0.011984,341,341,341,1,2.40331,2.79176,0.439503,0.22541,0.00588989,-0.0032196,-1.00031e-05,-1.87717e-05,-0.00401071,0.00382743,1,-0.0015664,0.000834703,-0.000834703,-0.0015664,1,1,-0.00118265,-0.00172195,0.000347947,0.000155549,0,0,0,0,0,0,0,0,0,0,0,0,0,0,0,0,0,0,0,0,0,0,0,255,0.21,6.00367,0.21,-0.0346738,-0.204639,1,1,1,1,0,1,1,-0.468991,-3.1176,0.111579,0.0133111,-0.00366964,-0.00115478,42.8529,20746,1,367,84.1524,5187,0,0.000884653,0.00119293,0.000381147,0,0,0,1,341,0.215,-8.48526e-06,-1.5938e-05,-3.42666e-06,1.82433e-06,-3.02265e-06,2.43586e-06,-0.152444,0.175141,0.0117453,-0.0120533,-0.189115,0.000267471,0.000668862,-0.000982962,10.9972,1,0,0,0,0,0,-1,1,-9.04601e-07,-3.41778e-06,-0.188863,0,43.0714,1,1010,1010,1010,1010,0,0,0,0,43.0749,56,-0.00551509,0.00111041,56,0.00371324,-0.00137951,56,0.00139745,0.00237123,1,0,0,1,0,0,3,-0.0262168,-0.052071,56,0.00132812,-0.00288297,56,5.96879e-05,-0.00175676,56,-0.000953469,-0.0031303
5257313147475,5257295971000,5257295971000,5257313130327,73729,17.1593,5257322445861,26.4749,0,19903,84334,0,0,1,0,0,0.008077,342,341,341,1,2.39667,2.86456,0.498856,0.247335,0.0132751,-0.0360413,3.04077e-05,-7.23183e-05,0.0016218,-0.0027678,1,-0.00895361,-0.00376473,0.00376473,-0.00895361,1,1,0.00257084,-0.00868263,0.00119389,-0.000270978,0,0,0,0,0,0,0,0,0,0,0,0,0,0,0,0,0,0,0,0,0,0,0,255,0.2,7.02292,0.2,-0.000937709,0.437293,1,1,1,1,0,1,1,-0.469391,-3.11763,0.11166,0.00947476,-0.0021411,-0.00147832,1.09747,20747,1,367,93.98,5187,0,0.000884653,0.00119293,0.000381147,0,0,0,1,341,0.205,2.57918e-05,-6.12729e-05,-1.25609e-05,-5.28732e-06,-1.33295e-05,-2.83074e-06,-0.152457,0.175138,0.0117541,-0.0120314,-0.189185,0.000751382,-0.00111101,-0.00331486,0.929581,2,0,0,0,0,0,-1,1,-9.04601e-07,-3.41778e-06,-0.188926,0,1.31521,1,1010,1010,1010,1010,0,0,0,0,1.31901,56,0.00252337,-0.00477625,56,0.00739035,-0.0123862,56,0.00398261,-0.00931252,2,0,0,2,0,0,1,0,0,56,0.00313015,-0.00573202,56,0.00240154,-0.00720459,56,0.00388673,-0.0077657
5257322954920,5257307895000,5257307895000,5257322939216,73729,15.0442,5257334092189,26.1972,0,19903,84335,0,0,1,0,0,0.011924,339,339,339,1,2.3928,3.37297,0.358466,0.222483,-0.00738525,-0.0736542,-3.50099e-05,-0.000135232,-0.00106917,0.00129599,1,-0.0113412,0.00293609,-0.00293609,-0.0113412,1,1,-0.00425522,-0.0108928,0.00131914,-0.000448413,0,0,0,0,0,0,0,0,0,0,0,0,0,0,0,0,0,0,0,0,0,0,0,255,0.2,6.66236,0.2,-0.0130579,-0.368658,1,1,1,1,0,1,1,-0.469391,-3.11763,0.11166,0.00947476,-0.0021411,-0.00147832,12.772,20747,1,367,105.655,5187,0,0.000884653,0.00119293,0.000381147,0,0,0,1,339,0.205,-2.96941e-05,-0.000114717,-2.35169e-05,6.08729e-06,-2.19518e-05,1.04007e-05,-0.152479,0.175148,0.0117541,-0.0120314,-0.189185,0.000810246,-0.00183849,-0.00367857,12.5776,0,0,0,0,0,0,-1,1,-9.04601e-07,-3.41778e-06,-0.188926,0,12.9917,1,1010,1010,1010,1010,0,0,0,0,12.9955,56,-0.00628746,-0.0155636,56,-0.00277483,-0.0069047,56,-0.00265594,-0.0100388,0,0,0,2,0,0,1,0,0,56,-5.59121e-06,-0.0129912,56,-0.00153483,-0.0132226,56,-0.0012808,-0.0128677
5257334657342,5257315929000,5257315929000,5257334640471,73729,18.7115,5257343969005,28.04,0,19903,84336,0,0,1,0,0,0.008034,341,340,340,1,2.39244,2.67372,0.436133,0.226669,-0.0075531,-0.0435791,6.80986e-06,-5.95958e-05,0.00613467,-0.00750677,1,-0.00741794,-0.00084763,0.00084763,-0.00741794,1,1,-0.000345867,-0.00720794,0.0011935,-0.000210008,0,0,0,0,0,0,0,0,0,0,0,0,0,0,0,0,0,0,0,0,0,0,0,255,0.2,8.23066,0.2,-0.00157202,-0.00779716,1,1,1,1,0,1,1,-0.469391,-3.11763,0.11166,0.00947476,-0.0021411,-0.00147832,22.6809,20747,1,367,115.563,5187,0,0.000884653,0.00119293,0.000381147,0,0,0,1,340,0.205,5.76626e-06,-5.04921e-05,-1.03509e-05,-1.18208e-06,-1.03876e-05,7.85846e-07,-0.152489,0.175149,0.0117552,-0.0119748,-0.18922,0.000296495,-0.000861032,-0.00367747,9.663,1,0,0,0,0,0,-1,1,-9.04601e-07,-3.41778e-06,-0.188926,0,22.9102,1,1010,1010,1010,1010,0,0,0,0,22.914,56,-0.00163549,-0.000412474,56,0.00199872,-0.0149036,56,0.00149369,-0.00984158,2,0,0,1,0,0,1,0,0,56,-0.00463964,-0.01049,56,-0.000242465,-0.00663835,56,-0.000971473,-0.0124661
5257344588695,5257335944000,5257335944000,5257344580806,73729,8.63681,5257354697234,18.7532,1,19904,84337,0,0,1,0,0,0.020015,342,341,341,1,2.35278,2.62341,0.425892,0.221502,-0.0680237,-0.00915527,-9.39478e-05,-5.97048e-06,0.00730916,-0.000143359,1,-0.0002983,0.00469387,-0.00469387,-0.0002983,1,1,-0.00535017,-0.000235452,0.000656303,-6.28487e-05,0,0,0,0,0,0,0,0,0,0,0,0,0,0,0,0,0,0,0,0,0,0,0,255,0.21,7.99504,0.21,-0.00733943,0.208625,1,1,1,1,1,1,1,-0.469391,-3.11763,0.11166,0.00947476,-0.0021411,-0.00147832,33.3591,20747,1,367,126.241,5187,0,0.000884653,0.00119293,0.000381147,0,0,0,1,341,0.215,-7.97478e-05,-5.10037e-06,-1.09658e-06,1.71458e-05,2.14576e-06,1.70453e-05,-0.152487,0.175166,0.0117321,-0.0119227,-0.189236,-0.000833829,-0.000270249,-0.00292475,10.468,1,0,0,0,0,0,-1,1,-9.04601e-07,-3.41778e-06,-0.188926,0,33.5742,1,1010,1010,1010,1010,0,0,0,0,33.578,56,-0.00766713,0.00156234,56,-0.00844474,-0.00283933,56,-0.00242651,-0.00146397,2,0,0,1,0,0,2,0,0,56,-0.00416919,-0.00127927,56,-0.00450009,-0.0022437,56,-0.00494417,0.00041101
5257355954818,5257347883000,5257347883000,5257355939873,73729,8.05687,5257367366867,19.4839,0,19904,84338,0,0,1,0,0,0.011939,343,341,341,1,2.35804,2.55008,0.403763,0.226761,-0.00604248,-0.000610352,-2.54568e-06,6.27631e-06,0.00156688,-0.00104406,1,0.000525699,0.000213224,-0.000213224,0.000525699,1,1,-0.00044678,0.000447156,0.000233556,7.85422e-05,0,0,0,0,0,0,0,0,0,0,0,0,0,0,0,0,0,0,0,0,0,0,0,255,0.2,-0.941173,0.2,1.38242e-05,-0.347868,1,1,1,1,0,1,1,-0.469391,-3.11763,0.11166,0.00947476,-0.0021411,-0.00147832,46.0327,20747,1,367,138.915,5187,0,0.000884653,0.00119293,0.000381147,0,0,0,1,341,0.205,-2.16111e-06,5.30988e-06,1.08853e-06,4.43028e-07,1.15229e-06,2.30348e-07,-0.152486,0.175166,0.0117292,-0.0118614,-0.189241,-0.000922431,0.000322023,-0.00150401,12.4772,1,0,0,0,0,0,-1,1,-9.04601e-07,-3.41778e-06,-0.188926,0,46.2584,1,1010,1010,1010,1010,0,0,0,0,0.184353,56,-0.00329255,0.000208106,56,0.000678703,0.00812472,56,0.00289914,-0.00461292,2,0,0,2,0,0,1,0,0,56,-0.00163049,-0.000796607,56,-0.000640149,0.00112529,56,-0.000888351,-0.000268103
5257367872852,5257355911000,5257355911000,5257367857982,73729,11.947,5257376624418,20.7134,0,19904,84339,0,0,1,0,0,0.008028,341,339,339,1,2.3372,2.64702,0.434614,0.218243,0.000335693,-0.00915527,-1.52367e-05,-2.17896e-05,-0.00205002,0.00105846,1,-0.0027142,0.00189794,-0.00189794,-0.0027142,1,1,-0.00182211,-0.00264721,-7.58308e-05,-6.69901e-05,0,0,0,0,0,0,0,0,0,0,0,0,0,0,0,0,0,0,0,0,0,0,0,255,0.2,0.846988,0.2,0.000896746,-0.00209046,1,1,1,1,0,1,1,-0.470627,-3.11745,0.111772,0.00686943,-0.00275616,-0.00127283,0.05613,20748,1,367,148.199,5187,0,0.000884653,0.00119293,0.000381147,0,0,0,1,339,0.205,-1.291e-05,-1.8508e-05,-3.79415e-06,2.64654e-06,-3.22873e-06,3.31283e-06,-0.152489,0.17517,0.0117339,-0.0118082,-0.18923,-0.000123776,-0.000274659,0.000149704,9.06675,1,0,0,0,0,0,-1,1,-9.04601e-07,-3.41778e-06,-0.188957,0,0.272743,1,1010,1010,1010,1010,0,0,0,0,9.46072,56,-0.00111685,-0.00777098,56,0.000147241,-0.000128197,56,0.000605961,0.0027312,1,0,0,1,0,0,1,0,0,56,0.00343791,-0.00363676,56,-0.00262986,-0.00163224,56,-0.000647088,-0.00603683
5257377201219,5257367890000,5257367890000,5257377183441,73729,9.29344,5257386869718,18.9797,0,19904,84340,0,0,1,0,0,0.011979,341,341,341,1,2.37393,2.51167,0.432837,0.225724,0.0124207,0.0443726,2.28467e-05,6.95837e-05,-0.0045724,0.00282636,1,0.00580881,-0.00190723,0.00190723,0.00580881,1,1,0.00226575,0.00565583,-0.000358522,0.000152981,0,0,0,0,0,0,0,0,0,0,0,0,0,0,0,0,0,0,0,0,0,0,0,255,0.2,-0.004574,0.2,0.00235846,0.00569447,1,1,1,1,0,1,1,-0.470627,-3.11745,0.111772,0.00686943,-0.00275616,-0.00127283,10.2708,20748,1,367,158.413,5187,0,0.000884653,0.00119293,0.000381147,0,0,0,1,341,0.205,1.93752e-05,5.90331e-05,1.21018e-05,-3.97192e-06,1.11386e-05,-6.17666e-06,-0.152478,0.175163,0.0117334,-0.0115829,-0.189193,0.000244634,0.000627224,0.00137166,10.0448,2,0,0,0,0,0,-1,1,-9.04601e-07,-3.41778e-06,-0.188957,0,10.4925,1,1010,1010,1010,1010,0,0,0,0,19.6805,56,0.00267131,0.0074909,56,0.000118675,0.00184511,56,0.0019091,0.00846391,1,0,0,1,0,0,3,-0.000815813,-0.0508726,56,0.00130527,0.0105648,56,0.00154795,0.00632473,56,-0.000116934,0.00677481
5257387427556,5257375912000,5257375912000,5257387411296,73729,11.4993,5257396392716,20.4807,0,19904,84341,0,0,1,0,0,0.008022,341,341,341,1,2.34039,2.62559,0.402781,0.221539,0.00848389,0.0638123,2.19483e-05,0.000131083,-0.00373685,-0.0035041,1,0.0163405,-0.00273602,0.00273602,0.0163405,1,1,0.00337853,0.0159118,-0.000642511,0.000428724,0,0,0,0,0,0,0,0,0,0,0,0,0,0,0,0,0,0,0,0,0,0,0,255,0.2,0.076038,0.2,0.00225745,0.0131438,1,1,1,1,0,1,1,-0.470627,-3.11745,0.111772,0.00686943,-0.00275616,-0.00127283,19.7924,20748,1,367,167.935,5187,0,0.000884653,0.00119293,0.000381147,0,0,0,1,341,0.205,1.86622e-05,0.000111162,2.27882e-05,-3.82575e-06,2.16614e-05,-8.04213e-06,-0.152456,0.175155,0.0117431,-0.0114736,-0.189165,0.000189628,0.00175777,0.00225914,9.33457,1,0,0,0,0,0,-1,1,-9.04601e-07,-3.41778e-06,-0.188957,0,20.0077,1,1010,1010,1010,1010,0,0,0,0,29.1957,56,0.00415133,0.0111416,56,-0.00678094,0.017029,56,-0.001784,0.0109843,2,0,0,1,0,0,2,0,0,56,-0.000149242,0.0168065,56,0.00272512,0.0175293,56,0.00322899,0.0166447
5257396946350,5257387886000,5257387886000,5257396929350,73729,9.04335,5257407653246,19.7672,0,19904,84342,0,0,1,0,0,0.011974,343,342,342,1,2.37472,2.60415,0.438429,0.223946,0.0413971,0.0634613,8.30549e-05,8.14284e-05,0.0045469,0.00548389,1,0.00680043,-0.00693627,0.00693627,0.00680043,1,1,0.00726432,0.00652192,-0.000328045,0.000278512,0,0,0,0,0,0,0,0,0,0,0,0,0,0,0,0,0,0,0,0,0,0,0,255,0.2,-0.549208,0.2,0.00503595,0.00688783,1,1,1,1,1,1,1,-0.470627,-3.11745,0.111772,0.00686943,-0.00275616,-0.00127283,31.054,20748,1,367,179.197,5187,0,0.000884653,0.00119293,0.000381147,0,0,0,1,342,0.205,7.04249e-05,6.90645e-05,1.41582e-05,-1.44371e-05,1.11924e-05,-1.68409e-05,-0.152445,0.175139,0.0117672,-0.0113839,-0.189145,0.00150151,0.0011419,0.0022772,11.0769,1,0,0,0,0,0,-1,1,-9.04601e-07,-3.41778e-06,-0.188957,0,31.2721,1,1010,1010,1010,1010,0,0,0,0,40.46,56,0.00955782,0.0111282,56,0.0115313,-0.00222001,56,0.00573599,0.0102861,2,0,0,2,0,0,2,0,0,56,0.00644177,0.00900241,56,0.00651425,0.00739682,56,0.00696133,0.00969535
5257408261880,5257395929000,5257395929000,5257408244232,73729,12.3152,5257417388634,21.4596,0,19904,84343,0,0,1,0,0,0.008043,342,340,340,1,2.34461,2.57359,0.367595,0.22239,0.0194397,0.00696564,9.92094e-06,1.99515e-05,-0.00971949,0.00157664,1,0.0024806,-0.00123349,0.00123349,0.0024806,1,1,0.0014285,0.00259112,-0.000195009,-0.00011052,0,0,0,0,0,0,0,0,0,0,0,0,0,0,0,0,0,0,0,0,0,0,0,255,0.2,0.623727,0.2,0.0023725,0.00025595,1,1,1,1,0,1,1,-0.470627,-3.11745,0.111772,0.00686943,-0.00275616,-0.00127283,40.7886,20748,1,367,188.932,5187,0,0.000884653,0.00119293,0.000381147,0,0,0,1,340,0.205,8.40834e-06,1.68875e-05,3.46194e-06,-1.72371e-06,3.07618e-06,-2.34371e-06,-0.152442,0.175136,0.0117722,-0.0113203,-0.189128,0.00154977,-0.000453134,0.00187945,9.54802,1,0,0,0,0,0,-1,1,-9.04601e-07,-3.41778e-06,-0.188957,0,41.0019,1,1010,1010,1010,1010,0,0,0,0,0.204909,56,-0.00522224,-0.00272011,56,-0.00876801,0.00504602,56,0.00609576,0.00483043,2,0,0,1,0,0,1,0,0,56,0.00592896,0.00301991,56,0.00661418,-8.895e-05,56,-0.000163162,0.00189296
5257417935064,5257407876000,5257407876000,5257417918842,73729,10.0428,5257427927603,20.0516,0,19904,84344,0,0,1,0,0,0.011947,342,341,331,0.970674,2.37965,2.76717,0.451874,0.216187,0.0124054,-0.0307312,9.53212e-06,-4.87525e-05,-0.00279218,-0.00207889,1,-0.00408073,-0.000797867,0.000797867,-0.00408073,1,1,0.000800978,-0.0039114,-3.11076e-06,-0.000169327,0,0,0,0,0,0,0,0,0,0,0,0,0,0,0,0,0,0,0,0,0,0,0,255,0.21,0.125316,0.21,-0.000684696,0.00302888,1,1,1,1,0,1,1,-0.472306,-3.11721,0.111877,-0.00034413,-0.000648454,-0.00183058,0.915266,20749,1,367,0.8796,5188,0,0.000884653,0.000965169,0.000266924,0,0,0,1,331,0.215,8.09069e-06,-4.13197e-05,-8.88373e-06,-1.7395e-06,-9.05155e-06,-3.83491e-08,-0.152451,0.175136,0.0117769,-0.0111931,-0.189128,0.000630285,-0.000728106,0.000514929,0.711136,2,0,0,0,0,0,-1,1,-9.04601e-07,-3.41778e-06,-0.188864,0,1.14758,1,1010,1010,1010,1010,0,0,0,0,10.7587,56,0.00554631,-0.000189937,56,0.00162954,-0.00372789,56,0.000814749,-0.00202957,2,0,0,2,0,0,1,0,0,56,-0.000216682,-0.00689889,56,0.00112068,-0.00554357,46,0.00319443,-0.00544885
5257428458496,5257415928000,5257415928000,5257428443810,73729,12.5158,5257437461619,21.5336,0,19904,84345,0,0,1,0,0,0.008052,342,341,341,1,2.36044,2.61154,0.444577,0.223354,-0.00280762,-0.0239258,-7.26266e-06,-5.06558e-05,-0.00225697,-0.00404397,1,-0.00629108,0.00090197,-0.00090197,-0.00629108,1,1,-0.000958608,-0.0061798,5.66377e-05,-0.000111284,0,0,0,0,0,0,0,0,0,0,0,0,0,0,0,0,0,0,0,0,0,0,0,255,0.2,0.491486,0.2,0.0170286,0.426975,1,1,1,1,0,1,1,-0.472306,-3.11721,0.111877,-0.00034413,-0.000648454,-0.00183058,10.4501,20749,1,367,10.4144,5188,0,0.000884653,0.000965169,0.000266924,0,0,0,1,341,0.205,-6.16586e-06,-4.29636e-05,-8.80754e-06,1.264e-06,-8.4125e-06,2.89714e-06,-0.15246,0.175139,0.0117769,-0.0111931,-0.189128,0.000224541,-0.000456264,-6.1388e-06,10.2384,0,0,0,0,0,0,-1,1,-9.04601e-07,-3.41778e-06,-0.188864,0,10.6777,1,1010,1010,1010,1010,0,0,0,0,20.2888,56,-0.00353681,-0.0100436,56,-0.00164533,0.000157109,56,0.00108598,-0.00464839,2,0,0,1,0,0,2,0,0,56,-0.000774929,-0.00607853,56,-0.000205044,-0.00575645,56,-0.00046503,-0.00327887
5257438007883,5257427886000,5257427886000,5257437992327,73729,10.1063,5257448333979,20.448,0,19904,84346,0,0,1,0,0,0.011958,341,340,340,1,2.38167,2.5718,0.398114,0.222058,-0.0266876,-0.0188751,-5.12413e-05,-3.59252e-05,-0.00119407,-0.000752109,1,-0.00300428,0.0042851,-0.0042851,-0.00300428,1,1,-0.00444542,-0.00291305,0.000160311,-9.12265e-05,0,0,0,0,0,0,0,0,0,0,0,0,0,0,0,0,0,0,0,0,0,0,0,255,0.21,-0.092704,0.21,-0.0100591,-0.298956,1,1,1,1,0,1,1,-0.472306,-3.11721,0.111877,-0.00034413,-0.000648454,-0.00183058,21.3238,20749,1,367,21.2882,5188,0,0.000884653,0.000965169,0.000266924,0,0,0,1,340,0.215,-4.34243e-05,-3.0462e-05,-6.54933e-06,9.33623e-06,-4.67808e-06,1.04006e-05,-0.152464,0.175149,0.0117644,-0.0111516,-0.189142,-0.000700947,-0.000392274,-0.00111223,10.6887,1,0,0,0,0,0,-1,1,-9.04601e-07,-3.41778e-06,-0.188864,0,21.5527,1,1010,1010,1010,1010,0,0,0,0,31.1638,56,0.000278626,0.000998818,56,-0.00661748,-0.00260117,56,0.00211629,-0.00282756,1,0,0,2,0,0,1,0,0,56,-0.00643195,-0.00260761,56,-0.00413419,-0.00215532,56,-0.00456458,-0.00536788
5257448884594,5257435905000,5257435905000,5257448869520,73729,12.9645,5257457997071,22.0921,0,19904,84347,0,0,1,0,0,0.008019,341,340,340,1,2.35679,2.51998,0.5273,0.221649,-0.0271072,-0.0288773,-5.67353e-05,-5.38947e-05,0.00423398,-0.000255779,1,-0.00672088,0.00707511,-0.00707511,-0.00672088,1,1,-0.00741203,-0.00647807,0.000336924,-0.000242804,0,0,0,0,0,0,0,0,0,0,0,0,0,0,0,0,0,0,0,0,0,0,0,255,0.21,0.635282,0.21,-0.015236,0.452554,1,1,1,1,1,1,1,-0.472306,-3.11721,0.111877,-0.00034413,-0.000648454,-0.00183058,30.9851,20749,1,367,30.9493,5188,0,0.000884653,0.000965169,0.000266924,0,0,0,1,340,0.215,-4.8121e-05,-4.56743e-05,-9.81997e-06,1.0346e-05,-7.70022e-06,1.20074e-05,-0.152472,0.175161,0.0117602,-0.0111175,-0.189164,-0.000878502,-0.00104406,-0.00186182,9.454,1,0,0,0,0,0,-1,1,-9.04601e-07,-3.41778e-06,-0.188864,0,31.1981,1,1010,1010,1010,1010,0,0,0,0,40.8092,56,-0.001787,-0.00060167,56,0.00670731,-0.0102741,56,-0.0079519,-0.0035118,1,0,0,2,0,0,1,0,0,56,-0.00372343,-0.00615964,56,-0.00958177,-0.00429849,56,-0.00760798,-0.00718331
5257458590297,5257447876000,5257447876000,5257458573297,73729,10.6973,5257469124618,21.2486,0,19904,84348,0,0,1,0,0,0.011971,340,340,340,1,2.37194,2.61944,0.407948,0.227724,-0.026413,-0.043541,-2.58344e-05,-8.9465e-05,0.00784073,-0.00182851,1,-0.00747348,0.00215808,-0.00215808,-0.00747348,1,1,-0.00266969,-0.00724794,0.000511616,-0.000225541,0,0,0,0,0,0,0,0,0,0,0,0,0,0,0,0,0,0,0,0,0,0,0,255,0.2,0.18176,0.2,-0.0027415,0.0705998,1,1,1,1,0,1,1,-0.472306,-3.11721,0.111877,-0.00034413,-0.000648454,-0.00183058,42.1139,20749,1,367,42.0783,5188,0,0.000884653,0.000965169,0.000266924,0,0,0,1,340,0.205,-2.19276e-05,-7.58603e-05,-1.55514e-05,4.49515e-06,-1.44282e-05,7.33911e-06,-0.152486,0.175169,0.0117587,-0.0110796,-0.189183,-0.000699349,-0.000924718,-0.00223758,10.9479,1,0,0,0,0,0,-1,1,-9.04601e-07,-3.41778e-06,-0.188943,0,0.204724,1,1010,1010,1010,1010,0,0,0,0,0.208557,56,0.00154113,-0.0109999,56,-0.00396908,4.31199e-05,56,-0.000429224,-0.00857923,1,0,0,2,0,0,1,0,0,56,-0.00357006,-0.00419908,56,-0.00446059,-0.00620644,56,-0.00215961,-0.00932489
5257469662992,5257455903000,5257455903000,5257469646622,73729,13.7436,5257478441003,22.538,0,19904,84349,0,0,1,0,0,0.008027,342,340,340,1,2.36655,2.55085,0.399374,0.262873,-0.015274,-0.0322113,-3.17585e-05,-4.96367e-05,-0.00668143,0.00268284,1,-0.00618372,0.00395646,-0.00395646,-0.00618372,1,1,-0.00446808,-0.00595818,0.000511616,-0.000225541,0,0,0,0,0,0,0,0,0,0,0,0,0,0,0,0,0,0,0,0,0,0,0,255,0.2,1.12221,0.2,-0.00711023,-0.407737,1,1,1,1,0,1,1,-0.474192,-3.11685,0.111966,-0.00393871,-4.44687e-05,-0.00136702,9.30357,20750,1,367,51.3974,5188,0,0.000884653,0.000965169,0.000266924,0,0,0,1,340,0.205,-2.69279e-05,-4.21213e-05,-8.63486e-06,5.52023e-06,-7.44295e-06,7.04524e-06,-0.152494,0.175176,0.0117587,-0.0110796,-0.189183,-0.000699349,-0.000924718,-0.00223758,20.2652,0,0,0,0,0,0,-1,1,-9.04601e-07,-3.41778e-06,-0.188943,0,9.51868,1,1010,1010,1010,1010,0,0,0,0,9.52252,56,-0.00628984,-0.0117316,56,-0.00325692,-0.000678132,56,-0.000883562,-0.00879011,2,0,0,1,0,0,1,0,0,56,-0.00505281,-0.0105522,56,-0.00567438,-0.00669806,56,-0.00692016,-0.00740161
5257478974007,5257467906000,5257467906000,5257478957340,73729,11.0513,5257489611477,21.7055,0,19904,84350,0,0,1,0,0,0.012003,343,342,342,1,2.36552,2.64765,0.443873,0.228002,-0.0126114,-0.0347137,2.19549e-05,-5.27901e-05,0.00998112,-0.00760246,1,-0.00439808,-0.00182911,0.00182911,-0.00439808,1,1,0.00140468,-0.00427748,0.000424431,-0.000120594,0,0,0,0,0,0,0,0,0,0,0,0,0,0,0,0,0,0,0,0,0,0,0,255,0.2,0.261761,0.2,0.000308397,-0.0937261,1,1,1,1,0,1,1,-0.474192,-3.11685,0.111966,-0.00393871,-4.44687e-05,-0.00136702,20.4727,20750,1,367,62.5665,5188,0,0.000884653,0.000965169,0.000266924,0,0,0,1,342,0.205,1.86015e-05,-4.47178e-05,-9.16716e-06,-3.81331e-06,-9.71968e-06,-2.02108e-06,-0.152504,0.175174,0.0117472,-0.0109974,-0.189203,-0.00058326,-0.000494435,-0.00185874,10.9465,2,0,0,0,0,0,-1,1,-9.04601e-07,-3.41778e-06,-0.188943,0,20.693,1,1010,1010,1010,1010,0,0,0,0,20.6969,56,0.00476745,-0.00127649,56,-0.000386978,-0.00954053,56,0.00251595,-0.00779315,2,0,0,2,0,0,2,0,0,56,-0.00300784,-0.00118496,56,0.000349235,-0.00410887,56,0.000933329,-0.00470525
5257490149369,5257475935000,5257475935000,5257490133906,73729,14.1989,5257499361958,23.427,0,19904,84351,0,0,1,0,0,0.008029,344,343,327,0.953353,2.36613,2.84037,0.5098,0.227983,0.00622559,0.0102539,5.55958e-07,1.81815e-05,-0.00648475,0.00374305,1,0.00226448,-6.92438e-05,6.92438e-05,0.00226448,1,1,-0.000147637,0.00208713,0.000216881,0.000177353,0,0,0,0,0,0,0,0,0,0,0,0,0,0,0,0,0,0,0,0,0,0,0,255,0.2,1.29921,0.2,0.00123367,0.00322323,1,1,1,1,0,1,1,-0.474192,-3.11685,0.111966,-0.00393871,-4.44687e-05,-0.00136702,30.2256,20750,1,367,72.3195,5188,0,0.000884653,0.000965169,0.000266924,0,0,0,1,327,0.205,4.84965e-07,1.54346e-05,3.16408e-06,-9.94179e-08,3.08874e-06,-6.92714e-07,-0.152501,0.175173,0.011757,-0.0109359,-0.18921,4.9954e-05,0.000727148,-0.000671406,9.56509,1,0,0,0,0,0,-1,1,-9.04601e-07,-3.41778e-06,-0.188943,0,30.4426,1,1010,1010,1010,1010,0,0,0,0,30.4465,56,-0.00410158,-0.000741424,56,-0.00506175,-0.0040767,56,0.00434435,0.00373966,2,0,0,2,0,0,3,-0.0104716,-0.0208651,40,0.00278094,0.00568169,56,0.000127904,0.00415172,56,-0.000547742,0.00179122
5257499894332,5257483913000,5257483913000,5257499877758,73729,15.9648,5257510049761,26.1368,0,19904,84352,0,0,1,0,0,0.007978,342,342,342,1,2.34937,2.7713,0.511911,0.225946,0.0173798,0.0362167,3.67901e-05,6.71921e-05,0.000646419,0.0044073,1,0.00842218,-0.00461144,0.00461144,0.00842218,1,1,0.00434202,0.00807445,0.000269422,0.000347731,0,0,0,0,0,0,0,0,0,0,0,0,0,0,0,0,0,0,0,0,0,0,0,255,0.2,0.875914,0.2,0.00435757,0.00785013,1,1,1,1,1,1,1,-0.474192,-3.11685,0.111966,-0.00393871,-4.44687e-05,-0.00136702,40.9114,20750,1,367,83.0053,5188,0,0.000884653,0.000965169,0.000266924,0,0,0,1,342,0.205,3.11647e-05,5.69574e-05,1.16763e-05,-6.38877e-06,1.02665e-05,-8.47039e-06,-0.15249,0.175165,0.0117668,-0.0108845,-0.189204,0.000776187,0.0014257,-0.000262753,10.4864,1,0,0,0,0,0,-1,1,-9.04601e-07,-3.41778e-06,-0.188943,0,41.1285,1,1010,1010,1010,1010,0,0,0,0,41.1323,56,0.00698448,0.00320719,56,0.0181945,0.0152595,56,-0.00350383,0.00096095,2,0,0,1,0,0,3,0.0389512,-0.0602981,56,0.00260583,0.0118376,56,0.00766788,0.00781725,56,0.0021981,0.0107413
5257510632080,5257495951000,5257495951000,5257510617950,73729,14.6669,5257520931065,24.9801,0,19904,84353,0,0,1,0,0,0.012038,341,341,340,0.997067,2.3955,2.9636,0.442022,0.226501,0.0264893,0.0380859,6.52015e-05,8.16676e-05,0.00613397,-0.00377627,1,0.00678415,-0.0054163,0.0054163,0.00678415,1,1,0.00556228,0.00648326,-0.000145972,0.000300888,0,0,0,0,0,0,0,0,0,0,0,0,0,0,0,0,0,0,0,0,0,0,0,255,0.2,1.4787,0.2,0.00396721,0.00525842,1,1,1,1,0,1,1,-0.474192,-3.11685,0.111966,-0.00393871,-4.44687e-05,-0.00136702,51.7907,20750,1,367,93.8845,5188,0,0.000884653,0.000965169,0.000266924,0,0,0,1,340,0.205,5.53039e-05,6.92757e-05,1.42015e-05,-1.13373e-05,1.18169e-05,-1.3805e-05,-0.152478,0.175151,0.0117769,-0.0108315,-0.189177,0.000867508,0.00123364,0.00117279,10.6955,1,0,0,0,0,0,-1,1,-9.04601e-07,-3.41778e-06,-0.188896,0,0.213779,1,1010,1010,1010,1010,0,0,0,0,0.217668,56,0.00607974,0.00420233,56,-0.00361604,0.0059244,56,0.00597844,0.00655556,1,0,0,2,0,0,2,0,0,56,0.00479344,0.00589801,56,0.00567242,0.0105969,55,0.00657137,0.00430029
5257521461551,5257503911000,5257503911000,5257521448865,73729,17.5379,5257531395237,27.4842,0,19904,84354,0,0,1,0,0,0.00796,341,341,341,1,2.37655,2.94137,0.431188,0.22152,0.0377808,0.0381775,6.4112e-05,4.95231e-05,0.00555781,0.0125464,1,0.00622149,-0.00805427,0.00805427,0.00622149,1,1,0.0083779,0.00580116,-0.000323632,0.00042033,0,0,0,0,0,0,0,0,0,0,0,0,0,0,0,0,0,0,0,0,0,0,0,255,0.2,2.15005,0.2,0.00649099,0.00644836,1,1,1,1,0,1,1,-0.476378,-3.11646,0.11207,-0.0083769,0.000306813,-0.00171448,10.4535,20751,1,367,104.354,5188,0,0.000884653,0.000965169,0.000266924,0,0,0,1,341,0.205,5.43634e-05,4.19955e-05,8.60907e-06,-1.11445e-05,6.36105e-06,-1.25639e-05,-0.152472,0.175138,0.0117941,-0.0107842,-0.189157,0.00130254,0.00172335,0.00210355,10.2673,1,0,0,0,0,0,-1,1,-9.04601e-07,-3.41778e-06,-0.188896,0,10.6685,1,1010,1010,1010,1010,0,0,0,0,10.6723,56,0.0167361,0.00539676,56,0.00492413,0.00181207,56,0.00717953,0.0101311,2,0,0,1,0,0,2,0,0,56,0.00960805,0.0149414,56,0.0113238,0.00612776,56,0.00581713,0.0106178
5257531927130,5257515904000,5257515904000,5257531909148,73729,16.0051,5257544442558,28.5386,0,19904,84355,0,0,1,0,0,0.011993,343,342,342,1,2.33743,3.08628,0.493948,0.222001,0.0411377,0.0576324,6.51714e-05,0.000132188,-0.00712968,-0.0059072,1,0.0110221,-0.00543412,0.00543412,0.0110221,1,1,0.00582199,0.0107051,-0.000387872,0.000316999,0,0,0,0,0,0,0,0,0,0,0,0,0,0,0,0,0,0,0,0,0,0,0,255,0.2,2.46585,0.2,0.00432704,0.0070876,1,1,1,1,0,1,1,-0.476378,-3.11646,0.11207,-0.0083769,0.000306813,-0.00171448,23.5058,20751,1,367,117.406,5188,0,0.000884653,0.000965169,0.000266924,0,0,0,1,342,0.205,5.536e-05,0.000112134,2.29874e-05,-1.13488e-05,2.04441e-05,-1.54674e-05,-0.152452,0.175123,0.0117981,-0.0107655,-0.189131,0.00115625,0.0012997,0.00219722,12.8326,1,0,0,0,0,0,-1,1,-9.04601e-07,-3.41778e-06,-0.188896,0,23.7249,1,1010,1010,1010,1010,0,0,0,0,23.7288,56,0.0102321,0.0186744,56,0.00484486,0.00917807,56,0.0112862,0.00751325,2,0,0,2,0,0,2,0,0,56,0.00181391,0.00937826,56,0.00250564,0.00992016,56,0.00527164,0.0106029
5257544947247,5257535948000,5257535948000,5257544939876,73729,8.99188,5257555429733,19.4817,1,19905,84356,0,0,1,0,0,0.020044,340,340,340,1,2.37843,2.56789,0.484856,0.223965,0.0194626,-0.00234222,4.456e-05,1.98297e-05,0.0011605,-0.0047591,1,0.000989307,-0.00222311,0.00222311,0.000989307,1,1,0.00285828,0.000891007,-0.00063517,9.83e-05,0,0,0,0,0,0,0,0,0,0,0,0,0,0,0,0,0,0,0,0,0,0,0,255,0.2,5.31015,0.2,0.000262928,-0.00160682,1,1,1,1,0,1,1,-0.476378,-3.11646,0.11207,-0.0083769,0.000306813,-0.00171448,34.4875,20751,1,367,128.388,5188,0,0.000884653,0.000965169,0.000266924,0,0,0,1,340,0.205,3.78049e-05,1.68109e-05,3.44623e-06,-7.75e-06,1.92881e-06,-8.25928e-06,-0.15245,0.175115,0.0117965,-0.0107572,-0.189106,0.000463876,0.00040303,0.00245446,10.7702,1,0,0,0,0,0,-1,1,-9.04601e-07,-3.41778e-06,-0.188896,0,34.7086,1,1010,1010,1010,1010,0,0,0,0,34.7125,56,0.00420231,-0.000576236,56,-0.00200959,0.00325828,56,0.00218227,-0.0011808,1,0,0,1,0,0,2,0,0,56,0.00127227,0.00194627,56,0.00235793,0.00096026,56,0.0029607,-0.00141739
5257555985034,5257543922000,5257543922000,5257555971293,73729,12.0493,5257564940398,21.0184,0,19905,84357,0,0,1,0,0,0.007974,343,341,341,1,2.35554,2.60822,0.436689,0.222131,-0.0256653,-0.0401001,-7.78072e-05,-8.37624e-05,-0.0118865,0.00530671,1,-0.0105044,0.00975761,-0.00975761,-0.0105044,1,1,-0.00943464,-0.0102693,-0.00032297,-0.000235102,0,0,0,0,0,0,0,0,0,0,0,0,0,0,0,0,0,0,0,0,0,0,0,255,0.2,5.75982,0.2,-0.00745651,-0.0096246,1,1,1,1,1,1,1,-0.476378,-3.11646,0.11207,-0.0083769,0.000306813,-0.00171448,44.0205,20751,1,367,137.921,5188,0,0.000884653,0.000965169,0.000266924,0,0,0,1,341,0.205,-6.60174e-05,-7.10841e-05,-1.45722e-05,1.35336e-05,-1.17694e-05,1.60309e-05,-0.152461,0.175131,0.0117928,-0.0107747,-0.18911,-0.000238455,-0.000963918,0.000868576,7.80408,2,0,0,0,0,0,-1,1,-9.04601e-07,-3.41778e-06,-0.188896,0,44.2513,1,1010,1010,1010,1010,0,0,0,0,44.2552,56,-0.0221699,-0.00469031,56,-0.00410259,-0.00782617,56,-0.0041685,-0.00606371,2,0,0,2,0,0,1,0,0,56,-0.00581221,-0.0142729,56,-0.00826753,-0.0154634,56,-0.0109984,-0.0102951
5257565591292,5257555953000,5257555953000,5257565575588,73729,9.62259,5257575832610,19.8796,0,19905,84358,0,0,1,0,0,0.012031,342,340,340,1,2.38855,3.11628,0.488708,0.219428,-0.0269241,-0.043335,-4.03699e-05,-8.90961e-05,0.00184457,-0.00271312,1,-0.00740554,0.00335549,-0.00335549,-0.00740554,1,1,-0.00377124,-0.00708061,0.00041575,-0.000324937,0,0,0,0,0,0,0,0,0,0,0,0,0,0,0,0,0,0,0,0,0,0,0,255,0.2,5.28663,0.2,-0.00369993,-0.00564841,1,1,1,1,0,1,1,-0.478533,-3.11603,0.11212,-0.0132043,0.00278908,-0.00186122,4.24477,20752,1,367,148.79,5188,0,0.000884653,0.000965169,0.000266924,0,0,0,1,340,0.205,-3.42533e-05,-7.55162e-05,-1.54808e-05,7.02192e-06,-1.38846e-05,9.80676e-06,-0.152475,0.17514,0.0117881,-0.0107905,-0.189135,-0.000371707,-0.00133224,-0.00166103,4.05194,1,0,0,0,0,0,-1,1,-9.04601e-07,-3.41778e-06,-0.188874,0,4.4684,1,1010,1010,1010,1010,0,0,0,0,4.48646,56,0.00259872,-0.0102072,56,0.0010743,-0.00580172,56,-0.00668351,-0.00517261,2,0,0,1,0,0,1,0,0,56,-0.00363644,-0.00543816,56,-0.00556192,-0.00787033,56,-0.00335894,-0.00509953
5257576391040,5257563922000,5257563922000,5257576373373,73729,12.4514,5257585317997,21.396,0,19905,84359,0,0,1,0,0,0.007969,341,341,341,1,2.34881,2.63056,0.489282,0.224983,-0.0331726,-0.0471497,-3.38589e-05,-9.44715e-05,0.0257754,0.0041183,1,-0.0118549,0.00424883,-0.00424883,-0.0118549,1,1,-0.00466458,-0.0115299,0.00041575,-0.000324937,0,0,0,0,0,0,0,0,0,0,0,0,0,0,0,0,0,0,0,0,0,0,0,255,0.2,6.05195,0.2,-0.00615223,-0.0087045,1,1,1,1,0,1,1,-0.478533,-3.11603,0.11212,-0.0132043,0.00278908,-0.00186122,13.759,20752,1,367,158.304,5188,0,0.000884653,0.000965169,0.000266924,0,0,0,1,341,0.205,-2.87691e-05,-8.01295e-05,-1.64266e-05,5.89767e-06,-1.50247e-05,8.8804e-06,-0.15249,0.175149,0.0117881,-0.0107905,-0.189135,-0.000371707,-0.00133224,-0.00166103,13.5389,0,0,0,0,0,0,-1,1,-9.04601e-07,-3.41778e-06,-0.188874,0,13.9697,1,1010,1010,1010,1010,0,0,0,0,13.9878,56,-0.00218325,-0.0152316,56,0.00480271,-0.00857614,56,-0.00796764,-0.0136604,1,0,0,1,0,0,3,0.00625595,0.126996,56,-0.00141693,-0.0072336,56,-0.00473066,-0.0111717,56,-0.00493232,-0.0223425
5257585903001,5257575983000,5257575983000,5257585885223,73729,9.90222,5257596316654,20.3337,0,19905,84360,0,0,1,0,0,0.012061,343,343,343,1,2.37772,2.58174,0.525171,0.23302,-0.0368347,-0.0342712,-7.89424e-05,-8.45439e-05,-0.0112968,0.00234237,1,-0.00700969,0.00654526,-0.00654526,-0.00700969,1,1,-0.0073652,-0.00671571,0.000819942,-0.00029398,0,0,0,0,0,0,0,0,0,0,0,0,0,0,0,0,0,0,0,0,0,0,0,255,0.2,5.67723,0.2,-0.00453904,-0.0031317,1,1,1,1,0,1,1,-0.478533,-3.11603,0.11212,-0.0132043,0.00278908,-0.00186122,24.7266,20752,1,367,169.272,5188,0,0.000884653,0.000965169,0.000266924,0,0,0,1,343,0.205,-6.68842e-05,-7.16813e-05,-1.46947e-05,1.37113e-05,-1.18554e-05,1.62291e-05,-0.152502,0.175165,0.0117867,-0.0108068,-0.189164,-0.000388627,-0.00120532,-0.00300031,10.768,1,0,0,0,0,0,-1,1,-9.04601e-07,-3.41778e-06,-0.188874,0,24.9273,1,1010,1010,1010,1010,0,0,0,0,24.9453,56,-0.00540163,-0.00304472,56,-0.0105301,-0.00623565,56,0.000781679,-0.00553407,1,0,0,3,-0.00166329,0.0252852,3,-0.020283,-0.237307,56,-0.00659062,-0.00838238,56,-0.0108039,-0.0070525,56,-0.00929576,-0.001755
5257596854788,5257583926000,5257583926000,5257596837473,73729,12.9115,5257605696336,21.7703,0,19905,84361,0,0,1,0,0,0.007943,343,343,343,1,2.36968,2.50952,0.446281,0.226669,-0.000793457,-0.0238953,9.1391e-06,-3.163e-05,0.00633705,-0.00584809,1,-0.00398212,-0.00115058,0.00115058,-0.00398212,1,1,0.00011613,-0.00384462,0.00103446,-0.000137497,0,0,0,0,0,0,0,0,0,0,0,0,0,0,0,0,0,0,0,0,0,0,0,255,0.2,6.27755,0.2,0.000795532,-0.00323545,1,1,1,1,0,1,1,-0.478533,-3.11603,0.11212,-0.0132043,0.00278908,-0.00186122,34.1092,20752,1,367,178.654,5188,0,0.000884653,0.000965169,0.000266924,0,0,0,1,343,0.205,7.71483e-06,-2.68312e-05,-5.50039e-06,-1.58154e-06,-5.69915e-06,-5.18734e-07,-0.152508,0.175165,0.0118071,-0.0108512,-0.189217,0.000322325,-0.000563738,-0.00313515,9.15301,2,0,0,0,0,0,-1,1,-9.04601e-07,-3.41778e-06,-0.188874,0,34.3278,1,1010,1010,1010,1010,0,0,0,0,34.3458,56,-0.00514106,-0.00287744,56,0.00378465,-0.00488055,56,-0.0041214,-0.00527452,2,0,0,3,0.00386057,-0.0176905,2,0,0,56,0.000409443,-0.00438097,56,0.000929681,-0.00336554,56,0.0024745,-0.00720635
5257606257766,5257595897000,5257595897000,5257606238970,73729,10.342,5257616848716,20.9517,0,19905,84362,0,0,1,0,0,0.011971,342,342,342,1,2.37585,2.65332,0.445188,0.227984,0.0142822,0.010498,1.87078e-05,9.74329e-06,-8.08621e-05,-0.00353357,1,0.000813908,-0.00156276,0.00156276,0.000813908,1,1,0.00086227,0.000698278,0.000700487,0.00011563,0,0,0,0,0,0,0,0,0,0,0,0,0,0,0,0,0,0,0,0,0,0,0,255,0.2,5.7183,0.2,0.00202868,0.0018981,1,1,1,1,1,1,1,-0.478533,-3.11603,0.11212,-0.0132043,0.00278908,-0.00186122,45.2587,20752,1,367,189.804,5188,0,0.000884653,0.000965169,0.000266924,0,0,0,1,342,0.205,1.58725e-05,8.29052e-06,1.69956e-06,-3.25386e-06,1.05756e-06,-3.51529e-06,-0.152507,0.175161,0.0118071,-0.010871,-0.189217,0.000871188,0.000474084,-0.00160065,9.45787,1,0,0,0,0,0,-1,1,-9.04601e-07,-3.41778e-06,-0.188874,0,45.4601,1,1010,1010,1010,1010,0,0,0,0,0.181057,56,0.00427848,0.0024639,56,0.00220343,0.00185586,56,-0.00335587,0.0023738,2,0,0,1,0,0,3,-0.0654899,-0.0599887,56,0.00217998,0.000899326,56,0.00407099,-0.00211333,56,0.0031256,0.00411324
5257617428276,5257603921000,5257603921000,5257617416091,73729,13.4951,5257626791144,22.8701,0,19905,84363,0,0,1,0,0,0.008024,343,343,334,0.973761,2.38407,2.88221,0.482634,0.228169,0.0246201,0.0196457,5.46794e-05,4.67589e-05,0.00380833,-0.00113665,1,0.00582738,-0.00681449,0.00681449,0.00582738,1,1,0.00679421,0.00552779,2.02763e-05,0.000299587,0,0,0,0,0,0,0,0,0,0,0,0,0,0,0,0,0,0,0,0,0,0,0,255,0.2,6.47033,0.2,0.00528544,0.00449784,1,1,1,1,0,1,1,-0.48044,-3.11563,0.112173,-0.0129833,0.00180106,-0.00158856,0.22015,20753,1,367,0.176057,5189,0,0.000884653,0.000934087,0.000624362,0,0,0,1,334,0.205,4.64007e-05,3.96652e-05,8.13137e-06,-9.51214e-06,6.1982e-06,-1.08711e-05,-0.152501,0.175151,0.0118168,-0.010873,-0.189195,0.000732139,0.00122831,0.000519205,0.045092,1,0,0,0,0,0,-1,1,-9.04601e-07,-3.41778e-06,-0.188934,0,0.436818,1,1010,1010,1010,1010,0,0,0,0,10.1163,56,0.0187827,0.00493593,56,-0.00126212,-0.00346778,56,0.00443471,0.00655009,2,0,0,2,0,0,3,0.119913,0.200173,47,0.00314586,0.00585433,56,0.010373,0.00485713,56,0.00764663,0.00539155
5257627328444,5257615893000,5257615893000,5257627312592,73729,11.4196,5257637558429,21.6654,0,19905,84364,0,0,1,0,0,0.011972,343,341,341,1,2.35759,2.60654,0.398911,0.221354,0.0271912,0.0454102,4.32675e-05,6.52877e-05,0.000594789,0.00233878,1,0.00545337,-0.00361406,0.00361406,0.00545337,1,1,0.00410827,0.00496327,-0.000494212,0.000490101,0,0,0,0,0,0,0,0,0,0,0,0,0,0,0,0,0,0,0,0,0,0,0,255,0.2,6.48468,0.2,0.00278456,0.00541833,1,1,1,1,0,1,1,-0.48044,-3.11563,0.112173,-0.0129833,0.00180106,-0.00158856,10.997,20753,1,367,10.9529,5189,0,0.000884653,0.000934087,0.000624362,0,0,0,1,341,0.205,3.66943e-05,5.53513e-05,1.1347e-05,-7.52233e-06,9.73046e-06,-9.52141e-06,-0.152491,0.175141,0.0118153,-0.010877,-0.189169,0.000547182,0.00200942,0.00205876,10.4586,1,0,0,0,0,0,-1,1,-9.04601e-07,-3.41778e-06,-0.188934,0,11.2153,1,1010,1010,1010,1010,0,0,0,0,20.8948,56,-0.00116137,0.00274059,56,-0.0030504,0.0105104,56,0.0087197,0.00790287,2,0,0,2,0,0,1,0,0,56,0.00431443,0.00495672,56,0.00562942,0.00655413,56,0.00527002,0.00573817
5257638092544,5257623950000,5257623950000,5257638074007,73729,14.124,5257647300558,23.3506,0,19905,84365,0,0,1,0,0,0.008057,341,341,336,0.985337,2.36889,2.65665,0.448504,0.224687,0.0125122,0.0791397,-7.1565e-07,0.000133032,-0.0123428,0.00621017,1,0.0165114,8.88233e-05,-8.88233e-05,0.0165114,1,1,0.000883594,0.0161269,-0.000972417,0.000384482,0,0,0,0,0,0,0,0,0,0,0,0,0,0,0,0,0,0,0,0,0,0,0,255,0.2,7.09953,0.2,0.000593807,0.0142165,1,1,1,1,0,1,1,-0.48044,-3.11563,0.112173,-0.0129833,0.00180106,-0.00158856,20.7392,20753,1,367,20.6952,5189,0,0.000884653,0.000934087,0.000624362,0,0,0,1,336,0.205,-6.44782e-07,0.000112788,2.31215e-05,1.3218e-07,2.27327e-05,-4.21693e-06,-0.152468,0.175137,0.0118112,-0.0109029,-0.189133,-9.41674e-05,0.00157637,0.00311419,9.53266,1,0,0,0,0,0,-1,1,-9.04601e-07,-3.41778e-06,-0.188934,0,20.9578,1,1010,1010,1010,1010,0,0,0,0,30.6373,56,-0.00526869,0.0178213,56,0.0143581,0.0137056,56,-0.0114289,0.0216376,1,0,0,3,0.00335403,-0.0120627,0,0,0,56,0.0051123,0.0172309,56,0.000587736,0.013952,52,-0.00319999,0.0207367
5257647841599,5257635894000,5257635894000,5257647824821,73729,11.9308,5257658976331,23.0823,0,19905,84366,0,0,1,0,0,0.011944,342,342,342,1,2.34681,3.29571,0.365466,0.228872,0.00508118,0.0471344,1.74538e-05,6.45809e-05,-0.00196245,0.000538353,1,0.00540697,-0.0014613,0.0014613,0.00540697,1,1,0.00248566,0.00511012,-0.00102436,0.000296855,0,0,0,0,0,0,0,0,0,0,0,0,0,0,0,0,0,0,0,0,0,0,0,255,0.2,6.70218,0.2,0.000305184,0.00397465,1,1,1,1,0,1,1,-0.48044,-3.11563,0.112173,-0.0129833,0.00180106,-0.00158856,32.4104,20753,1,367,32.3663,5189,0,0.000884653,0.000934087,0.000624362,0,0,0,1,342,0.205,1.48231e-05,5.47648e-05,1.12268e-05,-3.03873e-06,1.04552e-05,-5.09467e-06,-0.152458,0.175132,0.0118161,-0.0109274,-0.189101,0.00015598,0.00121711,0.00348468,11.4901,1,0,0,0,0,0,-1,1,-9.04601e-07,-3.41778e-06,-0.188934,0,32.6226,1,1010,1010,1010,1010,0,0,0,0,42.3021,56,0.00456814,0.00362959,56,-0.00589159,0.00769059,56,-0.000478466,0.00511798,1,0,0,2,0,0,3,-0.011598,-0.0728993,56,0.00101844,0.00813049,56,0.00403578,0.010587,56,-0.000680754,0.0069097
5257659492946,5257643925000,5257643925000,5257659476539,73729,15.5515,5257668601497,24.6765,0,19905,84367,0,0,1,0,0,0.008031,342,341,341,1,2.3412,2.61654,0.428392,0.226075,0.000640869,0.0357056,-3.79244e-06,6.94e-05,-0.00532334,-0.0030219,1,0.00864152,0.000472225,-0.000472225,0.00864152,1,1,0.000346467,0.0086251,-0.000818693,1.64184e-05,0,0,0,0,0,0,0,0,0,0,0,0,0,0,0,0,0,0,0,0,0,0,0,255,0.2,8.20089,0.2,-0.00110518,0.00517106,1,1,1,1,1,1,1,-0.48044,-3.11563,0.112173,-0.0129833,0.00180106,-0.00158856,42.0349,20753,1,367,41.9908,5189,0,0.000884653,0.000934087,0.000624362,0,0,0,1,341,0.205,-3.22325e-06,5.88404e-05,1.20623e-05,6.60767e-07,1.19707e-05,-1.61804e-06,-0.152446,0.17513,0.0118149,-0.0109763,-0.189077,0.000329067,6.73153e-05,0.00294857,9.42014,1,0,0,0,0,0,-1,1,-9.04601e-07,-3.41778e-06,-0.188934,0,42.2551,1,1010,1010,1010,1010,0,0,0,0,0.212002,56,-0.00192109,0.00795758,56,-0.00798427,0.00848288,56,-0.004952,0.0119307,2,0,0,2,0,0,1,0,0,56,0.00138002,0.00883489,56,-0.00169653,0.00998406,56,0.000354765,0.00838866
5257669209131,5257655895000,5257655895000,5257669189316,73729,13.2943,5257679633673,23.7387,0,19905,84368,0,0,1,0,0,0.01197,343,342,342,1,2.3857,2.52028,0.420707,0.244242,-0.00621033,-0.00146484,2.13457e-06,1.30067e-06,0.00351581,-0.00552296,1,0.000108661,-0.000178327,0.000178327,0.000108661,1,1,0.000997019,9.22428e-05,-0.000818693,1.64184e-05,0,0,0,0,0,0,0,0,0,0,0,0,0,0,0,0,0,0,0,0,0,0,0,255,0.2,7.77513,0.2,-0.00137605,-0.00188898,1,1,1,1,0,1,1,-0.48044,-3.11563,0.112173,-0.0129833,0.00180106,-0.00158856,53.0732,20753,1,367,53.0291,5189,0,0.000884653,0.000934087,0.000624362,0,0,0,1,342,0.205,1.78731e-06,1.12892e-06,2.31429e-07,-3.66399e-07,1.58477e-07,-4.03348e-07,-0.152446,0.17513,0.0118149,-0.0109763,-0.189077,0.000329067,6.73153e-05,0.00294857,20.4542,0,0,0,0,0,0,-1,1,-9.04601e-07,-3.41778e-06,-0.188812,0,0.215335,1,1010,1010,1010,1010,0,0,0,0,11.2574,56,-0.004169,0.00215526,56,0.00465217,-9.52248e-05,56,-0.00256416,-0.00373762,2,0,0,2,0,0,2,0,0,56,-0.00127722,0.00140818,56,-0.00118909,0.00129626,56,0.000903611,0.00210052
5257680210085,5257675895000,5257675895000,5257680201899,73729,4.3069,5257690615922,14.7209,1,19906,84369,0,0,1,0,0,0.02,344,343,343,1,2.34072,2.77187,0.382133,0.22289,-0.0112305,-0.0740051,-4.31788e-05,-0.000140525,-0.00317017,0.00317986,1,-0.00702624,0.00215894,-0.00215894,-0.00702624,1,1,-0.00198486,-0.00676666,-0.000174077,-0.000259577,0,0,0,0,0,0,0,0,0,0,0,0,0,0,0,0,0,0,0,0,0,0,0,255,0.2,8.63536,0.2,-0.00188009,-0.00573423,1,1,1,1,0,1,1,-0.48209,-3.1153,0.112216,-0.0169984,0.0032855,-0.00201898,10.9713,20754,1,367,64.0124,5189,0,0.000884653,0.000934087,0.000624362,0,0,0,1,343,0.205,-3.66505e-05,-0.000119182,-2.44323e-05,7.51336e-06,-2.25842e-05,1.19711e-05,-0.152468,0.175142,0.0118243,-0.0110665,-0.189086,0.000219086,-0.00106426,0.00074624,10.7563,2,0,0,0,0,0,-1,1,-9.04601e-07,-3.41778e-06,-0.188812,0,11.1833,1,1010,1010,1010,1010,0,0,0,0,22.2254,56,-0.00361236,-0.00790812,56,-0.00102879,-0.00737959,56,-0.00222013,-0.00471426,2,0,0,3,0.018077,-0.00623454,2,0,0,56,-0.001984,-0.00628557,56,-0.000574779,-0.00793441,56,-0.00237369,-0.00806153
5257691969562,5257683921000,5257683921000,5257691954007,73729,8.03301,5257701264281,17.3433,0,19906,84370,0,0,1,0,0,0.008026,343,343,343,1,2.34865,2.9126,0.505541,0.226353,-0.00723267,-0.0675049,-3.42982e-05,-0.000108399,-0.0067364,-0.00208183,1,-0.013506,0.00427339,-0.00427339,-0.013506,1,1,-0.00515392,-0.013184,0.000880533,-0.00032207,0,0,0,0,0,0,0,0,0,0,0,0,0,0,0,0,0,0,0,0,0,0,0,255,0.21,0.083167,0.21,0.00841901,0.0809413,1,1,1,1,0,1,1,-0.48209,-3.1153,0.112216,-0.0169984,0.0032855,-0.00201898,21.6266,20754,1,367,74.6674,5189,0,0.000884653,0.000934087,0.000624362,0,0,0,1,343,0.215,-2.90393e-05,-9.19019e-05,-1.97589e-05,6.24345e-06,-1.82325e-05,9.84626e-06,-0.152486,0.175152,0.0118317,-0.0111203,-0.189124,0.000909428,-0.0013849,-0.00230149,10.4577,1,0,0,0,0,0,-1,1,-9.04601e-07,-3.41778e-06,-0.188812,0,21.8475,1,1010,1010,1010,1010,0,0,0,0,32.8896,56,-0.00150599,-0.0110914,56,-0.0026115,-0.0103376,56,0.00531247,-0.0151729,2,0,0,1,0,0,4,0.0142221,-0.0599681,56,-0.00439351,-0.0168761,56,-0.00597956,-0.0175655,56,-0.00331758,-0.0126104
5257701817655,5257691927000,5257691927000,5257701804563,73729,9.87756,5257713883154,21.9562,0,19906,84371,0,0,1,0,0,0.008006,342,342,342,1,2.38804,3.44727,0.439503,0.231187,-0.00375366,-0.0422974,2.96142e-06,-8.20654e-05,0.0061691,-0.00121225,1,-0.0102505,-0.000369901,0.000369901,-0.0102505,1,1,-0.000956311,-0.00995342,0.00132621,-0.000297065,0,0,0,0,0,0,0,0,0,0,0,0,0,0,0,0,0,0,0,0,0,0,0,255,0.2,-0.226002,0.2,0.0237764,0.36248,1,1,1,1,0,1,1,-0.48209,-3.1153,0.112216,-0.0169984,0.0032855,-0.00201898,34.2505,20754,1,367,87.2915,5189,0,0.000884653,0.000934087,0.000624362,0,0,0,1,342,0.205,2.48886e-06,-6.96159e-05,-1.42713e-05,-5.10216e-07,-1.41117e-05,2.18221e-06,-0.152501,0.175154,0.0118371,-0.0111665,-0.189159,0.000786841,-0.00121797,-0.0037205,12.4151,1,0,0,0,0,0,-1,1,-9.04601e-07,-3.41778e-06,-0.188812,0,34.4679,1,1010,1010,1010,1010,0,0,0,0,45.51,56,-0.000534784,-0.010881,56,0.000106694,-0.00966758,56,-0.000246181,-0.0119435,2,0,0,1,0,0,3,-0.0177677,-0.00109511,56,0.000385647,-0.00804008,56,0.00317099,-0.0120481,56,-0.000874588,-0.0082614
5257714399750,5257703909000,5257703909000,5257714384306,73729,10.4753,5257724084713,20.1757,0,19906,84372,0,0,1,0,0,0.011982,343,343,343,1,2.55769,3.11371,0.442948,0.228687,-0.0109558,-0.0453796,1.12773e-05,-0.000111337,0.0099262,0.00351024,1,-0.00929205,-0.000941186,0.000941186,-0.00929205,1,1,-0.000234075,-0.00901257,0.00117526,-0.000279476,0,0,0,0,0,0,0,0,0,0,0,0,0,0,0,0,0,0,0,0,0,0,0,255,0.2,2.2119,0.2,-0.0125787,-0.358783,1,1,1,1,1,1,1,-0.48209,-3.1153,0.112216,-0.0169984,0.0032855,-0.00201898,44.4368,20754,1,367,97.4776,5189,0,0.000884653,0.000934087,0.000624362,0,0,0,1,343,0.205,9.51613e-06,-9.44241e-05,-1.93569e-05,-1.95081e-06,-1.93769e-05,1.72431e-06,-0.15252,0.175155,0.0118286,-0.0112163,-0.189196,-4.25602e-05,-0.00114585,-0.0038889,9.97672,1,0,0,0,0,0,-1,1,-9.04601e-07,-3.41778e-06,-0.188959,0,0.210131,1,1010,1010,1010,1010,0,0,0,0,0.214372,56,-0.00106952,-0.00869051,56,0.00289509,-0.0107041,56,-0.00386104,-0.00530001,1,0,0,3,-0.00905718,0.00147799,3,0.0558204,0.0267105,56,0.000370755,-0.010809,56,0.000310015,-0.00624278,56,0.000703821,-0.00918794
5257724683050,5257711926000,5257711926000,5257724664643,73729,12.7386,5257734443254,22.5173,0,19906,84373,0,0,1,0,0,0.008017,343,343,342,0.997085,2.38063,2.53246,0.441059,0.229168,-0.00923157,-0.0121765,-2.05666e-05,-2.51169e-05,-0.00623905,-0.0070944,1,-0.00313295,0.00256537,-0.00256537,-0.00313295,1,1,-0.00362476,-0.00300144,0.00105938,-0.00013151,0,0,0,0,0,0,0,0,0,0,0,0,0,0,0,0,0,0,0,0,0,0,0,255,0.2,2.32833,0.2,-0.00147602,-0.0001151,1,1,1,1,0,1,1,-0.483558,-3.11497,0.112242,-0.0153383,0.00332493,-0.00148743,10.3725,20755,1,367,107.867,5189,0,0.000884653,0.000934087,0.000624362,0,0,0,1,342,0.205,-1.74034e-05,-2.12395e-05,-4.3541e-06,3.5677e-06,-3.60557e-06,4.32279e-06,-0.152524,0.17516,0.011835,-0.011248,-0.18922,7.86039e-05,-0.000539191,-0.00341189,10.1653,1,0,0,0,0,0,-1,1,-9.04601e-07,-3.41778e-06,-0.188959,0,10.5922,1,1010,1010,1010,1010,0,0,0,0,10.5965,56,0.00738437,-0.0059262,56,-0.00737666,-0.00292294,56,0.00345202,-0.00250527,2,0,0,2,0,0,3,-0.145069,-0.320922,55,-0.00688603,-0.000387207,56,-0.00431151,-0.00217092,56,-0.00185085,0.00122802
5257735021184,5257723913000,5257723913000,5257735003258,73729,11.0903,5257745376855,21.4639,0,19906,84374,0,0,1,0,0,0.011987,341,341,341,1,2.38654,2.54845,0.403207,0.220761,-0.0166626,0.0160522,-3.72524e-05,3.07099e-05,-0.00236729,-0.00254647,1,0.00256194,0.00310773,-0.00310773,0.00256194,1,1,-0.00357766,0.00255072,0.000469926,1.12137e-05,0,0,0,0,0,0,0,0,0,0,0,0,0,0,0,0,0,0,0,0,0,0,0,255,0.21,2.52913,0.21,-0.00166605,0.057698,1,1,1,1,0,1,1,-0.483558,-3.11497,0.112242,-0.0153383,0.00332493,-0.00148743,21.3053,20755,1,367,118.799,5189,0,0.000884653,0.000934087,0.000624362,0,0,0,1,341,0.215,-3.15882e-05,2.60706e-05,5.60518e-06,6.79146e-06,6.78127e-06,5.61568e-06,-0.152517,0.175165,0.0118244,-0.0112724,-0.189226,-0.000217003,4.82191e-05,-0.00179015,10.7072,1,0,0,0,0,0,-1,1,-9.04601e-07,-3.41778e-06,-0.188959,0,21.531,1,1010,1010,1010,1010,0,0,0,0,21.5352,56,-0.00202014,0.00948759,56,0.00705479,-0.00138908,56,-0.00510209,7.59013e-05,1,0,0,2,0,0,2,0,0,56,-0.00180092,0.00393861,56,-0.00470769,0.000481147,56,-0.00384092,0.006693
5257745965971,5257731934000,5257731934000,5257745948489,73729,14.0145,5257754869242,22.9352,0,19906,84375,0,0,1,0,0,0.008021,342,341,341,1,2.38042,2.58254,0.455171,0.221243,-0.0108948,0.0421753,-3.83615e-05,6.8591e-05,-0.0123884,0.00772872,1,0.00855143,0.00478264,-0.00478264,0.00855143,1,1,-0.00460444,0.0082777,-0.000178198,0.000273728,0,0,0,0,0,0,0,0,0,0,0,0,0,0,0,0,0,0,0,0,0,0,0,255,0.2,3.29402,0.2,0.00579089,0.44772,1,1,1,1,0,1,1,-0.483558,-3.11497,0.112242,-0.0153383,0.00332493,-0.00148743,30.7986,20755,1,367,128.293,5189,0,0.000884653,0.000934087,0.000624362,0,0,0,1,341,0.205,-3.25195e-05,5.81071e-05,1.19119e-05,6.6665e-06,1.29515e-05,4.30699e-06,-0.152504,0.17517,0.0118192,-0.011281,-0.189206,-0.000394254,0.00112229,0.000269085,9.27383,1,0,0,0,0,0,-1,1,-9.04601e-07,-3.41778e-06,-0.188959,0,31.016,1,1010,1010,1010,1010,0,0,0,0,31.0202,56,-0.0109443,0.00413673,56,-0.0127679,0.011636,56,-0.00356909,0.0154929,1,0,0,2,0,0,2,0,0,56,0.000535132,0.000662443,56,-0.00314417,0.0127058,56,-0.00679231,0.00828532
5257755445283,5257743912000,5257743912000,5257755427172,73729,11.5152,5257765946585,22.0346,0,19906,84376,0,0,1,0,0,0.011978,342,342,342,1,2.36326,2.60511,0.436763,0.228816,0.00144958,0.0612488,-1.24801e-05,0.000116504,0.000140291,0.00685714,1,0.00972647,0.00104192,-0.00104192,0.00972647,1,1,-0.000104502,0.00920453,-0.000937413,0.000521938,0,0,0,0,0,0,0,0,0,0,0,0,0,0,0,0,0,0,0,0,0,0,0,255,0.19,2.6403,0.19,-0.000926645,-0.379465,1,1,1,1,0,1,1,-0.483558,-3.11497,0.112242,-0.0153383,0.00332493,-0.00148743,41.8458,20755,1,367,139.34,5189,0,0.000884653,0.000934087,0.000624362,0,0,0,1,342,0.195,-1.05872e-05,9.87841e-05,1.92629e-05,2.0645e-06,1.9306e-05,-1.59463e-06,-0.152485,0.175168,0.0118044,-0.0113306,-0.189179,-0.00088707,0.00203556,0.00221507,10.8463,1,0,0,0,0,0,-1,1,-9.04601e-07,-3.41778e-06,-0.188959,0,42.0755,1,1010,1010,1010,1010,0,0,0,0,42.0797,56,0.00132835,0.00822554,56,-0.000378749,0.00659158,56,-0.00185008,0.0061731,1,0,0,3,-0.011316,0.0023404,2,0,0,56,0.00278071,0.00734467,56,-0.000321871,0.0108273,56,-0.00157915,0.0106953
5257766505793,5257751939000,5257751939000,5257766486478,73729,14.5475,5257775934364,23.9954,0,19906,84377,0,0,1,0,0,0.008027,343,342,340,0.994152,2.3872,3.02945,0.403095,0.228761,0.025238,0.0762482,5.33515e-05,0.000142136,-0.000603809,-0.00263064,1,0.0177073,-0.00664651,0.00664651,0.0177073,1,1,0.00744198,0.0172503,-0.000795467,0.000456946,0,0,0,0,0,0,0,0,0,0,0,0,0,0,0,0,0,0,0,0,0,0,0,255,0.2,3.53093,0.2,-0.00144677,-0.427889,1,1,1,1,1,1,1,-0.483558,-3.11497,0.112242,-0.0153383,0.00332493,-0.00148743,51.8361,20755,1,367,149.33,5189,0,0.000884653,0.000934087,0.000624362,0,0,0,1,340,0.205,4.52292e-05,0.00012051,2.47045e-05,-9.27199e-06,2.25203e-05,-1.3751e-05,-0.152462,0.175154,0.011813,-0.0113982,-0.18915,0.000182414,0.00187348,0.00275506,9.79665,1,0,0,0,0,0,-1,1,-9.04601e-07,-3.41778e-06,-0.188863,0,0.168853,1,1010,1010,1010,1010,0,0,0,0,8.72614,56,0.000204403,0.0137665,56,0.00510853,0.0207126,56,0.00378873,0.0162539,2,0,0,3,-0.00753017,0.0311299,1,0,0,54,0.00381803,0.023189,56,0.00809611,0.0176409,56,0.00686823,0.01533
5257776567572,5257763906000,5257763906000,5257776547628,73729,12.6416,5257787009188,23.1032,0,19906,84378,0,0,1,0,0,0.011967,340,339,338,0.99705,2.3557,2.61535,0.4873,0.223076,0.0297394,0.0386581,5.19595e-05,6.91284e-05,0.00183806,0.00692076,1,0.00577659,-0.00434189,0.00434189,0.00577659,1,1,0.00490711,0.00546515,-0.000565218,0.000311437,0,0,0,0,0,0,0,0,0,0,0,0,0,0,0,0,0,0,0,0,0,0,0,255,0.2,3.46212,0.2,0.0216659,0.373827,1,1,1,1,0,1,1,-0.484125,-3.11488,0.112253,-0.0138148,0.00191547,-0.0017691,11.0617,20756,1,367,160.405,5189,0,0.000884653,0.000934087,0.000624362,0,0,0,1,338,0.205,4.40642e-05,5.85859e-05,1.20101e-05,-9.03315e-06,1.00983e-05,-1.11294e-05,-0.152452,0.175143,0.0118237,-0.0114619,-0.189124,0.00126353,0.00127689,0.00286474,10.8316,1,0,0,0,0,0,-1,1,-9.04601e-07,-3.41778e-06,-0.188863,0,11.2291,1,1010,1010,1010,1010,0,0,0,0,19.7864,56,0.00184058,0.00608394,56,-0.000240931,0.00657937,56,0.00824711,0.00562109,0,0,0,2,0,0,0,0,0,56,0.00675185,0.00443117,56,0.00568312,0.00423766,56,0.0029497,0.00603123
5257787555674,5257771943000,5257771943000,5257787538378,73729,15.5954,5257796750225,24.8072,0,19906,84379,0,0,1,0,0,0.008037,341,340,340,1,2.3487,2.66417,0.371058,0.221372,0.0213165,0.00819397,1.63324e-05,1.47714e-05,-0.00982091,-0.00993209,1,0.00183792,-0.00203216,0.00203216,0.00183792,1,1,0.00219935,0.00189199,-0.000167198,-5.40713e-05,0,0,0,0,0,0,0,0,0,0,0,0,0,0,0,0,0,0,0,0,0,0,0,255,0.2,4.26342,0.2,0.00267991,-0.000548073,1,1,1,1,0,1,1,-0.484125,-3.11488,0.112253,-0.0138148,0.00191547,-0.0017691,20.8018,20756,1,367,170.145,5189,0,0.000884653,0.000934087,0.000624362,0,0,0,1,340,0.205,1.3869e-05,1.2565e-05,2.57582e-06,-2.84314e-06,1.99572e-06,-3.27649e-06,-0.15245,0.17514,0.0118383,-0.0116059,-0.189099,0.00151622,-0.000221692,0.00176139,9.50835,2,0,0,0,0,0,-1,1,-9.04601e-07,-3.41778e-06,-0.188863,0,20.9674,1,1010,1010,1010,1010,0,0,0,0,29.5247,56,0.00612313,0.00179373,56,0.0047578,0.00663355,56,-0.00364386,0.00619682,1,0,0,1,0,0,2,0,0,56,0.00306842,0.00337007,56,0.00100493,0.00238119,56,0.00650394,0.00639341
5257797287266,5257783915000,5257783915000,5257797270322,73729,13.3553,5257807838846,23.9238,0,19906,84380,0,0,1,0,0,0.011972,343,341,340,0.997067,2.36967,2.53156,0.429003,0.225131,0.00889587,-0.0171661,-1.07975e-05,-2.98785e-05,-0.0100048,0.00378081,1,-0.0024957,0.000901899,-0.000901899,-0.0024957,1,1,-0.0011068,-0.00248841,0.000204902,-7.28663e-06,0,0,0,0,0,0,0,0,0,0,0,0,0,0,0,0,0,0,0,0,0,0,0,255,0.2,3.80849,0.2,-0.000562095,-0.00337621,1,1,1,1,0,1,1,-0.484125,-3.11488,0.112253,-0.0138148,0.00191547,-0.0017691,31.8916,20756,1,367,181.235,5189,0,0.000884653,0.000934087,0.000624362,0,0,0,1,340,0.205,-9.13698e-06,-2.53553e-05,-5.19784e-06,1.87308e-06,-4.75303e-06,2.81659e-06,-0.152455,0.175143,0.0118465,-0.0116249,-0.189096,0.00112867,-2.98752e-05,0.000230858,10.8646,1,0,0,0,0,0,-1,1,-9.04601e-07,-3.41778e-06,-0.188863,0,32.0701,1,1010,1010,1010,1010,0,0,0,0,40.6274,56,-0.00624784,-0.00424376,56,0.000163936,0.00136952,56,0.00349799,-0.000176132,2,0,0,2,0,0,0,0,0,56,-0.00177977,-0.0059321,56,0.00225141,-0.00203194,56,-0.00165462,-0.00275625
5257808393887,5257791936000,5257791936000,5257808377035,73729,16.441,5257818019738,26.0837,0,19906,84381,0,0,1,0,0,0.008021,343,343,343,1,2.39659,2.93367,0.47067,0.261113,0.00204468,-0.0407715,1.24475e-05,-7.89384e-05,0.00234877,0.00112445,1,-0.00984147,-0.00155186,0.00155186,-0.00984147,1,1,0.00114719,-0.0095246,0.000404676,-0.000316864,0,0,0,0,0,0,0,0,0,0,0,0,0,0,0,0,0,0,0,0,0,0,0,255,0.2,4.81639,0.2,-0.000725639,-0.00803569,1,1,1,1,0,1,1,-0.484125,-3.11488,0.112253,-0.0138148,0.00191547,-0.0017691,42.0668,20756,1,367,191.41,5189,0,0.000884653,0.000934087,0.000624362,0,0,0,1,343,0.205,1.05488e-05,-6.69406e-05,-1.37228e-05,-2.1625e-06,-1.38834e-05,4.55727e-07,-0.152469,0.175143,0.0118405,-0.0116622,-0.189115,0.000586585,-0.00129914,-0.000858069,9.96367,1,0,0,0,0,0,-1,1,-9.04601e-07,-3.41778e-06,-0.188863,0,42.2323,1,1010,1010,1010,1010,0,0,0,0,0.204168,56,0.00411438,-0.0190087,56,0.00790223,-0.0166459,56,-0.00161973,-0.00657358,1,0,0,2,0,0,4,0.0338476,-0.0800273,56,0.00355843,-0.00936228,56,-0.00128753,-0.00617186,56,-0.00361342,-0.00953003
5257818543131,5257803908000,5257803908000,5257818526464,73729,14.6185,5257829208545,25.3005,0,19906,84382,0,0,1,0,0,0.011972,342,341,341,1,2.37398,2.85437,0.388022,0.216835,-0.0101624,-0.0599518,-2.38301e-05,-0.000107534,-0.00323246,-0.00251601,1,-0.00898213,0.00199048,-0.00199048,-0.00898213,1,1,-0.00239516,-0.00866526,0.000404676,-0.000316864,0,0,0,0,0,0,0,0,0,0,0,0,0,0,0,0,0,0,0,0,0,0,0,255,0.2,4.78292,0.2,-0.00286649,-0.00699413,1,1,1,1,1,1,1,-0.48498,-3.11473,0.112265,-0.0145957,0.00356736,-0.00186784,9.70954,20757,1,367,202.601,5189,0,0.000884653,0.000934087,0.000624362,0,0,0,1,341,0.205,-2.02086e-05,-9.11508e-05,-1.86859e-05,4.14277e-06,-1.75733e-05,7.58125e-06,-0.152486,0.175151,0.0118405,-0.0116622,-0.189115,0.000586585,-0.00129914,-0.000858069,21.1539,0,0,0,0,0,0,-1,1,-9.04601e-07,-3.41778e-06,-0.18887,0,0.206927,1,1010,1010,1010,1010,0,0,0,0,11.3977,56,9.81873e-05,-0.00583252,56,0.00367242,-0.00502475,56,-0.00359604,-0.00907951,2,0,0,1,0,0,2,0,0,56,-0.00559688,-0.00740905,56,-0.00197,-0.010208,56,-0.00162983,-0.00978564
5257829790234,5257811939000,5257811939000,5257829775623,73729,17.8366,5257839004545,27.0655,0,19906,84383,0,0,1,0,0,0.008031,342,342,342,1,2.38263,2.60422,0.4838,0.226224,-0.0352325,-0.0668945,-7.89877e-05,-0.00012587,-0.00270538,-0.00522531,1,-0.015673,0.00983535,-0.00983535,-0.015673,1,1,-0.0103146,-0.015302,0.000479291,-0.000370963,0,0,0,0,0,0,0,0,0,0,0,0,0,0,0,0,0,0,0,0,0,0,0,255,0.2,5.68441,0.2,-0.00820217,-0.0126612,1,1,1,1,0,1,1,-0.48498,-3.11473,0.112265,-0.0145957,0.00356736,-0.00186784,19.5071,20757,1,367,9.7425,5190,0,0.000884653,0.000950982,0.000120235,0,0,0,1,342,0.205,-6.69475e-05,-0.000106733,-2.18802e-05,1.37242e-05,-1.891e-05,1.75927e-05,-0.152505,0.175168,0.0118218,-0.0116892,-0.189154,-0.000622973,-0.00152095,-0.00207045,9.56778,2,0,0,0,0,0,-1,1,-9.04601e-07,-3.41778e-06,-0.18887,0,10.0034,1,1010,1010,1010,1010,0,0,0,0,21.1941,56,-0.00405309,-0.0258561,56,-0.0131645,-0.00749929,56,-0.0051887,-0.0153895,1,0,0,2,0,0,3,-0.0533331,-0.238906,56,-0.00930065,-0.0142326,56,-0.0125346,-0.0170431,56,-0.00748345,-0.0105305
5257839530956,5257823916000,5257823916000,5257839513919,73729,15.5979,5257850497446,26.5814,0,19906,84384,0,0,1,0,0,0.011977,343,342,342,1,2.33878,2.70585,0.530356,0.227131,-0.0467529,-0.0597534,-8.00021e-05,-0.000112413,-0.00325651,0.000503327,1,-0.00938576,0.00667964,-0.00667964,-0.00938576,1,1,-0.00742309,-0.00930868,0.000743451,-7.70797e-05,0,0,0,0,0,0,0,0,0,0,0,0,0,0,0,0,0,0,0,0,0,0,0,255,0.2,5.43663,0.2,-0.00600178,-0.00624389,1,1,1,1,0,1,1,-0.48498,-3.11473,0.112265,-0.0145957,0.00356736,-0.00186784,30.9985,20757,1,367,21.2338,5190,0,0.000884653,0.000950982,0.000120235,0,0,0,1,342,0.205,-6.78222e-05,-9.53309e-05,-1.95428e-05,1.39035e-05,-1.65804e-05,1.73297e-05,-0.152522,0.175186,0.0118269,-0.0116862,-0.189177,-0.000277237,-0.000316027,-0.00266031,11.3076,1,0,0,0,0,0,-1,1,-9.04601e-07,-3.41778e-06,-0.18887,0,21.5023,1,1010,1010,1010,1010,0,0,0,0,32.6931,56,-0.011678,-0.000659379,56,-0.00116206,-0.0107987,56,-0.00387622,-0.00904854,2,0,0,3,-0.0124552,-0.0196441,1,0,0,56,-0.00923733,-0.0119898,56,-0.00835485,-0.0109245,56,-0.00826501,-0.00586447
5257851027895,5257831949000,5257831949000,5257851010358,73729,19.0614,5257860506263,28.5573,0,19906,84385,0,0,1,0,0,0.008033,342,342,342,1,2.36065,2.8881,0.432911,0.225779,-0.0282974,-0.0164948,-4.33155e-05,-1.79705e-05,0.00896503,0.00023349,1,-0.00223708,0.00539219,-0.00539219,-0.00223708,1,1,-0.00610304,-0.00223606,0.00071085,-1.01988e-06,0,0,0,0,0,0,0,0,0,0,0,0,0,0,0,0,0,0,0,0,0,0,0,255,0.2,6.85683,0.2,-0.00433042,-0.000525207,1,1,1,1,0,1,1,-0.48498,-3.11473,0.112265,-0.0145957,0.00356736,-0.00186784,41.0114,20757,1,367,31.2469,5190,0,0.000884653,0.000950982,0.000120235,0,0,0,1,342,0.205,-3.67873e-05,-1.52371e-05,-3.12361e-06,7.5414e-06,-1.65047e-06,7.99392e-06,-0.152523,0.175194,0.0118155,-0.0116798,-0.189197,-0.000175835,-4.18152e-06,-0.00247226,9.82311,1,0,0,0,0,0,-1,1,-9.04601e-07,-3.41778e-06,-0.18887,0,31.5112,1,1010,1010,1010,1010,0,0,0,0,42.7019,56,-0.00896916,-0.0072969,56,-0.00650022,0.0057471,56,-0.00154749,-0.00555344,2,0,0,1,0,0,3,-0.059825,-0.0979314,56,-0.00618381,-0.00607826,56,-0.00181197,-0.00260061,56,-0.00494733,-0.00564357
5257861033619,5257851949000,5257851949000,5257861026230,73729,9.07723,5257872760504,20.8115,1,19907,84386,0,0,1,0,0,0.02,341,341,341,1,2.36652,3.77171,0.431225,0.222076,-0.00660706,0.0378113,-6.66849e-06,7.58647e-05,0.00141138,-0.00193334,1,0.00379323,0.000333424,-0.000333424,0.00379323,1,1,-0.000671889,0.00339975,0.000338465,0.000393482,0,0,0,0,0,0,0,0,0,0,0,0,0,0,0,0,0,0,0,0,0,0,0,255,0.2,6.72948,0.2,0.000427687,0.00395813,1,1,1,1,0,1,1,-0.48578,-3.11458,0.112292,-0.0121894,0.00156111,-0.00134136,0.4773,20758,1,367,43.4898,5190,0,0.000884653,0.000950982,0.000120235,0,0,0,1,341,0.205,-5.65443e-06,6.43129e-05,1.31841e-05,1.15916e-06,1.31658e-05,-1.34088e-06,-0.15251,0.175192,0.0118183,-0.0116192,-0.189191,0.000190492,0.00161328,-0.000957771,0.309151,2,0,0,0,0,0,-1,1,-9.04601e-07,-3.41778e-06,-0.18893,0,0.689209,1,1010,1010,1010,1010,0,0,0,0,0.693246,56,-0.00084376,-0.000947248,56,-0.00147085,0.00820952,56,-3.25046e-06,0.00223991,2,0,0,2,0,0,1,0,0,56,0.000203681,0.0063634,56,-0.000269177,0.00458601,56,-0.000522659,0.00359804
5257873270211,5257863905000,5257863905000,5257873253822,73729,9.34882,5257885339821,21.4348,0,19907,84387,0,0,1,0,0,0.011956,342,342,342,1,2.37089,2.70848,0.406578,0.230705,0.018692,0.0559692,1.7382e-05,8.7506e-05,-0.000472887,0.00787647,1,0.00731901,-0.00145383,0.00145383,0.00731901,1,1,0.00131756,0.00685819,0.000136267,0.000460812,0,0,0,0,0,0,0,0,0,0,0,0,0,0,0,0,0,0,0,0,0,0,0,255,0.2,8.79297,0.2,0.0017125,0.00625306,1,1,1,1,1,1,1,-0.48578,-3.11458,0.112292,-0.0121894,0.00156111,-0.00134136,13.076,20758,1,367,56.0885,5190,0,0.000884653,0.000950982,0.000120235,0,0,0,1,342,0.205,1.47393e-05,7.41876e-05,1.52085e-05,-3.02155e-06,1.43683e-05,-5.82748e-06,-0.152496,0.175187,0.0118183,-0.0116192,-0.189191,0.000265054,0.00188933,-0.000234911,12.8837,0,0,0,0,0,0,-1,1,-9.04601e-07,-3.41778e-06,-0.18893,0,13.2962,1,1010,1010,1010,1010,0,0,0,0,13.3002,56,0.00265585,0.00924847,56,-0.00397721,0.000415816,56,-0.00199827,0.00923503,2,0,0,1,0,0,3,0.114523,0.143307,56,0.00649992,0.0074876,56,0.00349653,0.00823243,56,0.00155427,0.00703222
5257885901714,5257871923000,5257871923000,5257885887658,73729,13.9647,5257894875652,22.9527,0,19907,84388,0,0,1,0,0,0.008018,344,342,341,0.997076,2.37852,2.50874,0.475708,0.228483,0.0276794,0.0677795,6.0565e-05,0.000115189,0.0075849,0.00324705,1,0.0143664,-0.00755363,0.00755363,0.0143664,1,1,0.00797906,0.013975,-0.000425428,0.000391317,0,0,0,0,0,0,0,0,0,0,0,0,0,0,0,0,0,0,0,0,0,0,0,255,0.2,1.11769,0.2,0.00574592,0.0115861,1,1,1,1,0,1,1,-0.48578,-3.11458,0.112292,-0.0121894,0.00156111,-0.00134136,22.6376,20758,1,367,65.6502,5190,0,0.000884653,0.000950982,0.000120235,0,0,0,1,341,0.205,5.13547e-05,9.76805e-05,2.00245e-05,-1.05277e-05,1.76879e-05,-1.41045e-05,-0.152478,0.175172,0.0118271,-0.011587,-0.189162,0.000305335,0.0016044,0.00163967,9.3217,1,0,0,0,0,0,-1,1,-9.04601e-07,-3.41778e-06,-0.18893,0,22.8621,1,1010,1010,1010,1010,0,0,0,0,22.8662,56,0.00947327,0.0123752,56,0.0114585,0.0174629,56,0.0105384,0.0122838,2,0,0,3,0.00569272,0.0417909,0,0,0,56,0.00647801,0.0170754,56,0.00897006,0.0156099,56,0.00475079,0.013928
5257895468694,5257883905000,5257883905000,5257895456064,73729,11.5511,5257905693938,21.7889,0,19907,84389,0,0,1,0,0,0.011982,340,340,340,1,2.59267,2.68237,0.484967,0.225501,0.0505829,0.0531769,9.35025e-05,0.000115037,-0.00177015,-0.00478856,1,0.0096008,-0.00780358,0.00780358,0.0096008,1,1,0.00852531,0.00921351,-0.000721728,0.000387284,0,0,0,0,0,0,0,0,0,0,0,0,0,0,0,0,0,0,0,0,0,0,0,255,0.2,0.524615,0.2,0.00635875,0.00577276,1,1,1,1,0,1,1,-0.48578,-3.11458,0.112292,-0.0121894,0.00156111,-0.00134136,33.4465,20758,1,367,76.4595,5190,0,0.000884653,0.000950982,0.000120235,0,0,0,1,340,0.205,7.9301e-05,9.75566e-05,1.99991e-05,-1.62567e-05,1.65872e-05,-1.97258e-05,-0.152461,0.175153,0.0118244,-0.0115595,-0.189133,0.000454152,0.00158786,0.00273059,10.5801,1,0,0,0,0,0,-1,1,-9.04601e-07,-3.41778e-06,-0.18893,0,33.6738,1,1010,1010,1010,1010,0,0,0,0,33.6778,56,0.00945584,0.00924838,56,0.00643371,0.00399181,56,0.00499874,0.0112279,0,0,0,2,0,0,2,0,0,56,0.00778314,0.00884598,56,0.00907502,0.0108869,56,0.00850285,0.00959424
5257906267868,5257891967000,5257891967000,5257906250849,73729,14.2838,5257915669884,23.7029,0,19907,84390,0,0,1,0,0,0.008062,341,340,340,1,2.6185,2.65483,0.433319,0.223335,0.0185547,0.0457458,1.07636e-05,6.39506e-05,-0.0103882,0.0119578,1,0.00793234,-0.00133511,0.00133511,0.00793234,1,1,0.00213371,0.00776335,-0.000798606,0.000168997,0,0,0,0,0,0,0,0,0,0,0,0,0,0,0,0,0,0,0,0,0,0,0,255,0.2,1.18205,0.2,0.00158751,0.00650211,1,1,1,1,0,1,1,-0.48578,-3.11458,0.112292,-0.0121894,0.00156111,-0.00134136,43.4286,20758,1,367,86.4411,5190,0,0.000884653,0.000950982,0.000120235,0,0,0,1,340,0.205,9.09495e-06,5.42232e-05,1.11158e-05,-1.86446e-06,1.05667e-05,-3.92053e-06,-0.152451,0.175149,0.0118334,-0.0115492,-0.189104,0.000422141,0.000692889,0.00295714,9.75994,1,0,0,0,0,0,-1,1,-9.04601e-07,-3.41778e-06,-0.18893,0,43.6587,1,1010,1010,1010,1010,0,0,0,0,43.6627,56,-0.0108781,0.00926895,56,0.0182957,0.00467113,56,-0.00503011,0.0123001,2,0,0,1,0,0,1,0,0,56,0.00420314,0.00531218,56,0.00490147,0.00864357,56,-0.000258991,0.00882712
5257916267055,5257899942000,5257899942000,5257916246092,73729,16.3041,5257926738041,26.796,0,19907,84391,0,0,1,0,0,0.007975,341,340,340,1,2.56989,2.92693,0.441559,0.221112,0.0147247,0.0183563,3.70823e-05,3.47748e-05,-0.00239382,-0.000362403,1,0.00436048,-0.00464982,0.00464982,0.00436048,1,1,0.00517405,0.00444817,-0.000524231,-8.76948e-05,0,0,0,0,0,0,0,0,0,0,0,0,0,0,0,0,0,0,0,0,0,0,0,255,0.2,1.03812,0.2,0.0033654,0.00152588,1,1,1,1,0,1,1,-0.486479,-3.11448,0.112304,-0.0147935,0.00310126,-0.00187232,4.58544,20759,1,367,97.4743,5190,0,0.000884653,0.000950982,0.000120235,0,0,0,1,340,0.205,3.14798e-05,2.94674e-05,6.04081e-06,-6.45336e-06,4.72095e-06,-7.47328e-06,-0.152446,0.175141,0.0118521,-0.0115529,-0.189055,0.00123517,-0.000359548,0.00270761,4.40811,2,0,0,0,0,0,-1,1,-9.04601e-07,-3.41778e-06,-0.188793,0,4.81146,1,1010,1010,1010,1010,0,0,0,0,4.81622,56,0.00148561,0.00644118,56,0.00182987,0.0102453,56,0.013014,-0.00170803,2,0,0,1,0,0,1,0,0,56,0.00340376,0.00535901,56,0.000834097,0.00403653,56,0.00268907,0.00478029
5257927271138,5257911933000,5257911933000,5257927254249,73729,15.3212,5257937132231,25.1992,0,19907,84392,0,0,1,0,0,0.011991,342,341,341,1,2.3467,2.66863,0.441985,0.222002,-0.00137329,-0.017395,-4.35923e-05,-3.62774e-05,-0.00811889,0.000749957,1,-0.00302539,0.00363542,-0.00363542,-0.00302539,1,1,-0.0031462,-0.00259643,-0.000489221,-0.000428959,0,0,0,0,0,0,0,0,0,0,0,0,0,0,0,0,0,0,0,0,0,0,0,255,0.2,1.89314,0.2,-0.00226429,-0.00340099,1,1,1,1,1,1,1,-0.486479,-3.11448,0.112304,-0.0147935,0.00310126,-0.00187232,14.9801,20759,1,367,107.869,5190,0,0.000884653,0.000950982,0.000120235,0,0,0,1,341,0.205,-3.69918e-05,-3.08043e-05,-6.31487e-06,7.58333e-06,-4.77811e-06,8.63446e-06,-0.152451,0.17515,0.0118534,-0.0115553,-0.189033,0.000468878,-0.00175873,0.00197975,8.73086,1,0,0,0,0,0,-1,1,-9.04601e-07,-3.41778e-06,-0.188793,0,15.1957,1,1010,1010,1010,1010,0,0,0,0,15.2005,56,-0.0144622,-0.00553525,56,-0.000526343,0.00541799,56,-0.000948338,0.0011101,2,0,0,1,0,0,2,0,0,56,-0.00244536,-0.00465252,56,0.000562765,-0.00504603,56,-0.00188142,-0.00301715
5257937727384,5257919937000,5257919937000,5257937708235,73729,17.7712,5257949306045,29.369,0,19907,84393,0,0,1,0,0,0.008004,342,340,340,1,2.38711,3.91614,0.510986,0.264353,-0.0127945,-0.0493164,-2.70964e-05,-8.37008e-05,-0.00617979,7.86685e-05,1,-0.0104574,0.00338536,-0.00338536,-0.0104574,1,1,-0.00310965,-0.010243,-0.000275716,-0.000214368,0,0,0,0,0,0,0,0,0,0,0,0,0,0,0,0,0,0,0,0,0,0,0,255,0.2,2.19976,0.2,-0.00394844,-0.00928322,1,1,1,1,0,1,1,-0.486479,-3.11448,0.112304,-0.0147935,0.00310126,-0.00187232,27.1533,20759,1,367,120.042,5190,0,0.000884653,0.000950982,0.000120235,0,0,0,1,340,0.205,-2.29388e-05,-7.09759e-05,-1.45501e-05,4.70245e-06,-1.34069e-05,7.35244e-06,-0.152464,0.175157,0.0118523,-0.0115542,-0.189037,0.000126775,-0.00087891,0.00100577,11.9858,1,0,0,0,0,0,-1,1,-9.04601e-07,-3.41778e-06,-0.188793,0,27.3718,1,1010,1010,1010,1010,0,0,0,0,27.3765,56,-0.00339314,-0.00526466,56,0.00109508,-0.0166682,56,-0.0012023,-0.0165872,2,0,0,1,0,0,1,0,0,56,-0.00424412,-0.011442,56,-0.00748917,-0.0136322,56,-0.00499252,-0.00881779
5257949849883,5257939943000,5257939943000,5257949842142,73729,9.89914,5257960708854,20.7659,1,19908,84394,0,0,1,0,0,0.020006,343,343,335,0.976676,2.3745,2.77863,0.487263,0.228094,-0.0773621,-0.0896149,-0.00013389,-0.000176113,-0.000540769,-0.000382959,1,-0.00880301,0.00669249,-0.00669249,-0.00880301,1,1,-0.0067184,-0.00868702,2.59116e-05,-0.000115992,0,0,0,0,0,0,0,0,0,0,0,0,0,0,0,0,0,0,0,0,0,0,0,255,0.21,4.08849,0.21,0.00510195,0.0625139,1,1,1,1,0,1,1,-0.486479,-3.11448,0.112304,-0.0147935,0.00310126,-0.00187232,38.5593,20759,1,367,131.448,5190,0,0.000884653,0.000950982,0.000120235,0,0,0,1,335,0.215,-0.000113585,-0.000149384,-3.21176e-05,2.44207e-05,-2.69576e-05,3.00198e-05,-0.152491,0.175187,0.0118409,-0.0115544,-0.189047,-0.00047892,-0.000498766,-0.000472272,11.1898,1,0,0,0,0,0,-1,1,-9.04601e-07,-3.41778e-06,-0.188793,0,38.7746,1,1010,1010,1010,1010,0,0,0,0,38.7793,56,-0.00958237,-0.00996448,56,-0.00790911,-0.00654841,56,-0.00615448,-0.00828808,2,0,0,2,0,0,3,0.000108276,-0.0333624,48,-0.00486375,-0.00852257,56,-0.00709463,-0.00818968,56,-0.00833685,-0.00880518
5257961243191,5257951924000,5257951924000,5257961227061,73729,9.30306,5257972111181,20.1872,0,19908,84395,0,0,1,0,0,0.011981,342,342,342,1,2.36689,2.80804,0.415633,0.257521,-0.0437851,-0.0401382,-7.96858e-05,-8.44955e-05,-0.00105505,0.00392176,1,-0.00705246,0.00665101,-0.00665101,-0.00705246,1,1,-0.00721555,-0.00712147,0.000564538,6.90086e-05,0,0,0,0,0,0,0,0,0,0,0,0,0,0,0,0,0,0,0,0,0,0,0,255,0.2,5.41324,0.2,-0.00566342,-0.020929,1,1,1,1,0,1,1,-0.486479,-3.11448,0.112304,-0.0147935,0.00310126,-0.00187232,49.9577,20759,1,367,142.846,5190,0,0.000884653,0.000950982,0.000120235,0,0,0,1,342,0.205,-6.75825e-05,-7.16499e-05,-1.46882e-05,1.38544e-05,-1.18235e-05,1.63674e-05,-0.152503,0.175204,0.0118521,-0.0115464,-0.189079,-8.78178e-05,0.000282935,-0.00192194,11.1996,1,0,0,0,0,0,-1,1,-9.04601e-07,-3.41778e-06,-0.188843,0,0.207927,1,1010,1010,1010,1010,0,0,0,0,0.211761,56,-0.0117577,-0.00964788,56,-0.00556845,-0.00385627,56,-0.0100865,-0.00590113,2,0,0,1,0,0,3,0.0394485,-0.0867536,56,-0.00670855,-0.00784751,56,-0.00755482,-0.00720016,56,-0.00618163,-0.00670053
5257972640240,5257959941000,5257959941000,5257972623851,73729,12.6829,5257981950329,22.0093,0,19908,84396,0,0,1,0,0,0.008017,342,340,340,1,2.3373,3.36827,0.363688,0.22189,-0.00410461,-0.00517273,7.97818e-07,-2.04248e-05,0.00322704,0.000579591,1,-0.00254768,-9.95158e-05,9.95158e-05,-0.00254768,1,1,-0.000857838,-0.00276808,0.000957354,0.000220403,0,0,0,0,0,0,0,0,0,0,0,0,0,0,0,0,0,0,0,0,0,0,0,255,0.2,6.64938,0.2,0.000570971,-0.210686,1,1,1,1,0,1,1,-0.487057,-3.11436,0.112304,-0.0122715,0.0023827,-0.00146686,9.84274,20760,1,367,152.703,5190,0,0.000884653,0.000950982,0.000120235,0,0,0,1,340,0.205,6.72511e-07,-1.73121e-05,-3.54897e-06,-1.37865e-07,-3.51137e-06,5.31688e-07,-0.152507,0.175204,0.0118506,-0.0115408,-0.189104,0.000264095,0.000903654,-0.00292885,9.65168,1,0,0,0,0,0,-1,1,-9.04601e-07,-3.41778e-06,-0.188843,0,10.061,1,1010,1010,1010,1010,0,0,0,0,10.0648,56,0.000419594,0.00100486,56,0.00263162,-0.00751216,56,0.00153622,-0.00566258,2,0,0,1,0,0,1,0,0,56,0.00193627,-0.00115285,56,-0.000447336,0.00230743,56,-0.00173414,0.000255428
5257982499037,5257971921000,5257971921000,5257982483000,73729,10.562,5257992688799,20.7678,0,19908,84397,0,0,1,0,0,0.01198,342,341,341,1,2.35002,3.12141,0.402429,0.219353,0.0032959,0.037384,-6.63222e-06,5.30177e-05,-0.00189358,0.00230563,1,0.00442552,0.000553608,-0.000553608,0.00442552,1,1,-0.0013144,0.0039231,0.000760794,0.000502417,0,0,0,0,0,0,0,0,0,0,0,0,0,0,0,0,0,0,0,0,0,0,0,255,0.2,6.36584,0.2,0.000623495,0.00419591,1,1,1,1,1,1,1,-0.487057,-3.11436,0.112304,-0.0122715,0.0023827,-0.00146686,20.5692,20760,1,367,163.43,5190,0,0.000884653,0.000950982,0.000120235,0,0,0,1,341,0.205,-5.58517e-06,4.49938e-05,9.22373e-06,1.14496e-06,9.27375e-06,-6.09385e-07,-0.152497,0.175204,0.0118574,-0.0115154,-0.189118,0.000318622,0.00205991,-0.00224051,10.5003,1,0,0,0,0,0,-1,1,-9.04601e-07,-3.41778e-06,-0.188843,0,20.7898,1,1010,1010,1010,1010,0,0,0,0,20.7937,56,0.00280349,0.00329303,56,-0.00674773,0.00416434,56,0.0017238,0.00858104,1,0,0,2,0,0,2,0,0,56,-0.000470316,0.00426361,56,-0.000685119,0.00644024,56,0.00145876,0.00508155
5257993271378,5257979947000,5257979947000,5257993252878,73729,13.3059,5258002421651,22.4747,0,19908,84398,0,0,1,0,0,0.008026,343,341,341,1,2.38148,2.79419,0.428985,0.257372,0.0153198,0.0540466,5.53438e-05,0.000105178,0.00961514,0.00461498,1,0.0131047,-0.00689557,0.00689557,0.0131047,1,1,0.00661705,0.0126152,0.000278525,0.000489486,0,0,0,0,0,0,0,0,0,0,0,0,0,0,0,0,0,0,0,0,0,0,0,255,0.2,6.9532,0.2,0.00427605,0.0103392,1,1,1,1,0,1,1,-0.487057,-3.11436,0.112304,-0.0122715,0.0023827,-0.00146686,30.3115,20760,1,367,173.172,5190,0,0.000884653,0.000950982,0.000120235,0,0,0,1,341,0.205,4.68972e-05,8.916e-05,1.82778e-05,-9.61393e-06,1.61449e-05,-1.28778e-05,-0.152481,0.175191,0.0118595,-0.0115057,-0.189108,0.000409359,0.00200689,-0.000586074,9.54678,1,0,0,0,0,0,-1,1,-9.04601e-07,-3.41778e-06,-0.188843,0,30.5272,1,1010,1010,1010,1010,0,0,0,0,30.5311,56,0.00711726,0.0144712,56,0.00103663,0.00985618,56,0.00669982,0.0157851,1,0,0,2,0,0,2,0,0,56,0.00492686,0.0136567,56,0.00991426,0.0115891,56,0.00330696,0.0117602
5258002960062,5257991923000,5257991923000,5258002941618,73729,11.0186,5258013938904,22.0159,0,19908,84399,0,0,1,0,0,0.011976,340,340,340,1,2.37889,2.95608,0.402892,0.224928,0.0222626,0.0677185,4.10201e-06,0.000105152,-0.00880916,0.00250853,1,0.00878026,-0.000342519,0.000342519,0.00878026,1,1,0.000518591,0.00826131,-0.000176072,0.000518953,0,0,0,0,0,0,0,0,0,0,0,0,0,0,0,0,0,0,0,0,0,0,0,255,0.21,6.52451,0.21,0.0132959,0.182904,1,1,1,1,0,1,1,-0.487057,-3.11436,0.112304,-0.0122715,0.0023827,-0.00146686,41.8161,20760,1,367,184.677,5190,0,0.000884653,0.000950982,0.000120235,0,0,0,1,340,0.215,3.54007e-06,8.91649e-05,1.91704e-05,-7.61116e-07,1.86846e-05,-4.35044e-06,-0.152463,0.175186,0.0118767,-0.0114875,-0.189078,0.00104846,0.0022315,0.00144445,11.3118,1,0,0,0,0,0,-1,1,-9.04601e-07,-3.41778e-06,-0.188843,0,42.0407,1,1010,1010,1010,1010,0,0,0,0,42.0445,56,0.000803593,0.00589668,56,0.00294002,0.0146891,56,-0.000222704,0.00942032,1,0,0,1,0,0,2,0,0,56,0.00426192,0.00989341,56,0.00322717,0.0108647,56,0.0012418,0.0102675
5258014464890,5257999944000,5257999944000,5258014448575,73729,14.5046,5258023792979,23.849,0,19908,84400,0,0,1,0,0,0.008021,338,337,337,1,2.36946,2.93874,0.517726,0.223668,0.0317993,0.080658,6.32253e-05,0.000141497,-0.00602828,-0.00231326,1,0.0176408,-0.00788247,0.00788247,0.0176408,1,1,0.00900612,0.0172965,-0.00112365,0.000344336,0,0,0,0,0,0,0,0,0,0,0,0,0,0,0,0,0,0,0,0,0,0,0,255,0.21,7.83704,0.21,0.0121768,0.259736,1,1,1,1,0,1,1,-0.487594,-3.11429,0.112339,-0.0115694,0.0017551,-0.00189971,0.595671,20761,1,367,194.527,5190,0,0.000884653,0.000950982,0.000120235,0,0,0,1,337,0.215,5.36195e-05,0.000119979,2.57955e-05,-1.15282e-05,2.31711e-05,-1.61673e-05,-0.152439,0.17517,0.0119026,-0.0114462,-0.188952,0.00155458,0.00148064,0.00510904,0.419781,2,0,0,0,0,0,-1,1,-9.04601e-07,-3.41778e-06,-0.188689,0,0.829247,1,1010,1010,1010,1010,0,0,0,0,0.833062,56,-0.00128747,0.0239867,56,0.0183118,0.00819628,56,0.00658858,0.0178315,0,0,0,1,0,0,0,0,0,56,0.00776328,0.0177378,56,0.00594064,0.0223737,56,0.00538333,0.0201904
5258024395650,5258011921000,5258011921000,5258024378354,73729,12.4574,5258035433826,23.5128,0,19908,84401,0,0,1,0,0,0.011977,341,340,340,1,2.3612,2.8823,0.503689,0.222095,0.00437927,0.0702209,-2.83551e-05,0.000137826,-0.011651,-0.00118503,1,0.0115075,0.00236746,-0.00236746,0.0115075,1,1,-0.000969132,0.0113049,-0.00139833,0.00020266,0,0,0,0,0,0,0,0,0,0,0,0,0,0,0,0,0,0,0,0,0,0,0,255,0.21,7.67047,0.21,-0.0012944,0.00763264,1,1,1,1,0,1,1,-0.487594,-3.11429,0.112339,-0.0115694,0.0017551,-0.00189971,12.2639,20761,1,367,11.6621,5191,0,0.000884653,0.00093532,0.00162457,0,0,0,1,340,0.215,-2.3963e-05,0.000116887,2.51306e-05,5.15204e-06,2.56487e-05,3.40145e-07,-0.152414,0.175171,0.0119026,-0.0114462,-0.188952,0.00157749,0.000871436,0.00607224,12.0664,0,0,0,0,0,0,-1,1,-9.04601e-07,-3.41778e-06,-0.188689,0,12.4866,1,1010,1010,1010,1010,0,0,0,0,12.4904,56,0.00259857,0.00797621,56,-0.00742569,0.00974552,56,-0.00321547,0.0141306,2,0,0,1,0,0,1,0,0,56,-0.00167095,0.0137644,56,-0.00405838,0.0110324,56,0.000856141,0.0127145
5258035996145,5258019957000,5258019957000,5258035978553,73729,16.0216,5258045226437,25.2694,0,19908,84402,0,0,1,0,0,0.008036,341,339,339,1,2.37378,2.68048,0.483874,0.223039,0.0176392,0.0574036,2.73898e-05,0.000123781,-0.00119563,0.00264478,1,0.0154033,-0.00340839,0.00340839,0.0154033,1,1,0.00427331,0.0153335,-0.000864919,6.98233e-05,0,0,0,0,0,0,0,0,0,0,0,0,0,0,0,0,0,0,0,0,0,0,0,255,0.21,9.0789,0.21,0.00253791,0.0106757,1,1,1,1,1,1,1,-0.487594,-3.11429,0.112339,-0.0115694,0.0017551,-0.00189971,22.059,20761,1,367,21.4571,5191,0,0.000884653,0.00093532,0.00162457,0,0,0,1,339,0.215,2.3212e-05,0.000104978,2.25704e-05,-4.99059e-06,2.12307e-05,-9.14024e-06,-0.152392,0.175161,0.0119084,-0.0114101,-0.188933,0.000897211,0.00030024,0.00369309,8.07823,2,0,0,0,0,0,-1,1,-9.04601e-07,-3.41778e-06,-0.188689,0,22.2819,1,1010,1010,1010,1010,0,0,0,0,22.2857,56,0.0139646,0.0194574,56,0.00794825,0.00864933,56,0.00290457,0.0116039,1,0,0,1,0,0,1,0,0,56,0.00249363,0.0122574,56,0.00546857,0.0158312,56,0.00224097,0.0120585
5258045835331,5258031920000,5258031920000,5258045819757,73729,13.8998,5258057612846,25.6928,0,19908,84403,0,0,1,0,0,0.011963,340,339,339,1,2.38367,2.54526,0.513578,0.219483,-0.0106201,0.0791626,-3.4412e-05,0.000145734,-0.00473175,0.000153183,1,0.012182,0.00287654,-0.00287654,0.012182,1,1,-0.00242184,0.0121078,-0.000454695,7.42471e-05,0,0,0,0,0,0,0,0,0,0,0,0,0,0,0,0,0,0,0,0,0,0,0,255,0.2,8.80131,0.2,-0.0118412,-0.16551,1,1,1,1,0,1,1,-0.487594,-3.11429,0.112339,-0.0115694,0.0017551,-0.00189971,34.4166,20761,1,367,33.8146,5191,0,0.000884653,0.00093532,0.00162457,0,0,0,1,339,0.205,-2.9163e-05,0.000123555,2.53289e-05,5.97842e-06,2.59985e-05,1.11506e-06,-0.152366,0.175163,0.0119084,-0.0114101,-0.188933,0.000572265,0.000304413,0.00194921,20.4623,0,0,0,0,0,0,-1,1,-9.04601e-07,-3.41778e-06,-0.188689,0,34.6316,1,1010,1010,1010,1010,0,0,0,0,34.6354,56,-0.000919768,0.00983948,56,-0.007303,0.0138117,56,-0.00395515,0.00984078,1,0,0,1,0,0,1,0,0,56,-0.00194133,0.0118417,56,-0.00351484,0.013359,56,-0.00120154,0.0133186
5258058117090,5258039948000,5258039948000,5258058101183,73729,18.1532,5258067312271,27.3643,0,19908,84404,0,0,1,0,0,0.008028,340,340,340,1,2.36505,2.63676,0.490207,0.224039,0.00178528,0.0734787,1.02241e-05,0.000146586,0.00064043,0.000667964,1,0.0182594,-0.00127355,0.00127355,0.0182594,1,1,-0.000359918,0.0185248,0.00163347,-0.000265429,0,0,0,0,0,0,0,0,0,0,0,0,0,0,0,0,0,0,0,0,0,0,0,255,0.2,0.784024,0.2,-0.00471203,-0.265915,1,1,1,1,0,1,1,-0.487594,-3.11429,0.112339,-0.0115694,0.0017551,-0.00189971,44.1206,20761,1,367,43.5186,5191,0,0.000884653,0.00093532,0.00162457,0,0,0,1,340,0.205,8.67956e-06,0.000124295,2.54804e-05,-1.77931e-06,2.46906e-05,-6.53613e-06,-0.152342,0.175156,0.0119413,-0.0114222,-0.18907,0.00107989,-0.00108826,-0.00449388,9.4832,2,0,0,0,0,0,-1,1,-9.04601e-07,-3.41778e-06,-0.188689,0,44.3414,1,1010,1010,1010,1010,0,0,0,0,0.188094,56,-0.00390411,0.0207639,56,0.00410327,0.0228369,56,0.00491881,0.016407,2,0,0,1,0,0,1,0,0,56,-0.001378,0.0124951,56,0.0043124,0.0180745,56,-0.00372669,0.015997
5258067864016,5258051916000,5258051916000,5258067846664,73729,15.9307,5258078603486,26.6875,0,19908,84405,0,0,1,0,0,0.011968,342,341,341,1,2.3393,2.80326,0.435096,0.221187,0.0150146,0.0496521,5.17333e-05,8.89416e-05,0.0102382,0.00195053,1,0.00743162,-0.00432263,0.00432263,0.00743162,1,1,0.000168496,0.00835696,0.00415414,-0.000925342,0,0,0,0,0,0,0,0,0,0,0,0,0,0,0,0,0,0,0,0,0,0,0,255,0.2,0.360466,0.2,0.00107226,0.00593453,1,1,1,1,0,1,1,-0.488235,-3.11417,0.112361,-0.0102089,0.00236201,-0.0018372,1.67075,20762,1,367,54.802,5191,0,0.000884653,0.00093532,0.00162457,0,0,0,1,341,0.205,4.38515e-05,7.54179e-05,1.54607e-05,-8.98956e-06,1.34924e-05,-1.17386e-05,-0.152328,0.175144,0.0119912,-0.0115181,-0.189369,0.00164292,-0.0037939,-0.0123112,1.46794,2,0,0,0,0,0,-1,1,-9.04601e-07,-3.41778e-06,-0.188929,0,1.88509,1,1010,1010,1010,1010,0,0,0,0,11.4653,56,0.00515449,0.00453361,56,-0.000311146,0.0035309,56,0.00276115,0.00702797,2,0,0,2,0,0,1,0,0,56,0.00595007,0.00645434,56,0.00366496,0.00914243,56,0.00465974,0.0070215
5258079140694,5258059960000,5258059960000,5258079123786,73729,19.1638,5258088310967,28.351,0,19908,84406,0,0,1,0,0,0.008044,342,342,342,1,2.34328,2.58311,0.436466,0.226835,0.00421906,0.0510483,4.71216e-05,0.000101619,0.021421,0.000488343,1,0.0126328,-0.00585798,0.00585798,0.0126328,1,1,0.000952606,0.0138237,0.00490537,-0.00119084,0,0,0,0,0,0,0,0,0,0,0,0,0,0,0,0,0,0,0,0,0,0,0,255,0.2,1.47149,0.2,0.00208874,0.0113338,1,1,1,1,0,1,1,-0.488235,-3.11417,0.112361,-0.0102089,0.00236201,-0.0018372,11.385,20762,1,367,64.5163,5191,0,0.000884653,0.00093532,0.00162457,0,0,0,1,342,0.205,3.99303e-05,8.61853e-05,1.7668e-05,-8.1857e-06,1.58113e-05,-1.13646e-05,-0.152312,0.175133,0.0119912,-0.0115181,-0.189369,0.00204153,-0.00488245,-0.0144564,11.1715,0,0,0,0,0,0,-1,1,-9.04601e-07,-3.41778e-06,-0.188929,0,11.6127,1,1010,1010,1010,1010,0,0,0,0,21.1929,56,0.0114366,0.00739411,56,0.00556615,0.0114016,56,0.00957839,0.0104688,2,0,0,2,0,0,2,0,0,56,0.00407534,0.0157021,56,0.0053021,0.0118489,56,0.00293488,0.00755737
5258088868767,5258079938000,5258079938000,5258088857878,73729,8.91988,5258099560200,19.6222,1,19909,84407,0,0,1,0,0,0.019978,343,343,343,1,2.35463,2.72782,0.453429,0.227057,0.0447388,0.237442,0.000127543,0.000402791,0.010494,0.00401164,1,0.0201617,-0.00638417,0.00638417,0.0201617,1,1,0.000110972,0.0214764,0.0062732,-0.00131471,0,0,0,0,0,0,0,0,0,0,0,0,0,0,0,0,0,0,0,0,0,0,0,255,0.21,1.07514,0.21,0.0112163,0.0582206,1,1,1,1,1,1,1,-0.488235,-3.11417,0.112361,-0.0102089,0.00236201,-0.0018372,22.633,20762,1,367,75.7643,5191,0,0.000884653,0.00093532,0.00162457,0,0,0,1,343,0.215,0.000108089,0.000341551,7.34335e-05,-2.32391e-05,6.77365e-05,-3.66601e-05,-0.152245,0.175096,0.0120281,-0.0115694,-0.189596,0.00288452,-0.00565327,-0.0192722,11.0595,1,0,0,0,0,0,-1,1,-9.04601e-07,-3.41778e-06,-0.188929,0,22.8463,1,1010,1010,1010,1010,0,0,0,0,32.4264,56,0.00314518,0.0226928,56,0.00460833,0.0146222,56,0.00772465,0.0239401,1,0,0,2,0,0,4,0.0108184,-0.0445161,56,0.00817986,0.0215692,56,0.00650927,0.0220032,56,0.00419868,0.0245176
5258100173945,5258091915000,5258091915000,5258100154408,73729,8.23941,5258110918953,19.004,0,19909,84408,0,0,1,0,0,0.011977,341,339,339,1,2.33926,2.88006,0.409706,0.227187,0.067749,0.302002,0.000182385,0.000544565,0.0243836,0.00851252,1,0.0454676,-0.0152279,0.0152279,0.0454676,1,1,0.00634296,0.0470596,0.00888497,-0.00159199,0,0,0,0,0,0,0,0,0,0,0,0,0,0,0,0,0,0,0,0,0,0,0,255,0.2,2.20798,0.2,0.0233746,0.18296,1,1,1,1,0,1,1,-0.488235,-3.11417,0.112361,-0.0102089,0.00236201,-0.0018372,33.9931,20762,1,367,87.1245,5191,0,0.000884653,0.00093532,0.00162457,0,0,0,1,339,0.205,0.000154578,0.000461766,9.46621e-05,-3.16884e-05,8.69761e-05,-4.89869e-05,-0.152158,0.175047,0.012066,-0.0116394,-0.189926,0.0029561,-0.00652714,-0.0267778,11.1749,1,0,0,0,0,0,-1,1,-9.04601e-07,-3.41778e-06,-0.188929,0,34.2103,1,1010,1010,1010,1010,0,0,0,0,43.7905,56,0.0205826,0.0441239,56,0.0137565,0.0437177,56,0.0123201,0.0457256,1,0,0,1,0,0,1,0,0,56,0.0176632,0.0474637,56,0.0141376,0.0443778,56,0.0116278,0.0462176
5258111463772,5258099933000,5258099933000,5258111447531,73729,11.5145,5258121072474,21.1395,0,19909,84409,0,0,1,0,0,0.008018,342,341,340,0.997067,2.3367,3.06728,0.487393,0.227909,0.0863724,0.550102,0.000220872,0.00104218,0.0475167,-0.00888841,1,0.12998,-0.027547,0.027547,0.12998,1,1,0.0151838,0.131465,0.0123632,-0.00148578,0,0,0,0,0,0,0,0,0,0,0,0,0,0,0,0,0,0,0,0,0,0,0,255,0.2,3.3588,0.2,0.0123684,-0.227354,1,1,1,1,0,1,1,-0.488235,-3.11417,0.112361,-0.0102089,0.00236201,-0.0018372,44.1424,20762,1,367,97.2738,5191,0,0.000884653,0.00093532,0.00162457,0,0,0,1,340,0.205,0.000187224,0.000883794,0.000181178,-3.83808e-05,0.000170635,-7.19688e-05,-0.151987,0.174975,0.0121225,-0.0117007,-0.190385,0.00337097,-0.00609169,-0.0378546,9.96132,1,0,0,0,0,0,-1,1,-9.04601e-07,-3.41778e-06,-0.190743,0,0.202649,1,1010,1010,1010,1010,0,0,0,0,0.206483,56,0.0384761,0.128949,56,0.00793219,0.126449,56,0.0327438,0.122899,2,0,0,1,0,0,1,0,0,56,0.0263107,0.13118,56,0.02739,0.131288,56,0.0344699,0.124928
5258121603589,5258111911000,5258111911000,5258121587570,73729,9.67657,5258131099050,19.1881,0,19909,84410,0,0,1,0,0,0.011978,341,339,339,1,2.37096,3.0543,0.528355,0.227705,0.159058,0.805237,0.000388835,0.00148798,0.0441086,-0.000113897,1,0.124226,-0.0324625,0.0324625,0.124226,1,1,0.0194652,0.125788,0.0129972,-0.00156197,0,0,0,0,0,0,0,0,0,0,0,0,0,0,0,0,0,0,0,0,0,0,0,255,0.19,3.35404,0.19,0.0134957,-0.0269896,1,1,1,1,0,1,1,-0.488009,-3.11421,0.112382,0.0247083,-0.00683319,-0.000703639,10.018,20763,1,367,107.306,5191,0,0.000884653,0.00093532,0.00162457,0,0,0,1,339,0.195,0.000329572,0.00126183,0.000246057,-6.42666e-05,0.000229443,-0.000109662,-0.151758,0.174866,0.0121225,-0.0117007,-0.190385,0.00337097,-0.00609169,-0.0378546,19.9917,0,0,0,0,0,0,-1,1,-9.04601e-07,-3.41778e-06,-0.190743,0,10.23,1,1010,1010,1010,1010,0,0,0,0,10.2338,56,0.0402161,0.124384,56,0.0307092,0.119791,56,0.0326412,0.128027,0,0,0,2,0,0,1,0,0,56,0.0336459,0.122469,56,0.0342683,0.125895,56,0.0349202,0.125006
5258131623257,5258120018000,5258120018000,5258131608794,73729,11.5908,5258141130829,21.1128,0,19909,84411,0,0,1,0,0,0.008107,343,341,341,1,2.33354,3.15019,0.505356,0.221132,0.210876,1.26913,0.000515739,0.00232839,0.0872911,0.00864113,1,0.287208,-0.0636165,0.0636165,0.287208,1,1,0.0445501,0.287959,0.0190663,-0.000751729,0,0,0,0,0,0,0,0,0,0,0,0,0,0,0,0,0,0,0,0,0,0,0,255,0.2,3.20634,0.2,0.0480109,-0.017341,1,1,1,1,0,1,1,-0.488009,-3.11421,0.112382,0.0247083,-0.00683319,-0.000703639,20.0496,20763,1,367,117.337,5191,0,0.000884653,0.00093532,0.00162457,0,0,0,1,341,0.205,0.00043709,0.00197438,0.000404748,-8.96035e-05,0.000380238,-0.000165093,-0.151377,0.174701,0.0122051,-0.0117249,-0.191765,0.00303158,-0.00308209,-0.0601123,9.81022,2,0,0,0,0,0,-1,1,-9.04601e-07,-3.41778e-06,-0.190743,0,20.2602,1,1010,1010,1010,1010,0,0,0,0,20.264,56,0.0663114,0.294051,56,0.0691326,0.285111,56,0.0626768,0.291724,2,0,0,2,0,0,1,0,0,56,0.0680512,0.285462,56,0.0639258,0.29043,56,0.0623594,0.289606
5258141658444,5258128019000,5258128019000,5258141642778,73729,13.6238,5258151914281,23.8953,0,19909,84412,0,0,1,0,0,0.008001,339,339,339,1,2.36583,3.28606,0.408114,0.216687,0.259216,1.69266,0.000650069,0.00316592,0.102762,-0.024571,1,0.395691,-0.0812484,0.0812484,0.395691,1,1,0.057236,0.395384,0.0240124,0.000306696,0,0,0,0,0,0,0,0,0,0,0,0,0,0,0,0,0,0,0,0,0,0,0,255,0.2,3.08595,0.2,0.124834,0.717167,1,1,1,1,1,1,1,-0.488009,-3.11421,0.112382,0.0247083,-0.00683319,-0.000703639,30.8338,20763,1,367,128.121,5191,0,0.000884653,0.00093532,0.00162457,0,0,0,1,339,0.205,0.00055105,0.00268469,0.000550361,-0.000112965,0.00051854,-0.000216215,-0.150859,0.174484,0.0122305,-0.0117922,-0.192611,-7.14301e-05,0.00125745,-0.0788178,10.5967,1,0,0,0,0,0,-1,1,-9.04601e-07,-3.41778e-06,-0.190743,0,31.0677,1,1010,1010,1010,1010,0,0,0,0,31.0715,56,0.101865,0.395474,56,0.0654723,0.385447,56,0.0769761,0.390935,0,0,0,1,0,0,2,0,0,56,0.0793389,0.406114,56,0.0775874,0.403314,56,0.0829887,0.398906
5258152516989,5258139933000,5258139933000,5258152500397,73729,12.5674,5258163281441,23.3484,0,19909,84413,0,0,1,0,0,0.011914,345,342,342,1,2.35272,3.42206,0.492374,0.226521,0.340797,2.03932,0.000846174,0.00373095,0.0726531,0.0145682,1,0.313157,-0.0710235,0.0710235,0.313157,1,1,0.0459138,0.313548,0.0251097,-0.000390414,0,0,0,0,0,0,0,0,0,0,0,0,0,0,0,0,0,0,0,0,0,0,0,255,0.2,3.80779,0.2,0.0564778,0.289529,1,1,1,1,0,1,1,-0.488009,-3.11421,0.112382,0.0247083,-0.00683319,-0.000703639,42.2125,20763,1,367,139.5,5191,0,0.000884653,0.00093532,0.00162457,0,0,0,1,342,0.205,0.000717276,0.00316359,0.000648537,-0.000147041,0.00060815,-0.000268962,-0.150251,0.174215,0.0122645,-0.0118247,-0.193451,0.000226283,-0.0016007,-0.0821787,11.1449,1,0,0,0,0,0,-1,1,-9.04601e-07,-3.41778e-06,-0.190743,0,42.4248,1,1010,1010,1010,1010,0,0,0,0,42.4286,56,0.0792626,0.327255,56,0.0634155,0.302136,56,0.0673565,0.315455,0,0,0,4,0.0686578,0.285325,2,0,0,56,0.0725527,0.322175,56,0.0659813,0.320879,56,0.062772,0.314522
5258163810556,5258147950000,5258147950000,5258163794334,73729,15.8443,5258174555897,26.6059,0,19909,84414,0,0,1,0,0,0.008017,345,342,340,0.994152,2.33804,3.4073,0.514615,0.223983,0.412476,2.48598,0.000992753,0.00464947,0.114452,0.0103087,1,0.579951,-0.123831,0.123831,0.579951,1,1,0.0997276,0.578309,0.0241033,0.00164216,0,0,0,0,0,0,0,0,0,0,0,0,0,0,0,0,0,0,0,0,0,0,0,255,0.2,4.6384,0.2,0.0978479,0.495744,1,1,1,1,0,1,1,-0.485212,-3.11509,0.112493,0.0739401,-0.0257966,0.00160268,1.7879,20764,1,367,150.754,5191,0,0.000884653,0.00093532,0.00162457,0,0,0,1,340,0.205,0.000841473,0.0039425,0.000808213,-0.000172502,0.000759505,-0.000325676,-0.149491,0.17389,0.0123732,-0.0116143,-0.194812,0.00232497,0.00673287,-0.077199,1.61942,2,0,0,0,0,0,-1,1,-9.04601e-07,-3.41778e-06,-0.194539,0,2.00705,1,1010,1010,1010,1010,0,0,0,0,2.0115,56,0.132407,0.585565,54,0.114347,0.57311,56,0.117552,0.578365,0,0,0,4,0.11865,0.56407,2,0,0,56,0.118179,0.591462,56,0.11953,0.579367,56,0.116267,0.585022
5258175058938,5258159939000,5258159939000,5258175043475,73729,15.1045,5258185889612,25.9506,0,19909,84415,0,0,1,0,0,0.011989,340,339,337,0.9941,2.33465,3.11889,0.40391,0.218057,0.51828,2.87552,0.00117031,0.00538265,0.0733977,-0.00996683,1,0.448966,-0.0976153,0.0976153,0.448966,1,1,0.0746145,0.44619,0.0230008,0.00277574,0,0,0,0,0,0,0,0,0,0,0,0,0,0,0,0,0,0,0,0,0,0,0,255,0.2,6.01506,0.2,0.0829823,0.38113,1,1,1,1,0,1,1,-0.485212,-3.11509,0.112493,0.0739401,-0.0257966,0.00160268,13.1533,20764,1,367,162.12,5191,0,0.000884653,0.00093532,0.00162457,0,0,0,1,337,0.205,0.000992188,0.00456422,0.000935665,-0.000203399,0.000878562,-0.000380657,-0.148613,0.173509,0.0123732,-0.0116143,-0.194812,0.00360468,0.0113805,-0.0725588,12.9521,0,0,0,0,0,0,-1,1,-9.04601e-07,-3.41778e-06,-0.194539,0,13.366,1,1010,1010,1010,1010,0,0,0,0,13.3704,56,0.104459,0.455218,54,0.0911287,0.448542,56,0.0922056,0.438979,0,0,0,1,0,0,2,0,0,56,0.0906218,0.450508,56,0.0965709,0.453977,56,0.103419,0.454285
5258186430727,5258167951000,5258167951000,5258186415209,73729,18.4642,5258195833872,27.8829,0,19909,84416,0,0,1,0,0,0.008012,342,341,339,0.994135,2.36283,3.09269,0.463763,0.22289,0.504608,3.16139,0.00106117,0.0059348,0.0714596,-0.0022678,1,0.740738,-0.132447,0.132447,0.740738,1,1,0.120639,0.738827,0.0118085,0.00191107,0,0,0,0,0,0,0,0,0,0,0,0,0,0,0,0,0,0,0,0,0,0,0,255,0.19,7.27048,0.19,0.113126,0.62816,1,1,1,1,0,1,1,-0.485212,-3.11509,0.112493,0.0739401,-0.0257966,0.00160268,23.1017,20764,1,367,172.068,5191,0,0.000884653,0.00093532,0.00162457,0,0,0,1,339,0.195,0.00089957,0.00503244,0.000981325,-0.000175416,0.000928728,-0.000362142,-0.147684,0.173147,0.0120981,-0.0117069,-0.194917,-0.00787504,0.00745318,-0.0431427,9.72613,1,0,0,0,0,0,-1,1,-9.04601e-07,-3.41778e-06,-0.194539,0,23.338,1,1010,1010,1010,1010,0,0,0,0,23.3425,56,0.146722,0.746208,54,0.129033,0.735689,56,0.131257,0.734695,0,0,0,1,0,0,4,0.161416,0.879143,56,0.125902,0.738341,56,0.126424,0.743755,56,0.135562,0.744111
5258196413488,5258187946000,5258187946000,5258196404377,73729,8.45838,5258207364645,19.4186,1,19910,84417,0,0,1,0,0,0.019995,346,345,334,0.968116,2.33913,3.17263,0.48467,0.229909,0.237396,5.63947,0.000379119,0.0106608,-0.0229921,-0.0148535,1,0.533172,-0.0189607,0.0189607,0.533172,1,1,0.0297545,0.538565,-0.0107938,-0.0053923,0,0,0,0,0,0,0,0,0,0,0,0,0,0,0,0,0,0,0,0,0,0,0,255,0.2,7.09552,0.2,0.021621,0.403441,1,1,1,1,1,1,1,-0.485212,-3.11509,0.112493,0.0739401,-0.0257966,0.00160268,34.6048,20764,1,367,183.571,5191,0,0.000884653,0.00093532,0.00162457,0,0,0,1,334,0.205,0.000320953,0.00903916,0.00185303,-6.57954e-05,0.0018053,-0.000422428,-0.145879,0.172724,0.0116605,-0.0122176,-0.194365,-0.0323586,-0.0221084,0.00951695,11.298,1,0,0,0,0,0,-1,1,-9.04601e-07,-3.41778e-06,-0.194539,0,34.8139,1,1010,1010,1010,1010,0,0,0,0,34.8184,55,0.0254495,0.538927,48,0.010719,0.536675,56,0.0266162,0.530064,3,0.0398106,0.538445,0,0,0,4,0.0144374,0.583933,56,0.0168221,0.531874,56,0.0189093,0.529952,56,0.0152683,0.531067
5258208026335,5258199929000,5258199929000,5258207997853,73729,8.06885,5258218633897,18.7049,0,19910,84418,0,0,1,0,0,0.011983,358,356,353,0.991573,2.35281,3.14678,0.514393,0.235113,0.720352,2.99548,0.00118154,0.00563098,-0.0819161,0.00800196,1,0.469914,-0.098601,0.098601,0.469914,1,1,0.122589,0.48146,-0.0239884,-0.0115459,0,0,0,0,0,0,0,0,0,0,0,0,0,0,0,0,0,0,0,0,0,0,0,255,0.2,8.56366,0.2,0.129321,0.487778,1,1,1,1,0,1,1,-0.485212,-3.11509,0.112493,0.0739401,-0.0257966,0.00160268,45.8792,20764,1,367,194.846,5191,0,0.000884653,0.00093532,0.00162457,0,0,0,1,353,0.205,0.00100207,0.00477423,0.000978717,-0.000205425,0.000920961,-0.00038964,-0.144958,0.172335,0.0120261,-0.0125925,-0.193359,-0.0117791,-0.0473381,0.0692586,11.0746,1,0,0,0,0,0,-1,1,-9.04601e-07,-3.41778e-06,-0.194539,0,46.0947,1,1010,1010,1010,1010,0,0,0,0,0.168483,56,0.107662,0.474094,55,0.092829,0.463344,56,0.0968654,0.464327,4,0.0755793,0.476182,5,0.0737814,0.484954,10,0.0852565,0.506711,56,0.0995046,0.473995,56,0.0986648,0.47203,55,0.0994396,0.47677
5258219160845,5258207963000,5258207963000,5258219146697,73729,11.1837,5258231172584,23.2096,0,19910,84419,0,0,1,0,0,0.008034,374,372,330,0.887097,2.33783,4.1869,0.496466,0.230335,0.805099,3.96849,0.00134876,0.0074211,-0.0874047,0.0108101,1,0.923711,-0.167881,0.167881,0.923711,1,1,0.174094,0.920112,-0.00621317,0.00359913,0,0,0,0,0,0,0,0,0,0,0,0,0,0,0,0,0,0,0,0,0,0,0,255,0.22,-0.617801,0.22,0.213875,1.44549,1,1,1,1,0,1,1,-0.480996,-3.11661,0.112596,0.0962828,-0.0321877,0.0023237,3.00482,20765,1,367,2.95063,5192,0,0.000884653,0.0029853,0.00316695,0,0,0,1,330,0.225,0.00114405,0.00629209,0.00141572,-0.00025741,0.00134023,-0.00052357,-0.143617,0.171811,0.0131563,-0.01195,-0.192576,0.0449295,0.0161961,0.058311,2.78554,3,0,0,0,0,0,-1,1,-9.04601e-07,-3.41778e-06,-0.192004,0,3.21162,1,1010,1010,1010,1010,0,0,0,0,12.6841,56,0.178773,0.928825,21,0.191213,0.860032,54,0.148656,0.925197,10,0.205807,0.922732,12,0.0797217,0.896759,9,0.189063,0.916455,56,0.179607,0.93199,56,0.164703,0.931892,56,0.176243,0.943504
5258231653958,5258219928000,5258219928000,5258231640662,73729,11.7127,5258242686671,22.7587,0,19910,84420,0,0,1,0,0,0.011965,377,376,368,0.978723,2.31842,3.59584,0.530096,0.250002,0.794098,3.99713,0.00146445,0.00755913,-0.0229615,-0.0260903,1,0.63177,-0.122394,0.122394,0.63177,1,1,0.115836,0.627731,0.00655801,0.00403943,0,0,0,0,0,0,0,0,0,0,0,0,0,0,0,0,0,0,0,0,0,0,0,255,0.22,1.7284,0.22,0.133293,0.972259,1,1,1,1,0,1,1,-0.480996,-3.11661,0.112596,0.0962828,-0.0321877,0.0023237,14.5271,20765,1,367,14.473,5192,0,0.000884653,0.0029853,0.00316695,0,0,0,1,368,0.225,0.00124185,0.00640797,0.00144179,-0.000279416,0.00136161,-0.000550158,-0.142256,0.171261,0.0131563,-0.01195,-0.192576,0.043979,0.0181775,0.0115744,14.2856,0,0,0,0,0,0,-1,1,-9.04601e-07,-3.41778e-06,-0.192004,0,14.751,1,1010,1010,1010,1010,0,0,0,0,24.2235,56,0.139174,0.640087,50,0.119622,0.641289,56,0.118391,0.622608,11,0.106016,0.652717,14,0.137393,0.669277,14,0.111923,0.649715,55,0.103998,0.617526,56,0.119074,0.635409,56,0.136518,0.641783
5258243232416,5258227960000,5258227960000,5258243218434,73729,15.2584,5258253196917,25.2369,0,19910,84421,0,0,1,0,0,0.008032,394,394,313,0.794416,2.32585,3.67442,0.620134,0.217965,0.598846,3.84879,0.0012187,0.00725934,0.072665,-0.0228735,1,0.903802,-0.151731,0.151731,0.903802,1,1,0.141844,0.906946,0.0098864,-0.00314387,0,0,0,0,0,0,0,0,0,0,0,0,0,0,0,0,0,0,0,0,0,0,0,255,0.22,3.16367,0.22,0.0708238,0.740488,1,1,1,1,0,1,1,-0.480996,-3.11661,0.112596,0.0962828,-0.0321877,0.0023237,25.0549,20765,1,367,25.0007,5192,0,0.000884653,0.0029853,0.00316695,0,0,0,1,313,0.225,0.00103218,0.00615325,0.00138448,-0.00023224,0.00131406,-0.000493743,-0.140942,0.170767,0.012804,-0.0122847,-0.193227,-0.00612878,-0.0141474,-0.0404941,10.3296,1,0,0,0,0,0,-1,1,-9.04601e-07,-3.41778e-06,-0.192004,0,25.2649,1,1010,1010,1010,1010,0,0,0,0,34.7374,48,0.156003,0.919393,47,0.155072,0.895033,56,0.147319,0.883257,23,0.181187,0.923371,24,0.179643,0.929077,21,0.149115,0.897596,52,0.146728,0.907406,41,0.14546,0.903482,1,0,0
5258253745681,5258239928000,5258239928000,5258253731551,73729,13.8036,5258265925902,25.9979,0,19910,84422,0,0,1,0,0,0.011968,405,404,391,0.967822,2.38333,3.75718,0.676986,0.260261,0.202667,4.09534,0.000591265,0.00769332,0.060601,-0.0193488,1,0.642824,-0.0494038,0.0494038,0.642824,1,1,0.0271378,0.645114,0.022266,-0.00229023,0,0,0,0,0,0,0,0,0,0,0,0,0,0,0,0,0,0,0,0,0,0,0,255,0.22,3.49203,0.22,-0.017838,0.519821,1,1,1,1,1,1,1,-0.480996,-3.11661,0.112596,0.0962828,-0.0321877,0.0023237,37.7872,20765,1,367,37.733,5192,0,0.000884653,0.0029853,0.00316695,0,0,0,1,391,0.225,0.000501051,0.00652089,0.0014672,-0.000112736,0.0014178,-0.000393668,-0.139524,0.170374,0.0132025,-0.0121655,-0.194154,0.00347304,-0.010306,-0.0773793,12.5019,1,0,0,0,0,0,-1,1,-9.04601e-07,-3.41778e-06,-0.192004,0,38.0171,1,1010,1010,1010,1010,0,0,0,0,47.4896,56,0.065643,0.638268,46,0.0760669,0.626379,55,0.0469838,0.630261,23,0.0188559,0.664987,25,0.0467927,0.681214,31,0.0234482,0.65498,43,0.0383435,0.653213,56,0.0435179,0.644721,56,0.0473324,0.635343
5258266573870,5258247948000,5258247948000,5258266555204,73729,18.6072,5258278067883,30.1199,0,19910,84423,0,0,1,0,0,0.00802,431,431,418,0.969838,2.39441,4.12998,0.678524,0.279613,0.822372,4.75507,0.00179488,0.00897817,0.135405,-0.0426619,1,1.11947,-0.2238,0.2238,1.11947,1,1,0.198069,1.11855,0.0257307,0.000921613,0,0,0,0,0,0,0,0,0,0,0,0,0,0,0,0,0,0,0,0,0,0,0,255,0.22,5.81001,0.22,0.164689,0.949002,1,1,1,1,0,1,1,-0.474191,-3.11865,0.112658,0.141585,-0.0374513,0.00320078,4.11522,20766,1,367,49.8523,5192,0,0.000884653,0.0029853,0.00316695,0,0,0,1,418,0.225,0.00152164,0.00760967,0.00171218,-0.000342368,0.00161278,-0.000668889,-0.137911,0.169705,0.0131278,-0.0124486,-0.1958,0.001113,0.00414726,-0.0917403,3.91053,2,0,0,0,0,0,-1,1,-9.04601e-07,-3.41778e-06,-0.19551,0,4.37446,1,1010,1010,1010,1010,0,0,0,0,4.37892,56,0.255448,1.13604,46,0.226617,1.07073,56,0.209969,1.09888,36,0.259429,1.13124,34,0.211197,1.13992,34,0.233929,1.12744,49,0.195576,1.13389,52,0.228145,1.1178,55,0.232981,1.11484
5258278618628,5258268016000,5258268016000,5258278612091,73729,10.5961,5258290468199,22.4522,1,19911,84424,0,0,1,0,0,0.020068,433,433,346,0.799076,2.39163,3.97779,0.621746,0.243095,0.919647,9.9866,0.00209056,0.0188185,0.0875585,-0.049684,1,0.937738,-0.104174,0.104174,0.937738,1,1,0.086362,0.940395,0.0178118,-0.00265728,0,0,0,0,0,0,0,0,0,0,0,0,0,0,0,0,0,0,0,0,0,0,0,255,0.22,7.40702,0.22,0.0840749,0.798956,1,1,1,1,0,1,1,-0.474191,-3.11865,0.112658,0.141585,-0.0374513,0.00320078,16.5168,20766,1,367,62.254,5192,0,0.000884653,0.0029853,0.00316695,0,0,0,1,346,0.225,0.0017714,0.0159507,0.00358892,-0.000398565,0.00344213,-0.00109056,-0.134469,0.168614,0.0130829,-0.0125784,-0.196225,-0.000971542,-0.0119578,-0.0648998,12.2184,1,0,0,0,0,0,-1,1,-9.04601e-07,-3.41778e-06,-0.19551,0,16.7298,1,1010,1010,1010,1010,0,0,0,0,16.7342,49,0.104015,0.924155,21,0.0893876,0.908887,55,0.111068,0.925812,32,0.115628,0.965675,23,0.0962474,0.972805,40,0.0994525,0.955379,38,0.0852708,0.948123,51,0.0920349,0.940842,37,0.111133,0.92287
5258290998925,5258279927000,5258279927000,5258290986351,73729,11.0594,5258304008931,24.0819,0,19911,84425,0,0,1,0,0,0.011911,439,439,400,0.911162,2.43048,4.01847,0.687672,0.272057,0.407608,5.4937,0.000810103,0.0103152,0.0121326,-0.0385425,1,0.866023,-0.068013,0.068013,0.866023,1,1,0.0510433,0.864653,0.0169697,0.00137036,0,0,0,0,0,0,0,0,0,0,0,0,0,0,0,0,0,0,0,0,0,0,0,255,0.22,0.16589,0.22,0.066256,0.731933,1,1,1,1,0,1,1,-0.474191,-3.11865,0.112658,0.141585,-0.0374513,0.00320078,30.0608,20766,1,367,75.7979,5192,0,0.000884653,0.0029853,0.00316695,0,0,0,1,400,0.225,0.00068698,0.00874102,0.00196673,-0.000154571,0.00189855,-0.000535644,-0.132571,0.168079,0.0137239,-0.0123945,-0.196556,0.0257982,0.00616661,-0.0404523,13.3031,1,0,0,0,0,0,-1,1,-9.04601e-07,-3.41778e-06,-0.19551,0,30.298,1,1010,1010,1010,1010,0,0,0,0,30.3025,56,0.0800466,0.861683,44,0.0548738,0.78754,40,0.0730266,0.865569,54,0.0728238,0.894575,47,0.0710201,0.896426,49,0.0690512,0.891632,30,0.0528637,0.872401,42,0.0643044,0.869151,38,0.0702757,0.867424
5258304573472,5258299925000,5258299925000,5258304564491,73729,4.63949,5258317249402,17.3244,1,19912,84426,0,0,1,0,0,0.019998,423,423,299,0.706856,2.40107,5.89127,0.761505,0.215335,1.49936,12.295,0.0030224,0.0233975,0.00667809,-0.0737434,1,1.16999,-0.151135,0.151135,1.16999,1,1,0.133176,1.16509,0.017959,0.00490392,0,0,0,0,0,0,0,0,0,0,0,0,0,0,0,0,0,0,0,0,0,0,0,255,0.22,3.59995,0.22,0.125407,0.985901,1,1,1,1,1,1,1,-0.474191,-3.11865,0.112658,0.141585,-0.0374513,0.00320078,43.2969,20766,1,367,89.0342,5192,0,0.000884653,0.0029853,0.00316695,0,0,0,1,299,0.225,0.00256082,0.0198241,0.00446042,-0.000576184,0.00426107,-0.00143819,-0.128309,0.16664,0.0136521,-0.0123365,-0.197051,0.0315124,0.0220676,-0.0394426,13.0618,1,0,0,0,0,0,-1,1,-9.04601e-07,-3.41778e-06,-0.19551,0,43.501,1,1010,1010,1010,1010,0,0,0,0,43.5055,23,0.169969,1.17053,10,0.113557,1.13482,51,0.165928,1.14464,45,0.158594,1.19048,30,0.139891,1.20138,49,0.154134,1.18471,21,0.119484,1.14352,42,0.135108,1.15655,28,0.165359,1.16587
5258317812073,5258307954000,5258307954000,5258317800073,73729,9.84607,5258328264985,20.311,0,19912,84427,0,0,1,0,0,0.008029,401,401,356,0.887781,2.42028,3.92055,0.589282,0.244372,0.761734,6.15798,0.00150578,0.011532,-0.00429629,-0.0166236,1,1.43629,-0.187542,0.187542,1.43629,1,1,0.17416,1.43482,0.0133824,0.00147281,0,0,0,0,0,0,0,0,0,0,0,0,0,0,0,0,0,0,0,0,0,0,0,255,0.22,6.66387,0.22,0.127621,1.20332,1,1,1,1,0,1,1,-0.464417,-3.12147,0.112895,0.186726,-0.052199,0.00551008,0.683709,20767,1,367,100.049,5192,0,0.000884653,0.0029853,0.00316695,0,0,0,1,356,0.225,0.00127742,0.00977115,0.00219851,-0.000287419,0.00209914,-0.00071354,-0.12621,0.165927,0.0141416,-0.0123051,-0.197677,0.0179177,0.00662765,-0.0338423,0.4953,2,0,0,0,0,0,-1,1,-9.04601e-07,-3.41778e-06,-0.197365,0,0.903043,1,1010,1010,1010,1010,0,0,0,0,0.907192,56,0.160104,1.40809,37,0.193003,1.31251,56,0.176211,1.42816,50,0.197772,1.47839,54,0.181834,1.48543,55,0.180748,1.49066,1,0,0,30,0.14812,1.42566,17,0.176085,1.42288
5258328793304,5258319941000,5258319941000,5258328781711,73729,8.84071,5258339388810,19.4478,0,19912,84428,0,0,1,0,0,0.011987,397,396,330,0.833333,2.40848,3.5193,0.64506,0.229817,0.94162,6.92046,0.00181947,0.0130649,0.0425844,0.000568382,1,1.08993,-0.151787,0.151787,1.08993,1,1,0.142442,1.08718,0.00934552,0.0027417,0,0,0,0,0,0,0,0,0,0,0,0,0,0,0,0,0,0,0,0,0,0,0,255,0.22,7.41604,0.22,0.10998,0.914777,1,1,1,1,0,1,1,-0.464417,-3.12147,0.112895,0.186726,-0.052199,0.00551008,11.8111,20767,1,367,111.176,5192,0,0.000884653,0.0029853,0.00316695,0,0,0,1,330,0.225,0.00154281,0.0110682,0.00249035,-0.000347131,0.00237326,-0.000830232,-0.123837,0.165097,0.0139244,-0.0126381,-0.198029,0.00193818,0.0123377,-0.0320933,10.9487,1,0,0,0,0,0,-1,1,-9.04601e-07,-3.41778e-06,-0.197365,0,12.0164,1,1010,1010,1010,1010,0,0,0,0,12.0205,55,0.14002,1.06793,49,0.152708,1.06387,45,0.13851,1.06703,56,0.18507,1.11394,55,0.149634,1.12046,56,0.141387,1.12209,10,0.145181,1.06632,1,0,0,3,0.130659,1.07984
5258339905814,5258327948000,5258327948000,5258339893869,73729,11.9459,5258349758018,21.81,0,19912,84429,0,0,1,0,0,0.008007,383,381,292,0.766404,2.40083,3.50269,0.657838,0.206742,0.512848,6.61282,0.000943164,0.0124209,0.00497745,0.0594487,1,1.55125,-0.117792,0.117792,1.55125,1,1,0.10657,1.55579,0.0112223,-0.00453344,0,0,0,0,0,0,0,0,0,0,0,0,0,0,0,0,0,0,0,0,0,0,0,255,0.22,8.4416,0.22,0.0795462,1.30815,1,1,1,1,0,1,1,-0.464417,-3.12147,0.112895,0.186726,-0.052199,0.00551008,22.1775,20767,1,367,121.543,5192,0,0.000884653,0.0029853,0.00316695,0,0,0,1,292,0.225,0.000798664,0.0105225,0.00236756,-0.000179699,0.00228554,-0.000642787,-0.121552,0.164454,0.014201,-0.0129516,-0.198406,0.0075514,-0.0204005,-0.0343592,10.1726,1,0,0,0,0,0,-1,1,-9.04601e-07,-3.41778e-06,-0.197365,0,22.3773,1,1010,1010,1010,1010,0,0,0,0,22.3815,56,0.128001,1.55173,48,0.111486,1.47867,50,0.0971871,1.5449,48,0.145737,1.58334,56,0.0914866,1.5896,25,0.146278,1.55982,8,0.140693,1.44544,1,0,0,0,0,0
5258350256466,5258335970000,5258335970000,5258350246503,73729,14.2765,5258361056455,25.0865,0,19912,84430,0,0,1,0,0,0.008022,376,374,355,0.949198,2.41668,3.55958,0.636431,0.242687,1.08459,6.74979,0.00208112,0.01268,0.0430096,-0.0173612,1,1.58065,-0.259427,0.259427,1.58065,1,1,0.24546,1.58046,0.0139667,0.000195148,0,0,0,0,0,0,0,0,0,0,0,0,0,0,0,0,0,0,0,0,0,0,0,255,0.22,8.67471,0.22,0.196497,1.32793,1,1,1,1,0,1,1,-0.464417,-3.12147,0.112895,0.186726,-0.052199,0.00551008,33.4784,20767,1,367,132.843,5192,0,0.000884653,0.0029853,0.00316695,0,0,0,1,355,0.225,0.00176501,0.0107436,0.00241731,-0.000397128,0.00229105,-0.000866915,-0.119261,0.163587,0.014239,-0.0127136,-0.198918,0.00930795,0.000878167,-0.0428337,11.1075,1,0,0,0,0,0,-1,1,-9.04601e-07,-3.41778e-06,-0.197365,0,33.6931,1,1010,1010,1010,1010,0,0,0,0,33.6972,56,0.240036,1.5615,56,0.21846,1.51445,56,0.251672,1.56692,55,0.301371,1.62935,51,0.246188,1.62817,55,0.276244,1.6404,5,0.307107,1.41309,15,0.223384,1.57863,6,0.246873,1.59258
5258361564218,5258347947000,5258347947000,5258361552792,73729,13.6058,5258373209917,25.2629,0,19912,84431,0,0,1,0,0,0.011977,387,380,350,0.921053,2.42504,3.96901,0.690931,0.236779,0.935898,7.45626,0.00183343,0.0139885,0.0395681,-0.0235917,1,1.16795,-0.15308,0.15308,1.16795,1,1,0.136993,1.1676,0.0160865,0.000355189,0,0,0,0,0,0,0,0,0,0,0,0,0,0,0,0,0,0,0,0,0,0,0,255,0.22,-0.325725,0.22,0.125247,0.991015,1,1,1,1,1,1,1,-0.464417,-3.12147,0.112895,0.186726,-0.052199,0.00551008,45.6289,20767,1,367,144.994,5192,0,0.000884653,0.0029853,0.00316695,0,0,0,1,350,0.225,0.00155508,0.011853,0.00266692,-0.000349892,0.00254463,-0.000871135,-0.116716,0.162716,0.014381,-0.0129979,-0.199391,0.0119718,0.00159835,-0.0483339,11.9568,1,0,0,0,0,0,-1,1,-9.04601e-07,-3.41778e-06,-0.19953,0,0.213724,1,1010,1010,1010,1010,0,0,0,0,0.217261,56,0.141041,1.16501,54,0.187405,1.11818,56,0.139015,1.16829,53,0.169388,1.21736,51,0.135935,1.19757,54,0.157173,1.17501,1,0,0,20,0.0968608,1.16059,5,0.142141,1.24886
5258373782033,5258355953000,5258355953000,5258373768959,73729,17.816,5258384823857,28.8709,0,19912,84432,0,0,1,0,0,0.008006,359,355,320,0.901408,2.43517,3.79869,0.638505,0.22678,1.23067,7.35159,0.00228767,0.013668,0.0163271,0.00664326,1,1.70722,-0.285745,0.285745,1.70722,1,1,0.272084,1.70845,0.0136606,-0.00122592,0,0,0,0,0,0,0,0,0,0,0,0,0,0,0,0,0,0,0,0,0,0,0,255,0.22,1.72314,0.22,0.23743,1.46453,1,1,1,1,0,1,1,-0.45285,-3.12509,0.113029,0.22358,-0.0725382,0.00926898,11.6216,20768,1,367,156.63,5192,0,0.000884653,0.0029853,0.00316695,0,0,0,1,320,0.225,0.00194012,0.0115823,0.00260603,-0.000436527,0.00246737,-0.000945109,-0.114248,0.161771,0.0142768,-0.0130261,-0.199845,0.000973736,-0.00551662,-0.0483992,11.4307,1,0,0,0,0,0,-1,1,-9.04601e-07,-3.41778e-06,-0.19953,0,11.83,1,1010,1010,1010,1010,0,0,0,0,11.8336,56,0.271418,1.717,16,0.30014,1.58607,56,0.29452,1.72676,55,0.311597,1.73364,53,0.26399,1.74532,54,0.292181,1.7219,4,0.285211,1.77201,19,0.2985,1.63705,7,0.278958,1.82002
5258385354083,5258375964000,5258375964000,5258385347843,73729,9.38384,5258398208847,22.2448,1,19913,84433,0,0,1,0,0,0.020011,420,395,310,0.78481,2.50206,4.89109,0.737432,0.220816,2.19531,15.7493,0.00417326,0.029344,0.0679504,0.0378038,1,1.46639,-0.208548,0.208548,1.46639,1,1,0.195838,1.46546,0.0127102,0.000932143,0,0,0,0,0,0,0,0,0,0,0,0,0,0,0,0,0,0,0,0,0,0,0,255,0.22,3.1496,0.22,0.167357,1.24786,1,1,1,1,0,1,1,-0.45285,-3.12509,0.113029,0.22358,-0.0725382,0.00926898,24.9874,20768,1,367,169.995,5192,0,0.000884653,0.0029853,0.00316695,0,0,0,1,310,0.225,0.00353948,0.0248633,0.00559424,-0.000796383,0.00532369,-0.00189323,-0.108925,0.159877,0.0143734,-0.0130163,-0.200275,0.0011807,0.00419464,-0.044812,13.1571,1,0,0,0,0,0,-1,1,-9.04601e-07,-3.41778e-06,-0.19953,0,25.1951,1,1010,1010,1010,1010,0,0,0,0,25.1986,55,0.206512,1.48074,34,0.232948,1.3911,55,0.189024,1.47371,37,0.233022,1.49535,45,0.205567,1.46174,41,0.213298,1.46574,7,0.209901,1.52591,17,0.19805,1.49126,19,0.197269,1.5289
5258398737222,5258387978000,5258387978000,5258398726129,73729,10.7481,5258412631956,24.654,0,19913,84434,0,0,1,0,0,0.012014,452,451,431,0.955654,2.51926,4.00712,0.665542,0.283447,1.11711,8.09384,0.00210507,0.0150444,0.00605131,0.0146424,1,1.25224,-0.175218,0.175218,1.25224,1,1,0.164609,1.25265,0.0106095,-0.000413181,0,0,0,0,0,0,0,0,0,0,0,0,0,0,0,0,0,0,0,0,0,0,0,255,0.22,5.15611,0.22,0.149556,1.07015,1,1,1,1,0,1,1,-0.45285,-3.12509,0.113029,0.22358,-0.0725382,0.00926898,39.4101,20768,1,367,184.418,5192,0,0.000884653,0.0029853,0.00316695,0,0,0,1,431,0.225,0.00178462,0.0127481,0.00286832,-0.000401539,0.0027305,-0.000965326,-0.106194,0.158912,0.0145463,-0.0132151,-0.200739,0.00357619,-0.00185932,-0.0353331,14.1704,2,0,0,0,0,0,-1,1,-9.04601e-07,-3.41778e-06,-0.19953,0,39.6521,1,1010,1010,1010,1010,0,0,0,0,39.6556,56,0.166524,1.25714,51,0.184292,1.22608,56,0.163461,1.27798,53,0.184343,1.23947,52,0.161422,1.21596,54,0.19356,1.23419,33,0.187674,1.30737,37,0.164864,1.3249,39,0.159239,1.31399
5258413155997,5258395965000,5258395965000,5258413144868,73729,17.1799,5258425494479,29.5295,0,19913,84435,0,0,1,0,0,0.007987,478,478,444,0.92887,2.51557,4.65992,0.919674,0.305595,1.36924,8.34514,0.00270279,0.0155014,0.0318383,0.0596526,1,1.94083,-0.338399,0.338399,1.94083,1,1,0.345932,1.94729,-0.00753305,-0.00646145,0,0,0,0,0,0,0,0,0,0,0,0,0,0,0,0,0,0,0,0,0,0,0,255,0.22,0.492911,0.22,0.286573,1.65482,1,1,1,1,1,1,1,-0.45285,-3.12509,0.113029,0.22358,-0.0725382,0.00926898,52.2718,20768,1,367,197.28,5192,0,0.000884653,0.0029853,0.00316695,0,0,0,1,444,0.225,0.00229124,0.013135,0.00295538,-0.00051553,0.00279348,-0.00109331,-0.103401,0.157819,0.0136982,-0.0141163,-0.200357,-0.0258676,-0.0290765,0.00642486,12.6067,1,0,0,0,0,0,-1,1,-9.04601e-07,-3.41778e-06,-0.199332,0,0.233298,1,1010,1010,1010,1010,0,0,0,0,0.237224,56,0.319512,1.95759,34,0.431661,1.82941,56,0.291787,1.96068,54,0.340812,1.92152,55,0.333605,1.85268,53,0.354039,1.89007,43,0.349783,2.00387,47,0.382793,2.05455,46,0.30075,2.07019
5258426087410,5258415961000,5258415961000,5258426079132,73729,10.1181,5258439048397,23.0874,1,19914,84436,0,0,1,0,0,0.019996,500,500,308,0.616,2.58313,5.29735,1.0796,0.248613,1.52451,16.8908,0.00296231,0.0316807,-0.00159524,0.0121272,1,1.58435,-0.148145,0.148145,1.58435,1,1,0.162922,1.59671,-0.0147769,-0.0123596,0,0,0,0,0,0,0,0,0,0,0,0,0,0,0,0,0,0,0,0,0,0,0,255,0.22,3.2893,0.22,0.125825,1.35232,1,1,1,1,0,1,1,-0.438634,-3.12983,0.113143,0.274843,-0.0846047,0.0147664,13.5427,20769,1,367,13.5088,5193,0,0.000884653,0.00641648,0.00358864,0,0,0,1,308,0.225,0.00251264,0.0268477,0.00604072,-0.000565344,0.00580813,-0.00175198,-0.0975927,0.156067,0.0142689,-0.0142967,-0.199647,-0.00616791,-0.0556183,0.0482626,13.3718,1,0,0,0,0,0,-1,1,-9.04601e-07,-3.41778e-06,-0.199332,0,13.7555,1,1010,1010,1010,1010,0,0,0,0,13.7595,55,0.134028,1.60805,36,0.150194,1.57194,56,0.14123,1.57479,35,0.154012,1.56731,33,0.141209,1.52909,20,0.150881,1.58692,14,0.201631,1.58478,27,0.115618,1.61365,32,0.157024,1.65535
5258439560530,5258427940000,5258427940000,5258439548641,73729,11.6086,5258452757315,24.8173,0,19914,84437,0,0,1,0,0,0.011979,500,499,367,0.735471,2.53645,4.47303,0.937433,0.249113,0.673035,10.1115,0.00116522,0.0182716,-0.130761,0.140617,1,1.5253,-0.0972719,0.0972719,1.5253,1,1,0.113001,1.5258,-0.0157292,-0.000502101,0,0,0,0,0,0,0,0,0,0,0,0,0,0,0,0,0,0,0,0,0,0,0,255,0.22,6.28803,0.22,0.105263,1.3695,1,1,1,1,0,1,1,-0.438634,-3.12983,0.113143,0.274843,-0.0846047,0.0147664,27.2499,20769,1,367,27.2159,5193,0,0.000884653,0.00641648,0.00358864,0,0,0,1,367,0.225,0.000988646,0.0154789,0.00348274,-0.000222445,0.00336966,-0.00090666,-0.094223,0.15516,0.0136527,-0.0146969,-0.199056,-0.011432,-0.00225945,0.0474796,13.4747,2,0,0,0,0,0,-1,1,-9.04601e-07,-3.41778e-06,-0.199332,0,27.4748,1,1010,1010,1010,1010,0,0,0,0,27.4787,51,0.124471,1.57424,24,0.127744,1.41924,0,0,0,44,0.124151,1.48371,49,0.0667813,1.43074,41,0.096525,1.37341,55,0.118347,1.58643,55,0.071983,1.60997,48,0.0353708,1.63975
5258453292504,5258435970000,5258435970000,5258453280893,73729,17.3109,5258465213983,29.244,0,19914,84438,0,0,1,0,0,0.00803,500,500,401,0.802,2.60924,4.67448,0.844395,0.27165,0.791443,9.32066,0.0015415,0.0173312,-0.0759509,0.0598864,1,2.1583,-0.191967,0.191967,2.1583,1,1,0.198226,2.16209,-0.00625902,-0.00378737,0,0,0,0,0,0,0,0,0,0,0,0,0,0,0,0,0,0,0,0,0,0,0,255,0.22,0.017703,0.22,0.164796,1.8776,1,1,1,1,0,1,1,-0.438634,-3.12983,0.113143,0.274843,-0.0846047,0.0147664,39.7289,20769,1,367,39.6948,5193,0,0.000884653,0.00641648,0.00358864,0,0,0,1,401,0.225,0.0013046,0.0146872,0.00330462,-0.000293535,0.00318103,-0.000941203,-0.091042,0.154219,0.013464,-0.0143906,-0.19908,-0.0103556,-0.0170432,0.0142479,12.2232,1,0,0,0,0,0,-1,1,-9.04601e-07,-3.41778e-06,-0.199332,0,39.9685,1,1010,1010,1010,1010,0,0,0,0,39.9724,56,0.170478,2.1647,48,0.263543,2.13113,56,0.164619,2.22732,38,0.20816,2.10737,41,0.1894,2.03027,37,0.200687,2.16122,52,0.226528,2.26895,55,0.183843,2.26422,18,0.142421,2.12666
5258465802877,5258455952000,5258455952000,5258465794599,73729,9.8426,5258480358857,24.4069,1,19915,84439,0,0,1,0,0,0.019982,500,499,264,0.529058,2.62302,6.80763,1.31757,0.20078,2.0477,21.1505,0.00395774,0.0396634,-0.0263823,-0.049561,1,1.98496,-0.198065,0.198065,1.98496,1,1,0.197977,1.98237,8.84868e-05,0.00258736,0,0,0,0,0,0,0,0,0,0,0,0,0,0,0,0,0,0,0,0,0,0,0,255,0.22,2.34804,0.22,0.177252,1.69064,1,1,1,1,1,1,1,-0.422043,-3.13509,0.113373,0.324867,-0.099695,0.0147828,2.96504,20770,1,367,54.8134,5193,0,0.000884653,0.00641648,0.00358864,0,0,0,1,264,0.225,0.00335926,0.0336131,0.00756294,-0.000755833,0.00726305,-0.00223785,-0.083779,0.151981,0.0134766,-0.0142492,-0.199277,-0.010764,0.0116431,-0.00892972,2.81213,2,0,0,0,0,0,-1,1,-9.04601e-07,-3.41778e-06,-0.19898,0,3.15675,1,1010,1010,1010,1010,0,0,0,0,3.16097,54,0.171612,1.99049,16,0.23923,1.97224,47,0.189128,2.02869,28,0.180753,1.97127,23,0.177887,1.97568,31,0.217753,1.98396,12,0.22902,2.04017,20,0.192623,2.01057,33,0.198738,1.9689
5258480907102,5258467930000,5258467930000,5258480895250,73729,12.9652,5258494545705,26.6157,0,19915,84440,0,0,1,0,0,0.011978,500,500,344,0.688,2.61113,4.86963,0.871544,0.24315,1.72649,10.6473,0.00336872,0.0200271,0.0475396,0.0182533,1,1.67199,-0.281243,0.281243,1.67199,1,1,0.281211,1.66884,3.21404e-05,0.003147,0,0,0,0,0,0,0,0,0,0,0,0,0,0,0,0,0,0,0,0,0,0,0,255,0.22,6.82733,0.22,0.24695,1.42538,1,1,1,1,0,1,1,-0.422043,-3.13509,0.113373,0.324867,-0.099695,0.0147828,17.1575,20770,1,367,69.0059,5193,0,0.000884653,0.00641648,0.00358864,0,0,0,1,344,0.225,0.00285687,0.0169696,0.00381817,-0.000642795,0.00361495,-0.00138623,-0.080164,0.150595,0.012947,-0.0141126,-0.199392,-0.0164217,0.0141615,-0.0132531,14.0017,1,0,0,0,0,0,-1,1,-9.04601e-07,-3.41778e-06,-0.19898,0,17.3879,1,1010,1010,1010,1010,0,0,0,0,17.3922,54,0.257003,1.70691,19,0.241107,1.66137,5,0.226981,1.90591,47,0.284015,1.58774,40,0.280107,1.59412,35,0.27236,1.66135,51,0.323349,1.70029,48,0.288422,1.69916,45,0.2701,1.72117
5258495082913,5258475984000,5258475984000,5258495071209,73729,19.0872,5258506751390,30.7674,0,19915,84441,0,0,1,0,0,0.008054,500,499,298,0.597194,2.62495,4.73959,1.02182,0.216076,0.674774,11.0442,0.00132793,0.0206529,0.0384334,0.0956876,1,2.56431,-0.164879,0.164879,2.56431,1,1,0.163836,2.56449,0.00104251,-0.000186761,0,0,0,0,0,0,0,0,0,0,0,0,0,0,0,0,0,0,0,0,0,0,0,255,0.21,1.21095,0.21,0.159573,2.16927,1,1,1,1,0,1,1,-0.422043,-3.13509,0.113373,0.324867,-0.099695,0.0147828,29.3885,20770,1,367,81.2369,5193,0,0.000884653,0.00641648,0.00358864,0,0,0,1,298,0.215,0.00112925,0.0175035,0.00376324,-0.000242789,0.00363991,-0.000984624,-0.0765241,0.14961,0.0128986,-0.0142103,-0.199758,-0.0232737,-0.000803074,-0.0222052,12.0313,1,0,0,0,0,0,-1,1,-9.04601e-07,-3.41778e-06,-0.19898,0,29.5989,1,1010,1010,1010,1010,0,0,0,0,29.6032,49,0.148244,2.60962,19,0.257374,2.53932,50,0.133044,2.62708,9,0.0385465,2.45321,39,0.190505,2.48319,39,0.139097,2.53714,0,0,0,41,0.151392,2.58448,52,0.185264,2.50424
5258507300968,5258495956000,5258495956000,5258507294857,73729,11.3389,5258521677262,25.7213,1,19916,84442,0,0,1,0,0,0.019972,500,412,192,0.466019,2.59293,7.0195,1.63522,0.161649,2.87099,21.2477,0.00577282,0.0400591,0.149575,0.00571675,1,2.00576,-0.289046,0.289046,2.00576,1,1,0.270011,2.00048,0.0190349,0.00528558,0,0,0,0,0,0,0,0,0,0,0,0,0,0,0,0,0,0,0,0,0,0,0,255,0.21,3.25063,0.21,0.227063,1.43048,1,1,1,1,0,1,1,-0.403804,-3.14124,0.113666,0.317297,-0.108139,0.0111874,0.180187,20771,1,367,96.1274,5193,0,0.000884653,0.00641648,0.00358864,0,0,0,1,192,0.215,0.00488854,0.0339409,0.0072973,-0.00105104,0.00693948,-0.00248828,-0.0695846,0.147122,0.0134212,-0.0136149,-0.201244,0.00979069,0.022728,-0.0576475,0.119353,2,0,0,0,0,0,-1,1,-9.04601e-07,-3.41778e-06,-0.201738,0,0.350947,1,1010,1010,1010,1010,0,0,0,0,0.35441,26,0.21304,1.98703,3,0.290621,1.90327,38,0.259155,2.03256,26,0.316584,1.9947,21,0.283767,2.02601,19,0.311174,2.11426,19,0.309527,1.98936,23,0.303736,1.98132,17,0.327664,1.98106
5258522135562,5258507973000,5258507973000,5258522123784,73729,14.1508,5258536249780,28.2768,0,19916,84443,0,0,1,0,0,0.012017,500,495,388,0.783838,2.62217,5.3438,1.02088,0.263557,1.96709,10.6943,0.00382396,0.0202348,0.103211,-0.0265441,1,1.68384,-0.318212,0.318212,1.68384,1,1,0.288953,1.67452,0.0292595,0.00932881,0,0,0,0,0,0,0,0,0,0,0,0,0,0,0,0,0,0,0,0,0,0,0,255,0.21,7.90391,0.21,0.281391,1.42471,1,1,1,1,1,1,1,-0.403804,-3.14124,0.113666,0.317297,-0.108139,0.0111874,14.7753,20771,1,367,110.723,5193,0,0.000884653,0.00641648,0.00358864,0,0,0,1,388,0.215,0.00324177,0.017149,0.00368704,-0.000696981,0.003472,-0.00142257,-0.0661126,0.145699,0.0136119,-0.0131825,-0.202039,0.0233504,0.0401139,-0.0819723,13.0609,1,0,0,0,0,0,-1,1,-9.04601e-07,-3.41778e-06,-0.201738,0,15.0103,1,1010,1010,1010,1010,0,0,0,0,15.0138,54,0.297325,1.73871,7,0.458048,1.57554,55,0.305055,1.69815,49,0.319438,1.66335,37,0.333293,1.72869,43,0.304879,1.72637,41,0.327176,1.6729,54,0.333377,1.65648,48,0.350147,1.72353
5258536870544,5258527934000,5258527934000,5258536863710,73729,8.92971,5258551493691,23.5597,1,19917,84444,0,0,1,0,0,0.019961,500,498,254,0.51004,2.63521,6.65568,2.12546,0.190261,3.73109,21.8765,0.00738653,0.0413617,0.181678,-0.120383,1,2.07212,-0.370048,0.370048,2.07212,1,1,0.33912,2.0597,0.0309282,0.0124295,0,0,0,0,0,0,0,0,0,0,0,0,0,0,0,0,0,0,0,0,0,0,0,255,0.22,2.38463,0.22,0.268249,2.02648,1,1,1,1,0,1,1,-0.403804,-3.14124,0.113666,0.317297,-0.108139,0.0111874,30.0071,20771,1,367,125.954,5193,0,0.000884653,0.00641648,0.00358864,0,0,0,1,254,0.225,0.00625948,0.0350588,0.00788823,-0.00140838,0.00744288,-0.00296733,-0.0586697,0.142732,0.0143079,-0.0125433,-0.202698,0.0437077,0.0559327,-0.0763754,15.0433,1,0,0,0,0,0,-1,1,-9.04601e-07,-3.41778e-06,-0.201738,0,30.2015,1,1010,1010,1010,1010,0,0,0,0,30.2049,40,0.325122,2.13249,1,0,0,43,0.375825,2.08264,37,0.360576,2.07768,22,0.375791,2.02296,18,0.39366,2.11009,25,0.373302,2.05299,37,0.37662,2.00872,31,0.411005,2.08266
5258552022955,5258547936000,5258547936000,5258552013584,73729,4.07758,5258566486675,18.5507,1,19918,84445,0,0,1,0,0,0.020002,500,497,236,0.474849,2.59824,6.61201,1.6187,0.183853,3.085,21.7814,0.00594886,0.0411619,0.132422,-0.0252662,1,2.05789,-0.297413,0.297413,2.05789,1,1,0.275576,2.04795,0.0218368,0.0099425,0,0,0,0,0,0,0,0,0,0,0,0,0,0,0,0,0,0,0,0,0,0,0,255,0.22,7.09639,0.22,0.212346,1.68963,1,1,1,1,0,1,1,-0.403804,-3.14124,0.113666,0.317297,-0.108139,0.0111874,45.0218,20771,1,367,140.969,5193,0,0.000884653,0.00641648,0.00358864,0,0,0,1,236,0.225,0.00503861,0.0348884,0.0078499,-0.00113369,0.00745885,-0.00269545,-0.0512109,0.140037,0.0146679,-0.0121646,-0.203352,0.0357088,0.0447412,-0.0500456,14.8054,2,0,0,0,0,0,-1,1,-9.04601e-07,-3.41778e-06,-0.201738,0,45.2086,1,1010,1010,1010,1010,0,0,0,0,45.2121,48,0.276114,2.07156,13,0.250567,2.03771,43,0.293394,2.06001,37,0.311318,2.06129,22,0.292107,2.02845,15,0.288403,2.07818,25,0.347186,2.03577,17,0.29223,2.03532,16,0.312232,2.13991
5258566992105,5258555954000,5258555954000,5258566980290,73729,11.0263,5258580824191,24.8702,0,19918,84446,0,0,1,0,0,0.008018,500,498,365,0.732932,2.63496,5.11754,1.11564,0.248095,1.24017,10.7317,0.00232284,0.0200276,-0.0680378,-0.0845311,1,2.49783,-0.289703,0.289703,2.49783,1,1,0.289362,2.49311,0.000340974,0.00472182,0,0,0,0,0,0,0,0,0,0,0,0,0,0,0,0,0,0,0,0,0,0,0,255,0.22,2.05602,0.22,0.218687,2.07043,1,1,1,1,0,1,1,-0.38617,-3.1471,0.113602,0.338831,-0.102915,0.00895707,3.56349,20772,1,367,155.276,5193,0,0.000884653,0.00641648,0.00358864,0,0,0,1,365,0.225,0.00196823,0.0169718,0.00381866,-0.000442853,0.00365093,-0.00120314,-0.04756,0.138833,0.0146213,-0.011593,-0.202887,0.00691623,0.0212482,0.00430548,3.38051,2,0,0,0,0,0,-1,1,-9.04601e-07,-3.41778e-06,-0.202564,0,3.78755,1,1010,1010,1010,1010,0,0,0,0,3.79173,44,0.294346,2.59187,18,0.210486,2.37107,45,0.330329,2.57427,38,0.237777,2.48235,37,0.26195,2.53123,41,0.331413,2.56265,48,0.300354,2.52373,47,0.265192,2.46398,47,0.298626,2.51435
5258581323195,5258563969000,5258563969000,5258581311843,73729,17.3428,5258594004383,30.0354,0,19918,84447,0,0,1,0,0,0.008015,500,500,311,0.622,2.61535,5.29043,0.949081,0.230316,0.918243,10.9774,0.00183446,0.0207341,-0.111523,-0.170379,1,2.58691,-0.228879,0.228879,2.58691,1,1,0.238352,2.58104,-0.00947271,0.00586849,0,0,0,0,0,0,0,0,0,0,0,0,0,0,0,0,0,0,0,0,0,0,0,255,0.22,5.79469,0.22,0.172852,2.1527,1,1,1,1,1,1,1,-0.38617,-3.1471,0.113602,0.338831,-0.102915,0.00895707,16.7572,20772,1,367,168.47,5193,0,0.000884653,0.00641648,0.00358864,0,0,0,1,311,0.225,0.00155763,0.017573,0.00395392,-0.000350466,0.00380334,-0.00113556,-0.0437566,0.137698,0.0152423,-0.0108913,-0.201743,0.0207502,0.0264082,0.0507019,5.66926,2,0,0,0,0,0,-1,1,-9.04601e-07,-3.41778e-06,-0.202564,0,16.9725,1,1010,1010,1010,1010,0,0,0,0,16.9767,46,0.206217,2.65748,5,0.119349,2.54514,45,0.259035,2.58704,25,0.131895,2.50808,36,0.190716,2.6052,44,0.240419,2.67935,19,0.221713,2.56627,47,0.226871,2.57844,44,0.209864,2.58894
5258594596795,5258583967000,5258583967000,5258594590147,73729,10.6231,5258614603909,30.6369,1,19919,84448,0,0,1,0,0,0.019998,500,496,179,0.360887,2.62474,10.5782,3.94134,0.150391,2.47476,22.1229,0.00471719,0.0411561,0.0614989,0.051548,1,2.05801,-0.235883,0.235883,2.05801,1,1,0.244771,2.05102,-0.00888739,0.00698794,0,0,0,0,0,0,0,0,0,0,0,0,0,0,0,0,0,0,0,0,0,0,0,255,0.22,-0.808914,0.22,0.189327,1.73904,1,1,1,1,0,1,1,-0.38617,-3.1471,0.113602,0.338831,-0.102915,0.00895707,37.3544,20772,1,367,189.067,5193,0,0.000884653,0.00641648,0.00358864,0,0,0,1,179,0.225,0.00400064,0.0348807,0.00784816,-0.000900145,0.00750833,-0.00245431,-0.0362483,0.135244,0.0152423,-0.0108913,-0.201743,0.0312,0.0314457,0.0569546,26.3094,0,0,0,0,0,0,-1,1,-9.04601e-07,-3.41778e-06,-0.202564,0,37.521,1,1010,1010,1010,1010,0,0,0,0,37.5252,21,0.251295,2.13483,0,0,0,30,0.214823,2.01631,24,0.230948,1.98899,14,0.175385,2.10242,27,0.258383,2.03982,14,0.276913,2.02171,22,0.233818,2.10831,27,0.260732,2.1264
5258615079561,5258603972000,5258603972000,5258615073654,73729,11.1017,5258635616809,31.6448,1,19920,84449,0,0,1,0,0,0.020005,500,495,98,0.19798,2.61135,9.58157,5.01985,0.103964,1.91908,23.2027,0.00400828,0.0440403,0.0741669,-0.0649272,1,2.20146,-0.200364,0.200364,2.20146,1,1,0.217453,2.19654,-0.0170891,0.00492695,0,0,0,0,0,0,0,0,0,0,0,0,0,0,0,0,0,0,0,0,0,0,0,255,0.22,-0.614227,0.22,0.123943,1.83575,1,1,1,1,0,1,1,-0.366635,-3.15332,0.113679,0.365542,-0.109632,0.0146105,11.2283,20773,1,367,210.076,5193,0,0.000884653,0.00641648,0.00358864,0,0,0,1,98,0.225,0.00340133,0.0372994,0.00839237,-0.0007653,0.00807281,-0.00241698,-0.0281755,0.132827,0.0148791,-0.0101812,-0.199973,-0.00195876,0.0221713,0.0599538,11.1278,3,0,0,0,0,0,-1,1,-9.04602e-07,-3.41778e-06,-0.199644,0,11.3798,1,1010,1010,1010,1010,0,0,0,0,11.3839,6,0.30056,2.31542,0,0,0,0,0,0,28,0.145393,2.1896,10,0.244605,2.19995,11,0.216606,2.21925,1,0,0,9,0.184447,2.21014,33,0.217874,2.20171
5258636077646,5258624016000,5258624016000,5258636071998,73729,12.056,5258654409877,30.3939,1,19921,84450,0,0,1,0,0,0.020044,484,476,75,0.157563,2.59167,8.77238,4.91328,0.090427,2.25098,22.9756,0.00341821,0.0409017,0.131658,0.294769,1,2.0406,-0.170535,0.170535,2.0406,1,1,0.188988,2.03107,-0.0184526,0.00952344,0,0,0,0,0,0,0,0,0,0,0,0,0,0,0,0,0,0,0,0,0,0,0,255,0.22,0.053297,0.22,0.168399,1.81808,1,1,1,1,1,1,1,-0.366635,-3.15332,0.113679,0.365542,-0.109632,0.0146105,30.0216,20773,1,367,18.782,5194,0,0.000884653,0.00623936,0.00138676,0,0,0,1,75,0.225,0.0028983,0.0346541,0.00779718,-0.000652118,0.00751324,-0.00218356,-0.0206622,0.130643,0.0147021,-0.00980196,-0.199402,-0.0102646,0.0428555,0.0582178,18.692,1,0,0,0,0,0,-1,1,-9.04602e-07,-3.41778e-06,-0.199644,0,30.1718,1,1010,1010,1010,1010,0,0,0,0,30.1759,1,0,0,0,0,0,4,0.00175307,1.67606,3,0.305262,2.01523,5,0.233633,2.03245,12,0.11077,2.02148,0,0,0,8,0.254584,1.99474,42,0.161496,2.11367
5258654912788,5258643973000,5258643973000,5258654905862,73729,10.9329,5258673382372,29.4094,1,19922,84451,0,0,1,0,0,0.019957,490,480,91,0.189583,2.60733,8.85038,4.99728,0.102074,2.18683,22.9026,0.00496832,0.0431248,0.316984,0.12613,1,2.16088,-0.248951,0.248951,2.16088,1,1,0.270814,2.15366,-0.0218628,0.00722326,0,0,0,0,0,0,0,0,0,0,0,0,0,0,0,0,0,0,0,0,0,0,0,255,0.22,6.87718,0.22,0.165144,1.81493,1,1,1,1,0,1,1,-0.346361,-3.1598,0.113831,0.370668,-0.113978,0.0149567,1.92474,20774,1,367,37.7506,5194,0,0.000884653,0.00623936,0.00138676,0,0,0,1,91,0.225,0.00421238,0.0365297,0.00821918,-0.000947786,0.00787391,-0.0025399,-0.0127883,0.128103,0.0143178,-0.00891757,-0.197236,-0.0126765,0.0325047,0.0685649,1.88805,3,0,0,0,0,0,-1,1,-9.04601e-07,-3.41778e-06,-0.195861,0,2.06628,1,1010,1010,1010,1010,0,0,0,0,2.07135,7,0.238485,2.23021,0,0,0,0,0,0,20,0.254595,2.15303,16,0.205339,2.13762,18,0.224189,2.12439,6,0.292744,2.15804,6,0.252227,2.13832,18,0.280944,2.23109
5258673822450,5258663970000,5258663970000,5258673816876,73729,9.84688,5258691794623,27.8246,1,19923,84452,0,0,1,0,0,0.019997,482,476,93,0.195378,2.58078,8.84053,5.01469,0.101149,2.39899,23.0741,0.00414863,0.0417131,0.194741,0.319189,1,2.08597,-0.207462,0.207462,2.08597,1,1,0.235114,2.07536,-0.027652,0.0106108,0,0,0,0,0,0,0,0,0,0,0,0,0,0,0,0,0,0,0,0,0,0,0,255,0.22,6.6489,0.22,0.198016,1.82315,1,1,1,2,0,1,1,-0.346361,-3.1598,0.113831,0.370668,-0.113978,0.0149567,20.3402,20774,1,367,56.1664,5194,0,0.000884653,0.00623936,0.00138676,0,0,0,1,93,0.225,0.00351725,0.0353212,0.00794728,-0.000791382,0.00764043,-0.00232513,-0.00514789,0.125778,0.0140556,-0.00840131,-0.196171,-0.0113248,0.0477484,0.0904872,18.3087,1,0,0,0,0,0,-1,1,-9.04601e-07,-3.41778e-06,-0.195861,0,20.5,1,1010,1010,1010,1010,0,0,0,0,20.505,2,0,0,0,0,0,1,0,0,10,0.319134,2.06438,23,0.245729,2.10857,20,0.14425,1.99367,0,0,0,7,0.283567,2.23456,30,0.18113,2.15838
5258692258126,5258683967000,5258683967000,5258692252422,73729,8.28542,5258710295189,26.3282,1,19924,84453,0,0,1,0,0,0.019997,458,451,93,0.206208,2.54957,8.55355,4.9232,0.099594,2.05576,23.8533,0.00443174,0.0436837,0.224507,0.0887616,1,2.18451,-0.22162,0.22162,2.18451,1,1,0.263161,2.17663,-0.0415404,0.00787618,0,0,0,0,0,0,0,0,0,0,0,0,0,0,0,0,0,0,0,0,0,0,0,255,0.22,5.51119,0.22,0.15518,1.87686,1,1,1,1,1,1,1,-0.346361,-3.1598,0.113831,0.370668,-0.113978,0.0149567,38.8406,20774,1,367,74.6665,5194,0,0.000884653,0.00623936,0.00138676,0,0,0,1,93,0.225,0.00375243,0.0369928,0.00832337,-0.000844297,0.00801017,-0.00241369,0.00286229,0.123364,0.0136651,-0.00748917,-0.191591,-0.0116272,0.0354428,0.140244,10.8305,3,0,0,0,0,0,-1,1,-9.04601e-07,-3.41778e-06,-0.195861,0,38.9914,1,1010,1010,1010,1010,0,0,0,0,38.9965,0,0,0,0,0,0,2,0,0,4,0.163365,2.05566,13,0.202915,2.14465,15,0.167929,2.18764,3,0.415055,2.22013,13,0.2253,2.2545,43,0.234923,2.17403
5258710792674,5258695946000,5258695946000,5258710781174,73729,14.8352,5258725012726,29.0667,0,19924,84454,0,0,1,0,0,0.011979,469,459,215,0.46841,2.59632,5.99338,2.72774,0.164576,0.760666,12.1769,0.0013358,0.023014,-0.0732704,-0.0283144,1,1.9212,-0.111512,0.111512,1.9212,1,1,0.159654,1.91299,-0.048142,0.00820753,0,0,0,0,0,0,0,0,0,0,0,0,0,0,0,0,0,0,0,0,0,0,0,255,0.22,3.73821,0.22,0.0873294,1.59243,1,1,1,1,0,1,1,-0.325535,-3.1662,0.11401,0.390298,-0.114623,0.0138168,0.905748,20775,1,367,89.3756,5194,0,0.000884653,0.00623936,0.00138676,0,0,0,1,215,0.225,0.00113161,0.019495,0.00438637,-0.000254613,0.00426118,-0.00107086,0.00712346,0.122293,0.013489,-0.00671377,-0.18823,0.000363017,0.0369339,0.173602,0.774173,2,0,0,0,0,0,-1,1,-9.04601e-07,-3.41778e-06,-0.187933,0,1.08597,1,1010,1010,1010,1010,0,0,0,0,1.0901,5,0.104716,2.01592,0,0,0,16,0.0990845,1.94339,45,0.145477,1.89328,29,0.0692735,1.87121,36,0.100051,1.8563,15,0.12407,2.00165,22,0.103919,1.88687,47,0.112266,1.96585
5258725482859,5258715947000,5258715947000,5258725475729,73729,9.52873,5258744582151,28.6352,1,19925,84455,0,0,1,0,0,0.020001,491,480,24,0.05,2.61787,9.99574,4.93718,0.061871,2.33501,23.8578,-0.0162228,0.000865594,2.1297,5.45592,1,0.0432775,0.811101,-0.811101,0.0432775,1,1,-0.762114,0.0342202,-0.0489864,0.00905731,0,0,0,0,0,0,0,0,0,0,0,0,0,0,0,0,0,0,0,0,0,0,0,255,0.22,7.54376,0.22,0.182327,1.76288,1,1,1,1,0,1,1,-0.325535,-3.1662,0.11401,0.390298,-0.114623,0.0138168,20.4852,20775,1,367,108.955,5194,0,0.000884653,0.00623936,0.00138676,0,0,0,1,24,0.225,-0.0137536,0.000718541,0.000161672,0.00309455,0.00073754,0.00300942,0.007861,0.125303,0.013489,-0.00671377,-0.18823,-0.0032207,0.0407579,0.173774,20.3983,0,0,0,0,0,0,-1,1,-9.04601e-07,-3.41778e-06,-0.187933,0,20.6435,1,1010,1010,1010,1010,0,0,0,0,20.6477,2,0,0,0,0,0,4,-0.773048,-0.878348,0,0,0,0,0,0,3,-0.889425,0.429291,0,0,0,0,0,0,15,-0.956072,0.232656
5258745036359,5258735942000,5258735942000,5258745031155,73729,9.08915,5258765754608,29.8126,1,19926,84456,0,0,1,0,0,0.019995,490,488,42,0.0860656,2.58244,10.3331,4.96837,0.073611,2.25673,23.4004,0.00429979,0.0362331,0.268512,0.907185,1,1.81211,-0.215043,0.215043,1.81211,1,1,0.261345,1.80669,-0.0463023,0.00541883,0,0,0,0,0,0,0,0,0,0,0,0,0,0,0,0,0,0,0,0,0,0,0,255,0.22,7.26028,0.22,0.134912,1.85643,1,1,1,1,1,1,1,-0.325535,-3.1662,0.11401,0.390298,-0.114623,0.0138168,41.6569,20775,1,367,130.127,5194,0,0.000884653,0.00623936,0.00138676,0,0,0,1,42,0.225,0.00364921,0.0306847,0.00690405,-0.000821073,0.00663447,-0.00207914,0.0144955,0.123224,0.0130143,-0.0061827,-0.185329,-0.0132573,0.0243847,0.156083,21.0365,2,0,0,0,0,0,-1,1,-9.04601e-07,-3.41778e-06,-0.187933,0,41.7862,1,1010,1010,1010,1010,0,0,0,0,41.7903,1,0,0,0,0,0,2,0,0,7,0.412889,1.97562,0,0,0,0,0,0,3,0.571204,2.18344,3,0.294719,2.0209,26,0.0139145,1.87914
5258766194741,5258755945000,5258755945000,5258766188482,73729,10.2435,5258786383653,30.4387,1,19927,84457,0,0,1,0,0,0.020003,500,492,34,0.0691057,2.62269,11.0895,4.998,0.065593,2.46239,25.1558,0.000789757,0.0341777,0.452096,1.47297,1,1.70863,-0.0394819,0.0394819,1.70863,1,1,0.0798889,1.70156,-0.040407,0.00706892,0,0,0,0,0,0,0,0,0,0,0,0,0,0,0,0,0,0,0,0,0,0,0,255,0.21,8.11604,0.21,-0.279285,1.27846,1,1,1,1,0,1,1,-0.304274,-3.17264,0.1141,0.40149,-0.114745,0.0162547,8.34636,20776,1,367,150.757,5194,0,0.000884653,0.00623936,0.00138676,0,0,0,1,34,0.215,0.000679187,0.0289536,0.00622503,-0.000146025,0.00609605,-0.00126863,0.0205915,0.121955,0.0125281,-0.00535613,-0.181727,-0.0128341,0.0303964,0.128733,8.26452,3,0,0,0,0,0,-1,1,-9.04602e-07,-3.41778e-06,-0.18145,0,8.48614,1,1010,1010,1010,1010,0,0,0,0,8.49051,0,0,0,2,0,0,0,0,0,0,0,0,1,0,0,0,0,0,1,0,0,9,0.289412,1.78434,21,-0.0940355,1.7582
5258786831452,5258772040000,5258772040000,5258786826656,73729,14.7867,5258806483897,34.4439,1,19928,84458,0,0,1,0,0,0.016095,489,477,29,0.0607966,2.61176,10.6686,4.87946,0.066167,1.76816,25.211,0.00335524,0.0231818,3.01066,1.85648,1,1.44031,-0.208465,0.208465,1.44031,1,1,0.242684,1.43547,-0.0342199,0.00484576,0,0,0,0,0,0,0,0,0,0,0,0,0,0,0,0,0,0,0,0,0,0,0,255,0.22,8.47445,0.22,0.924436,3.0852,1,1,1,1,0,1,1,-0.304274,-3.17264,0.1141,0.40149,-0.114745,0.0162547,28.4517,20776,1,367,170.862,5194,0,0.000884653,0.00623936,0.00138676,0,0,0,1,29,0.225,0.00282789,0.0196437,0.00441983,-0.000636276,0.00423333,-0.00142074,0.0248249,0.120534,0.0120507,-0.00489589,-0.180829,-0.0323053,0.0218059,0.0973472,20.0144,1,0,0,0,0,0,-1,1,-9.04602e-07,-3.41778e-06,-0.18145,0,28.6332,1,1010,1010,1010,1010,0,0,0,0,28.6376,0,0,0,2,0,0,2,0,0,0,0,0,2,0,0,5,-0.250204,1.93772,1,0,0,0,0,0,17,0.527739,1.41917
5258806993605,5258791972000,5258791972000,5258806985975,73729,15.014,5258827577983,35.606,1,19929,84459,0,0,0,5,0,0.019932,500,478,14,0.0292887,2.6288,11.7048,5.04717,0,0,0,0,0,0,0,1,0,0,0,0,0,0,0,0,0,0,0,0,0,0,0,0,0,0,0,0,0,0,0,0,0,0,0,0,0,0,0,0,0,0,0.21,8.38325,0.21,0,0,0,1,0,0,1,1,1,-0.283086,-3.17882,0.114302,0.405898,-0.107059,0.0147398,5.0282,20777,1,367,191.923,5194,0,0.000884653,0.00623936,0.00138676,0,0,0,0,0,0,0,0,0,0,0,0,0.0248249,0.120534,0.0119468,-0.00327836,-0.178026,-0.0125789,0.0443624,0.0906663,4.9998,3,0,0,0,0,0,-1,1,-9.04602e-07,-3.41778e-06,-0.176715,0,5.09157,1,1010,1010,1010,1010,0,0,0,0,5.0952,0,0,0,0,0,0,0,0,0,0,0,0,0,0,0,0,0,0,0,0,0,0,0,0,0,0,0
5258827962263,5258811986000,5258811986000,5258827954541,73729,15.9685,5258848460881,36.4749,1,19930,84460,0,0,1,0,0,0.020014,500,490,39,0.0795918,2.61359,11.3889,4.94465,0.068464,1.82739,25.3132,0.00315105,0.0438729,0.62783,0.512945,1,2.19211,-0.157442,0.157442,2.19211,1,1,0.187433,2.17678,-0.0299904,0.0153235,0,0,0,0,0,0,0,0,0,0,0,0,0,0,0,0,0,0,0,0,0,0,0,255,0.22,8.86816,0.22,0.507512,2.41615,1,1,1,1,0,1,1,-0.283086,-3.17882,0.114302,0.405898,-0.107059,0.0147398,25.9327,20777,1,367,0.802562,5195,0,0.000884653,0.00623794,0.00948683,0,0,0,1,39,0.225,0.00266821,0.0371493,0.0083586,-0.000600347,0.00812703,-0.00204402,0.0329519,0.11849,0.0117029,-0.00109945,-0.174702,0.00313986,0.0689557,0.110477,0.716635,3,0,0,0,0,0,-1,1,-9.04602e-07,-3.41778e-06,-0.176715,0,26.0587,1,1010,1010,1010,1010,0,0,0,0,26.0623,1,0,0,0,0,0,0,0,0,2,0,0,6,0.20593,2.17504,18,0.160981,2.17251,1,0,0,0,0,0,11,0.212545,2.10626
5258848893459,5258831989000,5258831989000,5258848886088,73729,16.8971,5258868402477,36.4135,1,19931,84461,0,0,1,0,0,0.020003,500,484,61,0.126033,2.62865,10.2943,4.95611,0.082945,1.94543,25.6803,0.00238408,0.0463237,-0.114266,0.346614,1,2.31584,-0.119186,0.119186,2.31584,1,1,0.153175,2.3085,-0.0339888,0.00733753,0,0,0,0,0,0,0,0,0,0,0,0,0,0,0,0,0,0,0,0,0,0,0,255,0.22,-0.274631,0.22,0.126035,1.97945,1,1,1,1,0,1,1,-0.283086,-3.17882,0.114302,0.405898,-0.107059,0.0147398,45.8785,20777,1,367,20.7485,5195,0,0.000884653,0.00623794,0.00948683,0,0,0,1,61,0.225,0.00200965,0.0392323,0.00882728,-0.000452172,0.00861664,-0.00196947,0.0415685,0.116521,0.011375,-0.000962071,-0.173529,-0.0129615,0.0330189,0.111991,19.8546,1,0,0,0,0,0,-1,1,-9.04602e-07,-3.41778e-06,-0.176715,0,46.0339,1,1010,1010,1010,1010,0,0,0,0,46.0375,1,0,0,1,0,0,2,0,0,1,0,0,9,0.176628,2.20644,14,0.0833155,2.34242,10,0.205988,2.38008,8,0.14808,2.36191,15,0.0793664,2.37448
5258868871776,5258851980000,5258851980000,5258868864054,73729,16.8841,5258888881798,36.9018,1,19932,84462,0,0,1,0,0,0.019991,500,481,37,0.0769231,2.64071,10.8647,4.96244,0.072945,1.32834,25.002,0.00249445,0.0468839,0.0188916,0.132692,1,2.34525,-0.124779,0.124779,2.34525,1,1,0.165178,2.33584,-0.0403992,0.00941113,0,0,0,0,0,0,0,0,0,0,0,0,0,0,0,0,0,0,0,0,0,0,0,255,0.22,-0.596153,0.22,0.0958066,1.92954,1,1,1,1,1,1,1,-0.262114,-3.18619,0.11443,0.419125,-0.107054,0.0216315,0.693635,20778,1,367,41.2255,5195,0,0.000884653,0.00623794,0.00948683,0,0,0,1,37,0.225,0.00212022,0.0397053,0.00893369,-0.000477049,0.00872452,-0.00198013,0.050293,0.114541,0.00935245,0.000891978,-0.169835,-0.0324676,0.0423501,0.119463,0.560726,3,0,0,0,0,0,-1,1,-9.04602e-07,-3.41778e-06,-0.170889,0,0.814395,1,1010,1010,1010,1010,0,0,0,0,19.3036,2,0,0,0,0,0,2,0,0,5,0.140896,2.2175,16,0.111623,2.44338,12,0.114807,2.2952,0,0,0,0,0,0,0,0,0
5258889376876,5258871981000,5258871981000,5258889368098,73729,17.3871,5258909450065,37.4691,1,19933,84463,0,0,1,0,0,0.020001,500,489,69,0.141104,2.66252,10.6137,5.00248,0.090871,0.906921,26.5572,0.000570351,0.0497891,-0.138425,0.177586,1,2.48933,-0.0285161,0.0285161,2.48933,1,1,0.0842065,2.47433,-0.0556903,0.0149972,0,0,0,0,0,0,0,0,0,0,0,0,0,0,0,0,0,0,0,0,0,0,0,255,0.22,-0.393799,0.22,0.0628859,2.0864,1,1,1,1,0,1,1,-0.262114,-3.18619,0.11443,0.419125,-0.107054,0.0216315,21.2653,20778,1,367,61.7971,5195,0,0.000884653,0.00623794,0.00948683,0,0,0,1,69,0.225,0.000481555,0.0421809,0.00949069,-0.00010835,0.00933888,-0.00169415,0.0596319,0.112847,0.00926915,0.00147944,-0.168041,-0.0674027,0.0674875,0.146563,20.478,1,0,0,0,0,0,-1,1,-9.04602e-07,-3.41778e-06,-0.170889,0,21.4281,1,1010,1010,1010,1010,0,0,0,0,39.9173,5,0.139728,2.4737,0,0,0,9,0.00231288,2.54467,3,0.0483299,2.47035,9,0.127032,2.43806,19,0.0528407,2.49895,1,0,0,5,0.042283,2.56123,18,-0.0135603,2.50992
5258909923328,5258891980000,5258891980000,5258909914698,73729,17.9347,5258930496465,38.5165,1,19934,84464,0,0,1,0,0,0.019999,500,480,25,0.0520833,2.65537,11.5242,4.92206,0.060463,1.27786,25.2257,0.00042979,0.0421415,-0.0586121,0.674772,1,2.10718,-0.0214906,0.0214906,2.10718,1,1,0.0817076,2.09416,-0.0602171,0.0130195,0,0,0,0,0,0,0,0,0,0,0,0,0,0,0,0,0,0,0,0,0,0,0,255,0.21,-0.151964,0.21,0.0588294,1.90896,1,1,1,1,0,1,1,-0.239873,-3.19345,0.114712,0.443305,-0.108328,0.0152583,1.95964,20779,1,367,82.838,5195,0,0.000884653,0.00623794,0.00948683,0,0,0,1,25,0.215,0.000364498,0.0356912,0.0076736,-7.83672e-05,0.00755993,-0.00131792,0.0671919,0.111529,0.00788972,0.00360093,-0.162383,-0.0265853,0.0559838,0.185878,1.88468,3,0,0,0,0,0,-1,1,-9.04602e-07,-3.41778e-06,-0.162209,0,2.07687,1,1010,1010,1010,1010,0,0,0,0,2.08085,0,0,0,0,0,0,2,0,0,3,0.623228,1.94725,4,0.218336,2.1418,16,-0.101092,2.40702,0,0,0,0,0,0,0,0,0
5258930886282,5258911980000,5258911980000,5258930881190,73729,18.9012,5258952503742,40.5237,1,19935,84465,0,0,1,0,0,0.02,500,486,33,0.0679012,2.66334,11.6028,4.94006,0.066612,0.589355,25.6104,-0.0111429,0.0377529,0.128566,2.43288,1,1.88764,0.557144,-0.557144,1.88764,1,1,-0.500342,1.87519,-0.0568018,0.0124524,0,0,0,0,0,0,0,0,0,0,0,0,0,0,0,0,0,0,0,0,0,0,0,255,0.21,0.506392,0.21,-0.293935,1.67433,1,1,1,1,1,1,1,-0.239873,-3.19345,0.114712,0.443305,-0.108328,0.0152583,23.9704,20779,1,367,104.849,5195,0,0.000884653,0.00623794,0.00948683,0,0,0,1,33,0.215,-0.00946815,0.0319589,0.00687117,0.00203565,0.00710731,0.00091804,0.0742992,0.112447,0.00721491,0.00442189,-0.159558,-0.0391348,0.0535453,0.16409,13.1504,2,0,0,0,0,0,-1,1,-9.04602e-07,-3.41778e-06,-0.162209,0,24.1272,1,1010,1010,1010,1010,0,0,0,0,24.1312,1,0,0,0,0,0,0,0,0,1,0,0,0,0,0,17,-0.570423,2.1383,1,0,0,4,0.332314,1.74334,9,-0.706093,1.77992
5258952970986,5258943959000,5258943959000,5258952965227,73729,9.00623,5258974692614,30.7336,2,19937,84466,0,0,0,5,0,0.031979,500,462,12,0.025974,2.65387,12.9542,4.89202,0,0,0,0,0,0,0,1,0,0,0,0,0,0,0,0,0,0,0,0,0,0,0,0,0,0,0,0,0,0,0,0,0,0,0,0,0,0,0,0,0,0,0.21,2.28683,0.21,0,0,0,1,0,0,0,1,1,-0.218122,-3.20027,0.114854,0.422417,-0.108284,0.0129806,0.725227,20780,1,367,127.013,5195,0,0.000884653,0.00623794,0.00948683,0,0,0,0,0,0,0,0,0,0,0,0,0.0742992,0.112447,0.00570328,0.00523806,-0.157231,-0.0246869,0.0320665,0.0916378,0.681912,3,0,0,0,0,0,-1,1,-9.04602e-07,-3.41778e-06,-0.157105,0,0.787654,1,1010,1010,1010,1010,0,0,0,0,0.791543,0,0,0,0,0,0,0,0,0,0,0,0,0,0,0,0,0,0,0,0,0,0,0,0,0,0,0
5258975034561,5258963957000,5258963957000,5258975026338,73729,11.0693,5258995202176,31.2452,1,19938,84467,0,0,1,0,0,0.019998,500,490,58,0.118367,2.64389,11.0234,5.00107,0.076927,1.08701,27.1416,0.000153669,0.0470644,0.146734,0.721637,1,2.35346,-0.00768422,0.00768422,2.35346,1,1,0.0405378,2.356,-0.0328536,-0.00253798,0,0,0,0,0,0,0,0,0,0,0,0,0,0,0,0,0,0,0,0,0,0,0,255,0.21,4.05014,0.21,0.0767184,2.12651,1,1,1,1,0,1,1,-0.218122,-3.20027,0.114854,0.422417,-0.108284,0.0129806,21.2638,20780,1,367,147.551,5195,0,0.000884653,0.00623794,0.00948683,0,0,0,1,58,0.215,0.000104093,0.0398514,0.00856805,-2.23799e-05,0.00845874,-0.00136371,0.0827579,0.111083,0.00570328,0.00523806,-0.157231,-0.0545353,-0.0109133,0.0693882,21.174,0,0,0,0,0,0,-1,1,-9.04602e-07,-3.41778e-06,-0.157105,0,21.4283,1,1010,1010,1010,1010,0,0,0,0,21.4322,2,0,0,0,0,0,0,0,0,0,0,0,0,0,0,19,-0.10231,2.46461,12,0.30611,2.31699,11,0.157029,2.34936,14,0.0259755,2.3442
5258995682402,5258979999000,5258979999000,5258995676643,73729,15.6776,5259015272920,35.2739,1,19939,84468,0,0,1,0,0,0.016042,500,493,57,0.115619,2.6503,10.3811,4.95209,0.075075,0.709412,27.1386,0.00338771,0.0521254,0.414393,-0.0975003,1,3.24931,-0.211178,0.211178,3.24931,1,1,0.238064,3.2462,-0.0268864,0.00310726,0,0,0,0,0,0,0,0,0,0,0,0,0,0,0,0,0,0,0,0,0,0,0,255,0.22,4.37666,0.22,0.0781211,2.6747,1,1,1,1,1,1,1,-0.218122,-3.20027,0.114854,0.422417,-0.108284,0.0129806,41.3325,20780,1,367,167.62,5195,0,0.000884653,0.00623794,0.00948683,0,0,0,1,57,0.225,0.00285294,0.0441373,0.00993089,-0.000641912,0.00971131,-0.00217268,0.0924692,0.10891,0.00580344,0.00637434,-0.155554,-0.0321467,0.0139827,0.0710738,19.9288,2,0,0,0,0,0,-1,1,-9.04602e-07,-3.41778e-06,-0.157105,0,41.5307,1,1010,1010,1010,1010,0,0,0,0,41.5346,0,0,0,2,0,0,0,0,0,1,0,0,0,0,0,2,0,0,22,0.204044,3.31395,17,0.230959,3.18814,13,0.212916,3.24781
5259015833499,5258999990000,5258999990000,5259015823647,73729,15.8336,5259036809509,36.8195,1,19940,84469,0,0,1,0,0,0.019991,500,496,66,0.133065,2.6358,11.524,4.97346,0.081556,1.59451,27.0983,-0.000857661,0.0479629,0.13531,0.798666,1,2.39922,0.0429023,-0.0429023,2.39922,1,1,-0.016032,2.38761,-0.0268703,0.0116136,0,0,0,0,0,0,0,0,0,0,0,0,0,0,0,0,0,0,0,0,0,0,0,255,0.22,4.23031,0.22,0.656864,2.5829,1,1,1,1,0,1,1,-0.197458,-3.20657,0.114894,0.406799,-0.105406,0.0119593,11.3028,20781,1,367,11.2535,5196,0,0.000884653,0.00612063,0.0276534,0,0,0,1,66,0.225,-0.000744777,0.0406364,0.00914318,0.000167575,0.00906222,-0.00122373,0.101531,0.107687,0.00535166,0.00745199,-0.15255,0.00274363,0.052261,0.0989281,11.211,3,0,0,0,0,0,-1,1,-9.04602e-07,-3.41778e-06,-0.152432,0,11.4535,1,1010,1010,1010,1010,0,0,0,0,11.4578,1,0,0,0,0,0,3,-0.113348,2.43286,0,0,0,0,0,0,34,-0.0469451,2.46097,0,0,0,6,0.0448399,2.36015,22,-0.0488036,2.30107
5259037264568,5259020033000,5259020033000,5259037256716,73729,17.2237,5259056748271,36.7153,1,19941,84470,0,0,1,0,0,0.020043,500,500,91,0.182,2.71576,9.80489,5.02913,0.095075,0.549866,25.6581,0.000337679,0.0479801,-0.103496,0.193091,1,2.39386,-0.0168477,0.0168477,2.39386,1,1,0.0557205,2.39603,-0.0388728,-0.00216959,0,0,0,0,0,0,0,0,0,0,0,0,0,0,0,0,0,0,0,0,0,0,0,255,0.22,5.35695,0.22,0.0253176,1.99011,1,1,1,1,0,1,1,-0.197458,-3.20657,0.114894,0.406799,-0.105406,0.0119593,31.243,20781,1,367,31.1939,5196,0,0.000884653,0.00612063,0.0276534,0,0,0,1,91,0.225,0.000268258,0.0406485,0.00914592,-6.0358e-05,0.00903161,-0.00144112,0.110563,0.106246,0.00490763,0.00742121,-0.15163,-0.0492376,-0.00976316,0.100552,19.8288,1,0,0,0,0,0,-1,1,-9.04602e-07,-3.41778e-06,-0.152432,0,31.4065,1,1010,1010,1010,1010,0,0,0,0,31.4108,0,0,0,0,0,0,8,-0.0212369,2.38943,0,0,0,1,0,0,35,-0.0153252,2.39148,2,0,0,25,0.0736128,2.37448,20,0.00118526,2.51264
5259057235719,5259039991000,5259039991000,5259057226941,73729,17.2359,5259077025610,37.0346,1,19942,84471,0,0,1,0,0,0.019958,500,493,83,0.168357,2.67865,10.131,5.02246,0.107686,1.08954,25.7319,0.00304488,0.0502833,-0.173035,-0.335482,1,2.51945,-0.152564,0.152564,2.51945,1,1,0.17911,2.51029,-0.0265458,0.00916375,0,0,0,0,0,0,0,0,0,0,0,0,0,0,0,0,0,0,0,0,0,0,0,255,0.22,5.02117,0.22,0.0888801,2.03232,1,1,1,1,1,1,1,-0.1774,-3.21253,0.114825,0.378495,-0.102058,0.00885441,2.25237,20782,1,367,51.4596,5196,0,0.000884653,0.00612063,0.0276534,0,0,0,1,83,0.225,0.00256988,0.0425991,0.00958481,-0.000578222,0.00939364,-0.0019885,0.119957,0.104257,0.00475784,0.00923956,-0.14835,-0.0109961,0.0412369,0.0867681,2.16737,4,0,0,0,0,0,-1,1,-9.04602e-07,-3.41778e-06,-0.148245,0,2.38441,1,1010,1010,1010,1010,0,0,0,0,2.38839,0,0,0,0,0,0,3,0.182939,2.592,0,0,0,1,0,0,33,0.18755,2.5356,0,0,0,11,0.113017,2.58269,35,0.15712,2.47341
5259077508891,5259059993000,5259059993000,5259077500113,73729,17.5071,5259097391041,37.398,1,19943,84472,0,0,1,0,0,0.020002,500,496,122,0.245968,2.7258,9.77693,5.09413,0.123353,1.48405,25.3314,0.00157832,0.0476763,-0.281529,0.0264768,1,2.38358,-0.0789083,0.0789083,2.38358,1,1,0.106781,2.37672,-0.0278723,0.00686094,0,0,0,0,0,0,0,0,0,0,0,0,0,0,0,0,0,0,0,0,0,0,0,255,0.21,5.0045,0.21,0.0481608,1.61774,1,1,1,1,0,1,1,-0.1774,-3.21253,0.114825,0.378495,-0.102058,0.00885441,22.6305,20782,1,367,71.8379,5196,0,0.000884653,0.00612063,0.0276534,0,0,0,1,122,0.215,0.00132384,0.0403733,0.00868025,-0.000284625,0.00854246,-0.00156443,0.128499,0.102693,0.00475784,0.00923956,-0.14835,-0.0176044,0.029502,0.081797,22.5144,0,0,0,0,0,0,-1,1,-9.04602e-07,-3.41778e-06,-0.148245,0,22.7974,1,1010,1010,1010,1010,0,0,0,0,22.8013,0,0,0,0,0,0,2,0,0,2,0,0,3,0.0767026,2.44734,21,0.0831346,2.37988,34,0.0822775,2.37018,30,0.0982366,2.43067,30,0.0530308,2.39995
5259097884138,5259079990000,5259079990000,5259097877452,73729,17.8875,5259118163384,38.1734,1,19944,84473,0,0,1,0,0,0.019997,500,496,164,0.330645,2.68489,8.85258,5.10069,0.135631,1.30285,23.5355,0.00216707,0.044183,-0.0852596,0.0112472,1,2.20948,-0.10837,0.10837,2.20948,1,1,0.12856,2.20443,-0.0201898,0.00504719,0,0,0,0,0,0,0,0,0,0,0,0,0,0,0,0,0,0,0,0,0,0,0,255,0.22,5.06341,0.22,0.0516031,1.67934,1,1,1,1,0,1,1,-0.1774,-3.21253,0.114825,0.378495,-0.102058,0.00885441,43.3971,20782,1,367,92.6044,5196,0,0.000884653,0.00612063,0.0276534,0,0,0,1,164,0.225,0.00182068,0.0374211,0.00841975,-0.000409653,0.00826785,-0.00164158,0.136767,0.101051,0.00486322,0.0102349,-0.147384,-0.0134382,0.0227124,0.0619327,20.6009,2,0,0,0,0,0,-1,1,-9.04602e-07,-3.41778e-06,-0.148245,0,43.5595,1,1010,1010,1010,1010,0,0,0,0,43.5635,2,0,0,0,0,0,9,0.102783,2.21914,2,0,0,1,0,0,40,0.109279,2.21714,44,0.107034,2.22102,39,0.122725,2.24312,27,0.101509,2.21954
5259118619128,5259099991000,5259099991000,5259118612776,73729,18.6218,5259138752928,38.7619,1,19945,84474,0,0,1,0,0,0.020001,500,490,177,0.361224,2.68133,10.8775,3.93914,0.142409,1.43372,23.1039,0.00266674,0.0436001,-0.0181985,0.00152598,1,2.1799,-0.13333,0.13333,2.1799,1,1,0.142923,2.17313,-0.00959251,0.00676874,0,0,0,0,0,0,0,0,0,0,0,0,0,0,0,0,0,0,0,0,0,0,0,255,0.22,5.5071,0.22,0.250549,2.31927,1,1,1,1,1,1,1,-0.159423,-3.21764,0.114506,0.351653,-0.095733,0.0073641,9.46792,20783,1,367,113.202,5196,0,0.000884653,0.00612063,0.0276534,0,0,0,1,177,0.225,0.00224471,0.0369289,0.008309,-0.000505059,0.00814553,-0.00171345,0.144913,0.0993376,0.00459797,0.0111687,-0.146618,-0.00954107,0.0304593,0.0269002,9.2892,4,0,0,0,0,0,-1,1,-9.04602e-07,-3.41778e-06,-0.146616,0,9.64178,1,1010,1010,1010,1010,0,0,0,0,19.4736,0,0,0,0,0,0,10,0.110529,2.16725,5,0.0574169,2.22211,1,0,0,38,0.134441,2.19341,47,0.127803,2.17915,41,0.146343,2.1732,35,0.134879,2.18128
5259139285451,5259119987000,5259119987000,5259139277173,73729,19.2902,5259157846647,37.8596,1,19946,84475,0,0,1,0,0,0.019996,500,495,123,0.248485,2.67776,8.31556,5.1537,0.11389,1.39302,22.4848,0.00184512,0.0426375,-0.161687,-0.0889644,1,2.1323,-0.0922746,0.0922746,2.1323,1,1,0.0972184,2.12605,-0.00494375,0.00625151,0,0,0,0,0,0,0,0,0,0,0,0,0,0,0,0,0,0,0,0,0,0,0,255,0.22,5.86006,0.22,0.11377,1.74307,1,1,1,1,0,1,1,-0.159423,-3.21764,0.114506,0.351653,-0.095733,0.0073641,28.5574,20783,1,367,132.292,5196,0,0.000884653,0.00612063,0.0276534,0,0,0,1,123,0.225,0.00155077,0.0361015,0.00812283,-0.000348924,0.00798419,-0.00153179,0.152897,0.0978058,0.00459797,0.0111687,-0.146618,-0.00363357,0.0281318,0.0148906,28.4002,0,0,0,0,0,0,-1,1,-9.04602e-07,-3.41778e-06,-0.146616,0,28.7082,1,1010,1010,1010,1010,0,0,0,0,38.54,0,0,0,0,0,0,0,0,0,1,0,0,0,0,0,13,0.11986,2.22224,44,0.0804277,2.11684,40,0.0843467,2.13258,25,0.106227,2.08353
5259158319484,5259139988000,5259139988000,5259158313743,73729,18.3257,5259176365194,36.3772,1,19947,84476,0,0,1,0,0,0.020001,500,500,182,0.364,2.69215,7.53367,4.95504,0.141056,1.43741,21.5892,0.00224616,0.0409507,-0.119238,-0.0063585,1,2.04744,-0.112302,0.112302,2.04744,1,1,0.118364,2.042,-0.00606206,0.00543827,0,0,0,0,0,0,0,0,0,0,0,0,0,0,0,0,0,0,0,0,0,0,0,255,0.22,4.58555,0.22,0.120374,1.68836,1,1,1,1,0,1,1,-0.142465,-3.22223,0.114135,0.335351,-0.0933944,0.0087198,3.4699,20784,1,367,150.802,5196,0,0.000884653,0.00612063,0.0276534,0,0,0,1,182,0.225,0.00188689,0.0346838,0.00780385,-0.000424551,0.00765846,-0.00155543,0.160555,0.0962503,0.00441652,0.0119125,-0.146022,-0.00730847,0.0244722,0.0159766,3.40136,3,0,0,0,0,0,-1,1,-9.04602e-07,-3.41778e-06,-0.145225,0,3.63614,1,1010,1010,1010,1010,0,0,0,0,3.63999,0,0,0,0,0,0,13,0.129557,2.09852,0,0,0,4,0.148973,1.93908,43,0.115298,2.01323,40,0.107013,2.0545,41,0.126864,2.05987,41,0.0988207,2.05232
5259176844772,5259171966000,5259171966000,5259176839012,73729,4.87301,5259197244278,25.2783,2,19949,84477,0,0,1,0,0,0.031978,500,492,100,0.203252,2.68084,10.2374,5.02161,0.10689,2.03462,31.7679,0.00457698,0.0597888,0.0907344,0.00478553,1,1.86969,-0.143129,0.143129,1.86969,1,1,0.16335,1.86445,-0.0202213,0.00523616,0,0,0,0,0,0,0,0,0,0,0,0,0,0,0,0,0,0,0,0,0,0,0,255,0.21,2.81724,0.21,-0.0311107,1.30176,1,1,1,1,1,1,1,-0.142465,-3.22223,0.114135,0.335351,-0.0933944,0.0087198,24.356,20784,1,367,171.688,5196,0,0.000884653,0.00612063,0.0276534,0,0,0,1,100,0.215,0.00386616,0.0506303,0.0108855,-0.000831224,0.0106496,-0.00239863,0.171205,0.0938517,0.00421682,0.0122979,-0.145318,-0.0222122,0.0225155,0.0517916,20.7794,1,0,0,0,0,0,-1,1,-9.04602e-07,-3.41778e-06,-0.145225,0,24.5133,1,1010,1010,1010,1010,0,0,0,0,24.5172,0,0,0,0,0,0,0,0,0,5,0.118605,1.82334,5,0.147042,1.86379,23,0.117823,1.86384,10,0.134118,1.88495,23,0.161391,1.86834,34,0.146713,1.8568
5259197759263,5259191964000,5259191964000,5259197752800,73729,5.7888,5259216653480,24.6895,1,19950,84478,0,0,1,0,0,0.019998,500,499,143,0.286573,2.71441,8.91216,5.16274,0.150872,1.22826,20.1985,0.00207107,0.0379825,-0.0741313,-0.0118862,1,1.89932,-0.103564,0.103564,1.89932,1,1,0.137114,1.89585,-0.0335504,0.00346686,0,0,0,0,0,0,0,0,0,0,0,0,0,0,0,0,0,0,0,0,0,0,0,255,0.21,3.42895,0.21,0.100541,1.47717,1,1,1,1,0,1,1,-0.142465,-3.22223,0.114135,0.335351,-0.0933944,0.0087198,43.804,20784,1,367,191.136,5196,0,0.000884653,0.00612063,0.0276534,0,0,0,1,143,0.215,0.00174054,0.0321671,0.00691592,-0.000374216,0.00679172,-0.00135452,0.177996,0.0924972,0.00421007,0.012515,-0.142794,-0.00983346,0.0149075,0.107547,19.2313,2,0,0,0,0,0,-1,1,-9.04602e-07,-3.41778e-06,-0.145225,0,43.9817,1,1010,1010,1010,1010,0,0,0,0,43.9855,0,0,0,0,0,0,6,0.113309,1.89125,7,0.0622917,1.8433,13,0.106009,1.93504,37,0.111154,1.89396,47,0.110106,1.88812,30,0.0878582,1.93334,3,0.0991543,1.88684
5259217286466,5259208018000,5259208018000,5259217278059,73729,9.26006,5259234499726,26.4817,1,19951,84479,0,0,1,0,0,0.016054,500,494,192,0.388664,2.8678,8.41695,3.07797,0.155223,1.19308,20.1764,0.00157448,0.0383911,-0.250032,-0.0289578,1,2.39137,-0.0980741,0.0980741,2.39137,1,1,0.140646,2.38633,-0.0425722,0.00503586,0,0,0,0,0,0,0,0,0,0,0,0,0,0,0,0,0,0,0,0,0,0,0,255,0.22,2.65309,0.22,0.23435,2.55497,1,1,1,1,0,1,1,-0.126337,-3.22659,0.113733,0.324023,-0.0924628,0.00715871,8.99405,20785,1,367,208.941,5196,0,0.000884653,0.00612063,0.0276534,0,0,0,1,192,0.225,0.00132892,0.0325246,0.00731803,-0.000299007,0.00720572,-0.00130792,0.185202,0.0911893,0.00384929,0.0134073,-0.138716,-0.0102124,0.0226614,0.14509,8.86192,3,0,0,0,0,0,-1,1,-9.04602e-07,-3.41778e-06,-0.138631,0,9.16998,1,1010,1010,1010,1010,0,0,0,0,9.1745,11,0.0634712,2.50428,0,0,0,8,0.107533,2.44608,10,0.0803218,2.29964,18,0.116433,2.3886,44,0.103258,2.38258,44,0.0921856,2.37015,29,0.130554,2.45473,28,0.0950789,2.36407
5259234981989,5259219981000,5259219981000,5259234971100,73729,14.9901,5259247947161,27.9662,0,19951,84480,0,0,1,0,0,0.011963,500,499,258,0.517034,2.67056,5.78541,1.44914,0.185891,0.600372,9.79709,0.00106031,0.0184612,-0.0980696,-0.0647563,1,1.54319,-0.0886324,0.0886324,1.54319,1,1,0.126429,1.53977,-0.0377963,0.00342671,0,0,0,0,0,0,0,0,0,0,0,0,0,0,0,0,0,0,0,0,0,0,0,255,0.22,0.0255,0.22,0.0640773,1.27556,1,1,1,1,1,1,1,-0.126337,-3.22659,0.113733,0.324023,-0.0924628,0.00715871,22.4598,20785,1,367,13.454,5197,0,0.000884653,0.00556395,0.038703,0,0,0,1,258,0.225,0.000894971,0.0156385,0.00351865,-0.000201369,0.00345744,-0.000682053,0.18866,0.0905072,0.00374681,0.0136517,-0.137599,-0.0170744,0.0154202,0.122407,13.2842,1,0,0,0,0,0,-1,1,-9.04602e-07,-3.41778e-06,-0.138631,0,22.6585,1,1010,1010,1010,1010,0,0,0,0,22.663,10,0.0665196,1.58563,0,0,0,16,0.100343,1.56844,9,0.0471506,1.46747,25,0.0586093,1.5618,51,0.0949124,1.58186,56,0.0802018,1.55994,47,0.0846372,1.55416,44,0.0795958,1.53783
5259248532851,5259239981000,5259239981000,5259248526314,73729,8.54531,5259266874027,26.893,1,19952,84481,0,0,1,0,0,0.02,500,495,90,0.181818,2.66554,8.07486,5.04535,0.097352,1.84912,19.638,0.00253755,0.0339372,-0.211121,0.398712,1,1.69686,-0.126878,0.126878,1.69686,1,1,0.156662,1.69295,-0.0297841,0.00390498,0,0,0,0,0,0,0,0,0,0,0,0,0,0,0,0,0,0,0,0,0,0,0,255,0.22,3.41767,0.22,0.124901,1.53203,1,1,1,1,0,1,1,-0.126337,-3.22659,0.113733,0.324023,-0.0924628,0.00715871,41.3705,20785,1,367,32.3645,5197,0,0.000884653,0.00556395,0.038703,0,0,0,1,90,0.225,0.00214545,0.0287346,0.00646529,-0.000482727,0.00633838,-0.00135998,0.194998,0.0891472,0.0036668,0.0138897,-0.136825,-0.0094075,0.0175724,0.0996968,18.7912,1,0,0,0,0,0,-1,1,-9.04602e-07,-3.41778e-06,-0.138631,0,41.555,1,1010,1010,1010,1010,0,0,0,0,41.5596,0,0,0,0,0,0,2,0,0,4,0.0930805,1.69097,1,0,0,3,0.288385,1.3898,32,0.209771,1.74079,24,0.0942021,1.75057,24,-0.0314889,1.79281
5259267369308,5259248016000,5259248016000,5259267357049,73729,19.341,5259281884344,33.8683,0,19952,84482,0,0,1,0,0,0.008035,500,497,279,0.561368,2.66393,6.42721,1.21303,0.198705,0.617615,9.67435,0.00118446,0.0173986,0.100761,0.282356,1,2.16535,-0.147413,0.147413,2.16535,1,1,0.163151,2.16022,-0.0157378,0.00512387,0,0,0,0,0,0,0,0,0,0,0,0,0,0,0,0,0,0,0,0,0,0,0,255,0.22,1.95696,0.22,0.113516,1.8885,1,1,1,1,0,1,1,-0.110552,-3.23099,0.1134,0.309595,-0.0887825,0.0072859,5.72802,20786,1,367,47.3682,5197,0,0.000884653,0.00556395,0.038703,0,0,0,1,279,0.225,0.00100084,0.0147396,0.0033164,-0.000225188,0.00325496,-0.000672357,0.198253,0.0884749,0.00330461,0.0146959,-0.135895,-0.0121974,0.0230574,0.0468983,5.5703,3,0,0,0,0,0,-1,1,-9.04603e-07,-3.41778e-06,-0.135822,0,5.9199,1,1010,1010,1010,1010,0,0,0,0,5.92455,21,0.29635,1.69243,0,0,0,22,-0.0520904,2.09225,26,0.153755,2.11188,17,0.147395,2.27713,53,0.0997221,2.21122,52,0.264303,2.29654,43,0.149712,2.19648,45,0.106961,2.21471
5259282358255,5259268007000,5259268007000,5259282352699,73729,14.3457,5259300755857,32.7489,1,19953,84483,0,0,1,0,0,0.019991,500,486,113,0.23251,2.66732,8.23286,4.9687,0.111927,1.72977,19.1446,0.00143365,0.0356349,-0.188077,0.270268,1,1.78255,-0.0717149,0.0717149,1.78255,1,1,0.0817098,1.77684,-0.00999487,0.00571178,0,0,0,0,0,0,0,0,0,0,0,0,0,0,0,0,0,0,0,0,0,0,0,255,0.22,6.25764,0.22,0.130314,1.5147,1,1,1,1,0,1,1,-0.110552,-3.23099,0.1134,0.309595,-0.0887825,0.0072859,24.6026,20786,1,367,66.2427,5197,0,0.000884653,0.00556395,0.038703,0,0,0,1,113,0.225,0.00121298,0.0301763,0.00678968,-0.000272922,0.0066897,-0.00118814,0.204943,0.0872867,0.00305863,0.0148791,-0.135595,-0.0132093,0.025703,0.0254141,18.7635,1,0,0,0,0,0,-1,1,-9.04603e-07,-3.41778e-06,-0.135822,0,24.7678,1,1010,1010,1010,1010,0,0,0,0,24.7724,0,0,0,1,0,0,11,0.0386317,1.80102,1,0,0,18,0.053083,1.7715,31,0.0676381,1.82299,0,0,0,21,0.164099,1.7961,30,0.0471585,1.80258
5259301239194,5259288018000,5259288018000,5259301231286,73729,13.2133,5259320426968,32.409,1,19954,84484,0,0,1,0,0,0.020011,500,478,125,0.261506,2.65858,8.48116,4.99848,0.145705,1.20914,18.5871,0.0025297,0.0348982,0.0386928,-0.0137544,1,1.74395,-0.126415,0.126415,1.74395,1,1,0.143565,1.73926,-0.0171499,0.00468494,0,0,0,0,0,0,0,0,0,0,0,0,0,0,0,0,0,0,0,0,0,0,0,255,0.22,5.37637,0.22,0.0978695,1.45259,1,1,1,1,1,1,1,-0.110552,-3.23099,0.1134,0.309595,-0.0887825,0.0072859,44.2706,20786,1,367,85.9107,5197,0,0.000884653,0.00556395,0.038703,0,0,0,1,125,0.225,0.00213908,0.0295566,0.00665024,-0.000481292,0.00652519,-0.00136681,0.211468,0.0859199,0.00248095,0.0155949,-0.134226,-0.0214845,0.0210822,0.0445519,10.3216,3,0,0,0,0,0,-1,1,-9.04603e-07,-3.41778e-06,-0.135822,0,44.4206,1,1010,1010,1010,1010,0,0,0,0,0.115594,0,0,0,0,0,0,10,0.073761,1.68001,12,0.097673,1.78467,13,0.109519,1.78597,15,0.101416,1.75428,11,0.210317,1.62978,18,0.199028,1.71889,46,0.135645,1.7525
5259320923324,5259308013000,5259308013000,5259320917250,73729,12.9042,5259338352456,30.3395,1,19955,84485,0,0,1,0,0,0.019995,500,479,205,0.427975,2.71126,9.65276,2.25815,0.161279,1.34537,17.8531,0.00203466,0.034037,-0.11527,-0.053444,1,1.70228,-0.101758,0.101758,1.70228,1,1,0.117642,1.69749,-0.0158831,0.0047904,0,0,0,0,0,0,0,0,0,0,0,0,0,0,0,0,0,0,0,0,0,0,0,255,0.22,4.75979,0.22,0.117586,1.39935,1,1,1,1,0,1,1,-0.0959903,-3.23506,0.112908,0.285887,-0.0829954,0.00478138,8.27071,20787,1,367,103.86,5197,0,0.000884653,0.00556395,0.038703,0,0,0,1,205,0.225,0.00171806,0.0288269,0.00648605,-0.000386564,0.00637624,-0.0012453,0.217844,0.0846746,0.00221653,0.0160352,-0.133339,-0.00747349,0.0215568,0.0512005,8.07043,2,0,0,0,0,0,-1,1,-9.04603e-07,-3.41778e-06,-0.133639,0,8.46012,1,1010,1010,1010,1010,0,0,0,0,18.1036,3,0.0933492,1.71147,0,0,0,12,0.0706153,1.67353,19,0.105456,1.69896,24,0.098212,1.68237,44,0.122031,1.71312,35,0.115287,1.69609,27,0.0813387,1.6845,41,0.111759,1.72426
5259338861682,5259328017000,5259328017000,5259338855960,73729,10.839,5259355036878,27.0199,1,19956,84486,0,0,1,0,0,0.020004,500,479,194,0.40501,2.68872,8.01334,2.72313,0.153575,1.52528,17.2565,0.0031364,0.0329434,0.035812,-0.117539,1,1.64684,-0.156789,0.156789,1.64684,1,1,0.173282,1.64183,-0.0164936,0.0050096,0,0,0,0,0,0,0,0,0,0,0,0,0,0,0,0,0,0,0,0,0,0,0,255,0.21,2.39596,0.21,0.0341221,0.926398,1,1,1,1,0,1,1,-0.0959903,-3.23506,0.112908,0.285887,-0.0829954,0.00478138,24.938,20787,1,367,120.527,5197,0,0.000884653,0.00556395,0.038703,0,0,0,1,194,0.215,0.0026514,0.0278974,0.00599795,-0.000570052,0.00586814,-0.00136228,0.223712,0.0833123,0.00221653,0.0160352,-0.133339,-0.010118,0.0215413,0.0486436,24.7537,0,0,0,0,0,0,-1,1,-9.04603e-07,-3.41778e-06,-0.133639,0,25.109,1,1010,1010,1010,1010,0,0,0,0,34.7525,1,0,0,1,0,0,4,0.112564,1.64362,24,0.124111,1.66887,28,0.14371,1.66145,34,0.144635,1.651,35,0.154783,1.64201,27,0.142087,1.63988,40,0.191469,1.65385
5259355499215,5259339979000,5259339979000,5259355488567,73729,15.5096,5259368737315,28.7583,0,19956,84487,0,0,1,0,0,0.011962,500,500,262,0.524,2.66441,5.76034,1.28273,0.189335,0.699707,8.49554,0.00125409,0.0159299,0.0249993,-0.0260777,1,1.33171,-0.104839,0.104839,1.33171,1,1,0.114699,1.32585,-0.00985942,0.00586058,0,0,0,0,0,0,0,0,0,0,0,0,0,0,0,0,0,0,0,0,0,0,0,255,0.21,7.98874,0.21,0.0868347,1.10261,1,1,1,1,1,1,1,-0.0959903,-3.23506,0.112908,0.285887,-0.0829954,0.00478138,38.6806,20787,1,367,134.27,5197,0,0.000884653,0.00556395,0.038703,0,0,0,1,262,0.215,0.00105998,0.0134911,0.00290059,-0.000227895,0.00284424,-0.000611,0.226556,0.0827013,0.00194768,0.0166268,-0.133186,-0.0134644,0.0252005,0.0231449,13.4994,2,0,0,0,0,0,-1,1,-9.04603e-07,-3.41778e-06,-0.133639,0,38.879,1,1010,1010,1010,1010,0,0,0,0,48.5225,8,-0.0193449,1.32366,3,0.104574,1.15395,3,0.0938959,1.14475,35,0.0964461,1.3373,32,0.0679592,1.36802,47,0.122114,1.34798,47,0.144268,1.34818,46,0.108709,1.32103,41,0.132544,1.3552
5259369354653,5259359974000,5259359974000,5259369347709,73729,9.37371,5259388444575,28.4706,1,19957,84488,0,0,1,0,0,0.019995,500,497,187,0.376258,2.69926,8.54247,4.9242,0.151224,1.61563,16.8603,0.0028815,0.0317999,-0.0524996,-0.0400592,1,1.59039,-0.144111,0.144111,1.59039,1,1,0.143605,1.58539,0.000505699,0.00499992,0,0,0,0,0,0,0,0,0,0,0,0,0,0,0,0,0,0,0,0,0,0,0,255,0.22,2.41389,0.22,0.271575,1.7208,1,1,1,1,0,1,1,-0.0823256,-3.23889,0.112364,0.26698,-0.0788073,0.00372389,9.28139,20788,1,367,153.934,5197,0,0.000884653,0.00556395,0.038703,0,0,0,1,187,0.225,0.00243577,0.0269336,0.00606005,-0.000548047,0.00593209,-0.00135062,0.232489,0.0813507,0.00175351,0.0169695,-0.133661,-0.0113202,0.0224997,-0.0108767,9.14157,2,0,0,0,0,0,-1,1,-9.04602e-07,-3.41778e-06,-0.133622,0,9.45231,1,1010,1010,1010,1010,0,0,0,0,9.45692,2,0,0,0,0,0,9,0.112276,1.63134,27,0.128173,1.60267,14,0.120648,1.60596,46,0.167971,1.60733,30,0.141359,1.56857,24,0.140293,1.61058,35,0.170975,1.56328
5259388903579,5259379980000,5259379980000,5259388897412,73729,8.91741,5259406071227,26.0912,1,19958,84489,0,0,1,0,0,0.020006,500,498,178,0.35743,2.67195,7.42533,4.15346,0.147316,1.69775,15.8749,0.0028273,0.0304052,-0.104279,-0.0576243,1,1.51981,-0.141323,0.141323,1.51981,1,1,0.134873,1.51475,0.00644928,0.00505766,0,0,0,0,0,0,0,0,0,0,0,0,0,0,0,0,0,0,0,0,0,0,0,255,0.22,1.67118,0.22,0.142666,1.23688,1,1,1,1,0,1,1,-0.0823256,-3.23889,0.112364,0.26698,-0.0788073,0.00372389,26.9075,20788,1,367,171.56,5197,0,0.000884653,0.00556395,0.038703,0,0,0,1,178,0.225,0.00239092,0.0257467,0.00579301,-0.000537956,0.00566827,-0.00130727,0.238157,0.0800434,0.00170902,0.017211,-0.134054,-0.00934192,0.0227595,-0.030691,17.4949,1,0,0,0,0,0,-1,1,-9.04602e-07,-3.41778e-06,-0.133622,0,27.0723,1,1010,1010,1010,1010,0,0,0,0,27.0769,0,0,0,1,0,0,11,0.145714,1.4486,13,0.139073,1.56642,29,0.116841,1.54268,43,0.181564,1.51289,16,0.147404,1.52515,34,0.125525,1.50376,31,0.133261,1.50883
5259406539545,5259399976000,5259399976000,5259406533268,73729,6.55727,5259423421525,23.4455,1,19959,84490,0,0,1,0,0,0.019996,500,500,186,0.372,2.68428,7.77697,3.57379,0.149168,1.64375,15.6666,0.00305266,0.029758,-0.0100081,-0.0632511,1,1.4882,-0.152664,0.152664,1.4882,1,1,0.142176,1.48336,0.0104877,0.00483653,0,0,0,0,0,0,0,0,0,0,0,0,0,0,0,0,0,0,0,0,0,0,0,255,0.22,9.15373,0.22,0.146264,1.22117,1,1,1,1,1,1,1,-0.0709381,-3.24177,0.112011,0.239954,-0.0726255,0.00391655,0.12452,20789,1,367,188.9,5197,0,0.000884653,0.00556395,0.038703,0,0,0,1,186,0.225,0.00258474,0.0252105,0.00567236,-0.000581566,0.00554092,-0.00134224,0.243698,0.0787012,0.0015429,0.0179596,-0.135478,-0.00524369,0.0217644,-0.0419505,0.041685,3,0,0,0,0,0,-1,1,-9.04602e-07,-3.41778e-06,-0.135982,0,0.296335,1,1010,1010,1010,1010,0,0,0,0,0.300058,12,0.15071,1.39441,1,0,0,0,0,0,18,0.139417,1.52071,26,0.124485,1.503,34,0.177846,1.47469,43,0.15679,1.49899,28,0.141464,1.47432,24,0.154926,1.46369
5259423926140,5259407997000,5259407997000,5259423915603,73729,15.9186,5259435957101,27.9601,0,19959,84491,0,0,1,0,0,0.008021,500,500,375,0.75,2.66919,5.09204,0.706913,0.247965,0.897369,7.30545,0.00155031,0.0136487,-0.096465,0.067573,1,1.70162,-0.193281,0.193281,1.70162,1,1,0.181172,1.69772,0.0121089,0.00390056,0,0,0,0,0,0,0,0,0,0,0,0,0,0,0,0,0,0,0,0,0,0,0,255,0.22,6.10705,0.22,0.186245,1.41772,1,1,1,1,0,1,1,-0.0709381,-3.24177,0.112011,0.239954,-0.0726255,0.00391655,12.6727,20789,1,367,201.448,5197,0,0.000884653,0.00556395,0.038703,0,0,0,1,375,0.225,0.00131373,0.011566,0.00260235,-0.00029559,0.00253816,-0.000644308,0.246236,0.0780569,0.0015429,0.0179596,-0.135478,-0.00167426,0.0175525,-0.0449315,12.5224,0,0,0,0,0,0,-1,1,-9.04602e-07,-3.41778e-06,-0.135982,0,12.9045,1,1010,1010,1010,1010,0,0,0,0,12.9082,29,0.250058,1.59897,18,0.0856379,1.66551,43,0.186489,1.55225,44,0.221003,1.76242,47,0.202077,1.71365,56,0.173096,1.75188,44,0.229099,1.70961,47,0.171974,1.70931,47,0.190078,1.73678
5259436495476,5259428015000,5259428015000,5259436490494,73729,8.47549,5259452921859,24.9069,1,19960,84492,0,0,1,0,0,0.020018,500,500,207,0.414,2.68815,7.22828,2.4837,0.164927,1.53357,14.4609,0.00249354,0.0272697,-0.12853,-0.0229736,1,1.36226,-0.124565,0.124565,1.36226,1,1,0.113733,1.35706,0.0108315,0.00519641,0,0,0,0,0,0,0,0,0,0,0,0,0,0,0,0,0,0,0,0,0,0,0,255,0.22,8.63681,0.22,0.133162,1.12727,1,1,1,1,0,1,1,-0.0709381,-3.24177,0.112011,0.239954,-0.0726255,0.00391655,29.6305,20789,1,367,16.9049,5198,0,0.000884653,0.00508597,0.0481942,0,0,0,1,207,0.225,0.00210999,0.0231044,0.00519848,-0.000474748,0.00508468,-0.00117734,0.251321,0.0768795,0.0012586,0.0185921,-0.136449,-0.00682114,0.0233839,-0.0444504,16.7744,2,0,0,0,0,0,-1,1,-9.04602e-07,-3.41778e-06,-0.135982,0,29.8109,1,1010,1010,1010,1010,0,0,0,0,29.8146,12,0.165543,1.335,0,0,0,22,0.165318,1.34207,32,0.125135,1.34924,36,0.135462,1.35805,32,0.130701,1.38786,27,0.0923983,1.3936,26,0.108339,1.40897,20,0.0905969,1.29322
5259453377659,5259436022000,5259436022000,5259453366548,73729,17.3445,5259465860605,29.8386,0,19960,84493,0,0,1,0,0,0.008007,500,500,353,0.706,2.6782,5.02126,0.801839,0.237687,0.560608,6.88913,0.00126225,0.0127183,0.178878,0.0169723,1,1.5884,-0.157643,0.157643,1.5884,1,1,0.150822,1.58471,0.00682098,0.00368198,0,0,0,0,0,0,0,0,0,0,0,0,0,0,0,0,0,0,0,0,0,0,0,255,0.21,5.23463,0.21,0.12213,1.33231,1,1,1,1,0,1,1,-0.0709381,-3.24177,0.112011,0.239954,-0.0726255,0.00391655,42.5812,20789,1,367,29.8557,5198,0,0.000884653,0.00508597,0.0481942,0,0,0,1,353,0.215,0.00106929,0.0107766,0.00231697,-0.000229897,0.00226341,-0.000544235,0.253584,0.0763353,0.00114162,0.0190784,-0.137052,-0.0117156,0.0158325,-0.0328367,12.7201,2,0,0,0,0,0,-1,1,-9.04602e-07,-3.41778e-06,-0.135982,0,42.7961,1,1010,1010,1010,1010,0,0,0,0,42.7998,41,0.134439,1.5758,8,0.305965,1.35443,35,0.125327,1.60161,41,0.137867,1.63619,51,0.190688,1.66715,55,0.139016,1.65453,24,0.196178,1.64847,47,0.176681,1.54889,51,0.165326,1.57986
5259466376239,5259456019000,5259456019000,5259466370868,73729,10.3519,5259481908652,25.8897,1,19961,84494,0,0,1,0,0,0.019997,500,499,239,0.478958,2.68835,7.23444,2.12977,0.175742,1.81102,14.2852,0.00386247,0.0268681,0.0979018,-0.0255519,1,1.34361,-0.193152,0.193152,1.34361,1,1,0.195379,1.33948,-0.0022264,0.00412966,0,0,0,0,0,0,0,0,0,0,0,0,0,0,0,0,0,0,0,0,0,0,0,255,0.21,7.39833,0.21,0.109156,0.770978,1,1,1,1,1,1,1,-0.0605661,-3.24445,0.111593,0.228769,-0.072109,0.00327322,1.88124,20790,1,367,45.8899,5198,0,0.000884653,0.00508597,0.0481942,0,0,0,1,239,0.215,0.00326991,0.0227595,0.00489329,-0.000703031,0.00475064,-0.00136399,0.258335,0.0749713,0.000742529,0.0197669,-0.136873,-0.011318,0.0177575,-0.00139554,1.69451,3,0,0,0,0,0,-1,1,-9.04603e-07,-3.41778e-06,-0.13715,0,2.07533,1,1010,1010,1010,1010,0,0,0,0,2.07952,11,0.141498,1.26797,0,0,0,17,0.180724,1.36494,35,0.17919,1.33401,35,0.189007,1.36113,43,0.174073,1.36549,33,0.201202,1.37826,25,0.221872,1.3049,40,0.187943,1.33026
5259482427267,5259467993000,5259467993000,5259482415452,73729,14.4225,5259495668164,27.6752,0,19961,84495,0,0,1,0,0,0.011974,500,500,302,0.604,2.69509,5.02893,0.902266,0.240706,0.642921,6.86026,0.00126953,0.0129217,0.0337241,-0.0566016,1,1.07914,-0.106024,0.106024,1.07914,1,1,0.11396,1.07612,-0.00793582,0.00302724,0,0,0,0,0,0,0,0,0,0,0,0,0,0,0,0,0,0,0,0,0,0,0,255,0.21,3.8326,0.21,0.0939245,0.886078,1,1,1,1,0,1,1,-0.0605661,-3.24445,0.111593,0.228769,-0.072109,0.00327322,15.6503,20790,1,367,59.6588,5198,0,0.000884653,0.00508597,0.0481942,0,0,0,1,302,0.215,0.0010738,0.0109454,0.00235325,-0.000230866,0.00229929,-0.000549737,0.260634,0.0744216,0.000742529,0.0197669,-0.136873,-0.0124656,0.0130171,0.0173267,15.434,0,0,0,0,0,0,-1,1,-9.04603e-07,-3.41778e-06,-0.13715,0,15.8498,1,1010,1010,1010,1010,0,0,0,0,15.854,7,0.123248,1.148,5,0.0655311,1.10973,20,0.131996,1.08749,45,0.0937105,1.08306,37,0.110039,1.099,55,0.116105,1.08008,43,0.109311,1.13113,39,0.0758916,1.07394,51,0.130842,1.05862
5259496191742,5259487991000,5259487991000,5259496185371,73729,8.19437,5259512240234,24.2492,1,19962,84496,0,0,1,0,0,0.019998,500,500,193,0.386,2.65665,7.18854,3.24012,0.154705,1.6814,13.5154,0.00309704,0.0254352,-0.0683865,-0.0583813,1,1.27189,-0.154867,0.154867,1.27189,1,1,0.166105,1.26706,-0.0112375,0.00482922,0,0,0,0,0,0,0,0,0,0,0,0,0,0,0,0,0,0,0,0,0,0,0,255,0.21,7.42915,0.21,0.148354,1.05414,1,1,1,1,0,1,1,-0.0605661,-3.24445,0.111593,0.228769,-0.072109,0.00327322,32.2198,20790,1,367,76.2283,5198,0,0.000884653,0.00508597,0.0481942,0,0,0,1,193,0.215,0.00262203,0.0215486,0.00463294,-0.000563736,0.00451225,-0.00118864,0.265146,0.0732329,0.000761505,0.0200248,-0.136464,-0.00175954,0.0207657,0.0372495,16.4243,1,0,0,0,0,0,-1,1,-9.04603e-07,-3.41778e-06,-0.13715,0,32.3992,1,1010,1010,1010,1010,0,0,0,0,32.4034,9,0.166226,1.33526,1,0,0,24,0.160438,1.26925,36,0.137794,1.28323,22,0.145172,1.3146,45,0.174366,1.30475,25,0.125115,1.24169,10,0.154287,1.22576,21,0.188986,1.20508
5259512715478,5259496019000,5259496019000,5259512704941,73729,16.6859,5259524973700,28.9547,0,19962,84497,0,0,1,0,0,0.008028,500,500,362,0.724,2.67071,5.042,0.791598,0.243984,0.703445,6.52542,0.00170446,0.0120005,0.177967,0.0147439,1,1.49484,-0.212314,0.212314,1.49484,1,1,0.225217,1.49101,-0.0129031,0.00382726,0,0,0,0,0,0,0,0,0,0,0,0,0,0,0,0,0,0,0,0,0,0,0,255,0.22,3.65047,0.22,0.230313,1.7472,1,1,1,1,0,1,1,-0.0605661,-3.24445,0.111593,0.228769,-0.072109,0.00327322,44.9509,20790,1,367,88.9595,5198,0,0.000884653,0.00508597,0.0481942,0,0,0,1,362,0.225,0.0014436,0.0101677,0.00228773,-0.00032481,0.00222228,-0.000631261,0.267368,0.0726017,0.000677347,0.0204179,-0.135704,-0.00372322,0.0172227,0.0434727,12.5003,2,0,0,0,0,0,-1,1,-9.04603e-07,-3.41778e-06,-0.135351,0,0.201186,1,1010,1010,1010,1010,0,0,0,0,0.205038,35,0.279917,1.32301,10,0.622275,1.22909,34,0.152516,1.49392,48,0.179451,1.623,49,0.157249,1.52769,55,0.16989,1.50975,41,0.213228,1.57873,45,0.224028,1.57815,45,0.213289,1.47082
5259525490149,5259516018000,5259516018000,5259525483963,73729,9.46596,5259540225649,24.2076,1,19963,84498,0,0,1,0,0,0.019999,500,500,253,0.506,2.68095,6.46431,2.09846,0.185353,1.49265,13.2802,0.00272757,0.0251236,-0.0160016,-0.0357915,1,1.25624,-0.136385,0.136385,1.25624,1,1,0.149086,1.2514,-0.0127007,0.00484604,0,0,0,0,0,0,0,0,0,0,0,0,0,0,0,0,0,0,0,0,0,0,0,255,0.22,6.07079,0.22,0.146696,1.12751,1,1,1,1,1,1,1,-0.0499974,-3.2473,0.11111,0.219021,-0.0689611,0.00334803,15.2369,20791,1,367,104.212,5198,0,0.000884653,0.00508597,0.0481942,0,0,0,1,253,0.225,0.00230585,0.0212766,0.00478723,-0.000518817,0.00467241,-0.00115997,0.272041,0.0714417,0.000535056,0.02062,-0.135363,-0.0102431,0.0218072,0.0375282,15.0808,1,0,0,0,0,0,-1,1,-9.04603e-07,-3.41778e-06,-0.135351,0,15.4319,1,1010,1010,1010,1010,0,0,0,0,15.4357,1,0,0,3,0.0522905,1.2065,24,0.134442,1.27148,25,0.148583,1.27587,44,0.139667,1.25512,51,0.157838,1.2634,42,0.136773,1.26496,25,0.126502,1.24208,38,0.138575,1.26073
5259540773190,5259527988000,5259527988000,5259540759264,73729,12.7713,5259553506675,25.5187,0,19963,84499,0,0,1,0,0,0.01197,500,500,335,0.67,2.67896,4.47716,0.983211,0.23015,0.703705,6.36697,0.00145089,0.0114354,0.0422878,-0.00853136,1,0.955337,-0.12121,0.12121,0.955337,1,1,0.130867,0.951802,-0.00965701,0.00353506,0,0,0,0,0,0,0,0,0,0,0,0,0,0,0,0,0,0,0,0,0,0,0,255,0.22,1.25232,0.22,0.0986438,0.806581,1,1,1,1,0,1,1,-0.0499974,-3.2473,0.11111,0.219021,-0.0689611,0.00334803,28.5189,20791,1,367,117.494,5198,0,0.000884653,0.00508597,0.0481942,0,0,0,1,335,0.225,0.00122734,0.00968809,0.00217982,-0.000276151,0.00212238,-0.000566832,0.274163,0.0708749,0.000506759,0.0208844,-0.134941,-0.00816609,0.0159078,0.0282323,13.0623,2,0,0,0,0,0,-1,1,-9.04603e-07,-3.41778e-06,-0.135351,0,28.7388,1,1010,1010,1010,1010,0,0,0,0,28.7427,26,0.135957,0.801476,17,0.178562,0.826933,52,0.10321,0.971702,45,0.118212,1.02855,53,0.11133,1.02032,53,0.113238,1.01548,40,0.129139,1.02706,42,0.131502,0.959041,7,0.100191,1.00516
5259554033679,5259536032000,5259536032000,5259554023309,73729,17.9913,5259565938065,29.9061,0,19963,84500,0,0,1,0,0,0.008044,500,500,351,0.702,2.65921,4.80098,0.875507,0.235706,0.804794,6.37927,0.00154226,0.0117571,0.0118026,0.0702444,1,1.4616,-0.191728,0.191728,1.4616,1,1,0.196783,1.45814,-0.00505481,0.0034551,0,0,0,0,0,0,0,0,0,0,0,0,0,0,0,0,0,0,0,0,0,0,0,255,0.22,4.37775,0.22,0.167219,1.23304,1,1,1,1,0,1,1,-0.0499974,-3.2473,0.11111,0.219021,-0.0689611,0.00334803,40.9613,20791,1,367,129.936,5198,0,0.000884653,0.00508597,0.0481942,0,0,0,1,351,0.225,0.00130637,0.00996108,0.00224124,-0.000293934,0.00218088,-0.00059252,0.276344,0.0702824,0.000525258,0.021038,-0.134852,-0.00175887,0.0155479,0.0167902,12.2156,1,0,0,0,0,0,-1,1,-9.04603e-07,-3.41778e-06,-0.135351,0,41.1838,1,1010,1010,1010,1010,0,0,0,0,41.1876,26,0.165013,1.22378,6,0.0864395,1.49655,51,0.150676,1.43578,49,0.222147,1.52617,51,0.200447,1.52445,56,0.174549,1.4923,40,0.223935,1.494,28,0.218792,1.49562,44,0.162175,1.47829
5259566541237,5259556016000,5259556016000,5259566534718,73729,10.5187,5259580613065,24.5971,1,19964,84501,0,0,1,0,0,0.019984,500,500,264,0.528,2.67017,6.57383,1.27319,0.193964,1.69505,13.0146,0.00330414,0.0244979,-0.0116778,0.0014294,1,1.22588,-0.165339,0.165339,1.22588,1,1,0.169009,1.22184,-0.00366944,0.00403886,0,0,0,0,0,0,0,0,0,0,0,0,0,0,0,0,0,0,0,0,0,0,0,255,0.22,6.48599,0.22,0.141323,1.01989,1,1,1,1,0,1,1,-0.0388566,-3.25037,0.110449,0.222929,-0.0688565,0.00153314,1.15756,20792,1,367,144.594,5198,0,0.000884653,0.00508597,0.0481942,0,0,0,1,264,0.225,0.00279707,0.0207496,0.00466867,-0.00062934,0.0045408,-0.00125052,0.280885,0.0690318,0.000579849,0.0211906,-0.134713,-0.00658364,0.0181749,0.00794309,1.0064,2,0,0,0,0,0,-1,1,-9.04603e-07,-3.41778e-06,-0.1347,0,1.34994,1,1010,1010,1010,1010,0,0,0,0,1.35418,2,0,0,0,0,0,32,0.158648,1.24166,35,0.160236,1.21375,45,0.169244,1.20936,56,0.153552,1.23307,25,0.158563,1.23726,27,0.183616,1.26148,42,0.180426,1.23013
5259581087180,5259567984000,5259567984000,5259581076680,73729,13.0927,5259594651949,26.6679,0,19964,84502,0,0,1,0,0,0.011968,500,500,360,0.72,2.6933,4.54879,0.988618,0.24328,0.818588,6.44945,0.00173305,0.0119434,0.101679,0.00946413,1,0.997942,-0.144807,0.144807,0.997942,1,1,0.147992,0.992188,-0.00318507,0.00575434,0,0,0,0,0,0,0,0,0,0,0,0,0,0,0,0,0,0,0,0,0,0,0,255,0.22,0.945452,0.22,0.112088,0.834666,1,1,1,1,1,1,1,-0.0388566,-3.25037,0.110449,0.222929,-0.0688565,0.00153314,15.2024,20792,1,367,158.639,5198,0,0.000884653,0.00508597,0.0481942,0,0,0,1,360,0.225,0.00146731,0.0101181,0.00227656,-0.000330145,0.00221118,-0.000632471,0.283096,0.0683994,0.0006098,0.0213584,-0.134547,-0.000137176,0.0258945,0.0113565,13.8437,1,0,0,0,0,0,-1,1,-9.04603e-07,-3.41778e-06,-0.1347,0,15.4238,1,1010,1010,1010,1010,0,0,0,0,15.4281,22,0.103238,0.875169,10,0.171552,0.973619,43,0.125687,0.978076,47,0.147928,1.04066,49,0.135245,1.01338,56,0.136146,1.01688,42,0.166281,0.990761,45,0.140312,1.01937,46,0.165171,1.02877
5259595213361,5259587991000,5259587991000,5259595205898,73729,7.2149,5259609705489,21.7145,1,19965,84503,0,0,1,0,0,0.020007,500,500,279,0.558,2.64759,6.51175,1.70868,0.193539,1.66522,13.2964,0.00334924,0.0250706,0.00721712,-0.0266406,1,1.25309,-0.167403,0.167403,1.25309,1,1,0.174114,1.24879,-0.00671109,0.00430074,0,0,0,0,0,0,0,0,0,0,0,0,0,0,0,0,0,0,0,0,0,0,0,255,0.22,4.94787,0.22,0.142863,1.03407,1,1,1,1,0,1,1,-0.0388566,-3.25037,0.110449,0.222929,-0.0688565,0.00153314,30.2558,20792,1,367,173.693,5198,0,0.000884653,0.00508597,0.0481942,0,0,0,1,279,0.225,0.00283713,0.0212381,0.00477857,-0.000638355,0.00464903,-0.0012721,0.287745,0.0671273,0.000643525,0.0213553,-0.134258,-0.0037289,0.0193533,0.0211768,14.883,1,0,0,0,0,0,-1,1,-9.04603e-07,-3.41778e-06,-0.1347,0,30.454,1,1010,1010,1010,1010,0,0,0,0,30.4583,11,0.173833,1.24363,0,0,0,32,0.148037,1.23451,45,0.158652,1.25276,45,0.17358,1.24029,56,0.153752,1.27167,27,0.181282,1.27427,23,0.146152,1.27908,40,0.165512,1.27697
5259610190456,5259596019000,5259596019000,5259610179418,73729,14.1604,5259623468334,27.4493,0,19965,84504,0,0,1,0,0,0.008028,500,500,377,0.754,2.67195,4.59265,1.01503,0.258039,0.732071,6.51651,0.00154326,0.0119499,0.121054,0.0529084,1,1.48853,-0.192234,0.192234,1.48853,1,1,0.199897,1.4837,-0.00766308,0.0048226,0,0,0,0,0,0,0,0,0,0,0,0,0,0,0,0,0,0,0,0,0,0,0,255,0.22,-0.383058,0.22,0.146727,1.25103,1,1,1,1,0,1,1,-0.0388566,-3.25037,0.110449,0.222929,-0.0688565,0.00153314,44.0165,20792,1,367,187.453,5198,0,0.000884653,0.00508597,0.0481942,0,0,0,1,377,0.225,0.00130648,0.0101235,0.00227778,-0.000293957,0.00221751,-0.000595726,0.289963,0.0665315,0.000658151,0.021534,-0.134075,-0.00422039,0.0217017,0.0242108,13.5609,1,0,0,0,0,0,-1,1,-9.04603e-07,-3.41778e-06,-0.134414,0,0.175446,1,1010,1010,1010,1010,0,0,0,0,0.178928,27,0.14304,1.2834,9,0.232369,1.17769,38,0.132842,1.50607,52,0.216992,1.59651,51,0.203192,1.49576,56,0.167496,1.54173,51,0.215238,1.57243,50,0.22317,1.52469,43,0.188875,1.48323
5259623944745,5259607989000,5259607989000,5259623934837,73729,15.9458,5259636721712,28.7327,0,19965,84505,0,0,1,0,0,0.01197,500,500,360,0.72,2.64504,4.9013,0.853155,0.242613,0.708481,6.47603,0.00131205,0.0117792,0.0458117,0.0630404,1,0.984058,-0.109612,0.109612,0.984058,1,1,0.114629,0.979841,-0.00501729,0.00421732,0,0,0,0,0,0,0,0,0,0,0,0,0,0,0,0,0,0,0,0,0,0,0,255,0.21,3.20391,0.21,0.0917665,0.829364,1,1,1,1,0,1,1,-0.0265388,-3.25368,0.109792,0.222383,-0.0675519,0.00203232,13.2127,20793,1,367,200.713,5198,0,0.000884653,0.00508597,0.0481942,0,0,0,1,360,0.215,0.0011111,0.00997802,0.00214527,-0.000238887,0.00209358,-0.000523516,0.292056,0.066008,0.000644304,0.0214875,-0.13411,-0.00647951,0.0181345,0.0120759,13.0622,1,0,0,0,0,0,-1,1,-9.04603e-07,-3.41778e-06,-0.134414,0,13.4339,1,1010,1010,1010,1010,0,0,0,0,13.4373,27,0.0302173,0.845669,16,0.123024,0.848733,25,0.0969731,0.9992,52,0.138882,1.02899,52,0.135165,1.02752,56,0.0969765,1.03265,39,0.155888,1.02558,48,0.122697,0.980763,45,0.10439,0.990904
5259637237623,5259628017000,5259628017000,5259637231456,73729,9.21446,5259651762733,23.7457,1,19966,84506,0,0,1,0,0,0.020028,500,499,296,0.593186,2.67565,6.11842,1.16645,0.212816,1.70658,12.835,0.0033968,0.0241913,0.0636289,-0.0718216,1,1.20787,-0.169603,0.169603,1.20787,1,1,0.163818,1.20528,0.00578492,0.00258935,0,0,0,0,0,0,0,0,0,0,0,0,0,0,0,0,0,0,0,0,0,0,0,255,0.21,6.3591,0.21,0.0120533,0.663628,1,1,1,1,1,1,1,-0.0265388,-3.25368,0.109792,0.222383,-0.0675519,0.00203232,28.2519,20793,1,367,14.9917,5199,0,0.000884653,0.000392987,0.0511978,0,0,0,1,296,0.215,0.0028751,0.0204875,0.0044048,-0.000618146,0.00428054,-0.00120511,0.296337,0.0648029,0.000609636,0.021587,-0.134972,-0.00706233,0.0111342,-0.02555,14.827,2,0,0,0,0,0,-1,1,-9.04603e-07,-3.41778e-06,-0.134414,0,28.4567,1,1010,1010,1010,1010,0,0,0,0,28.4602,3,0.0824275,1.20393,3,0.171651,1.16728,30,0.179514,1.20635,49,0.15764,1.22063,49,0.1536,1.2242,54,0.183152,1.22811,32,0.178013,1.218,35,0.17467,1.21349,41,0.188041,1.20299
5259652343404,5259644035000,5259644035000,5259652335737,73729,8.30074,5259665889432,21.8544,1,19967,84507,0,0,1,0,0,0.016018,500,499,293,0.587174,2.6395,6.37766,1.01371,0.202687,1.94771,12.4487,0.00392336,0.0233025,0.0760891,-0.010577,1,1.45477,-0.244935,0.244935,1.45477,1,1,0.226299,1.45127,0.0186357,0.00349732,0,0,0,0,0,0,0,0,0,0,0,0,0,0,0,0,0,0,0,0,0,0,0,255,0.21,1.16471,0.21,0.306502,1.50397,1,1,1,1,0,1,1,-0.0265388,-3.25368,0.109792,0.222383,-0.0675519,0.00203232,42.3834,20793,1,367,29.1235,5199,0,0.000884653,0.000392987,0.0511978,0,0,0,1,293,0.215,0.00332426,0.019738,0.00424368,-0.000714715,0.00410602,-0.00128521,0.300443,0.0635177,0.000636827,0.0215578,-0.136456,-0.00280495,0.0150385,-0.0663508,13.9177,2,0,0,0,0,0,-1,1,-9.04603e-07,-3.41778e-06,-0.134414,0,42.593,1,1010,1010,1010,1010,0,0,0,0,42.5965,11,0.16207,1.36135,1,0,0,23,0.214872,1.47128,55,0.250172,1.45091,47,0.245928,1.45881,56,0.232128,1.46669,26,0.255947,1.47741,24,0.254831,1.49148,50,0.241585,1.46938
5259666407936,5259656023000,5259656023000,5259666397992,73729,10.375,5259678782511,22.7595,0,19967,84508,0,0,1,0,0,0.011988,500,500,412,0.824,2.67467,5.05533,0.681691,0.282187,0.977905,5.94058,0.00208299,0.0109651,0.103848,0.00920127,1,0.91467,-0.173756,0.173756,0.91467,1,1,0.151816,0.912293,0.0219405,0.0023773,0,0,0,0,0,0,0,0,0,0,0,0,0,0,0,0,0,0,0,0,0,0,0,255,0.21,5.04319,0.21,0.140758,0.425068,1,1,1,1,0,1,1,-0.0265388,-3.25368,0.109792,0.222383,-0.0675519,0.00203232,55.2702,20793,1,367,42.01,5199,0,0.000884653,0.000392987,0.0511978,0,0,0,1,412,0.215,0.00176509,0.00929076,0.00199751,-0.000379495,0.00192634,-0.000649154,0.302369,0.0628686,0.00071504,0.0216689,-0.137247,-0.00206755,0.0102224,-0.0771293,12.6512,1,0,0,0,0,0,-1,1,-9.04603e-07,-3.41778e-06,-0.138032,0,0.213946,1,1010,1010,1010,1010,0,0,0,0,0.218131,43,0.142448,0.847363,12,0.226959,0.85087,32,0.136193,0.91974,56,0.182853,0.952757,56,0.167618,0.92186,56,0.153289,0.93653,56,0.187492,0.962624,49,0.163779,0.929574,52,0.170197,0.935858
5259679297904,5259664045000,5259664045000,5259679287330,73729,15.2423,5259691738091,27.6931,0,19967,84509,0,0,1,0,0,0.008022,500,500,405,0.81,2.65832,4.41768,0.732209,0.293984,1.09969,5.88165,0.00220439,0.0108014,0.0649485,0.0166302,1,1.34647,-0.274793,0.274793,1.34647,1,1,0.250598,1.34261,0.0241953,0.00386044,0,0,0,0,0,0,0,0,0,0,0,0,0,0,0,0,0,0,0,0,0,0,0,255,0.21,7.79071,0.21,0.231828,1.14353,1,1,1,1,0,1,1,-0.0150715,-3.25687,0.10914,0.209442,-0.0660601,0.000275773,12.9434,20794,1,367,54.97,5199,0,0.000884653,0.000392987,0.0511978,0,0,0,1,405,0.215,0.00186776,0.00915295,0.00196789,-0.000401569,0.00189343,-0.000668488,0.304263,0.0622001,0.00081164,0.0217723,-0.13805,0.0060807,0.0165999,-0.0783674,12.7358,1,0,0,0,0,0,-1,1,-9.04603e-07,-3.41778e-06,-0.138032,0,13.1916,1,1010,1010,1010,1010,0,0,0,0,13.1958,37,0.299246,1.22397,17,0.471147,1.28778,44,0.258542,1.24654,56,0.274147,1.38416,55,0.241765,1.43131,55,0.256575,1.43898,56,0.280697,1.37221,53,0.269168,1.39139,32,0.26281,1.36794
5259692305799,5259684040000,5259684040000,5259692299484,73729,8.25948,5259706092903,22.0529,1,19968,84510,0,0,1,0,0,0.019995,500,500,282,0.564,2.65187,6.09269,1.13997,0.196613,1.90019,11.6123,0.00397524,0.0219261,0.102583,-0.0360118,1,1.09658,-0.198812,0.198812,1.09658,1,1,0.175449,1.0949,0.0233627,0.00168054,0,0,0,0,0,0,0,0,0,0,0,0,0,0,0,0,0,0,0,0,0,0,0,255,0.21,0.528041,0.21,0.16204,0.90565,1,1,1,1,1,1,1,-0.0150715,-3.25687,0.10914,0.209442,-0.0660601,0.000275773,27.299,20794,1,367,69.3256,5199,0,0.000884653,0.000392987,0.0511978,0,0,0,1,282,0.215,0.00336513,0.0185657,0.00399163,-0.000723502,0.00385099,-0.0012723,0.308114,0.0609278,0.000735879,0.0218237,-0.139741,-0.000623626,0.00722632,-0.0808667,14.1386,2,0,0,0,0,0,-1,1,-9.04603e-07,-3.41778e-06,-0.138032,0,27.4999,1,1010,1010,1010,1010,0,0,0,0,27.5041,1,0,0,0,0,0,11,0.185985,1.02057,29,0.181682,1.09904,54,0.188259,1.08965,50,0.203668,1.10336,41,0.215365,1.09002,45,0.194892,1.10643,51,0.213124,1.11498
5259706653981,5259696020000,5259696020000,5259706643592,73729,10.6236,5259720361215,24.3412,0,19968,84511,0,0,1,0,0,0.01198,500,500,395,0.79,2.67774,4.65926,0.837821,0.260354,1.0105,5.76044,0.00196567,0.0106223,0.0494785,0.0180611,1,0.886669,-0.164079,0.164079,0.886669,1,1,0.140474,0.883752,0.0236047,0.00291702,0,0,0,0,0,0,0,0,0,0,0,0,0,0,0,0,0,0,0,0,0,0,0,255,0.22,4.73294,0.22,0.144927,0.977182,1,1,1,1,0,1,1,-0.0150715,-3.25687,0.10914,0.209442,-0.0660601,0.000275773,41.5621,20794,1,367,83.5884,5199,0,0.000884653,0.000392987,0.0511978,0,0,0,1,395,0.225,0.00166591,0.0090006,0.00202513,-0.000374831,0.00195213,-0.000654868,0.310066,0.0602729,0.000790104,0.0220145,-0.140605,0.00226152,0.0131266,-0.0831676,14.0558,1,0,0,0,0,0,-1,1,-9.04603e-07,-3.41778e-06,-0.138032,0,41.7992,1,1010,1010,1010,1010,0,0,0,0,41.8034,35,0.155341,0.784503,3,-0.125176,0.829343,31,0.112107,0.820694,55,0.174117,0.919254,56,0.164261,0.913439,53,0.160392,0.932387,56,0.188845,0.888345,54,0.166302,0.894092,52,0.174502,0.919612
5259720904496,5259704038000,5259704038000,5259720891737,73729,16.8537,5259733154608,29.1166,0,19968,84512,0,0,1,0,0,0.008018,500,500,423,0.846,2.67754,4.72872,0.850729,0.28141,0.922028,5.84213,0.00184497,0.0106548,0.124087,0.0675908,1,1.32887,-0.230103,0.230103,1.32887,1,1,0.210664,1.32566,0.0194386,0.00320403,0,0,0,0,0,0,0,0,0,0,0,0,0,0,0,0,0,0,0,0,0,0,0,255,0.22,8.40295,0.22,0.245204,1.56456,1,1,1,1,0,1,1,-0.00442424,-3.25974,0.108549,0.20973,-0.065122,0.00071786,2.54259,20795,1,367,96.3769,5199,0,0.000884653,0.000392987,0.0511978,0,0,0,1,423,0.225,0.00156318,0.00902896,0.00203152,-0.000351715,0.00196029,-0.000637126,0.312026,0.0596358,0.00046695,0.0224277,-0.142774,-0.00809133,0.0144181,-0.076452,2.29318,3,0,0,0,0,0,-1,1,-9.04603e-07,-3.41778e-06,-0.142264,0,2.77834,1,1010,1010,1010,1010,0,0,0,0,2.78326,40,0.174048,1.15827,9,0.286811,1.40055,46,0.180544,1.32075,54,0.266019,1.39287,55,0.246205,1.36726,56,0.201666,1.38459,56,0.288341,1.36582,55,0.258663,1.33602,52,0.213692,1.3729
5259733675778,5259724030000,5259724030000,5259733670111,73729,9.64011,5259747223158,23.1932,1,19969,84513,0,0,1,0,0,0.019992,500,500,335,0.67,2.67208,5.67156,1.11501,0.294354,1.6991,11.7628,0.00366064,0.022068,0.105698,-0.00968537,1,1.10384,-0.183105,0.183105,1.10384,1,1,0.166267,1.10053,0.0168379,0.00330907,0,0,0,0,0,0,0,0,0,0,0,0,0,0,0,0,0,0,0,0,0,0,0,255,0.21,1.29007,0.21,0.125366,0.534268,1,1,1,1,0,1,1,-0.00442424,-3.25974,0.108549,0.20973,-0.065122,0.00071786,16.6255,20795,1,367,110.46,5199,0,0.000884653,0.000392987,0.0511978,0,0,0,1,335,0.215,0.0030996,0.0186919,0.00401876,-0.000666413,0.00388204,-0.00123132,0.315908,0.0584045,0.00046695,0.0224277,-0.142774,-0.00791889,0.014229,-0.0642575,16.3946,0,0,0,0,0,0,-1,1,-9.04603e-07,-3.41778e-06,-0.142264,0,16.8491,1,1010,1010,1010,1010,0,0,0,0,16.854,9,0.13862,0.942378,7,0.214802,1.04201,19,0.169973,1.08738,50,0.192093,1.14214,47,0.174401,1.11958,50,0.177958,1.1204,55,0.1883,1.10506,51,0.179189,1.09483,47,0.181423,1.09981
5259747742755,5259736008000,5259736008000,5259747732070,73729,11.7241,5259761282802,25.2748,0,19969,84514,0,0,1,0,0,0.011978,500,500,375,0.75,2.64704,4.71079,0.840173,0.256187,0.86673,5.87064,0.00147904,0.0105228,0.0187475,0.143218,1,0.878507,-0.12348,0.12348,0.878507,1,1,0.112893,0.874049,0.010587,0.00445708,0,0,0,0,0,0,0,0,0,0,0,0,0,0,0,0,0,0,0,0,0,0,0,255,0.21,4.96407,0.21,0.13456,0.750698,1,1,1,1,1,1,1,-0.00442424,-3.25974,0.108549,0.20973,-0.065122,0.00071786,30.6765,20795,1,367,124.511,5199,0,0.000884653,0.000392987,0.0511978,0,0,0,1,375,0.215,0.00125408,0.00891674,0.0019171,-0.000269626,0.00185862,-0.000540012,0.317767,0.0578644,0.00040929,0.0226497,-0.142998,-0.00307358,0.0191655,-0.0388782,13.8433,1,0,0,0,0,0,-1,1,-9.04603e-07,-3.41778e-06,-0.142264,0,30.898,1,1010,1010,1010,1010,0,0,0,0,30.9029,33,0.0998162,0.768418,16,0.125675,0.794806,48,0.0988581,0.858236,45,0.185779,0.914822,54,0.138636,0.932349,56,0.106667,0.932255,22,0.162952,0.889482,49,0.137834,0.882744,52,0.111101,0.893611
5259761874028,5259744044000,5259744044000,5259761860102,73729,17.8161,5259773897082,29.8531,0,19969,84515,0,0,1,0,0,0.008036,500,500,377,0.754,2.67109,4.77078,0.803377,0.260743,0.787811,5.6926,0.00143138,0.0103304,-0.0130033,0.104399,1,1.28552,-0.178121,0.178121,1.28552,1,1,0.179305,1.28218,-0.00118401,0.00333462,0,0,0,0,0,0,0,0,0,0,0,0,0,0,0,0,0,0,0,0,0,0,0,255,0.21,9.18074,0.21,0.174385,1.09251,1,1,1,1,0,1,1,-0.00442424,-3.25974,0.108549,0.20973,-0.065122,0.00071786,43.2888,20795,1,367,137.123,5199,0,0.000884653,0.000392987,0.0511978,0,0,0,1,377,0.215,0.00121286,0.00875374,0.00188206,-0.000260765,0.00182524,-0.000526082,0.319592,0.0573384,0.000186134,0.022924,-0.142908,-0.00642524,0.0143389,-0.00106719,12.3773,2,0,0,0,0,0,-1,1,-9.04602e-07,-3.41778e-06,-0.142724,0,0.163946,1,1010,1010,1010,1010,0,0,0,0,0.167705,35,0.117899,1.16343,7,0.0971074,1.12741,44,0.148699,1.25461,56,0.227278,1.3334,54,0.177451,1.35821,55,0.16111,1.35851,38,0.217535,1.31003,54,0.179206,1.31303,34,0.161742,1.32096
5259774408808,5259764031000,5259764031000,5259774402864,73729,10.3719,5259787341832,23.3108,1,19970,84516,0,0,1,0,0,0.019987,500,500,307,0.614,2.66402,6.13075,0.873285,0.209853,1.53958,11.1054,0.00282441,0.0209643,-0.023058,-0.0221671,1,1.0489,-0.141313,0.141313,1.0489,1,1,0.14598,1.04594,-0.00466723,0.00296062,0,0,0,0,0,0,0,0,0,0,0,0,0,0,0,0,0,0,0,0,0,0,0,255,0.21,1.41251,0.21,0.131907,0.860403,1,1,1,1,0,1,1,0.00595645,-3.26267,0.107996,0.200314,-0.0637022,-0.000519527,13.4014,20796,1,367,150.586,5199,0,0.000884653,0.000392987,0.0511978,0,0,0,1,307,0.215,0.00239133,0.0177546,0.00381723,-0.000514135,0.0037041,-0.00105241,0.323296,0.056286,0.000186134,0.022924,-0.142908,-0.0096233,0.0127307,0.00835664,25.8484,0,0,0,0,0,0,-1,1,-9.04602e-07,-3.41778e-06,-0.142724,0,13.6069,1,1010,1010,1010,1010,0,0,0,0,13.6107,1,0,0,1,0,0,13,0.149267,1.04818,49,0.131845,1.05242,44,0.152261,1.05748,51,0.14191,1.05538,53,0.133574,1.06363,43,0.138949,1.05446,52,0.1483,1.04317
5259787849132,5259776006000,5259776006000,5259787839632,73729,11.8336,5259802658374,26.6524,0,19970,84517,0,0,1,0,0,0.011975,500,500,354,0.708,2.63989,4.57381,0.888581,0.234187,0.863922,5.295,0.00167344,0.00967342,-0.00494702,0.0369276,1,0.807801,-0.139744,0.139744,0.807801,1,1,0.145792,0.805018,-0.00604748,0.00278347,0,0,0,0,0,0,0,0,0,0,0,0,0,0,0,0,0,0,0,0,0,0,0,255,0.21,3.87884,0.21,0.124998,0.681787,1,1,1,1,0,1,1,0.00595645,-3.26267,0.107996,0.200314,-0.0637022,-0.000519527,28.6963,20796,1,367,165.881,5199,0,0.000884653,0.000392987,0.0511978,0,0,0,1,354,0.215,0.0014166,0.00819717,0.00176239,-0.000304569,0.00170076,-0.00055183,0.324997,0.0557341,0.000174392,0.0233139,-0.142573,0.000753758,0.0119689,0.0214063,15.0647,2,0,0,0,0,0,-1,1,-9.04602e-07,-3.41778e-06,-0.142724,0,28.9112,1,1010,1010,1010,1010,0,0,0,0,28.9149,35,0.0926205,0.681409,14,0.416171,0.712155,49,0.117991,0.847008,56,0.153591,0.851839,53,0.130028,0.838323,46,0.119901,0.819354,56,0.15566,0.860889,44,0.136819,0.829807,1,0,0
5259803127285,5259784039000,5259784039000,5259803117674,73729,19.0787,5259821768185,37.7292,0,19970,84518,0,0,1,0,0,0.008033,500,500,427,0.854,2.82261,10.2662,0.818451,0.293632,0.739105,5.15509,0.0013104,0.00935496,0.0154599,0.102126,1,1.16457,-0.163128,0.163128,1.16457,1,1,0.166447,1.16081,-0.00331957,0.00375606,0,0,0,0,0,0,0,0,0,0,0,0,0,0,0,0,0,0,0,0,0,0,0,255,0.21,-0.318465,0.21,0.141035,0.995251,1,1,1,1,1,1,1,0.00595645,-3.26267,0.107996,0.200314,-0.0637022,-0.000519527,47.9679,20796,1,367,185.153,5199,0,0.000884653,0.000392987,0.0511978,0,0,0,1,427,0.215,0.00110969,0.00792657,0.00170421,-0.000238583,0.00165261,-0.000477997,0.326649,0.0552561,0.00021331,0.0239643,-0.142423,0.00723398,0.016151,0.0172065,18.7621,2,0,0,0,0,0,-1,1,-9.04602e-07,-3.41778e-06,-0.142724,0,48.2392,1,1010,1010,1010,1010,0,0,0,0,0.219372,35,0.0994434,0.95372,15,0.144664,1.07305,50,0.13117,1.18313,55,0.209188,1.2122,55,0.174063,1.17321,53,0.13807,1.19039,56,0.224347,1.22158,56,0.185378,1.18528,52,0.16701,1.21096
5259822654006,5259816042000,5259816042000,5259822646821,73729,6.60482,5259843702351,27.6604,2,19972,84519,0,0,1,0,0,0.032003,500,499,290,0.581162,3.62045,9.2072,1.45008,0.211132,2.4765,15.8946,0.00468873,0.0299873,0.00728632,-0.0112652,1,0.937015,-0.146509,0.146509,0.937015,1,1,0.141647,0.93267,0.00486188,0.00434529,0,0,0,0,0,0,0,0,0,0,0,0,0,0,0,0,0,0,0,0,0,0,0,255,0.21,9.03801,0.21,0.11364,0.771438,1,1,1,1,0,1,1,0.0148865,-3.26519,0.107595,0.188734,-0.0588209,-0.000109123,13.1078,20797,1,367,13.0462,5200,0,0.000884653,0.000400299,0.0525468,0,0,0,1,290,0.215,0.00396896,0.0253978,0.00546053,-0.000853326,0.00528101,-0.00162429,0.33193,0.0536318,0.000133999,0.0246567,-0.143325,0.00195451,0.0186848,-0.0151613,12.7371,3,0,0,0,0,0,-1,1,-9.04602e-07,-3.41778e-06,-0.142879,0,13.3607,1,1010,1010,1010,1010,0,0,0,0,22.1116,1,0,0,2,0,0,26,0.150326,0.939696,53,0.155831,0.926899,36,0.129901,0.940797,38,0.149978,0.933464,47,0.148811,0.946932,38,0.143051,0.949843,49,0.150344,0.935701
5259844432986,5259836038000,5259836038000,5259844422541,73729,8.38454,5259860228883,24.1909,1,19973,84520,0,0,1,0,0,0.019996,500,500,306,0.612,2.76013,8.57677,0.918895,0.222557,1.73246,10.3307,0.00330234,0.0196794,0.0287701,-0.0502616,1,0.984165,-0.16515,0.16515,0.984165,1,1,0.151695,0.980271,0.0134549,0.00389396,0,0,0,0,0,0,0,0,0,0,0,0,0,0,0,0,0,0,0,0,0,0,0,255,0.22,0.318632,0.22,0.137973,0.803058,1,1,1,1,0,1,1,0.0148865,-3.26519,0.107595,0.188734,-0.0588209,-0.000109123,29.4957,20797,1,367,29.4336,5200,0,0.000884653,0.000400299,0.0525468,0,0,0,1,306,0.225,0.00279402,0.0166663,0.00374992,-0.000628655,0.00361994,-0.00115952,0.33555,0.0524723,5.2616e-05,0.0248746,-0.143838,0.005164,0.0175228,-0.0443065,16.1645,1,0,0,0,0,0,-1,1,-9.04602e-07,-3.41778e-06,-0.142879,0,29.719,1,1010,1010,1010,1010,0,0,0,0,38.4699,3,0.139486,0.900345,6,0.177856,1.01116,17,0.189459,0.990056,54,0.163937,0.978717,54,0.160444,0.976971,43,0.134697,0.977334,55,0.168881,1.00707,53,0.173528,0.979675,21,0.165653,1.01084
5259860731517,5259852074000,5259852074000,5259860726017,73729,8.65202,5259873728652,21.6547,1,19974,84521,0,0,1,0,0,0.016036,500,500,311,0.622,2.6563,5.73034,0.952414,0.214798,1.51256,10.1777,0.00274495,0.0188679,0.0153748,0.0552032,1,1.1766,-0.171174,0.171174,1.1766,1,1,0.159024,1.1729,0.0121506,0.00369922,0,0,0,0,0,0,0,0,0,0,0,0,0,0,0,0,0,0,0,0,0,0,0,255,0.22,4.59628,0.22,0.269465,1.47788,1,1,1,1,1,1,1,0.0148865,-3.26519,0.107595,0.188734,-0.0588209,-0.000109123,43.0005,20797,1,367,42.9385,5200,0,0.000884653,0.000400299,0.0525468,0,0,0,1,311,0.225,0.00232141,0.0159748,0.00359433,-0.000522316,0.00348026,-0.00103517,0.339031,0.0514371,-0.000120323,0.0253436,-0.144754,-0.00127115,0.0166465,-0.044759,11.9601,2,0,0,0,0,0,-1,1,-9.04602e-07,-3.41778e-06,-0.142879,0,43.2086,1,1010,1010,1010,1010,0,0,0,0,0.174594,2,0,0,7,0.16933,1.07929,14,0.180004,1.21537,25,0.193892,1.16739,55,0.16599,1.18289,54,0.165564,1.17782,51,0.200902,1.1879,52,0.182463,1.19322,51,0.168658,1.21868
5259874288489,5259864028000,5259864028000,5259874278045,73729,10.25,5259885657409,21.6294,0,19974,84522,0,0,1,0,0,0.011954,500,500,417,0.834,2.66785,4.7907,0.835895,0.278039,0.696594,4.90826,0.00130287,0.00890394,0.0122898,0.0471572,1,0.744851,-0.10899,0.10899,0.744851,1,1,0.0973361,0.741488,0.0116542,0.0033623,0,0,0,0,0,0,0,0,0,0,0,0,0,0,0,0,0,0,0,0,0,0,0,255,0.21,-0.215854,0.21,0.0101937,0.16555,1,1,1,1,0,1,1,0.022952,-3.26734,0.107306,0.18198,-0.0541771,-0.000664853,11.8929,20798,1,367,54.8692,5200,0,0.000884653,0.000400299,0.0525468,0,0,0,1,417,0.215,0.00110313,0.00754406,0.00162197,-0.000237173,0.00157028,-0.000468586,0.340601,0.0509686,-0.000120323,0.0253436,-0.144754,-0.00187266,0.0144579,-0.0415886,23.8705,0,0,0,0,0,0,-1,1,-9.04603e-07,-3.41778e-06,-0.144969,0,0.230075,1,1010,1010,1010,1010,0,0,0,0,12.1377,17,0.0100856,0.624176,22,0.247086,0.645471,49,0.0674118,0.720086,56,0.13663,0.783773,56,0.108449,0.772705,56,0.0979421,0.771276,55,0.128547,0.748471,54,0.116065,0.784462,52,0.0966421,0.770498
5259886218154,5259872072000,5259872072000,5259886206080,73729,14.1341,5259899040621,26.9686,0,19974,84523,0,0,1,0,0,0.008044,500,500,403,0.806,2.64743,4.84924,0.719802,0.267483,0.586761,4.92426,0.000814079,0.00897467,-0.0939685,0.0676099,1,1.1157,-0.101203,0.101203,1.1157,1,1,0.0958584,1.11268,0.00534486,0.00301412,0,0,0,0,0,0,0,0,0,0,0,0,0,0,0,0,0,0,0,0,0,0,0,255,0.21,1.5784,0.21,0.108983,0.909723,1,1,1,1,0,1,1,0.022952,-3.26734,0.107306,0.18198,-0.0541771,-0.000664853,25.2972,20798,1,367,68.2735,5200,0,0.000884653,0.000400299,0.0525468,0,0,0,1,403,0.215,0.000688923,0.0076043,0.00163493,-0.000148118,0.00159581,-0.00038278,0.342197,0.0505858,-0.000264619,0.025814,-0.145038,-0.00206078,0.0129607,-0.0200349,13.1391,2,0,0,0,0,0,-1,1,-9.04603e-07,-3.41778e-06,-0.144969,0,13.6285,1,1010,1010,1010,1010,0,0,0,0,25.5361,24,-0.0458527,0.993065,8,0.129782,1.08514,50,0.026301,1.10073,56,0.155438,1.12225,55,0.0983388,1.1459,55,0.111035,1.19728,56,0.135104,1.11381,54,0.126483,1.16619,45,0.107263,1.1634
5259899600940,5259884044000,5259884044000,5259899591107,73729,15.5471,5259912238313,28.1943,0,19974,84524,0,0,1,0,0,0.011972,500,500,402,0.804,2.64343,4.49233,0.712783,0.269799,0.638367,4.91464,0.000964449,0.00902388,-0.0494268,0.0423425,1,0.753749,-0.0805587,0.0805587,0.753749,1,1,0.0815927,0.749925,-0.00103398,0.00382357,0,0,0,0,0,0,0,0,0,0,0,0,0,0,0,0,0,0,0,0,0,0,0,255,0.21,4.77748,0.21,0.087834,0.63312,1,1,1,1,0,1,1,0.022952,-3.26734,0.107306,0.18198,-0.0541771,-0.000664853,38.4705,20798,1,367,81.4467,5200,0,0.000884653,0.000400299,0.0525468,0,0,0,1,402,0.215,0.000816241,0.0076453,0.00164374,-0.000175492,0.0016006,-0.000411027,0.343797,0.0501748,-0.000330683,0.0260241,-0.144968,-0.00146819,0.0164413,0.00238235,12.9493,1,0,0,0,0,0,-1,1,-9.04603e-07,-3.41778e-06,-0.144969,0,26.8006,1,1010,1010,1010,1010,0,0,0,0,38.7082,17,-0.0343293,0.685527,9,0.134198,0.736332,49,0.0545255,0.745307,56,0.113068,0.770972,56,0.0864236,0.761695,56,0.0846092,0.806331,56,0.110312,0.762794,53,0.0898221,0.773183,50,0.0715518,0.772315
5259912782725,5259904032000,5259904032000,5259912776688,73729,8.74469,5259927475003,23.443,1,19975,84525,0,0,1,0,0,0.019988,500,500,310,0.62,2.65854,5.58652,1.19866,0.221001,1.33221,9.84406,0.00234328,0.0184962,-0.0132645,-0.0372071,1,0.925366,-0.117234,0.117234,0.925366,1,1,0.1234,0.921998,-0.00616572,0.00336787,0,0,0,0,0,0,0,0,0,0,0,0,0,0,0,0,0,0,0,0,0,0,0,255,0.21,7.51898,0.21,0.104606,0.759071,1,1,1,1,1,1,1,0.022952,-3.26734,0.107306,0.18198,-0.0541771,-0.000664853,53.7076,20798,1,367,96.6842,5200,0,0.000884653,0.000400299,0.0525468,0,0,0,1,310,0.215,0.00198456,0.0156646,0.00336789,-0.00042668,0.00327009,-0.000907379,0.347067,0.0492674,-0.000483073,0.0264534,-0.144606,-0.00329687,0.0144818,0.0185726,15.0258,2,0,0,0,0,0,-1,1,-9.04603e-07,-3.41778e-06,-0.144441,0,0.185613,1,1010,1010,1010,1010,0,0,0,0,0.189706,2,0,0,5,0.131725,0.901056,16,0.131447,0.943775,56,0.123158,0.944102,54,0.127349,0.942537,52,0.125231,0.926534,30,0.108655,0.895918,46,0.124163,0.937653,49,0.133393,0.922559
5259928035100,5259912055000,5259912055000,5259928024674,73729,15.9697,5259939681688,27.6267,0,19975,84526,0,0,1,0,0,0.008023,500,500,318,0.636,2.64011,4.70865,0.834081,0.222279,0.653053,4.89391,0.00138979,0.00857319,0.00581668,0.247587,1,1.06858,-0.173226,0.173226,1.06858,1,1,0.181493,1.0641,-0.00826655,0.00448136,0,0,0,0,0,0,0,0,0,0,0,0,0,0,0,0,0,0,0,0,0,0,0,255,0.21,2.782,0.21,0.128719,0.944256,1,1,1,1,0,1,1,0.0306468,-3.26944,0.107096,0.179252,-0.0559123,-2.50059e-05,12.2169,20799,1,367,108.917,5200,0,0.000884653,0.000400299,0.0525468,0,0,0,1,318,0.215,0.00117757,0.00726289,0.00156152,-0.000253178,0.00150828,-0.000475207,0.348576,0.0487922,-0.000583451,0.0267579,-0.144428,-0.00553984,0.0192699,0.0240051,12.0211,1,0,0,0,0,0,-1,1,-9.04603e-07,-3.41778e-06,-0.144441,0,12.4352,1,1010,1010,1010,1010,0,0,0,0,12.4393,26,0.141435,1.05271,22,0.41118,0.687033,0,0,0,56,0.217855,1.14883,51,0.140291,1.13383,7,0.136984,1.13551,56,0.216431,1.10575,54,0.152578,1.06343,46,0.086601,1.08211
5259940245692,5259932056000,5259932056000,5259940240007,73729,8.18401,5259954070704,22.0147,1,19976,84527,0,0,1,0,0,0.020001,500,499,332,0.665331,2.71606,6.0408,0.896451,0.22941,1.43997,9.95428,0.00254628,0.0188686,-0.0181375,-0.0261301,1,0.943383,-0.127308,0.127308,0.943383,1,1,0.133503,0.938242,-0.00619538,0.00514094,0,0,0,0,0,0,0,0,0,0,0,0,0,0,0,0,0,0,0,0,0,0,0,255,0.21,4.03196,0.21,0.111924,0.773077,1,1,1,1,0,1,1,0.0306468,-3.26944,0.107096,0.179252,-0.0559123,-2.50059e-05,26.5801,20799,1,367,123.28,5200,0,0.000884653,0.000400299,0.0525468,0,0,0,1,332,0.215,0.00215577,0.0159812,0.00343597,-0.000463491,0.00333234,-0.000952715,0.351908,0.0478395,-0.000590604,0.026996,-0.144339,-0.00282969,0.022106,0.0190484,14.1721,1,0,0,0,0,0,-1,1,-9.04603e-07,-3.41778e-06,-0.144441,0,26.7885,1,1010,1010,1010,1010,0,0,0,0,26.7926,4,-0.0127668,0.967548,1,0,0,31,0.132416,0.942555,56,0.136506,0.940129,53,0.136595,0.93903,50,0.127937,0.941529,49,0.135998,0.931788,42,0.135777,0.971796,46,0.132709,0.942122
5259954572893,5259944030000,5259944030000,5259954564800,73729,10.5348,5259969669803,25.6398,0,19976,84528,0,0,1,0,0,0.011974,500,500,399,0.798,2.65515,4.85457,0.834692,0.289168,0.680664,4.86044,0.00110383,0.00908443,-0.0316057,-0.0134194,1,0.75868,-0.0921857,0.0921857,0.75868,1,1,0.0930268,0.754809,-0.000841119,0.00387057,0,0,0,0,0,0,0,0,0,0,0,0,0,0,0,0,0,0,0,0,0,0,0,255,0.21,8.25015,0.21,0.0877718,0.623004,1,1,1,1,0,1,1,0.0306468,-3.26944,0.107096,0.179252,-0.0559123,-2.50059e-05,42.189,20799,1,367,138.889,5200,0,0.000884653,0.000400299,0.0525468,0,0,0,1,399,0.215,0.000934844,0.00769662,0.00165477,-0.000200991,0.00160796,-0.000437156,0.353516,0.0474023,-0.000688951,0.0273884,-0.14454,-0.000983723,0.0166434,0.00210647,15.3556,2,0,0,0,0,0,-1,1,-9.04603e-07,-3.41778e-06,-0.144441,0,42.4182,1,1010,1010,1010,1010,0,0,0,0,42.4223,21,0.0806003,0.756186,7,0.182478,0.663196,47,0.0995417,0.783636,56,0.110488,0.755996,56,0.106205,0.765635,56,0.104672,0.778149,49,0.111454,0.760054,55,0.0991573,0.764061,52,0.0951265,0.791204
5259970169325,5259952049000,5259952049000,5259970159714,73729,18.1107,5259982599568,30.5506,0,19976,84529,0,0,1,0,0,0.008019,500,500,409,0.818,2.65489,5.07417,0.752247,0.268669,0.739105,4.89035,0.00128093,0.00906582,-0.00910783,0.00297266,1,1.13054,-0.159737,0.159737,1.13054,1,1,0.156111,1.12763,0.00362571,0.00291129,0,0,0,0,0,0,0,0,0,0,0,0,0,0,0,0,0,0,0,0,0,0,0,255,0.21,4.31025,0.21,0.14051,0.94081,1,1,1,1,1,1,1,0.037952,-3.27152,0.106988,0.170441,-0.0512949,0.000556597,1.89818,20800,1,367,151.804,5200,0,0.000884653,0.000400299,0.0525468,0,0,0,1,409,0.215,0.00108447,0.00768089,0.00165139,-0.000233161,0.00159982,-0.00046899,0.355116,0.0469333,-0.00071628,0.0276984,-0.144846,-0.000433735,0.0125186,-0.0128194,1.69525,2,0,0,0,0,0,-1,1,-9.04603e-07,-3.41778e-06,-0.144861,0,2.14035,1,1010,1010,1010,1010,0,0,0,0,2.14526,20,0.0208539,1.0762,7,0.440812,1.1107,51,0.138705,1.12907,56,0.20131,1.15711,56,0.185707,1.13894,56,0.168698,1.16275,56,0.183278,1.13395,55,0.148846,1.12695,52,0.165435,1.19622
5259983192054,5259972040000,5259972040000,5259983185220,73729,11.1452,5259997140900,25.1009,1,19977,84530,0,0,1,0,0,0.019991,500,500,318,0.636,2.6092,5.99843,1.04421,0.220187,1.50734,9.64883,0.00288006,0.0181943,0.0278911,-0.0348991,1,0.910126,-0.144068,0.144068,0.910126,1,1,0.141224,0.906675,0.0028436,0.00345104,0,0,0,0,0,0,0,0,0,0,0,0,0,0,0,0,0,0,0,0,0,0,0,255,0.21,7.15074,0.21,0.120529,0.746327,1,1,1,1,0,1,1,0.037952,-3.27152,0.106988,0.170441,-0.0512949,0.000556597,16.449,20800,1,367,166.355,5200,0,0.000884653,0.000400299,0.0525468,0,0,0,1,318,0.215,0.00243802,0.0154091,0.00331295,-0.000524174,0.00320125,-0.000996958,0.358317,0.0459363,-0.0007255,0.0279251,-0.144929,0.00198024,0.0148395,-0.00819778,14.3711,1,0,0,0,0,0,-1,1,-9.04603e-07,-3.41778e-06,-0.144861,0,16.6535,1,1010,1010,1010,1010,0,0,0,0,16.6584,2,0,0,1,0,0,22,0.138633,0.898977,55,0.141302,0.91823,49,0.135848,0.916475,48,0.144095,0.913828,53,0.144475,0.91244,42,0.160826,0.927074,46,0.150976,0.927428
5259997644922,5259984025000,5259984025000,5259997634478,73729,13.6095,5260011747399,27.7224,0,19977,84531,0,0,1,0,0,0.011985,500,500,394,0.788,2.65643,4.84046,0.824247,0.268928,0.627365,4.69408,0.00110122,0.00872041,0.0124687,-0.0221705,1,0.72761,-0.0918829,0.0918829,0.72761,1,1,0.0903243,0.723692,0.00155854,0.00391865,0,0,0,0,0,0,0,0,0,0,0,0,0,0,0,0,0,0,0,0,0,0,0,255,0.21,1.32155,0.21,0.0813522,0.604657,1,1,1,1,0,1,1,0.037952,-3.27152,0.106988,0.170441,-0.0512949,0.000556597,31.0491,20800,1,367,180.955,5200,0,0.000884653,0.000400299,0.0525468,0,0,0,1,394,0.215,0.000932126,0.00738807,0.00158844,-0.000200407,0.00154219,-0.000427754,0.359859,0.0455086,-0.000756811,0.0280974,-0.145015,0.000556413,0.0168502,-0.00491625,14.3947,1,0,0,0,0,0,-1,1,-9.04603e-07,-3.41778e-06,-0.144861,0,31.2946,1,1010,1010,1010,1010,0,0,0,0,31.2995,28,0.0843313,0.683186,11,0.122195,0.660525,46,0.0853419,0.730783,56,0.104763,0.75106,55,0.1109,0.744314,52,0.0876864,0.737436,53,0.103227,0.753545,52,0.0948561,0.727386,41,0.0960383,0.770086
5260012289922,5260004028000,5260004028000,5260012284459,73729,8.25646,5260026040637,22.0126,1,19978,84532,0,0,1,0,0,0.020003,500,500,327,0.654,2.63126,6.45198,0.991637,0.225706,1.34818,9.45575,0.00259391,0.0178274,0.0220852,-0.0196943,1,0.891236,-0.129676,0.129676,0.891236,1,1,0.128294,0.887869,0.00138179,0.00336702,0,0,0,0,0,0,0,0,0,0,0,0,0,0,0,0,0,0,0,0,0,0,0,255,0.21,5.81828,0.21,0.105095,0.73309,1,1,1,1,0,1,1,0.0445634,-3.27318,0.106911,0.166769,-0.0470962,-0.000334071,0.645912,20801,1,367,195.247,5200,0,0.000884653,0.000400299,0.0525468,0,0,0,1,327,0.215,0.0021951,0.0150978,0.00324603,-0.000471946,0.00314229,-0.000936421,0.363001,0.0445722,-0.000748068,0.0286192,-0.145188,0.00162208,0.0144782,-0.0034557,0.473689,3,0,0,0,0,0,-1,1,-9.04603e-07,-3.41778e-06,-0.145205,0,0.850932,1,1010,1010,1010,1010,0,0,0,0,0.854284,1,0,0,5,0.266279,0.920296,29,0.133561,0.898237,53,0.127676,0.912166,47,0.124975,0.888942,50,0.137826,0.877682,50,0.126254,0.89585,43,0.125083,0.887003,49,0.134874,0.921036
5260026527826,5260012035000,5260012035000,5260026517381,73729,14.4824,5260038215321,26.1803,0,19978,84533,0,0,1,0,0,0.008007,500,500,327,0.654,2.65646,4.79857,0.889637,0.224464,0.596069,4.62811,0.00174878,0.0074987,0.183249,0.439755,1,0.936519,-0.218407,0.218407,0.936519,1,1,0.216994,0.933316,0.00141311,0.00320211,0,0,0,0,0,0,0,0,0,0,0,0,0,0,0,0,0,0,0,0,0,0,0,255,0.21,-0.257224,0.21,0.123115,0.887866,1,1,1,1,1,1,1,0.0445634,-3.27318,0.106911,0.166769,-0.0470962,-0.000334071,12.8464,20801,1,367,207.447,5200,0,0.000884653,0.000400299,0.0525468,0,0,0,1,327,0.215,0.00148128,0.00635173,0.00136562,-0.000318475,0.00130463,-0.000512621,0.364306,0.0440596,-0.000748068,0.0286192,-0.145188,0.00280429,0.0137691,-0.00261767,12.6455,0,0,0,0,0,0,-1,1,-9.04603e-07,-3.41778e-06,-0.145205,0,13.0599,1,1010,1010,1010,1010,0,0,0,0,13.0632,22,0.262449,0.880402,20,0.578863,0.0600962,1,0,0,56,0.300423,1.11597,45,0.151048,1.00408,21,0.0709802,0.986295,56,0.305453,1.01557,55,0.13841,0.958839,51,0.0900935,0.9519
5260038812882,5260024021000,5260024021000,5260038799363,73729,14.7784,5260051822776,27.8018,0,19978,84534,0,0,1,0,0,0.011986,500,500,415,0.83,2.65361,4.46957,1.00449,0.299335,0.515991,4.61917,0.000707941,0.00858095,-0.0691171,-0.022606,1,0.715915,-0.059064,0.059064,0.715915,1,1,0.0585406,0.712624,0.000523356,0.00329077,0,0,0,0,0,0,0,0,0,0,0,0,0,0,0,0,0,0,0,0,0,0,0,255,0.21,1.89114,0.21,0.0607122,0.588282,1,1,1,1,0,1,1,0.0445634,-3.27318,0.106911,0.166769,-0.0470962,-0.000334071,26.4305,20801,1,367,13.5717,5201,0,0.000884653,0.000171949,0.0527572,0,0,0,1,415,0.215,0.000599166,0.00727063,0.00156319,-0.000128821,0.00152744,-0.000353603,0.365833,0.043706,-0.000796843,0.0288574,-0.145235,-0.000173389,0.0141503,-0.00193906,13.3662,1,0,0,0,0,0,-1,1,-9.04603e-07,-3.41778e-06,-0.145205,0,26.6817,1,1010,1010,1010,1010,0,0,0,0,26.685,30,0.0424867,0.723316,13,0.0937697,0.657029,42,0.0569076,0.696028,56,0.0881245,0.733376,56,0.0595107,0.735264,56,0.0627351,0.756634,56,0.0724274,0.728688,55,0.0499525,0.722182,51,0.067883,0.733255
5260052381891,5260044025000,5260044025000,5260052375484,73729,8.35048,5260066543147,22.5181,1,19979,84535,0,0,1,0,0,0.020004,500,500,299,0.598,2.61302,5.94345,1.43636,0.207224,1.19821,9.61188,0.00201812,0.0181696,-0.0112908,-0.0668123,1,0.908296,-0.100886,0.100886,0.908296,1,1,0.0996608,0.904485,0.00122507,0.00381089,0,0,0,0,0,0,0,0,0,0,0,0,0,0,0,0,0,0,0,0,0,0,0,255,0.21,5.307,0.21,0.0878974,0.738214,1,1,1,1,0,1,1,0.0445634,-3.27318,0.106911,0.166769,-0.0470962,-0.000334071,41.1532,20801,1,367,28.2943,5201,0,0.000884653,0.000171949,0.0527572,0,0,0,1,299,0.215,0.00170724,0.0153864,0.00330808,-0.000367057,0.0032186,-0.000842268,0.369052,0.0428637,-0.000741243,0.0292608,-0.145396,0.00168086,0.0163868,-0.00286954,14.5148,2,0,0,0,0,0,-1,1,-9.04603e-07,-3.41778e-06,-0.145205,0,41.3584,1,1010,1010,1010,1010,0,0,0,0,41.3618,2,0,0,4,0.162993,0.883152,10,0.0658415,0.940662,52,0.101515,0.906451,37,0.111923,0.914595,43,0.122254,0.924083,52,0.0996421,0.922345,50,0.107703,0.923719,49,0.132342,0.922095
5260067040447,5260052035000,5260052035000,5260067029428,73729,14.9944,5260079055204,27.0202,0,19979,84536,0,0,1,0,0,0.00801,500,500,334,0.668,2.65352,4.97946,0.892359,0.233502,0.535851,4.68103,0.000645532,0.00879977,-0.0887013,-0.0686664,1,1.0986,-0.0805907,0.0805907,1.0986,1,1,0.0772054,1.09457,0.0033853,0.00402591,0,0,0,0,0,0,0,0,0,0,0,0,0,0,0,0,0,0,0,0,0,0,0,255,0.21,-0.326891,0.21,0.100553,0.902045,1,1,1,1,0,1,1,0.0445634,-3.27318,0.106911,0.166769,-0.0470962,-0.000334071,53.6633,20801,1,367,40.8041,5201,0,0.000884653,0.000171949,0.0527572,0,0,0,1,334,0.215,0.000546147,0.00745392,0.00160259,-0.000117422,0.00156793,-0.000348541,0.37062,0.0425151,-0.000736881,0.0294182,-0.145567,0.00430143,0.0173114,-0.0082043,12.3034,1,0,0,0,0,0,-1,1,-9.04602e-07,-3.41778e-06,-0.145851,0,0.193483,1,1010,1010,1010,1010,0,0,0,0,0.197279,22,0.0130739,0.977294,0,0,0,4,-0.855691,1.33324,55,0.111701,1.08785,54,0.111137,1.13236,42,0.109305,1.12945,56,0.0966088,1.09569,55,0.108064,1.11528,46,0.12328,1.14957
5260079570653,5260060072000,5260060072000,5260079559875,73729,19.4879,5260092431361,32.3594,0,19979,84537,0,0,1,0,0,0.008037,500,500,400,0.8,2.65408,4.5379,0.68032,0.270743,0.542664,4.61212,0.000697692,0.00859656,-0.144429,-0.0459599,1,1.06962,-0.08681,0.08681,1.06962,1,1,0.0819752,1.06634,0.00483481,0.00328507,0,0,0,0,0,0,0,0,0,0,0,0,0,0,0,0,0,0,0,0,0,0,0,255,0.21,2.035,0.21,0.101245,0.885867,1,1,1,1,1,1,1,0.0511535,-3.27479,0.106871,0.160386,-0.0446993,0.000583864,13.359,20802,1,367,54.1787,5201,0,0.000884653,0.000171949,0.0527572,0,0,0,1,400,0.215,0.000590054,0.00728408,0.00156608,-0.000126862,0.00153034,-0.000352994,0.37215,0.0421621,-0.00076339,0.0295715,-0.145834,0.000371178,0.0141258,-0.0163348,13.1553,1,0,0,0,0,0,-1,1,-9.04602e-07,-3.41778e-06,-0.145851,0,13.6041,1,1010,1010,1010,1010,0,0,0,0,13.6079,23,0.174065,0.992377,8,0.213797,1.04607,45,0.119573,0.982231,54,0.12964,1.06468,56,0.120665,1.07301,55,0.059884,1.11897,56,0.0966824,1.07678,56,0.105526,1.11557,47,0.0962979,1.1506
5260093021106,5260080053000,5260080053000,5260093014199,73729,12.9612,5260106424578,26.3716,1,19980,84538,0,0,1,0,0,0.019981,500,500,284,0.568,2.67,5.7503,1.10388,0.204742,1.19383,9.38681,0.00222569,0.017606,0.00710415,-0.0222805,1,0.88114,-0.11139,0.11139,0.88114,1,1,0.103063,0.876757,0.00832746,0.00438283,0,0,0,0,0,0,0,0,0,0,0,0,0,0,0,0,0,0,0,0,0,0,0,255,0.21,5.33165,0.21,0.0904112,0.721987,1,1,1,1,0,1,1,0.0511535,-3.27479,0.106871,0.160386,-0.0446993,0.000583864,27.3567,20802,1,367,68.1763,5201,0,0.000884653,0.000171949,0.0527572,0,0,0,1,284,0.215,0.00188159,0.0149096,0.00320556,-0.000404543,0.00311079,-0.000867837,0.375261,0.0412943,-0.000741486,0.0299105,-0.146468,0.00273152,0.0188462,-0.0264612,13.8009,2,0,0,0,0,0,-1,1,-9.04602e-07,-3.41778e-06,-0.145851,0,27.5502,1,1010,1010,1010,1010,0,0,0,0,27.554,2,0,0,0,0,0,20,0.10268,0.850944,30,0.136034,0.871174,43,0.10296,0.879519,44,0.104975,0.894705,54,0.121707,0.89683,52,0.119698,0.894679,39,0.101988,0.925319
5260106916767,5260092033000,5260092033000,5260106904415,73729,14.8714,5260120874354,28.8414,0,19980,84539,0,0,1,0,0,0.01198,500,500,430,0.86,2.6285,4.75102,0.679469,0.309595,0.480209,4.38799,0.000745339,0.0080766,-0.0215537,-0.00715771,1,0.674174,-0.0622153,0.0622153,0.674174,1,1,0.0549277,0.672888,0.00728757,0.00128567,0,0,0,0,0,0,0,0,0,0,0,0,0,0,0,0,0,0,0,0,0,0,0,255,0.21,9.04162,0.21,0.0593889,0.556003,1,1,1,1,0,1,1,0.0511535,-3.27479,0.106871,0.160386,-0.0446993,0.000583864,41.8036,20802,1,367,82.6232,5201,0,0.000884653,0.000171949,0.0527572,0,0,0,1,430,0.215,0.000630779,0.00684399,0.00147146,-0.000135618,0.00143517,-0.000349217,0.376696,0.0409451,-0.000806425,0.029932,-0.146743,-0.00398086,0.0055284,-0.0282539,14.2238,1,0,0,0,0,0,-1,1,-9.04602e-07,-3.41778e-06,-0.145851,0,42.0451,1,1010,1010,1010,1010,0,0,0,0,42.0489,31,0.0939949,0.626238,17,0.119511,0.625401,51,0.0495853,0.646362,56,0.0809957,0.67855,56,0.0684826,0.688522,55,0.0544625,0.708773,56,0.0726524,0.691614,56,0.0757528,0.704032,52,0.0779269,0.710392
5260121444043,5260112037000,5260112037000,5260121434914,73729,9.39791,5260136529139,24.4921,1,19981,84540,0,0,1,0,0,0.020004,500,500,340,0.68,2.66389,5.81745,0.949988,0.239058,0.942245,8.58693,0.00182149,0.0160707,0.0310464,-0.00518223,1,0.803373,-0.0910561,0.0910561,0.803373,1,1,0.0856325,0.800485,0.00542355,0.00288815,0,0,0,0,0,0,0,0,0,0,0,0,0,0,0,0,0,0,0,0,0,0,0,255,0.21,3.30008,0.21,0.0767505,0.661163,1,1,1,1,0,1,1,0.0573194,-3.2763,0.106801,0.140623,-0.0383637,-0.00210533,5.52967,20803,1,367,98.2733,5201,0,0.000884653,0.000171949,0.0527572,0,0,0,1,340,0.215,0.00154168,0.0136144,0.0029271,-0.000331462,0.00284559,-0.000756738,0.379542,0.0401884,-0.000697102,0.0302372,-0.147109,-0.00120881,0.012419,-0.0196241,5.35497,2,0,0,0,0,0,-1,1,-9.04602e-07,-3.41778e-06,-0.147124,0,5.74134,1,1010,1010,1010,1010,0,0,0,0,5.74601,17,0.0967885,0.742672,12,0.0735039,0.794645,21,0.0814832,0.795431,52,0.101679,0.803622,36,0.0825279,0.814923,48,0.0808489,0.826108,54,0.104359,0.817576,55,0.0962791,0.818022,45,0.101309,0.809887
5260136980531,5260120051000,5260120051000,5260136972790,73729,16.9218,5260149067178,29.0162,0,19981,84541,0,0,1,0,0,0.008014,500,500,417,0.834,2.63535,4.70242,0.779543,0.277002,0.593399,4.08481,0.00108344,0.00737616,0.0418927,0.0403421,1,0.92041,-0.135193,0.135193,0.92041,1,1,0.131675,0.91634,0.00351796,0.0040696,0,0,0,0,0,0,0,0,0,0,0,0,0,0,0,0,0,0,0,0,0,0,0,255,0.21,8.38545,0.21,0.121296,0.783018,1,1,1,1,1,1,1,0.0573194,-3.2763,0.106801,0.140623,-0.0383637,-0.00210533,18.0966,20803,1,367,110.84,5201,0,0.000884653,0.000171949,0.0527572,0,0,0,1,417,0.215,0.000917823,0.00625034,0.00134382,-0.000197332,0.00129972,-0.000392269,0.380842,0.0397961,-0.000818975,0.0303936,-0.147249,0.00012239,0.0174993,-0.0120039,12.3345,1,0,0,0,0,0,-1,1,-9.04602e-07,-3.41778e-06,-0.147124,0,18.3391,1,1010,1010,1010,1010,0,0,0,0,18.3437,37,0.161928,0.846773,20,0.16577,0.814796,44,0.105683,0.87726,56,0.168041,0.96539,53,0.122296,0.991225,54,0.117067,0.961164,56,0.172342,0.954524,54,0.151349,0.96693,43,0.156899,0.964398
5260149695627,5260140045000,5260140045000,5260149689368,73729,9.64437,5260162859579,22.8146,1,19982,84542,0,0,1,0,0,0.019994,500,500,358,0.716,2.65845,5.22617,0.781099,0.24628,0.856186,7.79521,0.0014401,0.0144205,-0.0230057,0.0229222,1,0.721241,-0.0720264,0.0720264,0.721241,1,1,0.069858,0.718295,0.00216842,0.00294601,0,0,0,0,0,0,0,0,0,0,0,0,0,0,0,0,0,0,0,0,0,0,0,255,0.21,1.11458,0.21,0.0824544,0.88343,1,1,1,1,0,1,1,0.0573194,-3.2763,0.106801,0.140623,-0.0383637,-0.00210533,31.8651,20803,1,367,124.609,5201,0,0.000884653,0.000171949,0.0527572,0,0,0,1,358,0.215,0.00121842,0.0122175,0.00262677,-0.000261961,0.00255864,-0.000644652,0.3834,0.0391514,-0.000773672,0.0304052,-0.14737,-0.00389471,0.0126678,-0.0105751,13.571,1,0,0,0,0,0,-1,1,-9.04602e-07,-3.41778e-06,-0.147124,0,32.0799,1,1010,1010,1010,1010,0,0,0,0,32.0846,15,0.0471171,0.684957,11,0.0829937,0.733657,38,0.0601851,0.72204,49,0.0843982,0.720447,39,0.0602525,0.742774,47,0.0669266,0.740866,56,0.0845905,0.727067,54,0.0783458,0.742336,49,0.0789737,0.727859
5260163380323,5260152036000,5260152036000,5260163369194,73729,11.3332,5260176946444,24.9104,0,19982,84543,0,0,1,0,0,0.011991,500,500,419,0.838,2.61861,4.49955,0.729339,0.275298,0.507172,3.67581,0.000782671,0.00685785,-0.00743846,-0.0383517,1,0.571917,-0.0652715,0.0652715,0.571917,1,1,0.0618885,0.569385,0.00338307,0.00253225,0,0,0,0,0,0,0,0,0,0,0,0,0,0,0,0,0,0,0,0,0,0,0,255,0.21,4.61498,0.21,0.0362593,0.0716729,1,1,1,1,0,1,1,0.0573194,-3.2763,0.106801,0.140623,-0.0383637,-0.00210533,45.9517,20803,1,367,138.695,5201,0,0.000884653,0.000171949,0.0527572,0,0,0,1,419,0.215,0.000662939,0.0058116,0.00124949,-0.000142532,0.00121435,-0.000324738,0.384615,0.0388267,-0.00065067,0.0305973,-0.14767,0.0030182,0.0108887,-0.00922321,13.8367,2,0,0,0,0,0,-1,1,-9.04603e-07,-3.41778e-06,-0.147905,0,0.228316,1,1010,1010,1010,1010,0,0,0,0,0.232131,39,0.0906358,0.541739,9,0.179299,0.504801,50,0.0684595,0.563525,56,0.0794445,0.581485,46,0.0708656,0.582433,55,0.0686289,0.583087,56,0.0773166,0.592392,56,0.0756143,0.593395,52,0.075639,0.600746
5260177471208,5260160063000,5260160063000,5260177462319,73729,17.3993,5260189400131,29.3371,0,19982,84544,0,0,1,0,0,0.008027,500,500,440,0.88,2.63896,4.52279,0.772857,0.288891,0.490639,3.52811,0.000772807,0.00654746,0.00451518,-0.018416,1,0.81568,-0.096276,0.096276,0.81568,1,1,0.0905878,0.814379,0.00568819,0.00130063,0,0,0,0,0,0,0,0,0,0,0,0,0,0,0,0,0,0,0,0,0,0,0,255,0.21,7.53498,0.21,0.0923255,0.677308,1,1,1,1,0,1,1,0.0627295,-3.27771,0.106674,0.121237,-0.0347331,-0.00244893,12.4641,20804,1,367,151.174,5201,0,0.000884653,0.000171949,0.0527572,0,0,0,1,440,0.215,0.000654654,0.00554827,0.00119288,-0.000140751,0.00115857,-0.000314907,0.385773,0.0385118,-0.000612557,0.0305597,-0.147892,0.00528787,0.0055927,-0.0153371,12.2249,1,0,0,0,0,0,-1,1,-9.04603e-07,-3.41778e-06,-0.147905,0,12.7116,1,1010,1010,1010,1010,0,0,0,0,12.7154,43,0.0819155,0.742501,19,0.13569,0.811112,49,0.105323,0.824379,56,0.135433,0.840221,53,0.0785315,0.816288,56,0.0946602,0.807922,56,0.118251,0.845912,56,0.122973,0.850587,52,0.111188,0.835838
5260189986321,5260180047000,5260180047000,5260189980210,73729,9.93321,5260202942641,22.8956,1,19983,84545,0,0,1,0,0,0.019984,500,500,355,0.71,2.65406,5.10243,1.03634,0.240872,1.0191,6.742,0.00188388,0.0127373,0.010332,-0.0630041,1,0.637374,-0.0942696,0.0942696,0.637374,1,1,0.0881461,0.63598,0.00612356,0.00139428,0,0,0,0,0,0,0,0,0,0,0,0,0,0,0,0,0,0,0,0,0,0,0,255,0.21,0.803506,0.21,0.0778317,0.520187,1,1,1,1,1,1,1,0.0627295,-3.27771,0.106674,0.121237,-0.0347331,-0.00244893,25.9839,20804,1,367,164.694,5201,0,0.000884653,0.000171949,0.0527572,0,0,0,1,355,0.215,0.00159495,0.010792,0.00232028,-0.000342914,0.00224317,-0.000681497,0.388016,0.0378303,-0.000597071,0.0306664,-0.148153,0.0017635,0.00599539,-0.0196542,13.3001,1,0,0,0,0,0,-1,1,-9.04603e-07,-3.41778e-06,-0.147905,0,26.2122,1,1010,1010,1010,1010,0,0,0,0,26.216,20,0.116778,0.565458,12,0.130733,0.612577,39,0.104381,0.627665,53,0.113756,0.64449,36,0.0902737,0.641229,47,0.0722457,0.62969,56,0.0907342,0.666572,55,0.099259,0.664798,37,0.0894721,0.633753
5260203536016,5260192034000,5260192034000,5260203523590,73729,11.4896,5260217060785,25.0268,0,19983,84546,0,0,1,0,0,0.011987,500,500,452,0.904,2.61582,4.32757,0.804766,0.302039,0.509872,3.28476,0.00100371,0.00594974,0.0153536,0.011639,1,0.496349,-0.0837329,0.0837329,0.496349,1,1,0.0749017,0.494612,0.00883117,0.00173701,0,0,0,0,0,0,0,0,0,0,0,0,0,0,0,0,0,0,0,0,0,0,0,255,0.21,4.17094,0.21,0.0665048,0.42303,1,1,1,1,0,1,1,0.0627295,-3.27771,0.106674,0.121237,-0.0347331,-0.00244893,40.1009,20804,1,367,178.811,5201,0,0.000884653,0.000171949,0.0527572,0,0,0,1,452,0.215,0.000850435,0.00504188,0.001084,-0.000182843,0.0010444,-0.000341507,0.389061,0.0374888,-0.000516653,0.0306881,-0.148851,0.00263961,0.00746915,-0.0282675,13.8595,2,0,0,0,0,0,-1,1,-9.04603e-07,-3.41778e-06,-0.147905,0,40.346,1,1010,1010,1010,1010,0,0,0,0,40.3498,46,0.120891,0.482953,37,0.144951,0.437842,48,0.0756071,0.511074,56,0.104312,0.518661,51,0.0776875,0.495839,56,0.0656529,0.506669,54,0.0880989,0.526961,56,0.0835513,0.52406,48,0.0583606,0.510391
5260217596641,5260200060000,5260200060000,5260217587011,73729,17.527,5260230283792,30.2238,0,19983,84547,0,0,1,0,0,0.008026,500,500,436,0.872,2.63998,4.91307,0.819321,0.302077,0.479385,3.13112,0.000775084,0.00564746,-0.025248,0.0144908,1,0.703645,-0.0965716,0.0965716,0.703645,1,1,0.0854408,0.701873,0.0111308,0.00177225,0,0,0,0,0,0,0,0,0,0,0,0,0,0,0,0,0,0,0,0,0,0,0,255,0.21,8.10115,0.21,0.0914848,0.598389,1,1,1,1,0,1,1,0.0675415,-3.279,0.106483,0.112499,-0.0317822,-0.00387449,3.29362,20805,1,367,192.03,5201,0,0.000884653,0.000171949,0.0527572,0,0,0,1,436,0.215,0.000656637,0.00478595,0.00102898,-0.000141177,0.000995967,-0.000292886,0.390057,0.0371959,-0.000460133,0.0307728,-0.149597,0.00368904,0.00762068,-0.0353388,3.08688,2,0,0,0,0,0,-1,1,-9.04603e-07,-3.41778e-06,-0.149607,0,3.53421,1,1010,1010,1010,1010,0,0,0,0,3.53853,48,0.153763,0.635493,32,0.0857924,0.597304,49,0.0955121,0.732971,56,0.144827,0.722387,51,0.0877185,0.702606,53,0.0759343,0.74157,55,0.117906,0.738622,56,0.103277,0.75567,36,0.119832,0.750577
5260230832629,5260220047000,5260220047000,5260230825833,73729,10.7788,5260243786635,23.7396,1,19984,84548,0,0,1,0,0,0.019987,500,500,361,0.722,2.63704,5.05932,0.911489,0.271094,1.0058,6.26526,0.00209233,0.0117594,0.0481218,-0.0576823,1,0.588352,-0.104684,0.104684,0.588352,1,1,0.0936254,0.586691,0.0110589,0.00166139,0,0,0,0,0,0,0,0,0,0,0,0,0,0,0,0,0,0,0,0,0,0,0,255,0.21,1.0519,0.21,0.0821436,0.484607,1,1,1,1,0,1,1,0.0675415,-3.279,0.106483,0.112499,-0.0317822,-0.00387449,16.7996,20805,1,367,13.4855,5202,0,0.000884653,0.000351146,0.0506328,0,0,0,1,361,0.215,0.00177171,0.00996288,0.00214202,-0.000380918,0.00206033,-0.000695758,0.392117,0.0365001,-0.000460133,0.0307728,-0.149597,0.00278243,0.00714397,-0.0358167,16.613,0,0,0,0,0,0,-1,1,-9.04603e-07,-3.41778e-06,-0.149607,0,17.0346,1,1010,1010,1010,1010,0,0,0,0,17.0389,18,0.208441,0.523869,19,0.122832,0.545169,38,0.0971597,0.578029,52,0.108534,0.603356,32,0.0990765,0.569146,51,0.0795638,0.586912,54,0.0967609,0.625677,55,0.104906,0.621056,42,0.105453,0.601839
5260244323620,5260232028000,5260232028000,5260244313787,73729,12.2858,5260258577284,26.5493,0,19984,84549,0,0,1,0,0,0.011981,500,500,444,0.888,2.60763,4.58344,0.725635,0.288058,0.451515,3.06441,0.000654267,0.00560339,-0.0234393,0.00156856,1,0.467689,-0.0546087,0.0546087,0.467689,1,1,0.0457246,0.46582,0.00888413,0.00186949,0,0,0,0,0,0,0,0,0,0,0,0,0,0,0,0,0,0,0,0,0,0,0,255,0.21,4.34992,0.21,0.0565288,0.391887,1,1,1,1,1,1,1,0.0675415,-3.279,0.106483,0.112499,-0.0317822,-0.00387449,31.5896,20805,1,367,28.2754,5202,0,0.000884653,0.000351146,0.0506328,0,0,0,1,444,0.215,0.000554039,0.00474866,0.00102096,-0.000119118,0.00099118,-0.000270403,0.393108,0.0362297,-0.000395682,0.0309669,-0.150126,0.00130636,0.00803879,-0.0295163,14.5385,2,0,0,0,0,0,-1,1,-9.04603e-07,-3.41778e-06,-0.149607,0,31.8319,1,1010,1010,1010,1010,0,0,0,0,31.8363,48,0.0519937,0.455939,14,0.0960528,0.463453,53,0.03938,0.47553,56,0.0923188,0.472415,54,0.0747198,0.447348,56,0.0448433,0.495514,55,0.0697337,0.479954,56,0.0634319,0.491518,52,0.061639,0.494973
5260259165584,5260252033000,5260252033000,5260259159936,73729,7.12694,5260271810569,19.7776,1,19985,84550,0,0,1,0,0,0.020005,500,500,387,0.774,2.63193,4.96743,0.678542,0.259132,0.879486,6.26437,0.00150323,0.0117752,0.00284831,-0.0389014,1,0.588615,-0.0751425,0.0751425,0.588615,1,1,0.0705714,0.585773,0.00457114,0.00284225,0,0,0,0,0,0,0,0,0,0,0,0,0,0,0,0,0,0,0,0,0,0,0,255,0.21,8.49921,0.21,0.0701664,0.485748,1,1,1,1,0,1,1,0.0675415,-3.279,0.106483,0.112499,-0.0317822,-0.00387449,44.8249,20805,1,367,41.5108,5202,0,0.000884653,0.000351146,0.0506328,0,0,0,1,387,0.215,0.00127309,0.00997776,0.00214522,-0.000273713,0.00207907,-0.000591559,0.395187,0.0356382,-0.000385571,0.0310418,-0.150239,0.00163671,0.0122217,-0.0144154,13.0245,1,0,0,0,0,0,-1,1,-9.04603e-07,-3.41778e-06,-0.149607,0,45.0698,1,1010,1010,1010,1010,0,0,0,0,0.178094,34,0.0822426,0.558119,15,0.0894643,0.582378,33,0.0475322,0.577875,52,0.0939569,0.578871,43,0.0832577,0.588882,50,0.0674423,0.605354,56,0.0812977,0.607733,54,0.0906887,0.614088,50,0.0800931,0.596455
5260272357703,5260260060000,5260260060000,5260272348536,73729,12.2885,5260284333071,24.2731,0,19985,84551,0,0,1,0,0,0.008027,500,500,472,0.944,2.65052,4.42192,0.767061,0.305132,0.442924,3.05743,0.000685628,0.00544008,-0.037883,0.0340016,1,0.677723,-0.0854152,0.0854152,0.677723,1,1,0.0839047,0.675133,0.0015105,0.00259031,0,0,0,0,0,0,0,0,0,0,0,0,0,0,0,0,0,0,0,0,0,0,0,255,0.21,1.95009,0.21,0.0810005,0.575756,1,1,1,1,0,1,1,0.0723831,-3.28036,0.106207,0.109516,-0.0312577,-0.00676384,2.57385,20806,1,367,54.0272,5202,0,0.000884653,0.000351146,0.0506328,0,0,0,1,472,0.215,0.000580772,0.00461052,0.000991261,-0.000124866,0.000960863,-0.000271975,0.396148,0.0353662,-0.000339925,0.0313422,-0.15047,0.00142108,0.0111383,-0.00405924,2.30335,3,0,0,0,0,0,-1,1,-9.04603e-07,-3.41778e-06,-0.1504,0,2.82465,1,1010,1010,1010,1010,0,0,0,0,12.7011,46,0.0674369,0.675742,49,0.112869,0.60506,55,0.0510161,0.68703,56,0.144673,0.689729,47,0.0810976,0.652272,56,0.081301,0.734559,56,0.1142,0.714778,56,0.105467,0.722858,51,0.0878248,0.732852
5260284875612,5260272038000,5260272038000,5260284866575,73729,12.8286,5260298124249,26.0862,0,19985,84552,0,0,1,0,0,0.011978,500,500,458,0.916,2.62802,4.40016,0.717301,0.299706,0.406784,2.97797,0.000709556,0.00537368,-0.00991387,0.0233063,1,0.448629,-0.0592383,0.0592383,0.448629,1,1,0.0582287,0.445992,0.00100956,0.0026374,0,0,0,0,0,0,0,0,0,0,0,0,0,0,0,0,0,0,0,0,0,0,0,255,0.21,4.30485,0.21,0.0504068,0.37409,1,1,1,1,0,1,1,0.0723831,-3.28036,0.106207,0.109516,-0.0312577,-0.00676384,16.3733,20806,1,367,67.8268,5202,0,0.000884653,0.000351146,0.0506328,0,0,0,1,458,0.215,0.000601006,0.00455419,0.000979151,-0.000129216,0.000948243,-0.000274462,0.397096,0.0350917,-0.000339925,0.0313422,-0.15047,0.000535099,0.0113408,-0.00304479,16.1053,0,0,0,0,0,0,-1,1,-9.04603e-07,-3.41778e-06,-0.1504,0,16.6269,1,1010,1010,1010,1010,0,0,0,0,26.5034,49,0.0405257,0.462016,32,0.109668,0.407024,54,0.0271759,0.449248,56,0.0803717,0.445825,48,0.0685384,0.446913,56,0.034443,0.467291,56,0.0740851,0.47501,55,0.06287,0.473675,52,0.0572582,0.478928
5260298678587,5260288055000,5260288055000,5260298670291,73729,10.6153,5260313162826,25.1078,1,19986,84553,0,0,1,0,0,0.016017,500,500,409,0.818,2.64402,4.98937,0.690283,0.297965,0.885513,6.00282,0.00160157,0.0110863,-0.00576392,-0.0131697,1,0.692157,-0.0999921,0.0999921,0.692157,1,1,0.098159,0.689747,0.00183304,0.00241061,0,0,0,0,0,0,0,0,0,0,0,0,0,0,0,0,0,0,0,0,0,0,0,255,0.21,7.286,0.21,0.084379,0.574796,1,1,1,1,1,1,1,0.0723831,-3.28036,0.106207,0.109516,-0.0312577,-0.00676384,31.4061,20806,1,367,82.8596,5202,0,0.000884653,0.000351146,0.0506328,0,0,0,1,409,0.215,0.00135656,0.00939457,0.00201983,-0.000291661,0.00195224,-0.000591213,0.399049,0.0345005,-0.000312366,0.0314058,-0.150582,0.00138579,0.0103656,-0.00519702,14.8181,1,0,0,0,0,0,-1,1,-9.04603e-07,-3.41778e-06,-0.1504,0,31.6445,1,1010,1010,1010,1010,0,0,0,0,41.521,33,0.142399,0.683004,22,0.113338,0.690873,45,0.0683425,0.68017,56,0.12043,0.696012,41,0.0970037,0.698057,55,0.101103,0.714058,56,0.104154,0.724676,53,0.10259,0.721076,48,0.108431,0.729859
5260313705867,5260300040000,5260300040000,5260313693997,73729,13.654,5260326646409,26.6064,0,19986,84554,0,0,1,0,0,0.011985,500,500,460,0.92,2.64913,4.22198,0.710005,0.297336,0.477371,2.82555,0.000817643,0.0050413,0.000200963,0.0133919,1,0.420634,-0.0682222,0.0682222,0.420634,1,1,0.0638832,0.418932,0.004339,0.00170179,0,0,0,0,0,0,0,0,0,0,0,0,0,0,0,0,0,0,0,0,0,0,0,255,0.21,2.70589,0.21,0.0587356,0.351921,1,1,1,1,0,1,1,0.0723831,-3.28036,0.106207,0.109516,-0.0312577,-0.00676384,44.8916,20806,1,367,96.3451,5202,0,0.000884653,0.000351146,0.0506328,0,0,0,1,460,0.215,0.000692545,0.00427244,0.000918574,-0.000148897,0.000885282,-0.000285286,0.399934,0.0342152,-0.000274301,0.031516,-0.15097,0.00308144,0.00731772,-0.012461,13.223,2,0,0,0,0,0,-1,1,-9.04603e-07,-3.41778e-06,-0.151308,0,0.230335,1,1010,1010,1010,1010,0,0,0,0,0.233742,52,0.0901636,0.395022,54,0.10932,0.357323,56,0.0363676,0.415008,55,0.0954468,0.442249,50,0.0641533,0.43131,45,0.0580118,0.454548,55,0.0830952,0.455435,56,0.0798255,0.449671,37,0.0574119,0.460618
5260327191673,5260308068000,5260308068000,5260327181321,73729,19.1133,5260340350680,32.2827,0,19986,84555,0,0,1,0,0,0.008028,500,500,444,0.888,2.6318,4.4612,0.785913,0.335076,0.435349,2.77509,0.000719991,0.00505997,0.0130738,-0.000565612,1,0.630291,-0.089685,0.089685,0.630291,1,1,0.0823098,0.628791,0.0073752,0.00150001,0,0,0,0,0,0,0,0,0,0,0,0,0,0,0,0,0,0,0,0,0,0,0,255,0.21,5.80938,0.21,0.0790447,0.529281,1,1,1,1,0,1,1,0.0767848,-3.28161,0.105825,0.0993901,-0.0278439,-0.00919699,13.6867,20807,1,367,110.067,5202,0,0.000884653,0.000351146,0.0506328,0,0,0,1,444,0.215,0.00060982,0.00428807,0.000921935,-0.000131111,0.000891187,-0.000268503,0.400825,0.0339467,-0.000253085,0.0316034,-0.151302,0.00192717,0.00645006,-0.0238289,13.4512,1,0,0,0,0,0,-1,1,-9.04603e-07,-3.41778e-06,-0.151308,0,13.9365,1,1010,1010,1010,1010,0,0,0,0,13.9399,49,0.109117,0.59228,30,0.130797,0.633113,45,0.0294453,0.628185,56,0.129091,0.64282,47,0.0960198,0.599978,55,0.0945956,0.643276,56,0.0997418,0.6688,56,0.116872,0.674697,50,0.113203,0.679341
5260340942092,5260328057000,5260328057000,5260340934721,73729,12.8777,5260353929060,25.8721,1,19987,84556,0,0,1,0,0,0.019989,500,500,398,0.796,2.6805,4.74716,0.739357,0.264909,0.935852,5.40682,0.00178624,0.0101835,0.0217705,-0.0432197,1,0.509455,-0.0893611,0.0893611,0.509455,1,1,0.078882,0.507615,0.0104791,0.00183967,0,0,0,0,0,0,0,0,0,0,0,0,0,0,0,0,0,0,0,0,0,0,0,255,0.21,-0.521411,0.21,0.0736219,0.417689,1,1,1,1,0,1,1,0.0767848,-3.28161,0.105825,0.0993901,-0.0278439,-0.00919699,27.2462,20807,1,367,123.627,5202,0,0.000884653,0.000351146,0.0506328,0,0,0,1,398,0.215,0.0015131,0.00862894,0.00185522,-0.000325317,0.00178383,-0.000601828,0.402609,0.0333449,-0.000222504,0.0316983,-0.151716,0.00378855,0.00791057,-0.0330171,13.3252,1,0,0,0,0,0,-1,1,-9.04603e-07,-3.41778e-06,-0.151308,0,27.4812,1,1010,1010,1010,1010,0,0,0,0,27.4846,32,0.100595,0.493407,18,0.0981054,0.505938,42,0.0677363,0.496868,54,0.110885,0.505023,43,0.105891,0.497512,53,0.095838,0.503334,56,0.0938304,0.53329,53,0.0889127,0.535946,47,0.0907787,0.533962
5260354453416,5260340036000,5260340036000,5260354444083,73729,14.4081,5260368456911,28.4209,0,19987,84557,0,0,1,0,0,0.011979,500,500,447,0.894,2.66356,4.3567,0.738802,0.287114,0.477692,2.53745,0.00100787,0.00451154,0.0719393,0.0314435,1,0.37662,-0.0841365,0.0841365,0.37662,1,1,0.0696611,0.375334,0.0144754,0.00128681,0,0,0,0,0,0,0,0,0,0,0,0,0,0,0,0,0,0,0,0,0,0,0,255,0.21,2.84806,0.21,0.061711,0.322213,1,1,1,1,1,1,1,0.0767848,-3.28161,0.105825,0.0993901,-0.0278439,-0.00919699,41.7757,20807,1,367,138.156,5202,0,0.000884653,0.000351146,0.0506328,0,0,0,1,447,0.215,0.000853558,0.0038232,0.000821987,-0.000183515,0.000784053,-0.000306466,0.403393,0.0330384,-0.000227571,0.0317903,-0.152852,0.00289315,0.00553328,-0.0474809,14.2737,2,0,0,0,0,0,-1,1,-9.04603e-07,-3.41778e-06,-0.151308,0,42.0193,1,1010,1010,1010,1010,0,0,0,0,42.0227,54,0.0780682,0.354516,46,0.12404,0.32947,50,0.0537228,0.379654,55,0.111939,0.41201,53,0.0750609,0.386485,55,0.0577065,0.40051,56,0.0970073,0.413604,55,0.0924971,0.405441,23,0.0680025,0.40615
5260369053693,5260360042000,5260360042000,5260369046415,73729,9.00441,5260382637388,22.5954,1,19988,84558,0,0,1,0,0,0.020006,500,500,374,0.748,2.67032,5.40643,0.853192,0.250447,0.961823,5.2002,0.00190376,0.0098441,0.0737599,-0.042198,1,0.492057,-0.0951595,0.0951595,0.492057,1,1,0.077791,0.491102,0.0173685,0.000954959,0,0,0,0,0,0,0,0,0,0,0,0,0,0,0,0,0,0,0,0,0,0,0,255,0.21,6.72688,0.21,0.0773378,0.40281,1,1,1,1,0,1,1,0.0806446,-3.28267,0.105323,0.0976515,-0.0274491,-0.0122944,4.71624,20808,1,367,152.333,5202,0,0.000884653,0.000351146,0.0506328,0,0,0,1,374,0.215,0.00161316,0.0083406,0.00179323,-0.00034683,0.00171785,-0.000617821,0.405111,0.0324206,-0.000246033,0.0318768,-0.154098,0.00115746,0.00410632,-0.0588215,4.52883,2,0,0,0,0,0,-1,1,-9.04603e-07,-3.41778e-06,-0.154103,0,4.94046,1,1010,1010,1010,1010,0,0,0,0,4.94469,36,0.0983855,0.468942,17,0.0900949,0.48502,16,0.049944,0.482053,53,0.117516,0.49429,41,0.0954794,0.486668,51,0.0944106,0.491979,56,0.0964686,0.508122,54,0.106288,0.513965,50,0.120654,0.500687
5260383164114,5260368057000,5260368057000,5260383153207,73729,15.0962,5260394890259,26.8333,0,19988,84559,0,0,1,0,0,0.008015,500,500,467,0.934,2.61656,4.15588,0.808561,0.303761,0.475311,2.5433,0.000898057,0.00448031,0.0543974,0.0618136,1,0.558991,-0.112047,0.112047,0.558991,1,1,0.0947283,0.557133,0.0173188,0.00185754,0,0,0,0,0,0,0,0,0,0,0,0,0,0,0,0,0,0,0,0,0,0,0,255,0.21,1.09456,0.21,0.0948654,0.485638,1,1,1,1,0,1,1,0.0806446,-3.28267,0.105323,0.0976515,-0.0274491,-0.0122944,16.9718,20808,1,367,164.589,5202,0,0.000884653,0.000351146,0.0506328,0,0,0,1,467,0.215,0.000761019,0.0037968,0.000816311,-0.000163619,0.000780939,-0.000287381,0.405892,0.0321332,-0.000268862,0.0320251,-0.1547,1.5276e-06,0.00798743,-0.0595753,12.0167,1,0,0,0,0,0,-1,1,-9.04603e-07,-3.41778e-06,-0.154103,0,17.2252,1,1010,1010,1010,1010,0,0,0,0,17.2294,50,0.131327,0.522333,48,0.135295,0.418538,51,0.058565,0.600371,53,0.180489,0.607436,51,0.0994689,0.584536,56,0.0975718,0.611441,51,0.153301,0.600308,55,0.123466,0.613593,52,0.0909419,0.581662
5260395433189,5260380045000,5260380045000,5260395421966,73729,15.377,5260408508010,28.463,0,19988,84560,0,0,1,0,0,0.011988,500,500,426,0.852,2.63239,4.42987,0.832488,0.274465,0.472458,2.65048,0.000930351,0.00461202,0.0673295,0.0563621,1,0.384719,-0.0776069,0.0776069,0.384719,1,1,0.0613183,0.382061,0.0162886,0.00265887,0,0,0,0,0,0,0,0,0,0,0,0,0,0,0,0,0,0,0,0,0,0,0,255,0.21,3.10688,0.21,0.0668999,0.340293,1,1,1,1,0,1,1,0.0806446,-3.28267,0.105323,0.0976515,-0.0274491,-0.0122944,30.5966,20808,1,367,178.214,5202,0,0.000884653,0.000351146,0.0506328,0,0,0,1,426,0.215,0.000788308,0.00390747,0.000840107,-0.000169486,0.00080337,-0.000297279,0.406695,0.031836,-0.000285659,0.0321303,-0.155243,-0.000110494,0.0114331,-0.0561211,13.3804,1,0,0,0,0,0,-1,1,-9.04603e-07,-3.41778e-06,-0.154103,0,30.838,1,1010,1010,1010,1010,0,0,0,0,30.8422,45,0.0658563,0.367825,42,0.112095,0.244035,32,0.0510455,0.421926,55,0.121789,0.4109,53,0.086543,0.419636,55,0.0590536,0.434502,36,0.116738,0.424447,56,0.0841359,0.418928,52,0.0602488,0.400261
5260409047458,5260400041000,5260400041000,5260409041310,73729,9.00031,5260422912674,22.8717,1,19989,84561,0,0,1,0,0,0.019996,500,500,359,0.718,2.65083,4.95717,0.896266,0.247076,0.999664,5.65845,0.00199312,0.0103236,0.0586109,0.0126517,1,0.516281,-0.0996761,0.0996761,0.516281,1,1,0.0856055,0.513954,0.0140706,0.00232714,0,0,0,0,0,0,0,0,0,0,0,0,0,0,0,0,0,0,0,0,0,0,0,255,0.21,6.4821,0.21,0.0858388,0.435994,1,1,1,1,1,1,1,0.0806446,-3.28267,0.105323,0.0976515,-0.0274491,-0.0122944,44.9935,20808,1,367,192.611,5202,0,0.000884653,0.000351146,0.0506328,0,0,0,1,359,0.215,0.00168719,0.00874528,0.00188024,-0.000362746,0.00180028,-0.000649784,0.408495,0.0311862,-0.000326786,0.0322357,-0.155703,-0.00116509,0.0100067,-0.0493348,14.2008,1,0,0,0,0,0,-1,1,-9.04603e-07,-3.41778e-06,-0.154103,0,45.2092,1,1010,1010,1010,1010,0,0,0,0,0.174871,10,0.080984,0.326143,22,0.0935923,0.465709,37,0.0954007,0.521513,42,0.138704,0.525154,41,0.103002,0.540299,50,0.0845013,0.539096,55,0.115875,0.542431,51,0.117249,0.540421,51,0.0948869,0.522424
5260423477012,5260408062000,5260408062000,5260423464530,73729,15.4025,5260435802383,27.7404,0,19989,84562,0,0,1,0,0,0.008021,500,500,464,0.928,2.64176,4.38246,0.814821,0.308595,0.521851,2.83231,0.00104962,0.00506957,0.0815436,0.023776,1,0.632038,-0.13086,0.13086,0.632038,1,1,0.121621,0.629286,0.00923866,0.00275121,0,0,0,0,0,0,0,0,0,0,0,0,0,0,0,0,0,0,0,0,0,0,0,255,0.21,0.798321,0.21,0.10738,0.535437,1,1,1,1,0,1,1,0.0847121,-3.28385,0.104677,0.0990387,-0.0288831,-0.0165388,3.46806,20809,1,367,3.40927,5203,0,0.000884653,0.00068219,0.046366,0,0,0,1,464,0.215,0.000889179,0.00429566,0.000923567,-0.000191173,0.000881967,-0.000332796,0.409377,0.0308534,-0.000348162,0.0326446,-0.156598,-0.000258834,0.0118302,-0.0319881,3.19319,3,0,0,0,0,0,-1,1,-9.04603e-07,-3.41778e-06,-0.156387,0,3.74347,1,1010,1010,1010,1010,0,0,0,0,13.123,39,0.148074,0.609328,40,0.141079,0.578312,53,0.100255,0.644344,56,0.177564,0.666595,56,0.137852,0.657681,56,0.0995477,0.67884,56,0.151476,0.690419,56,0.139697,0.683151,52,0.124557,0.634595
5260436377943,5260428062000,5260428062000,5260436370295,73729,8.30829,5260449608821,21.5468,1,19990,84563,0,0,1,0,0,0.02,500,500,377,0.754,2.61774,5.13417,0.950859,0.255113,1.08353,5.66711,0.00201865,0.010619,0.0313252,-0.0301811,1,0.530949,-0.100933,0.100933,0.530949,1,1,0.0941638,0.528271,0.00676884,0.00267826,0,0,0,0,0,0,0,0,0,0,0,0,0,0,0,0,0,0,0,0,0,0,0,255,0.22,3.56017,0.22,0.0959639,0.59657,1,1,1,1,0,1,1,0.0847121,-3.28385,0.104677,0.0990387,-0.0288831,-0.0165388,17.2969,20809,1,367,17.2384,5203,0,0.000884653,0.00068219,0.046366,0,0,0,1,377,0.225,0.00171026,0.00899624,0.00202415,-0.000384807,0.00193831,-0.000695616,0.411316,0.0301578,-0.000348162,0.0326446,-0.156598,0.00165899,0.0120522,-0.0230406,17.0254,0,0,0,0,0,0,-1,1,-9.04603e-07,-3.41778e-06,-0.156387,0,17.5233,1,1010,1010,1010,1010,0,0,0,0,26.9028,28,0.0815372,0.498788,18,0.0870157,0.532953,30,0.110204,0.527927,52,0.137453,0.526404,40,0.102547,0.536569,53,0.0993719,0.547898,56,0.105187,0.557768,51,0.116374,0.551639,49,0.0845005,0.527795
5260450145288,5260440032000,5260440032000,5260450134065,73729,10.1021,5260463593556,23.5616,0,19990,84564,0,0,1,0,0,0.01197,500,500,434,0.868,2.67363,4.16657,0.723932,0.28265,0.454247,2.61917,0.000840815,0.00454719,0.0411533,0.0484111,1,0.379882,-0.0702435,0.0702435,0.379882,1,1,0.0649361,0.377445,0.00530741,0.00243705,0,0,0,0,0,0,0,0,0,0,0,0,0,0,0,0,0,0,0,0,0,0,0,255,0.21,7.08244,0.21,0.0420489,0.231479,1,1,1,1,0,1,1,0.0847121,-3.28385,0.104677,0.0990387,-0.0288831,-0.0165388,31.2624,20809,1,367,31.2036,5203,0,0.000884653,0.00068219,0.046366,0,0,0,1,434,0.215,0.000712571,0.0038532,0.000828439,-0.000153203,0.000793915,-0.00028062,0.41211,0.0298771,-0.000403829,0.0327613,-0.156798,4.82681e-06,0.0104793,-0.0182536,13.7392,1,0,0,0,0,0,-1,1,-9.04603e-07,-3.41778e-06,-0.156387,0,31.509,1,1010,1010,1010,1010,0,0,0,0,40.8885,55,0.0860201,0.338773,37,0.0646694,0.387201,56,0.0527191,0.399692,53,0.109235,0.411946,56,0.068897,0.394882,53,0.0413507,0.402697,30,0.100525,0.421909,56,0.0868982,0.411121,38,0.0701623,0.397888
5260464165708,5260460043000,5260460043000,5260464159060,73729,4.11606,5260476810730,16.7677,1,19991,84565,0,0,1,0,0,0.020011,500,500,397,0.794,2.60559,4.81168,0.777154,0.26165,0.932037,5.02902,0.00177317,0.00924683,0.0198842,-0.027787,1,0.462087,-0.08861,0.08861,0.462087,1,1,0.0825505,0.459846,0.00605944,0.00224098,0,0,0,0,0,0,0,0,0,0,0,0,0,0,0,0,0,0,0,0,0,0,0,255,0.21,0.884321,0.21,0.0813842,0.296363,1,1,1,1,1,1,1,0.0847121,-3.28385,0.104677,0.0990387,-0.0288831,-0.0165388,44.4769,20809,1,367,44.4183,5203,0,0.000884653,0.00068219,0.046366,0,0,0,1,397,0.215,0.00150196,0.00783484,0.00168449,-0.000322922,0.00161218,-0.000582733,0.413722,0.0292944,-0.000346284,0.0329842,-0.157338,0.00148648,0.0096362,-0.0196553,12.9721,2,0,0,0,0,0,-1,1,-9.04603e-07,-3.41778e-06,-0.157792,0,0.218372,1,1010,1010,1010,1010,0,0,0,0,0.22302,31,0.0940562,0.439843,30,0.0903136,0.446282,43,0.0799232,0.466077,51,0.123522,0.467868,49,0.103583,0.461638,45,0.0786516,0.491329,55,0.0860915,0.495017,55,0.0918537,0.488577,38,0.065265,0.478428
5260477393327,5260468066000,5260468066000,5260477379605,73729,9.3136,5260489194212,21.1282,0,19991,84566,0,0,1,0,0,0.008023,500,500,480,0.96,2.65522,4.38164,0.744172,0.310132,0.431274,2.2962,0.000887418,0.00403928,0.0817872,0.0491095,1,0.503462,-0.110609,0.110609,0.503462,1,1,0.100149,0.50188,0.0104607,0.00158244,0,0,0,0,0,0,0,0,0,0,0,0,0,0,0,0,0,0,0,0,0,0,0,255,0.21,3.96362,0.21,0.0854703,0.432825,1,1,1,2,0,1,1,0.088201,-3.28487,0.103905,0.0828638,-0.0211914,-0.0190423,12.3898,20810,1,367,56.8179,5203,0,0.000884653,0.00068219,0.046366,0,0,0,1,480,0.215,0.000751867,0.00342305,0.000735955,-0.000161651,0.000701018,-0.000275222,0.414423,0.0290192,-0.000332788,0.0330323,-0.157784,0.00442119,0.00680448,-0.0324479,12.1311,1,0,0,0,0,0,-1,1,-9.04603e-07,-3.41778e-06,-0.157792,0,12.6418,1,1010,1010,1010,1010,0,0,0,0,12.6465,51,0.163461,0.493121,41,0.176199,0.391766,56,0.0791622,0.527731,56,0.139919,0.544164,56,0.0968854,0.5366,56,0.0742208,0.527752,56,0.126724,0.559529,56,0.12374,0.534604,52,0.0907862,0.537013
5260489715976,5260480036000,5260480036000,5260489705735,73729,9.66973,5260502565091,22.5291,0,19991,84567,0,0,1,0,0,0.01197,500,500,456,0.912,2.67409,4.16135,0.77458,0.295261,0.430023,2.20065,0.000927495,0.00381098,0.0723496,0.0413868,1,0.318378,-0.077485,0.077485,0.318378,1,1,0.0634288,0.316682,0.0140562,0.00169609,0,0,0,0,0,0,0,0,0,0,0,0,0,0,0,0,0,0,0,0,0,0,0,255,0.21,5.93575,0.21,0.055462,0.275584,1,1,1,1,0,1,1,0.088201,-3.28487,0.103905,0.0828638,-0.0211914,-0.0190423,25.7508,20810,1,367,70.179,5203,0,0.000884653,0.00068219,0.046366,0,0,0,1,456,0.215,0.000785619,0.00322956,0.000694356,-0.000168908,0.000658663,-0.000276219,0.415081,0.028743,-0.000312638,0.0331447,-0.158337,0.00411658,0.00729317,-0.0450601,13.0918,1,0,0,0,0,0,-1,1,-9.04603e-07,-3.41778e-06,-0.157792,0,26.0027,1,1010,1010,1010,1010,0,0,0,0,26.0073,55,0.086777,0.328835,42,0.123439,0.2773,54,0.0488498,0.33331,56,0.095319,0.347948,56,0.0779361,0.328701,52,0.0393005,0.348899,54,0.099248,0.364086,56,0.0813139,0.336774,31,0.0569655,0.334805
5260503128021,5260488070000,5260488070000,5260503117410,73729,15.0474,5260514999741,26.9297,0,19991,84568,0,0,1,0,0,0.008034,500,500,472,0.944,2.62354,4.07764,0.761376,0.305447,0.385544,2.17024,0.000772004,0.00386644,0.100034,0.0472776,1,0.481259,-0.0960921,0.0960921,0.481259,1,1,0.0791635,0.479072,0.0169287,0.00218717,0,0,0,0,0,0,0,0,0,0,0,0,0,0,0,0,0,0,0,0,0,0,0,255,0.21,-0.768636,0.21,0.0729203,0.412679,1,1,1,1,0,1,1,0.088201,-3.28487,0.103905,0.0828638,-0.0211914,-0.0190423,38.1842,20810,1,367,82.6122,5203,0,0.000884653,0.00068219,0.046366,0,0,0,1,472,0.215,0.000654221,0.00327655,0.000704459,-0.000140658,0.000672767,-0.000250762,0.415754,0.0284922,-0.000374909,0.0333787,-0.159599,0.000190283,0.00940481,-0.0580823,12.1605,2,0,0,0,0,0,-1,1,-9.04603e-07,-3.41778e-06,-0.157792,0,38.4365,1,1010,1010,1010,1010,0,0,0,0,38.4411,55,0.112871,0.441251,44,0.0570656,0.448812,56,0.076407,0.490972,56,0.12999,0.513473,56,0.08756,0.491655,56,0.0754729,0.505187,42,0.131551,0.525022,56,0.121601,0.490721,51,0.0854398,0.509669
5260515569430,5260496081000,5260496081000,5260515557745,73729,19.4767,5260528616918,32.5359,0,19991,84569,0,0,1,0,0,0.008011,500,500,452,0.904,2.62402,4.41702,0.702265,0.297168,0.365341,2.1185,0.00083733,0.00367669,0.131396,0.09881,1,0.458955,-0.104523,0.104523,0.458955,1,1,0.0851366,0.456552,0.019386,0.00240315,0,0,0,0,0,0,0,0,0,0,0,0,0,0,0,0,0,0,0,0,0,0,0,255,0.21,1.53744,0.21,0.0711524,0.40337,1,1,1,1,1,1,1,0.088201,-3.28487,0.103905,0.0828638,-0.0211914,-0.0190423,51.7983,20810,1,367,96.2264,5203,0,0.000884653,0.00068219,0.046366,0,0,0,1,452,0.215,0.000709452,0.00311529,0.000669786,-0.000152532,0.000636479,-0.000257439,0.416391,0.0282348,-0.000391573,0.0334653,-0.160323,0.00142135,0.0103336,-0.0655506,13.3661,1,0,0,0,0,0,-1,1,-9.04603e-07,-3.41778e-06,-0.161069,0,0.236483,1,1010,1010,1010,1010,0,0,0,0,0.240113,53,0.12005,0.435226,52,0.0723702,0.401286,19,0.0428626,0.482416,56,0.156692,0.506191,56,0.0937369,0.482671,52,0.0853016,0.484919,56,0.130857,0.49853,56,0.11192,0.480751,52,0.0871631,0.472675
5260529212033,5260516065000,5260516065000,5260529203293,73729,13.1383,5260543770051,27.7051,1,19992,84570,0,0,1,0,0,0.019984,500,500,452,0.904,2.64446,4.55198,0.74682,0.293484,0.726379,4.04868,0.00157243,0.00756647,0.0694382,-0.0173475,1,0.378626,-0.0786844,0.0786844,0.378626,1,1,0.059209,0.377222,0.0194755,0.00140422,0,0,0,0,0,0,0,0,0,0,0,0,0,0,0,0,0,0,0,0,0,0,0,255,0.21,5.01204,0.21,0.0651244,0.309085,1,1,1,1,0,1,1,0.0907793,-3.28545,0.10301,0.0698853,-0.0164126,-0.0208514,15.141,20811,1,367,111.382,5203,0,0.000884653,0.00068219,0.046366,0,0,0,1,452,0.215,0.00133248,0.00641177,0.00137853,-0.000286483,0.00131399,-0.000503718,0.417705,0.0277311,-0.000462759,0.0335371,-0.161059,-0.00193842,0.00603812,-0.0685464,14.9251,1,0,0,0,0,0,-1,1,-9.04603e-07,-3.41778e-06,-0.161069,0,15.4021,1,1010,1010,1010,1010,0,0,0,0,15.4057,38,0.0810879,0.381329,31,0.0355505,0.372771,51,0.0750707,0.376396,56,0.102965,0.37949,56,0.072564,0.369365,56,0.0713167,0.38879,56,0.0826977,0.396336,56,0.081427,0.392892,52,0.0822695,0.395616
5260544331796,5260536082000,5260536082000,5260544324537,73729,8.24254,5260558027140,21.9451,1,19993,84571,0,0,1,0,0,0.020017,500,500,359,0.718,2.6138,4.5285,0.766802,0.254465,0.662231,3.64719,0.00161296,0.0068488,0.0981535,-6.08902e-05,1,0.342149,-0.0805797,0.0805797,0.342149,1,1,0.0628081,0.340629,0.0177716,0.00151994,0,0,0,0,0,0,0,0,0,0,0,0,0,0,0,0,0,0,0,0,0,0,0,255,0.21,-0.170353,0.21,0.0633249,0.282771,1,1,1,1,0,1,1,0.0907793,-3.28545,0.10301,0.0698853,-0.0164126,-0.0208514,29.3972,20811,1,367,125.638,5203,0,0.000884653,0.00068219,0.046366,0,0,0,1,359,0.215,0.0013659,0.00580365,0.00124778,-0.000293668,0.00118326,-0.000491266,0.418888,0.0272398,-0.000542071,0.0336705,-0.162252,-0.00338181,0.00653574,-0.0638397,14.0239,2,0,0,0,0,0,-1,1,-9.04603e-07,-3.41778e-06,-0.161069,0,29.6272,1,1010,1010,1010,1010,0,0,0,0,29.6308,40,0.0707039,0.329462,16,0.172155,0.313587,46,0.0736394,0.335924,56,0.0957987,0.365622,55,0.0701278,0.338075,47,0.0518327,0.341736,56,0.080502,0.366762,40,0.0790521,0.359618,3,0.0213623,0.315121
5260558556922,5260548047000,5260548047000,5260558544922,73729,10.4979,5260572802382,24.7554,0,19993,84572,0,0,1,0,0,0.011965,500,500,494,0.988,2.64363,5.21458,0.814617,0.31328,0.378967,1.64042,0.000806098,0.00290592,0.0460209,0.035897,1,0.242868,-0.0673714,0.0673714,0.242868,1,1,0.0526608,0.241509,0.0147106,0.00135904,0,0,0,0,0,0,0,0,0,0,0,0,0,0,0,0,0,0,0,0,0,0,0,255,0.21,3.92012,0.21,0.0617997,0.209125,1,1,1,1,0,1,1,0.0907793,-3.28545,0.10301,0.0698853,-0.0164126,-0.0208514,44.1705,20811,1,367,140.411,5203,0,0.000884653,0.00068219,0.046366,0,0,0,1,494,0.215,0.000683065,0.00246261,0.000529461,-0.000146859,0.000498383,-0.000230637,0.419386,0.0270092,-0.000556346,0.0337944,-0.162705,0.000501178,0.00584385,-0.0502034,14.5335,1,0,0,0,0,0,-1,1,-9.04603e-07,-3.41778e-06,-0.161069,0,44.4299,1,1010,1010,1010,1010,0,0,0,0,0.213872,54,0.0720828,0.248349,52,0.109276,0.166383,56,0.0430732,0.255892,56,0.0831845,0.263617,56,0.0627681,0.257725,56,0.0580803,0.26545,56,0.0777729,0.259889,56,0.0701147,0.262229,52,0.0531284,0.252806
5260573371664,5260556080000,5260556080000,5260573359238,73729,17.2792,5260585365865,29.2859,0,19993,84573,0,0,1,0,0,0.008033,500,500,467,0.934,2.64919,4.13998,0.825136,0.317373,0.284454,1.67078,0.000631962,0.00306325,0.0842565,0.00269142,1,0.381333,-0.0786708,0.0786708,0.381333,1,1,0.0679297,0.379628,0.0107411,0.00170435,0,0,0,0,0,0,0,0,0,0,0,0,0,0,0,0,0,0,0,0,0,0,0,255,0.21,8.57112,0.21,0.0659782,0.322372,1,1,1,1,1,1,1,0.0907793,-3.28545,0.10301,0.0698853,-0.0164126,-0.0208514,56.7345,20811,1,367,152.976,5203,0,0.000884653,0.00068219,0.046366,0,0,0,1,467,0.215,0.000535449,0.00259574,0.000558084,-0.000115121,0.000531692,-0.000204107,0.419918,0.026805,-0.000558868,0.033838,-0.162996,-0.00010105,0.0073287,-0.0370301,12.3326,1,0,0,0,0,0,-1,1,-9.04603e-07,-3.41778e-06,-0.163131,0,0.244261,1,1010,1010,1010,1010,0,0,0,0,12.7759,53,0.0773936,0.372967,33,0.0470359,0.337508,49,0.0668577,0.380257,56,0.0800778,0.412181,56,0.0703546,0.383809,56,0.0736318,0.395618,56,0.0936146,0.409783,56,0.0868937,0.384441,52,0.0747085,0.386147
5260585978352,5260576073000,5260576073000,5260585972000,73729,9.899,5260599132432,23.0594,1,19994,84574,0,0,1,0,0,0.019993,500,500,457,0.914,2.65059,4.6,0.744654,0.293984,0.568665,3.06519,0.00113814,0.00567458,0.0254787,-0.00588007,1,0.283828,-0.0569269,0.0569269,0.283828,1,1,0.0521135,0.282666,0.00481339,0.00116194,0,0,0,0,0,0,0,0,0,0,0,0,0,0,0,0,0,0,0,0,0,0,0,255,0.21,0.874174,0.21,0.0504685,0.235619,1,1,1,1,0,1,1,0.0927017,-3.28593,0.101969,0.05627,-0.0121787,-0.0250952,13.7652,20812,1,367,166.753,5203,0,0.000884653,0.00068219,0.046366,0,0,0,1,457,0.215,0.000964419,0.0048087,0.00103387,-0.00020735,0.000985878,-0.000372425,0.420904,0.0264326,-0.000526194,0.0339565,-0.163146,0.00364648,0.00499636,-0.0136409,13.5038,2,0,0,0,0,0,-1,1,-9.04603e-07,-3.41778e-06,-0.163131,0,14.0127,1,1010,1010,1010,1010,0,0,0,0,26.5444,46,0.0678494,0.280379,28,0.0613924,0.282452,51,0.0478645,0.286159,56,0.0689817,0.291708,56,0.0584847,0.283347,56,0.043665,0.291179,56,0.0608743,0.303283,56,0.0548901,0.294475,52,0.0582553,0.288913
5260599695511,5260588046000,5260588046000,5260599684714,73729,11.6387,5260613578894,25.5329,0,19994,84575,0,0,1,0,0,0.011973,500,500,483,0.966,2.62835,4.04644,0.696838,0.336855,0.19043,1.38376,0.000376317,0.00248919,0.00800903,0.0142682,1,0.2079,-0.0314305,0.0314305,0.2079,1,1,0.0323391,0.207467,-0.000908615,0.000432894,0,0,0,0,0,0,0,0,0,0,0,0,0,0,0,0,0,0,0,0,0,0,0,255,0.21,4.44307,0.21,0.0236092,0.176143,1,1,1,1,0,1,1,0.0927017,-3.28593,0.101969,0.05627,-0.0121787,-0.0250952,28.2013,20812,1,367,181.189,5203,0,0.000884653,0.00068219,0.046366,0,0,0,1,483,0.215,0.000318831,0.00210947,0.000453536,-6.85486e-05,0.000436127,-0.000141246,0.42134,0.0262914,-0.000548538,0.0339822,-0.163111,-0.000527467,0.00186144,0.00270366,14.1895,1,0,0,0,0,0,-1,1,-9.04603e-07,-3.41778e-06,-0.163131,0,28.4705,1,1010,1010,1010,1010,0,0,0,0,41.0022,55,0.0223004,0.201672,40,0.0936591,0.18161,56,0.0186547,0.211949,56,0.0511395,0.221428,56,0.0217895,0.21083,56,0.0301807,0.22251,56,0.036487,0.221824,56,0.0331006,0.216256,52,0.0117377,0.216748
5260614145268,5260596072000,5260596072000,5260614134583,73729,18.0626,5260625903190,29.8312,0,19994,84576,0,0,1,0,0,0.008026,500,500,458,0.916,2.62176,4.00379,0.717376,0.300872,0.145638,1.40726,0.000272845,0.00245408,0.0212152,0.0368531,1,0.305766,-0.0339952,0.0339952,0.305766,1,1,0.0373828,0.303468,-0.00338765,0.0022977,0,0,0,0,0,0,0,0,0,0,0,0,0,0,0,0,0,0,0,0,0,0,0,255,0.21,8.03334,0.21,0.0251065,0.265601,1,1,1,1,0,1,1,0.0927017,-3.28593,0.101969,0.05627,-0.0121787,-0.0250952,40.5271,20812,1,367,193.515,5203,0,0.000884653,0.00068219,0.046366,0,0,0,1,458,0.215,0.000231114,0.00207953,0.0004471,-4.96896e-05,0.000432857,-0.000121527,0.421773,0.0261698,-0.000653993,0.0342598,-0.162961,-0.00330124,0.00988011,0.00901254,12.0626,2,0,0,0,0,0,-1,1,-9.04603e-07,-3.41778e-06,-0.162897,0,0.212224,1,1010,1010,1010,1010,0,0,0,0,0.215668,55,0.0514439,0.286147,54,0.00756629,0.247313,24,0.0163572,0.311468,56,0.0563429,0.339829,56,0.0342707,0.323742,50,0.00905809,0.326319,56,0.0499342,0.341682,56,0.0445393,0.321964,51,0.0473666,0.320994
5260626456565,5260616070000,5260616070000,5260626450287,73729,10.3803,5260639053068,22.9831,1,19995,84577,0,0,1,0,0,0.019998,500,500,473,0.946,2.65348,4.42164,0.75771,0.306873,0.261841,2.55176,0.000493936,0.0045481,-0.00170581,0.023109,1,0.227428,-0.0246993,0.0246993,0.227428,1,1,0.0301192,0.225658,-0.00541988,0.00177005,0,0,0,0,0,0,0,0,0,0,0,0,0,0,0,0,0,0,0,0,0,0,0,255,0.21,0.753932,0.21,0.0212932,0.193905,1,1,1,1,1,1,1,0.0941099,-3.28629,0.100816,0.0378209,-0.00801562,-0.0270876,13.1168,20813,1,367,206.669,5203,0,0.000884653,0.00068219,0.046366,0,0,0,1,473,0.215,0.000418236,0.00385413,0.000828638,-8.99207e-05,0.000802611,-0.000223023,0.422576,0.0259468,-0.00081683,0.0343085,-0.162878,-0.00924798,0.00761123,0.011246,11.5188,1,0,0,0,0,0,-1,1,-9.04603e-07,-3.41778e-06,-0.162897,0,13.3799,1,1010,1010,1010,1010,0,0,0,0,13.3833,49,0.0228707,0.224375,36,0.0401179,0.154313,56,0.00922295,0.235711,56,0.0405344,0.241083,56,0.0203934,0.23453,56,0.0147496,0.242129,56,0.0368013,0.241701,56,0.0220511,0.232404,52,0.0240201,0.233479
5260639691795,5260628060000,5260628060000,5260639678683,73729,11.6187,5260653560344,25.5003,0,19995,84578,0,0,1,0,0,0.01199,500,500,493,0.986,2.6307,4.04821,0.707172,0.314261,0.0795135,0.964279,0.000155472,0.00165835,-0.00371761,0.0329527,1,0.138311,-0.0129668,0.0129668,0.138311,1,1,0.0178725,0.136923,-0.00490571,0.00138759,0,0,0,0,0,0,0,0,0,0,0,0,0,0,0,0,0,0,0,0,0,0,0,255,0.21,3.8432,0.21,0.0132562,0.114185,1,1,1,1,0,1,1,0.0941099,-3.28629,0.100816,0.0378209,-0.00801562,-0.0270876,27.6185,20813,1,367,14.4595,5204,0,0.000884653,0.00171789,0.0386688,0,0,0,1,493,0.215,0.000131563,0.00140537,0.000302155,-2.8286e-05,0.000293398,-7.68659e-05,0.422869,0.02587,-0.000845693,0.0344068,-0.16283,-0.00920238,0.00596662,0.00951374,14.2288,1,0,0,0,0,0,-1,1,-9.04603e-07,-3.41778e-06,-0.162897,0,27.8836,1,1010,1010,1010,1010,0,0,0,0,27.8871,54,0.00199057,0.13471,52,0.0448718,0.0709891,56,-0.00221733,0.147394,56,0.0254797,0.154249,56,0.00572867,0.147132,56,-0.0074136,0.146088,56,0.0244747,0.155254,56,0.0218106,0.14144,51,0.00773929,0.150189
5260654128885,5260636082000,5260636082000,5260654117496,73729,18.0355,5260667283762,31.2018,0,19995,84579,0,0,1,0,0,0.008022,500,500,464,0.928,2.63493,3.8079,0.686543,0.300891,0.185593,0.718262,0.000355346,0.00126753,-5.46242e-05,0.0161699,1,0.158006,-0.0442965,0.0442965,0.158006,1,1,0.0455439,0.157102,-0.00124742,0.000904264,0,0,0,0,0,0,0,0,0,0,0,0,0,0,0,0,0,0,0,0,0,0,0,255,0.21,7.96945,0.21,0.0445933,0.129815,1,1,1,1,0,1,1,0.0941099,-3.28629,0.100816,0.0378209,-0.00801562,-0.0270876,41.3404,20813,1,367,28.1814,5204,0,0.000884653,0.00171789,0.0386688,0,0,0,1,464,0.215,0.000301114,0.00107429,0.000230972,-6.47394e-05,0.00021728,-0.000101323,0.423086,0.0257686,-0.00089512,0.0343865,-0.162915,-0.0017677,0.00388834,0.00287698,13.4595,2,0,0,0,0,0,-1,1,-9.04603e-07,-3.41778e-06,-0.162897,0,41.5909,1,1010,1010,1010,1010,0,0,0,0,41.5944,56,0.0463471,0.164962,54,0.0772691,0.117334,56,0.0257217,0.158464,56,0.0416617,0.176602,56,0.0423167,0.16628,53,0.0426393,0.175807,53,0.0472347,0.169772,56,0.0374846,0.167279,24,0.0406092,0.153541
5260667790340,5260656068000,5260656068000,5260667785174,73729,11.7172,5260681375758,25.3078,1,19996,84580,0,0,1,0,0,0.019986,500,500,498,0.996,2.61509,4.26375,0.752524,0.323151,0.168228,0.24025,0.000339047,0.000386045,0.00491163,0.0103875,1,0.0193158,-0.0169642,0.0169642,0.0193158,1,1,0.0137161,0.0216407,0.00324818,-0.00232489,0,0,0,0,0,0,0,0,0,0,0,0,0,0,0,0,0,0,0,0,0,0,0,255,0.21,1.47833,0.21,0.0199867,0.0115908,1,1,1,1,0,1,1,0.0937765,-3.28629,0.0995357,-0.00610375,0.00696367,-0.0330587,3.25362,20814,1,367,42.2658,5204,0,0.000884653,0.00171789,0.0386688,0,0,0,1,498,0.215,0.000287457,0.000327214,7.0351e-05,-6.18034e-05,5.93315e-05,-7.24097e-05,0.423146,0.0256962,-0.000837352,0.0341522,-0.163261,6.68642e-05,-0.00999703,-0.0111203,3.03284,2,0,0,0,0,0,-1,1,-9.04603e-07,-3.41778e-06,-0.163279,0,3.52566,1,1010,1010,1010,1010,0,0,0,0,3.52956,56,0.0244259,0.0219195,55,0.00751117,0.00549453,56,0.0122793,0.0241697,56,0.0209418,0.0215227,56,0.0187375,0.020404,56,0.0135027,0.0244633,56,0.0197188,0.0235693,56,0.0148909,0.0234607,51,0.016774,0.0176433
5260681934947,5260668044000,5260668044000,5260681923744,73729,13.8797,5260695742700,27.6987,0,19996,84581,0,0,1,0,0,0.011976,500,500,498,0.996,2.65724,3.7499,0.654505,0.312762,0.0390472,-0.352036,2.36314e-05,-0.000611588,-0.0105792,-0.00552467,1,-0.0510678,-0.00197323,0.00197323,-0.0510678,1,1,-0.00578676,-0.0487354,0.00775999,-0.00233236,0,0,0,0,0,0,0,0,0,0,0,0,0,0,0,0,0,0,0,0,0,0,0,255,0.21,5.40562,0.21,0.00597724,-0.04608,1,1,1,1,1,1,1,0.0937765,-3.28629,0.0995357,-0.00610375,0.00696367,-0.0330587,17.6309,20814,1,367,56.6431,5204,0,0.000884653,0.00171789,0.0386688,0,0,0,1,498,0.215,2.02292e-05,-0.000518377,-0.000111451,-4.34928e-06,-0.000110609,1.3838e-05,0.423035,0.0257101,-0.000717923,0.0340764,-0.163488,0.00987173,-0.0100292,-0.018797,12.7193,1,0,0,0,0,0,-1,1,-9.04603e-07,-3.41778e-06,-0.163279,0,17.9086,1,1010,1010,1010,1010,0,0,0,0,17.9125,55,-0.00265291,-0.0512561,55,-0.00136361,-0.025828,56,0.0181847,-0.0549186,56,-0.00354749,-0.0603679,56,0.00756179,-0.0529761,56,0.00935566,-0.0514828,56,0.00104877,-0.0589139,56,0.00819118,-0.0622936,52,0.00123314,-0.0496616
5260696388057,5260688060000,5260688060000,5260696380649,73729,8.32065,5260709951363,21.8914,1,19997,84582,0,0,1,0,0,0.020016,500,500,498,0.996,2.62767,4.34848,0.748358,0.318539,0.0615387,-1.14151,6.96666e-05,-0.00200375,0.013494,-0.0188495,1,-0.100107,-0.00348055,0.00348055,-0.100107,1,1,-0.00573245,-0.0983651,0.009213,-0.00174223,0,0,0,0,0,0,0,0,0,0,0,0,0,0,0,0,0,0,0,0,0,0,0,255,0.21,-0.377521,0.21,0.00534309,-0.0795683,1,1,1,1,0,1,1,0.0937765,-3.28629,0.0995357,-0.00610375,0.00696367,-0.0330587,31.8536,20814,1,367,70.8658,5204,0,0.000884653,0.00171789,0.0386688,0,0,0,1,498,0.215,5.94621e-05,-0.00169818,-0.00036511,-1.27844e-05,-0.000362103,4.68638e-05,0.422673,0.0257569,-0.000613246,0.0339765,-0.163727,0.0134345,-0.00749158,-0.0209451,13.9334,1,0,0,0,0,0,-1,1,-9.04603e-07,-3.41778e-06,-0.163279,0,32.1208,1,1010,1010,1010,1010,0,0,0,0,32.1247,56,0.000363187,-0.103606,54,-0.0418931,-0.0536652,56,0.0211357,-0.104885,56,0.00338494,-0.11386,56,0.00994676,-0.10323,56,0.0182964,-0.106891,56,0.00422507,-0.112808,56,0.00419014,-0.108075,52,0.00288013,-0.0993998
5260710506886,5260696060000,5260696060000,5260710496552,73729,14.4366,5260723111166,27.0512,0,19997,84583,0,0,1,0,0,0.008,500,500,494,0.988,2.67341,4.14309,0.793672,0.375391,-0.121361,-0.583267,-0.000189848,-0.00100464,0.0230972,-0.0134384,1,-0.12558,0.0237309,-0.0237309,-0.12558,1,1,-0.0316559,-0.123042,0.00792497,-0.00253866,0,0,0,0,0,0,0,0,0,0,0,0,0,0,0,0,0,0,0,0,0,0,0,255,0.21,3.57269,0.21,-0.0322671,-0.101829,1,1,1,1,0,1,1,0.0937765,-3.28629,0.0995357,-0.00610375,0.00696367,-0.0330587,44.9965,20814,1,367,84.0087,5204,0,0.000884653,0.00171789,0.0386688,0,0,0,1,494,0.215,-0.000160911,-0.000851395,-0.00018305,3.45958e-05,-0.000174846,6.39917e-05,0.422498,0.0258209,-0.000607222,0.0338346,-0.16395,0.0075444,-0.0109162,-0.0212264,12.8914,1,0,0,0,0,0,-1,1,-9.04603e-07,-3.41778e-06,-0.163279,0,45.2626,1,1010,1010,1010,1010,0,0,0,0,0.211669,56,-0.0322076,-0.110559,56,-0.0106825,-0.058568,56,-0.0154696,-0.134085,56,-0.0443246,-0.141395,56,-0.0333473,-0.137847,55,-0.0112,-0.144767,56,-0.0357738,-0.144312,56,-0.0282301,-0.126411,47,-0.0193654,-0.137091
5260723685448,5260708044000,5260708044000,5260723673837,73729,15.6298,5260736477082,28.4331,0,19997,84584,0,0,1,0,0,0.011984,500,500,499,0.998,2.63878,3.86781,0.694006,0.351151,-0.205002,-0.450592,-0.000401355,-0.000801271,0.00562623,-0.00382744,1,-0.0668617,0.0334909,-0.0334909,-0.0668617,1,1,-0.0369772,-0.066324,0.00348632,-0.000537716,0,0,0,0,0,0,0,0,0,0,0,0,0,0,0,0,0,0,0,0,0,0,0,255,0.21,5.5408,0.21,-0.0372363,-0.0501169,1,1,1,1,0,1,1,0.0926691,-3.28571,0.0980127,0.00772634,0.00973645,-0.0347034,3.50849,20815,1,367,97.3718,5204,0,0.000884653,0.00171789,0.0386688,0,0,0,1,499,0.215,-0.000340308,-0.000679184,-0.000146025,7.31662e-05,-0.000132023,9.60331e-05,0.422366,0.025917,-0.0006864,0.0338402,-0.164161,0.00102769,-0.00231218,-0.0111708,3.23782,3,0,0,0,0,0,-1,1,-9.04604e-07,-3.41778e-06,-0.164224,0,3.76927,1,1010,1010,1010,1010,0,0,0,0,13.57,56,-0.0377304,-0.0695797,55,-0.051359,-0.0252648,56,-0.0292443,-0.0684128,56,-0.0301001,-0.0766662,56,-0.0301269,-0.0696591,56,-0.0304042,-0.0716565,56,-0.0281723,-0.0776568,56,-0.0284773,-0.0728006,52,-0.0294474,-0.0606899
5260737046216,5260724113000,5260724113000,5260737039086,73729,12.9261,5260750326724,26.2137,1,19998,84585,0,0,1,0,0,0.016069,500,500,499,0.998,2.64465,4.1227,0.656819,0.316762,-0.361389,-0.27774,-0.000640866,-0.000471219,0.00636843,-0.00929893,1,-0.0293247,0.0398821,-0.0398821,-0.0293247,1,1,-0.0392446,-0.0292326,-0.000637538,-9.21355e-05,0,0,0,0,0,0,0,0,0,0,0,0,0,0,0,0,0,0,0,0,0,0,0,255,0.21,-0.30841,0.21,-0.0402348,-0.0165377,1,1,1,1,1,1,1,0.0926691,-3.28571,0.0980127,0.00772634,0.00973645,-0.0347034,17.377,20815,1,367,111.24,5204,0,0.000884653,0.00171789,0.0386688,0,0,0,1,499,0.215,-0.000543533,-0.00039932,-8.58538e-05,0.00011686,-6.5556e-05,0.000129312,0.4223,0.0260463,-0.0006864,0.0338402,-0.164161,-0.00502461,-0.000396183,-0.00182656,17.0853,0,0,0,0,0,0,-1,1,-9.04604e-07,-3.41778e-06,-0.164224,0,17.6478,1,1010,1010,1010,1010,0,0,0,0,27.4486,56,-0.0338703,-0.0272574,55,-0.0240599,-0.022204,56,-0.0426391,-0.0271999,56,-0.0486224,-0.0312139,56,-0.0417878,-0.0305557,56,-0.0436707,-0.035533,56,-0.0474581,-0.0325842,56,-0.0440125,-0.0320262,52,-0.0305833,-0.0272463
5260750953339,5260736063000,5260736063000,5260750940710,73729,14.8777,5260764144736,28.0817,0,19998,84586,0,0,1,0,0,0.01195,500,500,500,1,2.64682,3.68025,0.775432,0.320225,-0.201096,0.0885239,-0.00035805,0.000119061,0.00878627,0.0148182,1,0.00996325,0.0299623,-0.0299623,0.00996325,1,1,-0.025659,0.00934483,-0.00430326,0.000618416,0,0,0,0,0,0,0,0,0,0,0,0,0,0,0,0,0,0,0,0,0,0,0,255,0.21,3.42075,0.21,-0.0297383,0.0128652,1,1,1,1,0,1,1,0.0926691,-3.28571,0.0980127,0.00772634,0.00973645,-0.0347034,31.1797,20815,1,367,125.043,5204,0,0.000884653,0.00171789,0.0386688,0,0,0,1,500,0.215,-0.000303826,0.000100859,2.16846e-05,6.53226e-05,3.20457e-05,6.09075e-05,0.422332,0.0261072,-0.000703163,0.0339404,-0.164016,-0.00595098,0.00265919,0.0100424,13.5375,1,0,0,0,0,0,-1,1,-9.04604e-07,-3.41778e-06,-0.164224,0,31.4439,1,1010,1010,1010,1010,0,0,0,0,41.2446,56,-0.0459049,0.0185666,56,-0.00470885,0.000536344,56,-0.0312159,0.012241,56,-0.0363348,0.0157417,56,-0.0362377,0.0137953,56,-0.0306539,0.0158057,56,-0.0266964,0.0122659,56,-0.030187,0.00801728,52,-0.0366623,0.00533399
5260764722203,5260756066000,5260756066000,5260764716221,73729,8.65022,5260778866254,22.8003,1,19999,84587,0,0,1,0,0,0.020003,500,500,500,1,2.67339,3.69418,0.84458,0.319984,0.0383759,0.577438,0.000122147,0.00102636,0.00508961,0.00225687,1,0.0513102,-0.00610645,0.00610645,0.0513102,1,1,0.0115344,0.0498057,-0.00542797,0.00150449,0,0,0,0,0,0,0,0,0,0,0,0,0,0,0,0,0,0,0,0,0,0,0,255,0.21,6.61448,0.21,0.00728398,0.0441651,1,1,1,1,0,1,1,0.0923869,-3.28566,0.0964134,0.0121298,-0.00585488,-0.0362562,0.93573,20816,1,367,139.76,5204,0,0.000884653,0.00171789,0.0386688,0,0,0,1,500,0.215,0.000103324,0.000869847,0.000187017,-2.22147e-05,0.000180797,-5.23522e-05,0.422513,0.0260548,-0.000669356,0.0341027,-0.163556,0.000417287,0.00646932,0.0190061,0.710394,3,0,0,0,0,0,-1,1,-9.04604e-07,-3.41778e-06,-0.163571,0,1.20699,1,1010,1010,1010,1010,0,0,0,0,1.21097,56,0.00821024,0.0471907,56,0.0299347,0.0294212,56,-0.00700001,0.0527135,56,0.00549808,0.0620594,56,0.00244813,0.0558799,56,0.00401778,0.0507776,56,0.00727741,0.0637724,56,0.00401824,0.0561973,52,0.00390127,0.0483957
5260779433444,5260764075000,5260764075000,5260779421258,73729,15.3463,5260791560239,27.4852,0,19999,84588,0,0,1,0,0,0.008009,500,500,500,1,2.62772,3.84955,0.679171,0.320224,0.189468,0.344498,0.000331625,0.000626293,-0.0225537,0.0171243,1,0.0781987,-0.0414065,0.0414065,0.0781987,1,1,0.0458722,0.0772529,-0.00446574,0.000945785,0,0,0,0,0,0,0,0,0,0,0,0,0,0,0,0,0,0,0,0,0,0,0,255,0.22,1.46899,0.22,0.0393273,0.0613078,1,1,1,1,0,1,1,0.0923869,-3.28566,0.0964134,0.0121298,-0.00585488,-0.0362562,13.6611,20816,1,367,152.485,5204,0,0.000884653,0.00171789,0.0386688,0,0,0,1,500,0.225,0.000281234,0.000530786,0.000119427,-6.32777e-05,0.000107463,-8.18681e-05,0.422621,0.025973,-0.000669356,0.0341027,-0.163556,0.00284108,0.00425603,0.0183495,13.3943,0,0,0,0,0,0,-1,1,-9.04604e-07,-3.41778e-06,-0.163571,0,13.9293,1,1010,1010,1010,1010,0,0,0,0,13.9332,56,0.0508599,0.0806705,56,0.0307775,0.0479999,56,0.0411686,0.0742677,56,0.0465533,0.0770502,56,0.0378607,0.0837626,56,0.0231997,0.0823245,56,0.0458857,0.075733,56,0.0355711,0.0789108,52,0.0580324,0.091145
5260792175022,5260784113000,5260784113000,5260792169318,73729,8.05632,5260804843043,20.73,1,20000,84589,0,0,1,0,0,0.020038,500,500,493,0.986,2.62252,3.90036,0.885563,0.315484,0.468948,0.389801,0.00084996,0.000635126,-0.00909083,0.0178551,1,0.0316961,-0.0424174,0.0424174,0.0316961,1,1,0.0443931,0.0325691,-0.00197574,-0.000873074,0,0,0,0,0,0,0,0,0,0,0,0,0,0,0,0,0,0,0,0,0,0,0,255,0.22,4.02162,0.22,0.0490045,0.226847,1,1,1,1,1,1,1,0.0923869,-3.28566,0.0964134,0.0121298,-0.00585488,-0.0362562,26.9183,20816,1,367,165.742,5204,0,0.000884653,0.00171789,0.0386688,0,0,0,1,493,0.225,0.000720763,0.000538279,0.000121113,-0.000162172,9.30215e-05,-0.000179719,0.422714,0.0257932,-0.000688922,0.034017,-0.163575,0.000286005,-0.00392883,0.00734147,11.5567,2,0,0,0,0,0,-1,1,-9.04604e-07,-3.41778e-06,-0.163571,0,27.1789,1,1010,1010,1010,1010,0,0,0,0,27.1829,56,0.0385475,0.0350854,55,0.055097,0.0210121,56,0.037462,0.0386018,56,0.0452874,0.0358051,56,0.0454923,0.0350768,56,0.0443929,0.0383327,50,0.0413403,0.0328394,56,0.040178,0.0321246,52,0.0420292,0.0257364
5260805458307,5260796071000,5260796071000,5260805447770,73729,9.37677,5260820473310,24.4023,0,20000,84590,0,0,1,0,0,0.011958,500,500,500,1,2.65032,4.42231,0.67706,0.393707,0.253029,0.151703,0.000438167,0.000252692,-0.010228,0.012508,1,0.0211316,-0.0366421,0.0366421,0.0211316,1,1,0.0347002,0.0215618,0.00194196,-0.000430174,0,0,0,0,0,0,0,0,0,0,0,0,0,0,0,0,0,0,0,0,0,0,0,255,0.21,7.08152,0.21,0.0277845,-0.236553,1,1,1,1,0,1,1,0.0923869,-3.28566,0.0964134,0.0121298,-0.00585488,-0.0362562,42.5478,20816,1,367,181.372,5204,0,0.000884653,0.00171789,0.0386688,0,0,0,1,500,0.215,0.000371575,0.000214135,4.6039e-05,-7.98886e-05,3.23812e-05,-8.63188e-05,0.422746,0.0257069,-0.000651497,0.0340371,-0.16368,0.00160247,-0.00184975,-0.00539836,15.3652,1,0,0,0,0,0,-1,1,-9.04604e-07,-3.41778e-06,-0.163571,0,42.8137,1,1010,1010,1010,1010,0,0,0,0,42.8177,56,0.0313903,0.0208579,56,0.0289336,0.0148523,56,0.038998,0.0310987,56,0.0350832,0.018907,56,0.0436575,0.0220107,56,0.0457387,0.0315043,56,0.04489,0.0233535,56,0.0412567,0.0134744,52,0.0295117,0.0150156
5260821034443,5260804080000,5260804080000,5260821023425,73729,16.9434,5260835034105,30.9541,0,20000,84591,0,0,1,0,0,0.008009,500,500,492,0.984,2.63741,4.37961,0.71132,0.313928,0.198532,0.116859,0.000411789,0.00021506,0.0158295,0.00967506,1,0.0268523,-0.0514158,0.0514158,0.0268523,1,1,0.048723,0.0264927,0.00269288,0.000359566,0,0,0,0,0,0,0,0,0,0,0,0,0,0,0,0,0,0,0,0,0,0,0,255,0.21,2.45924,0.21,0.0435882,-0.0904546,1,1,1,1,0,1,1,0.0919631,-3.28576,0.0947818,0.0037499,0.00775368,-0.0406152,6.11129,20817,1,367,195.929,5204,0,0.000884653,0.00171789,0.0386688,0,0,0,1,492,0.215,0.000349142,0.00018229,3.91923e-05,-7.50655e-05,2.64029e-05,-8.04494e-05,0.422773,0.0256265,-0.000669364,0.0340496,-0.163841,0.00161534,0.00154614,-0.00797123,5.8774,2,0,0,0,0,0,-1,1,-9.04604e-07,-3.41778e-06,-0.163856,0,6.37831,1,1010,1010,1010,1010,0,0,0,0,6.38316,55,0.0333195,0.0200881,56,0.0666486,0.0134036,49,0.0437886,0.0243754,56,0.0391345,0.027281,56,0.0522693,0.0307199,56,0.050801,0.0236968,56,0.0495848,0.0303674,56,0.0460654,0.032086,52,0.0481816,0.0188244
5260835558257,5260824076000,5260824076000,5260835552609,73729,11.4766,5260848736931,24.6609,1,20001,84592,0,0,1,0,0,0.019996,500,500,497,0.994,2.62243,4.04766,0.753894,0.339188,-0.00805664,0.00424194,4.60476e-05,-1.19879e-07,0.011232,0.00449913,1,-5.99514e-06,-0.00230284,0.00230284,-5.99514e-06,1,1,0.00111413,0.000299657,0.00118871,-0.000305653,0,0,0,0,0,0,0,0,0,0,0,0,0,0,0,0,0,0,0,0,0,0,0,255,0.21,6.6869,0.21,-0.000937905,0.00244181,1,1,1,1,0,1,1,0.0919631,-3.28576,0.0947818,0.0037499,0.00775368,-0.0406152,19.8203,20817,1,367,13.7018,5205,0,0.000884653,0.00339884,0.0335054,0,0,0,1,497,0.215,3.89763e-05,-1.39421e-08,-2.99754e-09,-8.37991e-06,-1.37019e-06,-8.26713e-06,0.422771,0.0256182,-0.000722874,0.0340158,-0.163914,-0.00215576,-0.00131431,-0.00581376,13.4645,1,0,0,0,0,0,-1,1,-9.04604e-07,-3.41778e-06,-0.163856,0,20.0891,1,1010,1010,1010,1010,0,0,0,0,20.0939,53,0.0116745,0.00643211,56,0.00370775,-0.0100024,56,1.61448e-05,-0.00275367,56,-0.00252302,0.00589141,56,0.00651331,0.00390493,56,-0.00090076,-0.00124908,56,-0.00369637,-2.58335e-05,56,-0.00322205,-0.00094591,52,-0.00126984,-0.000508721
5260849304416,5260836058000,5260836058000,5260849292879,73729,13.2349,5260864493846,28.4358,0,20001,84593,0,0,1,0,0,0.011982,500,500,496,0.992,2.66078,4.84435,0.656172,0.318521,-0.170525,-0.091629,-0.000300547,-0.000213581,0.00954984,0.0256976,1,-0.0178252,0.0250832,-0.0250832,-0.0178252,1,1,-0.0259845,-0.0168736,0.000901307,-0.000951545,0,0,0,0,0,0,0,0,0,0,0,0,0,0,0,0,0,0,0,0,0,0,0,255,0.21,0.267465,0.21,-0.0227645,-0.0132913,1,1,1,1,1,1,1,0.0919631,-3.28576,0.0947818,0.0037499,0.00775368,-0.0406152,35.5733,20817,1,367,29.4546,5205,0,0.000884653,0.00339884,0.0335054,0,0,0,1,496,0.215,-0.000255043,-0.000181118,-3.89404e-05,5.48342e-05,-2.94421e-05,6.04539e-05,0.422742,0.0256787,-0.000809439,0.033954,-0.164044,-0.00584304,-0.00409164,-0.00777492,15.5114,1,0,0,0,0,0,-1,1,-9.04604e-07,-3.41778e-06,-0.163856,0,35.841,1,1010,1010,1010,1010,0,0,0,0,35.8458,55,-0.039055,-0.0251311,56,-0.0216462,-0.0180135,56,-0.0315104,-0.0080013,56,-0.0276195,-0.0146769,56,-0.0286858,-0.0142006,56,-0.024691,-0.015879,56,-0.0180368,-0.0199409,56,-0.0251234,-0.0160315,49,-0.0157629,-0.0271959
5260865131258,5260856058000,5260856058000,5260865124906,73729,9.06691,5260878452026,22.394,1,20002,84594,0,0,1,0,0,0.02,500,500,498,0.996,2.65645,3.92088,0.777969,0.317391,-0.381332,-0.307434,-0.000633928,-0.000542342,0.0203103,-0.00323004,1,-0.0271171,0.0316964,-0.0316964,-0.0271171,1,1,-0.0355664,-0.0263905,0.00386997,-0.000726605,0,0,0,0,0,0,0,0,0,0,0,0,0,0,0,0,0,0,0,0,0,0,0,255,0.21,5.94234,0.21,-0.0260218,-0.0216865,1,1,1,1,0,1,1,0.0913011,-3.28541,0.0930011,0.000100787,0.00707933,-0.0445445,0.277724,20818,1,367,43.4102,5205,0,0.000884653,0.00339884,0.0335054,0,0,0,1,498,0.215,-0.000537797,-0.00045967,-9.8829e-05,0.000115626,-7.84907e-05,0.000130251,0.422663,0.0258089,-0.000883222,0.0338781,-0.164629,-0.00361563,-0.0031244,-0.0162052,0.051945,3,0,0,0,0,0,-1,1,-9.04603e-07,-3.41778e-06,-0.164649,0,0.536726,1,1010,1010,1010,1010,0,0,0,0,0.540578,56,-0.0350469,-0.0190746,54,-0.0170961,-0.019698,56,-0.0324838,-0.0332223,56,-0.0348892,-0.0313057,56,-0.0356561,-0.0289479,56,-0.0349144,-0.0297839,56,-0.0359518,-0.0255907,56,-0.0376554,-0.02876,52,-0.0304274,-0.031438
5260878997993,5260864073000,5260864073000,5260878985826,73729,14.9128,5260891288141,27.2151,0,20002,84595,0,0,1,0,0,0.008015,500,500,500,1,2.63674,3.97246,0.781321,0.320484,-0.0816345,-0.132446,-9.84037e-05,-0.000260695,0.0292941,0.0147149,1,-0.0325259,0.0122774,-0.0122774,-0.0325259,1,1,-0.0170446,-0.0322838,0.00476717,-0.000242092,0,0,0,0,0,0,0,0,0,0,0,0,0,0,0,0,0,0,0,0,0,0,0,255,0.22,-0.480596,0.22,-0.00674958,-0.0215463,1,1,1,1,0,1,1,0.0913011,-3.28541,0.0930011,0.000100787,0.00707933,-0.0445445,13.1405,20818,1,367,56.2731,5205,0,0.000884653,0.00339884,0.0335054,0,0,0,1,500,0.225,-8.36294e-05,-0.000220972,-4.97187e-05,1.88166e-05,-4.59351e-05,2.67058e-05,0.422617,0.0258356,-0.000883222,0.0338781,-0.164629,-0.00043068,-0.00108941,-0.0175064,12.8847,0,0,0,0,0,0,-1,1,-9.04603e-07,-3.41778e-06,-0.164649,0,13.425,1,1010,1010,1010,1010,0,0,0,0,13.4288,56,-0.0308021,-0.0319781,56,0.0163972,-0.00936699,56,-0.0161406,-0.033254,56,-0.0238166,-0.0318164,56,-0.0110432,-0.0303333,56,-0.0205198,-0.0420856,56,-0.0240457,-0.0405378,56,-0.00734919,-0.0270995,52,-0.0127694,-0.0407211
5260891900238,5260876052000,5260876052000,5260891886757,73729,15.8348,5260904877096,28.8251,0,20002,84596,0,0,1,0,0,0.011979,500,500,496,0.992,2.63985,3.61447,0.737764,0.35104,-0.0497818,-0.13472,-6.16029e-05,-0.000222941,0.017164,-0.013072,1,-0.018611,0.00514258,-0.00514258,-0.018611,1,1,-0.00845008,-0.0182826,0.0033075,-0.000328401,0,0,0,0,0,0,0,0,0,0,0,0,0,0,0,0,0,0,0,0,0,0,0,255,0.21,2.24348,0.21,-0.007168,0.194503,1,1,1,1,0,1,1,0.0913011,-3.28541,0.0930011,0.000100787,0.00707933,-0.0445445,26.7074,20818,1,367,69.8401,5205,0,0.000884653,0.00339884,0.0335054,0,0,0,1,496,0.215,-5.22912e-05,-0.000188942,-4.06226e-05,1.12426e-05,-3.82076e-05,1.77455e-05,0.422579,0.0258534,-0.000855379,0.0338485,-0.164661,0.00218997,-0.00141212,-0.00962582,13.3206,1,0,0,0,0,0,-1,1,-9.04603e-07,-3.41778e-06,-0.164649,0,26.9702,1,1010,1010,1010,1010,0,0,0,0,26.9741,56,-0.0178634,-0.0229673,55,0.0151333,-0.000393891,56,-0.0110007,-0.0273167,56,-0.00566828,-0.0175141,56,-0.00487675,-0.0200094,56,-0.00509842,-0.0274,56,-0.00129153,-0.0211745,56,-0.010712,-0.0164912,49,-0.0022811,-0.0126834
5260905453322,5260896061000,5260896061000,5260905447563,73729,9.38656,5260919539799,23.4788,1,20003,84597,0,0,1,0,0,0.020009,500,500,462,0.924,2.6597,3.85801,0.665246,0.30041,0.0625,-0.218674,0.000155247,-0.000445722,0.00229628,0.00901034,1,-0.0222761,-0.00775886,0.00775886,-0.0222761,1,1,0.00960803,-0.02168,-0.00184917,-0.000596051,0,0,0,0,0,0,0,0,0,0,0,0,0,0,0,0,0,0,0,0,0,0,0,255,0.21,5.65154,0.21,-0.0219507,-0.128478,1,1,1,1,1,1,1,0.0913011,-3.28541,0.0930011,0.000100787,0.00707933,-0.0445445,41.3717,20818,1,367,84.5042,5205,0,0.000884653,0.00339884,0.0335054,0,0,0,1,462,0.215,0.000131581,-0.000377719,-8.12096e-05,-2.829e-05,-8.46968e-05,-1.4633e-05,0.422494,0.0258387,-0.000730015,0.0338204,-0.164311,0.00552401,-0.00256302,0.0107804,14.3968,2,0,0,0,0,0,-1,1,-9.04603e-07,-3.41778e-06,-0.164649,0,41.6259,1,1010,1010,1010,1010,0,0,0,0,41.6297,56,0.00759931,-0.0192088,54,0.0230994,-0.0241064,55,0.00403583,-0.0208998,54,0.0015457,-0.0202162,56,0.0010908,-0.0211123,56,0.00800715,-0.0223712,23,0.00712793,-0.0213005,56,0.00765791,-0.0236293,52,0.0074548,-0.0238088
5260920156545,5260904077000,5260904077000,5260920141933,73729,16.0649,5260932440082,28.3631,0,20003,84598,0,0,1,0,0,0.008016,500,500,500,1,2.6267,4.16496,0.619931,0.324447,0.0520935,-0.044487,4.16892e-05,-7.32387e-05,-0.0362855,-0.00460103,1,-0.00913656,-0.00520075,0.00520075,-0.00913656,1,1,0.0113074,-0.00904396,-0.00610666,-9.26056e-05,0,0,0,0,0,0,0,0,0,0,0,0,0,0,0,0,0,0,0,0,0,0,0,255,0.21,-0.008389,0.21,0.00554459,-0.00652364,1,1,1,1,0,1,1,0.0907377,-3.28537,0.0910877,0.00582919,0.0024484,-0.0467293,3.94225,20819,1,367,97.3977,5205,0,0.000884653,0.00339884,0.0335054,0,0,0,1,500,0.215,3.54819e-05,-6.21048e-05,-1.33525e-05,-7.6286e-06,-1.44104e-05,-5.34947e-06,0.42248,0.0258334,-0.00064477,0.0338642,-0.163864,0.00655535,-0.000398204,0.0262512,3.71464,2,0,0,0,0,0,-1,1,-9.04603e-07,-3.41778e-06,-0.163878,0,4.20555,1,1010,1010,1010,1010,0,0,0,0,4.21016,56,0.00596006,-0.0101624,56,-0.0324116,-0.00186574,56,0.0152579,-0.00964169,56,0.00420326,-0.0129517,56,0.0120075,-0.0103094,56,0.00913784,-0.0159169,56,0.021785,-0.0149393,56,0.00754685,-0.00731367,52,-0.00253644,-0.00373301
5260932994179,5260924084000,5260924084000,5260932985419,73729,8.90142,5260945535866,21.4519,1,20004,84599,0,0,1,0,0,0.020007,500,500,500,1,2.65928,3.69884,0.615857,0.331224,0.123795,0.0909576,0.000219708,0.000143167,-0.0166342,0.00545506,1,0.00715587,-0.0109815,0.0109815,0.00715587,1,1,0.0173909,0.00701171,-0.00640934,0.000144154,0,0,0,0,0,0,0,0,0,0,0,0,0,0,0,0,0,0,0,0,0,0,0,255,0.21,2.74137,0.21,0.00137608,0.00923299,1,1,1,1,0,1,1,0.0907377,-3.28537,0.0910877,0.00582919,0.0024484,-0.0467293,17.0578,20819,1,367,110.513,5205,0,0.000884653,0.00339884,0.0335054,0,0,0,1,500,0.215,0.000186336,0.000121318,2.60834e-05,-4.00622e-05,1.91848e-05,-4.37782e-05,0.422499,0.0257896,-0.00064477,0.0338642,-0.163864,0.00544023,0.000619862,0.0264003,16.7706,0,0,0,0,0,0,-1,1,-9.04603e-07,-3.41778e-06,-0.163878,0,17.3597,1,1010,1010,1010,1010,0,0,0,0,17.3643,56,0.0120681,0.00442058,56,0.0107348,0.00750447,56,0.00518222,0.00649586,56,0.00772609,0.00928516,56,0.00826549,0.00972061,56,0.00704474,0.0082787,56,0.010198,0.00798054,56,0.00674299,0.00799414,52,0.0136808,0.00571802
5260946260594,5260932092000,5260932092000,5260946247334,73729,14.1553,5260959384952,27.293,0,20004,84600,0,0,1,0,0,0.008008,500,500,499,0.998,2.79324,3.89101,0.70095,0.312873,0.0394592,0.157715,1.68082e-05,0.000276964,-0.0218812,0.00760269,1,0.0345859,-0.00209893,0.00209893,0.0345859,1,1,0.0057879,0.0334523,-0.00368897,0.00113364,0,0,0,0,0,0,0,0,0,0,0,0,0,0,0,0,0,0,0,0,0,0,0,255,0.21,5.85058,0.21,-0.00363404,0.0318092,1,1,1,1,0,1,1,0.0907377,-3.28537,0.0910877,0.00582919,0.0024484,-0.0467293,30.8957,20819,1,367,124.351,5205,0,0.000884653,0.00339884,0.0335054,0,0,0,1,499,0.215,1.42506e-05,0.000234739,5.04689e-05,-3.06387e-06,4.92655e-05,-1.12466e-05,0.422548,0.0257783,-0.000637993,0.0339389,-0.163771,0.00216868,0.00487467,0.014425,13.5415,2,0,0,0,0,0,-1,1,-9.04603e-07,-3.41778e-06,-0.163878,0,31.1576,1,1010,1010,1010,1010,0,0,0,0,31.1622,56,-0.00998713,0.0240382,55,0.000481778,0.0129917,56,-0.00254862,0.0487978,56,0.0107573,0.0404865,56,0.0175307,0.0323161,56,0.00558476,0.0409999,56,0.0112831,0.0368563,56,0.00582165,0.0343142,52,0.000775213,0.0379968
5260960019976,5260944103000,5260944103000,5260959995790,73729,15.8928,5260973068371,28.9654,0,20004,84601,0,0,1,0,0,0.012011,500,500,499,0.998,2.63746,3.85105,0.755154,0.311021,0.0404053,0.177216,8.94677e-05,0.000337922,0.00511088,-0.00648394,1,0.0281344,-0.00744882,0.00744882,0.0281344,1,1,0.00715622,0.0268778,0.000292597,0.00125662,0,0,0,0,0,0,0,0,0,0,0,0,0,0,0,0,0,0,0,0,0,0,0,255,0.21,-0.670727,0.21,-0.00123622,0.0214602,1,1,1,1,1,1,1,0.0907377,-3.28537,0.0910877,0.00582919,0.0024484,-0.0467293,44.5761,20819,1,367,138.032,5205,0,0.000884653,0.00339884,0.0335054,0,0,0,1,499,0.215,7.58806e-05,0.000286437,6.15838e-05,-1.63143e-05,5.80624e-05,-2.61374e-05,0.422606,0.0257522,-0.000661179,0.0339536,-0.163883,-0.000829946,0.00540348,-0.00167049,13.4339,1,0,0,0,0,0,-1,1,-9.04603e-07,-3.41778e-06,-0.163878,0,44.8468,1,1010,1010,1010,1010,0,0,0,0,44.8514,56,0.0106736,0.0284174,55,0.00992895,0.0287043,56,0.00447264,0.0221715,56,0.00795983,0.0269672,56,0.00185256,0.0318593,56,0.000699802,0.0290343,56,0.00786089,0.0354237,56,0.0113919,0.026507,52,0.0112523,0.0258429
5260973698227,5260964075000,5260964075000,5260973691246,73729,9.61625,5260987454368,23.3794,1,20005,84602,0,0,1,0,0,0.019972,500,500,500,1,2.68074,3.84531,0.624115,0.319373,0.00735474,0.231079,7.35161e-05,0.000385087,0.0130001,0.00861286,1,0.0192814,-0.00368096,0.00368096,0.0192814,1,1,-0.000250277,0.0193563,0.00393124,-7.49477e-05,0,0,0,0,0,0,0,0,0,0,0,0,0,0,0,0,0,0,0,0,0,0,0,255,0.21,2.834,0.21,-0.000839499,0.0123876,1,1,1,1,0,1,1,0.0908888,-3.2855,0.089061,0.00419397,0.00572075,-0.0488943,4.336,20820,1,367,152.412,5205,0,0.000884653,0.00339884,0.0335054,0,0,0,1,500,0.215,6.2123e-05,0.000326357,7.01667e-05,-1.33564e-05,6.69925e-05,-2.46614e-05,0.422673,0.0257275,-0.000768248,0.0338137,-0.16452,-0.00340769,-0.000322275,-0.0162496,4.05772,3,0,0,0,0,0,-1,1,-9.04603e-07,-3.41778e-06,-0.164312,0,4.60113,1,1010,1010,1010,1010,0,0,0,0,4.60646,56,-0.00174169,0.0194435,56,0.0118598,0.0109928,56,-0.000840552,0.0261608,56,0.00219915,0.0229006,56,-0.00140866,0.0233028,56,0.00175047,0.0220905,56,0.00550494,0.0226143,56,0.000192275,0.0188183,52,0.00586302,0.0167238
5260988027595,5260972096000,5260972096000,5260988016539,73729,15.9205,5261001426159,29.3302,0,20005,84603,0,0,1,0,0,0.008021,500,500,499,0.998,2.63733,3.91505,0.697154,0.311465,-0.0321655,0.0260315,-6.09924e-05,4.81943e-05,0.00581784,-0.00539818,1,0.00600852,0.00760409,-0.00760409,0.00600852,1,1,-0.0125366,0.00647028,0.0049325,-0.000461764,0,0,0,0,0,0,0,0,0,0,0,0,0,0,0,0,0,0,0,0,0,0,0,255,0.22,6.95985,0.22,-0.00232854,0.0642203,1,1,1,1,0,1,1,0.0908888,-3.2855,0.089061,0.00419397,0.00572075,-0.0488943,18.3249,20820,1,367,166.401,5205,0,0.000884653,0.00339884,0.0335054,0,0,0,1,499,0.225,-5.17398e-05,4.08792e-05,9.19783e-06,1.16415e-05,1.09748e-05,9.97877e-06,0.422684,0.0257375,-0.000768248,0.0338137,-0.16452,-0.00320836,-0.00207794,-0.0203237,18.0277,0,0,0,0,0,0,-1,1,-9.04603e-07,-3.41778e-06,-0.164312,0,18.6026,1,1010,1010,1010,1010,0,0,0,0,18.6079,56,-0.0036513,0.018154,56,-0.0256344,-0.022048,55,-0.00711502,0.00293439,56,0.00103315,0.00902977,56,-0.0078044,0.00140781,56,-0.00238417,0.0133317,56,-0.0081425,0.00838003,56,-0.00760447,0.00252482,52,-0.01959,0.0206806
5261001998200,5260992092000,5260992092000,5261001992219,73729,9.90022,5261014742186,22.6502,1,20006,84604,0,0,1,0,0,0.019996,500,500,498,0.996,2.67067,3.71458,0.76195,0.319687,0.0149536,-0.0428543,2.56293e-05,-7.29043e-05,0.0101788,-0.000233729,1,-0.00364594,-0.00128172,0.00128172,-0.00364594,1,1,-0.00438033,-0.00334569,0.00566205,-0.000300251,0,0,0,0,0,0,0,0,0,0,0,0,0,0,0,0,0,0,0,0,0,0,0,255,0.21,0.694005,0.21,0.011305,0.159998,1,1,1,1,0,1,1,0.0908888,-3.2855,0.089061,0.00419397,0.00572075,-0.0488943,31.6287,20820,1,367,179.705,5205,0,0.000884653,0.00339884,0.0335054,0,0,0,1,498,0.215,2.18013e-05,-6.17887e-05,-1.32846e-05,-4.68728e-06,-1.38657e-05,-2.44688e-06,0.422671,0.0257351,-0.000757579,0.0337782,-0.16471,-3.7989e-05,-0.00129108,-0.0195078,13.0567,1,0,0,0,0,0,-1,1,-9.04603e-07,-3.41778e-06,-0.164312,0,31.8924,1,1010,1010,1010,1010,0,0,0,0,31.8977,56,0.00445193,-0.00513378,54,-0.0128182,0.0027796,56,0.00434902,-0.00118842,56,0.0041717,-0.00367933,56,0.00477603,-0.00612226,56,0.00278688,-0.00113875,56,0.000493205,-0.0108615,56,0.0020678,-0.00459027,52,0.00658841,-0.00076506
5261015301023,5261004073000,5261004073000,5261015289227,73729,11.2162,5261028997979,24.925,0,20006,84605,0,0,1,0,0,0.011981,500,500,457,0.914,2.63219,3.80616,0.649227,0.28978,-0.00239563,-0.0674744,3.70144e-05,-9.74327e-05,0.0110575,-0.00198883,1,-0.00813227,-0.00308942,0.00308942,-0.00813227,1,1,0.000945764,-0.00781194,0.00214366,-0.000320325,0,0,0,0,0,0,0,0,0,0,0,0,0,0,0,0,0,0,0,0,0,0,0,255,0.21,3.81938,0.21,0.0715277,-0.335884,1,1,1,1,1,1,1,0.0908803,-3.28551,0.0871108,0.00256933,0.0059808,-0.0508357,0.496318,20821,1,367,193.956,5205,0,0.000884653,0.00339884,0.0335054,0,0,0,1,457,0.215,3.13557e-05,-8.25162e-05,-1.7741e-05,-6.74148e-06,-1.85964e-05,-3.74187e-06,0.422652,0.0257313,-0.000712503,0.0336562,-0.16477,0.0017276,-0.0013774,-0.0059921,0.281372,3,0,0,0,0,0,-1,1,-9.04603e-07,-3.41778e-06,-0.164786,0,0.751858,1,1010,1010,1010,1010,0,0,0,0,0.755821,56,0.00469842,-0.00521565,56,0.00675625,-0.00509817,22,0.00277182,-0.0123817,56,-0.00983408,-0.014204,56,0.00117748,-0.00908525,48,0.00809056,-0.0133161,56,0.00368436,-0.00755009,56,0.00320179,-0.0108113,51,-0.00391939,-0.0110636
5261029602224,5261012092000,5261012092000,5261029588631,73729,17.4966,5261042227393,30.1354,0,20006,84606,0,0,1,0,0,0.008019,500,500,497,0.994,2.66033,4.70346,0.588893,0.307984,-0.0121613,-0.085968,-7.25162e-05,-0.000170312,-0.0134461,0.0067791,1,-0.0212386,0.00904305,-0.00904305,-0.0212386,1,1,-0.00857007,-0.0206614,-0.000472979,-0.00057715,0,0,0,0,0,0,0,0,0,0,0,0,0,0,0,0,0,0,0,0,0,0,0,255,0.21,7.9976,0.21,-0.00191184,-0.0158313,1,1,1,1,0,1,1,0.0908803,-3.28551,0.0871108,0.00256933,0.0059808,-0.0508357,13.7327,20821,1,367,207.192,5205,0,0.000884653,0.00339884,0.0335054,0,0,0,1,497,0.215,-6.14212e-05,-0.000144383,-3.10424e-05,1.32056e-05,-2.84389e-05,1.81156e-05,0.422624,0.0257495,-0.000712503,0.0336562,-0.16477,0.00182458,-0.00248174,0.00308671,13.4967,0,0,0,0,0,0,-1,1,-9.04603e-07,-3.41778e-06,-0.164786,0,14.0028,1,1010,1010,1010,1010,0,0,0,0,14.0068,54,-0.0209302,-0.0174614,55,-0.0347155,-0.000624163,56,-0.00437209,-0.021494,56,0.00612742,-0.0297711,56,-0.000488154,-0.018154,56,-0.00650587,-0.0180103,56,-0.00131509,-0.0269727,56,-0.00572537,-0.0247393,52,-0.000926065,-0.00831386
5261042814324,5261032085000,5261032085000,5261042806990,73729,10.722,5261055703125,23.6181,1,20007,84607,0,0,1,0,0,0.019993,500,500,500,1,2.6638,3.71643,0.598782,0.310687,-0.0428467,-0.18367,-9.65487e-05,-0.000349564,-0.00456741,0.00133149,1,-0.0174843,0.00482913,-0.00482913,-0.0174843,1,1,-0.00194156,-0.0167305,-0.00288756,-0.000753832,0,0,0,0,0,0,0,0,0,0,0,0,0,0,0,0,0,0,0,0,0,0,0,255,0.21,0.903581,0.21,-0.00456926,-0.0131268,1,1,1,1,0,1,1,0.0908803,-3.28551,0.0871108,0.00256933,0.0059808,-0.0508357,27.2071,20821,1,367,13.4609,5206,0,0.000884653,0.00557543,0.0335611,0,0,0,1,500,0.215,-8.17734e-05,-0.000296212,-6.36857e-05,1.75813e-05,-5.99082e-05,2.7775e-05,0.422564,0.0257772,-0.000690743,0.0336123,-0.164629,0.00200148,-0.00324148,0.0115344,13.229,1,0,0,0,0,0,-1,1,-9.04603e-07,-3.41778e-06,-0.164786,0,27.4735,1,1010,1010,1010,1010,0,0,0,0,27.4774,56,0.000182189,-0.0223807,56,-0.000991581,-0.0105459,56,-0.00358669,-0.0212492,56,-0.00258454,-0.0167079,56,-0.00503933,-0.0188749,56,-0.00409077,-0.0197976,56,-0.00838656,-0.0182942,56,-0.00711643,-0.0131021,52,-0.00548505,-0.0169112
5261056279407,5261044066000,5261044066000,5261056267018,73729,12.201,5261070318143,26.2521,0,20007,84608,0,0,1,0,0,0.011981,500,500,498,0.996,2.6305,3.81264,0.631208,0.317003,-0.0345612,-0.063736,-0.000122883,-0.000119815,-0.0236491,0.00408752,1,-0.0100004,0.0102565,-0.0102565,-0.0100004,1,1,-0.00527454,-0.00942426,-0.00498197,-0.000576128,0,0,0,0,0,0,0,0,0,0,0,0,0,0,0,0,0,0,0,0,0,0,0,255,0.21,4.13668,0.21,-0.00835617,-0.0054228,1,1,1,1,0,1,1,0.0908803,-3.28551,0.0871108,0.00256933,0.0059808,-0.0508357,41.8223,20821,1,367,28.0761,5206,0,0.000884653,0.00557543,0.0335611,0,0,0,1,498,0.215,-0.00010419,-0.000101625,-2.18494e-05,2.24009e-05,-1.78799e-05,2.56709e-05,0.422546,0.0258029,-0.000652395,0.0335467,-0.164288,0.00225675,-0.00247735,0.0189434,14.3407,2,0,0,0,0,0,-1,1,-9.04603e-07,-3.41778e-06,-0.164786,0,42.0867,1,1010,1010,1010,1010,0,0,0,0,42.0907,56,-0.0176887,-0.0102965,54,0.00455041,0.00462915,56,-0.00282544,-0.0115149,56,-0.00440431,-0.0090985,56,-0.0132651,-0.0104008,56,-0.0145034,-0.00888444,56,-0.00955279,-0.0131132,56,-0.0124497,-0.0165185,52,-0.0071492,-0.0176748
5261070877591,5261052156000,5261052156000,5261070865739,73729,18.7097,5261084400971,32.245,0,20007,84609,0,0,1,0,0,0.00809,500,500,498,0.996,2.66687,5.22467,0.769654,0.315521,-0.0205688,-0.0148773,-5.61095e-05,-2.29309e-05,-0.0154542,-0.00486052,1,-0.00283448,0.00693567,-0.00693567,-0.00283448,1,1,-0.00305496,-0.0029985,-0.00388071,0.000164022,0,0,0,0,0,0,0,0,0,0,0,0,0,0,0,0,0,0,0,0,0,0,0,255,0.21,8.61943,0.21,-0.00709968,-0.000284768,1,1,1,1,1,1,1,0.0912272,-3.28564,0.0850635,0.00618546,0.00493329,-0.0531688,5.50336,20822,1,367,42.1529,5206,0,0.000884653,0.00557543,0.0335611,0,0,0,1,498,0.215,-4.7543e-05,-1.9438e-05,-4.17917e-06,1.02217e-05,-2.45039e-06,1.07669e-05,0.422543,0.0258137,-0.000641201,0.0335281,-0.164162,0.000819026,0.000705296,0.0140048,5.27695,2,0,0,0,0,0,-1,1,-9.04604e-07,-3.41778e-06,-0.164176,0,5.77334,1,1010,1010,1010,1010,0,0,0,0,5.7783,55,-0.0136559,0.00237558,55,0.00971631,-0.0169287,56,-0.00783178,-0.00239508,56,-0.00739995,-0.0037051,56,-0.0102052,-0.000762327,56,-0.00581364,-0.0013224,56,-0.00407093,-0.00473589,56,-0.011337,-0.00384811,52,-0.014495,-0.000669238
5261085029069,5261072088000,5261072088000,5261085020865,73729,12.9329,5261097923518,25.8355,1,20008,84610,0,0,1,0,0,0.019932,500,500,498,0.996,2.68146,3.81299,0.663246,0.326503,-0.0500946,0.0323868,-0.000154819,0.000104324,-0.0121375,-0.00739976,1,0.00523398,0.00776734,-0.00776734,0.00523398,1,1,-0.00733057,0.00485536,-0.000436765,0.00037862,0,0,0,0,0,0,0,0,0,0,0,0,0,0,0,0,0,0,0,0,0,0,0,255,0.21,2.4792,0.21,-0.00860794,0.00488641,1,1,1,1,0,1,1,0.0912272,-3.28564,0.0850635,0.00618546,0.00493329,-0.0531688,19.0318,20822,1,367,55.6813,5206,0,0.000884653,0.00557543,0.0335611,0,0,0,1,498,0.215,-0.000131215,8.83341e-05,1.89918e-05,2.82113e-05,2.33375e-05,2.47286e-05,0.422567,0.0258384,-0.00063917,0.0335107,-0.164228,0.000873533,0.00162807,0.0022013,13.2906,1,0,0,0,0,0,-1,1,-9.04604e-07,-3.41778e-06,-0.164176,0,19.2946,1,1010,1010,1010,1010,0,0,0,0,19.2996,54,-0.0079952,0.000578225,56,-0.011763,0.00795395,56,-0.002985,0.00343801,56,-0.00318861,0.00265606,56,-0.00633209,0.00595383,56,-0.009709,0.00444779,56,-0.00640962,0.00447258,56,-0.00709653,0.00556928,52,-0.00415513,0.00295057
5261098491004,5261084066000,5261084066000,5261098478133,73729,14.4121,5261113642118,29.5761,0,20008,84611,0,0,1,0,0,0.011978,500,500,500,1,2.63015,4.74554,0.634097,0.315169,0.0245819,0.029335,3.67212e-05,3.13943e-05,-0.00417891,0.00639817,1,0.002621,-0.00306572,0.00306572,0.002621,1,1,0.0011909,0.00247274,0.00187482,0.000148261,0,0,0,0,0,0,0,0,0,0,0,0,0,0,0,0,0,0,0,0,0,0,0,255,0.22,5.81747,0.22,0.00344133,0.0537011,1,1,1,1,0,1,1,0.0912272,-3.28564,0.0850635,0.00618546,0.00493329,-0.0531688,34.7494,20822,1,367,71.399,5206,0,0.000884653,0.00557543,0.0335611,0,0,0,1,500,0.225,3.11272e-05,2.66278e-05,5.99125e-06,-7.00362e-06,4.76134e-06,-7.88904e-06,0.422571,0.0258305,-0.000653181,0.0334886,-0.164368,0.000295311,0.000667173,-0.00651309,15.4525,1,0,0,0,0,0,-1,1,-9.04604e-07,-3.41778e-06,-0.164176,0,35.0245,1,1010,1010,1010,1010,0,0,0,0,35.0295,56,0.00220292,0.00902724,56,0.00553286,0.00819498,56,4.4918e-07,0.000959658,56,0.00417625,0.00496416,56,0.00267571,-0.000540807,56,0.00209555,0.00240641,56,0.0037158,0.00377131,56,0.00694702,0.00424973,52,0.00135416,0.00944832
5261114218845,5261104068000,5261104068000,5261114211104,73729,10.1431,5261126654013,22.586,1,20009,84612,0,0,1,0,0,0.020002,500,500,493,0.986,2.67548,3.72068,0.786561,0.342058,0.0483398,0.0686493,0.000128425,0.000146858,0.0159599,-0.00965962,1,0.00734217,-0.00642058,0.00642058,0.00734217,1,1,0.00190756,0.00748354,0.00451302,-0.000141371,0,0,0,0,0,0,0,0,0,0,0,0,0,0,0,0,0,0,0,0,0,0,0,255,0.21,1.25062,0.21,0.00164851,-0.0272031,1,1,1,1,0,1,1,0.0912272,-3.28564,0.0850635,0.00618546,0.00493329,-0.0531688,47.7653,20822,1,367,84.4148,5206,0,0.000884653,0.00557543,0.0335611,0,0,0,1,493,0.215,0.000108972,0.00012455,2.67783e-05,-2.34289e-05,2.25583e-05,-2.75017e-05,0.422594,0.025803,-0.000691313,0.0334395,-0.164775,-0.00112686,-0.000607896,-0.0164263,12.738,2,0,0,0,0,0,-1,1,-9.04604e-07,-3.41778e-06,-0.164969,0,0.231465,1,1010,1010,1010,1010,0,0,0,0,0.235298,56,0.0122374,0.00221441,56,-0.00907035,0.00311525,49,0.0101085,0.00438582,56,0.00813392,0.00715859,56,0.00524723,0.0111713,56,0.00646858,0.0045075,56,0.00334827,0.0112311,56,0.00400502,0.0112412,52,0.0112428,0.00786222
5261127219795,5261112084000,5261112084000,5261127209147,73729,15.1251,5261138763919,26.6799,0,20009,84613,0,0,1,0,0,0.008016,500,500,499,0.998,2.64956,3.91088,0.624042,0.314984,0.0194397,0.00422668,6.07093e-05,-1.08104e-05,0.0197163,0.0186092,1,-0.0013486,-0.00757351,0.00757351,-0.0013486,1,1,0.0022639,-0.00146972,0.00530961,0.000121118,0,0,0,0,0,0,0,0,0,0,0,0,0,0,0,0,0,0,0,0,0,0,0,255,0.21,4.09268,0.21,0.00653774,0.000276727,1,1,1,1,1,1,1,0.0916735,-3.28582,0.0828737,0.00714982,0.00492894,-0.0565281,12.0709,20823,1,367,96.5227,5206,0,0.000884653,0.00557543,0.0335611,0,0,0,1,499,0.215,5.13965e-05,-9.21094e-06,-1.98035e-06,-1.10502e-05,-3.76665e-06,-1.05753e-05,0.42259,0.0257924,-0.000694588,0.0334473,-0.164954,-0.000174908,0.000520808,-0.018405,10.4303,1,0,0,0,0,0,-1,1,-9.04604e-07,-3.41778e-06,-0.164969,0,12.3361,1,1010,1010,1010,1010,0,0,0,0,12.3399,56,0.00157634,-0.00212176,56,0.0305148,-0.0137027,55,0.0126052,0.00585178,56,0.00342709,-0.000162307,56,-0.00187919,0.00182971,56,0.00122966,0.00435758,56,0.011367,-0.00988332,56,0.0189017,-0.00758378,52,0.00513845,-0.00479204
5261139385832,5261124068000,5261124068000,5261139372387,73729,15.3044,5261153259251,29.1913,0,20009,84614,0,0,1,0,0,0.011984,500,500,499,0.998,2.63711,4.80298,0.696913,0.310225,0.0308685,0.024353,3.83771e-05,6.22348e-05,0.0052861,-0.0141254,1,0.00519316,-0.00320236,0.00320236,0.00519316,1,1,-0.000850388,0.00469921,0.00405275,0.000493946,0,0,0,0,0,0,0,0,0,0,0,0,0,0,0,0,0,0,0,0,0,0,0,255,0.21,5.565,0.21,0.00590085,0.00380691,1,1,1,1,0,1,1,0.0916735,-3.28582,0.0828737,0.00714982,0.00492894,-0.0565281,26.5639,20823,1,367,111.016,5206,0,0.000884653,0.00557543,0.0335611,0,0,0,1,499,0.215,3.25605e-05,5.27338e-05,1.13378e-05,-7.00051e-06,1.00274e-05,-8.76715e-06,0.4226,0.0257837,-0.000694599,0.0334653,-0.165047,0.000474969,0.00212397,-0.0135615,14.2246,1,0,0,0,0,0,-1,1,-9.04604e-07,-3.41778e-06,-0.164969,0,26.8336,1,1010,1010,1010,1010,0,0,0,0,26.8374,55,0.0064765,0.00407051,56,-0.0129021,0.0193708,56,0.00261633,0.00526913,56,0.010471,0.00232668,56,0.00974049,-0.000454763,56,0.0125967,0.00753599,56,0.00720295,0.00564377,56,0.00517096,0.00664157,52,-0.00190125,0.0100137
5261153842404,5261140105000,5261140105000,5261153835274,73729,13.7303,5261166618371,26.5134,1,20010,84615,0,0,1,0,0,0.016037,500,500,498,0.996,2.67672,3.69247,0.603838,0.317132,0.00141907,0.0745087,-1.4238e-05,0.000161433,-0.00256809,-0.00785171,1,0.0100663,0.00088782,-0.00088782,0.0100663,1,1,-0.00237411,0.00943121,0.00148629,0.000635105,0,0,0,0,0,0,0,0,0,0,0,0,0,0,0,0,0,0,0,0,0,0,0,255,0.21,0.26041,0.21,0.00220796,0.00691911,1,1,1,1,0,1,1,0.0916735,-3.28582,0.0828737,0.00714982,0.00492894,-0.0565281,39.9241,20823,1,367,124.376,5206,0,0.000884653,0.00557543,0.0335611,0,0,0,1,498,0.215,-1.19983e-05,0.000136837,2.942e-05,2.57964e-06,2.94277e-05,-2.28633e-06,0.42263,0.0257814,-0.000694286,0.0334835,-0.165046,0.000655919,0.00273095,-0.00458811,13.1213,1,0,0,0,0,0,-1,1,-9.04604e-07,-3.41778e-06,-0.164969,0,40.1869,1,1010,1010,1010,1010,0,0,0,0,40.1908,56,0.0082543,0.0174096,56,-0.00655117,0.00589802,56,0.00661742,0.0170155,56,0.00408976,0.00732006,56,0.000381721,0.00856169,56,0.00106362,0.010413,54,-0.00403442,0.0105574,56,-0.00368974,0.0092137,52,-0.00253645,0.00718387
5261167186597,5261152084000,5261152084000,5261167175060,73729,15.0911,5261182171433,30.0874,0,20010,84616,0,0,1,0,0,0.011979,500,500,500,1,2.64291,3.9949,0.675079,0.320336,-0.0426941,-0.00375366,-6.10018e-05,1.99514e-06,-0.00309886,-0.0136815,1,0.000166553,0.0050924,-0.0050924,0.000166553,1,1,-0.0022004,0.000398672,-0.00289199,-0.000232119,0,0,0,0,0,0,0,0,0,0,0,0,0,0,0,0,0,0,0,0,0,0,0,255,0.21,3.4716,0.21,-0.00417399,-0.00363413,1,1,1,1,0,1,1,0.0920496,-3.28604,0.0808586,0.00650865,0.0051347,-0.0587377,3.00897,20824,1,367,139.917,5206,0,0.000884653,0.00557543,0.0335611,0,0,0,1,500,0.215,-5.16868e-05,1.75224e-06,3.76732e-07,1.11127e-05,2.19362e-06,1.09005e-05,0.422632,0.0257923,-0.000691786,0.033461,-0.164742,0.0008738,-0.000998113,0.0106475,2.78676,3,0,0,0,0,0,-1,1,-9.04604e-07,-3.41778e-06,-0.164757,0,3.27486,1,1010,1010,1010,1010,0,0,0,0,3.27902,56,0.00159514,0.0033676,56,-0.00229329,-0.000478494,56,-0.00816054,-0.00752971,56,-0.00666091,0.00403478,56,-0.00560562,0.000751579,56,-0.00015596,0.00038887,56,-0.0114867,0.000285724,56,-0.00858216,0.00508102,52,-0.00926204,0.00311814
5261182707789,5261172087000,5261172087000,5261182701326,73729,10.6143,5261196100242,24.0132,1,20011,84617,0,0,1,0,0,0.020003,500,500,479,0.958,2.65811,3.67688,0.646246,0.302225,-0.0746765,-0.0571289,-0.000190899,-9.61471e-05,-0.0126141,-0.00491081,1,-0.00480663,0.0095435,-0.0095435,-0.00480663,1,1,-0.00647904,-0.0044573,-0.00306446,-0.000349331,0,0,0,0,0,0,0,0,0,0,0,0,0,0,0,0,0,0,0,0,0,0,0,255,0.21,8.61766,0.21,-0.00767271,-0.00568504,1,1,1,1,1,1,1,0.0920496,-3.28604,0.0808586,0.00650865,0.0051347,-0.0587377,16.9531,20824,1,367,153.861,5206,0,0.000884653,0.00557543,0.0335611,0,0,0,1,479,0.215,-0.000161845,-8.15325e-05,-1.75295e-05,3.47968e-05,-1.15789e-05,3.71983e-05,0.42262,0.0258295,-0.000689473,0.0334851,-0.164683,0.000482007,-0.00150213,0.0109274,12.2898,1,0,0,0,0,0,-1,1,-9.04604e-07,-3.41778e-06,-0.164757,0,17.2113,1,1010,1010,1010,1010,0,0,0,0,17.2154,56,-0.0118167,-0.0123849,56,-0.00294558,-0.00169787,37,-0.00741781,-0.00337711,56,-0.0122593,-0.00672521,56,-0.0097698,-0.00453196,54,-0.00889921,-0.00619048,56,-0.00749086,-0.00182445,56,-0.00486247,-0.00831478,52,-0.0124794,-0.00390841
5261196715524,5261180102000,5261180102000,5261196699431,73729,16.5974,5261208601373,28.4994,0,20011,84618,0,0,1,0,0,0.008015,500,500,500,1,2.65804,3.70853,0.623227,0.317577,-0.0320282,-0.0246735,-7.37265e-05,-4.45242e-05,-0.00940219,0.0227758,1,-0.00555511,0.00919856,-0.00919856,-0.00555511,1,1,-0.0078473,-0.00571503,-0.00135127,0.000159918,0,0,0,0,0,0,0,0,0,0,0,0,0,0,0,0,0,0,0,0,0,0,0,255,0.21,2.53006,0.21,-0.00839407,-0.00210525,1,1,1,1,0,1,1,0.0920496,-3.28604,0.0808586,0.00650865,0.0051347,-0.0587377,29.4536,20824,1,367,166.362,5206,0,0.000884653,0.00557543,0.0335611,0,0,0,1,500,0.215,-6.25114e-05,-3.77737e-05,-8.12135e-06,1.34399e-05,-5.80395e-06,1.45888e-05,0.422614,0.0258441,-0.00067633,0.0335164,-0.164682,0.00138371,0.000687649,0.00575532,12.2271,1,0,0,0,0,0,-1,1,-9.04604e-07,-3.41778e-06,-0.164757,0,29.7344,1,1010,1010,1010,1010,0,0,0,0,29.7385,56,-0.00937948,0.0026252,56,-0.0108285,0.0039693,56,-0.0149074,-0.0130743,56,0.00144544,-0.0118219,56,-0.00898824,-0.00958435,56,0.00594513,-0.0125329,56,-0.00920651,-0.0145203,56,-0.0165784,0.00500582,52,-0.0172105,-0.000903739
5261209191785,5261200097000,5261200097000,5261209184304,73729,9.0873,5261222071271,21.9743,1,20012,84619,0,0,1,0,0,0.019995,500,500,492,0.984,2.64889,3.92925,0.586486,0.309095,0.021286,-0.0361404,-1.40997e-05,-6.84883e-05,-0.0108867,0.000378649,1,-0.00342527,0.000705161,-0.000705161,-0.00342527,1,1,-0.000544694,-0.00376444,-0.000160467,0.000339167,0,0,0,0,0,0,0,0,0,0,0,0,0,0,0,0,0,0,0,0,0,0,0,255,0.22,4.86431,0.22,0.00195236,0.113546,1,1,1,1,0,1,1,0.0920496,-3.28604,0.0808586,0.00650865,0.0051347,-0.0587377,42.9408,20824,1,367,179.849,5206,0,0.000884653,0.00557543,0.0335611,0,0,0,1,492,0.225,-1.19043e-05,-5.80661e-05,-1.30649e-05,2.67847e-06,-1.24418e-05,4.78298e-06,0.422602,0.0258488,-0.000674333,0.0335404,-0.164691,0.00142761,0.00152625,0.00171977,13.2308,1,0,0,0,0,0,-1,1,-9.04604e-07,-3.41778e-06,-0.164757,0,43.2066,1,1010,1010,1010,1010,0,0,0,0,43.2108,56,-0.00656597,-0.00461939,56,-0.00319275,-0.000849141,56,0.000768826,-0.0013686,56,0.00220585,-0.00533452,56,0.00266359,-0.00236518,56,0.00160278,-0.00171009,51,0.00117521,-0.00509074,56,5.15954e-07,-0.00392226,49,4.74804e-05,-0.00647423
5261222648035,5261212081000,5261212081000,5261222636628,73729,10.5556,5261237251331,25.1703,0,20012,84620,0,0,1,0,0,0.011984,500,500,500,1,2.6708,4.25125,0.660487,0.32028,-6.86646e-05,-0.03862,3.22415e-05,-4.36728e-05,0.0108365,-0.00816437,1,-0.00364426,-0.00269038,0.00269038,-0.00364426,1,1,0.00218815,-0.00348811,0.000502234,-0.000156147,0,0,0,0,0,0,0,0,0,0,0,0,0,0,0,0,0,0,0,0,0,0,0,255,0.22,7.96308,0.22,0.0015976,0.139055,1,1,1,1,0,1,1,0.0922452,-3.28616,0.0786031,0.00587414,0.00529748,-0.0620441,7.31054,20825,1,367,195.005,5206,0,0.000884653,0.00557543,0.0335611,0,0,0,1,500,0.225,2.74207e-05,-3.70195e-05,-8.32939e-06,-6.16967e-06,-9.22362e-06,-4.72102e-06,0.422593,0.0258441,-0.000662249,0.0335423,-0.164731,0.00160518,-0.000702661,-0.000523902,7.08277,2,0,0,0,0,0,-1,1,-9.04603e-07,-3.41778e-06,-0.164746,0,7.57756,1,1010,1010,1010,1010,0,0,0,0,7.58193,56,0.00323812,-0.000565487,56,-0.00214588,0.00328938,56,0.0102681,-0.0144269,56,0.00509304,-0.00201187,56,-0.000982036,-0.00409602,56,-0.00300134,-0.00591347,56,0.00508532,-0.0112752,56,0.000626662,-0.00763512,52,0.00358345,0.000244473
5261237816261,5261220102000,5261220102000,5261237805150,73729,17.7032,5261249641517,29.5395,0,20012,84621,0,0,1,0,0,0.008021,500,500,452,0.904,2.66398,4.01879,0.642709,0.295373,0.0159302,-0.0341034,4.24352e-05,-2.74167e-05,0.0086812,-0.0185558,1,-0.00341811,-0.00529052,0.00529052,-0.00341811,1,1,0.00458289,-0.00294319,0.000707626,-0.000474929,0,0,0,0,0,0,0,0,0,0,0,0,0,0,0,0,0,0,0,0,0,0,0,255,0.21,3.02197,0.21,0.00146448,-0.00680649,1,1,1,1,1,1,1,0.0922452,-3.28616,0.0786031,0.00587414,0.00529748,-0.0620441,19.714,20825,1,367,12.3947,5207,0,0.000884653,0.00899783,0.0343279,0,0,0,1,452,0.215,3.60264e-05,-2.32267e-05,-4.99374e-06,-7.74567e-06,-6.19391e-06,-6.82191e-06,0.422587,0.0258373,-0.000684574,0.0335514,-0.164809,0.000654039,-0.00204219,-0.001911,5.81234,2,0,0,0,0,0,-1,1,-9.04603e-07,-3.41778e-06,-0.164746,0,19.9687,1,1010,1010,1010,1010,0,0,0,0,19.973,54,0.0189159,-0.00370544,55,0.000276238,0.0251814,56,0.0102367,-0.00698053,56,-0.0091042,-0.0142464,56,0.00663317,-0.0167135,54,0.00760672,-0.0067304,56,0.00180652,0.00267631,55,0.00487469,-0.00506798,10,-0.0127091,0.0204773
5261250266855,5261240102000,5261240102000,5261250260003,73729,10.158,5261263279564,23.1776,1,20013,84622,0,0,1,0,0,0.02,500,500,500,1,2.65987,3.89142,0.661838,0.318743,-0.0196915,-0.0272522,-8.04171e-05,-1.89714e-05,-0.00581046,-0.00878394,1,-0.000948568,0.00402086,-0.00402086,-0.000948568,1,1,-0.00470615,-0.000545728,0.000685292,-0.00040284,0,0,0,0,0,0,0,0,0,0,0,0,0,0,0,0,0,0,0,0,0,0,0,255,0.21,4.93939,0.21,-0.00798084,-0.196728,1,1,1,1,0,1,1,0.0922452,-3.28616,0.0786031,0.00587414,0.00529748,-0.0620441,33.3441,20825,1,367,26.0249,5207,0,0.000884653,0.00899783,0.0343279,0,0,0,1,500,0.215,-6.80991e-05,-1.60832e-05,-3.45788e-06,1.46413e-05,-1.00733e-06,1.501e-05,0.422586,0.0258523,-0.000684574,0.0335514,-0.164809,-1.36069e-05,-0.00173221,-0.00236829,19.4275,0,0,0,0,0,0,-1,1,-9.04603e-07,-3.41778e-06,-0.164746,0,33.6142,1,1010,1010,1010,1010,0,0,0,0,33.6186,56,0.00153228,-0.00282357,56,-0.0111998,0.00148706,56,0.000993926,-0.00142778,56,-0.00199887,-0.0025244,56,-0.00443413,-0.000224661,56,-0.00156102,-0.00207417,56,-0.00404153,-0.00190145,56,-0.00254833,-0.00284156,52,-0.00421375,-0.00146357
5261263861810,5261252080000,5261252080000,5261263849532,73729,11.7695,5261277286578,25.2066,0,20013,84623,0,0,1,0,0,0.011978,500,500,499,0.998,2.63921,3.59442,0.717098,0.349169,-0.0206604,0.0292969,-2.54578e-05,3.73606e-05,0.00724675,0.0082428,1,0.0031191,0.00212538,-0.00212538,0.0031191,1,1,-0.0032793,0.00296629,0.00115392,0.000152812,0,0,0,0,0,0,0,0,0,0,0,0,0,0,0,0,0,0,0,0,0,0,0,255,0.21,8.7666,0.21,-0.00379753,0.00580584,1,1,1,1,0,1,1,0.0922452,-3.28616,0.0786031,0.00587414,0.00529748,-0.0620441,47.3492,20825,1,367,40.0298,5207,0,0.000884653,0.00899783,0.0343279,0,0,0,1,499,0.215,-2.17206e-05,3.16237e-05,6.7991e-06,4.66994e-06,7.46985e-06,3.49051e-06,0.422593,0.0258558,-0.000731066,0.033611,-0.164984,-0.00143264,0.000657094,-0.00511558,13.7289,2,0,0,0,0,0,-1,1,-9.04604e-07,-3.41778e-06,-0.165079,0,0.200095,1,1010,1010,1010,1010,0,0,0,0,0.203909,55,-0.00999614,0.00331237,56,0.0111671,0.000348534,56,-0.00560703,0.00594685,56,-0.00889167,0.00769911,56,0.00146302,0.00187205,56,-0.00182347,0.00160479,56,-0.00164211,0.00371597,56,0.00223818,0.00723372,52,-0.00809376,-0.00082411
5261277849138,5261260098000,5261260098000,5261277838693,73729,17.7407,5261289626319,29.5283,0,20013,84624,0,0,1,0,0,0.008018,500,500,496,0.992,2.66354,3.93394,0.60069,0.312262,-0.00554657,0.0496063,-7.46487e-06,9.84752e-05,0.00855787,-0.00995671,1,0.0122818,0.000931014,-0.000931014,0.0122818,1,1,-0.00230618,0.0119179,0.00137517,0.000363879,0,0,0,0,0,0,0,0,0,0,0,0,0,0,0,0,0,0,0,0,0,0,0,255,0.21,2.46257,0.21,-0.000799985,0.0109561,1,1,1,1,0,1,1,0.0925925,-3.2863,0.0762177,0.0072792,0.00463494,-0.0654851,12.2826,20826,1,367,52.3779,5207,0,0.000884653,0.00899783,0.0343279,0,0,0,1,496,0.215,-6.28959e-06,8.34634e-05,1.79446e-05,1.35226e-06,1.7913e-05,-1.61159e-06,0.422611,0.0258542,-0.000731066,0.033611,-0.164984,-0.00172052,0.00156468,-0.00610699,26.0725,0,0,0,0,0,0,-1,1,-9.04604e-07,-3.41778e-06,-0.165079,0,12.555,1,1010,1010,1010,1010,0,0,0,0,12.5588,56,0.00196062,0.00522967,56,-0.00714008,0.0156468,56,-0.00419463,0.0106376,56,0.0102834,0.00923934,56,-0.00920909,0.00438643,56,0.00524619,0.0135863,52,-0.000989701,0.0201474,56,-0.00106936,-0.0012977,52,0.0107942,0.0212877
5261290207009,5261280100000,5261280100000,5261290201027,73729,10.101,5261303029698,22.9297,1,20014,84625,0,0,1,0,0,0.020002,500,500,482,0.964,2.66646,3.77984,0.664653,0.307521,0.0304642,0.100204,7.89584e-05,0.000186544,0.0049259,0.00228021,1,0.00932629,-0.00394753,0.00394753,0.00932629,1,1,0.0023925,0.00879476,0.00155503,0.000531526,0,0,0,0,0,0,0,0,0,0,0,0,0,0,0,0,0,0,0,0,0,0,0,255,0.21,4.66898,0.21,0.0045394,0.00694468,1,1,1,1,1,1,1,0.0925925,-3.2863,0.0762177,0.0072792,0.00463494,-0.0654851,25.679,20826,1,367,65.774,5207,0,0.000884653,0.00899783,0.0343279,0,0,0,1,482,0.215,6.69126e-05,0.000158078,3.39869e-05,-1.43862e-05,3.11418e-05,-1.97731e-05,0.422642,0.0258344,-0.000725735,0.0336443,-0.165094,8.5006e-05,0.00228556,-0.00528128,13.1152,2,0,0,0,0,0,-1,1,-9.04604e-07,-3.41778e-06,-0.165079,0,25.939,1,1010,1010,1010,1010,0,0,0,0,25.9428,56,0.00448176,0.0102173,54,0.00293949,0.0038386,40,0.00370371,0.00969333,56,0.00339292,0.00983217,56,0.00388889,0.00992199,56,0.00441139,0.00968803,56,0.00461286,0.00918332,56,0.000206955,0.00996873,52,0.00366209,0.00716342
5261303666592,5261292071000,5261292071000,5261303652888,73729,11.5819,5261317475289,25.4043,0,20014,84626,0,0,1,0,0,0.011971,500,500,500,1,2.64522,3.52832,0.684005,0.319317,0.033844,0.00405884,4.19947e-05,1.31624e-05,-0.00148801,0.00225809,1,0.00109952,-0.00350804,0.00350804,0.00109952,1,1,0.00319934,0.00106782,0.000308705,3.16965e-05,0,0,0,0,0,0,0,0,0,0,0,0,0,0,0,0,0,0,0,0,0,0,0,255,0.21,7.17394,0.21,0.00464969,-0.0017959,1,1,1,1,0,1,1,0.0925925,-3.2863,0.0762177,0.0072792,0.00463494,-0.0654851,40.123,20826,1,367,80.2181,5207,0,0.000884653,0.00899783,0.0343279,0,0,0,1,500,0.215,3.56598e-05,1.11481e-05,2.39683e-06,-7.66685e-06,1.10311e-06,-7.95631e-06,0.422643,0.0258265,-0.000723425,0.0336272,-0.165091,0.0012083,0.000136295,-9.53012e-05,14.2021,1,0,0,0,0,0,-1,1,-9.04604e-07,-3.41778e-06,-0.165079,0,40.4005,1,1010,1010,1010,1010,0,0,0,0,40.4043,56,0.00840733,0.00572258,56,-0.00956243,-0.00325222,56,0.0104903,0.00511118,56,0.00349252,0.000634295,56,0.000426513,-0.00428711,56,0.00522073,0.00119982,56,0.00445774,-0.00139783,56,0.00792162,0.00337907,52,0.00762687,0.000465472
5261318051608,5261300096000,5261300096000,5261318039571,73729,17.9436,5261330329682,30.2337,0,20014,84627,0,0,1,0,0,0.008025,500,500,500,1,2.64226,4.00316,0.684209,0.324965,0.00909424,-0.0166321,4.00514e-06,3.97105e-06,-0.00343809,-0.0174084,1,0.000494835,-0.000499083,0.000499083,0.000494835,1,1,0.00138069,0.000728601,-0.000881611,-0.000233766,0,0,0,0,0,0,0,0,0,0,0,0,0,0,0,0,0,0,0,0,0,0,0,255,0.21,2.05233,0.21,0.000701405,-0.0038282,1,1,1,1,0,1,1,0.0930094,-3.28649,0.0737013,0.00669934,0.00559829,-0.0685654,1.0163,20827,1,367,93.0644,5207,0,0.000884653,0.00899783,0.0343279,0,0,0,1,500,0.215,3.46081e-06,3.33653e-06,7.17353e-07,-7.44074e-07,5.85008e-07,-8.51734e-07,0.422644,0.0258256,-0.000694823,0.03361,-0.165005,0.00162203,-0.00100519,0.00433037,0.793432,3,0,0,0,0,0,-1,1,-9.04604e-07,-3.41778e-06,-0.16502,0,1.28075,1,1010,1010,1010,1010,0,0,0,0,1.28494,56,0.00518011,-0.0109699,56,-0.0154442,0.0247893,56,0.0136923,-0.00576003,56,0.00630049,-0.00517327,56,0.0077688,-0.00345883,56,-0.00593606,-0.00762456,56,-0.00146162,-0.00173566,56,-0.00355685,0.00673965,52,0.00622903,-0.00153992
5261330877538,5261320098000,5261320098000,5261330871686,73729,10.7737,5261343476485,23.3785,1,20015,84628,0,0,1,0,0,0.020002,500,500,458,0.916,2.65665,3.75471,0.667931,0.295558,0.0056839,-0.0184174,-3.34993e-05,-3.3537e-05,-0.00836062,-0.00247589,1,-0.00167668,0.0016748,-0.0016748,-0.00167668,1,1,-0.000526824,-0.00162609,-0.00114797,-5.05887e-05,0,0,0,0,0,0,0,0,0,0,0,0,0,0,0,0,0,0,0,0,0,0,0,255,0.21,4.71229,0.21,-0.00196785,-0.000706759,1,1,1,1,0,1,1,0.0930094,-3.28649,0.0737013,0.00669934,0.00559829,-0.0685654,14.1744,20827,1,367,106.222,5207,0,0.000884653,0.00899783,0.0343279,0,0,0,1,458,0.215,-2.83464e-05,-2.83965e-05,-6.10524e-06,6.09447e-06,-5.018e-06,7.01398e-06,0.422639,0.0258326,-0.000694823,0.03361,-0.165005,0.00131146,-0.000217531,0.00499819,13.9507,0,0,0,0,0,0,-1,1,-9.04604e-07,-3.41778e-06,-0.16502,0,14.4341,1,1010,1010,1010,1010,0,0,0,0,14.4383,53,0.00122316,-0.000323032,56,0.00434849,-0.00482025,56,0.00025274,0.00111719,55,-0.00245305,-0.000172544,56,-0.00337996,-0.00585498,56,0.00093824,-0.000223501,22,-0.000179659,-0.000259713,56,-0.00140796,-0.0045494,48,-0.00444104,0.00128378
5261344064879,5261332073000,5261332073000,5261344053101,73729,11.9801,5261359170975,27.098,0,20015,84629,0,0,1,0,0,0.011975,500,500,465,0.93,2.66202,3.62134,0.654505,0.323206,-0.0402679,0.0106812,-5.05946e-05,2.24877e-05,-0.00391728,-0.00448754,1,0.00187789,0.00422502,-0.00422502,0.00187789,1,1,-0.00332844,0.00165338,-0.000896578,0.000224505,0,0,0,0,0,0,0,0,0,0,0,0,0,0,0,0,0,0,0,0,0,0,0,255,0.21,7.72276,0.21,-0.00576138,0.00212761,1,1,1,1,1,1,1,0.0930094,-3.28649,0.0737013,0.00669934,0.00559829,-0.0685654,29.8644,20827,1,367,121.913,5207,0,0.000884653,0.00899783,0.0343279,0,0,0,1,465,0.215,-4.28661e-05,1.90555e-05,4.09694e-06,9.21621e-06,5.55237e-06,8.41866e-06,0.422644,0.025841,-0.000698354,0.0336198,-0.164975,0.000781265,0.000965372,0.00370924,14.02,2,0,0,0,0,0,-1,1,-9.04604e-07,-3.41778e-06,-0.16502,0,30.1188,1,1010,1010,1010,1010,0,0,0,0,30.123,54,-0.0044809,0.00131468,55,-0.0100632,0.0117903,29,-0.0175272,-0.0083234,56,-0.00862552,-0.000904458,56,-0.0082871,0.00451468,52,0.00965684,0.00111512,55,-0.00219668,0.0043628,56,-0.00760658,0.00168849,52,-0.00748201,0.00453359
5261359752016,5261352080000,5261352080000,5261359745738,73729,7.66574,5261372579687,20.4997,1,20016,84630,0,0,1,0,0,0.020007,500,500,500,1,2.63165,3.86899,0.662598,0.342781,-0.0555573,-0.0537491,-0.000124593,-0.00013274,-0.00199189,0.00992524,1,-0.00663465,0.00622749,-0.00622749,-0.00663465,1,1,-0.00575139,-0.00647512,-0.000476096,-0.000159536,0,0,0,0,0,0,0,0,0,0,0,0,0,0,0,0,0,0,0,0,0,0,0,255,0.21,3.14489,0.21,-0.00593978,-0.00523181,1,1,1,1,0,1,1,0.0930094,-3.28649,0.0737013,0.00669934,0.00559829,-0.0685654,43.2983,20827,1,367,135.346,5207,0,0.000884653,0.00899783,0.0343279,0,0,0,1,500,0.215,-0.000105649,-0.000112517,-2.41912e-05,2.27146e-05,-2.01187e-05,2.63774e-05,0.422624,0.0258674,-0.000719771,0.0335925,-0.165002,-0.000673,-0.000686006,0.00109937,13.1453,1,0,0,0,0,0,-1,1,-9.04604e-07,-3.41778e-06,-0.16502,0,43.5724,1,1010,1010,1010,1010,0,0,0,0,43.5766,56,-0.00475793,-0.0096009,56,-0.00547104,-0.000286453,56,-0.00432126,-0.00131819,56,-0.00845961,-0.00472826,56,-0.0050777,-0.00582989,56,-0.00406612,-0.00657906,56,-0.00588371,-0.0091603,56,-0.00700947,-0.00734085,52,-0.00356593,-0.00901655
5261373174691,5261360090000,5261360090000,5261373164599,73729,13.0746,5261385108245,25.0182,0,20016,84631,0,0,1,0,0,0.00801,500,500,500,1,2.66237,3.99514,0.65369,0.316465,-0.0264893,-0.0293503,-3.16171e-05,-2.69261e-05,0.0067789,-0.00508247,1,-0.00336156,0.0039472,-0.0039472,-0.00336156,1,1,-0.00442596,-0.00283857,0.000478758,-0.000522993,0,0,0,0,0,0,0,0,0,0,0,0,0,0,0,0,0,0,0,0,0,0,0,255,0.21,6.07267,0.21,-0.0049588,-0.00495451,1,1,1,1,0,1,1,0.0933222,-3.28663,0.0712908,0.00621052,0.00514899,-0.0705301,5.69388,20828,1,367,147.85,5207,0,0.000884653,0.00899783,0.0343279,0,0,0,1,500,0.215,-2.68499e-05,-2.28412e-05,-4.91085e-06,5.77273e-06,-3.8926e-06,6.50098e-06,0.42262,0.0258739,-0.000746261,0.0335567,-0.165121,-0.000966481,-0.00224887,-0.00242011,5.45763,2,0,0,0,0,0,-1,1,-9.04604e-07,-3.41778e-06,-0.165137,0,5.96473,1,1010,1010,1010,1010,0,0,0,0,5.97101,56,-0.00994468,0.00252746,56,0.000747881,-0.0038622,56,-0.000219162,-0.00874024,56,-0.00189104,-0.00880835,56,-0.0107217,-0.00180481,56,-0.00200658,-0.0109597,56,-0.00434524,-0.00514056,56,-0.00471784,-0.00988558,52,-0.0147307,0.005434
5261385682990,5261368109000,5261368109000,5261385674027,73729,17.565,5261398451920,30.3429,0,20016,84632,0,0,1,0,0,0.008019,500,500,498,0.996,2.64682,3.66705,0.594764,0.320021,0.00147247,-0.0343628,6.24056e-06,-5.23471e-05,0.00191655,-0.00811417,1,-0.00652788,-0.000778222,0.000778222,-0.00652788,1,1,-0.000698634,-0.00655233,0.00147686,2.44504e-05,0,0,0,0,0,0,0,0,0,0,0,0,0,0,0,0,0,0,0,0,0,0,0,255,0.21,8.65197,0.21,0.000428688,-0.00563702,1,1,1,1,0,1,1,0.0933222,-3.28663,0.0712908,0.00621052,0.00514899,-0.0705301,19.041,20828,1,367,161.198,5207,0,0.000884653,0.00899783,0.0343279,0,0,0,1,498,0.215,5.31822e-06,-4.43487e-05,-9.53497e-06,-1.14342e-06,-9.58786e-06,4.39197e-07,0.422611,0.0258744,-0.000741504,0.0335774,-0.165191,0.00049282,0.000105137,-0.00468613,13.0869,1,0,0,0,0,0,-1,1,-9.04604e-07,-3.41778e-06,-0.165137,0,19.3049,1,1010,1010,1010,1010,0,0,0,0,19.3112,56,-0.000834136,-0.00493232,56,0.00278065,0.00138774,54,0.00394468,-0.0069933,56,0.00176007,-0.00369922,56,-0.000488009,-0.00960837,56,0.00198204,-0.00676303,56,-0.010615,-0.0101902,56,0.00106849,-0.0090903,52,0.00902557,-0.00927051
5261399020979,5261388106000,5261388106000,5261399014331,73729,10.9083,5261412059819,23.9538,1,20017,84633,0,0,1,0,0,0.019997,500,500,499,0.998,2.65185,3.91644,0.596523,0.314372,0.025589,0.0126343,3.82726e-05,3.75541e-06,0.0110608,-0.000663356,1,0.000187799,-0.00191392,0.00191392,0.000187799,1,1,0.000373628,-0.000255111,0.00154029,0.00044291,0,0,0,0,0,0,0,0,0,0,0,0,0,0,0,0,0,0,0,0,0,0,0,255,0.21,1.80686,0.21,0.00312616,0.00287358,1,1,1,1,1,1,1,0.0933222,-3.28663,0.0712908,0.00621052,0.00514899,-0.0705301,32.6623,20828,1,367,174.819,5207,0,0.000884653,0.00899783,0.0343279,0,0,0,1,499,0.215,3.24856e-05,3.21152e-06,6.90477e-07,-6.98441e-06,-4.68047e-07,-7.00281e-06,0.42261,0.0258674,-0.000739917,0.0336026,-0.165247,0.000869677,0.00190451,-0.00460285,13.331,1,0,0,0,0,0,-1,1,-9.04604e-07,-3.41778e-06,-0.165137,0,32.9466,1,1010,1010,1010,1010,0,0,0,0,32.9528,55,0.010722,-0.00234749,56,-0.00558913,0.00370637,56,0.00369386,0.00345405,56,0.00130019,0.000446181,56,0.00591064,8.24079e-05,56,0.00137846,0.000929354,56,0.00806409,0.000916068,56,0.00436509,0.00129967,52,-0.00289139,0.00302381
5261412704138,5261400090000,5261400090000,5261412693898,73729,12.6039,5261426643392,26.5534,0,20017,84634,0,0,1,0,0,0.011984,500,500,498,0.996,2.65189,3.59503,0.693728,0.316965,0.0387115,0.0271301,5.37022e-05,2.77502e-05,-0.00572899,0.00954402,1,0.00231561,-0.00448116,0.00448116,0.00231561,1,1,0.0032206,0.00189234,0.00126057,0.000423271,0,0,0,0,0,0,0,0,0,0,0,0,0,0,0,0,0,0,0,0,0,0,0,255,0.21,5.33654,0.21,0.00464367,0.00285685,1,1,1,1,0,1,1,0.0933222,-3.28663,0.0712908,0.00621052,0.00514899,-0.0705301,47.2319,20828,1,367,189.389,5207,0,0.000884653,0.00899783,0.0343279,0,0,0,1,498,0.215,4.55273e-05,2.34972e-05,5.05189e-06,-9.78836e-06,3.37006e-06,-1.04857e-05,0.422614,0.0258569,-0.000725474,0.0336148,-0.165275,0.00164285,0.00182006,-0.00302207,14.3058,1,0,0,0,0,0,-1,1,-9.04604e-07,-3.41778e-06,-0.165137,0,47.4999,1,1010,1010,1010,1010,0,0,0,0,0.224335,55,-0.00451246,0.00552317,55,0.01519,-0.004533,56,0.00456649,0.00628118,56,0.0109027,0.00267662,56,0.00414556,-0.00345402,56,0.00286127,0.004971,56,0.00527446,-0.00020377,56,-0.000845968,0.00322604,52,0.0103091,0.00560587
5261427220822,5261408115000,5261408115000,5261427210581,73729,19.0956,5261439047986,30.933,0,20017,84635,0,0,1,0,0,0.008025,500,500,499,0.998,2.64491,3.88031,0.667727,0.316762,0.0231323,0.0282593,5.05065e-05,6.50087e-05,0.00133942,-0.0154626,1,0.00810077,-0.00629365,0.00629365,0.00810077,1,1,0.00658437,0.00811601,-0.000290728,-1.52358e-05,0,0,0,0,0,0,0,0,0,0,0,0,0,0,0,0,0,0,0,0,0,0,0,255,0.21,-0.426466,0.21,0.00458103,0.00338864,1,1,1,1,0,1,1,0.0936011,-3.2868,0.0688138,0.00710142,0.00506446,-0.0732087,12.3511,20829,1,367,3.75868,5208,0,0.000884653,0.0118736,0.0333043,0,0,0,1,499,0.215,4.28614e-05,5.51274e-05,1.18524e-05,-9.2152e-06,1.01688e-05,-1.10382e-05,0.422624,0.0258458,-0.000721525,0.0336186,-0.165236,0.0012054,-6.55138e-05,0.00196443,3.53292,3,0,0,0,0,0,-1,1,-9.04604e-07,-3.41778e-06,-0.165265,0,4.08127,1,1010,1010,1010,1010,0,0,0,0,12.6246,56,0.0222856,0.00988449,55,0.00699742,0.01221,56,0.00196347,0.000151835,56,0.000550932,0.00801254,56,0.00665349,0.0105961,56,0.0125892,0.014139,56,0.00291009,0.00872501,56,0.0014285,0.0100964,52,0.00406801,0.00297002
5261439605434,5261428134000,5261428134000,5261439599545,73729,11.4655,5261452974832,24.8408,1,20018,84636,0,0,1,0,0,0.020019,500,500,500,1,2.61846,3.97996,0.692505,0.345725,0.0128784,0.0126953,-2.99369e-05,3.33923e-05,-0.00672081,-0.00489878,1,0.00166803,0.00149543,-0.00149543,0.00166803,1,1,-0.000701229,0.0018522,-0.000794196,-0.000184166,0,0,0,0,0,0,0,0,0,0,0,0,0,0,0,0,0,0,0,0,0,0,0,255,0.21,1.78227,0.21,-0.00132877,-0.000279607,1,1,1,1,0,1,1,0.0936011,-3.2868,0.0688138,0.00710142,0.00506446,-0.0732087,26.3035,20829,1,367,17.7113,5208,0,0.000884653,0.0118736,0.0333043,0,0,0,1,500,0.215,-2.53213e-05,2.82689e-05,6.0778e-06,5.44409e-06,6.88698e-06,4.37081e-06,0.422631,0.0258502,-0.000721525,0.0336186,-0.165236,0.000702094,-0.000791912,0.00329371,17.4588,0,0,0,0,0,0,-1,1,-9.04604e-07,-3.41778e-06,-0.165265,0,18.0337,1,1010,1010,1010,1010,0,0,0,0,26.577,56,-0.00517503,0.00312662,56,-0.00329533,0.000802648,56,0.00569606,0.00191402,56,0.000272694,0.00213923,56,0.000744034,0.000521913,56,0.000214892,0.00239291,56,-0.000285915,0.00255666,56,0.00282456,-0.00212499,52,-0.00490798,0.00343556
5261453575096,5261440090000,5261440090000,5261453562929,73729,13.4729,5261466855140,26.7651,0,20018,84637,0,0,1,0,0,0.011956,500,500,449,0.898,2.65847,3.62616,0.636505,0.287336,-0.0112915,0.0223083,-1.40584e-05,4.16528e-05,0.00356654,0.00397962,1,0.00348384,0.00117585,-0.00117585,0.00348384,1,1,-0.000576808,0.00343615,-0.000599038,4.76897e-05,0,0,0,0,0,0,0,0,0,0,0,0,0,0,0,0,0,0,0,0,0,0,0,255,0.21,5.58802,0.21,-0.00316545,0.00307723,1,1,1,1,1,1,1,0.0936011,-3.2868,0.0688138,0.00710142,0.00506446,-0.0732087,40.1627,20829,1,367,31.5704,5208,0,0.000884653,0.0118736,0.0333043,0,0,0,1,449,0.215,-1.19068e-05,3.52861e-05,7.58651e-06,2.55996e-06,7.89997e-06,1.27786e-06,0.422639,0.0258515,-0.000741944,0.0336604,-0.165245,-3.60612e-05,0.000205066,0.00203184,12.2011,2,0,0,0,0,0,-1,1,-9.04604e-07,-3.41778e-06,-0.165265,0,31.8758,1,1010,1010,1010,1010,0,0,0,0,40.4191,56,-0.00169581,0.00266763,56,-0.00133915,0.00251456,10,0.000948691,-0.00476633,56,0.000790111,0.00362166,56,-0.0048254,0.00108098,51,-0.00242324,0.000805012,56,0.000820442,0.00364702,56,-0.0112246,0.00659227,52,-0.000431431,0.0115601
5261467471460,5261448114000,5261448114000,5261467458404,73729,19.3444,5261478853287,30.7393,0,20018,84638,0,0,1,0,0,0.008024,500,500,451,0.902,2.61876,3.78651,0.654172,0.28978,-0.00408936,0.0117188,2.05983e-05,3.27531e-05,0.00520498,-0.0160151,1,0.00408189,-0.00256709,0.00256709,0.00408189,1,1,0.0026744,0.00370895,-0.000107307,0.000372939,0,0,0,0,0,0,0,0,0,0,0,0,0,0,0,0,0,0,0,0,0,0,0,255,0.21,-0.788672,0.21,-0.000531124,0.00325759,1,1,1,1,0,1,1,0.0936011,-3.2868,0.0688138,0.00710142,0.00506446,-0.0732087,52.1588,20829,1,367,43.5665,5208,0,0.000884653,0.0118736,0.0333043,0,0,0,1,451,0.215,1.74907e-05,2.78402e-05,5.98565e-06,-3.7605e-06,5.28217e-06,-4.69345e-06,0.422644,0.0258468,-0.000736188,0.033681,-0.165267,0.00010352,0.00160364,0.00045195,11.7464,1,0,0,0,0,0,-1,1,-9.04604e-07,-3.41778e-06,-0.165308,0,0.23602,1,1010,1010,1010,1010,0,0,0,0,0.240057,55,0.0178717,0.00775885,55,-0.00606329,-0.0131196,18,0.0127715,0.00591997,56,-0.00352951,0.00253438,56,-0.00262829,0.00417609,47,-0.00136292,0.00439287,56,-0.00442815,0.00786681,56,0.0027367,0.0173605,52,0.0023925,-0.00132122
5261479399865,5261468112000,5261468112000,5261479394476,73729,11.2825,5261491888644,23.7766,1,20019,84639,0,0,1,0,0,0.019998,500,500,500,1,2.60765,3.95831,0.673209,0.316483,-0.0226593,-0.0100403,-5.39235e-05,-9.78884e-06,0.00109632,0.00151918,1,-0.000489491,0.00269644,-0.00269644,-0.000489491,1,1,-0.00292109,-0.00062825,0.000224649,0.000138759,0,0,0,0,0,0,0,0,0,0,0,0,0,0,0,0,0,0,0,0,0,0,0,255,0.21,0.97973,0.21,-0.00213393,-0.00114268,1,1,1,1,0,1,1,0.0937771,-3.28694,0.0661594,0.00510308,0.00572969,-0.0769514,13.0451,20830,1,367,56.626,5208,0,0.000884653,0.0118736,0.0333043,0,0,0,1,500,0.215,-4.57598e-05,-8.40539e-06,-1.80716e-06,9.83836e-06,-1.62954e-07,1.00015e-05,0.422644,0.0258568,-0.000735637,0.0336787,-0.165292,0.000910583,0.000596664,-4.43278e-05,12.7943,1,0,0,0,0,0,-1,1,-9.04604e-07,-3.41778e-06,-0.165308,0,13.3264,1,1010,1010,1010,1010,0,0,0,0,13.3304,56,-0.0126292,-0.00848251,56,-0.00309609,0.01234,56,-0.000527229,-0.00286766,56,0.000590976,-0.00234777,56,-0.00515524,0.00122749,56,0.00349426,-0.00231405,56,0.000251817,-0.00176016,56,0.000202029,-0.00514933,52,-0.00477048,0.00219988
5261492494427,5261480089000,5261480089000,5261492481612,73729,12.3926,5261506986259,26.8973,0,20019,84640,0,0,1,0,0,0.011977,500,500,498,0.996,2.65835,4.63774,0.631968,0.318892,0.00675964,-0.0379868,-2.17687e-05,-9.29462e-05,-0.00703408,0.00868632,1,-0.00776039,0.00181754,-0.00181754,-0.00776039,1,1,-0.00237484,-0.00748238,0.000557292,-0.000278008,0,0,0,0,0,0,0,0,0,0,0,0,0,0,0,0,0,0,0,0,0,0,0,255,0.21,3.93044,0.21,-6.76063e-05,-0.00659822,1,1,1,1,0,1,1,0.0937771,-3.28694,0.0661594,0.00510308,0.00572969,-0.0769514,28.1178,20830,1,367,71.6986,5208,0,0.000884653,0.0118736,0.0333043,0,0,0,1,498,0.215,-1.84396e-05,-7.87651e-05,-1.69345e-05,3.96452e-06,-1.60417e-05,6.69592e-06,0.422628,0.0258635,-0.000727706,0.0336697,-0.165329,0.00134621,-0.00119543,-0.000840117,14.8054,1,0,0,0,0,0,-1,1,-9.04604e-07,-3.41778e-06,-0.165308,0,28.385,1,1010,1010,1010,1010,0,0,0,0,28.389,54,0.00310798,-0.0016505,56,0.0019793,-0.0255157,56,-0.00574306,0.00151354,56,-0.000341049,-0.0076768,56,0.00299537,-0.00851736,56,-0.000762009,-0.00374135,56,0.00210623,-0.0110844,56,-0.00695808,-0.00908081,52,0.00566878,-0.00830384
5261507561726,5261488115000,5261488115000,5261507549578,73729,19.4346,5261519362500,31.2475,0,20019,84641,0,0,1,0,0,0.008026,500,500,500,1,2.63272,3.72477,0.665876,0.314706,0.013298,-0.0443039,4.05885e-05,-7.4474e-05,0.00938244,-0.000670669,1,-0.00927909,-0.00505712,0.00505712,-0.00927909,1,1,0.00433462,-0.00877603,0.000722499,-0.000503055,0,0,0,0,0,0,0,0,0,0,0,0,0,0,0,0,0,0,0,0,0,0,0,255,0.21,8.83371,0.21,0.00176245,-0.00852432,1,1,1,1,1,1,1,0.0937771,-3.28694,0.0661594,0.00510308,0.00572969,-0.0769514,40.4944,20830,1,367,84.0755,5208,0,0.000884653,0.0118736,0.0333043,0,0,0,1,500,0.215,3.43801e-05,-6.30907e-05,-1.35645e-05,-7.39172e-06,-1.45887e-05,-5.05861e-06,0.422613,0.0258584,-0.000743549,0.0336545,-0.165412,0.000431593,-0.00216314,-0.00214012,12.1034,2,0,0,0,0,0,-1,1,-9.04604e-07,-3.41778e-06,-0.165308,0,40.7722,1,1010,1010,1010,1010,0,0,0,0,40.7762,56,0.00796183,-0.0193695,56,-0.00407449,-0.00669576,56,0.00148853,-0.00887545,56,0.00920411,-0.0105637,56,0.00502059,-0.0038981,56,0.00238654,-0.0153583,56,0.00761974,-0.00910902,56,0.00119441,-0.00751757,52,-0.0100772,-0.0118435
5261520026505,5261508111000,5261508111000,5261519998931,73729,11.8879,5261534999859,26.8889,1,20020,84642,0,0,1,0,0,0.019996,500,500,498,0.996,2.63083,4.09746,0.695264,0.318336,-0.0274963,-0.0254898,-6.95396e-05,-2.29992e-05,-0.00326435,-0.00313649,1,-0.00115019,0.00347768,-0.00347768,-0.00115019,1,1,-0.00365597,-0.00123967,0.000178295,8.94817e-05,0,0,0,0,0,0,0,0,0,0,0,0,0,0,0,0,0,0,0,0,0,0,0,255,0.21,0.999581,0.21,-0.00298959,0.0001417,1,1,1,1,0,1,1,0.0938324,-3.28705,0.0633551,0.00554003,0.00594063,-0.0805403,5.29004,20831,1,367,99.7072,5208,0,0.000884653,0.0118736,0.0333043,0,0,0,1,498,0.215,-5.89599e-05,-1.95123e-05,-4.19515e-06,1.26764e-05,-2.04818e-06,1.31939e-05,0.422611,0.0258716,-0.000766806,0.0336947,-0.165443,-0.000402959,0.000384771,-0.000935702,5.06452,2,0,0,0,0,0,-1,1,-9.04604e-07,-3.41778e-06,-0.16546,0,5.55173,1,1010,1010,1010,1010,0,0,0,0,5.55599,55,-0.00429926,-0.00223083,55,0.00077688,0.00673968,56,-0.00317213,-0.00403519,56,-0.00726422,-0.00501917,56,-0.00429604,-0.00160878,56,-0.00323817,0.00161934,56,-0.00196643,-0.00283115,56,0.00229378,-0.0028913,52,-0.00258326,-0.00189247
5261535528197,5261520090000,5261520090000,5261535517808,73729,15.4278,5261549340820,29.2508,0,20020,84643,0,0,1,0,0,0.011979,500,500,498,0.996,2.62798,3.59693,0.672042,0.325743,-0.00497437,0.0034256,-8.18556e-07,2.79862e-05,0.0104895,-0.0112826,1,0.00233627,6.83326e-05,-6.83326e-05,0.00233627,1,1,0.000332682,0.00210239,-0.000401014,0.000233883,0,0,0,0,0,0,0,0,0,0,0,0,0,0,0,0,0,0,0,0,0,0,0,255,0.22,6.35942,0.22,-3.70354e-05,0.0394368,1,1,1,1,0,1,1,0.0938324,-3.28705,0.0633551,0.00554003,0.00594063,-0.0805403,19.6365,20831,1,367,114.054,5208,0,0.000884653,0.0118736,0.0333043,0,0,0,1,498,0.225,-7.21457e-07,2.37084e-05,5.33438e-06,1.62328e-07,5.28529e-06,-7.17879e-07,0.422616,0.0258709,-0.00077844,0.0337193,-0.165438,-0.000374152,0.00105247,0.00114433,14.1124,1,0,0,0,0,0,-1,1,-9.04604e-07,-3.41778e-06,-0.16546,0,19.9083,1,1010,1010,1010,1010,0,0,0,0,19.9126,56,-0.000215134,0.00219444,54,0.0021643,0.00979859,56,-0.00132965,7.2933e-06,56,0.00660568,0.00411409,56,0.00154382,0.00326736,56,0.00499912,-0.00213234,56,-0.0040235,0.00769731,56,-0.00282293,-0.00206396,52,-0.00772904,-0.0012064
5261549915565,5261540090000,5261540090000,5261549908972,73729,9.81897,5261562632661,22.5427,1,20021,84644,0,0,1,0,0,0.02,500,500,466,0.932,2.64132,3.8854,0.640301,0.301336,-0.0106277,0.0466766,-3.2709e-05,7.08889e-05,-0.00150187,0.00491156,1,0.00354444,0.00163545,-0.00163545,0.00354444,1,1,-0.00121952,0.00333719,-0.00041593,0.000207248,0,0,0,0,0,0,0,0,0,0,0,0,0,0,0,0,0,0,0,0,0,0,0,255,0.21,0.456411,0.21,0.00252714,-0.0214924,1,1,1,1,0,1,1,0.0938324,-3.28705,0.0633551,0.00554003,0.00594063,-0.0805403,32.9519,20831,1,367,127.369,5208,0,0.000884653,0.0118736,0.0333043,0,0,0,1,466,0.215,-2.77209e-05,6.00679e-05,1.29146e-05,5.95999e-06,1.37123e-05,3.75313e-06,0.42263,0.0258747,-0.00076827,0.0337366,-0.16543,0.000577682,0.000891168,0.00189294,13.0406,1,0,0,0,0,0,-1,1,-9.04604e-07,-3.41778e-06,-0.16546,0,33.2074,1,1010,1010,1010,1010,0,0,0,0,33.2116,55,-0.000161624,0.00602735,56,-0.00426539,0.00847206,23,0.00184625,0.0020995,56,-0.00219063,0.00388815,56,-0.00317183,-0.000821452,56,-0.00169327,0.00285631,56,0.000577183,0.00309243,56,-0.00220265,0.00641361,52,-6.69798e-05,0.00158599
5261563221017,5261548109000,5261548109000,5261563209202,73729,15.1002,5261574822605,26.7136,0,20021,84645,0,0,1,0,0,0.008019,500,500,496,0.992,2.63211,3.58836,0.585578,0.317428,0.0137177,-0.00012207,4.38971e-05,2.93882e-06,0.00522743,0.00282959,1,0.000366483,-0.00547414,0.00547414,0.000366483,1,1,0.0057816,0.000306618,-0.000307461,5.98646e-05,0,0,0,0,0,0,0,0,0,0,0,0,0,0,0,0,0,0,0,0,0,0,0,255,0.21,3.57297,0.21,0.00319915,-0.000350567,1,1,1,1,1,1,1,0.0938324,-3.28705,0.0633551,0.00554003,0.00594063,-0.0805403,45.1201,20831,1,367,139.537,5208,0,0.000884653,0.0118736,0.0333043,0,0,0,1,496,0.215,3.71576e-05,2.50037e-06,5.37579e-07,-7.98888e-06,-7.85458e-07,-7.96831e-06,0.422629,0.0258667,-0.000765543,0.0337421,-0.165433,0.00123695,0.000257418,0.00204723,11.9196,1,0,0,0,0,0,-1,1,-9.04604e-07,-3.41778e-06,-0.16546,0,45.394,1,1010,1010,1010,1010,0,0,0,0,0.229983,55,-0.00633118,-0.00352099,53,0.0270221,-0.00608708,56,0.000478231,0.00211252,56,-0.00723651,0.00454481,56,0.00473625,-0.00502407,56,-0.00505274,0.00476252,56,0.00518359,0.00248478,56,0.0121235,-0.00342182,52,0.0115839,0.00450855
5261575447165,5261560084000,5261560084000,5261575433924,73729,15.3499,5261587984871,27.9009,0,20021,84646,0,0,1,0,0,0.011975,500,500,477,0.954,2.63469,3.7754,0.685765,0.307317,0.0206909,0.00918579,-1.46452e-06,1.37172e-06,-0.00962466,0.0155781,1,0.000114549,0.000122298,-0.000122298,0.000114549,1,1,-0.000491434,0.000234768,0.000369137,-0.000120219,0,0,0,0,0,0,0,0,0,0,0,0,0,0,0,0,0,0,0,0,0,0,0,255,0.21,5.14545,0.21,0.0017876,0.000309823,1,1,1,1,0,1,1,0.093837,-3.28718,0.0607224,0.00490299,0.00598131,-0.0838321,2.66908,20832,1,367,152.718,5208,0,0.000884653,0.0118736,0.0333043,0,0,0,1,477,0.215,-1.24483e-06,1.06788e-06,2.29595e-07,2.67638e-07,2.70421e-07,2.26171e-07,0.42263,0.0258669,-0.000738181,0.033765,-0.165532,0.00159281,-0.000516942,4.42001e-06,2.39292,3,0,0,0,0,0,-1,1,-9.04604e-07,-3.41778e-06,-0.165498,0,2.92917,1,1010,1010,1010,1010,0,0,0,0,13.3967,56,-0.00981798,0.00370366,54,0.000594458,0.00353523,56,0.000111432,0.00766309,56,0.0102232,-0.0059617,56,0.00533031,-0.00115303,56,0.000141492,0.0045456,56,0.00501846,-0.00607178,55,-0.00113575,-0.0010517,32,0.00352467,-0.00406208
5261588578042,5261576131000,5261576131000,5261588571301,73729,12.4403,5261601543547,25.4125,1,20022,84647,0,0,1,0,0,0.016047,500,500,500,1,2.63058,3.72623,0.688783,0.318021,0.037056,-0.0261688,7.21483e-05,-7.21423e-05,0.00133755,-0.000793057,1,-0.00449569,-0.00449606,0.00449606,-0.00449569,1,1,0.00363382,-0.00455812,0.000862241,6.2429e-05,0,0,0,0,0,0,0,0,0,0,0,0,0,0,0,0,0,0,0,0,0,0,0,255,0.21,8.6506,0.21,0.00187808,-0.00288907,1,1,1,1,0,1,1,0.093837,-3.28718,0.0607224,0.00490299,0.00598131,-0.0838321,16.2123,20832,1,367,166.261,5208,0,0.000884653,0.0118736,0.0333043,0,0,0,1,500,0.215,6.1196e-05,-6.11068e-05,-1.3138e-05,-1.31572e-05,-1.51187e-05,-1.08137e-05,0.422614,0.0258561,-0.000738181,0.033765,-0.165532,0.00151703,0.000268445,-0.00175249,15.9409,0,0,0,0,0,0,-1,1,-9.04604e-07,-3.41778e-06,-0.165498,0,16.4853,1,1010,1010,1010,1010,0,0,0,0,26.9528,56,0.0107624,-0.0104505,56,0.0102162,-0.0144589,56,0.00247092,-0.0038648,56,0.00359847,0.00029533,56,-6.65508e-05,-0.0018687,56,0.00479119,-0.00262416,56,0.00521335,0.000776708,56,0.00330234,-0.00444249,52,0.00917492,-0.00561724
5261602129404,5261588103000,5261588103000,5261602117533,73729,14.0145,5261614852426,26.7494,0,20022,84648,0,0,1,0,0,0.011972,500,499,499,1,2.6528,3.64473,0.66882,0.310799,-0.010849,0.0136414,-1.50347e-05,4.29608e-05,0.0022774,-0.00770623,1,0.00358844,0.00125582,-0.00125582,0.00358844,1,1,-0.00231257,0.00327376,0.00105675,0.000314685,0,0,0,0,0,0,0,0,0,0,0,0,0,0,0,0,0,0,0,0,0,0,0,255,0.21,1.88766,0.21,-0.00277497,0.00321491,1,1,1,1,0,1,1,0.093837,-3.28718,0.0607224,0.00490299,0.00598131,-0.0838321,29.5179,20832,1,367,179.566,5208,0,0.000884653,0.0118736,0.0333043,0,0,0,1,499,0.215,-1.27875e-05,3.63872e-05,7.82324e-06,2.74931e-06,8.16492e-06,1.42303e-06,0.422623,0.0258575,-0.000738807,0.0337929,-0.165576,0.00120005,0.00135315,-0.00267516,13.0607,1,0,0,0,0,0,-1,1,-9.04604e-07,-3.41778e-06,-0.165498,0,29.7947,1,1010,1010,1010,1010,0,0,0,0,40.2622,56,-0.0128101,0.00548951,56,-0.00100949,0.00792169,56,0.0010188,0.00348365,56,-0.00209336,-0.00121593,56,0.0016112,0.00386426,56,-0.00206922,0.000339349,56,-0.00341604,-8.02072e-05,56,0.00312449,0.0119203,51,-0.00731296,6.97697e-05
5261615422208,5261596127000,5261596127000,5261615410208,73729,19.2832,5261628266083,32.1391,0,20022,84649,0,0,1,0,0,0.008024,500,500,500,1,2.62647,3.63079,0.593226,0.335799,-0.0054245,0.0399551,7.72033e-06,8.55203e-05,0.00868913,-0.0101381,1,0.0106581,-0.000962154,0.000962154,0.0106581,1,1,0.000505535,0.0104508,0.000456619,0.000207253,0,0,0,0,0,0,0,0,0,0,0,0,0,0,0,0,0,0,0,0,0,0,0,255,0.21,5.01354,0.21,-0.00246114,0.00795314,1,1,1,1,1,1,1,0.093837,-3.28718,0.0607224,0.00490299,0.00598131,-0.0838321,42.9301,20832,1,367,192.979,5208,0,0.000884653,0.0118736,0.0333043,0,0,0,1,500,0.215,6.54833e-06,7.25426e-05,1.55967e-05,-1.40789e-06,1.51424e-05,-3.95838e-06,0.422638,0.0258536,-0.000754185,0.0338092,-0.165613,0.000392104,0.000891187,-0.00125709,13.137,2,0,0,0,0,0,-1,1,-9.04604e-07,-3.41778e-06,-0.165641,0,0.254688,1,1010,1010,1010,1010,0,0,0,0,0.258354,56,0.0175181,0.0140598,56,-0.000899696,0.000950623,56,-0.012,0.00665772,56,-0.00044722,0.0158284,56,0.00100212,0.0110124,56,0.01549,0.0098321,56,-0.00275716,0.0135638,56,-0.013827,0.0128901,52,0.0044009,0.00920286
5261628902532,5261616119000,5261616119000,5261628895347,73729,12.7763,5261641191977,25.073,1,20023,84650,0,0,1,0,0,0.019992,500,500,500,1,2.65485,3.7811,0.781969,0.321039,-0.0437775,0.0114365,-9.92089e-05,1.09925e-06,-0.00324413,0.0065751,1,5.49847e-05,0.00496243,-0.00496243,5.49847e-05,1,1,-0.0050606,6.88152e-05,9.81672e-05,-1.38305e-05,0,0,0,0,0,0,0,0,0,0,0,0,0,0,0,0,0,0,0,0,0,0,0,255,0.21,8.06912,0.21,-0.00456964,-0.000729314,1,1,1,1,0,1,1,0.0937125,-3.28727,0.0579922,0.00274701,0.00616685,-0.0861228,12.9146,20833,1,367,205.907,5208,0,0.000884653,0.0118736,0.0333043,0,0,0,1,500,0.215,-8.41401e-05,8.23211e-07,1.7699e-07,1.80901e-05,3.15629e-06,1.78135e-05,0.422641,0.0258714,-0.000754185,0.0338092,-0.165613,3.37607e-05,-5.9471e-05,-0.000310687,26.0657,0,0,0,0,0,0,-1,1,-9.04604e-07,-3.41778e-06,-0.165641,0,13.1849,1,1010,1010,1010,1010,0,0,0,0,13.1885,56,-0.00947847,0.000685827,56,-0.0162243,-0.00642146,56,0.000270724,0.00254077,56,0.000927791,-0.00125182,56,-0.00439426,-0.00126819,56,-0.00683593,0.00193578,56,-0.00107614,-0.00198086,56,-0.0039873,0.00180548,52,-0.00938922,0.00200554
5261641767944,5261628098000,5261628098000,5261641756740,73729,13.6587,5261655711716,27.6137,0,20023,84651,0,0,1,0,0,0.011979,500,500,500,1,2.66145,3.67436,0.585709,0.319151,0.000793457,-0.0284119,2.38104e-05,-4.08906e-05,0.000532822,-0.0109141,1,-0.00341352,-0.00198768,0.00198768,-0.00341352,1,1,0.00210024,-0.00295821,-0.000112559,-0.000455309,0,0,0,0,0,0,0,0,0,0,0,0,0,0,0,0,0,0,0,0,0,0,0,255,0.21,0.924007,0.21,0.00100766,-0.00397368,1,1,1,1,0,1,1,0.0937125,-3.28727,0.0579922,0.00274701,0.00616685,-0.0861228,27.4355,20833,1,367,14.4713,5209,0,0.000884653,0.0150938,0.0332885,0,0,0,1,500,0.215,2.02497e-05,-3.45449e-05,-7.42716e-06,-4.35369e-06,-8.03909e-06,-3.07014e-06,0.422633,0.0258683,-0.000761606,0.033788,-0.165648,-2.97775e-05,-0.00195783,0.000363381,14.2333,2,0,0,0,0,0,-1,1,-9.04604e-07,-3.41778e-06,-0.165641,0,27.7172,1,1010,1010,1010,1010,0,0,0,0,27.7209,56,0.0131018,-0.00111741,56,0.00317963,0.00102701,56,0.000341916,-0.00910829,56,-0.00711067,-0.00155958,56,-0.000838586,0.000427652,56,0.0045082,-0.0084285,56,-0.00542612,-0.00181372,56,0.0078679,-0.00454603,52,0.00338473,0.00310096
5261656296258,5261648109000,5261648109000,5261656289517,73729,8.18052,5261668278700,20.1697,1,20024,84652,0,0,1,0,0,0.020011,500,500,499,0.998,2.60563,3.59397,0.603449,0.341021,0.0252686,-0.0496979,5.40592e-05,-8.51022e-05,0.0033802,0.00408164,1,-0.00425277,-0.00270148,0.00270148,-0.00425277,1,1,0.00210419,-0.00422973,0.000597285,-2.30433e-05,0,0,0,0,0,0,0,0,0,0,0,0,0,0,0,0,0,0,0,0,0,0,0,255,0.21,5.30339,0.21,0.00203207,-0.00170211,1,1,1,1,0,1,1,0.0937125,-3.28727,0.0579922,0.00274701,0.00616685,-0.0861228,40.0002,20833,1,367,27.0359,5209,0,0.000884653,0.0150938,0.0332885,0,0,0,1,499,0.215,4.58324e-05,-7.21525e-05,-1.55128e-05,-9.85397e-06,-1.69167e-05,-7.16166e-06,0.422616,0.0258611,-0.000747543,0.0338251,-0.165707,0.00131274,-9.90863e-05,-0.00100447,12.2884,2,0,0,0,0,0,-1,1,-9.04604e-07,-3.41778e-06,-0.165641,0,40.2718,1,1010,1010,1010,1010,0,0,0,0,40.2755,55,-6.56262e-06,-0.00567368,56,0.00556672,-0.00419145,56,0.00345666,-0.00394772,56,0.00591606,-0.00351312,56,0.000623438,-0.00429745,56,0.00097029,-0.00541763,56,0.00439983,-0.00671901,56,-0.000151421,-0.00655137,52,0.00450931,-0.00785284
5261668854556,5261656132000,5261656132000,5261668841760,73729,12.7098,5261681032667,24.9007,0,20024,84653,0,0,1,0,0,0.008023,500,500,500,1,2.63441,3.98716,0.648283,0.322669,0.0241394,-0.00505829,1.43553e-05,-8.19579e-07,-0.013872,0.00447361,1,-0.000102154,-0.00178927,0.00178927,-0.000102154,1,1,0.00141434,-0.000460375,0.000374928,0.000358221,0,0,0,0,0,0,0,0,0,0,0,0,0,0,0,0,0,0,0,0,0,0,0,255,0.21,7.29798,0.21,0.00300553,0.00145904,1,1,1,1,1,1,1,0.0937125,-3.28727,0.0579922,0.00274701,0.00616685,-0.0861228,52.7537,20833,1,367,39.7893,5209,0,0.000884653,0.0150938,0.0332885,0,0,0,1,500,0.215,1.2189e-05,-7.27666e-07,-1.56448e-07,-2.62064e-06,-5.86465e-07,-2.55895e-06,0.422615,0.0258586,-0.000750203,0.0338525,-0.165723,0.00110841,0.00154035,-0.000403028,12.4927,1,0,0,0,0,0,-1,1,-9.04604e-07,-3.41778e-06,-0.165728,0,0.251131,1,1010,1010,1010,1010,0,0,0,0,0.255113,56,-0.0042575,-0.00221546,56,-0.00385529,0.0320636,56,-5.55036e-05,-3.49331e-05,56,0.0113797,-0.0121074,56,0.00711373,-0.00563444,56,0.011062,0.00132286,56,0.0057489,-0.00569042,56,8.8857e-05,0.000559315,52,0.0126979,0.00454335
5261681668098,5261668097000,5261668097000,5261681654431,73729,13.5574,5261694431694,26.3347,0,20024,84654,0,0,1,0,0,0.011965,500,500,493,0.986,2.66009,3.72531,0.693339,0.306465,-0.00038147,0.0196991,4.83225e-06,3.90515e-05,0.00505634,-0.00414423,1,0.00326381,-0.000403866,0.000403866,0.00326381,1,1,0.000580846,0.00298066,-0.00017698,0.00028315,0,0,0,0,0,0,0,0,0,0,0,0,0,0,0,0,0,0,0,0,0,0,0,255,0.21,0.219021,0.21,-0.00188297,0.00214375,1,1,1,1,0,1,1,0.0935029,-3.28739,0.0549433,0.00276225,0.00630534,-0.0895863,13.3835,20834,1,367,53.1892,5209,0,0.000884653,0.0150938,0.0332885,0,0,0,1,493,0.215,4.05989e-06,3.30815e-05,7.11252e-06,-8.72876e-07,6.86711e-06,-2.03349e-06,0.422622,0.0258566,-0.000741422,0.0338601,-0.165712,0.00126663,0.00121755,0.00162212,13.1516,1,0,0,0,0,0,-1,1,-9.04604e-07,-3.41778e-06,-0.165728,0,13.6536,1,1010,1010,1010,1010,0,0,0,0,13.6576,56,-0.00473948,0.00621966,56,0.00475139,-0.00310515,56,0.00545096,-0.001348,56,0.00659183,0.00660743,56,0.00272439,0.00509077,56,-0.00742675,0.00121801,56,0.00171905,0.00465474,56,-0.00290505,0.000337871,45,-0.00556202,0.0101762
5261695002772,5261676137000,5261676137000,5261694990384,73729,18.8534,5261708221335,32.0843,0,20024,84655,0,0,1,0,0,0.00804,500,500,499,0.998,2.64459,3.64973,0.655135,0.32015,0.024353,0.0195923,4.28025e-05,4.83249e-05,0.00554522,-0.00252504,1,0.00601055,-0.00532369,0.00532369,0.00601055,1,1,0.00612691,0.0060963,-0.000803219,-8.57461e-05,0,0,0,0,0,0,0,0,0,0,0,0,0,0,0,0,0,0,0,0,0,0,0,255,0.21,3.37034,0.21,0.00246898,0.0036323,1,1,1,1,0,1,1,0.0935029,-3.28739,0.0549433,0.00276225,0.00630534,-0.0895863,27.1691,20834,1,367,66.9747,5209,0,0.000884653,0.0150938,0.0332885,0,0,0,1,499,0.215,3.62847e-05,4.09686e-05,8.80824e-06,-7.8012e-06,7.3961e-06,-9.14637e-06,0.42263,0.0258474,-0.000747342,0.0338549,-0.165695,0.000905721,-0.000368708,0.00348765,13.5254,1,0,0,0,0,0,-1,1,-9.04604e-07,-3.41778e-06,-0.165728,0,27.4368,1,1010,1010,1010,1010,0,0,0,0,27.4408,56,0.00981369,0.0105757,55,0.0139446,-0.00629801,56,0.00298494,0.00879661,56,0.0041018,0.00584425,56,0.00740566,-6.68437e-05,56,0.00958806,0.0110967,56,0.00165412,0.00926143,56,0.00986165,0.00969104,52,-0.0049399,-0.00106123
5261708767136,5261696119000,5261696119000,5261708761265,73729,12.6423,5261722737278,26.6183,1,20025,84656,0,0,1,0,0,0.019982,500,500,499,0.998,2.62426,3.86081,0.595115,0.317355,-0.0378723,-0.00811768,-5.02807e-05,-2.7646e-05,-0.00381268,0.00501587,1,-0.00138354,0.0025163,-0.0025163,-0.00138354,1,1,-0.00181285,-0.00121997,-0.000703449,-0.000163577,0,0,0,0,0,0,0,0,0,0,0,0,0,0,0,0,0,0,0,0,0,0,0,255,0.21,6.64259,0.21,-0.00405778,-0.00160191,1,1,1,1,0,1,1,0.0935029,-3.28739,0.0549433,0.00276225,0.00630534,-0.0895863,41.696,20834,1,367,81.5017,5209,0,0.000884653,0.0150938,0.0332885,0,0,0,1,499,0.215,-4.26765e-05,-2.3383e-05,-5.02734e-06,9.17545e-06,-3.44234e-06,9.8786e-06,0.422626,0.0258573,-0.000754748,0.0338637,-0.165711,0.000511385,-0.000703382,0.00282897,14.2422,2,0,0,0,0,0,-1,1,-9.04604e-07,-3.41778e-06,-0.165728,0,41.9731,1,1010,1010,1010,1010,0,0,0,0,41.977,55,-0.000320962,0.00177382,56,-0.00256004,-0.00489798,56,-0.00882996,-0.000628908,56,-0.0056768,0.000558664,56,-0.00481087,6.95006e-05,56,-0.00333314,-0.000581524,56,-0.00402089,0.000416985,56,-0.00641868,-0.00596694,52,0.00643928,-0.00312529
5261723310579,5261708100000,5261708100000,5261723299912,73729,15.1999,5261737494723,29.3947,0,20025,84657,0,0,1,0,0,0.011981,500,500,499,0.998,2.61865,4.10146,0.665357,0.310521,-0.0131531,0.0198975,-2.11838e-05,6.08375e-05,0.00303329,-0.00973324,1,0.00507783,0.00176812,-0.00176812,0.00507783,1,1,-0.00232454,0.00501029,0.000556422,6.7548e-05,0,0,0,0,0,0,0,0,0,0,0,0,0,0,0,0,0,0,0,0,0,0,0,255,0.21,1.2559,0.21,-0.00272239,0.00351111,1,1,1,1,1,1,1,0.0932662,-3.28751,0.0520927,0.00103217,0.00640843,-0.0916944,3.32304,20835,1,367,96.2463,5209,0,0.000884653,0.0150938,0.0332885,0,0,0,1,499,0.215,-1.79648e-05,5.15216e-05,1.10771e-05,3.86243e-06,1.15564e-05,1.98215e-06,0.422638,0.0258593,-0.000782307,0.0338741,-0.165817,-0.000167734,0.000290456,-0.00204828,3.09987,2,0,0,0,0,0,-1,1,-9.04604e-07,-3.41778e-06,-0.165834,0,3.58699,1,1010,1010,1010,1010,0,0,0,0,3.5914,55,-0.00599026,0.0018787,56,-0.00654936,0.00374845,56,0.0019819,0.00451062,56,-0.00190725,0.00327314,56,-0.00149125,0.00404559,56,0.00583963,0.00425493,56,0.000636781,0.00620372,56,0.00258542,0.0044365,52,-0.0158362,0.00690084
5261738107821,5261728127000,5261728127000,5261738102135,73729,9.97513,5261750970677,22.8437,1,20026,84658,0,0,1,0,0,0.020027,500,499,489,0.97996,2.66082,3.93936,0.678839,0.312503,0.00900269,-0.00668335,2.42509e-05,-1.4432e-05,0.0041715,0.000743407,1,-0.000720626,-0.00121091,0.00121091,-0.000720626,1,1,-0.000104652,-0.000708684,0.00131556,-1.19424e-05,0,0,0,0,0,0,0,0,0,0,0,0,0,0,0,0,0,0,0,0,0,0,0,255,0.22,5.91769,0.22,-0.00410468,0.130195,1,1,1,1,0,1,1,0.0932662,-3.28751,0.0520927,0.00103217,0.00640843,-0.0916944,16.8086,20835,1,367,109.732,5209,0,0.000884653,0.0150938,0.0332885,0,0,0,1,489,0.225,2.05199e-05,-1.22382e-05,-2.7536e-06,-4.61697e-06,-3.47648e-06,-4.0992e-06,0.422634,0.0258552,-0.000774112,0.0338729,-0.16588,0.000158535,-5.37409e-05,-0.00460919,13.2451,1,0,0,0,0,0,-1,1,-9.04604e-07,-3.41778e-06,-0.165834,0,17.0746,1,1010,1010,1010,1010,0,0,0,0,17.079,56,-0.00214293,0.00109363,56,0.00231006,0.00193456,46,0.0011534,0.00090597,56,0.00423392,-0.000966726,56,0.00448287,0.000986713,56,0.00117116,-0.00178572,56,8.20025e-06,-0.00162705,56,0.0010782,-0.00219731,51,0.00367229,-0.00013872
5261751533200,5261736121000,5261736121000,5261751522033,73729,15.401,5261763326085,27.2051,0,20026,84659,0,0,1,0,0,0.007994,500,500,500,1,2.62259,3.77192,0.620393,0.316724,0.0215073,-0.0149231,6.72093e-05,-3.05143e-05,0.00668541,0.00900704,1,-0.00381715,-0.00840746,0.00840746,-0.00381715,1,1,0.00693965,-0.00364631,0.00146782,-0.000170839,0,0,0,0,0,0,0,0,0,0,0,0,0,0,0,0,0,0,0,0,0,0,0,255,0.22,8.76951,0.22,0.00966474,0.197851,1,1,1,1,0,1,1,0.0932662,-3.28751,0.0520927,0.00103217,0.00640843,-0.0916944,29.1838,20835,1,367,122.107,5209,0,0.000884653,0.0150938,0.0332885,0,0,0,1,500,0.225,5.70341e-05,-2.58334e-05,-5.81252e-06,-1.28327e-05,-7.84861e-06,-1.1697e-05,0.422626,0.0258435,-0.000772916,0.0338598,-0.165928,0.000954899,-0.000768775,-0.00452023,12.1083,1,0,0,0,0,0,-1,1,-9.04604e-07,-3.41778e-06,-0.165834,0,29.4502,1,1010,1010,1010,1010,0,0,0,0,29.4546,56,0.0156005,-0.00410997,56,0.0209341,-0.000941703,56,0.0127942,-0.00624496,56,0.00600112,-0.00964311,56,0.00593629,-0.00417294,56,-0.00107096,-0.00773742,56,0.00228589,-0.00262622,56,-0.00295854,0.00499356,52,0.0269311,-0.00739076
5261763929423,5261748102000,5261748102000,5261763911275,73729,15.8093,5261776620056,28.5181,0,20026,84660,0,0,1,0,0,0.011981,500,500,472,0.944,2.62485,3.60834,0.654246,0.314873,0.0218277,-0.0109177,6.89585e-05,-1.80793e-05,0.00671974,0.00115493,1,-0.001509,-0.00575565,0.00575565,-0.001509,1,1,0.00502411,-0.00126676,0.00073154,-0.000242235,0,0,0,0,0,0,0,0,0,0,0,0,0,0,0,0,0,0,0,0,0,0,0,255,0.21,1.26131,0.21,0.00414668,-0.00142839,1,1,1,1,0,1,1,0.0932662,-3.28751,0.0520927,0.00103217,0.00640843,-0.0916944,42.4548,20835,1,367,135.378,5209,0,0.000884653,0.0150938,0.0332885,0,0,0,1,472,0.215,5.8422e-05,-1.529e-05,-3.28735e-06,-1.25607e-05,-5.31489e-06,-1.18455e-05,0.422621,0.0258316,-0.000779927,0.0338547,-0.16595,0.000428924,-0.00104161,-0.00217336,13.0326,1,0,0,0,0,0,-1,1,-9.04604e-07,-3.41778e-06,-0.165834,0,42.7203,1,1010,1010,1010,1010,0,0,0,0,0.109352,56,-0.00655034,0.00306981,55,0.0282963,0.00115469,29,0.00013976,-0.0015515,56,0.00684047,-0.00385214,56,0.00318454,0.00177552,56,0.0107104,-0.00128194,56,0.00513277,-0.00363671,56,0.00142424,0.00170505,52,0.00528853,0.00027885
5261777215524,5261768098000,5261768098000,5261777209227,73729,9.11123,5261790018528,21.9205,1,20027,84661,0,0,1,0,0,0.019996,500,500,454,0.908,2.66263,3.60745,0.604171,0.290057,-0.0372314,-0.0114517,-8.87819e-05,-5.04252e-06,-0.00178165,-0.00124861,1,-0.000252177,0.00443998,-0.00443998,-0.000252177,1,1,-0.00435219,-4.72564e-05,-8.77952e-05,-0.00020492,0,0,0,0,0,0,0,0,0,0,0,0,0,0,0,0,0,0,0,0,0,0,0,255,0.21,4.4084,0.21,-0.069499,-0.171172,1,1,1,1,1,1,1,0.0929836,-3.28761,0.0492563,0.000916414,0.0066249,-0.0945515,11.9376,20836,1,367,148.777,5209,0,0.000884653,0.0150938,0.0332885,0,0,0,1,454,0.215,-7.52863e-05,-4.33276e-06,-9.31543e-07,1.61866e-05,1.75527e-06,1.6118e-05,0.422623,0.0258477,-0.000787582,0.0338501,-0.165954,0.000276959,-0.000881157,0.000523583,13.0902,1,0,0,0,0,0,-1,1,-9.04604e-07,-3.41778e-06,-0.165945,0,12.1864,1,1010,1010,1010,1010,0,0,0,0,13.4912,56,-0.00585945,-0.0068977,55,-0.00945824,0.00310511,56,-0.00337306,-0.0017391,50,0.00228758,-0.0025023,56,-0.00436127,-0.000905193,56,-0.0022064,0.000586539,17,-0.0103901,0.00201315,56,-0.000718594,-0.00122281,52,-0.00923664,0.00167671
5261790639884,5261776120000,5261776120000,5261790625847,73729,14.5058,5261802492807,26.3728,0,20027,84662,0,0,1,0,0,0.008022,500,500,471,0.942,2.74465,3.90131,0.766395,0.296261,-0.0148926,0.0155487,8.72014e-06,3.02001e-05,0.00873324,1.32439e-05,1,0.00376466,-0.00108703,0.00108703,0.00376466,1,1,0.00230021,0.00367689,-0.00121318,8.7765e-05,0,0,0,0,0,0,0,0,0,0,0,0,0,0,0,0,0,0,0,0,0,0,0,255,0.21,7.50717,0.21,-0.00228228,0.00394546,1,1,1,1,0,1,1,0.0929836,-3.28761,0.0492563,0.000916414,0.0066249,-0.0945515,24.4311,20836,1,367,161.27,5209,0,0.000884653,0.0150938,0.0332885,0,0,0,1,471,0.215,7.36701e-06,2.55565e-05,5.49464e-06,-1.58391e-06,5.15458e-06,-2.46901e-06,0.422628,0.0258453,-0.000796583,0.0338758,-0.165896,0.000134544,0.000377389,0.00428096,12.2105,2,0,0,0,0,0,-1,1,-9.04604e-07,-3.41778e-06,-0.165945,0,24.6957,1,1010,1010,1010,1010,0,0,0,0,26.0005,56,0.00246747,-0.00547228,56,0.00847086,-0.00214442,27,-0.00659092,0.00696493,56,-0.00124264,0.0191664,56,-0.00432886,0.0103989,56,-0.00654355,0.00436212,56,-0.00249871,0.00626288,56,-0.00354405,0.00287113,52,0.000537124,-0.0071703
5261803079941,5261788098000,5261788098000,5261803069386,73729,14.9714,5261815970428,27.8724,0,20027,84663,0,0,1,0,0,0.011978,500,500,500,1,2.65469,3.61056,0.582856,0.311039,0.00662231,-0.00558472,2.9261e-07,-2.52106e-05,-0.00490486,0.00487642,1,-0.00210474,-2.44289e-05,2.44289e-05,-0.00210474,1,1,0.00131489,-0.00210511,-0.00129046,3.68793e-07,0,0,0,0,0,0,0,0,0,0,0,0,0,0,0,0,0,0,0,0,0,0,0,255,0.21,-0.18328,0.21,-2.66626e-05,-0.000834972,1,1,1,1,0,1,1,0.0929836,-3.28761,0.0492563,0.000916414,0.0066249,-0.0945515,37.8892,20836,1,367,174.728,5209,0,0.000884653,0.0150938,0.0332885,0,0,0,1,500,0.215,2.26891e-07,-2.13687e-05,-4.59427e-06,-4.87816e-08,-4.53665e-06,7.10131e-07,0.422623,0.025846,-0.000806775,0.033869,-0.165895,-0.000273493,1.58581e-06,0.00422038,13.2093,1,0,0,0,0,0,-1,1,-9.04604e-07,-3.41778e-06,-0.165945,0,38.1693,1,1010,1010,1010,1010,0,0,0,0,39.4741,56,0.000177643,-0.00134957,56,-0.000313204,0.00177147,56,0.00206596,0.000221017,56,-0.00288427,-0.00548473,56,-0.00154455,0.00108355,56,0.003884,-0.00436965,56,0.00273746,-0.000118567,56,-0.000174765,-0.000347635,52,-0.0014093,-0.00261748
5261816571488,5261804131000,5261804131000,5261816565395,73729,12.4344,5261828875229,24.7442,1,20028,84664,0,0,1,0,0,0.016033,500,500,496,0.992,2.62961,3.4676,0.744635,0.310095,-0.029007,-0.0215683,-4.67354e-05,-9.78194e-06,-0.00452495,-0.00352653,1,-0.000610113,0.00291495,-0.00291495,-0.000610113,1,1,-0.00294536,-0.000674494,3.04133e-05,6.43808e-05,0,0,0,0,0,0,0,0,0,0,0,0,0,0,0,0,0,0,0,0,0,0,0,255,0.21,3.16673,0.21,-0.00285711,-0.00213243,1,1,1,1,0,1,1,0.0929836,-3.28761,0.0492563,0.000916414,0.0066249,-0.0945515,50.7948,20836,1,367,187.634,5209,0,0.000884653,0.0150938,0.0332885,0,0,0,1,496,0.215,-3.96122e-05,-8.29739e-06,-1.78394e-06,8.51662e-06,-3.51607e-07,8.69418e-06,0.422623,0.0258547,-0.000810415,0.0338833,-0.165972,0.000259257,0.000276837,0.000102783,12.6232,2,0,0,0,0,0,-1,1,-9.04604e-07,-3.41778e-06,-0.166041,0,0.153705,1,1010,1010,1010,1010,0,0,0,0,0.157705,55,-0.00426432,-0.00396081,56,-0.00206105,-0.00475101,56,-0.00678801,-0.00275194,56,-0.00657413,-0.00163773,56,-0.00145756,-0.00326062,56,-0.00644436,-0.00362667,53,-0.00173024,-0.000653829,56,-0.000584962,-0.00141125,52,-0.00524204,0.00274636
5261829450104,5261816112000,5261816112000,5261829438992,73729,13.327,5261841848846,25.7368,0,20028,84665,0,0,1,0,0,0.011981,500,500,499,0.998,2.65076,3.9229,0.656412,0.306336,0.0153503,0.0143433,1.41116e-05,9.69401e-06,0.00499369,0.00978011,1,0.000809116,-0.00117783,0.00117783,0.000809116,1,1,0.000153288,0.000537043,0.00102455,0.000272072,0,0,0,0,0,0,0,0,0,0,0,0,0,0,0,0,0,0,0,0,0,0,0,255,0.21,5.82142,0.21,0.00139388,0.00204533,1,1,1,1,1,1,1,0.0926946,-3.28773,0.0464167,6.55035e-05,0.00636983,-0.0974843,12.8532,20837,1,367,200.611,5209,0,0.000884653,0.0150938,0.0332885,0,0,0,1,499,0.215,1.19981e-05,8.18869e-06,1.76057e-06,-2.57958e-06,1.30913e-06,-2.83491e-06,0.422624,0.0258518,-0.000815216,0.0339018,-0.166023,0.000566074,0.00116991,-0.00307158,11.2918,1,0,0,0,0,0,-1,1,-9.04604e-07,-3.41778e-06,-0.166041,0,13.1181,1,1010,1010,1010,1010,0,0,0,0,13.1221,56,0.00129355,0.00393739,55,-0.005546,-0.00854463,56,0.0112034,0.00896802,56,0.00846967,-0.000840089,56,0.00362029,0.00335203,56,0.00145056,-0.000320655,56,-0.000628126,-0.00126771,56,0.00307058,0.00745672,52,-0.000379826,-0.00154416
5261842473332,5261824175000,5261824175000,5261842461017,73729,18.286,5261855244632,31.0696,0,20028,84666,0,0,1,0,0,0.008063,500,500,499,0.998,2.66546,3.7284,0.653598,0.314151,0.0083313,0.0506897,4.82929e-05,0.00011384,0.0103421,-0.000833291,1,0.0141189,-0.00598945,0.00598945,0.0141189,1,1,0.00520268,0.0139873,0.000786765,0.000131519,0,0,0,0,0,0,0,0,0,0,0,0,0,0,0,0,0,0,0,0,0,0,0,255,0.22,8.3313,0.22,0.00507446,0.0376461,1,1,1,1,0,1,1,0.0926946,-3.28773,0.0464167,6.55035e-05,0.00636983,-0.0974843,26.2477,20837,1,367,13.3555,5210,0,0.000884653,0.0185865,0.0332041,0,0,0,1,499,0.225,4.09033e-05,9.64969e-05,2.17118e-05,-9.20324e-06,1.988e-05,-1.26632e-05,0.422644,0.0258392,-0.000823844,0.0338895,-0.166043,0.000416457,0.000591835,-0.00249919,13.1189,1,0,0,0,0,0,-1,1,-9.04604e-07,-3.41778e-06,-0.166041,0,26.5212,1,1010,1010,1010,1010,0,0,0,0,26.5252,55,-0.00623677,0.0225956,56,0.0135218,0.0273778,56,-0.00437456,0.00578923,56,0.00321514,0.00558369,56,0.00466619,0.0121752,56,0.0147666,0.0143996,56,0.00384162,0.01483,56,-0.00624094,0.00493331,52,0.011064,0.00958054
5261855840637,5261844130000,5261844130000,5261855833914,73729,11.7039,5261868410750,24.2807,1,20029,84667,0,0,1,0,0,0.019955,500,500,500,1,2.6295,3.66232,0.585412,0.327077,-0.0045166,-0.0224152,-2.05751e-05,-4.90282e-05,0.00210749,0.000864777,1,-0.00245694,0.00103108,-0.00103108,-0.00245694,1,1,-0.000989215,-0.00213499,-4.18619e-05,-0.000321951,0,0,0,0,0,0,0,0,0,0,0,0,0,0,0,0,0,0,0,0,0,0,0,255,0.21,1.82879,0.21,-0.00122791,-0.0137827,1,1,1,1,0,1,1,0.0926946,-3.28773,0.0464167,6.55035e-05,0.00636983,-0.0974843,39.4097,20837,1,367,26.5175,5210,0,0.000884653,0.0185865,0.0332041,0,0,0,1,500,0.215,-1.74868e-05,-4.15448e-05,-8.93213e-06,3.75967e-06,-8.18281e-06,5.18364e-06,0.422636,0.0258444,-0.000816133,0.0338633,-0.166067,0.000552692,-0.00138439,0.000586159,12.8891,2,0,0,0,0,0,-1,1,-9.04604e-07,-3.41778e-06,-0.166041,0,39.6745,1,1010,1010,1010,1010,0,0,0,0,39.6785,56,-0.00162786,-0.00619292,56,0.00468737,0.000541112,56,-0.00337703,-0.00389558,56,-0.00350461,-0.00143722,56,0.00289331,-0.00218632,56,-0.000463321,-0.00236492,56,-0.00324591,-0.00334558,56,0.00178025,0.00123858,52,-0.000657365,-0.00629831
5261868963143,5261856117000,5261856117000,5261868951754,73729,12.8348,5261884233147,28.1161,0,20029,84668,0,0,1,0,0,0.011987,500,500,473,0.946,2.64598,3.91925,0.59656,0.296428,0.00549316,-0.0464783,2.66138e-05,-9.39169e-05,0.00441115,-0.00660031,1,-0.00783489,-0.00222022,0.00222022,-0.00783489,1,1,0.00176608,-0.007939,0.00045414,0.000104106,0,0,0,0,0,0,0,0,0,0,0,0,0,0,0,0,0,0,0,0,0,0,0,255,0.21,4.76289,0.21,0.0010161,-0.00651762,1,1,1,1,0,1,1,0.0923624,-3.28787,0.0431572,-0.000608443,0.00650752,-0.100881,3.78286,20838,1,367,42.3334,5210,0,0.000884653,0.0185865,0.0332041,0,0,0,1,473,0.215,2.25893e-05,-7.95671e-05,-1.71069e-05,-4.85671e-06,-1.76647e-05,-1.96233e-06,0.422618,0.0258424,-0.000811998,0.0338956,-0.166144,0.00126045,0.000447654,-0.000553879,3.56223,2,0,0,0,0,0,-1,1,-9.04604e-07,-3.41778e-06,-0.166162,0,4.04153,1,1010,1010,1010,1010,0,0,0,0,4.04575,29,0.0312202,-0.00387802,56,0.0108164,-0.00530486,56,0.00239786,-0.0083867,56,-0.00539407,-0.00154735,56,2.40459e-07,-0.00773469,56,0.000413107,-0.0114744,56,0.00238713,-0.00467796,56,0.00364221,-0.012476,52,-0.00314855,-0.00366876
5261884771577,5261876157000,5261876157000,5261884765040,73729,8.60804,5261896907688,20.7507,1,20030,84669,0,0,1,0,0,0.02004,500,500,499,0.998,2.6468,3.61562,0.694154,0.312484,0.0122986,0.0539246,5.22772e-05,4.15045e-05,0.00435328,0.0163084,1,0.00207108,-0.00260864,0.00260864,0.00207108,1,1,0.00203914,0.00190776,0.000569499,0.000163325,0,0,0,0,0,0,0,0,0,0,0,0,0,0,0,0,0,0,0,0,0,0,0,255,0.21,0.301835,0.21,-0.00295197,0.176429,1,1,1,1,1,1,1,0.0923624,-3.28787,0.0431572,-0.000608443,0.00650752,-0.100881,16.4643,20838,1,367,55.0148,5210,0,0.000884653,0.0185865,0.0332041,0,0,0,1,499,0.215,4.42301e-05,3.51298e-05,7.55291e-06,-9.50947e-06,5.87197e-06,-1.06271e-05,0.422624,0.0258318,-0.000805818,0.033885,-0.166166,0.0014035,0.000702298,-0.000836276,11.0489,1,0,0,0,0,0,-1,1,-9.04604e-07,-3.41778e-06,-0.166162,0,16.7277,1,1010,1010,1010,1010,0,0,0,0,16.7319,56,0.00219702,0.00396032,56,0.0069334,-0.00542353,55,-0.00150449,0.00470056,56,0.004911,0.00365887,56,0.00391834,0.00276621,56,0.0026305,0.00625591,56,0.0030092,0.00141335,56,0.000507592,0.00367515,52,0.00239551,-9.2159e-06
5261897527044,5261884128000,5261884128000,5261897514692,73729,13.3867,5261909099224,24.9712,0,20030,84670,0,0,1,0,0,0.007971,500,500,495,0.99,2.65843,3.68186,0.694098,0.312817,-0.00611877,0.0280762,-6.47758e-06,3.37916e-05,-0.00320868,0.0087012,1,0.00423932,0.000812643,-0.000812643,0.00423932,1,1,-0.000880742,0.00446142,6.80994e-05,-0.000222101,0,0,0,0,0,0,0,0,0,0,0,0,0,0,0,0,0,0,0,0,0,0,0,255,0.21,2.89672,0.21,-0.0281135,-0.401026,1,1,1,1,0,1,1,0.0923624,-3.28787,0.0431572,-0.000608443,0.00650752,-0.100881,28.6572,20838,1,367,67.2077,5210,0,0.000884653,0.0185865,0.0332041,0,0,0,1,495,0.215,-5.49569e-06,2.86772e-05,6.16561e-06,1.18157e-06,6.2726e-06,1.4608e-07,0.422631,0.0258319,-0.000807893,0.0338683,-0.166166,0.00121531,-0.000955032,0.000737983,11.9338,1,0,0,0,0,0,-1,1,-9.04604e-07,-3.41778e-06,-0.166162,0,28.924,1,1010,1010,1010,1010,0,0,0,0,28.9282,52,-0.00753442,0.0221138,55,-0.00709422,-0.00703403,56,-0.0124858,0.00572996,56,0.00401175,0.000684614,56,0.00499847,0.00715461,56,-0.00199252,0.00836712,56,0.00428,0.00759687,56,-0.0123792,0.00859111,52,0.0186815,0.013617
5261909676247,5261896132000,5261896132000,5261909663766,73729,13.5318,5261922642512,26.5105,0,20030,84671,0,0,1,0,0,0.012004,500,500,500,1,2.63591,3.91807,0.585746,0.312632,-0.00590515,-0.0262604,-1.72685e-06,-3.69676e-05,0.00163299,-0.00238269,1,-0.0030796,0.000143856,-0.000143856,-0.0030796,1,1,0.000259869,-0.00264997,-0.000403725,-0.000429631,0,0,0,0,0,0,0,0,0,0,0,0,0,0,0,0,0,0,0,0,0,0,0,255,0.21,4.89717,0.21,-0.00204641,-0.0161072,1,1,1,1,0,1,1,0.0923624,-3.28787,0.0431572,-0.000608443,0.00650752,-0.100881,42.2145,20838,1,367,80.7651,5210,0,0.000884653,0.0185865,0.0332041,0,0,0,1,500,0.215,-1.43158e-06,-3.13123e-05,-6.73215e-06,3.07791e-07,-6.5847e-06,1.41652e-06,0.422624,0.0258333,-0.000822373,0.0338519,-0.16618,-4.82094e-05,-0.00184741,0.00135025,13.3049,1,0,0,0,0,0,-1,1,-9.04604e-07,-3.41778e-06,-0.166162,0,42.5147,1,1010,1010,1010,1010,0,0,0,0,42.5189,56,0.00604621,-0.0029976,56,-0.00386453,0.00959518,56,0.00797409,-0.00812853,56,-0.0048493,0.000153887,56,-0.0070801,-0.00390684,56,0.0011034,-0.00746962,56,-0.00238052,-0.00714973,56,0.00504843,-0.00241497,52,-0.00506724,-0.00535525
5261923246072,5261904188000,5261904188000,5261923234535,73729,19.0465,5261935056272,30.8683,0,20030,84672,0,0,1,0,0,0.008056,500,500,442,0.884,2.62982,4.13855,0.636949,0.286558,-0.0309982,-0.032547,-6.34634e-05,-6.37052e-05,-0.0107221,-0.018305,1,-0.0079078,0.00787778,-0.00787778,-0.0079078,1,1,-0.00768836,-0.0080576,-0.000189417,0.000149803,0,0,0,0,0,0,0,0,0,0,0,0,0,0,0,0,0,0,0,0,0,0,0,255,0.21,8.27708,0.21,-0.0064921,-0.00730793,1,1,1,1,0,1,1,0.0920416,-3.28797,0.0403401,-0.00122707,0.00629075,-0.103018,4.51133,20839,1,367,93.1593,5210,0,0.000884653,0.0185865,0.0332041,0,0,0,1,442,0.215,-5.37537e-05,-5.39626e-05,-1.1602e-05,1.1557e-05,-9.52355e-06,1.33164e-05,0.422614,0.0258467,-0.000857297,0.0338996,-0.166227,-0.000968581,0.000644152,-0.000123269,4.30101,2,0,0,0,0,0,-1,1,-9.04604e-07,-3.41778e-06,-0.166246,0,4.75694,1,1010,1010,1010,1010,0,0,0,0,4.76189,56,0.00394185,0.00347356,56,-0.00352934,-0.00737519,16,-0.01638,-0.00707386,56,-0.0176485,-0.00922478,56,-0.00916036,0.001427,42,-0.013666,-0.00636731,56,-0.0148057,-0.00230642,56,-0.00337058,-0.00262265,48,-0.0197424,-0.017328
5261935587406,5261924136000,5261924136000,5261935582110,73729,11.4461,5261950291573,26.1556,1,20031,84673,0,0,1,0,0,0.019948,500,500,500,1,2.61306,4.39685,0.611709,0.321095,-0.0171509,0.0644684,-3.23449e-05,9.81191e-05,-0.00140032,0.0105249,1,0.00491874,0.00162146,-0.00162146,0.00491874,1,1,-0.00152746,0.00446378,-9.39954e-05,0.000454969,0,0,0,0,0,0,0,0,0,0,0,0,0,0,0,0,0,0,0,0,0,0,0,255,0.22,0.368725,0.22,-0.00143321,0.00633351,1,1,1,1,1,1,1,0.0920416,-3.28797,0.0403401,-0.00122707,0.00629075,-0.103018,19.7469,20839,1,367,108.395,5210,0,0.000884653,0.0185865,0.0332041,0,0,0,1,500,0.225,-2.74506e-05,8.31285e-05,1.87039e-05,6.1764e-06,1.94573e-05,2.99822e-06,0.422634,0.0258497,-0.000843588,0.0339007,-0.166229,0.00018807,0.00204736,0.000488839,14.9871,1,0,0,0,0,0,-1,1,-9.04604e-07,-3.41778e-06,-0.166246,0,20.0161,1,1010,1010,1010,1010,0,0,0,0,20.0211,56,-0.00452143,0.0100811,56,-0.00535104,-0.00118584,56,-0.00205727,0.00663328,56,0.00496364,0.00394089,56,0.000414022,0.00114509,56,-0.0023385,0.00645539,56,-0.0033595,0.00425374,56,-0.00195197,0.00489732,52,-0.00277967,0.00778295
5261950902225,5261936104000,5261936104000,5261950888818,73729,14.7848,5261965047925,28.9439,0,20031,84674,0,0,1,0,0,0.011968,500,500,500,1,2.64922,3.98186,0.656209,0.312206,0.0062027,0.00894165,1.67357e-05,1.65584e-05,-0.00379896,-0.00255592,1,0.00138356,-0.00139837,0.00139837,0.00138356,1,1,0.00140983,0.00140077,-1.14642e-05,-1.72137e-05,0,0,0,0,0,0,0,0,0,0,0,0,0,0,0,0,0,0,0,0,0,0,0,255,0.22,5.24087,0.22,0.0184407,0.347419,1,1,1,1,0,1,1,0.0920416,-3.28797,0.0403401,-0.00122707,0.00629075,-0.103018,34.5081,20839,1,367,123.156,5210,0,0.000884653,0.0185865,0.0332041,0,0,0,1,500,0.225,1.41757e-05,1.40161e-05,3.15361e-06,-3.18954e-06,2.5807e-06,-3.66709e-06,0.422636,0.025846,-0.000835083,0.0338869,-0.166227,0.00155957,-7.74618e-05,0.00128893,14.513,1,0,0,0,0,0,-1,1,-9.04604e-07,-3.41778e-06,-0.166246,0,34.7776,1,1010,1010,1010,1010,0,0,0,0,34.7825,56,0.000174783,-0.000762949,56,-0.0067969,-0.0051065,56,0.00320958,0.00535737,56,-0.00517121,-0.00191166,56,-0.00134477,0.00373732,56,0.0039297,0.00695557,56,0.00374222,0.00116449,56,0.00311837,0.00284073,52,-0.00526881,-0.000398178
5261965622244,5261956152000,5261956152000,5261965614818,73729,9.46282,5261977941597,21.7896,1,20032,84675,0,0,1,0,0,0.020048,500,500,500,1,2.64078,3.65314,0.592226,0.319281,0.0238113,-0.0380325,8.08703e-05,-7.60687e-05,0.00301399,0.0037303,1,-0.00379433,-0.00403383,0.00403383,-0.00379433,1,1,0.00390957,-0.00339863,0.00012426,-0.000395692,0,0,0,0,0,0,0,0,0,0,0,0,0,0,0,0,0,0,0,0,0,0,0,255,0.21,-0.066223,0.21,0.00153046,-0.202988,1,1,1,1,0,1,1,0.0920416,-3.28797,0.0403401,-0.00122707,0.00629075,-0.103018,47.401,20839,1,367,136.049,5210,0,0.000884653,0.0185865,0.0332041,0,0,0,1,500,0.215,6.85202e-05,-6.44673e-05,-1.38605e-05,-1.47319e-05,-1.60995e-05,-1.22358e-05,0.42262,0.0258338,-0.000837047,0.0338531,-0.166285,0.00115777,-0.00170148,0.000498765,12.619,2,0,0,0,0,0,-1,1,-9.04604e-07,-3.41778e-06,-0.166246,0,47.6714,1,1010,1010,1010,1010,0,0,0,0,0.240057,56,0.00306463,-0.00475905,56,0.0103569,-0.000638123,56,-0.00181914,-0.00370393,56,0.000681663,-0.00212695,56,0.00449455,-0.00376937,56,-0.00132477,-0.0085465,56,0.0042009,-0.0021375,56,0.00414278,-0.0051308,52,0.00734236,-0.00454144
5261978515453,5261964130000,5261964130000,5261978502693,73729,14.3727,5261989908317,25.7783,0,20032,84676,0,0,1,0,0,0.007978,500,500,485,0.97,2.66002,3.89295,0.696523,0.303188,0.0243225,-0.0166016,9.73972e-05,-4.1373e-05,0.024525,0.0038244,1,-0.00518588,-0.0122082,0.0122082,-0.00518588,1,1,0.0120912,-0.00471775,0.000117054,-0.000468136,0,0,0,0,0,0,0,0,0,0,0,0,0,0,0,0,0,0,0,0,0,0,0,255,0.21,2.6938,0.21,0.00389976,-0.00250759,1,1,1,1,0,1,1,0.0916914,-3.28811,0.0374187,-0.00153728,0.00644105,-0.104308,11.9353,20840,1,367,148.019,5210,0,0.000884653,0.0185865,0.0332041,0,0,0,1,485,0.215,8.24719e-05,-3.50487e-05,-7.53548e-06,-1.77315e-05,-1.03617e-05,-1.62404e-05,0.42261,0.0258175,-0.000837047,0.0338531,-0.166285,0.000404193,-0.00201298,-7.93115e-05,24.5917,0,0,0,0,0,0,-1,1,-9.04604e-07,-3.41778e-06,-0.166352,0,0.250539,1,1010,1010,1010,1010,0,0,0,0,12.2015,42,0.0145954,0.00133238,55,0.024366,-0.00531281,56,0.00376911,-0.00436469,56,0.00645903,-0.00254235,56,0.0103346,-0.00958316,56,0.0118936,-0.0062919,56,0.00960356,-0.00230026,56,0.00806722,-0.00694351,52,0.00640542,-0.00941669
5261990486654,5261976110000,5261976110000,5261990473228,73729,14.3632,5262003660087,27.5501,0,20032,84677,0,0,1,0,0,0.01198,500,500,500,1,2.65082,3.93146,0.587134,0.318613,0.00341797,0.0087738,-1.85376e-05,1.71681e-05,-0.00924051,0.000835131,1,0.00143306,0.00154738,-0.00154738,0.00143306,1,1,-0.00223387,0.00139341,0.000686484,3.96503e-05,0,0,0,0,0,0,0,0,0,0,0,0,0,0,0,0,0,0,0,0,0,0,0,255,0.21,4.45107,0.21,-0.00101091,0.00287992,1,1,1,1,1,1,1,0.0916914,-3.28811,0.0374187,-0.00153728,0.00644105,-0.104308,25.7035,20840,1,367,161.788,5210,0,0.000884653,0.0185865,0.0332041,0,0,0,1,500,0.215,-1.56604e-05,1.45619e-05,3.13082e-06,3.36698e-06,3.64331e-06,2.80232e-06,0.422614,0.0258203,-0.000835005,0.0338813,-0.166372,0.000715364,0.000170496,-0.00178921,13.4723,2,0,0,0,0,0,-1,1,-9.04604e-07,-3.41778e-06,-0.166352,0,14.0292,1,1010,1010,1010,1010,0,0,0,0,25.9802,56,-0.00199301,-0.00358669,56,-0.0104391,-0.000563923,56,-0.00128589,0.00318293,56,0.00402561,0.00137855,56,0.000473886,-7.1302e-05,56,-0.000678098,0.00660338,56,-0.00076452,0.0013702,56,0.000724473,-0.00160764,52,-5.79714e-05,-0.00248809
5262004329018,5261996122000,5261996122000,5262004322018,73729,8.20002,5262017842398,21.7204,1,20033,84678,0,0,1,0,0,0.020012,500,500,500,1,2.63198,3.71669,0.748821,0.311669,-0.0248795,0.0954437,-3.79347e-05,0.000169243,0.00189234,0.00227625,1,0.00845707,0.0018956,-0.0018956,0.00845707,1,1,-0.00210171,0.00801912,0.000206109,0.000437949,0,0,0,0,0,0,0,0,0,0,0,0,0,0,0,0,0,0,0,0,0,0,0,255,0.22,8.06276,0.22,0.00414993,0.206861,1,1,1,1,0,1,1,0.0916914,-3.28811,0.0374187,-0.00153728,0.00644105,-0.104308,39.8662,20840,1,367,175.95,5210,0,0.000884653,0.0185865,0.0332041,0,0,0,1,500,0.225,-3.22455e-05,0.000143388,3.22624e-05,7.25524e-06,3.3e-05,1.81474e-06,0.422647,0.0258221,-0.000852916,0.0338986,-0.16639,-0.000438785,0.00197077,-0.00109302,13.9126,1,0,0,0,0,0,-1,1,-9.04604e-07,-3.41778e-06,-0.166352,0,28.1839,1,1010,1010,1010,1010,0,0,0,0,40.1349,56,-0.00845275,0.0108823,56,0.00323488,0.00714956,56,0.000790225,0.00949816,56,0.000345353,0.00857182,56,-0.00334846,0.00719205,56,-0.00273701,0.0106359,56,-0.00115259,0.00716553,56,-0.00129907,0.00897655,52,-0.00282293,0.00706517
5262018413662,5262004137000,5262004137000,5262018400606,73729,14.2636,5262030443790,26.3068,0,20033,84679,0,0,1,0,0,0.008015,500,500,498,0.996,2.65287,3.8909,0.663283,0.310836,-0.0317078,0.0175781,-3.2571e-05,3.01461e-05,0.00200071,0.00787544,1,0.00376121,0.00406376,-0.00406376,0.00376121,1,1,-0.00361277,0.0038385,-0.000450985,-7.72905e-05,0,0,0,0,0,0,0,0,0,0,0,0,0,0,0,0,0,0,0,0,0,0,0,255,0.22,1.9902,0.22,-0.0039589,0.0100652,1,1,1,1,0,1,1,0.0913319,-3.28823,0.0345693,-0.00354401,0.00623066,-0.105555,0.679209,20841,1,367,188.546,5210,0,0.000884653,0.0185865,0.0332041,0,0,0,1,498,0.225,-2.76417e-05,2.5573e-05,5.75393e-06,6.21939e-06,6.70116e-06,5.18103e-06,0.422653,0.0258273,-0.000842147,0.0338633,-0.166399,0.000202914,-0.000347807,0.00178588,0.456763,3,0,0,0,0,0,-1,1,-9.04604e-07,-3.41778e-06,-0.166418,0,0.95997,1,1010,1010,1010,1010,0,0,0,0,0.963933,55,-0.00360158,0.0118888,55,0.00304443,0.00331077,56,-0.0120573,0.00798505,56,-0.0171549,0.00500309,56,0.00301377,0.00742049,56,-0.00498678,0.000361446,56,0.000162432,0.00275096,56,-0.013968,0.000439491,52,0.00439803,-0.00222525
5262031011831,5262012148000,5262012148000,5262031000572,73729,18.8526,5262043853558,31.7056,0,20033,84680,0,0,1,0,0,0.008011,500,500,499,0.998,2.64998,4.09383,0.652376,0.302225,-0.00650024,-0.0353699,5.38697e-05,-7.67221e-05,0.0177591,-6.61196e-05,1,-0.00957709,-0.00672446,0.00672446,-0.00957709,1,1,0.00683954,-0.00914639,-0.000115076,-0.000430697,0,0,0,0,0,0,0,0,0,0,0,0,0,0,0,0,0,0,0,0,0,0,0,255,0.21,4.4244,0.21,0.00133914,-0.00925767,1,1,1,1,0,1,1,0.0913319,-3.28823,0.0345693,-0.00354401,0.00623066,-0.105555,14.1082,20841,1,367,201.975,5210,0,0.000884653,0.0185865,0.0332041,0,0,0,1,499,0.215,4.55077e-05,-6.50144e-05,-1.39781e-05,-9.78417e-06,-1.53974e-05,-7.33517e-06,0.422638,0.02582,-0.000842147,0.0338633,-0.166399,0.00134575,-0.001852,0.00147247,13.8615,0,0,0,0,0,0,-1,1,-9.04604e-07,-3.41778e-06,-0.166418,0,14.3873,1,1010,1010,1010,1010,0,0,0,0,14.3913,56,-0.00474873,-0.0239723,55,0.0239194,-0.00562728,56,-0.0149718,-0.00770086,56,-0.000593136,-0.00220177,56,-0.00364715,2.70697e-05,56,0.00313887,-0.0122737,56,-0.000313054,-0.00652225,56,0.014438,-0.00633186,52,-0.00138732,-0.0168567
5262044448747,5262032141000,5262032141000,5262044441636,73729,12.3006,5262058557928,26.4169,1,20034,84681,0,0,1,0,0,0.019993,500,500,499,0.998,2.63169,3.63155,0.633542,0.312447,0.0366669,-0.0795898,8.32189e-05,-0.000170972,0.00504431,0.00946998,1,-0.00855159,-0.0041624,0.0041624,-0.00855159,1,1,0.00263822,-0.00836231,0.00152418,-0.000189288,0,0,0,0,0,0,0,0,0,0,0,0,0,0,0,0,0,0,0,0,0,0,0,255,0.21,6.92296,0.21,-0.00308925,-0.198199,1,1,1,1,1,1,1,0.0913319,-3.28823,0.0345693,-0.00354401,0.00623066,-0.105555,28.7954,20841,1,367,14.6403,5211,0,0.000884653,0.0221305,0.0326399,0,0,0,1,499,0.215,7.05129e-05,-0.000144907,-3.11549e-05,-1.51603e-05,-3.3219e-05,-9.78889e-06,0.422605,0.0258102,-0.000831172,0.0338694,-0.166542,0.00181059,-0.000813937,-0.00379471,13.0026,2,0,0,0,0,0,-1,1,-9.04604e-07,-3.41778e-06,-0.166418,0,29.0725,1,1010,1010,1010,1010,0,0,0,0,29.0765,56,0.00420691,-0.00494841,56,0.0164332,-0.0098011,56,0.00190742,-0.00814226,56,0.00594358,-0.00428838,56,0.0049626,-0.00854958,56,0.00056737,-0.0116907,56,0.00595818,-0.0101335,56,0.000158913,-0.00994189,51,0.00515134,-0.00829742
5262059144988,5262044129000,5262044129000,5262059132988,73729,15.004,5262073278799,29.1498,0,20034,84682,0,0,1,0,0,0.011988,500,500,468,0.936,2.6477,3.93673,0.647579,0.300817,0.0132599,0.019165,3.47477e-05,5.1317e-05,0.0032307,-0.0132051,1,0.0042807,-0.00289854,0.00289854,0.0042807,1,1,0.00130955,0.00392257,0.00158899,0.00035813,0,0,0,0,0,0,0,0,0,0,0,0,0,0,0,0,0,0,0,0,0,0,0,255,0.21,2.12757,0.21,0.000738342,0.00463626,1,1,1,1,0,1,1,0.0913319,-3.28823,0.0345693,-0.00354401,0.00623066,-0.105555,43.5264,20841,1,367,29.3714,5211,0,0.000884653,0.0221305,0.0326399,0,0,0,1,468,0.215,2.94768e-05,4.35323e-05,9.35944e-06,-6.33751e-06,8.17392e-06,-7.80083e-06,0.422613,0.0258024,-0.000823308,0.0338906,-0.166582,0.00129243,0.00153996,-0.0044322,14.4682,1,0,0,0,0,0,-1,1,-9.04604e-07,-3.41778e-06,-0.166418,0,43.7823,1,1010,1010,1010,1010,0,0,0,0,43.7862,56,0.0078295,0.00649895,56,0.00296893,-0.00242442,30,0.0100906,0.00207614,56,0.00120485,0.000456654,56,0.0029699,0.0116223,51,0.00086619,0.00321261,56,0.00540417,0.00499476,56,0.000513389,0.00828297,51,-0.00146934,0.00247934
5262073847933,5262064145000,5262064145000,5262073841766,73729,9.69677,5262087264441,23.1194,1,20035,84683,0,0,1,0,0,0.020016,500,500,500,1,2.65961,4.08379,0.66656,0.323002,0.0147095,0.0544586,1.54796e-05,8.33076e-05,0.00123344,0.00484907,1,0.00416205,-0.00077336,0.00077336,0.00416205,1,1,0.0015378,0.00401272,-0.00076444,0.000149328,0,0,0,0,0,0,0,0,0,0,0,0,0,0,0,0,0,0,0,0,0,0,0,255,0.21,6.64961,0.21,-7.56245e-05,0.00421608,1,1,1,1,0,1,1,0.0909663,-3.28837,0.0317545,-0.00337435,0.00662183,-0.106462,6.33021,20842,1,367,43.3467,5211,0,0.000884653,0.0221305,0.0326399,0,0,0,1,500,0.215,1.30804e-05,7.05836e-05,1.51755e-05,-2.81229e-06,1.4491e-05,-5.28708e-06,0.422627,0.0257971,-0.000836298,0.033883,-0.166504,0.000707675,0.000642109,0.00319581,6.09918,2,0,0,0,0,0,-1,1,-9.04604e-07,-3.41778e-06,-0.166522,0,6.59866,1,1010,1010,1010,1010,0,0,0,0,6.60316,56,0.0008373,0.00195461,56,-0.00138268,0.00342791,56,-0.000777489,0.00917465,56,0.0054054,0.0040352,56,0.00473154,0.00385218,56,0.00415546,0.00537409,56,-0.000710746,0.00334082,56,-0.000258637,0.00155126,52,0.00120089,0.00717374
5262087827298,5262072142000,5262072142000,5262087814834,73729,15.6728,5262099551979,27.41,0,20035,84684,0,0,1,0,0,0.007997,500,500,492,0.984,2.63193,3.5929,0.627246,0.325206,-0.0451355,-0.0186768,-7.52307e-05,-2.62118e-05,-0.00802946,-0.00600121,1,-0.00327771,0.00940737,-0.00940737,-0.00327771,1,1,-0.00709825,-0.0029794,-0.00230912,-0.000298313,0,0,0,0,0,0,0,0,0,0,0,0,0,0,0,0,0,0,0,0,0,0,0,255,0.21,0.333503,0.21,-0.00860504,-0.00482942,1,1,1,1,0,1,1,0.0909663,-3.28837,0.0317545,-0.00337435,0.00662183,-0.106462,18.6204,20842,1,367,55.637,5211,0,0.000884653,0.0221305,0.0326399,0,0,0,1,492,0.215,-6.3727e-05,-2.22047e-05,-4.77401e-06,1.37013e-05,-2.43542e-06,1.43026e-05,0.422625,0.0258114,-0.000860762,0.0338712,-0.166466,-0.000936875,-0.00128275,0.00719387,12.0494,1,0,0,0,0,0,-1,1,-9.04604e-07,-3.41778e-06,-0.166522,0,18.8872,1,1010,1010,1010,1010,0,0,0,0,18.8917,56,-0.00597773,0.00287676,56,-0.0231072,0.00148544,50,-0.0059496,-0.00545534,56,-0.0183682,-0.00745841,56,-0.0151242,-0.0100211,54,-0.00909736,-0.00821844,56,-0.00335998,0.00528638,56,-0.01319,-0.00484764,52,-0.0063552,0.00012486
5262100128779,5262084125000,5262084125000,5262100116705,73729,15.9917,5262113276953,29.152,0,20035,84685,0,0,1,0,0,0.011983,500,500,500,1,2.62302,3.92047,0.676357,0.317188,-0.0325928,-0.0210266,-5.16704e-05,-1.85513e-05,0.00375679,0.0042132,1,-0.00154814,0.00431198,-0.00431198,-0.00154814,1,1,-0.00274005,-0.00131955,-0.00157192,-0.00022859,0,0,0,0,0,0,0,0,0,0,0,0,0,0,0,0,0,0,0,0,0,0,0,255,0.21,2.50191,0.21,-0.00510574,-0.00285343,1,1,1,1,1,1,1,0.0909663,-3.28837,0.0317545,-0.00337435,0.00662183,-0.106462,32.3544,20842,1,367,69.3709,5211,0,0.000884653,0.0221305,0.0326399,0,0,0,1,500,0.215,-4.38584e-05,-1.57421e-05,-3.38456e-06,9.42955e-06,-1.7734e-06,9.85978e-06,0.422623,0.0258213,-0.000879504,0.0338774,-0.166494,-0.00145291,-0.000982936,0.00424509,13.4846,1,0,0,0,0,0,-1,1,-9.04604e-07,-3.41778e-06,-0.166522,0,32.627,1,1010,1010,1010,1010,0,0,0,0,32.6315,56,-0.0128605,-0.000653558,56,-0.00404094,-0.00190705,56,-0.00641193,-0.00713884,56,-0.00303274,-0.00642449,56,-0.000103016,-0.00526594,56,0.000715021,-0.00132947,56,-0.00764018,-0.00373942,56,-0.000995988,-0.000632779,52,-0.010307,-0.00473363
5262113927124,5262104126000,5262104126000,5262113920087,73729,9.79409,5262127555116,23.4291,1,20036,84686,0,0,1,0,0,0.020001,500,500,476,0.952,2.705,3.6756,0.597041,0.305002,0.0225677,0.00749969,4.91758e-05,-2.24172e-05,-8.90638e-05,0.00376516,1,-0.0011208,-0.00245867,0.00245867,-0.0011208,1,1,0.00217263,-0.0013511,0.000286038,0.000230298,0,0,0,0,0,0,0,0,0,0,0,0,0,0,0,0,0,0,0,0,0,0,0,255,0.21,6.12047,0.21,0.00206096,0.000643039,1,1,1,1,0,1,1,0.0909663,-3.28837,0.0317545,-0.00337435,0.00662183,-0.106462,46.6252,20842,1,367,83.6419,5211,0,0.000884653,0.0221305,0.0326399,0,0,0,1,476,0.215,4.16696e-05,-1.90262e-05,-4.09064e-06,-8.95896e-06,-5.51675e-06,-8.15723e-06,0.422618,0.0258131,-0.000874721,0.0339013,-0.166558,-0.000429235,0.000990283,-0.00132736,14.0319,1,0,0,0,0,0,-1,1,-9.04604e-07,-3.41778e-06,-0.166522,0,46.8845,1,1010,1010,1010,1010,0,0,0,0,0.180817,56,0.00955935,-0.00263235,55,0.00514824,0.00105669,56,0.000970722,0.00136516,56,-0.00122578,0.001802,56,-0.000336721,0.00077342,56,0.00341316,-0.00160224,33,0.000678803,0.00149051,56,0.00263848,0.000387409,52,0.00376864,-0.00148284
5262128142843,5262112138000,5262112138000,5262128133047,73729,15.995,5262139743116,27.6051,0,20036,84687,0,0,1,0,0,0.008012,500,500,474,0.948,2.64637,3.82868,0.646709,0.302502,0.0200577,0.019043,0.000105751,1.75737e-05,0.018899,0.0102712,1,0.00219342,-0.0131991,0.0131991,0.00219342,1,1,0.0117061,0.00176829,0.00149305,0.000425131,0,0,0,0,0,0,0,0,0,0,0,0,0,0,0,0,0,0,0,0,0,0,0,255,0.21,-0.078704,0.21,0.00693182,0.00369637,1,1,1,1,0,1,1,0.0909663,-3.28837,0.0317545,-0.00337435,0.00662183,-0.106462,58.8152,20842,1,367,95.8319,5211,0,0.000884653,0.0221305,0.0326399,0,0,0,1,474,0.215,8.96119e-05,1.49528e-05,3.21486e-06,-1.92666e-05,-2.66374e-08,-1.95327e-05,0.422618,0.0257936,-0.000880137,0.0339095,-0.166639,0.000130064,0.00182806,-0.00503205,11.9537,1,0,0,0,0,0,-1,1,-9.04604e-07,-3.41778e-06,-0.166712,0,0.26702,1,1010,1010,1010,1010,0,0,0,0,12.3912,55,0.0093698,0.0124405,56,0.0332601,-0.0202258,34,-0.00383672,0.00907551,56,0.0042617,0.00700115,56,0.0138563,0.00665907,53,-0.00520882,0.0136783,56,0.0104996,0.00819924,56,-0.00298853,-0.000302386,52,0.0163318,-0.00896279
5262140321398,5262132149000,5262132149000,5262140314898,73729,8.1659,5262153074569,20.9256,1,20037,84688,0,0,1,0,0,0.020011,500,500,499,0.998,2.62796,3.92123,0.617561,0.318039,0.0397034,0.0195312,9.22533e-05,2.00449e-05,0.00694434,0.0102962,1,0.00100169,-0.00461013,0.00461013,0.00100169,1,1,0.00320948,0.00078156,0.00140065,0.000220135,0,0,0,0,0,0,0,0,0,0,0,0,0,0,0,0,0,0,0,0,0,0,0,255,0.21,2.07103,0.21,0.00363979,0.000261312,1,1,1,1,0,1,1,0.0906036,-3.28852,0.0290695,-0.00380289,0.00568519,-0.108138,13.3335,20843,1,367,109.178,5211,0,0.000884653,0.0221305,0.0326399,0,0,0,1,499,0.215,7.8146e-05,1.69172e-05,3.6372e-06,-1.68014e-05,7.97266e-07,-1.71717e-05,0.422618,0.0257764,-0.000880271,0.0339096,-0.166706,0.000674862,0.000946581,-0.00427834,13.0447,2,0,0,0,0,0,-1,1,-9.04604e-07,-3.41778e-06,-0.166712,0,13.5989,1,1010,1010,1010,1010,0,0,0,0,25.7232,56,-0.000655775,0.00365456,55,0.0135858,0.0011064,56,0.00407648,0.000525556,56,0.00672197,0.00353877,56,0.000177455,-0.00207981,56,0.00559645,0.00192682,56,0.00737322,-0.00107769,56,0.00501287,-0.00100727,52,0.00324901,0.00021258
5262153666758,5262144124000,5262144124000,5262153654425,73729,9.53042,5262166982914,22.8589,0,20037,84689,0,0,1,0,0,0.011975,500,500,499,0.998,2.65982,3.57227,0.665394,0.315466,-0.0122986,-0.0198975,-4.98412e-06,-3.38411e-05,0.0011523,-0.00654332,1,-0.00282598,0.000416211,-0.000416211,-0.00282598,1,1,-0.000248085,-0.00258857,-0.000168126,-0.000237407,0,0,0,0,0,0,0,0,0,0,0,0,0,0,0,0,0,0,0,0,0,0,0,255,0.21,5.25659,0.21,-0.000966317,-0.00419718,1,1,1,1,1,1,1,0.0906036,-3.28852,0.0290695,-0.00380289,0.00568519,-0.108138,27.2238,20843,1,367,123.068,5211,0,0.000884653,0.0221305,0.0326399,0,0,0,1,499,0.215,-4.25783e-06,-2.8713e-05,-6.17329e-06,9.15433e-07,-5.93237e-06,1.92643e-06,0.422613,0.0257783,-0.000874933,0.0338985,-0.16669,0.000746331,-0.00102085,0.00117542,13.6459,1,0,0,0,0,0,-1,1,-9.04604e-07,-3.41778e-06,-0.166712,0,27.4921,1,1010,1010,1010,1010,0,0,0,0,39.6163,56,-0.00296998,-0.0129883,55,0.0013075,0.0144243,56,-0.00417691,-0.000899986,56,-0.00237137,-0.000350546,56,0.000444436,-0.00236915,56,-0.00440605,-0.00787415,56,-0.00559856,-2.08836e-05,56,0.00262524,-0.000986625,52,0.00163592,-0.00300187
5262167581530,5262152137000,5262152137000,5262167569919,73729,15.4329,5262179192914,27.0559,0,20037,84690,0,0,1,0,0,0.008013,500,500,499,0.998,2.64532,3.62312,0.694691,0.322966,-0.00567627,-0.00585938,3.59873e-06,-2.67733e-05,2.00569e-05,0.0104426,1,-0.00334124,-0.000449112,0.000449112,-0.00334124,1,1,0.00114629,-0.00308044,-0.000697177,-0.000260794,0,0,0,0,0,0,0,0,0,0,0,0,0,0,0,0,0,0,0,0,0,0,0,255,0.21,7.83191,0.21,0.000102834,-0.00120523,1,1,1,1,0,1,1,0.0906036,-3.28852,0.0290695,-0.00380289,0.00568519,-0.108138,39.4338,20843,1,367,135.278,5211,0,0.000884653,0.0221305,0.0326399,0,0,0,1,499,0.215,3.08943e-06,-2.26466e-05,-4.86903e-06,-6.64227e-07,-4.90897e-06,1.52348e-07,0.422608,0.0257785,-0.000863507,0.0338889,-0.166684,0.0010896,-0.00112141,0.00326997,11.9339,2,0,0,0,0,0,-1,1,-9.04604e-07,-3.41778e-06,-0.166734,0,0.257391,1,1010,1010,1010,1010,0,0,0,0,0.26115,55,-0.00249824,0.00733463,56,0.00574717,-0.00377808,56,0.00200032,-0.00535598,56,-0.0137241,-0.00111408,56,0.00598834,-0.00221689,56,-0.00792481,-0.00701118,56,0.00376104,-0.00979527,56,-0.00187502,-0.00072153,52,-0.00316007,0.00589177
5262179752881,5262164118000,5262164118000,5262179740103,73729,15.6221,5262192402236,28.2842,0,20037,84691,0,0,1,0,0,0.011981,500,500,499,0.998,2.64165,3.89157,0.692246,0.343244,-0.00924683,-0.00811768,-6.16748e-07,-1.5595e-05,-0.00267178,-0.0018687,1,-0.00130165,5.14772e-05,-5.14772e-05,-0.00130165,1,1,0.000657773,-0.00109682,-0.00070925,-0.000204832,0,0,0,0,0,0,0,0,0,0,0,0,0,0,0,0,0,0,0,0,0,0,0,255,0.21,0.909951,0.21,-0.00202162,-0.00023588,1,1,1,1,0,1,1,0.0902328,-3.28866,0.0259557,-0.00373486,0.00645357,-0.109815,13.2019,20844,1,367,148.494,5211,0,0.000884653,0.0221305,0.0326399,0,0,0,1,499,0.215,-5.65725e-07,-1.32594e-05,-2.85077e-06,1.21631e-07,-2.78946e-06,5.92654e-07,0.422605,0.0257791,-0.000863507,0.0338889,-0.166684,0.00108066,-0.000880778,0.00330435,25.1479,0,0,0,0,0,0,-1,1,-9.04604e-07,-3.41778e-06,-0.166734,0,13.4706,1,1010,1010,1010,1010,0,0,0,0,13.4743,56,-0.00323692,-0.00888509,55,0.00835177,0.0119706,56,-0.00607408,-0.00332638,56,-0.00146338,-0.00145439,56,-0.000680647,0.00178687,56,-0.0041251,-0.000851551,56,-0.005469,-5.43905e-05,56,-0.00127363,-0.00455529,52,0.00716348,-0.00402598
5262192940537,5262184118000,5262184118000,5262192935462,73729,8.81746,5262206459639,22.3416,1,20038,84692,0,0,1,0,0,0.02,500,500,499,0.998,2.66484,3.79671,0.678024,0.313836,-0.033905,0.0155182,-5.79962e-05,4.03171e-05,0.00241868,0.000985775,1,0.00201586,0.00289981,-0.00289981,0.00201586,1,1,-0.00302558,0.00181561,0.000125774,0.000200247,0,0,0,0,0,0,0,0,0,0,0,0,0,0,0,0,0,0,0,0,0,0,0,255,0.21,3.92405,0.21,-0.00380352,0.00239046,1,1,1,1,0,1,1,0.0902328,-3.28866,0.0259557,-0.00373486,0.00645357,-0.109815,27.2522,20844,1,367,162.545,5211,0,0.000884653,0.0221305,0.0326399,0,0,0,1,499,0.215,-4.91989e-05,3.41661e-05,7.34571e-06,1.05778e-05,8.99502e-06,9.21257e-06,0.422614,0.0257883,-0.000857588,0.0339153,-0.166749,0.00106928,0.000861061,0.000422758,13.7698,2,0,0,0,0,0,-1,1,-9.04604e-07,-3.41778e-06,-0.166734,0,27.5206,1,1010,1010,1010,1010,0,0,0,0,27.5243,56,-0.000265602,0.00553704,55,-3.271e-05,-0.00354943,56,-0.00248209,0.00321946,56,-0.00194047,0.0020255,56,-0.00384686,0.00278535,56,-0.00330346,-0.000213404,56,-0.00159624,0.00174507,56,-0.00266799,0.00161434,52,-0.00797607,-0.000117423
5262207009810,5262192140000,5262192140000,5262206999661,73729,14.8597,5262219227161,27.0872,0,20038,84693,0,0,1,0,0,0.008022,500,500,500,1,2.70656,3.89544,0.641801,0.322558,0.00366211,0.0175095,1.71675e-05,2.45193e-05,0.0102553,0.000472647,1,0.0030565,-0.00214006,0.00214006,0.0030565,1,1,0.00174391,0.00298482,0.00039615,7.16847e-05,0,0,0,0,0,0,0,0,0,0,0,0,0,0,0,0,0,0,0,0,0,0,0,255,0.21,7.78021,0.21,-0.00064781,0.00211445,1,1,1,1,1,1,1,0.0902328,-3.28866,0.0259557,-0.00373486,0.00645357,-0.109815,40.0194,20844,1,367,175.312,5211,0,0.000884653,0.0221305,0.0326399,0,0,0,1,500,0.215,1.45513e-05,2.07643e-05,4.46432e-06,-3.12853e-06,3.88051e-06,-3.82588e-06,0.422618,0.0257845,-0.000862345,0.0338992,-0.166797,0.000564919,0.000308244,-0.00091082,12.4879,2,0,0,0,0,0,-1,1,-9.04604e-07,-3.41778e-06,-0.166734,0,40.2934,1,1010,1010,1010,1010,0,0,0,0,40.2972,56,-0.000246818,0.00528873,56,-0.00308042,-0.00584189,56,0.00431242,0.00411524,56,-0.00608381,0.00135709,56,-0.00401909,0.000825455,56,0.00202553,0.0073907,56,0.00265681,0.0114359,56,0.00837902,-0.00456438,52,0.00381548,0.0101341
5262219806517,5262204119000,5262204119000,5262219798073,73729,15.6791,5262233864087,29.7451,0,20038,84694,0,0,1,0,0,0.011979,500,500,453,0.906,2.64333,3.83779,0.596208,0.311929,-0.0237427,-0.00688171,-7.6355e-05,7.43858e-06,-0.0184042,-0.000546821,1,0.000620969,0.00637407,-0.00637407,0.000620969,1,1,-0.00666676,0.00100561,0.000292694,-0.000384641,0,0,0,0,0,0,0,0,0,0,0,0,0,0,0,0,0,0,0,0,0,0,0,255,0.21,0.36378,0.21,-0.00490821,-0.00170273,1,1,1,1,0,1,1,0.0898723,-3.28878,0.0230083,-0.00478111,0.00601283,-0.110396,2.37228,20845,1,367,189.942,5211,0,0.000884653,0.0221305,0.0326399,0,0,0,1,453,0.215,-6.4677e-05,6.3235e-06,1.35955e-06,1.39056e-05,3.64872e-06,1.34869e-05,0.422621,0.0257979,-0.000852432,0.0338669,-0.166837,0.0010182,-0.00165396,-0.000192307,2.16426,2,0,0,0,0,0,-1,1,-9.04605e-07,-3.41778e-06,-0.166855,0,2.63048,1,1010,1010,1010,1010,0,0,0,0,2.63469,56,-0.00984848,0.00398926,56,-0.00661181,-0.000472145,56,-0.000516251,-0.00133164,51,-0.00380688,-0.00320007,56,-0.0146707,-0.000845517,56,-0.00232615,0.00261882,16,-0.00494121,-0.00496223,54,-0.00710874,-0.00351125,52,-0.0101612,-0.00470192
5262234367331,5262220159000,5262220159000,5262234360405,73729,14.2014,5262247365115,27.2061,1,20039,84695,0,0,1,0,0,0.01604,500,500,500,1,2.6658,3.63806,0.693691,0.315817,0.0406342,-0.04245,0.000133195,-9.58601e-05,0.012636,0.000992794,1,-0.00597632,-0.00830392,0.00830392,-0.00597632,1,1,0.00798427,-0.0055545,0.000319652,-0.000421812,0,0,0,0,0,0,0,0,0,0,0,0,0,0,0,0,0,0,0,0,0,0,0,255,0.21,4.69291,0.21,0.00425024,-0.00477299,1,1,1,1,0,1,1,0.0898723,-3.28878,0.0230083,-0.00478111,0.00601283,-0.110396,15.88,20845,1,367,13.4994,5212,0,0.000884653,0.0272123,0.0328121,0,0,0,1,500,0.215,0.000112936,-8.12404e-05,-1.74667e-05,-2.42813e-05,-2.12458e-05,-2.10453e-05,0.4226,0.0257769,-0.000852432,0.0338669,-0.166837,0.00088706,-0.00181379,-0.000389954,15.6467,0,0,0,0,0,0,-1,1,-9.04605e-07,-3.41778e-06,-0.166855,0,16.146,1,1010,1010,1010,1010,0,0,0,0,16.1502,56,0.0126325,-0.00788723,56,0.00672024,0.00256217,56,0.00214608,-0.0103592,56,0.00344195,-0.000704125,56,0.00544056,-0.00220989,56,0.00750216,-0.0110471,56,0.00458929,-0.00527029,56,0.009311,-0.00351829,52,0.0104105,-0.00347827
5262247886896,5262232142000,5262232142000,5262247875952,73729,15.734,5262260452584,28.3106,0,20039,84696,0,0,1,0,0,0.011983,500,500,473,0.946,2.62537,3.62951,0.686246,0.316503,0.0226746,-0.0148163,2.7129e-05,-4.13975e-05,0.000318436,0.007094,1,-0.00345468,-0.00226396,0.00226396,-0.00345468,1,1,0.00184861,-0.0035822,0.000415354,0.000127521,0,0,0,0,0,0,0,0,0,0,0,0,0,0,0,0,0,0,0,0,0,0,0,255,0.21,7.33237,0.21,0.000952314,-0.000795238,1,1,1,1,0,1,1,0.0898723,-3.28878,0.0230083,-0.00478111,0.00601283,-0.110396,28.9691,20845,1,367,26.5881,5212,0,0.000884653,0.0272123,0.0328121,0,0,0,1,473,0.215,2.29836e-05,-3.50721e-05,-7.5405e-06,-4.94148e-06,-8.2522e-06,-3.62093e-06,0.422592,0.0257733,-0.000851013,0.0338959,-0.166894,0.000371589,0.000548341,-0.00113155,12.8032,2,0,0,0,0,0,-1,1,-9.04605e-07,-3.41778e-06,-0.166855,0,29.2319,1,1010,1010,1010,1010,0,0,0,0,29.2361,54,-0.00294427,0.0015527,55,0.0126952,-0.00922292,36,0.00615938,0.000804183,56,0.00225569,-0.000429585,56,0.00301323,-0.00782185,52,0.00155643,-0.00073563,56,0.00545066,-0.00396946,56,0.00372516,-0.00801256,52,0.00454183,-0.00456855
5262261005681,5262252135000,5262252135000,5262260998421,73729,8.86342,5262275032268,22.8973,1,20040,84697,0,0,1,0,0,0.019993,500,500,498,0.996,2.6477,3.95623,0.653413,0.309688,-0.0338669,0.0408325,-8.08009e-05,8.78465e-05,-0.0072495,-0.000679279,1,0.00439386,0.00404146,-0.00404146,0.00439386,1,1,-0.00444383,0.0040149,0.00040237,0.000378959,0,0,0,0,0,0,0,0,0,0,0,0,0,0,0,0,0,0,0,0,0,0,0,255,0.21,0.9496,0.21,-0.00318138,0.00435072,1,1,1,1,1,1,1,0.0898723,-3.28878,0.0230083,-0.00478111,0.00601283,-0.110396,43.5531,20845,1,367,41.1721,5212,0,0.000884653,0.0272123,0.0328121,0,0,0,1,498,0.215,-6.85187e-05,7.44572e-05,1.60083e-05,1.47315e-05,1.82239e-05,1.18687e-05,0.42261,0.0257851,-0.000841003,0.0339028,-0.166915,0.00112228,0.00162952,-0.000486329,14.333,1,0,0,0,0,0,-1,1,-9.04605e-07,-3.41778e-06,-0.166855,0,43.8179,1,1010,1010,1010,1010,0,0,0,0,43.8221,55,-0.00741092,0.00471485,55,-0.00250591,0.000552461,56,-0.00700442,0.00653532,56,-0.00255112,0.00391694,56,-0.00221711,0.00374717,56,-0.00662169,0.00409627,56,-0.00319373,0.00131446,56,0.00232798,0.00458445,52,-0.0066467,0.00149581
5262275626625,5262260156000,5262260156000,5262275616421,73729,15.4604,5262287424566,27.2686,0,20040,84698,0,0,1,0,0,0.008021,500,500,466,0.932,2.629,3.97983,0.587004,0.311928,0.03302,0.0235291,5.32853e-05,7.43316e-05,0.00533792,-0.0225266,1,0.00926712,-0.00664322,0.00664322,0.00926712,1,1,0.00701876,0.00933363,-0.000375543,-6.65131e-05,0,0,0,0,0,0,0,0,0,0,0,0,0,0,0,0,0,0,0,0,0,0,0,255,0.21,5.38704,0.21,0.00530156,0.00363688,1,1,1,1,0,1,1,0.0895358,-3.28893,0.0201135,-0.00511967,0.00598427,-0.110648,5.22302,20846,1,367,53.557,5212,0,0.000884653,0.0272123,0.0328121,0,0,0,1,466,0.215,4.52215e-05,6.30239e-05,1.35501e-05,-9.72262e-06,1.17392e-05,-1.18374e-05,0.422622,0.0257733,-0.00085469,0.0338659,-0.166911,0.000547099,-0.000286006,0.00172955,5.00683,2,0,0,0,0,0,-1,1,-9.04604e-07,-3.41778e-06,-0.166929,0,5.48019,1,1010,1010,1010,1010,0,0,0,0,5.48521,49,0.0251588,0.00367703,55,-0.00555192,0.0178655,56,0.0134987,0.000625933,46,-0.00694474,0.0145374,56,0.0038662,0.0115194,56,0.0174748,0.00625078,40,0.00412279,0.0115944,56,0.00737407,0.00151275,52,0.0188076,0.012751
5262287900754,5262272138000,5262272138000,5262287891291,73729,15.7533,5262300895241,28.7572,0,20040,84699,0,0,1,0,0,0.011982,500,500,500,1,2.62763,3.67786,0.691394,0.336762,-0.0210419,-0.0257263,-5.32838e-05,-5.61116e-05,0.00645161,-0.0038157,1,-0.00468299,0.00444698,-0.00444698,-0.00468299,1,1,-0.00400458,-0.00412909,-0.000442398,-0.000553897,0,0,0,0,0,0,0,0,0,0,0,0,0,0,0,0,0,0,0,0,0,0,0,255,0.21,7.43735,0.21,-0.0043082,-0.00536751,1,1,1,1,0,1,1,0.0895358,-3.28893,0.0201135,-0.00511967,0.00598427,-0.110648,18.6965,20846,1,367,67.0305,5212,0,0.000884653,0.0272123,0.0328121,0,0,0,1,500,0.215,-4.5143e-05,-4.74946e-05,-1.02113e-05,9.70575e-06,-8.45127e-06,1.12666e-05,0.422613,0.0257846,-0.000842962,0.033848,-0.166927,0.00034763,-0.00238176,0.00179995,13.2339,1,0,0,0,0,0,-1,1,-9.04604e-07,-3.41778e-06,-0.166929,0,18.9599,1,1010,1010,1010,1010,0,0,0,0,18.9649,56,0.00690307,-0.00891969,56,-0.0218084,-0.00726411,56,-0.00454524,-0.000724471,56,-0.00435829,-0.0046522,56,0.00133916,-0.0046386,56,-0.0054026,-0.00186787,56,0.000985046,0.00237016,56,-0.00228702,-0.00402205,52,-0.00302831,-0.00302625
5262301407208,5262292137000,5262292137000,5262301399893,73729,9.26289,5262315547408,23.4104,1,20041,84700,0,0,1,0,0,0.019999,500,500,499,0.998,2.68787,4.00907,0.650709,0.31154,0.00668335,-0.0146179,5.63622e-07,1.06381e-05,0.000954822,-0.00658077,1,0.000531931,-2.81825e-05,2.81825e-05,0.000531931,1,1,-0.000212658,0.000661991,0.000240841,-0.000130061,0,0,0,0,0,0,0,0,0,0,0,0,0,0,0,0,0,0,0,0,0,0,0,255,0.21,0.754783,0.21,-0.000399758,-0.000232029,1,1,1,1,0,1,1,0.0895358,-3.28893,0.0201135,-0.00511967,0.00598427,-0.110648,33.3543,20846,1,367,81.6883,5212,0,0.000884653,0.0272123,0.0328121,0,0,0,1,499,0.215,4.8825e-07,8.99791e-06,1.93455e-06,-1.04974e-07,1.88912e-06,-4.2481e-07,0.422615,0.0257842,-0.000826735,0.0338586,-0.166952,0.00154232,-0.000559261,0.000405366,14.3743,1,0,0,0,0,0,-1,1,-9.04604e-07,-3.41778e-06,-0.166929,0,33.641,1,1010,1010,1010,1010,0,0,0,0,33.646,56,0.00127094,-0.00336686,55,0.00171724,0.0154378,56,0.00152569,-0.00155481,56,0.0051583,-0.00265534,56,0.000271772,-0.00107072,56,0.00653342,-0.00173886,56,-0.00138262,-0.00171966,56,-0.000674038,0.001925,52,-0.00169906,-0.000796661
5262316224839,5262300155000,5262300155000,5262316212894,73729,16.0579,5262328084817,27.9298,0,20041,84701,0,0,1,0,0,0.008018,500,500,500,1,2.72797,3.59814,0.611041,0.312817,-0.00219727,0.0157394,-1.94518e-05,2.39173e-05,-0.0137806,0.00915858,1,0.00298296,0.00242602,-0.00242602,0.00298296,1,1,-0.00311231,0.0026448,0.000686288,0.00033815,0,0,0,0,0,0,0,0,0,0,0,0,0,0,0,0,0,0,0,0,0,0,0,255,0.21,5.38987,0.21,-0.000985067,0.00509938,1,1,1,1,1,1,1,0.0895358,-3.28893,0.0201135,-0.00511967,0.00598427,-0.110648,45.8849,20846,1,367,94.219,5212,0,0.000884653,0.0272123,0.0328121,0,0,0,1,500,0.215,-1.64921e-05,2.02114e-05,4.34545e-06,3.5458e-06,4.87191e-06,2.77447e-06,0.42262,0.0257869,-0.000817984,0.0338816,-0.167023,0.00139306,0.00145405,-0.00124638,10.6835,2,0,0,0,0,0,-1,1,-9.04604e-07,-3.41778e-06,-0.166929,0,46.1559,1,1010,1010,1010,1010,0,0,0,0,0.23802,56,-0.00724097,0.0113277,56,0.00757937,0.00266644,56,0.00152321,0.0037437,56,-0.00129425,-0.00187663,56,0.00188283,0.000479295,56,-0.00636527,0.00928006,56,0.000781643,-0.0010035,56,-0.00352667,-0.0034807,52,-0.00298094,0.0039709
5262328665377,5262320154000,5262320154000,5262328659359,73729,8.50536,5262340330114,20.1761,1,20042,84702,0,0,1,0,0,0.019999,500,500,466,0.932,2.68178,3.62112,0.711783,0.300818,-0.00231171,-0.00247192,1.74968e-05,3.43255e-06,0.00416053,-0.00281646,1,0.000171636,-0.000874883,0.000874883,0.000171636,1,1,0.00013322,-0.000221771,0.000741663,0.000393407,0,0,0,0,0,0,0,0,0,0,0,0,0,0,0,0,0,0,0,0,0,0,0,255,0.21,7.53319,0.21,-0.00138929,-0.000161756,1,1,1,1,0,1,1,0.0895358,-3.28893,0.0201135,-0.00511967,0.00598427,-0.110648,58.1299,20846,1,367,106.464,5212,0,0.000884653,0.0272123,0.0328121,0,0,0,1,466,0.215,1.48197e-05,2.97619e-06,6.3988e-07,-3.18623e-06,1.00996e-07,-3.24822e-06,0.42262,0.0257837,-0.000817984,0.0338816,-0.167023,0.00115935,0.00169165,-0.00162384,22.9494,0,0,0,0,0,0,-1,1,-9.04605e-07,-3.41778e-06,-0.16706,0,0.251521,1,1010,1010,1010,1010,0,0,0,0,12.4758,56,0.00697504,0.00145196,56,0.00644622,-0.0024067,30,0.000550111,0.00252475,56,0.000393309,0.000810063,56,-0.0015168,0.000840377,51,-0.000130205,-0.00144831,56,-0.00277527,0.00412245,56,0.00108923,-0.000708066,49,0.00147653,-0.00100576
5262340822506,5262332135000,5262332135000,5262340810858,73729,8.67586,5262354943076,22.8081,0,20042,84703,0,0,1,0,0,0.011981,500,500,498,0.996,2.65478,3.94888,0.716765,0.313114,-0.0165176,0.00881958,-6.40235e-05,-1.54917e-07,-0.00775845,0.00484321,1,-1.29302e-05,0.00534375,-0.00534375,-1.29302e-05,1,1,-0.00588477,-0.000121777,0.000541017,0.000108846,0,0,0,0,0,0,0,0,0,0,0,0,0,0,0,0,0,0,0,0,0,0,0,255,0.21,-0.4478,0.21,-0.00362278,-0.00142092,1,1,1,1,0,1,1,0.0892308,-3.28907,0.0179153,-0.00529458,0.00613227,-0.111279,14.621,20847,1,367,121.097,5212,0,0.000884653,0.0272123,0.0328121,0,0,0,1,498,0.215,-5.42282e-05,-1.69307e-07,-3.6401e-08,1.16591e-05,1.90252e-06,1.15028e-05,0.422622,0.0257952,-0.00081072,0.0338604,-0.16706,0.00120955,0.000468039,-0.000893454,14.3369,2,0,0,0,0,0,-1,1,-9.04605e-07,-3.41778e-06,-0.16706,0,14.8916,1,1010,1010,1010,1010,0,0,0,0,27.1158,56,-0.00492416,0.00119985,55,-0.0100563,-0.00764471,56,-0.000143478,0.000692526,56,0.00471686,-0.00195497,56,-0.00249621,-0.00574273,56,-0.00213674,0.00586828,56,0.000779254,-0.00361904,56,-0.00704639,0.0037131,51,-0.010712,0.0108937
5262355475173,5262340157000,5262340157000,5262355463672,73729,15.3067,5262367292595,27.1356,0,20042,84704,0,0,1,0,0,0.008022,500,500,500,1,2.6323,3.64012,0.665301,0.31904,-0.00881958,-0.0246658,-5.09599e-05,-5.88925e-05,-0.0145022,0.000792658,1,-0.00734137,0.00635252,-0.00635252,-0.00734137,1,1,-0.00667388,-0.00686922,0.00032136,-0.00047215,0,0,0,0,0,0,0,0,0,0,0,0,0,0,0,0,0,0,0,0,0,0,0,255,0.21,4.03605,0.21,-0.00475548,-0.00688172,1,1,1,1,0,1,1,0.0892308,-3.28907,0.0179153,-0.00529458,0.00613227,-0.111279,26.9511,20847,1,367,133.427,5212,0,0.000884653,0.0272123,0.0328121,0,0,0,1,500,0.215,-4.31413e-05,-4.99521e-05,-1.07397e-05,9.27538e-06,-9.0418e-06,1.09313e-05,0.422613,0.0258061,-0.000796549,0.0338331,-0.16708,0.00106573,-0.00203024,-0.000252893,12.0872,1,0,0,0,0,0,-1,1,-9.04605e-07,-3.41778e-06,-0.16706,0,27.2196,1,1010,1010,1010,1010,0,0,0,0,39.4439,56,-0.014415,-0.000413332,56,-0.0189955,-0.00177808,56,0.0127236,-0.00508555,56,0.000145482,-0.00390237,56,-0.0104254,-0.00316211,56,-0.00799935,-0.00767858,56,-0.000206875,-0.00989867,56,-0.00408913,-0.0135097,52,-0.0140569,-0.010742
5262367793673,5262352127000,5262352127000,5262367781191,73729,15.6542,5262380865383,28.7384,0,20042,84705,0,0,1,0,0,0.01197,500,500,498,0.996,2.61695,3.83818,0.602449,0.344114,-0.0177307,-0.0267944,-3.53728e-05,-3.62004e-06,-0.00497394,-0.00967581,1,-0.000302426,0.00295512,-0.00295512,-0.000302426,1,1,-0.00341933,-4.02321e-05,0.000464212,-0.000262194,0,0,0,0,0,0,0,0,0,0,0,0,0,0,0,0,0,0,0,0,0,0,0,255,0.21,6.14973,0.21,-0.00322084,-0.00240661,1,1,1,1,1,1,1,0.0892308,-3.28907,0.0179153,-0.00529458,0.00613227,-0.111279,40.5209,20847,1,367,146.997,5212,0,0.000884653,0.0272123,0.0328121,0,0,0,1,498,0.215,-2.99904e-05,-3.09254e-06,-6.64896e-07,6.44794e-06,4.17388e-07,6.46865e-06,0.422614,0.0258126,-0.000800021,0.0338163,-0.167158,0.000811696,-0.00112743,-0.000947531,13.3008,2,0,0,0,0,0,-1,1,-9.04604e-07,-3.41778e-06,-0.16721,0,0.254576,1,1010,1010,1010,1010,0,0,0,0,0.258002,55,-0.0091035,-0.00271981,56,-0.0120529,0.0106093,55,0.000206314,-0.00601541,56,-0.000708164,-0.00307009,56,-0.00239538,-0.00483389,56,-0.0038808,0.000894711,56,-0.0081494,-0.00341753,56,0.00133431,-0.00193704,52,-0.00401943,-0.00474428
5262381420480,5262372124000,5262372124000,5262381415350,73729,9.29135,5262393438163,21.3142,1,20043,84706,0,0,1,0,0,0.019997,500,500,498,0.996,2.6492,4.06686,0.592357,0.311539,-0.00770569,-0.00334167,-8.47447e-05,2.31949e-06,-0.00750293,0.00176548,1,0.000115992,0.00423787,-0.00423787,0.000115992,1,1,-0.00489535,-0.000173675,0.000657483,0.000289667,0,0,0,0,0,0,0,0,0,0,0,0,0,0,0,0,0,0,0,0,0,0,0,255,0.21,-0.454022,0.21,-0.00220499,0.0016928,1,1,1,2,0,1,1,0.0889326,-3.28921,0.0156975,-0.00511802,0.00576427,-0.112134,12.5874,20848,1,367,159.595,5212,0,0.000884653,0.0272123,0.0328121,0,0,0,1,498,0.215,-7.17485e-05,1.95452e-06,4.20222e-07,1.54259e-05,2.98082e-06,1.5141e-05,0.422616,0.0258277,-0.000796866,0.0338458,-0.167193,0.000780834,0.00124557,-0.00163707,12.3297,1,0,0,0,0,0,-1,1,-9.04604e-07,-3.41778e-06,-0.16721,0,12.8522,1,1010,1010,1010,1010,0,0,0,0,12.8556,55,0.000913429,0.00095716,55,-0.0164872,0.000225993,56,-0.0025966,0.00183331,56,-0.00407467,-0.00590339,56,-0.000400299,0.00122817,56,-0.00190527,-0.000242544,56,0.00110202,-0.00419398,56,0.00197712,-0.00159571,52,-0.00922719,0.00479291
5262393954797,5262380148000,5262380148000,5262393944537,73729,13.7965,5262407713030,27.565,0,20043,84707,0,0,1,0,0,0.008024,500,500,498,0.996,2.64933,3.71436,0.593634,0.314725,0.00994873,0.0184021,5.32361e-05,2.47344e-05,0.0101566,0.00473256,1,0.00308256,-0.00663461,0.00663461,0.00308256,1,1,0.00652072,0.0027476,0.000113893,0.000334958,0,0,0,0,0,0,0,0,0,0,0,0,0,0,0,0,0,0,0,0,0,0,0,255,0.21,1.90413,0.21,0.00151178,0.00403194,1,1,1,1,0,1,1,0.0889326,-3.28921,0.0156975,-0.00511802,0.00576427,-0.112134,26.8364,20848,1,367,173.844,5212,0,0.000884653,0.0272123,0.0328121,0,0,0,1,498,0.215,4.50348e-05,2.10009e-05,4.51518e-06,-9.68249e-06,2.83857e-06,-1.02985e-05,0.422619,0.0258174,-0.000801697,0.033837,-0.167198,0.000292726,0.00144032,-0.000157613,13.9581,1,0,0,0,0,0,-1,1,-9.04604e-07,-3.41778e-06,-0.16721,0,27.126,1,1010,1010,1010,1010,0,0,0,0,27.1294,55,-0.00294563,-0.00159124,55,0.0238993,0.0012752,56,-0.00056067,0.00279412,56,0.00295724,0.00327769,56,-0.00117638,0.000332615,56,0.00290794,-0.00133453,56,0.0013714,0.011515,56,0.00323809,0.00491364,52,0.0133832,0.00541389
5262408238645,5262400162000,5262400162000,5262408233608,73729,8.07161,5262422343808,22.1818,1,20044,84708,0,0,1,0,0,0.020014,500,500,496,0.992,2.7088,4.72122,0.60719,0.312002,0.0243683,0.0149841,1.81189e-05,2.34777e-05,-0.00601779,-0.00466836,1,0.00117306,-0.000905313,0.000905313,0.00117306,1,1,0.00143161,0.00129212,-0.000526296,-0.000119061,0,0,0,0,0,0,0,0,0,0,0,0,0,0,0,0,0,0,0,0,0,0,0,255,0.21,5.99493,0.21,0.00123833,-0.000196531,1,1,1,1,0,1,1,0.0889326,-3.28921,0.0156975,-0.00511802,0.00576427,-0.112134,41.4702,20848,1,367,188.478,5212,0,0.000884653,0.0272123,0.0328121,0,0,0,1,496,0.215,1.54521e-05,1.99258e-05,4.28405e-06,-3.32221e-06,3.66923e-06,-3.98832e-06,0.422623,0.0258134,-0.000780948,0.0338055,-0.167168,0.00126196,-0.000511964,0.00282003,14.351,2,0,0,0,0,0,-1,1,-9.04604e-07,-3.41778e-06,-0.16721,0,41.7452,1,1010,1010,1010,1010,0,0,0,0,41.7486,56,0.00185705,0.00272077,53,0.00118398,0.000429515,56,0.00322442,-0.00236122,56,-0.00149779,-0.000561356,56,0.00258973,0.00642719,56,0.00205486,0.0054567,56,0.00198747,0.000397876,56,0.00110849,0.00323962,51,-0.00191853,-0.000221524
5262422851534,5262412144000,5262412144000,5262422841626,73729,10.6976,5262436805343,24.6613,0,20044,84709,0,0,1,0,0,0.011982,500,500,469,0.938,2.64558,4.10201,0.68619,0.300669,-0.0139771,-0.0376587,-4.19069e-05,-5.54166e-05,-0.00676278,-0.00454381,1,-0.00462498,0.00349749,-0.00349749,-0.00462498,1,1,-0.00321086,-0.00418938,-0.00028663,-0.000435606,0,0,0,0,0,0,0,0,0,0,0,0,0,0,0,0,0,0,0,0,0,0,0,255,0.21,0.372244,0.21,-0.00292627,-0.00527033,1,1,1,1,1,1,1,0.0886404,-3.28936,0.0131094,-0.00552695,0.00576366,-0.11254,4.10383,20849,1,367,202.935,5212,0,0.000884653,0.0272123,0.0328121,0,0,0,1,469,0.215,-3.54664e-05,-4.70135e-05,-1.01079e-05,7.62528e-06,-8.69237e-06,9.20027e-06,0.422614,0.0258226,-0.000787064,0.0337891,-0.167209,0.000441187,-0.0018731,0.00133896,3.88818,2,0,0,0,0,0,-1,1,-9.04604e-07,-3.41778e-06,-0.167226,0,4.35607,1,1010,1010,1010,1010,0,0,0,0,4.36009,56,0.00182531,-0.00301701,56,-0.0134278,0.00650851,56,0.00494131,-0.00566629,56,-0.00327874,-0.00726378,56,-0.00331137,-0.00703692,56,0.00332342,-0.00666602,25,-0.00365837,-0.0076816,56,-0.00339271,-0.00401954,52,-0.00480091,-0.001718
5262437342699,5262432136000,5262432136000,5262437337902,73729,5.2019,5262447974261,15.8383,1,20045,84710,0,0,1,0,0,0.019992,500,500,495,0.99,2.65002,3.65427,0.732376,0.316392,-0.0177917,-0.0147095,-2.94257e-05,-9.72853e-06,0.000400521,-0.00613382,1,-0.000486621,0.00147187,-0.00147187,-0.000486621,1,1,-0.00214132,-0.000608548,0.000669447,0.000121927,0,0,0,0,0,0,0,0,0,0,0,0,0,0,0,0,0,0,0,0,0,0,0,255,0.21,4.66163,0.21,-0.00209362,0.00101525,1,1,1,2,0,1,1,0.0886404,-3.28936,0.0131094,-0.00552695,0.00576366,-0.11254,15.2977,20849,1,367,11.1877,5213,0,0.000884653,0.0289334,0.0325,0,0,0,1,495,0.215,-2.49057e-05,-8.21986e-06,-1.76727e-06,5.35473e-06,-8.50304e-07,5.57407e-06,0.422613,0.0258282,-0.000791255,0.0337942,-0.167258,0.000179922,0.000524287,-0.00215896,10.9327,1,0,0,0,0,0,-1,1,-9.04604e-07,-3.41778e-06,-0.167226,0,15.5553,1,1010,1010,1010,1010,0,0,0,0,15.5594,56,-0.0011478,-0.0057288,56,-0.00853983,-0.00025289,54,-0.000155219,0.00108253,56,0.0014086,-0.00106098,56,0.000846934,-0.00126055,56,-0.00578496,-0.00201675,53,-0.00203042,0.000627341,56,-4.44197e-05,-0.000300209,52,-0.00265488,0.00225833
5262448472820,5262440152000,5262440152000,5262448464505,73729,8.3125,5262460265428,20.1134,0,20045,84711,0,0,1,0,0,0.008016,500,500,500,1,2.61359,3.64242,0.709802,0.32191,0.0126343,0.0127792,-1.93318e-06,2.10376e-05,0.00473378,-0.0048441,1,0.00262445,0.000241165,-0.000241165,0.00262445,1,1,-0.00138687,0.00213631,0.0011457,0.000488139,0,0,0,0,0,0,0,0,0,0,0,0,0,0,0,0,0,0,0,0,0,0,0,255,0.21,4.98922,0.21,0.000424967,0.00429376,1,1,1,1,0,1,1,0.0886404,-3.28936,0.0131094,-0.00552695,0.00576366,-0.11254,27.5691,20849,1,367,23.4591,5213,0,0.000884653,0.0289334,0.0325,0,0,0,1,500,0.215,-1.64749e-06,1.78468e-05,3.83706e-06,3.5421e-07,3.8403e-06,-2.89344e-07,0.422617,0.0258279,-0.00078303,0.0338243,-0.167307,0.000841172,0.002099,-0.00326828,12.0087,1,0,0,0,0,0,-1,1,-9.04604e-07,-3.41778e-06,-0.167226,0,27.8465,1,1010,1010,1010,1010,0,0,0,0,27.8505,56,0.0112433,-0.0127098,56,-0.00238608,-0.010319,56,-0.00371368,0.00925658,56,0.00382188,0.0131711,56,0.00335779,-5.19361e-06,56,0.0087804,0.00363426,56,0.00265059,0.00418026,56,0.0140091,0.0023823,52,-0.0194355,0.00710815
5262460773505,5262448158000,5262448158000,5262460763746,73729,12.6057,5262473815623,25.6576,0,20045,84712,0,0,1,0,0,0.008006,500,500,500,1,2.65098,3.83516,0.737339,0.309021,-0.0124512,0.0125275,7.4897e-06,4.90594e-05,-0.00601582,0.00512264,1,0.00612783,-0.000935511,0.000935511,0.00612783,1,1,-0.000149484,0.00588163,0.00108499,0.000246205,0,0,0,0,0,0,0,0,0,0,0,0,0,0,0,0,0,0,0,0,0,0,0,255,0.21,7.65839,0.21,-0.000371852,0.00299081,1,1,1,1,0,1,1,0.0886404,-3.28936,0.0131094,-0.00552695,0.00576366,-0.11254,41.1293,20849,1,367,37.0191,5213,0,0.000884653,0.0289334,0.0325,0,0,0,1,500,0.215,6.36286e-06,4.15457e-05,8.93233e-06,-1.36802e-06,8.57469e-06,-2.83587e-06,0.422626,0.0258251,-0.000777215,0.0338047,-0.167345,0.00134872,0.00105868,-0.00265341,13.31,1,0,0,0,0,0,-1,1,-9.04604e-07,-3.41778e-06,-0.167226,0,41.3994,1,1010,1010,1010,1010,0,0,0,0,41.4034,56,-0.0112081,0.00960958,56,0.0154997,0.0275878,56,0.00838909,-0.00164409,56,-0.012723,-0.00586857,56,0.0001583,0.000485793,56,-0.00710035,0.00550974,56,-0.00320654,-0.00182289,56,-0.0099178,0.0074,52,0.0193553,0.00353364
5262474320367,5262460150000,5262460150000,5262474310404,73729,14.1604,5262486331254,26.1813,0,20045,84713,0,0,1,0,0,0.011992,500,500,499,0.998,2.64935,4.11251,0.585041,0.302614,-0.00205994,-0.0261688,-2.2437e-05,-6.0408e-05,-0.00115344,0.00991206,1,-0.00503736,0.001871,-0.001871,-0.00503736,1,1,-0.00203757,-0.00475099,0.000166574,-0.000286371,0,0,0,0,0,0,0,0,0,0,0,0,0,0,0,0,0,0,0,0,0,0,0,255,0.21,1.0659,0.21,-0.000536633,-0.0046952,1,1,1,1,1,1,1,0.0883758,-3.28949,0.0108001,-0.00530563,0.00564153,-0.112197,4.40424,20850,1,367,49.5208,5213,0,0.000884653,0.0289334,0.0325,0,0,0,1,499,0.215,-1.89739e-05,-5.11893e-05,-1.10057e-05,4.07938e-06,-1.01662e-05,5.85491e-06,0.422616,0.0258309,-0.000786398,0.0337724,-0.167382,0.000434712,-0.0012314,-0.000225244,4.1752,2,0,0,0,0,0,-1,1,-9.04604e-07,-3.41778e-06,-0.167399,0,4.66565,1,1010,1010,1010,1010,0,0,0,0,4.67016,56,0.000385741,-0.011829,55,-0.00714367,-0.0143407,56,-0.0023841,-0.00399228,56,0.0154949,-0.00332344,56,-0.00937828,0.00612059,56,0.00450338,-0.00761788,56,-0.00281257,-0.00783066,56,2.08382e-05,-0.00175462,52,0.00101589,-0.00322871
5262486876277,5262468168000,5262468168000,5262486866592,73729,18.6986,5262499857264,31.6893,0,20045,84714,0,0,1,0,0,0.008018,500,500,500,1,2.64887,3.6359,0.715912,0.311521,-0.0263214,-0.0196228,-3.10599e-05,-1.10672e-05,0.0151799,-0.0159853,1,-0.0013803,0.00387377,-0.00387377,-0.0013803,1,1,-0.00382396,-0.00112056,-4.98067e-05,-0.000259743,0,0,0,0,0,0,0,0,0,0,0,0,0,0,0,0,0,0,0,0,0,0,0,255,0.21,3.47927,0.21,-0.00614078,-0.00483636,1,1,1,1,0,1,1,0.0883758,-3.28949,0.0108001,-0.00530563,0.00564153,-0.112197,17.9351,20850,1,367,63.0516,5213,0,0.000884653,0.0289334,0.0325,0,0,0,1,500,0.215,-2.63378e-05,-9.36367e-06,-2.01319e-06,5.66262e-06,-1.04053e-06,5.91873e-06,0.422615,0.0258369,-0.000785101,0.0337687,-0.167405,0.000268504,-0.0011169,0.000386138,13.2969,1,0,0,0,0,0,-1,1,-9.04604e-07,-3.41778e-06,-0.167399,0,18.2174,1,1010,1010,1010,1010,0,0,0,0,18.222,56,0.00799789,0.00544314,56,0.00656646,-0.00341557,56,0.00132405,-0.000718702,56,-0.0127111,0.0015393,56,-0.0012879,-0.00676929,56,-3.19536e-05,-0.00552941,56,-0.00761242,0.000884027,56,-0.000567058,-0.0101998,52,-0.018476,-0.00190841
5262500372083,5262488168000,5262488168000,5262500367508,73729,12.1995,5262516360407,28.1924,1,20046,84715,0,0,1,0,0,0.02,500,500,500,1,2.62145,5.39704,0.641004,0.308021,-0.0233459,0.00624084,-4.12773e-05,5.98383e-06,0.000349023,0.00182769,1,0.000299192,0.00206387,-0.00206387,0.000299192,1,1,-0.00231832,0.000153014,0.000254457,0.000146178,0,0,0,0,0,0,0,0,0,0,0,0,0,0,0,0,0,0,0,0,0,0,0,255,0.21,6.35916,0.21,-0.00240138,0.00145212,1,1,1,1,0,1,1,0.0883758,-3.28949,0.0108001,-0.00530563,0.00564153,-0.112197,34.4381,20850,1,367,79.5546,5213,0,0.000884653,0.0289334,0.0325,0,0,0,1,500,0.215,-3.50298e-05,5.03253e-06,1.08199e-06,7.53141e-06,2.32117e-06,7.24591e-06,0.422617,0.0258441,-0.000779223,0.033783,-0.167432,0.000715888,0.000628566,-0.000302622,16.2218,1,0,0,0,0,0,-1,1,-9.04604e-07,-3.41778e-06,-0.167399,0,34.7079,1,1010,1010,1010,1010,0,0,0,0,34.7125,56,-0.00896108,-0.00438026,56,0.0016865,0.00643578,56,-0.00240248,-0.00350038,56,-0.00137279,0.00247349,56,-0.00309716,-0.000178626,56,-0.00471055,0.000318146,56,0.000874926,0.000400283,56,-0.00057351,0.000850486,52,-0.00139996,0.00466689
5262516866263,5262508184000,5262508184000,5262516861633,73729,8.67763,5262530485995,22.302,1,20047,84716,0,0,1,0,0,0.020016,500,500,496,0.992,2.68148,3.76649,0.658616,0.309799,0.0388718,0.0651398,5.65765e-05,0.000113758,0.00122403,-0.00103513,1,0.00568335,-0.00282656,0.00282656,0.00568335,1,1,0.0030417,0.00538167,-0.00021514,0.000301677,0,0,0,0,0,0,0,0,0,0,0,0,0,0,0,0,0,0,0,0,0,0,0,255,0.21,3.00145,0.21,0.00206162,0.00546965,1,1,1,1,0,1,1,0.088145,-3.28965,0.0087398,-0.00653201,0.00538487,-0.113341,0.410725,20851,1,367,93.6754,5213,0,0.000884653,0.0289334,0.0325,0,0,0,1,496,0.215,4.80483e-05,9.64426e-05,2.07352e-05,-1.03304e-05,1.87125e-05,-1.36391e-05,0.422636,0.0258305,-0.000774615,0.0337934,-0.167409,0.000734756,0.00129721,0.00132789,13.8436,2,0,0,0,0,0,-1,1,-9.04605e-07,-3.41778e-06,-0.16741,0,0.682616,1,1010,1010,1010,1010,0,0,0,0,0.686579,56,0.00764048,0.0102419,54,-0.00416511,0.00372363,54,0.00702709,0.00545084,56,0.00222842,0.00666453,56,0.00207101,0.00575646,56,0.0071398,0.00725828,56,0.00243791,0.00727172,56,0.00342199,0.00395129,52,0.00327792,0.00501342
5262530977499,5262520142000,5262520142000,5262530968629,73729,10.8266,5262543935875,23.7939,0,20047,84717,0,0,1,0,0,0.011958,500,500,488,0.976,2.62824,3.89557,0.589652,0.301392,-0.0137024,-0.0214081,-1.18914e-05,-1.64018e-05,-0.00015683,-0.0105061,1,-0.00137162,0.000994428,-0.000994428,-0.00137162,1,1,-0.000207307,-0.00128651,-0.000787121,-8.51119e-05,0,0,0,0,0,0,0,0,0,0,0,0,0,0,0,0,0,0,0,0,0,0,0,255,0.21,6.77281,0.21,-0.00256763,-0.00349721,1,1,1,1,1,1,1,0.088145,-3.28965,0.0087398,-0.00653201,0.00538487,-0.113341,13.8747,20851,1,367,107.139,5213,0,0.000884653,0.0289334,0.0325,0,0,0,1,488,0.215,-1.01767e-05,-1.38983e-05,-2.98813e-06,2.18799e-06,-2.58019e-06,2.65499e-06,0.422633,0.0258331,-0.000770427,0.0337773,-0.167393,0.00123989,-0.000365981,0.00369961,13.2227,1,0,0,0,0,0,-1,1,-9.04605e-07,-3.41778e-06,-0.16741,0,14.1469,1,1010,1010,1010,1010,0,0,0,0,14.1508,54,-0.00828892,-0.00380614,55,0.0150435,0.00632881,51,-0.00688092,-0.00279593,56,-0.00242444,-0.00412882,56,0.00180276,-0.000926779,56,-0.00409687,-0.00567845,52,-0.00578941,-0.000483963,56,-0.00320712,-9.60154e-06,52,0.000571479,-0.00466392
5262544502675,5262528167000,5262528167000,5262544491379,73729,16.3244,5262555964707,27.7977,0,20047,84718,0,0,1,0,0,0.008025,500,500,499,0.998,2.66356,3.51845,0.615486,0.312021,-0.00784302,-0.0366364,-2.42727e-05,-8.09134e-05,-0.00652578,0.00162276,1,-0.0100827,0.00302463,-0.00302463,-0.0100827,1,1,-0.00263561,-0.009666,-0.000389023,-0.000416668,0,0,0,0,0,0,0,0,0,0,0,0,0,0,0,0,0,0,0,0,0,0,0,255,0.21,0.21802,0.21,-0.00248569,-0.0093423,1,1,1,1,0,1,1,0.088145,-3.28965,0.0087398,-0.00653201,0.00538487,-0.113341,25.8941,20851,1,367,119.159,5213,0,0.000884653,0.0289334,0.0325,0,0,0,1,499,0.215,-2.05095e-05,-6.86128e-05,-1.47517e-05,4.40954e-06,-1.38026e-05,6.80445e-06,0.422619,0.0258399,-0.000752959,0.0337466,-0.167401,0.00159286,-0.00179167,0.00261253,11.7701,1,0,0,0,0,0,-1,1,-9.04605e-07,-3.41778e-06,-0.16741,0,26.2106,1,1010,1010,1010,1010,0,0,0,0,26.2146,55,-0.00614439,-0.0134497,56,-0.0234297,0.00512584,56,0.00393371,-0.00849788,56,-0.00219827,-0.0124763,56,-0.00838812,-0.00629661,56,-0.00116329,-0.0161542,56,0.00163225,-0.0126132,56,-0.00375191,-0.00545258,52,-0.00321921,-0.00789113
5262556515988,5262548173000,5262548173000,5262556511340,73729,8.33834,5262568833693,20.6607,1,20048,84719,0,0,1,0,0,0.020006,500,500,492,0.984,2.63826,3.5703,0.621264,0.309873,0.0296326,-0.0440521,4.94435e-05,-8.67076e-05,-0.00219541,-0.000664549,1,-0.00433408,-0.00247143,0.00247143,-0.00433408,1,1,0.00183224,-0.00379314,0.00063919,-0.000540942,0,0,0,0,0,0,0,0,0,0,0,0,0,0,0,0,0,0,0,0,0,0,0,255,0.21,2.0495,0.21,0.000675518,-0.00296955,1,1,1,1,0,1,1,0.088145,-3.28965,0.0087398,-0.00653201,0.00538487,-0.113341,38.7611,20851,1,367,132.026,5213,0,0.000884653,0.0289334,0.0325,0,0,0,1,492,0.215,4.1996e-05,-7.34295e-05,-1.57874e-05,-9.02915e-06,-1.70623e-05,-6.27311e-06,0.422602,0.0258336,-0.000740349,0.033729,-0.167451,0.00190052,-0.00232605,-0.000678396,12.6222,1,0,0,0,0,0,-1,1,-9.04605e-07,-3.41778e-06,-0.16741,0,39.0243,1,1010,1010,1010,1010,0,0,0,0,39.0283,56,0.00651098,-0.000791144,56,0.00384737,-0.00609227,48,0.00385846,-0.00471473,56,0.00274962,-0.0038526,56,0.000728816,-0.00298321,56,0.00574432,-0.004831,56,0.000285452,-0.00371973,56,0.00395066,-0.00474111,52,-0.00128094,-0.00775948
5262569329363,5262560146000,5262560146000,5262569321733,73729,9.17573,5262584922870,24.7769,0,20048,84720,0,0,1,0,0,0.011973,500,500,488,0.976,2.64109,3.66414,0.662894,0.314576,-0.00938416,0.0326004,-3.8332e-05,8.29608e-05,-0.00157208,3.47732e-05,1,0.00692899,0.00320153,-0.00320153,0.00692899,1,1,-0.00463204,0.00690598,0.0014305,2.30169e-05,0,0,0,0,0,0,0,0,0,0,0,0,0,0,0,0,0,0,0,0,0,0,0,255,0.21,4.71885,0.21,-0.00293597,0.0071268,1,1,1,1,0,1,1,0.088145,-3.28965,0.0087398,-0.00653201,0.00538487,-0.113341,54.848,20851,1,367,148.113,5213,0,0.000884653,0.0289334,0.0325,0,0,0,1,488,0.215,-3.25686e-05,7.02381e-05,1.51012e-05,7.00225e-06,1.6049e-05,4.38678e-06,0.422618,0.025838,-0.000743967,0.0337362,-0.167581,0.00122281,9.89726e-05,-0.00394267,15.8223,2,0,0,0,0,0,-1,1,-9.04605e-07,-3.41778e-06,-0.167627,0,0.252261,1,1010,1010,1010,1010,0,0,0,0,0.256205,56,-0.0146115,0.0156233,54,-0.00259668,-0.000553663,51,-0.00583165,0.0117851,56,0.00150607,0.00257592,56,0.0076018,0.0013943,56,-0.00259853,0.00911942,56,-0.00322077,-0.00089389,56,0.000158751,0.0103261,47,0.00120357,0.00661246
5262585406151,5262568165000,5262568165000,5262585396910,73729,17.2319,5262596870516,28.7055,0,20048,84721,0,0,1,0,0,0.008019,500,500,499,0.998,2.64641,3.57575,0.594523,0.311576,-0.043396,0.00927734,-7.3181e-05,3.31232e-05,0.00847907,-0.0128688,1,0.00413059,0.00912595,-0.00912595,0.00413059,1,1,-0.00991152,0.00387484,0.000785566,0.000255748,0,0,0,0,0,0,0,0,0,0,0,0,0,0,0,0,0,0,0,0,0,0,0,255,0.21,0.517022,0.21,-0.0103026,0.00302173,1,1,1,1,1,1,1,0.0879421,-3.28978,0.00686982,-0.00545094,0.00613331,-0.114623,11.9365,20852,1,367,160.062,5213,0,0.000884653,0.0289334,0.0325,0,0,0,1,499,0.215,-6.19981e-05,2.80754e-05,6.03622e-06,1.33296e-05,8.17163e-06,1.21364e-05,0.422626,0.0258502,-0.00075369,0.0337416,-0.16761,-2.62377e-06,0.00109972,-0.00270445,11.6984,1,0,0,0,0,0,-1,1,-9.04605e-07,-3.41778e-06,-0.167627,0,12.2031,1,1010,1010,1010,1010,0,0,0,0,12.2071,55,-0.00603654,-0.00500925,56,-0.0251576,0.00586188,56,0.00143377,-0.00101453,56,-0.0154277,0.00386126,56,-0.0203676,0.00478024,56,-0.00254268,0.00184222,56,-0.00820597,0.00789501,56,-0.00759457,0.0057262,52,-0.0059825,-0.00413758
5262597428205,5262588159000,5262588159000,5262597423520,73729,9.26452,5262609890651,21.7317,1,20049,84722,0,0,1,0,0,0.019994,500,500,499,0.998,2.66815,3.61321,0.709598,0.337854,-0.0234375,-0.000534058,-6.19453e-05,-2.1132e-05,-0.00309899,0.00576298,1,-0.00105692,0.0030982,-0.0030982,-0.00105692,1,1,-0.00302953,-0.00105517,-6.86691e-05,-1.74603e-06,0,0,0,0,0,0,0,0,0,0,0,0,0,0,0,0,0,0,0,0,0,0,0,255,0.21,2.36011,0.21,-0.00251626,-0.00105951,1,1,1,1,0,1,1,0.0879421,-3.28978,0.00686982,-0.00545094,0.00613331,-0.114623,24.9566,20852,1,367,173.082,5213,0,0.000884653,0.0289334,0.0325,0,0,0,1,499,0.215,-5.2561e-05,-1.78883e-05,-3.84599e-06,1.13006e-05,-1.90475e-06,1.17836e-05,0.422625,0.025862,-0.000746086,0.0337186,-0.167629,0.0001195,-7.50794e-06,0.000331822,12.7475,2,0,0,0,0,0,-1,1,-9.04605e-07,-3.41778e-06,-0.167627,0,25.2248,1,1010,1010,1010,1010,0,0,0,0,25.2287,55,0.0023282,0.000778668,56,-0.0047002,0.00128915,56,-0.00732074,-0.000113414,56,-0.00358016,-0.00325507,56,-0.00260306,-0.0035752,56,-0.00315533,-0.00202833,56,0.000163815,0.000102151,56,-0.00466415,-0.000115314,52,0.00379583,0.00295159
5262610386285,5262600145000,5262600145000,5262610376470,73729,10.2315,5262626255645,26.1106,0,20049,84723,0,0,1,0,0,0.011986,500,500,500,1,2.82796,5.25059,0.687691,0.308373,-0.0206757,-0.0147781,-7.28912e-05,-9.81457e-06,-0.00968938,-0.00797718,1,-0.000818836,0.00608136,-0.00608136,-0.000818836,1,1,-0.0061522,-0.000636198,7.0843e-05,-0.000182638,0,0,0,0,0,0,0,0,0,0,0,0,0,0,0,0,0,0,0,0,0,0,0,255,0.21,5.16039,0.21,-0.00312684,-0.00208954,1,1,1,1,0,1,1,0.0879421,-3.28978,0.00686982,-0.00545094,0.00613331,-0.114623,41.3205,20852,1,367,189.446,5213,0,0.000884653,0.0289334,0.0325,0,0,0,1,500,0.215,-6.17254e-05,-8.34945e-06,-1.79513e-06,1.3271e-05,4.45213e-07,1.33843e-05,0.422625,0.0258753,-0.000738021,0.0337114,-0.167652,0.0014094,-0.000785345,0.000883821,16.0991,1,0,0,0,0,0,-1,1,-9.04605e-07,-3.41778e-06,-0.167627,0,41.5867,1,1010,1010,1010,1010,0,0,0,0,41.5907,56,-0.00400306,0.000103857,56,-0.0122086,0.0106576,56,0.00164637,-0.00429972,56,-0.00797154,-0.00282735,56,-0.00558854,0.00404701,56,-0.00320127,-0.0022145,56,-0.00712623,-0.00795492,56,0.00364523,0.000716129,52,-0.00574077,-0.00449396
5262626768501,5262620140000,5262620140000,5262626763353,73729,6.62335,5262639221188,19.0812,1,20050,84724,0,0,1,0,0,0.019995,500,500,500,1,2.64826,3.84747,0.669783,0.312428,0.0394287,-0.0158691,4.77494e-05,-3.43138e-05,-0.000818833,0.00304858,1,-0.00171612,-0.00238807,0.00238807,-0.00171612,1,1,0.00167697,-0.00175171,0.000711099,3.55919e-05,0,0,0,0,0,0,0,0,0,0,0,0,0,0,0,0,0,0,0,0,0,0,0,255,0.21,1.26268,0.21,0.00210498,-0.000747728,1,1,1,1,0,1,1,0.087772,-3.28995,0.00433978,-0.00518086,0.00498326,-0.116529,3.36364,20853,1,367,3.31301,5214,0,0.000884653,0.0343739,0.0323704,0,0,0,1,500,0.215,4.05604e-05,-2.91153e-05,-6.25979e-06,-8.72049e-06,-7.6239e-06,-7.55387e-06,0.422617,0.0258678,-0.000712518,0.033718,-0.167708,0.00195222,0.000153045,-0.000884401,3.13976,2,0,0,0,0,0,-1,1,-9.04605e-07,-3.41778e-06,-0.167724,0,3.63227,1,1010,1010,1010,1010,0,0,0,0,3.6369,56,0.00639054,-0.00159663,56,0.00357884,-0.00635653,56,0.00804231,-0.00173094,56,0.00226174,-0.00160764,56,0.00234431,-0.00431586,56,0.00908369,0.00148286,56,0.00629126,0.000680079,56,-0.00029805,-0.00911238,52,-0.00279958,0.000609319
5262639714062,5262628166000,5262628166000,5262639704469,73729,11.5385,5262651609985,23.444,0,20050,84725,0,0,1,0,0,0.008026,500,500,500,1,2.6085,3.72631,0.667431,0.30915,0.0327911,0.0185547,4.3891e-05,5.05386e-05,-0.00286405,-0.010781,1,0.00629687,-0.00546861,0.00546861,0.00629687,1,1,0.00506915,0.00602096,0.00039946,0.00027591,0,0,0,0,0,0,0,0,0,0,0,0,0,0,0,0,0,0,0,0,0,0,0,255,0.21,3.95444,0.21,0.00313095,0.00409732,1,1,1,1,1,1,1,0.087772,-3.28995,0.00433978,-0.00518086,0.00498326,-0.116529,15.7577,20853,1,367,15.7069,5214,0,0.000884653,0.0343739,0.0323704,0,0,0,1,500,0.215,3.7215e-05,4.28201e-05,9.20632e-06,-8.00122e-06,7.7366e-06,-9.42485e-06,0.422625,0.0258584,-0.000700124,0.0337258,-0.167707,0.00186589,0.00118641,0.000118574,12.1619,1,0,0,0,0,0,-1,1,-9.04605e-07,-3.41778e-06,-0.167724,0,16.0261,1,1010,1010,1010,1010,0,0,0,0,16.0308,56,-0.009514,-0.00253853,56,0.0128229,0.0109479,56,-0.00472379,0.0126018,56,0.0148715,0.00235875,56,0.00706721,-0.00225013,56,0.00293738,0.00489991,56,0.00661822,0.00363609,56,0.0119218,0.0155364,52,0.0185253,0.00953016
5262652172082,5262640143000,5262640143000,5262652161582,73729,12.0186,5262665044327,24.9013,0,20050,84726,0,0,1,0,0,0.011977,500,500,499,0.998,2.61169,3.88592,0.688765,0.309502,0.0199585,0.0111694,1.97634e-05,1.53024e-05,-0.00299795,0.00456517,1,0.00127765,-0.00165012,0.00165012,0.00127765,1,1,0.00195016,0.000993436,-0.000300042,0.000284211,0,0,0,0,0,0,0,0,0,0,0,0,0,0,0,0,0,0,0,0,0,0,0,255,0.21,6.16153,0.21,-5.95395e-05,0.00124439,1,1,1,1,0,1,1,0.087772,-3.28995,0.00433978,-0.00518086,0.00498326,-0.116529,29.2118,20853,1,367,29.161,5214,0,0.000884653,0.0343739,0.0323704,0,0,0,1,499,0.215,1.67732e-05,1.29639e-05,2.78723e-06,-3.60624e-06,2.14475e-06,-4.02061e-06,0.422627,0.0258543,-0.000697009,0.0337337,-0.167692,0.00126071,0.00122211,0.00204071,13.1592,1,0,0,0,0,0,-1,1,-9.04605e-07,-3.41778e-06,-0.167724,0,29.497,1,1010,1010,1010,1010,0,0,0,0,29.5016,56,0.011879,-0.00409666,55,-0.00253814,0.00833872,56,0.00537901,0.00101621,56,-0.0043998,0.000900961,56,-0.00578618,0.00764969,56,0.00222384,0.00323241,56,0.000181009,0.00110836,56,0.00601432,-0.00454088,52,0.0069641,-0.00313975
5262665587424,5262656181000,5262656181000,5262665581665,73729,9.40067,5262678208149,22.0271,1,20051,84727,0,0,1,0,0,0.016038,500,500,500,1,2.66622,3.59749,0.691505,0.316318,-0.0392609,0.0190277,-3.50096e-05,5.93804e-05,0.00371144,-0.00576083,1,0.00370248,0.00218292,-0.00218292,0.00370248,1,1,-0.00121899,0.00363308,-0.000963922,6.9399e-05,0,0,0,0,0,0,0,0,0,0,0,0,0,0,0,0,0,0,0,0,0,0,0,255,0.21,-0.519782,0.21,-0.00481551,0.00100626,1,1,1,1,0,1,1,0.087772,-3.28995,0.00433978,-0.00518086,0.00498326,-0.116529,42.3541,20853,1,367,42.3032,5214,0,0.000884653,0.0343739,0.0323704,0,0,0,1,500,0.215,-2.97345e-05,5.03468e-05,1.08246e-05,6.39293e-06,1.17335e-05,4.49779e-06,0.422639,0.0258588,-0.000703719,0.0337221,-0.167677,0.000396736,0.000298416,0.00363328,12.8949,1,0,0,0,0,0,-1,1,-9.04605e-07,-3.41778e-06,-0.167724,0,42.62,1,1010,1010,1010,1010,0,0,0,0,0.219057,56,0.00134603,0.0108876,56,0.0083271,0.00228553,56,-0.0047099,-0.000816362,56,-0.00850072,0.0089574,56,-0.00394531,0.00268997,56,-0.0084516,-0.0016085,56,-0.00489478,0.00414198,56,-0.00273959,0.00117703,52,-0.00319352,0.00252739
5262678708597,5262668161000,5262668161000,5262678699486,73729,10.5385,5262691072802,22.9118,0,20051,84728,0,0,1,0,0,0.01198,500,500,499,0.998,2.66417,3.60384,0.81921,0.318187,-0.0144348,-0.00100708,-4.99593e-05,-8.62604e-07,-0.00291813,0.00365964,1,-7.20037e-05,0.00417023,-0.00417023,-7.20037e-05,1,1,-0.0039958,3.64558e-05,-0.000174431,-0.000108459,0,0,0,0,0,0,0,0,0,0,0,0,0,0,0,0,0,0,0,0,0,0,0,255,0.21,2.40255,0.21,-0.00328557,-0.000439368,1,1,1,1,0,1,1,0.0876545,-3.29008,0.0025471,-0.00541831,0.00580126,-0.117787,3.06675,20854,1,367,55.1626,5214,0,0.000884653,0.0343739,0.0323704,0,0,0,1,499,0.215,-4.23544e-05,-7.20209e-07,-1.54845e-07,9.1062e-06,1.36793e-06,9.00421e-06,0.42264,0.0258678,-0.000721078,0.0336998,-0.167785,-0.000131001,-0.000466376,0.000495241,2.79637,3,0,0,0,0,0,-1,1,-9.04605e-07,-3.41778e-06,-0.167738,0,3.33025,1,1010,1010,1010,1010,0,0,0,0,13.0781,56,-0.011471,-0.00909748,55,-0.010651,0.000382312,56,-0.00682762,0.00400631,56,0.00548281,-0.00368528,56,-0.00396439,-0.00165643,56,0.00050325,-0.00557319,56,-0.00256235,-0.000176528,56,0.00286647,0.00464732,52,-0.00556879,0.0015254
5262691561602,5262676171000,5262676171000,5262691550917,73729,15.3799,5262704097067,27.9261,0,20051,84729,0,0,1,0,0,0.00801,500,500,451,0.902,2.61798,3.87433,0.633079,0.284502,-0.00315857,-0.00228882,1.16914e-05,-7.29711e-06,0.019484,-0.0110673,1,-0.000911,-0.00145961,0.00145961,-0.000911,1,1,0.000844522,-0.000867493,0.000615085,-4.35066e-05,0,0,0,0,0,0,0,0,0,0,0,0,0,0,0,0,0,0,0,0,0,0,0,255,0.21,5.14583,0.21,-0.000201925,-0.00112684,1,1,1,1,1,1,1,0.0876545,-3.29008,0.0025471,-0.00541831,0.00580126,-0.117787,16.1071,20854,1,367,68.2029,5214,0,0.000884653,0.0343739,0.0323704,0,0,0,1,451,0.215,9.92372e-06,-6.19384e-06,-1.33168e-06,-2.1336e-06,-1.66849e-06,-1.88138e-06,0.422639,0.025866,-0.000721078,0.0336998,-0.167785,7.39417e-05,-0.000187078,-0.00205674,15.8224,0,0,0,0,0,0,-1,1,-9.04605e-07,-3.41778e-06,-0.167738,0,16.3585,1,1010,1010,1010,1010,0,0,0,0,26.1063,56,0.0059667,-0.0131483,56,-0.00770885,-0.00640877,56,0.0118048,-0.00147921,51,0.011252,0.00893768,56,0.00506315,-0.00536181,56,-0.00403912,0.00359207,12,0.004606,-0.00428011,56,-0.00546553,0.00359459,52,0.00114773,-0.00496173
5262704666775,5262696181000,5262696181000,5262704661016,73729,8.48002,5262718255415,22.0744,1,20052,84730,0,0,1,0,0,0.02001,500,500,498,0.996,3.07234,3.94771,0.758598,0.362873,0.0252914,-0.00706482,5.15804e-05,3.63385e-06,-0.000619612,0.000249058,1,0.000181601,-0.00257773,0.00257773,0.000181601,1,1,0.00114117,0.000186006,0.00143656,-4.40429e-06,0,0,0,0,0,0,0,0,0,0,0,0,0,0,0,0,0,0,0,0,0,0,0,255,0.21,8.09534,0.21,0.0022356,0.00026891,1,1,1,1,0,1,1,0.0876545,-3.29008,0.0025471,-0.00541831,0.00580126,-0.117787,30.2564,20854,1,367,82.3523,5214,0,0.000884653,0.0343739,0.0323704,0,0,0,1,498,0.215,4.37359e-05,3.08498e-06,6.63271e-07,-9.40322e-06,-9.17132e-07,-9.38184e-06,0.422638,0.0258566,-0.000708591,0.0336925,-0.16785,0.000897517,-1.89384e-05,-0.00422375,13.8635,1,0,0,0,0,0,-1,1,-9.04605e-07,-3.41778e-06,-0.167738,0,30.5254,1,1010,1010,1010,1010,0,0,0,0,40.2732,56,0.00294284,0.00571868,55,0.00773403,0.00358852,56,-0.000453391,0.00105099,56,-0.00429853,-0.00344209,56,0.00328264,0.00111763,56,0.00689351,-0.00222455,56,0.00168072,-0.00295895,56,0.00468804,-0.00358357,51,-0.0022806,0.00155485
5262718762067,5262708162000,5262708162000,5262718754622,73729,10.5926,5262732669801,24.5078,0,20052,84731,0,0,1,0,0,0.011981,500,500,500,1,2.64595,3.60073,0.746635,0.30928,0.00334167,-0.0276642,-2.14898e-05,-3.68551e-05,-0.00394836,-0.00536471,1,-0.00307613,0.00179365,-0.00179365,-0.00307613,1,1,-0.00306765,-0.00297599,0.001274,-0.000100142,0,0,0,0,0,0,0,0,0,0,0,0,0,0,0,0,0,0,0,0,0,0,0,255,0.21,1.8885,0.21,0.000143814,-0.00324908,1,1,1,1,0,1,1,0.0875059,-3.29021,0.000649306,-0.00507025,0.00554557,-0.119695,0.789413,20855,1,367,96.7614,5214,0,0.000884653,0.0343739,0.0323704,0,0,0,1,500,0.215,-1.81954e-05,-3.12444e-05,-6.71754e-06,3.91201e-06,-5.96532e-06,4.97938e-06,0.422632,0.0258616,-0.000685483,0.0336591,-0.167971,0.00143098,-0.00043061,-0.00323777,0.560838,3,0,0,0,0,0,-1,1,-9.04605e-07,-3.41778e-06,-0.167986,0,1.05756,1,1010,1010,1010,1010,0,0,0,0,1.06184,56,-0.00234531,-0.00288536,56,-0.00156505,-0.00759769,56,0.00567435,0.000404207,56,-0.00102539,-0.00384967,56,0.0020333,-0.00213682,56,-0.000986742,-0.000284303,56,-0.000168927,-0.00624122,56,-0.000510762,-0.00477679,52,0.00317821,-0.00839176
5262733166787,5262716175000,5262716175000,5262733156620,73729,16.9816,5262744845764,28.6708,0,20052,84732,0,0,1,0,0,0.008013,500,500,499,0.998,2.6402,3.79675,0.611246,0.309261,0.020462,-0.0307007,5.10392e-05,-6.11614e-05,0.0110573,0.00805136,1,-0.00763277,-0.00636954,0.00636954,-0.00763277,1,1,0.00555619,-0.0074428,0.000813353,-0.000189968,0,0,0,0,0,0,0,0,0,0,0,0,0,0,0,0,0,0,0,0,0,0,0,255,0.21,6.09456,0.21,0.00343959,-0.00534189,1,1,1,1,0,1,1,0.0875059,-3.29021,0.000649306,-0.00507025,0.00554557,-0.119695,12.9922,20855,1,367,108.964,5214,0,0.000884653,0.0343739,0.0323704,0,0,0,1,499,0.215,4.32416e-05,-5.18501e-05,-1.11478e-05,-9.29695e-06,-1.25387e-05,-7.30349e-06,0.422619,0.0258543,-0.000685483,0.0336591,-0.167971,0.00148171,-0.000816864,-0.00161257,12.7393,0,0,0,0,0,0,-1,1,-9.04605e-07,-3.41778e-06,-0.167986,0,13.2639,1,1010,1010,1010,1010,0,0,0,0,13.2682,55,-0.00417682,-0.00349929,56,-0.00877821,0.00510971,56,0.0126925,-0.00504341,56,0.0120797,-0.0124642,56,0.00629879,-0.00940578,56,0.020761,-0.0100449,56,0.00228961,-0.00760331,56,0.00316688,-0.00349427,52,0.00279822,-0.0109376
5262745376583,5262736202000,5262736202000,5262745369620,73729,9.16762,5262759159261,22.9573,1,20053,84733,0,0,1,0,0,0.020027,500,500,481,0.962,2.65709,3.57814,0.645542,0.299632,-0.0219269,0.0118103,-4.23176e-05,5.03088e-05,-0.00291915,-0.0085202,1,0.00251205,0.00211303,-0.00211303,0.00251205,1,1,-0.00229005,0.00259227,0.000177028,-8.0227e-05,0,0,0,0,0,0,0,0,0,0,0,0,0,0,0,0,0,0,0,0,0,0,0,255,0.21,8.20156,0.21,-0.00321847,0.00101513,1,1,1,1,1,1,1,0.0875059,-3.29021,0.000649306,-0.00507025,0.00554557,-0.119695,27.2807,20855,1,367,123.252,5214,0,0.000884653,0.0343739,0.0323704,0,0,0,1,481,0.215,-3.59371e-05,4.26232e-05,9.16398e-06,7.72648e-06,1.03214e-05,6.08665e-06,0.42263,0.0258603,-0.00068773,0.0336639,-0.167964,0.00119374,-0.000344976,0.000346014,14.0527,1,0,0,0,0,0,-1,1,-9.04605e-07,-3.41778e-06,-0.167986,0,27.5501,1,1010,1010,1010,1010,0,0,0,0,27.5543,56,-0.008685,0.00321325,56,0.0065798,0.00285469,37,-0.00301827,0.00342055,56,-0.00356127,0.000165058,56,0.000168429,0.00179337,56,-0.00735128,0.000239481,56,-0.00633806,0.00225535,56,0.000444111,0.00121914,52,-0.00115839,0.00476168
5262759693228,5262748150000,5262748150000,5262759682061,73729,11.5321,5262773536814,25.3868,0,20053,84734,0,0,1,0,0,0.011948,500,500,499,0.998,2.61239,3.66442,0.648523,0.307558,-0.011322,0.0153198,-2.91793e-05,4.82188e-05,-0.0028782,-0.00688534,1,0.00403572,0.00244219,-0.00244219,0.00403572,1,1,-0.00127963,0.00392321,-0.00116257,0.000112514,0,0,0,0,0,0,0,0,0,0,0,0,0,0,0,0,0,0,0,0,0,0,0,255,0.21,2.21128,0.21,-0.0032078,0.00293595,1,1,1,1,0,1,1,0.0875059,-3.29021,0.000649306,-0.00507025,0.00554557,-0.119695,41.6648,20855,1,367,137.637,5214,0,0.000884653,0.0343739,0.0323704,0,0,0,1,499,0.215,-2.47146e-05,4.08674e-05,8.78648e-06,5.31363e-06,9.54593e-06,3.77126e-06,0.422639,0.0258641,-0.000709325,0.0336716,-0.167918,-0.00056185,0.00048381,0.00354975,14.1066,2,0,0,0,0,0,-1,1,-9.04605e-07,-3.41778e-06,-0.167986,0,41.9321,1,1010,1010,1010,1010,0,0,0,0,41.9364,56,0.00117959,-0.00226025,55,-0.0186108,0.00881275,56,0.00275734,0.0119025,56,-0.00716199,0.00197515,56,-0.00391982,-0.000873976,56,0.00407774,0.00722816,56,-0.00368307,0.00201781,56,-0.00977127,0.00400075,52,-0.0028241,-0.00553348
5262774030392,5262756178000,5262756178000,5262774020133,73729,17.8421,5262787087528,30.9095,0,20053,84735,0,0,1,0,0,0.008028,500,500,489,0.978,2.65611,5.09584,0.662468,0.303002,-0.0217896,0.0270691,-4.29915e-05,2.5517e-05,0.00183098,0.00865912,1,0.0031785,0.00535519,-0.00535519,0.0031785,1,1,-0.00465916,0.00307186,-0.000696032,0.000106638,0,0,0,0,0,0,0,0,0,0,0,0,0,0,0,0,0,0,0,0,0,0,0,255,0.21,6.40588,0.21,-0.00439009,0.00432857,1,1,1,1,0,1,1,0.0874065,-3.29032,-0.00140259,-0.00502931,0.00539889,-0.12206,0.990285,20856,1,367,151.179,5214,0,0.000884653,0.0343739,0.0323704,0,0,0,1,489,0.215,-3.65337e-05,2.15539e-05,4.63409e-06,7.85474e-06,5.87899e-06,6.97017e-06,0.422645,0.0258711,-0.00068184,0.0336791,-0.167929,0.00108495,0.000458544,0.00326231,0.768802,2,0,0,0,0,0,-1,1,-9.04605e-07,-3.41778e-06,-0.167945,0,1.25531,1,1010,1010,1010,1010,0,0,0,0,1.25936,56,-0.00693932,-0.0045389,54,0.0219113,0.00126972,50,-0.00942035,0.00181148,56,-0.000341166,0.00568104,56,-0.0161181,0.0105399,56,-0.00321797,0.00534773,53,0.00849842,0.012572,56,-0.00593752,-0.00217314,52,-0.0276476,0.0075951
5262787584161,5262776208000,5262776208000,5262787579476,73729,11.3715,5262799996681,23.7887,1,20054,84736,0,0,1,0,0,0.02003,500,500,498,0.996,2.61813,3.57275,0.655431,0.305947,0.000717163,0.00144958,2.8478e-06,-1.07492e-05,-0.00260082,0.00412975,1,-0.000536653,-0.000142177,0.000142177,-0.000536653,1,1,-0.000537707,-0.0007168,0.000679884,0.000180147,0,0,0,0,0,0,0,0,0,0,0,0,0,0,0,0,0,0,0,0,0,0,0,255,0.21,-0.36154,0.21,0.000257544,-0.000381457,1,1,1,1,0,1,1,0.0874065,-3.29032,-0.00140259,-0.00502931,0.00539889,-0.12206,13.9183,20856,1,367,164.107,5214,0,0.000884653,0.0343739,0.0323704,0,0,0,1,498,0.215,2.42763e-06,-9.08864e-06,-1.95406e-06,-5.2194e-07,-2.01271e-06,-1.88082e-07,0.422643,0.0258709,-0.000678252,0.0336818,-0.167979,0.00175512,0.000774634,-0.0009347,12.6462,1,0,0,0,0,0,-1,1,-9.04605e-07,-3.41778e-06,-0.167945,0,14.1875,1,1010,1010,1010,1010,0,0,0,0,14.1915,55,0.0035528,-0.000172956,56,0.000939698,-0.00356201,55,0.00123311,-0.00142851,56,0.00241587,0.00139904,56,0.000509626,6.3972e-05,56,-0.00542553,-0.00104363,56,-0.00514873,-0.00226908,56,0.00182931,0.00179881,52,0.00725505,-0.000797196
5262800506333,5262788149000,5262788149000,5262800498814,73729,12.3498,5262816885957,28.737,0,20054,84737,0,0,1,0,0,0.011941,500,500,499,0.998,2.6275,5.9509,0.755636,0.300428,0.0343475,-0.00631714,2.01367e-05,-2.76683e-05,-0.011927,0.00672083,1,-0.00231708,-0.00168635,0.00168635,-0.00231708,1,1,0.000380372,-0.00234508,0.00130597,2.79971e-05,0,0,0,0,0,0,0,0,0,0,0,0,0,0,0,0,0,0,0,0,0,0,0,255,0.21,2.41694,0.21,0.00191786,-0.0016246,1,1,1,1,1,1,1,0.0874065,-3.29032,-0.00140259,-0.00502931,0.00539889,-0.12206,30.8476,20856,1,367,181.036,5214,0,0.000884653,0.0343739,0.0323704,0,0,0,1,499,0.215,1.70939e-05,-2.3464e-05,-5.04475e-06,-3.67518e-06,-5.58562e-06,-2.77987e-06,0.422637,0.0258681,-0.000675686,0.0336714,-0.168094,0.00110487,0.000120387,-0.00360866,7.70804,2,0,0,0,0,0,-1,1,-9.04605e-07,-3.41778e-06,-0.167945,0,31.1462,1,1010,1010,1010,1010,0,0,0,0,31.1503,55,0.000953907,-0.00523652,56,0.00584114,-0.0105332,56,0.00510306,0.00183023,56,-0.00485606,-0.00280294,56,0.00689854,0.000182992,56,0.00529874,0.0017262,56,0.00658743,-0.00291591,56,0.00148854,-0.0127292,52,0.00640677,0.00258084
5262817611592,5262808166000,5262808166000,5262817603666,73729,9.43767,5262833829177,25.6632,1,20055,84738,0,0,1,0,0,0.020017,500,500,500,1,2.67717,7.19361,0.748636,0.315132,-0.00617981,-0.00856018,1.29933e-05,6.04319e-06,0.00704146,-0.00205555,1,0.000301903,-0.000649114,0.000649114,0.000301903,1,1,7.26535e-05,0.000421249,0.000576461,-0.000119346,0,0,0,0,0,0,0,0,0,0,0,0,0,0,0,0,0,0,0,0,0,0,0,255,0.21,-0.779913,0.21,-0.0017171,-0.000845117,1,1,1,1,0,1,1,0.0872729,-3.29046,-0.00383872,-0.0051442,0.0059252,-0.12398,1.51934,20857,1,367,197.923,5214,0,0.000884653,0.0343739,0.0323704,0,0,0,1,500,0.215,1.09447e-05,5.07363e-06,1.09083e-06,-2.35311e-06,6.8107e-07,-2.50239e-06,0.422638,0.0258656,-0.000713747,0.0336614,-0.168153,-0.000792278,-0.000513188,-0.00261685,1.28766,2,0,0,0,0,0,-1,1,-9.04605e-07,-3.41778e-06,-0.168169,0,1.78507,1,1010,1010,1010,1010,0,0,0,0,1.78894,56,-0.00714907,-0.00532616,56,0.00145234,0.00083381,56,-0.00502001,0.000163792,56,0.00482932,-0.000802643,56,0.00272833,0.00079786,56,-0.000426731,-4.49873e-05,56,0.00175655,-0.000365193,56,0.00116918,0.000280587,52,0.00164594,-0.0027103
5262834327848,5262828168000,5262828168000,5262834322996,73729,6.155,5262849653223,21.4852,1,20056,84739,0,0,1,0,0,0.020002,500,500,500,1,2.67798,6.50829,0.65982,0.311113,-0.0162201,-0.0125275,-4.53051e-05,-1.19146e-05,0.00132358,-0.00170879,1,-0.000595671,0.00226503,-0.00226503,-0.000595671,1,1,-0.00253859,-0.00051608,0.000273561,-7.95905e-05,0,0,0,0,0,0,0,0,0,0,0,0,0,0,0,0,0,0,0,0,0,0,0,255,0.21,5.74243,0.21,-0.00201081,-0.000565291,1,1,1,1,0,1,1,0.0872729,-3.29046,-0.00383872,-0.0051442,0.0059252,-0.12398,17.3498,20857,1,367,15.8033,5215,0,0.000884653,0.0370999,0.0316743,0,0,0,1,500,0.215,-3.8375e-05,-1.01126e-05,-2.17421e-06,8.25063e-06,-7.61683e-07,8.49796e-06,0.422637,0.0258741,-0.000713747,0.0336614,-0.168153,-0.00116962,-0.000342239,-0.00187675,17.0943,0,0,0,0,0,0,-1,1,-9.04605e-07,-3.41778e-06,-0.168169,0,17.6241,1,1010,1010,1010,1010,0,0,0,0,17.628,56,0.00535533,0.000891011,56,-0.00548113,0.0069026,56,0.000486084,-0.00210058,56,-0.00568867,-0.00025492,56,-0.00379047,-0.00180447,56,0.0018899,0.000632998,56,-0.000683669,-0.000545124,56,-0.00379049,-0.00257332,52,0.00130452,-0.00369815
5262850171041,5262836210000,5262836210000,5262850162004,73729,13.952,5262863144140,26.9341,0,20056,84740,0,0,1,0,0,0.008042,500,500,499,0.998,2.68274,4.98595,0.661727,0.305799,-0.00721741,0.0148926,-7.27692e-05,8.70674e-06,-0.0253533,-0.00364414,1,0.00108266,0.00904865,-0.00904865,0.00108266,1,1,-0.00906715,0.00107405,1.85049e-05,8.60518e-06,0,0,0,0,0,0,0,0,0,0,0,0,0,0,0,0,0,0,0,0,0,0,0,255,0.21,1.34653,0.21,-0.00114936,0.00215293,1,1,1,1,0,1,1,0.0872729,-3.29046,-0.00383872,-0.0051442,0.0059252,-0.12398,30.8454,20857,1,367,29.299,5215,0,0.000884653,0.0370999,0.0316743,0,0,0,1,499,0.215,-6.16246e-05,7.41962e-06,1.59522e-06,1.32493e-05,3.78925e-06,1.27955e-05,0.422641,0.0258869,-0.000719298,0.0336576,-0.168178,-0.000193813,3.70023e-05,-0.000218707,13.2042,2,0,0,0,0,0,-1,1,-9.04605e-07,-3.41778e-06,-0.168169,0,31.1151,1,1010,1010,1010,1010,0,0,0,0,31.119,56,-0.00417663,0.0024098,55,-0.000421998,-0.00597235,56,-0.00575628,0.00571178,56,-0.000863117,-0.00161012,56,-0.00252391,0.00566759,56,-0.0166224,0.00957396,56,-0.00871521,-0.00730613,56,-0.00100014,0.0109392,52,-0.0144057,0.0168168
5262863658384,5262848149000,5262848149000,5262863646884,73729,15.4979,5262879311391,31.1624,0,20056,84741,0,0,1,0,0,0.011939,500,500,493,0.986,2.6547,6.53423,0.681635,0.303373,-0.0116577,-0.00218201,1.66375e-05,6.69916e-06,0.0130124,0.00210106,1,0.000561116,-0.00139354,0.00139354,0.000561116,1,1,0.00130227,0.000601251,9.12753e-05,-4.0135e-05,0,0,0,0,0,0,0,0,0,0,0,0,0,0,0,0,0,0,0,0,0,0,0,255,0.21,4.65537,0.21,8.09014e-05,0.000421289,1,1,1,1,1,1,1,0.0872729,-3.29046,-0.00383872,-0.0051442,0.0059252,-0.12398,47.0102,20857,1,367,45.4636,5215,0,0.000884653,0.0370999,0.0316743,0,0,0,1,493,0.215,1.40422e-05,5.66397e-06,1.21775e-06,-3.01907e-06,6.94566e-07,-3.18022e-06,0.422642,0.0258837,-0.000699878,0.0336553,-0.168193,0.00140888,-0.000172581,0.00081312,15.9029,1,0,0,0,0,0,-1,1,-9.04605e-07,-3.41778e-06,-0.168169,0,47.2937,1,1010,1010,1010,1010,0,0,0,0,0.238687,56,0.00232966,0.00135393,55,0.00855287,0.00871676,50,0.00217381,-0.00274595,56,-0.00618484,0.000257439,56,-0.00102117,0.00139508,56,-0.00225318,-0.00424482,56,0.00263144,0.00201576,56,0.00218925,-0.0083518,52,0.00311947,0.00444821
5262879910711,5262864182000,5262864182000,5262879903118,73729,15.7211,5262893820446,29.6384,1,20057,84742,0,0,1,0,0,0.016033,500,500,499,0.998,2.655,5.03,0.596542,0.311614,0.029953,-0.0174866,3.2531e-05,-1.90105e-05,-0.00690773,-0.0075923,1,-0.00118571,-0.002029,0.002029,-0.00118571,1,1,0.00200096,-0.001134,2.80457e-05,-5.17138e-05,0,0,0,0,0,0,0,0,0,0,0,0,0,0,0,0,0,0,0,0,0,0,0,255,0.21,0.614042,0.21,0.00269518,-0.00184928,1,1,1,1,0,1,1,0.0872729,-3.29046,-0.00383872,-0.0051442,0.0059252,-0.12398,61.5226,20857,1,367,59.976,5215,0,0.000884653,0.0370999,0.0316743,0,0,0,1,499,0.215,2.76914e-05,-1.60781e-05,-3.4568e-06,-5.95365e-06,-4.40258e-06,-5.29134e-06,0.422637,0.0258784,-0.000679262,0.033648,-0.168188,0.00225095,-0.000222369,0.00170428,14.258,1,0,0,0,0,0,-1,1,-9.04605e-07,-3.41778e-06,-0.168202,0,0.257742,1,1010,1010,1010,1010,0,0,0,0,14.7416,56,0.00727815,0.00414571,55,-0.002827,-0.00109637,56,0.0037754,-0.000143749,56,0.00267637,-0.000412739,56,0.00425967,-0.00455768,56,0.00327346,-0.00430507,56,-0.000754948,-0.00255313,56,0.00276151,-0.000818705,52,0.00372298,-0.00272258
5262894349098,5262884190000,5262884190000,5262894344394,73729,10.1544,5262909206080,25.0161,1,20058,84743,0,0,1,0,0,0.020008,500,500,482,0.964,2.68528,4.74776,0.584745,0.303984,0.0399399,0.0318527,0.000106215,2.02687e-05,0.00687353,0.0104526,1,0.00101303,-0.00530861,0.00530861,0.00101303,1,1,0.00565124,0.00111881,-0.000342634,-0.000105776,0,0,0,0,0,0,0,0,0,0,0,0,0,0,0,0,0,0,0,0,0,0,0,255,0.21,4.9165,0.21,0.00156806,0.00250083,1,1,1,1,0,1,1,0.0871518,-3.2906,-0.00569472,-0.00476574,0.00541993,-0.126179,15.3639,20858,1,367,75.3552,5215,0,0.000884653,0.0370999,0.0316743,0,0,0,1,482,0.215,8.99479e-05,1.7151e-05,3.68747e-06,-1.93388e-05,3.96887e-07,-1.96829e-05,0.422638,0.0258588,-0.000663392,0.0336445,-0.168171,0.001933,-0.000454837,0.00272506,15.0928,2,0,0,0,0,0,-1,1,-9.04605e-07,-3.41778e-06,-0.168202,0,15.638,1,1010,1010,1010,1010,0,0,0,0,30.1219,55,0.000432682,-0.00112701,56,0.0135519,-0.00439796,56,-0.000245123,0.000349346,56,0.008838,0.00096783,56,0.00362179,0.00272957,56,0.00359211,0.00390672,39,0.00809775,0.00594275,56,0.00334318,0.000559317,52,0.00121215,0.0063412
5262909728344,5262896173000,5262896173000,5262909716288,73729,13.5433,5262923704264,27.5313,0,20058,84744,0,0,1,0,0,0.011983,500,500,482,0.964,2.65269,4.86704,0.598634,0.308465,-0.0112228,0.0114441,1.21916e-05,2.44075e-05,0.00545106,-0.00137577,1,0.00203684,-0.00101741,0.00101741,0.00203684,1,1,0.00153626,0.00196901,-0.000518858,6.78328e-05,0,0,0,0,0,0,0,0,0,0,0,0,0,0,0,0,0,0,0,0,0,0,0,255,0.21,-0.018481,0.21,-0.00317159,0.00147934,1,1,1,1,0,1,1,0.0871518,-3.2906,-0.00569472,-0.00476574,0.00541993,-0.126179,29.8667,20858,1,367,89.858,5215,0,0.000884653,0.0370999,0.0316743,0,0,0,1,482,0.215,1.03019e-05,2.0674e-05,4.4449e-06,-2.21492e-06,4.00897e-06,-2.92734e-06,0.422642,0.0258558,-0.000677589,0.0336431,-0.168194,0.000648099,0.000291681,0.00230335,14.2228,2,0,0,0,0,0,-1,1,-9.04605e-07,-3.41778e-06,-0.168202,0,30.1425,1,1010,1010,1010,1010,0,0,0,0,44.6264,56,0.00295875,0.00177338,56,0.021692,0.00857595,38,0.00423351,-0.00566101,56,-0.000683804,0.0040944,56,-0.00635694,0.00451766,56,-0.00379131,9.60575e-05,56,-0.00225959,0.00471742,56,-0.00945387,-1.1947e-06,52,0.000414244,-2.02891e-05
5262924225342,5262904188000,5262904188000,5262924216768,73729,20.0288,5262939019287,34.8313,0,20058,84745,0,0,1,0,0,0.008015,500,500,479,0.958,2.66898,5.35632,0.683635,0.296039,-0.0337524,-0.0164948,-0.000118871,-5.48016e-05,-0.0255006,0.00712265,1,-0.00683738,0.0148311,-0.0148311,-0.00683738,1,1,-0.0161295,-0.00694157,0.00129847,0.000104188,0,0,0,0,0,0,0,0,0,0,0,0,0,0,0,0,0,0,0,0,0,0,0,255,0.21,4.3194,0.21,-0.00787154,-0.00264843,1,1,1,1,1,1,1,0.0870429,-3.29069,-0.00757396,-0.00523317,0.00536463,-0.127631,1.18899,20859,1,367,105.16,5215,0,0.000884653,0.0370999,0.0316743,0,0,0,1,479,0.215,-0.000100687,-4.64751e-05,-9.99215e-06,2.16478e-05,-6.21697e-06,2.30156e-05,0.422636,0.0258788,-0.000706602,0.0336335,-0.168421,-0.00054555,0.000448007,-0.00490318,0.930193,3,0,0,0,0,0,-1,1,-9.04605e-07,-3.41778e-06,-0.168362,0,1.4556,1,1010,1010,1010,1010,0,0,0,0,1.45936,55,0.00185103,0.00740724,56,-0.0263336,-0.00891424,47,-0.00699275,0.00062688,56,0.00301723,-0.0114844,56,-0.0183031,0.00246785,53,-0.00498936,0.00137614,48,-0.015754,-0.00768777,56,-0.0118536,-0.00264566,52,-0.016916,-0.014981
5262939565773,5262924222000,5262924222000,5262939559106,73729,15.3371,5262954263476,30.0415,1,20059,84746,0,0,1,0,0,0.020034,500,500,499,0.998,2.67356,5.56519,0.722801,0.319651,-0.0195618,0.0125732,-4.83198e-05,8.7024e-06,0.00316788,0.00128926,1,0.000434382,0.00241189,-0.00241189,0.000434382,1,1,-0.00423055,0.000404352,0.00181866,3.00295e-05,0,0,0,0,0,0,0,0,0,0,0,0,0,0,0,0,0,0,0,0,0,0,0,255,0.21,-0.681227,0.21,-0.00253068,0.000537475,1,1,1,1,0,1,1,0.0870429,-3.29069,-0.00757396,-0.00523317,0.00536463,-0.127631,16.4462,20859,1,367,120.418,5215,0,0.000884653,0.0370999,0.0316743,0,0,0,1,499,0.215,-4.10432e-05,7.37516e-06,1.58566e-06,8.82429e-06,3.04131e-06,8.43382e-06,0.422639,0.0258873,-0.000706602,0.0336335,-0.168421,-0.000547344,0.000129127,-0.00669405,16.1653,0,0,0,0,0,0,-1,1,-9.04605e-07,-3.41778e-06,-0.168362,0,16.7161,1,1010,1010,1010,1010,0,0,0,0,16.7198,56,-0.00356327,-0.00189352,55,-0.00730822,0.00184425,56,-0.00387866,0.002367,56,-0.00263593,-0.00192802,56,0.00184134,0.00173142,56,-0.00339818,0.00072556,56,-0.000265893,0.000476182,56,8.28644e-05,-0.000345932,52,-0.00142043,0.00363379
5262954776832,5262944195000,5262944195000,5262954772684,73729,10.5777,5262969796075,25.6011,1,20060,84747,0,0,1,0,0,0.019973,500,500,498,0.996,2.68995,4.72594,0.67095,0.328521,0.049324,-0.0212173,0.000131633,-3.69636e-05,0.00372902,0.00207732,1,-0.00185068,-0.00659057,0.00659057,-0.00185068,1,1,0.0049067,-0.00174794,0.00168388,-0.000102743,0,0,0,0,0,0,0,0,0,0,0,0,0,0,0,0,0,0,0,0,0,0,0,255,0.21,4.42598,0.21,0.00532354,-0.00215663,1,1,1,1,0,1,1,0.0870429,-3.29069,-0.00757396,-0.00523317,0.00536463,-0.127631,31.9757,20859,1,367,135.947,5215,0,0.000884653,0.0370999,0.0316743,0,0,0,1,498,0.215,0.000111618,-3.13132e-05,-6.73234e-06,-2.39979e-05,-1.06564e-05,-2.25301e-05,0.422628,0.0258647,-0.000693183,0.0336275,-0.168463,0.000499565,-0.000441794,-0.00539288,15.2763,1,0,0,0,0,0,-1,1,-9.04605e-07,-3.41778e-06,-0.168362,0,32.2509,1,1010,1010,1010,1010,0,0,0,0,32.2546,55,0.00556326,-0.00329062,55,0.00699994,-0.00237253,56,0.00486324,-0.0019481,56,0.00368833,0.000447779,56,0.00478429,-0.00319804,56,0.00486452,-0.000755799,56,0.00539884,-0.00468185,56,0.00415645,0.0016144,52,0.0087771,-0.00435524
5262970316746,5262956168000,5262956168000,5262970306246,73729,14.1382,5262984626595,28.4586,0,20060,84748,0,0,1,0,0,0.011973,500,500,478,0.956,2.65941,5.10337,0.681913,0.301132,0.0134583,-0.0187378,2.00933e-05,-1.13804e-05,0.00409749,-0.00706868,1,-0.000950509,-0.00167822,0.00167822,-0.000950509,1,1,0.00155136,-0.000638123,0.000126862,-0.000312387,0,0,0,0,0,0,0,0,0,0,0,0,0,0,0,0,0,0,0,0,0,0,0,255,0.21,-0.334965,0.21,0.00245527,-0.00122782,1,1,1,1,0,1,1,0.0870429,-3.29069,-0.00757396,-0.00523317,0.00536463,-0.127631,46.8036,20859,1,367,150.775,5215,0,0.000884653,0.0370999,0.0316743,0,0,0,1,478,0.215,1.70242e-05,-9.66368e-06,-2.07769e-06,-3.6602e-06,-2.6607e-06,-3.26027e-06,0.422625,0.0258615,-0.000693858,0.0335915,-0.168452,0.00112798,-0.00134326,0.000465979,14.5525,2,0,0,0,0,0,-1,1,-9.04605e-07,-3.41778e-06,-0.168436,0,0.256909,1,1010,1010,1010,1010,0,0,0,0,0.260946,56,0.00336409,-0.0037506,54,-0.000679167,0.00519696,37,0.0100303,0.000539176,56,-0.00197968,-0.00281911,56,0.00456287,-0.00255307,55,0.00325306,-0.00458438,56,0.003264,0.00135649,56,0.00241958,-0.00455028,52,-0.000902444,-0.00396398
5262985135284,5262976171000,5262976171000,5262985130895,73729,8.95989,5263000561123,24.3901,1,20061,84749,0,0,1,0,0,0.020003,500,500,466,0.932,2.67146,6.61638,0.602616,0.319428,-0.013504,0.0158081,-1.95675e-05,-2.89512e-05,0.00114273,0.014059,1,-0.00144734,0.000978231,-0.000978231,-0.00144734,1,1,0.00031526,-0.00142497,-0.00129349,-2.23755e-05,0,0,0,0,0,0,0,0,0,0,0,0,0,0,0,0,0,0,0,0,0,0,0,255,0.21,4.32872,0.21,-0.00168056,0.00172831,1,1,1,1,1,1,1,0.0869383,-3.29084,-0.00977695,-0.00376736,0.00567003,-0.129109,15.9186,20860,1,367,166.712,5215,0,0.000884653,0.0370999,0.0316743,0,0,0,1,466,0.215,-1.65878e-05,-2.45748e-05,-5.28358e-06,3.56637e-06,-4.60815e-06,4.40108e-06,0.422621,0.0258659,-0.00069131,0.0336068,-0.16842,0.000408957,-9.62148e-05,0.00477677,15.6898,1,0,0,0,0,0,-1,1,-9.04605e-07,-3.41778e-06,-0.168436,0,16.1771,1,1010,1010,1010,1010,0,0,0,0,16.1811,56,0.00204466,-0.000502343,54,-0.0074725,-0.00437329,54,-0.00325266,0.00020336,56,0.00289274,0.00429934,56,-0.00199644,-0.000328176,50,0.00454496,-0.00193382,50,0.00165068,-0.00178311,56,-0.00115623,-0.00314517,34,-0.00386857,0.00320292
5263001114701,5262984187000,5262984187000,5263001102312,73729,16.9153,5263014227226,30.0402,0,20061,84750,0,0,1,0,0,0.008016,500,500,484,0.968,2.68732,5.02119,0.591783,0.304984,-0.0164642,0.0319519,-1.13873e-06,3.29998e-05,0.00509669,0.0249648,1,0.00411674,0.000142058,-0.000142058,0.00411674,1,1,0.00133697,0.00364033,-0.00147903,0.000476416,0,0,0,0,0,0,0,0,0,0,0,0,0,0,0,0,0,0,0,0,0,0,0,255,0.21,-0.019833,0.21,-0.00273789,0.00685861,1,1,1,1,0,1,1,0.0869383,-3.29084,-0.00977695,-0.00376736,0.00567003,-0.129109,29.5952,20860,1,367,180.388,5215,0,0.000884653,0.0370999,0.0316743,0,0,0,1,484,0.215,-1.01715e-06,2.79354e-05,6.00611e-06,2.18688e-07,5.95446e-06,-7.90351e-07,0.422627,0.0258651,-0.000714708,0.0336498,-0.168377,-0.000350716,0.00204859,0.00480729,13.3877,2,0,0,0,0,0,-1,1,-9.04605e-07,-3.41778e-06,-0.168436,0,29.8651,1,1010,1010,1010,1010,0,0,0,0,29.8692,55,-0.0108355,0.00597553,56,0.0276336,-0.0027529,41,0.00693158,0.00928359,56,0.00209258,0.00405825,56,-0.000618412,0.00970221,56,0.00185091,0.00481498,56,0.00126207,0.00997231,56,-0.0124423,0.000839914,52,-0.00871942,-0.00571153
5263014751137,5263004186000,5263004186000,5263014745545,73729,10.5595,5263029002541,24.8165,1,20062,84751,0,0,1,0,0,0.019999,500,500,500,1,2.69878,5.0305,0.687227,0.315521,-0.0429535,0.0673981,-6.32028e-05,0.000105719,-0.0041225,-0.00162756,1,0.00528619,0.0031603,-0.0031603,0.00528619,1,1,-0.00196872,0.00508597,-0.00119158,0.00020022,0,0,0,0,0,0,0,0,0,0,0,0,0,0,0,0,0,0,0,0,0,0,0,255,0.21,3.48541,0.21,-0.00318426,0.00415728,1,1,1,1,0,1,1,0.0869383,-3.29084,-0.00977695,-0.00376736,0.00567003,-0.129109,44.3564,20860,1,367,195.15,5215,0,0.000884653,0.0370999,0.0316743,0,0,0,1,500,0.215,-5.35858e-05,8.9659e-05,1.92767e-05,1.1521e-05,2.09237e-05,8.1295e-06,0.422648,0.0258732,-0.00073247,0.0336366,-0.168375,-0.000811083,0.000860945,0.00345017,14.5058,1,0,0,0,0,0,-1,1,-9.04605e-07,-3.41778e-06,-0.168436,0,44.6273,1,1010,1010,1010,1010,0,0,0,0,0.194224,56,0.000266118,0.00932678,56,-0.0110831,-0.00060193,56,-0.0047729,0.00464859,56,-0.00398304,0.00722081,56,-0.000664989,0.00268014,56,-0.00768482,0.00684694,56,-0.00551812,0.00656601,56,-0.001348,0.00835561,52,0.00313625,0.00974585
5263029508916,5263016197000,5263016197000,5263029497897,73729,13.3009,5263044816476,28.6195,0,20062,84752,0,0,1,0,0,0.012011,500,500,498,0.996,2.69595,4.90022,0.721802,0.316002,-0.0091095,-0.0362015,-2.03769e-05,-8.96367e-05,0.00676922,0.00950526,1,-0.00746288,0.00169652,-0.00169652,-0.00746288,1,1,-0.00270114,-0.00718509,0.00100462,-0.000277793,0,0,0,0,0,0,0,0,0,0,0,0,0,0,0,0,0,0,0,0,0,0,0,255,0.21,7.49732,0.21,-0.00108444,-0.00657466,1,1,1,1,0,1,1,0.086829,-3.29097,-0.0122023,-0.00588013,0.0050242,-0.130807,5.94581,20861,1,367,5.89267,5216,0,0.000884653,0.0389731,0.0316475,0,0,0,1,498,0.215,-1.72942e-05,-7.60007e-05,-1.63401e-05,3.71826e-06,-1.54758e-05,6.40526e-06,0.422632,0.0258796,-0.000703365,0.0335929,-0.168557,0.000862592,-0.00119451,-0.00276583,5.66641,3,0,0,0,0,0,-1,1,-9.04605e-07,-3.41778e-06,-0.168499,0,6.21368,1,1010,1010,1010,1010,0,0,0,0,16.0005,54,-0.00139986,-0.00809913,56,-0.0039329,-0.0179336,56,-0.0012372,-0.00380857,56,0.00638646,-0.00144225,56,-0.00975695,-0.00223471,56,0.00195373,-0.00521739,56,0.00131844,-0.00834282,56,-0.00570127,-0.00817882,52,-0.00279674,-0.0122911
5263045311276,5263036168000,5263036168000,5263045306183,73729,9.13818,5263059225992,23.058,1,20063,84753,0,0,1,0,0,0.019971,500,500,498,0.996,2.71695,4.6962,0.769765,0.311706,0.0645752,-0.0620346,0.000150344,-9.23243e-05,0.0028592,0.00601101,1,-0.00462292,-0.00752812,0.00752812,-0.00462292,1,1,0.00533533,-0.00441308,0.00219279,-0.000209837,0,0,0,0,0,0,0,0,0,0,0,0,0,0,0,0,0,0,0,0,0,0,0,255,0.21,3.58977,0.21,0.00589616,-0.00352016,1,1,1,1,1,1,1,0.086829,-3.29097,-0.0122023,-0.00588013,0.0050242,-0.130807,20.3639,20861,1,367,20.3108,5216,0,0.000884653,0.0389731,0.0316475,0,0,0,1,498,0.215,0.000127498,-7.82288e-05,-1.68192e-05,-2.74121e-05,-2.11695e-05,-2.42037e-05,0.422611,0.0258554,-0.000703365,0.0335929,-0.168557,0.00205506,-0.000902301,-0.00589915,20.0737,0,0,0,0,0,0,-1,1,-9.04605e-07,-3.41778e-06,-0.168499,0,20.6309,1,1010,1010,1010,1010,0,0,0,0,30.4178,56,0.00139274,-0.00112228,56,0.0103583,-0.00431847,56,0.00574865,-0.00520104,56,0.00622777,-0.0082015,56,0.00444688,-0.00694637,56,0.0088048,-0.00874623,56,0.00619681,-0.0079061,56,0.00859676,-0.00571812,50,0.00368721,-0.00731365
5263059790348,5263044184000,5263044184000,5263059776885,73729,15.5929,5263073036948,28.8529,0,20063,84754,0,0,1,0,0,0.008016,500,500,500,1,2.6408,4.99798,0.720487,0.31191,0.0128479,-0.0117493,3.75498e-05,-1.86732e-05,0.0128025,-0.000437472,1,-0.00232949,-0.00468435,0.00468435,-0.00232949,1,1,0.00274963,-0.0023225,0.00193472,-6.98757e-06,0,0,0,0,0,0,0,0,0,0,0,0,0,0,0,0,0,0,0,0,0,0,0,255,0.21,7.71004,0.21,0.00117323,-0.000848847,1,1,1,1,0,1,1,0.086829,-3.29097,-0.0122023,-0.00588013,0.0050242,-0.130807,34.1756,20861,1,367,34.1225,5216,0,0.000884653,0.0389731,0.0316475,0,0,0,1,500,0.215,3.1754e-05,-1.5829e-05,-3.40324e-06,-6.82712e-06,-4.49902e-06,-6.15924e-06,0.422606,0.0258493,-0.000700638,0.0335851,-0.168678,0.00139148,-3.00466e-05,-0.00554224,13.5298,2,0,0,0,0,0,-1,1,-9.04605e-07,-3.41778e-06,-0.168499,0,34.4501,1,1010,1010,1010,1010,0,0,0,0,44.237,56,-0.00237954,-0.00970349,56,0.0123715,-0.00329927,56,-0.00353177,-0.00214082,56,-0.00233635,-0.00760205,56,0.00941373,0.000268753,56,-0.000917008,0.000521428,56,0.0118025,0.00149142,56,-0.00142092,-0.00453567,52,0.0037168,-0.000336912
5263073560119,5263064190000,5263064190000,5263073552711,73729,9.36271,5263088129451,23.9395,1,20064,84755,0,0,1,0,0,0.020006,500,500,499,0.998,2.67348,5.60132,0.628301,0.315151,0.00305176,0.0246582,3.59768e-05,-7.09222e-06,0.00607108,0.01071,1,-0.000354505,-0.0017983,0.0017983,-0.000354505,1,1,0.00211923,-0.000457444,-0.000320932,0.000102939,0,0,0,0,0,0,0,0,0,0,0,0,0,0,0,0,0,0,0,0,0,0,0,255,0.21,1.34179,0.21,-0.000903388,0.00193118,1,1,1,1,0,1,1,0.0867371,-3.29109,-0.0138766,-0.00417218,0.00574803,-0.131551,1.09454,20862,1,367,49.2058,5216,0,0.000884653,0.0389731,0.0316475,0,0,0,1,499,0.215,3.0415e-05,-6.0271e-06,-1.29583e-06,-6.53921e-06,-2.37421e-06,-6.22907e-06,0.422604,0.025843,-0.000723511,0.0335809,-0.168654,-6.0132e-06,0.000442639,0.0010992,0.835765,2,0,0,0,0,0,-1,1,-9.04605e-07,-3.41778e-06,-0.16867,0,1.36362,1,1010,1010,1010,1010,0,0,0,0,1.36747,56,0.000233842,-0.00176136,55,0.00141113,-0.00056331,56,-0.000212003,0.00232741,56,0.00101627,0.00454827,56,-0.000241559,-0.00114093,56,-0.00398088,-3.70726e-05,56,0.00364912,0.000820694,56,0.00373396,0.00210874,52,0.00730169,0.000484067
5263088631603,5263076164000,5263076164000,5263088621918,73729,12.4579,5263103155213,26.9912,0,20064,84756,0,0,1,0,0,0.011974,500,500,495,0.99,2.66519,4.72013,0.669394,0.312335,-0.050354,-0.00604248,-8.5092e-05,-2.95736e-05,0.00562691,0.00704895,1,-0.00246981,0.0071064,-0.0071064,-0.00246981,1,1,-0.00561274,-0.00247883,-0.00149366,9.0197e-06,0,0,0,0,0,0,0,0,0,0,0,0,0,0,0,0,0,0,0,0,0,0,0,255,0.21,6.21051,0.21,-0.00681248,-0.000790816,1,1,1,1,0,1,1,0.0867371,-3.29109,-0.0138766,-0.00417218,0.00574803,-0.131551,16.1311,20862,1,367,64.2423,5216,0,0.000884653,0.0389731,0.0316475,0,0,0,1,495,0.215,-7.21682e-05,-2.50548e-05,-5.38679e-06,1.55162e-05,-2.70368e-06,1.61997e-05,0.422601,0.0258592,-0.000724126,0.0335883,-0.168628,-0.000435346,3.87847e-05,0.00478992,14.7462,1,0,0,0,0,0,-1,1,-9.04605e-07,-3.41778e-06,-0.16867,0,16.4111,1,1010,1010,1010,1010,0,0,0,0,16.4149,56,-0.00661291,-0.00273288,54,-0.0174308,-0.00483152,54,-0.004697,-0.00417114,56,-0.00347779,0.00305973,56,-0.00136619,-0.00613025,56,-0.00701712,0.00211136,56,-0.0114459,-0.00307192,56,-0.00543496,0.000297413,51,-0.0181926,0.000277341
5263103680939,5263092208000,5263092208000,5263103675995,73729,11.468,5263118229197,26.0212,1,20065,84757,0,0,1,0,0,0.016044,500,500,499,0.998,2.63011,4.9788,0.590523,0.308447,-0.021637,0.0707092,-2.94759e-05,0.00012312,-0.00512208,-0.00153307,1,0.0076739,0.00183719,-0.00183719,0.0076739,1,1,-0.00068891,0.00762822,-0.00114828,4.56746e-05,0,0,0,0,0,0,0,0,0,0,0,0,0,0,0,0,0,0,0,0,0,0,0,255,0.21,1.05388,0.21,-0.00176637,0.00631987,1,1,1,1,1,1,1,0.0867371,-3.29109,-0.0138766,-0.00417218,0.00574803,-0.131551,31.197,20862,1,367,79.3083,5216,0,0.000884653,0.0389731,0.0316475,0,0,0,1,499,0.215,-2.50308e-05,0.000104366,2.24387e-05,5.38162e-06,2.3011e-05,1.54158e-06,0.422624,0.0258608,-0.00072787,0.0335837,-0.168627,-6.92811e-06,0.000196401,0.00394454,14.7913,1,0,0,0,0,0,-1,1,-9.04605e-07,-3.41778e-06,-0.16867,0,31.4752,1,1010,1010,1010,1010,0,0,0,0,31.479,56,-0.00248002,0.0170093,55,-0.00187419,0.00641009,56,-0.00966063,0.00752693,56,-0.00147627,0.00563472,56,-0.00208138,0.00961181,56,-0.000384183,0.0100315,56,-0.00222177,0.0107402,56,-0.001417,0.00654144,52,-0.0066516,0.0069557
5263118792164,5263104177000,5263104177000,5263118780979,73729,14.604,5263132631843,28.4548,0,20065,84758,0,0,1,0,0,0.011969,500,500,500,1,2.67448,4.691,0.710561,0.333687,0.0108795,-0.0118713,5.03161e-05,-3.01742e-05,0.00435925,0.00874968,1,-0.00252103,-0.00420387,0.00420387,-0.00252103,1,1,0.00379333,-0.00251017,0.000410539,-1.08569e-05,0,0,0,0,0,0,0,0,0,0,0,0,0,0,0,0,0,0,0,0,0,0,0,255,0.21,6.0164,0.21,0.00197898,-0.00202045,1,1,1,1,0,1,1,0.0866478,-3.29122,-0.0156348,-0.00532463,0.00502415,-0.133781,0.521337,20863,1,367,93.7104,5216,0,0.000884653,0.0389731,0.0316475,0,0,0,1,500,0.215,4.26714e-05,-2.55923e-05,-5.50235e-06,-9.17434e-06,-6.96144e-06,-8.12073e-06,0.422617,0.0258527,-0.000692993,0.0335628,-0.168712,0.0013127,-4.66847e-05,-0.000362091,0.284354,3,0,0,0,0,0,-1,1,-9.04605e-07,-3.41778e-06,-0.168727,0,0.793561,1,1010,1010,1010,1010,0,0,0,0,0.797561,56,0.00586353,-0.0122791,56,0.00462609,-0.00624092,56,0.00951095,0.00150873,56,-0.00153023,0.00324381,56,-0.00407973,-0.00266764,56,0.00184394,-0.010991,56,0.00590332,0.000141899,56,-0.00511561,0.00470107,52,0.0154128,-0.0144664
5263133146940,5263124184000,5263124184000,5263133142051,73729,8.95805,5263146223224,22.0392,1,20066,84759,0,0,1,0,0,0.020007,500,500,500,1,2.65795,5.09491,0.659376,0.310836,0.0630798,-0.00814819,0.000163951,-5.95539e-05,0.00962636,0.0133823,1,-0.00297665,-0.00819466,0.00819466,-0.00297665,1,1,0.00721118,-0.00289852,0.000983485,-7.81278e-05,0,0,0,0,0,0,0,0,0,0,0,0,0,0,0,0,0,0,0,0,0,0,0,255,0.21,0.060538,0.21,0.004692,-0.000699887,1,1,1,2,0,1,1,0.0866478,-3.29122,-0.0156348,-0.00532463,0.00502415,-0.133781,14.1378,20863,1,367,107.327,5216,0,0.000884653,0.0389731,0.0316475,0,0,0,1,500,0.215,0.000138872,-5.04853e-05,-1.08543e-05,-2.98575e-05,-1.5707e-05,-2.76122e-05,0.422602,0.025825,-0.000692993,0.0335628,-0.168712,0.00215352,-0.000335949,-0.00166038,13.8755,0,0,0,0,0,0,-1,1,-9.04605e-07,-3.41778e-06,-0.168727,0,14.4068,1,1010,1010,1010,1010,0,0,0,0,14.4108,56,0.00168212,-0.00143495,56,0.0147932,-0.0149388,56,-0.00127273,9.12546e-05,56,0.00919033,-0.000814578,56,0.0125098,-0.00288282,56,0.00578849,-0.0017419,56,0.0088802,-0.00171528,56,0.00989291,3.29699e-06,52,0.00384314,-0.00255833
5263146746894,5263132196000,5263132196000,5263146736209,73729,14.5402,5263159523158,27.3272,0,20066,84760,0,0,1,0,0,0.008012,500,500,500,1,2.69876,4.70561,0.587968,0.307928,0.0263672,-0.0207062,5.0272e-05,-2.40781e-05,0.00137163,-0.00504854,1,-0.00300525,-0.00627459,0.00627459,-0.00300525,1,1,0.00551042,-0.00284548,0.000764175,-0.000159771,0,0,0,0,0,0,0,0,0,0,0,0,0,0,0,0,0,0,0,0,0,0,0,255,0.21,3.48747,0.21,0.00378468,-0.00345958,1,1,1,1,0,1,1,0.0866478,-3.29122,-0.0156348,-0.00532463,0.00502415,-0.133781,27.4205,20863,1,367,120.61,5216,0,0.000884653,0.0389731,0.0316475,0,0,0,1,500,0.215,4.26082e-05,-2.0378e-05,-4.38127e-06,-9.16076e-06,-5.85477e-06,-8.29537e-06,0.422596,0.0258168,-0.000686765,0.033555,-0.168729,0.00180597,-0.000687016,-0.00118398,12.9993,1,0,0,0,0,0,-1,1,-9.04605e-07,-3.41778e-06,-0.168727,0,27.6968,1,1010,1010,1010,1010,0,0,0,0,27.7008,56,0.00275242,-0.00933575,56,0.00267621,-0.00471914,56,0.0186818,0.00212323,56,0.00186916,-0.00103016,56,0.00669723,-0.0029149,56,-0.00152658,0.000603382,56,0.00569678,0.00049031,56,0.00618382,-0.00533969,52,0.00319639,-0.0129381
5263160053865,5263144184000,5263144184000,5263160042328,73729,15.8583,5263174124953,29.941,0,20066,84761,0,0,1,0,0,0.011988,500,500,499,0.998,2.63987,5.03183,0.592838,0.305409,0.00460815,-0.00360107,1.99964e-05,-2.33925e-07,0.00269689,-0.00428696,1,-1.95133e-05,-0.00166804,0.00166804,-1.95133e-05,1,1,0.0014857,0.000324365,0.000182336,-0.000343878,0,0,0,0,0,0,0,0,0,0,0,0,0,0,0,0,0,0,0,0,0,0,0,255,0.21,6.53346,0.21,-0.00120385,-0.000152393,1,1,1,1,1,1,1,0.0866478,-3.29122,-0.0156348,-0.00532463,0.00502415,-0.133781,42.0204,20863,1,367,135.209,5216,0,0.000884653,0.0389731,0.0316475,0,0,0,1,499,0.215,1.69406e-05,-1.48058e-07,-3.18325e-08,-3.64223e-06,-6.43125e-07,-3.58514e-06,0.422595,0.0258132,-0.000716642,0.0335111,-0.168788,-0.000211739,-0.00147868,-0.000796628,14.3182,2,0,0,0,0,0,-1,1,-9.04605e-07,-3.41778e-06,-0.168727,0,42.2893,1,1010,1010,1010,1010,0,0,0,0,42.2933,55,0.00419088,0.00410044,56,0.00452335,0.000350324,56,-0.00847234,-0.00348244,56,0.000334419,-0.000760194,56,0.00115181,0.00318843,56,0.00564459,-0.000648787,56,-0.00310319,-0.00139609,56,-0.000141479,0.000157903,52,0.00763975,0.000525812
5263174687976,5263164184000,5263164184000,5263174680754,73729,10.4968,5263190193352,26.0094,1,20067,84762,0,0,1,0,0,0.02,500,500,440,0.88,2.70571,5.37385,0.710357,0.278521,-0.0701447,-0.0417023,-0.000125863,-0.000112949,-0.00286015,0.00707712,1,-0.00564743,0.00629313,-0.00629313,-0.00564743,1,1,-0.00676657,-0.00577326,0.000473441,0.00012583,0,0,0,0,0,0,0,0,0,0,0,0,0,0,0,0,0,0,0,0,0,0,0,255,0.21,1.01419,0.21,-0.00617701,-0.00265847,1,1,1,1,0,1,1,0.0865598,-3.29131,-0.0180937,-0.00410449,0.00558615,-0.135988,6.5904,20864,1,367,151.274,5216,0,0.000884653,0.0389731,0.0316475,0,0,0,1,440,0.215,-0.000106679,-9.58115e-05,-2.05995e-05,2.29361e-05,-1.64405e-05,2.60702e-05,0.422579,0.0258392,-0.000718746,0.0335349,-0.168879,-0.00027271,0.000541068,-0.0018468,6.37531,2,0,0,0,0,0,-1,1,-9.04605e-07,-3.41778e-06,-0.168895,0,6.84235,1,1010,1010,1010,1010,0,0,0,0,6.84707,56,-0.00239232,-0.0112065,53,-0.00909657,-0.0111302,12,-0.0119274,-0.00785991,56,-0.00781807,-0.00412104,56,-0.00626165,-0.00372035,44,-0.00918578,-0.00281365,56,-0.00290459,-0.00415869,56,-0.00382897,-0.00527361,51,-0.00754138,-0.00174521
5263190675023,5263172195000,5263172195000,5263190665541,73729,18.4705,5263203713066,31.5181,0,20067,84763,0,0,1,0,0,0.008011,500,500,499,0.998,2.67435,4.95411,0.77571,0.345225,0.0246277,0.0127869,7.08661e-05,3.31027e-05,0.0229903,0.00145337,1,0.00413215,-0.00884609,0.00884609,0.00413215,1,1,0.00814109,0.00360139,0.000705001,0.00053076,0,0,0,0,0,0,0,0,0,0,0,0,0,0,0,0,0,0,0,0,0,0,0,255,0.21,6.83829,0.21,0.00601858,0.00549977,1,1,1,1,0,1,1,0.0865598,-3.29131,-0.0180937,-0.00410449,0.00558615,-0.135988,20.1241,20864,1,367,164.808,5216,0,0.000884653,0.0389731,0.0316475,0,0,0,1,499,0.215,6.00489e-05,2.81012e-05,6.04176e-06,-1.29105e-05,3.78246e-06,-1.37419e-05,0.422583,0.0258255,-0.000715245,0.0335633,-0.168903,0.0007082,0.00228227,-0.00185864,13.2791,1,0,0,0,0,0,-1,1,-9.04605e-07,-3.41778e-06,-0.168895,0,20.4163,1,1010,1010,1010,1010,0,0,0,0,20.421,56,0.000999124,0.027067,55,0.0247071,0.0235426,56,0.00931935,-0.00456447,56,0.0140148,0.00841897,56,0.00320088,0.00658632,56,0.0175515,0.00758054,56,-0.00337482,-0.000120695,56,0.000374093,0.000178267,52,0.0127516,-0.00712066
5263204261903,5263192198000,5263192198000,5263204255459,73729,12.0575,5263218396843,26.1988,1,20068,84764,0,0,1,0,0,0.020003,500,500,500,1,2.64274,4.90763,0.594634,0.311595,-0.00724792,0.0617065,-4.31041e-05,0.000149376,-0.0101477,-0.00366379,1,0.00746767,0.00215488,-0.00215488,0.00746767,1,1,-0.00250968,0.00700739,0.000354794,0.000460281,0,0,0,0,0,0,0,0,0,0,0,0,0,0,0,0,0,0,0,0,0,0,0,255,0.21,0.122834,0.21,0.000170642,0.00488208,1,1,1,1,0,1,1,0.0865598,-3.29131,-0.0180937,-0.00410449,0.00558615,-0.135988,34.8001,20864,1,367,179.484,5216,0,0.000884653,0.0389731,0.0316475,0,0,0,1,500,0.215,-3.64799e-05,0.000126579,2.72146e-05,7.84318e-06,2.81305e-05,3.15922e-06,0.422611,0.0258287,-0.000699844,0.0335603,-0.168909,0.00147034,0.00197921,-4.4219e-05,14.4187,1,0,0,0,0,0,-1,1,-9.04605e-07,-3.41778e-06,-0.168895,0,35.0852,1,1010,1010,1010,1010,0,0,0,0,35.0899,56,-0.00190506,0.0136611,56,-0.00251822,0.00932581,56,0.00122744,0.00739155,56,-0.00566316,0.00187035,56,-0.00476018,0.00564624,56,-0.00190452,0.00628071,56,0.000173278,0.00563743,56,0.00227086,0.00471833,52,0.00235194,0.0122042
5263218924477,5263204203000,5263204203000,5263218914477,73729,14.7115,5263233510346,29.3073,0,20068,84765,0,0,1,0,0,0.012005,500,500,467,0.934,2.67196,4.7132,0.657801,0.312169,-0.00585938,-0.0181427,-2.86048e-05,-5.87967e-05,0.00291251,0.016796,1,-0.00489769,0.00238274,-0.00238274,-0.00489769,1,1,-0.00217131,-0.00472969,-0.000211434,-0.000168,0,0,0,0,0,0,0,0,0,0,0,0,0,0,0,0,0,0,0,0,0,0,0,255,0.22,4.62918,0.22,-0.00279443,-0.00194372,1,1,1,1,1,1,1,0.0864865,-3.29142,-0.0201522,-0.00449559,0.00547162,-0.13702,0.088334,20865,1,367,194.583,5216,0,0.000884653,0.0389731,0.0316475,0,0,0,1,467,0.225,-2.42668e-05,-4.99202e-05,-1.12321e-05,5.46003e-06,-1.01484e-05,7.26924e-06,0.422601,0.0258359,-0.000672489,0.0335365,-0.168887,0.00207182,-0.000755999,0.00241862,14.8308,2,0,0,0,0,0,-1,1,-9.04605e-07,-3.41778e-06,-0.168904,0,0.345336,1,1010,1010,1010,1010,0,0,0,0,0.349058,55,-0.00489649,-0.00437971,55,-0.0055131,-0.0184222,29,0.00486768,-0.00499677,56,0.00461485,-0.00128663,56,0.000225936,-0.000166399,53,0.00220358,-0.0101248,55,0.00284737,-0.00760302,56,-0.00364034,-0.00590723,52,-0.0133649,-0.00333765
5263234044684,5263224179000,5263224179000,5263234038758,73729,9.85976,5263249930859,25.7519,1,20069,84766,0,0,1,0,0,0.019976,500,500,498,0.996,2.69117,6.68572,0.653134,0.315132,0.027092,-0.00491333,6.95993e-05,-1.37611e-05,0.00116847,0.00180763,1,-0.000688884,-0.00348415,0.00348415,-0.000688884,1,1,0.00393611,-0.00048312,-0.000451963,-0.000205763,0,0,0,0,0,0,0,0,0,0,0,0,0,0,0,0,0,0,0,0,0,0,0,255,0.21,-0.525522,0.21,0.000733544,0.0110768,1,1,1,1,0,1,1,0.0864865,-3.29142,-0.0201522,-0.00449559,0.00547162,-0.13702,16.5204,20865,1,367,211.015,5216,0,0.000884653,0.0389731,0.0316475,0,0,0,1,498,0.215,5.89626e-05,-1.16748e-05,-2.51008e-06,-1.2677e-05,-4.60353e-06,-1.2075e-05,0.422596,0.0258238,-0.000681996,0.0335275,-0.168889,0.000743731,-0.000884783,0.00214974,16.2803,1,0,0,0,0,0,-1,1,-9.04605e-07,-3.41778e-06,-0.168904,0,16.7956,1,1010,1010,1010,1010,0,0,0,0,16.7994,56,-0.00173835,-0.00195033,56,0.00683172,-0.00419742,54,0.00244374,0.00216679,56,0.00225879,0.00184824,56,0.000845304,-0.00110909,56,-0.000903546,-0.00169862,56,0.00687271,-0.000108873,56,0.000711335,-0.00217266,52,0.00671868,-0.00319928
5263250445271,5263232232000,5263232232000,5263250436993,73729,18.205,5263263888928,31.6569,0,20069,84767,0,0,1,0,0,0.008053,500,500,500,1,2.68172,5.13491,0.73519,0.332151,-0.00622559,0.0120392,-2.45598e-05,3.51749e-05,-0.0142041,-0.00237895,1,0.00436793,0.00304978,-0.00304978,0.00436793,1,1,-0.00271633,0.0041798,-0.000333441,0.000188124,0,0,0,0,0,0,0,0,0,0,0,0,0,0,0,0,0,0,0,0,0,0,0,255,0.21,5.70001,0.21,-0.00624287,-0.0300403,1,1,1,1,0,1,1,0.0864865,-3.29142,-0.0201522,-0.00449559,0.00547162,-0.13702,30.4841,20865,1,367,13.9476,5217,0,0.000884653,0.0416714,0.0308868,0,0,0,1,500,0.215,-2.08011e-05,2.97904e-05,6.40493e-06,4.47224e-06,7.06199e-06,3.3324e-06,0.422603,0.0258272,-0.000701398,0.0335432,-0.168924,-0.000627781,0.000808934,0.000644814,13.6749,2,0,0,0,0,0,-1,1,-9.04605e-07,-3.41778e-06,-0.168904,0,30.7673,1,1010,1010,1010,1010,0,0,0,0,30.771,56,-0.00556964,0.0010177,56,0.00705669,-0.012841,56,-0.00552901,0.00273583,56,-7.32444e-05,0.00699798,56,-0.00113113,0.00100805,56,-0.0032446,0.0114583,56,-0.00252756,0.0026751,56,-0.0041373,0.00296728,52,-0.00646169,0.00787862
5263264418617,5263252198000,5263252198000,5263264412895,73729,12.2149,5263278465168,26.2672,1,20070,84768,0,0,1,0,0,0.019966,500,500,500,1,2.6582,4.74437,0.668357,0.321076,0.00562286,0.0225067,2.82055e-05,4.20011e-05,0.00429557,-0.000803958,1,0.00210363,-0.00141268,0.00141268,0.00210363,1,1,0.00111569,0.00211253,0.000296982,-8.89584e-06,0,0,0,0,0,0,0,0,0,0,0,0,0,0,0,0,0,0,0,0,0,0,0,255,0.21,-0.638579,0.21,0.000480425,0.00217281,1,1,1,1,0,1,1,0.0864865,-3.29142,-0.0201522,-0.00449559,0.00547162,-0.13702,45.0549,20865,1,367,28.5184,5217,0,0.000884653,0.0416714,0.0308868,0,0,0,1,500,0.215,2.38878e-05,3.5598e-05,7.65358e-06,-5.13588e-06,6.67681e-06,-6.34908e-06,0.42261,0.0258208,-0.000695787,0.0335271,-0.168964,-0.0001746,-3.82521e-05,-0.0011613,14.3128,1,0,0,0,0,0,-1,1,-9.04605e-07,-3.41778e-06,-0.168904,0,45.3332,1,1010,1010,1010,1010,0,0,0,0,0.124316,56,0.0056336,0.00393479,56,0.00578363,0.00163828,56,0.00486882,0.00312921,56,0.0010226,0.000808161,56,0.00249757,0.00616932,56,0.00226088,-0.001721,56,0.00138689,0.00335114,56,0.00016583,0.00414004,52,-0.00508207,8.52759e-05
5263278980190,5263264175000,5263264175000,5263278968801,73729,14.7938,5263295456148,31.2811,0,20070,84769,0,0,1,0,0,0.011977,500,500,499,0.998,2.69515,4.82172,0.695746,0.323613,-0.00271606,-0.0164795,1.38858e-05,-2.60753e-05,0.00678938,-0.00347225,1,-0.00217712,-0.00115937,0.00115937,-0.00217712,1,1,0.00033385,-0.00194517,0.000825523,-0.00023195,0,0,0,0,0,0,0,0,0,0,0,0,0,0,0,0,0,0,0,0,0,0,0,255,0.21,3.78081,0.21,0.000465116,-0.00328326,1,1,1,1,1,1,1,0.0864865,-3.29142,-0.0201522,-0.00449559,0.00547162,-0.13702,62.0467,20865,1,367,45.5101,5217,0,0.000884653,0.0416714,0.0308868,0,0,0,1,499,0.215,1.17689e-05,-2.20997e-05,-4.75144e-06,-2.53032e-06,-5.10666e-06,-1.69552e-06,0.422605,0.0258191,-0.000685815,0.0335073,-0.169007,0.00115742,-0.000997385,-0.00191386,16.7424,1,0,0,0,0,0,-1,1,-9.04605e-07,-3.41778e-06,-0.169068,0,0.243187,1,1010,1010,1010,1010,0,0,0,0,17.1082,56,-0.00224421,-0.000508197,56,-0.0173601,0.00119206,55,0.00191912,-0.00344223,56,-0.000271558,-0.000483581,56,0.001787,-0.00860868,56,0.00155767,0.00241854,56,0.00167951,-0.00327447,56,-0.00129073,0.00119089,52,0.00438524,-0.00793344
5263296027097,5263284172000,5263284172000,5263296017634,73729,11.8456,5263309917683,25.7457,1,20071,84770,0,0,1,0,0,0.019997,500,500,500,1,2.67819,4.62083,0.669301,0.318669,0.0140991,-0.0759125,1.04603e-05,-0.000111951,-0.00472958,-0.000948926,1,-0.00559837,-0.000523091,0.000523091,-0.00559837,1,1,-0.000613488,-0.00521678,0.00113658,-0.000381586,0,0,0,0,0,0,0,0,0,0,0,0,0,0,0,0,0,0,0,0,0,0,0,255,0.21,0.53169,0.21,0.000751923,-0.00470376,1,1,1,1,0,1,1,0.0863889,-3.29152,-0.0220092,-0.00479829,0.00553946,-0.138057,14.4333,20866,1,367,59.9699,5217,0,0.000884653,0.0416714,0.0308868,0,0,0,1,500,0.215,8.84566e-06,-9.49232e-05,-2.04085e-05,-1.90182e-06,-2.04262e-05,1.55796e-06,0.422584,0.0258207,-0.00066331,0.0334701,-0.169097,0.00179146,-0.00164082,-0.00247666,14.1588,2,0,0,0,0,0,-1,1,-9.04605e-07,-3.41778e-06,-0.169068,0,14.7073,1,1010,1010,1010,1010,0,0,0,0,31.5723,56,0.000937245,-0.00296897,56,0.00552909,-0.00285773,56,-0.00241036,-0.00991942,56,0.0001175,-0.00992676,56,0.00718812,-0.00234478,56,-0.00214526,-0.00608665,56,-0.00341918,-0.00887646,56,0.00280851,-0.00862713,52,-0.000227595,-0.00489101
5263310428539,5263300215000,5263300215000,5263310423983,73729,10.209,5263324628276,24.4133,1,20072,84771,0,0,1,0,0,0.016043,500,500,479,0.958,2.67074,5.04633,0.811265,0.323761,-0.0104523,0.0106049,2.65651e-06,1.06818e-05,0.00329674,0.0135489,1,0.000665821,-0.000165587,0.000165587,0.000665821,1,1,-0.000388744,0.000549853,0.00055433,0.000115968,0,0,0,0,0,0,0,0,0,0,0,0,0,0,0,0,0,0,0,0,0,0,0,255,0.21,4.76648,0.21,-0.00218978,0.00312924,1,1,1,1,0,1,1,0.0863889,-3.29152,-0.0220092,-0.00479829,0.00553946,-0.138057,29.1519,20866,1,367,74.6884,5217,0,0.000884653,0.0416714,0.0308868,0,0,0,1,479,0.215,2.16819e-06,8.97205e-06,1.92899e-06,-4.66162e-07,1.82192e-06,-7.84076e-07,0.422586,0.0258199,-0.000689749,0.0334955,-0.169157,-2.95842e-05,0.000498662,-0.00193056,14.439,2,0,0,0,0,0,-1,1,-9.04605e-07,-3.41778e-06,-0.169068,0,29.4157,1,1010,1010,1010,1010,0,0,0,0,46.2807,56,-0.00885732,-0.00183599,56,0.0116409,-0.00610565,56,-0.000517869,0.0038622,56,0.00186397,0.000661055,56,-0.00450982,-0.00549108,55,0.000555026,0.000691643,54,0.00204626,0.00102624,56,0.0022777,0.00335492,34,-0.0074733,-0.00101523
5263325133668,5263312194000,5263312194000,5263325122391,73729,12.9284,5263339844391,27.6504,0,20072,84772,0,0,1,0,0,0.011979,500,500,499,0.998,2.70574,6.7977,0.614986,0.318466,-0.0240173,0.0776672,-4.79143e-05,0.000168714,-0.00658812,-0.012626,1,0.0140841,0.00399986,-0.00399986,0.0140841,1,1,-0.00302283,0.0135291,-0.00097703,0.00055503,0,0,0,0,0,0,0,0,0,0,0,0,0,0,0,0,0,0,0,0,0,0,0,255,0.21,-0.819044,0.21,-0.00331353,0.0112701,1,1,1,1,0,1,1,0.086369,-3.29163,-0.0236725,-0.0042587,0.00532578,-0.138889,6.22969,20867,1,367,89.8962,5217,0,0.000884653,0.0416714,0.0308868,0,0,0,1,499,0.215,-4.05601e-05,0.000143026,3.07506e-05,8.72043e-06,3.17624e-05,3.42397e-06,0.422618,0.0258233,-0.00070288,0.0335167,-0.169095,-0.000608532,0.00238663,0.00287416,5.9906,2,0,0,0,0,0,-1,1,-9.04605e-07,-3.41778e-06,-0.16911,0,6.53268,1,1010,1010,1010,1010,0,0,0,0,6.53775,55,0.013146,0.0143525,56,-0.00424064,0.0158983,56,0.00031071,0.00830784,56,-0.0156554,0.0103167,56,-0.0060138,0.0135797,56,-0.00779781,0.0176976,56,-0.0086524,0.0134218,56,-0.00506989,0.0123455,52,0.00582989,0.0103774
5263340383839,5263332196000,5263332196000,5263340379506,73729,8.18351,5263355367045,23.171,1,20073,84773,0,0,1,0,0,0.020002,500,500,461,0.922,2.64541,5.16269,0.66156,0.295817,-0.0320129,0.0267029,-7.07707e-05,5.47584e-05,0.000792853,0.00256145,1,0.00273765,0.00353818,-0.00353818,0.00273765,1,1,-0.00211027,0.00288751,-0.00142791,-0.000149862,0,0,0,0,0,0,0,0,0,0,0,0,0,0,0,0,0,0,0,0,0,0,0,255,0.21,4.28422,0.21,-0.00178268,0.000173067,1,1,1,1,1,1,1,0.086369,-3.29163,-0.0236725,-0.0042587,0.00532578,-0.138889,21.7591,20867,1,367,105.426,5217,0,0.000884653,0.0416714,0.0308868,0,0,0,1,461,0.215,-6.00041e-05,4.63851e-05,9.9728e-06,1.29009e-05,1.19955e-05,1.10399e-05,0.42263,0.0258344,-0.000700865,0.0334908,-0.169064,0.000667759,-0.000644407,0.00544622,15.2684,1,0,0,0,0,0,-1,1,-9.04605e-07,-3.41778e-06,-0.16911,0,22.018,1,1010,1010,1010,1010,0,0,0,0,22.0231,56,-0.00421351,-0.00157434,56,-0.00281815,0.00638549,56,-0.00374777,0.00028189,56,-0.00223891,0.00267041,56,-0.00209802,0.00474518,53,0.000620008,-0.000253983,56,-0.00131724,0.000901515,55,-0.00644337,0.00374198,17,-0.00400811,-0.00027158
5263355925549,5263340207000,5263340207000,5263355917049,73729,15.71,5263370304288,30.0973,0,20073,84774,0,0,1,0,0,0.008011,500,500,499,0.998,2.66689,6.42399,0.60156,0.314595,-0.00523376,-0.0223083,-3.38319e-06,-4.15686e-05,-0.00798875,0.00526685,1,-0.00518893,0.000422318,-0.000422318,-0.00518893,1,1,0.000348355,-0.00477464,-0.000770673,-0.000414296,0,0,0,0,0,0,0,0,0,0,0,0,0,0,0,0,0,0,0,0,0,0,0,255,0.21,-0.477745,0.21,6.53533e-05,-0.00597451,1,1,1,1,0,1,1,0.086369,-3.29163,-0.0236725,-0.0042587,0.00532578,-0.138889,36.6905,20867,1,367,120.357,5217,0,0.000884653,0.0416714,0.0308868,0,0,0,1,499,0.215,-2.88486e-06,-3.5212e-05,-7.57058e-06,6.20246e-07,-7.35409e-06,1.88461e-06,0.422622,0.0258363,-0.000698674,0.0334719,-0.169076,0.000842613,-0.00178147,0.0033252,14.6834,1,0,0,0,0,0,-1,1,-9.04605e-07,-3.41778e-06,-0.16911,0,36.9642,1,1010,1010,1010,1010,0,0,0,0,36.9692,56,-0.00703033,0.0178182,55,0.0265459,-0.0055288,56,-0.00121965,-0.00717176,56,-0.000513321,-0.0101777,56,-0.00151538,-0.00466962,56,-0.00234075,-0.00345538,56,-0.00794038,-0.00685002,56,-0.0068525,-0.0124304,52,0.00707611,-0.00621487
5263370814773,5263360215000,5263360215000,5263370810440,73729,10.5954,5263385110363,24.8954,1,20074,84775,0,0,1,0,0,0.020008,500,500,500,1,2.65858,4.98822,0.591708,0.347743,0.0568008,-0.0265808,0.000128478,-2.9212e-05,0.00456909,-0.00874049,1,-0.00146002,-0.00642135,0.00642135,-0.00146002,1,1,0.004961,-0.00132611,0.00146035,-0.000133911,0,0,0,0,0,0,0,0,0,0,0,0,0,0,0,0,0,0,0,0,0,0,0,255,0.21,4.23355,0.21,0.00381018,-0.00140302,1,1,1,1,0,1,1,0.086369,-3.29163,-0.0236725,-0.0042587,0.00532578,-0.138889,51.4959,20867,1,367,135.163,5217,0,0.000884653,0.0416714,0.0308868,0,0,0,1,500,0.215,0.000108976,-2.4735e-05,-5.31802e-06,-2.34297e-05,-9.18497e-06,-2.21998e-05,0.422613,0.0258141,-0.000660684,0.0334732,-0.169241,0.00199588,-0.000575817,-0.00342691,14.5186,2,0,0,0,0,0,-1,1,-9.04605e-07,-3.41778e-06,-0.169314,0,0.253742,1,1010,1010,1010,1010,0,0,0,0,0.257798,56,0.0120713,-0.00625383,56,0.00354347,0.00349493,56,0.0068176,-0.00498826,56,0.00435322,-0.0022875,56,0.00840979,0.000447992,56,0.0058052,-0.0020309,56,0.00318567,-0.000700608,56,0.0073646,0.00335194,52,0.00439749,-0.0032667
5263385612570,5263372185000,5263372185000,5263385603607,73729,13.4186,5263400436867,28.2519,0,20074,84776,0,0,1,0,0,0.01197,500,500,499,0.998,2.70245,4.71215,0.646728,0.304484,0.0389709,0.0144958,4.70117e-05,3.80671e-05,-0.00583797,-0.000301191,1,0.00318021,-0.00392746,0.00392746,0.00318021,1,1,0.00167017,0.00281438,0.00225729,0.000365834,0,0,0,0,0,0,0,0,0,0,0,0,0,0,0,0,0,0,0,0,0,0,0,255,0.21,7.86069,0.21,0.00318905,0.00347735,1,1,1,1,0,1,1,0.0863036,-3.29179,-0.0262676,-0.00387199,0.00549856,-0.142062,15.3086,20868,1,367,150.49,5217,0,0.000884653,0.0416714,0.0308868,0,0,0,1,499,0.215,3.99293e-05,3.22233e-05,6.928e-06,-8.58479e-06,5.37884e-06,-9.62874e-06,0.422619,0.0258044,-0.000646919,0.0334855,-0.169299,0.00247224,0.00157308,-0.00578727,15.0678,1,0,0,0,0,0,-1,1,-9.04605e-07,-3.41778e-06,-0.169314,0,15.5752,1,1010,1010,1010,1010,0,0,0,0,15.5793,56,0.000480816,-0.00546715,55,-0.00772249,0.00390847,56,0.0111305,0.00741941,56,0.00825379,0.00251714,56,0.00171018,-0.000828495,56,0.00735309,0.00527957,56,0.00615397,0.002637,56,0.00557468,-0.00478885,52,0.00846524,0.0044555
5263400945779,5263392192000,5263392192000,5263400941204,73729,8.7492,5263415092922,22.9009,1,20075,84777,0,0,1,0,0,0.020007,500,500,495,0.99,2.66993,5.1123,0.58219,0.304206,-0.0133667,0.00588989,-5.94561e-05,-7.99103e-06,-0.00493307,0.000260407,1,-0.000399412,0.00297177,-0.00297177,-0.000399412,1,1,-0.00281378,-0.000224248,-0.000157983,-0.000175163,0,0,0,0,0,0,0,0,0,0,0,0,0,0,0,0,0,0,0,0,0,0,0,255,0.21,3.94338,0.21,-0.00297436,-0.000571974,1,1,1,1,1,1,1,0.0863036,-3.29179,-0.0262676,-0.00387199,0.00549856,-0.142062,29.9687,20868,1,367,165.15,5217,0,0.000884653,0.0416714,0.0308868,0,0,0,1,495,0.215,-5.03539e-05,-6.7428e-06,-1.4497e-06,1.08261e-05,3.95423e-07,1.09155e-05,0.422619,0.0258153,-0.000672165,0.0334233,-0.169275,0.000265427,-0.000753203,0.000755803,6.2946,3,0,0,0,0,0,-1,1,-9.04605e-07,-3.41778e-06,-0.169314,0,30.2439,1,1010,1010,1010,1010,0,0,0,0,30.2479,56,-0.000559321,0.00296325,56,-0.00693487,-0.00161496,51,-0.000232834,0.00298311,56,-0.00175906,-0.000902363,56,-0.000785652,-0.00355908,56,-0.000581609,0.000399553,56,-0.00100793,0.00050122,56,-0.00339624,0.00257121,52,-0.00599662,0.00243356
5263415651186,5263400204000,5263400204000,5263415640297,73729,15.4363,5263428566784,28.3628,0,20075,84778,0,0,1,0,0,0.008012,500,500,500,1,2.68417,4.57279,0.707153,0.314521,-0.0629425,-0.0191422,-0.000139723,-5.30031e-06,-0.00970828,-0.00154706,1,-0.000661546,0.0174393,-0.0174393,-0.000661546,1,1,-0.0161589,-9.98399e-05,-0.0012804,-0.000561706,0,0,0,0,0,0,0,0,0,0,0,0,0,0,0,0,0,0,0,0,0,0,0,255,0.21,7.72232,0.21,-0.014692,-0.00413317,1,1,1,1,0,1,1,0.0863036,-3.29179,-0.0262676,-0.00387199,0.00549856,-0.142062,43.4373,20868,1,367,178.619,5217,0,0.000884653,0.0416714,0.0308868,0,0,0,1,500,0.215,-0.000118482,-4.53684e-06,-9.7542e-07,2.54737e-05,3.32998e-06,2.52739e-05,0.422622,0.0258406,-0.000672165,0.0334233,-0.169275,-0.000780413,-0.00241534,0.00378024,19.761,0,0,0,0,0,0,-1,1,-9.04605e-07,-3.41778e-06,-0.169314,0,43.7105,1,1010,1010,1010,1010,0,0,0,0,0.229891,56,-0.0183491,-0.00566488,56,-0.0114251,0.0214999,56,-0.0191168,-0.00279556,56,-0.00731875,-0.00771867,56,-0.0176598,-0.0043657,56,-0.0226195,-0.00720512,56,-0.015065,-0.010165,56,-0.0220872,-0.00301526,52,-0.00987661,-0.000870862
5263429078121,5263420212000,5263420212000,5263429073213,73729,8.86121,5263443170709,22.9587,1,20076,84779,0,0,1,0,0,0.020008,500,500,457,0.914,2.71276,5.15902,0.760005,0.286262,-0.0516968,-0.00769043,-7.10005e-06,2.79214e-05,0.0146773,-0.0128256,1,0.00139551,0.00035486,-0.00035486,0.00139551,1,1,-7.49507e-05,0.00142189,-0.00027991,-2.63729e-05,0,0,0,0,0,0,0,0,0,0,0,0,0,0,0,0,0,0,0,0,0,0,0,255,0.21,1.61353,0.21,-0.00333801,0.000340156,1,1,1,1,0,1,1,0.0862968,-3.29186,-0.0279914,-0.0036532,0.00497037,-0.143782,7.91695,20869,1,367,7.86823,5218,0,0.000884653,0.0443231,0.0305919,0,0,0,1,457,0.215,-6.13174e-06,2.37237e-05,5.1006e-06,1.31832e-06,5.24699e-06,4.40256e-07,0.422628,0.0258411,-0.000693671,0.0334369,-0.169356,-0.000830203,-0.000113404,0.000298727,7.69426,2,0,0,0,0,0,-1,1,-9.04605e-07,-3.41778e-06,-0.169371,0,8.17889,1,1010,1010,1010,1010,0,0,0,0,14.8251,56,-0.00164444,0.00382959,56,0.00493273,0.00404485,22,-0.00274885,-0.0013854,56,-0.00593101,0.00351136,56,-0.00236703,-0.000756887,48,0.00112624,-0.00218554,56,-0.007445,0.00522244,56,0.0039345,0.00259933,51,-0.00222642,-0.00204626
5263443669027,5263432187000,5263432187000,5263443658620,73729,11.4716,5263458867105,26.6801,0,20076,84780,0,0,1,0,0,0.011975,500,500,499,0.998,2.64115,4.96943,0.779968,0.308762,-0.0010376,-0.0012207,-8.37791e-06,-1.68966e-06,-0.000346543,-0.000768163,1,-0.000141099,0.000699617,-0.000699617,-0.000141099,1,1,-0.0019203,-0.000598142,0.00122068,0.000457043,0,0,0,0,0,0,0,0,0,0,0,0,0,0,0,0,0,0,0,0,0,0,0,255,0.21,5.8883,0.21,0.000308634,0.00113305,1,1,1,1,0,1,1,0.0862968,-3.29186,-0.0279914,-0.0036532,0.00497037,-0.143782,23.6147,20869,1,367,23.5658,5218,0,0.000884653,0.0443231,0.0305919,0,0,0,1,499,0.215,-7.04905e-06,-1.44249e-06,-3.10136e-07,1.51555e-06,-5.00533e-08,1.54611e-06,0.422628,0.0258426,-0.000679169,0.0334515,-0.1694,0.000933313,0.00196528,-0.00345249,15.4447,1,0,0,0,0,0,-1,1,-9.04605e-07,-3.41778e-06,-0.169371,0,23.8866,1,1010,1010,1010,1010,0,0,0,0,30.5328,55,-0.00462955,-0.00502437,56,-0.00987403,-0.00140294,56,-0.00341203,0.00450553,56,-0.00184495,0.000593699,56,0.00142329,0.00266927,56,0.00485594,0.0051128,56,0.00319875,0.000908098,56,-0.00672524,-0.00667179,52,0.00713472,-0.00573826
5263459386961,5263440205000,5263440205000,5263459376739,73729,19.1717,5263473754977,33.55,0,20076,84781,0,0,1,0,0,0.008018,500,500,499,0.998,2.64154,4.8603,0.632875,0.306373,0.0411072,0.0150452,6.01962e-05,4.41998e-05,-0.00917021,-0.00211546,1,0.00551257,-0.00750763,0.00750763,0.00551257,1,1,0.00659847,0.00545968,0.000909157,5.28837e-05,0,0,0,0,0,0,0,0,0,0,0,0,0,0,0,0,0,0,0,0,0,0,0,255,0.21,1.48142,0.21,0.00890177,0.00312046,1,1,1,1,1,1,1,0.0862968,-3.29186,-0.0279914,-0.0036532,0.00497037,-0.143782,38.4976,20869,1,367,38.449,5218,0,0.000884653,0.0443231,0.0305919,0,0,0,1,499,0.215,5.1103e-05,3.74482e-05,8.05137e-06,-1.09871e-05,6.07946e-06,-1.21866e-05,0.422634,0.0258304,-0.000629943,0.0334162,-0.169411,0.00271623,0.0002274,-0.000954515,14.5978,2,0,0,0,0,0,-1,1,-9.04605e-07,-3.41778e-06,-0.169371,0,38.7696,1,1010,1010,1010,1010,0,0,0,0,45.4157,56,0.00807111,-0.00130227,55,0.0225315,0.009197,56,0.0156527,-0.00472388,56,0.0129231,0.00606129,56,-0.00281498,0.00133718,56,0.00610663,0.00342349,56,0.00601446,0.00321162,56,0.0184826,0.0143549,52,0.0040617,0.00697927
5263474299166,5263460206000,5263460206000,5263474293740,73729,14.0877,5263488614682,28.4087,1,20077,84782,0,0,1,0,0,0.020001,500,500,493,0.986,2.69067,5.39037,0.635024,0.340799,0.0569153,-0.0405273,8.37097e-05,-8.09267e-05,-0.00234792,-0.00145863,1,-0.00404613,-0.00418528,0.00418528,-0.00404613,1,1,0.00497643,-0.00358279,-0.000791156,-0.000463339,0,0,0,0,0,0,0,0,0,0,0,0,0,0,0,0,0,0,0,0,0,0,0,255,0.21,6.22784,0.21,0.00290371,-0.00458611,1,1,1,1,0,1,1,0.0862886,-3.29199,-0.0297717,-0.00300812,0.00589079,-0.144907,4.6867,20870,1,367,53.3073,5218,0,0.000884653,0.0443231,0.0305919,0,0,0,1,493,0.215,7.10631e-05,-6.85647e-05,-1.47414e-05,-1.52786e-05,-1.70974e-05,-1.25767e-05,0.422616,0.0258178,-0.000618715,0.0333768,-0.169364,0.00189252,-0.00199236,0.0042356,4.4507,2,0,0,0,0,0,-1,1,-9.04605e-07,-3.41778e-06,-0.169378,0,4.95798,1,1010,1010,1010,1010,0,0,0,0,4.96228,55,0.00507618,0.00493276,55,0.00869865,-0.0126464,56,0.00673822,-0.0015151,56,0.00217844,-0.00372694,56,0.0073954,-0.00378671,56,0.00512722,-0.00376893,56,0.00531347,-0.00443814,56,0.00507565,-0.00497718,47,-0.000547524,-0.000203687
5263489130519,5263480209000,5263480209000,5263489125519,73729,8.91652,5263503572425,23.3634,1,20078,84783,0,0,1,0,0,0.020003,500,500,497,0.994,2.68754,4.77787,0.676394,0.310799,-0.0198059,0.0068512,-6.92498e-05,4.28115e-05,-0.00779494,-0.00639827,1,0.00214025,0.00346197,-0.00346197,0.00214025,1,1,-0.00250084,0.00219536,-0.000961125,-5.51045e-05,0,0,0,0,0,0,0,0,0,0,0,0,0,0,0,0,0,0,0,0,0,0,0,255,0.21,0.757209,0.21,-0.00488107,0.00158373,1,1,1,1,0,1,1,0.0862886,-3.29199,-0.0297717,-0.00300812,0.00589079,-0.144907,19.6504,20870,1,367,68.271,5218,0,0.000884653,0.0443231,0.0305919,0,0,0,1,497,0.215,-5.86641e-05,3.62804e-05,7.80029e-06,1.26128e-05,9.81017e-06,1.11182e-05,0.422626,0.025829,-0.000626028,0.0333881,-0.169371,-8.43436e-05,-0.00023695,0.00323879,14.7148,1,0,0,0,0,0,-1,1,-9.04605e-07,-3.41778e-06,-0.169378,0,19.9204,1,1010,1010,1010,1010,0,0,0,0,19.9247,56,-0.00272426,-0.00405061,54,-0.0028076,0.0118182,55,-0.00174155,0.00199941,56,-0.00509198,-0.00327067,56,-0.00270048,0.00345959,56,-0.00178444,0.00277537,56,-0.00492966,0.00278291,56,-0.00331141,0.000327236,52,0.000129643,0.00370442
5263504090373,5263492185000,5263492185000,5263504081928,73729,11.8969,5263519043227,26.8582,0,20078,84784,0,0,1,0,0,0.011976,500,500,497,0.994,2.65707,5.97925,0.654283,0.305614,-0.0243988,0.0384827,-2.35079e-05,6.63018e-05,0.0137888,-0.000331995,1,0.00553622,0.00196292,-0.00196292,0.00553622,1,1,-0.00165517,0.00509182,-0.000307745,0.000444399,0,0,0,0,0,0,0,0,0,0,0,0,0,0,0,0,0,0,0,0,0,0,0,255,0.21,5.57802,0.21,-0.00552159,0.00666956,1,1,1,1,0,1,1,0.0862886,-3.29199,-0.0297717,-0.00300812,0.00589079,-0.144907,35.1186,20870,1,367,83.7392,5218,0,0.000884653,0.0443231,0.0305919,0,0,0,1,497,0.215,-2.00015e-05,5.62234e-05,1.2088e-05,4.30032e-06,1.26333e-05,2.2018e-06,0.422639,0.0258312,-0.000645991,0.0334061,-0.169414,-0.000978872,0.00191092,0.000275546,15.1909,1,0,0,0,0,0,-1,1,-9.04605e-07,-3.41778e-06,-0.169378,0,35.3893,1,1010,1010,1010,1010,0,0,0,0,35.3936,53,-0.00149199,-0.00308247,56,0.00557669,0.00124844,56,-0.00994208,0.00440262,56,0.000757777,0.00962948,56,-0.00739626,0.000517594,56,-0.0109054,0.00634094,56,0.0014214,0.00997971,56,-0.000952889,0.00634821,52,-0.00449341,0.0122729
5263519550971,5263512193000,5263512193000,5263519546305,73729,7.3533,5263533673448,21.4804,1,20079,84785,0,0,1,0,0,0.020008,500,500,499,0.998,2.66045,4.92568,0.749191,0.307077,-0.0377197,0.0203247,-0.000137256,8.50129e-05,-0.0103024,-0.00745825,1,0.00424895,0.00686007,-0.00686007,0.00424895,1,1,-0.00797063,0.00394877,0.00111056,0.000300179,0,0,0,0,0,0,0,0,0,0,0,0,0,0,0,0,0,0,0,0,0,0,0,255,0.21,0.740468,0.21,-0.00303954,0.00144958,1,1,1,1,1,1,1,0.0862886,-3.29199,-0.0297717,-0.00300812,0.00589079,-0.144907,49.7452,20870,1,367,98.3662,5218,0,0.000884653,0.0443231,0.0305919,0,0,0,1,499,0.215,-0.000116214,7.20334e-05,1.54872e-05,2.49861e-05,1.94721e-05,2.20161e-05,0.422658,0.0258532,-0.00064617,0.0334029,-0.169548,-0.000109635,0.00129077,-0.00390803,14.345,2,0,0,0,0,0,-1,1,-9.04605e-07,-3.41778e-06,-0.169629,0,0.257854,1,1010,1010,1010,1010,0,0,0,0,0.261947,56,-0.00580231,0.00196072,55,-0.0109502,0.00671626,56,0.00134334,0.00168919,56,-0.00155892,0.00148081,56,-0.00949787,0.00224963,56,-0.00416973,0.00439174,56,-0.00540676,0.00118188,56,-0.00635985,0.00227419,52,-0.00345633,0.00133016
5263534224749,5263520205000,5263520205000,5263534213397,73729,14.0084,5263546948289,26.7433,0,20079,84786,0,0,1,0,0,0.008012,500,500,500,1,2.68067,5.11974,0.591783,0.310725,0.00773621,-0.0286865,6.72887e-05,-4.30941e-05,0.0264343,-0.0133816,1,-0.0053787,-0.00839848,0.00839848,-0.0053787,1,1,0.00644817,-0.00516008,0.00195031,-0.000218624,0,0,0,0,0,0,0,0,0,0,0,0,0,0,0,0,0,0,0,0,0,0,0,255,0.21,5.25487,0.21,0.00271464,-0.00774959,1,1,1,1,0,1,1,0.0862752,-3.2921,-0.031668,-0.00428186,0.00491166,-0.146117,13.2829,20871,1,367,111.665,5218,0,0.000884653,0.0443231,0.0305919,0,0,0,1,500,0.215,5.70228e-05,-3.65138e-05,-7.85048e-06,-1.22599e-05,-9.80275e-06,-1.07596e-05,0.422649,0.0258424,-0.000638865,0.0333756,-0.169615,0.00132133,-0.000940084,-0.00565202,13.0293,1,0,0,0,0,0,-1,1,-9.04605e-07,-3.41778e-06,-0.169629,0,13.5588,1,1010,1010,1010,1010,0,0,0,0,13.5629,56,0.0131256,-0.00353208,56,0.0130587,-0.00616473,56,0.00654659,-0.0191449,56,0.00787649,-0.00107677,56,0.00329085,-0.00212945,56,-0.00587245,-0.0147147,56,0.00572173,-0.000996151,56,0.0052274,-0.00397346,52,0.00277356,0.00364087
5263547477923,5263528220000,5263528220000,5263547466886,73729,19.2469,5263561387547,33.1675,0,20079,84787,0,0,1,0,0,0.008015,500,500,478,0.956,2.66313,4.66016,0.736006,0.302225,0.0240173,-0.0458298,-1.57728e-06,-7.51441e-05,-0.0223245,0.00443829,1,-0.00937544,0.000196791,-0.000196791,-0.00937544,1,1,-0.0018734,-0.00889898,0.00167661,-0.000476457,0,0,0,0,0,0,0,0,0,0,0,0,0,0,0,0,0,0,0,0,0,0,0,255,0.21,7.97647,0.21,0.00412534,-0.0102542,1,1,1,1,0,1,1,0.0862752,-3.2921,-0.031668,-0.00428186,0.00491166,-0.146117,27.7014,20871,1,367,126.084,5218,0,0.000884653,0.0443231,0.0305919,0,0,0,1,478,0.215,-1.31161e-06,-6.37228e-05,-1.37004e-05,2.81996e-07,-1.34486e-05,2.58998e-06,0.422635,0.025845,-0.000628956,0.0333503,-0.169663,0.00116015,-0.00204877,-0.00483941,14.1368,1,0,0,0,0,0,-1,1,-9.04605e-07,-3.41778e-06,-0.169629,0,27.9753,1,1010,1010,1010,1010,0,0,0,0,27.9794,55,-0.00850164,-0.0147911,56,-0.000473883,-0.00459197,49,0.00684909,-0.00482071,56,-0.00236326,-0.0119411,56,0.00461895,-0.0136078,56,0.00276449,-0.00942702,42,0.00837679,-0.0106766,56,0.0145786,-0.0264712,52,-0.00460316,-0.000759249
5263561904347,5263548221000,5263548221000,5263561899625,73729,13.6786,5263576254733,28.0337,1,20080,84788,0,0,1,0,0,0.020001,500,500,499,0.998,2.65257,5.05622,0.785932,0.316855,0.0259705,-0.0346069,5.3775e-05,-6.9074e-05,-0.00239372,-0.00362655,1,-0.00345353,-0.00268862,0.00268862,-0.00345353,1,1,0.00237738,-0.00330653,0.000311241,-0.000147001,0,0,0,0,0,0,0,0,0,0,0,0,0,0,0,0,0,0,0,0,0,0,0,255,0.21,2.48928,0.21,0.00228539,-0.00255055,1,1,1,1,0,1,1,0.0862752,-3.2921,-0.031668,-0.00428186,0.00491166,-0.146117,42.5829,20871,1,367,140.965,5218,0,0.000884653,0.0443231,0.0305919,0,0,0,1,499,0.215,4.57236e-05,-5.85302e-05,-1.2584e-05,-9.83057e-06,-1.4056e-05,-7.56602e-06,0.422621,0.0258374,-0.000612218,0.0333581,-0.169649,0.00136079,-0.000632106,1.79628e-05,14.5727,2,0,0,0,0,0,-1,1,-9.04605e-07,-3.41778e-06,-0.169629,0,42.8547,1,1010,1010,1010,1010,0,0,0,0,42.8588,56,0.00552629,-0.00338328,55,-0.00715141,-0.00105447,56,0.00602803,-0.00545642,56,0.00270714,-0.00558373,56,0.00141764,0.000213448,56,0.00854708,-0.00476632,56,-0.000637955,-0.00563998,56,0.00138445,-0.00134672,52,0.00166858,-0.00234067
5263576781811,5263568220000,5263568220000,5263576776589,73729,8.55659,5263592308873,24.0889,1,20081,84789,0,0,1,0,0,0.019999,500,500,469,0.938,2.70883,5.2798,0.807525,0.297428,-0.0335388,0.0403137,-8.3004e-05,0.000101844,-0.00703499,-0.0068112,1,0.00509246,0.00415041,-0.00415041,0.00509246,1,1,-0.00261354,0.00474753,-0.00153687,0.000344931,0,0,0,0,0,0,0,0,0,0,0,0,0,0,0,0,0,0,0,0,0,0,0,255,0.21,6.3291,0.21,-0.00394556,0.00473907,1,1,1,1,1,1,1,0.0862738,-3.29224,-0.0341902,-0.00261441,0.00552086,-0.147885,7.96425,20872,1,367,157.003,5218,0,0.000884653,0.0443231,0.0305919,0,0,0,1,469,0.215,-7.03912e-05,8.63227e-05,1.85594e-05,1.51341e-05,2.08368e-05,1.17867e-05,0.422642,0.0258492,-0.000636581,0.0333879,-0.169576,0.000294758,0.0014832,0.00552263,7.73458,2,0,0,0,0,0,-1,1,-9.04605e-07,-3.41778e-06,-0.16959,0,8.22812,1,1010,1010,1010,1010,0,0,0,0,8.23323,56,-0.0102305,0.00792128,56,0.00334692,0.00598529,56,-0.00172204,0.00389151,55,-0.00408007,0.00713228,56,-0.00363584,0.0018533,56,-0.0036253,0.00642287,26,-0.00663183,0.00281162,56,-0.0057174,0.00220231,52,-0.00697164,0.00338781
5263592860118,5263580204000,5263580204000,5263592849377,73729,12.6454,5263606553499,26.3495,0,20081,84790,0,0,1,0,0,0.011984,500,500,457,0.914,2.66654,4.95254,0.588801,0.289706,-0.0260315,0.0246887,-1.68665e-05,2.25731e-05,0.00239763,0.0125801,1,0.0018836,0.00140742,-0.00140742,0.0018836,1,1,0.000185059,0.00163161,-0.00159248,0.000251997,0,0,0,0,0,0,0,0,0,0,0,0,0,0,0,0,0,0,0,0,0,0,0,255,0.21,2.98437,0.21,-0.00502999,0.00292436,1,1,1,1,0,1,1,0.0862738,-3.29224,-0.0341902,-0.00261441,0.00552086,-0.147885,22.2333,20872,1,367,171.272,5218,0,0.000884653,0.0443231,0.0305919,0,0,0,1,457,0.215,-1.43419e-05,1.91385e-05,4.11479e-06,3.08351e-06,4.57381e-06,2.34527e-06,0.422647,0.0258516,-0.000645898,0.0333857,-0.169569,-0.00073651,0.00108359,0.00488891,14.0155,1,0,0,0,0,0,-1,1,-9.04605e-07,-3.41778e-06,-0.16959,0,22.4938,1,1010,1010,1010,1010,0,0,0,0,22.4989,56,-0.00152442,-7.82578e-05,56,-0.0129092,-0.00021358,31,-0.00719073,0.0049726,56,-0.00336758,0.00394741,56,-0.00378272,0.00715167,46,-0.00263653,-0.00242266,51,-0.00144746,0.00279498,56,-0.00836843,0.00965129,49,0.00647493,-0.0065602
5263607070707,5263588225000,5263588225000,5263607059410,73729,18.8344,5263620029453,31.8045,0,20081,84791,0,0,1,0,0,0.008021,500,500,500,1,2.6892,4.6462,0.680339,0.321095,-0.0440216,0.0148621,-7.43158e-05,1.59467e-05,-0.00816459,0.00717126,1,0.00198812,0.00926515,-0.00926515,0.00198812,1,1,-0.00870377,0.00209208,-0.000561387,-0.000103956,0,0,0,0,0,0,0,0,0,0,0,0,0,0,0,0,0,0,0,0,0,0,0,255,0.21,7.01939,0.21,-0.00829309,0.000489228,1,1,1,1,0,1,1,0.0862738,-3.29224,-0.0341902,-0.00261441,0.00552086,-0.147885,35.6892,20872,1,367,184.728,5218,0,0.000884653,0.0443231,0.0305919,0,0,0,1,500,0.215,-6.30253e-05,1.35135e-05,2.9054e-06,1.35504e-05,5.14902e-06,1.28659e-05,0.422652,0.0258644,-0.000653256,0.033365,-0.169603,-0.000573286,-0.000447009,0.00147254,13.185,1,0,0,0,0,0,-1,1,-9.04605e-07,-3.41778e-06,-0.16959,0,35.9627,1,1010,1010,1010,1010,0,0,0,0,35.9678,56,-0.012496,0.00894264,56,0.00248287,-0.0106097,56,-0.0180988,0.00191958,56,-0.0136119,0.00404031,56,-0.00948635,0.0025791,56,-0.0018811,0.0111305,56,-0.00633333,0.00428111,56,-0.013296,-0.00992445,52,-0.0189492,0.00926062
5263620546290,5263608218000,5263608218000,5263620541161,73729,12.3232,5263634432191,26.2142,1,20082,84792,0,0,1,0,0,0.019993,500,500,474,0.948,2.649,4.92959,0.664802,0.302373,0.0128784,-0.000595093,3.20483e-05,3.43246e-05,0.00139206,-0.0137827,1,0.00171683,-0.00160298,0.00160298,0.00171683,1,1,0.000224958,0.00192696,0.00137802,-0.000210129,0,0,0,0,0,0,0,0,0,0,0,0,0,0,0,0,0,0,0,0,0,0,0,255,0.21,0.225187,0.21,0.00108376,-0.00130068,1,1,1,1,0,1,1,0.0862738,-3.29224,-0.0341902,-0.00261441,0.00552086,-0.147885,50.0899,20872,1,367,199.129,5218,0,0.000884653,0.0443231,0.0305919,0,0,0,1,474,0.215,2.71734e-05,2.90708e-05,6.25022e-06,-5.84228e-06,5.17009e-06,-6.81364e-06,0.422657,0.0258576,-0.000637285,0.0333465,-0.169752,0.000690975,-0.000903556,-0.0041876,14.1231,2,0,0,0,0,0,-1,1,-9.04606e-07,-3.41778e-06,-0.169832,0,0.25078,1,1010,1010,1010,1010,0,0,0,0,0.255057,55,-0.000306486,-0.00758812,54,-0.00157486,0.0043277,39,0.00528204,0.00212824,56,0.00189927,0.00267624,56,0.00245617,0.00223961,52,0.00175535,0.00378114,56,0.00137892,0.00331972,56,0.00206653,0.00485433,50,-0.0011069,-0.00132728
5263634930399,5263620202000,5263620202000,5263634919899,73729,14.7179,5263651737156,31.5352,0,20082,84793,0,0,1,0,0,0.011984,500,500,500,1,2.68772,4.78079,0.673246,0.339354,0.0367889,-0.0199509,8.2232e-05,-2.57997e-05,0.00360135,0.000214008,1,-0.00215285,-0.00686181,0.00686181,-0.00215285,1,1,0.00453774,-0.00215148,0.00232407,-1.37435e-06,0,0,0,0,0,0,0,0,0,0,0,0,0,0,0,0,0,0,0,0,0,0,0,255,0.21,4.44239,0.21,0.00550907,-0.000921029,1,1,1,1,1,1,1,0.0862472,-3.29238,-0.035753,-0.00408486,0.00473482,-0.14943,17.2855,20873,1,367,15.9355,5219,0,0.000884653,0.0469476,0.0301416,0,0,0,1,500,0.215,6.97854e-05,-2.17971e-05,-4.68637e-06,-1.50039e-05,-7.15179e-06,-1.39965e-05,0.42265,0.0258436,-0.000611138,0.0333432,-0.169818,0.00225455,-5.90971e-06,-0.00619117,17.0485,1,0,0,0,0,0,-1,1,-9.04606e-07,-3.41778e-06,-0.169832,0,17.5664,1,1010,1010,1010,1010,0,0,0,0,17.5707,56,0.0109227,0.00998942,56,0.0141998,-0.00267736,56,0.011726,-0.00127845,56,0.00384536,-0.00392396,56,0.00544396,-0.00341246,56,0.0113966,-0.00326097,56,0.00558267,-0.0049695,56,0.00479103,-0.00223652,52,0.00113921,-0.00245444
5263652295549,5263640196000,5263640196000,5263652290030,73729,12.094,5263666022912,25.8269,1,20083,84794,0,0,1,0,0,0.019994,500,500,420,0.84,2.63452,5.14906,0.635949,0.270854,0.0606461,-0.0438538,5.41004e-05,-0.000113598,-0.00678502,0.000524962,1,-0.00568162,-0.00270583,0.00270583,-0.00568162,1,1,0.00145765,-0.00566201,0.00124818,-1.96096e-05,0,0,0,0,0,0,0,0,0,0,0,0,0,0,0,0,0,0,0,0,0,0,0,255,0.21,1.49831,0.21,0.00370366,-0.00277757,1,1,1,1,0,1,1,0.0862472,-3.29238,-0.035753,-0.00408486,0.00473482,-0.14943,31.5846,20873,1,367,30.2345,5219,0,0.000884653,0.0469476,0.0301416,0,0,0,1,420,0.215,4.5962e-05,-9.62451e-05,-2.06927e-05,-9.88184e-06,-2.20538e-05,-6.24379e-06,0.422628,0.0258374,-0.000597682,0.0333269,-0.169852,0.00213387,-8.43214e-05,-0.00258664,14.0405,2,0,0,0,0,0,-1,1,-9.04606e-07,-3.41778e-06,-0.169832,0,31.8418,1,1010,1010,1010,1010,0,0,0,0,31.846,56,0.00617256,-0.00959052,55,-0.0103946,-0.00735866,18,0.00788277,-0.00819685,56,0.0112736,-0.00728015,56,0.00329332,-2.2167e-06,32,0.00145037,-0.00244671,56,0.00655996,-0.00627339,56,0.00391254,-0.000868985,35,0.00218575,0.000649991
5263666523823,5263648214000,5263648214000,5263666513415,73729,18.2994,5263679102918,30.8889,0,20083,84795,0,0,1,0,0,0.008018,500,500,499,0.998,2.69824,4.62559,0.589171,0.309317,-0.0183411,-0.0138245,-7.32105e-05,-9.48728e-06,-0.0149694,0.0108444,1,-0.00118325,0.00913077,-0.00913077,-0.00118325,1,1,-0.00877904,-0.00111252,-0.000351729,-7.0731e-05,0,0,0,0,0,0,0,0,0,0,0,0,0,0,0,0,0,0,0,0,0,0,0,255,0.21,5.58162,0.21,-0.0062251,-0.00224487,1,1,1,1,0,1,1,0.0862472,-3.29238,-0.035753,-0.00408486,0.00473482,-0.14943,44.6566,20873,1,367,43.3064,5219,0,0.000884653,0.0469476,0.0301416,0,0,0,1,499,0.215,-6.20439e-05,-8.07397e-06,-1.7359e-06,1.33394e-05,5.44567e-07,1.34408e-05,0.422628,0.0258508,-0.000603821,0.0333273,-0.169848,0.000445972,-0.000304143,0.00156673,12.8209,1,0,0,0,0,0,-1,1,-9.04606e-07,-3.41778e-06,-0.169832,0,44.9284,1,1010,1010,1010,1010,0,0,0,0,0.226558,55,-0.0193858,0.0100571,56,0.00164104,-0.00169034,56,0.000281594,0.00322431,56,-0.0111083,-0.00996239,56,-0.00982495,-0.00724587,56,-0.00272391,0.0027925,56,-0.00896464,-0.00992585,56,-0.00632997,-0.0128697,52,-0.0102887,-0.00837216
5263679616274,5263668216000,5263668216000,5263679611163,73729,11.3952,5263693886826,25.6708,1,20084,84796,0,0,1,0,0,0.020002,500,500,496,0.992,2.66739,5.04596,0.600782,0.306132,-0.0728912,0.0493317,-0.000123636,7.0395e-05,0.000636303,-0.00760933,1,0.0035194,0.0061812,-0.0061812,0.0035194,1,1,-0.00499021,0.00358002,-0.001191,-6.06262e-05,0,0,0,0,0,0,0,0,0,0,0,0,0,0,0,0,0,0,0,0,0,0,0,255,0.21,8.51451,0.21,-0.0076055,0.00314741,1,1,1,1,0,1,1,0.0862349,-3.29249,-0.0374112,-0.00298526,0.00535127,-0.149991,5.22791,20874,1,367,58.084,5219,0,0.000884653,0.0469476,0.0301416,0,0,0,1,496,0.215,-0.000104884,5.97049e-05,1.28365e-05,2.255e-05,1.64553e-05,2.00576e-05,0.422645,0.0258709,-0.0006327,0.0333068,-0.169811,-0.000706946,-0.000260693,0.00353148,4.94956,3,0,0,0,0,0,-1,1,-9.04605e-07,-3.41778e-06,-0.169829,0,5.49936,1,1010,1010,1010,1010,0,0,0,0,15.0035,55,-0.00426904,0.00413904,54,-0.00719171,-0.00872817,55,-0.0108799,0.00597751,56,-0.0060517,0.00679548,56,-0.00562469,0.00779081,56,-0.00709005,0.00363465,56,-0.00810844,0.00797446,56,-0.0060395,0.00550512,52,-0.00631075,0.00372067
5263694387533,5263680206000,5263680206000,5263694378200,73729,14.1722,5263711178901,30.9729,0,20084,84797,0,0,1,0,0,0.01199,500,500,498,0.996,2.67646,6.45775,0.589227,0.311873,-0.0244217,0.0177307,-3.5069e-05,3.19452e-05,-0.00233197,0.00427647,1,0.00266432,0.00292485,-0.00292485,0.00266432,1,1,-0.00180739,0.00278233,-0.00111746,-0.00011801,0,0,0,0,0,0,0,0,0,0,0,0,0,0,0,0,0,0,0,0,0,0,0,255,0.21,2.98706,0.21,-0.00324407,0.00260293,1,1,1,1,1,1,1,0.0862349,-3.29249,-0.0374112,-0.00298526,0.00535127,-0.149991,22.5479,20874,1,367,75.404,5219,0,0.000884653,0.0469476,0.0301416,0,0,0,1,498,0.215,-2.97374e-05,2.70488e-05,5.81549e-06,6.39354e-06,6.80902e-06,5.31935e-06,0.422651,0.0258762,-0.0006327,0.0333068,-0.169811,-0.000336249,-0.000507442,0.00357508,22.2054,0,0,0,0,0,0,-1,1,-9.04605e-07,-3.41778e-06,-0.169829,0,22.8436,1,1010,1010,1010,1010,0,0,0,0,32.3478,56,0.00495866,0.0114232,54,-0.00230462,0.00144698,56,-0.00485177,-0.0023929,56,-0.00608247,0.0017232,56,-0.00429519,-0.00442186,56,-0.00838868,0.00345139,56,-0.00195245,0.00382524,56,-0.00783854,0.00150552,52,0.00266473,0.00400827
5263711824628,5263700200000,5263700200000,5263711816443,73729,11.6164,5263727102151,26.9022,1,20085,84798,0,0,1,0,0,0.019994,500,500,500,1,2.64104,5.7868,0.659338,0.309169,-0.0104065,-0.0317993,-2.25076e-05,-5.78048e-05,0.000684861,-0.00525811,1,-0.00289111,0.00112572,-0.00112572,-0.00289111,1,1,-0.00149779,-0.00294442,0.000372074,5.33075e-05,0,0,0,0,0,0,0,0,0,0,0,0,0,0,0,0,0,0,0,0,0,0,0,255,0.21,-0.224002,0.21,-0.000216886,-0.00246948,1,1,1,1,0,1,1,0.0862349,-3.29249,-0.0374112,-0.00298526,0.00535127,-0.149991,38.4541,20874,1,367,91.3102,5219,0,0.000884653,0.0469476,0.0301416,0,0,0,1,500,0.215,-1.91025e-05,-4.89799e-05,-1.05307e-05,4.10704e-06,-9.67904e-06,5.82733e-06,0.422642,0.025882,-0.000587009,0.0333183,-0.169883,0.00168951,0.000229222,7.16758e-05,11.4228,2,0,0,0,0,0,-1,1,-9.04605e-07,-3.41778e-06,-0.169829,0,38.7313,1,1010,1010,1010,1010,0,0,0,0,48.2354,56,-0.00166647,-0.00540884,56,0.000664986,-0.00249049,56,-0.00353815,-0.000317629,56,0.00217698,-0.00238269,56,-0.00339145,-0.00283515,56,-0.00213486,-0.00328635,56,0.0004062,-0.00271957,56,-0.000217168,0.00190332,52,-0.00218898,-0.000659953
5263727624655,5263720206000,5263720206000,5263727619488,73729,7.41349,5263742065931,21.8599,1,20086,84799,0,0,1,0,0,0.020006,500,500,494,0.988,2.66117,5.1667,0.596412,0.308225,0.0752106,0.0119629,0.000157961,2.86702e-05,0.00336246,-0.00149926,1,0.00143308,-0.00789568,0.00789568,0.00143308,1,1,0.00656043,0.00135036,0.00133525,8.27141e-05,0,0,0,0,0,0,0,0,0,0,0,0,0,0,0,0,0,0,0,0,0,0,0,255,0.21,5.77488,0.21,0.00485264,0.000737555,1,1,1,1,0,1,1,0.0861876,-3.29264,-0.0395127,-0.0030741,0.00505158,-0.151606,7.36448,20875,1,367,106.268,5219,0,0.000884653,0.0469476,0.0301416,0,0,0,1,494,0.215,0.00013403,2.43149e-05,5.2277e-06,-2.88164e-05,2.76295e-07,-2.9285e-05,0.422642,0.0258527,-0.000556394,0.0333006,-0.169948,0.00267772,0.00035567,-0.0024511,7.12794,2,0,0,0,0,0,-1,1,-9.04605e-07,-3.41778e-06,-0.169961,0,7.632,1,1010,1010,1010,1010,0,0,0,0,7.63658,55,0.00920028,0.00102464,55,-0.0030838,0.00765845,56,0.0141594,-0.00173424,56,0.0082018,0.00355665,56,0.00798032,0.000588242,56,0.00903443,-0.00071699,56,0.00451826,0.000688822,56,0.0093775,0.00180056,48,0.00313576,0.0024792
5263742562879,5263728218000,5263728218000,5263742552749,73729,14.3347,5263755341253,27.1233,0,20086,84800,0,0,1,0,0,0.008012,500,500,477,0.954,2.66913,4.96824,0.667653,0.31728,0.0300903,0.0111694,7.10975e-05,2.43094e-05,0.00509804,0.00687788,1,0.00303412,-0.00887388,0.00887388,0.00303412,1,1,0.00850701,0.0033392,0.000366868,-0.000305072,0,0,0,0,0,0,0,0,0,0,0,0,0,0,0,0,0,0,0,0,0,0,0,255,0.21,0.37741,0.21,0.00444399,0.00131234,1,1,1,1,0,1,1,0.0861876,-3.29264,-0.0395127,-0.0030741,0.00505158,-0.151606,20.6535,20875,1,367,119.557,5219,0,0.000884653,0.0469476,0.0301416,0,0,0,1,477,0.215,6.02285e-05,2.05645e-05,4.42137e-06,-1.29491e-05,2.16533e-06,-1.351e-05,0.422644,0.0258392,-0.000573829,0.0332821,-0.169953,0.000778068,-0.00131181,-0.000639571,13.0121,1,0,0,0,0,0,-1,1,-9.04605e-07,-3.41778e-06,-0.169961,0,20.9312,1,1010,1010,1010,1010,0,0,0,0,20.9358,56,-0.0089358,0.00724519,55,0.0251542,0.0154009,37,0.0145844,0.00824505,56,0.00537838,-0.00603344,56,0.0122542,0.000450163,53,-0.001347,-0.0034678,56,0.0105441,0.00353862,56,0.0102394,0.000664144,52,0.00662166,0.000100476
5263755930536,5263736236000,5263736236000,5263755920499,73729,19.6845,5263769770381,33.5344,0,20086,84801,0,0,1,0,0,0.008018,500,500,499,0.998,2.64667,4.86213,0.595172,0.307391,-0.0203857,-0.013504,-7.04193e-05,-2.40572e-06,-0.0156607,-0.0132735,1,-0.00030004,0.00878266,-0.00878266,-0.00030004,1,1,-0.00828101,4.41868e-05,-0.000501643,-0.000344227,0,0,0,0,0,0,0,0,0,0,0,0,0,0,0,0,0,0,0,0,0,0,0,255,0.22,3.62545,0.22,-0.00719591,-0.00243242,1,1,1,1,1,1,1,0.0861876,-3.29264,-0.0395127,-0.0030741,0.00505158,-0.151606,35.0688,20875,1,367,133.973,5219,0,0.000884653,0.0469476,0.0301416,0,0,0,1,499,0.225,-5.9659e-05,-1.99411e-06,-4.48675e-07,1.34233e-05,1.82821e-06,1.33058e-05,0.422646,0.0258525,-0.000594214,0.0332697,-0.169959,-0.00123569,-0.00154902,0.000817362,14.1608,1,0,0,0,0,0,-1,1,-9.04605e-07,-3.41778e-06,-0.169961,0,35.3384,1,1010,1010,1010,1010,0,0,0,0,35.343,55,0.00255609,0.00699271,56,-0.0182572,-0.00437232,56,-0.0140282,0.0021467,56,-0.00299407,-0.00320905,56,-0.0111098,-0.00323325,56,0.0048076,-0.00178776,56,-0.0206706,-0.00422603,56,0.00313095,-0.00372244,52,-0.00200185,-0.00906882
5263770345793,5263756222000,5263756222000,5263770340515,73729,14.1185,5263784187860,27.9659,1,20087,84802,0,0,1,0,0,0.019986,500,500,498,0.996,2.66615,4.67742,0.631412,0.309984,-0.0802307,0.00166321,-0.000137331,-3.22862e-05,-0.000769035,0.00507347,1,-0.00161544,0.00687136,-0.00687136,-0.00161544,1,1,-0.00683085,-0.00181746,-4.05114e-05,0.000202019,0,0,0,0,0,0,0,0,0,0,0,0,0,0,0,0,0,0,0,0,0,0,0,255,0.21,7.42089,0.21,-0.00658654,0.128825,1,1,1,1,0,1,1,0.0861876,-3.29264,-0.0395127,-0.0030741,0.00505158,-0.151606,49.4862,20875,1,367,148.39,5219,0,0.000884653,0.0469476,0.0301416,0,0,0,1,498,0.215,-0.000116471,-2.73874e-05,-5.88828e-06,2.50412e-05,-1.5631e-06,2.5676e-05,0.422644,0.0258782,-0.00060264,0.0333081,-0.170041,-0.000836876,0.000868682,-0.000530142,14.0981,2,0,0,0,0,0,-1,1,-9.04605e-07,-3.41778e-06,-0.170095,0,0.208613,1,1010,1010,1010,1010,0,0,0,0,0.212113,55,-0.00880988,-0.0044291,56,-0.00277296,-0.00500751,55,-0.00823178,-0.00206573,56,-0.00304283,0.00162417,56,-0.0099674,0.00201363,56,-0.00531633,0.000394331,56,-0.00558034,-0.000646049,56,-0.0114539,0.000137683,52,-0.00413793,-0.00129382
5263784712438,5263776238000,5263776238000,5263784708235,73729,8.47023,5263797445164,21.2072,1,20088,84803,0,0,1,0,0,0.020016,500,500,499,0.998,2.6747,4.89433,0.633671,0.313558,-0.0129395,0.0732727,-3.70844e-05,0.000129406,0.00176552,0.00343618,1,0.00646511,0.00185274,-0.00185274,0.00646511,1,1,-0.00272798,0.00597651,0.00087524,0.000488602,0,0,0,0,0,0,0,0,0,0,0,0,0,0,0,0,0,0,0,0,0,0,0,255,0.21,1.96772,0.21,-0.00181104,-0.119816,1,1,1,2,0,1,1,0.0861676,-3.29277,-0.0418986,-0.00318511,0.00452512,-0.15395,13.1999,20876,1,367,161.667,5219,0,0.000884653,0.0469476,0.0301416,0,0,0,1,499,0.215,-3.14892e-05,0.000109584,2.35606e-05,6.77019e-06,2.43536e-05,2.68678e-06,0.422669,0.0258809,-0.000588108,0.0333143,-0.170082,0.00109091,0.00210099,-0.0021381,12.9409,1,0,0,0,0,0,-1,1,-9.04605e-07,-3.41778e-06,-0.170095,0,13.4642,1,1010,1010,1010,1010,0,0,0,0,13.4677,55,-0.00445283,0.00475389,56,0.0011483,0.0126579,56,-0.00120871,0.00548817,56,-0.000825341,0.00241485,56,0.0027876,0.00421976,56,-0.00258255,0.00961423,56,0.000661027,0.00524741,56,0.00162917,0.0107732,52,-0.00735665,0.00538289
5263797963168,5263788213000,5263788213000,5263797952613,73729,9.73961,5263811733291,23.5203,0,20088,84804,0,0,1,0,0,0.011975,500,500,500,1,2.67467,4.68307,0.664746,0.31002,0.0337677,-0.0233383,8.3231e-05,-1.96574e-05,0.00623273,-0.0115364,1,-0.00164154,-0.0069504,0.0069504,-0.00164154,1,1,0.00609478,-0.00171049,0.000855617,6.89513e-05,0,0,0,0,0,0,0,0,0,0,0,0,0,0,0,0,0,0,0,0,0,0,0,255,0.21,4.95243,0.21,0.00520674,-0.00491652,1,1,1,1,0,1,1,0.0861676,-3.29277,-0.0418986,-0.00318511,0.00452512,-0.15395,27.4691,20876,1,367,175.936,5219,0,0.000884653,0.0469476,0.0301416,0,0,0,1,500,0.215,7.06365e-05,-1.66385e-05,-3.57727e-06,-1.51869e-05,-6.09429e-06,-1.43625e-05,0.422663,0.0258665,-0.000576809,0.033291,-0.170103,0.00174595,0.00029649,-0.00154656,13.9759,1,0,0,0,0,0,-1,1,-9.04605e-07,-3.41778e-06,-0.170095,0,27.7601,1,1010,1010,1010,1010,0,0,0,0,27.7636,56,0.0139979,0.000216426,56,0.00715373,0.00041118,56,0.021369,-0.00455378,56,0.00492043,0.00245754,56,0.00500275,-0.00280566,56,0.0072207,-0.0114146,56,0.00278715,0.000698832,56,0.00296267,-0.00465183,52,0.000526863,-0.00237297
5263812258813,5263796234000,5263796234000,5263812249795,73729,16.0158,5263827036499,30.8025,0,20088,84805,0,0,1,0,0,0.008021,500,500,457,0.914,2.76648,5.51399,0.641579,0.291298,0.012146,-0.0360107,1.85685e-05,-6.61234e-05,-0.0192384,0.00161699,1,-0.00824378,-0.00231499,0.00231499,-0.00824378,1,1,0.00189283,-0.00777888,0.000422163,-0.000464905,0,0,0,0,0,0,0,0,0,0,0,0,0,0,0,0,0,0,0,0,0,0,0,255,0.21,9.20088,0.21,0.00212009,-0.00844025,1,1,1,1,1,1,1,0.0861676,-3.29277,-0.0418986,-0.00318511,0.00452512,-0.15395,42.7817,20876,1,367,191.249,5219,0,0.000884653,0.0469476,0.0301416,0,0,0,1,457,0.215,1.57815e-05,-5.59955e-05,-1.2039e-05,-3.39301e-06,-1.24331e-05,-1.30697e-06,0.42265,0.0258652,-0.000544328,0.0332498,-0.170118,0.0024004,-0.00199909,0.000468078,15.0289,2,0,0,0,0,0,-1,1,-9.04605e-07,-3.41778e-06,-0.170095,0,43.043,1,1010,1010,1010,1010,0,0,0,0,43.0465,55,0.0041235,0.00897742,55,0.00342731,-0.017189,56,0.000974984,-0.00070196,56,-0.00267795,-0.0133272,56,0.0135604,-0.00677955,54,-0.00344046,-0.000762834,20,-0.0143611,-0.014478,56,0.00878365,-0.0161976,49,-0.00078787,-0.0101724
5263827592429,5263816253000,5263816253000,5263827587966,73729,11.335,5263842884934,26.6319,1,20089,84806,0,0,1,0,0,0.020019,500,500,493,0.986,2.6653,6.26347,0.595579,0.314447,0.00415039,-0.01651,-1.68143e-05,-7.99291e-06,-0.00300467,-0.00547852,1,-0.000399266,0.000839917,-0.000839917,-0.000399266,1,1,-0.000521902,-0.000498064,-0.000318015,9.87974e-05,0,0,0,0,0,0,0,0,0,0,0,0,0,0,0,0,0,0,0,0,0,0,0,255,0.21,4.22309,0.21,-0.00198728,0.000192552,1,1,1,1,0,1,1,0.0861447,-3.29288,-0.0434233,-0.0020456,0.00533081,-0.155327,7.69321,20877,1,367,7.64067,5220,0,0.000884653,0.0495886,0.0302417,0,0,0,1,493,0.215,-1.41788e-05,-6.76878e-06,-1.45529e-06,3.04845e-06,-9.17396e-07,3.25071e-06,0.422649,0.0258685,-0.00055825,0.0332729,-0.170132,0.000114887,0.000424829,0.00118588,7.45469,2,0,0,0,0,0,-1,1,-9.04605e-07,-3.41778e-06,-0.170145,0,7.96476,1,1010,1010,1010,1010,0,0,0,0,7.96926,56,0.00416849,-0.00649616,56,-0.00797861,0.00682963,49,-0.00256127,-0.00180912,56,0.00279897,-0.00262777,56,0.000140512,-0.00304884,56,0.0054358,-0.00332458,56,-0.00202258,0.000546095,56,-0.00111677,0.00111723,52,-0.000632709,0.00182402
5263843390141,5263828222000,5263828222000,5263843380826,73729,15.1588,5263858611275,30.3893,0,20089,84807,0,0,1,0,0,0.011969,500,500,500,1,2.61644,4.98806,0.614838,0.308688,-0.0130615,0.0182724,-1.19568e-05,1.9842e-05,0.00210147,0.00723023,1,0.00165778,0.000998978,-0.000998978,0.00165778,1,1,-0.000656705,0.00115827,-0.000342273,0.000499514,0,0,0,0,0,0,0,0,0,0,0,0,0,0,0,0,0,0,0,0,0,0,0,255,0.21,-0.27115,0.21,-0.0029714,0.0035992,1,1,1,1,0,1,1,0.0861447,-3.29288,-0.0434233,-0.0020456,0.00533081,-0.155327,23.421,20877,1,367,23.3686,5220,0,0.000884653,0.0495886,0.0302417,0,0,0,1,500,0.215,-1.0118e-05,1.68376e-05,3.62008e-06,2.17537e-06,3.93413e-06,1.53136e-06,0.422653,0.02587,-0.000569697,0.0332864,-0.170138,-0.000668205,0.00214791,0.000642856,15.4757,1,0,0,0,0,0,-1,1,-9.04605e-07,-3.41778e-06,-0.170145,0,23.6933,1,1010,1010,1010,1010,0,0,0,0,23.6978,56,0.00192794,-0.00292035,56,-0.003906,-0.0118972,56,0.00353915,0.00792711,56,-0.0047522,0.0045165,56,-0.000690774,0.0036671,56,-0.0012139,0.0067531,56,0.00491887,0.00234958,56,-0.00530083,-0.00278477,52,-0.00280749,-0.00366159
5263859130964,5263848211000,5263848211000,5263859126482,73729,10.9155,5263872534713,24.3237,1,20090,84808,0,0,1,0,0,0.019989,500,500,499,0.998,2.6238,4.62265,0.720005,0.320854,-0.0462341,0.043396,-8.2742e-05,8.77191e-05,-0.004991,0.00242114,1,0.00438837,0.00413938,-0.00413938,0.00438837,1,1,-0.00352773,0.00416935,-0.00061165,0.000219015,0,0,0,0,0,0,0,0,0,0,0,0,0,0,0,0,0,0,0,0,0,0,0,255,0.21,5.30176,0.21,-0.00336357,0.00236083,1,1,1,1,0,1,1,0.0861447,-3.29288,-0.0434233,-0.0020456,0.00533081,-0.155327,37.343,20877,1,367,37.2905,5220,0,0.000884653,0.0495886,0.0302417,0,0,0,1,499,0.215,-7.02447e-05,7.42699e-05,1.5968e-05,1.51026e-05,1.82855e-05,1.21825e-05,0.422672,0.0258822,-0.000585858,0.0332767,-0.170131,-0.0009161,0.000941766,0.0013712,13.6737,1,0,0,0,0,0,-1,1,-9.04605e-07,-3.41778e-06,-0.170145,0,37.6229,1,1010,1010,1010,1010,0,0,0,0,37.6274,55,-0.0129583,0.0043707,56,-0.00187509,0.0109098,56,-0.00585996,0.00428283,56,-0.00478829,0.00350045,56,-0.00426352,0.00391994,56,-0.00450375,0.00280002,56,-0.00581226,0.00514873,56,-0.00351487,0.00199569,52,-0.00519997,0.00180114
5263873048291,5263856231000,5263856231000,5263873040587,73729,16.8096,5263886143001,29.912,0,20090,84809,0,0,1,0,0,0.00802,500,500,468,0.936,2.65087,5.26539,0.586819,0.292928,-0.00894165,-0.0168762,-6.49582e-05,-4.19178e-05,-0.00139402,0.0133919,1,-0.00522665,0.00809953,-0.00809953,-0.00522665,1,1,-0.00793107,-0.00472737,-0.000168467,-0.00049928,0,0,0,0,0,0,0,0,0,0,0,0,0,0,0,0,0,0,0,0,0,0,0,255,0.21,8.93427,0.21,-0.00319465,-0.00542038,1,1,1,1,1,1,1,0.0861447,-3.29288,-0.0434233,-0.0020456,0.00533081,-0.155327,50.949,20877,1,367,50.8963,5220,0,0.000884653,0.0495886,0.0302417,0,0,0,1,468,0.215,-5.51083e-05,-3.56076e-05,-7.65563e-06,1.18483e-05,-5.53439e-06,1.2973e-05,0.422666,0.0258952,-0.000571899,0.0332075,-0.170187,0.000189403,-0.00214691,0.000731048,13.3285,2,0,0,0,0,0,-1,1,-9.04605e-07,-3.41778e-06,-0.17028,0,0.243132,1,1010,1010,1010,1010,0,0,0,0,0.247132,56,-0.0272996,-0.00914843,56,-0.0136487,-0.000751421,56,-0.0069395,-0.00716458,55,0.00133223,-0.0124704,56,-0.0039308,-0.00229609,56,0.000699037,-0.00588752,25,0.0199065,-0.0103116,56,0.00261953,-0.00781457,52,-0.0130218,-0.00166845
5263886684968,5263876229000,5263876229000,5263886678061,73729,10.4491,5263902138530,25.9095,1,20091,84810,0,0,1,0,0,0.019998,500,500,500,1,2.6762,6.30303,0.658209,0.310743,0.017395,-0.0953369,6.00656e-05,-0.00012746,0.00457313,-0.0112809,1,-0.00637366,-0.00300358,0.00300358,-0.00637366,1,1,0.00172542,-0.00592838,0.00127816,-0.000445276,0,0,0,0,0,0,0,0,0,0,0,0,0,0,0,0,0,0,0,0,0,0,0,255,0.21,2.36354,0.21,0.00166815,-0.00630175,1,1,1,1,0,1,1,0.0860788,-3.29301,-0.0449918,-0.00251814,0.00454692,-0.156365,15.9835,20878,1,367,66.8942,5220,0,0.000884653,0.0495886,0.0302417,0,0,0,1,500,0.215,5.10154e-05,-0.000107938,-2.32067e-05,-1.09683e-05,-2.47169e-05,-6.87962e-06,0.422641,0.0258883,-0.000560243,0.0332012,-0.170267,0.00148955,-0.00191469,-0.00320524,15.7432,1,0,0,0,0,0,-1,1,-9.04605e-07,-3.41778e-06,-0.17028,0,16.2613,1,1010,1010,1010,1010,0,0,0,0,16.2653,56,0.010507,-0.00577269,56,-0.000926443,-0.00707425,56,0.00317981,-0.0124361,56,0.000299623,-0.00457065,56,0.00193675,-0.00812806,56,0.000291105,-0.00828851,56,0.00127183,-0.00762748,56,0.00110281,-0.00387015,52,0.00340418,-0.00399731
5263902653052,5263888209000,5263888209000,5263902642441,73729,14.4334,5263917954649,29.7456,0,20091,84811,0,0,1,0,0,0.01198,500,500,499,0.998,2.66171,5.08965,0.700394,0.315947,0.0422058,0.0361176,5.66071e-05,1.57552e-05,-0.00297467,0.0217444,1,0.00131512,-0.00472514,0.00472514,0.00131512,1,1,0.00299429,0.000967147,0.00173085,0.000347975,0,0,0,0,0,0,0,0,0,0,0,0,0,0,0,0,0,0,0,0,0,0,0,255,0.21,8.12449,0.21,0.00401281,0.006721,1,1,1,1,0,1,1,0.0860788,-3.29301,-0.0449918,-0.00251814,0.00454692,-0.156365,31.8142,20878,1,367,82.7248,5220,0,0.000884653,0.0495886,0.0302417,0,0,0,1,499,0.215,4.79241e-05,1.33253e-05,2.86495e-06,-1.03037e-05,1.0752e-06,-1.064e-05,0.422642,0.0258777,-0.000549138,0.0332482,-0.170364,0.00154137,0.00149629,-0.00472102,15.5266,2,0,0,0,0,0,-1,1,-9.04605e-07,-3.41778e-06,-0.17028,0,32.086,1,1010,1010,1010,1010,0,0,0,0,32.09,55,-0.00699106,0.00380626,56,0.0187662,-0.00570204,56,0.000376464,0.00814375,56,0.0110742,0.00204806,56,0.0106018,0.0023073,56,0.00326145,0.001981,56,0.0105861,0.0020855,56,0.00637101,0.000793621,52,5.11309e-06,0.00902752
5263918500598,5263908204000,5263908204000,5263918495487,73729,10.2915,5263932136312,23.9323,1,20092,84812,0,0,1,0,0,0.019995,500,500,499,0.998,2.67304,4.742,0.707061,0.307687,-0.00695801,0.112305,-1.4749e-06,0.000202562,-0.000394663,-0.00285966,1,0.0101306,7.37635e-05,-7.37635e-05,0.0101306,1,1,0.000808431,0.00995675,-0.000882195,0.000173874,0,0,0,0,0,0,0,0,0,0,0,0,0,0,0,0,0,0,0,0,0,0,0,255,0.21,3.77279,0.21,-0.00108281,0.00846993,1,1,1,1,0,1,1,0.0860193,-3.29318,-0.0472499,-0.0030389,0.00463158,-0.156163,0.256465,20879,1,367,96.8788,5220,0,0.000884653,0.0495886,0.0302417,0,0,0,1,499,0.215,-1.2699e-06,0.000171661,3.69072e-05,2.73029e-07,3.63997e-05,-5.98138e-06,0.422679,0.0258717,-0.000549298,0.0332186,-0.170271,0.000749932,0.000747658,0.0036347,0.060371,2,0,0,0,0,0,-1,1,-9.04605e-07,-3.41778e-06,-0.170269,0,0.182316,1,1010,1010,1010,1010,0,0,0,0,0.534412,55,0.00177075,0.00438396,56,-0.00373505,0.00627974,56,-0.00152162,0.0112519,56,-0.00426288,0.0117992,56,-0.00050193,0.0123703,56,-0.00549352,0.0152419,56,0.00179736,0.0115017,56,0.00490461,0.010487,52,-0.000688685,0.00640174
5263932641982,5263928212000,5263928212000,5263932637538,73729,4.42554,5263945272633,17.0606,1,20093,84813,0,0,1,0,0,0.020008,500,500,497,0.994,2.65956,5.70036,0.707876,0.316466,-0.0591736,-0.0932617,-0.000133869,-0.00017806,-0.00407319,-0.00346614,1,-0.00889946,0.00669078,-0.00669078,-0.00889946,1,1,-0.00501023,-0.00819789,-0.00168055,-0.000701569,0,0,0,0,0,0,0,0,0,0,0,0,0,0,0,0,0,0,0,0,0,0,0,255,0.21,7.38848,0.21,-0.006114,-0.00960525,1,1,1,2,1,1,1,0.0860193,-3.29318,-0.0472499,-0.0030389,0.00463158,-0.156163,13.4119,20879,1,367,110.034,5220,0,0.000884653,0.0495886,0.0302417,0,0,0,1,497,0.215,-0.000113491,-0.000150895,-3.24424e-05,2.44005e-05,-2.78219e-05,2.95416e-05,0.422651,0.0259012,-0.000557102,0.0331855,-0.170256,0.000238606,-0.00301675,0.00597198,11.5211,1,0,0,0,0,0,-1,1,-9.04605e-07,-3.41778e-06,-0.170269,0,13.3456,1,1010,1010,1010,1010,0,0,0,0,13.6977,55,-0.00662757,-0.0067315,54,-0.00678466,-0.00593371,56,-0.00735369,-0.0077298,56,-0.00675022,-0.0108128,56,-0.00728181,-0.00796651,56,-0.00227979,-0.00863988,56,-0.00722485,-0.00794667,56,-0.00945264,-0.0112496,52,-0.000670049,-0.00606232
5263945983194,5263936230000,5263936230000,5263945964953,73729,9.73495,5263960723343,24.4933,0,20093,84814,0,0,1,0,0,0.008018,500,500,500,1,2.89787,6.39173,0.667765,0.316002,0.0109253,-0.0281601,-4.41867e-06,-4.64817e-05,-0.0104215,-0.000504774,1,-0.00579716,0.000551094,-0.000551094,-0.00579716,1,1,-0.000207518,-0.0053708,-0.000343576,-0.00042636,0,0,0,0,0,0,0,0,0,0,0,0,0,0,0,0,0,0,0,0,0,0,0,255,0.21,0.808191,0.21,0.000179043,-0.00392848,1,1,1,1,0,1,1,0.0860193,-3.29318,-0.0472499,-0.0030389,0.00463158,-0.156163,28.8561,20879,1,367,125.478,5220,0,0.000884653,0.0495886,0.0302417,0,0,0,1,500,0.215,-3.64957e-06,-3.93597e-05,-8.46232e-06,7.84657e-07,-8.20235e-06,2.20669e-06,0.422643,0.0259034,-0.000560746,0.0331905,-0.170299,0.000182018,-0.00183335,0.00132752,15.16,1,0,0,0,0,0,-1,1,-9.04605e-07,-3.41778e-06,-0.170269,0,28.784,1,1010,1010,1010,1010,0,0,0,0,29.1361,56,0.00661054,0.000867911,56,-0.00947245,-0.0265304,56,0.00736423,-0.00499642,56,0.00521732,-0.00998252,56,-0.0129588,-0.00263457,56,0.0144946,-0.00799605,56,0.00048395,-0.00334382,56,0.00401614,-0.00438886,52,-0.00665484,-0.00816012
5263961234106,5263944254000,5263944254000,5263961226032,73729,16.972,5263975214508,30.9605,0,20093,84815,0,0,1,0,0,0.008024,500,500,500,1,2.66211,4.69026,0.610116,0.318318,-0.00343323,0.0547638,3.03415e-05,0.000110547,0.0155148,-7.38316e-05,1,0.0137771,-0.00378134,0.00378134,0.0137771,1,1,0.00239826,0.0132178,0.00138309,0.000559254,0,0,0,0,0,0,0,0,0,0,0,0,0,0,0,0,0,0,0,0,0,0,0,255,0.21,5.88486,0.21,-0.000390426,0.0133695,1,1,1,1,0,1,1,0.0860193,-3.29318,-0.0472499,-0.0030389,0.00463158,-0.156163,43.3513,20879,1,367,139.974,5220,0,0.000884653,0.0495886,0.0302417,0,0,0,1,500,0.215,2.56565e-05,9.36444e-05,2.01335e-05,-5.51615e-06,1.88954e-05,-8.84918e-06,0.422662,0.0258946,-0.000553757,0.0332384,-0.170433,0.000537223,0.00240479,-0.00432804,14.205,2,0,0,0,0,0,-1,1,-9.04605e-07,-3.41778e-06,-0.170269,0,43.2798,1,1010,1010,1010,1010,0,0,0,0,43.6319,56,-0.00887634,0.011574,56,8.91951e-05,0.0324119,56,-0.00215474,0.00888191,56,-0.00581753,0.0098638,56,0.00592333,0.0173685,56,0.00240827,0.00610469,56,0.00325397,0.00500896,56,0.0156491,0.00521095,52,-0.0110504,0.0239656
5263975748142,5263964239000,5263964239000,5263975743716,73729,11.5047,5263991695336,27.4563,1,20094,84816,0,0,1,0,0,0.019985,500,500,468,0.936,2.66028,6.89846,0.653672,0.296706,0.03479,0.0411224,5.62174e-05,6.6304e-05,0.00118694,0.0024435,1,0.00331769,-0.00281298,0.00281298,0.00331769,1,1,0.00263672,0.00329897,0.000176266,1.87179e-05,0,0,0,0,0,0,0,0,0,0,0,0,0,0,0,0,0,0,0,0,0,0,0,255,0.21,0.11089,0.21,0.00298281,0.00352807,1,1,1,1,0,1,1,0.0859737,-3.29336,-0.0492008,-0.00331801,0.00496845,-0.156602,5.54736,20880,1,367,156.446,5220,0,0.000884653,0.0495886,0.0302417,0,0,0,1,468,0.215,4.76492e-05,5.61907e-05,1.2081e-05,-1.02446e-05,1.01622e-05,-1.2144e-05,0.422672,0.0258824,-0.000548653,0.033192,-0.170419,0.00101605,8.04868e-05,0.000206486,5.32097,2,0,0,0,0,0,-1,1,-9.04605e-07,-3.41779e-06,-0.170432,0,5.80993,1,1010,1010,1010,1010,0,0,0,0,5.81486,56,-0.000624659,-0.00383526,55,0.000857855,0.00447463,36,2.12498e-05,0.00404136,56,0.00686387,0.00414437,56,0.0072355,0.00133958,49,0.00251749,0.00524711,56,0.00890829,0.00516908,56,0.00159111,0.00490264,48,0.00486417,0.00299135
5263992201081,5263976229000,5263976229000,5263992191155,73729,15.9622,5264009050171,32.8212,0,20094,84817,0,0,1,0,0,0.01199,500,500,499,0.998,2.6228,5.05021,0.670413,0.306836,0.00561523,-0.0215302,-1.05391e-05,-5.73417e-05,-0.00283178,0.00631473,1,-0.00478246,0.000878995,-0.000878995,-0.00478246,1,1,-0.000373753,-0.00428546,-0.000505242,-0.000496996,0,0,0,0,0,0,0,0,0,0,0,0,0,0,0,0,0,0,0,0,0,0,0,255,0.21,6.42986,0.21,-0.000548686,-0.00539758,1,1,1,1,1,1,1,0.0859737,-3.29336,-0.0492008,-0.00331801,0.00496845,-0.156602,22.9013,20880,1,367,173.8,5220,0,0.000884653,0.0495886,0.0302417,0,0,0,1,499,0.215,-8.91623e-06,-4.85782e-05,-1.04443e-05,1.91699e-06,-9.96217e-06,3.65985e-06,0.422662,0.0258861,-0.00054983,0.0331658,-0.170448,0.00046555,-0.00213708,0.00211047,8.49136,2,0,0,0,0,0,-1,1,-9.04605e-07,-3.41779e-06,-0.170432,0,23.1685,1,1010,1010,1010,1010,0,0,0,0,23.1735,56,-0.00173626,0.0060513,55,0.00583425,-0.00348,56,0.00950705,0.0030626,56,0.0054724,-0.0037064,56,-0.00284561,-0.0124812,56,-0.00294328,-0.00220068,56,-0.00473796,-0.00706373,56,-0.0073244,-0.000249955,52,0.000630754,-0.011221
5264009597508,5263996228000,5263996228000,5264009591971,73729,13.364,5264023348612,27.1206,1,20095,84818,0,0,1,0,0,0.019999,500,500,500,1,2.65187,4.65928,0.666634,0.319965,-0.0260849,-0.0635223,-4.60912e-05,-0.000136315,-0.00040065,0.00423446,1,-0.00681609,0.00230468,-0.00230468,-0.00681609,1,1,-0.00284935,-0.00693072,0.000544669,0.000114628,0,0,0,0,0,0,0,0,0,0,0,0,0,0,0,0,0,0,0,0,0,0,0,255,0.21,3.51517,0.21,-0.00314395,-0.00496416,1,1,1,1,0,1,1,0.0859737,-3.29336,-0.0492008,-0.00331801,0.00496845,-0.156602,37.2049,20880,1,367,188.104,5220,0,0.000884653,0.0495886,0.0302417,0,0,0,1,500,0.215,-3.91513e-05,-0.000115538,-2.48407e-05,8.41754e-06,-2.30388e-05,1.25083e-05,0.422639,0.0258986,-0.000566427,0.0331725,-0.170513,-0.00036198,0.000492902,-0.00216325,14.0343,1,0,0,0,0,0,-1,1,-9.04605e-07,-3.41779e-06,-0.170432,0,37.479,1,1010,1010,1010,1010,0,0,0,0,37.484,56,-0.00404519,-0.00903469,56,0.0137757,-0.00662032,56,-0.00651698,-0.00890652,56,-0.00669138,-0.00623751,56,-0.0015561,-0.00322187,56,-0.0010637,-0.00703752,56,-0.00146346,-0.00522104,56,-0.00332957,-0.00748044,52,-0.00602974,-0.00770641
5264023862246,5264004244000,5264004244000,5264023852542,73729,19.6085,5264037297810,33.0538,0,20095,84819,0,0,1,0,0,0.008016,500,500,500,1,2.63761,5.39352,0.589042,0.310021,-0.0207138,0.00874329,-2.15541e-05,3.01989e-05,0.00446996,-0.00137694,1,0.00376732,0.00268888,-0.00268888,0.00376732,1,1,-0.00385778,0.00326018,0.0011689,0.000507143,0,0,0,0,0,0,0,0,0,0,0,0,0,0,0,0,0,0,0,0,0,0,0,255,0.21,7.35152,0.21,-0.0038966,0.00508536,1,1,1,1,0,1,1,0.0859867,-3.29351,-0.0507729,-0.00232813,0.00453209,-0.157755,3.03019,20881,1,367,202.046,5220,0,0.000884653,0.0495886,0.0302417,0,0,0,1,500,0.215,-1.82817e-05,2.55739e-05,5.49838e-06,3.93056e-06,6.08282e-06,2.94053e-06,0.422645,0.0259015,-0.000567831,0.0331977,-0.170602,-8.79867e-07,0.00218071,-0.00402173,2.79543,2,0,0,0,0,0,-1,1,-9.04604e-07,-3.41779e-06,-0.170615,0,3.29669,1,1010,1010,1010,1010,0,0,0,0,3.30102,56,-0.00427839,0.0118847,56,-0.00360338,0.00295847,56,-0.00184837,0.0016837,56,0.00245545,0.00257789,56,-0.00880623,0.0028649,56,-0.00394683,-0.00381491,56,0.00254386,0.00116022,56,-0.00541632,0.00219523,52,-0.012001,0.00958649
5264037791222,5264024239000,5264024239000,5264037786666,73729,13.5477,5264051505325,27.2663,1,20096,84820,0,0,1,0,0,0.019995,500,500,499,0.998,2.6808,4.64715,0.589541,0.310966,0.0144348,0.0770264,1.65954e-05,0.0001619,-0.00149193,-0.000428961,1,0.008097,-0.000829976,0.000829976,0.008097,1,1,-0.000301333,0.00758719,0.00113131,0.000509817,0,0,0,0,0,0,0,0,0,0,0,0,0,0,0,0,0,0,0,0,0,0,0,255,0.21,1.25223,0.21,0.00141642,0.00709095,1,1,1,1,0,1,1,0.0859867,-3.29351,-0.0507729,-0.00232813,0.00453209,-0.157755,17.2454,20881,1,367,14.191,5221,0,0.000884653,0.0529205,0.0301839,0,0,0,1,499,0.215,1.40809e-05,0.000137189,2.94955e-05,-3.0274e-06,2.85374e-05,-7.98833e-06,0.422673,0.0258935,-0.000567831,0.0331977,-0.170602,0.000293467,0.00219221,-0.00365693,17.0014,0,0,0,0,0,0,-1,1,-9.04604e-07,-3.41779e-06,-0.170615,0,17.5147,1,1010,1010,1010,1010,0,0,0,0,17.519,56,-0.00328998,0.00656021,55,-0.00792351,0.000111351,56,-0.00236959,0.00895771,56,0.00353188,0.00706663,56,0.00449299,0.00564943,56,0.0042303,0.0116772,56,0.00375877,0.00768897,56,-0.00182999,0.00620233,52,9.10689e-05,0.0101854
5264052025255,5264036219000,5264036219000,5264051999218,73729,15.7802,5264067056572,30.8376,0,20096,84821,0,0,1,0,0,0.01198,500,500,448,0.896,2.62315,4.9895,0.643023,0.294206,-0.018959,0.0221252,-5.80031e-05,3.03505e-05,-0.0112149,0.00816616,1,0.00253343,0.00484166,-0.00484166,0.00253343,1,1,-0.0042868,0.00252557,-0.000554865,7.85863e-06,0,0,0,0,0,0,0,0,0,0,0,0,0,0,0,0,0,0,0,0,0,0,0,255,0.21,5.32378,0.21,-0.00175689,0.000948732,1,1,1,1,1,1,1,0.0859867,-3.29351,-0.0507729,-0.00232813,0.00453209,-0.157755,32.7989,20881,1,367,29.7447,5221,0,0.000884653,0.0529205,0.0301839,0,0,0,1,448,0.215,-4.91852e-05,2.56963e-05,5.52471e-06,1.05748e-05,7.23604e-06,9.48437e-06,0.422681,0.025903,-0.000561666,0.033157,-0.170536,0.000368899,3.37921e-05,0.00220385,15.2754,2,0,0,0,0,0,-1,1,-9.04604e-07,-3.41779e-06,-0.170615,0,33.0556,1,1010,1010,1010,1010,0,0,0,0,33.0599,34,-0.00569953,0.0123922,54,-0.0209193,0.00819332,56,0.0020597,0.0115878,56,-0.000135757,0.0011929,56,-0.00366754,-0.00358521,56,-0.00553131,0.00346118,30,-0.0119276,-0.00448094,54,-0.00257556,0.00269104,52,0.000769295,0.00154801
5264067608243,5264056224000,5264056224000,5264067602095,73729,11.3781,5264081314217,25.0902,1,20097,84822,0,0,1,0,0,0.020005,500,500,490,0.98,2.65433,4.68972,0.615709,0.306984,-0.0188293,-0.0670929,-4.1239e-05,-9.56035e-05,-0.00242098,-0.00223127,1,-0.00477898,0.00206144,-0.00206144,-0.00477898,1,1,-0.00103557,-0.00412736,-0.00102587,-0.000651616,0,0,0,0,0,0,0,0,0,0,0,0,0,0,0,0,0,0,0,0,0,0,0,255,0.21,0.617838,0.21,-0.00140679,-0.00603782,1,1,1,1,0,1,1,0.0859867,-3.29351,-0.0507729,-0.00232813,0.00453209,-0.157755,47.0516,20881,1,367,43.9972,5221,0,0.000884653,0.0529205,0.0301839,0,0,0,1,490,0.215,-3.49137e-05,-8.10392e-05,-1.74234e-05,7.50644e-06,-1.58874e-05,1.0353e-05,0.422665,0.0259134,-0.000547707,0.0331235,-0.170542,0.00101558,-0.00280195,0.00434144,14.0061,1,0,0,0,0,0,-1,1,-9.04604e-07,-3.41779e-06,-0.170615,0,47.3246,1,1010,1010,1010,1010,0,0,0,0,0.199576,55,-0.00199409,-0.00691831,56,0.00661617,0.000484885,56,0.000750406,-0.00941289,56,-0.00443247,-0.00590358,56,0.00105067,-0.00203464,56,-0.00143884,-0.00638137,47,-0.00292239,-0.0062833,56,-0.00173107,-0.0051743,52,-0.00856679,-0.00746043
5264081833258,5264064242000,5264064242000,5264081821128,73729,17.5791,5264094899135,30.6571,0,20097,84823,0,0,1,0,0,0.008018,500,500,484,0.968,2.68541,4.90189,0.652228,0.309355,-0.0022049,-0.0236511,2.98467e-06,-3.95646e-05,-0.00321684,-0.0206713,1,-0.00493447,-0.000372246,0.000372246,-0.00493447,1,1,0.000387022,-0.00452958,-1.47765e-05,-0.000404892,0,0,0,0,0,0,0,0,0,0,0,0,0,0,0,0,0,0,0,0,0,0,0,255,0.21,4.67737,0.21,-0.000667412,-0.00477952,1,1,1,1,0,1,1,0.0859867,-3.29351,-0.0507729,-0.00232813,0.00453209,-0.157755,60.6418,20881,1,367,57.5874,5221,0,0.000884653,0.0529205,0.0301839,0,0,0,1,484,0.215,2.56768e-06,-3.35019e-05,-7.20291e-06,-5.5205e-07,-7.18817e-06,6.78084e-07,0.422658,0.0259141,-0.000550471,0.0331154,-0.17059,0.000844378,-0.00174103,0.000726333,13.3168,1,0,0,0,0,0,-1,1,-9.04605e-07,-3.41779e-06,-0.170664,0,0.249613,1,1010,1010,1010,1010,0,0,0,0,13.7824,55,0.00854123,-0.013142,55,-0.00515842,-0.00273012,56,0.000768161,-0.0060183,56,-0.00505417,-0.00030225,56,-0.00179222,0.000545652,56,-0.000164058,-0.00869061,42,0.0057498,-0.0083463,56,0.00196533,-0.000815525,52,-0.00697225,0.00387398
5264095418083,5264084240000,5264084240000,5264095410509,73729,11.1705,5264109781266,25.5413,1,20098,84824,0,0,1,0,0,0.019998,500,500,500,1,2.66054,4.93217,0.635801,0.321817,0.0654755,0.0320816,0.000164197,2.62396e-05,0.00663347,0.0076304,1,0.00131211,-0.00821066,0.00821066,0.00131211,1,1,0.00695176,0.00100007,0.0012589,0.000312035,0,0,0,0,0,0,0,0,0,0,0,0,0,0,0,0,0,0,0,0,0,0,0,255,0.21,7.80497,0.21,0.00406318,0.00438257,1,1,1,1,0,1,1,0.0859798,-3.29367,-0.0520489,-0.00191356,0.00443816,-0.15837,14.8644,20882,1,367,72.4666,5221,0,0.000884653,0.0529205,0.0301839,0,0,0,1,500,0.215,0.000139126,2.22131e-05,4.77581e-06,-2.99121e-05,-3.76985e-07,-3.02883e-05,0.422657,0.0258838,-0.000528496,0.0331491,-0.170703,0.00115636,0.00134175,-0.00340553,14.5848,2,0,0,0,0,0,-1,1,-9.04605e-07,-3.41779e-06,-0.170664,0,15.1397,1,1010,1010,1010,1010,0,0,0,0,28.6725,56,0.00132648,0.00427111,56,0.00825979,-0.000881761,56,0.00389247,0.0028722,56,0.00533392,0.00121503,56,0.00839666,0.0035877,56,0.00563176,0.00177557,56,0.00790955,0.00445179,56,0.0099606,0.00288471,52,0.00479834,-0.00252715
5264110302603,5264096214000,5264096214000,5264110290992,73729,14.077,5264125292494,29.0785,0,20098,84825,0,0,1,0,0,0.011974,500,500,499,0.998,2.6588,4.686,0.67219,0.315984,-0.0165405,0.00784302,2.30593e-06,2.83516e-06,0.00326942,0.0019444,1,0.000236776,-0.000192578,0.000192578,0.000236776,1,1,-0.000100116,3.75957e-05,0.000292695,0.000199181,0,0,0,0,0,0,0,0,0,0,0,0,0,0,0,0,0,0,0,0,0,0,0,255,0.21,2.70087,0.21,-0.00146881,0.000258395,1,1,1,1,1,1,1,0.0859798,-3.29367,-0.0520489,-0.00191356,0.00443816,-0.15837,30.377,20882,1,367,87.9791,5221,0,0.000884653,0.0529205,0.0301839,0,0,0,1,499,0.215,1.9568e-06,2.46977e-06,5.31e-07,-4.20711e-07,4.51533e-07,-5.04752e-07,0.422658,0.0258833,-0.000528697,0.0331263,-0.170704,0.000788019,0.000856477,-0.000376455,15.2246,2,0,0,0,0,0,-1,1,-9.04605e-07,-3.41779e-06,-0.170664,0,30.6466,1,1010,1010,1010,1010,0,0,0,0,44.1794,56,0.00180325,0.00341214,55,-0.0112672,-0.00914281,56,-0.00160975,0.00548068,56,0.00714355,0.00433318,56,-0.00381776,-0.00234725,56,-0.00316416,0.00674392,56,-0.00725149,-0.00128276,56,0.00042987,-0.000280019,52,0.0059068,2.24453e-05
5264125862906,5264116222000,5264116222000,5264125855276,73729,9.63328,5264140545109,24.3231,1,20099,84826,0,0,1,0,0,0.020008,500,500,500,1,2.68126,5.42767,0.677709,0.320651,-0.0735168,0.0186539,-0.000167826,1.20503e-05,-0.00620887,0.00630479,1,0.000602272,0.00838793,-0.00838793,0.000602272,1,1,-0.00747137,0.000927564,-0.000916562,-0.000325293,0,0,0,0,0,0,0,0,0,0,0,0,0,0,0,0,0,0,0,0,0,0,0,255,0.21,7.31726,0.21,-0.00665586,-0.000723902,1,1,1,1,0,1,1,0.0860005,-3.29382,-0.0544437,-0.00247294,0.00425836,-0.159175,5.5195,20883,1,367,103.224,5221,0,0.000884653,0.0529205,0.0301839,0,0,0,1,500,0.215,-0.00014236,1.01108e-05,2.17382e-06,3.06074e-05,7.33942e-06,2.97936e-05,0.422665,0.0259131,-0.000545654,0.0331027,-0.170686,-0.000506876,-0.00139876,0.00274747,5.28158,2,0,0,0,0,0,-1,1,-9.04605e-07,-3.41779e-06,-0.170698,0,5.79788,1,1010,1010,1010,1010,0,0,0,0,5.8023,56,-0.0101993,-0.00336311,56,-0.00706931,0.00490081,56,-0.00967443,0.00109223,56,-0.00657192,0.000337265,56,-0.00961324,0.0011437,56,-0.00584244,0.00172925,56,-0.00342636,-0.000207064,56,-0.00455418,0.00339793,52,-0.0109823,0.00184231
5264141060613,5264136217000,5264136217000,5264141056261,73729,4.83926,5264152618071,16.4011,1,20100,84827,0,0,1,0,0,0.019995,500,500,487,0.974,2.66591,4.72291,0.617153,0.306484,0.00854492,0.0188904,4.72503e-05,4.45062e-05,0.00236863,0.000898509,1,0.00222587,-0.00236311,0.00236311,0.00222587,1,1,0.0025575,0.00228112,-0.000194389,-5.52547e-05,0,0,0,0,0,0,0,0,0,0,0,0,0,0,0,0,0,0,0,0,0,0,0,255,0.21,3.00523,0.21,0.00132535,0.00254274,1,1,1,2,0,1,1,0.0860005,-3.29382,-0.0544437,-0.00247294,0.00425836,-0.159175,17.6021,20883,1,367,115.307,5221,0,0.000884653,0.0529205,0.0301839,0,0,0,1,487,0.215,4.00525e-05,3.77056e-05,8.10671e-06,-8.6113e-06,6.52188e-06,-9.86248e-06,0.422672,0.0259032,-0.000524357,0.033103,-0.170695,0.000846459,-0.000237595,0.00134587,11.8092,1,0,0,0,0,0,-1,1,-9.04605e-07,-3.41779e-06,-0.170698,0,17.8583,1,1010,1010,1010,1010,0,0,0,0,17.8627,56,0.000129878,-0.00118209,55,-0.00186403,0.01345,46,-0.000246657,-0.00388888,56,0.0062659,0.000333173,56,0.00291648,0.00380068,55,-0.000963901,0.00167237,56,-0.00095767,0.00360098,56,-0.000478346,0.00113733,51,0.00917779,0.00161318
5264153112445,5264144241000,5264144241000,5264153102667,73729,8.86167,5264166167599,21.9266,0,20100,84828,0,0,1,0,0,0.008024,500,500,499,0.998,2.66106,5.09061,0.654765,0.315799,0.0125732,-0.0137329,3.45161e-05,-4.60261e-05,0.00560868,0.00826079,1,-0.00573606,-0.00430161,0.00430161,-0.00573606,1,1,0.00365203,-0.00582803,0.000649587,9.19694e-05,0,0,0,0,0,0,0,0,0,0,0,0,0,0,0,0,0,0,0,0,0,0,0,255,0.21,3.8247,0.21,0.00253333,-0.00198695,1,1,1,1,0,1,1,0.0860005,-3.29382,-0.0544437,-0.00247294,0.00425836,-0.159175,31.1587,20883,1,367,128.863,5221,0,0.000884653,0.0529205,0.0301839,0,0,0,1,499,0.215,2.92016e-05,-3.90062e-05,-8.38634e-06,-6.27834e-06,-9.32647e-06,-4.76302e-06,0.422662,0.0258984,-0.00050275,0.0331021,-0.170728,0.00235367,0.000395469,-0.000351644,13.2758,1,0,0,0,0,0,-1,1,-9.04605e-07,-3.41779e-06,-0.170698,0,31.4384,1,1010,1010,1010,1010,0,0,0,0,31.4428,56,-0.00561664,0.0126666,55,0.0447283,-0.0100343,56,0.00392294,0.000596454,56,-0.0055549,-0.000310429,56,0.00839893,-0.0124305,56,-0.00132518,-0.00854169,56,0.0111359,-0.00331132,56,0.00430283,-0.00361468,52,-0.0135952,-0.0107446
5264166693474,5264156219000,5264156219000,5264166683825,73729,10.4648,5264182181591,25.9626,0,20100,84829,0,0,1,0,0,0.011978,500,500,499,0.998,2.69917,4.84563,0.655265,0.339428,0.0335388,-0.00689697,6.08376e-05,-7.71942e-06,-0.00464581,-0.00398776,1,-0.000644467,-0.00507911,0.00507911,-0.000644467,1,1,0.0038553,-0.000699279,0.00122381,5.48127e-05,0,0,0,0,0,0,0,0,0,0,0,0,0,0,0,0,0,0,0,0,0,0,0,255,0.21,8.33045,0.21,0.00362144,-0.000728025,1,1,1,1,1,1,1,0.0860005,-3.29382,-0.0544437,-0.00247294,0.00425836,-0.159175,47.1587,20883,1,367,144.863,5221,0,0.000884653,0.0529205,0.0301839,0,0,0,1,499,0.215,5.16176e-05,-6.5149e-06,-1.4007e-06,-1.10978e-05,-3.26557e-06,-1.06984e-05,0.422659,0.0258877,-0.000493392,0.0330956,-0.170789,0.00214759,0.000235695,-0.00249184,15.7419,1,0,0,0,0,0,-1,1,-9.04605e-07,-3.41779e-06,-0.170698,0,47.4303,1,1010,1010,1010,1010,0,0,0,0,0.226835,55,-0.00466578,-0.00302245,56,0.00572243,-0.000495414,56,-0.00418443,-0.000237393,56,0.0128014,-0.00348748,56,0.00296099,0.00332098,56,0.00731947,0.00388069,56,0.00614733,-0.00191255,56,0.00175035,-0.00314867,52,0.0110713,0.00236211
5264182735354,5264172260000,5264172260000,5264182729965,73729,10.47,5264196682533,24.4225,1,20101,84830,0,0,1,0,0,0.016041,500,500,500,1,2.67793,5.19743,0.617616,0.324058,0.0258179,-0.000915527,7.69573e-05,-2.63725e-05,0.00670662,0.00635684,1,-0.00164407,-0.00479754,0.00479754,-0.00164407,1,1,0.0037248,-0.00160305,0.00107274,-4.10214e-05,0,0,0,0,0,0,0,0,0,0,0,0,0,0,0,0,0,0,0,0,0,0,0,255,0.21,4.07549,0.21,0.000446125,-0.000875828,1,1,1,1,0,1,1,0.0859814,-3.29396,-0.0556728,-0.001974,0.00466933,-0.16009,14.4655,20884,1,367,159.378,5221,0,0.000884653,0.0529205,0.0301839,0,0,0,1,500,0.215,6.52005e-05,-2.23298e-05,-4.8009e-06,-1.40181e-05,-7.11128e-06,-1.29984e-05,0.422652,0.0258747,-0.000492539,0.0330857,-0.170829,0.000967103,-0.000176392,-0.00291654,14.2612,1,0,0,0,0,0,-1,1,-9.04605e-07,-3.41779e-06,-0.170859,0,0.256094,1,1010,1010,1010,1010,0,0,0,0,14.7426,56,0.00724864,-0.00279047,56,0.00694229,-0.00712088,56,0.00276131,0.000986612,56,0.0010541,0.0041132,56,0.00240315,-0.000572106,56,-0.000538895,-0.00180435,56,0.00347178,-0.000265187,56,0.0074897,-0.00243241,52,0.0161012,-0.00447076
5264197197704,5264184233000,5264184233000,5264197189648,73729,12.9566,5264212851508,28.6185,0,20101,84831,0,0,1,0,0,0.011973,500,500,499,0.998,2.69374,6.51086,0.672246,0.330243,-0.0193176,0.00469971,-3.68508e-05,-8.39226e-06,0.00495004,0.01353,1,-0.000700932,0.00307782,-0.00307782,-0.000700932,1,1,-0.00339209,-0.00051023,0.000314271,-0.000190702,0,0,0,0,0,0,0,0,0,0,0,0,0,0,0,0,0,0,0,0,0,0,0,255,0.21,8.35575,0.21,-0.00353914,0.000815445,1,1,1,1,0,1,1,0.0859814,-3.29396,-0.0556728,-0.001974,0.00466933,-0.16009,30.624,20884,1,367,175.536,5221,0,0.000884653,0.0529205,0.0301839,0,0,0,1,499,0.215,-3.13054e-05,-7.1777e-06,-1.5432e-06,6.73065e-06,-3.75612e-07,6.89491e-06,0.422651,0.0258816,-0.000494707,0.0330537,-0.170858,0.000498887,-0.000820019,-0.000681983,15.8685,2,0,0,0,0,0,-1,1,-9.04605e-07,-3.41779e-06,-0.170859,0,16.4077,1,1010,1010,1010,1010,0,0,0,0,30.8941,56,-0.0151933,-0.000457473,55,0.00339846,0.00475108,56,-0.00290612,-0.00218602,56,0.00748396,-0.0028549,56,-0.00176216,-0.00257297,56,-0.00599461,0.00104386,56,0.000733134,0.00114976,56,-0.00374636,-0.00468338,52,-0.00777946,-0.00244822
5264213353882,5264204235000,5264204235000,5264213349715,73729,9.11472,5264228936074,24.7011,1,20102,84832,0,0,1,0,0,0.020002,500,500,500,1,2.67148,5.15265,0.660208,0.312521,-0.0367126,-0.00719452,-5.09806e-05,-1.99784e-05,0.00208009,0.00352377,1,-0.000998822,0.00254877,-0.00254877,-0.000998822,1,1,-0.00234411,-0.000991127,-0.000204664,-7.69529e-06,0,0,0,0,0,0,0,0,0,0,0,0,0,0,0,0,0,0,0,0,0,0,0,255,0.21,4.25601,0.21,-0.00320458,0.000109029,1,1,1,1,0,1,1,0.0859814,-3.29396,-0.0556728,-0.001974,0.00466933,-0.16009,46.7092,20884,1,367,191.621,5221,0,0.000884653,0.0529205,0.0301839,0,0,0,1,500,0.215,-4.33492e-05,-1.69711e-05,-3.64878e-06,9.32008e-06,-2.00884e-06,9.80452e-06,0.422649,0.0258914,-0.000503834,0.033065,-0.170891,-0.000321884,-3.30897e-05,0.000446536,15.8012,2,0,0,0,0,0,-1,1,-9.04605e-07,-3.41779e-06,-0.170859,0,32.502,1,1010,1010,1010,1010,0,0,0,0,46.9885,56,-0.00232272,-0.00202746,56,0.00178852,-0.000247125,56,-0.00450891,0.00117035,56,-0.0129384,0.000824919,56,-0.00137784,-0.000493591,56,0.00055815,-0.0047184,56,-0.00208768,0.000343008,56,-0.00445263,-0.00157965,52,-0.00587406,-0.00621293
5264229460337,5264212254000,5264212254000,5264229447485,73729,17.1935,5264242499695,30.2457,0,20102,84833,0,0,1,0,0,0.008019,500,500,497,0.994,2.69833,5.09183,0.652116,0.313021,0.00192261,0.0368652,6.55272e-05,5.19777e-05,0.0189595,0.00221595,1,0.00648181,-0.0081715,0.0081715,0.00648181,1,1,0.00842735,0.00626983,-0.00025585,0.000211987,0,0,0,0,0,0,0,0,0,0,0,0,0,0,0,0,0,0,0,0,0,0,0,255,0.21,0.031056,0.21,0.00125533,0.00798449,1,1,1,1,1,1,1,0.0859867,-3.29408,-0.057116,-0.0024386,0.00411934,-0.16125,2.62607,20885,1,367,2.57508,5222,0,0.000884653,0.0552065,0.029744,0,0,0,1,497,0.215,5.53864e-05,4.40823e-05,9.47769e-06,-1.19081e-05,7.30965e-06,-1.33455e-05,0.422657,0.0258781,-0.000485994,0.0330629,-0.170889,0.000689164,0.000911542,0.00143146,2.34778,3,0,0,0,0,0,-1,1,-9.04605e-07,-3.41779e-06,-0.170894,0,2.89211,1,1010,1010,1010,1010,0,0,0,0,12.4296,56,3.41029e-05,0.00921132,56,0.0427252,-0.0203425,56,-0.00692906,0.00396691,56,0.00813554,0.0139132,56,0.00508151,0.00881059,56,-0.00303172,0.011526,53,0.00247224,0.0144093,56,0.00620142,0.0119607,52,8.42439e-06,-0.0026966
5264243055291,5264232254000,5264232254000,5264243050402,73729,10.7964,5264257592049,25.338,1,20103,84834,0,0,1,0,0,0.02,500,500,500,1,2.65537,5.24228,0.687728,0.311836,0.0296478,0.0147552,8.4278e-05,2.94765e-05,0.00131941,-0.000393619,1,0.00147383,-0.0042139,0.0042139,0.00147383,1,1,0.00432053,0.0015687,-0.000106632,-9.48741e-05,0,0,0,0,0,0,0,0,0,0,0,0,0,0,0,0,0,0,0,0,0,0,0,255,0.21,3.48805,0.21,0.00282138,0.000144216,1,1,1,1,0,1,1,0.0859867,-3.29408,-0.057116,-0.0024386,0.00411934,-0.16125,17.7327,20885,1,367,17.6822,5222,0,0.000884653,0.0552065,0.029744,0,0,0,1,500,0.215,7.14695e-05,2.49602e-05,5.36643e-06,-1.5366e-05,2.67252e-06,-1.60543e-05,0.422659,0.025862,-0.000485994,0.0330629,-0.170889,0.00138943,-0.000407959,0.00147836,17.4378,0,0,0,0,0,0,-1,1,-9.04605e-07,-3.41779e-06,-0.170894,0,18.0209,1,1010,1010,1010,1010,0,0,0,0,27.5583,56,0.00174003,0.00057368,56,0.00642005,0.000278364,56,0.00334655,0.00131117,56,0.00566592,0.00405566,56,0.000478495,0.000554129,56,0.00308444,0.0014363,56,0.000990152,0.00336383,56,0.00306001,-0.00222284,52,0.00479192,5.01314e-05
5264258122387,5264244236000,5264244236000,5264258112627,73729,13.8766,5264273180593,28.9446,0,20103,84835,0,0,1,0,0,0.011982,500,500,500,1,2.68683,4.64498,0.698079,0.309651,0.00374603,-0.00965881,1.11777e-05,-2.70037e-06,0.00298494,-0.00107348,1,-0.000225369,-0.000932875,0.000932875,-0.000225369,1,1,0.000706273,8.33606e-05,0.000226602,-0.000308729,0,0,0,0,0,0,0,0,0,0,0,0,0,0,0,0,0,0,0,0,0,0,0,255,0.21,8.37249,0.21,-0.000111776,-0.0019272,1,1,1,1,0,1,1,0.0859867,-3.29408,-0.057116,-0.0024386,0.00411934,-0.16125,33.3127,20885,1,367,33.2617,5222,0,0.000884653,0.0552065,0.029744,0,0,0,1,500,0.215,9.38317e-06,-2.31699e-06,-4.98153e-07,-2.01738e-06,-8.33737e-07,-1.9033e-06,0.422659,0.0258601,-0.000487544,0.0330435,-0.170925,0.000742242,-0.00132754,-0.000185717,15.3222,1,0,0,0,0,0,-1,1,-9.04605e-07,-3.41779e-06,-0.170894,0,33.5839,1,1010,1010,1010,1010,0,0,0,0,43.1213,56,-0.013948,-0.0015563,56,0.0178654,-0.000905769,56,0.000807778,-0.00212518,56,0.00112774,-0.000363851,56,0.000531128,-0.00164457,56,-0.00123759,-0.003986,56,0.00719917,-0.0038354,56,-0.000456235,-0.000844578,52,0.0029616,0.00272067
5264273690190,5264264236000,5264264236000,5264273685690,73729,9.44969,5264288175632,23.9396,1,20104,84836,0,0,1,0,0,0.02,500,500,484,0.968,2.66785,5.16283,0.59606,0.310076,0.0103912,-0.0045929,1.46255e-05,-2.12225e-05,0.0019564,0.00349955,1,-0.00106112,-0.000731277,0.000731277,-0.00106112,1,1,0.000180606,-0.000923565,0.000550671,-0.000137559,0,0,0,0,0,0,0,0,0,0,0,0,0,0,0,0,0,0,0,0,0,0,0,255,0.21,3.69027,0.21,-0.000622048,0.000359697,1,1,1,1,0,1,1,0.0859867,-3.29408,-0.057116,-0.0024386,0.00411934,-0.16125,48.3072,20885,1,367,48.2562,5222,0,0.000884653,0.0552065,0.029744,0,0,0,1,484,0.215,1.24277e-05,-1.79887e-05,-3.86756e-06,-2.67194e-06,-4.2637e-06,-1.97522e-06,0.422654,0.0258582,-0.000483837,0.033047,-0.170996,0.000212371,-0.000591505,-0.00172441,14.7064,2,0,0,0,0,0,-1,1,-9.04605e-07,-3.41778e-06,-0.171009,0,0.197964,1,1010,1010,1010,1010,0,0,0,0,0.202835,56,0.00288139,0.000447827,54,-0.00237229,-0.00238296,42,0.00179841,-0.00128275,56,0.00120784,-0.00318021,56,-0.000544747,0.0024279,56,0.00237257,-0.000175707,56,0.000688282,-0.000531518,56,0.00392254,-0.00159862,52,0.00293242,-0.00131279
5264288671099,5264272251000,5264272251000,5264288662710,73729,16.4117,5264301229675,28.9787,0,20104,84837,0,0,1,0,0,0.008015,500,500,487,0.974,2.68919,4.65926,0.594356,0.300539,0.00613403,0.0317078,-2.16672e-05,3.01031e-05,-0.0139592,0.00584222,1,0.00375584,0.00270333,-0.00270333,0.00375584,1,1,-0.00278322,0.00341829,7.98853e-05,0.000337551,0,0,0,0,0,0,0,0,0,0,0,0,0,0,0,0,0,0,0,0,0,0,0,255,0.21,8.35404,0.21,0.000694351,0.00596644,1,1,1,1,1,1,1,0.0859635,-3.29423,-0.0585977,-0.00207054,0.00436478,-0.162467,12.9849,20886,1,367,61.3104,5222,0,0.000884653,0.0552065,0.029744,0,0,0,1,487,0.215,-1.83528e-05,2.55284e-05,5.4886e-06,3.94585e-06,6.07698e-06,2.95485e-06,0.42266,0.0258611,-0.000492606,0.0330593,-0.170998,0.000373499,0.00145147,2.39936e-05,12.7497,1,0,0,0,0,0,-1,1,-9.04605e-07,-3.41778e-06,-0.171009,0,13.2498,1,1010,1010,1010,1010,0,0,0,0,13.2546,56,0.0127928,0.0105103,55,0.00154671,-0.00451173,56,-0.00628036,0.0102721,56,0.0013644,0.00767031,56,0.000964286,0.00177825,55,0.00453072,0.00755524,56,-0.000341087,0.000677989,56,0.00216556,0.000615934,41,-0.0155849,0.0166395
5264301790402,5264292249000,5264292249000,5264301784920,73729,9.53592,5264315886601,23.6376,1,20105,84838,0,0,1,0,0,0.019998,500,500,488,0.976,2.67515,4.69813,0.743968,0.310687,0.00924683,-0.00970459,4.193e-07,-2.55595e-05,-0.00654306,0.00225034,1,-0.0012781,-2.09671e-05,2.09671e-05,-0.0012781,1,1,0.000565521,-0.00139512,-0.000544554,0.00011702,0,0,0,0,0,0,0,0,0,0,0,0,0,0,0,0,0,0,0,0,0,0,0,255,0.21,1.32675,0.21,0.000629538,-0.00173382,1,1,1,1,0,1,1,0.0859635,-3.29423,-0.0585977,-0.00207054,0.00436478,-0.162467,27.6468,20886,1,367,75.9723,5222,0,0.000884653,0.0552065,0.029744,0,0,0,1,488,0.215,3.48016e-07,-2.17146e-05,-4.66863e-06,-7.48233e-08,-4.61077e-06,7.20249e-07,0.422656,0.0258618,-0.000481315,0.0330417,-0.170992,0.000494649,0.000503188,0.00226899,14.3846,2,0,0,0,0,0,-1,1,-9.04605e-07,-3.41778e-06,-0.171009,0,27.9336,1,1010,1010,1010,1010,0,0,0,0,27.9384,56,-0.00381879,-0.00720522,56,0.00282,0.00114616,56,0.00151684,0.0016255,56,0.00127648,-0.00317227,56,0.00263415,0.000733961,56,-0.00398744,-0.000271603,45,-0.00238052,-0.00194602,56,0.00169037,0.00246819,51,8.54072e-05,-0.00730675
5264316411494,5264304226000,5264304226000,5264316403438,73729,12.1774,5264331660109,27.4341,0,20105,84839,0,0,1,0,0,0.011977,500,500,499,0.998,2.65478,4.97172,0.819932,0.306576,-0.010437,-0.034668,-2.20508e-05,-8.39666e-05,0.00188219,0.0111611,1,-0.00701065,0.0018411,-0.0018411,-0.00701065,1,1,-0.00194624,-0.00669501,0.000105148,-0.000315637,0,0,0,0,0,0,0,0,0,0,0,0,0,0,0,0,0,0,0,0,0,0,0,255,0.21,5.76925,0.21,-0.00203394,-0.00579806,1,1,1,1,0,1,1,0.0859635,-3.29423,-0.0585977,-0.00207054,0.00436478,-0.162467,43.4153,20886,1,367,91.7407,5222,0,0.000884653,0.0552065,0.029744,0,0,0,1,499,0.215,-1.87434e-05,-7.11918e-05,-1.53062e-05,4.02984e-06,-1.43889e-05,6.57466e-06,0.422641,0.0258684,-0.000476405,0.033029,-0.171026,0.000908744,-0.00135724,0.000365286,15.5179,1,0,0,0,0,0,-1,1,-9.04605e-07,-3.41778e-06,-0.171009,0,43.6926,1,1010,1010,1010,1010,0,0,0,0,0.200353,56,-0.00195684,-0.0104545,55,-0.0063335,-0.00584256,56,-0.00877682,-0.00390439,56,-0.00857059,-0.00925091,56,-0.00221823,-0.00502448,56,0.00112293,-0.00846265,56,-0.000271525,-0.00716498,56,0.0028093,-0.0103639,52,0.00447376,-0.00164833
5264332178465,5264312253000,5264312253000,5264332169687,73729,19.9167,5264345053396,32.8004,0,20105,84840,0,0,1,0,0,0.008027,500,500,499,0.998,2.68506,4.9407,0.604893,0.305799,0.0250854,-0.00819397,1.32566e-05,-3.63125e-05,-0.000114352,0.0196323,1,-0.00452379,-0.0016515,0.0016515,-0.00452379,1,1,0.000705522,-0.00435172,0.000945977,-0.000172076,0,0,0,0,0,0,0,0,0,0,0,0,0,0,0,0,0,0,0,0,0,0,0,255,0.21,1.28149,0.21,0.0025698,-0.0015714,1,1,1,1,0,1,1,0.0859635,-3.29423,-0.0585977,-0.00207054,0.00436478,-0.162467,56.8128,20886,1,367,105.138,5222,0,0.000884653,0.0552065,0.029744,0,0,0,1,499,0.215,1.12442e-05,-3.08021e-05,-6.62246e-06,-2.41751e-06,-6.93375e-06,-1.25543e-06,0.422635,0.0258672,-0.000467435,0.0330296,-0.171074,0.0013953,-0.000739927,-0.00213792,13.1437,1,0,0,0,0,0,-1,1,-9.04605e-07,-3.41779e-06,-0.171126,0,0.258502,1,1010,1010,1010,1010,0,0,0,0,13.5929,55,0.00908544,0.000811098,56,-0.00457486,-0.00976828,56,0.00740906,0.00452282,56,0.00354165,-0.0071964,56,0.0141037,-0.00472991,56,0.0105955,-0.00280036,56,0.00378127,-0.00934401,56,0.0015498,-0.00359912,52,-0.00150542,-0.00654132
5264345574344,5264332249000,5264332249000,5264345567011,73729,13.318,5264363100162,30.8512,1,20106,84841,0,0,1,0,0,0.019996,500,500,499,0.998,2.66589,6.71759,0.688061,0.304984,0.0115967,0.0562744,2.31208e-05,6.11856e-05,0.00256999,0.00498359,1,0.00305989,-0.00115627,0.00115627,0.00305989,1,1,0.000256887,0.0028875,0.000899387,0.000172388,0,0,0,0,0,0,0,0,0,0,0,0,0,0,0,0,0,0,0,0,0,0,0,255,0.21,4.51048,0.21,-0.000118096,0.00468536,1,1,1,1,1,1,1,0.0859277,-3.29437,-0.0608236,-0.00158691,0.00427254,-0.163822,18.0255,20887,1,367,123.177,5222,0,0.000884653,0.0552065,0.029744,0,0,0,1,499,0.215,1.95728e-05,5.18324e-05,1.1144e-05,-4.20815e-06,1.02586e-05,-6.0434e-06,0.422645,0.0258611,-0.000472397,0.0330423,-0.171128,0.000613704,0.000741269,-0.00260293,17.7609,2,0,0,0,0,0,-1,1,-9.04605e-07,-3.41779e-06,-0.171126,0,18.301,1,1010,1010,1010,1010,0,0,0,0,31.6354,56,0.00218524,-0.00162617,55,0.00110492,-0.00183234,56,0.00163541,0.00472281,56,0.00540223,0.00720335,56,-0.00154707,0.00495471,56,-0.00176352,0.00599666,56,0.00377905,0.00628501,56,0.00411995,0.00471342,52,0.0041083,0.00249985
5264363652499,5264352252000,5264352252000,5264363647184,73729,11.3952,5264378758539,26.5065,1,20107,84842,0,0,1,0,0,0.020003,500,500,497,0.994,2.63845,4.88652,0.697357,0.304632,-0.0265198,-0.0332947,-5.15078e-05,-5.05542e-05,0.000419024,-0.00569787,1,-0.00252733,0.002575,-0.002575,-0.00252733,1,1,-0.00218102,-0.00249718,-0.000393985,-3.01535e-05,0,0,0,0,0,0,0,0,0,0,0,0,0,0,0,0,0,0,0,0,0,0,0,255,0.21,2.28805,0.21,-0.00253579,-0.00293674,1,1,1,1,0,1,1,0.0859277,-3.29437,-0.0608236,-0.00158691,0.00427254,-0.163822,33.6983,20887,1,367,138.85,5222,0,0.000884653,0.0552065,0.029744,0,0,0,1,497,0.215,-4.36994e-05,-4.27623e-05,-9.1939e-06,9.39537e-06,-7.45484e-06,1.0823e-05,0.422637,0.0258719,-0.000475958,0.0330265,-0.171128,-0.000259927,-0.00012966,0.00114737,15.3858,2,0,0,0,0,0,-1,1,-9.04605e-07,-3.41779e-06,-0.171126,0,33.9678,1,1010,1010,1010,1010,0,0,0,0,47.3023,56,0.000551609,-0.00040284,53,-0.003962,-0.00648967,56,-0.00638368,0.000353168,56,-0.00522234,-0.00330913,56,-0.000304448,-0.00232753,56,0.00133422,-0.00256895,56,-0.00489393,-0.00254339,56,-0.000958299,-0.00333781,52,-0.0028404,-0.00113096
5264379277765,5264364230000,5264364230000,5264379267432,73729,15.0374,5264393584781,29.3548,0,20107,84843,0,0,1,0,0,0.011978,500,500,498,0.996,2.6667,5.08767,0.63082,0.303799,0.010849,-0.00932312,2.07184e-05,-1.20702e-05,0.000375886,0.00553545,1,-0.0010077,-0.0017297,0.0017297,-0.0010077,1,1,0.00191496,-0.00118138,-0.000185257,0.000173678,0,0,0,0,0,0,0,0,0,0,0,0,0,0,0,0,0,0,0,0,0,0,0,255,0.21,7.23692,0.21,0.00226328,-0.000993777,1,1,1,1,0,1,1,0.0859034,-3.29448,-0.0619021,-0.00172877,0.00386023,-0.164817,8.09299,20888,1,367,153.664,5222,0,0.000884653,0.0552065,0.029744,0,0,0,1,498,0.215,1.75785e-05,-1.02656e-05,-2.20711e-06,-3.77937e-06,-2.81732e-06,-3.34845e-06,0.422634,0.0258686,-0.000461876,0.0330435,-0.171154,0.000931518,0.000746817,0.0013825,7.85656,2,0,0,0,0,0,-1,1,-9.04605e-07,-3.41779e-06,-0.171164,0,8.36688,1,1010,1010,1010,1010,0,0,0,0,8.37108,55,0.0013914,0.00809443,55,0.00441634,-0.000943371,56,0.00904756,-0.00610497,56,0.000797515,-0.00171044,56,0.00249721,0.00263444,56,0.00422702,-0.00334444,56,0.00488846,-0.00308273,56,-0.00594518,-0.00282637,52,-0.00905082,-0.00168759
5264394092803,5264380270000,5264380270000,5264394088025,73729,13.818,5264407276236,27.0062,1,20108,84844,0,0,1,0,0,0.01604,500,500,500,1,2.67826,4.97402,0.673931,0.309798,0.0372467,0.0546951,6.80858e-05,0.000124153,-0.00209217,-0.00751239,1,0.00774021,-0.00424475,0.00424475,0.00774021,1,1,0.00448428,0.00767116,-0.000239534,6.90426e-05,0,0,0,0,0,0,0,0,0,0,0,0,0,0,0,0,0,0,0,0,0,0,0,255,0.21,2.28448,0.21,0.00308643,0.00599318,1,1,1,1,0,1,1,0.0859034,-3.29448,-0.0619021,-0.00172877,0.00386023,-0.164817,21.8,20888,1,367,167.371,5222,0,0.000884653,0.0552065,0.029744,0,0,0,1,500,0.215,5.77688e-05,0.00010526,2.26309e-05,-1.24203e-05,2.01727e-05,-1.60914e-05,0.422655,0.0258525,-0.00047145,0.0330307,-0.17116,0.000249991,0.000296883,0.00102399,13.4293,1,0,0,0,0,0,-1,1,-9.04605e-07,-3.41779e-06,-0.171164,0,22.0721,1,1010,1010,1010,1010,0,0,0,0,22.0763,56,0.010211,0.0110444,56,0.0028194,0.00347025,56,0.00643819,0.00402813,56,0.00447727,0.0113939,56,0.0034036,0.00611853,56,0.00103262,0.0100414,56,0.00293464,0.00842803,56,0.00166622,0.00847146,52,0.00618857,0.00463339
5264407809444,5264392243000,5264392243000,5264407798796,73729,15.5558,5264422004477,29.7615,0,20108,84845,0,0,1,0,0,0.011973,500,500,500,1,2.69471,4.68491,0.806432,0.314225,-0.0231934,0.00279236,-4.32038e-05,-1.37473e-05,0.0015723,0.00549084,1,-0.0011482,0.00360844,-0.00360844,-0.0011482,1,1,-0.00300091,-0.000936666,-0.000607524,-0.00021153,0,0,0,0,0,0,0,0,0,0,0,0,0,0,0,0,0,0,0,0,0,0,0,255,0.21,5.24043,0.21,-0.00378952,-0.000786293,1,1,1,1,1,1,1,0.0859034,-3.29448,-0.0619021,-0.00172877,0.00386023,-0.164817,36.5137,20888,1,367,182.085,5222,0,0.000884653,0.0552065,0.029744,0,0,0,1,500,0.215,-3.66415e-05,-1.16465e-05,-2.50399e-06,7.87793e-06,-1.12439e-06,8.18909e-06,0.422654,0.0258607,-0.000483226,0.0330145,-0.171157,-0.000733442,-0.000909579,0.00150313,14.4615,1,0,0,0,0,0,-1,1,-9.04605e-07,-3.41779e-06,-0.171164,0,36.7884,1,1010,1010,1010,1010,0,0,0,0,36.7926,56,0.00122029,-0.00613634,56,-0.010556,0.0046327,56,-0.00719437,0.00573665,56,-0.00281401,-0.000905125,56,-0.00191314,0.000427209,56,-0.00409146,-0.00158097,56,-0.00647168,0.00306079,56,0.00256618,0.000195894,52,0.00399039,-0.00722091
5264422575981,5264412249000,5264412249000,5264422570833,73729,10.3218,5264437934838,25.6858,1,20109,84846,0,0,1,0,0,0.020006,500,500,499,0.998,2.67159,5.00282,0.715431,0.325409,-0.0107422,-0.0453796,-1.38607e-05,-9.80656e-05,0.00400918,0.00651539,1,-0.00490181,0.000692825,-0.000692825,-0.00490181,1,1,-0.0010336,-0.00483556,0.000340778,-6.62539e-05,0,0,0,0,0,0,0,0,0,0,0,0,0,0,0,0,0,0,0,0,0,0,0,255,0.21,0.29728,0.21,-0.00134641,-0.00397403,1,1,1,1,0,1,1,0.0858209,-3.2946,-0.0631118,-0.0023157,0.00384445,-0.166051,1.61297,20889,1,367,198.008,5222,0,0.000884653,0.0552065,0.029744,0,0,0,1,499,0.215,-1.18376e-05,-8.31638e-05,-1.78802e-05,2.54509e-06,-1.71752e-05,5.5538e-06,0.422636,0.0258662,-0.000485871,0.0330112,-0.171282,1.43672e-05,-0.000284892,-0.00116078,1.38242,3,0,0,0,0,0,-1,1,-9.04605e-07,-3.41779e-06,-0.171293,0,1.87694,1,1010,1010,1010,1010,0,0,0,0,1.88099,56,-0.00277181,-0.0075276,55,0.0151412,-0.00908476,56,-0.00278343,-0.00412412,56,0.000546303,-0.0065199,56,-0.00615082,-0.00455664,56,-0.00641577,-0.00493459,56,9.87173e-05,-0.00461041,56,0.00207307,-0.00608789,52,0.00333363,-0.00451587
5264438423472,5264420285000,5264420285000,5264438412009,73729,18.127,5264451256161,30.9712,0,20109,84847,0,0,1,0,0,0.008036,500,500,500,1,2.69587,4.65759,0.589968,0.312928,0.0132446,-0.00817871,3.39074e-05,-7.87583e-06,0.00610723,-0.000915029,1,-0.000980069,-0.00421943,0.00421943,-0.000980069,1,1,0.00317386,-0.00115006,0.00104557,0.00016999,0,0,0,0,0,0,0,0,0,0,0,0,0,0,0,0,0,0,0,0,0,0,0,255,0.21,6.00136,0.21,0.00315423,-0.000697127,1,1,1,1,0,1,1,0.0858209,-3.2946,-0.0631118,-0.0023157,0.00384445,-0.166051,14.9426,20889,1,367,13.3239,5223,0,0.000884653,0.0574333,0.0293872,0,0,0,1,500,0.215,2.87902e-05,-6.63416e-06,-1.42634e-06,-6.1899e-06,-2.45965e-06,-5.85635e-06,0.422634,0.0258604,-0.000485871,0.0330112,-0.171282,0.000181718,0.000730958,-0.0034514,14.7002,0,0,0,0,0,0,-1,1,-9.04605e-07,-3.41779e-06,-0.171293,0,15.2223,1,1010,1010,1010,1010,0,0,0,0,15.2263,56,0.0188598,-0.00381458,56,-0.00649108,-0.00566432,56,-0.00319517,-0.00736905,56,0.000781937,0.00429255,56,-0.0042815,7.86002e-05,56,0.0126724,-0.0129354,56,0.00672009,-0.00294987,56,0.00224841,0.00724528,52,-0.00228051,0.00348289
5264451788017,5264440265000,5264440265000,5264451782054,73729,11.5171,5264465546917,25.2819,1,20110,84848,0,0,1,0,0,0.01998,500,500,494,0.988,2.64728,4.68772,0.725061,0.316392,0.0415115,0.00236511,7.7259e-05,-3.51744e-06,-0.000518979,-0.00448381,1,-0.000176048,-0.00386682,0.00386682,-0.000176048,1,1,0.00292811,-0.0002089,0.000938707,3.28521e-05,0,0,0,0,0,0,0,0,0,0,0,0,0,0,0,0,0,0,0,0,0,0,0,255,0.21,9.1474,0.21,0.00341701,0.000284652,1,1,1,1,0,1,1,0.0858209,-3.2946,-0.0631118,-0.0023157,0.00384445,-0.166051,29.2347,20889,1,367,27.616,5223,0,0.000884653,0.0574333,0.0293872,0,0,0,1,494,0.215,6.5495e-05,-2.9886e-06,-6.42548e-07,-1.40814e-05,-3.0334e-06,-1.37658e-05,0.422631,0.0258466,-0.000476349,0.0329897,-0.171333,0.000478272,0.000141264,-0.00284653,14.0114,2,0,0,0,0,0,-1,1,-9.04605e-07,-3.41779e-06,-0.171293,0,29.5012,1,1010,1010,1010,1010,0,0,0,0,29.5052,56,-0.000677869,0.00402032,55,-5.86723e-05,0.00148416,56,0.00160967,0.00034765,56,0.00662169,0.00127809,56,0.00483667,0.00336676,56,0.00607964,0.00160542,51,0.0010641,0.000428304,56,0.00502271,-0.00325733,52,0.00453528,-0.00169066
5264466057051,5264452245000,5264452245000,5264466045828,73729,13.8008,5264481484167,29.2392,0,20110,84849,0,0,1,0,0,0.01198,500,500,498,0.996,2.67267,4.9522,0.732931,0.309317,-0.00163269,-0.0100861,-4.47789e-05,-4.55529e-06,-0.00995145,0.00745317,1,-0.000380241,0.00373781,-0.00373781,-0.000380241,1,1,-0.00363392,-3.80047e-06,-0.000103885,-0.000376441,0,0,0,0,0,0,0,0,0,0,0,0,0,0,0,0,0,0,0,0,0,0,0,255,0.21,3.17647,0.21,-0.000456377,-0.00153073,1,1,1,1,1,1,1,0.0858209,-3.2946,-0.0631118,-0.0023157,0.00384445,-0.166051,45.1679,20889,1,367,43.5491,5223,0,0.000884653,0.0574333,0.0293872,0,0,0,1,498,0.215,-3.78919e-05,-3.91093e-06,-8.40851e-07,8.14675e-06,5.60695e-07,8.17078e-06,0.422631,0.0258548,-0.000472307,0.0329676,-0.171323,0.000912398,-0.0016187,0.00108728,15.6534,1,0,0,0,0,0,-1,1,-9.04605e-07,-3.41779e-06,-0.171293,0,45.4499,1,1010,1010,1010,1010,0,0,0,0,0.236909,56,-0.00339525,0.00865554,54,-0.00641206,0.00152268,56,0.0143796,0.000674812,56,-0.00146912,-0.00446623,56,-0.00102361,-0.00154661,56,0.00168288,-0.00269469,56,-0.00310966,-0.008358,56,-0.00300626,-0.00643358,52,-0.00385769,0.00507584
5264482067061,5264472247000,5264472247000,5264482062487,73729,9.81549,5264496931006,24.684,1,20111,84850,0,0,1,0,0,0.020002,500,500,500,1,2.73537,5.42091,0.605949,0.335966,-0.0229034,0.00370789,-3.75126e-05,1.61772e-05,-0.000626561,-0.00685348,1,0.000808779,0.00187544,-0.00187544,0.000808779,1,1,-0.000777789,0.000773374,-0.00109765,3.54047e-05,0,0,0,0,0,0,0,0,0,0,0,0,0,0,0,0,0,0,0,0,0,0,0,255,0.21,8.87301,0.21,-0.0028505,0.000843092,1,1,1,1,0,1,1,0.0857425,-3.29474,-0.0649306,-0.00190682,0.00411746,-0.167294,5.4943,20890,1,367,58.9962,5223,0,0.000884653,0.0574333,0.0293872,0,0,0,1,500,0.215,-3.18253e-05,1.37137e-05,2.94844e-06,6.84244e-06,4.06989e-06,6.24004e-06,0.422636,0.025861,-0.000489689,0.0329818,-0.171286,9.14638e-05,0.00015224,0.00384909,5.21145,3,0,0,0,0,0,-1,1,-9.04605e-07,-3.41779e-06,-0.171286,0,5.76171,1,1010,1010,1010,1010,0,0,0,0,15.6693,56,0.00533997,0.00149272,56,0.00165762,0.00134075,56,-0.00380907,0.00208907,56,-0.0036602,0.00078353,56,-0.00534049,-0.000328721,56,-0.0078595,-0.00348372,56,-0.000241435,0.00628143,56,-0.000702958,0.000984395,52,-0.00605862,0.000722805
5264497433381,5264480302000,5264480302000,5264497422862,73729,17.1209,5264510177755,29.8758,0,20111,84851,0,0,1,0,0,0.008055,500,500,464,0.928,2.69148,4.79028,0.652357,0.287354,-0.0185852,0.0313568,-4.02792e-05,4.97592e-05,0.00133977,0.00148846,1,0.00617743,0.00500052,-0.00500052,0.00617743,1,1,-0.00410367,0.00597463,-0.000896851,0.000202807,0,0,0,0,0,0,0,0,0,0,0,0,0,0,0,0,0,0,0,0,0,0,0,255,0.21,4.10833,0.21,-0.00557672,0.00709294,1,1,1,1,0,1,1,0.0857425,-3.29474,-0.0649306,-0.00190682,0.00411746,-0.167294,18.7441,20890,1,367,72.246,5223,0,0.000884653,0.0574333,0.0293872,0,0,0,1,464,0.215,-3.41755e-05,4.20911e-05,9.04959e-06,7.34773e-06,1.01646e-05,5.69856e-06,0.422646,0.0258667,-0.000489689,0.0329818,-0.171286,-0.00034394,0.000872071,0.00281002,18.4662,0,0,0,0,0,0,-1,1,-9.04605e-07,-3.41779e-06,-0.171286,0,19.01,1,1010,1010,1010,1010,0,0,0,0,28.9176,55,-0.0268046,0.0129269,56,-0.0049919,0.0148485,21,-0.0119877,0.00865699,56,0.00487327,0.00757997,56,-0.0101278,0.00217238,56,0.00311714,0.0108726,56,-0.00158579,0.00533942,56,-0.0173334,0.00353805,52,0.00221557,-0.000727401
5264510698018,5264500304000,5264500304000,5264510690277,73729,10.3863,5264524291972,23.988,1,20112,84852,0,0,1,0,0,0.020002,500,500,500,1,2.70048,4.59998,0.594967,0.322577,0.000534058,0.0268173,1.20281e-05,6.24481e-05,0.00120083,-0.00491906,1,0.00312209,-0.000601345,0.000601345,0.00312209,1,1,7.61937e-05,0.0031056,0.000525151,1.64904e-05,0,0,0,0,0,0,0,0,0,0,0,0,0,0,0,0,0,0,0,0,0,0,0,255,0.21,6.22303,0.21,-0.000469697,0.00161201,1,1,1,1,0,1,1,0.0857425,-3.29474,-0.0649306,-0.00190682,0.00411746,-0.167294,32.8613,20890,1,367,86.363,5223,0,0.000884653,0.0574333,0.0293872,0,0,0,1,500,0.215,1.01966e-05,5.29619e-05,1.13868e-05,-2.19228e-06,1.08401e-05,-4.10103e-06,0.422657,0.0258626,-0.000476625,0.0329653,-0.171379,0.000789625,7.09088e-05,-0.00117482,13.7486,2,0,0,0,0,0,-1,1,-9.04605e-07,-3.41779e-06,-0.171286,0,33.1355,1,1010,1010,1010,1010,0,0,0,0,43.0431,56,0.00574345,0.00601121,56,-0.000202986,0.00470187,56,-9.7298e-05,0.00368976,56,-0.00611072,0.00339998,56,0.00213249,0.000329788,56,0.000984343,0.00310267,56,-0.000154939,0.00348694,56,0.00411753,-0.00149746,52,0.000347171,0.00298591
5264524813199,5264512243000,5264512243000,5264524802236,73729,12.5592,5264541903457,29.6605,0,20112,84853,0,0,1,0,0,0.011939,500,500,478,0.956,2.64498,5.29943,0.613449,0.300428,0.0273132,-0.0250549,6.55646e-05,-5.3818e-05,0.00848788,0.0048481,1,-0.00450775,-0.00549164,0.00549164,-0.00450775,1,1,0.00380428,-0.00433283,0.00168736,-0.00017492,0,0,0,0,0,0,0,0,0,0,0,0,0,0,0,0,0,0,0,0,0,0,0,255,0.21,1.02845,0.21,0.00398021,-0.00374012,1,1,1,1,1,1,1,0.0856316,-3.2949,-0.066938,-0.00246326,0.00371764,-0.168356,1.81738,20891,1,367,103.962,5223,0,0.000884653,0.0574333,0.0293872,0,0,0,1,478,0.215,5.55683e-05,-4.5581e-05,-9.79992e-06,-1.19472e-05,-1.16895e-05,-1.01006e-05,0.422645,0.0258525,-0.000447612,0.0329539,-0.171484,0.00180398,-0.000752158,-0.00436131,1.58907,2,0,0,0,0,0,-1,1,-9.04605e-07,-3.41779e-06,-0.171494,0,2.08211,1,1010,1010,1010,1010,0,0,0,0,2.08603,55,0.0103037,-0.00158879,56,0.000148786,-0.007181,56,0.00487824,-0.00511567,56,0.00589133,-0.00279744,56,0.00391331,-0.00771447,56,0.00672611,-0.00553211,35,0.00292846,-0.00313674,56,0.00591595,-0.000158377,52,0.00842748,-0.00604537
5264542439258,5264532251000,5264532251000,5264542434091,73729,10.1831,5264556593994,24.343,1,20113,84854,0,0,1,0,0,0.020008,500,500,500,1,2.67565,4.79981,0.600616,0.313632,0.0327911,-0.0208817,4.69603e-05,-1.04814e-05,-0.00217851,-0.00793039,1,-0.00052386,-0.00234708,0.00234708,-0.00052386,1,1,0.00132023,-0.000588779,0.00102685,6.49198e-05,0,0,0,0,0,0,0,0,0,0,0,0,0,0,0,0,0,0,0,0,0,0,0,255,0.21,8.50745,0.21,0.00131332,-0.000565739,1,1,1,1,0,1,1,0.0856316,-3.2949,-0.066938,-0.00246326,0.00371764,-0.168356,16.5195,20891,1,367,118.664,5223,0,0.000884653,0.0574333,0.0293872,0,0,0,1,500,0.215,3.98783e-05,-8.89056e-06,-1.91147e-06,-8.57383e-06,-3.34557e-06,-8.12201e-06,0.422641,0.0258444,-0.000452351,0.032952,-0.171509,0.000914812,0.000279155,-0.0028005,14.4581,1,0,0,0,0,0,-1,1,-9.04605e-07,-3.41779e-06,-0.171494,0,16.7949,1,1010,1010,1010,1010,0,0,0,0,16.7988,56,0.000626033,-0.00386793,56,-0.00857919,0.00498871,56,0.0048667,-0.000488898,56,0.00292904,-0.00132687,56,0.00525385,0.000360945,56,0.00536996,-0.00255769,56,0.00405859,-0.00203742,56,0.00527041,0.00433142,52,-0.00238268,-0.00083151
5264557117517,5264552245000,5264552245000,5264557113609,73729,4.86861,5264570643730,18.3987,1,20114,84855,0,0,1,0,0,0.019994,500,500,499,0.998,2.6998,4.898,0.675968,0.305446,-0.0121155,0.0396881,-5.84751e-05,8.02408e-05,-0.00172479,-0.00359785,1,0.00401324,0.00292463,-0.00292463,0.00401324,1,1,-0.00304162,0.00381122,0.000116985,0.000202029,0,0,0,0,0,0,0,0,0,0,0,0,0,0,0,0,0,0,0,0,0,0,0,255,0.21,2.8888,0.21,-0.00294518,0.00313043,1,1,1,1,0,1,1,0.0856316,-3.2949,-0.066938,-0.00246326,0.00371764,-0.168356,30.5671,20891,1,367,132.711,5223,0,0.000884653,0.0574333,0.0293872,0,0,0,1,499,0.215,-4.95416e-05,6.79683e-05,1.46132e-05,1.06514e-05,1.62087e-05,8.00245e-06,0.422658,0.0258524,-0.000459574,0.0329571,-0.171514,-0.000121692,0.000868726,-0.000499782,13.7924,1,0,0,0,0,0,-1,1,-9.04605e-07,-3.41779e-06,-0.171494,0,30.8381,1,1010,1010,1010,1010,0,0,0,0,30.842,55,-0.00235021,0.00172161,56,-0.00805472,0.00151796,56,0.00124231,0.00411377,56,0.00219202,0.00519874,56,0.000984611,0.00824693,56,-0.00115243,0.00433231,56,-0.0022541,0.0014139,56,-0.00248712,0.000775811,52,-0.00357516,0.00457381
5264571153086,5264560256000,5264560256000,5264571144697,73729,10.8887,5264583680958,23.425,0,20114,84856,0,0,1,0,0,0.008011,500,500,494,0.988,2.64817,4.649,0.762043,0.321336,-0.0254593,0.000488281,-6.69573e-05,-1.59565e-05,-0.0150303,0.00102185,1,-0.00199182,0.00835817,-0.00835817,-0.00199182,1,1,-0.00740321,-0.00202605,-0.000954964,3.42311e-05,0,0,0,0,0,0,0,0,0,0,0,0,0,0,0,0,0,0,0,0,0,0,0,255,0.21,5.58927,0.21,-0.00453274,-0.00147786,1,1,1,1,0,1,1,0.0856316,-3.2949,-0.066938,-0.00246326,0.00371764,-0.168356,43.6052,20891,1,367,145.749,5223,0,0.000884653,0.0574333,0.0293872,0,0,0,1,494,0.215,-5.67471e-05,-1.34546e-05,-2.89273e-06,1.22006e-05,-7.66949e-07,1.25151e-05,0.422657,0.0258649,-0.000466019,0.0329386,-0.171486,-0.000377269,0.000147194,0.00298326,12.7435,2,0,0,0,0,0,-1,1,-9.04605e-07,-3.41778e-06,-0.171507,0,0.217705,1,1010,1010,1010,1010,0,0,0,0,0.221335,56,0.00605781,0.00951336,54,0.00870651,-0.00545995,56,-0.0104643,-0.000541304,56,-0.0168808,-0.0070887,56,-0.00119662,-0.0166876,56,-0.00498858,0.00557093,52,-0.0150761,-0.000659484,56,-0.00910683,0.0038208,52,-0.00523171,0.00547339
5264584222592,5264572236000,5264572236000,5264584212592,73729,11.9766,5264598057789,25.8218,0,20114,84857,0,0,1,0,0,0.01198,500,500,498,0.996,2.66559,5.07019,0.658116,0.311928,-0.0173187,-0.0233536,-2.94458e-05,-3.92685e-05,-0.000291042,-0.000814093,1,-0.00327784,0.00245791,-0.00245791,-0.00327784,1,1,-0.00174286,-0.00311792,-0.000715046,-0.000159917,0,0,0,0,0,0,0,0,0,0,0,0,0,0,0,0,0,0,0,0,0,0,0,255,0.21,-0.484133,0.21,-0.00173316,-0.00353768,1,1,1,1,1,1,1,0.085569,-3.295,-0.0679844,-0.00256869,0.00379984,-0.169218,14.3204,20892,1,367,160.134,5223,0,0.000884653,0.0574333,0.0293872,0,0,0,1,498,0.215,-2.49974e-05,-3.33511e-05,-7.17048e-06,5.37444e-06,-6.14435e-06,6.51865e-06,0.422651,0.0258714,-0.000460949,0.0329245,-0.171497,0.000431993,-0.000687642,0.00280535,12.732,1,0,0,0,0,0,-1,1,-9.04605e-07,-3.41778e-06,-0.171507,0,14.5939,1,1010,1010,1010,1010,0,0,0,0,14.5976,55,-0.0146814,-0.00479418,55,0.00926904,0.0130568,56,0.00409472,-0.00321857,56,-0.0015467,-0.00431632,56,-0.00938647,0.000332478,56,-0.00639788,-0.00399564,56,-0.00302598,0.00111841,56,0.00556056,-0.0154133,52,-0.0113717,-0.00589501
5264598639608,5264592236000,5264592236000,5264598634923,73729,6.39892,5264613067884,20.8319,1,20115,84858,0,0,1,0,0,0.02,500,500,470,0.94,2.68971,4.70174,0.580597,0.291299,0.00636292,-0.0500031,-1.54715e-06,-7.32167e-05,-0.00489611,-0.00222903,1,-0.00366083,7.73575e-05,-7.73575e-05,-0.00366083,1,1,-0.000265048,-0.00342818,0.00018769,-0.000232655,0,0,0,0,0,0,0,0,0,0,0,0,0,0,0,0,0,0,0,0,0,0,0,255,0.21,3.79306,0.21,0.000272811,-0.00330532,1,1,1,1,0,1,1,0.085569,-3.295,-0.0679844,-0.00256869,0.00379984,-0.169218,29.3214,20892,1,367,175.135,5223,0,0.000884653,0.0574333,0.0293872,0,0,0,1,470,0.215,-1.25035e-06,-6.19926e-05,-1.33284e-05,2.68826e-07,-1.30798e-05,2.53871e-06,0.422638,0.025874,-0.000445161,0.0329114,-0.171533,0.00105638,-0.00100042,0.000199448,14.7336,1,0,0,0,0,0,-1,1,-9.04605e-07,-3.41778e-06,-0.171507,0,29.5861,1,1010,1010,1010,1010,0,0,0,0,29.5897,39,0.00261266,-0.00312361,56,-0.00662556,-0.00713814,43,-0.00144708,-0.00375964,56,-0.00169522,-0.00626068,56,0.00541416,-0.00486335,56,0.00168681,-0.00634903,56,-0.0018717,-0.0039794,56,0.00021362,-0.00176495,52,0.000220927,-0.00176528
5264613572647,5264600259000,5264600259000,5264613562888,73729,13.3039,5264626608079,26.3491,0,20115,84859,0,0,1,0,0,0.008023,500,500,499,0.998,2.67248,5.08974,0.583634,0.315299,0.023056,-0.00506592,5.04207e-05,-4.02134e-05,0.0134518,0.0216401,1,-0.00501227,-0.00628452,0.00628452,-0.00501227,1,1,0.00505771,-0.00502554,0.00122681,1.32715e-05,0,0,0,0,0,0,0,0,0,0,0,0,0,0,0,0,0,0,0,0,0,0,0,255,0.21,8.19712,0.21,0.00382437,-0.00035526,1,1,1,1,0,1,1,0.085569,-3.295,-0.0679844,-0.00256869,0.00379984,-0.169218,42.8686,20892,1,367,188.682,5223,0,0.000884653,0.0574333,0.0293872,0,0,0,1,499,0.215,4.2706e-05,-3.40992e-05,-7.33133e-06,-9.1818e-06,-8.78761e-06,-7.79562e-06,0.422629,0.0258662,-0.00040881,0.0329068,-0.171614,0.00228654,5.70677e-05,-0.002391,13.2619,2,0,0,0,0,0,-1,1,-9.04605e-07,-3.41778e-06,-0.171507,0,43.1407,1,1010,1010,1010,1010,0,0,0,0,43.1443,56,-0.000987208,-0.00893976,55,0.0110033,-0.0127646,56,0.00263972,0.00463839,56,0.00155168,-0.00256534,56,0.0047569,0.000296582,56,0.01494,-0.00323183,56,0.0216956,-0.0105497,56,0.00538152,-0.00120154,52,0.00115606,-0.00391166
5264627134287,5264608274000,5264608274000,5264627123157,73729,18.8492,5264643351780,35.0778,0,20115,84860,0,0,1,0,0,0.008015,500,500,499,0.998,2.65148,7.14661,0.663357,0.315151,0.0151215,0.0035553,-3.42253e-05,3.65535e-05,-0.0219332,-0.0165602,1,0.00456064,0.00427015,-0.00427015,0.00456064,1,1,-0.00401469,0.0043777,-0.000255463,0.00018294,0,0,0,0,0,0,0,0,0,0,0,0,0,0,0,0,0,0,0,0,0,0,0,255,0.21,1.8374,0.21,0.00109677,0.0028407,1,1,1,1,0,1,1,0.0855375,-3.29511,-0.0689883,-0.00215057,0.0043107,-0.169305,5.55552,20893,1,367,5.49976,5224,0,0.000884653,0.059573,0.0290701,0,0,0,1,499,0.215,-2.8897e-05,3.09861e-05,6.66201e-06,6.21285e-06,7.62131e-06,4.98481e-06,0.422637,0.0258712,-0.000420816,0.0329109,-0.171576,0.000301923,0.000786643,0.00112033,5.32072,2,0,0,0,0,0,-1,1,-9.04605e-07,-3.41778e-06,-0.171586,0,5.82967,1,1010,1010,1010,1010,0,0,0,0,5.83434,55,0.00564299,0.00298261,56,-0.0244649,0.0294048,56,0.00783439,0.00568829,56,0.0161293,-0.00240361,56,0.00363884,-0.000826798,56,0.000229599,0.00158061,56,-0.00348913,-0.000108587,56,-0.00718376,-0.00160457,52,0.0116834,0.0106266
5264643866654,5264628267000,5264628267000,5264643860450,73729,15.5934,5264658340393,30.0734,1,20116,84861,0,0,1,0,0,0.019993,500,500,500,1,2.63671,5.12717,0.657893,0.312928,-0.0578003,0.0587234,-0.000162175,0.000134028,-0.0102451,-0.00521603,1,0.00670375,0.00811157,-0.00811157,0.00670375,1,1,-0.00651695,0.00682481,-0.00159462,-0.000121068,0,0,0,0,0,0,0,0,0,0,0,0,0,0,0,0,0,0,0,0,0,0,0,255,0.21,8.43119,0.21,-0.00689471,0.00435578,1,1,1,1,1,1,1,0.0855375,-3.29511,-0.0689883,-0.00215057,0.0043107,-0.169305,20.5567,20893,1,367,20.5009,5224,0,0.000884653,0.059573,0.0290701,0,0,0,1,500,0.215,-0.000137385,0.000113548,2.44128e-05,2.95377e-05,2.90834e-05,2.4939e-05,0.422666,0.0258961,-0.000435971,0.03289,-0.171548,-0.00122977,-0.000520594,0.00450167,14.7449,1,0,0,0,0,0,-1,1,-9.04605e-07,-3.41778e-06,-0.171586,0,20.8274,1,1010,1010,1010,1010,0,0,0,0,20.8321,56,-0.00479629,0.00763577,56,-0.0135561,-0.00139406,56,-0.00084196,0.00566955,56,-0.00726457,0.0031835,56,-0.0079956,0.0092893,56,-0.00490115,0.00497292,56,-0.00451633,0.00657651,56,-0.0061203,0.00843098,52,-0.0113343,0.00774152
5264658922805,5264648278000,5264648278000,5264658918027,73729,10.64,5264673858843,25.5808,1,20117,84862,0,0,1,0,0,0.020011,500,500,498,0.996,2.67369,4.70272,0.656709,0.329984,-0.0651398,-0.0178986,-0.000154497,-1.53041e-05,-0.0082045,-0.00856517,1,-0.000764786,0.00772063,-0.00772063,-0.000764786,1,1,-0.0069228,-0.000492893,-0.000797826,-0.000271893,0,0,0,0,0,0,0,0,0,0,0,0,0,0,0,0,0,0,0,0,0,0,0,255,0.21,3.14465,0.21,-0.00526268,-0.00201657,1,1,1,1,0,1,1,0.0855375,-3.29511,-0.0689883,-0.00215057,0.0043107,-0.169305,36.0646,20893,1,367,36.0088,5224,0,0.000884653,0.059573,0.0290701,0,0,0,1,498,0.215,-0.000130931,-1.29439e-05,-2.78294e-06,2.81502e-05,2.06523e-06,2.82119e-05,0.422668,0.0259243,-0.000432365,0.0328701,-0.171575,-0.000489689,-0.00116914,0.00235277,15.2599,1,0,0,0,0,0,-1,1,-9.04605e-07,-3.41778e-06,-0.171586,0,36.3342,1,1010,1010,1010,1010,0,0,0,0,36.3388,55,-0.00710266,-0.00241203,55,-0.0105362,0.00435502,56,-0.00927677,-0.00456918,56,-0.0043377,-0.00138703,56,-0.00478786,0.000127332,56,-0.0040094,0.000813677,56,-0.00840709,0.000358618,56,-0.00859672,-0.00100818,52,-0.00793308,0.000215857
5264674364384,5264660270000,5264660270000,5264674354514,73729,14.0845,5264688591677,28.3217,0,20117,84863,0,0,1,0,0,0.011992,500,500,486,0.972,2.66232,5.0085,0.665987,0.305502,0.02565,-0.0229034,5.98405e-05,-6.59671e-05,0.0119521,0.0132395,1,-0.00550092,-0.00499004,0.00499004,-0.00550092,1,1,0.00346726,-0.00531403,0.00152278,-0.000186889,0,0,0,0,0,0,0,0,0,0,0,0,0,0,0,0,0,0,0,0,0,0,0,255,0.21,7.21046,0.21,0.00377959,-0.0026401,1,1,1,1,0,1,1,0.0855375,-3.29511,-0.0689883,-0.00215057,0.0043107,-0.169305,50.798,20893,1,367,50.7422,5224,0,0.000884653,0.059573,0.0290701,0,0,0,1,486,0.215,5.06278e-05,-5.59671e-05,-1.20329e-05,-1.0885e-05,-1.37098e-05,-8.66915e-06,0.422654,0.0259156,-0.000420202,0.0328571,-0.171772,0.000621497,-0.000803621,-0.00474116,14.4461,2,0,0,0,0,0,-1,1,-9.04605e-07,-3.41778e-06,-0.171857,0,0.251002,1,1010,1010,1010,1010,0,0,0,0,0.255187,56,-0.00416046,-0.00423118,56,0.0135234,0.00178635,42,0.00566197,0.00310013,56,0.0102267,-0.00504895,56,0.00935782,-0.00615834,56,0.00229482,-0.00414104,56,0.00482921,-0.00998376,56,0.00795984,-0.00718443,52,-0.00319647,-0.011631
5264689102033,5264680260000,5264680260000,5264689096644,73729,8.83664,5264702551783,22.2918,1,20118,84864,0,0,1,0,0,0.01999,500,500,499,0.998,2.68619,4.68057,0.586171,0.30715,0.0828857,-0.0141296,0.000188745,2.26936e-05,0.0105478,-0.00860635,1,0.00113525,-0.00944197,0.00944197,0.00113525,1,1,0.00666915,0.000998097,0.00277282,0.00013715,0,0,0,0,0,0,0,0,0,0,0,0,0,0,0,0,0,0,0,0,0,0,0,255,0.21,2.90436,0.21,0.00673338,0.000778284,1,1,1,1,0,1,1,0.0854354,-3.29527,-0.0710212,-0.0027081,0.0032853,-0.169459,13.9457,20894,1,367,64.7024,5224,0,0.000884653,0.059573,0.0290701,0,0,0,1,499,0.215,0.000160079,1.92842e-05,4.1461e-06,-3.44169e-05,-1.80214e-06,-3.46187e-05,0.422652,0.025881,-0.000405617,0.0328553,-0.171848,0.00187316,0.000589746,-0.00803998,13.7085,1,0,0,0,0,0,-1,1,-9.04605e-07,-3.41778e-06,-0.171857,0,14.2292,1,1010,1010,1010,1010,0,0,0,0,14.2334,56,0.0139327,0.00248685,55,0.00544378,0.006109,56,0.00768759,-0.00559813,56,0.0100544,0.00138549,56,0.0100284,0.00143143,56,0.00948544,0.00102895,56,0.00766591,0.000389037,56,0.00704526,-0.00140721,52,0.0126315,0.0035025
5264703080342,5264688270000,5264688270000,5264703069231,73729,14.7992,5264717456803,29.1868,0,20118,84865,0,0,1,0,0,0.00801,500,500,499,0.998,2.65437,4.9015,0.619246,0.310428,0.0123596,-0.0153656,4.17991e-06,-1.3768e-05,-0.0224066,0.0103932,1,-0.00171885,-0.000521837,0.000521837,-0.00171885,1,1,-6.6014e-05,-0.00169402,0.000587851,-2.48376e-05,0,0,0,0,0,0,0,0,0,0,0,0,0,0,0,0,0,0,0,0,0,0,0,255,0.21,5.74799,0.21,0.00125505,-0.00162136,1,1,1,1,1,1,1,0.0854354,-3.29527,-0.0710212,-0.0027081,0.0032853,-0.169459,28.8504,20894,1,367,79.607,5224,0,0.000884653,0.059573,0.0290701,0,0,0,1,499,0.215,3.60617e-06,-1.17019e-05,-2.51591e-06,-7.75326e-07,-2.61007e-06,-3.33999e-07,0.42265,0.0258807,-0.000405271,0.0328399,-0.171814,0.00139328,-0.000106802,-0.000907582,14.6228,2,0,0,0,0,0,-1,1,-9.04605e-07,-3.41778e-06,-0.171857,0,29.1223,1,1010,1010,1010,1010,0,0,0,0,29.1265,56,-0.00114298,0.00485115,55,0.00721782,0.00750079,56,0.00941137,-0.00331942,56,-0.00631336,-0.00816055,56,-0.00995207,-0.00836542,56,-0.0162207,-0.00679185,56,0.003284,-0.0108417,56,0.00830497,-0.002787,52,0.00968246,-0.000807079
5264718017455,5264708278000,5264708278000,5264718012473,73729,9.73447,5264731765892,23.4879,1,20119,84866,0,0,1,0,0,0.020008,500,500,499,0.998,2.6748,4.77807,0.670024,0.306187,-0.0692139,-0.0201111,-0.000142422,-3.92646e-05,0.00115909,-0.00214751,1,-0.00196244,0.00711827,-0.00711827,-0.00196244,1,1,-0.00499163,-0.00177926,-0.00212665,-0.000183182,0,0,0,0,0,0,0,0,0,0,0,0,0,0,0,0,0,0,0,0,0,0,0,255,0.21,1.36957,0.21,-0.00708649,-0.00203163,1,1,1,1,0,1,1,0.0854354,-3.29527,-0.0710212,-0.0027081,0.0032853,-0.169459,43.1602,20894,1,367,93.9168,5224,0,0.000884653,0.059573,0.0290701,0,0,0,1,499,0.215,-0.000120706,-3.32505e-05,-7.14886e-06,2.59517e-05,-2.60483e-06,2.67911e-05,0.422647,0.0259075,-0.000415795,0.0328311,-0.171753,-0.000676126,-0.000787681,0.00677476,14.0577,1,0,0,0,0,0,-1,1,-9.04605e-07,-3.41778e-06,-0.171857,0,43.4539,1,1010,1010,1010,1010,0,0,0,0,0.248095,56,-0.00249023,-0.00476374,55,-0.0130466,-0.00445783,56,-0.00456933,-0.00669145,56,-0.00553972,-0.000309548,56,-0.00559257,-0.00322003,56,-0.0038105,-0.0062279,56,-0.00792187,0.000397682,56,-0.00848392,0.00144402,52,-0.0109168,0.00199666
5264732302619,5264720293000,5264720293000,5264732291896,73729,11.9989,5264747044619,26.7516,0,20119,84867,0,0,1,0,0,0.012015,500,500,500,1,2.64587,4.82052,0.599431,0.314613,-0.0421066,0.0124207,-0.000126464,4.0883e-05,-0.0121745,-0.00800847,1,0.00340266,0.0105255,-0.0105255,0.00340266,1,1,-0.00923077,0.0032063,-0.00129471,0.000196357,0,0,0,0,0,0,0,0,0,0,0,0,0,0,0,0,0,0,0,0,0,0,0,255,0.21,5.47195,0.21,-0.00783491,0.00252791,1,1,1,1,0,1,1,0.0853896,-3.29541,-0.0723974,-0.00188363,0.00306581,-0.169234,5.40115,20895,1,367,109.191,5224,0,0.000884653,0.059573,0.0290701,0,0,0,1,500,0.215,-0.000107199,3.4623e-05,7.44395e-06,2.30477e-05,1.12687e-05,2.14374e-05,0.422658,0.0259289,-0.000410095,0.0328547,-0.171729,-1.9628e-06,0.000844334,0.00445225,5.12354,3,0,0,0,0,0,-1,1,-9.04605e-07,-3.41778e-06,-0.171713,0,5.66865,1,1010,1010,1010,1010,0,0,0,0,15.4968,56,-0.00623143,0.00674046,56,-0.0193918,0.0134817,56,0.00025531,-0.000960099,56,-0.0179885,-0.00131137,56,-0.0146031,0.00274372,56,-0.00755938,0.00269866,56,-0.00965662,0.00272738,56,-0.00370512,0.00226707,52,-0.00694128,0.00315813
5264747548345,5264728273000,5264728273000,5264747538363,73729,19.2654,5264762099862,33.8269,0,20119,84868,0,0,1,0,0,0.00798,500,500,499,0.998,2.63809,6.5617,0.664912,0.309224,-0.0201416,0.0377502,-1.75886e-05,5.41016e-05,8.93544e-05,-0.00131354,1,0.00677965,0.00220408,-0.00220408,0.00677965,1,1,-0.00202725,0.00644083,-0.000176834,0.000338823,0,0,0,0,0,0,0,0,0,0,0,0,0,0,0,0,0,0,0,0,0,0,0,255,0.21,0.411244,0.21,-0.00295717,0.00759133,1,1,1,1,0,1,1,0.0853896,-3.29541,-0.0723974,-0.00188363,0.00306581,-0.169234,20.4596,20895,1,367,124.249,5224,0,0.000884653,0.059573,0.0290701,0,0,0,1,499,0.215,-1.4939e-05,4.58496e-05,9.85766e-06,3.21188e-06,1.02562e-05,1.48101e-06,0.422668,0.0259304,-0.000410095,0.0328547,-0.171729,0.000777666,0.00145694,0.00123044,20.1747,0,0,0,0,0,0,-1,1,-9.04605e-07,-3.41778e-06,-0.171713,0,20.732,1,1010,1010,1010,1010,0,0,0,0,30.5602,56,0.00565446,0.00773413,55,0.00545659,-0.00187095,56,-0.000902765,0.00878459,56,0.00582369,0.0123555,56,-0.00711162,0.0143087,56,-0.00800528,0.00419486,56,-0.00700091,0.0154514,56,-0.0095462,0.00458301,52,-0.0073381,0.00683381
5264762618218,5264748274000,5264748274000,5264762613144,73729,14.3391,5264776648676,28.3747,1,20120,84869,0,0,1,0,0,0.020001,500,500,500,1,2.65998,4.68246,0.621967,0.316965,0.0530624,0.0387878,9.22123e-05,8.07612e-05,0.00333952,-0.00231145,1,0.00403786,-0.00461038,0.00461038,0.00403786,1,1,0.00336625,0.00424526,0.00124413,-0.000207403,0,0,0,0,0,0,0,0,0,0,0,0,0,0,0,0,0,0,0,0,0,0,0,255,0.21,5.02187,0.21,0.00379014,0.00233713,1,1,1,1,1,1,1,0.0853896,-3.29541,-0.0723974,-0.00188363,0.00306581,-0.169234,35.0104,20895,1,367,138.8,5224,0,0.000884653,0.059573,0.0290701,0,0,0,1,500,0.215,7.81883e-05,6.84521e-05,1.47172e-05,-1.68105e-05,1.16174e-05,-1.90787e-05,0.42268,0.0259113,-0.00038534,0.0327881,-0.171887,0.00156708,-0.000891831,-0.00302614,5.36252,3,0,0,0,0,0,-1,1,-9.04605e-07,-3.41778e-06,-0.171713,0,35.2774,1,1010,1010,1010,1010,0,0,0,0,45.1056,56,0.00077566,0.00440055,56,0.00513398,0.0035544,56,0.00361473,0.00361922,56,0.0052036,0.00425159,56,0.00636074,0.00365423,56,0.00720494,0.00756028,56,0.00626322,0.000742957,56,0.00837332,0.00207653,52,0.00198641,0.00566923
5264777213125,5264768274000,5264768274000,5264777208069,73729,8.93407,5264792606334,24.3323,1,20121,84870,0,0,1,0,0,0.02,500,500,499,0.998,2.67,5.29021,0.663727,0.31141,0.0490875,-0.0708313,7.85096e-05,-0.000136827,-0.00317416,0.000598124,1,-0.00684136,-0.00392548,0.00392548,-0.00684136,1,1,0.00293917,-0.00648431,0.00098631,-0.000357044,0,0,0,0,0,0,0,0,0,0,0,0,0,0,0,0,0,0,0,0,0,0,0,255,0.21,-0.350465,0.21,0.00252884,-0.0065533,1,1,1,1,0,1,1,0.0852902,-3.29556,-0.0734055,-0.00264648,0.0036119,-0.167856,2.02555,20896,1,367,154.752,5224,0,0.000884653,0.059573,0.0290701,0,0,0,1,499,0.215,6.66438e-05,-0.000115989,-2.49377e-05,-1.43284e-05,-2.7008e-05,-9.85286e-06,0.422653,0.0259015,-0.000396278,0.0327807,-0.171937,-0.000111951,-0.00153529,-0.00348247,1.79027,1,0,0,0,0,0,-1,1,-9.04605e-07,-3.41778e-06,-0.171946,0,2.29926,1,1010,1010,1010,1010,0,0,0,0,2.30289,56,0.000937927,-0.0126041,55,-0.0131225,0.00071851,56,0.00842532,-0.00366651,56,0.0061437,-0.00821297,56,0.00774792,-0.00613311,56,0.00869658,-0.00950651,56,0.00626546,-0.00551972,56,-0.000215568,-0.0100518,52,0.00511275,-0.0071221
5264793113948,5264780252000,5264780252000,5264793103948,73729,12.8519,5264807355834,27.1038,0,20121,84871,0,0,1,0,0,0.011978,500,500,500,1,2.64869,4.9147,0.67332,0.314429,-0.0159302,-0.0154572,7.7273e-06,-7.71338e-06,0.0190605,-0.0100603,1,-0.000643963,-0.000645125,0.000645125,-0.000643963,1,1,0.000204718,-0.000626651,0.000440407,-1.73111e-05,0,0,0,0,0,0,0,0,0,0,0,0,0,0,0,0,0,0,0,0,0,0,0,255,0.21,5.38982,0.21,-0.0033862,-0.000272417,1,1,1,1,0,1,1,0.0852902,-3.29556,-0.0734055,-0.00264648,0.0036119,-0.167856,16.7822,20896,1,367,169.508,5224,0,0.000884653,0.059573,0.0290701,0,0,0,1,500,0.215,6.48066e-06,-6.54143e-06,-1.40641e-06,-1.39334e-06,-1.62333e-06,-1.13225e-06,0.422651,0.0259003,-0.000412267,0.0327825,-0.17197,-0.000997662,-7.44379e-05,-0.00231313,14.5138,1,0,0,0,0,0,-1,1,-9.04605e-07,-3.41778e-06,-0.171946,0,17.0668,1,1010,1010,1010,1010,0,0,0,0,17.0705,56,-0.0093762,-0.00562691,56,0.0191438,0.00558309,56,-0.00135335,-0.00950472,56,-0.00143085,0.00260175,56,-0.00644847,-0.000330348,56,0.00109448,-0.00301978,56,0.00117609,0.00195596,56,0.00637769,-0.000213199,52,-0.0160027,0.00161673
5264807882838,5264800252000,5264800252000,5264807878486,73729,7.62649,5264821169161,20.9172,1,20122,84872,0,0,1,0,0,0.02,500,500,473,0.946,2.65067,4.74148,0.607041,0.288872,-0.0180664,0.0108948,-5.98049e-05,1.24549e-06,-0.00708948,0.0084421,1,6.22744e-05,0.00299024,-0.00299024,6.22744e-05,1,1,-0.00324852,-0.00012659,0.00025828,0.000188865,0,0,0,0,0,0,0,0,0,0,0,0,0,0,0,0,0,0,0,0,0,0,0,255,0.21,-0.147871,0.21,-0.00140102,0.002561,1,1,1,1,0,1,1,0.0852902,-3.29556,-0.0734055,-0.00264648,0.0036119,-0.167856,30.5914,20896,1,367,183.318,5224,0,0.000884653,0.059573,0.0290701,0,0,0,1,473,0.215,-5.06628e-05,1.0681e-06,2.29641e-07,1.08925e-05,2.09024e-06,1.06925e-05,0.422654,0.025911,-0.000411529,0.0327853,-0.171997,-0.00089927,0.000812117,-0.0016079,13.561,1,0,0,0,0,0,-1,1,-9.04605e-07,-3.41778e-06,-0.171946,0,30.8545,1,1010,1010,1010,1010,0,0,0,0,30.8582,56,0.00585539,0.00645694,55,0.00177804,-0.00524999,42,-0.00205047,0.00325036,56,-0.00191465,-0.000166606,56,-0.00409288,0.00203906,56,-0.00281296,0.0016457,44,-0.00385716,-0.00315428,56,-0.00740451,-0.00147123,52,-0.000109909,-0.00398258
5264821678201,5264808272000,5264808272000,5264821665535,73729,13.3935,5264834723504,26.4515,0,20122,84873,0,0,1,0,0,0.00802,500,500,500,1,2.66961,4.83174,0.680098,0.313521,-0.0203552,-0.0102081,-5.35061e-05,-1.44342e-05,-0.00892205,-0.00972969,1,-0.00179978,0.00667158,-0.00667158,-0.00179978,1,1,-0.00654828,-0.00187105,-0.000123304,7.1271e-05,0,0,0,0,0,0,0,0,0,0,0,0,0,0,0,0,0,0,0,0,0,0,0,255,0.21,3.51412,0.21,-0.00270667,-0.00198613,1,1,1,1,1,1,1,0.0852902,-3.29556,-0.0734055,-0.00264648,0.0036119,-0.167856,44.1491,20896,1,367,196.875,5224,0,0.000884653,0.059573,0.0290701,0,0,0,1,500,0.215,-4.53682e-05,-1.22134e-05,-2.62589e-06,9.75416e-06,-9.16552e-07,1.00594e-05,0.422653,0.0259211,-0.000390593,0.0327676,-0.171987,0.000623946,0.000306465,0.000923322,13.2713,2,0,0,0,0,0,-1,1,-9.04606e-07,-3.41778e-06,-0.171982,0,0.261724,1,1010,1010,1010,1010,0,0,0,0,0.26591,56,-0.00927424,-0.0141917,56,-0.000954726,0.0148751,56,-0.0129865,-0.00360042,56,0.000349838,-3.32212e-05,56,-0.0090237,-0.00602057,56,-0.000197466,-0.00521441,56,-0.0109703,0.00626441,56,-0.00313685,-0.00337072,52,-0.0186407,0.00728704
5264835294897,5264816293000,5264816293000,5264835282878,73729,18.9899,5264849200613,32.9076,0,20122,84874,0,0,1,0,0,0.008021,500,500,469,0.938,2.65232,5.06848,0.688375,0.288817,-0.00927734,0.0117798,-4.26183e-05,3.08362e-05,-0.0127187,-0.00379198,1,0.00384443,0.00531334,-0.00531334,0.00384443,1,1,-0.00495322,0.00387893,-0.000360121,-3.44925e-05,0,0,0,0,0,0,0,0,0,0,0,0,0,0,0,0,0,0,0,0,0,0,0,255,0.21,6.82696,0.21,-0.000545716,0.00274394,1,1,1,1,0,1,1,0.0852384,-3.29566,-0.0741202,-0.00253154,0.00280531,-0.166686,14.4786,20897,1,367,211.369,5224,0,0.000884653,0.059573,0.0290701,0,0,0,1,469,0.215,-3.60671e-05,2.61264e-05,5.61717e-06,7.75443e-06,6.85833e-06,6.67923e-06,0.422659,0.0259278,-0.000390593,0.0327676,-0.171987,0.000750414,-0.000148318,0.00183915,27.7594,0,0,0,0,0,0,-1,1,-9.04606e-07,-3.41778e-06,-0.171982,0,14.7404,1,1010,1010,1010,1010,0,0,0,0,14.7446,55,0.000818592,0.00625882,56,-0.0129629,0.0115793,26,0.00359758,-0.000323384,56,-0.00341102,0.00140213,56,-0.000378592,-0.0013745,56,-0.00907376,0.00452274,56,0.000238607,-0.00387165,56,-0.00951914,0.00619664,52,-0.00882184,0.0122803
5264849739932,5264836292000,5264836292000,5264849733858,73729,13.4419,5264863522332,27.2303,1,20123,84875,0,0,1,0,0,0.019999,500,500,499,0.998,2.70348,4.66029,0.669635,0.316132,0.000183105,-0.0151062,-9.68967e-06,-1.36596e-05,-0.00757186,-0.00148739,1,-0.000683013,0.000484508,-0.000484508,-0.000683013,1,1,3.71006e-06,-0.000388712,-0.000488218,-0.000294301,0,0,0,0,0,0,0,0,0,0,0,0,0,0,0,0,0,0,0,0,0,0,0,255,0.21,1.10084,0.21,-6.53694e-05,-0.00114163,1,1,1,1,0,1,1,0.0852384,-3.29566,-0.0741202,-0.00253154,0.00280531,-0.166686,28.7856,20897,1,367,14.2494,5225,0,0.000884653,0.0615743,0.0283042,0,0,0,1,499,0.215,-8.17769e-06,-1.16166e-05,-2.49758e-06,1.7582e-06,-2.1586e-06,2.15941e-06,0.422657,0.0259299,-0.0003618,0.0327369,-0.171956,0.00148412,-0.00126549,0.00286677,14.0118,2,0,0,0,0,0,-1,1,-9.04606e-07,-3.41778e-06,-0.171982,0,29.0606,1,1010,1010,1010,1010,0,0,0,0,29.0648,56,-0.00779661,-0.0028816,55,-0.000988321,0.0051408,56,-0.0014263,-0.00109927,56,0.00292971,-0.00556615,56,-0.00199041,0.00185973,56,-0.00308339,0.000467245,56,-0.000184498,-0.00197827,56,-0.00180264,1.00752e-05,52,0.00765646,-0.000685739
5264864085911,5264848268000,5264848268000,5264864077151,73729,15.8092,5264879429397,31.1614,0,20123,84876,0,0,1,0,0,0.011976,500,500,499,0.998,2.63957,5.37567,0.592856,0.30465,0.00915527,0.0045929,4.59344e-05,-1.80964e-07,0.0140353,0.00523242,1,-1.51106e-05,-0.00383554,0.00383554,-1.51106e-05,1,1,0.00423001,-5.48536e-05,-0.000394477,3.97431e-05,0,0,0,0,0,0,0,0,0,0,0,0,0,0,0,0,0,0,0,0,0,0,0,255,0.21,5.29532,0.21,-0.000896574,0.00188785,1,1,1,1,0,1,1,0.0852384,-3.29566,-0.0741202,-0.00253154,0.00280531,-0.166686,44.6951,20897,1,367,30.1594,5225,0,0.000884653,0.0615743,0.0283042,0,0,0,1,499,0.215,3.88746e-05,-1.69153e-07,-3.63679e-08,-8.35805e-06,-1.46592e-06,-8.22857e-06,0.422656,0.0259217,-0.000360142,0.0327471,-0.171964,0.00110042,0.000170895,0.00223733,15.6272,2,0,0,0,0,0,-1,1,-9.04606e-07,-3.41778e-06,-0.171982,0,44.9627,1,1010,1010,1010,1010,0,0,0,0,44.9668,56,-0.00096652,-0.00241929,56,0.017111,0.000591842,56,0.00446226,-0.000490186,56,0.00317157,0.00471215,56,0.00594334,-0.00202917,55,0.00496018,-0.00225885,56,0.00425922,0.00667551,56,0.00529329,-6.00778e-05,52,-0.00559943,-0.00544139
5264879960123,5264868268000,5264868268000,5264879954883,73729,11.6869,5264896048245,27.7802,1,20124,84877,0,0,1,0,0,0.02,500,500,498,0.996,2.65948,5.05926,0.703117,0.315187,-0.0206833,0.0076828,-3.14991e-05,2.12838e-06,0.00010232,0.0019445,1,0.000106419,0.00157495,-0.00157495,0.000106419,1,1,-0.00178617,-1.22693e-05,0.000211214,0.000118688,0,0,0,0,0,0,0,0,0,0,0,0,0,0,0,0,0,0,0,0,0,0,0,255,0.21,0.886025,0.21,-0.0030778,0.00148457,1,1,1,1,1,1,1,0.0851523,-3.2958,-0.0759311,-0.00295306,0.00331839,-0.166228,4.8832,20898,1,367,46.7668,5225,0,0.000884653,0.0615743,0.0283042,0,0,0,1,498,0.215,-2.67079e-05,1.85532e-06,3.98893e-07,5.7422e-06,1.37595e-06,5.58914e-06,0.422657,0.0259273,-0.000376236,0.0327379,-0.172077,-0.000248402,0.000510359,-0.000925297,4.58816,3,0,0,0,0,0,-1,1,-9.04606e-07,-3.41778e-06,-0.172034,0,5.15382,1,1010,1010,1010,1010,0,0,0,0,5.15908,55,-0.00144511,-0.00135469,55,-0.00296327,-0.00194436,56,-0.0051565,0.000404055,56,-0.00132868,-0.0010358,56,0.000275555,0.00171235,56,-0.00270545,-0.00283971,56,-0.0014055,0.00197901,56,-0.0045514,0.00251732,52,0.00598001,0.00241185
5264896599027,5264888264000,5264888264000,5264896594305,73729,8.3303,5264910415446,22.1514,1,20125,84878,0,0,1,0,0,0.019996,500,500,499,0.998,2.66243,4.9927,0.587079,0.313854,-0.00535583,0.0134888,-7.67977e-06,-1.05128e-05,0.00559775,0.00213853,1,-0.000525747,0.000384065,-0.000384065,-0.000525747,1,1,-0.00106468,-0.000469964,0.00068061,-5.57835e-05,0,0,0,0,0,0,0,0,0,0,0,0,0,0,0,0,0,0,0,0,0,0,0,255,0.21,7.3528,0.21,-0.000939029,-0.000488079,1,1,1,1,0,1,1,0.0851523,-3.2958,-0.0759311,-0.00295306,0.00331839,-0.166228,19.2554,20898,1,367,61.139,5225,0,0.000884653,0.0615743,0.0283042,0,0,0,1,499,0.215,-6.60284e-06,-8.92138e-06,-1.9181e-06,1.41961e-06,-1.64569e-06,1.72691e-06,0.422656,0.025929,-0.000376236,0.0327379,-0.172077,-0.000274695,-0.000239869,-0.00256106,18.9576,0,0,0,0,0,0,-1,1,-9.04606e-07,-3.41778e-06,-0.172034,0,19.5262,1,1010,1010,1010,1010,0,0,0,0,19.5314,56,-0.00367944,0.00170612,55,0.00318785,0.00355814,56,0.00176233,0.00171434,56,-0.00354284,5.76213e-05,56,-0.0013984,0.00242598,56,-7.44335e-05,0.00203162,56,0.00423143,0.000381614,56,0.00306671,-0.000786455,52,-0.00280202,-0.00528969
5264910935469,5264896287000,5264896287000,5264910927339,73729,14.6403,5264923808881,27.5219,0,20125,84879,0,0,1,0,0,0.008023,500,500,500,1,2.68843,4.59865,0.678228,0.343132,0.0091095,-0.00747681,-5.6549e-07,-9.48682e-06,0.0105464,0.00332688,1,-0.00118245,7.04836e-05,-7.04836e-05,-0.00118245,1,1,-0.00103341,-0.000878094,0.000962923,-0.000304359,0,0,0,0,0,0,0,0,0,0,0,0,0,0,0,0,0,0,0,0,0,0,0,255,0.21,1.38955,0.21,-0.000207765,-0.00172652,1,1,1,1,0,1,1,0.0851523,-3.2958,-0.0759311,-0.00295306,0.00331839,-0.166228,32.6506,20898,1,367,74.5344,5225,0,0.000884653,0.0615743,0.0283042,0,0,0,1,500,0.215,-4.79092e-07,-8.0615e-06,-1.73322e-06,1.03005e-07,-1.68905e-06,3.98193e-07,0.422654,0.0259294,-0.000378944,0.0327109,-0.17213,-0.000163324,-0.00130875,-0.00344312,13.1442,1,0,0,0,0,0,-1,1,-9.04606e-07,-3.41778e-06,-0.172034,0,32.9469,1,1010,1010,1010,1010,0,0,0,0,32.9521,56,0.00313973,-0.0040385,56,-0.00100166,-0.0151688,56,0.00647772,-0.00375924,56,0.0079392,0.00651436,56,0.00344566,-0.00163511,56,-0.00373522,-0.00059607,56,0.00727949,-0.00276954,56,-0.00317942,-0.00657953,52,-0.00602693,0.01337
5264924358681,5264916288000,5264916288000,5264924354514,73729,8.06651,5264938810513,22.5225,1,20126,84880,0,0,1,0,0,0.020001,500,500,499,0.998,2.62721,5.3088,0.669727,0.307613,0.0325928,-0.0656128,3.63785e-05,-0.00012212,-0.0012802,0.00451578,1,-0.00610568,-0.00181884,0.00181884,-0.00610568,1,1,0.000794174,-0.00591791,0.00102466,-0.000187768,0,0,0,0,0,0,0,0,0,0,0,0,0,0,0,0,0,0,0,0,0,0,0,255,0.21,4.65994,0.21,0.00265094,-0.00428803,1,1,1,1,0,1,1,0.0850661,-3.2959,-0.0764027,-0.00169471,0.00341183,-0.166531,2.24291,20899,1,367,89.5281,5225,0,0.000884653,0.0615743,0.0283042,0,0,0,1,499,0.215,3.08227e-05,-0.00010352,-2.22569e-05,-6.62687e-06,-2.30515e-05,-2.71629e-06,0.422631,0.0259267,-0.000356968,0.032692,-0.172239,0.000696227,-0.000807401,-0.00296785,2.01603,3,0,0,0,0,0,-1,1,-9.04606e-07,-3.41778e-06,-0.172247,0,2.50993,1,1010,1010,1010,1010,0,0,0,0,2.51378,56,-0.00264174,-0.00632531,55,-0.00307986,-0.00197461,56,0.000292757,-0.0034133,56,-0.000273632,-0.0104907,56,0.00511407,-0.0121086,56,0.00576148,-0.00453064,56,0.00392749,-0.00710015,56,0.0063144,-0.00777955,52,0.00492186,-0.0069022
5264939314627,5264928269000,5264928269000,5264939305868,73729,11.0369,5264955360156,27.0912,0,20126,84881,0,0,1,0,0,0.011981,500,500,500,1,2.7295,5.63539,0.645265,0.312076,-0.0019989,0.00430298,2.79443e-05,2.33684e-05,0.00749723,-0.00707594,1,0.00195046,-0.00233238,0.00233238,0.00195046,1,1,0.0014728,0.00189449,0.000859586,5.59654e-05,0,0,0,0,0,0,0,0,0,0,0,0,0,0,0,0,0,0,0,0,0,0,0,255,0.21,-0.667154,0.21,0.00108325,0.00261265,1,1,1,1,1,1,1,0.0850661,-3.2959,-0.0764027,-0.00169471,0.00341183,-0.166531,18.8015,20899,1,367,106.087,5225,0,0.000884653,0.0615743,0.0283042,0,0,0,1,500,0.215,2.37463e-05,1.98282e-05,4.26307e-06,-5.10545e-06,3.32279e-06,-5.76017e-06,0.422634,0.0259209,-0.000356968,0.032692,-0.172239,0.00131273,0.000240651,-0.00190679,18.5646,0,0,0,0,0,0,-1,1,-9.04606e-07,-3.41778e-06,-0.172247,0,19.0729,1,1010,1010,1010,1010,0,0,0,0,19.0768,56,0.0146505,-0.00205953,56,-0.00191104,0.00223098,56,0.000721921,-0.0090235,56,0.00257327,0.00581575,56,-0.00336041,0.00587109,56,-0.00199639,-0.00631188,56,-9.40228e-05,0.00431649,56,0.00292669,0.00982435,52,-0.00111123,-0.000352432
5264955926864,5264936288000,5264936288000,5264955914086,73729,19.6261,5264968998111,32.7101,0,20126,84882,0,0,1,0,0,0.008019,500,500,500,1,2.63911,5.00069,0.588449,0.318798,-0.0257568,0.0241928,-6.69101e-05,5.50745e-05,-0.0131754,-0.0101708,1,0.006868,0.00834395,-0.00834395,0.006868,1,1,-0.0075943,0.00647983,-0.000749643,0.00038817,0,0,0,0,0,0,0,0,0,0,0,0,0,0,0,0,0,0,0,0,0,0,0,255,0.21,5.71665,0.21,-0.00563038,0.00621234,1,1,1,1,0,1,1,0.0850661,-3.2959,-0.0764027,-0.00169471,0.00341183,-0.166531,32.4581,20899,1,367,119.743,5225,0,0.000884653,0.0615743,0.0283042,0,0,0,1,500,0.215,-5.67341e-05,4.66642e-05,1.00328e-05,1.21978e-05,1.19688e-05,1.02995e-05,0.422646,0.0259312,-0.000370465,0.0327151,-0.172176,2.78855e-05,0.00166913,0.00260108,13.3489,2,0,0,0,0,0,-1,1,-9.04606e-07,-3.41778e-06,-0.172247,0,32.7373,1,1010,1010,1010,1010,0,0,0,0,32.7411,56,-0.0171552,-0.00126705,56,-0.0254735,-0.00102742,56,-0.00455779,0.0156016,56,-0.00978322,0.00708372,56,-0.00616007,0.00562001,56,-0.00331261,0.0106546,56,-0.00479038,0.00326144,56,-0.000804057,0.00806419,52,-0.0159095,0.00826602
5264969562449,5264956282000,5264956282000,5264969557208,73729,13.2752,5264983420665,27.1387,1,20127,84883,0,0,1,0,0,0.019994,500,500,484,0.968,2.69998,4.71072,0.58543,0.30604,-0.0175018,0.0535278,-5.56064e-05,9.52982e-05,-0.00120376,0.00904525,1,0.00476634,0.00278116,-0.00278116,0.00476634,1,1,-0.000970452,0.00470869,-0.0018107,5.76453e-05,0,0,0,0,0,0,0,0,0,0,0,0,0,0,0,0,0,0,0,0,0,0,0,255,0.21,9.21351,0.21,-0.00285201,0.00370839,1,1,1,1,0,1,1,0.0850661,-3.2959,-0.0764027,-0.00169471,0.00341183,-0.166531,46.8618,20899,1,367,134.147,5225,0,0.000884653,0.0615743,0.0283042,0,0,0,1,484,0.215,-4.71896e-05,8.06587e-05,1.73416e-05,1.01458e-05,1.8814e-05,7.02694e-06,0.422665,0.0259383,-0.000367485,0.0327014,-0.172141,-0.0004837,0.000247875,0.00584186,14.1512,1,0,0,0,0,0,-1,1,-9.04606e-07,-3.41778e-06,-0.172247,0,47.1306,1,1010,1010,1010,1010,0,0,0,0,0.223205,56,-0.00519959,0.00517213,53,0.00996816,0.0118303,45,0.00118357,0.00334742,56,-0.00422019,0.00384776,56,-0.000965997,0.00156686,54,-0.00560913,0.00544577,56,0.000105391,0.00448341,56,-0.00516534,0.00264368,52,-0.00349112,0.00225373
5264983937705,5264968258000,5264968258000,5264983928779,73729,15.6708,5264999077190,30.8192,0,20127,84884,0,0,1,0,0,0.011976,500,500,462,0.924,2.66043,5.03691,0.777061,0.294151,-0.00548553,-0.0125885,4.57034e-05,1.67091e-05,0.0103503,-0.0162839,1,0.00139521,-0.00381625,0.00381625,0.00139521,1,1,0.00510565,0.00162727,-0.0012894,-0.000232061,0,0,0,0,0,0,0,0,0,0,0,0,0,0,0,0,0,0,0,0,0,0,0,255,0.21,3.35364,0.21,-0.000222944,-0.00322806,1,1,1,1,0,1,1,0.0850661,-3.2959,-0.0764027,-0.00169471,0.00341183,-0.166531,62.5231,20899,1,367,149.809,5225,0,0.000884653,0.0615743,0.0283042,0,0,0,1,462,0.215,3.86871e-05,1.41726e-05,3.04711e-06,-8.31772e-06,1.57585e-06,-8.71646e-06,0.422667,0.0259296,-0.000359409,0.0326878,-0.172136,0.000515037,-0.000997863,0.00484757,15.4215,1,0,0,0,0,0,-1,1,-9.04606e-07,-3.41778e-06,-0.172175,0,0.242947,1,1010,1010,1010,1010,0,0,0,0,15.8756,56,0.00699523,-0.00230661,56,0.0188671,0.00179382,56,-0.000855881,-0.0092985,56,-0.00164734,0.00749511,56,-0.000813239,0.00264362,53,-0.00279864,-0.00472091,56,-0.00278004,0.00366388,55,-0.00492067,0.00215802,18,-0.00360612,-0.00896805
5264999602676,5264988260000,5264988260000,5264999597231,73729,11.3372,5265013348983,25.089,1,20128,84885,0,0,1,0,0,0.020002,500,500,492,0.984,2.68852,4.6457,0.637987,0.311021,0.0445251,-0.0232773,0.0001169,-3.06982e-05,0.00106441,-0.00398808,1,-0.00153476,-0.00584444,0.00584444,-0.00153476,1,1,0.00535849,-0.00142005,0.00048595,-0.000114707,0,0,0,0,0,0,0,0,0,0,0,0,0,0,0,0,0,0,0,0,0,0,0,255,0.21,8.65992,0.21,0.00354699,-0.00120614,1,1,1,1,1,1,1,0.0850051,-3.29599,-0.0769967,-0.00303107,0.00284828,-0.166442,14.2506,20900,1,367,164.075,5225,0,0.000884653,0.0615743,0.0283042,0,0,0,1,492,0.215,9.9158e-05,-2.59533e-05,-5.57996e-06,-2.1319e-05,-9.14807e-06,-2.00477e-05,0.422657,0.0259095,-0.000327893,0.0326759,-0.172239,0.00150634,-0.000493241,-0.000466598,13.9715,2,0,0,0,0,0,-1,1,-9.04606e-07,-3.41778e-06,-0.172175,0,14.5194,1,1010,1010,1010,1010,0,0,0,0,30.1521,56,0.00578485,0.00212095,56,0.0110761,-0.0012372,48,0.00850174,-0.00276944,56,0.00770385,-0.000122199,56,0.00230177,-0.000308349,56,0.00296372,-0.00634255,56,-0.00112731,-0.00273234,56,0.00593577,-0.00308168,52,0.00238635,-0.00108612
5265013921654,5265008264000,5265008264000,5265013917228,73729,5.65323,5265027993927,19.7299,1,20129,84886,0,0,1,0,0,0.020004,500,500,500,1,2.65952,4.98613,0.663709,0.315113,0.0569305,4.57764e-05,6.46958e-05,1.65264e-05,-0.000925105,-0.00284273,1,0.000826156,-0.00323414,0.00323414,0.000826156,1,1,0.00154455,0.000635455,0.00168959,0.000190701,0,0,0,0,0,0,0,0,0,0,0,0,0,0,0,0,0,0,0,0,0,0,0,255,0.21,2.87565,0.21,0.00220852,0.000650775,1,1,1,1,0,1,1,0.0850051,-3.29599,-0.0769967,-0.00303107,0.00284828,-0.166442,28.9038,20900,1,367,178.728,5225,0,0.000884653,0.0615743,0.0283042,0,0,0,1,500,0.215,5.49013e-05,1.39538e-05,3.00007e-06,-1.18038e-05,9.29963e-07,-1.21431e-05,0.422658,0.0258974,-0.000299253,0.0326741,-0.172339,0.00175832,0.000820015,-0.00440554,14.3617,2,0,0,0,0,0,-1,1,-9.04606e-07,-3.41778e-06,-0.172175,0,29.1784,1,1010,1010,1010,1010,0,0,0,0,44.8111,56,0.00166418,-0.00308379,56,-0.0130469,0.00328866,56,0.00640377,0.00130177,56,0.00290939,-0.000125576,56,0.00826914,-0.00310519,56,0.00780813,0.00661228,56,0.00706858,0.000223962,56,0.00549166,5.08731e-05,52,0.00760793,0.000218317
5265028519246,5265016284000,5265016284000,5265028510431,73729,12.2264,5265042165349,25.8813,0,20129,84887,0,0,1,0,0,0.00802,500,500,500,1,2.67509,5.53632,0.661135,0.311262,-0.0157013,-0.0167923,-1.96528e-05,-1.83819e-05,0.00180006,-0.00321489,1,-0.00229201,0.00245048,-0.00245048,-0.00229201,1,1,-0.0030191,-0.00205518,0.000568621,-0.000236824,0,0,0,0,0,0,0,0,0,0,0,0,0,0,0,0,0,0,0,0,0,0,0,255,0.21,6.12207,0.21,-0.00387094,-0.00376011,1,1,1,1,0,1,1,0.0849249,-3.29607,-0.0777863,-0.00201259,0.00383085,-0.165598,4.77465,20901,1,367,192.885,5225,0,0.000884653,0.0615743,0.0283042,0,0,0,1,500,0.215,-1.6701e-05,-1.56085e-05,-3.35584e-06,3.5907e-06,-2.68847e-06,4.11281e-06,0.422656,0.0259015,-0.000308447,0.0326338,-0.172381,0.000381614,-0.00101835,-0.00165076,4.53992,2,0,0,0,0,0,-1,1,-9.04606e-07,-3.41778e-06,-0.172388,0,5.05402,1,1010,1010,1010,1010,0,0,0,0,5.05872,56,-0.0102602,-0.00778016,56,0.0204529,0.0175366,56,-0.0061505,-0.0104087,56,0.000519286,-0.0105832,56,-0.0134082,-0.00210164,56,-0.000166299,-0.00688225,56,-0.00744838,8.0962e-05,56,0.00600879,0.000172803,52,-0.0109191,-3.94917e-05
5265042676242,5265028257000,5265028257000,5265042667223,73729,14.4102,5265056488402,28.2314,0,20129,84888,0,0,1,0,0,0.011973,500,500,500,1,2.65156,4.61426,0.664931,0.317391,-0.0200806,-0.00724792,-9.15164e-07,-2.55475e-05,0.0111715,0.00549428,1,-0.00213376,7.64357e-05,-7.64357e-05,-0.00213376,1,1,-3.31268e-05,-0.00198592,-4.33089e-05,-0.000147839,0,0,0,0,0,0,0,0,0,0,0,0,0,0,0,0,0,0,0,0,0,0,0,255,0.21,1.19051,0.21,-0.00289702,-0.00131863,1,1,1,1,0,1,1,0.0849249,-3.29607,-0.0777863,-0.00201259,0.00383085,-0.165598,19.1055,20901,1,367,14.3231,5226,0,0.000884653,0.063218,0.0282623,0,0,0,1,500,0.215,-8.93521e-07,-2.16607e-05,-4.65705e-06,1.92107e-07,-4.55262e-06,9.87694e-07,0.422651,0.0259025,-0.000306729,0.0326395,-0.17239,-2.26614e-06,-0.000635708,0.00014717,14.0774,1,0,0,0,0,0,-1,1,-9.04606e-07,-3.41778e-06,-0.172388,0,19.3785,1,1010,1010,1010,1010,0,0,0,0,19.3832,56,-0.00688512,-0.00859981,56,0.0222239,-0.00236188,56,-0.0083153,-0.00174616,56,-0.00208652,-0.00178279,56,-0.00134764,0.00151343,56,-0.00461126,-0.00150727,56,0.00466981,-0.00182501,56,-0.00412103,0.00186329,52,-0.00159813,-0.00523863
5265057008202,5265044287000,5265044287000,5265057003017,73729,12.716,5265072564357,28.2774,1,20130,84889,0,0,1,0,0,0.01603,500,500,487,0.974,2.65937,5.026,0.584837,0.305984,-0.0589905,0.028183,-0.00017489,3.2399e-05,-0.0147518,0.00275198,1,0.00202115,0.0109102,-0.0109102,0.00202115,1,1,-0.010914,0.0017888,3.79386e-06,0.00023235,0,0,0,0,0,0,0,0,0,0,0,0,0,0,0,0,0,0,0,0,0,0,0,255,0.21,5.35037,0.21,-0.00690426,0.00288016,1,1,1,1,1,1,1,0.0849249,-3.29607,-0.0777863,-0.00201259,0.00383085,-0.165598,35.1768,20901,1,367,30.3944,5226,0,0.000884653,0.063218,0.0282623,0,0,0,1,487,0.215,-0.000148304,2.73985e-05,5.89068e-06,3.18853e-05,1.12701e-05,3.04025e-05,0.422662,0.0259329,-0.000316624,0.0326566,-0.172411,-4.76681e-05,0.000999104,-5.11854e-05,15.7946,1,0,0,0,0,0,-1,1,-9.04606e-07,-3.41778e-06,-0.172388,0,35.4423,1,1010,1010,1010,1010,0,0,0,0,35.447,55,-0.0116683,0.0051493,55,-0.00497862,0.00283228,45,-0.00921286,0.00746238,56,-0.00654834,-0.000397294,56,-0.00773159,-0.000702747,56,-0.00926535,0.00584248,56,-0.00697254,0.0040779,56,-0.0091016,0.000745892,52,-0.0126636,0.00140309
5265073107731,5265064315000,5265064315000,5265073103250,73729,8.78825,5265087565674,23.2507,1,20131,84890,0,0,1,0,0,0.020028,500,500,500,1,2.66809,4.64681,0.687875,0.311132,-0.00244141,0.0565338,-8.58171e-07,9.85092e-05,-0.00102838,0.00542154,1,0.00491857,4.28485e-05,-4.28485e-05,0.00491857,1,1,5.84975e-05,0.00466736,-0.000101346,0.00025121,0,0,0,0,0,0,0,0,0,0,0,0,0,0,0,0,0,0,0,0,0,0,0,255,0.21,1.15369,0.21,1.73914e-05,0.00458043,1,1,1,1,0,1,1,0.08485,-3.29619,-0.0793168,-0.00331443,0.00260268,-0.165978,0.42067,20902,1,367,45.3865,5226,0,0.000884653,0.063218,0.0282623,0,0,0,1,500,0.215,-6.98331e-07,8.34897e-05,1.79503e-05,1.50141e-07,1.77004e-05,-2.93027e-06,0.42268,0.0259299,-0.000281848,0.0326521,-0.172428,0.000817159,0.0010802,0.00100236,0.190983,3,0,0,0,0,0,-1,1,-9.04606e-07,-3.41778e-06,-0.172435,0,0.689283,1,1010,1010,1010,1010,0,0,0,0,0.692968,56,-0.000330696,0.00535755,56,-0.00203158,0.00240187,56,0.00189326,0.004792,56,-0.00485287,0.00345611,56,-0.00228023,0.0021017,56,-0.000952787,0.00546762,56,0.00224077,0.0048618,56,-0.00146718,0.00723683,52,0.00239013,0.00607255
5265088080252,5265076280000,5265076280000,5265088068937,73729,11.7889,5265102112561,25.8326,0,20131,84891,0,0,1,0,0,0.011965,500,500,500,1,2.64593,4.90876,0.585264,0.318947,0.0243988,-0.0142212,2.99246e-05,-3.47747e-05,0.00884127,-0.000383982,1,-0.00290637,-0.00250101,0.00250101,-0.00290637,1,1,0.002584,-0.00284881,-8.2988e-05,-5.75581e-05,0,0,0,0,0,0,0,0,0,0,0,0,0,0,0,0,0,0,0,0,0,0,0,255,0.21,5.9911,0.21,0.00221204,-0.00366757,1,1,1,1,0,1,1,0.08485,-3.29619,-0.0793168,-0.00331443,0.00260268,-0.165978,14.9789,20902,1,367,59.9447,5226,0,0.000884653,0.063218,0.0282623,0,0,0,1,500,0.215,2.53198e-05,-2.95136e-05,-6.34542e-06,-5.44377e-06,-7.18196e-06,-4.27491e-06,0.422673,0.0259257,-0.000281848,0.0326521,-0.172428,0.0018693,-0.0002475,0.00178092,14.7344,0,0,0,0,0,0,-1,1,-9.04606e-07,-3.41778e-06,-0.172435,0,15.2493,1,1010,1010,1010,1010,0,0,0,0,15.253,56,0.00233305,-0.00577533,56,0.00387107,-0.0138989,56,0.00703142,-0.000491558,56,0.0135556,0.00426254,56,0.00717077,-0.00935997,56,0.00577108,0.000614678,56,0.0057478,0.000868449,56,0.00480065,-0.00522193,52,-0.0125562,-0.00287261
5265102626676,5265084299000,5265084299000,5265102615213,73729,18.3162,5265115085974,30.787,0,20131,84892,0,0,1,0,0,0.008019,500,500,456,0.912,2.65198,4.62139,0.656839,0.299632,0.0282593,-0.0383377,1.83711e-05,-7.77273e-05,-0.0192758,0.00513739,1,-0.00969289,-0.00229095,0.00229095,-0.00969289,1,1,0.00221079,-0.00916923,8.01572e-05,-0.000523662,0,0,0,0,0,0,0,0,0,0,0,0,0,0,0,0,0,0,0,0,0,0,0,255,0.21,0.22689,0.21,0.00386558,-0.00932659,1,1,1,1,0,1,1,0.08485,-3.29619,-0.0793168,-0.00331443,0.00260268,-0.165978,27.9527,20902,1,367,72.9187,5226,0,0.000884653,0.063218,0.0282623,0,0,0,1,456,0.215,1.55943e-05,-6.5861e-05,-1.41601e-05,-3.35277e-06,-1.4518e-05,-8.74469e-07,0.422658,0.0259248,-0.000258964,0.0325982,-0.172453,0.00196965,-0.00225175,0.00129998,12.7086,2,0,0,0,0,0,-1,1,-9.04606e-07,-3.41778e-06,-0.172435,0,28.2126,1,1010,1010,1010,1010,0,0,0,0,28.2163,55,0.00431488,-0.00751971,54,-0.00281078,-0.0109485,56,-0.00831318,-0.00263247,51,-0.00370814,-0.0152868,56,0.0114731,-0.00624667,56,-0.00429055,-0.00639393,20,0.0113331,-0.0192959,56,0.00375094,-7.98643e-05,52,0.0130893,-0.0201808
5265115600700,5265104299000,5265104299000,5265115595404,73729,11.2964,5265129908086,25.6091,1,20132,84893,0,0,1,0,0,0.02,500,500,500,1,2.64217,4.97341,0.591301,0.316521,0.0270844,-0.0356369,6.90614e-05,-5.61148e-05,0.0020057,0.000379846,1,-0.00280574,-0.00345307,0.00345307,-0.00280574,1,1,0.00303514,-0.00259535,0.000417927,-0.000210389,0,0,0,0,0,0,0,0,0,0,0,0,0,0,0,0,0,0,0,0,0,0,0,255,0.21,3.02371,0.21,0.000168642,-0.00210716,1,1,1,1,1,1,1,0.08485,-3.29619,-0.0793168,-0.00331443,0.00260268,-0.165978,42.7851,20902,1,367,87.7509,5226,0,0.000884653,0.063218,0.0282623,0,0,0,1,500,0.215,5.85839e-05,-4.75593e-05,-1.02253e-05,-1.25955e-05,-1.22298e-05,-1.06547e-05,0.422646,0.0259141,-0.00024318,0.0326021,-0.172479,0.00118205,-0.000904674,-0.000492025,14.5474,1,0,0,0,0,0,-1,1,-9.04606e-07,-3.41778e-06,-0.172435,0,43.0618,1,1010,1010,1010,1010,0,0,0,0,43.0655,56,0.00835471,-0.00480101,56,0.00846103,0.00575007,56,0.00696048,-0.00608827,56,-0.00190485,-0.00385612,56,0.00206293,-0.00080706,56,0.00306676,-0.00778922,56,0.00059642,-0.00222382,56,0.00258913,-0.00110852,52,-0.00167031,-0.00235195
5265130503832,5265116278000,5265116278000,5265130490739,73729,14.2127,5265145316518,29.0385,0,20132,84894,0,0,1,0,0,0.011979,500,500,459,0.918,2.67826,4.99322,0.586301,0.287391,-0.00454712,0.0401306,-4.26522e-05,2.41167e-05,-0.00378521,0.00891748,1,0.00201325,0.00356058,-0.00356058,0.00201325,1,1,-0.00384587,0.00171988,0.000285285,0.000293361,0,0,0,0,0,0,0,0,0,0,0,0,0,0,0,0,0,0,0,0,0,0,0,255,0.21,7.76693,0.21,-0.00354608,0.00609068,1,1,1,1,0,1,1,0.0847836,-3.29622,-0.0794903,-0.00244328,0.00396015,-0.16549,7.58758,20903,1,367,103.149,5226,0,0.000884653,0.063218,0.0282623,0,0,0,1,459,0.215,-3.61228e-05,2.04478e-05,4.39628e-06,7.7664e-06,5.6619e-06,6.89681e-06,0.422652,0.025921,-0.00025354,0.0326167,-0.172524,0.000190175,0.00126145,-0.000829239,7.3592,2,0,0,0,0,0,-1,1,-9.04606e-07,-3.41778e-06,-0.172529,0,7.85563,1,1010,1010,1010,1010,0,0,0,0,7.86208,56,-0.00312056,0.00200949,56,0.00174976,-0.00383354,23,0.00758726,0.0014038,56,0.00125423,0.00595185,56,-0.00508193,0.00204083,52,0.00264035,0.00675262,56,0.00145994,0.00452707,56,-0.00830221,0.0056721,48,-0.00503687,0.00474286
5265145833836,5265136281000,5265136281000,5265145828096,73729,9.5471,5265160193908,23.9129,1,20133,84895,0,0,1,0,0,0.020003,500,500,500,1,2.66839,5.04613,0.647653,0.312169,-0.0700684,0.036026,-8.63693e-05,7.82872e-05,0.00124995,-0.00552536,1,0.00391377,0.00431782,-0.00431782,0.00391377,1,1,-0.00457616,0.00381808,0.00025834,9.5689e-05,0,0,0,0,0,0,0,0,0,0,0,0,0,0,0,0,0,0,0,0,0,0,0,255,0.21,2.84984,0.21,-0.00590012,0.00276258,1,1,1,1,0,1,1,0.0847836,-3.29622,-0.0794903,-0.00244328,0.00396015,-0.16549,22.4826,20903,1,367,118.045,5226,0,0.000884653,0.063218,0.0282623,0,0,0,1,500,0.215,-7.33156e-05,6.63655e-05,1.42686e-05,1.57628e-05,1.67555e-05,1.30803e-05,0.422669,0.0259341,-0.000251681,0.0326011,-0.172546,-0.000170408,0.000411463,-0.00102502,14.6163,1,0,0,0,0,0,-1,1,-9.04606e-07,-3.41778e-06,-0.172529,0,22.7565,1,1010,1010,1010,1010,0,0,0,0,22.7629,56,-0.0074014,0.00419987,56,-0.00809737,0.0092991,56,-0.0110853,0.00344229,56,-0.00902613,0.00429046,56,-0.00407815,0.00410296,56,-0.00523308,0.00512046,56,-0.00888806,0.00391076,56,-0.00328909,0.00219222,52,-0.00284297,0.00357283
5265160732986,5265144292000,5265144292000,5265160723986,73729,16.432,5265173267210,28.9752,0,20133,84896,0,0,1,0,0,0.008011,500,500,499,0.998,2.68887,4.60022,0.621912,0.307021,-0.0204468,-0.0280151,-4.58842e-05,-7.05948e-05,0.00237364,0.0018276,1,-0.00881223,0.00572765,-0.00572765,-0.00881223,1,1,-0.00634083,-0.00861724,0.000613178,-0.000194994,0,0,0,0,0,0,0,0,0,0,0,0,0,0,0,0,0,0,0,0,0,0,0,255,0.21,6.33675,0.21,-0.00417152,-0.00747868,1,1,1,1,0,1,1,0.0847836,-3.29622,-0.0794903,-0.00244328,0.00396015,-0.16549,35.5375,20903,1,367,131.099,5226,0,0.000884653,0.063218,0.0282623,0,0,0,1,499,0.215,-3.8899e-05,-5.97915e-05,-1.28552e-05,8.36329e-06,-1.12212e-05,1.04456e-05,0.422657,0.0259446,-0.000248354,0.0325849,-0.172594,0.000312579,-0.000838475,-0.00185927,12.7467,1,0,0,0,0,0,-1,1,-9.04606e-07,-3.41778e-06,-0.172529,0,35.8119,1,1010,1010,1010,1010,0,0,0,0,35.8183,56,0.00489248,0.00100599,55,-0.0198943,-0.0261981,56,-0.000843956,-0.00442193,56,-0.0088673,-0.0100455,56,-0.00337047,-0.00307944,56,-0.00687397,-0.0109051,56,0.00223225,-0.0106299,56,-0.00656762,-0.000926699,52,-0.0133807,-0.00377408
5265173789529,5265164296000,5265164296000,5265173784344,73729,9.48834,5265187929728,23.6337,1,20134,84897,0,0,1,0,0,0.020004,500,500,500,1,2.66091,4.94357,0.675764,0.310076,0.0535583,-0.0117645,0.000124351,-2.03256e-05,0.00776594,0.00153774,1,-0.00101607,-0.00621632,0.00621632,-0.00101607,1,1,0.00513629,-0.000921911,0.00108003,-9.41635e-05,0,0,0,0,0,0,0,0,0,0,0,0,0,0,0,0,0,0,0,0,0,0,0,255,0.21,0.328965,0.21,0.00466128,-0.000701053,1,1,1,1,1,1,1,0.0846984,-3.29627,-0.0797534,-0.00245698,0.0032138,-0.16463,0.556356,20904,1,367,145.751,5226,0,0.000884653,0.063218,0.0282623,0,0,0,1,500,0.215,0.000105417,-1.72471e-05,-3.70814e-06,-2.26647e-05,-7.54564e-06,-2.16907e-05,0.42265,0.0259229,-0.000207264,0.0325714,-0.1727,0.00116462,-0.000404903,-0.00278361,0.331355,3,0,0,0,0,0,-1,1,-9.04606e-07,-3.41778e-06,-0.172704,0,0.832043,1,1010,1010,1010,1010,0,0,0,0,0.835729,56,0.00526858,-0.000892947,56,0.00867276,6.48786e-05,56,0.0054585,-0.003694,56,0.00859227,-0.000195948,56,0.00439012,-0.00118326,56,0.0102243,-0.00167022,56,0.00590756,0.00044017,56,0.00606627,-0.000681911,52,-0.000512011,-0.000314611
5265188483622,5265176269000,5265176269000,5265188474918,73729,12.2059,5265205110877,28.8419,0,20134,84898,0,0,1,0,0,0.011973,500,500,499,0.998,2.64321,6.49596,0.586264,0.305669,0.030426,0.0136414,4.35375e-05,2.43541e-05,-0.00249033,0.00640494,1,0.00203408,-0.00363631,0.00363631,0.00203408,1,1,0.00299001,0.00190474,0.000646299,0.000129347,0,0,0,0,0,0,0,0,0,0,0,0,0,0,0,0,0,0,0,0,0,0,0,255,0.21,4.87195,0.21,0.00434158,0.00333215,1,1,1,1,0,1,1,0.0846984,-3.29627,-0.0797534,-0.00245698,0.0032138,-0.16463,17.7495,20904,1,367,162.944,5226,0,0.000884653,0.063218,0.0282623,0,0,0,1,499,0.215,3.69276e-05,2.06007e-05,4.42915e-06,-7.93944e-06,2.99667e-06,-8.58206e-06,0.422653,0.0259143,-0.000207264,0.0325714,-0.1727,0.00167028,0.00055619,-0.000887049,17.5098,0,0,0,0,0,0,-1,1,-9.04606e-07,-3.41778e-06,-0.172704,0,18.025,1,1010,1010,1010,1010,0,0,0,0,18.0287,55,0.000408539,-0.000276262,56,0.0081778,0.00875232,56,0.0072004,-0.00253529,56,0.013074,0.00170268,56,0.0023369,0.00329514,56,0.0016938,-0.00350333,56,0.00556207,-0.00133034,56,0.00366503,0.00367043,52,0.00451352,0.004696
5265205632677,5265196270000,5265196270000,5265205628084,73729,9.35808,5265221052053,24.7821,1,20135,84899,0,0,1,0,0,0.020001,500,500,500,1,2.65721,5.83445,0.673931,0.334465,0.0109711,0.0168762,3.33615e-05,3.05442e-05,-0.000202016,-0.00125778,1,0.00152713,-0.00166799,0.00166799,0.00152713,1,1,0.0027347,0.00136783,-0.00106671,0.000159299,0,0,0,0,0,0,0,0,0,0,0,0,0,0,0,0,0,0,0,0,0,0,0,255,0.21,1.72472,0.21,-0.000413975,0.00129419,1,1,1,1,0,1,1,0.0846984,-3.29627,-0.0797534,-0.00245698,0.0032138,-0.16463,33.6868,20904,1,367,178.881,5226,0,0.000884653,0.063218,0.0282623,0,0,0,1,500,0.215,2.82665e-05,2.58786e-05,5.56389e-06,-6.0773e-06,4.43446e-06,-6.94216e-06,0.422657,0.0259073,-0.000206366,0.0325688,-0.172622,0.00105029,0.000684985,0.00450971,15.6408,2,0,0,0,0,0,-1,1,-9.04606e-07,-3.41778e-06,-0.172704,0,33.9585,1,1010,1010,1010,1010,0,0,0,0,33.9622,56,0.00161487,0.00172728,56,0.00563455,-0.00394925,56,-0.000373897,0.000785538,56,-0.00235749,0.00593869,56,0.00281875,0.000947013,56,0.00163922,0.00070091,56,4.20643e-05,0.00209065,56,-0.00135864,0.00294428,52,0.00112784,0.000269235
5265221570112,5265216279000,5265216279000,5265221565464,73729,5.28646,5265234795416,18.5164,1,20136,84900,0,0,1,0,0,0.020009,500,500,498,0.996,2.67711,4.6397,0.663116,0.309835,-0.0679932,-0.0233765,-0.000119772,-4.86468e-05,-0.00294125,0.0029953,1,-0.00243125,0.00598588,-0.00598588,-0.00243125,1,1,-0.00433625,-0.00235049,-0.00164963,-8.07536e-05,0,0,0,0,0,0,0,0,0,0,0,0,0,0,0,0,0,0,0,0,0,0,0,255,0.21,6.64681,0.21,-0.00647556,-0.00297234,1,1,1,1,0,1,1,0.0846984,-3.29627,-0.0797534,-0.00245698,0.0032138,-0.16463,47.4326,20904,1,367,192.627,5226,0,0.000884653,0.063218,0.0282623,0,0,0,1,498,0.215,-0.000101542,-4.12125e-05,-8.8607e-06,2.18314e-05,-4.97505e-06,2.30281e-05,0.422652,0.0259304,-0.000213902,0.0325615,-0.172604,-0.000558964,-0.00034724,0.00522756,13.4641,1,0,0,0,0,0,-1,1,-9.04606e-07,-3.41778e-06,-0.172704,0,47.7101,1,1010,1010,1010,1010,0,0,0,0,0.230131,56,-0.00454675,-0.00153939,54,-0.00227348,-0.00449704,56,-0.00308981,-0.00221274,56,-0.00740215,-0.00555922,56,-0.00822196,-0.00460572,56,-0.00874457,-0.00335485,56,-0.00329521,-0.00141216,56,-0.0110499,-0.00256245,52,-0.00623549,-0.00138173
5265235381754,5265224292000,5265224292000,5265235372272,73729,11.0803,5265249571380,25.2794,0,20136,84901,0,0,1,0,0,0.008013,500,499,496,0.993988,2.67078,5.04995,0.690598,0.310706,0.0160828,0.00421143,3.32794e-05,2.11499e-05,0.00606671,0.00101035,1,0.00263945,-0.00415318,0.00415318,0.00263945,1,1,0.00402673,0.00269781,0.000126444,-5.83543e-05,0,0,0,0,0,0,0,0,0,0,0,0,0,0,0,0,0,0,0,0,0,0,0,255,0.21,1.0058,0.21,0.00284274,0.00227914,1,1,1,1,1,1,1,0.0846182,-3.29632,-0.0806203,-0.00272131,0.00336587,-0.16445,14.7337,20905,1,367,207.411,5226,0,0.000884653,0.063218,0.0282623,0,0,0,1,496,0.215,2.81774e-05,1.79467e-05,3.85854e-06,-6.05813e-06,2.75814e-06,-6.63073e-06,0.422655,0.0259237,-0.000206199,0.0325522,-0.172697,6.48002e-05,-0.000250923,-0.000383126,10.3894,2,0,0,0,0,0,-1,1,-9.04606e-07,-3.41778e-06,-0.172702,0,10.9086,1,1010,1010,1010,1010,0,0,0,0,15.0072,56,0.0184224,-0.00374015,53,0.019748,0.00760454,56,-0.0123487,-0.00397895,56,-0.00684763,0.000735576,56,-0.000877001,0.00803011,56,0.00787959,0.00678668,56,0.00416631,0.00137919,56,0.0170084,-0.0100251,51,0.021236,0.0136565
